// Validating benchmarks:
// ***** BenchmarkRunner: Start   *****
// ***** Found 38 benchmark(s) in total *****
// ***** Building 1 exe(s) in Parallel: Start   *****
// start dotnet  restore /p:MatrixMode=Benchmark --nodeReuse:false /p:UseSharedCompilation=false /p:Deterministic=true /p:Optimize=true /p:ArtifactsPath="/home/runner/work/dotnet-matrix/dotnet-matrix/src/Matrix.ObjectMapping/bin/Benchmark/Release/net10.0/Matrix.ObjectMapping-Quick-1/" /p:OutDir="/home/runner/work/dotnet-matrix/dotnet-matrix/src/Matrix.ObjectMapping/bin/Benchmark/Release/net10.0/Matrix.ObjectMapping-Quick-1/bin/Release/net10.0/" /p:OutputPath="/home/runner/work/dotnet-matrix/dotnet-matrix/src/Matrix.ObjectMapping/bin/Benchmark/Release/net10.0/Matrix.ObjectMapping-Quick-1/bin/Release/net10.0/" /p:PublishDir="/home/runner/work/dotnet-matrix/dotnet-matrix/src/Matrix.ObjectMapping/bin/Benchmark/Release/net10.0/Matrix.ObjectMapping-Quick-1/publish/" in /home/runner/work/dotnet-matrix/dotnet-matrix/src/Matrix.ObjectMapping/bin/Benchmark/Release/net10.0/Matrix.ObjectMapping-Quick-1
// command took 1.64 sec and exited with 0
// start dotnet  build -c Release /p:MatrixMode=Benchmark --no-restore --nodeReuse:false /p:UseSharedCompilation=false /p:Deterministic=true /p:Optimize=true /p:ArtifactsPath="/home/runner/work/dotnet-matrix/dotnet-matrix/src/Matrix.ObjectMapping/bin/Benchmark/Release/net10.0/Matrix.ObjectMapping-Quick-1/" /p:OutDir="/home/runner/work/dotnet-matrix/dotnet-matrix/src/Matrix.ObjectMapping/bin/Benchmark/Release/net10.0/Matrix.ObjectMapping-Quick-1/bin/Release/net10.0/" /p:OutputPath="/home/runner/work/dotnet-matrix/dotnet-matrix/src/Matrix.ObjectMapping/bin/Benchmark/Release/net10.0/Matrix.ObjectMapping-Quick-1/bin/Release/net10.0/" /p:PublishDir="/home/runner/work/dotnet-matrix/dotnet-matrix/src/Matrix.ObjectMapping/bin/Benchmark/Release/net10.0/Matrix.ObjectMapping-Quick-1/publish/" --output "/home/runner/work/dotnet-matrix/dotnet-matrix/src/Matrix.ObjectMapping/bin/Benchmark/Release/net10.0/Matrix.ObjectMapping-Quick-1/bin/Release/net10.0/" in /home/runner/work/dotnet-matrix/dotnet-matrix/src/Matrix.ObjectMapping/bin/Benchmark/Release/net10.0/Matrix.ObjectMapping-Quick-1
// command took 11.77 sec and exited with 0
// ***** Done, took 00:00:13 (13.52 sec)   *****
// Found 4 benchmarks:
//   Collection.AutoMapper: Quick(MaxRelativeError=0.05, Arguments=/p:MatrixMode=Benchmark, IterationTime=250ms, MaxIterationCount=12, MaxWarmupIterationCount=5, MinIterationCount=8, MinWarmupIterationCount=3)
//   Collection.HandCoded: Quick(MaxRelativeError=0.05, Arguments=/p:MatrixMode=Benchmark, IterationTime=250ms, MaxIterationCount=12, MaxWarmupIterationCount=5, MinIterationCount=8, MinWarmupIterationCount=3)
//   Collection.Mapperly: Quick(MaxRelativeError=0.05, Arguments=/p:MatrixMode=Benchmark, IterationTime=250ms, MaxIterationCount=12, MaxWarmupIterationCount=5, MinIterationCount=8, MinWarmupIterationCount=3)
//   Collection.Mapster: Quick(MaxRelativeError=0.05, Arguments=/p:MatrixMode=Benchmark, IterationTime=250ms, MaxIterationCount=12, MaxWarmupIterationCount=5, MinIterationCount=8, MinWarmupIterationCount=3)

// **************************
// Benchmark: Collection.AutoMapper: Quick(MaxRelativeError=0.05, Arguments=/p:MatrixMode=Benchmark, IterationTime=250ms, MaxIterationCount=12, MaxWarmupIterationCount=5, MinIterationCount=8, MinWarmupIterationCount=3)
// *** Execute ***
// Launch: 1 / 1
// Execute: dotnet Matrix.ObjectMapping-Quick-1.dll --anonymousPipes 125 126 --benchmarkName Matrix.ObjectMapping.Benchmarks.Collection.AutoMapper --job Quick --benchmarkId 0 in /home/runner/work/dotnet-matrix/dotnet-matrix/src/Matrix.ObjectMapping/bin/Benchmark/Release/net10.0/Matrix.ObjectMapping-Quick-1/bin/Release/net10.0
// Failed to set up high priority (Permission denied). In order to run benchmarks with high priority, make sure you have the right permissions.
// BeforeAnythingElse

// Benchmark Process Environment Information:
// BenchmarkDotNet v0.15.8
// Runtime=.NET 10.0.10 (10.0.10, 10.0.1026.32716), X64 RyuJIT x86-64-v3
// GC=Concurrent Workstation
// HardwareIntrinsics=AVX2+BMI1+BMI2+F16C+FMA+LZCNT+MOVBE,AVX,SSE3+SSSE3+SSE4.1+SSE4.2+POPCNT,X86Base+SSE+SSE2,AES+PCLMUL VectorSize=256
// Job: Quick(MaxRelativeError=0.05, IterationTime=250ms, MaxIterationCount=12, MaxWarmupIterationCount=5, MinIterationCount=8, MinWarmupIterationCount=3)

OverheadJitting  1: 1 op, 241765.00 ns, 241.7650 us/op
WorkloadJitting  1: 1 op, 4042702.00 ns, 4.0427 ms/op

OverheadJitting  2: 16 op, 694917.00 ns, 43.4323 us/op
WorkloadJitting  2: 16 op, 1190309.00 ns, 74.3943 us/op

WorkloadPilot    1: 16 op, 47088.00 ns, 2.9430 us/op
WorkloadPilot    2: 84960 op, 150436476.00 ns, 1.7707 us/op
WorkloadPilot    3: 141200 op, 178135151.00 ns, 1.2616 us/op
WorkloadPilot    4: 198176 op, 241075447.00 ns, 1.2165 us/op
WorkloadPilot    5: 205520 op, 248780376.00 ns, 1.2105 us/op
WorkloadPilot    6: 206528 op, 255694296.00 ns, 1.2381 us/op
WorkloadPilot    7: 201936 op, 250533338.00 ns, 1.2407 us/op
WorkloadPilot    8: 201520 op, 252857115.00 ns, 1.2547 us/op

OverheadWarmup   1: 201520 op, 799071.00 ns, 3.9652 ns/op
OverheadWarmup   2: 201520 op, 827646.00 ns, 4.1070 ns/op
OverheadWarmup   3: 201520 op, 801285.00 ns, 3.9762 ns/op
OverheadWarmup   4: 201520 op, 813158.00 ns, 4.0351 ns/op
OverheadWarmup   5: 201520 op, 817486.00 ns, 4.0566 ns/op
OverheadWarmup   6: 201520 op, 812978.00 ns, 4.0342 ns/op

OverheadActual   1: 201520 op, 819249.00 ns, 4.0653 ns/op
OverheadActual   2: 201520 op, 816394.00 ns, 4.0512 ns/op
OverheadActual   3: 201520 op, 817546.00 ns, 4.0569 ns/op
OverheadActual   4: 201520 op, 814481.00 ns, 4.0417 ns/op
OverheadActual   5: 201520 op, 820482.00 ns, 4.0715 ns/op
OverheadActual   6: 201520 op, 822525.00 ns, 4.0816 ns/op
OverheadActual   7: 201520 op, 812406.00 ns, 4.0314 ns/op
OverheadActual   8: 201520 op, 799923.00 ns, 3.9694 ns/op

WorkloadWarmup   1: 201520 op, 251140179.00 ns, 1.2462 us/op
WorkloadWarmup   2: 201520 op, 245856591.00 ns, 1.2200 us/op
WorkloadWarmup   3: 201520 op, 244218481.00 ns, 1.2119 us/op
WorkloadWarmup   4: 201520 op, 243320559.00 ns, 1.2074 us/op
WorkloadWarmup   5: 201520 op, 243511278.00 ns, 1.2084 us/op

// BeforeActualRun
WorkloadActual   1: 201520 op, 259697881.00 ns, 1.2887 us/op
WorkloadActual   2: 201520 op, 254280002.00 ns, 1.2618 us/op
WorkloadActual   3: 201520 op, 251733557.00 ns, 1.2492 us/op
WorkloadActual   4: 201520 op, 256941672.00 ns, 1.2750 us/op
WorkloadActual   5: 201520 op, 251564950.00 ns, 1.2483 us/op
WorkloadActual   6: 201520 op, 249605769.00 ns, 1.2386 us/op
WorkloadActual   7: 201520 op, 252121516.00 ns, 1.2511 us/op
WorkloadActual   8: 201520 op, 253368668.00 ns, 1.2573 us/op

// AfterActualRun
WorkloadResult   1: 201520 op, 258880911.00 ns, 1.2846 us/op
WorkloadResult   2: 201520 op, 253463032.00 ns, 1.2578 us/op
WorkloadResult   3: 201520 op, 250916587.00 ns, 1.2451 us/op
WorkloadResult   4: 201520 op, 256124702.00 ns, 1.2710 us/op
WorkloadResult   5: 201520 op, 250747980.00 ns, 1.2443 us/op
WorkloadResult   6: 201520 op, 248788799.00 ns, 1.2346 us/op
WorkloadResult   7: 201520 op, 251304546.00 ns, 1.2470 us/op
WorkloadResult   8: 201520 op, 252551698.00 ns, 1.2532 us/op
// GC:  77 1 0 1294564480 201520
// Threading:  0 0 201520

// AfterAll
// Benchmark Process 3333 has exited with code 0.

Mean = 1.255 μs, StdErr = 0.006 μs (0.46%), N = 8, StdDev = 0.016 μs
Min = 1.235 μs, Q1 = 1.245 μs, Median = 1.250 μs, Q3 = 1.261 μs, Max = 1.285 μs
IQR = 0.016 μs, LowerFence = 1.221 μs, UpperFence = 1.285 μs
ConfidenceInterval = [1.224 μs; 1.286 μs] (CI 99.9%), Margin = 0.031 μs (2.47% of Mean)
Skewness = 0.6, Kurtosis = 1.93, MValue = 2

// ** Remained 37 (97.4 %) benchmark(s) to run. Estimated finish 2026-08-02 8:20 (0h 3m from now) **
// **************************
// Benchmark: Collection.HandCoded: Quick(MaxRelativeError=0.05, Arguments=/p:MatrixMode=Benchmark, IterationTime=250ms, MaxIterationCount=12, MaxWarmupIterationCount=5, MinIterationCount=8, MinWarmupIterationCount=3)
// *** Execute ***
// Launch: 1 / 1
// Execute: dotnet Matrix.ObjectMapping-Quick-1.dll --anonymousPipes 125 126 --benchmarkName Matrix.ObjectMapping.Benchmarks.Collection.HandCoded --job Quick --benchmarkId 1 in /home/runner/work/dotnet-matrix/dotnet-matrix/src/Matrix.ObjectMapping/bin/Benchmark/Release/net10.0/Matrix.ObjectMapping-Quick-1/bin/Release/net10.0
// Failed to set up high priority (Permission denied). In order to run benchmarks with high priority, make sure you have the right permissions.
// BeforeAnythingElse

// Benchmark Process Environment Information:
// BenchmarkDotNet v0.15.8
// Runtime=.NET 10.0.10 (10.0.10, 10.0.1026.32716), X64 RyuJIT x86-64-v3
// GC=Concurrent Workstation
// HardwareIntrinsics=AVX2+BMI1+BMI2+F16C+FMA+LZCNT+MOVBE,AVX,SSE3+SSSE3+SSE4.1+SSE4.2+POPCNT,X86Base+SSE+SSE2,AES+PCLMUL VectorSize=256
// Job: Quick(MaxRelativeError=0.05, IterationTime=250ms, MaxIterationCount=12, MaxWarmupIterationCount=5, MinIterationCount=8, MinWarmupIterationCount=3)

OverheadJitting  1: 1 op, 235592.00 ns, 235.5920 us/op
WorkloadJitting  1: 1 op, 579729.00 ns, 579.7290 us/op

OverheadJitting  2: 16 op, 507053.00 ns, 31.6908 us/op
WorkloadJitting  2: 16 op, 604245.00 ns, 37.7653 us/op

WorkloadPilot    1: 16 op, 144261.00 ns, 9.0163 us/op
WorkloadPilot    2: 27728 op, 139048811.00 ns, 5.0147 us/op
WorkloadPilot    3: 49856 op, 92566716.00 ns, 1.8567 us/op
WorkloadPilot    4: 134656 op, 144474947.00 ns, 1.0729 us/op
WorkloadPilot    5: 233024 op, 250489780.00 ns, 1.0750 us/op
WorkloadPilot    6: 232576 op, 260470333.00 ns, 1.1199 us/op
WorkloadPilot    7: 223232 op, 239146527.00 ns, 1.0713 us/op
WorkloadPilot    8: 233376 op, 254831808.00 ns, 1.0919 us/op

OverheadWarmup   1: 233376 op, 922092.00 ns, 3.9511 ns/op
OverheadWarmup   2: 233376 op, 924938.00 ns, 3.9633 ns/op
OverheadWarmup   3: 233376 op, 914589.00 ns, 3.9190 ns/op
OverheadWarmup   4: 233376 op, 950035.00 ns, 4.0708 ns/op
OverheadWarmup   5: 233376 op, 917254.00 ns, 3.9304 ns/op

OverheadActual   1: 233376 op, 947259.00 ns, 4.0589 ns/op
OverheadActual   2: 233376 op, 931560.00 ns, 3.9917 ns/op
OverheadActual   3: 233376 op, 949093.00 ns, 4.0668 ns/op
OverheadActual   4: 233376 op, 923495.00 ns, 3.9571 ns/op
OverheadActual   5: 233376 op, 929757.00 ns, 3.9839 ns/op
OverheadActual   6: 233376 op, 927954.00 ns, 3.9762 ns/op
OverheadActual   7: 233376 op, 915680.00 ns, 3.9236 ns/op
OverheadActual   8: 233376 op, 932582.00 ns, 3.9960 ns/op

WorkloadWarmup   1: 233376 op, 268769506.00 ns, 1.1517 us/op
WorkloadWarmup   2: 233376 op, 264738942.00 ns, 1.1344 us/op
WorkloadWarmup   3: 233376 op, 255998861.00 ns, 1.0969 us/op
WorkloadWarmup   4: 233376 op, 254519270.00 ns, 1.0906 us/op
WorkloadWarmup   5: 233376 op, 249475474.00 ns, 1.0690 us/op

// BeforeActualRun
WorkloadActual   1: 233376 op, 246523698.00 ns, 1.0563 us/op
WorkloadActual   2: 233376 op, 256602967.00 ns, 1.0995 us/op
WorkloadActual   3: 233376 op, 258842805.00 ns, 1.1091 us/op
WorkloadActual   4: 233376 op, 257918518.00 ns, 1.1052 us/op
WorkloadActual   5: 233376 op, 256529939.00 ns, 1.0992 us/op
WorkloadActual   6: 233376 op, 259281268.00 ns, 1.1110 us/op
WorkloadActual   7: 233376 op, 262070289.00 ns, 1.1230 us/op
WorkloadActual   8: 233376 op, 260295223.00 ns, 1.1153 us/op

// AfterActualRun
WorkloadResult   1: 233376 op, 245593039.50 ns, 1.0523 us/op
WorkloadResult   2: 233376 op, 255672308.50 ns, 1.0955 us/op
WorkloadResult   3: 233376 op, 257912146.50 ns, 1.1051 us/op
WorkloadResult   4: 233376 op, 256987859.50 ns, 1.1012 us/op
WorkloadResult   5: 233376 op, 255599280.50 ns, 1.0952 us/op
WorkloadResult   6: 233376 op, 258350609.50 ns, 1.1070 us/op
WorkloadResult   7: 233376 op, 261139630.50 ns, 1.1190 us/op
WorkloadResult   8: 233376 op, 259364564.50 ns, 1.1114 us/op
// GC:  89 2 0 1499207424 233376
// Threading:  0 0 233376

// AfterAll
// Benchmark Process 3346 has exited with code 0.

Mean = 1.098 μs, StdErr = 0.007 μs (0.65%), N = 8, StdDev = 0.020 μs
Min = 1.052 μs, Q1 = 1.095 μs, Median = 1.103 μs, Q3 = 1.108 μs, Max = 1.119 μs
IQR = 0.013 μs, LowerFence = 1.076 μs, UpperFence = 1.127 μs
ConfidenceInterval = [1.060 μs; 1.137 μs] (CI 99.9%), Margin = 0.039 μs (3.52% of Mean)
Skewness = -1.29, Kurtosis = 3.52, MValue = 2

// ** Remained 36 (94.7 %) benchmark(s) to run. Estimated finish 2026-08-02 8:20 (0h 3m from now) **
// **************************
// Benchmark: Collection.Mapperly: Quick(MaxRelativeError=0.05, Arguments=/p:MatrixMode=Benchmark, IterationTime=250ms, MaxIterationCount=12, MaxWarmupIterationCount=5, MinIterationCount=8, MinWarmupIterationCount=3)
// *** Execute ***
// Launch: 1 / 1
// Execute: dotnet Matrix.ObjectMapping-Quick-1.dll --anonymousPipes 125 126 --benchmarkName Matrix.ObjectMapping.Benchmarks.Collection.Mapperly --job Quick --benchmarkId 2 in /home/runner/work/dotnet-matrix/dotnet-matrix/src/Matrix.ObjectMapping/bin/Benchmark/Release/net10.0/Matrix.ObjectMapping-Quick-1/bin/Release/net10.0
// Failed to set up high priority (Permission denied). In order to run benchmarks with high priority, make sure you have the right permissions.
// BeforeAnythingElse

// Benchmark Process Environment Information:
// BenchmarkDotNet v0.15.8
// Runtime=.NET 10.0.10 (10.0.10, 10.0.1026.32716), X64 RyuJIT x86-64-v3
// GC=Concurrent Workstation
// HardwareIntrinsics=AVX2+BMI1+BMI2+F16C+FMA+LZCNT+MOVBE,AVX,SSE3+SSSE3+SSE4.1+SSE4.2+POPCNT,X86Base+SSE+SSE2,AES+PCLMUL VectorSize=256
// Job: Quick(MaxRelativeError=0.05, IterationTime=250ms, MaxIterationCount=12, MaxWarmupIterationCount=5, MinIterationCount=8, MinWarmupIterationCount=3)

OverheadJitting  1: 1 op, 269316.00 ns, 269.3160 us/op
WorkloadJitting  1: 1 op, 662705.00 ns, 662.7050 us/op

OverheadJitting  2: 16 op, 470304.00 ns, 29.3940 us/op
WorkloadJitting  2: 16 op, 624995.00 ns, 39.0622 us/op

WorkloadPilot    1: 16 op, 151625.00 ns, 9.4766 us/op
WorkloadPilot    2: 26384 op, 123254697.00 ns, 4.6716 us/op
WorkloadPilot    3: 53520 op, 100608924.00 ns, 1.8798 us/op
WorkloadPilot    4: 132992 op, 141877449.00 ns, 1.0668 us/op
WorkloadPilot    5: 234352 op, 248728099.00 ns, 1.0613 us/op
WorkloadPilot    6: 235552 op, 241000782.00 ns, 1.0231 us/op
WorkloadPilot    7: 244352 op, 252993584.00 ns, 1.0354 us/op
WorkloadPilot    8: 241472 op, 240964123.00 ns, 997.8967 ns/op
WorkloadPilot    9: 250528 op, 262808333.00 ns, 1.0490 us/op
WorkloadPilot   10: 238320 op, 248573900.00 ns, 1.0430 us/op
WorkloadPilot   11: 239696 op, 250209322.00 ns, 1.0439 us/op

OverheadWarmup   1: 239696 op, 943493.00 ns, 3.9362 ns/op
OverheadWarmup   2: 239696 op, 918375.00 ns, 3.8314 ns/op
OverheadWarmup   3: 239696 op, 956838.00 ns, 3.9919 ns/op
OverheadWarmup   4: 239696 op, 942461.00 ns, 3.9319 ns/op
OverheadWarmup   5: 239696 op, 935318.00 ns, 3.9021 ns/op
OverheadWarmup   6: 239696 op, 928704.00 ns, 3.8745 ns/op
OverheadWarmup   7: 239696 op, 941179.00 ns, 3.9266 ns/op
OverheadWarmup   8: 239696 op, 949114.00 ns, 3.9597 ns/op
OverheadWarmup   9: 239696 op, 929888.00 ns, 3.8794 ns/op

OverheadActual   1: 239696 op, 943212.00 ns, 3.9350 ns/op
OverheadActual   2: 239696 op, 935358.00 ns, 3.9023 ns/op
OverheadActual   3: 239696 op, 931300.00 ns, 3.8853 ns/op
OverheadActual   4: 239696 op, 945066.00 ns, 3.9428 ns/op
OverheadActual   5: 239696 op, 935157.00 ns, 3.9014 ns/op
OverheadActual   6: 239696 op, 926391.00 ns, 3.8649 ns/op
OverheadActual   7: 239696 op, 950045.00 ns, 3.9635 ns/op
OverheadActual   8: 239696 op, 931991.00 ns, 3.8882 ns/op

WorkloadWarmup   1: 239696 op, 258679696.00 ns, 1.0792 us/op
WorkloadWarmup   2: 239696 op, 258890171.00 ns, 1.0801 us/op
WorkloadWarmup   3: 239696 op, 248365869.00 ns, 1.0362 us/op
WorkloadWarmup   4: 239696 op, 247505993.00 ns, 1.0326 us/op
WorkloadWarmup   5: 239696 op, 252457376.00 ns, 1.0532 us/op

// BeforeActualRun
WorkloadActual   1: 239696 op, 249272903.00 ns, 1.0400 us/op
WorkloadActual   2: 239696 op, 252173653.00 ns, 1.0521 us/op
WorkloadActual   3: 239696 op, 251601378.00 ns, 1.0497 us/op
WorkloadActual   4: 239696 op, 262048321.00 ns, 1.0933 us/op
WorkloadActual   5: 239696 op, 254877954.00 ns, 1.0633 us/op
WorkloadActual   6: 239696 op, 253362216.00 ns, 1.0570 us/op
WorkloadActual   7: 239696 op, 249092444.00 ns, 1.0392 us/op
WorkloadActual   8: 239696 op, 250241382.00 ns, 1.0440 us/op

// AfterActualRun
WorkloadResult   1: 239696 op, 248337645.50 ns, 1.0361 us/op
WorkloadResult   2: 239696 op, 251238395.50 ns, 1.0482 us/op
WorkloadResult   3: 239696 op, 250666120.50 ns, 1.0458 us/op
WorkloadResult   4: 239696 op, 253942696.50 ns, 1.0594 us/op
WorkloadResult   5: 239696 op, 252426958.50 ns, 1.0531 us/op
WorkloadResult   6: 239696 op, 248157186.50 ns, 1.0353 us/op
WorkloadResult   7: 239696 op, 249306124.50 ns, 1.0401 us/op
// GC:  92 2 0 1539807104 239696
// Threading:  0 0 239696

// AfterAll
// Benchmark Process 3356 has exited with code 0.

Mean = 1.045 μs, StdErr = 0.003 μs (0.32%), N = 7, StdDev = 0.009 μs
Min = 1.035 μs, Q1 = 1.038 μs, Median = 1.046 μs, Q3 = 1.051 μs, Max = 1.059 μs
IQR = 0.013 μs, LowerFence = 1.019 μs, UpperFence = 1.069 μs
ConfidenceInterval = [1.025 μs; 1.066 μs] (CI 99.9%), Margin = 0.020 μs (1.93% of Mean)
Skewness = 0.24, Kurtosis = 1.36, MValue = 2

// ** Remained 35 (92.1 %) benchmark(s) to run. Estimated finish 2026-08-02 8:20 (0h 3m from now) **
// **************************
// Benchmark: Collection.Mapster: Quick(MaxRelativeError=0.05, Arguments=/p:MatrixMode=Benchmark, IterationTime=250ms, MaxIterationCount=12, MaxWarmupIterationCount=5, MinIterationCount=8, MinWarmupIterationCount=3)
// *** Execute ***
// Launch: 1 / 1
// Execute: dotnet Matrix.ObjectMapping-Quick-1.dll --anonymousPipes 125 126 --benchmarkName Matrix.ObjectMapping.Benchmarks.Collection.Mapster --job Quick --benchmarkId 3 in /home/runner/work/dotnet-matrix/dotnet-matrix/src/Matrix.ObjectMapping/bin/Benchmark/Release/net10.0/Matrix.ObjectMapping-Quick-1/bin/Release/net10.0
// Failed to set up high priority (Permission denied). In order to run benchmarks with high priority, make sure you have the right permissions.
// BeforeAnythingElse

// Benchmark Process Environment Information:
// BenchmarkDotNet v0.15.8
// Runtime=.NET 10.0.10 (10.0.10, 10.0.1026.32716), X64 RyuJIT x86-64-v3
// GC=Concurrent Workstation
// HardwareIntrinsics=AVX2+BMI1+BMI2+F16C+FMA+LZCNT+MOVBE,AVX,SSE3+SSSE3+SSE4.1+SSE4.2+POPCNT,X86Base+SSE+SSE2,AES+PCLMUL VectorSize=256
// Job: Quick(MaxRelativeError=0.05, IterationTime=250ms, MaxIterationCount=12, MaxWarmupIterationCount=5, MinIterationCount=8, MinWarmupIterationCount=3)

OverheadJitting  1: 1 op, 242515.00 ns, 242.5150 us/op
WorkloadJitting  1: 1 op, 3359081.00 ns, 3.3591 ms/op

OverheadJitting  2: 16 op, 485141.00 ns, 30.3213 us/op
WorkloadJitting  2: 16 op, 618662.00 ns, 38.6664 us/op

WorkloadPilot    1: 16 op, 90711.00 ns, 5.6694 us/op
WorkloadPilot    2: 44096 op, 66918106.00 ns, 1.5176 us/op
WorkloadPilot    3: 164752 op, 222127863.00 ns, 1.3483 us/op
WorkloadPilot    4: 185440 op, 221983773.00 ns, 1.1971 us/op
WorkloadPilot    5: 208848 op, 246447334.00 ns, 1.1800 us/op
WorkloadPilot    6: 211872 op, 250807947.00 ns, 1.1838 us/op
WorkloadPilot    7: 211200 op, 256283585.00 ns, 1.2135 us/op
WorkloadPilot    8: 206032 op, 246924962.00 ns, 1.1985 us/op
WorkloadPilot    9: 208608 op, 248675866.00 ns, 1.1921 us/op
WorkloadPilot   10: 209728 op, 246399416.00 ns, 1.1749 us/op
WorkloadPilot   11: 212800 op, 256010555.00 ns, 1.2031 us/op

OverheadWarmup   1: 212800 op, 933025.00 ns, 4.3845 ns/op
OverheadWarmup   2: 212800 op, 912367.00 ns, 4.2874 ns/op
OverheadWarmup   3: 212800 op, 921023.00 ns, 4.3281 ns/op
OverheadWarmup   4: 212800 op, 917015.00 ns, 4.3093 ns/op
OverheadWarmup   5: 212800 op, 904271.00 ns, 4.2494 ns/op
OverheadWarmup   6: 212800 op, 915713.00 ns, 4.3032 ns/op
OverheadWarmup   7: 212800 op, 916885.00 ns, 4.3087 ns/op
OverheadWarmup   8: 212800 op, 922947.00 ns, 4.3372 ns/op
OverheadWarmup   9: 212800 op, 901887.00 ns, 4.2382 ns/op

OverheadActual   1: 212800 op, 908218.00 ns, 4.2679 ns/op
OverheadActual   2: 212800 op, 918419.00 ns, 4.3159 ns/op
OverheadActual   3: 212800 op, 915974.00 ns, 4.3044 ns/op
OverheadActual   4: 212800 op, 922055.00 ns, 4.3330 ns/op
OverheadActual   5: 212800 op, 907477.00 ns, 4.2645 ns/op
OverheadActual   6: 212800 op, 908981.00 ns, 4.2715 ns/op
OverheadActual   7: 212800 op, 931513.00 ns, 4.3774 ns/op
OverheadActual   8: 212800 op, 930841.00 ns, 4.3743 ns/op

WorkloadWarmup   1: 212800 op, 262801954.00 ns, 1.2350 us/op
WorkloadWarmup   2: 212800 op, 257257592.00 ns, 1.2089 us/op
WorkloadWarmup   3: 212800 op, 245938774.00 ns, 1.1557 us/op
WorkloadWarmup   4: 212800 op, 248989731.00 ns, 1.1701 us/op
WorkloadWarmup   5: 212800 op, 256399432.00 ns, 1.2049 us/op

// BeforeActualRun
WorkloadActual   1: 212800 op, 250720831.00 ns, 1.1782 us/op
WorkloadActual   2: 212800 op, 251435364.00 ns, 1.1816 us/op
WorkloadActual   3: 212800 op, 251558355.00 ns, 1.1821 us/op
WorkloadActual   4: 212800 op, 255381859.00 ns, 1.2001 us/op
WorkloadActual   5: 212800 op, 250596468.00 ns, 1.1776 us/op
WorkloadActual   6: 212800 op, 253220148.00 ns, 1.1899 us/op
WorkloadActual   7: 212800 op, 253904433.00 ns, 1.1932 us/op
WorkloadActual   8: 212800 op, 247192422.00 ns, 1.1616 us/op

// AfterActualRun
WorkloadResult   1: 212800 op, 249803634.50 ns, 1.1739 us/op
WorkloadResult   2: 212800 op, 250518167.50 ns, 1.1772 us/op
WorkloadResult   3: 212800 op, 250641158.50 ns, 1.1778 us/op
WorkloadResult   4: 212800 op, 254464662.50 ns, 1.1958 us/op
WorkloadResult   5: 212800 op, 249679271.50 ns, 1.1733 us/op
WorkloadResult   6: 212800 op, 252302951.50 ns, 1.1856 us/op
WorkloadResult   7: 212800 op, 252987236.50 ns, 1.1888 us/op
WorkloadResult   8: 212800 op, 246275225.50 ns, 1.1573 us/op
// GC:  81 1 0 1367027200 212800
// Threading:  0 0 212800

// AfterAll
// Benchmark Process 3368 has exited with code 0.

Mean = 1.179 μs, StdErr = 0.004 μs (0.35%), N = 8, StdDev = 0.012 μs
Min = 1.157 μs, Q1 = 1.174 μs, Median = 1.178 μs, Q3 = 1.186 μs, Max = 1.196 μs
IQR = 0.013 μs, LowerFence = 1.155 μs, UpperFence = 1.205 μs
ConfidenceInterval = [1.156 μs; 1.201 μs] (CI 99.9%), Margin = 0.022 μs (1.90% of Mean)
Skewness = -0.3, Kurtosis = 2.07, MValue = 2

// ** Remained 34 (89.5 %) benchmark(s) to run. Estimated finish 2026-08-02 8:20 (0h 3m from now) **
// ***** BenchmarkRunner: Finish  *****

// * Export *
  tmp/dotnet-matrix/ObjectMapping/4ff6a8fe23154753803edc028d76fae5/results/Matrix.ObjectMapping.Benchmarks.Collection-report.csv
  tmp/dotnet-matrix/ObjectMapping/4ff6a8fe23154753803edc028d76fae5/results/Matrix.ObjectMapping.Benchmarks.Collection-report-github.md
  tmp/dotnet-matrix/ObjectMapping/4ff6a8fe23154753803edc028d76fae5/results/Matrix.ObjectMapping.Benchmarks.Collection-report.html
  tmp/dotnet-matrix/ObjectMapping/4ff6a8fe23154753803edc028d76fae5/results/Matrix.ObjectMapping.Benchmarks.Collection-report-full.json

// * Detailed results *
Collection.Mapperly: Quick(MaxRelativeError=0.05, Arguments=/p:MatrixMode=Benchmark, IterationTime=250ms, MaxIterationCount=12, MaxWarmupIterationCount=5, MinIterationCount=8, MinWarmupIterationCount=3)
Runtime = .NET 10.0.10 (10.0.10, 10.0.1026.32716), X64 RyuJIT x86-64-v3; GC = Concurrent Workstation
Mean = 1.045 μs, StdErr = 0.003 μs (0.32%), N = 7, StdDev = 0.009 μs
Min = 1.035 μs, Q1 = 1.038 μs, Median = 1.046 μs, Q3 = 1.051 μs, Max = 1.059 μs
IQR = 0.013 μs, LowerFence = 1.019 μs, UpperFence = 1.069 μs
ConfidenceInterval = [1.025 μs; 1.066 μs] (CI 99.9%), Margin = 0.020 μs (1.93% of Mean)
Skewness = 0.24, Kurtosis = 1.36, MValue = 2
-------------------- Histogram --------------------
[1.029 μs ; 1.066 μs) | @@@@@@@
---------------------------------------------------

Collection.HandCoded: Quick(MaxRelativeError=0.05, Arguments=/p:MatrixMode=Benchmark, IterationTime=250ms, MaxIterationCount=12, MaxWarmupIterationCount=5, MinIterationCount=8, MinWarmupIterationCount=3)
Runtime = .NET 10.0.10 (10.0.10, 10.0.1026.32716), X64 RyuJIT x86-64-v3; GC = Concurrent Workstation
Mean = 1.098 μs, StdErr = 0.007 μs (0.65%), N = 8, StdDev = 0.020 μs
Min = 1.052 μs, Q1 = 1.095 μs, Median = 1.103 μs, Q3 = 1.108 μs, Max = 1.119 μs
IQR = 0.013 μs, LowerFence = 1.076 μs, UpperFence = 1.127 μs
ConfidenceInterval = [1.060 μs; 1.137 μs] (CI 99.9%), Margin = 0.039 μs (3.52% of Mean)
Skewness = -1.29, Kurtosis = 3.52, MValue = 2
-------------------- Histogram --------------------
[1.039 μs ; 1.066 μs) | @
[1.066 μs ; 1.094 μs) | 
[1.094 μs ; 1.120 μs) | @@@@@@@
---------------------------------------------------

Collection.Mapster: Quick(MaxRelativeError=0.05, Arguments=/p:MatrixMode=Benchmark, IterationTime=250ms, MaxIterationCount=12, MaxWarmupIterationCount=5, MinIterationCount=8, MinWarmupIterationCount=3)
Runtime = .NET 10.0.10 (10.0.10, 10.0.1026.32716), X64 RyuJIT x86-64-v3; GC = Concurrent Workstation
Mean = 1.179 μs, StdErr = 0.004 μs (0.35%), N = 8, StdDev = 0.012 μs
Min = 1.157 μs, Q1 = 1.174 μs, Median = 1.178 μs, Q3 = 1.186 μs, Max = 1.196 μs
IQR = 0.013 μs, LowerFence = 1.155 μs, UpperFence = 1.205 μs
ConfidenceInterval = [1.156 μs; 1.201 μs] (CI 99.9%), Margin = 0.022 μs (1.90% of Mean)
Skewness = -0.3, Kurtosis = 2.07, MValue = 2
-------------------- Histogram --------------------
[1.150 μs ; 1.203 μs) | @@@@@@@@
---------------------------------------------------

Collection.AutoMapper: Quick(MaxRelativeError=0.05, Arguments=/p:MatrixMode=Benchmark, IterationTime=250ms, MaxIterationCount=12, MaxWarmupIterationCount=5, MinIterationCount=8, MinWarmupIterationCount=3)
Runtime = .NET 10.0.10 (10.0.10, 10.0.1026.32716), X64 RyuJIT x86-64-v3; GC = Concurrent Workstation
Mean = 1.255 μs, StdErr = 0.006 μs (0.46%), N = 8, StdDev = 0.016 μs
Min = 1.235 μs, Q1 = 1.245 μs, Median = 1.250 μs, Q3 = 1.261 μs, Max = 1.285 μs
IQR = 0.016 μs, LowerFence = 1.221 μs, UpperFence = 1.285 μs
ConfidenceInterval = [1.224 μs; 1.286 μs] (CI 99.9%), Margin = 0.031 μs (2.47% of Mean)
Skewness = 0.6, Kurtosis = 1.93, MValue = 2
-------------------- Histogram --------------------
[1.224 μs ; 1.264 μs) | @@@@@@
[1.264 μs ; 1.291 μs) | @@
---------------------------------------------------

// * Summary *

BenchmarkDotNet v0.15.8, Linux Ubuntu 24.04.4 LTS (Noble Numbat)
AMD EPYC 7763 2.45GHz, 1 CPU, 4 logical and 2 physical cores
.NET SDK 10.0.302
  [Host] : .NET 10.0.10 (10.0.10, 10.0.1026.32716), X64 RyuJIT x86-64-v3
  Quick  : .NET 10.0.10 (10.0.10, 10.0.1026.32716), X64 RyuJIT x86-64-v3

Job=Quick  MaxRelativeError=0.05  Arguments=/p:MatrixMode=Benchmark  
IterationTime=250ms  MaxIterationCount=12  MaxWarmupIterationCount=5  
MinIterationCount=8  MinWarmupIterationCount=3  

| Method     | Mean     | Error     | StdDev    | Ratio | RatioSD | Gen0   | Gen1   | Allocated | Alloc Ratio |
|----------- |---------:|----------:|----------:|------:|--------:|-------:|-------:|----------:|------------:|
| Mapperly   | 1.045 μs | 0.0202 μs | 0.0090 μs |  0.95 |    0.02 | 0.3838 | 0.0083 |   6.27 KB |        1.00 |
| HandCoded  | 1.098 μs | 0.0386 μs | 0.0202 μs |  1.00 |    0.02 | 0.3814 | 0.0086 |   6.27 KB |        1.00 |
| Mapster    | 1.179 μs | 0.0223 μs | 0.0117 μs |  1.07 |    0.02 | 0.3806 | 0.0047 |   6.27 KB |        1.00 |
| AutoMapper | 1.255 μs | 0.0310 μs | 0.0162 μs |  1.14 |    0.02 | 0.3821 | 0.0050 |   6.27 KB |        1.00 |

// * Hints *
Outliers
  Collection.Mapperly: Quick  -> 1 outlier  was  removed (1.09 μs)
  Collection.HandCoded: Quick -> 1 outlier  was  detected (1.06 μs)

// * Legends *
  Mean        : Arithmetic mean of all measurements
  Error       : Half of 99.9% confidence interval
  StdDev      : Standard deviation of all measurements
  Ratio       : Mean of the ratio distribution ([Current]/[Baseline])
  RatioSD     : Standard deviation of the ratio distribution ([Current]/[Baseline])
  Gen0        : GC Generation 0 collects per 1000 operations
  Gen1        : GC Generation 1 collects per 1000 operations
  Allocated   : Allocated memory per single operation (managed only, inclusive, 1KB = 1024B)
  Alloc Ratio : Allocated memory ratio distribution ([Current]/[Baseline])
  1 μs        : 1 Microsecond (0.000001 sec)

// * Diagnostic Output - MemoryDiagnoser *


// ***** BenchmarkRunner: End *****
Run time: 00:00:22 (22.85 sec), executed benchmarks: 4

// Found 4 benchmarks:
//   CustomConversion.AutoMapper: Quick(MaxRelativeError=0.05, Arguments=/p:MatrixMode=Benchmark, IterationTime=250ms, MaxIterationCount=12, MaxWarmupIterationCount=5, MinIterationCount=8, MinWarmupIterationCount=3)
//   CustomConversion.HandCoded: Quick(MaxRelativeError=0.05, Arguments=/p:MatrixMode=Benchmark, IterationTime=250ms, MaxIterationCount=12, MaxWarmupIterationCount=5, MinIterationCount=8, MinWarmupIterationCount=3)
//   CustomConversion.Mapperly: Quick(MaxRelativeError=0.05, Arguments=/p:MatrixMode=Benchmark, IterationTime=250ms, MaxIterationCount=12, MaxWarmupIterationCount=5, MinIterationCount=8, MinWarmupIterationCount=3)
//   CustomConversion.Mapster: Quick(MaxRelativeError=0.05, Arguments=/p:MatrixMode=Benchmark, IterationTime=250ms, MaxIterationCount=12, MaxWarmupIterationCount=5, MinIterationCount=8, MinWarmupIterationCount=3)

// **************************
// Benchmark: CustomConversion.AutoMapper: Quick(MaxRelativeError=0.05, Arguments=/p:MatrixMode=Benchmark, IterationTime=250ms, MaxIterationCount=12, MaxWarmupIterationCount=5, MinIterationCount=8, MinWarmupIterationCount=3)
// *** Execute ***
// Launch: 1 / 1
// Execute: dotnet Matrix.ObjectMapping-Quick-1.dll --anonymousPipes 131 132 --benchmarkName Matrix.ObjectMapping.Benchmarks.CustomConversion.AutoMapper --job Quick --benchmarkId 4 in /home/runner/work/dotnet-matrix/dotnet-matrix/src/Matrix.ObjectMapping/bin/Benchmark/Release/net10.0/Matrix.ObjectMapping-Quick-1/bin/Release/net10.0
// Failed to set up high priority (Permission denied). In order to run benchmarks with high priority, make sure you have the right permissions.
// BeforeAnythingElse

// Benchmark Process Environment Information:
// BenchmarkDotNet v0.15.8
// Runtime=.NET 10.0.10 (10.0.10, 10.0.1026.32716), X64 RyuJIT x86-64-v3
// GC=Concurrent Workstation
// HardwareIntrinsics=AVX2+BMI1+BMI2+F16C+FMA+LZCNT+MOVBE,AVX,SSE3+SSSE3+SSE4.1+SSE4.2+POPCNT,X86Base+SSE+SSE2,AES+PCLMUL VectorSize=256
// Job: Quick(MaxRelativeError=0.05, IterationTime=250ms, MaxIterationCount=12, MaxWarmupIterationCount=5, MinIterationCount=8, MinWarmupIterationCount=3)

OverheadJitting  1: 1 op, 261100.00 ns, 261.1000 us/op
WorkloadJitting  1: 1 op, 2403466.00 ns, 2.4035 ms/op

OverheadJitting  2: 16 op, 517413.00 ns, 32.3383 us/op
WorkloadJitting  2: 16 op, 847863.00 ns, 52.9914 us/op

WorkloadPilot    1: 16 op, 17172.00 ns, 1.0733 us/op
WorkloadPilot    2: 232944 op, 110732251.00 ns, 475.3600 ns/op
WorkloadPilot    3: 525920 op, 145560771.00 ns, 276.7736 ns/op
WorkloadPilot    4: 903280 op, 136171870.00 ns, 150.7527 ns/op
WorkloadPilot    5: 1658352 op, 247207701.00 ns, 149.0683 ns/op
WorkloadPilot    6: 1677088 op, 252009433.00 ns, 150.2661 ns/op
WorkloadPilot    7: 1663728 op, 249877507.00 ns, 150.1913 ns/op
WorkloadPilot    8: 1664544 op, 247725283.00 ns, 148.8247 ns/op
WorkloadPilot    9: 1679840 op, 249329578.00 ns, 148.4246 ns/op
WorkloadPilot   10: 1684368 op, 250618920.00 ns, 148.7911 ns/op
WorkloadPilot   11: 1680208 op, 252398693.00 ns, 150.2187 ns/op

OverheadWarmup   1: 1680208 op, 6560676.00 ns, 3.9047 ns/op
OverheadWarmup   2: 1680208 op, 6553803.00 ns, 3.9006 ns/op
OverheadWarmup   3: 1680208 op, 6541511.00 ns, 3.8933 ns/op
OverheadWarmup   4: 1680208 op, 6545628.00 ns, 3.8957 ns/op
OverheadWarmup   5: 1680208 op, 6538324.00 ns, 3.8914 ns/op
OverheadWarmup   6: 1680208 op, 6534287.00 ns, 3.8890 ns/op
OverheadWarmup   7: 1680208 op, 6557971.00 ns, 3.9031 ns/op
OverheadWarmup   8: 1680208 op, 6582798.00 ns, 3.9178 ns/op
OverheadWarmup   9: 1680208 op, 6516564.00 ns, 3.8784 ns/op

OverheadActual   1: 1680208 op, 6581626.00 ns, 3.9171 ns/op
OverheadActual   2: 1680208 op, 6626911.00 ns, 3.9441 ns/op
OverheadActual   3: 1680208 op, 6595082.00 ns, 3.9252 ns/op
OverheadActual   4: 1680208 op, 6575744.00 ns, 3.9136 ns/op
OverheadActual   5: 1680208 op, 6598467.00 ns, 3.9272 ns/op
OverheadActual   6: 1680208 op, 6531552.00 ns, 3.8873 ns/op
OverheadActual   7: 1680208 op, 6528907.00 ns, 3.8858 ns/op
OverheadActual   8: 1680208 op, 6525942.00 ns, 3.8840 ns/op

WorkloadWarmup   1: 1680208 op, 264023316.00 ns, 157.1373 ns/op
WorkloadWarmup   2: 1680208 op, 255933125.00 ns, 152.3223 ns/op
WorkloadWarmup   3: 1680208 op, 250012240.00 ns, 148.7984 ns/op
WorkloadWarmup   4: 1680208 op, 250677540.00 ns, 149.1943 ns/op
WorkloadWarmup   5: 1680208 op, 248723098.00 ns, 148.0311 ns/op

// BeforeActualRun
WorkloadActual   1: 1680208 op, 251700906.00 ns, 149.8034 ns/op
WorkloadActual   2: 1680208 op, 248269255.00 ns, 147.7610 ns/op
WorkloadActual   3: 1680208 op, 250536247.00 ns, 149.1103 ns/op
WorkloadActual   4: 1680208 op, 249980663.00 ns, 148.7796 ns/op
WorkloadActual   5: 1680208 op, 249828096.00 ns, 148.6888 ns/op
WorkloadActual   6: 1680208 op, 249693442.00 ns, 148.6086 ns/op
WorkloadActual   7: 1680208 op, 249988288.00 ns, 148.7841 ns/op
WorkloadActual   8: 1680208 op, 249532239.00 ns, 148.5127 ns/op

// AfterActualRun
WorkloadResult   1: 1680208 op, 241690570.00 ns, 143.8456 ns/op
WorkloadResult   2: 1680208 op, 243957562.00 ns, 145.1949 ns/op
WorkloadResult   3: 1680208 op, 243401978.00 ns, 144.8642 ns/op
WorkloadResult   4: 1680208 op, 243249411.00 ns, 144.7734 ns/op
WorkloadResult   5: 1680208 op, 243114757.00 ns, 144.6933 ns/op
WorkloadResult   6: 1680208 op, 243409603.00 ns, 144.8687 ns/op
WorkloadResult   7: 1680208 op, 242953554.00 ns, 144.5973 ns/op
// GC:  8 0 0 147858304 1680208
// Threading:  0 0 1680208

// AfterAll
// Benchmark Process 3384 has exited with code 0.

Mean = 144.691 ns, StdErr = 0.158 ns (0.11%), N = 7, StdDev = 0.417 ns
Min = 143.846 ns, Q1 = 144.645 ns, Median = 144.773 ns, Q3 = 144.866 ns, Max = 145.195 ns
IQR = 0.221 ns, LowerFence = 144.314 ns, UpperFence = 145.198 ns
ConfidenceInterval = [143.751 ns; 145.631 ns] (CI 99.9%), Margin = 0.940 ns (0.65% of Mean)
Skewness = -0.91, Kurtosis = 2.72, MValue = 2

// ** Remained 33 (86.8 %) benchmark(s) to run. Estimated finish 2026-08-02 8:20 (0h 3m from now) **
// **************************
// Benchmark: CustomConversion.HandCoded: Quick(MaxRelativeError=0.05, Arguments=/p:MatrixMode=Benchmark, IterationTime=250ms, MaxIterationCount=12, MaxWarmupIterationCount=5, MinIterationCount=8, MinWarmupIterationCount=3)
// *** Execute ***
// Launch: 1 / 1
// Execute: dotnet Matrix.ObjectMapping-Quick-1.dll --anonymousPipes 131 132 --benchmarkName Matrix.ObjectMapping.Benchmarks.CustomConversion.HandCoded --job Quick --benchmarkId 5 in /home/runner/work/dotnet-matrix/dotnet-matrix/src/Matrix.ObjectMapping/bin/Benchmark/Release/net10.0/Matrix.ObjectMapping-Quick-1/bin/Release/net10.0
// Failed to set up high priority (Permission denied). In order to run benchmarks with high priority, make sure you have the right permissions.
// BeforeAnythingElse

// Benchmark Process Environment Information:
// BenchmarkDotNet v0.15.8
// Runtime=.NET 10.0.10 (10.0.10, 10.0.1026.32716), X64 RyuJIT x86-64-v3
// GC=Concurrent Workstation
// HardwareIntrinsics=AVX2+BMI1+BMI2+F16C+FMA+LZCNT+MOVBE,AVX,SSE3+SSSE3+SSE4.1+SSE4.2+POPCNT,X86Base+SSE+SSE2,AES+PCLMUL VectorSize=256
// Job: Quick(MaxRelativeError=0.05, IterationTime=250ms, MaxIterationCount=12, MaxWarmupIterationCount=5, MinIterationCount=8, MinWarmupIterationCount=3)

OverheadJitting  1: 1 op, 245512.00 ns, 245.5120 us/op
WorkloadJitting  1: 1 op, 553140.00 ns, 553.1400 us/op

OverheadJitting  2: 16 op, 484421.00 ns, 30.2763 us/op
WorkloadJitting  2: 16 op, 478730.00 ns, 29.9206 us/op

WorkloadPilot    1: 16 op, 16932.00 ns, 1.0583 us/op
WorkloadPilot    2: 236240 op, 37868254.00 ns, 160.2957 ns/op
WorkloadPilot    3: 1559632 op, 196391036.00 ns, 125.9214 ns/op
WorkloadPilot    4: 1985376 op, 159645930.00 ns, 80.4109 ns/op
WorkloadPilot    5: 3109040 op, 255963662.00 ns, 82.3288 ns/op
WorkloadPilot    6: 3036608 op, 242997554.00 ns, 80.0227 ns/op
WorkloadPilot    7: 3124128 op, 252047839.00 ns, 80.6778 ns/op
WorkloadPilot    8: 3098752 op, 249802678.00 ns, 80.6140 ns/op
WorkloadPilot    9: 3101200 op, 249221285.00 ns, 80.3629 ns/op
WorkloadPilot   10: 3110896 op, 252336261.00 ns, 81.1137 ns/op

OverheadWarmup   1: 3110896 op, 12250102.00 ns, 3.9378 ns/op
OverheadWarmup   2: 3110896 op, 12107333.00 ns, 3.8919 ns/op
OverheadWarmup   3: 3110896 op, 12110900.00 ns, 3.8931 ns/op
OverheadWarmup   4: 3110896 op, 12145976.00 ns, 3.9043 ns/op
OverheadWarmup   5: 3110896 op, 12105050.00 ns, 3.8912 ns/op
OverheadWarmup   6: 3110896 op, 12159122.00 ns, 3.9086 ns/op
OverheadWarmup   7: 3110896 op, 12093678.00 ns, 3.8875 ns/op

OverheadActual   1: 3110896 op, 12113054.00 ns, 3.8938 ns/op
OverheadActual   2: 3110896 op, 12157669.00 ns, 3.9081 ns/op
OverheadActual   3: 3110896 op, 12208444.00 ns, 3.9244 ns/op
OverheadActual   4: 3110896 op, 12105350.00 ns, 3.8913 ns/op
OverheadActual   5: 3110896 op, 12119757.00 ns, 3.8959 ns/op
OverheadActual   6: 3110896 op, 12103426.00 ns, 3.8907 ns/op
OverheadActual   7: 3110896 op, 12080113.00 ns, 3.8832 ns/op
OverheadActual   8: 3110896 op, 12098487.00 ns, 3.8891 ns/op

WorkloadWarmup   1: 3110896 op, 260274928.00 ns, 83.6656 ns/op
WorkloadWarmup   2: 3110896 op, 256243418.00 ns, 82.3697 ns/op
WorkloadWarmup   3: 3110896 op, 250172115.00 ns, 80.4180 ns/op
WorkloadWarmup   4: 3110896 op, 250187135.00 ns, 80.4229 ns/op
WorkloadWarmup   5: 3110896 op, 248006739.00 ns, 79.7220 ns/op

// BeforeActualRun
WorkloadActual   1: 3110896 op, 252925490.00 ns, 81.3031 ns/op
WorkloadActual   2: 3110896 op, 252703183.00 ns, 81.2316 ns/op
WorkloadActual   3: 3110896 op, 252663057.00 ns, 81.2187 ns/op
WorkloadActual   4: 3110896 op, 251694557.00 ns, 80.9074 ns/op
WorkloadActual   5: 3110896 op, 251256915.00 ns, 80.7667 ns/op
WorkloadActual   6: 3110896 op, 251752436.00 ns, 80.9260 ns/op
WorkloadActual   7: 3110896 op, 251940099.00 ns, 80.9863 ns/op
WorkloadActual   8: 3110896 op, 251000525.00 ns, 80.6843 ns/op

// AfterActualRun
WorkloadResult   1: 3110896 op, 240816288.00 ns, 77.4106 ns/op
WorkloadResult   2: 3110896 op, 240593981.00 ns, 77.3391 ns/op
WorkloadResult   3: 3110896 op, 240553855.00 ns, 77.3262 ns/op
WorkloadResult   4: 3110896 op, 239585355.00 ns, 77.0149 ns/op
WorkloadResult   5: 3110896 op, 239147713.00 ns, 76.8742 ns/op
WorkloadResult   6: 3110896 op, 239643234.00 ns, 77.0335 ns/op
WorkloadResult   7: 3110896 op, 239830897.00 ns, 77.0938 ns/op
WorkloadResult   8: 3110896 op, 238891323.00 ns, 76.7918 ns/op
// GC:  16 0 0 273758848 3110896
// Threading:  0 0 3110896

// AfterAll
// Benchmark Process 3395 has exited with code 0.

Mean = 77.111 ns, StdErr = 0.080 ns (0.10%), N = 8, StdDev = 0.227 ns
Min = 76.792 ns, Q1 = 76.980 ns, Median = 77.064 ns, Q3 = 77.329 ns, Max = 77.411 ns
IQR = 0.350 ns, LowerFence = 76.455 ns, UpperFence = 77.854 ns
ConfidenceInterval = [76.676 ns; 77.545 ns] (CI 99.9%), Margin = 0.435 ns (0.56% of Mean)
Skewness = 0.02, Kurtosis = 1.24, MValue = 2

// ** Remained 32 (84.2 %) benchmark(s) to run. Estimated finish 2026-08-02 8:20 (0h 3m from now) **
// **************************
// Benchmark: CustomConversion.Mapperly: Quick(MaxRelativeError=0.05, Arguments=/p:MatrixMode=Benchmark, IterationTime=250ms, MaxIterationCount=12, MaxWarmupIterationCount=5, MinIterationCount=8, MinWarmupIterationCount=3)
// *** Execute ***
// Launch: 1 / 1
// Execute: dotnet Matrix.ObjectMapping-Quick-1.dll --anonymousPipes 131 132 --benchmarkName Matrix.ObjectMapping.Benchmarks.CustomConversion.Mapperly --job Quick --benchmarkId 6 in /home/runner/work/dotnet-matrix/dotnet-matrix/src/Matrix.ObjectMapping/bin/Benchmark/Release/net10.0/Matrix.ObjectMapping-Quick-1/bin/Release/net10.0
// Failed to set up high priority (Permission denied). In order to run benchmarks with high priority, make sure you have the right permissions.
// BeforeAnythingElse

// Benchmark Process Environment Information:
// BenchmarkDotNet v0.15.8
// Runtime=.NET 10.0.10 (10.0.10, 10.0.1026.32716), X64 RyuJIT x86-64-v3
// GC=Concurrent Workstation
// HardwareIntrinsics=AVX2+BMI1+BMI2+F16C+FMA+LZCNT+MOVBE,AVX,SSE3+SSSE3+SSE4.1+SSE4.2+POPCNT,X86Base+SSE+SSE2,AES+PCLMUL VectorSize=256
// Job: Quick(MaxRelativeError=0.05, IterationTime=250ms, MaxIterationCount=12, MaxWarmupIterationCount=5, MinIterationCount=8, MinWarmupIterationCount=3)

OverheadJitting  1: 1 op, 238909.00 ns, 238.9090 us/op
WorkloadJitting  1: 1 op, 632848.00 ns, 632.8480 us/op

OverheadJitting  2: 16 op, 501602.00 ns, 31.3501 us/op
WorkloadJitting  2: 16 op, 494629.00 ns, 30.9143 us/op

WorkloadPilot    1: 16 op, 19045.00 ns, 1.1903 us/op
WorkloadPilot    2: 210032 op, 35317016.00 ns, 168.1506 ns/op
WorkloadPilot    3: 1486768 op, 198170748.00 ns, 133.2896 ns/op
WorkloadPilot    4: 1875616 op, 157482921.00 ns, 83.9633 ns/op
WorkloadPilot    5: 2977504 op, 249973841.00 ns, 83.9542 ns/op
WorkloadPilot    6: 2977824 op, 247445024.00 ns, 83.0959 ns/op
WorkloadPilot    7: 3008576 op, 249858945.00 ns, 83.0489 ns/op
WorkloadPilot    8: 3010288 op, 250789973.00 ns, 83.3110 ns/op
WorkloadPilot    9: 3000816 op, 250561965.00 ns, 83.4979 ns/op
WorkloadPilot   10: 2994096 op, 248566600.00 ns, 83.0189 ns/op
WorkloadPilot   11: 3011376 op, 249734983.00 ns, 82.9305 ns/op
WorkloadPilot   12: 3014576 op, 249975754.00 ns, 82.9224 ns/op
WorkloadPilot   13: 3014880 op, 251461724.00 ns, 83.4069 ns/op

OverheadWarmup   1: 3014880 op, 11891151.00 ns, 3.9442 ns/op
OverheadWarmup   2: 3014880 op, 11856968.00 ns, 3.9328 ns/op
OverheadWarmup   3: 3014880 op, 11833954.00 ns, 3.9252 ns/op
OverheadWarmup   4: 3014880 op, 11832832.00 ns, 3.9248 ns/op
OverheadWarmup   5: 3014880 op, 11908665.00 ns, 3.9500 ns/op
OverheadWarmup   6: 3014880 op, 11861927.00 ns, 3.9345 ns/op
OverheadWarmup   7: 3014880 op, 11860554.00 ns, 3.9340 ns/op
OverheadWarmup   8: 3014880 op, 11858560.00 ns, 3.9333 ns/op
OverheadWarmup   9: 3014880 op, 12765673.00 ns, 4.2342 ns/op
OverheadWarmup  10: 3014880 op, 11844485.00 ns, 3.9287 ns/op

OverheadActual   1: 3014880 op, 11939452.00 ns, 3.9602 ns/op
OverheadActual   2: 3014880 op, 11858030.00 ns, 3.9332 ns/op
OverheadActual   3: 3014880 op, 11866495.00 ns, 3.9360 ns/op
OverheadActual   4: 3014880 op, 11849623.00 ns, 3.9304 ns/op
OverheadActual   5: 3014880 op, 11863119.00 ns, 3.9349 ns/op
OverheadActual   6: 3014880 op, 11850074.00 ns, 3.9305 ns/op
OverheadActual   7: 3014880 op, 11841749.00 ns, 3.9278 ns/op
OverheadActual   8: 3014880 op, 11855605.00 ns, 3.9324 ns/op

WorkloadWarmup   1: 3014880 op, 260310454.00 ns, 86.3419 ns/op
WorkloadWarmup   2: 3014880 op, 256850500.00 ns, 85.1943 ns/op
WorkloadWarmup   3: 3014880 op, 250647596.00 ns, 83.1368 ns/op
WorkloadWarmup   4: 3014880 op, 250156624.00 ns, 82.9740 ns/op
WorkloadWarmup   5: 3014880 op, 250405491.00 ns, 83.0565 ns/op

// BeforeActualRun
WorkloadActual   1: 3014880 op, 251642593.00 ns, 83.4669 ns/op
WorkloadActual   2: 3014880 op, 249985522.00 ns, 82.9172 ns/op
WorkloadActual   3: 3014880 op, 248485897.00 ns, 82.4198 ns/op
WorkloadActual   4: 3014880 op, 250623004.00 ns, 83.1287 ns/op
WorkloadActual   5: 3014880 op, 250581877.00 ns, 83.1150 ns/op
WorkloadActual   6: 3014880 op, 248691235.00 ns, 82.4879 ns/op
WorkloadActual   7: 3014880 op, 250690371.00 ns, 83.1510 ns/op
WorkloadActual   8: 3014880 op, 251539567.00 ns, 83.4327 ns/op

// AfterActualRun
WorkloadResult   1: 3014880 op, 239785775.50 ns, 79.5341 ns/op
WorkloadResult   2: 3014880 op, 238128704.50 ns, 78.9845 ns/op
WorkloadResult   3: 3014880 op, 236629079.50 ns, 78.4871 ns/op
WorkloadResult   4: 3014880 op, 238766186.50 ns, 79.1959 ns/op
WorkloadResult   5: 3014880 op, 238725059.50 ns, 79.1823 ns/op
WorkloadResult   6: 3014880 op, 236834417.50 ns, 78.5552 ns/op
WorkloadResult   7: 3014880 op, 238833553.50 ns, 79.2183 ns/op
WorkloadResult   8: 3014880 op, 239682749.50 ns, 79.4999 ns/op
// GC:  15 0 0 265309440 3014880
// Threading:  0 0 3014880

// AfterAll
// Benchmark Process 3405 has exited with code 0.

Mean = 79.082 ns, StdErr = 0.138 ns (0.17%), N = 8, StdDev = 0.389 ns
Min = 78.487 ns, Q1 = 78.877 ns, Median = 79.189 ns, Q3 = 79.289 ns, Max = 79.534 ns
IQR = 0.412 ns, LowerFence = 78.260 ns, UpperFence = 79.906 ns
ConfidenceInterval = [78.338 ns; 79.827 ns] (CI 99.9%), Margin = 0.745 ns (0.94% of Mean)
Skewness = -0.4, Kurtosis = 1.5, MValue = 2

// ** Remained 31 (81.6 %) benchmark(s) to run. Estimated finish 2026-08-02 8:20 (0h 3m from now) **
// **************************
// Benchmark: CustomConversion.Mapster: Quick(MaxRelativeError=0.05, Arguments=/p:MatrixMode=Benchmark, IterationTime=250ms, MaxIterationCount=12, MaxWarmupIterationCount=5, MinIterationCount=8, MinWarmupIterationCount=3)
// *** Execute ***
// Launch: 1 / 1
// Execute: dotnet Matrix.ObjectMapping-Quick-1.dll --anonymousPipes 131 132 --benchmarkName Matrix.ObjectMapping.Benchmarks.CustomConversion.Mapster --job Quick --benchmarkId 7 in /home/runner/work/dotnet-matrix/dotnet-matrix/src/Matrix.ObjectMapping/bin/Benchmark/Release/net10.0/Matrix.ObjectMapping-Quick-1/bin/Release/net10.0
// Failed to set up high priority (Permission denied). In order to run benchmarks with high priority, make sure you have the right permissions.
// BeforeAnythingElse

// Benchmark Process Environment Information:
// BenchmarkDotNet v0.15.8
// Runtime=.NET 10.0.10 (10.0.10, 10.0.1026.32716), X64 RyuJIT x86-64-v3
// GC=Concurrent Workstation
// HardwareIntrinsics=AVX2+BMI1+BMI2+F16C+FMA+LZCNT+MOVBE,AVX,SSE3+SSSE3+SSE4.1+SSE4.2+POPCNT,X86Base+SSE+SSE2,AES+PCLMUL VectorSize=256
// Job: Quick(MaxRelativeError=0.05, IterationTime=250ms, MaxIterationCount=12, MaxWarmupIterationCount=5, MinIterationCount=8, MinWarmupIterationCount=3)

OverheadJitting  1: 1 op, 242244.00 ns, 242.2440 us/op
WorkloadJitting  1: 1 op, 15354987.00 ns, 15.3550 ms/op

OverheadJitting  2: 16 op, 512203.00 ns, 32.0127 us/op
WorkloadJitting  2: 16 op, 494839.00 ns, 30.9274 us/op

WorkloadPilot    1: 16 op, 11312.00 ns, 707.0000 ns/op
WorkloadPilot    2: 353616 op, 128109915.00 ns, 362.2854 ns/op
WorkloadPilot    3: 690064 op, 105499872.00 ns, 152.8842 ns/op
WorkloadPilot    4: 1635232 op, 171312493.00 ns, 104.7634 ns/op
WorkloadPilot    5: 2386336 op, 248464939.00 ns, 104.1198 ns/op
WorkloadPilot    6: 2401088 op, 253544059.00 ns, 105.5955 ns/op
WorkloadPilot    7: 2367536 op, 248901348.00 ns, 105.1310 ns/op
WorkloadPilot    8: 2378000 op, 249404814.00 ns, 104.8801 ns/op
WorkloadPilot    9: 2383680 op, 251383701.00 ns, 105.4603 ns/op
WorkloadPilot   10: 2370560 op, 248404024.00 ns, 104.7871 ns/op
WorkloadPilot   11: 2385792 op, 250686852.00 ns, 105.0749 ns/op

OverheadWarmup   1: 2385792 op, 9359092.00 ns, 3.9228 ns/op
OverheadWarmup   2: 2385792 op, 9359482.00 ns, 3.9230 ns/op
OverheadWarmup   3: 2385792 op, 9304569.00 ns, 3.9000 ns/op
OverheadWarmup   4: 2385792 op, 9314558.00 ns, 3.9042 ns/op
OverheadWarmup   5: 2385792 op, 9303327.00 ns, 3.8995 ns/op

OverheadActual   1: 2385792 op, 9348683.00 ns, 3.9185 ns/op
OverheadActual   2: 2385792 op, 9343162.00 ns, 3.9162 ns/op
OverheadActual   3: 2385792 op, 9350616.00 ns, 3.9193 ns/op
OverheadActual   4: 2385792 op, 9345136.00 ns, 3.9170 ns/op
OverheadActual   5: 2385792 op, 9361146.00 ns, 3.9237 ns/op
OverheadActual   6: 2385792 op, 9302887.00 ns, 3.8993 ns/op
OverheadActual   7: 2385792 op, 9906401.00 ns, 4.1522 ns/op
OverheadActual   8: 2385792 op, 9303257.00 ns, 3.8994 ns/op

WorkloadWarmup   1: 2385792 op, 255727402.00 ns, 107.1876 ns/op
WorkloadWarmup   2: 2385792 op, 254197126.00 ns, 106.5462 ns/op
WorkloadWarmup   3: 2385792 op, 250026091.00 ns, 104.7979 ns/op
WorkloadWarmup   4: 2385792 op, 248391380.00 ns, 104.1128 ns/op
WorkloadWarmup   5: 2385792 op, 252296416.00 ns, 105.7495 ns/op

// BeforeActualRun
WorkloadActual   1: 2385792 op, 253251396.00 ns, 106.1498 ns/op
WorkloadActual   2: 2385792 op, 251383721.00 ns, 105.3670 ns/op
WorkloadActual   3: 2385792 op, 250743067.00 ns, 105.0985 ns/op
WorkloadActual   4: 2385792 op, 251475483.00 ns, 105.4055 ns/op
WorkloadActual   5: 2385792 op, 251694345.00 ns, 105.4972 ns/op
WorkloadActual   6: 2385792 op, 249737399.00 ns, 104.6769 ns/op
WorkloadActual   7: 2385792 op, 251304723.00 ns, 105.3339 ns/op
WorkloadActual   8: 2385792 op, 252566273.00 ns, 105.8627 ns/op

// AfterActualRun
WorkloadResult   1: 2385792 op, 242036811.50 ns, 101.4493 ns/op
WorkloadResult   2: 2385792 op, 241396157.50 ns, 101.1807 ns/op
WorkloadResult   3: 2385792 op, 242128573.50 ns, 101.4877 ns/op
WorkloadResult   4: 2385792 op, 242347435.50 ns, 101.5794 ns/op
WorkloadResult   5: 2385792 op, 240390489.50 ns, 100.7592 ns/op
WorkloadResult   6: 2385792 op, 241957813.50 ns, 101.4161 ns/op
WorkloadResult   7: 2385792 op, 243219363.50 ns, 101.9449 ns/op
// GC:  15 0 0 267208704 2385792
// Threading:  0 0 2385792

// AfterAll
// Benchmark Process 3417 has exited with code 0.

Mean = 101.402 ns, StdErr = 0.138 ns (0.14%), N = 7, StdDev = 0.365 ns
Min = 100.759 ns, Q1 = 101.298 ns, Median = 101.449 ns, Q3 = 101.534 ns, Max = 101.945 ns
IQR = 0.235 ns, LowerFence = 100.946 ns, UpperFence = 101.886 ns
ConfidenceInterval = [100.581 ns; 102.224 ns] (CI 99.9%), Margin = 0.821 ns (0.81% of Mean)
Skewness = -0.33, Kurtosis = 2.11, MValue = 2

// ** Remained 30 (78.9 %) benchmark(s) to run. Estimated finish 2026-08-02 8:20 (0h 2m from now) **
// ***** BenchmarkRunner: Finish  *****

// * Export *
  tmp/dotnet-matrix/ObjectMapping/4ff6a8fe23154753803edc028d76fae5/results/Matrix.ObjectMapping.Benchmarks.CustomConversion-report.csv
  tmp/dotnet-matrix/ObjectMapping/4ff6a8fe23154753803edc028d76fae5/results/Matrix.ObjectMapping.Benchmarks.CustomConversion-report-github.md
  tmp/dotnet-matrix/ObjectMapping/4ff6a8fe23154753803edc028d76fae5/results/Matrix.ObjectMapping.Benchmarks.CustomConversion-report.html
  tmp/dotnet-matrix/ObjectMapping/4ff6a8fe23154753803edc028d76fae5/results/Matrix.ObjectMapping.Benchmarks.CustomConversion-report-full.json

// * Detailed results *
CustomConversion.HandCoded: Quick(MaxRelativeError=0.05, Arguments=/p:MatrixMode=Benchmark, IterationTime=250ms, MaxIterationCount=12, MaxWarmupIterationCount=5, MinIterationCount=8, MinWarmupIterationCount=3)
Runtime = .NET 10.0.10 (10.0.10, 10.0.1026.32716), X64 RyuJIT x86-64-v3; GC = Concurrent Workstation
Mean = 77.111 ns, StdErr = 0.080 ns (0.10%), N = 8, StdDev = 0.227 ns
Min = 76.792 ns, Q1 = 76.980 ns, Median = 77.064 ns, Q3 = 77.329 ns, Max = 77.411 ns
IQR = 0.350 ns, LowerFence = 76.455 ns, UpperFence = 77.854 ns
ConfidenceInterval = [76.676 ns; 77.545 ns] (CI 99.9%), Margin = 0.435 ns (0.56% of Mean)
Skewness = 0.02, Kurtosis = 1.24, MValue = 2
-------------------- Histogram --------------------
[76.643 ns ; 77.560 ns) | @@@@@@@@
---------------------------------------------------

CustomConversion.Mapperly: Quick(MaxRelativeError=0.05, Arguments=/p:MatrixMode=Benchmark, IterationTime=250ms, MaxIterationCount=12, MaxWarmupIterationCount=5, MinIterationCount=8, MinWarmupIterationCount=3)
Runtime = .NET 10.0.10 (10.0.10, 10.0.1026.32716), X64 RyuJIT x86-64-v3; GC = Concurrent Workstation
Mean = 79.082 ns, StdErr = 0.138 ns (0.17%), N = 8, StdDev = 0.389 ns
Min = 78.487 ns, Q1 = 78.877 ns, Median = 79.189 ns, Q3 = 79.289 ns, Max = 79.534 ns
IQR = 0.412 ns, LowerFence = 78.260 ns, UpperFence = 79.906 ns
ConfidenceInterval = [78.338 ns; 79.827 ns] (CI 99.9%), Margin = 0.745 ns (0.94% of Mean)
Skewness = -0.4, Kurtosis = 1.5, MValue = 2
-------------------- Histogram --------------------
[78.231 ns ; 79.790 ns) | @@@@@@@@
---------------------------------------------------

CustomConversion.Mapster: Quick(MaxRelativeError=0.05, Arguments=/p:MatrixMode=Benchmark, IterationTime=250ms, MaxIterationCount=12, MaxWarmupIterationCount=5, MinIterationCount=8, MinWarmupIterationCount=3)
Runtime = .NET 10.0.10 (10.0.10, 10.0.1026.32716), X64 RyuJIT x86-64-v3; GC = Concurrent Workstation
Mean = 101.402 ns, StdErr = 0.138 ns (0.14%), N = 7, StdDev = 0.365 ns
Min = 100.759 ns, Q1 = 101.298 ns, Median = 101.449 ns, Q3 = 101.534 ns, Max = 101.945 ns
IQR = 0.235 ns, LowerFence = 100.946 ns, UpperFence = 101.886 ns
ConfidenceInterval = [100.581 ns; 102.224 ns] (CI 99.9%), Margin = 0.821 ns (0.81% of Mean)
Skewness = -0.33, Kurtosis = 2.11, MValue = 2
-------------------- Histogram --------------------
[100.509 ns ; 102.195 ns) | @@@@@@@
---------------------------------------------------

CustomConversion.AutoMapper: Quick(MaxRelativeError=0.05, Arguments=/p:MatrixMode=Benchmark, IterationTime=250ms, MaxIterationCount=12, MaxWarmupIterationCount=5, MinIterationCount=8, MinWarmupIterationCount=3)
Runtime = .NET 10.0.10 (10.0.10, 10.0.1026.32716), X64 RyuJIT x86-64-v3; GC = Concurrent Workstation
Mean = 144.691 ns, StdErr = 0.158 ns (0.11%), N = 7, StdDev = 0.417 ns
Min = 143.846 ns, Q1 = 144.645 ns, Median = 144.773 ns, Q3 = 144.866 ns, Max = 145.195 ns
IQR = 0.221 ns, LowerFence = 144.314 ns, UpperFence = 145.198 ns
ConfidenceInterval = [143.751 ns; 145.631 ns] (CI 99.9%), Margin = 0.940 ns (0.65% of Mean)
Skewness = -0.91, Kurtosis = 2.72, MValue = 2
-------------------- Histogram --------------------
[143.559 ns ; 145.481 ns) | @@@@@@@
---------------------------------------------------

// * Summary *

BenchmarkDotNet v0.15.8, Linux Ubuntu 24.04.4 LTS (Noble Numbat)
AMD EPYC 7763 2.45GHz, 1 CPU, 4 logical and 2 physical cores
.NET SDK 10.0.302
  [Host] : .NET 10.0.10 (10.0.10, 10.0.1026.32716), X64 RyuJIT x86-64-v3
  Quick  : .NET 10.0.10 (10.0.10, 10.0.1026.32716), X64 RyuJIT x86-64-v3

Job=Quick  MaxRelativeError=0.05  Arguments=/p:MatrixMode=Benchmark  
IterationTime=250ms  MaxIterationCount=12  MaxWarmupIterationCount=5  
MinIterationCount=8  MinWarmupIterationCount=3  

| Method     | Mean      | Error    | StdDev   | Ratio | Gen0   | Allocated | Alloc Ratio |
|----------- |----------:|---------:|---------:|------:|-------:|----------:|------------:|
| HandCoded  |  77.11 ns | 0.435 ns | 0.227 ns |  1.00 | 0.0051 |      88 B |        1.00 |
| Mapperly   |  79.08 ns | 0.745 ns | 0.389 ns |  1.03 | 0.0050 |      88 B |        1.00 |
| Mapster    | 101.40 ns | 0.821 ns | 0.365 ns |  1.32 | 0.0063 |     112 B |        1.27 |
| AutoMapper | 144.69 ns | 0.940 ns | 0.417 ns |  1.88 | 0.0048 |      88 B |        1.00 |

// * Hints *
Outliers
  CustomConversion.Mapster: Quick    -> 1 outlier  was  removed, 2 outliers were detected (104.68 ns, 106.15 ns)
  CustomConversion.AutoMapper: Quick -> 1 outlier  was  removed, 2 outliers were detected (147.76 ns, 149.80 ns)

// * Legends *
  Mean        : Arithmetic mean of all measurements
  Error       : Half of 99.9% confidence interval
  StdDev      : Standard deviation of all measurements
  Ratio       : Mean of the ratio distribution ([Current]/[Baseline])
  Gen0        : GC Generation 0 collects per 1000 operations
  Allocated   : Allocated memory per single operation (managed only, inclusive, 1KB = 1024B)
  Alloc Ratio : Allocated memory ratio distribution ([Current]/[Baseline])
  1 ns        : 1 Nanosecond (0.000000001 sec)

// * Diagnostic Output - MemoryDiagnoser *


// ***** BenchmarkRunner: End *****
Run time: 00:00:24 (24.81 sec), executed benchmarks: 4

// Found 4 benchmarks:
//   Flattening.AutoMapper: Quick(MaxRelativeError=0.05, Arguments=/p:MatrixMode=Benchmark, IterationTime=250ms, MaxIterationCount=12, MaxWarmupIterationCount=5, MinIterationCount=8, MinWarmupIterationCount=3)
//   Flattening.HandCoded: Quick(MaxRelativeError=0.05, Arguments=/p:MatrixMode=Benchmark, IterationTime=250ms, MaxIterationCount=12, MaxWarmupIterationCount=5, MinIterationCount=8, MinWarmupIterationCount=3)
//   Flattening.Mapperly: Quick(MaxRelativeError=0.05, Arguments=/p:MatrixMode=Benchmark, IterationTime=250ms, MaxIterationCount=12, MaxWarmupIterationCount=5, MinIterationCount=8, MinWarmupIterationCount=3)
//   Flattening.Mapster: Quick(MaxRelativeError=0.05, Arguments=/p:MatrixMode=Benchmark, IterationTime=250ms, MaxIterationCount=12, MaxWarmupIterationCount=5, MinIterationCount=8, MinWarmupIterationCount=3)

// **************************
// Benchmark: Flattening.AutoMapper: Quick(MaxRelativeError=0.05, Arguments=/p:MatrixMode=Benchmark, IterationTime=250ms, MaxIterationCount=12, MaxWarmupIterationCount=5, MinIterationCount=8, MinWarmupIterationCount=3)
// *** Execute ***
// Launch: 1 / 1
// Execute: dotnet Matrix.ObjectMapping-Quick-1.dll --anonymousPipes 131 132 --benchmarkName Matrix.ObjectMapping.Benchmarks.Flattening.AutoMapper --job Quick --benchmarkId 8 in /home/runner/work/dotnet-matrix/dotnet-matrix/src/Matrix.ObjectMapping/bin/Benchmark/Release/net10.0/Matrix.ObjectMapping-Quick-1/bin/Release/net10.0
// Failed to set up high priority (Permission denied). In order to run benchmarks with high priority, make sure you have the right permissions.
// BeforeAnythingElse

// Benchmark Process Environment Information:
// BenchmarkDotNet v0.15.8
// Runtime=.NET 10.0.10 (10.0.10, 10.0.1026.32716), X64 RyuJIT x86-64-v3
// GC=Concurrent Workstation
// HardwareIntrinsics=AVX2+BMI1+BMI2+F16C+FMA+LZCNT+MOVBE,AVX,SSE3+SSSE3+SSE4.1+SSE4.2+POPCNT,X86Base+SSE+SSE2,AES+PCLMUL VectorSize=256
// Job: Quick(MaxRelativeError=0.05, IterationTime=250ms, MaxIterationCount=12, MaxWarmupIterationCount=5, MinIterationCount=8, MinWarmupIterationCount=3)

OverheadJitting  1: 1 op, 227046.00 ns, 227.0460 us/op
WorkloadJitting  1: 1 op, 1766098.00 ns, 1.7661 ms/op

OverheadJitting  2: 16 op, 509537.00 ns, 31.8461 us/op
WorkloadJitting  2: 16 op, 895763.00 ns, 55.9852 us/op

WorkloadPilot    1: 16 op, 13666.00 ns, 854.1250 ns/op
WorkloadPilot    2: 292704 op, 104715760.00 ns, 357.7531 ns/op
WorkloadPilot    3: 698816 op, 107293552.00 ns, 153.5362 ns/op
WorkloadPilot    4: 1628288 op, 132764312.00 ns, 81.5361 ns/op
WorkloadPilot    5: 3066128 op, 243688565.00 ns, 79.4776 ns/op
WorkloadPilot    6: 3145552 op, 251594857.00 ns, 79.9843 ns/op
WorkloadPilot    7: 3125616 op, 247928921.00 ns, 79.3216 ns/op
WorkloadPilot    8: 3151728 op, 250204767.00 ns, 79.3865 ns/op
WorkloadPilot    9: 3149152 op, 250433807.00 ns, 79.5242 ns/op

OverheadWarmup   1: 3149152 op, 12446753.00 ns, 3.9524 ns/op
OverheadWarmup   2: 3149152 op, 12284588.00 ns, 3.9009 ns/op
OverheadWarmup   3: 3149152 op, 12237079.00 ns, 3.8858 ns/op
OverheadWarmup   4: 3149152 op, 12292252.00 ns, 3.9034 ns/op
OverheadWarmup   5: 3149152 op, 12277535.00 ns, 3.8987 ns/op
OverheadWarmup   6: 3149152 op, 12305828.00 ns, 3.9077 ns/op
OverheadWarmup   7: 3149152 op, 12263679.00 ns, 3.8943 ns/op

OverheadActual   1: 3149152 op, 12285950.00 ns, 3.9014 ns/op
OverheadActual   2: 3149152 op, 12342817.00 ns, 3.9194 ns/op
OverheadActual   3: 3149152 op, 12408751.00 ns, 3.9403 ns/op
OverheadActual   4: 3149152 op, 12305397.00 ns, 3.9075 ns/op
OverheadActual   5: 3149152 op, 12246266.00 ns, 3.8888 ns/op
OverheadActual   6: 3149152 op, 12255203.00 ns, 3.8916 ns/op
OverheadActual   7: 3149152 op, 12240525.00 ns, 3.8869 ns/op
OverheadActual   8: 3149152 op, 12258609.00 ns, 3.8927 ns/op

WorkloadWarmup   1: 3149152 op, 259344516.00 ns, 82.3538 ns/op
WorkloadWarmup   2: 3149152 op, 254164365.00 ns, 80.7088 ns/op
WorkloadWarmup   3: 3149152 op, 249986336.00 ns, 79.3821 ns/op
WorkloadWarmup   4: 3149152 op, 249814654.00 ns, 79.3276 ns/op
WorkloadWarmup   5: 3149152 op, 250306799.00 ns, 79.4839 ns/op

// BeforeActualRun
WorkloadActual   1: 3149152 op, 252779984.00 ns, 80.2692 ns/op
WorkloadActual   2: 3149152 op, 250535838.00 ns, 79.5566 ns/op
WorkloadActual   3: 3149152 op, 249818020.00 ns, 79.3287 ns/op
WorkloadActual   4: 3149152 op, 248741577.00 ns, 78.9868 ns/op
WorkloadActual   5: 3149152 op, 249301059.00 ns, 79.1645 ns/op
WorkloadActual   6: 3149152 op, 249528196.00 ns, 79.2366 ns/op
WorkloadActual   7: 3149152 op, 249368546.00 ns, 79.1859 ns/op
WorkloadActual   8: 3149152 op, 250555766.00 ns, 79.5629 ns/op

// AfterActualRun
WorkloadResult   1: 3149152 op, 238263558.50 ns, 75.6596 ns/op
WorkloadResult   2: 3149152 op, 237545740.50 ns, 75.4317 ns/op
WorkloadResult   3: 3149152 op, 236469297.50 ns, 75.0898 ns/op
WorkloadResult   4: 3149152 op, 237028779.50 ns, 75.2675 ns/op
WorkloadResult   5: 3149152 op, 237255916.50 ns, 75.3396 ns/op
WorkloadResult   6: 3149152 op, 237096266.50 ns, 75.2889 ns/op
WorkloadResult   7: 3149152 op, 238283486.50 ns, 75.6659 ns/op
// GC:  10 0 0 176352512 3149152
// Threading:  0 0 3149152

// AfterAll
// Benchmark Process 3428 has exited with code 0.

Mean = 75.392 ns, StdErr = 0.080 ns (0.11%), N = 7, StdDev = 0.211 ns
Min = 75.090 ns, Q1 = 75.278 ns, Median = 75.340 ns, Q3 = 75.546 ns, Max = 75.666 ns
IQR = 0.267 ns, LowerFence = 74.877 ns, UpperFence = 75.947 ns
ConfidenceInterval = [74.916 ns; 75.868 ns] (CI 99.9%), Margin = 0.476 ns (0.63% of Mean)
Skewness = 0.14, Kurtosis = 1.39, MValue = 2

// ** Remained 29 (76.3 %) benchmark(s) to run. Estimated finish 2026-08-02 8:20 (0h 2m from now) **
// **************************
// Benchmark: Flattening.HandCoded: Quick(MaxRelativeError=0.05, Arguments=/p:MatrixMode=Benchmark, IterationTime=250ms, MaxIterationCount=12, MaxWarmupIterationCount=5, MinIterationCount=8, MinWarmupIterationCount=3)
// *** Execute ***
// Launch: 1 / 1
// Execute: dotnet Matrix.ObjectMapping-Quick-1.dll --anonymousPipes 131 132 --benchmarkName Matrix.ObjectMapping.Benchmarks.Flattening.HandCoded --job Quick --benchmarkId 9 in /home/runner/work/dotnet-matrix/dotnet-matrix/src/Matrix.ObjectMapping/bin/Benchmark/Release/net10.0/Matrix.ObjectMapping-Quick-1/bin/Release/net10.0
// Failed to set up high priority (Permission denied). In order to run benchmarks with high priority, make sure you have the right permissions.
// BeforeAnythingElse

// Benchmark Process Environment Information:
// BenchmarkDotNet v0.15.8
// Runtime=.NET 10.0.10 (10.0.10, 10.0.1026.32716), X64 RyuJIT x86-64-v3
// GC=Concurrent Workstation
// HardwareIntrinsics=AVX2+BMI1+BMI2+F16C+FMA+LZCNT+MOVBE,AVX,SSE3+SSSE3+SSE4.1+SSE4.2+POPCNT,X86Base+SSE+SSE2,AES+PCLMUL VectorSize=256
// Job: Quick(MaxRelativeError=0.05, IterationTime=250ms, MaxIterationCount=12, MaxWarmupIterationCount=5, MinIterationCount=8, MinWarmupIterationCount=3)

OverheadJitting  1: 1 op, 247194.00 ns, 247.1940 us/op
WorkloadJitting  1: 1 op, 482737.00 ns, 482.7370 us/op

OverheadJitting  2: 16 op, 491303.00 ns, 30.7064 us/op
WorkloadJitting  2: 16 op, 556636.00 ns, 34.7898 us/op

WorkloadPilot    1: 16 op, 3357.00 ns, 209.8125 ns/op
WorkloadPilot    2: 1191552 op, 56033405.00 ns, 47.0256 ns/op
WorkloadPilot    3: 5316272 op, 150518395.00 ns, 28.3128 ns/op
WorkloadPilot    4: 8829952 op, 123247033.00 ns, 13.9578 ns/op
WorkloadPilot    5: 17911088 op, 250918628.00 ns, 14.0091 ns/op
WorkloadPilot    6: 17845520 op, 245363412.00 ns, 13.7493 ns/op
WorkloadPilot    7: 18182752 op, 252038362.00 ns, 13.8614 ns/op
WorkloadPilot    8: 18035712 op, 251048722.00 ns, 13.9195 ns/op

OverheadWarmup   1: 18035712 op, 81476132.00 ns, 4.5175 ns/op
OverheadWarmup   2: 18035712 op, 81459590.00 ns, 4.5166 ns/op
OverheadWarmup   3: 18035712 op, 81688090.00 ns, 4.5292 ns/op
OverheadWarmup   4: 18035712 op, 58910089.00 ns, 3.2663 ns/op
OverheadWarmup   5: 18035712 op, 59068477.00 ns, 3.2751 ns/op
OverheadWarmup   6: 18035712 op, 58950805.00 ns, 3.2686 ns/op

OverheadActual   1: 18035712 op, 58978617.00 ns, 3.2701 ns/op
OverheadActual   2: 18035712 op, 58996842.00 ns, 3.2711 ns/op
OverheadActual   3: 18035712 op, 59052726.00 ns, 3.2742 ns/op
OverheadActual   4: 18035712 op, 58988827.00 ns, 3.2707 ns/op
OverheadActual   5: 18035712 op, 58990300.00 ns, 3.2707 ns/op
OverheadActual   6: 18035712 op, 58922853.00 ns, 3.2670 ns/op
OverheadActual   7: 18035712 op, 63669049.00 ns, 3.5302 ns/op
OverheadActual   8: 18035712 op, 59175458.00 ns, 3.2810 ns/op

WorkloadWarmup   1: 18035712 op, 253124031.00 ns, 14.0346 ns/op
WorkloadWarmup   2: 18035712 op, 252125655.00 ns, 13.9792 ns/op
WorkloadWarmup   3: 18035712 op, 248012929.00 ns, 13.7512 ns/op
WorkloadWarmup   4: 18035712 op, 244979150.00 ns, 13.5830 ns/op
WorkloadWarmup   5: 18035712 op, 249279509.00 ns, 13.8214 ns/op

// BeforeActualRun
WorkloadActual   1: 18035712 op, 259988511.00 ns, 14.4152 ns/op
WorkloadActual   2: 18035712 op, 256832969.00 ns, 14.2402 ns/op
WorkloadActual   3: 18035712 op, 251696198.00 ns, 13.9554 ns/op
WorkloadActual   4: 18035712 op, 250567328.00 ns, 13.8928 ns/op
WorkloadActual   5: 18035712 op, 250349198.00 ns, 13.8807 ns/op
WorkloadActual   6: 18035712 op, 247878055.00 ns, 13.7437 ns/op
WorkloadActual   7: 18035712 op, 253387796.00 ns, 14.0492 ns/op
WorkloadActual   8: 18035712 op, 250445749.00 ns, 13.8861 ns/op

// AfterActualRun
WorkloadResult   1: 18035712 op, 200994940.00 ns, 11.1443 ns/op
WorkloadResult   2: 18035712 op, 197839398.00 ns, 10.9693 ns/op
WorkloadResult   3: 18035712 op, 192702627.00 ns, 10.6845 ns/op
WorkloadResult   4: 18035712 op, 191573757.00 ns, 10.6219 ns/op
WorkloadResult   5: 18035712 op, 191355627.00 ns, 10.6098 ns/op
WorkloadResult   6: 18035712 op, 188884484.00 ns, 10.4728 ns/op
WorkloadResult   7: 18035712 op, 194394225.00 ns, 10.7783 ns/op
WorkloadResult   8: 18035712 op, 191452178.00 ns, 10.6152 ns/op
// GC:  60 0 0 1009999872 18035712
// Threading:  0 0 18035712

// AfterAll
// Benchmark Process 3438 has exited with code 0.

Mean = 10.737 ns, StdErr = 0.078 ns (0.72%), N = 8, StdDev = 0.220 ns
Min = 10.473 ns, Q1 = 10.614 ns, Median = 10.653 ns, Q3 = 10.826 ns, Max = 11.144 ns
IQR = 0.212 ns, LowerFence = 10.296 ns, UpperFence = 11.144 ns
ConfidenceInterval = [10.317 ns; 11.157 ns] (CI 99.9%), Margin = 0.420 ns (3.92% of Mean)
Skewness = 0.66, Kurtosis = 1.92, MValue = 2

// ** Remained 28 (73.7 %) benchmark(s) to run. Estimated finish 2026-08-02 8:20 (0h 2m from now) **
// **************************
// Benchmark: Flattening.Mapperly: Quick(MaxRelativeError=0.05, Arguments=/p:MatrixMode=Benchmark, IterationTime=250ms, MaxIterationCount=12, MaxWarmupIterationCount=5, MinIterationCount=8, MinWarmupIterationCount=3)
// *** Execute ***
// Launch: 1 / 1
// Execute: dotnet Matrix.ObjectMapping-Quick-1.dll --anonymousPipes 131 132 --benchmarkName Matrix.ObjectMapping.Benchmarks.Flattening.Mapperly --job Quick --benchmarkId 10 in /home/runner/work/dotnet-matrix/dotnet-matrix/src/Matrix.ObjectMapping/bin/Benchmark/Release/net10.0/Matrix.ObjectMapping-Quick-1/bin/Release/net10.0
// Failed to set up high priority (Permission denied). In order to run benchmarks with high priority, make sure you have the right permissions.
// BeforeAnythingElse

// Benchmark Process Environment Information:
// BenchmarkDotNet v0.15.8
// Runtime=.NET 10.0.10 (10.0.10, 10.0.1026.32716), X64 RyuJIT x86-64-v3
// GC=Concurrent Workstation
// HardwareIntrinsics=AVX2+BMI1+BMI2+F16C+FMA+LZCNT+MOVBE,AVX,SSE3+SSSE3+SSE4.1+SSE4.2+POPCNT,X86Base+SSE+SSE2,AES+PCLMUL VectorSize=256
// Job: Quick(MaxRelativeError=0.05, IterationTime=250ms, MaxIterationCount=12, MaxWarmupIterationCount=5, MinIterationCount=8, MinWarmupIterationCount=3)

OverheadJitting  1: 1 op, 235022.00 ns, 235.0220 us/op
WorkloadJitting  1: 1 op, 518984.00 ns, 518.9840 us/op

OverheadJitting  2: 16 op, 469923.00 ns, 29.3702 us/op
WorkloadJitting  2: 16 op, 508254.00 ns, 31.7659 us/op

WorkloadPilot    1: 16 op, 12223.00 ns, 763.9375 ns/op
WorkloadPilot    2: 327264 op, 21462939.00 ns, 65.5830 ns/op
WorkloadPilot    3: 3811968 op, 157274725.00 ns, 41.2581 ns/op
WorkloadPilot    4: 6059424 op, 84706934.00 ns, 13.9794 ns/op
WorkloadPilot    5: 17883504 op, 239390181.00 ns, 13.3861 ns/op
WorkloadPilot    6: 18676112 op, 258282962.00 ns, 13.8296 ns/op
WorkloadPilot    7: 18077184 op, 249447564.00 ns, 13.7990 ns/op
WorkloadPilot    8: 18117232 op, 248356655.00 ns, 13.7083 ns/op
WorkloadPilot    9: 18237120 op, 255375370.00 ns, 14.0031 ns/op
WorkloadPilot   10: 17853264 op, 247775062.00 ns, 13.8784 ns/op
WorkloadPilot   11: 18013584 op, 248593470.00 ns, 13.8003 ns/op
WorkloadPilot   12: 18115504 op, 247845284.00 ns, 13.6814 ns/op
WorkloadPilot   13: 18273008 op, 260674284.00 ns, 14.2655 ns/op

OverheadWarmup   1: 18273008 op, 83566052.00 ns, 4.5732 ns/op
OverheadWarmup   2: 18273008 op, 82575310.00 ns, 4.5190 ns/op
OverheadWarmup   3: 18273008 op, 82653437.00 ns, 4.5233 ns/op
OverheadWarmup   4: 18273008 op, 59864607.00 ns, 3.2761 ns/op
OverheadWarmup   5: 18273008 op, 59811037.00 ns, 3.2732 ns/op
OverheadWarmup   6: 18273008 op, 59874706.00 ns, 3.2767 ns/op
OverheadWarmup   7: 18273008 op, 59893512.00 ns, 3.2777 ns/op
OverheadWarmup   8: 18273008 op, 59768407.00 ns, 3.2709 ns/op

OverheadActual   1: 18273008 op, 59821296.00 ns, 3.2738 ns/op
OverheadActual   2: 18273008 op, 59834761.00 ns, 3.2745 ns/op
OverheadActual   3: 18273008 op, 59866711.00 ns, 3.2762 ns/op
OverheadActual   4: 18273008 op, 59950368.00 ns, 3.2808 ns/op
OverheadActual   5: 18273008 op, 59681554.00 ns, 3.2661 ns/op
OverheadActual   6: 18273008 op, 59662147.00 ns, 3.2650 ns/op
OverheadActual   7: 18273008 op, 59742809.00 ns, 3.2695 ns/op
OverheadActual   8: 18273008 op, 59845902.00 ns, 3.2751 ns/op

WorkloadWarmup   1: 18273008 op, 266555541.00 ns, 14.5874 ns/op
WorkloadWarmup   2: 18273008 op, 262628305.00 ns, 14.3725 ns/op
WorkloadWarmup   3: 18273008 op, 253188803.00 ns, 13.8559 ns/op
WorkloadWarmup   4: 18273008 op, 253528530.00 ns, 13.8745 ns/op
WorkloadWarmup   5: 18273008 op, 252930186.00 ns, 13.8417 ns/op

// BeforeActualRun
WorkloadActual   1: 18273008 op, 255794707.00 ns, 13.9985 ns/op
WorkloadActual   2: 18273008 op, 254960210.00 ns, 13.9528 ns/op
WorkloadActual   3: 18273008 op, 250888491.00 ns, 13.7300 ns/op
WorkloadActual   4: 18273008 op, 249611432.00 ns, 13.6601 ns/op
WorkloadActual   5: 18273008 op, 250041169.00 ns, 13.6836 ns/op
WorkloadActual   6: 18273008 op, 252643948.00 ns, 13.8261 ns/op
WorkloadActual   7: 18273008 op, 248712192.00 ns, 13.6109 ns/op
WorkloadActual   8: 18273008 op, 253628592.00 ns, 13.8800 ns/op

// AfterActualRun
WorkloadResult   1: 18273008 op, 195966678.50 ns, 10.7244 ns/op
WorkloadResult   2: 18273008 op, 195132181.50 ns, 10.6787 ns/op
WorkloadResult   3: 18273008 op, 191060462.50 ns, 10.4559 ns/op
WorkloadResult   4: 18273008 op, 189783403.50 ns, 10.3860 ns/op
WorkloadResult   5: 18273008 op, 190213140.50 ns, 10.4095 ns/op
WorkloadResult   6: 18273008 op, 192815919.50 ns, 10.5520 ns/op
WorkloadResult   7: 18273008 op, 188884163.50 ns, 10.3368 ns/op
WorkloadResult   8: 18273008 op, 193800563.50 ns, 10.6058 ns/op
// GC:  61 0 0 1023288448 18273008
// Threading:  0 0 18273008

// AfterAll
// Benchmark Process 3469 has exited with code 0.

Mean = 10.519 ns, StdErr = 0.051 ns (0.48%), N = 8, StdDev = 0.143 ns
Min = 10.337 ns, Q1 = 10.404 ns, Median = 10.504 ns, Q3 = 10.624 ns, Max = 10.724 ns
IQR = 0.220 ns, LowerFence = 10.073 ns, UpperFence = 10.955 ns
ConfidenceInterval = [10.245 ns; 10.792 ns] (CI 99.9%), Margin = 0.273 ns (2.60% of Mean)
Skewness = 0.15, Kurtosis = 1.22, MValue = 2

// ** Remained 27 (71.1 %) benchmark(s) to run. Estimated finish 2026-08-02 8:20 (0h 2m from now) **
// **************************
// Benchmark: Flattening.Mapster: Quick(MaxRelativeError=0.05, Arguments=/p:MatrixMode=Benchmark, IterationTime=250ms, MaxIterationCount=12, MaxWarmupIterationCount=5, MinIterationCount=8, MinWarmupIterationCount=3)
// *** Execute ***
// Launch: 1 / 1
// Execute: dotnet Matrix.ObjectMapping-Quick-1.dll --anonymousPipes 131 132 --benchmarkName Matrix.ObjectMapping.Benchmarks.Flattening.Mapster --job Quick --benchmarkId 11 in /home/runner/work/dotnet-matrix/dotnet-matrix/src/Matrix.ObjectMapping/bin/Benchmark/Release/net10.0/Matrix.ObjectMapping-Quick-1/bin/Release/net10.0
// Failed to set up high priority (Permission denied). In order to run benchmarks with high priority, make sure you have the right permissions.
// BeforeAnythingElse

// Benchmark Process Environment Information:
// BenchmarkDotNet v0.15.8
// Runtime=.NET 10.0.10 (10.0.10, 10.0.1026.32716), X64 RyuJIT x86-64-v3
// GC=Concurrent Workstation
// HardwareIntrinsics=AVX2+BMI1+BMI2+F16C+FMA+LZCNT+MOVBE,AVX,SSE3+SSSE3+SSE4.1+SSE4.2+POPCNT,X86Base+SSE+SSE2,AES+PCLMUL VectorSize=256
// Job: Quick(MaxRelativeError=0.05, IterationTime=250ms, MaxIterationCount=12, MaxWarmupIterationCount=5, MinIterationCount=8, MinWarmupIterationCount=3)

OverheadJitting  1: 1 op, 229040.00 ns, 229.0400 us/op
WorkloadJitting  1: 1 op, 3042129.00 ns, 3.0421 ms/op

OverheadJitting  2: 16 op, 495932.00 ns, 30.9958 us/op
WorkloadJitting  2: 16 op, 468310.00 ns, 29.2694 us/op

WorkloadPilot    1: 16 op, 5731.00 ns, 358.1875 ns/op
WorkloadPilot    2: 697968 op, 94431321.00 ns, 135.2946 ns/op
WorkloadPilot    3: 1847824 op, 93994020.00 ns, 50.8674 ns/op
WorkloadPilot    4: 4914752 op, 117093740.00 ns, 23.8250 ns/op
WorkloadPilot    5: 10493200 op, 251290728.00 ns, 23.9480 ns/op
WorkloadPilot    6: 10439312 op, 253819672.00 ns, 24.3138 ns/op
WorkloadPilot    7: 10282224 op, 245712192.00 ns, 23.8968 ns/op
WorkloadPilot    8: 10461664 op, 247713805.00 ns, 23.6782 ns/op
WorkloadPilot    9: 10558224 op, 250542171.00 ns, 23.7296 ns/op

OverheadWarmup   1: 10558224 op, 41493484.00 ns, 3.9300 ns/op
OverheadWarmup   2: 10558224 op, 41500668.00 ns, 3.9306 ns/op
OverheadWarmup   3: 10558224 op, 41577713.00 ns, 3.9379 ns/op
OverheadWarmup   4: 10558224 op, 41522769.00 ns, 3.9327 ns/op
OverheadWarmup   5: 10558224 op, 41550682.00 ns, 3.9354 ns/op
OverheadWarmup   6: 10558224 op, 41558477.00 ns, 3.9361 ns/op
OverheadWarmup   7: 10558224 op, 41949672.00 ns, 3.9732 ns/op
OverheadWarmup   8: 10558224 op, 34986083.00 ns, 3.3136 ns/op

OverheadActual   1: 10558224 op, 35115255.00 ns, 3.3259 ns/op
OverheadActual   2: 10558224 op, 35028763.00 ns, 3.3177 ns/op
OverheadActual   3: 10558224 op, 34954513.00 ns, 3.3106 ns/op
OverheadActual   4: 10558224 op, 35005470.00 ns, 3.3155 ns/op
OverheadActual   5: 10558224 op, 34944515.00 ns, 3.3097 ns/op
OverheadActual   6: 10558224 op, 34992234.00 ns, 3.3142 ns/op
OverheadActual   7: 10558224 op, 35151604.00 ns, 3.3293 ns/op
OverheadActual   8: 10558224 op, 38001662.00 ns, 3.5992 ns/op

WorkloadWarmup   1: 10558224 op, 260262667.00 ns, 24.6502 ns/op
WorkloadWarmup   2: 10558224 op, 254658028.00 ns, 24.1194 ns/op
WorkloadWarmup   3: 10558224 op, 250298463.00 ns, 23.7065 ns/op
WorkloadWarmup   4: 10558224 op, 250439839.00 ns, 23.7199 ns/op
WorkloadWarmup   5: 10558224 op, 249576516.00 ns, 23.6381 ns/op

// BeforeActualRun
WorkloadActual   1: 10558224 op, 250421173.00 ns, 23.7181 ns/op
WorkloadActual   2: 10558224 op, 247961130.00 ns, 23.4851 ns/op
WorkloadActual   3: 10558224 op, 253335953.00 ns, 23.9942 ns/op
WorkloadActual   4: 10558224 op, 250649914.00 ns, 23.7398 ns/op
WorkloadActual   5: 10558224 op, 249150897.00 ns, 23.5978 ns/op
WorkloadActual   6: 10558224 op, 251506053.00 ns, 23.8209 ns/op
WorkloadActual   7: 10558224 op, 251032203.00 ns, 23.7760 ns/op
WorkloadActual   8: 10558224 op, 250945810.00 ns, 23.7678 ns/op

// AfterActualRun
WorkloadResult   1: 10558224 op, 215404056.50 ns, 20.4015 ns/op
WorkloadResult   2: 10558224 op, 212944013.50 ns, 20.1685 ns/op
WorkloadResult   3: 10558224 op, 215632797.50 ns, 20.4232 ns/op
WorkloadResult   4: 10558224 op, 214133780.50 ns, 20.2812 ns/op
WorkloadResult   5: 10558224 op, 216488936.50 ns, 20.5043 ns/op
WorkloadResult   6: 10558224 op, 216015086.50 ns, 20.4594 ns/op
WorkloadResult   7: 10558224 op, 215928693.50 ns, 20.4512 ns/op
// GC:  35 0 0 591260544 10558224
// Threading:  0 0 10558224

// AfterAll
// Benchmark Process 3479 has exited with code 0.

Mean = 20.384 ns, StdErr = 0.045 ns (0.22%), N = 7, StdDev = 0.118 ns
Min = 20.169 ns, Q1 = 20.341 ns, Median = 20.423 ns, Q3 = 20.455 ns, Max = 20.504 ns
IQR = 0.114 ns, LowerFence = 20.170 ns, UpperFence = 20.626 ns
ConfidenceInterval = [20.119 ns; 20.650 ns] (CI 99.9%), Margin = 0.266 ns (1.30% of Mean)
Skewness = -0.75, Kurtosis = 1.87, MValue = 2

// ** Remained 26 (68.4 %) benchmark(s) to run. Estimated finish 2026-08-02 8:20 (0h 2m from now) **
// ***** BenchmarkRunner: Finish  *****

// * Export *
  tmp/dotnet-matrix/ObjectMapping/4ff6a8fe23154753803edc028d76fae5/results/Matrix.ObjectMapping.Benchmarks.Flattening-report.csv
  tmp/dotnet-matrix/ObjectMapping/4ff6a8fe23154753803edc028d76fae5/results/Matrix.ObjectMapping.Benchmarks.Flattening-report-github.md
  tmp/dotnet-matrix/ObjectMapping/4ff6a8fe23154753803edc028d76fae5/results/Matrix.ObjectMapping.Benchmarks.Flattening-report.html
  tmp/dotnet-matrix/ObjectMapping/4ff6a8fe23154753803edc028d76fae5/results/Matrix.ObjectMapping.Benchmarks.Flattening-report-full.json

// * Detailed results *
Flattening.Mapperly: Quick(MaxRelativeError=0.05, Arguments=/p:MatrixMode=Benchmark, IterationTime=250ms, MaxIterationCount=12, MaxWarmupIterationCount=5, MinIterationCount=8, MinWarmupIterationCount=3)
Runtime = .NET 10.0.10 (10.0.10, 10.0.1026.32716), X64 RyuJIT x86-64-v3; GC = Concurrent Workstation
Mean = 10.519 ns, StdErr = 0.051 ns (0.48%), N = 8, StdDev = 0.143 ns
Min = 10.337 ns, Q1 = 10.404 ns, Median = 10.504 ns, Q3 = 10.624 ns, Max = 10.724 ns
IQR = 0.220 ns, LowerFence = 10.073 ns, UpperFence = 10.955 ns
ConfidenceInterval = [10.245 ns; 10.792 ns] (CI 99.9%), Margin = 0.273 ns (2.60% of Mean)
Skewness = 0.15, Kurtosis = 1.22, MValue = 2
-------------------- Histogram --------------------
[10.292 ns ; 10.745 ns) | @@@@@@@@
---------------------------------------------------

Flattening.HandCoded: Quick(MaxRelativeError=0.05, Arguments=/p:MatrixMode=Benchmark, IterationTime=250ms, MaxIterationCount=12, MaxWarmupIterationCount=5, MinIterationCount=8, MinWarmupIterationCount=3)
Runtime = .NET 10.0.10 (10.0.10, 10.0.1026.32716), X64 RyuJIT x86-64-v3; GC = Concurrent Workstation
Mean = 10.737 ns, StdErr = 0.078 ns (0.72%), N = 8, StdDev = 0.220 ns
Min = 10.473 ns, Q1 = 10.614 ns, Median = 10.653 ns, Q3 = 10.826 ns, Max = 11.144 ns
IQR = 0.212 ns, LowerFence = 10.296 ns, UpperFence = 11.144 ns
ConfidenceInterval = [10.317 ns; 11.157 ns] (CI 99.9%), Margin = 0.420 ns (3.92% of Mean)
Skewness = 0.66, Kurtosis = 1.92, MValue = 2
-------------------- Histogram --------------------
[10.329 ns ; 10.550 ns) | @
[10.550 ns ; 10.838 ns) | @@@@@
[10.838 ns ; 11.201 ns) | @@
---------------------------------------------------

Flattening.Mapster: Quick(MaxRelativeError=0.05, Arguments=/p:MatrixMode=Benchmark, IterationTime=250ms, MaxIterationCount=12, MaxWarmupIterationCount=5, MinIterationCount=8, MinWarmupIterationCount=3)
Runtime = .NET 10.0.10 (10.0.10, 10.0.1026.32716), X64 RyuJIT x86-64-v3; GC = Concurrent Workstation
Mean = 20.384 ns, StdErr = 0.045 ns (0.22%), N = 7, StdDev = 0.118 ns
Min = 20.169 ns, Q1 = 20.341 ns, Median = 20.423 ns, Q3 = 20.455 ns, Max = 20.504 ns
IQR = 0.114 ns, LowerFence = 20.170 ns, UpperFence = 20.626 ns
ConfidenceInterval = [20.119 ns; 20.650 ns] (CI 99.9%), Margin = 0.266 ns (1.30% of Mean)
Skewness = -0.75, Kurtosis = 1.87, MValue = 2
-------------------- Histogram --------------------
[20.088 ns ; 20.585 ns) | @@@@@@@
---------------------------------------------------

Flattening.AutoMapper: Quick(MaxRelativeError=0.05, Arguments=/p:MatrixMode=Benchmark, IterationTime=250ms, MaxIterationCount=12, MaxWarmupIterationCount=5, MinIterationCount=8, MinWarmupIterationCount=3)
Runtime = .NET 10.0.10 (10.0.10, 10.0.1026.32716), X64 RyuJIT x86-64-v3; GC = Concurrent Workstation
Mean = 75.392 ns, StdErr = 0.080 ns (0.11%), N = 7, StdDev = 0.211 ns
Min = 75.090 ns, Q1 = 75.278 ns, Median = 75.340 ns, Q3 = 75.546 ns, Max = 75.666 ns
IQR = 0.267 ns, LowerFence = 74.877 ns, UpperFence = 75.947 ns
ConfidenceInterval = [74.916 ns; 75.868 ns] (CI 99.9%), Margin = 0.476 ns (0.63% of Mean)
Skewness = 0.14, Kurtosis = 1.39, MValue = 2
-------------------- Histogram --------------------
[74.945 ns ; 75.811 ns) | @@@@@@@
---------------------------------------------------

// * Summary *

BenchmarkDotNet v0.15.8, Linux Ubuntu 24.04.4 LTS (Noble Numbat)
AMD EPYC 7763 2.45GHz, 1 CPU, 4 logical and 2 physical cores
.NET SDK 10.0.302
  [Host] : .NET 10.0.10 (10.0.10, 10.0.1026.32716), X64 RyuJIT x86-64-v3
  Quick  : .NET 10.0.10 (10.0.10, 10.0.1026.32716), X64 RyuJIT x86-64-v3

Job=Quick  MaxRelativeError=0.05  Arguments=/p:MatrixMode=Benchmark  
IterationTime=250ms  MaxIterationCount=12  MaxWarmupIterationCount=5  
MinIterationCount=8  MinWarmupIterationCount=3  

| Method     | Mean     | Error    | StdDev   | Ratio | RatioSD | Gen0   | Allocated | Alloc Ratio |
|----------- |---------:|---------:|---------:|------:|--------:|-------:|----------:|------------:|
| Mapperly   | 10.52 ns | 0.273 ns | 0.143 ns |  0.98 |    0.02 | 0.0033 |      56 B |        1.00 |
| HandCoded  | 10.74 ns | 0.420 ns | 0.220 ns |  1.00 |    0.03 | 0.0033 |      56 B |        1.00 |
| Mapster    | 20.38 ns | 0.266 ns | 0.118 ns |  1.90 |    0.04 | 0.0033 |      56 B |        1.00 |
| AutoMapper | 75.39 ns | 0.476 ns | 0.211 ns |  7.02 |    0.14 | 0.0032 |      56 B |        1.00 |

// * Hints *
Outliers
  Flattening.Mapster: Quick    -> 1 outlier  was  removed, 2 outliers were detected (23.49 ns, 23.99 ns)
  Flattening.AutoMapper: Quick -> 1 outlier  was  removed (80.27 ns)

// * Legends *
  Mean        : Arithmetic mean of all measurements
  Error       : Half of 99.9% confidence interval
  StdDev      : Standard deviation of all measurements
  Ratio       : Mean of the ratio distribution ([Current]/[Baseline])
  RatioSD     : Standard deviation of the ratio distribution ([Current]/[Baseline])
  Gen0        : GC Generation 0 collects per 1000 operations
  Allocated   : Allocated memory per single operation (managed only, inclusive, 1KB = 1024B)
  Alloc Ratio : Allocated memory ratio distribution ([Current]/[Baseline])
  1 ns        : 1 Nanosecond (0.000000001 sec)

// * Diagnostic Output - MemoryDiagnoser *


// ***** BenchmarkRunner: End *****
Run time: 00:00:25 (25.08 sec), executed benchmarks: 4

// Found 4 benchmarks:
//   MapToExisting.AutoMapper: Quick(MaxRelativeError=0.05, Arguments=/p:MatrixMode=Benchmark, IterationTime=250ms, MaxIterationCount=12, MaxWarmupIterationCount=5, MinIterationCount=8, MinWarmupIterationCount=3)
//   MapToExisting.HandCoded: Quick(MaxRelativeError=0.05, Arguments=/p:MatrixMode=Benchmark, IterationTime=250ms, MaxIterationCount=12, MaxWarmupIterationCount=5, MinIterationCount=8, MinWarmupIterationCount=3)
//   MapToExisting.Mapperly: Quick(MaxRelativeError=0.05, Arguments=/p:MatrixMode=Benchmark, IterationTime=250ms, MaxIterationCount=12, MaxWarmupIterationCount=5, MinIterationCount=8, MinWarmupIterationCount=3)
//   MapToExisting.Mapster: Quick(MaxRelativeError=0.05, Arguments=/p:MatrixMode=Benchmark, IterationTime=250ms, MaxIterationCount=12, MaxWarmupIterationCount=5, MinIterationCount=8, MinWarmupIterationCount=3)

// **************************
// Benchmark: MapToExisting.AutoMapper: Quick(MaxRelativeError=0.05, Arguments=/p:MatrixMode=Benchmark, IterationTime=250ms, MaxIterationCount=12, MaxWarmupIterationCount=5, MinIterationCount=8, MinWarmupIterationCount=3)
// *** Execute ***
// Launch: 1 / 1
// Execute: dotnet Matrix.ObjectMapping-Quick-1.dll --anonymousPipes 131 132 --benchmarkName Matrix.ObjectMapping.Benchmarks.MapToExisting.AutoMapper --job Quick --benchmarkId 12 in /home/runner/work/dotnet-matrix/dotnet-matrix/src/Matrix.ObjectMapping/bin/Benchmark/Release/net10.0/Matrix.ObjectMapping-Quick-1/bin/Release/net10.0
// Failed to set up high priority (Permission denied). In order to run benchmarks with high priority, make sure you have the right permissions.
// BeforeAnythingElse

// Benchmark Process Environment Information:
// BenchmarkDotNet v0.15.8
// Runtime=.NET 10.0.10 (10.0.10, 10.0.1026.32716), X64 RyuJIT x86-64-v3
// GC=Concurrent Workstation
// HardwareIntrinsics=AVX2+BMI1+BMI2+F16C+FMA+LZCNT+MOVBE,AVX,SSE3+SSSE3+SSE4.1+SSE4.2+POPCNT,X86Base+SSE+SSE2,AES+PCLMUL VectorSize=256
// Job: Quick(MaxRelativeError=0.05, IterationTime=250ms, MaxIterationCount=12, MaxWarmupIterationCount=5, MinIterationCount=8, MinWarmupIterationCount=3)

OverheadJitting  1: 1 op, 269496.00 ns, 269.4960 us/op
WorkloadJitting  1: 1 op, 1104254.00 ns, 1.1043 ms/op

OverheadJitting  2: 16 op, 512422.00 ns, 32.0264 us/op
WorkloadJitting  2: 16 op, 478789.00 ns, 29.9243 us/op

WorkloadPilot    1: 16 op, 15720.00 ns, 982.5000 ns/op
WorkloadPilot    2: 254464 op, 79573654.00 ns, 312.7109 ns/op
WorkloadPilot    3: 799472 op, 125074790.00 ns, 156.4467 ns/op
WorkloadPilot    4: 1598000 op, 116094273.00 ns, 72.6497 ns/op
WorkloadPilot    5: 3441184 op, 248409382.00 ns, 72.1872 ns/op
WorkloadPilot    6: 3463232 op, 249602202.00 ns, 72.0720 ns/op
WorkloadPilot    7: 3468752 op, 250124013.00 ns, 72.1078 ns/op
WorkloadPilot    8: 3467040 op, 249357352.00 ns, 71.9223 ns/op
WorkloadPilot    9: 3475984 op, 249859338.00 ns, 71.8816 ns/op
WorkloadPilot   10: 3477952 op, 250485476.00 ns, 72.0210 ns/op
WorkloadPilot   11: 3471216 op, 250355913.00 ns, 72.1234 ns/op

OverheadWarmup   1: 3471216 op, 15573528.00 ns, 4.4865 ns/op
OverheadWarmup   2: 3471216 op, 15583386.00 ns, 4.4893 ns/op
OverheadWarmup   3: 3471216 op, 15548952.00 ns, 4.4794 ns/op
OverheadWarmup   4: 3471216 op, 15660452.00 ns, 4.5115 ns/op
OverheadWarmup   5: 3471216 op, 15824841.00 ns, 4.5589 ns/op
OverheadWarmup   6: 3471216 op, 15486454.00 ns, 4.4614 ns/op

OverheadActual   1: 3471216 op, 15469963.00 ns, 4.4566 ns/op
OverheadActual   2: 3471216 op, 15823337.00 ns, 4.5584 ns/op
OverheadActual   3: 3471216 op, 15776470.00 ns, 4.5449 ns/op
OverheadActual   4: 3471216 op, 15704063.00 ns, 4.5241 ns/op
OverheadActual   5: 3471216 op, 15660432.00 ns, 4.5115 ns/op
OverheadActual   6: 3471216 op, 15660842.00 ns, 4.5116 ns/op
OverheadActual   7: 3471216 op, 15646866.00 ns, 4.5076 ns/op
OverheadActual   8: 3471216 op, 15760108.00 ns, 4.5402 ns/op

WorkloadWarmup   1: 3471216 op, 249807301.00 ns, 71.9654 ns/op
WorkloadWarmup   2: 3471216 op, 249884817.00 ns, 71.9877 ns/op
WorkloadWarmup   3: 3471216 op, 250453796.00 ns, 72.1516 ns/op
WorkloadWarmup   4: 3471216 op, 250085435.00 ns, 72.0455 ns/op
WorkloadWarmup   5: 3471216 op, 250836856.00 ns, 72.2620 ns/op

// BeforeActualRun
WorkloadActual   1: 3471216 op, 250035730.00 ns, 72.0312 ns/op
WorkloadActual   2: 3471216 op, 250498160.00 ns, 72.1644 ns/op
WorkloadActual   3: 3471216 op, 250565496.00 ns, 72.1838 ns/op
WorkloadActual   4: 3471216 op, 250781742.00 ns, 72.2461 ns/op
WorkloadActual   5: 3471216 op, 249731930.00 ns, 71.9436 ns/op
WorkloadActual   6: 3471216 op, 250421024.00 ns, 72.1422 ns/op
WorkloadActual   7: 3471216 op, 250291882.00 ns, 72.1050 ns/op
WorkloadActual   8: 3471216 op, 249663592.00 ns, 71.9240 ns/op

// AfterActualRun
WorkloadResult   1: 3471216 op, 234353277.50 ns, 67.5133 ns/op
WorkloadResult   2: 3471216 op, 234815707.50 ns, 67.6465 ns/op
WorkloadResult   3: 3471216 op, 234883043.50 ns, 67.6659 ns/op
WorkloadResult   4: 3471216 op, 235099289.50 ns, 67.7282 ns/op
WorkloadResult   5: 3471216 op, 234049477.50 ns, 67.4258 ns/op
WorkloadResult   6: 3471216 op, 234738571.50 ns, 67.6243 ns/op
WorkloadResult   7: 3471216 op, 234609429.50 ns, 67.5871 ns/op
WorkloadResult   8: 3471216 op, 233981139.50 ns, 67.4061 ns/op
// GC:  0 0 0 0 3471216
// Threading:  0 0 3471216

// AfterAll
// Benchmark Process 3493 has exited with code 0.

Mean = 67.575 ns, StdErr = 0.041 ns (0.06%), N = 8, StdDev = 0.116 ns
Min = 67.406 ns, Q1 = 67.491 ns, Median = 67.606 ns, Q3 = 67.651 ns, Max = 67.728 ns
IQR = 0.160 ns, LowerFence = 67.252 ns, UpperFence = 67.891 ns
ConfidenceInterval = [67.353 ns; 67.796 ns] (CI 99.9%), Margin = 0.222 ns (0.33% of Mean)
Skewness = -0.28, Kurtosis = 1.37, MValue = 2

// ** Remained 25 (65.8 %) benchmark(s) to run. Estimated finish 2026-08-02 8:20 (0h 2m from now) **
// **************************
// Benchmark: MapToExisting.HandCoded: Quick(MaxRelativeError=0.05, Arguments=/p:MatrixMode=Benchmark, IterationTime=250ms, MaxIterationCount=12, MaxWarmupIterationCount=5, MinIterationCount=8, MinWarmupIterationCount=3)
// *** Execute ***
// Launch: 1 / 1
// Execute: dotnet Matrix.ObjectMapping-Quick-1.dll --anonymousPipes 131 132 --benchmarkName Matrix.ObjectMapping.Benchmarks.MapToExisting.HandCoded --job Quick --benchmarkId 13 in /home/runner/work/dotnet-matrix/dotnet-matrix/src/Matrix.ObjectMapping/bin/Benchmark/Release/net10.0/Matrix.ObjectMapping-Quick-1/bin/Release/net10.0
// Failed to set up high priority (Permission denied). In order to run benchmarks with high priority, make sure you have the right permissions.
// BeforeAnythingElse

// Benchmark Process Environment Information:
// BenchmarkDotNet v0.15.8
// Runtime=.NET 10.0.10 (10.0.10, 10.0.1026.32716), X64 RyuJIT x86-64-v3
// GC=Concurrent Workstation
// HardwareIntrinsics=AVX2+BMI1+BMI2+F16C+FMA+LZCNT+MOVBE,AVX,SSE3+SSSE3+SSE4.1+SSE4.2+POPCNT,X86Base+SSE+SSE2,AES+PCLMUL VectorSize=256
// Job: Quick(MaxRelativeError=0.05, IterationTime=250ms, MaxIterationCount=12, MaxWarmupIterationCount=5, MinIterationCount=8, MinWarmupIterationCount=3)

OverheadJitting  1: 1 op, 259217.00 ns, 259.2170 us/op
WorkloadJitting  1: 1 op, 346731.00 ns, 346.7310 us/op

OverheadJitting  2: 16 op, 493958.00 ns, 30.8724 us/op
WorkloadJitting  2: 16 op, 484871.00 ns, 30.3044 us/op

WorkloadPilot    1: 16 op, 1333.00 ns, 83.3125 ns/op
WorkloadPilot    2: 3000752 op, 90385456.00 ns, 30.1209 ns/op
WorkloadPilot    3: 8299888 op, 139169146.00 ns, 16.7676 ns/op
WorkloadPilot    4: 14909728 op, 105149093.00 ns, 7.0524 ns/op
WorkloadPilot    5: 35449024 op, 250488492.00 ns, 7.0662 ns/op
WorkloadPilot    6: 35379904 op, 250080475.00 ns, 7.0684 ns/op
WorkloadPilot    7: 35368528 op, 250109219.00 ns, 7.0715 ns/op

OverheadWarmup   1: 35368528 op, 159901155.00 ns, 4.5210 ns/op
OverheadWarmup   2: 35368528 op, 159690380.00 ns, 4.5150 ns/op
OverheadWarmup   3: 35368528 op, 159638832.00 ns, 4.5136 ns/op
OverheadWarmup   4: 35368528 op, 159732529.00 ns, 4.5162 ns/op
OverheadWarmup   5: 35368528 op, 115621627.00 ns, 3.2691 ns/op
OverheadWarmup   6: 35368528 op, 115774926.00 ns, 3.2734 ns/op
OverheadWarmup   7: 35368528 op, 117242102.00 ns, 3.3149 ns/op
OverheadWarmup   8: 35368528 op, 115656653.00 ns, 3.2700 ns/op

OverheadActual   1: 35368528 op, 115742755.00 ns, 3.2725 ns/op
OverheadActual   2: 35368528 op, 115671842.00 ns, 3.2705 ns/op
OverheadActual   3: 35368528 op, 115667754.00 ns, 3.2704 ns/op
OverheadActual   4: 35368528 op, 131932691.00 ns, 3.7302 ns/op
OverheadActual   5: 35368528 op, 115657045.00 ns, 3.2701 ns/op
OverheadActual   6: 35368528 op, 116035576.00 ns, 3.2808 ns/op
OverheadActual   7: 35368528 op, 116113953.00 ns, 3.2830 ns/op
OverheadActual   8: 35368528 op, 116447399.00 ns, 3.2924 ns/op

WorkloadWarmup   1: 35368528 op, 250089696.00 ns, 7.0710 ns/op
WorkloadWarmup   2: 35368528 op, 249976397.00 ns, 7.0678 ns/op
WorkloadWarmup   3: 35368528 op, 249947854.00 ns, 7.0670 ns/op
WorkloadWarmup   4: 35368528 op, 250298923.00 ns, 7.0769 ns/op
WorkloadWarmup   5: 35368528 op, 250343026.00 ns, 7.0781 ns/op

// BeforeActualRun
WorkloadActual   1: 35368528 op, 256429420.00 ns, 7.2502 ns/op
WorkloadActual   2: 35368528 op, 249694969.00 ns, 7.0598 ns/op
WorkloadActual   3: 35368528 op, 250415512.00 ns, 7.0802 ns/op
WorkloadActual   4: 35368528 op, 249562470.00 ns, 7.0561 ns/op
WorkloadActual   5: 35368528 op, 249617262.00 ns, 7.0576 ns/op
WorkloadActual   6: 35368528 op, 249765551.00 ns, 7.0618 ns/op
WorkloadActual   7: 35368528 op, 250354378.00 ns, 7.0785 ns/op
WorkloadActual   8: 35368528 op, 249634866.00 ns, 7.0581 ns/op

// AfterActualRun
WorkloadResult   1: 35368528 op, 133805803.50 ns, 3.7832 ns/op
WorkloadResult   2: 35368528 op, 134526346.50 ns, 3.8036 ns/op
WorkloadResult   3: 35368528 op, 133673304.50 ns, 3.7794 ns/op
WorkloadResult   4: 35368528 op, 133728096.50 ns, 3.7810 ns/op
WorkloadResult   5: 35368528 op, 133876385.50 ns, 3.7852 ns/op
WorkloadResult   6: 35368528 op, 134465212.50 ns, 3.8018 ns/op
WorkloadResult   7: 35368528 op, 133745700.50 ns, 3.7815 ns/op
// GC:  0 0 0 0 35368528
// Threading:  0 0 35368528

// AfterAll
// Benchmark Process 3509 has exited with code 0.

Mean = 3.788 ns, StdErr = 0.004 ns (0.10%), N = 7, StdDev = 0.010 ns
Min = 3.779 ns, Q1 = 3.781 ns, Median = 3.783 ns, Q3 = 3.794 ns, Max = 3.804 ns
IQR = 0.012 ns, LowerFence = 3.763 ns, UpperFence = 3.812 ns
ConfidenceInterval = [3.765 ns; 3.811 ns] (CI 99.9%), Margin = 0.023 ns (0.61% of Mean)
Skewness = 0.68, Kurtosis = 1.38, MValue = 2

// ** Remained 24 (63.2 %) benchmark(s) to run. Estimated finish 2026-08-02 8:20 (0h 2m from now) **
// **************************
// Benchmark: MapToExisting.Mapperly: Quick(MaxRelativeError=0.05, Arguments=/p:MatrixMode=Benchmark, IterationTime=250ms, MaxIterationCount=12, MaxWarmupIterationCount=5, MinIterationCount=8, MinWarmupIterationCount=3)
// *** Execute ***
// Launch: 1 / 1
// Execute: dotnet Matrix.ObjectMapping-Quick-1.dll --anonymousPipes 131 132 --benchmarkName Matrix.ObjectMapping.Benchmarks.MapToExisting.Mapperly --job Quick --benchmarkId 14 in /home/runner/work/dotnet-matrix/dotnet-matrix/src/Matrix.ObjectMapping/bin/Benchmark/Release/net10.0/Matrix.ObjectMapping-Quick-1/bin/Release/net10.0
// Failed to set up high priority (Permission denied). In order to run benchmarks with high priority, make sure you have the right permissions.
// BeforeAnythingElse

// Benchmark Process Environment Information:
// BenchmarkDotNet v0.15.8
// Runtime=.NET 10.0.10 (10.0.10, 10.0.1026.32716), X64 RyuJIT x86-64-v3
// GC=Concurrent Workstation
// HardwareIntrinsics=AVX2+BMI1+BMI2+F16C+FMA+LZCNT+MOVBE,AVX,SSE3+SSSE3+SSE4.1+SSE4.2+POPCNT,X86Base+SSE+SSE2,AES+PCLMUL VectorSize=256
// Job: Quick(MaxRelativeError=0.05, IterationTime=250ms, MaxIterationCount=12, MaxWarmupIterationCount=5, MinIterationCount=8, MinWarmupIterationCount=3)

OverheadJitting  1: 1 op, 241524.00 ns, 241.5240 us/op
WorkloadJitting  1: 1 op, 397146.00 ns, 397.1460 us/op

OverheadJitting  2: 16 op, 472678.00 ns, 29.5424 us/op
WorkloadJitting  2: 16 op, 494829.00 ns, 30.9268 us/op

WorkloadPilot    1: 16 op, 4337.00 ns, 271.0625 ns/op
WorkloadPilot    2: 922304 op, 28701183.00 ns, 31.1190 ns/op
WorkloadPilot    3: 8033680 op, 179993165.00 ns, 22.4048 ns/op
WorkloadPilot    4: 11158320 op, 78768988.00 ns, 7.0592 ns/op
WorkloadPilot    5: 35414704 op, 251560434.00 ns, 7.1033 ns/op
WorkloadPilot    6: 35195040 op, 248784418.00 ns, 7.0687 ns/op
WorkloadPilot    7: 35367008 op, 249504441.00 ns, 7.0547 ns/op
WorkloadPilot    8: 35437264 op, 250800415.00 ns, 7.0773 ns/op
WorkloadPilot    9: 35324176 op, 250641256.00 ns, 7.0955 ns/op

OverheadWarmup   1: 35324176 op, 160028045.00 ns, 4.5303 ns/op
OverheadWarmup   2: 35324176 op, 159743050.00 ns, 4.5222 ns/op
OverheadWarmup   3: 35324176 op, 116681337.00 ns, 3.3032 ns/op
OverheadWarmup   4: 35324176 op, 115594125.00 ns, 3.2724 ns/op
OverheadWarmup   5: 35324176 op, 115945304.00 ns, 3.2823 ns/op
OverheadWarmup   6: 35324176 op, 115800652.00 ns, 3.2782 ns/op
OverheadWarmup   7: 35324176 op, 115931698.00 ns, 3.2819 ns/op
OverheadWarmup   8: 35324176 op, 115447128.00 ns, 3.2682 ns/op

OverheadActual   1: 35324176 op, 115624852.00 ns, 3.2732 ns/op
OverheadActual   2: 35324176 op, 115628479.00 ns, 3.2734 ns/op
OverheadActual   3: 35324176 op, 115564168.00 ns, 3.2715 ns/op
OverheadActual   4: 35324176 op, 115680276.00 ns, 3.2748 ns/op
OverheadActual   5: 35324176 op, 115499978.00 ns, 3.2697 ns/op
OverheadActual   6: 35324176 op, 116722404.00 ns, 3.3043 ns/op
OverheadActual   7: 35324176 op, 115569478.00 ns, 3.2717 ns/op
OverheadActual   8: 35324176 op, 115543229.00 ns, 3.2709 ns/op

WorkloadWarmup   1: 35324176 op, 249740084.00 ns, 7.0699 ns/op
WorkloadWarmup   2: 35324176 op, 249568301.00 ns, 7.0651 ns/op
WorkloadWarmup   3: 35324176 op, 249802049.00 ns, 7.0717 ns/op
WorkloadWarmup   4: 35324176 op, 249178859.00 ns, 7.0541 ns/op
WorkloadWarmup   5: 35324176 op, 249218627.00 ns, 7.0552 ns/op

// BeforeActualRun
WorkloadActual   1: 35324176 op, 249431737.00 ns, 7.0612 ns/op
WorkloadActual   2: 35324176 op, 250051621.00 ns, 7.0788 ns/op
WorkloadActual   3: 35324176 op, 249341808.00 ns, 7.0587 ns/op
WorkloadActual   4: 35324176 op, 249129389.00 ns, 7.0527 ns/op
WorkloadActual   5: 35324176 op, 249381703.00 ns, 7.0598 ns/op
WorkloadActual   6: 35324176 op, 249624038.00 ns, 7.0667 ns/op
WorkloadActual   7: 35324176 op, 249249425.00 ns, 7.0561 ns/op
WorkloadActual   8: 35324176 op, 249489155.00 ns, 7.0628 ns/op

// AfterActualRun
WorkloadResult   1: 35324176 op, 133834572.00 ns, 3.7888 ns/op
WorkloadResult   2: 35324176 op, 133744643.00 ns, 3.7862 ns/op
WorkloadResult   3: 35324176 op, 133532224.00 ns, 3.7802 ns/op
WorkloadResult   4: 35324176 op, 133784538.00 ns, 3.7873 ns/op
WorkloadResult   5: 35324176 op, 134026873.00 ns, 3.7942 ns/op
WorkloadResult   6: 35324176 op, 133652260.00 ns, 3.7836 ns/op
WorkloadResult   7: 35324176 op, 133891990.00 ns, 3.7904 ns/op
// GC:  0 0 0 0 35324176
// Threading:  0 0 35324176

// AfterAll
// Benchmark Process 3520 has exited with code 0.

Mean = 3.787 ns, StdErr = 0.002 ns (0.05%), N = 7, StdDev = 0.005 ns
Min = 3.780 ns, Q1 = 3.785 ns, Median = 3.787 ns, Q3 = 3.790 ns, Max = 3.794 ns
IQR = 0.005 ns, LowerFence = 3.778 ns, UpperFence = 3.797 ns
ConfidenceInterval = [3.777 ns; 3.797 ns] (CI 99.9%), Margin = 0.010 ns (0.27% of Mean)
Skewness = -0.04, Kurtosis = 1.69, MValue = 2

// ** Remained 23 (60.5 %) benchmark(s) to run. Estimated finish 2026-08-02 8:20 (0h 2m from now) **
// **************************
// Benchmark: MapToExisting.Mapster: Quick(MaxRelativeError=0.05, Arguments=/p:MatrixMode=Benchmark, IterationTime=250ms, MaxIterationCount=12, MaxWarmupIterationCount=5, MinIterationCount=8, MinWarmupIterationCount=3)
// *** Execute ***
// Launch: 1 / 1
// Execute: dotnet Matrix.ObjectMapping-Quick-1.dll --anonymousPipes 131 132 --benchmarkName Matrix.ObjectMapping.Benchmarks.MapToExisting.Mapster --job Quick --benchmarkId 15 in /home/runner/work/dotnet-matrix/dotnet-matrix/src/Matrix.ObjectMapping/bin/Benchmark/Release/net10.0/Matrix.ObjectMapping-Quick-1/bin/Release/net10.0
// Failed to set up high priority (Permission denied). In order to run benchmarks with high priority, make sure you have the right permissions.
// BeforeAnythingElse

// Benchmark Process Environment Information:
// BenchmarkDotNet v0.15.8
// Runtime=.NET 10.0.10 (10.0.10, 10.0.1026.32716), X64 RyuJIT x86-64-v3
// GC=Concurrent Workstation
// HardwareIntrinsics=AVX2+BMI1+BMI2+F16C+FMA+LZCNT+MOVBE,AVX,SSE3+SSSE3+SSE4.1+SSE4.2+POPCNT,X86Base+SSE+SSE2,AES+PCLMUL VectorSize=256
// Job: Quick(MaxRelativeError=0.05, IterationTime=250ms, MaxIterationCount=12, MaxWarmupIterationCount=5, MinIterationCount=8, MinWarmupIterationCount=3)

OverheadJitting  1: 1 op, 229081.00 ns, 229.0810 us/op
WorkloadJitting  1: 1 op, 744268.00 ns, 744.2680 us/op

OverheadJitting  2: 16 op, 533753.00 ns, 33.3596 us/op
WorkloadJitting  2: 16 op, 485372.00 ns, 30.3358 us/op

WorkloadPilot    1: 16 op, 6252.00 ns, 390.7500 ns/op
WorkloadPilot    2: 639808 op, 71769997.00 ns, 112.1743 ns/op
WorkloadPilot    3: 2228688 op, 108700764.00 ns, 48.7734 ns/op
WorkloadPilot    4: 5125744 op, 80388749.00 ns, 15.6833 ns/op
WorkloadPilot    5: 15940496 op, 250102834.00 ns, 15.6898 ns/op
WorkloadPilot    6: 15933952 op, 249916397.00 ns, 15.6845 ns/op
WorkloadPilot    7: 15939296 op, 250553825.00 ns, 15.7193 ns/op
WorkloadPilot    8: 15904064 op, 249509313.00 ns, 15.6884 ns/op
WorkloadPilot    9: 15935344 op, 250329173.00 ns, 15.7091 ns/op

OverheadWarmup   1: 15935344 op, 67468696.00 ns, 4.2339 ns/op
OverheadWarmup   2: 15935344 op, 67331418.00 ns, 4.2253 ns/op
OverheadWarmup   3: 15935344 op, 67822881.00 ns, 4.2561 ns/op
OverheadWarmup   4: 15935344 op, 52269089.00 ns, 3.2801 ns/op
OverheadWarmup   5: 15935344 op, 52111594.00 ns, 3.2702 ns/op
OverheadWarmup   6: 15935344 op, 52631060.00 ns, 3.3028 ns/op
OverheadWarmup   7: 15935344 op, 52430914.00 ns, 3.2902 ns/op

OverheadActual   1: 15935344 op, 52163361.00 ns, 3.2734 ns/op
OverheadActual   2: 15935344 op, 52238452.00 ns, 3.2782 ns/op
OverheadActual   3: 15935344 op, 52236909.00 ns, 3.2781 ns/op
OverheadActual   4: 15935344 op, 52180574.00 ns, 3.2745 ns/op
OverheadActual   5: 15935344 op, 52198237.00 ns, 3.2756 ns/op
OverheadActual   6: 15935344 op, 52186465.00 ns, 3.2749 ns/op
OverheadActual   7: 15935344 op, 52134757.00 ns, 3.2716 ns/op
OverheadActual   8: 15935344 op, 52388985.00 ns, 3.2876 ns/op

WorkloadWarmup   1: 15935344 op, 249955230.00 ns, 15.6856 ns/op
WorkloadWarmup   2: 15935344 op, 250674350.00 ns, 15.7307 ns/op
WorkloadWarmup   3: 15935344 op, 250388635.00 ns, 15.7128 ns/op
WorkloadWarmup   4: 15935344 op, 249881782.00 ns, 15.6810 ns/op
WorkloadWarmup   5: 15935344 op, 250118968.00 ns, 15.6959 ns/op

// BeforeActualRun
WorkloadActual   1: 15935344 op, 257263886.00 ns, 16.1442 ns/op
WorkloadActual   2: 15935344 op, 250569244.00 ns, 15.7241 ns/op
WorkloadActual   3: 15935344 op, 250013619.00 ns, 15.6893 ns/op
WorkloadActual   4: 15935344 op, 250191855.00 ns, 15.7004 ns/op
WorkloadActual   5: 15935344 op, 250460439.00 ns, 15.7173 ns/op
WorkloadActual   6: 15935344 op, 250142212.00 ns, 15.6973 ns/op
WorkloadActual   7: 15935344 op, 249919789.00 ns, 15.6834 ns/op
WorkloadActual   8: 15935344 op, 249897537.00 ns, 15.6820 ns/op

// AfterActualRun
WorkloadResult   1: 15935344 op, 198376893.00 ns, 12.4489 ns/op
WorkloadResult   2: 15935344 op, 197821268.00 ns, 12.4140 ns/op
WorkloadResult   3: 15935344 op, 197999504.00 ns, 12.4252 ns/op
WorkloadResult   4: 15935344 op, 198268088.00 ns, 12.4420 ns/op
WorkloadResult   5: 15935344 op, 197949861.00 ns, 12.4221 ns/op
WorkloadResult   6: 15935344 op, 197727438.00 ns, 12.4081 ns/op
WorkloadResult   7: 15935344 op, 197705186.00 ns, 12.4067 ns/op
// GC:  0 0 0 0 15935344
// Threading:  0 0 15935344

// AfterAll
// Benchmark Process 3531 has exited with code 0.

Mean = 12.424 ns, StdErr = 0.006 ns (0.05%), N = 7, StdDev = 0.016 ns
Min = 12.407 ns, Q1 = 12.411 ns, Median = 12.422 ns, Q3 = 12.434 ns, Max = 12.449 ns
IQR = 0.023 ns, LowerFence = 12.377 ns, UpperFence = 12.467 ns
ConfidenceInterval = [12.387 ns; 12.461 ns] (CI 99.9%), Margin = 0.037 ns (0.30% of Mean)
Skewness = 0.39, Kurtosis = 1.32, MValue = 2

// ** Remained 22 (57.9 %) benchmark(s) to run. Estimated finish 2026-08-02 8:20 (0h 2m from now) **
// ***** BenchmarkRunner: Finish  *****

// * Export *
  tmp/dotnet-matrix/ObjectMapping/4ff6a8fe23154753803edc028d76fae5/results/Matrix.ObjectMapping.Benchmarks.MapToExisting-report.csv
  tmp/dotnet-matrix/ObjectMapping/4ff6a8fe23154753803edc028d76fae5/results/Matrix.ObjectMapping.Benchmarks.MapToExisting-report-github.md
  tmp/dotnet-matrix/ObjectMapping/4ff6a8fe23154753803edc028d76fae5/results/Matrix.ObjectMapping.Benchmarks.MapToExisting-report.html
  tmp/dotnet-matrix/ObjectMapping/4ff6a8fe23154753803edc028d76fae5/results/Matrix.ObjectMapping.Benchmarks.MapToExisting-report-full.json

// * Detailed results *
MapToExisting.Mapperly: Quick(MaxRelativeError=0.05, Arguments=/p:MatrixMode=Benchmark, IterationTime=250ms, MaxIterationCount=12, MaxWarmupIterationCount=5, MinIterationCount=8, MinWarmupIterationCount=3)
Runtime = .NET 10.0.10 (10.0.10, 10.0.1026.32716), X64 RyuJIT x86-64-v3; GC = Concurrent Workstation
Mean = 3.787 ns, StdErr = 0.002 ns (0.05%), N = 7, StdDev = 0.005 ns
Min = 3.780 ns, Q1 = 3.785 ns, Median = 3.787 ns, Q3 = 3.790 ns, Max = 3.794 ns
IQR = 0.005 ns, LowerFence = 3.778 ns, UpperFence = 3.797 ns
ConfidenceInterval = [3.777 ns; 3.797 ns] (CI 99.9%), Margin = 0.010 ns (0.27% of Mean)
Skewness = -0.04, Kurtosis = 1.69, MValue = 2
-------------------- Histogram --------------------
[3.777 ns ; 3.797 ns) | @@@@@@@
---------------------------------------------------

MapToExisting.HandCoded: Quick(MaxRelativeError=0.05, Arguments=/p:MatrixMode=Benchmark, IterationTime=250ms, MaxIterationCount=12, MaxWarmupIterationCount=5, MinIterationCount=8, MinWarmupIterationCount=3)
Runtime = .NET 10.0.10 (10.0.10, 10.0.1026.32716), X64 RyuJIT x86-64-v3; GC = Concurrent Workstation
Mean = 3.788 ns, StdErr = 0.004 ns (0.10%), N = 7, StdDev = 0.010 ns
Min = 3.779 ns, Q1 = 3.781 ns, Median = 3.783 ns, Q3 = 3.794 ns, Max = 3.804 ns
IQR = 0.012 ns, LowerFence = 3.763 ns, UpperFence = 3.812 ns
ConfidenceInterval = [3.765 ns; 3.811 ns] (CI 99.9%), Margin = 0.023 ns (0.61% of Mean)
Skewness = 0.68, Kurtosis = 1.38, MValue = 2
-------------------- Histogram --------------------
[3.772 ns ; 3.811 ns) | @@@@@@@
---------------------------------------------------

MapToExisting.Mapster: Quick(MaxRelativeError=0.05, Arguments=/p:MatrixMode=Benchmark, IterationTime=250ms, MaxIterationCount=12, MaxWarmupIterationCount=5, MinIterationCount=8, MinWarmupIterationCount=3)
Runtime = .NET 10.0.10 (10.0.10, 10.0.1026.32716), X64 RyuJIT x86-64-v3; GC = Concurrent Workstation
Mean = 12.424 ns, StdErr = 0.006 ns (0.05%), N = 7, StdDev = 0.016 ns
Min = 12.407 ns, Q1 = 12.411 ns, Median = 12.422 ns, Q3 = 12.434 ns, Max = 12.449 ns
IQR = 0.023 ns, LowerFence = 12.377 ns, UpperFence = 12.467 ns
ConfidenceInterval = [12.387 ns; 12.461 ns] (CI 99.9%), Margin = 0.037 ns (0.30% of Mean)
Skewness = 0.39, Kurtosis = 1.32, MValue = 2
-------------------- Histogram --------------------
[12.395 ns ; 12.460 ns) | @@@@@@@
---------------------------------------------------

MapToExisting.AutoMapper: Quick(MaxRelativeError=0.05, Arguments=/p:MatrixMode=Benchmark, IterationTime=250ms, MaxIterationCount=12, MaxWarmupIterationCount=5, MinIterationCount=8, MinWarmupIterationCount=3)
Runtime = .NET 10.0.10 (10.0.10, 10.0.1026.32716), X64 RyuJIT x86-64-v3; GC = Concurrent Workstation
Mean = 67.575 ns, StdErr = 0.041 ns (0.06%), N = 8, StdDev = 0.116 ns
Min = 67.406 ns, Q1 = 67.491 ns, Median = 67.606 ns, Q3 = 67.651 ns, Max = 67.728 ns
IQR = 0.160 ns, LowerFence = 67.252 ns, UpperFence = 67.891 ns
ConfidenceInterval = [67.353 ns; 67.796 ns] (CI 99.9%), Margin = 0.222 ns (0.33% of Mean)
Skewness = -0.28, Kurtosis = 1.37, MValue = 2
-------------------- Histogram --------------------
[67.330 ns ; 67.804 ns) | @@@@@@@@
---------------------------------------------------

// * Summary *

BenchmarkDotNet v0.15.8, Linux Ubuntu 24.04.4 LTS (Noble Numbat)
AMD EPYC 7763 2.45GHz, 1 CPU, 4 logical and 2 physical cores
.NET SDK 10.0.302
  [Host] : .NET 10.0.10 (10.0.10, 10.0.1026.32716), X64 RyuJIT x86-64-v3
  Quick  : .NET 10.0.10 (10.0.10, 10.0.1026.32716), X64 RyuJIT x86-64-v3

Job=Quick  MaxRelativeError=0.05  Arguments=/p:MatrixMode=Benchmark  
IterationTime=250ms  MaxIterationCount=12  MaxWarmupIterationCount=5  
MinIterationCount=8  MinWarmupIterationCount=3  

| Method     | Mean      | Error     | StdDev    | Ratio | RatioSD | Allocated | Alloc Ratio |
|----------- |----------:|----------:|----------:|------:|--------:|----------:|------------:|
| Mapperly   |  3.787 ns | 0.0103 ns | 0.0046 ns |  1.00 |    0.00 |         - |          NA |
| HandCoded  |  3.788 ns | 0.0231 ns | 0.0102 ns |  1.00 |    0.00 |         - |          NA |
| Mapster    | 12.424 ns | 0.0368 ns | 0.0163 ns |  3.28 |    0.01 |         - |          NA |
| AutoMapper | 67.575 ns | 0.2216 ns | 0.1159 ns | 17.84 |    0.05 |         - |          NA |

// * Hints *
Outliers
  MapToExisting.Mapperly: Quick  -> 1 outlier  was  removed (7.08 ns)
  MapToExisting.HandCoded: Quick -> 1 outlier  was  removed (7.25 ns)
  MapToExisting.Mapster: Quick   -> 1 outlier  was  removed (16.14 ns)

// * Legends *
  Mean        : Arithmetic mean of all measurements
  Error       : Half of 99.9% confidence interval
  StdDev      : Standard deviation of all measurements
  Ratio       : Mean of the ratio distribution ([Current]/[Baseline])
  RatioSD     : Standard deviation of the ratio distribution ([Current]/[Baseline])
  Allocated   : Allocated memory per single operation (managed only, inclusive, 1KB = 1024B)
  Alloc Ratio : Allocated memory ratio distribution ([Current]/[Baseline])
  1 ns        : 1 Nanosecond (0.000000001 sec)

// * Diagnostic Output - MemoryDiagnoser *


// ***** BenchmarkRunner: End *****
Run time: 00:00:26 (26.45 sec), executed benchmarks: 4

// Found 4 benchmarks:
//   NestedObject.AutoMapper: Quick(MaxRelativeError=0.05, Arguments=/p:MatrixMode=Benchmark, IterationTime=250ms, MaxIterationCount=12, MaxWarmupIterationCount=5, MinIterationCount=8, MinWarmupIterationCount=3)
//   NestedObject.HandCoded: Quick(MaxRelativeError=0.05, Arguments=/p:MatrixMode=Benchmark, IterationTime=250ms, MaxIterationCount=12, MaxWarmupIterationCount=5, MinIterationCount=8, MinWarmupIterationCount=3)
//   NestedObject.Mapperly: Quick(MaxRelativeError=0.05, Arguments=/p:MatrixMode=Benchmark, IterationTime=250ms, MaxIterationCount=12, MaxWarmupIterationCount=5, MinIterationCount=8, MinWarmupIterationCount=3)
//   NestedObject.Mapster: Quick(MaxRelativeError=0.05, Arguments=/p:MatrixMode=Benchmark, IterationTime=250ms, MaxIterationCount=12, MaxWarmupIterationCount=5, MinIterationCount=8, MinWarmupIterationCount=3)

// **************************
// Benchmark: NestedObject.AutoMapper: Quick(MaxRelativeError=0.05, Arguments=/p:MatrixMode=Benchmark, IterationTime=250ms, MaxIterationCount=12, MaxWarmupIterationCount=5, MinIterationCount=8, MinWarmupIterationCount=3)
// *** Execute ***
// Launch: 1 / 1
// Execute: dotnet Matrix.ObjectMapping-Quick-1.dll --anonymousPipes 129 130 --benchmarkName Matrix.ObjectMapping.Benchmarks.NestedObject.AutoMapper --job Quick --benchmarkId 16 in /home/runner/work/dotnet-matrix/dotnet-matrix/src/Matrix.ObjectMapping/bin/Benchmark/Release/net10.0/Matrix.ObjectMapping-Quick-1/bin/Release/net10.0
// Failed to set up high priority (Permission denied). In order to run benchmarks with high priority, make sure you have the right permissions.
// BeforeAnythingElse

// Benchmark Process Environment Information:
// BenchmarkDotNet v0.15.8
// Runtime=.NET 10.0.10 (10.0.10, 10.0.1026.32716), X64 RyuJIT x86-64-v3
// GC=Concurrent Workstation
// HardwareIntrinsics=AVX2+BMI1+BMI2+F16C+FMA+LZCNT+MOVBE,AVX,SSE3+SSSE3+SSE4.1+SSE4.2+POPCNT,X86Base+SSE+SSE2,AES+PCLMUL VectorSize=256
// Job: Quick(MaxRelativeError=0.05, IterationTime=250ms, MaxIterationCount=12, MaxWarmupIterationCount=5, MinIterationCount=8, MinWarmupIterationCount=3)

OverheadJitting  1: 1 op, 247315.00 ns, 247.3150 us/op
WorkloadJitting  1: 1 op, 2442850.00 ns, 2.4429 ms/op

OverheadJitting  2: 16 op, 466586.00 ns, 29.1616 us/op
WorkloadJitting  2: 16 op, 845298.00 ns, 52.8311 us/op

WorkloadPilot    1: 16 op, 14447.00 ns, 902.9375 ns/op
WorkloadPilot    2: 276880 op, 119223366.00 ns, 430.5958 ns/op
WorkloadPilot    3: 580592 op, 108023537.00 ns, 186.0576 ns/op
WorkloadPilot    4: 1343680 op, 159574103.00 ns, 118.7590 ns/op
WorkloadPilot    5: 2105104 op, 249326655.00 ns, 118.4391 ns/op
WorkloadPilot    6: 2110800 op, 252914836.00 ns, 119.8194 ns/op
WorkloadPilot    7: 2086480 op, 249088197.00 ns, 119.3820 ns/op
WorkloadPilot    8: 2094128 op, 250307717.00 ns, 119.5284 ns/op
WorkloadPilot    9: 2091568 op, 249667655.00 ns, 119.3687 ns/op
WorkloadPilot   10: 2094352 op, 250656492.00 ns, 119.6821 ns/op

OverheadWarmup   1: 2094352 op, 8918648.00 ns, 4.2584 ns/op
OverheadWarmup   2: 2094352 op, 8915151.00 ns, 4.2568 ns/op
OverheadWarmup   3: 2094352 op, 8902888.00 ns, 4.2509 ns/op
OverheadWarmup   4: 2094352 op, 8902658.00 ns, 4.2508 ns/op
OverheadWarmup   5: 2094352 op, 8904361.00 ns, 4.2516 ns/op
OverheadWarmup   6: 2094352 op, 8938695.00 ns, 4.2680 ns/op
OverheadWarmup   7: 2094352 op, 8949966.00 ns, 4.2734 ns/op
OverheadWarmup   8: 2094352 op, 8949455.00 ns, 4.2731 ns/op
OverheadWarmup   9: 2094352 op, 8899071.00 ns, 4.2491 ns/op
OverheadWarmup  10: 2094352 op, 8939197.00 ns, 4.2682 ns/op

OverheadActual   1: 2094352 op, 8934507.00 ns, 4.2660 ns/op
OverheadActual   2: 2094352 op, 8912827.00 ns, 4.2556 ns/op
OverheadActual   3: 2094352 op, 8906124.00 ns, 4.2524 ns/op
OverheadActual   4: 2094352 op, 8922234.00 ns, 4.2601 ns/op
OverheadActual   5: 2094352 op, 8901365.00 ns, 4.2502 ns/op
OverheadActual   6: 2094352 op, 8938065.00 ns, 4.2677 ns/op
OverheadActual   7: 2094352 op, 8895485.00 ns, 4.2474 ns/op
OverheadActual   8: 2094352 op, 8889864.00 ns, 4.2447 ns/op

WorkloadWarmup   1: 2094352 op, 258671203.00 ns, 123.5089 ns/op
WorkloadWarmup   2: 2094352 op, 252353832.00 ns, 120.4926 ns/op
WorkloadWarmup   3: 2094352 op, 250465654.00 ns, 119.5910 ns/op
WorkloadWarmup   4: 2094352 op, 247883332.00 ns, 118.3580 ns/op
WorkloadWarmup   5: 2094352 op, 249196310.00 ns, 118.9849 ns/op

// BeforeActualRun
WorkloadActual   1: 2094352 op, 252630923.00 ns, 120.6249 ns/op
WorkloadActual   2: 2094352 op, 253362527.00 ns, 120.9742 ns/op
WorkloadActual   3: 2094352 op, 251496632.00 ns, 120.0833 ns/op
WorkloadActual   4: 2094352 op, 252020456.00 ns, 120.3334 ns/op
WorkloadActual   5: 2094352 op, 249198804.00 ns, 118.9861 ns/op
WorkloadActual   6: 2094352 op, 251542438.00 ns, 120.1051 ns/op
WorkloadActual   7: 2094352 op, 250003496.00 ns, 119.3703 ns/op
WorkloadActual   8: 2094352 op, 249994459.00 ns, 119.3660 ns/op

// AfterActualRun
WorkloadResult   1: 2094352 op, 243721447.50 ns, 116.3708 ns/op
WorkloadResult   2: 2094352 op, 244453051.50 ns, 116.7201 ns/op
WorkloadResult   3: 2094352 op, 242587156.50 ns, 115.8292 ns/op
WorkloadResult   4: 2094352 op, 243110980.50 ns, 116.0793 ns/op
WorkloadResult   5: 2094352 op, 240289328.50 ns, 114.7321 ns/op
WorkloadResult   6: 2094352 op, 242632962.50 ns, 115.8511 ns/op
WorkloadResult   7: 2094352 op, 241094020.50 ns, 115.1163 ns/op
WorkloadResult   8: 2094352 op, 241084983.50 ns, 115.1120 ns/op
// GC:  31 0 0 519399296 2094352
// Threading:  0 0 2094352

// AfterAll
// Benchmark Process 3542 has exited with code 0.

Mean = 115.726 ns, StdErr = 0.242 ns (0.21%), N = 8, StdDev = 0.686 ns
Min = 114.732 ns, Q1 = 115.115 ns, Median = 115.840 ns, Q3 = 116.152 ns, Max = 116.720 ns
IQR = 1.037 ns, LowerFence = 113.560 ns, UpperFence = 117.708 ns
ConfidenceInterval = [114.415 ns; 117.038 ns] (CI 99.9%), Margin = 1.311 ns (1.13% of Mean)
Skewness = -0.06, Kurtosis = 1.37, MValue = 2

// ** Remained 21 (55.3 %) benchmark(s) to run. Estimated finish 2026-08-02 8:20 (0h 2m from now) **
// **************************
// Benchmark: NestedObject.HandCoded: Quick(MaxRelativeError=0.05, Arguments=/p:MatrixMode=Benchmark, IterationTime=250ms, MaxIterationCount=12, MaxWarmupIterationCount=5, MinIterationCount=8, MinWarmupIterationCount=3)
// *** Execute ***
// Launch: 1 / 1
// Execute: dotnet Matrix.ObjectMapping-Quick-1.dll --anonymousPipes 129 130 --benchmarkName Matrix.ObjectMapping.Benchmarks.NestedObject.HandCoded --job Quick --benchmarkId 17 in /home/runner/work/dotnet-matrix/dotnet-matrix/src/Matrix.ObjectMapping/bin/Benchmark/Release/net10.0/Matrix.ObjectMapping-Quick-1/bin/Release/net10.0
// Failed to set up high priority (Permission denied). In order to run benchmarks with high priority, make sure you have the right permissions.
// BeforeAnythingElse

// Benchmark Process Environment Information:
// BenchmarkDotNet v0.15.8
// Runtime=.NET 10.0.10 (10.0.10, 10.0.1026.32716), X64 RyuJIT x86-64-v3
// GC=Concurrent Workstation
// HardwareIntrinsics=AVX2+BMI1+BMI2+F16C+FMA+LZCNT+MOVBE,AVX,SSE3+SSSE3+SSE4.1+SSE4.2+POPCNT,X86Base+SSE+SSE2,AES+PCLMUL VectorSize=256
// Job: Quick(MaxRelativeError=0.05, IterationTime=250ms, MaxIterationCount=12, MaxWarmupIterationCount=5, MinIterationCount=8, MinWarmupIterationCount=3)

OverheadJitting  1: 1 op, 235352.00 ns, 235.3520 us/op
WorkloadJitting  1: 1 op, 771910.00 ns, 771.9100 us/op

OverheadJitting  2: 16 op, 486524.00 ns, 30.4078 us/op
WorkloadJitting  2: 16 op, 519867.00 ns, 32.4917 us/op

WorkloadPilot    1: 16 op, 6111.00 ns, 381.9375 ns/op
WorkloadPilot    2: 654560 op, 83561559.00 ns, 127.6607 ns/op
WorkloadPilot    3: 1958320 op, 164182271.00 ns, 83.8383 ns/op
WorkloadPilot    4: 2981936 op, 161891337.00 ns, 54.2907 ns/op
WorkloadPilot    5: 4604848 op, 259569280.00 ns, 56.3687 ns/op
WorkloadPilot    6: 4435088 op, 246538015.00 ns, 55.5881 ns/op
WorkloadPilot    7: 4497376 op, 251572400.00 ns, 55.9376 ns/op
WorkloadPilot    8: 4469280 op, 245195481.00 ns, 54.8624 ns/op
WorkloadPilot    9: 4556864 op, 254228838.00 ns, 55.7903 ns/op

OverheadWarmup   1: 4556864 op, 20660186.00 ns, 4.5339 ns/op
OverheadWarmup   2: 4556864 op, 20785832.00 ns, 4.5614 ns/op
OverheadWarmup   3: 4556864 op, 20652571.00 ns, 4.5322 ns/op
OverheadWarmup   4: 4556864 op, 20569195.00 ns, 4.5139 ns/op
OverheadWarmup   5: 4556864 op, 20605953.00 ns, 4.5220 ns/op
OverheadWarmup   6: 4556864 op, 20660146.00 ns, 4.5339 ns/op
OverheadWarmup   7: 4556864 op, 20827650.00 ns, 4.5706 ns/op
OverheadWarmup   8: 4556864 op, 20578372.00 ns, 4.5159 ns/op

OverheadActual   1: 4556864 op, 21527676.00 ns, 4.7242 ns/op
OverheadActual   2: 4556864 op, 20745636.00 ns, 4.5526 ns/op
OverheadActual   3: 4556864 op, 20580807.00 ns, 4.5164 ns/op
OverheadActual   4: 4556864 op, 20560538.00 ns, 4.5120 ns/op
OverheadActual   5: 4556864 op, 20616003.00 ns, 4.5242 ns/op
OverheadActual   6: 4556864 op, 20832420.00 ns, 4.5717 ns/op
OverheadActual   7: 4556864 op, 20574545.00 ns, 4.5151 ns/op
OverheadActual   8: 4556864 op, 20588712.00 ns, 4.5182 ns/op

WorkloadWarmup   1: 4556864 op, 272811099.00 ns, 59.8682 ns/op
WorkloadWarmup   2: 4556864 op, 259831075.00 ns, 57.0197 ns/op
WorkloadWarmup   3: 4556864 op, 253439433.00 ns, 55.6171 ns/op
WorkloadWarmup   4: 4556864 op, 253505708.00 ns, 55.6316 ns/op
WorkloadWarmup   5: 4556864 op, 259180071.00 ns, 56.8769 ns/op

// BeforeActualRun
WorkloadActual   1: 4556864 op, 257735617.00 ns, 56.5599 ns/op
WorkloadActual   2: 4556864 op, 255544370.00 ns, 56.0790 ns/op
WorkloadActual   3: 4556864 op, 256043728.00 ns, 56.1886 ns/op
WorkloadActual   4: 4556864 op, 255940924.00 ns, 56.1660 ns/op
WorkloadActual   5: 4556864 op, 259803508.00 ns, 57.0137 ns/op
WorkloadActual   6: 4556864 op, 256427569.00 ns, 56.2728 ns/op
WorkloadActual   7: 4556864 op, 255486000.00 ns, 56.0662 ns/op
WorkloadActual   8: 4556864 op, 252572936.00 ns, 55.4269 ns/op

// AfterActualRun
WorkloadResult   1: 4556864 op, 237133259.50 ns, 52.0387 ns/op
WorkloadResult   2: 4556864 op, 234942012.50 ns, 51.5578 ns/op
WorkloadResult   3: 4556864 op, 235441370.50 ns, 51.6674 ns/op
WorkloadResult   4: 4556864 op, 235338566.50 ns, 51.6449 ns/op
WorkloadResult   5: 4556864 op, 235825211.50 ns, 51.7516 ns/op
WorkloadResult   6: 4556864 op, 234883642.50 ns, 51.5450 ns/op
WorkloadResult   7: 4556864 op, 231970578.50 ns, 50.9057 ns/op
// GC:  67 0 0 1130102272 4556864
// Threading:  0 0 4556864

// AfterAll
// Benchmark Process 3557 has exited with code 0.

Mean = 51.587 ns, StdErr = 0.130 ns (0.25%), N = 7, StdDev = 0.343 ns
Min = 50.906 ns, Q1 = 51.551 ns, Median = 51.645 ns, Q3 = 51.710 ns, Max = 52.039 ns
IQR = 0.158 ns, LowerFence = 51.314 ns, UpperFence = 51.947 ns
ConfidenceInterval = [50.814 ns; 52.361 ns] (CI 99.9%), Margin = 0.773 ns (1.50% of Mean)
Skewness = -0.77, Kurtosis = 2.65, MValue = 2

// ** Remained 20 (52.6 %) benchmark(s) to run. Estimated finish 2026-08-02 8:20 (0h 2m from now) **
// **************************
// Benchmark: NestedObject.Mapperly: Quick(MaxRelativeError=0.05, Arguments=/p:MatrixMode=Benchmark, IterationTime=250ms, MaxIterationCount=12, MaxWarmupIterationCount=5, MinIterationCount=8, MinWarmupIterationCount=3)
// *** Execute ***
// Launch: 1 / 1
// Execute: dotnet Matrix.ObjectMapping-Quick-1.dll --anonymousPipes 129 130 --benchmarkName Matrix.ObjectMapping.Benchmarks.NestedObject.Mapperly --job Quick --benchmarkId 18 in /home/runner/work/dotnet-matrix/dotnet-matrix/src/Matrix.ObjectMapping/bin/Benchmark/Release/net10.0/Matrix.ObjectMapping-Quick-1/bin/Release/net10.0
// Failed to set up high priority (Permission denied). In order to run benchmarks with high priority, make sure you have the right permissions.
// BeforeAnythingElse

// Benchmark Process Environment Information:
// BenchmarkDotNet v0.15.8
// Runtime=.NET 10.0.10 (10.0.10, 10.0.1026.32716), X64 RyuJIT x86-64-v3
// GC=Concurrent Workstation
// HardwareIntrinsics=AVX2+BMI1+BMI2+F16C+FMA+LZCNT+MOVBE,AVX,SSE3+SSSE3+SSE4.1+SSE4.2+POPCNT,X86Base+SSE+SSE2,AES+PCLMUL VectorSize=256
// Job: Quick(MaxRelativeError=0.05, IterationTime=250ms, MaxIterationCount=12, MaxWarmupIterationCount=5, MinIterationCount=8, MinWarmupIterationCount=3)

OverheadJitting  1: 1 op, 236475.00 ns, 236.4750 us/op
WorkloadJitting  1: 1 op, 833567.00 ns, 833.5670 us/op

OverheadJitting  2: 16 op, 512583.00 ns, 32.0364 us/op
WorkloadJitting  2: 16 op, 506923.00 ns, 31.6827 us/op

WorkloadPilot    1: 16 op, 4529.00 ns, 283.0625 ns/op
WorkloadPilot    2: 883200 op, 108225953.00 ns, 122.5384 ns/op
WorkloadPilot    3: 2040176 op, 154605651.00 ns, 75.7805 ns/op
WorkloadPilot    4: 3299008 op, 166830815.00 ns, 50.5700 ns/op
WorkloadPilot    5: 4943648 op, 255511748.00 ns, 51.6849 ns/op
WorkloadPilot    6: 4837008 op, 247746986.00 ns, 51.2191 ns/op
WorkloadPilot    7: 4881008 op, 253621395.00 ns, 51.9609 ns/op
WorkloadPilot    8: 4811328 op, 247027704.00 ns, 51.3429 ns/op
WorkloadPilot    9: 4869232 op, 255215442.00 ns, 52.4139 ns/op

OverheadWarmup   1: 4869232 op, 23688316.00 ns, 4.8649 ns/op
OverheadWarmup   2: 4869232 op, 22206421.00 ns, 4.5606 ns/op
OverheadWarmup   3: 4869232 op, 22161086.00 ns, 4.5512 ns/op
OverheadWarmup   4: 4869232 op, 22183028.00 ns, 4.5558 ns/op
OverheadWarmup   5: 4869232 op, 22196002.00 ns, 4.5584 ns/op
OverheadWarmup   6: 4869232 op, 22184710.00 ns, 4.5561 ns/op
OverheadWarmup   7: 4869232 op, 22560507.00 ns, 4.6333 ns/op
OverheadWarmup   8: 4869232 op, 22230887.00 ns, 4.5656 ns/op

OverheadActual   1: 4869232 op, 22270501.00 ns, 4.5737 ns/op
OverheadActual   2: 4869232 op, 22183288.00 ns, 4.5558 ns/op
OverheadActual   3: 4869232 op, 22187105.00 ns, 4.5566 ns/op
OverheadActual   4: 4869232 op, 22315787.00 ns, 4.5830 ns/op
OverheadActual   5: 4869232 op, 22255053.00 ns, 4.5705 ns/op
OverheadActual   6: 4869232 op, 22545648.00 ns, 4.6302 ns/op
OverheadActual   7: 4869232 op, 22190822.00 ns, 4.5574 ns/op
OverheadActual   8: 4869232 op, 22473744.00 ns, 4.6155 ns/op

WorkloadWarmup   1: 4869232 op, 262839679.00 ns, 53.9797 ns/op
WorkloadWarmup   2: 4869232 op, 254736801.00 ns, 52.3156 ns/op
WorkloadWarmup   3: 4869232 op, 249198915.00 ns, 51.1783 ns/op
WorkloadWarmup   4: 4869232 op, 246568732.00 ns, 50.6381 ns/op
WorkloadWarmup   5: 4869232 op, 249506222.00 ns, 51.2414 ns/op

// BeforeActualRun
WorkloadActual   1: 4869232 op, 248163831.00 ns, 50.9657 ns/op
WorkloadActual   2: 4869232 op, 254042965.00 ns, 52.1731 ns/op
WorkloadActual   3: 4869232 op, 251030274.00 ns, 51.5544 ns/op
WorkloadActual   4: 4869232 op, 254359911.00 ns, 52.2382 ns/op
WorkloadActual   5: 4869232 op, 249959713.00 ns, 51.3345 ns/op
WorkloadActual   6: 4869232 op, 250341921.00 ns, 51.4130 ns/op
WorkloadActual   7: 4869232 op, 250668876.00 ns, 51.4802 ns/op
WorkloadActual   8: 4869232 op, 248890895.00 ns, 51.1150 ns/op

// AfterActualRun
WorkloadResult   1: 4869232 op, 225901054.00 ns, 46.3936 ns/op
WorkloadResult   2: 4869232 op, 231780188.00 ns, 47.6010 ns/op
WorkloadResult   3: 4869232 op, 228767497.00 ns, 46.9823 ns/op
WorkloadResult   4: 4869232 op, 232097134.00 ns, 47.6661 ns/op
WorkloadResult   5: 4869232 op, 227696936.00 ns, 46.7624 ns/op
WorkloadResult   6: 4869232 op, 228079144.00 ns, 46.8409 ns/op
WorkloadResult   7: 4869232 op, 228406099.00 ns, 46.9080 ns/op
WorkloadResult   8: 4869232 op, 226628118.00 ns, 46.5429 ns/op
// GC:  72 0 0 1207569536 4869232
// Threading:  0 0 4869232

// AfterAll
// Benchmark Process 3567 has exited with code 0.

Mean = 46.962 ns, StdErr = 0.161 ns (0.34%), N = 8, StdDev = 0.457 ns
Min = 46.394 ns, Q1 = 46.708 ns, Median = 46.874 ns, Q3 = 47.137 ns, Max = 47.666 ns
IQR = 0.429 ns, LowerFence = 46.063 ns, UpperFence = 47.781 ns
ConfidenceInterval = [46.089 ns; 47.836 ns] (CI 99.9%), Margin = 0.873 ns (1.86% of Mean)
Skewness = 0.45, Kurtosis = 1.58, MValue = 2

// ** Remained 19 (50.0 %) benchmark(s) to run. Estimated finish 2026-08-02 8:20 (0h 1m from now) **
// **************************
// Benchmark: NestedObject.Mapster: Quick(MaxRelativeError=0.05, Arguments=/p:MatrixMode=Benchmark, IterationTime=250ms, MaxIterationCount=12, MaxWarmupIterationCount=5, MinIterationCount=8, MinWarmupIterationCount=3)
// *** Execute ***
// Launch: 1 / 1
// Execute: dotnet Matrix.ObjectMapping-Quick-1.dll --anonymousPipes 129 130 --benchmarkName Matrix.ObjectMapping.Benchmarks.NestedObject.Mapster --job Quick --benchmarkId 19 in /home/runner/work/dotnet-matrix/dotnet-matrix/src/Matrix.ObjectMapping/bin/Benchmark/Release/net10.0/Matrix.ObjectMapping-Quick-1/bin/Release/net10.0
// Failed to set up high priority (Permission denied). In order to run benchmarks with high priority, make sure you have the right permissions.
// BeforeAnythingElse

// Benchmark Process Environment Information:
// BenchmarkDotNet v0.15.8
// Runtime=.NET 10.0.10 (10.0.10, 10.0.1026.32716), X64 RyuJIT x86-64-v3
// GC=Concurrent Workstation
// HardwareIntrinsics=AVX2+BMI1+BMI2+F16C+FMA+LZCNT+MOVBE,AVX,SSE3+SSSE3+SSE4.1+SSE4.2+POPCNT,X86Base+SSE+SSE2,AES+PCLMUL VectorSize=256
// Job: Quick(MaxRelativeError=0.05, IterationTime=250ms, MaxIterationCount=12, MaxWarmupIterationCount=5, MinIterationCount=8, MinWarmupIterationCount=3)

OverheadJitting  1: 1 op, 253046.00 ns, 253.0460 us/op
WorkloadJitting  1: 1 op, 3587601.00 ns, 3.5876 ms/op

OverheadJitting  2: 16 op, 498025.00 ns, 31.1266 us/op
WorkloadJitting  2: 16 op, 495360.00 ns, 30.9600 us/op

WorkloadPilot    1: 16 op, 6763.00 ns, 422.6875 ns/op
WorkloadPilot    2: 591456 op, 113216300.00 ns, 191.4196 ns/op
WorkloadPilot    3: 1306032 op, 117785930.00 ns, 90.1861 ns/op
WorkloadPilot    4: 2772048 op, 178274833.00 ns, 64.3116 ns/op
WorkloadPilot    5: 3887328 op, 252188811.00 ns, 64.8746 ns/op
WorkloadPilot    6: 3853600 op, 253676326.00 ns, 65.8284 ns/op
WorkloadPilot    7: 3797760 op, 252226111.00 ns, 66.4144 ns/op

OverheadWarmup   1: 3797760 op, 14950149.00 ns, 3.9366 ns/op
OverheadWarmup   2: 3797760 op, 14959336.00 ns, 3.9390 ns/op
OverheadWarmup   3: 3797760 op, 14927526.00 ns, 3.9306 ns/op
OverheadWarmup   4: 3797760 op, 15025089.00 ns, 3.9563 ns/op
OverheadWarmup   5: 3797760 op, 14918099.00 ns, 3.9281 ns/op

OverheadActual   1: 3797760 op, 14981577.00 ns, 3.9448 ns/op
OverheadActual   2: 3797760 op, 15189148.00 ns, 3.9995 ns/op
OverheadActual   3: 3797760 op, 14971138.00 ns, 3.9421 ns/op
OverheadActual   4: 3797760 op, 14983401.00 ns, 3.9453 ns/op
OverheadActual   5: 3797760 op, 14936113.00 ns, 3.9329 ns/op
OverheadActual   6: 3797760 op, 14961340.00 ns, 3.9395 ns/op
OverheadActual   7: 3797760 op, 14931013.00 ns, 3.9315 ns/op
OverheadActual   8: 3797760 op, 14919521.00 ns, 3.9285 ns/op

WorkloadWarmup   1: 3797760 op, 258929841.00 ns, 68.1796 ns/op
WorkloadWarmup   2: 3797760 op, 248069116.00 ns, 65.3199 ns/op
WorkloadWarmup   3: 3797760 op, 244919363.00 ns, 64.4905 ns/op
WorkloadWarmup   4: 3797760 op, 246815937.00 ns, 64.9899 ns/op
WorkloadWarmup   5: 3797760 op, 246231308.00 ns, 64.8359 ns/op

// BeforeActualRun
WorkloadActual   1: 3797760 op, 253278207.00 ns, 66.6915 ns/op
WorkloadActual   2: 3797760 op, 250401009.00 ns, 65.9339 ns/op
WorkloadActual   3: 3797760 op, 250810100.00 ns, 66.0416 ns/op
WorkloadActual   4: 3797760 op, 249640423.00 ns, 65.7336 ns/op
WorkloadActual   5: 3797760 op, 247514168.00 ns, 65.1737 ns/op
WorkloadActual   6: 3797760 op, 247432264.00 ns, 65.1522 ns/op
WorkloadActual   7: 3797760 op, 246603969.00 ns, 64.9341 ns/op
WorkloadActual   8: 3797760 op, 249374212.00 ns, 65.6635 ns/op

// AfterActualRun
WorkloadResult   1: 3797760 op, 238311968.00 ns, 62.7507 ns/op
WorkloadResult   2: 3797760 op, 235434770.00 ns, 61.9931 ns/op
WorkloadResult   3: 3797760 op, 235843861.00 ns, 62.1008 ns/op
WorkloadResult   4: 3797760 op, 234674184.00 ns, 61.7928 ns/op
WorkloadResult   5: 3797760 op, 232547929.00 ns, 61.2329 ns/op
WorkloadResult   6: 3797760 op, 232466025.00 ns, 61.2114 ns/op
WorkloadResult   7: 3797760 op, 231637730.00 ns, 60.9933 ns/op
WorkloadResult   8: 3797760 op, 234407973.00 ns, 61.7227 ns/op
// GC:  56 0 0 941844480 3797760
// Threading:  0 0 3797760

// AfterAll
// Benchmark Process 3577 has exited with code 0.

Mean = 61.725 ns, StdErr = 0.203 ns (0.33%), N = 8, StdDev = 0.575 ns
Min = 60.993 ns, Q1 = 61.228 ns, Median = 61.758 ns, Q3 = 62.020 ns, Max = 62.751 ns
IQR = 0.792 ns, LowerFence = 60.039 ns, UpperFence = 63.209 ns
ConfidenceInterval = [60.626 ns; 62.823 ns] (CI 99.9%), Margin = 1.099 ns (1.78% of Mean)
Skewness = 0.33, Kurtosis = 1.77, MValue = 2

// ** Remained 18 (47.4 %) benchmark(s) to run. Estimated finish 2026-08-02 8:20 (0h 1m from now) **
// ***** BenchmarkRunner: Finish  *****

// * Export *
  tmp/dotnet-matrix/ObjectMapping/4ff6a8fe23154753803edc028d76fae5/results/Matrix.ObjectMapping.Benchmarks.NestedObject-report.csv
  tmp/dotnet-matrix/ObjectMapping/4ff6a8fe23154753803edc028d76fae5/results/Matrix.ObjectMapping.Benchmarks.NestedObject-report-github.md
  tmp/dotnet-matrix/ObjectMapping/4ff6a8fe23154753803edc028d76fae5/results/Matrix.ObjectMapping.Benchmarks.NestedObject-report.html
  tmp/dotnet-matrix/ObjectMapping/4ff6a8fe23154753803edc028d76fae5/results/Matrix.ObjectMapping.Benchmarks.NestedObject-report-full.json

// * Detailed results *
NestedObject.Mapperly: Quick(MaxRelativeError=0.05, Arguments=/p:MatrixMode=Benchmark, IterationTime=250ms, MaxIterationCount=12, MaxWarmupIterationCount=5, MinIterationCount=8, MinWarmupIterationCount=3)
Runtime = .NET 10.0.10 (10.0.10, 10.0.1026.32716), X64 RyuJIT x86-64-v3; GC = Concurrent Workstation
Mean = 46.962 ns, StdErr = 0.161 ns (0.34%), N = 8, StdDev = 0.457 ns
Min = 46.394 ns, Q1 = 46.708 ns, Median = 46.874 ns, Q3 = 47.137 ns, Max = 47.666 ns
IQR = 0.429 ns, LowerFence = 46.063 ns, UpperFence = 47.781 ns
ConfidenceInterval = [46.089 ns; 47.836 ns] (CI 99.9%), Margin = 0.873 ns (1.86% of Mean)
Skewness = 0.45, Kurtosis = 1.58, MValue = 2
-------------------- Histogram --------------------
[46.221 ns ; 47.966 ns) | @@@@@@@@
---------------------------------------------------

NestedObject.HandCoded: Quick(MaxRelativeError=0.05, Arguments=/p:MatrixMode=Benchmark, IterationTime=250ms, MaxIterationCount=12, MaxWarmupIterationCount=5, MinIterationCount=8, MinWarmupIterationCount=3)
Runtime = .NET 10.0.10 (10.0.10, 10.0.1026.32716), X64 RyuJIT x86-64-v3; GC = Concurrent Workstation
Mean = 51.587 ns, StdErr = 0.130 ns (0.25%), N = 7, StdDev = 0.343 ns
Min = 50.906 ns, Q1 = 51.551 ns, Median = 51.645 ns, Q3 = 51.710 ns, Max = 52.039 ns
IQR = 0.158 ns, LowerFence = 51.314 ns, UpperFence = 51.947 ns
ConfidenceInterval = [50.814 ns; 52.361 ns] (CI 99.9%), Margin = 0.773 ns (1.50% of Mean)
Skewness = -0.77, Kurtosis = 2.65, MValue = 2
-------------------- Histogram --------------------
[50.670 ns ; 52.165 ns) | @@@@@@@
---------------------------------------------------

NestedObject.Mapster: Quick(MaxRelativeError=0.05, Arguments=/p:MatrixMode=Benchmark, IterationTime=250ms, MaxIterationCount=12, MaxWarmupIterationCount=5, MinIterationCount=8, MinWarmupIterationCount=3)
Runtime = .NET 10.0.10 (10.0.10, 10.0.1026.32716), X64 RyuJIT x86-64-v3; GC = Concurrent Workstation
Mean = 61.725 ns, StdErr = 0.203 ns (0.33%), N = 8, StdDev = 0.575 ns
Min = 60.993 ns, Q1 = 61.228 ns, Median = 61.758 ns, Q3 = 62.020 ns, Max = 62.751 ns
IQR = 0.792 ns, LowerFence = 60.039 ns, UpperFence = 63.209 ns
ConfidenceInterval = [60.626 ns; 62.823 ns] (CI 99.9%), Margin = 1.099 ns (1.78% of Mean)
Skewness = 0.33, Kurtosis = 1.77, MValue = 2
-------------------- Histogram --------------------
[60.616 ns ; 63.128 ns) | @@@@@@@@
---------------------------------------------------

NestedObject.AutoMapper: Quick(MaxRelativeError=0.05, Arguments=/p:MatrixMode=Benchmark, IterationTime=250ms, MaxIterationCount=12, MaxWarmupIterationCount=5, MinIterationCount=8, MinWarmupIterationCount=3)
Runtime = .NET 10.0.10 (10.0.10, 10.0.1026.32716), X64 RyuJIT x86-64-v3; GC = Concurrent Workstation
Mean = 115.726 ns, StdErr = 0.242 ns (0.21%), N = 8, StdDev = 0.686 ns
Min = 114.732 ns, Q1 = 115.115 ns, Median = 115.840 ns, Q3 = 116.152 ns, Max = 116.720 ns
IQR = 1.037 ns, LowerFence = 113.560 ns, UpperFence = 117.708 ns
ConfidenceInterval = [114.415 ns; 117.038 ns] (CI 99.9%), Margin = 1.311 ns (1.13% of Mean)
Skewness = -0.06, Kurtosis = 1.37, MValue = 2
-------------------- Histogram --------------------
[114.282 ns ; 117.170 ns) | @@@@@@@@
---------------------------------------------------

// * Summary *

BenchmarkDotNet v0.15.8, Linux Ubuntu 24.04.4 LTS (Noble Numbat)
AMD EPYC 7763 2.45GHz, 1 CPU, 4 logical and 2 physical cores
.NET SDK 10.0.302
  [Host] : .NET 10.0.10 (10.0.10, 10.0.1026.32716), X64 RyuJIT x86-64-v3
  Quick  : .NET 10.0.10 (10.0.10, 10.0.1026.32716), X64 RyuJIT x86-64-v3

Job=Quick  MaxRelativeError=0.05  Arguments=/p:MatrixMode=Benchmark  
IterationTime=250ms  MaxIterationCount=12  MaxWarmupIterationCount=5  
MinIterationCount=8  MinWarmupIterationCount=3  

| Method     | Mean      | Error    | StdDev   | Ratio | RatioSD | Gen0   | Allocated | Alloc Ratio |
|----------- |----------:|---------:|---------:|------:|--------:|-------:|----------:|------------:|
| Mapperly   |  46.96 ns | 0.873 ns | 0.457 ns |  0.91 |    0.01 | 0.0148 |     248 B |        1.00 |
| HandCoded  |  51.59 ns | 0.773 ns | 0.343 ns |  1.00 |    0.01 | 0.0147 |     248 B |        1.00 |
| Mapster    |  61.72 ns | 1.099 ns | 0.575 ns |  1.20 |    0.01 | 0.0147 |     248 B |        1.00 |
| AutoMapper | 115.73 ns | 1.311 ns | 0.686 ns |  2.24 |    0.02 | 0.0148 |     248 B |        1.00 |

// * Hints *
Outliers
  NestedObject.HandCoded: Quick -> 1 outlier  was  removed, 2 outliers were detected (55.43 ns, 57.01 ns)

// * Legends *
  Mean        : Arithmetic mean of all measurements
  Error       : Half of 99.9% confidence interval
  StdDev      : Standard deviation of all measurements
  Ratio       : Mean of the ratio distribution ([Current]/[Baseline])
  RatioSD     : Standard deviation of the ratio distribution ([Current]/[Baseline])
  Gen0        : GC Generation 0 collects per 1000 operations
  Allocated   : Allocated memory per single operation (managed only, inclusive, 1KB = 1024B)
  Alloc Ratio : Allocated memory ratio distribution ([Current]/[Baseline])
  1 ns        : 1 Nanosecond (0.000000001 sec)

// * Diagnostic Output - MemoryDiagnoser *


// ***** BenchmarkRunner: End *****
Run time: 00:00:22 (22.78 sec), executed benchmarks: 4

// Found 4 benchmarks:
//   NullHandling.AutoMapper: Quick(MaxRelativeError=0.05, Arguments=/p:MatrixMode=Benchmark, IterationTime=250ms, MaxIterationCount=12, MaxWarmupIterationCount=5, MinIterationCount=8, MinWarmupIterationCount=3)
//   NullHandling.HandCoded: Quick(MaxRelativeError=0.05, Arguments=/p:MatrixMode=Benchmark, IterationTime=250ms, MaxIterationCount=12, MaxWarmupIterationCount=5, MinIterationCount=8, MinWarmupIterationCount=3)
//   NullHandling.Mapperly: Quick(MaxRelativeError=0.05, Arguments=/p:MatrixMode=Benchmark, IterationTime=250ms, MaxIterationCount=12, MaxWarmupIterationCount=5, MinIterationCount=8, MinWarmupIterationCount=3)
//   NullHandling.Mapster: Quick(MaxRelativeError=0.05, Arguments=/p:MatrixMode=Benchmark, IterationTime=250ms, MaxIterationCount=12, MaxWarmupIterationCount=5, MinIterationCount=8, MinWarmupIterationCount=3)

// **************************
// Benchmark: NullHandling.AutoMapper: Quick(MaxRelativeError=0.05, Arguments=/p:MatrixMode=Benchmark, IterationTime=250ms, MaxIterationCount=12, MaxWarmupIterationCount=5, MinIterationCount=8, MinWarmupIterationCount=3)
// *** Execute ***
// Launch: 1 / 1
// Execute: dotnet Matrix.ObjectMapping-Quick-1.dll --anonymousPipes 129 130 --benchmarkName Matrix.ObjectMapping.Benchmarks.NullHandling.AutoMapper --job Quick --benchmarkId 20 in /home/runner/work/dotnet-matrix/dotnet-matrix/src/Matrix.ObjectMapping/bin/Benchmark/Release/net10.0/Matrix.ObjectMapping-Quick-1/bin/Release/net10.0
// Failed to set up high priority (Permission denied). In order to run benchmarks with high priority, make sure you have the right permissions.
// BeforeAnythingElse

// Benchmark Process Environment Information:
// BenchmarkDotNet v0.15.8
// Runtime=.NET 10.0.10 (10.0.10, 10.0.1026.32716), X64 RyuJIT x86-64-v3
// GC=Concurrent Workstation
// HardwareIntrinsics=AVX2+BMI1+BMI2+F16C+FMA+LZCNT+MOVBE,AVX,SSE3+SSSE3+SSE4.1+SSE4.2+POPCNT,X86Base+SSE+SSE2,AES+PCLMUL VectorSize=256
// Job: Quick(MaxRelativeError=0.05, IterationTime=250ms, MaxIterationCount=12, MaxWarmupIterationCount=5, MinIterationCount=8, MinWarmupIterationCount=3)

OverheadJitting  1: 1 op, 233178.00 ns, 233.1780 us/op
WorkloadJitting  1: 1 op, 2636994.00 ns, 2.6370 ms/op

OverheadJitting  2: 16 op, 475213.00 ns, 29.7008 us/op
WorkloadJitting  2: 16 op, 828407.00 ns, 51.7754 us/op

WorkloadPilot    1: 16 op, 14498.00 ns, 906.1250 ns/op
WorkloadPilot    2: 275904 op, 99288848.00 ns, 359.8674 ns/op
WorkloadPilot    3: 694704 op, 126040850.00 ns, 181.4310 ns/op
WorkloadPilot    4: 1377936 op, 114159290.00 ns, 82.8480 ns/op
WorkloadPilot    5: 3017584 op, 240377597.00 ns, 79.6590 ns/op
WorkloadPilot    6: 3138384 op, 251975447.00 ns, 80.2883 ns/op
WorkloadPilot    7: 3113792 op, 248412803.00 ns, 79.7782 ns/op
WorkloadPilot    8: 3133696 op, 251094662.00 ns, 80.1273 ns/op
WorkloadPilot    9: 3120048 op, 248468758.00 ns, 79.6362 ns/op
WorkloadPilot   10: 3139280 op, 248702978.00 ns, 79.2229 ns/op
WorkloadPilot   11: 3155664 op, 251705309.00 ns, 79.7630 ns/op

OverheadWarmup   1: 3155664 op, 14400485.00 ns, 4.5634 ns/op
OverheadWarmup   2: 3155664 op, 14379727.00 ns, 4.5568 ns/op
OverheadWarmup   3: 3155664 op, 14400425.00 ns, 4.5634 ns/op
OverheadWarmup   4: 3155664 op, 14365389.00 ns, 4.5523 ns/op
OverheadWarmup   5: 3155664 op, 14374397.00 ns, 4.5551 ns/op
OverheadWarmup   6: 3155664 op, 14380408.00 ns, 4.5570 ns/op
OverheadWarmup   7: 3155664 op, 14381139.00 ns, 4.5572 ns/op
OverheadWarmup   8: 3155664 op, 14360020.00 ns, 4.5506 ns/op

OverheadActual   1: 3155664 op, 14469475.00 ns, 4.5852 ns/op
OverheadActual   2: 3155664 op, 14464195.00 ns, 4.5836 ns/op
OverheadActual   3: 3155664 op, 14398171.00 ns, 4.5626 ns/op
OverheadActual   4: 3155664 op, 14397620.00 ns, 4.5625 ns/op
OverheadActual   5: 3155664 op, 14388001.00 ns, 4.5594 ns/op
OverheadActual   6: 3155664 op, 14396127.00 ns, 4.5620 ns/op
OverheadActual   7: 3155664 op, 14370959.00 ns, 4.5540 ns/op
OverheadActual   8: 3155664 op, 14379846.00 ns, 4.5568 ns/op

WorkloadWarmup   1: 3155664 op, 260516904.00 ns, 82.5553 ns/op
WorkloadWarmup   2: 3155664 op, 255894760.00 ns, 81.0906 ns/op
WorkloadWarmup   3: 3155664 op, 253328619.00 ns, 80.2774 ns/op
WorkloadWarmup   4: 3155664 op, 250295440.00 ns, 79.3163 ns/op
WorkloadWarmup   5: 3155664 op, 250602577.00 ns, 79.4136 ns/op

// BeforeActualRun
WorkloadActual   1: 3155664 op, 253926161.00 ns, 80.4668 ns/op
WorkloadActual   2: 3155664 op, 252621711.00 ns, 80.0534 ns/op
WorkloadActual   3: 3155664 op, 251025571.00 ns, 79.5476 ns/op
WorkloadActual   4: 3155664 op, 251609067.00 ns, 79.7325 ns/op
WorkloadActual   5: 3155664 op, 251949979.00 ns, 79.8406 ns/op
WorkloadActual   6: 3155664 op, 251923699.00 ns, 79.8322 ns/op
WorkloadActual   7: 3155664 op, 250862265.00 ns, 79.4959 ns/op
WorkloadActual   8: 3155664 op, 251062501.00 ns, 79.5593 ns/op

// AfterActualRun
WorkloadResult   1: 3155664 op, 238224837.50 ns, 75.4912 ns/op
WorkloadResult   2: 3155664 op, 236628697.50 ns, 74.9854 ns/op
WorkloadResult   3: 3155664 op, 237212193.50 ns, 75.1703 ns/op
WorkloadResult   4: 3155664 op, 237553105.50 ns, 75.2783 ns/op
WorkloadResult   5: 3155664 op, 237526825.50 ns, 75.2700 ns/op
WorkloadResult   6: 3155664 op, 236465391.50 ns, 74.9336 ns/op
WorkloadResult   7: 3155664 op, 236665627.50 ns, 74.9971 ns/op
// GC:  7 0 0 126226560 3155664
// Threading:  0 0 3155664

// AfterAll
// Benchmark Process 3589 has exited with code 0.

Mean = 75.161 ns, StdErr = 0.076 ns (0.10%), N = 7, StdDev = 0.202 ns
Min = 74.934 ns, Q1 = 74.991 ns, Median = 75.170 ns, Q3 = 75.274 ns, Max = 75.491 ns
IQR = 0.283 ns, LowerFence = 74.567 ns, UpperFence = 75.699 ns
ConfidenceInterval = [74.707 ns; 75.615 ns] (CI 99.9%), Margin = 0.454 ns (0.60% of Mean)
Skewness = 0.3, Kurtosis = 1.43, MValue = 2

// ** Remained 17 (44.7 %) benchmark(s) to run. Estimated finish 2026-08-02 8:20 (0h 1m from now) **
// **************************
// Benchmark: NullHandling.HandCoded: Quick(MaxRelativeError=0.05, Arguments=/p:MatrixMode=Benchmark, IterationTime=250ms, MaxIterationCount=12, MaxWarmupIterationCount=5, MinIterationCount=8, MinWarmupIterationCount=3)
// *** Execute ***
// Launch: 1 / 1
// Execute: dotnet Matrix.ObjectMapping-Quick-1.dll --anonymousPipes 129 130 --benchmarkName Matrix.ObjectMapping.Benchmarks.NullHandling.HandCoded --job Quick --benchmarkId 21 in /home/runner/work/dotnet-matrix/dotnet-matrix/src/Matrix.ObjectMapping/bin/Benchmark/Release/net10.0/Matrix.ObjectMapping-Quick-1/bin/Release/net10.0
// Failed to set up high priority (Permission denied). In order to run benchmarks with high priority, make sure you have the right permissions.
// BeforeAnythingElse

// Benchmark Process Environment Information:
// BenchmarkDotNet v0.15.8
// Runtime=.NET 10.0.10 (10.0.10, 10.0.1026.32716), X64 RyuJIT x86-64-v3
// GC=Concurrent Workstation
// HardwareIntrinsics=AVX2+BMI1+BMI2+F16C+FMA+LZCNT+MOVBE,AVX,SSE3+SSSE3+SSE4.1+SSE4.2+POPCNT,X86Base+SSE+SSE2,AES+PCLMUL VectorSize=256
// Job: Quick(MaxRelativeError=0.05, IterationTime=250ms, MaxIterationCount=12, MaxWarmupIterationCount=5, MinIterationCount=8, MinWarmupIterationCount=3)

OverheadJitting  1: 1 op, 229842.00 ns, 229.8420 us/op
WorkloadJitting  1: 1 op, 369814.00 ns, 369.8140 us/op

OverheadJitting  2: 16 op, 463440.00 ns, 28.9650 us/op
WorkloadJitting  2: 16 op, 475122.00 ns, 29.6951 us/op

WorkloadPilot    1: 16 op, 9358.00 ns, 584.8750 ns/op
WorkloadPilot    2: 427456 op, 18634490.00 ns, 43.5939 ns/op
WorkloadPilot    3: 5734752 op, 145438998.00 ns, 25.3610 ns/op
WorkloadPilot    4: 9857664 op, 142747741.00 ns, 14.4809 ns/op
WorkloadPilot    5: 17264144 op, 315981169.00 ns, 18.3027 ns/op
WorkloadPilot    6: 13659168 op, 220960667.00 ns, 16.1767 ns/op
WorkloadPilot    7: 15454304 op, 267328992.00 ns, 17.2980 ns/op
WorkloadPilot    8: 14452528 op, 238316424.00 ns, 16.4896 ns/op
WorkloadPilot    9: 15161072 op, 285124987.00 ns, 18.8064 ns/op

OverheadWarmup   1: 15161072 op, 64437514.00 ns, 4.2502 ns/op
OverheadWarmup   2: 15161072 op, 64426062.00 ns, 4.2494 ns/op
OverheadWarmup   3: 15161072 op, 64787071.00 ns, 4.2733 ns/op
OverheadWarmup   4: 15161072 op, 54629046.00 ns, 3.6032 ns/op
OverheadWarmup   5: 15161072 op, 50320953.00 ns, 3.3191 ns/op
OverheadWarmup   6: 15161072 op, 50323597.00 ns, 3.3193 ns/op
OverheadWarmup   7: 15161072 op, 50219241.00 ns, 3.3124 ns/op

OverheadActual   1: 15161072 op, 50225563.00 ns, 3.3128 ns/op
OverheadActual   2: 15161072 op, 50312119.00 ns, 3.3185 ns/op
OverheadActual   3: 15161072 op, 50351559.00 ns, 3.3211 ns/op
OverheadActual   4: 15161072 op, 50271368.00 ns, 3.3158 ns/op
OverheadActual   5: 15161072 op, 50158056.00 ns, 3.3083 ns/op
OverheadActual   6: 15161072 op, 50325230.00 ns, 3.3194 ns/op
OverheadActual   7: 15161072 op, 50424597.00 ns, 3.3259 ns/op
OverheadActual   8: 15161072 op, 50429086.00 ns, 3.3262 ns/op

WorkloadWarmup   1: 15161072 op, 289274191.00 ns, 19.0801 ns/op
WorkloadWarmup   2: 15161072 op, 228621385.00 ns, 15.0795 ns/op
WorkloadWarmup   3: 15161072 op, 254418307.00 ns, 16.7810 ns/op
WorkloadWarmup   4: 15161072 op, 281146619.00 ns, 18.5440 ns/op
WorkloadWarmup   5: 15161072 op, 292609829.00 ns, 19.3001 ns/op

// BeforeActualRun
WorkloadActual   1: 15161072 op, 257236773.00 ns, 16.9669 ns/op
WorkloadActual   2: 15161072 op, 250088421.00 ns, 16.4954 ns/op
WorkloadActual   3: 15161072 op, 272993629.00 ns, 18.0062 ns/op
WorkloadActual   4: 15161072 op, 266323807.00 ns, 17.5663 ns/op
WorkloadActual   5: 15161072 op, 240020254.00 ns, 15.8314 ns/op
WorkloadActual   6: 15161072 op, 271770521.00 ns, 17.9255 ns/op
WorkloadActual   7: 15161072 op, 253948064.00 ns, 16.7500 ns/op
WorkloadActual   8: 15161072 op, 267046565.00 ns, 17.6140 ns/op
WorkloadActual   9: 15161072 op, 246283092.00 ns, 16.2444 ns/op
WorkloadActual  10: 15161072 op, 283752326.00 ns, 18.7158 ns/op
WorkloadActual  11: 15161072 op, 281619278.00 ns, 18.5752 ns/op
WorkloadActual  12: 15161072 op, 296353211.00 ns, 19.5470 ns/op

// AfterActualRun
WorkloadResult   1: 15161072 op, 206918098.50 ns, 13.6480 ns/op
WorkloadResult   2: 15161072 op, 199769746.50 ns, 13.1765 ns/op
WorkloadResult   3: 15161072 op, 222674954.50 ns, 14.6873 ns/op
WorkloadResult   4: 15161072 op, 216005132.50 ns, 14.2474 ns/op
WorkloadResult   5: 15161072 op, 189701579.50 ns, 12.5124 ns/op
WorkloadResult   6: 15161072 op, 221451846.50 ns, 14.6066 ns/op
WorkloadResult   7: 15161072 op, 203629389.50 ns, 13.4311 ns/op
WorkloadResult   8: 15161072 op, 216727890.50 ns, 14.2950 ns/op
WorkloadResult   9: 15161072 op, 195964417.50 ns, 12.9255 ns/op
WorkloadResult  10: 15161072 op, 233433651.50 ns, 15.3969 ns/op
WorkloadResult  11: 15161072 op, 231300603.50 ns, 15.2562 ns/op
WorkloadResult  12: 15161072 op, 246034536.50 ns, 16.2280 ns/op
// GC:  36 0 0 606442880 15161072
// Threading:  0 0 15161072

// AfterAll
// Benchmark Process 3601 has exited with code 0.

Mean = 14.201 ns, StdErr = 0.320 ns (2.25%), N = 12, StdDev = 1.107 ns
Min = 12.512 ns, Q1 = 13.367 ns, Median = 14.271 ns, Q3 = 14.830 ns, Max = 16.228 ns
IQR = 1.462 ns, LowerFence = 11.174 ns, UpperFence = 17.023 ns
ConfidenceInterval = [12.782 ns; 15.619 ns] (CI 99.9%), Margin = 1.418 ns (9.99% of Mean)
Skewness = 0.17, Kurtosis = 1.8, MValue = 3.67

// ** Remained 16 (42.1 %) benchmark(s) to run. Estimated finish 2026-08-02 8:20 (0h 1m from now) **
// **************************
// Benchmark: NullHandling.Mapperly: Quick(MaxRelativeError=0.05, Arguments=/p:MatrixMode=Benchmark, IterationTime=250ms, MaxIterationCount=12, MaxWarmupIterationCount=5, MinIterationCount=8, MinWarmupIterationCount=3)
// *** Execute ***
// Launch: 1 / 1
// Execute: dotnet Matrix.ObjectMapping-Quick-1.dll --anonymousPipes 129 130 --benchmarkName Matrix.ObjectMapping.Benchmarks.NullHandling.Mapperly --job Quick --benchmarkId 22 in /home/runner/work/dotnet-matrix/dotnet-matrix/src/Matrix.ObjectMapping/bin/Benchmark/Release/net10.0/Matrix.ObjectMapping-Quick-1/bin/Release/net10.0
// Failed to set up high priority (Permission denied). In order to run benchmarks with high priority, make sure you have the right permissions.
// BeforeAnythingElse

// Benchmark Process Environment Information:
// BenchmarkDotNet v0.15.8
// Runtime=.NET 10.0.10 (10.0.10, 10.0.1026.32716), X64 RyuJIT x86-64-v3
// GC=Concurrent Workstation
// HardwareIntrinsics=AVX2+BMI1+BMI2+F16C+FMA+LZCNT+MOVBE,AVX,SSE3+SSSE3+SSE4.1+SSE4.2+POPCNT,X86Base+SSE+SSE2,AES+PCLMUL VectorSize=256
// Job: Quick(MaxRelativeError=0.05, IterationTime=250ms, MaxIterationCount=12, MaxWarmupIterationCount=5, MinIterationCount=8, MinWarmupIterationCount=3)

OverheadJitting  1: 1 op, 222428.00 ns, 222.4280 us/op
WorkloadJitting  1: 1 op, 492115.00 ns, 492.1150 us/op

OverheadJitting  2: 16 op, 472338.00 ns, 29.5211 us/op
WorkloadJitting  2: 16 op, 483910.00 ns, 30.2444 us/op

WorkloadPilot    1: 16 op, 3427.00 ns, 214.1875 ns/op
WorkloadPilot    2: 1167216 op, 41442820.00 ns, 35.5057 ns/op
WorkloadPilot    3: 7041136 op, 173894074.00 ns, 24.6969 ns/op
WorkloadPilot    4: 10122752 op, 125996194.00 ns, 12.4468 ns/op
WorkloadPilot    5: 20085440 op, 253001254.00 ns, 12.5963 ns/op
WorkloadPilot    6: 19847184 op, 242566057.00 ns, 12.2217 ns/op
WorkloadPilot    7: 20455456 op, 254816335.00 ns, 12.4571 ns/op
WorkloadPilot    8: 20068832 op, 246881055.00 ns, 12.3017 ns/op
WorkloadPilot    9: 20322384 op, 251625720.00 ns, 12.3817 ns/op

OverheadWarmup   1: 20322384 op, 86210377.00 ns, 4.2421 ns/op
OverheadWarmup   2: 20322384 op, 86177917.00 ns, 4.2405 ns/op
OverheadWarmup   3: 20322384 op, 93019171.00 ns, 4.5772 ns/op
OverheadWarmup   4: 20322384 op, 67211990.00 ns, 3.3073 ns/op
OverheadWarmup   5: 20322384 op, 67191322.00 ns, 3.3063 ns/op
OverheadWarmup   6: 20322384 op, 68879853.00 ns, 3.3894 ns/op
OverheadWarmup   7: 20322384 op, 67259339.00 ns, 3.3096 ns/op

OverheadActual   1: 20322384 op, 67223982.00 ns, 3.3079 ns/op
OverheadActual   2: 20322384 op, 67233791.00 ns, 3.3084 ns/op
OverheadActual   3: 20322384 op, 67682354.00 ns, 3.3304 ns/op
OverheadActual   4: 20322384 op, 67484242.00 ns, 3.3207 ns/op
OverheadActual   5: 20322384 op, 67226787.00 ns, 3.3080 ns/op
OverheadActual   6: 20322384 op, 78007585.00 ns, 3.8385 ns/op
OverheadActual   7: 20322384 op, 72991578.00 ns, 3.5917 ns/op
OverheadActual   8: 20322384 op, 67163459.00 ns, 3.3049 ns/op
OverheadActual   9: 20322384 op, 67967359.00 ns, 3.3445 ns/op

WorkloadWarmup   1: 20322384 op, 258163118.00 ns, 12.7034 ns/op
WorkloadWarmup   2: 20322384 op, 250310644.00 ns, 12.3170 ns/op
WorkloadWarmup   3: 20322384 op, 251898657.00 ns, 12.3951 ns/op
WorkloadWarmup   4: 20322384 op, 247574222.00 ns, 12.1823 ns/op
WorkloadWarmup   5: 20322384 op, 249623102.00 ns, 12.2832 ns/op

// BeforeActualRun
WorkloadActual   1: 20322384 op, 248849479.00 ns, 12.2451 ns/op
WorkloadActual   2: 20322384 op, 255101445.00 ns, 12.5527 ns/op
WorkloadActual   3: 20322384 op, 257087868.00 ns, 12.6505 ns/op
WorkloadActual   4: 20322384 op, 255060138.00 ns, 12.5507 ns/op
WorkloadActual   5: 20322384 op, 254091478.00 ns, 12.5030 ns/op
WorkloadActual   6: 20322384 op, 252246832.00 ns, 12.4123 ns/op
WorkloadActual   7: 20322384 op, 261263347.00 ns, 12.8559 ns/op
WorkloadActual   8: 20322384 op, 251534234.00 ns, 12.3772 ns/op

// AfterActualRun
WorkloadResult   1: 20322384 op, 181365237.00 ns, 8.9244 ns/op
WorkloadResult   2: 20322384 op, 187617203.00 ns, 9.2320 ns/op
WorkloadResult   3: 20322384 op, 189603626.00 ns, 9.3298 ns/op
WorkloadResult   4: 20322384 op, 187575896.00 ns, 9.2300 ns/op
WorkloadResult   5: 20322384 op, 186607236.00 ns, 9.1823 ns/op
WorkloadResult   6: 20322384 op, 184762590.00 ns, 9.0916 ns/op
WorkloadResult   7: 20322384 op, 184049992.00 ns, 9.0565 ns/op
// GC:  48 0 0 812895360 20322384
// Threading:  0 0 20322384

// AfterAll
// Benchmark Process 3614 has exited with code 0.

Mean = 9.150 ns, StdErr = 0.051 ns (0.56%), N = 7, StdDev = 0.135 ns
Min = 8.924 ns, Q1 = 9.074 ns, Median = 9.182 ns, Q3 = 9.231 ns, Max = 9.330 ns
IQR = 0.157 ns, LowerFence = 8.839 ns, UpperFence = 9.467 ns
ConfidenceInterval = [8.845 ns; 9.454 ns] (CI 99.9%), Margin = 0.304 ns (3.33% of Mean)
Skewness = -0.31, Kurtosis = 1.63, MValue = 2

// ** Remained 15 (39.5 %) benchmark(s) to run. Estimated finish 2026-08-02 8:20 (0h 1m from now) **
// **************************
// Benchmark: NullHandling.Mapster: Quick(MaxRelativeError=0.05, Arguments=/p:MatrixMode=Benchmark, IterationTime=250ms, MaxIterationCount=12, MaxWarmupIterationCount=5, MinIterationCount=8, MinWarmupIterationCount=3)
// *** Execute ***
// Launch: 1 / 1
// Execute: dotnet Matrix.ObjectMapping-Quick-1.dll --anonymousPipes 129 130 --benchmarkName Matrix.ObjectMapping.Benchmarks.NullHandling.Mapster --job Quick --benchmarkId 23 in /home/runner/work/dotnet-matrix/dotnet-matrix/src/Matrix.ObjectMapping/bin/Benchmark/Release/net10.0/Matrix.ObjectMapping-Quick-1/bin/Release/net10.0
// Failed to set up high priority (Permission denied). In order to run benchmarks with high priority, make sure you have the right permissions.
// BeforeAnythingElse

// Benchmark Process Environment Information:
// BenchmarkDotNet v0.15.8
// Runtime=.NET 10.0.10 (10.0.10, 10.0.1026.32716), X64 RyuJIT x86-64-v3
// GC=Concurrent Workstation
// HardwareIntrinsics=AVX2+BMI1+BMI2+F16C+FMA+LZCNT+MOVBE,AVX,SSE3+SSSE3+SSE4.1+SSE4.2+POPCNT,X86Base+SSE+SSE2,AES+PCLMUL VectorSize=256
// Job: Quick(MaxRelativeError=0.05, IterationTime=250ms, MaxIterationCount=12, MaxWarmupIterationCount=5, MinIterationCount=8, MinWarmupIterationCount=3)

OverheadJitting  1: 1 op, 268724.00 ns, 268.7240 us/op
WorkloadJitting  1: 1 op, 3356937.00 ns, 3.3569 ms/op

OverheadJitting  2: 16 op, 496332.00 ns, 31.0208 us/op
WorkloadJitting  2: 16 op, 501653.00 ns, 31.3533 us/op

WorkloadPilot    1: 16 op, 8125.00 ns, 507.8125 ns/op
WorkloadPilot    2: 492320 op, 114102220.00 ns, 231.7643 ns/op
WorkloadPilot    3: 1078688 op, 76845951.00 ns, 71.2402 ns/op
WorkloadPilot    4: 3509264 op, 116783548.00 ns, 33.2786 ns/op
WorkloadPilot    5: 7512336 op, 250402206.00 ns, 33.3321 ns/op
WorkloadPilot    6: 7500272 op, 255134918.00 ns, 34.0168 ns/op
WorkloadPilot    7: 7349328 op, 246885869.00 ns, 33.5930 ns/op
WorkloadPilot    8: 7442032 op, 249592725.00 ns, 33.5382 ns/op
WorkloadPilot    9: 7454176 op, 249604557.00 ns, 33.4852 ns/op
WorkloadPilot   10: 7466000 op, 250019937.00 ns, 33.4878 ns/op

OverheadWarmup   1: 7466000 op, 31425594.00 ns, 4.2092 ns/op
OverheadWarmup   2: 7466000 op, 31433318.00 ns, 4.2102 ns/op
OverheadWarmup   3: 7466000 op, 31364359.00 ns, 4.2010 ns/op
OverheadWarmup   4: 7466000 op, 31398944.00 ns, 4.2056 ns/op
OverheadWarmup   5: 7466000 op, 31557261.00 ns, 4.2268 ns/op
OverheadWarmup   6: 7466000 op, 31376792.00 ns, 4.2026 ns/op

OverheadActual   1: 7466000 op, 31402039.00 ns, 4.2060 ns/op
OverheadActual   2: 7466000 op, 31443597.00 ns, 4.2116 ns/op
OverheadActual   3: 7466000 op, 31406408.00 ns, 4.2066 ns/op
OverheadActual   4: 7466000 op, 31462693.00 ns, 4.2141 ns/op
OverheadActual   5: 7466000 op, 31387492.00 ns, 4.2041 ns/op
OverheadActual   6: 7466000 op, 31421065.00 ns, 4.2086 ns/op
OverheadActual   7: 7466000 op, 31450831.00 ns, 4.2125 ns/op
OverheadActual   8: 7466000 op, 31368747.00 ns, 4.2015 ns/op

WorkloadWarmup   1: 7466000 op, 256949728.00 ns, 34.4160 ns/op
WorkloadWarmup   2: 7466000 op, 250761110.00 ns, 33.5871 ns/op
WorkloadWarmup   3: 7466000 op, 247237340.00 ns, 33.1151 ns/op
WorkloadWarmup   4: 7466000 op, 248518998.00 ns, 33.2868 ns/op
WorkloadWarmup   5: 7466000 op, 248338168.00 ns, 33.2625 ns/op

// BeforeActualRun
WorkloadActual   1: 7466000 op, 253266458.00 ns, 33.9226 ns/op
WorkloadActual   2: 7466000 op, 248228651.00 ns, 33.2479 ns/op
WorkloadActual   3: 7466000 op, 247648259.00 ns, 33.1701 ns/op
WorkloadActual   4: 7466000 op, 248634481.00 ns, 33.3022 ns/op
WorkloadActual   5: 7466000 op, 249365004.00 ns, 33.4001 ns/op
WorkloadActual   6: 7466000 op, 251192067.00 ns, 33.6448 ns/op
WorkloadActual   7: 7466000 op, 249779784.00 ns, 33.4556 ns/op
WorkloadActual   8: 7466000 op, 262854077.00 ns, 35.2068 ns/op

// AfterActualRun
WorkloadResult   1: 7466000 op, 221852721.50 ns, 29.7151 ns/op
WorkloadResult   2: 7466000 op, 216814914.50 ns, 29.0403 ns/op
WorkloadResult   3: 7466000 op, 216234522.50 ns, 28.9626 ns/op
WorkloadResult   4: 7466000 op, 217220744.50 ns, 29.0947 ns/op
WorkloadResult   5: 7466000 op, 217951267.50 ns, 29.1925 ns/op
WorkloadResult   6: 7466000 op, 219778330.50 ns, 29.4372 ns/op
WorkloadResult   7: 7466000 op, 218366047.50 ns, 29.2481 ns/op
// GC:  17 0 0 298640000 7466000
// Threading:  0 0 7466000

// AfterAll
// Benchmark Process 3624 has exited with code 0.

Mean = 29.241 ns, StdErr = 0.098 ns (0.34%), N = 7, StdDev = 0.260 ns
Min = 28.963 ns, Q1 = 29.067 ns, Median = 29.193 ns, Q3 = 29.343 ns, Max = 29.715 ns
IQR = 0.275 ns, LowerFence = 28.655 ns, UpperFence = 29.755 ns
ConfidenceInterval = [28.656 ns; 29.827 ns] (CI 99.9%), Margin = 0.585 ns (2.00% of Mean)
Skewness = 0.66, Kurtosis = 1.88, MValue = 2

// ** Remained 14 (36.8 %) benchmark(s) to run. Estimated finish 2026-08-02 8:20 (0h 1m from now) **
// ***** BenchmarkRunner: Finish  *****

// * Export *
  tmp/dotnet-matrix/ObjectMapping/4ff6a8fe23154753803edc028d76fae5/results/Matrix.ObjectMapping.Benchmarks.NullHandling-report.csv
  tmp/dotnet-matrix/ObjectMapping/4ff6a8fe23154753803edc028d76fae5/results/Matrix.ObjectMapping.Benchmarks.NullHandling-report-github.md
  tmp/dotnet-matrix/ObjectMapping/4ff6a8fe23154753803edc028d76fae5/results/Matrix.ObjectMapping.Benchmarks.NullHandling-report.html
  tmp/dotnet-matrix/ObjectMapping/4ff6a8fe23154753803edc028d76fae5/results/Matrix.ObjectMapping.Benchmarks.NullHandling-report-full.json

// * Detailed results *
NullHandling.Mapperly: Quick(MaxRelativeError=0.05, Arguments=/p:MatrixMode=Benchmark, IterationTime=250ms, MaxIterationCount=12, MaxWarmupIterationCount=5, MinIterationCount=8, MinWarmupIterationCount=3)
Runtime = .NET 10.0.10 (10.0.10, 10.0.1026.32716), X64 RyuJIT x86-64-v3; GC = Concurrent Workstation
Mean = 9.150 ns, StdErr = 0.051 ns (0.56%), N = 7, StdDev = 0.135 ns
Min = 8.924 ns, Q1 = 9.074 ns, Median = 9.182 ns, Q3 = 9.231 ns, Max = 9.330 ns
IQR = 0.157 ns, LowerFence = 8.839 ns, UpperFence = 9.467 ns
ConfidenceInterval = [8.845 ns; 9.454 ns] (CI 99.9%), Margin = 0.304 ns (3.33% of Mean)
Skewness = -0.31, Kurtosis = 1.63, MValue = 2
-------------------- Histogram --------------------
[8.832 ns ; 9.052 ns) | @
[9.052 ns ; 9.423 ns) | @@@@@@
---------------------------------------------------

NullHandling.HandCoded: Quick(MaxRelativeError=0.05, Arguments=/p:MatrixMode=Benchmark, IterationTime=250ms, MaxIterationCount=12, MaxWarmupIterationCount=5, MinIterationCount=8, MinWarmupIterationCount=3)
Runtime = .NET 10.0.10 (10.0.10, 10.0.1026.32716), X64 RyuJIT x86-64-v3; GC = Concurrent Workstation
Mean = 14.201 ns, StdErr = 0.320 ns (2.25%), N = 12, StdDev = 1.107 ns
Min = 12.512 ns, Q1 = 13.367 ns, Median = 14.271 ns, Q3 = 14.830 ns, Max = 16.228 ns
IQR = 1.462 ns, LowerFence = 11.174 ns, UpperFence = 17.023 ns
ConfidenceInterval = [12.782 ns; 15.619 ns] (CI 99.9%), Margin = 1.418 ns (9.99% of Mean)
Skewness = 0.17, Kurtosis = 1.8, MValue = 3.67
-------------------- Histogram --------------------
[12.445 ns ; 13.715 ns) | @@@@@
[13.715 ns ; 14.187 ns) | 
[14.187 ns ; 15.457 ns) | @@@@@@
[15.457 ns ; 16.863 ns) | @
---------------------------------------------------

NullHandling.Mapster: Quick(MaxRelativeError=0.05, Arguments=/p:MatrixMode=Benchmark, IterationTime=250ms, MaxIterationCount=12, MaxWarmupIterationCount=5, MinIterationCount=8, MinWarmupIterationCount=3)
Runtime = .NET 10.0.10 (10.0.10, 10.0.1026.32716), X64 RyuJIT x86-64-v3; GC = Concurrent Workstation
Mean = 29.241 ns, StdErr = 0.098 ns (0.34%), N = 7, StdDev = 0.260 ns
Min = 28.963 ns, Q1 = 29.067 ns, Median = 29.193 ns, Q3 = 29.343 ns, Max = 29.715 ns
IQR = 0.275 ns, LowerFence = 28.655 ns, UpperFence = 29.755 ns
ConfidenceInterval = [28.656 ns; 29.827 ns] (CI 99.9%), Margin = 0.585 ns (2.00% of Mean)
Skewness = 0.66, Kurtosis = 1.88, MValue = 2
-------------------- Histogram --------------------
[28.784 ns ; 29.893 ns) | @@@@@@@
---------------------------------------------------

NullHandling.AutoMapper: Quick(MaxRelativeError=0.05, Arguments=/p:MatrixMode=Benchmark, IterationTime=250ms, MaxIterationCount=12, MaxWarmupIterationCount=5, MinIterationCount=8, MinWarmupIterationCount=3)
Runtime = .NET 10.0.10 (10.0.10, 10.0.1026.32716), X64 RyuJIT x86-64-v3; GC = Concurrent Workstation
Mean = 75.161 ns, StdErr = 0.076 ns (0.10%), N = 7, StdDev = 0.202 ns
Min = 74.934 ns, Q1 = 74.991 ns, Median = 75.170 ns, Q3 = 75.274 ns, Max = 75.491 ns
IQR = 0.283 ns, LowerFence = 74.567 ns, UpperFence = 75.699 ns
ConfidenceInterval = [74.707 ns; 75.615 ns] (CI 99.9%), Margin = 0.454 ns (0.60% of Mean)
Skewness = 0.3, Kurtosis = 1.43, MValue = 2
-------------------- Histogram --------------------
[74.795 ns ; 75.630 ns) | @@@@@@@
---------------------------------------------------

// * Summary *

BenchmarkDotNet v0.15.8, Linux Ubuntu 24.04.4 LTS (Noble Numbat)
AMD EPYC 7763 2.45GHz, 1 CPU, 4 logical and 2 physical cores
.NET SDK 10.0.302
  [Host] : .NET 10.0.10 (10.0.10, 10.0.1026.32716), X64 RyuJIT x86-64-v3
  Quick  : .NET 10.0.10 (10.0.10, 10.0.1026.32716), X64 RyuJIT x86-64-v3

Job=Quick  MaxRelativeError=0.05  Arguments=/p:MatrixMode=Benchmark  
IterationTime=250ms  MaxIterationCount=12  MaxWarmupIterationCount=5  
MinIterationCount=8  MinWarmupIterationCount=3  

| Method     | Mean      | Error     | StdDev    | Ratio | RatioSD | Gen0   | Allocated | Alloc Ratio |
|----------- |----------:|----------:|----------:|------:|--------:|-------:|----------:|------------:|
| Mapperly   |  9.150 ns | 0.3043 ns | 0.1351 ns |  0.65 |    0.05 | 0.0024 |      40 B |        1.00 |
| HandCoded  | 14.201 ns | 1.4185 ns | 1.1075 ns |  1.01 |    0.11 | 0.0024 |      40 B |        1.00 |
| Mapster    | 29.241 ns | 0.5850 ns | 0.2598 ns |  2.07 |    0.16 | 0.0023 |      40 B |        1.00 |
| AutoMapper | 75.161 ns | 0.4543 ns | 0.2017 ns |  5.32 |    0.40 | 0.0022 |      40 B |        1.00 |

// * Hints *
Outliers
  NullHandling.Mapperly: Quick   -> 1 outlier  was  removed (12.86 ns)
  NullHandling.Mapster: Quick    -> 1 outlier  was  removed (35.21 ns)
  NullHandling.AutoMapper: Quick -> 1 outlier  was  removed (80.47 ns)

// * Legends *
  Mean        : Arithmetic mean of all measurements
  Error       : Half of 99.9% confidence interval
  StdDev      : Standard deviation of all measurements
  Ratio       : Mean of the ratio distribution ([Current]/[Baseline])
  RatioSD     : Standard deviation of the ratio distribution ([Current]/[Baseline])
  Gen0        : GC Generation 0 collects per 1000 operations
  Allocated   : Allocated memory per single operation (managed only, inclusive, 1KB = 1024B)
  Alloc Ratio : Allocated memory ratio distribution ([Current]/[Baseline])
  1 ns        : 1 Nanosecond (0.000000001 sec)

// * Diagnostic Output - MemoryDiagnoser *


// ***** BenchmarkRunner: End *****
Run time: 00:00:26 (26.42 sec), executed benchmarks: 4

// Found 4 benchmarks:
//   PolymorphicMapping.AutoMapper: Quick(MaxRelativeError=0.05, Arguments=/p:MatrixMode=Benchmark, IterationTime=250ms, MaxIterationCount=12, MaxWarmupIterationCount=5, MinIterationCount=8, MinWarmupIterationCount=3)
//   PolymorphicMapping.HandCoded: Quick(MaxRelativeError=0.05, Arguments=/p:MatrixMode=Benchmark, IterationTime=250ms, MaxIterationCount=12, MaxWarmupIterationCount=5, MinIterationCount=8, MinWarmupIterationCount=3)
//   PolymorphicMapping.Mapperly: Quick(MaxRelativeError=0.05, Arguments=/p:MatrixMode=Benchmark, IterationTime=250ms, MaxIterationCount=12, MaxWarmupIterationCount=5, MinIterationCount=8, MinWarmupIterationCount=3)
//   PolymorphicMapping.Mapster: Quick(MaxRelativeError=0.05, Arguments=/p:MatrixMode=Benchmark, IterationTime=250ms, MaxIterationCount=12, MaxWarmupIterationCount=5, MinIterationCount=8, MinWarmupIterationCount=3)

// **************************
// Benchmark: PolymorphicMapping.AutoMapper: Quick(MaxRelativeError=0.05, Arguments=/p:MatrixMode=Benchmark, IterationTime=250ms, MaxIterationCount=12, MaxWarmupIterationCount=5, MinIterationCount=8, MinWarmupIterationCount=3)
// *** Execute ***
// Launch: 1 / 1
// Execute: dotnet Matrix.ObjectMapping-Quick-1.dll --anonymousPipes 129 130 --benchmarkName Matrix.ObjectMapping.Benchmarks.PolymorphicMapping.AutoMapper --job Quick --benchmarkId 24 in /home/runner/work/dotnet-matrix/dotnet-matrix/src/Matrix.ObjectMapping/bin/Benchmark/Release/net10.0/Matrix.ObjectMapping-Quick-1/bin/Release/net10.0
// Failed to set up high priority (Permission denied). In order to run benchmarks with high priority, make sure you have the right permissions.
// BeforeAnythingElse

// Benchmark Process Environment Information:
// BenchmarkDotNet v0.15.8
// Runtime=.NET 10.0.10 (10.0.10, 10.0.1026.32716), X64 RyuJIT x86-64-v3
// GC=Concurrent Workstation
// HardwareIntrinsics=AVX2+BMI1+BMI2+F16C+FMA+LZCNT+MOVBE,AVX,SSE3+SSSE3+SSE4.1+SSE4.2+POPCNT,X86Base+SSE+SSE2,AES+PCLMUL VectorSize=256
// Job: Quick(MaxRelativeError=0.05, IterationTime=250ms, MaxIterationCount=12, MaxWarmupIterationCount=5, MinIterationCount=8, MinWarmupIterationCount=3)

OverheadJitting  1: 1 op, 244479.00 ns, 244.4790 us/op
WorkloadJitting  1: 1 op, 5296441.00 ns, 5.2964 ms/op

OverheadJitting  2: 16 op, 472938.00 ns, 29.5586 us/op
WorkloadJitting  2: 16 op, 541548.00 ns, 33.8468 us/op

WorkloadPilot    1: 16 op, 28112.00 ns, 1.7570 us/op
WorkloadPilot    2: 142288 op, 181344494.00 ns, 1.2745 us/op
WorkloadPilot    3: 196160 op, 75653852.00 ns, 385.6742 ns/op
WorkloadPilot    4: 648224 op, 235701966.00 ns, 363.6119 ns/op
WorkloadPilot    5: 687552 op, 244642903.00 ns, 355.8173 ns/op
WorkloadPilot    6: 702608 op, 253633313.00 ns, 360.9884 ns/op
WorkloadPilot    7: 692544 op, 246632310.00 ns, 356.1251 ns/op
WorkloadPilot    8: 702000 op, 249998905.00 ns, 356.1238 ns/op
WorkloadPilot    9: 702016 op, 250060901.00 ns, 356.2040 ns/op
WorkloadPilot   10: 701856 op, 249795484.00 ns, 355.9070 ns/op
WorkloadPilot   11: 702432 op, 250201867.00 ns, 356.1937 ns/op

OverheadWarmup   1: 702432 op, 2769193.00 ns, 3.9423 ns/op
OverheadWarmup   2: 702432 op, 2750618.00 ns, 3.9158 ns/op
OverheadWarmup   3: 702432 op, 2753944.00 ns, 3.9206 ns/op
OverheadWarmup   4: 702432 op, 2753042.00 ns, 3.9193 ns/op
OverheadWarmup   5: 702432 op, 2753403.00 ns, 3.9198 ns/op
OverheadWarmup   6: 702432 op, 2756459.00 ns, 3.9242 ns/op
OverheadWarmup   7: 702432 op, 2719038.00 ns, 3.8709 ns/op

OverheadActual   1: 702432 op, 2812724.00 ns, 4.0043 ns/op
OverheadActual   2: 702432 op, 2756800.00 ns, 3.9247 ns/op
OverheadActual   3: 702432 op, 2757591.00 ns, 3.9258 ns/op
OverheadActual   4: 702432 op, 2770595.00 ns, 3.9443 ns/op
OverheadActual   5: 702432 op, 2770705.00 ns, 3.9444 ns/op
OverheadActual   6: 702432 op, 2767870.00 ns, 3.9404 ns/op
OverheadActual   7: 702432 op, 2717786.00 ns, 3.8691 ns/op
OverheadActual   8: 702432 op, 2723987.00 ns, 3.8779 ns/op

WorkloadWarmup   1: 702432 op, 254530850.00 ns, 362.3566 ns/op
WorkloadWarmup   2: 702432 op, 251113850.00 ns, 357.4920 ns/op
WorkloadWarmup   3: 702432 op, 249692079.00 ns, 355.4680 ns/op
WorkloadWarmup   4: 702432 op, 249059630.00 ns, 354.5676 ns/op
WorkloadWarmup   5: 702432 op, 249960673.00 ns, 355.8503 ns/op

// BeforeActualRun
WorkloadActual   1: 702432 op, 252111484.00 ns, 358.9123 ns/op
WorkloadActual   2: 702432 op, 250400439.00 ns, 356.4764 ns/op
WorkloadActual   3: 702432 op, 249964721.00 ns, 355.8561 ns/op
WorkloadActual   4: 702432 op, 249833945.00 ns, 355.6699 ns/op
WorkloadActual   5: 702432 op, 249396292.00 ns, 355.0469 ns/op
WorkloadActual   6: 702432 op, 249762441.00 ns, 355.5681 ns/op
WorkloadActual   7: 702432 op, 248647917.00 ns, 353.9815 ns/op
WorkloadActual   8: 702432 op, 248959773.00 ns, 354.4254 ns/op

// AfterActualRun
WorkloadResult   1: 702432 op, 247637708.50 ns, 352.5433 ns/op
WorkloadResult   2: 702432 op, 247201990.50 ns, 351.9230 ns/op
WorkloadResult   3: 702432 op, 247071214.50 ns, 351.7368 ns/op
WorkloadResult   4: 702432 op, 246633561.50 ns, 351.1138 ns/op
WorkloadResult   5: 702432 op, 246999710.50 ns, 351.6350 ns/op
WorkloadResult   6: 702432 op, 245885186.50 ns, 350.0484 ns/op
WorkloadResult   7: 702432 op, 246197042.50 ns, 350.4924 ns/op
// GC:  6 0 0 101150208 702432
// Threading:  0 0 702432

// AfterAll
// Benchmark Process 3635 has exited with code 0.

Mean = 351.356 ns, StdErr = 0.326 ns (0.09%), N = 7, StdDev = 0.863 ns
Min = 350.048 ns, Q1 = 350.803 ns, Median = 351.635 ns, Q3 = 351.830 ns, Max = 352.543 ns
IQR = 1.027 ns, LowerFence = 349.263 ns, UpperFence = 353.370 ns
ConfidenceInterval = [349.412 ns; 353.300 ns] (CI 99.9%), Margin = 1.944 ns (0.55% of Mean)
Skewness = -0.21, Kurtosis = 1.44, MValue = 2

// ** Remained 13 (34.2 %) benchmark(s) to run. Estimated finish 2026-08-02 8:20 (0h 1m from now) **
// **************************
// Benchmark: PolymorphicMapping.HandCoded: Quick(MaxRelativeError=0.05, Arguments=/p:MatrixMode=Benchmark, IterationTime=250ms, MaxIterationCount=12, MaxWarmupIterationCount=5, MinIterationCount=8, MinWarmupIterationCount=3)
// *** Execute ***
// Launch: 1 / 1
// Execute: dotnet Matrix.ObjectMapping-Quick-1.dll --anonymousPipes 129 130 --benchmarkName Matrix.ObjectMapping.Benchmarks.PolymorphicMapping.HandCoded --job Quick --benchmarkId 25 in /home/runner/work/dotnet-matrix/dotnet-matrix/src/Matrix.ObjectMapping/bin/Benchmark/Release/net10.0/Matrix.ObjectMapping-Quick-1/bin/Release/net10.0
// Failed to set up high priority (Permission denied). In order to run benchmarks with high priority, make sure you have the right permissions.
// BeforeAnythingElse

// Benchmark Process Environment Information:
// BenchmarkDotNet v0.15.8
// Runtime=.NET 10.0.10 (10.0.10, 10.0.1026.32716), X64 RyuJIT x86-64-v3
// GC=Concurrent Workstation
// HardwareIntrinsics=AVX2+BMI1+BMI2+F16C+FMA+LZCNT+MOVBE,AVX,SSE3+SSSE3+SSE4.1+SSE4.2+POPCNT,X86Base+SSE+SSE2,AES+PCLMUL VectorSize=256
// Job: Quick(MaxRelativeError=0.05, IterationTime=250ms, MaxIterationCount=12, MaxWarmupIterationCount=5, MinIterationCount=8, MinWarmupIterationCount=3)

OverheadJitting  1: 1 op, 233990.00 ns, 233.9900 us/op
WorkloadJitting  1: 1 op, 552327.00 ns, 552.3270 us/op

OverheadJitting  2: 16 op, 482717.00 ns, 30.1698 us/op
WorkloadJitting  2: 16 op, 527711.00 ns, 32.9819 us/op

WorkloadPilot    1: 16 op, 7333.00 ns, 458.3125 ns/op
WorkloadPilot    2: 545488 op, 85352909.00 ns, 156.4707 ns/op
WorkloadPilot    3: 1597744 op, 138331374.00 ns, 86.5792 ns/op
WorkloadPilot    4: 2887536 op, 114867911.00 ns, 39.7806 ns/op
WorkloadPilot    5: 6284480 op, 250260834.00 ns, 39.8220 ns/op
WorkloadPilot    6: 6277936 op, 243235104.00 ns, 38.7444 ns/op
WorkloadPilot    7: 6452544 op, 254092864.00 ns, 39.3787 ns/op
WorkloadPilot    8: 6348608 op, 250273157.00 ns, 39.4217 ns/op

OverheadWarmup   1: 6348608 op, 24998717.00 ns, 3.9377 ns/op
OverheadWarmup   2: 6348608 op, 24985863.00 ns, 3.9356 ns/op
OverheadWarmup   3: 6348608 op, 25028874.00 ns, 3.9424 ns/op
OverheadWarmup   4: 6348608 op, 25020057.00 ns, 3.9410 ns/op
OverheadWarmup   5: 6348608 op, 25056926.00 ns, 3.9468 ns/op
OverheadWarmup   6: 6348608 op, 24997204.00 ns, 3.9374 ns/op

OverheadActual   1: 6348608 op, 25459483.00 ns, 4.0102 ns/op
OverheadActual   2: 6348608 op, 25092743.00 ns, 3.9525 ns/op
OverheadActual   3: 6348608 op, 25142858.00 ns, 3.9604 ns/op
OverheadActual   4: 6348608 op, 25153889.00 ns, 3.9621 ns/op
OverheadActual   5: 6348608 op, 25040716.00 ns, 3.9443 ns/op
OverheadActual   6: 6348608 op, 25006111.00 ns, 3.9388 ns/op
OverheadActual   7: 6348608 op, 24970984.00 ns, 3.9333 ns/op
OverheadActual   8: 6348608 op, 24947060.00 ns, 3.9295 ns/op

WorkloadWarmup   1: 6348608 op, 262748806.00 ns, 41.3868 ns/op
WorkloadWarmup   2: 6348608 op, 251719455.00 ns, 39.6496 ns/op
WorkloadWarmup   3: 6348608 op, 249955852.00 ns, 39.3718 ns/op
WorkloadWarmup   4: 6348608 op, 252881167.00 ns, 39.8325 ns/op
WorkloadWarmup   5: 6348608 op, 248990838.00 ns, 39.2198 ns/op

// BeforeActualRun
WorkloadActual   1: 6348608 op, 261719642.00 ns, 41.2247 ns/op
WorkloadActual   2: 6348608 op, 251551909.00 ns, 39.6232 ns/op
WorkloadActual   3: 6348608 op, 253625325.00 ns, 39.9498 ns/op
WorkloadActual   4: 6348608 op, 258087739.00 ns, 40.6526 ns/op
WorkloadActual   5: 6348608 op, 252091112.00 ns, 39.7081 ns/op
WorkloadActual   6: 6348608 op, 256301664.00 ns, 40.3713 ns/op
WorkloadActual   7: 6348608 op, 255211094.00 ns, 40.1995 ns/op
WorkloadActual   8: 6348608 op, 259465638.00 ns, 40.8697 ns/op

// AfterActualRun
WorkloadResult   1: 6348608 op, 236652912.50 ns, 37.2763 ns/op
WorkloadResult   2: 6348608 op, 226485179.50 ns, 35.6748 ns/op
WorkloadResult   3: 6348608 op, 228558595.50 ns, 36.0014 ns/op
WorkloadResult   4: 6348608 op, 233021009.50 ns, 36.7043 ns/op
WorkloadResult   5: 6348608 op, 227024382.50 ns, 35.7597 ns/op
WorkloadResult   6: 6348608 op, 231234934.50 ns, 36.4229 ns/op
WorkloadResult   7: 6348608 op, 230144364.50 ns, 36.2512 ns/op
WorkloadResult   8: 6348608 op, 234398908.50 ns, 36.9213 ns/op
// GC:  54 0 0 914199552 6348608
// Threading:  0 0 6348608

// AfterAll
// Benchmark Process 3645 has exited with code 0.

Mean = 36.376 ns, StdErr = 0.200 ns (0.55%), N = 8, StdDev = 0.566 ns
Min = 35.675 ns, Q1 = 35.941 ns, Median = 36.337 ns, Q3 = 36.759 ns, Max = 37.276 ns
IQR = 0.818 ns, LowerFence = 34.715 ns, UpperFence = 37.985 ns
ConfidenceInterval = [35.294 ns; 37.459 ns] (CI 99.9%), Margin = 1.083 ns (2.98% of Mean)
Skewness = 0.2, Kurtosis = 1.41, MValue = 2

// ** Remained 12 (31.6 %) benchmark(s) to run. Estimated finish 2026-08-02 8:20 (0h 1m from now) **
// **************************
// Benchmark: PolymorphicMapping.Mapperly: Quick(MaxRelativeError=0.05, Arguments=/p:MatrixMode=Benchmark, IterationTime=250ms, MaxIterationCount=12, MaxWarmupIterationCount=5, MinIterationCount=8, MinWarmupIterationCount=3)
// *** Execute ***
// Launch: 1 / 1
// Execute: dotnet Matrix.ObjectMapping-Quick-1.dll --anonymousPipes 129 130 --benchmarkName Matrix.ObjectMapping.Benchmarks.PolymorphicMapping.Mapperly --job Quick --benchmarkId 26 in /home/runner/work/dotnet-matrix/dotnet-matrix/src/Matrix.ObjectMapping/bin/Benchmark/Release/net10.0/Matrix.ObjectMapping-Quick-1/bin/Release/net10.0
// Failed to set up high priority (Permission denied). In order to run benchmarks with high priority, make sure you have the right permissions.
// BeforeAnythingElse

// Benchmark Process Environment Information:
// BenchmarkDotNet v0.15.8
// Runtime=.NET 10.0.10 (10.0.10, 10.0.1026.32716), X64 RyuJIT x86-64-v3
// GC=Concurrent Workstation
// HardwareIntrinsics=AVX2+BMI1+BMI2+F16C+FMA+LZCNT+MOVBE,AVX,SSE3+SSSE3+SSE4.1+SSE4.2+POPCNT,X86Base+SSE+SSE2,AES+PCLMUL VectorSize=256
// Job: Quick(MaxRelativeError=0.05, IterationTime=250ms, MaxIterationCount=12, MaxWarmupIterationCount=5, MinIterationCount=8, MinWarmupIterationCount=3)

OverheadJitting  1: 1 op, 267352.00 ns, 267.3520 us/op
WorkloadJitting  1: 1 op, 748376.00 ns, 748.3760 us/op

OverheadJitting  2: 16 op, 478519.00 ns, 29.9074 us/op
WorkloadJitting  2: 16 op, 520899.00 ns, 32.5562 us/op

WorkloadPilot    1: 16 op, 17323.00 ns, 1.0827 us/op
WorkloadPilot    2: 230912 op, 47477265.00 ns, 205.6076 ns/op
WorkloadPilot    3: 1215920 op, 154673597.00 ns, 127.2071 ns/op
WorkloadPilot    4: 1965312 op, 79331326.00 ns, 40.3658 ns/op
WorkloadPilot    5: 6193376 op, 243134495.00 ns, 39.2572 ns/op
WorkloadPilot    6: 6368272 op, 247875723.00 ns, 38.9235 ns/op
WorkloadPilot    7: 6422848 op, 254898247.00 ns, 39.6862 ns/op
WorkloadPilot    8: 6299424 op, 252533214.00 ns, 40.0883 ns/op
WorkloadPilot    9: 6236240 op, 248312243.00 ns, 39.8176 ns/op
WorkloadPilot   10: 6278640 op, 249574264.00 ns, 39.7497 ns/op
WorkloadPilot   11: 6289360 op, 251208745.00 ns, 39.9419 ns/op

OverheadWarmup   1: 6289360 op, 24545395.00 ns, 3.9027 ns/op
OverheadWarmup   2: 6289360 op, 26456456.00 ns, 4.2065 ns/op
OverheadWarmup   3: 6289360 op, 26524984.00 ns, 4.2174 ns/op
OverheadWarmup   4: 6289360 op, 24502815.00 ns, 3.8959 ns/op
OverheadWarmup   5: 6289360 op, 24565242.00 ns, 3.9058 ns/op
OverheadWarmup   6: 6289360 op, 24484451.00 ns, 3.8930 ns/op

OverheadActual   1: 6289360 op, 24486034.00 ns, 3.8932 ns/op
OverheadActual   2: 6289360 op, 24554402.00 ns, 3.9041 ns/op
OverheadActual   3: 6289360 op, 24517553.00 ns, 3.8983 ns/op
OverheadActual   4: 6289360 op, 24507764.00 ns, 3.8967 ns/op
OverheadActual   5: 6289360 op, 24665982.00 ns, 3.9219 ns/op
OverheadActual   6: 6289360 op, 26498665.00 ns, 4.2133 ns/op
OverheadActual   7: 6289360 op, 24482066.00 ns, 3.8926 ns/op
OverheadActual   8: 6289360 op, 24507394.00 ns, 3.8966 ns/op

WorkloadWarmup   1: 6289360 op, 257387605.00 ns, 40.9243 ns/op
WorkloadWarmup   2: 6289360 op, 254411144.00 ns, 40.4510 ns/op
WorkloadWarmup   3: 6289360 op, 251213596.00 ns, 39.9426 ns/op
WorkloadWarmup   4: 6289360 op, 249077383.00 ns, 39.6030 ns/op
WorkloadWarmup   5: 6289360 op, 249862658.00 ns, 39.7278 ns/op

// BeforeActualRun
WorkloadActual   1: 6289360 op, 254934046.00 ns, 40.5342 ns/op
WorkloadActual   2: 6289360 op, 250688299.00 ns, 39.8591 ns/op
WorkloadActual   3: 6289360 op, 249220772.00 ns, 39.6258 ns/op
WorkloadActual   4: 6289360 op, 251834874.00 ns, 40.0414 ns/op
WorkloadActual   5: 6289360 op, 251719847.00 ns, 40.0231 ns/op
WorkloadActual   6: 6289360 op, 254189155.00 ns, 40.4157 ns/op
WorkloadActual   7: 6289360 op, 252399454.00 ns, 40.1312 ns/op
WorkloadActual   8: 6289360 op, 251881881.00 ns, 40.0489 ns/op

// AfterActualRun
WorkloadResult   1: 6289360 op, 226175640.50 ns, 35.9616 ns/op
WorkloadResult   2: 6289360 op, 224708113.50 ns, 35.7283 ns/op
WorkloadResult   3: 6289360 op, 227322215.50 ns, 36.1439 ns/op
WorkloadResult   4: 6289360 op, 227207188.50 ns, 36.1256 ns/op
WorkloadResult   5: 6289360 op, 229676496.50 ns, 36.5183 ns/op
WorkloadResult   6: 6289360 op, 227886795.50 ns, 36.2337 ns/op
WorkloadResult   7: 6289360 op, 227369222.50 ns, 36.1514 ns/op
// GC:  54 0 0 905667840 6289360
// Threading:  0 0 6289360

// AfterAll
// Benchmark Process 3656 has exited with code 0.

Mean = 36.123 ns, StdErr = 0.091 ns (0.25%), N = 7, StdDev = 0.242 ns
Min = 35.728 ns, Q1 = 36.044 ns, Median = 36.144 ns, Q3 = 36.193 ns, Max = 36.518 ns
IQR = 0.149 ns, LowerFence = 35.820 ns, UpperFence = 36.416 ns
ConfidenceInterval = [35.578 ns; 36.668 ns] (CI 99.9%), Margin = 0.545 ns (1.51% of Mean)
Skewness = -0.03, Kurtosis = 2.06, MValue = 2

// ** Remained 11 (28.9 %) benchmark(s) to run. Estimated finish 2026-08-02 8:20 (0h 1m from now) **
// **************************
// Benchmark: PolymorphicMapping.Mapster: Quick(MaxRelativeError=0.05, Arguments=/p:MatrixMode=Benchmark, IterationTime=250ms, MaxIterationCount=12, MaxWarmupIterationCount=5, MinIterationCount=8, MinWarmupIterationCount=3)
// *** Execute ***
// Launch: 1 / 1
// Execute: dotnet Matrix.ObjectMapping-Quick-1.dll --anonymousPipes 129 130 --benchmarkName Matrix.ObjectMapping.Benchmarks.PolymorphicMapping.Mapster --job Quick --benchmarkId 27 in /home/runner/work/dotnet-matrix/dotnet-matrix/src/Matrix.ObjectMapping/bin/Benchmark/Release/net10.0/Matrix.ObjectMapping-Quick-1/bin/Release/net10.0
// Failed to set up high priority (Permission denied). In order to run benchmarks with high priority, make sure you have the right permissions.
// BeforeAnythingElse

// Benchmark Process Environment Information:
// BenchmarkDotNet v0.15.8
// Runtime=.NET 10.0.10 (10.0.10, 10.0.1026.32716), X64 RyuJIT x86-64-v3
// GC=Concurrent Workstation
// HardwareIntrinsics=AVX2+BMI1+BMI2+F16C+FMA+LZCNT+MOVBE,AVX,SSE3+SSSE3+SSE4.1+SSE4.2+POPCNT,X86Base+SSE+SSE2,AES+PCLMUL VectorSize=256
// Job: Quick(MaxRelativeError=0.05, IterationTime=250ms, MaxIterationCount=12, MaxWarmupIterationCount=5, MinIterationCount=8, MinWarmupIterationCount=3)

OverheadJitting  1: 1 op, 266872.00 ns, 266.8720 us/op
WorkloadJitting  1: 1 op, 3517870.00 ns, 3.5179 ms/op

OverheadJitting  2: 16 op, 522642.00 ns, 32.6651 us/op
WorkloadJitting  2: 16 op, 555243.00 ns, 34.7027 us/op

WorkloadPilot    1: 16 op, 20288.00 ns, 1.2680 us/op
WorkloadPilot    2: 197168 op, 136751166.00 ns, 693.5769 ns/op
WorkloadPilot    3: 360464 op, 67848533.00 ns, 188.2255 ns/op
WorkloadPilot    4: 1328208 op, 164441891.00 ns, 123.8073 ns/op
WorkloadPilot    5: 2019280 op, 253243941.00 ns, 125.4130 ns/op
WorkloadPilot    6: 1993424 op, 253003619.00 ns, 126.9191 ns/op
WorkloadPilot    7: 1969760 op, 248057356.00 ns, 125.9328 ns/op
WorkloadPilot    8: 1985200 op, 247677642.00 ns, 124.7621 ns/op
WorkloadPilot    9: 2003824 op, 249655809.00 ns, 124.5897 ns/op
WorkloadPilot   10: 2006592 op, 251491909.00 ns, 125.3329 ns/op

OverheadWarmup   1: 2006592 op, 8690968.00 ns, 4.3312 ns/op
OverheadWarmup   2: 2006592 op, 8602231.00 ns, 4.2870 ns/op
OverheadWarmup   3: 2006592 op, 8513405.00 ns, 4.2427 ns/op
OverheadWarmup   4: 2006592 op, 8543021.00 ns, 4.2575 ns/op
OverheadWarmup   5: 2006592 op, 8549202.00 ns, 4.2606 ns/op
OverheadWarmup   6: 2006592 op, 8530076.00 ns, 4.2510 ns/op
OverheadWarmup   7: 2006592 op, 8619073.00 ns, 4.2954 ns/op
OverheadWarmup   8: 2006592 op, 8626928.00 ns, 4.2993 ns/op
OverheadWarmup   9: 2006592 op, 8621098.00 ns, 4.2964 ns/op

OverheadActual   1: 2006592 op, 8570853.00 ns, 4.2713 ns/op
OverheadActual   2: 2006592 op, 8565523.00 ns, 4.2687 ns/op
OverheadActual   3: 2006592 op, 8608193.00 ns, 4.2900 ns/op
OverheadActual   4: 2006592 op, 8578577.00 ns, 4.2752 ns/op
OverheadActual   5: 2006592 op, 8531579.00 ns, 4.2518 ns/op
OverheadActual   6: 2006592 op, 8537881.00 ns, 4.2549 ns/op
OverheadActual   7: 2006592 op, 8519607.00 ns, 4.2458 ns/op
OverheadActual   8: 2006592 op, 8576423.00 ns, 4.2741 ns/op

WorkloadWarmup   1: 2006592 op, 259242150.00 ns, 129.1952 ns/op
WorkloadWarmup   2: 2006592 op, 253887520.00 ns, 126.5267 ns/op
WorkloadWarmup   3: 2006592 op, 252207172.00 ns, 125.6893 ns/op
WorkloadWarmup   4: 2006592 op, 248095508.00 ns, 123.6402 ns/op
WorkloadWarmup   5: 2006592 op, 248373029.00 ns, 123.7785 ns/op

// BeforeActualRun
WorkloadActual   1: 2006592 op, 255366769.00 ns, 127.2639 ns/op
WorkloadActual   2: 2006592 op, 252352936.00 ns, 125.7620 ns/op
WorkloadActual   3: 2006592 op, 247702499.00 ns, 123.4444 ns/op
WorkloadActual   4: 2006592 op, 248777593.00 ns, 123.9802 ns/op
WorkloadActual   5: 2006592 op, 248539796.00 ns, 123.8617 ns/op
WorkloadActual   6: 2006592 op, 248810335.00 ns, 123.9965 ns/op
WorkloadActual   7: 2006592 op, 249124454.00 ns, 124.1530 ns/op
WorkloadActual   8: 2006592 op, 248401056.00 ns, 123.7925 ns/op

// AfterActualRun
WorkloadResult   1: 2006592 op, 239134311.00 ns, 119.1744 ns/op
WorkloadResult   2: 2006592 op, 240209405.00 ns, 119.7101 ns/op
WorkloadResult   3: 2006592 op, 239971608.00 ns, 119.5916 ns/op
WorkloadResult   4: 2006592 op, 240242147.00 ns, 119.7265 ns/op
WorkloadResult   5: 2006592 op, 240556266.00 ns, 119.8830 ns/op
WorkloadResult   6: 2006592 op, 239832868.00 ns, 119.5225 ns/op
// GC:  17 0 0 288949248 2006592
// Threading:  0 0 2006592

// AfterAll
// Benchmark Process 3667 has exited with code 0.

Mean = 119.601 ns, StdErr = 0.099 ns (0.08%), N = 6, StdDev = 0.243 ns
Min = 119.174 ns, Q1 = 119.540 ns, Median = 119.651 ns, Q3 = 119.722 ns, Max = 119.883 ns
IQR = 0.183 ns, LowerFence = 119.266 ns, UpperFence = 119.996 ns
ConfidenceInterval = [118.920 ns; 120.283 ns] (CI 99.9%), Margin = 0.682 ns (0.57% of Mean)
Skewness = -0.61, Kurtosis = 1.91, MValue = 2

// ** Remained 10 (26.3 %) benchmark(s) to run. Estimated finish 2026-08-02 8:20 (0h 1m from now) **
// ***** BenchmarkRunner: Finish  *****

// * Export *
  tmp/dotnet-matrix/ObjectMapping/4ff6a8fe23154753803edc028d76fae5/results/Matrix.ObjectMapping.Benchmarks.PolymorphicMapping-report.csv
  tmp/dotnet-matrix/ObjectMapping/4ff6a8fe23154753803edc028d76fae5/results/Matrix.ObjectMapping.Benchmarks.PolymorphicMapping-report-github.md
  tmp/dotnet-matrix/ObjectMapping/4ff6a8fe23154753803edc028d76fae5/results/Matrix.ObjectMapping.Benchmarks.PolymorphicMapping-report.html
  tmp/dotnet-matrix/ObjectMapping/4ff6a8fe23154753803edc028d76fae5/results/Matrix.ObjectMapping.Benchmarks.PolymorphicMapping-report-full.json

// * Detailed results *
PolymorphicMapping.Mapperly: Quick(MaxRelativeError=0.05, Arguments=/p:MatrixMode=Benchmark, IterationTime=250ms, MaxIterationCount=12, MaxWarmupIterationCount=5, MinIterationCount=8, MinWarmupIterationCount=3)
Runtime = .NET 10.0.10 (10.0.10, 10.0.1026.32716), X64 RyuJIT x86-64-v3; GC = Concurrent Workstation
Mean = 36.123 ns, StdErr = 0.091 ns (0.25%), N = 7, StdDev = 0.242 ns
Min = 35.728 ns, Q1 = 36.044 ns, Median = 36.144 ns, Q3 = 36.193 ns, Max = 36.518 ns
IQR = 0.149 ns, LowerFence = 35.820 ns, UpperFence = 36.416 ns
ConfidenceInterval = [35.578 ns; 36.668 ns] (CI 99.9%), Margin = 0.545 ns (1.51% of Mean)
Skewness = -0.03, Kurtosis = 2.06, MValue = 2
-------------------- Histogram --------------------
[35.562 ns ; 36.684 ns) | @@@@@@@
---------------------------------------------------

PolymorphicMapping.HandCoded: Quick(MaxRelativeError=0.05, Arguments=/p:MatrixMode=Benchmark, IterationTime=250ms, MaxIterationCount=12, MaxWarmupIterationCount=5, MinIterationCount=8, MinWarmupIterationCount=3)
Runtime = .NET 10.0.10 (10.0.10, 10.0.1026.32716), X64 RyuJIT x86-64-v3; GC = Concurrent Workstation
Mean = 36.376 ns, StdErr = 0.200 ns (0.55%), N = 8, StdDev = 0.566 ns
Min = 35.675 ns, Q1 = 35.941 ns, Median = 36.337 ns, Q3 = 36.759 ns, Max = 37.276 ns
IQR = 0.818 ns, LowerFence = 34.715 ns, UpperFence = 37.985 ns
ConfidenceInterval = [35.294 ns; 37.459 ns] (CI 99.9%), Margin = 1.083 ns (2.98% of Mean)
Skewness = 0.2, Kurtosis = 1.41, MValue = 2
-------------------- Histogram --------------------
[35.591 ns ; 36.335 ns) | @@@@
[36.335 ns ; 37.648 ns) | @@@@
---------------------------------------------------

PolymorphicMapping.Mapster: Quick(MaxRelativeError=0.05, Arguments=/p:MatrixMode=Benchmark, IterationTime=250ms, MaxIterationCount=12, MaxWarmupIterationCount=5, MinIterationCount=8, MinWarmupIterationCount=3)
Runtime = .NET 10.0.10 (10.0.10, 10.0.1026.32716), X64 RyuJIT x86-64-v3; GC = Concurrent Workstation
Mean = 119.601 ns, StdErr = 0.099 ns (0.08%), N = 6, StdDev = 0.243 ns
Min = 119.174 ns, Q1 = 119.540 ns, Median = 119.651 ns, Q3 = 119.722 ns, Max = 119.883 ns
IQR = 0.183 ns, LowerFence = 119.266 ns, UpperFence = 119.996 ns
ConfidenceInterval = [118.920 ns; 120.283 ns] (CI 99.9%), Margin = 0.682 ns (0.57% of Mean)
Skewness = -0.61, Kurtosis = 1.91, MValue = 2
-------------------- Histogram --------------------
[118.999 ns ; 120.059 ns) | @@@@@@
---------------------------------------------------

PolymorphicMapping.AutoMapper: Quick(MaxRelativeError=0.05, Arguments=/p:MatrixMode=Benchmark, IterationTime=250ms, MaxIterationCount=12, MaxWarmupIterationCount=5, MinIterationCount=8, MinWarmupIterationCount=3)
Runtime = .NET 10.0.10 (10.0.10, 10.0.1026.32716), X64 RyuJIT x86-64-v3; GC = Concurrent Workstation
Mean = 351.356 ns, StdErr = 0.326 ns (0.09%), N = 7, StdDev = 0.863 ns
Min = 350.048 ns, Q1 = 350.803 ns, Median = 351.635 ns, Q3 = 351.830 ns, Max = 352.543 ns
IQR = 1.027 ns, LowerFence = 349.263 ns, UpperFence = 353.370 ns
ConfidenceInterval = [349.412 ns; 353.300 ns] (CI 99.9%), Margin = 1.944 ns (0.55% of Mean)
Skewness = -0.21, Kurtosis = 1.44, MValue = 2
-------------------- Histogram --------------------
[349.456 ns ; 353.136 ns) | @@@@@@@
---------------------------------------------------

// * Summary *

BenchmarkDotNet v0.15.8, Linux Ubuntu 24.04.4 LTS (Noble Numbat)
AMD EPYC 7763 2.45GHz, 1 CPU, 4 logical and 2 physical cores
.NET SDK 10.0.302
  [Host] : .NET 10.0.10 (10.0.10, 10.0.1026.32716), X64 RyuJIT x86-64-v3
  Quick  : .NET 10.0.10 (10.0.10, 10.0.1026.32716), X64 RyuJIT x86-64-v3

Job=Quick  MaxRelativeError=0.05  Arguments=/p:MatrixMode=Benchmark  
IterationTime=250ms  MaxIterationCount=12  MaxWarmupIterationCount=5  
MinIterationCount=8  MinWarmupIterationCount=3  

| Method     | Mean      | Error    | StdDev   | Ratio | RatioSD | Gen0   | Allocated | Alloc Ratio |
|----------- |----------:|---------:|---------:|------:|--------:|-------:|----------:|------------:|
| Mapperly   |  36.12 ns | 0.545 ns | 0.242 ns |  0.99 |    0.02 | 0.0086 |     144 B |        1.00 |
| HandCoded  |  36.38 ns | 1.083 ns | 0.566 ns |  1.00 |    0.02 | 0.0085 |     144 B |        1.00 |
| Mapster    | 119.60 ns | 0.682 ns | 0.243 ns |  3.29 |    0.05 | 0.0085 |     144 B |        1.00 |
| AutoMapper | 351.36 ns | 1.944 ns | 0.863 ns |  9.66 |    0.14 | 0.0085 |     144 B |        1.00 |

// * Hints *
Outliers
  PolymorphicMapping.Mapperly: Quick   -> 1 outlier  was  removed, 2 outliers were detected (39.63 ns, 40.53 ns)
  PolymorphicMapping.Mapster: Quick    -> 2 outliers were removed (125.76 ns, 127.26 ns)
  PolymorphicMapping.AutoMapper: Quick -> 1 outlier  was  removed (358.91 ns)

// * Legends *
  Mean        : Arithmetic mean of all measurements
  Error       : Half of 99.9% confidence interval
  StdDev      : Standard deviation of all measurements
  Ratio       : Mean of the ratio distribution ([Current]/[Baseline])
  RatioSD     : Standard deviation of the ratio distribution ([Current]/[Baseline])
  Gen0        : GC Generation 0 collects per 1000 operations
  Allocated   : Allocated memory per single operation (managed only, inclusive, 1KB = 1024B)
  Alloc Ratio : Allocated memory ratio distribution ([Current]/[Baseline])
  1 ns        : 1 Nanosecond (0.000000001 sec)

// * Diagnostic Output - MemoryDiagnoser *


// ***** BenchmarkRunner: End *****
Run time: 00:00:23 (23.68 sec), executed benchmarks: 4

// Found 4 benchmarks:
//   PrepareAndSimpleMap.AutoMapper: Quick(MaxRelativeError=0.05, Arguments=/p:MatrixMode=Benchmark, IterationTime=250ms, MaxIterationCount=12, MaxWarmupIterationCount=5, MinIterationCount=8, MinWarmupIterationCount=3)
//   PrepareAndSimpleMap.HandCoded: Quick(MaxRelativeError=0.05, Arguments=/p:MatrixMode=Benchmark, IterationTime=250ms, MaxIterationCount=12, MaxWarmupIterationCount=5, MinIterationCount=8, MinWarmupIterationCount=3)
//   PrepareAndSimpleMap.Mapperly: Quick(MaxRelativeError=0.05, Arguments=/p:MatrixMode=Benchmark, IterationTime=250ms, MaxIterationCount=12, MaxWarmupIterationCount=5, MinIterationCount=8, MinWarmupIterationCount=3)
//   PrepareAndSimpleMap.Mapster: Quick(MaxRelativeError=0.05, Arguments=/p:MatrixMode=Benchmark, IterationTime=250ms, MaxIterationCount=12, MaxWarmupIterationCount=5, MinIterationCount=8, MinWarmupIterationCount=3)

// **************************
// Benchmark: PrepareAndSimpleMap.AutoMapper: Quick(MaxRelativeError=0.05, Arguments=/p:MatrixMode=Benchmark, IterationTime=250ms, MaxIterationCount=12, MaxWarmupIterationCount=5, MinIterationCount=8, MinWarmupIterationCount=3)
// *** Execute ***
// Launch: 1 / 1
// Execute: dotnet Matrix.ObjectMapping-Quick-1.dll --anonymousPipes 129 130 --benchmarkName Matrix.ObjectMapping.Benchmarks.PrepareAndSimpleMap.AutoMapper --job Quick --benchmarkId 28 in /home/runner/work/dotnet-matrix/dotnet-matrix/src/Matrix.ObjectMapping/bin/Benchmark/Release/net10.0/Matrix.ObjectMapping-Quick-1/bin/Release/net10.0
// Failed to set up high priority (Permission denied). In order to run benchmarks with high priority, make sure you have the right permissions.
// BeforeAnythingElse

// Benchmark Process Environment Information:
// BenchmarkDotNet v0.15.8
// Runtime=.NET 10.0.10 (10.0.10, 10.0.1026.32716), X64 RyuJIT x86-64-v3
// GC=Concurrent Workstation
// HardwareIntrinsics=AVX2+BMI1+BMI2+F16C+FMA+LZCNT+MOVBE,AVX,SSE3+SSSE3+SSE4.1+SSE4.2+POPCNT,X86Base+SSE+SSE2,AES+PCLMUL VectorSize=256
// Job: Quick(MaxRelativeError=0.05, IterationTime=250ms, MaxIterationCount=12, MaxWarmupIterationCount=5, MinIterationCount=8, MinWarmupIterationCount=3)

OverheadJitting  1: 1 op, 260068.00 ns, 260.0680 us/op
WorkloadJitting  1: 1 op, 121417008.00 ns, 121.4170 ms/op

WorkloadPilot    1: 4 op, 54959418.00 ns, 13.7399 ms/op
WorkloadPilot    2: 18 op, 249229802.00 ns, 13.8461 ms/op

WorkloadWarmup   1: 18 op, 258925309.00 ns, 14.3847 ms/op
WorkloadWarmup   2: 18 op, 257836552.00 ns, 14.3243 ms/op
WorkloadWarmup   3: 18 op, 267950725.00 ns, 14.8862 ms/op
WorkloadWarmup   4: 18 op, 255320066.00 ns, 14.1844 ms/op
WorkloadWarmup   5: 18 op, 255229034.00 ns, 14.1794 ms/op

// BeforeActualRun
WorkloadActual   1: 18 op, 252505317.00 ns, 14.0281 ms/op
WorkloadActual   2: 18 op, 252432790.00 ns, 14.0240 ms/op
WorkloadActual   3: 18 op, 256115910.00 ns, 14.2287 ms/op
WorkloadActual   4: 18 op, 252166640.00 ns, 14.0093 ms/op
WorkloadActual   5: 18 op, 247955232.00 ns, 13.7753 ms/op
WorkloadActual   6: 18 op, 244637415.00 ns, 13.5910 ms/op
WorkloadActual   7: 18 op, 245460561.00 ns, 13.6367 ms/op
WorkloadActual   8: 18 op, 239454137.00 ns, 13.3030 ms/op

// AfterActualRun
WorkloadResult   1: 18 op, 252505317.00 ns, 14.0281 ms/op
WorkloadResult   2: 18 op, 252432790.00 ns, 14.0240 ms/op
WorkloadResult   3: 18 op, 256115910.00 ns, 14.2287 ms/op
WorkloadResult   4: 18 op, 252166640.00 ns, 14.0093 ms/op
WorkloadResult   5: 18 op, 247955232.00 ns, 13.7753 ms/op
WorkloadResult   6: 18 op, 244637415.00 ns, 13.5910 ms/op
WorkloadResult   7: 18 op, 245460561.00 ns, 13.6367 ms/op
WorkloadResult   8: 18 op, 239454137.00 ns, 13.3030 ms/op
// GC:  0 0 0 12092256 18
// Threading:  0 0 18

// AfterAll
// Benchmark Process 3677 has exited with code 0.

Mean = 13.825 ms, StdErr = 0.107 ms (0.78%), N = 8, StdDev = 0.303 ms
Min = 13.303 ms, Q1 = 13.625 ms, Median = 13.892 ms, Q3 = 14.025 ms, Max = 14.229 ms
IQR = 0.400 ms, LowerFence = 13.026 ms, UpperFence = 14.625 ms
ConfidenceInterval = [13.245 ms; 14.404 ms] (CI 99.9%), Margin = 0.579 ms (4.19% of Mean)
Skewness = -0.33, Kurtosis = 1.62, MValue = 2

// ** Remained 9 (23.7 %) benchmark(s) to run. Estimated finish 2026-08-02 8:20 (0h 0m from now) **
// **************************
// Benchmark: PrepareAndSimpleMap.HandCoded: Quick(MaxRelativeError=0.05, Arguments=/p:MatrixMode=Benchmark, IterationTime=250ms, MaxIterationCount=12, MaxWarmupIterationCount=5, MinIterationCount=8, MinWarmupIterationCount=3)
// *** Execute ***
// Launch: 1 / 1
// Execute: dotnet Matrix.ObjectMapping-Quick-1.dll --anonymousPipes 129 130 --benchmarkName Matrix.ObjectMapping.Benchmarks.PrepareAndSimpleMap.HandCoded --job Quick --benchmarkId 29 in /home/runner/work/dotnet-matrix/dotnet-matrix/src/Matrix.ObjectMapping/bin/Benchmark/Release/net10.0/Matrix.ObjectMapping-Quick-1/bin/Release/net10.0
// Failed to set up high priority (Permission denied). In order to run benchmarks with high priority, make sure you have the right permissions.
// BeforeAnythingElse

// Benchmark Process Environment Information:
// BenchmarkDotNet v0.15.8
// Runtime=.NET 10.0.10 (10.0.10, 10.0.1026.32716), X64 RyuJIT x86-64-v3
// GC=Concurrent Workstation
// HardwareIntrinsics=AVX2+BMI1+BMI2+F16C+FMA+LZCNT+MOVBE,AVX,SSE3+SSSE3+SSE4.1+SSE4.2+POPCNT,X86Base+SSE+SSE2,AES+PCLMUL VectorSize=256
// Job: Quick(MaxRelativeError=0.05, IterationTime=250ms, MaxIterationCount=12, MaxWarmupIterationCount=5, MinIterationCount=8, MinWarmupIterationCount=3)

OverheadJitting  1: 1 op, 233158.00 ns, 233.1580 us/op
WorkloadJitting  1: 1 op, 504257.00 ns, 504.2570 us/op

OverheadJitting  2: 16 op, 474221.00 ns, 29.6388 us/op
WorkloadJitting  2: 16 op, 460645.00 ns, 28.7903 us/op

WorkloadPilot    1: 16 op, 13575.00 ns, 848.4375 ns/op
WorkloadPilot    2: 294672 op, 18818777.00 ns, 63.8635 ns/op
WorkloadPilot    3: 3914608 op, 150158317.00 ns, 38.3585 ns/op
WorkloadPilot    4: 6517472 op, 103690704.00 ns, 15.9097 ns/op
WorkloadPilot    5: 15713744 op, 208069431.00 ns, 13.2412 ns/op
WorkloadPilot    6: 18880416 op, 247853828.00 ns, 13.1276 ns/op
WorkloadPilot    7: 19043904 op, 247761644.00 ns, 13.0100 ns/op
WorkloadPilot    8: 19215968 op, 253358109.00 ns, 13.1848 ns/op
WorkloadPilot    9: 18961280 op, 246834432.00 ns, 13.0178 ns/op
WorkloadPilot   10: 19204464 op, 248710597.00 ns, 12.9507 ns/op
WorkloadPilot   11: 19304032 op, 249629664.00 ns, 12.9315 ns/op
WorkloadPilot   12: 19332672 op, 251913492.00 ns, 13.0305 ns/op
WorkloadPilot   13: 19185824 op, 252473412.00 ns, 13.1594 ns/op

OverheadWarmup   1: 19185824 op, 80779627.00 ns, 4.2104 ns/op
OverheadWarmup   2: 19185824 op, 80633092.00 ns, 4.2027 ns/op
OverheadWarmup   3: 19185824 op, 83628880.00 ns, 4.3589 ns/op
OverheadWarmup   4: 19185824 op, 62821568.00 ns, 3.2744 ns/op
OverheadWarmup   5: 19185824 op, 63098648.00 ns, 3.2888 ns/op
OverheadWarmup   6: 19185824 op, 68188231.00 ns, 3.5541 ns/op
OverheadWarmup   7: 19185824 op, 62794126.00 ns, 3.2729 ns/op

OverheadActual   1: 19185824 op, 63002688.00 ns, 3.2838 ns/op
OverheadActual   2: 19185824 op, 62685152.00 ns, 3.2673 ns/op
OverheadActual   3: 19185824 op, 62823321.00 ns, 3.2745 ns/op
OverheadActual   4: 19185824 op, 62792674.00 ns, 3.2729 ns/op
OverheadActual   5: 19185824 op, 62776203.00 ns, 3.2720 ns/op
OverheadActual   6: 19185824 op, 62803253.00 ns, 3.2734 ns/op
OverheadActual   7: 19185824 op, 62785972.00 ns, 3.2725 ns/op
OverheadActual   8: 19185824 op, 62787373.00 ns, 3.2726 ns/op

WorkloadWarmup   1: 19185824 op, 250061855.00 ns, 13.0337 ns/op
WorkloadWarmup   2: 19185824 op, 253225572.00 ns, 13.1986 ns/op
WorkloadWarmup   3: 19185824 op, 254242065.00 ns, 13.2516 ns/op
WorkloadWarmup   4: 19185824 op, 246279265.00 ns, 12.8365 ns/op
WorkloadWarmup   5: 19185824 op, 246059652.00 ns, 12.8251 ns/op

// BeforeActualRun
WorkloadActual   1: 19185824 op, 263256931.00 ns, 13.7214 ns/op
WorkloadActual   2: 19185824 op, 244026773.00 ns, 12.7191 ns/op
WorkloadActual   3: 19185824 op, 244436051.00 ns, 12.7405 ns/op
WorkloadActual   4: 19185824 op, 248074838.00 ns, 12.9301 ns/op
WorkloadActual   5: 19185824 op, 246816034.00 ns, 12.8645 ns/op
WorkloadActual   6: 19185824 op, 249127827.00 ns, 12.9850 ns/op
WorkloadActual   7: 19185824 op, 246609876.00 ns, 12.8538 ns/op
WorkloadActual   8: 19185824 op, 249142825.00 ns, 12.9858 ns/op

// AfterActualRun
WorkloadResult   1: 19185824 op, 181236749.50 ns, 9.4464 ns/op
WorkloadResult   2: 19185824 op, 181646027.50 ns, 9.4677 ns/op
WorkloadResult   3: 19185824 op, 185284814.50 ns, 9.6574 ns/op
WorkloadResult   4: 19185824 op, 184026010.50 ns, 9.5918 ns/op
WorkloadResult   5: 19185824 op, 186337803.50 ns, 9.7123 ns/op
WorkloadResult   6: 19185824 op, 183819852.50 ns, 9.5810 ns/op
WorkloadResult   7: 19185824 op, 186352801.50 ns, 9.7130 ns/op
// GC:  64 0 0 1074406144 19185824
// Threading:  0 0 19185824

// AfterAll
// Benchmark Process 3965 has exited with code 0.

Mean = 9.596 ns, StdErr = 0.041 ns (0.43%), N = 7, StdDev = 0.108 ns
Min = 9.446 ns, Q1 = 9.524 ns, Median = 9.592 ns, Q3 = 9.685 ns, Max = 9.713 ns
IQR = 0.160 ns, LowerFence = 9.284 ns, UpperFence = 9.925 ns
ConfidenceInterval = [9.352 ns; 9.839 ns] (CI 99.9%), Margin = 0.243 ns (2.54% of Mean)
Skewness = -0.22, Kurtosis = 1.21, MValue = 2

// ** Remained 8 (21.1 %) benchmark(s) to run. Estimated finish 2026-08-02 8:20 (0h 0m from now) **
// **************************
// Benchmark: PrepareAndSimpleMap.Mapperly: Quick(MaxRelativeError=0.05, Arguments=/p:MatrixMode=Benchmark, IterationTime=250ms, MaxIterationCount=12, MaxWarmupIterationCount=5, MinIterationCount=8, MinWarmupIterationCount=3)
// *** Execute ***
// Launch: 1 / 1
// Execute: dotnet Matrix.ObjectMapping-Quick-1.dll --anonymousPipes 129 130 --benchmarkName Matrix.ObjectMapping.Benchmarks.PrepareAndSimpleMap.Mapperly --job Quick --benchmarkId 30 in /home/runner/work/dotnet-matrix/dotnet-matrix/src/Matrix.ObjectMapping/bin/Benchmark/Release/net10.0/Matrix.ObjectMapping-Quick-1/bin/Release/net10.0
// Failed to set up high priority (Permission denied). In order to run benchmarks with high priority, make sure you have the right permissions.
// BeforeAnythingElse

// Benchmark Process Environment Information:
// BenchmarkDotNet v0.15.8
// Runtime=.NET 10.0.10 (10.0.10, 10.0.1026.32716), X64 RyuJIT x86-64-v3
// GC=Concurrent Workstation
// HardwareIntrinsics=AVX2+BMI1+BMI2+F16C+FMA+LZCNT+MOVBE,AVX,SSE3+SSSE3+SSE4.1+SSE4.2+POPCNT,X86Base+SSE+SSE2,AES+PCLMUL VectorSize=256
// Job: Quick(MaxRelativeError=0.05, IterationTime=250ms, MaxIterationCount=12, MaxWarmupIterationCount=5, MinIterationCount=8, MinWarmupIterationCount=3)

OverheadJitting  1: 1 op, 255620.00 ns, 255.6200 us/op
WorkloadJitting  1: 1 op, 471045.00 ns, 471.0450 us/op

OverheadJitting  2: 16 op, 512362.00 ns, 32.0226 us/op
WorkloadJitting  2: 16 op, 473399.00 ns, 29.5874 us/op

WorkloadPilot    1: 16 op, 14908.00 ns, 931.7500 ns/op
WorkloadPilot    2: 268320 op, 17525336.00 ns, 65.3151 ns/op
WorkloadPilot    3: 3827616 op, 147699966.00 ns, 38.5880 ns/op
WorkloadPilot    4: 6478704 op, 102929456.00 ns, 15.8874 ns/op
WorkloadPilot    5: 15735792 op, 197655902.00 ns, 12.5609 ns/op
WorkloadPilot    6: 19903024 op, 253068430.00 ns, 12.7151 ns/op
WorkloadPilot    7: 19661712 op, 258900348.00 ns, 13.1677 ns/op
WorkloadPilot    8: 18985792 op, 249110134.00 ns, 13.1209 ns/op
WorkloadPilot    9: 19053616 op, 253229613.00 ns, 13.2904 ns/op

OverheadWarmup   1: 19053616 op, 80387039.00 ns, 4.2190 ns/op
OverheadWarmup   2: 19053616 op, 80855760.00 ns, 4.2436 ns/op
OverheadWarmup   3: 19053616 op, 85582040.00 ns, 4.4916 ns/op
OverheadWarmup   4: 19053616 op, 62387272.00 ns, 3.2743 ns/op
OverheadWarmup   5: 19053616 op, 62390769.00 ns, 3.2745 ns/op
OverheadWarmup   6: 19053616 op, 62282855.00 ns, 3.2688 ns/op

OverheadActual   1: 19053616 op, 62745736.00 ns, 3.2931 ns/op
OverheadActual   2: 19053616 op, 62387523.00 ns, 3.2743 ns/op
OverheadActual   3: 19053616 op, 62275642.00 ns, 3.2684 ns/op
OverheadActual   4: 19053616 op, 62396580.00 ns, 3.2748 ns/op
OverheadActual   5: 19053616 op, 62312181.00 ns, 3.2704 ns/op
OverheadActual   6: 19053616 op, 62333751.00 ns, 3.2715 ns/op
OverheadActual   7: 19053616 op, 62737620.00 ns, 3.2927 ns/op
OverheadActual   8: 19053616 op, 62407010.00 ns, 3.2753 ns/op

WorkloadWarmup   1: 19053616 op, 255375294.00 ns, 13.4030 ns/op
WorkloadWarmup   2: 19053616 op, 253277646.00 ns, 13.2929 ns/op
WorkloadWarmup   3: 19053616 op, 248567124.00 ns, 13.0457 ns/op
WorkloadWarmup   4: 19053616 op, 246807739.00 ns, 12.9533 ns/op
WorkloadWarmup   5: 19053616 op, 247440768.00 ns, 12.9866 ns/op

// BeforeActualRun
WorkloadActual   1: 19053616 op, 251366494.00 ns, 13.1926 ns/op
WorkloadActual   2: 19053616 op, 251377965.00 ns, 13.1932 ns/op
WorkloadActual   3: 19053616 op, 248687210.00 ns, 13.0520 ns/op
WorkloadActual   4: 19053616 op, 249095878.00 ns, 13.0734 ns/op
WorkloadActual   5: 19053616 op, 249507250.00 ns, 13.0950 ns/op
WorkloadActual   6: 19053616 op, 249664746.00 ns, 13.1033 ns/op
WorkloadActual   7: 19053616 op, 250826499.00 ns, 13.1642 ns/op
WorkloadActual   8: 19053616 op, 250763041.00 ns, 13.1609 ns/op

// AfterActualRun
WorkloadResult   1: 19053616 op, 188974442.50 ns, 9.9180 ns/op
WorkloadResult   2: 19053616 op, 188985913.50 ns, 9.9186 ns/op
WorkloadResult   3: 19053616 op, 186295158.50 ns, 9.7774 ns/op
WorkloadResult   4: 19053616 op, 186703826.50 ns, 9.7989 ns/op
WorkloadResult   5: 19053616 op, 187115198.50 ns, 9.8205 ns/op
WorkloadResult   6: 19053616 op, 187272694.50 ns, 9.8287 ns/op
WorkloadResult   7: 19053616 op, 188434447.50 ns, 9.8897 ns/op
WorkloadResult   8: 19053616 op, 188370989.50 ns, 9.8864 ns/op
// GC:  63 0 0 1067002496 19053616
// Threading:  0 0 19053616

// AfterAll
// Benchmark Process 3975 has exited with code 0.

Mean = 9.855 ns, StdErr = 0.019 ns (0.20%), N = 8, StdDev = 0.055 ns
Min = 9.777 ns, Q1 = 9.815 ns, Median = 9.858 ns, Q3 = 9.897 ns, Max = 9.919 ns
IQR = 0.082 ns, LowerFence = 9.692 ns, UpperFence = 10.019 ns
ConfidenceInterval = [9.749 ns; 9.960 ns] (CI 99.9%), Margin = 0.105 ns (1.07% of Mean)
Skewness = -0.08, Kurtosis = 1.12, MValue = 2

// ** Remained 7 (18.4 %) benchmark(s) to run. Estimated finish 2026-08-02 8:20 (0h 0m from now) **
// **************************
// Benchmark: PrepareAndSimpleMap.Mapster: Quick(MaxRelativeError=0.05, Arguments=/p:MatrixMode=Benchmark, IterationTime=250ms, MaxIterationCount=12, MaxWarmupIterationCount=5, MinIterationCount=8, MinWarmupIterationCount=3)
// *** Execute ***
// Launch: 1 / 1
// Execute: dotnet Matrix.ObjectMapping-Quick-1.dll --anonymousPipes 129 130 --benchmarkName Matrix.ObjectMapping.Benchmarks.PrepareAndSimpleMap.Mapster --job Quick --benchmarkId 31 in /home/runner/work/dotnet-matrix/dotnet-matrix/src/Matrix.ObjectMapping/bin/Benchmark/Release/net10.0/Matrix.ObjectMapping-Quick-1/bin/Release/net10.0
// Failed to set up high priority (Permission denied). In order to run benchmarks with high priority, make sure you have the right permissions.
// BeforeAnythingElse

// Benchmark Process Environment Information:
// BenchmarkDotNet v0.15.8
// Runtime=.NET 10.0.10 (10.0.10, 10.0.1026.32716), X64 RyuJIT x86-64-v3
// GC=Concurrent Workstation
// HardwareIntrinsics=AVX2+BMI1+BMI2+F16C+FMA+LZCNT+MOVBE,AVX,SSE3+SSSE3+SSE4.1+SSE4.2+POPCNT,X86Base+SSE+SSE2,AES+PCLMUL VectorSize=256
// Job: Quick(MaxRelativeError=0.05, IterationTime=250ms, MaxIterationCount=12, MaxWarmupIterationCount=5, MinIterationCount=8, MinWarmupIterationCount=3)

OverheadJitting  1: 1 op, 233889.00 ns, 233.8890 us/op
WorkloadJitting  1: 1 op, 134011014.00 ns, 134.0110 ms/op

WorkloadPilot    1: 4 op, 99428649.00 ns, 24.8572 ms/op
WorkloadPilot    2: 10 op, 254766552.00 ns, 25.4767 ms/op

WorkloadWarmup   1: 10 op, 252601434.00 ns, 25.2601 ms/op
WorkloadWarmup   2: 10 op, 257873850.00 ns, 25.7874 ms/op
WorkloadWarmup   3: 10 op, 258686047.00 ns, 25.8686 ms/op
WorkloadWarmup   4: 10 op, 268082835.00 ns, 26.8083 ms/op
WorkloadWarmup   5: 10 op, 262902217.00 ns, 26.2902 ms/op

// BeforeActualRun
WorkloadActual   1: 10 op, 270655104.00 ns, 27.0655 ms/op
WorkloadActual   2: 10 op, 266711635.00 ns, 26.6712 ms/op
WorkloadActual   3: 10 op, 265996211.00 ns, 26.5996 ms/op
WorkloadActual   4: 10 op, 260230337.00 ns, 26.0230 ms/op
WorkloadActual   5: 10 op, 258049430.00 ns, 25.8049 ms/op
WorkloadActual   6: 10 op, 255589158.00 ns, 25.5589 ms/op
WorkloadActual   7: 10 op, 258571331.00 ns, 25.8571 ms/op
WorkloadActual   8: 10 op, 256602481.00 ns, 25.6602 ms/op

// AfterActualRun
WorkloadResult   1: 10 op, 270655104.00 ns, 27.0655 ms/op
WorkloadResult   2: 10 op, 266711635.00 ns, 26.6712 ms/op
WorkloadResult   3: 10 op, 265996211.00 ns, 26.5996 ms/op
WorkloadResult   4: 10 op, 260230337.00 ns, 26.0230 ms/op
WorkloadResult   5: 10 op, 258049430.00 ns, 25.8049 ms/op
WorkloadResult   6: 10 op, 255589158.00 ns, 25.5589 ms/op
WorkloadResult   7: 10 op, 258571331.00 ns, 25.8571 ms/op
WorkloadResult   8: 10 op, 256602481.00 ns, 25.6602 ms/op
// GC:  1 0 0 28865080 10
// Threading:  0 0 10

// AfterAll
// Benchmark Process 4008 has exited with code 0.

Mean = 26.155 ms, StdErr = 0.195 ms (0.74%), N = 8, StdDev = 0.551 ms
Min = 25.559 ms, Q1 = 25.769 ms, Median = 25.940 ms, Q3 = 26.618 ms, Max = 27.066 ms
IQR = 0.849 ms, LowerFence = 24.496 ms, UpperFence = 27.891 ms
ConfidenceInterval = [25.102 ms; 27.208 ms] (CI 99.9%), Margin = 1.053 ms (4.02% of Mean)
Skewness = 0.43, Kurtosis = 1.37, MValue = 2

// ** Remained 6 (15.8 %) benchmark(s) to run. Estimated finish 2026-08-02 8:20 (0h 0m from now) **
// ***** BenchmarkRunner: Finish  *****

// * Export *
  tmp/dotnet-matrix/ObjectMapping/4ff6a8fe23154753803edc028d76fae5/results/Matrix.ObjectMapping.Benchmarks.PrepareAndSimpleMap-report.csv
  tmp/dotnet-matrix/ObjectMapping/4ff6a8fe23154753803edc028d76fae5/results/Matrix.ObjectMapping.Benchmarks.PrepareAndSimpleMap-report-github.md
  tmp/dotnet-matrix/ObjectMapping/4ff6a8fe23154753803edc028d76fae5/results/Matrix.ObjectMapping.Benchmarks.PrepareAndSimpleMap-report.html
  tmp/dotnet-matrix/ObjectMapping/4ff6a8fe23154753803edc028d76fae5/results/Matrix.ObjectMapping.Benchmarks.PrepareAndSimpleMap-report-full.json

// * Detailed results *
PrepareAndSimpleMap.HandCoded: Quick(MaxRelativeError=0.05, Arguments=/p:MatrixMode=Benchmark, IterationTime=250ms, MaxIterationCount=12, MaxWarmupIterationCount=5, MinIterationCount=8, MinWarmupIterationCount=3)
Runtime = .NET 10.0.10 (10.0.10, 10.0.1026.32716), X64 RyuJIT x86-64-v3; GC = Concurrent Workstation
Mean = 9.596 ns, StdErr = 0.041 ns (0.43%), N = 7, StdDev = 0.108 ns
Min = 9.446 ns, Q1 = 9.524 ns, Median = 9.592 ns, Q3 = 9.685 ns, Max = 9.713 ns
IQR = 0.160 ns, LowerFence = 9.284 ns, UpperFence = 9.925 ns
ConfidenceInterval = [9.352 ns; 9.839 ns] (CI 99.9%), Margin = 0.243 ns (2.54% of Mean)
Skewness = -0.22, Kurtosis = 1.21, MValue = 2
-------------------- Histogram --------------------
[9.372 ns ; 9.744 ns) | @@@@@@@
---------------------------------------------------

PrepareAndSimpleMap.Mapperly: Quick(MaxRelativeError=0.05, Arguments=/p:MatrixMode=Benchmark, IterationTime=250ms, MaxIterationCount=12, MaxWarmupIterationCount=5, MinIterationCount=8, MinWarmupIterationCount=3)
Runtime = .NET 10.0.10 (10.0.10, 10.0.1026.32716), X64 RyuJIT x86-64-v3; GC = Concurrent Workstation
Mean = 9.855 ns, StdErr = 0.019 ns (0.20%), N = 8, StdDev = 0.055 ns
Min = 9.777 ns, Q1 = 9.815 ns, Median = 9.858 ns, Q3 = 9.897 ns, Max = 9.919 ns
IQR = 0.082 ns, LowerFence = 9.692 ns, UpperFence = 10.019 ns
ConfidenceInterval = [9.749 ns; 9.960 ns] (CI 99.9%), Margin = 0.105 ns (1.07% of Mean)
Skewness = -0.08, Kurtosis = 1.12, MValue = 2
-------------------- Histogram --------------------
[9.741 ns ; 9.955 ns) | @@@@@@@@
---------------------------------------------------

PrepareAndSimpleMap.AutoMapper: Quick(MaxRelativeError=0.05, Arguments=/p:MatrixMode=Benchmark, IterationTime=250ms, MaxIterationCount=12, MaxWarmupIterationCount=5, MinIterationCount=8, MinWarmupIterationCount=3)
Runtime = .NET 10.0.10 (10.0.10, 10.0.1026.32716), X64 RyuJIT x86-64-v3; GC = Concurrent Workstation
Mean = 13.825 ms, StdErr = 0.107 ms (0.78%), N = 8, StdDev = 0.303 ms
Min = 13.303 ms, Q1 = 13.625 ms, Median = 13.892 ms, Q3 = 14.025 ms, Max = 14.229 ms
IQR = 0.400 ms, LowerFence = 13.026 ms, UpperFence = 14.625 ms
ConfidenceInterval = [13.245 ms; 14.404 ms] (CI 99.9%), Margin = 0.579 ms (4.19% of Mean)
Skewness = -0.33, Kurtosis = 1.62, MValue = 2
-------------------- Histogram --------------------
[13.248 ms ; 13.634 ms) | @@
[13.634 ms ; 14.031 ms) | @@@@@
[14.031 ms ; 14.428 ms) | @
---------------------------------------------------

PrepareAndSimpleMap.Mapster: Quick(MaxRelativeError=0.05, Arguments=/p:MatrixMode=Benchmark, IterationTime=250ms, MaxIterationCount=12, MaxWarmupIterationCount=5, MinIterationCount=8, MinWarmupIterationCount=3)
Runtime = .NET 10.0.10 (10.0.10, 10.0.1026.32716), X64 RyuJIT x86-64-v3; GC = Concurrent Workstation
Mean = 26.155 ms, StdErr = 0.195 ms (0.74%), N = 8, StdDev = 0.551 ms
Min = 25.559 ms, Q1 = 25.769 ms, Median = 25.940 ms, Q3 = 26.618 ms, Max = 27.066 ms
IQR = 0.849 ms, LowerFence = 24.496 ms, UpperFence = 27.891 ms
ConfidenceInterval = [25.102 ms; 27.208 ms] (CI 99.9%), Margin = 1.053 ms (4.02% of Mean)
Skewness = 0.43, Kurtosis = 1.37, MValue = 2
-------------------- Histogram --------------------
[25.430 ms ; 26.152 ms) | @@@@@
[26.152 ms ; 27.194 ms) | @@@
---------------------------------------------------

// * Summary *

BenchmarkDotNet v0.15.8, Linux Ubuntu 24.04.4 LTS (Noble Numbat)
AMD EPYC 7763 2.45GHz, 1 CPU, 4 logical and 2 physical cores
.NET SDK 10.0.302
  [Host] : .NET 10.0.10 (10.0.10, 10.0.1026.32716), X64 RyuJIT x86-64-v3
  Quick  : .NET 10.0.10 (10.0.10, 10.0.1026.32716), X64 RyuJIT x86-64-v3

Job=Quick  MaxRelativeError=0.05  Arguments=/p:MatrixMode=Benchmark  
IterationTime=250ms  MaxIterationCount=12  MaxWarmupIterationCount=5  
MinIterationCount=8  MinWarmupIterationCount=3  

| Method     | Mean              | Error             | StdDev          | Ratio        | RatioSD   | Gen0     | Allocated | Alloc Ratio |
|----------- |------------------:|------------------:|----------------:|-------------:|----------:|---------:|----------:|------------:|
| HandCoded  |          9.596 ns |         0.2434 ns |       0.1081 ns |         1.00 |      0.01 |   0.0033 |      56 B |        1.00 |
| Mapperly   |          9.855 ns |         0.1054 ns |       0.0551 ns |         1.03 |      0.01 |   0.0033 |      56 B |        1.00 |
| AutoMapper | 13,824,500.014 ns |   579,446.4912 ns | 303,061.7192 ns | 1,440,861.01 | 33,468.87 |        - |  671792 B |   11,996.29 |
| Mapster    | 26,155,071.087 ns | 1,052,682.6523 ns | 550,573.3820 ns | 2,726,017.00 | 61,331.17 | 100.0000 | 2886508 B |   51,544.79 |

// * Hints *
Outliers
  PrepareAndSimpleMap.HandCoded: Quick -> 1 outlier  was  removed (13.72 ns)

// * Legends *
  Mean        : Arithmetic mean of all measurements
  Error       : Half of 99.9% confidence interval
  StdDev      : Standard deviation of all measurements
  Ratio       : Mean of the ratio distribution ([Current]/[Baseline])
  RatioSD     : Standard deviation of the ratio distribution ([Current]/[Baseline])
  Gen0        : GC Generation 0 collects per 1000 operations
  Allocated   : Allocated memory per single operation (managed only, inclusive, 1KB = 1024B)
  Alloc Ratio : Allocated memory ratio distribution ([Current]/[Baseline])
  1 ns        : 1 Nanosecond (0.000000001 sec)

// * Diagnostic Output - MemoryDiagnoser *


// ***** BenchmarkRunner: End *****
Run time: 00:00:21 (21.96 sec), executed benchmarks: 4

// Found 2 benchmarks:
//   PrepareConfiguration.AutoMapper: Quick(MaxRelativeError=0.05, Arguments=/p:MatrixMode=Benchmark, IterationTime=250ms, MaxIterationCount=12, MaxWarmupIterationCount=5, MinIterationCount=8, MinWarmupIterationCount=3)
//   PrepareConfiguration.Mapster: Quick(MaxRelativeError=0.05, Arguments=/p:MatrixMode=Benchmark, IterationTime=250ms, MaxIterationCount=12, MaxWarmupIterationCount=5, MinIterationCount=8, MinWarmupIterationCount=3)

// **************************
// Benchmark: PrepareConfiguration.AutoMapper: Quick(MaxRelativeError=0.05, Arguments=/p:MatrixMode=Benchmark, IterationTime=250ms, MaxIterationCount=12, MaxWarmupIterationCount=5, MinIterationCount=8, MinWarmupIterationCount=3)
// *** Execute ***
// Launch: 1 / 1
// Execute: dotnet Matrix.ObjectMapping-Quick-1.dll --anonymousPipes 129 130 --benchmarkName Matrix.ObjectMapping.Benchmarks.PrepareConfiguration.AutoMapper --job Quick --benchmarkId 32 in /home/runner/work/dotnet-matrix/dotnet-matrix/src/Matrix.ObjectMapping/bin/Benchmark/Release/net10.0/Matrix.ObjectMapping-Quick-1/bin/Release/net10.0
// Failed to set up high priority (Permission denied). In order to run benchmarks with high priority, make sure you have the right permissions.
// BeforeAnythingElse

// Benchmark Process Environment Information:
// BenchmarkDotNet v0.15.8
// Runtime=.NET 10.0.10 (10.0.10, 10.0.1026.32716), X64 RyuJIT x86-64-v3
// GC=Concurrent Workstation
// HardwareIntrinsics=AVX2+BMI1+BMI2+F16C+FMA+LZCNT+MOVBE,AVX,SSE3+SSSE3+SSE4.1+SSE4.2+POPCNT,X86Base+SSE+SSE2,AES+PCLMUL VectorSize=256
// Job: Quick(MaxRelativeError=0.05, IterationTime=250ms, MaxIterationCount=12, MaxWarmupIterationCount=5, MinIterationCount=8, MinWarmupIterationCount=3)

OverheadJitting  1: 1 op, 274165.00 ns, 274.1650 us/op
WorkloadJitting  1: 1 op, 121493064.00 ns, 121.4931 ms/op

WorkloadPilot    1: 4 op, 53385202.00 ns, 13.3463 ms/op
WorkloadPilot    2: 19 op, 268340938.00 ns, 14.1232 ms/op

WorkloadWarmup   1: 19 op, 270637138.00 ns, 14.2441 ms/op
WorkloadWarmup   2: 19 op, 257249109.00 ns, 13.5394 ms/op
WorkloadWarmup   3: 19 op, 263698968.00 ns, 13.8789 ms/op
WorkloadWarmup   4: 19 op, 249796843.00 ns, 13.1472 ms/op
WorkloadWarmup   5: 19 op, 245246402.00 ns, 12.9077 ms/op

// BeforeActualRun
WorkloadActual   1: 19 op, 256977293.00 ns, 13.5251 ms/op
WorkloadActual   2: 19 op, 253297460.00 ns, 13.3314 ms/op
WorkloadActual   3: 19 op, 254837773.00 ns, 13.4125 ms/op
WorkloadActual   4: 19 op, 253897025.00 ns, 13.3630 ms/op
WorkloadActual   5: 19 op, 251426184.00 ns, 13.2330 ms/op
WorkloadActual   6: 19 op, 252780007.00 ns, 13.3042 ms/op
WorkloadActual   7: 19 op, 248309938.00 ns, 13.0689 ms/op
WorkloadActual   8: 19 op, 246605195.00 ns, 12.9792 ms/op

// AfterActualRun
WorkloadResult   1: 19 op, 256977293.00 ns, 13.5251 ms/op
WorkloadResult   2: 19 op, 253297460.00 ns, 13.3314 ms/op
WorkloadResult   3: 19 op, 254837773.00 ns, 13.4125 ms/op
WorkloadResult   4: 19 op, 253897025.00 ns, 13.3630 ms/op
WorkloadResult   5: 19 op, 251426184.00 ns, 13.2330 ms/op
WorkloadResult   6: 19 op, 252780007.00 ns, 13.3042 ms/op
WorkloadResult   7: 19 op, 248309938.00 ns, 13.0689 ms/op
WorkloadResult   8: 19 op, 246605195.00 ns, 12.9792 ms/op
// GC:  0 0 0 12123624 19
// Threading:  0 0 19

// AfterAll
// Benchmark Process 4025 has exited with code 0.

Mean = 13.277 ms, StdErr = 0.063 ms (0.48%), N = 8, StdDev = 0.179 ms
Min = 12.979 ms, Q1 = 13.192 ms, Median = 13.318 ms, Q3 = 13.375 ms, Max = 13.525 ms
IQR = 0.183 ms, LowerFence = 12.917 ms, UpperFence = 13.651 ms
ConfidenceInterval = [12.934 ms; 13.620 ms] (CI 99.9%), Margin = 0.343 ms (2.58% of Mean)
Skewness = -0.37, Kurtosis = 1.69, MValue = 2

// ** Remained 5 (13.2 %) benchmark(s) to run. Estimated finish 2026-08-02 8:20 (0h 0m from now) **
// **************************
// Benchmark: PrepareConfiguration.Mapster: Quick(MaxRelativeError=0.05, Arguments=/p:MatrixMode=Benchmark, IterationTime=250ms, MaxIterationCount=12, MaxWarmupIterationCount=5, MinIterationCount=8, MinWarmupIterationCount=3)
// *** Execute ***
// Launch: 1 / 1
// Execute: dotnet Matrix.ObjectMapping-Quick-1.dll --anonymousPipes 129 130 --benchmarkName Matrix.ObjectMapping.Benchmarks.PrepareConfiguration.Mapster --job Quick --benchmarkId 33 in /home/runner/work/dotnet-matrix/dotnet-matrix/src/Matrix.ObjectMapping/bin/Benchmark/Release/net10.0/Matrix.ObjectMapping-Quick-1/bin/Release/net10.0
// Failed to set up high priority (Permission denied). In order to run benchmarks with high priority, make sure you have the right permissions.
// BeforeAnythingElse

// Benchmark Process Environment Information:
// BenchmarkDotNet v0.15.8
// Runtime=.NET 10.0.10 (10.0.10, 10.0.1026.32716), X64 RyuJIT x86-64-v3
// GC=Concurrent Workstation
// HardwareIntrinsics=AVX2+BMI1+BMI2+F16C+FMA+LZCNT+MOVBE,AVX,SSE3+SSSE3+SSE4.1+SSE4.2+POPCNT,X86Base+SSE+SSE2,AES+PCLMUL VectorSize=256
// Job: Quick(MaxRelativeError=0.05, IterationTime=250ms, MaxIterationCount=12, MaxWarmupIterationCount=5, MinIterationCount=8, MinWarmupIterationCount=3)

OverheadJitting  1: 1 op, 231425.00 ns, 231.4250 us/op
WorkloadJitting  1: 1 op, 128506496.00 ns, 128.5065 ms/op

WorkloadPilot    1: 4 op, 93699388.00 ns, 23.4248 ms/op
WorkloadPilot    2: 11 op, 271443953.00 ns, 24.6767 ms/op

WorkloadWarmup   1: 11 op, 269581114.00 ns, 24.5074 ms/op
WorkloadWarmup   2: 11 op, 268936843.00 ns, 24.4488 ms/op
WorkloadWarmup   3: 11 op, 269968021.00 ns, 24.5425 ms/op
WorkloadWarmup   4: 11 op, 270754508.00 ns, 24.6140 ms/op
WorkloadWarmup   5: 11 op, 272212718.00 ns, 24.7466 ms/op

// BeforeActualRun
WorkloadActual   1: 11 op, 281299571.00 ns, 25.5727 ms/op
WorkloadActual   2: 11 op, 273706054.00 ns, 24.8824 ms/op
WorkloadActual   3: 11 op, 276072540.00 ns, 25.0975 ms/op
WorkloadActual   4: 11 op, 270042872.00 ns, 24.5494 ms/op
WorkloadActual   5: 11 op, 268772685.00 ns, 24.4339 ms/op
WorkloadActual   6: 11 op, 265522773.00 ns, 24.1384 ms/op
WorkloadActual   7: 11 op, 264903111.00 ns, 24.0821 ms/op
WorkloadActual   8: 11 op, 266950401.00 ns, 24.2682 ms/op

// AfterActualRun
WorkloadResult   1: 11 op, 281299571.00 ns, 25.5727 ms/op
WorkloadResult   2: 11 op, 273706054.00 ns, 24.8824 ms/op
WorkloadResult   3: 11 op, 276072540.00 ns, 25.0975 ms/op
WorkloadResult   4: 11 op, 270042872.00 ns, 24.5494 ms/op
WorkloadResult   5: 11 op, 268772685.00 ns, 24.4339 ms/op
WorkloadResult   6: 11 op, 265522773.00 ns, 24.1384 ms/op
WorkloadResult   7: 11 op, 264903111.00 ns, 24.0821 ms/op
WorkloadResult   8: 11 op, 266950401.00 ns, 24.2682 ms/op
// GC:  1 0 0 29976176 11
// Threading:  0 0 11

// AfterAll
// Benchmark Process 4324 has exited with code 0.

Mean = 24.628 ms, StdErr = 0.184 ms (0.75%), N = 8, StdDev = 0.519 ms
Min = 24.082 ms, Q1 = 24.236 ms, Median = 24.492 ms, Q3 = 24.936 ms, Max = 25.573 ms
IQR = 0.700 ms, LowerFence = 23.185 ms, UpperFence = 25.987 ms
ConfidenceInterval = [23.635 ms; 25.621 ms] (CI 99.9%), Margin = 0.993 ms (4.03% of Mean)
Skewness = 0.56, Kurtosis = 1.74, MValue = 2

// ** Remained 4 (10.5 %) benchmark(s) to run. Estimated finish 2026-08-02 8:20 (0h 0m from now) **
// ***** BenchmarkRunner: Finish  *****

// * Export *
  tmp/dotnet-matrix/ObjectMapping/4ff6a8fe23154753803edc028d76fae5/results/Matrix.ObjectMapping.Benchmarks.PrepareConfiguration-report.csv
  tmp/dotnet-matrix/ObjectMapping/4ff6a8fe23154753803edc028d76fae5/results/Matrix.ObjectMapping.Benchmarks.PrepareConfiguration-report-github.md
  tmp/dotnet-matrix/ObjectMapping/4ff6a8fe23154753803edc028d76fae5/results/Matrix.ObjectMapping.Benchmarks.PrepareConfiguration-report.html
  tmp/dotnet-matrix/ObjectMapping/4ff6a8fe23154753803edc028d76fae5/results/Matrix.ObjectMapping.Benchmarks.PrepareConfiguration-report-full.json

// * Detailed results *
PrepareConfiguration.AutoMapper: Quick(MaxRelativeError=0.05, Arguments=/p:MatrixMode=Benchmark, IterationTime=250ms, MaxIterationCount=12, MaxWarmupIterationCount=5, MinIterationCount=8, MinWarmupIterationCount=3)
Runtime = .NET 10.0.10 (10.0.10, 10.0.1026.32716), X64 RyuJIT x86-64-v3; GC = Concurrent Workstation
Mean = 13.277 ms, StdErr = 0.063 ms (0.48%), N = 8, StdDev = 0.179 ms
Min = 12.979 ms, Q1 = 13.192 ms, Median = 13.318 ms, Q3 = 13.375 ms, Max = 13.525 ms
IQR = 0.183 ms, LowerFence = 12.917 ms, UpperFence = 13.651 ms
ConfidenceInterval = [12.934 ms; 13.620 ms] (CI 99.9%), Margin = 0.343 ms (2.58% of Mean)
Skewness = -0.37, Kurtosis = 1.69, MValue = 2
-------------------- Histogram --------------------
[12.894 ms ; 13.190 ms) | @@
[13.190 ms ; 13.643 ms) | @@@@@@
---------------------------------------------------

PrepareConfiguration.Mapster: Quick(MaxRelativeError=0.05, Arguments=/p:MatrixMode=Benchmark, IterationTime=250ms, MaxIterationCount=12, MaxWarmupIterationCount=5, MinIterationCount=8, MinWarmupIterationCount=3)
Runtime = .NET 10.0.10 (10.0.10, 10.0.1026.32716), X64 RyuJIT x86-64-v3; GC = Concurrent Workstation
Mean = 24.628 ms, StdErr = 0.184 ms (0.75%), N = 8, StdDev = 0.519 ms
Min = 24.082 ms, Q1 = 24.236 ms, Median = 24.492 ms, Q3 = 24.936 ms, Max = 25.573 ms
IQR = 0.700 ms, LowerFence = 23.185 ms, UpperFence = 25.987 ms
ConfidenceInterval = [23.635 ms; 25.621 ms] (CI 99.9%), Margin = 0.993 ms (4.03% of Mean)
Skewness = 0.56, Kurtosis = 1.74, MValue = 2
-------------------- Histogram --------------------
[23.975 ms ; 24.657 ms) | @@@@@
[24.657 ms ; 25.331 ms) | @@
[25.331 ms ; 25.914 ms) | @
---------------------------------------------------

// * Summary *

BenchmarkDotNet v0.15.8, Linux Ubuntu 24.04.4 LTS (Noble Numbat)
AMD EPYC 7763 2.45GHz, 1 CPU, 4 logical and 2 physical cores
.NET SDK 10.0.302
  [Host] : .NET 10.0.10 (10.0.10, 10.0.1026.32716), X64 RyuJIT x86-64-v3
  Quick  : .NET 10.0.10 (10.0.10, 10.0.1026.32716), X64 RyuJIT x86-64-v3

Job=Quick  MaxRelativeError=0.05  Arguments=/p:MatrixMode=Benchmark  
IterationTime=250ms  MaxIterationCount=12  MaxWarmupIterationCount=5  
MinIterationCount=8  MinWarmupIterationCount=3  

| Method     | Mean     | Error    | StdDev   | Gen0    | Allocated  |
|----------- |---------:|---------:|---------:|--------:|-----------:|
| AutoMapper | 13.28 ms | 0.343 ms | 0.179 ms |       - |  623.13 KB |
| Mapster    | 24.63 ms | 0.993 ms | 0.519 ms | 90.9091 | 2661.24 KB |

// * Legends *
  Mean      : Arithmetic mean of all measurements
  Error     : Half of 99.9% confidence interval
  StdDev    : Standard deviation of all measurements
  Gen0      : GC Generation 0 collects per 1000 operations
  Allocated : Allocated memory per single operation (managed only, inclusive, 1KB = 1024B)
  1 ms      : 1 Millisecond (0.001 sec)

// * Diagnostic Output - MemoryDiagnoser *


// ***** BenchmarkRunner: End *****
Run time: 00:00:08 (8.79 sec), executed benchmarks: 2

// Found 4 benchmarks:
//   SimpleObject.AutoMapper: Quick(MaxRelativeError=0.05, Arguments=/p:MatrixMode=Benchmark, IterationTime=250ms, MaxIterationCount=12, MaxWarmupIterationCount=5, MinIterationCount=8, MinWarmupIterationCount=3)
//   SimpleObject.HandCoded: Quick(MaxRelativeError=0.05, Arguments=/p:MatrixMode=Benchmark, IterationTime=250ms, MaxIterationCount=12, MaxWarmupIterationCount=5, MinIterationCount=8, MinWarmupIterationCount=3)
//   SimpleObject.Mapperly: Quick(MaxRelativeError=0.05, Arguments=/p:MatrixMode=Benchmark, IterationTime=250ms, MaxIterationCount=12, MaxWarmupIterationCount=5, MinIterationCount=8, MinWarmupIterationCount=3)
//   SimpleObject.Mapster: Quick(MaxRelativeError=0.05, Arguments=/p:MatrixMode=Benchmark, IterationTime=250ms, MaxIterationCount=12, MaxWarmupIterationCount=5, MinIterationCount=8, MinWarmupIterationCount=3)

// **************************
// Benchmark: SimpleObject.AutoMapper: Quick(MaxRelativeError=0.05, Arguments=/p:MatrixMode=Benchmark, IterationTime=250ms, MaxIterationCount=12, MaxWarmupIterationCount=5, MinIterationCount=8, MinWarmupIterationCount=3)
// *** Execute ***
// Launch: 1 / 1
// Execute: dotnet Matrix.ObjectMapping-Quick-1.dll --anonymousPipes 129 130 --benchmarkName Matrix.ObjectMapping.Benchmarks.SimpleObject.AutoMapper --job Quick --benchmarkId 34 in /home/runner/work/dotnet-matrix/dotnet-matrix/src/Matrix.ObjectMapping/bin/Benchmark/Release/net10.0/Matrix.ObjectMapping-Quick-1/bin/Release/net10.0
// Failed to set up high priority (Permission denied). In order to run benchmarks with high priority, make sure you have the right permissions.
// BeforeAnythingElse

// Benchmark Process Environment Information:
// BenchmarkDotNet v0.15.8
// Runtime=.NET 10.0.10 (10.0.10, 10.0.1026.32716), X64 RyuJIT x86-64-v3
// GC=Concurrent Workstation
// HardwareIntrinsics=AVX2+BMI1+BMI2+F16C+FMA+LZCNT+MOVBE,AVX,SSE3+SSSE3+SSE4.1+SSE4.2+POPCNT,X86Base+SSE+SSE2,AES+PCLMUL VectorSize=256
// Job: Quick(MaxRelativeError=0.05, IterationTime=250ms, MaxIterationCount=12, MaxWarmupIterationCount=5, MinIterationCount=8, MinWarmupIterationCount=3)

OverheadJitting  1: 1 op, 276700.00 ns, 276.7000 us/op
WorkloadJitting  1: 1 op, 1710434.00 ns, 1.7104 ms/op

OverheadJitting  2: 16 op, 471385.00 ns, 29.4616 us/op
WorkloadJitting  2: 16 op, 846841.00 ns, 52.9276 us/op

WorkloadPilot    1: 16 op, 11130.00 ns, 695.6250 ns/op
WorkloadPilot    2: 359392 op, 123090395.00 ns, 342.4962 ns/op
WorkloadPilot    3: 729936 op, 97670345.00 ns, 133.8067 ns/op
WorkloadPilot    4: 1868368 op, 150299305.00 ns, 80.4442 ns/op
WorkloadPilot    5: 3107760 op, 241894616.00 ns, 77.8357 ns/op
WorkloadPilot    6: 3211904 op, 252041019.00 ns, 78.4709 ns/op
WorkloadPilot    7: 3185904 op, 248434523.00 ns, 77.9793 ns/op
WorkloadPilot    8: 3205984 op, 251381441.00 ns, 78.4101 ns/op
WorkloadPilot    9: 3188368 op, 248682480.00 ns, 77.9968 ns/op
WorkloadPilot   10: 3205264 op, 250130110.00 ns, 78.0373 ns/op

OverheadWarmup   1: 3205264 op, 12491238.00 ns, 3.8971 ns/op
OverheadWarmup   2: 3205264 op, 12486800.00 ns, 3.8957 ns/op
OverheadWarmup   3: 3205264 op, 12480638.00 ns, 3.8938 ns/op
OverheadWarmup   4: 3205264 op, 12465901.00 ns, 3.8892 ns/op
OverheadWarmup   5: 3205264 op, 12464960.00 ns, 3.8889 ns/op
OverheadWarmup   6: 3205264 op, 12464158.00 ns, 3.8887 ns/op
OverheadWarmup   7: 3205264 op, 12460091.00 ns, 3.8874 ns/op
OverheadWarmup   8: 3205264 op, 12494544.00 ns, 3.8981 ns/op
OverheadWarmup   9: 3205264 op, 12450783.00 ns, 3.8845 ns/op
OverheadWarmup  10: 3205264 op, 12544008.00 ns, 3.9136 ns/op

OverheadActual   1: 3205264 op, 12479126.00 ns, 3.8933 ns/op
OverheadActual   2: 3205264 op, 12488183.00 ns, 3.8961 ns/op
OverheadActual   3: 3205264 op, 12547445.00 ns, 3.9146 ns/op
OverheadActual   4: 3205264 op, 12493443.00 ns, 3.8978 ns/op
OverheadActual   5: 3205264 op, 12543486.00 ns, 3.9134 ns/op
OverheadActual   6: 3205264 op, 12463196.00 ns, 3.8884 ns/op
OverheadActual   7: 3205264 op, 12471132.00 ns, 3.8908 ns/op
OverheadActual   8: 3205264 op, 12455171.00 ns, 3.8858 ns/op

WorkloadWarmup   1: 3205264 op, 259762066.00 ns, 81.0423 ns/op
WorkloadWarmup   2: 3205264 op, 254434306.00 ns, 79.3801 ns/op
WorkloadWarmup   3: 3205264 op, 249673261.00 ns, 77.8948 ns/op
WorkloadWarmup   4: 3205264 op, 251111484.00 ns, 78.3435 ns/op
WorkloadWarmup   5: 3205264 op, 251561789.00 ns, 78.4840 ns/op

// BeforeActualRun
WorkloadActual   1: 3205264 op, 252021804.00 ns, 78.6275 ns/op
WorkloadActual   2: 3205264 op, 250058394.00 ns, 78.0149 ns/op
WorkloadActual   3: 3205264 op, 251183218.00 ns, 78.3658 ns/op
WorkloadActual   4: 3205264 op, 250611604.00 ns, 78.1875 ns/op
WorkloadActual   5: 3205264 op, 250618838.00 ns, 78.1898 ns/op
WorkloadActual   6: 3205264 op, 251621011.00 ns, 78.5024 ns/op
WorkloadActual   7: 3205264 op, 249525453.00 ns, 77.8486 ns/op
WorkloadActual   8: 3205264 op, 250096506.00 ns, 78.0268 ns/op

// AfterActualRun
WorkloadResult   1: 3205264 op, 239538149.50 ns, 74.7327 ns/op
WorkloadResult   2: 3205264 op, 237574739.50 ns, 74.1202 ns/op
WorkloadResult   3: 3205264 op, 238699563.50 ns, 74.4711 ns/op
WorkloadResult   4: 3205264 op, 238127949.50 ns, 74.2928 ns/op
WorkloadResult   5: 3205264 op, 238135183.50 ns, 74.2950 ns/op
WorkloadResult   6: 3205264 op, 239137356.50 ns, 74.6077 ns/op
WorkloadResult   7: 3205264 op, 237041798.50 ns, 73.9539 ns/op
WorkloadResult   8: 3205264 op, 237612851.50 ns, 74.1321 ns/op
// GC:  10 0 0 179494784 3205264
// Threading:  0 0 3205264

// AfterAll
// Benchmark Process 4333 has exited with code 0.

Mean = 74.326 ns, StdErr = 0.093 ns (0.13%), N = 8, StdDev = 0.264 ns
Min = 73.954 ns, Q1 = 74.129 ns, Median = 74.294 ns, Q3 = 74.505 ns, Max = 74.733 ns
IQR = 0.376 ns, LowerFence = 73.565 ns, UpperFence = 75.069 ns
ConfidenceInterval = [73.822 ns; 74.830 ns] (CI 99.9%), Margin = 0.504 ns (0.68% of Mean)
Skewness = 0.17, Kurtosis = 1.46, MValue = 2

// ** Remained 3 (7.9 %) benchmark(s) to run. Estimated finish 2026-08-02 8:20 (0h 0m from now) **
// **************************
// Benchmark: SimpleObject.HandCoded: Quick(MaxRelativeError=0.05, Arguments=/p:MatrixMode=Benchmark, IterationTime=250ms, MaxIterationCount=12, MaxWarmupIterationCount=5, MinIterationCount=8, MinWarmupIterationCount=3)
// *** Execute ***
// Launch: 1 / 1
// Execute: dotnet Matrix.ObjectMapping-Quick-1.dll --anonymousPipes 129 130 --benchmarkName Matrix.ObjectMapping.Benchmarks.SimpleObject.HandCoded --job Quick --benchmarkId 35 in /home/runner/work/dotnet-matrix/dotnet-matrix/src/Matrix.ObjectMapping/bin/Benchmark/Release/net10.0/Matrix.ObjectMapping-Quick-1/bin/Release/net10.0
// Failed to set up high priority (Permission denied). In order to run benchmarks with high priority, make sure you have the right permissions.
// BeforeAnythingElse

// Benchmark Process Environment Information:
// BenchmarkDotNet v0.15.8
// Runtime=.NET 10.0.10 (10.0.10, 10.0.1026.32716), X64 RyuJIT x86-64-v3
// GC=Concurrent Workstation
// HardwareIntrinsics=AVX2+BMI1+BMI2+F16C+FMA+LZCNT+MOVBE,AVX,SSE3+SSSE3+SSE4.1+SSE4.2+POPCNT,X86Base+SSE+SSE2,AES+PCLMUL VectorSize=256
// Job: Quick(MaxRelativeError=0.05, IterationTime=250ms, MaxIterationCount=12, MaxWarmupIterationCount=5, MinIterationCount=8, MinWarmupIterationCount=3)

OverheadJitting  1: 1 op, 253697.00 ns, 253.6970 us/op
WorkloadJitting  1: 1 op, 510610.00 ns, 510.6100 us/op

OverheadJitting  2: 16 op, 485533.00 ns, 30.3458 us/op
WorkloadJitting  2: 16 op, 479761.00 ns, 29.9851 us/op

WorkloadPilot    1: 16 op, 3767.00 ns, 235.4375 ns/op
WorkloadPilot    2: 1061856 op, 47236028.00 ns, 44.4844 ns/op
WorkloadPilot    3: 5619952 op, 169454385.00 ns, 30.1523 ns/op
WorkloadPilot    4: 8291248 op, 111458591.00 ns, 13.4429 ns/op
WorkloadPilot    5: 18597152 op, 247677572.00 ns, 13.3180 ns/op
WorkloadPilot    6: 18771536 op, 248621104.00 ns, 13.2446 ns/op
WorkloadPilot    7: 18875648 op, 244499671.00 ns, 12.9532 ns/op
WorkloadPilot    8: 19300288 op, 253954325.00 ns, 13.1581 ns/op
WorkloadPilot    9: 18999776 op, 248162343.00 ns, 13.0613 ns/op
WorkloadPilot   10: 19140480 op, 246089198.00 ns, 12.8570 ns/op
WorkloadPilot   11: 19444672 op, 250948608.00 ns, 12.9058 ns/op
WorkloadPilot   12: 19371184 op, 252783986.00 ns, 13.0495 ns/op

OverheadWarmup   1: 19371184 op, 81528718.00 ns, 4.2088 ns/op
OverheadWarmup   2: 19371184 op, 81422258.00 ns, 4.2033 ns/op
OverheadWarmup   3: 19371184 op, 84698373.00 ns, 4.3724 ns/op
OverheadWarmup   4: 19371184 op, 63374450.00 ns, 3.2716 ns/op
OverheadWarmup   5: 19371184 op, 63383225.00 ns, 3.2720 ns/op
OverheadWarmup   6: 19371184 op, 63614651.00 ns, 3.2840 ns/op
OverheadWarmup   7: 19371184 op, 63448097.00 ns, 3.2754 ns/op

OverheadActual   1: 19371184 op, 63412942.00 ns, 3.2736 ns/op
OverheadActual   2: 19371184 op, 63351957.00 ns, 3.2704 ns/op
OverheadActual   3: 19371184 op, 63804177.00 ns, 3.2938 ns/op
OverheadActual   4: 19371184 op, 63430274.00 ns, 3.2745 ns/op
OverheadActual   5: 19371184 op, 63355584.00 ns, 3.2706 ns/op
OverheadActual   6: 19371184 op, 63420286.00 ns, 3.2739 ns/op
OverheadActual   7: 19371184 op, 63431597.00 ns, 3.2745 ns/op
OverheadActual   8: 19371184 op, 63857958.00 ns, 3.2965 ns/op

WorkloadWarmup   1: 19371184 op, 255994462.00 ns, 13.2152 ns/op
WorkloadWarmup   2: 19371184 op, 256029714.00 ns, 13.2170 ns/op
WorkloadWarmup   3: 19371184 op, 256286637.00 ns, 13.2303 ns/op
WorkloadWarmup   4: 19371184 op, 254855047.00 ns, 13.1564 ns/op
WorkloadWarmup   5: 19371184 op, 250043938.00 ns, 12.9080 ns/op

// BeforeActualRun
WorkloadActual   1: 19371184 op, 256870544.00 ns, 13.2604 ns/op
WorkloadActual   2: 19371184 op, 254288202.00 ns, 13.1271 ns/op
WorkloadActual   3: 19371184 op, 252988310.00 ns, 13.0600 ns/op
WorkloadActual   4: 19371184 op, 253282733.00 ns, 13.0752 ns/op
WorkloadActual   5: 19371184 op, 253511653.00 ns, 13.0870 ns/op
WorkloadActual   6: 19371184 op, 253291249.00 ns, 13.0757 ns/op
WorkloadActual   7: 19371184 op, 257598793.00 ns, 13.2980 ns/op
WorkloadActual   8: 19371184 op, 252023848.00 ns, 13.0102 ns/op

// AfterActualRun
WorkloadResult   1: 19371184 op, 193445264.00 ns, 9.9862 ns/op
WorkloadResult   2: 19371184 op, 190862922.00 ns, 9.8529 ns/op
WorkloadResult   3: 19371184 op, 189563030.00 ns, 9.7858 ns/op
WorkloadResult   4: 19371184 op, 189857453.00 ns, 9.8010 ns/op
WorkloadResult   5: 19371184 op, 190086373.00 ns, 9.8128 ns/op
WorkloadResult   6: 19371184 op, 189865969.00 ns, 9.8015 ns/op
WorkloadResult   7: 19371184 op, 188598568.00 ns, 9.7360 ns/op
// GC:  64 0 0 1084786304 19371184
// Threading:  0 0 19371184

// AfterAll
// Benchmark Process 4347 has exited with code 0.

Mean = 9.825 ns, StdErr = 0.030 ns (0.30%), N = 7, StdDev = 0.079 ns
Min = 9.736 ns, Q1 = 9.793 ns, Median = 9.801 ns, Q3 = 9.833 ns, Max = 9.986 ns
IQR = 0.039 ns, LowerFence = 9.734 ns, UpperFence = 9.892 ns
ConfidenceInterval = [9.647 ns; 10.003 ns] (CI 99.9%), Margin = 0.178 ns (1.81% of Mean)
Skewness = 0.98, Kurtosis = 2.7, MValue = 2

// ** Remained 2 (5.3 %) benchmark(s) to run. Estimated finish 2026-08-02 8:20 (0h 0m from now) **
// **************************
// Benchmark: SimpleObject.Mapperly: Quick(MaxRelativeError=0.05, Arguments=/p:MatrixMode=Benchmark, IterationTime=250ms, MaxIterationCount=12, MaxWarmupIterationCount=5, MinIterationCount=8, MinWarmupIterationCount=3)
// *** Execute ***
// Launch: 1 / 1
// Execute: dotnet Matrix.ObjectMapping-Quick-1.dll --anonymousPipes 129 130 --benchmarkName Matrix.ObjectMapping.Benchmarks.SimpleObject.Mapperly --job Quick --benchmarkId 36 in /home/runner/work/dotnet-matrix/dotnet-matrix/src/Matrix.ObjectMapping/bin/Benchmark/Release/net10.0/Matrix.ObjectMapping-Quick-1/bin/Release/net10.0
// Failed to set up high priority (Permission denied). In order to run benchmarks with high priority, make sure you have the right permissions.
// BeforeAnythingElse

// Benchmark Process Environment Information:
// BenchmarkDotNet v0.15.8
// Runtime=.NET 10.0.10 (10.0.10, 10.0.1026.32716), X64 RyuJIT x86-64-v3
// GC=Concurrent Workstation
// HardwareIntrinsics=AVX2+BMI1+BMI2+F16C+FMA+LZCNT+MOVBE,AVX,SSE3+SSSE3+SSE4.1+SSE4.2+POPCNT,X86Base+SSE+SSE2,AES+PCLMUL VectorSize=256
// Job: Quick(MaxRelativeError=0.05, IterationTime=250ms, MaxIterationCount=12, MaxWarmupIterationCount=5, MinIterationCount=8, MinWarmupIterationCount=3)

OverheadJitting  1: 1 op, 227277.00 ns, 227.2770 us/op
WorkloadJitting  1: 1 op, 461357.00 ns, 461.3570 us/op

OverheadJitting  2: 16 op, 498247.00 ns, 31.1404 us/op
WorkloadJitting  2: 16 op, 462418.00 ns, 28.9011 us/op

WorkloadPilot    1: 16 op, 8897.00 ns, 556.0625 ns/op
WorkloadPilot    2: 449600 op, 24497146.00 ns, 54.4865 ns/op
WorkloadPilot    3: 4588304 op, 166904217.00 ns, 36.3760 ns/op
WorkloadPilot    4: 6872672 op, 90624798.00 ns, 13.1863 ns/op
WorkloadPilot    5: 18959152 op, 247972195.00 ns, 13.0793 ns/op
WorkloadPilot    6: 19114192 op, 246171673.00 ns, 12.8790 ns/op
WorkloadPilot    7: 19411456 op, 249696685.00 ns, 12.8634 ns/op
WorkloadPilot    8: 19435040 op, 254053471.00 ns, 13.0719 ns/op
WorkloadPilot    9: 19124960 op, 251007258.00 ns, 13.1246 ns/op
WorkloadPilot   10: 19048224 op, 246607561.00 ns, 12.9465 ns/op
WorkloadPilot   11: 19310272 op, 245940174.00 ns, 12.7362 ns/op
WorkloadPilot   12: 19629040 op, 254025793.00 ns, 12.9413 ns/op

OverheadWarmup   1: 19629040 op, 82646408.00 ns, 4.2104 ns/op
OverheadWarmup   2: 19629040 op, 82522144.00 ns, 4.2041 ns/op
OverheadWarmup   3: 19629040 op, 86027690.00 ns, 4.3827 ns/op
OverheadWarmup   4: 19629040 op, 64326567.00 ns, 3.2771 ns/op
OverheadWarmup   5: 19629040 op, 64176255.00 ns, 3.2695 ns/op
OverheadWarmup   6: 19629040 op, 64337407.00 ns, 3.2777 ns/op
OverheadWarmup   7: 19629040 op, 64325386.00 ns, 3.2771 ns/op

OverheadActual   1: 19629040 op, 64162659.00 ns, 3.2688 ns/op
OverheadActual   2: 19629040 op, 64267637.00 ns, 3.2741 ns/op
OverheadActual   3: 19629040 op, 64148293.00 ns, 3.2680 ns/op
OverheadActual   4: 19629040 op, 64239344.00 ns, 3.2727 ns/op
OverheadActual   5: 19629040 op, 64347177.00 ns, 3.2782 ns/op
OverheadActual   6: 19629040 op, 64134527.00 ns, 3.2673 ns/op
OverheadActual   7: 19629040 op, 64856082.00 ns, 3.3041 ns/op
OverheadActual   8: 19629040 op, 64275672.00 ns, 3.2745 ns/op

WorkloadWarmup   1: 19629040 op, 261868321.00 ns, 13.3409 ns/op
WorkloadWarmup   2: 19629040 op, 251569651.00 ns, 12.8162 ns/op
WorkloadWarmup   3: 19629040 op, 251607763.00 ns, 12.8181 ns/op
WorkloadWarmup   4: 19629040 op, 253039964.00 ns, 12.8911 ns/op
WorkloadWarmup   5: 19629040 op, 254959711.00 ns, 12.9889 ns/op

// BeforeActualRun
WorkloadActual   1: 19629040 op, 259292827.00 ns, 13.2097 ns/op
WorkloadActual   2: 19629040 op, 258490996.00 ns, 13.1688 ns/op
WorkloadActual   3: 19629040 op, 261464022.00 ns, 13.3203 ns/op
WorkloadActual   4: 19629040 op, 256293317.00 ns, 13.0568 ns/op
WorkloadActual   5: 19629040 op, 257209998.00 ns, 13.1035 ns/op
WorkloadActual   6: 19629040 op, 259688375.00 ns, 13.2298 ns/op
WorkloadActual   7: 19629040 op, 258103948.00 ns, 13.1491 ns/op
WorkloadActual   8: 19629040 op, 253062537.00 ns, 12.8923 ns/op

// AfterActualRun
WorkloadResult   1: 19629040 op, 195039336.50 ns, 9.9363 ns/op
WorkloadResult   2: 19629040 op, 194237505.50 ns, 9.8954 ns/op
WorkloadResult   3: 19629040 op, 197210531.50 ns, 10.0469 ns/op
WorkloadResult   4: 19629040 op, 192039826.50 ns, 9.7835 ns/op
WorkloadResult   5: 19629040 op, 192956507.50 ns, 9.8302 ns/op
WorkloadResult   6: 19629040 op, 195434884.50 ns, 9.9564 ns/op
WorkloadResult   7: 19629040 op, 193850457.50 ns, 9.8757 ns/op
WorkloadResult   8: 19629040 op, 188809046.50 ns, 9.6189 ns/op
// GC:  65 0 0 1099226240 19629040
// Threading:  0 0 19629040

// AfterAll
// Benchmark Process 4356 has exited with code 0.

Mean = 9.868 ns, StdErr = 0.046 ns (0.46%), N = 8, StdDev = 0.129 ns
Min = 9.619 ns, Q1 = 9.818 ns, Median = 9.886 ns, Q3 = 9.941 ns, Max = 10.047 ns
IQR = 0.123 ns, LowerFence = 9.634 ns, UpperFence = 10.126 ns
ConfidenceInterval = [9.622 ns; 10.114 ns] (CI 99.9%), Margin = 0.246 ns (2.49% of Mean)
Skewness = -0.55, Kurtosis = 2.28, MValue = 2

// ** Remained 1 (2.6 %) benchmark(s) to run. Estimated finish 2026-08-02 8:20 (0h 0m from now) **
// **************************
// Benchmark: SimpleObject.Mapster: Quick(MaxRelativeError=0.05, Arguments=/p:MatrixMode=Benchmark, IterationTime=250ms, MaxIterationCount=12, MaxWarmupIterationCount=5, MinIterationCount=8, MinWarmupIterationCount=3)
// *** Execute ***
// Launch: 1 / 1
// Execute: dotnet Matrix.ObjectMapping-Quick-1.dll --anonymousPipes 129 130 --benchmarkName Matrix.ObjectMapping.Benchmarks.SimpleObject.Mapster --job Quick --benchmarkId 37 in /home/runner/work/dotnet-matrix/dotnet-matrix/src/Matrix.ObjectMapping/bin/Benchmark/Release/net10.0/Matrix.ObjectMapping-Quick-1/bin/Release/net10.0
// Failed to set up high priority (Permission denied). In order to run benchmarks with high priority, make sure you have the right permissions.
// BeforeAnythingElse

// Benchmark Process Environment Information:
// BenchmarkDotNet v0.15.8
// Runtime=.NET 10.0.10 (10.0.10, 10.0.1026.32716), X64 RyuJIT x86-64-v3
// GC=Concurrent Workstation
// HardwareIntrinsics=AVX2+BMI1+BMI2+F16C+FMA+LZCNT+MOVBE,AVX,SSE3+SSSE3+SSE4.1+SSE4.2+POPCNT,X86Base+SSE+SSE2,AES+PCLMUL VectorSize=256
// Job: Quick(MaxRelativeError=0.05, IterationTime=250ms, MaxIterationCount=12, MaxWarmupIterationCount=5, MinIterationCount=8, MinWarmupIterationCount=3)

OverheadJitting  1: 1 op, 227408.00 ns, 227.4080 us/op
WorkloadJitting  1: 1 op, 2990097.00 ns, 2.9901 ms/op

OverheadJitting  2: 16 op, 510119.00 ns, 31.8824 us/op
WorkloadJitting  2: 16 op, 505550.00 ns, 31.5969 us/op

WorkloadPilot    1: 16 op, 5751.00 ns, 359.4375 ns/op
WorkloadPilot    2: 695536 op, 94639701.00 ns, 136.0673 ns/op
WorkloadPilot    3: 1837328 op, 100069001.00 ns, 54.4644 ns/op
WorkloadPilot    4: 4590160 op, 123058424.00 ns, 26.8092 ns/op
WorkloadPilot    5: 9325168 op, 250200198.00 ns, 26.8306 ns/op
WorkloadPilot    6: 9317712 op, 252483819.00 ns, 27.0972 ns/op
WorkloadPilot    7: 9226064 op, 250231998.00 ns, 27.1223 ns/op

OverheadWarmup   1: 9226064 op, 36303978.00 ns, 3.9349 ns/op
OverheadWarmup   2: 9226064 op, 36391442.00 ns, 3.9444 ns/op
OverheadWarmup   3: 9226064 op, 36332232.00 ns, 3.9380 ns/op
OverheadWarmup   4: 9226064 op, 36241941.00 ns, 3.9282 ns/op
OverheadWarmup   5: 9226064 op, 36305712.00 ns, 3.9351 ns/op
OverheadWarmup   6: 9226064 op, 36345005.00 ns, 3.9394 ns/op
OverheadWarmup   7: 9226064 op, 36305701.00 ns, 3.9351 ns/op

OverheadActual   1: 9226064 op, 36372426.00 ns, 3.9424 ns/op
OverheadActual   2: 9226064 op, 36297636.00 ns, 3.9342 ns/op
OverheadActual   3: 9226064 op, 36339685.00 ns, 3.9388 ns/op
OverheadActual   4: 9226064 op, 36372026.00 ns, 3.9423 ns/op
OverheadActual   5: 9226064 op, 36308938.00 ns, 3.9355 ns/op
OverheadActual   6: 9226064 op, 36234548.00 ns, 3.9274 ns/op
OverheadActual   7: 9226064 op, 36230861.00 ns, 3.9270 ns/op
OverheadActual   8: 9226064 op, 36243945.00 ns, 3.9284 ns/op

WorkloadWarmup   1: 9226064 op, 262512611.00 ns, 28.4534 ns/op
WorkloadWarmup   2: 9226064 op, 250363966.00 ns, 27.1366 ns/op
WorkloadWarmup   3: 9226064 op, 246149328.00 ns, 26.6798 ns/op
WorkloadWarmup   4: 9226064 op, 248279901.00 ns, 26.9107 ns/op
WorkloadWarmup   5: 9226064 op, 246501479.00 ns, 26.7179 ns/op

// BeforeActualRun
WorkloadActual   1: 9226064 op, 254593713.00 ns, 27.5951 ns/op
WorkloadActual   2: 9226064 op, 248001914.00 ns, 26.8806 ns/op
WorkloadActual   3: 9226064 op, 251972891.00 ns, 27.3110 ns/op
WorkloadActual   4: 9226064 op, 252671634.00 ns, 27.3867 ns/op
WorkloadActual   5: 9226064 op, 252862853.00 ns, 27.4074 ns/op
WorkloadActual   6: 9226064 op, 252057170.00 ns, 27.3201 ns/op
WorkloadActual   7: 9226064 op, 250500956.00 ns, 27.1514 ns/op
WorkloadActual   8: 9226064 op, 251645066.00 ns, 27.2755 ns/op

// AfterActualRun
WorkloadResult   1: 9226064 op, 218290426.00 ns, 23.6602 ns/op
WorkloadResult   2: 9226064 op, 211698627.00 ns, 22.9457 ns/op
WorkloadResult   3: 9226064 op, 215669604.00 ns, 23.3761 ns/op
WorkloadResult   4: 9226064 op, 216368347.00 ns, 23.4519 ns/op
WorkloadResult   5: 9226064 op, 216559566.00 ns, 23.4726 ns/op
WorkloadResult   6: 9226064 op, 215753883.00 ns, 23.3853 ns/op
WorkloadResult   7: 9226064 op, 214197669.00 ns, 23.2166 ns/op
WorkloadResult   8: 9226064 op, 215341779.00 ns, 23.3406 ns/op
// GC:  30 0 0 516659584 9226064
// Threading:  0 0 9226064

// AfterAll
// Benchmark Process 4368 has exited with code 0.

Mean = 23.356 ns, StdErr = 0.074 ns (0.32%), N = 8, StdDev = 0.209 ns
Min = 22.946 ns, Q1 = 23.310 ns, Median = 23.381 ns, Q3 = 23.457 ns, Max = 23.660 ns
IQR = 0.147 ns, LowerFence = 23.088 ns, UpperFence = 23.678 ns
ConfidenceInterval = [22.957 ns; 23.755 ns] (CI 99.9%), Margin = 0.399 ns (1.71% of Mean)
Skewness = -0.57, Kurtosis = 2.48, MValue = 2

// ** Remained 0 (0.0 %) benchmark(s) to run. Estimated finish 2026-08-02 8:20 (0h 0m from now) **
// ***** BenchmarkRunner: Finish  *****

// * Export *
  tmp/dotnet-matrix/ObjectMapping/4ff6a8fe23154753803edc028d76fae5/results/Matrix.ObjectMapping.Benchmarks.SimpleObject-report.csv
  tmp/dotnet-matrix/ObjectMapping/4ff6a8fe23154753803edc028d76fae5/results/Matrix.ObjectMapping.Benchmarks.SimpleObject-report-github.md
  tmp/dotnet-matrix/ObjectMapping/4ff6a8fe23154753803edc028d76fae5/results/Matrix.ObjectMapping.Benchmarks.SimpleObject-report.html
  tmp/dotnet-matrix/ObjectMapping/4ff6a8fe23154753803edc028d76fae5/results/Matrix.ObjectMapping.Benchmarks.SimpleObject-report-full.json

// * Detailed results *
SimpleObject.HandCoded: Quick(MaxRelativeError=0.05, Arguments=/p:MatrixMode=Benchmark, IterationTime=250ms, MaxIterationCount=12, MaxWarmupIterationCount=5, MinIterationCount=8, MinWarmupIterationCount=3)
Runtime = .NET 10.0.10 (10.0.10, 10.0.1026.32716), X64 RyuJIT x86-64-v3; GC = Concurrent Workstation
Mean = 9.825 ns, StdErr = 0.030 ns (0.30%), N = 7, StdDev = 0.079 ns
Min = 9.736 ns, Q1 = 9.793 ns, Median = 9.801 ns, Q3 = 9.833 ns, Max = 9.986 ns
IQR = 0.039 ns, LowerFence = 9.734 ns, UpperFence = 9.892 ns
ConfidenceInterval = [9.647 ns; 10.003 ns] (CI 99.9%), Margin = 0.178 ns (1.81% of Mean)
Skewness = 0.98, Kurtosis = 2.7, MValue = 2
-------------------- Histogram --------------------
[9.721 ns ; 10.040 ns) | @@@@@@@
---------------------------------------------------

SimpleObject.Mapperly: Quick(MaxRelativeError=0.05, Arguments=/p:MatrixMode=Benchmark, IterationTime=250ms, MaxIterationCount=12, MaxWarmupIterationCount=5, MinIterationCount=8, MinWarmupIterationCount=3)
Runtime = .NET 10.0.10 (10.0.10, 10.0.1026.32716), X64 RyuJIT x86-64-v3; GC = Concurrent Workstation
Mean = 9.868 ns, StdErr = 0.046 ns (0.46%), N = 8, StdDev = 0.129 ns
Min = 9.619 ns, Q1 = 9.818 ns, Median = 9.886 ns, Q3 = 9.941 ns, Max = 10.047 ns
IQR = 0.123 ns, LowerFence = 9.634 ns, UpperFence = 10.126 ns
ConfidenceInterval = [9.622 ns; 10.114 ns] (CI 99.9%), Margin = 0.246 ns (2.49% of Mean)
Skewness = -0.55, Kurtosis = 2.28, MValue = 2
-------------------- Histogram --------------------
[9.604 ns ; 10.131 ns) | @@@@@@@@
---------------------------------------------------

SimpleObject.Mapster: Quick(MaxRelativeError=0.05, Arguments=/p:MatrixMode=Benchmark, IterationTime=250ms, MaxIterationCount=12, MaxWarmupIterationCount=5, MinIterationCount=8, MinWarmupIterationCount=3)
Runtime = .NET 10.0.10 (10.0.10, 10.0.1026.32716), X64 RyuJIT x86-64-v3; GC = Concurrent Workstation
Mean = 23.356 ns, StdErr = 0.074 ns (0.32%), N = 8, StdDev = 0.209 ns
Min = 22.946 ns, Q1 = 23.310 ns, Median = 23.381 ns, Q3 = 23.457 ns, Max = 23.660 ns
IQR = 0.147 ns, LowerFence = 23.088 ns, UpperFence = 23.678 ns
ConfidenceInterval = [22.957 ns; 23.755 ns] (CI 99.9%), Margin = 0.399 ns (1.71% of Mean)
Skewness = -0.57, Kurtosis = 2.48, MValue = 2
-------------------- Histogram --------------------
[22.809 ns ; 23.797 ns) | @@@@@@@@
---------------------------------------------------

SimpleObject.AutoMapper: Quick(MaxRelativeError=0.05, Arguments=/p:MatrixMode=Benchmark, IterationTime=250ms, MaxIterationCount=12, MaxWarmupIterationCount=5, MinIterationCount=8, MinWarmupIterationCount=3)
Runtime = .NET 10.0.10 (10.0.10, 10.0.1026.32716), X64 RyuJIT x86-64-v3; GC = Concurrent Workstation
Mean = 74.326 ns, StdErr = 0.093 ns (0.13%), N = 8, StdDev = 0.264 ns
Min = 73.954 ns, Q1 = 74.129 ns, Median = 74.294 ns, Q3 = 74.505 ns, Max = 74.733 ns
IQR = 0.376 ns, LowerFence = 73.565 ns, UpperFence = 75.069 ns
ConfidenceInterval = [73.822 ns; 74.830 ns] (CI 99.9%), Margin = 0.504 ns (0.68% of Mean)
Skewness = 0.17, Kurtosis = 1.46, MValue = 2
-------------------- Histogram --------------------
[73.781 ns ; 74.906 ns) | @@@@@@@@
---------------------------------------------------

// * Summary *

BenchmarkDotNet v0.15.8, Linux Ubuntu 24.04.4 LTS (Noble Numbat)
AMD EPYC 7763 2.45GHz, 1 CPU, 4 logical and 2 physical cores
.NET SDK 10.0.302
  [Host] : .NET 10.0.10 (10.0.10, 10.0.1026.32716), X64 RyuJIT x86-64-v3
  Quick  : .NET 10.0.10 (10.0.10, 10.0.1026.32716), X64 RyuJIT x86-64-v3

Job=Quick  MaxRelativeError=0.05  Arguments=/p:MatrixMode=Benchmark  
IterationTime=250ms  MaxIterationCount=12  MaxWarmupIterationCount=5  
MinIterationCount=8  MinWarmupIterationCount=3  

| Method     | Mean      | Error     | StdDev    | Ratio | RatioSD | Gen0   | Allocated | Alloc Ratio |
|----------- |----------:|----------:|----------:|------:|--------:|-------:|----------:|------------:|
| HandCoded  |  9.825 ns | 0.1781 ns | 0.0791 ns |  1.00 |    0.01 | 0.0033 |      56 B |        1.00 |
| Mapperly   |  9.868 ns | 0.2461 ns | 0.1287 ns |  1.00 |    0.01 | 0.0033 |      56 B |        1.00 |
| Mapster    | 23.356 ns | 0.3988 ns | 0.2086 ns |  2.38 |    0.03 | 0.0033 |      56 B |        1.00 |
| AutoMapper | 74.326 ns | 0.5040 ns | 0.2636 ns |  7.57 |    0.06 | 0.0031 |      56 B |        1.00 |

// * Hints *
Outliers
  SimpleObject.HandCoded: Quick -> 1 outlier  was  removed (13.30 ns)
  SimpleObject.Mapperly: Quick  -> 1 outlier  was  detected (12.89 ns)
  SimpleObject.Mapster: Quick   -> 1 outlier  was  detected (26.88 ns)

// * Legends *
  Mean        : Arithmetic mean of all measurements
  Error       : Half of 99.9% confidence interval
  StdDev      : Standard deviation of all measurements
  Ratio       : Mean of the ratio distribution ([Current]/[Baseline])
  RatioSD     : Standard deviation of the ratio distribution ([Current]/[Baseline])
  Gen0        : GC Generation 0 collects per 1000 operations
  Allocated   : Allocated memory per single operation (managed only, inclusive, 1KB = 1024B)
  Alloc Ratio : Allocated memory ratio distribution ([Current]/[Baseline])
  1 ns        : 1 Nanosecond (0.000000001 sec)

// * Diagnostic Output - MemoryDiagnoser *


// ***** BenchmarkRunner: End *****
Run time: 00:00:25 (25.73 sec), executed benchmarks: 4

Global total time: 00:04:02 (242.36 sec), executed benchmarks: 38
// * Artifacts cleanup *
Artifacts cleanup is finished
