// Validating benchmarks:
// ***** BenchmarkRunner: Start   *****
// ***** Found 34 benchmark(s) in total *****
// ***** Building 1 exe(s) in Parallel: Start   *****
// start dotnet  restore /p:MatrixMode=Benchmark --nodeReuse:false /p:UseSharedCompilation=false /p:Deterministic=true /p:Optimize=true /p:ArtifactsPath="/home/runner/work/dotnet-matrix/dotnet-matrix/src/Matrix.Logging/bin/Benchmark/Release/net10.0/Matrix.Logging-Quick-1/" /p:OutDir="/home/runner/work/dotnet-matrix/dotnet-matrix/src/Matrix.Logging/bin/Benchmark/Release/net10.0/Matrix.Logging-Quick-1/bin/Release/net10.0/" /p:OutputPath="/home/runner/work/dotnet-matrix/dotnet-matrix/src/Matrix.Logging/bin/Benchmark/Release/net10.0/Matrix.Logging-Quick-1/bin/Release/net10.0/" /p:PublishDir="/home/runner/work/dotnet-matrix/dotnet-matrix/src/Matrix.Logging/bin/Benchmark/Release/net10.0/Matrix.Logging-Quick-1/publish/" in /home/runner/work/dotnet-matrix/dotnet-matrix/src/Matrix.Logging/bin/Benchmark/Release/net10.0/Matrix.Logging-Quick-1
// command took 1.62 sec and exited with 0
// start dotnet  build -c Release /p:MatrixMode=Benchmark --no-restore --nodeReuse:false /p:UseSharedCompilation=false /p:Deterministic=true /p:Optimize=true /p:ArtifactsPath="/home/runner/work/dotnet-matrix/dotnet-matrix/src/Matrix.Logging/bin/Benchmark/Release/net10.0/Matrix.Logging-Quick-1/" /p:OutDir="/home/runner/work/dotnet-matrix/dotnet-matrix/src/Matrix.Logging/bin/Benchmark/Release/net10.0/Matrix.Logging-Quick-1/bin/Release/net10.0/" /p:OutputPath="/home/runner/work/dotnet-matrix/dotnet-matrix/src/Matrix.Logging/bin/Benchmark/Release/net10.0/Matrix.Logging-Quick-1/bin/Release/net10.0/" /p:PublishDir="/home/runner/work/dotnet-matrix/dotnet-matrix/src/Matrix.Logging/bin/Benchmark/Release/net10.0/Matrix.Logging-Quick-1/publish/" --output "/home/runner/work/dotnet-matrix/dotnet-matrix/src/Matrix.Logging/bin/Benchmark/Release/net10.0/Matrix.Logging-Quick-1/bin/Release/net10.0/" in /home/runner/work/dotnet-matrix/dotnet-matrix/src/Matrix.Logging/bin/Benchmark/Release/net10.0/Matrix.Logging-Quick-1
// command took 11.17 sec and exited with 0
// ***** Done, took 00:00:12 (12.9 sec)   *****
// Found 4 benchmarks:
//   BufferedLogging.Log4Net: Quick(MaxRelativeError=0.05, Arguments=/p:MatrixMode=Benchmark, IterationTime=250ms, MaxIterationCount=12, MaxWarmupIterationCount=5, MinIterationCount=8, MinWarmupIterationCount=3)
//   BufferedLogging.NLog: Quick(MaxRelativeError=0.05, Arguments=/p:MatrixMode=Benchmark, IterationTime=250ms, MaxIterationCount=12, MaxWarmupIterationCount=5, MinIterationCount=8, MinWarmupIterationCount=3)
//   BufferedLogging.Serilog: Quick(MaxRelativeError=0.05, Arguments=/p:MatrixMode=Benchmark, IterationTime=250ms, MaxIterationCount=12, MaxWarmupIterationCount=5, MinIterationCount=8, MinWarmupIterationCount=3)
//   BufferedLogging.ZLogger: Quick(MaxRelativeError=0.05, Arguments=/p:MatrixMode=Benchmark, IterationTime=250ms, MaxIterationCount=12, MaxWarmupIterationCount=5, MinIterationCount=8, MinWarmupIterationCount=3)

// **************************
// Benchmark: BufferedLogging.Log4Net: Quick(MaxRelativeError=0.05, Arguments=/p:MatrixMode=Benchmark, IterationTime=250ms, MaxIterationCount=12, MaxWarmupIterationCount=5, MinIterationCount=8, MinWarmupIterationCount=3)
// *** Execute ***
// Launch: 1 / 1
// Execute: dotnet Matrix.Logging-Quick-1.dll --anonymousPipes 180 181 --benchmarkName Matrix.Logging.Benchmarks.BufferedLogging.Log4Net --job Quick --benchmarkId 0 in /home/runner/work/dotnet-matrix/dotnet-matrix/src/Matrix.Logging/bin/Benchmark/Release/net10.0/Matrix.Logging-Quick-1/bin/Release/net10.0
// Failed to set up high priority (Permission denied). In order to run benchmarks with high priority, make sure you have the right permissions.
// BeforeAnythingElse

// Benchmark Process Environment Information:
// BenchmarkDotNet v0.15.8
// Runtime=.NET 10.0.10 (10.0.10, 10.0.1026.32716), X64 RyuJIT x86-64-v3
// GC=Concurrent Workstation
// HardwareIntrinsics=AVX2+BMI1+BMI2+F16C+FMA+LZCNT+MOVBE,AVX,SSE3+SSSE3+SSE4.1+SSE4.2+POPCNT,X86Base+SSE+SSE2,AES+PCLMUL VectorSize=256
// Job: Quick(MaxRelativeError=0.05, IterationTime=250ms, MaxIterationCount=12, MaxWarmupIterationCount=5, MinIterationCount=8, MinWarmupIterationCount=3)

OverheadJitting  1: 1 op, 171752.00 ns, 171.7520 us/op
WorkloadJitting  1: 1 op, 9969009.00 ns, 9.9690 ms/op

OverheadJitting  2: 16 op, 272271.00 ns, 17.0169 us/op
WorkloadJitting  2: 16 op, 397857.00 ns, 24.8661 us/op

WorkloadPilot    1: 16 op, 66475.00 ns, 4.1547 us/op
WorkloadPilot    2: 60176 op, 152193691.00 ns, 2.5291 us/op
WorkloadPilot    3: 98848 op, 191648437.00 ns, 1.9388 us/op
WorkloadPilot    4: 128944 op, 94295783.00 ns, 731.2925 ns/op
WorkloadPilot    5: 341872 op, 219794137.00 ns, 642.9135 ns/op
WorkloadPilot    6: 388864 op, 255239214.00 ns, 656.3714 ns/op
WorkloadPilot    7: 380896 op, 243481426.00 ns, 639.2333 ns/op
WorkloadPilot    8: 391104 op, 248335070.00 ns, 634.9592 ns/op
WorkloadPilot    9: 393728 op, 256599950.00 ns, 651.7188 ns/op
WorkloadPilot   10: 383616 op, 214698819.00 ns, 559.6712 ns/op
WorkloadPilot   11: 446704 op, 264696483.00 ns, 592.5545 ns/op

OverheadWarmup   1: 446704 op, 1196607.00 ns, 2.6787 ns/op
OverheadWarmup   2: 446704 op, 1209342.00 ns, 2.7073 ns/op
OverheadWarmup   3: 446704 op, 1174395.00 ns, 2.6290 ns/op
OverheadWarmup   4: 446704 op, 1174636.00 ns, 2.6296 ns/op
OverheadWarmup   5: 446704 op, 1234688.00 ns, 2.7640 ns/op
OverheadWarmup   6: 446704 op, 1181058.00 ns, 2.6439 ns/op

OverheadActual   1: 446704 op, 1195004.00 ns, 2.6752 ns/op
OverheadActual   2: 446704 op, 1176188.00 ns, 2.6330 ns/op
OverheadActual   3: 446704 op, 1196687.00 ns, 2.6789 ns/op
OverheadActual   4: 446704 op, 1173223.00 ns, 2.6264 ns/op
OverheadActual   5: 446704 op, 1177692.00 ns, 2.6364 ns/op
OverheadActual   6: 446704 op, 1173714.00 ns, 2.6275 ns/op
OverheadActual   7: 446704 op, 1174716.00 ns, 2.6297 ns/op
OverheadActual   8: 446704 op, 1179175.00 ns, 2.6397 ns/op

WorkloadWarmup   1: 446704 op, 268564746.00 ns, 601.2141 ns/op
WorkloadWarmup   2: 446704 op, 285013392.00 ns, 638.0364 ns/op
WorkloadWarmup   3: 446704 op, 269680831.00 ns, 603.7126 ns/op
WorkloadWarmup   4: 446704 op, 260421574.00 ns, 582.9846 ns/op
WorkloadWarmup   5: 446704 op, 297269526.00 ns, 665.4732 ns/op

// BeforeActualRun
WorkloadActual   1: 446704 op, 261680238.00 ns, 585.8023 ns/op
WorkloadActual   2: 446704 op, 263445903.00 ns, 589.7550 ns/op
WorkloadActual   3: 446704 op, 289214681.00 ns, 647.4414 ns/op
WorkloadActual   4: 446704 op, 268895466.00 ns, 601.9545 ns/op
WorkloadActual   5: 446704 op, 258480089.00 ns, 578.6384 ns/op
WorkloadActual   6: 446704 op, 287641236.00 ns, 643.9191 ns/op
WorkloadActual   7: 446704 op, 266369794.00 ns, 596.3004 ns/op
WorkloadActual   8: 446704 op, 266684885.00 ns, 597.0058 ns/op
WorkloadActual   9: 446704 op, 291910844.00 ns, 653.4771 ns/op
WorkloadActual  10: 446704 op, 268502950.00 ns, 601.0758 ns/op
WorkloadActual  11: 446704 op, 265161065.00 ns, 593.5946 ns/op
WorkloadActual  12: 446704 op, 288031990.00 ns, 644.7938 ns/op

// AfterActualRun
WorkloadResult   1: 446704 op, 260503298.00 ns, 583.1676 ns/op
WorkloadResult   2: 446704 op, 262268963.00 ns, 587.1202 ns/op
WorkloadResult   3: 446704 op, 288037741.00 ns, 644.8067 ns/op
WorkloadResult   4: 446704 op, 267718526.00 ns, 599.3197 ns/op
WorkloadResult   5: 446704 op, 257303149.00 ns, 576.0037 ns/op
WorkloadResult   6: 446704 op, 286464296.00 ns, 641.2844 ns/op
WorkloadResult   7: 446704 op, 265192854.00 ns, 593.6657 ns/op
WorkloadResult   8: 446704 op, 265507945.00 ns, 594.3711 ns/op
WorkloadResult   9: 446704 op, 290733904.00 ns, 650.8424 ns/op
WorkloadResult  10: 446704 op, 267326010.00 ns, 598.4410 ns/op
WorkloadResult  11: 446704 op, 263984125.00 ns, 590.9598 ns/op
WorkloadResult  12: 446704 op, 286855050.00 ns, 642.1591 ns/op
// GC:  22 21 0 378889496 446704
// Threading:  0 0 446704

// AfterAll
// Benchmark Process 3325 has exited with code 0.

Mean = 608.512 ns, StdErr = 7.971 ns (1.31%), N = 12, StdDev = 27.612 ns
Min = 576.004 ns, Q1 = 590.000 ns, Median = 596.406 ns, Q3 = 641.503 ns, Max = 650.842 ns
IQR = 51.503 ns, LowerFence = 512.745 ns, UpperFence = 718.758 ns
ConfidenceInterval = [573.146 ns; 643.878 ns] (CI 99.9%), Margin = 35.366 ns (5.81% of Mean)
Skewness = 0.49, Kurtosis = 1.34, MValue = 3

// ** Remained 33 (97.1 %) benchmark(s) to run. Estimated finish 2026-08-02 8:21 (0h 4m from now) **
// **************************
// Benchmark: BufferedLogging.NLog: Quick(MaxRelativeError=0.05, Arguments=/p:MatrixMode=Benchmark, IterationTime=250ms, MaxIterationCount=12, MaxWarmupIterationCount=5, MinIterationCount=8, MinWarmupIterationCount=3)
// *** Execute ***
// Launch: 1 / 1
// Execute: dotnet Matrix.Logging-Quick-1.dll --anonymousPipes 180 181 --benchmarkName Matrix.Logging.Benchmarks.BufferedLogging.NLog --job Quick --benchmarkId 1 in /home/runner/work/dotnet-matrix/dotnet-matrix/src/Matrix.Logging/bin/Benchmark/Release/net10.0/Matrix.Logging-Quick-1/bin/Release/net10.0
// Failed to set up high priority (Permission denied). In order to run benchmarks with high priority, make sure you have the right permissions.
// BeforeAnythingElse

// Benchmark Process Environment Information:
// BenchmarkDotNet v0.15.8
// Runtime=.NET 10.0.10 (10.0.10, 10.0.1026.32716), X64 RyuJIT x86-64-v3
// GC=Concurrent Workstation
// HardwareIntrinsics=AVX2+BMI1+BMI2+F16C+FMA+LZCNT+MOVBE,AVX,SSE3+SSSE3+SSE4.1+SSE4.2+POPCNT,X86Base+SSE+SSE2,AES+PCLMUL VectorSize=256
// Job: Quick(MaxRelativeError=0.05, IterationTime=250ms, MaxIterationCount=12, MaxWarmupIterationCount=5, MinIterationCount=8, MinWarmupIterationCount=3)

OverheadJitting  1: 1 op, 215465.00 ns, 215.4650 us/op
WorkloadJitting  1: 1 op, 4533994.00 ns, 4.5340 ms/op

OverheadJitting  2: 16 op, 223700.00 ns, 13.9813 us/op
WorkloadJitting  2: 16 op, 252764.00 ns, 15.7978 us/op

WorkloadPilot    1: 16 op, 23044.00 ns, 1.4403 us/op
WorkloadPilot    2: 173584 op, 63594043.00 ns, 366.3589 ns/op
WorkloadPilot    3: 682400 op, 216043283.00 ns, 316.5933 ns/op
WorkloadPilot    4: 789664 op, 139050401.00 ns, 176.0881 ns/op
WorkloadPilot    5: 1419744 op, 251168415.00 ns, 176.9111 ns/op
WorkloadPilot    6: 1413152 op, 148420605.00 ns, 105.0281 ns/op
WorkloadPilot    7: 2380320 op, 236290352.00 ns, 99.2683 ns/op
WorkloadPilot    8: 2518432 op, 251958373.00 ns, 100.0457 ns/op
WorkloadPilot    9: 2498864 op, 240524444.00 ns, 96.2535 ns/op
WorkloadPilot   10: 2597312 op, 246812170.00 ns, 95.0260 ns/op
WorkloadPilot   11: 2630864 op, 251698745.00 ns, 95.6715 ns/op

OverheadWarmup   1: 2630864 op, 6793887.00 ns, 2.5824 ns/op
OverheadWarmup   2: 2630864 op, 6765975.00 ns, 2.5718 ns/op
OverheadWarmup   3: 2630864 op, 6776846.00 ns, 2.5759 ns/op
OverheadWarmup   4: 2630864 op, 6761156.00 ns, 2.5699 ns/op
OverheadWarmup   5: 2630864 op, 6794158.00 ns, 2.5825 ns/op
OverheadWarmup   6: 2630864 op, 6776013.00 ns, 2.5756 ns/op

OverheadActual   1: 2630864 op, 6791262.00 ns, 2.5814 ns/op
OverheadActual   2: 2630864 op, 6773289.00 ns, 2.5745 ns/op
OverheadActual   3: 2630864 op, 6796192.00 ns, 2.5833 ns/op
OverheadActual   4: 2630864 op, 6778919.00 ns, 2.5767 ns/op
OverheadActual   5: 2630864 op, 6781514.00 ns, 2.5777 ns/op
OverheadActual   6: 2630864 op, 6778118.00 ns, 2.5764 ns/op
OverheadActual   7: 2630864 op, 6781434.00 ns, 2.5776 ns/op
OverheadActual   8: 2630864 op, 6778408.00 ns, 2.5765 ns/op

WorkloadWarmup   1: 2630864 op, 273723943.00 ns, 104.0434 ns/op
WorkloadWarmup   2: 2630864 op, 264760399.00 ns, 100.6363 ns/op
WorkloadWarmup   3: 2630864 op, 260997914.00 ns, 99.2062 ns/op
WorkloadWarmup   4: 2630864 op, 263401488.00 ns, 100.1198 ns/op
WorkloadWarmup   5: 2630864 op, 262104843.00 ns, 99.6269 ns/op

// BeforeActualRun
WorkloadActual   1: 2630864 op, 263034519.00 ns, 99.9803 ns/op
WorkloadActual   2: 2630864 op, 242818818.00 ns, 92.2962 ns/op
WorkloadActual   3: 2630864 op, 262769904.00 ns, 99.8797 ns/op
WorkloadActual   4: 2630864 op, 262065710.00 ns, 99.6120 ns/op
WorkloadActual   5: 2630864 op, 266721266.00 ns, 101.3816 ns/op
WorkloadActual   6: 2630864 op, 262910711.00 ns, 99.9332 ns/op
WorkloadActual   7: 2630864 op, 264118293.00 ns, 100.3922 ns/op
WorkloadActual   8: 2630864 op, 240296800.00 ns, 91.3376 ns/op
WorkloadActual   9: 2630864 op, 239975368.00 ns, 91.2154 ns/op
WorkloadActual  10: 2630864 op, 259213443.00 ns, 98.5279 ns/op
WorkloadActual  11: 2630864 op, 259099650.00 ns, 98.4846 ns/op
WorkloadActual  12: 2630864 op, 263034299.00 ns, 99.9802 ns/op

// AfterActualRun
WorkloadResult   1: 2630864 op, 256254342.50 ns, 97.4031 ns/op
WorkloadResult   2: 2630864 op, 236038641.50 ns, 89.7191 ns/op
WorkloadResult   3: 2630864 op, 255989727.50 ns, 97.3025 ns/op
WorkloadResult   4: 2630864 op, 255285533.50 ns, 97.0349 ns/op
WorkloadResult   5: 2630864 op, 259941089.50 ns, 98.8045 ns/op
WorkloadResult   6: 2630864 op, 256130534.50 ns, 97.3561 ns/op
WorkloadResult   7: 2630864 op, 257338116.50 ns, 97.8151 ns/op
WorkloadResult   8: 2630864 op, 233516623.50 ns, 88.7604 ns/op
WorkloadResult   9: 2630864 op, 233195191.50 ns, 88.6383 ns/op
WorkloadResult  10: 2630864 op, 252433266.50 ns, 95.9507 ns/op
WorkloadResult  11: 2630864 op, 252319473.50 ns, 95.9075 ns/op
WorkloadResult  12: 2630864 op, 256254122.50 ns, 97.4030 ns/op
// GC:  18 11 0 315703680 2630864
// Threading:  1334 0 2630864

// AfterAll
// Benchmark Process 3338 has exited with code 0.

Mean = 95.175 ns, StdErr = 1.093 ns (1.15%), N = 12, StdDev = 3.785 ns
Min = 88.638 ns, Q1 = 94.360 ns, Median = 97.169 ns, Q3 = 97.403 ns, Max = 98.804 ns
IQR = 3.043 ns, LowerFence = 89.796 ns, UpperFence = 101.967 ns
ConfidenceInterval = [90.326 ns; 100.023 ns] (CI 99.9%), Margin = 4.848 ns (5.09% of Mean)
Skewness = -0.91, Kurtosis = 1.92, MValue = 2

// ** Remained 32 (94.1 %) benchmark(s) to run. Estimated finish 2026-08-02 8:20 (0h 3m from now) **
// **************************
// Benchmark: BufferedLogging.Serilog: Quick(MaxRelativeError=0.05, Arguments=/p:MatrixMode=Benchmark, IterationTime=250ms, MaxIterationCount=12, MaxWarmupIterationCount=5, MinIterationCount=8, MinWarmupIterationCount=3)
// *** Execute ***
// Launch: 1 / 1
// Execute: dotnet Matrix.Logging-Quick-1.dll --anonymousPipes 180 181 --benchmarkName Matrix.Logging.Benchmarks.BufferedLogging.Serilog --job Quick --benchmarkId 2 in /home/runner/work/dotnet-matrix/dotnet-matrix/src/Matrix.Logging/bin/Benchmark/Release/net10.0/Matrix.Logging-Quick-1/bin/Release/net10.0
// Failed to set up high priority (Permission denied). In order to run benchmarks with high priority, make sure you have the right permissions.
// BeforeAnythingElse

// Benchmark Process Environment Information:
// BenchmarkDotNet v0.15.8
// Runtime=.NET 10.0.10 (10.0.10, 10.0.1026.32716), X64 RyuJIT x86-64-v3
// GC=Concurrent Workstation
// HardwareIntrinsics=AVX2+BMI1+BMI2+F16C+FMA+LZCNT+MOVBE,AVX,SSE3+SSSE3+SSE4.1+SSE4.2+POPCNT,X86Base+SSE+SSE2,AES+PCLMUL VectorSize=256
// Job: Quick(MaxRelativeError=0.05, IterationTime=250ms, MaxIterationCount=12, MaxWarmupIterationCount=5, MinIterationCount=8, MinWarmupIterationCount=3)

OverheadJitting  1: 1 op, 191619.00 ns, 191.6190 us/op
WorkloadJitting  1: 1 op, 6340736.00 ns, 6.3407 ms/op

OverheadJitting  2: 16 op, 203341.00 ns, 12.7088 us/op
WorkloadJitting  2: 16 op, 340520.00 ns, 21.2825 us/op

WorkloadPilot    1: 16 op, 32351.00 ns, 2.0219 us/op
WorkloadPilot    2: 123648 op, 108946333.00 ns, 881.1006 ns/op
WorkloadPilot    3: 283744 op, 171604116.00 ns, 604.7850 ns/op
WorkloadPilot    4: 413376 op, 168484038.00 ns, 407.5806 ns/op
WorkloadPilot    5: 613376 op, 249240528.00 ns, 406.3422 ns/op
WorkloadPilot    6: 615248 op, 231966434.00 ns, 377.0292 ns/op
WorkloadPilot    7: 663088 op, 271920554.00 ns, 410.0822 ns/op
WorkloadPilot    8: 609648 op, 246419039.00 ns, 404.1989 ns/op
WorkloadPilot    9: 618512 op, 249230990.00 ns, 402.9526 ns/op
WorkloadPilot   10: 620432 op, 251356560.00 ns, 405.1315 ns/op
WorkloadPilot   11: 617088 op, 249796762.00 ns, 404.7993 ns/op
WorkloadPilot   12: 617600 op, 249483274.00 ns, 403.9561 ns/op
WorkloadPilot   13: 618880 op, 241173359.00 ns, 389.6933 ns/op
WorkloadPilot   14: 641536 op, 263722381.00 ns, 411.0796 ns/op

OverheadWarmup   1: 641536 op, 1690644.00 ns, 2.6353 ns/op
OverheadWarmup   2: 641536 op, 1709200.00 ns, 2.6642 ns/op
OverheadWarmup   3: 641536 op, 1661039.00 ns, 2.5892 ns/op
OverheadWarmup   4: 641536 op, 1663474.00 ns, 2.5930 ns/op
OverheadWarmup   5: 641536 op, 1651942.00 ns, 2.5750 ns/op

OverheadActual   1: 641536 op, 1673392.00 ns, 2.6084 ns/op
OverheadActual   2: 641536 op, 1679694.00 ns, 2.6182 ns/op
OverheadActual   3: 641536 op, 1680145.00 ns, 2.6189 ns/op
OverheadActual   4: 641536 op, 1719238.00 ns, 2.6799 ns/op
OverheadActual   5: 641536 op, 1660799.00 ns, 2.5888 ns/op
OverheadActual   6: 641536 op, 1677139.00 ns, 2.6143 ns/op
OverheadActual   7: 641536 op, 1661169.00 ns, 2.5894 ns/op
OverheadActual   8: 641536 op, 1667752.00 ns, 2.5996 ns/op

WorkloadWarmup   1: 641536 op, 275381951.00 ns, 429.2541 ns/op
WorkloadWarmup   2: 641536 op, 256423202.00 ns, 399.7020 ns/op
WorkloadWarmup   3: 641536 op, 258964723.00 ns, 403.6636 ns/op
WorkloadWarmup   4: 641536 op, 258123564.00 ns, 402.3524 ns/op
WorkloadWarmup   5: 641536 op, 258136509.00 ns, 402.3726 ns/op

// BeforeActualRun
WorkloadActual   1: 641536 op, 263599997.00 ns, 410.8889 ns/op
WorkloadActual   2: 641536 op, 259400512.00 ns, 404.3429 ns/op
WorkloadActual   3: 641536 op, 260830457.00 ns, 406.5718 ns/op
WorkloadActual   4: 641536 op, 258253709.00 ns, 402.5553 ns/op
WorkloadActual   5: 641536 op, 258230414.00 ns, 402.5190 ns/op
WorkloadActual   6: 641536 op, 258027954.00 ns, 402.2034 ns/op
WorkloadActual   7: 641536 op, 257481599.00 ns, 401.3518 ns/op
WorkloadActual   8: 641536 op, 257344121.00 ns, 401.1375 ns/op

// AfterActualRun
WorkloadResult   1: 641536 op, 257725246.50 ns, 401.7315 ns/op
WorkloadResult   2: 641536 op, 259155191.50 ns, 403.9605 ns/op
WorkloadResult   3: 641536 op, 256578443.50 ns, 399.9440 ns/op
WorkloadResult   4: 641536 op, 256555148.50 ns, 399.9076 ns/op
WorkloadResult   5: 641536 op, 256352688.50 ns, 399.5921 ns/op
WorkloadResult   6: 641536 op, 255806333.50 ns, 398.7404 ns/op
WorkloadResult   7: 641536 op, 255668855.50 ns, 398.5261 ns/op
// GC:  6 0 0 102645760 641536
// Threading:  0 1 641536

// AfterAll
// Benchmark Process 3356 has exited with code 0.

Mean = 400.343 ns, StdErr = 0.720 ns (0.18%), N = 7, StdDev = 1.906 ns
Min = 398.526 ns, Q1 = 399.166 ns, Median = 399.908 ns, Q3 = 400.838 ns, Max = 403.960 ns
IQR = 1.672 ns, LowerFence = 396.659 ns, UpperFence = 403.345 ns
ConfidenceInterval = [396.051 ns; 404.636 ns] (CI 99.9%), Margin = 4.293 ns (1.07% of Mean)
Skewness = 0.81, Kurtosis = 2.09, MValue = 2

// ** Remained 31 (91.2 %) benchmark(s) to run. Estimated finish 2026-08-02 8:20 (0h 3m from now) **
// **************************
// Benchmark: BufferedLogging.ZLogger: Quick(MaxRelativeError=0.05, Arguments=/p:MatrixMode=Benchmark, IterationTime=250ms, MaxIterationCount=12, MaxWarmupIterationCount=5, MinIterationCount=8, MinWarmupIterationCount=3)
// *** Execute ***
// Launch: 1 / 1
// Execute: dotnet Matrix.Logging-Quick-1.dll --anonymousPipes 180 181 --benchmarkName Matrix.Logging.Benchmarks.BufferedLogging.ZLogger --job Quick --benchmarkId 3 in /home/runner/work/dotnet-matrix/dotnet-matrix/src/Matrix.Logging/bin/Benchmark/Release/net10.0/Matrix.Logging-Quick-1/bin/Release/net10.0
// Failed to set up high priority (Permission denied). In order to run benchmarks with high priority, make sure you have the right permissions.
// BeforeAnythingElse

// Benchmark Process Environment Information:
// BenchmarkDotNet v0.15.8
// Runtime=.NET 10.0.10 (10.0.10, 10.0.1026.32716), X64 RyuJIT x86-64-v3
// GC=Concurrent Workstation
// HardwareIntrinsics=AVX2+BMI1+BMI2+F16C+FMA+LZCNT+MOVBE,AVX,SSE3+SSSE3+SSE4.1+SSE4.2+POPCNT,X86Base+SSE+SSE2,AES+PCLMUL VectorSize=256
// Job: Quick(MaxRelativeError=0.05, IterationTime=250ms, MaxIterationCount=12, MaxWarmupIterationCount=5, MinIterationCount=8, MinWarmupIterationCount=3)

OverheadJitting  1: 1 op, 181631.00 ns, 181.6310 us/op
WorkloadJitting  1: 1 op, 8137960.00 ns, 8.1380 ms/op

OverheadJitting  2: 16 op, 199294.00 ns, 12.4559 us/op
WorkloadJitting  2: 16 op, 732606.00 ns, 45.7879 us/op

WorkloadPilot    1: 16 op, 58149.00 ns, 3.6343 us/op
WorkloadPilot    2: 68800 op, 58802712.00 ns, 854.6906 ns/op
WorkloadPilot    3: 292512 op, 116861231.00 ns, 399.5092 ns/op
WorkloadPilot    4: 625776 op, 75217995.00 ns, 120.1996 ns/op
WorkloadPilot    5: 2079888 op, 249102716.00 ns, 119.7674 ns/op
WorkloadPilot    6: 2087392 op, 250188815.00 ns, 119.8571 ns/op
WorkloadPilot    7: 2085824 op, 251793688.00 ns, 120.7167 ns/op
WorkloadPilot    8: 2070976 op, 248760823.00 ns, 120.1177 ns/op
WorkloadPilot    9: 2081296 op, 249493520.00 ns, 119.8741 ns/op
WorkloadPilot   10: 2085536 op, 250055605.00 ns, 119.8999 ns/op

OverheadWarmup   1: 2085536 op, 6045301.00 ns, 2.8987 ns/op
OverheadWarmup   2: 2085536 op, 6018380.00 ns, 2.8858 ns/op
OverheadWarmup   3: 2085536 op, 6010747.00 ns, 2.8821 ns/op
OverheadWarmup   4: 2085536 op, 6006137.00 ns, 2.8799 ns/op
OverheadWarmup   5: 2085536 op, 6021106.00 ns, 2.8871 ns/op
OverheadWarmup   6: 2085536 op, 5993995.00 ns, 2.8741 ns/op
OverheadWarmup   7: 2085536 op, 6014954.00 ns, 2.8841 ns/op
OverheadWarmup   8: 2085536 op, 6015936.00 ns, 2.8846 ns/op
OverheadWarmup   9: 2085536 op, 6057805.00 ns, 2.9047 ns/op
OverheadWarmup  10: 2085536 op, 5998373.00 ns, 2.8762 ns/op

OverheadActual   1: 2085536 op, 6004214.00 ns, 2.8790 ns/op
OverheadActual   2: 2085536 op, 6005537.00 ns, 2.8796 ns/op
OverheadActual   3: 2085536 op, 6023109.00 ns, 2.8880 ns/op
OverheadActual   4: 2085536 op, 6035622.00 ns, 2.8940 ns/op
OverheadActual   5: 2085536 op, 6011888.00 ns, 2.8827 ns/op
OverheadActual   6: 2085536 op, 6035392.00 ns, 2.8939 ns/op
OverheadActual   7: 2085536 op, 6050762.00 ns, 2.9013 ns/op
OverheadActual   8: 2085536 op, 6060670.00 ns, 2.9060 ns/op

WorkloadWarmup   1: 2085536 op, 274464687.00 ns, 131.6039 ns/op
WorkloadWarmup   2: 2085536 op, 254808049.00 ns, 122.1787 ns/op
WorkloadWarmup   3: 2085536 op, 251638647.00 ns, 120.6590 ns/op
WorkloadWarmup   4: 2085536 op, 251175748.00 ns, 120.4370 ns/op
WorkloadWarmup   5: 2085536 op, 249505141.00 ns, 119.6360 ns/op

// BeforeActualRun
WorkloadActual   1: 2085536 op, 250501853.00 ns, 120.1139 ns/op
WorkloadActual   2: 2085536 op, 250313239.00 ns, 120.0235 ns/op
WorkloadActual   3: 2085536 op, 249768737.00 ns, 119.7624 ns/op
WorkloadActual   4: 2085536 op, 249777815.00 ns, 119.7667 ns/op
WorkloadActual   5: 2085536 op, 249417634.00 ns, 119.5940 ns/op
WorkloadActual   6: 2085536 op, 249918655.00 ns, 119.8343 ns/op
WorkloadActual   7: 2085536 op, 249520827.00 ns, 119.6435 ns/op
WorkloadActual   8: 2085536 op, 249926049.00 ns, 119.8378 ns/op

// AfterActualRun
WorkloadResult   1: 2085536 op, 244283988.50 ns, 117.1325 ns/op
WorkloadResult   2: 2085536 op, 243739486.50 ns, 116.8714 ns/op
WorkloadResult   3: 2085536 op, 243748564.50 ns, 116.8757 ns/op
WorkloadResult   4: 2085536 op, 243388383.50 ns, 116.7030 ns/op
WorkloadResult   5: 2085536 op, 243889404.50 ns, 116.9433 ns/op
WorkloadResult   6: 2085536 op, 243491576.50 ns, 116.7525 ns/op
WorkloadResult   7: 2085536 op, 243896798.50 ns, 116.9468 ns/op
// GC:  0 0 0 0 2085536
// Threading:  0 0 2085536

// AfterAll
// Benchmark Process 3370 has exited with code 0.

Mean = 116.889 ns, StdErr = 0.053 ns (0.05%), N = 7, StdDev = 0.141 ns
Min = 116.703 ns, Q1 = 116.812 ns, Median = 116.876 ns, Q3 = 116.945 ns, Max = 117.132 ns
IQR = 0.133 ns, LowerFence = 116.612 ns, UpperFence = 117.145 ns
ConfidenceInterval = [116.572 ns; 117.207 ns] (CI 99.9%), Margin = 0.318 ns (0.27% of Mean)
Skewness = 0.29, Kurtosis = 1.83, MValue = 2

// ** Remained 30 (88.2 %) benchmark(s) to run. Estimated finish 2026-08-02 8:20 (0h 3m from now) **
// ***** BenchmarkRunner: Finish  *****

// * Export *
  tmp/dotnet-matrix/Logging/b642dcaa4aab42ce9e5baf9ee4995fd9/results/Matrix.Logging.Benchmarks.BufferedLogging-report.csv
  tmp/dotnet-matrix/Logging/b642dcaa4aab42ce9e5baf9ee4995fd9/results/Matrix.Logging.Benchmarks.BufferedLogging-report-github.md
  tmp/dotnet-matrix/Logging/b642dcaa4aab42ce9e5baf9ee4995fd9/results/Matrix.Logging.Benchmarks.BufferedLogging-report.html
  tmp/dotnet-matrix/Logging/b642dcaa4aab42ce9e5baf9ee4995fd9/results/Matrix.Logging.Benchmarks.BufferedLogging-report-full.json

// * Detailed results *
BufferedLogging.NLog: Quick(MaxRelativeError=0.05, Arguments=/p:MatrixMode=Benchmark, IterationTime=250ms, MaxIterationCount=12, MaxWarmupIterationCount=5, MinIterationCount=8, MinWarmupIterationCount=3)
Runtime = .NET 10.0.10 (10.0.10, 10.0.1026.32716), X64 RyuJIT x86-64-v3; GC = Concurrent Workstation
Mean = 95.175 ns, StdErr = 1.093 ns (1.15%), N = 12, StdDev = 3.785 ns
Min = 88.638 ns, Q1 = 94.360 ns, Median = 97.169 ns, Q3 = 97.403 ns, Max = 98.804 ns
IQR = 3.043 ns, LowerFence = 89.796 ns, UpperFence = 101.967 ns
ConfidenceInterval = [90.326 ns; 100.023 ns] (CI 99.9%), Margin = 4.848 ns (5.09% of Mean)
Skewness = -0.91, Kurtosis = 1.92, MValue = 2
-------------------- Histogram --------------------
[87.009 ns ; 91.349 ns) | @@@
[91.349 ns ; 95.186 ns) | 
[95.186 ns ; 99.526 ns) | @@@@@@@@@
---------------------------------------------------

BufferedLogging.ZLogger: Quick(MaxRelativeError=0.05, Arguments=/p:MatrixMode=Benchmark, IterationTime=250ms, MaxIterationCount=12, MaxWarmupIterationCount=5, MinIterationCount=8, MinWarmupIterationCount=3)
Runtime = .NET 10.0.10 (10.0.10, 10.0.1026.32716), X64 RyuJIT x86-64-v3; GC = Concurrent Workstation
Mean = 116.889 ns, StdErr = 0.053 ns (0.05%), N = 7, StdDev = 0.141 ns
Min = 116.703 ns, Q1 = 116.812 ns, Median = 116.876 ns, Q3 = 116.945 ns, Max = 117.132 ns
IQR = 0.133 ns, LowerFence = 116.612 ns, UpperFence = 117.145 ns
ConfidenceInterval = [116.572 ns; 117.207 ns] (CI 99.9%), Margin = 0.318 ns (0.27% of Mean)
Skewness = 0.29, Kurtosis = 1.83, MValue = 2
-------------------- Histogram --------------------
[116.606 ns ; 117.229 ns) | @@@@@@@
---------------------------------------------------

BufferedLogging.Serilog: Quick(MaxRelativeError=0.05, Arguments=/p:MatrixMode=Benchmark, IterationTime=250ms, MaxIterationCount=12, MaxWarmupIterationCount=5, MinIterationCount=8, MinWarmupIterationCount=3)
Runtime = .NET 10.0.10 (10.0.10, 10.0.1026.32716), X64 RyuJIT x86-64-v3; GC = Concurrent Workstation
Mean = 400.343 ns, StdErr = 0.720 ns (0.18%), N = 7, StdDev = 1.906 ns
Min = 398.526 ns, Q1 = 399.166 ns, Median = 399.908 ns, Q3 = 400.838 ns, Max = 403.960 ns
IQR = 1.672 ns, LowerFence = 396.659 ns, UpperFence = 403.345 ns
ConfidenceInterval = [396.051 ns; 404.636 ns] (CI 99.9%), Margin = 4.293 ns (1.07% of Mean)
Skewness = 0.81, Kurtosis = 2.09, MValue = 2
-------------------- Histogram --------------------
[397.218 ns ; 405.268 ns) | @@@@@@@
---------------------------------------------------

BufferedLogging.Log4Net: Quick(MaxRelativeError=0.05, Arguments=/p:MatrixMode=Benchmark, IterationTime=250ms, MaxIterationCount=12, MaxWarmupIterationCount=5, MinIterationCount=8, MinWarmupIterationCount=3)
Runtime = .NET 10.0.10 (10.0.10, 10.0.1026.32716), X64 RyuJIT x86-64-v3; GC = Concurrent Workstation
Mean = 608.512 ns, StdErr = 7.971 ns (1.31%), N = 12, StdDev = 27.612 ns
Min = 576.004 ns, Q1 = 590.000 ns, Median = 596.406 ns, Q3 = 641.503 ns, Max = 650.842 ns
IQR = 51.503 ns, LowerFence = 512.745 ns, UpperFence = 718.758 ns
ConfidenceInterval = [573.146 ns; 643.878 ns] (CI 99.9%), Margin = 35.366 ns (5.81% of Mean)
Skewness = 0.49, Kurtosis = 1.34, MValue = 3
-------------------- Histogram --------------------
[571.832 ns ; 603.491 ns) | @@@@@@@@
[603.491 ns ; 630.234 ns) | 
[630.234 ns ; 666.672 ns) | @@@@
---------------------------------------------------

// * Summary *

BenchmarkDotNet v0.15.8, Linux Ubuntu 24.04.4 LTS (Noble Numbat)
AMD EPYC 7763 2.45GHz, 1 CPU, 4 logical and 2 physical cores
.NET SDK 10.0.302
  [Host] : .NET 10.0.10 (10.0.10, 10.0.1026.32716), X64 RyuJIT x86-64-v3
  Quick  : .NET 10.0.10 (10.0.10, 10.0.1026.32716), X64 RyuJIT x86-64-v3

Job=Quick  MaxRelativeError=0.05  Arguments=/p:MatrixMode=Benchmark  
IterationTime=250ms  MaxIterationCount=12  MaxWarmupIterationCount=5  
MinIterationCount=8  MinWarmupIterationCount=3  

| Method  | Mean      | Error     | StdDev    | Gen0   | Gen1   | Allocated |
|-------- |----------:|----------:|----------:|-------:|-------:|----------:|
| NLog    |  95.17 ns |  4.848 ns |  3.785 ns | 0.0068 | 0.0042 |     120 B |
| ZLogger | 116.89 ns |  0.318 ns |  0.141 ns |      - |      - |         - |
| Serilog | 400.34 ns |  4.293 ns |  1.906 ns | 0.0094 |      - |     160 B |
| Log4Net | 608.51 ns | 35.366 ns | 27.612 ns | 0.0492 | 0.0470 |     848 B |

// * Hints *
Outliers
  BufferedLogging.NLog: Quick    -> 3 outliers were detected (91.22 ns..92.30 ns)
  BufferedLogging.ZLogger: Quick -> 1 outlier  was  removed (120.11 ns)
  BufferedLogging.Serilog: Quick -> 1 outlier  was  removed (410.89 ns)

// * Legends *
  Mean      : Arithmetic mean of all measurements
  Error     : Half of 99.9% confidence interval
  StdDev    : Standard deviation of all measurements
  Gen0      : GC Generation 0 collects per 1000 operations
  Gen1      : GC Generation 1 collects per 1000 operations
  Allocated : Allocated memory per single operation (managed only, inclusive, 1KB = 1024B)
  1 ns      : 1 Nanosecond (0.000000001 sec)

// * Diagnostic Output - MemoryDiagnoser *


// ***** BenchmarkRunner: End *****
Run time: 00:00:27 (27.46 sec), executed benchmarks: 4

// Found 5 benchmarks:
//   DisabledLog.Log4Net: Quick(MaxRelativeError=0.05, Arguments=/p:MatrixMode=Benchmark, IterationTime=250ms, MaxIterationCount=12, MaxWarmupIterationCount=5, MinIterationCount=8, MinWarmupIterationCount=3)
//   DisabledLog.MicrosoftExtensionsLogging: Quick(MaxRelativeError=0.05, Arguments=/p:MatrixMode=Benchmark, IterationTime=250ms, MaxIterationCount=12, MaxWarmupIterationCount=5, MinIterationCount=8, MinWarmupIterationCount=3)
//   DisabledLog.NLog: Quick(MaxRelativeError=0.05, Arguments=/p:MatrixMode=Benchmark, IterationTime=250ms, MaxIterationCount=12, MaxWarmupIterationCount=5, MinIterationCount=8, MinWarmupIterationCount=3)
//   DisabledLog.Serilog: Quick(MaxRelativeError=0.05, Arguments=/p:MatrixMode=Benchmark, IterationTime=250ms, MaxIterationCount=12, MaxWarmupIterationCount=5, MinIterationCount=8, MinWarmupIterationCount=3)
//   DisabledLog.ZLogger: Quick(MaxRelativeError=0.05, Arguments=/p:MatrixMode=Benchmark, IterationTime=250ms, MaxIterationCount=12, MaxWarmupIterationCount=5, MinIterationCount=8, MinWarmupIterationCount=3)

// **************************
// Benchmark: DisabledLog.Log4Net: Quick(MaxRelativeError=0.05, Arguments=/p:MatrixMode=Benchmark, IterationTime=250ms, MaxIterationCount=12, MaxWarmupIterationCount=5, MinIterationCount=8, MinWarmupIterationCount=3)
// *** Execute ***
// Launch: 1 / 1
// Execute: dotnet Matrix.Logging-Quick-1.dll --anonymousPipes 135 136 --benchmarkName Matrix.Logging.Benchmarks.DisabledLog.Log4Net --job Quick --benchmarkId 4 in /home/runner/work/dotnet-matrix/dotnet-matrix/src/Matrix.Logging/bin/Benchmark/Release/net10.0/Matrix.Logging-Quick-1/bin/Release/net10.0
// Failed to set up high priority (Permission denied). In order to run benchmarks with high priority, make sure you have the right permissions.
// BeforeAnythingElse

// Benchmark Process Environment Information:
// BenchmarkDotNet v0.15.8
// Runtime=.NET 10.0.10 (10.0.10, 10.0.1026.32716), X64 RyuJIT x86-64-v3
// GC=Concurrent Workstation
// HardwareIntrinsics=AVX2+BMI1+BMI2+F16C+FMA+LZCNT+MOVBE,AVX,SSE3+SSSE3+SSE4.1+SSE4.2+POPCNT,X86Base+SSE+SSE2,AES+PCLMUL VectorSize=256
// Job: Quick(MaxRelativeError=0.05, IterationTime=250ms, MaxIterationCount=12, MaxWarmupIterationCount=5, MinIterationCount=8, MinWarmupIterationCount=3)

OverheadJitting  1: 1 op, 194305.00 ns, 194.3050 us/op
WorkloadJitting  1: 1 op, 1054630.00 ns, 1.0546 ms/op

OverheadJitting  2: 16 op, 190849.00 ns, 11.9281 us/op
WorkloadJitting  2: 16 op, 238067.00 ns, 14.8792 us/op

WorkloadPilot    1: 16 op, 5110.00 ns, 319.3750 ns/op
WorkloadPilot    2: 782784 op, 96929850.00 ns, 123.8271 ns/op
WorkloadPilot    3: 2018960 op, 47467552.00 ns, 23.5109 ns/op
WorkloadPilot    4: 10633376 op, 110398080.00 ns, 10.3822 ns/op
WorkloadPilot    5: 24079632 op, 248999408.00 ns, 10.3407 ns/op
WorkloadPilot    6: 24176400 op, 250363223.00 ns, 10.3557 ns/op
WorkloadPilot    7: 24141328 op, 252360961.00 ns, 10.4535 ns/op
WorkloadPilot    8: 23915488 op, 248184970.00 ns, 10.3776 ns/op
WorkloadPilot    9: 24090400 op, 248905953.00 ns, 10.3322 ns/op
WorkloadPilot   10: 24196288 op, 249609845.00 ns, 10.3160 ns/op
WorkloadPilot   11: 24234112 op, 251425652.00 ns, 10.3749 ns/op

OverheadWarmup   1: 24234112 op, 62383030.00 ns, 2.5742 ns/op
OverheadWarmup   2: 24234112 op, 62412585.00 ns, 2.5754 ns/op
OverheadWarmup   3: 24234112 op, 67618611.00 ns, 2.7902 ns/op
OverheadWarmup   4: 24234112 op, 69642111.00 ns, 2.8737 ns/op
OverheadWarmup   5: 24234112 op, 39707170.00 ns, 1.6385 ns/op
OverheadWarmup   6: 24234112 op, 39834278.00 ns, 1.6437 ns/op
OverheadWarmup   7: 24234112 op, 39815353.00 ns, 1.6429 ns/op

OverheadActual   1: 24234112 op, 39763636.00 ns, 1.6408 ns/op
OverheadActual   2: 24234112 op, 39717549.00 ns, 1.6389 ns/op
OverheadActual   3: 24234112 op, 39689948.00 ns, 1.6378 ns/op
OverheadActual   4: 24234112 op, 39685329.00 ns, 1.6376 ns/op
OverheadActual   5: 24234112 op, 39696440.00 ns, 1.6380 ns/op
OverheadActual   6: 24234112 op, 39790647.00 ns, 1.6419 ns/op
OverheadActual   7: 24234112 op, 39605319.00 ns, 1.6343 ns/op
OverheadActual   8: 24234112 op, 40214363.00 ns, 1.6594 ns/op

WorkloadWarmup   1: 24234112 op, 250747792.00 ns, 10.3469 ns/op
WorkloadWarmup   2: 24234112 op, 250572342.00 ns, 10.3397 ns/op
WorkloadWarmup   3: 24234112 op, 250634209.00 ns, 10.3422 ns/op
WorkloadWarmup   4: 24234112 op, 250815229.00 ns, 10.3497 ns/op
WorkloadWarmup   5: 24234112 op, 250318697.00 ns, 10.3292 ns/op

// BeforeActualRun
WorkloadActual   1: 24234112 op, 252680669.00 ns, 10.4267 ns/op
WorkloadActual   2: 24234112 op, 250840696.00 ns, 10.3507 ns/op
WorkloadActual   3: 24234112 op, 250097320.00 ns, 10.3201 ns/op
WorkloadActual   4: 24234112 op, 250362118.00 ns, 10.3310 ns/op
WorkloadActual   5: 24234112 op, 250352420.00 ns, 10.3306 ns/op
WorkloadActual   6: 24234112 op, 250559058.00 ns, 10.3391 ns/op
WorkloadActual   7: 24234112 op, 250100647.00 ns, 10.3202 ns/op
WorkloadActual   8: 24234112 op, 249985671.00 ns, 10.3154 ns/op

// AfterActualRun
WorkloadResult   1: 24234112 op, 211133701.50 ns, 8.7123 ns/op
WorkloadResult   2: 24234112 op, 210390325.50 ns, 8.6816 ns/op
WorkloadResult   3: 24234112 op, 210655123.50 ns, 8.6925 ns/op
WorkloadResult   4: 24234112 op, 210645425.50 ns, 8.6921 ns/op
WorkloadResult   5: 24234112 op, 210852063.50 ns, 8.7006 ns/op
WorkloadResult   6: 24234112 op, 210393652.50 ns, 8.6817 ns/op
WorkloadResult   7: 24234112 op, 210278676.50 ns, 8.6770 ns/op
// GC:  0 0 0 0 24234112
// Threading:  0 0 24234112

// AfterAll
// Benchmark Process 3385 has exited with code 0.

Mean = 8.691 ns, StdErr = 0.005 ns (0.05%), N = 7, StdDev = 0.012 ns
Min = 8.677 ns, Q1 = 8.682 ns, Median = 8.692 ns, Q3 = 8.697 ns, Max = 8.712 ns
IQR = 0.015 ns, LowerFence = 8.659 ns, UpperFence = 8.719 ns
ConfidenceInterval = [8.663 ns; 8.719 ns] (CI 99.9%), Margin = 0.028 ns (0.32% of Mean)
Skewness = 0.44, Kurtosis = 1.61, MValue = 2

// ** Remained 29 (85.3 %) benchmark(s) to run. Estimated finish 2026-08-02 8:20 (0h 3m from now) **
// **************************
// Benchmark: DisabledLog.MicrosoftExtensionsLogging: Quick(MaxRelativeError=0.05, Arguments=/p:MatrixMode=Benchmark, IterationTime=250ms, MaxIterationCount=12, MaxWarmupIterationCount=5, MinIterationCount=8, MinWarmupIterationCount=3)
// *** Execute ***
// Launch: 1 / 1
// Execute: dotnet Matrix.Logging-Quick-1.dll --anonymousPipes 137 138 --benchmarkName Matrix.Logging.Benchmarks.DisabledLog.MicrosoftExtensionsLogging --job Quick --benchmarkId 5 in /home/runner/work/dotnet-matrix/dotnet-matrix/src/Matrix.Logging/bin/Benchmark/Release/net10.0/Matrix.Logging-Quick-1/bin/Release/net10.0
// Failed to set up high priority (Permission denied). In order to run benchmarks with high priority, make sure you have the right permissions.
// BeforeAnythingElse

// Benchmark Process Environment Information:
// BenchmarkDotNet v0.15.8
// Runtime=.NET 10.0.10 (10.0.10, 10.0.1026.32716), X64 RyuJIT x86-64-v3
// GC=Concurrent Workstation
// HardwareIntrinsics=AVX2+BMI1+BMI2+F16C+FMA+LZCNT+MOVBE,AVX,SSE3+SSSE3+SSE4.1+SSE4.2+POPCNT,X86Base+SSE+SSE2,AES+PCLMUL VectorSize=256
// Job: Quick(MaxRelativeError=0.05, IterationTime=250ms, MaxIterationCount=12, MaxWarmupIterationCount=5, MinIterationCount=8, MinWarmupIterationCount=3)

OverheadJitting  1: 1 op, 183705.00 ns, 183.7050 us/op
WorkloadJitting  1: 1 op, 1298909.00 ns, 1.2989 ms/op

OverheadJitting  2: 16 op, 194354.00 ns, 12.1471 us/op
WorkloadJitting  2: 16 op, 178104.00 ns, 11.1315 us/op

WorkloadPilot    1: 16 op, 2845.00 ns, 177.8125 ns/op
WorkloadPilot    2: 1405984 op, 97865569.00 ns, 69.6065 ns/op
WorkloadPilot    3: 3591632 op, 85618256.00 ns, 23.8383 ns/op
WorkloadPilot    4: 10487344 op, 121266571.00 ns, 11.5631 ns/op
WorkloadPilot    5: 21620448 op, 249553964.00 ns, 11.5425 ns/op
WorkloadPilot    6: 21659104 op, 252292465.00 ns, 11.6483 ns/op
WorkloadPilot    7: 21462304 op, 248250730.00 ns, 11.5668 ns/op
WorkloadPilot    8: 21613536 op, 250593336.00 ns, 11.5943 ns/op
WorkloadPilot    9: 21562368 op, 249336164.00 ns, 11.5635 ns/op
WorkloadPilot   10: 21619776 op, 250095932.00 ns, 11.5679 ns/op

OverheadWarmup   1: 21619776 op, 62338883.00 ns, 2.8834 ns/op
OverheadWarmup   2: 21619776 op, 62429333.00 ns, 2.8876 ns/op
OverheadWarmup   3: 21619776 op, 62256128.00 ns, 2.8796 ns/op
OverheadWarmup   4: 21619776 op, 65581410.00 ns, 3.0334 ns/op
OverheadWarmup   5: 21619776 op, 35416470.00 ns, 1.6382 ns/op

OverheadActual   1: 21619776 op, 35384971.00 ns, 1.6367 ns/op
OverheadActual   2: 21619776 op, 35805340.00 ns, 1.6561 ns/op
OverheadActual   3: 21619776 op, 35334666.00 ns, 1.6344 ns/op
OverheadActual   4: 21619776 op, 35453980.00 ns, 1.6399 ns/op
OverheadActual   5: 21619776 op, 35356347.00 ns, 1.6354 ns/op
OverheadActual   6: 21619776 op, 35387716.00 ns, 1.6368 ns/op
OverheadActual   7: 21619776 op, 35354042.00 ns, 1.6353 ns/op
OverheadActual   8: 21619776 op, 43087310.00 ns, 1.9930 ns/op

WorkloadWarmup   1: 21619776 op, 251321442.00 ns, 11.6246 ns/op
WorkloadWarmup   2: 21619776 op, 249352315.00 ns, 11.5335 ns/op
WorkloadWarmup   3: 21619776 op, 249378675.00 ns, 11.5347 ns/op
WorkloadWarmup   4: 21619776 op, 249467772.00 ns, 11.5389 ns/op
WorkloadWarmup   5: 21619776 op, 249748249.00 ns, 11.5518 ns/op

// BeforeActualRun
WorkloadActual   1: 21619776 op, 250079007.00 ns, 11.5671 ns/op
WorkloadActual   2: 21619776 op, 249758477.00 ns, 11.5523 ns/op
WorkloadActual   3: 21619776 op, 250307178.00 ns, 11.5777 ns/op
WorkloadActual   4: 21619776 op, 250801706.00 ns, 11.6006 ns/op
WorkloadActual   5: 21619776 op, 257957450.00 ns, 11.9316 ns/op
WorkloadActual   6: 21619776 op, 249737779.00 ns, 11.5514 ns/op
WorkloadActual   7: 21619776 op, 249306730.00 ns, 11.5314 ns/op
WorkloadActual   8: 21619776 op, 249728312.00 ns, 11.5509 ns/op

// AfterActualRun
WorkloadResult   1: 21619776 op, 214692663.50 ns, 9.9304 ns/op
WorkloadResult   2: 21619776 op, 214372133.50 ns, 9.9156 ns/op
WorkloadResult   3: 21619776 op, 214920834.50 ns, 9.9409 ns/op
WorkloadResult   4: 21619776 op, 215415362.50 ns, 9.9638 ns/op
WorkloadResult   5: 21619776 op, 214351435.50 ns, 9.9146 ns/op
WorkloadResult   6: 21619776 op, 213920386.50 ns, 9.8947 ns/op
WorkloadResult   7: 21619776 op, 214341968.50 ns, 9.9142 ns/op
// GC:  0 0 0 0 21619776
// Threading:  0 0 21619776

// AfterAll
// Benchmark Process 3398 has exited with code 0.

Mean = 9.925 ns, StdErr = 0.008 ns (0.09%), N = 7, StdDev = 0.022 ns
Min = 9.895 ns, Q1 = 9.914 ns, Median = 9.916 ns, Q3 = 9.936 ns, Max = 9.964 ns
IQR = 0.021 ns, LowerFence = 9.882 ns, UpperFence = 9.968 ns
ConfidenceInterval = [9.874 ns; 9.975 ns] (CI 99.9%), Margin = 0.051 ns (0.51% of Mean)
Skewness = 0.41, Kurtosis = 1.82, MValue = 2

// ** Remained 28 (82.4 %) benchmark(s) to run. Estimated finish 2026-08-02 8:20 (0h 3m from now) **
// **************************
// Benchmark: DisabledLog.NLog: Quick(MaxRelativeError=0.05, Arguments=/p:MatrixMode=Benchmark, IterationTime=250ms, MaxIterationCount=12, MaxWarmupIterationCount=5, MinIterationCount=8, MinWarmupIterationCount=3)
// *** Execute ***
// Launch: 1 / 1
// Execute: dotnet Matrix.Logging-Quick-1.dll --anonymousPipes 137 138 --benchmarkName Matrix.Logging.Benchmarks.DisabledLog.NLog --job Quick --benchmarkId 6 in /home/runner/work/dotnet-matrix/dotnet-matrix/src/Matrix.Logging/bin/Benchmark/Release/net10.0/Matrix.Logging-Quick-1/bin/Release/net10.0
// Failed to set up high priority (Permission denied). In order to run benchmarks with high priority, make sure you have the right permissions.
// BeforeAnythingElse

// Benchmark Process Environment Information:
// BenchmarkDotNet v0.15.8
// Runtime=.NET 10.0.10 (10.0.10, 10.0.1026.32716), X64 RyuJIT x86-64-v3
// GC=Concurrent Workstation
// HardwareIntrinsics=AVX2+BMI1+BMI2+F16C+FMA+LZCNT+MOVBE,AVX,SSE3+SSSE3+SSE4.1+SSE4.2+POPCNT,X86Base+SSE+SSE2,AES+PCLMUL VectorSize=256
// Job: Quick(MaxRelativeError=0.05, IterationTime=250ms, MaxIterationCount=12, MaxWarmupIterationCount=5, MinIterationCount=8, MinWarmupIterationCount=3)

OverheadJitting  1: 1 op, 174017.00 ns, 174.0170 us/op
WorkloadJitting  1: 1 op, 591320.00 ns, 591.3200 us/op

OverheadJitting  2: 16 op, 191489.00 ns, 11.9681 us/op
WorkloadJitting  2: 16 op, 218220.00 ns, 13.6388 us/op

WorkloadPilot    1: 16 op, 1152.00 ns, 72.0000 ns/op
WorkloadPilot    2: 3472224 op, 25839931.00 ns, 7.4419 ns/op
WorkloadPilot    3: 33593600 op, 174532201.00 ns, 5.1954 ns/op
WorkloadPilot    4: 48119488 op, 79082828.00 ns, 1.6435 ns/op
WorkloadPilot    5: 152117376 op, 249798944.00 ns, 1.6421 ns/op
WorkloadPilot    6: 152239824 op, 249850961.00 ns, 1.6412 ns/op
WorkloadPilot    7: 152330640 op, 250047901.00 ns, 1.6415 ns/op
WorkloadPilot    8: 152301472 op, 251186740.00 ns, 1.6493 ns/op
WorkloadPilot    9: 151581920 op, 249293237.00 ns, 1.6446 ns/op
WorkloadPilot   10: 152011680 op, 249208851.00 ns, 1.6394 ns/op
WorkloadPilot   11: 152494272 op, 250530131.00 ns, 1.6429 ns/op

OverheadWarmup   1: 152494272 op, 376094753.00 ns, 2.4663 ns/op
OverheadWarmup   2: 152494272 op, 250616533.00 ns, 1.6434 ns/op
OverheadWarmup   3: 152494272 op, 249027248.00 ns, 1.6330 ns/op
OverheadWarmup   4: 152494272 op, 249363089.00 ns, 1.6352 ns/op
OverheadWarmup   5: 152494272 op, 249311713.00 ns, 1.6349 ns/op
OverheadWarmup   6: 152494272 op, 249642233.00 ns, 1.6371 ns/op
OverheadWarmup   7: 152494272 op, 250061250.00 ns, 1.6398 ns/op
OverheadWarmup   8: 152494272 op, 251606963.00 ns, 1.6499 ns/op
OverheadWarmup   9: 152494272 op, 249353942.00 ns, 1.6352 ns/op

OverheadActual   1: 152494272 op, 249406702.00 ns, 1.6355 ns/op
OverheadActual   2: 152494272 op, 249768701.00 ns, 1.6379 ns/op
OverheadActual   3: 152494272 op, 249846948.00 ns, 1.6384 ns/op
OverheadActual   4: 152494272 op, 249365935.00 ns, 1.6352 ns/op
OverheadActual   5: 152494272 op, 252949951.00 ns, 1.6588 ns/op
OverheadActual   6: 152494272 op, 249322644.00 ns, 1.6350 ns/op
OverheadActual   7: 152494272 op, 250124419.00 ns, 1.6402 ns/op
OverheadActual   8: 152494272 op, 249289031.00 ns, 1.6347 ns/op

WorkloadWarmup   1: 152494272 op, 250184571.00 ns, 1.6406 ns/op
WorkloadWarmup   2: 152494272 op, 250203617.00 ns, 1.6407 ns/op
WorkloadWarmup   3: 152494272 op, 250579914.00 ns, 1.6432 ns/op
WorkloadWarmup   4: 152494272 op, 249946044.00 ns, 1.6391 ns/op
WorkloadWarmup   5: 152494272 op, 250430513.00 ns, 1.6422 ns/op

// BeforeActualRun
WorkloadActual   1: 152494272 op, 251188126.00 ns, 1.6472 ns/op
WorkloadActual   2: 152494272 op, 251289396.00 ns, 1.6479 ns/op
WorkloadActual   3: 152494272 op, 250271966.00 ns, 1.6412 ns/op
WorkloadActual   4: 152494272 op, 250664613.00 ns, 1.6438 ns/op
WorkloadActual   5: 152494272 op, 250402762.00 ns, 1.6420 ns/op
WorkloadActual   6: 152494272 op, 250608528.00 ns, 1.6434 ns/op
WorkloadActual   7: 152494272 op, 250273679.00 ns, 1.6412 ns/op
WorkloadActual   8: 152494272 op, 251623995.00 ns, 1.6501 ns/op

// AfterActualRun
WorkloadResult   1: 152494272 op, 1600424.50 ns, 0.0105 ns/op
WorkloadResult   2: 152494272 op, 1701694.50 ns, 0.0112 ns/op
WorkloadResult   3: 152494272 op, 684264.50 ns, 0.0045 ns/op
WorkloadResult   4: 152494272 op, 1076911.50 ns, 0.0071 ns/op
WorkloadResult   5: 152494272 op, 815060.50 ns, 0.0053 ns/op
WorkloadResult   6: 152494272 op, 1020826.50 ns, 0.0067 ns/op
WorkloadResult   7: 152494272 op, 685977.50 ns, 0.0045 ns/op
WorkloadResult   8: 152494272 op, 2036293.50 ns, 0.0134 ns/op
// GC:  0 0 0 0 152494272
// Threading:  0 0 152494272

// AfterAll
// Benchmark Process 3408 has exited with code 0.

Mean = 0.008 ns, StdErr = 0.001 ns (15.06%), N = 8, StdDev = 0.003 ns
Min = 0.004 ns, Q1 = 0.005 ns, Median = 0.007 ns, Q3 = 0.011 ns, Max = 0.013 ns
IQR = 0.006 ns, LowerFence = -0.003 ns, UpperFence = 0.019 ns
ConfidenceInterval = [0.001 ns; 0.014 ns] (CI 99.9%), Margin = 0.006 ns (81.44% of Mean)
Skewness = 0.39, Kurtosis = 1.34, MValue = 3.2

// ** Remained 27 (79.4 %) benchmark(s) to run. Estimated finish 2026-08-02 8:20 (0h 3m from now) **
// **************************
// Benchmark: DisabledLog.Serilog: Quick(MaxRelativeError=0.05, Arguments=/p:MatrixMode=Benchmark, IterationTime=250ms, MaxIterationCount=12, MaxWarmupIterationCount=5, MinIterationCount=8, MinWarmupIterationCount=3)
// *** Execute ***
// Launch: 1 / 1
// Execute: dotnet Matrix.Logging-Quick-1.dll --anonymousPipes 137 138 --benchmarkName Matrix.Logging.Benchmarks.DisabledLog.Serilog --job Quick --benchmarkId 7 in /home/runner/work/dotnet-matrix/dotnet-matrix/src/Matrix.Logging/bin/Benchmark/Release/net10.0/Matrix.Logging-Quick-1/bin/Release/net10.0
// Failed to set up high priority (Permission denied). In order to run benchmarks with high priority, make sure you have the right permissions.
// BeforeAnythingElse

// Benchmark Process Environment Information:
// BenchmarkDotNet v0.15.8
// Runtime=.NET 10.0.10 (10.0.10, 10.0.1026.32716), X64 RyuJIT x86-64-v3
// GC=Concurrent Workstation
// HardwareIntrinsics=AVX2+BMI1+BMI2+F16C+FMA+LZCNT+MOVBE,AVX,SSE3+SSSE3+SSE4.1+SSE4.2+POPCNT,X86Base+SSE+SSE2,AES+PCLMUL VectorSize=256
// Job: Quick(MaxRelativeError=0.05, IterationTime=250ms, MaxIterationCount=12, MaxWarmupIterationCount=5, MinIterationCount=8, MinWarmupIterationCount=3)

OverheadJitting  1: 1 op, 184506.00 ns, 184.5060 us/op
WorkloadJitting  1: 1 op, 1145210.00 ns, 1.1452 ms/op

OverheadJitting  2: 16 op, 186030.00 ns, 11.6269 us/op
WorkloadJitting  2: 16 op, 208391.00 ns, 13.0244 us/op

WorkloadPilot    1: 16 op, 1793.00 ns, 112.0625 ns/op
WorkloadPilot    2: 2230912 op, 34608380.00 ns, 15.5131 ns/op
WorkloadPilot    3: 16115408 op, 169148821.00 ns, 10.4961 ns/op
WorkloadPilot    4: 23818400 op, 74203573.00 ns, 3.1154 ns/op
WorkloadPilot    5: 80246816 op, 249832641.00 ns, 3.1133 ns/op
WorkloadPilot    6: 80300576 op, 249991369.00 ns, 3.1132 ns/op
WorkloadPilot    7: 80303360 op, 250222292.00 ns, 3.1160 ns/op
WorkloadPilot    8: 80232032 op, 250838850.00 ns, 3.1264 ns/op
WorkloadPilot    9: 79963728 op, 249032498.00 ns, 3.1143 ns/op
WorkloadPilot   10: 80274400 op, 249665066.00 ns, 3.1101 ns/op
WorkloadPilot   11: 80382096 op, 250478643.00 ns, 3.1161 ns/op

OverheadWarmup   1: 80382096 op, 181672344.00 ns, 2.2601 ns/op
OverheadWarmup   2: 80382096 op, 227894570.00 ns, 2.8351 ns/op
OverheadWarmup   3: 80382096 op, 131462711.00 ns, 1.6355 ns/op
OverheadWarmup   4: 80382096 op, 131352073.00 ns, 1.6341 ns/op
OverheadWarmup   5: 80382096 op, 131315085.00 ns, 1.6336 ns/op
OverheadWarmup   6: 80382096 op, 131730635.00 ns, 1.6388 ns/op
OverheadWarmup   7: 80382096 op, 158613630.00 ns, 1.9732 ns/op
OverheadWarmup   8: 80382096 op, 131364116.00 ns, 1.6342 ns/op

OverheadActual   1: 80382096 op, 131434178.00 ns, 1.6351 ns/op
OverheadActual   2: 80382096 op, 131373945.00 ns, 1.6344 ns/op
OverheadActual   3: 80382096 op, 131462571.00 ns, 1.6355 ns/op
OverheadActual   4: 80382096 op, 131353166.00 ns, 1.6341 ns/op
OverheadActual   5: 80382096 op, 131543563.00 ns, 1.6365 ns/op
OverheadActual   6: 80382096 op, 133165629.00 ns, 1.6567 ns/op
OverheadActual   7: 80382096 op, 131505953.00 ns, 1.6360 ns/op
OverheadActual   8: 80382096 op, 132859394.00 ns, 1.6528 ns/op

WorkloadWarmup   1: 80382096 op, 250438598.00 ns, 3.1156 ns/op
WorkloadWarmup   2: 80382096 op, 249950051.00 ns, 3.1095 ns/op
WorkloadWarmup   3: 80382096 op, 250699688.00 ns, 3.1188 ns/op
WorkloadWarmup   4: 80382096 op, 250126773.00 ns, 3.1117 ns/op
WorkloadWarmup   5: 80382096 op, 249968786.00 ns, 3.1098 ns/op

// BeforeActualRun
WorkloadActual   1: 80382096 op, 250054126.00 ns, 3.1108 ns/op
WorkloadActual   2: 80382096 op, 250410425.00 ns, 3.1153 ns/op
WorkloadActual   3: 80382096 op, 250138524.00 ns, 3.1119 ns/op
WorkloadActual   4: 80382096 op, 249840636.00 ns, 3.1082 ns/op
WorkloadActual   5: 80382096 op, 250019982.00 ns, 3.1104 ns/op
WorkloadActual   6: 80382096 op, 250374007.00 ns, 3.1148 ns/op
WorkloadActual   7: 80382096 op, 250153884.00 ns, 3.1121 ns/op
WorkloadActual   8: 80382096 op, 249973505.00 ns, 3.1098 ns/op

// AfterActualRun
WorkloadResult   1: 80382096 op, 118569864.00 ns, 1.4751 ns/op
WorkloadResult   2: 80382096 op, 118926163.00 ns, 1.4795 ns/op
WorkloadResult   3: 80382096 op, 118654262.00 ns, 1.4761 ns/op
WorkloadResult   4: 80382096 op, 118356374.00 ns, 1.4724 ns/op
WorkloadResult   5: 80382096 op, 118535720.00 ns, 1.4747 ns/op
WorkloadResult   6: 80382096 op, 118889745.00 ns, 1.4791 ns/op
WorkloadResult   7: 80382096 op, 118669622.00 ns, 1.4763 ns/op
WorkloadResult   8: 80382096 op, 118489243.00 ns, 1.4741 ns/op
// GC:  0 0 0 0 80382096
// Threading:  0 0 80382096

// AfterAll
// Benchmark Process 3423 has exited with code 0.

Mean = 1.476 ns, StdErr = 0.001 ns (0.06%), N = 8, StdDev = 0.002 ns
Min = 1.472 ns, Q1 = 1.475 ns, Median = 1.476 ns, Q3 = 1.477 ns, Max = 1.480 ns
IQR = 0.002 ns, LowerFence = 1.471 ns, UpperFence = 1.481 ns
ConfidenceInterval = [1.471 ns; 1.481 ns] (CI 99.9%), Margin = 0.005 ns (0.31% of Mean)
Skewness = 0.24, Kurtosis = 1.57, MValue = 2

// ** Remained 26 (76.5 %) benchmark(s) to run. Estimated finish 2026-08-02 8:20 (0h 3m from now) **
// **************************
// Benchmark: DisabledLog.ZLogger: Quick(MaxRelativeError=0.05, Arguments=/p:MatrixMode=Benchmark, IterationTime=250ms, MaxIterationCount=12, MaxWarmupIterationCount=5, MinIterationCount=8, MinWarmupIterationCount=3)
// *** Execute ***
// Launch: 1 / 1
// Execute: dotnet Matrix.Logging-Quick-1.dll --anonymousPipes 137 138 --benchmarkName Matrix.Logging.Benchmarks.DisabledLog.ZLogger --job Quick --benchmarkId 8 in /home/runner/work/dotnet-matrix/dotnet-matrix/src/Matrix.Logging/bin/Benchmark/Release/net10.0/Matrix.Logging-Quick-1/bin/Release/net10.0
// Failed to set up high priority (Permission denied). In order to run benchmarks with high priority, make sure you have the right permissions.
// BeforeAnythingElse

// Benchmark Process Environment Information:
// BenchmarkDotNet v0.15.8
// Runtime=.NET 10.0.10 (10.0.10, 10.0.1026.32716), X64 RyuJIT x86-64-v3
// GC=Concurrent Workstation
// HardwareIntrinsics=AVX2+BMI1+BMI2+F16C+FMA+LZCNT+MOVBE,AVX,SSE3+SSSE3+SSE4.1+SSE4.2+POPCNT,X86Base+SSE+SSE2,AES+PCLMUL VectorSize=256
// Job: Quick(MaxRelativeError=0.05, IterationTime=250ms, MaxIterationCount=12, MaxWarmupIterationCount=5, MinIterationCount=8, MinWarmupIterationCount=3)

OverheadJitting  1: 1 op, 189957.00 ns, 189.9570 us/op
WorkloadJitting  1: 1 op, 1503563.00 ns, 1.5036 ms/op

OverheadJitting  2: 16 op, 206267.00 ns, 12.8917 us/op
WorkloadJitting  2: 16 op, 278333.00 ns, 17.3958 us/op

WorkloadPilot    1: 16 op, 2785.00 ns, 174.0625 ns/op
WorkloadPilot    2: 1436272 op, 83608604.00 ns, 58.2122 ns/op
WorkloadPilot    3: 4294640 op, 71215174.00 ns, 16.5823 ns/op
WorkloadPilot    4: 15076288 op, 86810285.00 ns, 5.7581 ns/op
WorkloadPilot    5: 43417344 op, 250465837.00 ns, 5.7688 ns/op
WorkloadPilot    6: 43336608 op, 249161687.00 ns, 5.7495 ns/op
WorkloadPilot    7: 43482416 op, 249627382.00 ns, 5.7409 ns/op
WorkloadPilot    8: 43547328 op, 251821221.00 ns, 5.7827 ns/op
WorkloadPilot    9: 43232400 op, 249160776.00 ns, 5.7633 ns/op
WorkloadPilot   10: 43378016 op, 250103045.00 ns, 5.7657 ns/op

OverheadWarmup   1: 43378016 op, 131683470.00 ns, 3.0357 ns/op
OverheadWarmup   2: 43378016 op, 123987580.00 ns, 2.8583 ns/op
OverheadWarmup   3: 43378016 op, 70969483.00 ns, 1.6361 ns/op
OverheadWarmup   4: 43378016 op, 70974873.00 ns, 1.6362 ns/op
OverheadWarmup   5: 43378016 op, 70944305.00 ns, 1.6355 ns/op
OverheadWarmup   6: 43378016 op, 72230300.00 ns, 1.6651 ns/op
OverheadWarmup   7: 43378016 op, 70993428.00 ns, 1.6366 ns/op

OverheadActual   1: 43378016 op, 70955327.00 ns, 1.6357 ns/op
OverheadActual   2: 43378016 op, 71132027.00 ns, 1.6398 ns/op
OverheadActual   3: 43378016 op, 70976336.00 ns, 1.6362 ns/op
OverheadActual   4: 43378016 op, 70934296.00 ns, 1.6353 ns/op
OverheadActual   5: 43378016 op, 70980734.00 ns, 1.6363 ns/op
OverheadActual   6: 43378016 op, 71151193.00 ns, 1.6403 ns/op
OverheadActual   7: 43378016 op, 71266982.00 ns, 1.6429 ns/op
OverheadActual   8: 43378016 op, 70881137.00 ns, 1.6340 ns/op

WorkloadWarmup   1: 43378016 op, 249098198.00 ns, 5.7425 ns/op
WorkloadWarmup   2: 43378016 op, 249728922.00 ns, 5.7570 ns/op
WorkloadWarmup   3: 43378016 op, 248810898.00 ns, 5.7359 ns/op
WorkloadWarmup   4: 43378016 op, 250653859.00 ns, 5.7784 ns/op
WorkloadWarmup   5: 43378016 op, 249684840.00 ns, 5.7560 ns/op

// BeforeActualRun
WorkloadActual   1: 43378016 op, 249425333.00 ns, 5.7500 ns/op
WorkloadActual   2: 43378016 op, 249324603.00 ns, 5.7477 ns/op
WorkloadActual   3: 43378016 op, 249524869.00 ns, 5.7523 ns/op
WorkloadActual   4: 43378016 op, 248978734.00 ns, 5.7397 ns/op
WorkloadActual   5: 43378016 op, 249286793.00 ns, 5.7468 ns/op
WorkloadActual   6: 43378016 op, 249424180.00 ns, 5.7500 ns/op
WorkloadActual   7: 43378016 op, 249336255.00 ns, 5.7480 ns/op
WorkloadActual   8: 43378016 op, 249420844.00 ns, 5.7499 ns/op

// AfterActualRun
WorkloadResult   1: 43378016 op, 178446798.00 ns, 4.1138 ns/op
WorkloadResult   2: 43378016 op, 178346068.00 ns, 4.1114 ns/op
WorkloadResult   3: 43378016 op, 178546334.00 ns, 4.1161 ns/op
WorkloadResult   4: 43378016 op, 178000199.00 ns, 4.1035 ns/op
WorkloadResult   5: 43378016 op, 178308258.00 ns, 4.1106 ns/op
WorkloadResult   6: 43378016 op, 178445645.00 ns, 4.1137 ns/op
WorkloadResult   7: 43378016 op, 178357720.00 ns, 4.1117 ns/op
WorkloadResult   8: 43378016 op, 178442309.00 ns, 4.1137 ns/op
// GC:  0 0 0 0 43378016
// Threading:  0 0 43378016

// AfterAll
// Benchmark Process 3432 has exited with code 0.

Mean = 4.112 ns, StdErr = 0.001 ns (0.03%), N = 8, StdDev = 0.004 ns
Min = 4.103 ns, Q1 = 4.111 ns, Median = 4.113 ns, Q3 = 4.114 ns, Max = 4.116 ns
IQR = 0.003 ns, LowerFence = 4.107 ns, UpperFence = 4.118 ns
ConfidenceInterval = [4.105 ns; 4.119 ns] (CI 99.9%), Margin = 0.007 ns (0.18% of Mean)
Skewness = -1.11, Kurtosis = 3.16, MValue = 2

// ** Remained 25 (73.5 %) benchmark(s) to run. Estimated finish 2026-08-02 8:20 (0h 3m from now) **
// ***** BenchmarkRunner: Finish  *****

// * Export *
  tmp/dotnet-matrix/Logging/b642dcaa4aab42ce9e5baf9ee4995fd9/results/Matrix.Logging.Benchmarks.DisabledLog-report.csv
  tmp/dotnet-matrix/Logging/b642dcaa4aab42ce9e5baf9ee4995fd9/results/Matrix.Logging.Benchmarks.DisabledLog-report-github.md
  tmp/dotnet-matrix/Logging/b642dcaa4aab42ce9e5baf9ee4995fd9/results/Matrix.Logging.Benchmarks.DisabledLog-report.html
  tmp/dotnet-matrix/Logging/b642dcaa4aab42ce9e5baf9ee4995fd9/results/Matrix.Logging.Benchmarks.DisabledLog-report-full.json

// * Detailed results *
DisabledLog.NLog: Quick(MaxRelativeError=0.05, Arguments=/p:MatrixMode=Benchmark, IterationTime=250ms, MaxIterationCount=12, MaxWarmupIterationCount=5, MinIterationCount=8, MinWarmupIterationCount=3)
Runtime = .NET 10.0.10 (10.0.10, 10.0.1026.32716), X64 RyuJIT x86-64-v3; GC = Concurrent Workstation
Mean = 0.008 ns, StdErr = 0.001 ns (15.06%), N = 8, StdDev = 0.003 ns
Min = 0.004 ns, Q1 = 0.005 ns, Median = 0.007 ns, Q3 = 0.011 ns, Max = 0.013 ns
IQR = 0.006 ns, LowerFence = -0.003 ns, UpperFence = 0.019 ns
ConfidenceInterval = [0.001 ns; 0.014 ns] (CI 99.9%), Margin = 0.006 ns (81.44% of Mean)
Skewness = 0.39, Kurtosis = 1.34, MValue = 3.2
-------------------- Histogram --------------------
[0.004 ns ; 0.008 ns) | @@@@@
[0.008 ns ; 0.010 ns) | 
[0.010 ns ; 0.014 ns) | @@@
---------------------------------------------------

DisabledLog.Serilog: Quick(MaxRelativeError=0.05, Arguments=/p:MatrixMode=Benchmark, IterationTime=250ms, MaxIterationCount=12, MaxWarmupIterationCount=5, MinIterationCount=8, MinWarmupIterationCount=3)
Runtime = .NET 10.0.10 (10.0.10, 10.0.1026.32716), X64 RyuJIT x86-64-v3; GC = Concurrent Workstation
Mean = 1.476 ns, StdErr = 0.001 ns (0.06%), N = 8, StdDev = 0.002 ns
Min = 1.472 ns, Q1 = 1.475 ns, Median = 1.476 ns, Q3 = 1.477 ns, Max = 1.480 ns
IQR = 0.002 ns, LowerFence = 1.471 ns, UpperFence = 1.481 ns
ConfidenceInterval = [1.471 ns; 1.481 ns] (CI 99.9%), Margin = 0.005 ns (0.31% of Mean)
Skewness = 0.24, Kurtosis = 1.57, MValue = 2
-------------------- Histogram --------------------
[1.471 ns ; 1.481 ns) | @@@@@@@@
---------------------------------------------------

DisabledLog.ZLogger: Quick(MaxRelativeError=0.05, Arguments=/p:MatrixMode=Benchmark, IterationTime=250ms, MaxIterationCount=12, MaxWarmupIterationCount=5, MinIterationCount=8, MinWarmupIterationCount=3)
Runtime = .NET 10.0.10 (10.0.10, 10.0.1026.32716), X64 RyuJIT x86-64-v3; GC = Concurrent Workstation
Mean = 4.112 ns, StdErr = 0.001 ns (0.03%), N = 8, StdDev = 0.004 ns
Min = 4.103 ns, Q1 = 4.111 ns, Median = 4.113 ns, Q3 = 4.114 ns, Max = 4.116 ns
IQR = 0.003 ns, LowerFence = 4.107 ns, UpperFence = 4.118 ns
ConfidenceInterval = [4.105 ns; 4.119 ns] (CI 99.9%), Margin = 0.007 ns (0.18% of Mean)
Skewness = -1.11, Kurtosis = 3.16, MValue = 2
-------------------- Histogram --------------------
[4.101 ns ; 4.119 ns) | @@@@@@@@
---------------------------------------------------

DisabledLog.Log4Net: Quick(MaxRelativeError=0.05, Arguments=/p:MatrixMode=Benchmark, IterationTime=250ms, MaxIterationCount=12, MaxWarmupIterationCount=5, MinIterationCount=8, MinWarmupIterationCount=3)
Runtime = .NET 10.0.10 (10.0.10, 10.0.1026.32716), X64 RyuJIT x86-64-v3; GC = Concurrent Workstation
Mean = 8.691 ns, StdErr = 0.005 ns (0.05%), N = 7, StdDev = 0.012 ns
Min = 8.677 ns, Q1 = 8.682 ns, Median = 8.692 ns, Q3 = 8.697 ns, Max = 8.712 ns
IQR = 0.015 ns, LowerFence = 8.659 ns, UpperFence = 8.719 ns
ConfidenceInterval = [8.663 ns; 8.719 ns] (CI 99.9%), Margin = 0.028 ns (0.32% of Mean)
Skewness = 0.44, Kurtosis = 1.61, MValue = 2
-------------------- Histogram --------------------
[8.668 ns ; 8.721 ns) | @@@@@@@
---------------------------------------------------

DisabledLog.MicrosoftExtensionsLogging: Quick(MaxRelativeError=0.05, Arguments=/p:MatrixMode=Benchmark, IterationTime=250ms, MaxIterationCount=12, MaxWarmupIterationCount=5, MinIterationCount=8, MinWarmupIterationCount=3)
Runtime = .NET 10.0.10 (10.0.10, 10.0.1026.32716), X64 RyuJIT x86-64-v3; GC = Concurrent Workstation
Mean = 9.925 ns, StdErr = 0.008 ns (0.09%), N = 7, StdDev = 0.022 ns
Min = 9.895 ns, Q1 = 9.914 ns, Median = 9.916 ns, Q3 = 9.936 ns, Max = 9.964 ns
IQR = 0.021 ns, LowerFence = 9.882 ns, UpperFence = 9.968 ns
ConfidenceInterval = [9.874 ns; 9.975 ns] (CI 99.9%), Margin = 0.051 ns (0.51% of Mean)
Skewness = 0.41, Kurtosis = 1.82, MValue = 2
-------------------- Histogram --------------------
[9.879 ns ; 9.979 ns) | @@@@@@@
---------------------------------------------------

// * Summary *

BenchmarkDotNet v0.15.8, Linux Ubuntu 24.04.4 LTS (Noble Numbat)
AMD EPYC 7763 2.45GHz, 1 CPU, 4 logical and 2 physical cores
.NET SDK 10.0.302
  [Host] : .NET 10.0.10 (10.0.10, 10.0.1026.32716), X64 RyuJIT x86-64-v3
  Quick  : .NET 10.0.10 (10.0.10, 10.0.1026.32716), X64 RyuJIT x86-64-v3

Job=Quick  MaxRelativeError=0.05  Arguments=/p:MatrixMode=Benchmark  
IterationTime=250ms  MaxIterationCount=12  MaxWarmupIterationCount=5  
MinIterationCount=8  MinWarmupIterationCount=3  

| Method                     | Mean      | Error     | StdDev    | Allocated |
|--------------------------- |----------:|----------:|----------:|----------:|
| NLog                       | 0.0079 ns | 0.0064 ns | 0.0034 ns |         - |
| Serilog                    | 1.4759 ns | 0.0046 ns | 0.0024 ns |         - |
| ZLogger                    | 4.1118 ns | 0.0072 ns | 0.0038 ns |         - |
| Log4Net                    | 8.6911 ns | 0.0279 ns | 0.0124 ns |         - |
| MicrosoftExtensionsLogging | 9.9249 ns | 0.0506 ns | 0.0225 ns |         - |

// * Warnings *
ZeroMeasurement
  DisabledLog.NLog: Quick -> The method duration is indistinguishable from the empty method duration

// * Hints *
Outliers
  DisabledLog.ZLogger: Quick                    -> 1 outlier  was  detected (5.74 ns)
  DisabledLog.Log4Net: Quick                    -> 1 outlier  was  removed (10.43 ns)
  DisabledLog.MicrosoftExtensionsLogging: Quick -> 1 outlier  was  removed (11.93 ns)

// * Legends *
  Mean      : Arithmetic mean of all measurements
  Error     : Half of 99.9% confidence interval
  StdDev    : Standard deviation of all measurements
  Allocated : Allocated memory per single operation (managed only, inclusive, 1KB = 1024B)
  1 ns      : 1 Nanosecond (0.000000001 sec)

// * Diagnostic Output - MemoryDiagnoser *


// ***** BenchmarkRunner: End *****
Run time: 00:00:37 (37.54 sec), executed benchmarks: 5

// Found 4 benchmarks:
//   ExceptionLogging.Log4Net: Quick(MaxRelativeError=0.05, Arguments=/p:MatrixMode=Benchmark, IterationTime=250ms, MaxIterationCount=12, MaxWarmupIterationCount=5, MinIterationCount=8, MinWarmupIterationCount=3)
//   ExceptionLogging.MicrosoftExtensionsLogging: Quick(MaxRelativeError=0.05, Arguments=/p:MatrixMode=Benchmark, IterationTime=250ms, MaxIterationCount=12, MaxWarmupIterationCount=5, MinIterationCount=8, MinWarmupIterationCount=3)
//   ExceptionLogging.NLog: Quick(MaxRelativeError=0.05, Arguments=/p:MatrixMode=Benchmark, IterationTime=250ms, MaxIterationCount=12, MaxWarmupIterationCount=5, MinIterationCount=8, MinWarmupIterationCount=3)
//   ExceptionLogging.Serilog: Quick(MaxRelativeError=0.05, Arguments=/p:MatrixMode=Benchmark, IterationTime=250ms, MaxIterationCount=12, MaxWarmupIterationCount=5, MinIterationCount=8, MinWarmupIterationCount=3)

// **************************
// Benchmark: ExceptionLogging.Log4Net: Quick(MaxRelativeError=0.05, Arguments=/p:MatrixMode=Benchmark, IterationTime=250ms, MaxIterationCount=12, MaxWarmupIterationCount=5, MinIterationCount=8, MinWarmupIterationCount=3)
// *** Execute ***
// Launch: 1 / 1
// Execute: dotnet Matrix.Logging-Quick-1.dll --anonymousPipes 137 138 --benchmarkName Matrix.Logging.Benchmarks.ExceptionLogging.Log4Net --job Quick --benchmarkId 9 in /home/runner/work/dotnet-matrix/dotnet-matrix/src/Matrix.Logging/bin/Benchmark/Release/net10.0/Matrix.Logging-Quick-1/bin/Release/net10.0
// Failed to set up high priority (Permission denied). In order to run benchmarks with high priority, make sure you have the right permissions.
// BeforeAnythingElse

// Benchmark Process Environment Information:
// BenchmarkDotNet v0.15.8
// Runtime=.NET 10.0.10 (10.0.10, 10.0.1026.32716), X64 RyuJIT x86-64-v3
// GC=Concurrent Workstation
// HardwareIntrinsics=AVX2+BMI1+BMI2+F16C+FMA+LZCNT+MOVBE,AVX,SSE3+SSSE3+SSE4.1+SSE4.2+POPCNT,X86Base+SSE+SSE2,AES+PCLMUL VectorSize=256
// Job: Quick(MaxRelativeError=0.05, IterationTime=250ms, MaxIterationCount=12, MaxWarmupIterationCount=5, MinIterationCount=8, MinWarmupIterationCount=3)

OverheadJitting  1: 1 op, 186310.00 ns, 186.3100 us/op
WorkloadJitting  1: 1 op, 2949418.00 ns, 2.9494 ms/op

OverheadJitting  2: 16 op, 192872.00 ns, 12.0545 us/op
WorkloadJitting  2: 16 op, 265379.00 ns, 16.5862 us/op

WorkloadPilot    1: 16 op, 18154.00 ns, 1.1346 us/op
WorkloadPilot    2: 220352 op, 135886732.00 ns, 616.6803 ns/op
WorkloadPilot    3: 405408 op, 134615224.00 ns, 332.0488 ns/op
WorkloadPilot    4: 752912 op, 96904759.00 ns, 128.7066 ns/op
WorkloadPilot    5: 1942416 op, 227392871.00 ns, 117.0670 ns/op
WorkloadPilot    6: 2135536 op, 249809504.00 ns, 116.9774 ns/op
WorkloadPilot    7: 2137168 op, 251752267.00 ns, 117.7971 ns/op
WorkloadPilot    8: 2122304 op, 249289663.00 ns, 117.4618 ns/op
WorkloadPilot    9: 2128352 op, 254791744.00 ns, 119.7132 ns/op
WorkloadPilot   10: 2088336 op, 247443857.00 ns, 118.4885 ns/op
WorkloadPilot   11: 2109920 op, 249486322.00 ns, 118.2444 ns/op
WorkloadPilot   12: 2114272 op, 250371474.00 ns, 118.4197 ns/op

OverheadWarmup   1: 2114272 op, 5441728.00 ns, 2.5738 ns/op
OverheadWarmup   2: 2114272 op, 5435727.00 ns, 2.5710 ns/op
OverheadWarmup   3: 2114272 op, 5422312.00 ns, 2.5646 ns/op
OverheadWarmup   4: 2114272 op, 5434665.00 ns, 2.5705 ns/op
OverheadWarmup   5: 2114272 op, 5421621.00 ns, 2.5643 ns/op
OverheadWarmup   6: 2114272 op, 5431368.00 ns, 2.5689 ns/op
OverheadWarmup   7: 2114272 op, 5436618.00 ns, 2.5714 ns/op
OverheadWarmup   8: 2114272 op, 5434535.00 ns, 2.5704 ns/op

OverheadActual   1: 2114272 op, 5429976.00 ns, 2.5682 ns/op
OverheadActual   2: 2114272 op, 5453170.00 ns, 2.5792 ns/op
OverheadActual   3: 2114272 op, 5447769.00 ns, 2.5767 ns/op
OverheadActual   4: 2114272 op, 5446487.00 ns, 2.5761 ns/op
OverheadActual   5: 2114272 op, 5420669.00 ns, 2.5638 ns/op
OverheadActual   6: 2114272 op, 5427903.00 ns, 2.5673 ns/op
OverheadActual   7: 2114272 op, 5464311.00 ns, 2.5845 ns/op
OverheadActual   8: 2114272 op, 5511228.00 ns, 2.6067 ns/op

WorkloadWarmup   1: 2114272 op, 252888299.00 ns, 119.6101 ns/op
WorkloadWarmup   2: 2114272 op, 249238386.00 ns, 117.8838 ns/op
WorkloadWarmup   3: 2114272 op, 249767460.00 ns, 118.1340 ns/op
WorkloadWarmup   4: 2114272 op, 251316017.00 ns, 118.8665 ns/op
WorkloadWarmup   5: 2114272 op, 251328371.00 ns, 118.8723 ns/op

// BeforeActualRun
WorkloadActual   1: 2114272 op, 252821695.00 ns, 119.5786 ns/op
WorkloadActual   2: 2114272 op, 251752777.00 ns, 119.0730 ns/op
WorkloadActual   3: 2114272 op, 251757336.00 ns, 119.0752 ns/op
WorkloadActual   4: 2114272 op, 249987864.00 ns, 118.2383 ns/op
WorkloadActual   5: 2114272 op, 248403067.00 ns, 117.4887 ns/op
WorkloadActual   6: 2114272 op, 252809411.00 ns, 119.5728 ns/op
WorkloadActual   7: 2114272 op, 249218278.00 ns, 117.8743 ns/op
WorkloadActual   8: 2114272 op, 252093177.00 ns, 119.2340 ns/op

// AfterActualRun
WorkloadResult   1: 2114272 op, 247374567.00 ns, 117.0022 ns/op
WorkloadResult   2: 2114272 op, 246305649.00 ns, 116.4967 ns/op
WorkloadResult   3: 2114272 op, 246310208.00 ns, 116.4988 ns/op
WorkloadResult   4: 2114272 op, 244540736.00 ns, 115.6619 ns/op
WorkloadResult   5: 2114272 op, 242955939.00 ns, 114.9123 ns/op
WorkloadResult   6: 2114272 op, 247362283.00 ns, 116.9964 ns/op
WorkloadResult   7: 2114272 op, 243771150.00 ns, 115.2979 ns/op
WorkloadResult   8: 2114272 op, 246646049.00 ns, 116.6577 ns/op
// GC:  21 0 0 355197696 2114272
// Threading:  0 0 2114272

// AfterAll
// Benchmark Process 3445 has exited with code 0.

Mean = 116.191 ns, StdErr = 0.281 ns (0.24%), N = 8, StdDev = 0.795 ns
Min = 114.912 ns, Q1 = 115.571 ns, Median = 116.498 ns, Q3 = 116.742 ns, Max = 117.002 ns
IQR = 1.171 ns, LowerFence = 113.814 ns, UpperFence = 118.500 ns
ConfidenceInterval = [114.670 ns; 117.711 ns] (CI 99.9%), Margin = 1.520 ns (1.31% of Mean)
Skewness = -0.43, Kurtosis = 1.35, MValue = 2

// ** Remained 24 (70.6 %) benchmark(s) to run. Estimated finish 2026-08-02 8:20 (0h 2m from now) **
// **************************
// Benchmark: ExceptionLogging.MicrosoftExtensionsLogging: Quick(MaxRelativeError=0.05, Arguments=/p:MatrixMode=Benchmark, IterationTime=250ms, MaxIterationCount=12, MaxWarmupIterationCount=5, MinIterationCount=8, MinWarmupIterationCount=3)
// *** Execute ***
// Launch: 1 / 1
// Execute: dotnet Matrix.Logging-Quick-1.dll --anonymousPipes 137 138 --benchmarkName Matrix.Logging.Benchmarks.ExceptionLogging.MicrosoftExtensionsLogging --job Quick --benchmarkId 10 in /home/runner/work/dotnet-matrix/dotnet-matrix/src/Matrix.Logging/bin/Benchmark/Release/net10.0/Matrix.Logging-Quick-1/bin/Release/net10.0
// Failed to set up high priority (Permission denied). In order to run benchmarks with high priority, make sure you have the right permissions.
// BeforeAnythingElse

// Benchmark Process Environment Information:
// BenchmarkDotNet v0.15.8
// Runtime=.NET 10.0.10 (10.0.10, 10.0.1026.32716), X64 RyuJIT x86-64-v3
// GC=Concurrent Workstation
// HardwareIntrinsics=AVX2+BMI1+BMI2+F16C+FMA+LZCNT+MOVBE,AVX,SSE3+SSSE3+SSE4.1+SSE4.2+POPCNT,X86Base+SSE+SSE2,AES+PCLMUL VectorSize=256
// Job: Quick(MaxRelativeError=0.05, IterationTime=250ms, MaxIterationCount=12, MaxWarmupIterationCount=5, MinIterationCount=8, MinWarmupIterationCount=3)

OverheadJitting  1: 1 op, 191780.00 ns, 191.7800 us/op
WorkloadJitting  1: 1 op, 1541644.00 ns, 1.5416 ms/op

OverheadJitting  2: 16 op, 213210.00 ns, 13.3256 us/op
WorkloadJitting  2: 16 op, 179728.00 ns, 11.2330 us/op

WorkloadPilot    1: 16 op, 3957.00 ns, 247.3125 ns/op
WorkloadPilot    2: 1010880 op, 94172268.00 ns, 93.1587 ns/op
WorkloadPilot    3: 2683600 op, 79681278.00 ns, 29.6919 ns/op
WorkloadPilot    4: 8419808 op, 172289700.00 ns, 20.4624 ns/op
WorkloadPilot    5: 12217520 op, 248672093.00 ns, 20.3537 ns/op
WorkloadPilot    6: 12282768 op, 249743023.00 ns, 20.3328 ns/op
WorkloadPilot    7: 12295408 op, 250662460.00 ns, 20.3867 ns/op
WorkloadPilot    8: 12262928 op, 250123087.00 ns, 20.3967 ns/op
WorkloadPilot    9: 12256896 op, 249385051.00 ns, 20.3465 ns/op
WorkloadPilot   10: 12287120 op, 250145860.00 ns, 20.3584 ns/op

OverheadWarmup   1: 12287120 op, 31553768.00 ns, 2.5680 ns/op
OverheadWarmup   2: 12287120 op, 31555171.00 ns, 2.5682 ns/op
OverheadWarmup   3: 12287120 op, 32091158.00 ns, 2.6118 ns/op
OverheadWarmup   4: 12287120 op, 31552596.00 ns, 2.5679 ns/op
OverheadWarmup   5: 12287120 op, 31566262.00 ns, 2.5691 ns/op
OverheadWarmup   6: 12287120 op, 31667625.00 ns, 2.5773 ns/op
OverheadWarmup   7: 12287120 op, 31574618.00 ns, 2.5697 ns/op

OverheadActual   1: 12287120 op, 31569388.00 ns, 2.5693 ns/op
OverheadActual   2: 12287120 op, 31574197.00 ns, 2.5697 ns/op
OverheadActual   3: 12287120 op, 31560682.00 ns, 2.5686 ns/op
OverheadActual   4: 12287120 op, 31658415.00 ns, 2.5766 ns/op
OverheadActual   5: 12287120 op, 31628209.00 ns, 2.5741 ns/op
OverheadActual   6: 12287120 op, 34178036.00 ns, 2.7816 ns/op
OverheadActual   7: 12287120 op, 31699052.00 ns, 2.5799 ns/op
OverheadActual   8: 12287120 op, 31555452.00 ns, 2.5682 ns/op

WorkloadWarmup   1: 12287120 op, 252829690.00 ns, 20.5768 ns/op
WorkloadWarmup   2: 12287120 op, 256076222.00 ns, 20.8410 ns/op
WorkloadWarmup   3: 12287120 op, 250705628.00 ns, 20.4039 ns/op
WorkloadWarmup   4: 12287120 op, 252832421.00 ns, 20.5770 ns/op
WorkloadWarmup   5: 12287120 op, 250153828.00 ns, 20.3590 ns/op

// BeforeActualRun
WorkloadActual   1: 12287120 op, 250038695.00 ns, 20.3497 ns/op
WorkloadActual   2: 12287120 op, 251180569.00 ns, 20.4426 ns/op
WorkloadActual   3: 12287120 op, 261905477.00 ns, 21.3154 ns/op
WorkloadActual   4: 12287120 op, 253191054.00 ns, 20.6062 ns/op
WorkloadActual   5: 12287120 op, 250142240.00 ns, 20.3581 ns/op
WorkloadActual   6: 12287120 op, 250876358.00 ns, 20.4178 ns/op
WorkloadActual   7: 12287120 op, 250481607.00 ns, 20.3857 ns/op
WorkloadActual   8: 12287120 op, 250299194.00 ns, 20.3709 ns/op

// AfterActualRun
WorkloadResult   1: 12287120 op, 218437492.00 ns, 17.7778 ns/op
WorkloadResult   2: 12287120 op, 219579366.00 ns, 17.8707 ns/op
WorkloadResult   3: 12287120 op, 221589851.00 ns, 18.0343 ns/op
WorkloadResult   4: 12287120 op, 218541037.00 ns, 17.7862 ns/op
WorkloadResult   5: 12287120 op, 219275155.00 ns, 17.8459 ns/op
WorkloadResult   6: 12287120 op, 218880404.00 ns, 17.8138 ns/op
WorkloadResult   7: 12287120 op, 218697991.00 ns, 17.7990 ns/op
// GC:  0 0 0 0 12287120
// Threading:  0 0 12287120

// AfterAll
// Benchmark Process 3456 has exited with code 0.

Mean = 17.847 ns, StdErr = 0.034 ns (0.19%), N = 7, StdDev = 0.089 ns
Min = 17.778 ns, Q1 = 17.793 ns, Median = 17.814 ns, Q3 = 17.858 ns, Max = 18.034 ns
IQR = 0.066 ns, LowerFence = 17.694 ns, UpperFence = 17.957 ns
ConfidenceInterval = [17.646 ns; 18.047 ns] (CI 99.9%), Margin = 0.201 ns (1.12% of Mean)
Skewness = 1.2, Kurtosis = 2.91, MValue = 2

// ** Remained 23 (67.6 %) benchmark(s) to run. Estimated finish 2026-08-02 8:20 (0h 2m from now) **
// **************************
// Benchmark: ExceptionLogging.NLog: Quick(MaxRelativeError=0.05, Arguments=/p:MatrixMode=Benchmark, IterationTime=250ms, MaxIterationCount=12, MaxWarmupIterationCount=5, MinIterationCount=8, MinWarmupIterationCount=3)
// *** Execute ***
// Launch: 1 / 1
// Execute: dotnet Matrix.Logging-Quick-1.dll --anonymousPipes 137 138 --benchmarkName Matrix.Logging.Benchmarks.ExceptionLogging.NLog --job Quick --benchmarkId 11 in /home/runner/work/dotnet-matrix/dotnet-matrix/src/Matrix.Logging/bin/Benchmark/Release/net10.0/Matrix.Logging-Quick-1/bin/Release/net10.0
// Failed to set up high priority (Permission denied). In order to run benchmarks with high priority, make sure you have the right permissions.
// BeforeAnythingElse

// Benchmark Process Environment Information:
// BenchmarkDotNet v0.15.8
// Runtime=.NET 10.0.10 (10.0.10, 10.0.1026.32716), X64 RyuJIT x86-64-v3
// GC=Concurrent Workstation
// HardwareIntrinsics=AVX2+BMI1+BMI2+F16C+FMA+LZCNT+MOVBE,AVX,SSE3+SSSE3+SSE4.1+SSE4.2+POPCNT,X86Base+SSE+SSE2,AES+PCLMUL VectorSize=256
// Job: Quick(MaxRelativeError=0.05, IterationTime=250ms, MaxIterationCount=12, MaxWarmupIterationCount=5, MinIterationCount=8, MinWarmupIterationCount=3)

OverheadJitting  1: 1 op, 190889.00 ns, 190.8890 us/op
WorkloadJitting  1: 1 op, 4082565.00 ns, 4.0826 ms/op

OverheadJitting  2: 16 op, 197872.00 ns, 12.3670 us/op
WorkloadJitting  2: 16 op, 247334.00 ns, 15.4584 us/op

WorkloadPilot    1: 16 op, 10850.00 ns, 678.1250 ns/op
WorkloadPilot    2: 368672 op, 107090649.00 ns, 290.4768 ns/op
WorkloadPilot    3: 860656 op, 100447284.00 ns, 116.7101 ns/op
WorkloadPilot    4: 2142064 op, 106258987.00 ns, 49.6059 ns/op
WorkloadPilot    5: 5039728 op, 256471643.00 ns, 50.8900 ns/op
WorkloadPilot    6: 4912560 op, 245007448.00 ns, 49.8737 ns/op
WorkloadPilot    7: 5012672 op, 252843572.00 ns, 50.4409 ns/op
WorkloadPilot    8: 4956304 op, 249403573.00 ns, 50.3205 ns/op
WorkloadPilot    9: 4968160 op, 251343665.00 ns, 50.5909 ns/op

OverheadWarmup   1: 4968160 op, 12796788.00 ns, 2.5758 ns/op
OverheadWarmup   2: 4968160 op, 12789234.00 ns, 2.5742 ns/op
OverheadWarmup   3: 4968160 op, 12777482.00 ns, 2.5719 ns/op
OverheadWarmup   4: 4968160 op, 12796508.00 ns, 2.5757 ns/op
OverheadWarmup   5: 4968160 op, 12985693.00 ns, 2.6138 ns/op
OverheadWarmup   6: 4968160 op, 12765840.00 ns, 2.5695 ns/op
OverheadWarmup   7: 4968160 op, 12770869.00 ns, 2.5705 ns/op
OverheadWarmup   8: 4968160 op, 12903368.00 ns, 2.5972 ns/op
OverheadWarmup   9: 4968160 op, 12751503.00 ns, 2.5666 ns/op

OverheadActual   1: 4968160 op, 12805744.00 ns, 2.5776 ns/op
OverheadActual   2: 4968160 op, 12833537.00 ns, 2.5832 ns/op
OverheadActual   3: 4968160 op, 12914248.00 ns, 2.5994 ns/op
OverheadActual   4: 4968160 op, 12840830.00 ns, 2.5846 ns/op
OverheadActual   5: 4968160 op, 12854025.00 ns, 2.5873 ns/op
OverheadActual   6: 4968160 op, 12764257.00 ns, 2.5692 ns/op
OverheadActual   7: 4968160 op, 12758205.00 ns, 2.5680 ns/op
OverheadActual   8: 4968160 op, 12773344.00 ns, 2.5710 ns/op

WorkloadWarmup   1: 4968160 op, 263731342.00 ns, 53.0843 ns/op
WorkloadWarmup   2: 4968160 op, 249117015.00 ns, 50.1427 ns/op
WorkloadWarmup   3: 4968160 op, 248382986.00 ns, 49.9950 ns/op
WorkloadWarmup   4: 4968160 op, 248750126.00 ns, 50.0689 ns/op
WorkloadWarmup   5: 4968160 op, 245567049.00 ns, 49.4282 ns/op

// BeforeActualRun
WorkloadActual   1: 4968160 op, 249678389.00 ns, 50.2557 ns/op
WorkloadActual   2: 4968160 op, 248501960.00 ns, 50.0189 ns/op
WorkloadActual   3: 4968160 op, 248542917.00 ns, 50.0272 ns/op
WorkloadActual   4: 4968160 op, 251075522.00 ns, 50.5369 ns/op
WorkloadActual   5: 4968160 op, 251905641.00 ns, 50.7040 ns/op
WorkloadActual   6: 4968160 op, 253034874.00 ns, 50.9313 ns/op
WorkloadActual   7: 4968160 op, 250398795.00 ns, 50.4007 ns/op
WorkloadActual   8: 4968160 op, 252308140.00 ns, 50.7850 ns/op

// AfterActualRun
WorkloadResult   1: 4968160 op, 236858748.50 ns, 47.6753 ns/op
WorkloadResult   2: 4968160 op, 235682319.50 ns, 47.4386 ns/op
WorkloadResult   3: 4968160 op, 235723276.50 ns, 47.4468 ns/op
WorkloadResult   4: 4968160 op, 238255881.50 ns, 47.9566 ns/op
WorkloadResult   5: 4968160 op, 239086000.50 ns, 48.1237 ns/op
WorkloadResult   6: 4968160 op, 240215233.50 ns, 48.3509 ns/op
WorkloadResult   7: 4968160 op, 237579154.50 ns, 47.8204 ns/op
WorkloadResult   8: 4968160 op, 239488499.50 ns, 48.2047 ns/op
// GC:  35 0 0 596179200 4968160
// Threading:  0 0 4968160

// AfterAll
// Benchmark Process 3473 has exited with code 0.

Mean = 47.877 ns, StdErr = 0.121 ns (0.25%), N = 8, StdDev = 0.342 ns
Min = 47.439 ns, Q1 = 47.618 ns, Median = 47.888 ns, Q3 = 48.144 ns, Max = 48.351 ns
IQR = 0.526 ns, LowerFence = 46.830 ns, UpperFence = 48.932 ns
ConfidenceInterval = [47.223 ns; 48.532 ns] (CI 99.9%), Margin = 0.655 ns (1.37% of Mean)
Skewness = -0.05, Kurtosis = 1.26, MValue = 2

// ** Remained 22 (64.7 %) benchmark(s) to run. Estimated finish 2026-08-02 8:20 (0h 2m from now) **
// **************************
// Benchmark: ExceptionLogging.Serilog: Quick(MaxRelativeError=0.05, Arguments=/p:MatrixMode=Benchmark, IterationTime=250ms, MaxIterationCount=12, MaxWarmupIterationCount=5, MinIterationCount=8, MinWarmupIterationCount=3)
// *** Execute ***
// Launch: 1 / 1
// Execute: dotnet Matrix.Logging-Quick-1.dll --anonymousPipes 137 138 --benchmarkName Matrix.Logging.Benchmarks.ExceptionLogging.Serilog --job Quick --benchmarkId 12 in /home/runner/work/dotnet-matrix/dotnet-matrix/src/Matrix.Logging/bin/Benchmark/Release/net10.0/Matrix.Logging-Quick-1/bin/Release/net10.0
// Failed to set up high priority (Permission denied). In order to run benchmarks with high priority, make sure you have the right permissions.
// BeforeAnythingElse

// Benchmark Process Environment Information:
// BenchmarkDotNet v0.15.8
// Runtime=.NET 10.0.10 (10.0.10, 10.0.1026.32716), X64 RyuJIT x86-64-v3
// GC=Concurrent Workstation
// HardwareIntrinsics=AVX2+BMI1+BMI2+F16C+FMA+LZCNT+MOVBE,AVX,SSE3+SSSE3+SSE4.1+SSE4.2+POPCNT,X86Base+SSE+SSE2,AES+PCLMUL VectorSize=256
// Job: Quick(MaxRelativeError=0.05, IterationTime=250ms, MaxIterationCount=12, MaxWarmupIterationCount=5, MinIterationCount=8, MinWarmupIterationCount=3)

OverheadJitting  1: 1 op, 184257.00 ns, 184.2570 us/op
WorkloadJitting  1: 1 op, 6025535.00 ns, 6.0255 ms/op

OverheadJitting  2: 16 op, 192261.00 ns, 12.0163 us/op
WorkloadJitting  2: 16 op, 257604.00 ns, 16.1003 us/op

WorkloadPilot    1: 16 op, 13455.00 ns, 840.9375 ns/op
WorkloadPilot    2: 297296 op, 103325354.00 ns, 347.5504 ns/op
WorkloadPilot    3: 719328 op, 153805551.00 ns, 213.8184 ns/op
WorkloadPilot    4: 1169232 op, 117224273.00 ns, 100.2575 ns/op
WorkloadPilot    5: 2493584 op, 242100683.00 ns, 97.0894 ns/op
WorkloadPilot    6: 2574960 op, 259529078.00 ns, 100.7896 ns/op
WorkloadPilot    7: 2480416 op, 243986584.00 ns, 98.3652 ns/op
WorkloadPilot    8: 2541552 op, 254976691.00 ns, 100.3232 ns/op
WorkloadPilot    9: 2491952 op, 249143418.00 ns, 99.9792 ns/op
WorkloadPilot   10: 2500528 op, 245238736.00 ns, 98.0748 ns/op
WorkloadPilot   11: 2549088 op, 253708940.00 ns, 99.5293 ns/op

OverheadWarmup   1: 2549088 op, 5793930.00 ns, 2.2729 ns/op
OverheadWarmup   2: 2549088 op, 5824777.00 ns, 2.2850 ns/op
OverheadWarmup   3: 2549088 op, 5846589.00 ns, 2.2936 ns/op
OverheadWarmup   4: 2549088 op, 5779612.00 ns, 2.2673 ns/op
OverheadWarmup   5: 2549088 op, 5777008.00 ns, 2.2663 ns/op
OverheadWarmup   6: 2549088 op, 5773641.00 ns, 2.2650 ns/op
OverheadWarmup   7: 2549088 op, 5759625.00 ns, 2.2595 ns/op
OverheadWarmup   8: 2549088 op, 5774463.00 ns, 2.2653 ns/op
OverheadWarmup   9: 2549088 op, 5772198.00 ns, 2.2644 ns/op

OverheadActual   1: 2549088 op, 5784633.00 ns, 2.2693 ns/op
OverheadActual   2: 2549088 op, 5786466.00 ns, 2.2700 ns/op
OverheadActual   3: 2549088 op, 5764825.00 ns, 2.2615 ns/op
OverheadActual   4: 2549088 op, 5782017.00 ns, 2.2683 ns/op
OverheadActual   5: 2549088 op, 5780333.00 ns, 2.2676 ns/op
OverheadActual   6: 2549088 op, 5793118.00 ns, 2.2726 ns/op
OverheadActual   7: 2549088 op, 5761559.00 ns, 2.2602 ns/op
OverheadActual   8: 2549088 op, 5773320.00 ns, 2.2649 ns/op

WorkloadWarmup   1: 2549088 op, 260579140.00 ns, 102.2245 ns/op
WorkloadWarmup   2: 2549088 op, 256469112.00 ns, 100.6121 ns/op
WorkloadWarmup   3: 2549088 op, 250699920.00 ns, 98.3489 ns/op
WorkloadWarmup   4: 2549088 op, 247226799.00 ns, 96.9864 ns/op
WorkloadWarmup   5: 2549088 op, 247590231.00 ns, 97.1289 ns/op

// BeforeActualRun
WorkloadActual   1: 2549088 op, 259007459.00 ns, 101.6079 ns/op
WorkloadActual   2: 2549088 op, 256520600.00 ns, 100.6323 ns/op
WorkloadActual   3: 2549088 op, 252134123.00 ns, 98.9115 ns/op
WorkloadActual   4: 2549088 op, 252786739.00 ns, 99.1675 ns/op
WorkloadActual   5: 2549088 op, 251451482.00 ns, 98.6437 ns/op
WorkloadActual   6: 2549088 op, 254376674.00 ns, 99.7912 ns/op
WorkloadActual   7: 2549088 op, 252691319.00 ns, 99.1301 ns/op
WorkloadActual   8: 2549088 op, 254117868.00 ns, 99.6897 ns/op

// AfterActualRun
WorkloadResult   1: 2549088 op, 250739425.00 ns, 98.3644 ns/op
WorkloadResult   2: 2549088 op, 246352948.00 ns, 96.6436 ns/op
WorkloadResult   3: 2549088 op, 247005564.00 ns, 96.8996 ns/op
WorkloadResult   4: 2549088 op, 245670307.00 ns, 96.3758 ns/op
WorkloadResult   5: 2549088 op, 248595499.00 ns, 97.5233 ns/op
WorkloadResult   6: 2549088 op, 246910144.00 ns, 96.8621 ns/op
WorkloadResult   7: 2549088 op, 248336693.00 ns, 97.4218 ns/op
// GC:  24 0 0 407854080 2549088
// Threading:  0 0 2549088

// AfterAll
// Benchmark Process 3482 has exited with code 0.

Mean = 97.156 ns, StdErr = 0.253 ns (0.26%), N = 7, StdDev = 0.669 ns
Min = 96.376 ns, Q1 = 96.753 ns, Median = 96.900 ns, Q3 = 97.473 ns, Max = 98.364 ns
IQR = 0.720 ns, LowerFence = 95.673 ns, UpperFence = 98.552 ns
ConfidenceInterval = [95.648 ns; 98.664 ns] (CI 99.9%), Margin = 1.508 ns (1.55% of Mean)
Skewness = 0.56, Kurtosis = 1.85, MValue = 2

// ** Remained 21 (61.8 %) benchmark(s) to run. Estimated finish 2026-08-02 8:20 (0h 2m from now) **
// ***** BenchmarkRunner: Finish  *****

// * Export *
  tmp/dotnet-matrix/Logging/b642dcaa4aab42ce9e5baf9ee4995fd9/results/Matrix.Logging.Benchmarks.ExceptionLogging-report.csv
  tmp/dotnet-matrix/Logging/b642dcaa4aab42ce9e5baf9ee4995fd9/results/Matrix.Logging.Benchmarks.ExceptionLogging-report-github.md
  tmp/dotnet-matrix/Logging/b642dcaa4aab42ce9e5baf9ee4995fd9/results/Matrix.Logging.Benchmarks.ExceptionLogging-report.html
  tmp/dotnet-matrix/Logging/b642dcaa4aab42ce9e5baf9ee4995fd9/results/Matrix.Logging.Benchmarks.ExceptionLogging-report-full.json

// * Detailed results *
ExceptionLogging.MicrosoftExtensionsLogging: Quick(MaxRelativeError=0.05, Arguments=/p:MatrixMode=Benchmark, IterationTime=250ms, MaxIterationCount=12, MaxWarmupIterationCount=5, MinIterationCount=8, MinWarmupIterationCount=3)
Runtime = .NET 10.0.10 (10.0.10, 10.0.1026.32716), X64 RyuJIT x86-64-v3; GC = Concurrent Workstation
Mean = 17.847 ns, StdErr = 0.034 ns (0.19%), N = 7, StdDev = 0.089 ns
Min = 17.778 ns, Q1 = 17.793 ns, Median = 17.814 ns, Q3 = 17.858 ns, Max = 18.034 ns
IQR = 0.066 ns, LowerFence = 17.694 ns, UpperFence = 17.957 ns
ConfidenceInterval = [17.646 ns; 18.047 ns] (CI 99.9%), Margin = 0.201 ns (1.12% of Mean)
Skewness = 1.2, Kurtosis = 2.91, MValue = 2
-------------------- Histogram --------------------
[17.717 ns ; 18.096 ns) | @@@@@@@
---------------------------------------------------

ExceptionLogging.NLog: Quick(MaxRelativeError=0.05, Arguments=/p:MatrixMode=Benchmark, IterationTime=250ms, MaxIterationCount=12, MaxWarmupIterationCount=5, MinIterationCount=8, MinWarmupIterationCount=3)
Runtime = .NET 10.0.10 (10.0.10, 10.0.1026.32716), X64 RyuJIT x86-64-v3; GC = Concurrent Workstation
Mean = 47.877 ns, StdErr = 0.121 ns (0.25%), N = 8, StdDev = 0.342 ns
Min = 47.439 ns, Q1 = 47.618 ns, Median = 47.888 ns, Q3 = 48.144 ns, Max = 48.351 ns
IQR = 0.526 ns, LowerFence = 46.830 ns, UpperFence = 48.932 ns
ConfidenceInterval = [47.223 ns; 48.532 ns] (CI 99.9%), Margin = 0.655 ns (1.37% of Mean)
Skewness = -0.05, Kurtosis = 1.26, MValue = 2
-------------------- Histogram --------------------
[47.214 ns ; 48.576 ns) | @@@@@@@@
---------------------------------------------------

ExceptionLogging.Serilog: Quick(MaxRelativeError=0.05, Arguments=/p:MatrixMode=Benchmark, IterationTime=250ms, MaxIterationCount=12, MaxWarmupIterationCount=5, MinIterationCount=8, MinWarmupIterationCount=3)
Runtime = .NET 10.0.10 (10.0.10, 10.0.1026.32716), X64 RyuJIT x86-64-v3; GC = Concurrent Workstation
Mean = 97.156 ns, StdErr = 0.253 ns (0.26%), N = 7, StdDev = 0.669 ns
Min = 96.376 ns, Q1 = 96.753 ns, Median = 96.900 ns, Q3 = 97.473 ns, Max = 98.364 ns
IQR = 0.720 ns, LowerFence = 95.673 ns, UpperFence = 98.552 ns
ConfidenceInterval = [95.648 ns; 98.664 ns] (CI 99.9%), Margin = 1.508 ns (1.55% of Mean)
Skewness = 0.56, Kurtosis = 1.85, MValue = 2
-------------------- Histogram --------------------
[96.113 ns ; 98.824 ns) | @@@@@@@
---------------------------------------------------

ExceptionLogging.Log4Net: Quick(MaxRelativeError=0.05, Arguments=/p:MatrixMode=Benchmark, IterationTime=250ms, MaxIterationCount=12, MaxWarmupIterationCount=5, MinIterationCount=8, MinWarmupIterationCount=3)
Runtime = .NET 10.0.10 (10.0.10, 10.0.1026.32716), X64 RyuJIT x86-64-v3; GC = Concurrent Workstation
Mean = 116.191 ns, StdErr = 0.281 ns (0.24%), N = 8, StdDev = 0.795 ns
Min = 114.912 ns, Q1 = 115.571 ns, Median = 116.498 ns, Q3 = 116.742 ns, Max = 117.002 ns
IQR = 1.171 ns, LowerFence = 113.814 ns, UpperFence = 118.500 ns
ConfidenceInterval = [114.670 ns; 117.711 ns] (CI 99.9%), Margin = 1.520 ns (1.31% of Mean)
Skewness = -0.43, Kurtosis = 1.35, MValue = 2
-------------------- Histogram --------------------
[114.391 ns ; 117.524 ns) | @@@@@@@@
---------------------------------------------------

// * Summary *

BenchmarkDotNet v0.15.8, Linux Ubuntu 24.04.4 LTS (Noble Numbat)
AMD EPYC 7763 2.45GHz, 1 CPU, 4 logical and 2 physical cores
.NET SDK 10.0.302
  [Host] : .NET 10.0.10 (10.0.10, 10.0.1026.32716), X64 RyuJIT x86-64-v3
  Quick  : .NET 10.0.10 (10.0.10, 10.0.1026.32716), X64 RyuJIT x86-64-v3

Job=Quick  MaxRelativeError=0.05  Arguments=/p:MatrixMode=Benchmark  
IterationTime=250ms  MaxIterationCount=12  MaxWarmupIterationCount=5  
MinIterationCount=8  MinWarmupIterationCount=3  

| Method                     | Mean      | Error    | StdDev   | Gen0   | Allocated |
|--------------------------- |----------:|---------:|---------:|-------:|----------:|
| MicrosoftExtensionsLogging |  17.85 ns | 0.201 ns | 0.089 ns |      - |         - |
| NLog                       |  47.88 ns | 0.655 ns | 0.342 ns | 0.0070 |     120 B |
| Serilog                    |  97.16 ns | 1.508 ns | 0.669 ns | 0.0094 |     160 B |
| Log4Net                    | 116.19 ns | 1.520 ns | 0.795 ns | 0.0099 |     168 B |

// * Hints *
Outliers
  ExceptionLogging.MicrosoftExtensionsLogging: Quick -> 1 outlier  was  removed (21.32 ns)
  ExceptionLogging.Serilog: Quick                    -> 1 outlier  was  removed (101.61 ns)

// * Legends *
  Mean      : Arithmetic mean of all measurements
  Error     : Half of 99.9% confidence interval
  StdDev    : Standard deviation of all measurements
  Gen0      : GC Generation 0 collects per 1000 operations
  Allocated : Allocated memory per single operation (managed only, inclusive, 1KB = 1024B)
  1 ns      : 1 Nanosecond (0.000000001 sec)

// * Diagnostic Output - MemoryDiagnoser *


// ***** BenchmarkRunner: End *****
Run time: 00:00:23 (23.94 sec), executed benchmarks: 4

// Found 5 benchmarks:
//   PrepareLogger.Log4Net: Quick(MaxRelativeError=0.05, Arguments=/p:MatrixMode=Benchmark, IterationTime=250ms, MaxIterationCount=12, MaxWarmupIterationCount=5, MinIterationCount=8, MinWarmupIterationCount=3)
//   PrepareLogger.MicrosoftExtensionsLogging: Quick(MaxRelativeError=0.05, Arguments=/p:MatrixMode=Benchmark, IterationTime=250ms, MaxIterationCount=12, MaxWarmupIterationCount=5, MinIterationCount=8, MinWarmupIterationCount=3)
//   PrepareLogger.NLog: Quick(MaxRelativeError=0.05, Arguments=/p:MatrixMode=Benchmark, IterationTime=250ms, MaxIterationCount=12, MaxWarmupIterationCount=5, MinIterationCount=8, MinWarmupIterationCount=3)
//   PrepareLogger.Serilog: Quick(MaxRelativeError=0.05, Arguments=/p:MatrixMode=Benchmark, IterationTime=250ms, MaxIterationCount=12, MaxWarmupIterationCount=5, MinIterationCount=8, MinWarmupIterationCount=3)
//   PrepareLogger.ZLogger: Quick(MaxRelativeError=0.05, Arguments=/p:MatrixMode=Benchmark, IterationTime=250ms, MaxIterationCount=12, MaxWarmupIterationCount=5, MinIterationCount=8, MinWarmupIterationCount=3)

// **************************
// Benchmark: PrepareLogger.Log4Net: Quick(MaxRelativeError=0.05, Arguments=/p:MatrixMode=Benchmark, IterationTime=250ms, MaxIterationCount=12, MaxWarmupIterationCount=5, MinIterationCount=8, MinWarmupIterationCount=3)
// *** Execute ***
// Launch: 1 / 1
// Execute: dotnet Matrix.Logging-Quick-1.dll --anonymousPipes 137 138 --benchmarkName Matrix.Logging.Benchmarks.PrepareLogger.Log4Net --job Quick --benchmarkId 13 in /home/runner/work/dotnet-matrix/dotnet-matrix/src/Matrix.Logging/bin/Benchmark/Release/net10.0/Matrix.Logging-Quick-1/bin/Release/net10.0
// Failed to set up high priority (Permission denied). In order to run benchmarks with high priority, make sure you have the right permissions.
// BeforeAnythingElse

// Benchmark Process Environment Information:
// BenchmarkDotNet v0.15.8
// Runtime=.NET 10.0.10 (10.0.10, 10.0.1026.32716), X64 RyuJIT x86-64-v3
// GC=Concurrent Workstation
// HardwareIntrinsics=AVX2+BMI1+BMI2+F16C+FMA+LZCNT+MOVBE,AVX,SSE3+SSSE3+SSE4.1+SSE4.2+POPCNT,X86Base+SSE+SSE2,AES+PCLMUL VectorSize=256
// Job: Quick(MaxRelativeError=0.05, IterationTime=250ms, MaxIterationCount=12, MaxWarmupIterationCount=5, MinIterationCount=8, MinWarmupIterationCount=3)

OverheadJitting  1: 1 op, 231875.00 ns, 231.8750 us/op
WorkloadJitting  1: 1 op, 74020018.00 ns, 74.0200 ms/op

WorkloadPilot    1: 4 op, 331172.00 ns, 82.7930 us/op
WorkloadPilot    2: 3020 op, 66589035.00 ns, 22.0493 us/op
WorkloadPilot    3: 11338 op, 314600496.00 ns, 27.7474 us/op
WorkloadPilot    4: 9010 op, 214620353.00 ns, 23.8202 us/op
WorkloadPilot    5: 10495 op, 194064753.00 ns, 18.4912 us/op
WorkloadPilot    6: 13520 op, 206160423.00 ns, 15.2486 us/op
WorkloadPilot    7: 16395 op, 242586943.00 ns, 14.7964 us/op
WorkloadPilot    8: 16896 op, 281620148.00 ns, 16.6679 us/op
WorkloadPilot    9: 14999 op, 227413305.00 ns, 15.1619 us/op
WorkloadPilot   10: 16489 op, 235930787.00 ns, 14.3084 us/op
WorkloadPilot   11: 17472 op, 276932887.00 ns, 15.8501 us/op

WorkloadWarmup   1: 17472 op, 272365152.00 ns, 15.5887 us/op
WorkloadWarmup   2: 17472 op, 274327088.00 ns, 15.7010 us/op
WorkloadWarmup   3: 17472 op, 269178586.00 ns, 15.4063 us/op
WorkloadWarmup   4: 17472 op, 259178704.00 ns, 14.8339 us/op
WorkloadWarmup   5: 17472 op, 261959735.00 ns, 14.9931 us/op

// BeforeActualRun
WorkloadActual   1: 17472 op, 267881092.00 ns, 15.3320 us/op
WorkloadActual   2: 17472 op, 263595685.00 ns, 15.0867 us/op
WorkloadActual   3: 17472 op, 265387762.00 ns, 15.1893 us/op
WorkloadActual   4: 17472 op, 269695651.00 ns, 15.4359 us/op
WorkloadActual   5: 17472 op, 268816430.00 ns, 15.3856 us/op
WorkloadActual   6: 17472 op, 261708676.00 ns, 14.9787 us/op
WorkloadActual   7: 17472 op, 276270187.00 ns, 15.8122 us/op
WorkloadActual   8: 17472 op, 262754047.00 ns, 15.0386 us/op

// AfterActualRun
WorkloadResult   1: 17472 op, 267881092.00 ns, 15.3320 us/op
WorkloadResult   2: 17472 op, 263595685.00 ns, 15.0867 us/op
WorkloadResult   3: 17472 op, 265387762.00 ns, 15.1893 us/op
WorkloadResult   4: 17472 op, 269695651.00 ns, 15.4359 us/op
WorkloadResult   5: 17472 op, 268816430.00 ns, 15.3856 us/op
WorkloadResult   6: 17472 op, 261708676.00 ns, 14.9787 us/op
WorkloadResult   7: 17472 op, 276270187.00 ns, 15.8122 us/op
WorkloadResult   8: 17472 op, 262754047.00 ns, 15.0386 us/op
// GC:  7 6 0 121469888 17472
// Threading:  0 0 17472

// AfterAll
// Benchmark Process 3494 has exited with code 0.

Mean = 15.282 μs, StdErr = 0.096 μs (0.63%), N = 8, StdDev = 0.271 μs
Min = 14.979 μs, Q1 = 15.075 μs, Median = 15.261 μs, Q3 = 15.398 μs, Max = 15.812 μs
IQR = 0.323 μs, LowerFence = 14.590 μs, UpperFence = 15.883 μs
ConfidenceInterval = [14.763 μs; 15.801 μs] (CI 99.9%), Margin = 0.519 μs (3.40% of Mean)
Skewness = 0.64, Kurtosis = 2.14, MValue = 2

// ** Remained 20 (58.8 %) benchmark(s) to run. Estimated finish 2026-08-02 8:22 (0h 3m from now) **
// **************************
// Benchmark: PrepareLogger.MicrosoftExtensionsLogging: Quick(MaxRelativeError=0.05, Arguments=/p:MatrixMode=Benchmark, IterationTime=250ms, MaxIterationCount=12, MaxWarmupIterationCount=5, MinIterationCount=8, MinWarmupIterationCount=3)
// *** Execute ***
// Launch: 1 / 1
// Execute: dotnet Matrix.Logging-Quick-1.dll --anonymousPipes 137 138 --benchmarkName Matrix.Logging.Benchmarks.PrepareLogger.MicrosoftExtensionsLogging --job Quick --benchmarkId 14 in /home/runner/work/dotnet-matrix/dotnet-matrix/src/Matrix.Logging/bin/Benchmark/Release/net10.0/Matrix.Logging-Quick-1/bin/Release/net10.0
// Failed to set up high priority (Permission denied). In order to run benchmarks with high priority, make sure you have the right permissions.
// BeforeAnythingElse

// Benchmark Process Environment Information:
// BenchmarkDotNet v0.15.8
// Runtime=.NET 10.0.10 (10.0.10, 10.0.1026.32716), X64 RyuJIT x86-64-v3
// GC=Concurrent Workstation
// HardwareIntrinsics=AVX2+BMI1+BMI2+F16C+FMA+LZCNT+MOVBE,AVX,SSE3+SSSE3+SSE4.1+SSE4.2+POPCNT,X86Base+SSE+SSE2,AES+PCLMUL VectorSize=256
// Job: Quick(MaxRelativeError=0.05, IterationTime=250ms, MaxIterationCount=12, MaxWarmupIterationCount=5, MinIterationCount=8, MinWarmupIterationCount=3)

OverheadJitting  1: 1 op, 216536.00 ns, 216.5360 us/op
WorkloadJitting  1: 1 op, 41414300.00 ns, 41.4143 ms/op

WorkloadPilot    1: 4 op, 1809758.00 ns, 452.4395 us/op
WorkloadPilot    2: 553 op, 66015542.00 ns, 119.3771 us/op
WorkloadPilot    3: 2094 op, 255589351.00 ns, 122.0580 us/op
WorkloadPilot    4: 2048 op, 258777477.00 ns, 126.3562 us/op
WorkloadPilot    5: 1979 op, 250682208.00 ns, 126.6712 us/op

WorkloadWarmup   1: 1979 op, 249889369.00 ns, 126.2705 us/op
WorkloadWarmup   2: 1979 op, 234459106.00 ns, 118.4735 us/op
WorkloadWarmup   3: 1979 op, 220109082.00 ns, 111.2224 us/op
WorkloadWarmup   4: 1979 op, 219082726.00 ns, 110.7038 us/op
WorkloadWarmup   5: 1979 op, 218127712.00 ns, 110.2212 us/op

// BeforeActualRun
WorkloadActual   1: 1979 op, 213171717.00 ns, 107.7169 us/op
WorkloadActual   2: 1979 op, 179099572.00 ns, 90.5000 us/op
WorkloadActual   3: 1979 op, 168351852.00 ns, 85.0692 us/op
WorkloadActual   4: 1979 op, 108852173.00 ns, 55.0036 us/op
WorkloadActual   5: 1979 op, 95448857.00 ns, 48.2309 us/op
WorkloadActual   6: 1979 op, 94855603.00 ns, 47.9311 us/op
WorkloadActual   7: 1979 op, 89075521.00 ns, 45.0104 us/op
WorkloadActual   8: 1979 op, 82920213.00 ns, 41.9001 us/op
WorkloadActual   9: 1979 op, 82517197.00 ns, 41.6964 us/op
WorkloadActual  10: 1979 op, 79584199.00 ns, 40.2144 us/op
WorkloadActual  11: 1979 op, 68898957.00 ns, 34.8150 us/op
WorkloadActual  12: 1979 op, 67951958.00 ns, 34.3365 us/op

// AfterActualRun
WorkloadResult   1: 1979 op, 179099572.00 ns, 90.5000 us/op
WorkloadResult   2: 1979 op, 168351852.00 ns, 85.0692 us/op
WorkloadResult   3: 1979 op, 108852173.00 ns, 55.0036 us/op
WorkloadResult   4: 1979 op, 95448857.00 ns, 48.2309 us/op
WorkloadResult   5: 1979 op, 94855603.00 ns, 47.9311 us/op
WorkloadResult   6: 1979 op, 89075521.00 ns, 45.0104 us/op
WorkloadResult   7: 1979 op, 82920213.00 ns, 41.9001 us/op
WorkloadResult   8: 1979 op, 82517197.00 ns, 41.6964 us/op
WorkloadResult   9: 1979 op, 79584199.00 ns, 40.2144 us/op
WorkloadResult  10: 1979 op, 68898957.00 ns, 34.8150 us/op
WorkloadResult  11: 1979 op, 67951958.00 ns, 34.3365 us/op
// GC:  2 0 0 42947120 1979
// Threading:  0 0 1979

// AfterAll
// Benchmark Process 3554 has exited with code 0.

Mean = 51.337 μs, StdErr = 5.732 μs (11.17%), N = 11, StdDev = 19.011 μs
Min = 34.337 μs, Q1 = 40.955 μs, Median = 45.010 μs, Q3 = 51.617 μs, Max = 90.500 μs
IQR = 10.662 μs, LowerFence = 24.963 μs, UpperFence = 67.610 μs
ConfidenceInterval = [25.045 μs; 77.629 μs] (CI 99.9%), Margin = 26.292 μs (51.21% of Mean)
Skewness = 1.13, Kurtosis = 2.67, MValue = 2

// ** Remained 19 (55.9 %) benchmark(s) to run. Estimated finish 2026-08-02 8:21 (0h 2m from now) **
// **************************
// Benchmark: PrepareLogger.NLog: Quick(MaxRelativeError=0.05, Arguments=/p:MatrixMode=Benchmark, IterationTime=250ms, MaxIterationCount=12, MaxWarmupIterationCount=5, MinIterationCount=8, MinWarmupIterationCount=3)
// *** Execute ***
// Launch: 1 / 1
// Execute: dotnet Matrix.Logging-Quick-1.dll --anonymousPipes 137 138 --benchmarkName Matrix.Logging.Benchmarks.PrepareLogger.NLog --job Quick --benchmarkId 15 in /home/runner/work/dotnet-matrix/dotnet-matrix/src/Matrix.Logging/bin/Benchmark/Release/net10.0/Matrix.Logging-Quick-1/bin/Release/net10.0
// Failed to set up high priority (Permission denied). In order to run benchmarks with high priority, make sure you have the right permissions.
// BeforeAnythingElse

// Benchmark Process Environment Information:
// BenchmarkDotNet v0.15.8
// Runtime=.NET 10.0.10 (10.0.10, 10.0.1026.32716), X64 RyuJIT x86-64-v3
// GC=Concurrent Workstation
// HardwareIntrinsics=AVX2+BMI1+BMI2+F16C+FMA+LZCNT+MOVBE,AVX,SSE3+SSSE3+SSE4.1+SSE4.2+POPCNT,X86Base+SSE+SSE2,AES+PCLMUL VectorSize=256
// Job: Quick(MaxRelativeError=0.05, IterationTime=250ms, MaxIterationCount=12, MaxWarmupIterationCount=5, MinIterationCount=8, MinWarmupIterationCount=3)

OverheadJitting  1: 1 op, 211727.00 ns, 211.7270 us/op
WorkloadJitting  1: 1 op, 32771141.00 ns, 32.7711 ms/op

WorkloadPilot    1: 4 op, 570981.00 ns, 142.7453 us/op
WorkloadPilot    2: 1751 op, 42412254.00 ns, 24.2217 us/op
WorkloadPilot    3: 10321 op, 214298893.00 ns, 20.7634 us/op
WorkloadPilot    4: 12040 op, 276833580.00 ns, 22.9928 us/op
WorkloadPilot    5: 10873 op, 198852621.00 ns, 18.2887 us/op
WorkloadPilot    6: 13670 op, 192441620.00 ns, 14.0777 us/op
WorkloadPilot    7: 17759 op, 139428721.00 ns, 7.8512 us/op
WorkloadPilot    8: 31842 op, 193981873.00 ns, 6.0920 us/op
WorkloadPilot    9: 41037 op, 241115736.00 ns, 5.8756 us/op
WorkloadPilot   10: 42549 op, 248290988.00 ns, 5.8354 us/op
WorkloadPilot   11: 42842 op, 246222935.00 ns, 5.7472 us/op
WorkloadPilot   12: 43499 op, 250122898.00 ns, 5.7501 us/op
WorkloadPilot   13: 43478 op, 247950599.00 ns, 5.7029 us/op
WorkloadPilot   14: 43837 op, 269915391.00 ns, 6.1573 us/op

WorkloadWarmup   1: 43837 op, 252835811.00 ns, 5.7676 us/op
WorkloadWarmup   2: 43837 op, 254226753.00 ns, 5.7994 us/op
WorkloadWarmup   3: 43837 op, 256888351.00 ns, 5.8601 us/op
WorkloadWarmup   4: 43837 op, 254012812.00 ns, 5.7945 us/op
WorkloadWarmup   5: 43837 op, 252424029.00 ns, 5.7582 us/op

// BeforeActualRun
WorkloadActual   1: 43837 op, 250824245.00 ns, 5.7217 us/op
WorkloadActual   2: 43837 op, 253879311.00 ns, 5.7914 us/op
WorkloadActual   3: 43837 op, 246864390.00 ns, 5.6314 us/op
WorkloadActual   4: 43837 op, 249004307.00 ns, 5.6802 us/op
WorkloadActual   5: 43837 op, 254014585.00 ns, 5.7945 us/op
WorkloadActual   6: 43837 op, 254840185.00 ns, 5.8134 us/op
WorkloadActual   7: 43837 op, 255768198.00 ns, 5.8345 us/op
WorkloadActual   8: 43837 op, 253832673.00 ns, 5.7904 us/op

// AfterActualRun
WorkloadResult   1: 43837 op, 250824245.00 ns, 5.7217 us/op
WorkloadResult   2: 43837 op, 253879311.00 ns, 5.7914 us/op
WorkloadResult   3: 43837 op, 246864390.00 ns, 5.6314 us/op
WorkloadResult   4: 43837 op, 249004307.00 ns, 5.6802 us/op
WorkloadResult   5: 43837 op, 254014585.00 ns, 5.7945 us/op
WorkloadResult   6: 43837 op, 254840185.00 ns, 5.8134 us/op
WorkloadResult   7: 43837 op, 255768198.00 ns, 5.8345 us/op
WorkloadResult   8: 43837 op, 253832673.00 ns, 5.7904 us/op
// GC:  65 4 0 1097778272 43837
// Threading:  0 0 43837

// AfterAll
// Benchmark Process 3564 has exited with code 0.

Mean = 5.757 μs, StdErr = 0.025 μs (0.44%), N = 8, StdDev = 0.072 μs
Min = 5.631 μs, Q1 = 5.711 μs, Median = 5.791 μs, Q3 = 5.799 μs, Max = 5.835 μs
IQR = 0.088 μs, LowerFence = 5.580 μs, UpperFence = 5.931 μs
ConfidenceInterval = [5.620 μs; 5.894 μs] (CI 99.9%), Margin = 0.137 μs (2.38% of Mean)
Skewness = -0.59, Kurtosis = 1.61, MValue = 2

// ** Remained 18 (52.9 %) benchmark(s) to run. Estimated finish 2026-08-02 8:21 (0h 2m from now) **
// **************************
// Benchmark: PrepareLogger.Serilog: Quick(MaxRelativeError=0.05, Arguments=/p:MatrixMode=Benchmark, IterationTime=250ms, MaxIterationCount=12, MaxWarmupIterationCount=5, MinIterationCount=8, MinWarmupIterationCount=3)
// *** Execute ***
// Launch: 1 / 1
// Execute: dotnet Matrix.Logging-Quick-1.dll --anonymousPipes 137 138 --benchmarkName Matrix.Logging.Benchmarks.PrepareLogger.Serilog --job Quick --benchmarkId 16 in /home/runner/work/dotnet-matrix/dotnet-matrix/src/Matrix.Logging/bin/Benchmark/Release/net10.0/Matrix.Logging-Quick-1/bin/Release/net10.0
// Failed to set up high priority (Permission denied). In order to run benchmarks with high priority, make sure you have the right permissions.
// BeforeAnythingElse

// Benchmark Process Environment Information:
// BenchmarkDotNet v0.15.8
// Runtime=.NET 10.0.10 (10.0.10, 10.0.1026.32716), X64 RyuJIT x86-64-v3
// GC=Concurrent Workstation
// HardwareIntrinsics=AVX2+BMI1+BMI2+F16C+FMA+LZCNT+MOVBE,AVX,SSE3+SSSE3+SSE4.1+SSE4.2+POPCNT,X86Base+SSE+SSE2,AES+PCLMUL VectorSize=256
// Job: Quick(MaxRelativeError=0.05, IterationTime=250ms, MaxIterationCount=12, MaxWarmupIterationCount=5, MinIterationCount=8, MinWarmupIterationCount=3)

OverheadJitting  1: 1 op, 212679.00 ns, 212.6790 us/op
WorkloadJitting  1: 1 op, 9465203.00 ns, 9.4652 ms/op

OverheadJitting  2: 16 op, 344877.00 ns, 21.5548 us/op
WorkloadJitting  2: 16 op, 533341.00 ns, 33.3338 us/op

WorkloadPilot    1: 16 op, 155963.00 ns, 9.7477 us/op
WorkloadPilot    2: 25648 op, 101451112.00 ns, 3.9555 us/op
WorkloadPilot    3: 63216 op, 175141838.00 ns, 2.7705 us/op
WorkloadPilot    4: 90240 op, 106047782.00 ns, 1.1752 us/op
WorkloadPilot    5: 212736 op, 261888649.00 ns, 1.2310 us/op
WorkloadPilot    6: 203088 op, 237738493.00 ns, 1.1706 us/op
WorkloadPilot    7: 213568 op, 249785143.00 ns, 1.1696 us/op
WorkloadPilot    8: 213760 op, 243399312.00 ns, 1.1387 us/op
WorkloadPilot    9: 219568 op, 252571336.00 ns, 1.1503 us/op
WorkloadPilot   10: 217344 op, 256299455.00 ns, 1.1792 us/op

OverheadWarmup   1: 217344 op, 492175.00 ns, 2.2645 ns/op
OverheadWarmup   2: 217344 op, 504196.00 ns, 2.3198 ns/op
OverheadWarmup   3: 217344 op, 505739.00 ns, 2.3269 ns/op
OverheadWarmup   4: 217344 op, 506411.00 ns, 2.3300 ns/op
OverheadWarmup   5: 217344 op, 498786.00 ns, 2.2949 ns/op
OverheadWarmup   6: 217344 op, 509967.00 ns, 2.3464 ns/op
OverheadWarmup   7: 217344 op, 489619.00 ns, 2.2527 ns/op

OverheadActual   1: 217344 op, 497895.00 ns, 2.2908 ns/op
OverheadActual   2: 217344 op, 484950.00 ns, 2.2313 ns/op
OverheadActual   3: 217344 op, 490501.00 ns, 2.2568 ns/op
OverheadActual   4: 217344 op, 498065.00 ns, 2.2916 ns/op
OverheadActual   5: 217344 op, 482767.00 ns, 2.2212 ns/op
OverheadActual   6: 217344 op, 489068.00 ns, 2.2502 ns/op
OverheadActual   7: 217344 op, 496792.00 ns, 2.2857 ns/op
OverheadActual   8: 217344 op, 501121.00 ns, 2.3057 ns/op

WorkloadWarmup   1: 217344 op, 263825096.00 ns, 1.2139 us/op
WorkloadWarmup   2: 217344 op, 269116238.00 ns, 1.2382 us/op
WorkloadWarmup   3: 217344 op, 257856669.00 ns, 1.1864 us/op
WorkloadWarmup   4: 217344 op, 256518977.00 ns, 1.1802 us/op
WorkloadWarmup   5: 217344 op, 253115246.00 ns, 1.1646 us/op

// BeforeActualRun
WorkloadActual   1: 217344 op, 258095848.00 ns, 1.1875 us/op
WorkloadActual   2: 217344 op, 257054743.00 ns, 1.1827 us/op
WorkloadActual   3: 217344 op, 250640950.00 ns, 1.1532 us/op
WorkloadActual   4: 217344 op, 255163663.00 ns, 1.1740 us/op
WorkloadActual   5: 217344 op, 259265795.00 ns, 1.1929 us/op
WorkloadActual   6: 217344 op, 264097126.00 ns, 1.2151 us/op
WorkloadActual   7: 217344 op, 258227035.00 ns, 1.1881 us/op
WorkloadActual   8: 217344 op, 261371278.00 ns, 1.2026 us/op

// AfterActualRun
WorkloadResult   1: 217344 op, 257602201.50 ns, 1.1852 us/op
WorkloadResult   2: 217344 op, 256561096.50 ns, 1.1804 us/op
WorkloadResult   3: 217344 op, 250147303.50 ns, 1.1509 us/op
WorkloadResult   4: 217344 op, 254670016.50 ns, 1.1717 us/op
WorkloadResult   5: 217344 op, 258772148.50 ns, 1.1906 us/op
WorkloadResult   6: 217344 op, 263603479.50 ns, 1.2128 us/op
WorkloadResult   7: 217344 op, 257733388.50 ns, 1.1858 us/op
WorkloadResult   8: 217344 op, 260877631.50 ns, 1.2003 us/op
// GC:  40 0 0 683338720 217344
// Threading:  0 0 217344

// AfterAll
// Benchmark Process 3572 has exited with code 0.

Mean = 1.185 μs, StdErr = 0.007 μs (0.55%), N = 8, StdDev = 0.019 μs
Min = 1.151 μs, Q1 = 1.178 μs, Median = 1.186 μs, Q3 = 1.193 μs, Max = 1.213 μs
IQR = 0.015 μs, LowerFence = 1.156 μs, UpperFence = 1.215 μs
ConfidenceInterval = [1.149 μs; 1.220 μs] (CI 99.9%), Margin = 0.035 μs (2.99% of Mean)
Skewness = -0.29, Kurtosis = 2.15, MValue = 2

// ** Remained 17 (50.0 %) benchmark(s) to run. Estimated finish 2026-08-02 8:21 (0h 2m from now) **
// **************************
// Benchmark: PrepareLogger.ZLogger: Quick(MaxRelativeError=0.05, Arguments=/p:MatrixMode=Benchmark, IterationTime=250ms, MaxIterationCount=12, MaxWarmupIterationCount=5, MinIterationCount=8, MinWarmupIterationCount=3)
// *** Execute ***
// Launch: 1 / 1
// Execute: dotnet Matrix.Logging-Quick-1.dll --anonymousPipes 137 138 --benchmarkName Matrix.Logging.Benchmarks.PrepareLogger.ZLogger --job Quick --benchmarkId 17 in /home/runner/work/dotnet-matrix/dotnet-matrix/src/Matrix.Logging/bin/Benchmark/Release/net10.0/Matrix.Logging-Quick-1/bin/Release/net10.0
// Failed to set up high priority (Permission denied). In order to run benchmarks with high priority, make sure you have the right permissions.
// BeforeAnythingElse

// Benchmark Process Environment Information:
// BenchmarkDotNet v0.15.8
// Runtime=.NET 10.0.10 (10.0.10, 10.0.1026.32716), X64 RyuJIT x86-64-v3
// GC=Concurrent Workstation
// HardwareIntrinsics=AVX2+BMI1+BMI2+F16C+FMA+LZCNT+MOVBE,AVX,SSE3+SSSE3+SSE4.1+SSE4.2+POPCNT,X86Base+SSE+SSE2,AES+PCLMUL VectorSize=256
// Job: Quick(MaxRelativeError=0.05, IterationTime=250ms, MaxIterationCount=12, MaxWarmupIterationCount=5, MinIterationCount=8, MinWarmupIterationCount=3)

OverheadJitting  1: 1 op, 207810.00 ns, 207.8100 us/op
WorkloadJitting  1: 1 op, 45738193.00 ns, 45.7382 ms/op

WorkloadPilot    1: 4 op, 1839625.00 ns, 459.9063 us/op
WorkloadPilot    2: 544 op, 67431737.00 ns, 123.9554 us/op
WorkloadPilot    3: 2017 op, 253200737.00 ns, 125.5333 us/op
WorkloadPilot    4: 1992 op, 258066603.00 ns, 129.5515 us/op
WorkloadPilot    5: 1930 op, 252668136.00 ns, 130.9161 us/op

WorkloadWarmup   1: 1930 op, 251637751.00 ns, 130.3823 us/op
WorkloadWarmup   2: 1930 op, 234585923.00 ns, 121.5471 us/op
WorkloadWarmup   3: 1930 op, 236208440.00 ns, 122.3878 us/op
WorkloadWarmup   4: 1930 op, 209272321.00 ns, 108.4313 us/op
WorkloadWarmup   5: 1930 op, 206176588.00 ns, 106.8272 us/op

// BeforeActualRun
WorkloadActual   1: 1930 op, 225028287.00 ns, 116.5950 us/op
WorkloadActual   2: 1930 op, 203262126.00 ns, 105.3172 us/op
WorkloadActual   3: 1930 op, 202903403.00 ns, 105.1313 us/op
WorkloadActual   4: 1930 op, 127350536.00 ns, 65.9847 us/op
WorkloadActual   5: 1930 op, 96264105.00 ns, 49.8778 us/op
WorkloadActual   6: 1930 op, 95453644.00 ns, 49.4578 us/op
WorkloadActual   7: 1930 op, 92367890.00 ns, 47.8590 us/op
WorkloadActual   8: 1930 op, 90176115.00 ns, 46.7234 us/op
WorkloadActual   9: 1930 op, 87298991.00 ns, 45.2326 us/op
WorkloadActual  10: 1930 op, 88119262.00 ns, 45.6576 us/op
WorkloadActual  11: 1930 op, 87375435.00 ns, 45.2722 us/op
WorkloadActual  12: 1930 op, 86727008.00 ns, 44.9363 us/op

// AfterActualRun
WorkloadResult   1: 1930 op, 225028287.00 ns, 116.5950 us/op
WorkloadResult   2: 1930 op, 203262126.00 ns, 105.3172 us/op
WorkloadResult   3: 1930 op, 202903403.00 ns, 105.1313 us/op
WorkloadResult   4: 1930 op, 127350536.00 ns, 65.9847 us/op
WorkloadResult   5: 1930 op, 96264105.00 ns, 49.8778 us/op
WorkloadResult   6: 1930 op, 95453644.00 ns, 49.4578 us/op
WorkloadResult   7: 1930 op, 92367890.00 ns, 47.8590 us/op
WorkloadResult   8: 1930 op, 90176115.00 ns, 46.7234 us/op
WorkloadResult   9: 1930 op, 87298991.00 ns, 45.2326 us/op
WorkloadResult  10: 1930 op, 88119262.00 ns, 45.6576 us/op
WorkloadResult  11: 1930 op, 87375435.00 ns, 45.2722 us/op
WorkloadResult  12: 1930 op, 86727008.00 ns, 44.9363 us/op
// GC:  2 0 0 42220904 1930
// Threading:  0 0 1930

// AfterAll
// Benchmark Process 3581 has exited with code 0.

Mean = 64.004 μs, StdErr = 8.044 μs (12.57%), N = 12, StdDev = 27.866 μs
Min = 44.936 μs, Q1 = 45.561 μs, Median = 48.658 μs, Q3 = 75.771 μs, Max = 116.595 μs
IQR = 30.210 μs, LowerFence = 0.246 μs, UpperFence = 121.086 μs
ConfidenceInterval = [28.311 μs; 99.696 μs] (CI 99.9%), Margin = 35.692 μs (55.77% of Mean)
Skewness = 0.94, Kurtosis = 1.96, MValue = 2.67

// ** Remained 16 (47.1 %) benchmark(s) to run. Estimated finish 2026-08-02 8:21 (0h 2m from now) **
// ***** BenchmarkRunner: Finish  *****

// * Export *
  tmp/dotnet-matrix/Logging/b642dcaa4aab42ce9e5baf9ee4995fd9/results/Matrix.Logging.Benchmarks.PrepareLogger-report.csv
  tmp/dotnet-matrix/Logging/b642dcaa4aab42ce9e5baf9ee4995fd9/results/Matrix.Logging.Benchmarks.PrepareLogger-report-github.md
  tmp/dotnet-matrix/Logging/b642dcaa4aab42ce9e5baf9ee4995fd9/results/Matrix.Logging.Benchmarks.PrepareLogger-report.html
  tmp/dotnet-matrix/Logging/b642dcaa4aab42ce9e5baf9ee4995fd9/results/Matrix.Logging.Benchmarks.PrepareLogger-report-full.json

// * Detailed results *
PrepareLogger.Serilog: Quick(MaxRelativeError=0.05, Arguments=/p:MatrixMode=Benchmark, IterationTime=250ms, MaxIterationCount=12, MaxWarmupIterationCount=5, MinIterationCount=8, MinWarmupIterationCount=3)
Runtime = .NET 10.0.10 (10.0.10, 10.0.1026.32716), X64 RyuJIT x86-64-v3; GC = Concurrent Workstation
Mean = 1.185 μs, StdErr = 0.007 μs (0.55%), N = 8, StdDev = 0.019 μs
Min = 1.151 μs, Q1 = 1.178 μs, Median = 1.186 μs, Q3 = 1.193 μs, Max = 1.213 μs
IQR = 0.015 μs, LowerFence = 1.156 μs, UpperFence = 1.215 μs
ConfidenceInterval = [1.149 μs; 1.220 μs] (CI 99.9%), Margin = 0.035 μs (2.99% of Mean)
Skewness = -0.29, Kurtosis = 2.15, MValue = 2
-------------------- Histogram --------------------
[1.139 μs ; 1.163 μs) | @
[1.163 μs ; 1.193 μs) | @@@@@
[1.193 μs ; 1.219 μs) | @@
---------------------------------------------------

PrepareLogger.NLog: Quick(MaxRelativeError=0.05, Arguments=/p:MatrixMode=Benchmark, IterationTime=250ms, MaxIterationCount=12, MaxWarmupIterationCount=5, MinIterationCount=8, MinWarmupIterationCount=3)
Runtime = .NET 10.0.10 (10.0.10, 10.0.1026.32716), X64 RyuJIT x86-64-v3; GC = Concurrent Workstation
Mean = 5.757 μs, StdErr = 0.025 μs (0.44%), N = 8, StdDev = 0.072 μs
Min = 5.631 μs, Q1 = 5.711 μs, Median = 5.791 μs, Q3 = 5.799 μs, Max = 5.835 μs
IQR = 0.088 μs, LowerFence = 5.580 μs, UpperFence = 5.931 μs
ConfidenceInterval = [5.620 μs; 5.894 μs] (CI 99.9%), Margin = 0.137 μs (2.38% of Mean)
Skewness = -0.59, Kurtosis = 1.61, MValue = 2
-------------------- Histogram --------------------
[5.620 μs ; 5.871 μs) | @@@@@@@@
---------------------------------------------------

PrepareLogger.Log4Net: Quick(MaxRelativeError=0.05, Arguments=/p:MatrixMode=Benchmark, IterationTime=250ms, MaxIterationCount=12, MaxWarmupIterationCount=5, MinIterationCount=8, MinWarmupIterationCount=3)
Runtime = .NET 10.0.10 (10.0.10, 10.0.1026.32716), X64 RyuJIT x86-64-v3; GC = Concurrent Workstation
Mean = 15.282 μs, StdErr = 0.096 μs (0.63%), N = 8, StdDev = 0.271 μs
Min = 14.979 μs, Q1 = 15.075 μs, Median = 15.261 μs, Q3 = 15.398 μs, Max = 15.812 μs
IQR = 0.323 μs, LowerFence = 14.590 μs, UpperFence = 15.883 μs
ConfidenceInterval = [14.763 μs; 15.801 μs] (CI 99.9%), Margin = 0.519 μs (3.40% of Mean)
Skewness = 0.64, Kurtosis = 2.14, MValue = 2
-------------------- Histogram --------------------
[14.801 μs ; 15.390 μs) | @@@@@@
[15.390 μs ; 15.990 μs) | @@
---------------------------------------------------

PrepareLogger.MicrosoftExtensionsLogging: Quick(MaxRelativeError=0.05, Arguments=/p:MatrixMode=Benchmark, IterationTime=250ms, MaxIterationCount=12, MaxWarmupIterationCount=5, MinIterationCount=8, MinWarmupIterationCount=3)
Runtime = .NET 10.0.10 (10.0.10, 10.0.1026.32716), X64 RyuJIT x86-64-v3; GC = Concurrent Workstation
Mean = 51.337 μs, StdErr = 5.732 μs (11.17%), N = 11, StdDev = 19.011 μs
Min = 34.337 μs, Q1 = 40.955 μs, Median = 45.010 μs, Q3 = 51.617 μs, Max = 90.500 μs
IQR = 10.662 μs, LowerFence = 24.963 μs, UpperFence = 67.610 μs
ConfidenceInterval = [25.045 μs; 77.629 μs] (CI 99.9%), Margin = 26.292 μs (51.21% of Mean)
Skewness = 1.13, Kurtosis = 2.67, MValue = 2
-------------------- Histogram --------------------
[33.451 μs ;  55.889 μs) | @@@@@@@@@
[55.889 μs ;  76.565 μs) | 
[76.565 μs ; 101.719 μs) | @@
---------------------------------------------------

PrepareLogger.ZLogger: Quick(MaxRelativeError=0.05, Arguments=/p:MatrixMode=Benchmark, IterationTime=250ms, MaxIterationCount=12, MaxWarmupIterationCount=5, MinIterationCount=8, MinWarmupIterationCount=3)
Runtime = .NET 10.0.10 (10.0.10, 10.0.1026.32716), X64 RyuJIT x86-64-v3; GC = Concurrent Workstation
Mean = 64.004 μs, StdErr = 8.044 μs (12.57%), N = 12, StdDev = 27.866 μs
Min = 44.936 μs, Q1 = 45.561 μs, Median = 48.658 μs, Q3 = 75.771 μs, Max = 116.595 μs
IQR = 30.210 μs, LowerFence = 0.246 μs, UpperFence = 121.086 μs
ConfidenceInterval = [28.311 μs; 99.696 μs] (CI 99.9%), Margin = 35.692 μs (55.77% of Mean)
Skewness = 0.94, Kurtosis = 1.96, MValue = 2.67
-------------------- Histogram --------------------
[39.485 μs ;  71.436 μs) | @@@@@@@@@
[71.436 μs ;  94.888 μs) | 
[94.888 μs ; 132.570 μs) | @@@
---------------------------------------------------

// * Summary *

BenchmarkDotNet v0.15.8, Linux Ubuntu 24.04.4 LTS (Noble Numbat)
AMD EPYC 7763 2.45GHz, 1 CPU, 4 logical and 2 physical cores
.NET SDK 10.0.302
  [Host] : .NET 10.0.10 (10.0.10, 10.0.1026.32716), X64 RyuJIT x86-64-v3
  Quick  : .NET 10.0.10 (10.0.10, 10.0.1026.32716), X64 RyuJIT x86-64-v3

Job=Quick  MaxRelativeError=0.05  Arguments=/p:MatrixMode=Benchmark  
IterationTime=250ms  MaxIterationCount=12  MaxWarmupIterationCount=5  
MinIterationCount=8  MinWarmupIterationCount=3  

| Method                     | Mean      | Error      | StdDev     | Median    | Gen0   | Gen1   | Allocated |
|--------------------------- |----------:|-----------:|-----------:|----------:|-------:|-------:|----------:|
| Serilog                    |  1.185 μs |  0.0354 μs |  0.0185 μs |  1.186 μs | 0.1840 |      - |   3.07 KB |
| NLog                       |  5.757 μs |  0.1367 μs |  0.0715 μs |  5.791 μs | 1.4828 | 0.0912 |  24.46 KB |
| Log4Net                    | 15.282 μs |  0.5191 μs |  0.2715 μs | 15.261 μs | 0.4006 | 0.3434 |   6.79 KB |
| MicrosoftExtensionsLogging | 51.337 μs | 26.2916 μs | 19.0106 μs | 45.010 μs | 1.0106 |      - |  21.19 KB |
| ZLogger                    | 64.004 μs | 35.6923 μs | 27.8662 μs | 48.658 μs | 1.0363 |      - |  21.36 KB |

// * Warnings *
MinIterationTime
  PrepareLogger.MicrosoftExtensionsLogging: Quick -> The minimum observed iteration time is 67.952ms which is very small. It's recommended to increase it to at least 100ms using more operations.
  PrepareLogger.ZLogger: Quick                    -> The minimum observed iteration time is 86.727ms which is very small. It's recommended to increase it to at least 100ms using more operations.

// * Hints *
Outliers
  PrepareLogger.Serilog: Quick                    -> 1 outlier  was  detected (1.15 μs)
  PrepareLogger.MicrosoftExtensionsLogging: Quick -> 1 outlier  was  removed (107.72 μs)

// * Legends *
  Mean      : Arithmetic mean of all measurements
  Error     : Half of 99.9% confidence interval
  StdDev    : Standard deviation of all measurements
  Median    : Value separating the higher half of all measurements (50th percentile)
  Gen0      : GC Generation 0 collects per 1000 operations
  Gen1      : GC Generation 1 collects per 1000 operations
  Allocated : Allocated memory per single operation (managed only, inclusive, 1KB = 1024B)
  1 μs      : 1 Microsecond (0.000001 sec)

// * Diagnostic Output - MemoryDiagnoser *


// ***** BenchmarkRunner: End *****
Run time: 00:01:04 (64.38 sec), executed benchmarks: 5

// Found 4 benchmarks:
//   ScopeOrContext.Log4Net: Quick(MaxRelativeError=0.05, Arguments=/p:MatrixMode=Benchmark, IterationTime=250ms, MaxIterationCount=12, MaxWarmupIterationCount=5, MinIterationCount=8, MinWarmupIterationCount=3)
//   ScopeOrContext.MicrosoftExtensionsLogging: Quick(MaxRelativeError=0.05, Arguments=/p:MatrixMode=Benchmark, IterationTime=250ms, MaxIterationCount=12, MaxWarmupIterationCount=5, MinIterationCount=8, MinWarmupIterationCount=3)
//   ScopeOrContext.NLog: Quick(MaxRelativeError=0.05, Arguments=/p:MatrixMode=Benchmark, IterationTime=250ms, MaxIterationCount=12, MaxWarmupIterationCount=5, MinIterationCount=8, MinWarmupIterationCount=3)
//   ScopeOrContext.Serilog: Quick(MaxRelativeError=0.05, Arguments=/p:MatrixMode=Benchmark, IterationTime=250ms, MaxIterationCount=12, MaxWarmupIterationCount=5, MinIterationCount=8, MinWarmupIterationCount=3)

// **************************
// Benchmark: ScopeOrContext.Log4Net: Quick(MaxRelativeError=0.05, Arguments=/p:MatrixMode=Benchmark, IterationTime=250ms, MaxIterationCount=12, MaxWarmupIterationCount=5, MinIterationCount=8, MinWarmupIterationCount=3)
// *** Execute ***
// Launch: 1 / 1
// Execute: dotnet Matrix.Logging-Quick-1.dll --anonymousPipes 137 138 --benchmarkName Matrix.Logging.Benchmarks.ScopeOrContext.Log4Net --job Quick --benchmarkId 18 in /home/runner/work/dotnet-matrix/dotnet-matrix/src/Matrix.Logging/bin/Benchmark/Release/net10.0/Matrix.Logging-Quick-1/bin/Release/net10.0
// Failed to set up high priority (Permission denied). In order to run benchmarks with high priority, make sure you have the right permissions.
// BeforeAnythingElse

// Benchmark Process Environment Information:
// BenchmarkDotNet v0.15.8
// Runtime=.NET 10.0.10 (10.0.10, 10.0.1026.32716), X64 RyuJIT x86-64-v3
// GC=Concurrent Workstation
// HardwareIntrinsics=AVX2+BMI1+BMI2+F16C+FMA+LZCNT+MOVBE,AVX,SSE3+SSSE3+SSE4.1+SSE4.2+POPCNT,X86Base+SSE+SSE2,AES+PCLMUL VectorSize=256
// Job: Quick(MaxRelativeError=0.05, IterationTime=250ms, MaxIterationCount=12, MaxWarmupIterationCount=5, MinIterationCount=8, MinWarmupIterationCount=3)

OverheadJitting  1: 1 op, 181821.00 ns, 181.8210 us/op
WorkloadJitting  1: 1 op, 4154230.00 ns, 4.1542 ms/op

OverheadJitting  2: 16 op, 218630.00 ns, 13.6644 us/op
WorkloadJitting  2: 16 op, 279485.00 ns, 17.4678 us/op

WorkloadPilot    1: 16 op, 60393.00 ns, 3.7746 us/op
WorkloadPilot    2: 66240 op, 108560875.00 ns, 1.6389 us/op
WorkloadPilot    3: 152544 op, 166072104.00 ns, 1.0887 us/op
WorkloadPilot    4: 229648 op, 100021631.00 ns, 435.5432 ns/op
WorkloadPilot    5: 574000 op, 207064937.00 ns, 360.7403 ns/op
WorkloadPilot    6: 693024 op, 238589439.00 ns, 344.2730 ns/op
WorkloadPilot    7: 726176 op, 252915629.00 ns, 348.2842 ns/op
WorkloadPilot    8: 717808 op, 250878534.00 ns, 349.5065 ns/op
WorkloadPilot    9: 715296 op, 250329883.00 ns, 349.9668 ns/op

OverheadWarmup   1: 715296 op, 1653955.00 ns, 2.3123 ns/op
OverheadWarmup   2: 715296 op, 1675946.00 ns, 2.3430 ns/op
OverheadWarmup   3: 715296 op, 1639728.00 ns, 2.2924 ns/op
OverheadWarmup   4: 715296 op, 1643366.00 ns, 2.2975 ns/op
OverheadWarmup   5: 715296 op, 1642955.00 ns, 2.2969 ns/op

OverheadActual   1: 715296 op, 1640470.00 ns, 2.2934 ns/op
OverheadActual   2: 715296 op, 1644688.00 ns, 2.2993 ns/op
OverheadActual   3: 715296 op, 1634990.00 ns, 2.2858 ns/op
OverheadActual   4: 715296 op, 1636112.00 ns, 2.2873 ns/op
OverheadActual   5: 715296 op, 1640640.00 ns, 2.2937 ns/op
OverheadActual   6: 715296 op, 1639628.00 ns, 2.2922 ns/op
OverheadActual   7: 715296 op, 1631343.00 ns, 2.2807 ns/op
OverheadActual   8: 715296 op, 1649307.00 ns, 2.3058 ns/op

WorkloadWarmup   1: 715296 op, 251901795.00 ns, 352.1644 ns/op
WorkloadWarmup   2: 715296 op, 251833347.00 ns, 352.0687 ns/op
WorkloadWarmup   3: 715296 op, 252786286.00 ns, 353.4010 ns/op
WorkloadWarmup   4: 715296 op, 257603441.00 ns, 360.1354 ns/op
WorkloadWarmup   5: 715296 op, 255201732.00 ns, 356.7778 ns/op

// BeforeActualRun
WorkloadActual   1: 715296 op, 254390288.00 ns, 355.6434 ns/op
WorkloadActual   2: 715296 op, 257608941.00 ns, 360.1431 ns/op
WorkloadActual   3: 715296 op, 254323874.00 ns, 355.5505 ns/op
WorkloadActual   4: 715296 op, 254369028.00 ns, 355.6137 ns/op
WorkloadActual   5: 715296 op, 249015295.00 ns, 348.1290 ns/op
WorkloadActual   6: 715296 op, 255493328.00 ns, 357.1855 ns/op
WorkloadActual   7: 715296 op, 251455627.00 ns, 351.5407 ns/op
WorkloadActual   8: 715296 op, 253771777.00 ns, 354.7787 ns/op

// AfterActualRun
WorkloadResult   1: 715296 op, 252750239.00 ns, 353.3506 ns/op
WorkloadResult   2: 715296 op, 252683825.00 ns, 353.2577 ns/op
WorkloadResult   3: 715296 op, 252728979.00 ns, 353.3208 ns/op
WorkloadResult   4: 715296 op, 247375246.00 ns, 345.8362 ns/op
WorkloadResult   5: 715296 op, 253853279.00 ns, 354.8926 ns/op
WorkloadResult   6: 715296 op, 249815578.00 ns, 349.2478 ns/op
WorkloadResult   7: 715296 op, 252131728.00 ns, 352.4859 ns/op
// GC:  36 0 0 606571008 715296
// Threading:  0 0 715296

// AfterAll
// Benchmark Process 3591 has exited with code 0.

Mean = 351.770 ns, StdErr = 1.185 ns (0.34%), N = 7, StdDev = 3.135 ns
Min = 345.836 ns, Q1 = 350.867 ns, Median = 353.258 ns, Q3 = 353.336 ns, Max = 354.893 ns
IQR = 2.469 ns, LowerFence = 347.164 ns, UpperFence = 357.039 ns
ConfidenceInterval = [344.711 ns; 358.830 ns] (CI 99.9%), Margin = 7.060 ns (2.01% of Mean)
Skewness = -0.85, Kurtosis = 2.06, MValue = 2

// ** Remained 15 (44.1 %) benchmark(s) to run. Estimated finish 2026-08-02 8:21 (0h 2m from now) **
// **************************
// Benchmark: ScopeOrContext.MicrosoftExtensionsLogging: Quick(MaxRelativeError=0.05, Arguments=/p:MatrixMode=Benchmark, IterationTime=250ms, MaxIterationCount=12, MaxWarmupIterationCount=5, MinIterationCount=8, MinWarmupIterationCount=3)
// *** Execute ***
// Launch: 1 / 1
// Execute: dotnet Matrix.Logging-Quick-1.dll --anonymousPipes 137 138 --benchmarkName Matrix.Logging.Benchmarks.ScopeOrContext.MicrosoftExtensionsLogging --job Quick --benchmarkId 19 in /home/runner/work/dotnet-matrix/dotnet-matrix/src/Matrix.Logging/bin/Benchmark/Release/net10.0/Matrix.Logging-Quick-1/bin/Release/net10.0
// Failed to set up high priority (Permission denied). In order to run benchmarks with high priority, make sure you have the right permissions.
// BeforeAnythingElse

// Benchmark Process Environment Information:
// BenchmarkDotNet v0.15.8
// Runtime=.NET 10.0.10 (10.0.10, 10.0.1026.32716), X64 RyuJIT x86-64-v3
// GC=Concurrent Workstation
// HardwareIntrinsics=AVX2+BMI1+BMI2+F16C+FMA+LZCNT+MOVBE,AVX,SSE3+SSSE3+SSE4.1+SSE4.2+POPCNT,X86Base+SSE+SSE2,AES+PCLMUL VectorSize=256
// Job: Quick(MaxRelativeError=0.05, IterationTime=250ms, MaxIterationCount=12, MaxWarmupIterationCount=5, MinIterationCount=8, MinWarmupIterationCount=3)

OverheadJitting  1: 1 op, 197762.00 ns, 197.7620 us/op
WorkloadJitting  1: 1 op, 2537525.00 ns, 2.5375 ms/op

OverheadJitting  2: 16 op, 219983.00 ns, 13.7489 us/op
WorkloadJitting  2: 16 op, 269967.00 ns, 16.8729 us/op

WorkloadPilot    1: 16 op, 9097.00 ns, 568.5625 ns/op
WorkloadPilot    2: 439712 op, 110581228.00 ns, 251.4856 ns/op
WorkloadPilot    3: 994096 op, 111144667.00 ns, 111.8048 ns/op
WorkloadPilot    4: 2236048 op, 180671276.00 ns, 80.7994 ns/op
WorkloadPilot    5: 3094096 op, 254377604.00 ns, 82.2139 ns/op
WorkloadPilot    6: 3040864 op, 243188504.00 ns, 79.9735 ns/op
WorkloadPilot    7: 3126048 op, 244307826.00 ns, 78.1523 ns/op
WorkloadPilot    8: 3198896 op, 256402756.00 ns, 80.1535 ns/op
WorkloadPilot    9: 3119024 op, 251450909.00 ns, 80.6185 ns/op

OverheadWarmup   1: 3119024 op, 7099470.00 ns, 2.2762 ns/op
OverheadWarmup   2: 3119024 op, 7093490.00 ns, 2.2743 ns/op
OverheadWarmup   3: 3119024 op, 7043525.00 ns, 2.2582 ns/op
OverheadWarmup   4: 3119024 op, 8024868.00 ns, 2.5729 ns/op
OverheadWarmup   5: 3119024 op, 7042874.00 ns, 2.2580 ns/op
OverheadWarmup   6: 3119024 op, 7055719.00 ns, 2.2622 ns/op
OverheadWarmup   7: 3119024 op, 7084633.00 ns, 2.2714 ns/op
OverheadWarmup   8: 3119024 op, 7037774.00 ns, 2.2564 ns/op

OverheadActual   1: 3119024 op, 7051681.00 ns, 2.2609 ns/op
OverheadActual   2: 3119024 op, 7058594.00 ns, 2.2631 ns/op
OverheadActual   3: 3119024 op, 7057612.00 ns, 2.2628 ns/op
OverheadActual   4: 3119024 op, 7116924.00 ns, 2.2818 ns/op
OverheadActual   5: 3119024 op, 7067892.00 ns, 2.2661 ns/op
OverheadActual   6: 3119024 op, 7047583.00 ns, 2.2595 ns/op
OverheadActual   7: 3119024 op, 7095202.00 ns, 2.2748 ns/op
OverheadActual   8: 3119024 op, 7078411.00 ns, 2.2694 ns/op

WorkloadWarmup   1: 3119024 op, 257042828.00 ns, 82.4113 ns/op
WorkloadWarmup   2: 3119024 op, 254848479.00 ns, 81.7078 ns/op
WorkloadWarmup   3: 3119024 op, 246994821.00 ns, 79.1898 ns/op
WorkloadWarmup   4: 3119024 op, 248873258.00 ns, 79.7920 ns/op
WorkloadWarmup   5: 3119024 op, 254543465.00 ns, 81.6100 ns/op

// BeforeActualRun
WorkloadActual   1: 3119024 op, 251766014.00 ns, 80.7195 ns/op
WorkloadActual   2: 3119024 op, 244366653.00 ns, 78.3472 ns/op
WorkloadActual   3: 3119024 op, 251050084.00 ns, 80.4899 ns/op
WorkloadActual   4: 3119024 op, 250330182.00 ns, 80.2591 ns/op
WorkloadActual   5: 3119024 op, 249185272.00 ns, 79.8921 ns/op
WorkloadActual   6: 3119024 op, 250766101.00 ns, 80.3989 ns/op
WorkloadActual   7: 3119024 op, 248729366.00 ns, 79.7459 ns/op
WorkloadActual   8: 3119024 op, 248665646.00 ns, 79.7255 ns/op

// AfterActualRun
WorkloadResult   1: 3119024 op, 244702771.00 ns, 78.4549 ns/op
WorkloadResult   2: 3119024 op, 237303410.00 ns, 76.0826 ns/op
WorkloadResult   3: 3119024 op, 243986841.00 ns, 78.2254 ns/op
WorkloadResult   4: 3119024 op, 243266939.00 ns, 77.9946 ns/op
WorkloadResult   5: 3119024 op, 242122029.00 ns, 77.6275 ns/op
WorkloadResult   6: 3119024 op, 243702858.00 ns, 78.1343 ns/op
WorkloadResult   7: 3119024 op, 241666123.00 ns, 77.4813 ns/op
WorkloadResult   8: 3119024 op, 241602403.00 ns, 77.4609 ns/op
// GC:  22 0 0 374282880 3119024
// Threading:  0 0 3119024

// AfterAll
// Benchmark Process 3601 has exited with code 0.

Mean = 77.683 ns, StdErr = 0.262 ns (0.34%), N = 8, StdDev = 0.741 ns
Min = 76.083 ns, Q1 = 77.476 ns, Median = 77.811 ns, Q3 = 78.157 ns, Max = 78.455 ns
IQR = 0.681 ns, LowerFence = 76.455 ns, UpperFence = 79.178 ns
ConfidenceInterval = [76.266 ns; 79.100 ns] (CI 99.9%), Margin = 1.417 ns (1.82% of Mean)
Skewness = -1.04, Kurtosis = 2.92, MValue = 2

// ** Remained 14 (41.2 %) benchmark(s) to run. Estimated finish 2026-08-02 8:21 (0h 1m from now) **
// **************************
// Benchmark: ScopeOrContext.NLog: Quick(MaxRelativeError=0.05, Arguments=/p:MatrixMode=Benchmark, IterationTime=250ms, MaxIterationCount=12, MaxWarmupIterationCount=5, MinIterationCount=8, MinWarmupIterationCount=3)
// *** Execute ***
// Launch: 1 / 1
// Execute: dotnet Matrix.Logging-Quick-1.dll --anonymousPipes 137 138 --benchmarkName Matrix.Logging.Benchmarks.ScopeOrContext.NLog --job Quick --benchmarkId 20 in /home/runner/work/dotnet-matrix/dotnet-matrix/src/Matrix.Logging/bin/Benchmark/Release/net10.0/Matrix.Logging-Quick-1/bin/Release/net10.0
// Failed to set up high priority (Permission denied). In order to run benchmarks with high priority, make sure you have the right permissions.
// BeforeAnythingElse

// Benchmark Process Environment Information:
// BenchmarkDotNet v0.15.8
// Runtime=.NET 10.0.10 (10.0.10, 10.0.1026.32716), X64 RyuJIT x86-64-v3
// GC=Concurrent Workstation
// HardwareIntrinsics=AVX2+BMI1+BMI2+F16C+FMA+LZCNT+MOVBE,AVX,SSE3+SSSE3+SSE4.1+SSE4.2+POPCNT,X86Base+SSE+SSE2,AES+PCLMUL VectorSize=256
// Job: Quick(MaxRelativeError=0.05, IterationTime=250ms, MaxIterationCount=12, MaxWarmupIterationCount=5, MinIterationCount=8, MinWarmupIterationCount=3)

OverheadJitting  1: 1 op, 174717.00 ns, 174.7170 us/op
WorkloadJitting  1: 1 op, 5379642.00 ns, 5.3796 ms/op

OverheadJitting  2: 16 op, 239460.00 ns, 14.9663 us/op
WorkloadJitting  2: 16 op, 266390.00 ns, 16.6494 us/op

WorkloadPilot    1: 16 op, 17423.00 ns, 1.0889 us/op
WorkloadPilot    2: 229584 op, 110395977.00 ns, 480.8522 ns/op
WorkloadPilot    3: 519920 op, 104671457.00 ns, 201.3222 ns/op
WorkloadPilot    4: 1241792 op, 126184515.00 ns, 101.6149 ns/op
WorkloadPilot    5: 2460272 op, 251238107.00 ns, 102.1180 ns/op
WorkloadPilot    6: 2448160 op, 256453781.00 ns, 104.7537 ns/op
WorkloadPilot    7: 2386560 op, 246564891.00 ns, 103.3139 ns/op
WorkloadPilot    8: 2419824 op, 257439833.00 ns, 106.3878 ns/op

OverheadWarmup   1: 2419824 op, 5509896.00 ns, 2.2770 ns/op
OverheadWarmup   2: 2419824 op, 5476384.00 ns, 2.2631 ns/op
OverheadWarmup   3: 2419824 op, 5491301.00 ns, 2.2693 ns/op
OverheadWarmup   4: 2419824 op, 5476725.00 ns, 2.2633 ns/op
OverheadWarmup   5: 2419824 op, 5548218.00 ns, 2.2928 ns/op
OverheadWarmup   6: 2419824 op, 5480682.00 ns, 2.2649 ns/op

OverheadActual   1: 2419824 op, 5470172.00 ns, 2.2606 ns/op
OverheadActual   2: 2419824 op, 5465272.00 ns, 2.2585 ns/op
OverheadActual   3: 2419824 op, 5495870.00 ns, 2.2712 ns/op
OverheadActual   4: 2419824 op, 5474841.00 ns, 2.2625 ns/op
OverheadActual   5: 2419824 op, 5482124.00 ns, 2.2655 ns/op
OverheadActual   6: 2419824 op, 5479059.00 ns, 2.2642 ns/op
OverheadActual   7: 2419824 op, 5466365.00 ns, 2.2590 ns/op
OverheadActual   8: 2419824 op, 5506307.00 ns, 2.2755 ns/op

WorkloadWarmup   1: 2419824 op, 256693264.00 ns, 106.0793 ns/op
WorkloadWarmup   2: 2419824 op, 251062057.00 ns, 103.7522 ns/op
WorkloadWarmup   3: 2419824 op, 249801530.00 ns, 103.2313 ns/op
WorkloadWarmup   4: 2419824 op, 248486540.00 ns, 102.6879 ns/op
WorkloadWarmup   5: 2419824 op, 251822434.00 ns, 104.0664 ns/op

// BeforeActualRun
WorkloadActual   1: 2419824 op, 240554305.00 ns, 99.4098 ns/op
WorkloadActual   2: 2419824 op, 250064483.00 ns, 103.3399 ns/op
WorkloadActual   3: 2419824 op, 250586695.00 ns, 103.5558 ns/op
WorkloadActual   4: 2419824 op, 252579646.00 ns, 104.3793 ns/op
WorkloadActual   5: 2419824 op, 249325997.00 ns, 103.0348 ns/op
WorkloadActual   6: 2419824 op, 248344434.00 ns, 102.6291 ns/op
WorkloadActual   7: 2419824 op, 249853767.00 ns, 103.2529 ns/op
WorkloadActual   8: 2419824 op, 249972150.00 ns, 103.3018 ns/op

// AfterActualRun
WorkloadResult   1: 2419824 op, 235077355.00 ns, 97.1465 ns/op
WorkloadResult   2: 2419824 op, 244587533.00 ns, 101.0766 ns/op
WorkloadResult   3: 2419824 op, 245109745.00 ns, 101.2924 ns/op
WorkloadResult   4: 2419824 op, 243849047.00 ns, 100.7714 ns/op
WorkloadResult   5: 2419824 op, 242867484.00 ns, 100.3658 ns/op
WorkloadResult   6: 2419824 op, 244376817.00 ns, 100.9895 ns/op
WorkloadResult   7: 2419824 op, 244495200.00 ns, 101.0384 ns/op
// GC:  35 0 0 600116352 2419824
// Threading:  0 0 2419824

// AfterAll
// Benchmark Process 3611 has exited with code 0.

Mean = 100.383 ns, StdErr = 0.551 ns (0.55%), N = 7, StdDev = 1.457 ns
Min = 97.146 ns, Q1 = 100.569 ns, Median = 100.990 ns, Q3 = 101.058 ns, Max = 101.292 ns
IQR = 0.489 ns, LowerFence = 99.835 ns, UpperFence = 101.791 ns
ConfidenceInterval = [97.102 ns; 103.664 ns] (CI 99.9%), Margin = 3.281 ns (3.27% of Mean)
Skewness = -1.49, Kurtosis = 3.52, MValue = 2

// ** Remained 13 (38.2 %) benchmark(s) to run. Estimated finish 2026-08-02 8:21 (0h 1m from now) **
// **************************
// Benchmark: ScopeOrContext.Serilog: Quick(MaxRelativeError=0.05, Arguments=/p:MatrixMode=Benchmark, IterationTime=250ms, MaxIterationCount=12, MaxWarmupIterationCount=5, MinIterationCount=8, MinWarmupIterationCount=3)
// *** Execute ***
// Launch: 1 / 1
// Execute: dotnet Matrix.Logging-Quick-1.dll --anonymousPipes 137 138 --benchmarkName Matrix.Logging.Benchmarks.ScopeOrContext.Serilog --job Quick --benchmarkId 21 in /home/runner/work/dotnet-matrix/dotnet-matrix/src/Matrix.Logging/bin/Benchmark/Release/net10.0/Matrix.Logging-Quick-1/bin/Release/net10.0
// Failed to set up high priority (Permission denied). In order to run benchmarks with high priority, make sure you have the right permissions.
// BeforeAnythingElse

// Benchmark Process Environment Information:
// BenchmarkDotNet v0.15.8
// Runtime=.NET 10.0.10 (10.0.10, 10.0.1026.32716), X64 RyuJIT x86-64-v3
// GC=Concurrent Workstation
// HardwareIntrinsics=AVX2+BMI1+BMI2+F16C+FMA+LZCNT+MOVBE,AVX,SSE3+SSSE3+SSE4.1+SSE4.2+POPCNT,X86Base+SSE+SSE2,AES+PCLMUL VectorSize=256
// Job: Quick(MaxRelativeError=0.05, IterationTime=250ms, MaxIterationCount=12, MaxWarmupIterationCount=5, MinIterationCount=8, MinWarmupIterationCount=3)

OverheadJitting  1: 1 op, 184276.00 ns, 184.2760 us/op
WorkloadJitting  1: 1 op, 7674602.00 ns, 7.6746 ms/op

OverheadJitting  2: 16 op, 252735.00 ns, 15.7959 us/op
WorkloadJitting  2: 16 op, 322325.00 ns, 20.1453 us/op

WorkloadPilot    1: 16 op, 32621.00 ns, 2.0388 us/op
WorkloadPilot    2: 122624 op, 111288092.00 ns, 907.5556 ns/op
WorkloadPilot    3: 275472 op, 153398740.00 ns, 556.8578 ns/op
WorkloadPilot    4: 448960 op, 107914597.00 ns, 240.3657 ns/op
WorkloadPilot    5: 1040096 op, 240328674.00 ns, 231.0639 ns/op
WorkloadPilot    6: 1081952 op, 257200739.00 ns, 237.7192 ns/op
WorkloadPilot    7: 1051664 op, 253875135.00 ns, 241.4033 ns/op
WorkloadPilot    8: 1035616 op, 247989823.00 ns, 239.4612 ns/op
WorkloadPilot    9: 1044016 op, 252009872.00 ns, 241.3851 ns/op

OverheadWarmup   1: 1044016 op, 2708986.00 ns, 2.5948 ns/op
OverheadWarmup   2: 1044016 op, 2934340.00 ns, 2.8106 ns/op
OverheadWarmup   3: 1044016 op, 2708866.00 ns, 2.5947 ns/op
OverheadWarmup   4: 1044016 op, 2707755.00 ns, 2.5936 ns/op
OverheadWarmup   5: 1044016 op, 2710520.00 ns, 2.5962 ns/op
OverheadWarmup   6: 1044016 op, 2707855.00 ns, 2.5937 ns/op

OverheadActual   1: 1044016 op, 2705180.00 ns, 2.5911 ns/op
OverheadActual   2: 1044016 op, 2710841.00 ns, 2.5966 ns/op
OverheadActual   3: 1044016 op, 2690782.00 ns, 2.5773 ns/op
OverheadActual   4: 1044016 op, 2767778.00 ns, 2.6511 ns/op
OverheadActual   5: 1044016 op, 2697415.00 ns, 2.5837 ns/op
OverheadActual   6: 1044016 op, 2685222.00 ns, 2.5720 ns/op
OverheadActual   7: 1044016 op, 2697125.00 ns, 2.5834 ns/op
OverheadActual   8: 1044016 op, 2697425.00 ns, 2.5837 ns/op

WorkloadWarmup   1: 1044016 op, 268833923.00 ns, 257.4998 ns/op
WorkloadWarmup   2: 1044016 op, 256762266.00 ns, 245.9371 ns/op
WorkloadWarmup   3: 1044016 op, 250527639.00 ns, 239.9653 ns/op
WorkloadWarmup   4: 1044016 op, 253877148.00 ns, 243.1736 ns/op
WorkloadWarmup   5: 1044016 op, 250104304.00 ns, 239.5598 ns/op

// BeforeActualRun
WorkloadActual   1: 1044016 op, 254868240.00 ns, 244.1229 ns/op
WorkloadActual   2: 1044016 op, 249000221.00 ns, 238.5023 ns/op
WorkloadActual   3: 1044016 op, 251245326.00 ns, 240.6528 ns/op
WorkloadActual   4: 1044016 op, 255296374.00 ns, 244.5330 ns/op
WorkloadActual   5: 1044016 op, 252210268.00 ns, 241.5770 ns/op
WorkloadActual   6: 1044016 op, 256829352.00 ns, 246.0014 ns/op
WorkloadActual   7: 1044016 op, 253315884.00 ns, 242.6360 ns/op
WorkloadActual   8: 1044016 op, 251680233.00 ns, 241.0693 ns/op

// AfterActualRun
WorkloadResult   1: 1044016 op, 252170820.00 ns, 241.5392 ns/op
WorkloadResult   2: 1044016 op, 246302801.00 ns, 235.9186 ns/op
WorkloadResult   3: 1044016 op, 248547906.00 ns, 238.0691 ns/op
WorkloadResult   4: 1044016 op, 252598954.00 ns, 241.9493 ns/op
WorkloadResult   5: 1044016 op, 249512848.00 ns, 238.9933 ns/op
WorkloadResult   6: 1044016 op, 254131932.00 ns, 243.4177 ns/op
WorkloadResult   7: 1044016 op, 250618464.00 ns, 240.0523 ns/op
WorkloadResult   8: 1044016 op, 248982813.00 ns, 238.4856 ns/op
// GC:  33 0 0 567944704 1044016
// Threading:  0 0 1044016

// AfterAll
// Benchmark Process 3621 has exited with code 0.

Mean = 239.803 ns, StdErr = 0.858 ns (0.36%), N = 8, StdDev = 2.427 ns
Min = 235.919 ns, Q1 = 238.381 ns, Median = 239.523 ns, Q3 = 241.642 ns, Max = 243.418 ns
IQR = 3.260 ns, LowerFence = 233.491 ns, UpperFence = 246.532 ns
ConfidenceInterval = [235.163 ns; 244.444 ns] (CI 99.9%), Margin = 4.641 ns (1.94% of Mean)
Skewness = -0.04, Kurtosis = 1.59, MValue = 2

// ** Remained 12 (35.3 %) benchmark(s) to run. Estimated finish 2026-08-02 8:21 (0h 1m from now) **
// ***** BenchmarkRunner: Finish  *****

// * Export *
  tmp/dotnet-matrix/Logging/b642dcaa4aab42ce9e5baf9ee4995fd9/results/Matrix.Logging.Benchmarks.ScopeOrContext-report.csv
  tmp/dotnet-matrix/Logging/b642dcaa4aab42ce9e5baf9ee4995fd9/results/Matrix.Logging.Benchmarks.ScopeOrContext-report-github.md
  tmp/dotnet-matrix/Logging/b642dcaa4aab42ce9e5baf9ee4995fd9/results/Matrix.Logging.Benchmarks.ScopeOrContext-report.html
  tmp/dotnet-matrix/Logging/b642dcaa4aab42ce9e5baf9ee4995fd9/results/Matrix.Logging.Benchmarks.ScopeOrContext-report-full.json

// * Detailed results *
ScopeOrContext.MicrosoftExtensionsLogging: Quick(MaxRelativeError=0.05, Arguments=/p:MatrixMode=Benchmark, IterationTime=250ms, MaxIterationCount=12, MaxWarmupIterationCount=5, MinIterationCount=8, MinWarmupIterationCount=3)
Runtime = .NET 10.0.10 (10.0.10, 10.0.1026.32716), X64 RyuJIT x86-64-v3; GC = Concurrent Workstation
Mean = 77.683 ns, StdErr = 0.262 ns (0.34%), N = 8, StdDev = 0.741 ns
Min = 76.083 ns, Q1 = 77.476 ns, Median = 77.811 ns, Q3 = 78.157 ns, Max = 78.455 ns
IQR = 0.681 ns, LowerFence = 76.455 ns, UpperFence = 79.178 ns
ConfidenceInterval = [76.266 ns; 79.100 ns] (CI 99.9%), Margin = 1.417 ns (1.82% of Mean)
Skewness = -1.04, Kurtosis = 2.92, MValue = 2
-------------------- Histogram --------------------
[75.596 ns ; 78.621 ns) | @@@@@@@@
---------------------------------------------------

ScopeOrContext.NLog: Quick(MaxRelativeError=0.05, Arguments=/p:MatrixMode=Benchmark, IterationTime=250ms, MaxIterationCount=12, MaxWarmupIterationCount=5, MinIterationCount=8, MinWarmupIterationCount=3)
Runtime = .NET 10.0.10 (10.0.10, 10.0.1026.32716), X64 RyuJIT x86-64-v3; GC = Concurrent Workstation
Mean = 100.383 ns, StdErr = 0.551 ns (0.55%), N = 7, StdDev = 1.457 ns
Min = 97.146 ns, Q1 = 100.569 ns, Median = 100.990 ns, Q3 = 101.058 ns, Max = 101.292 ns
IQR = 0.489 ns, LowerFence = 99.835 ns, UpperFence = 101.791 ns
ConfidenceInterval = [97.102 ns; 103.664 ns] (CI 99.9%), Margin = 3.281 ns (3.27% of Mean)
Skewness = -1.49, Kurtosis = 3.52, MValue = 2
-------------------- Histogram --------------------
[96.147 ns ; 101.837 ns) | @@@@@@@
---------------------------------------------------

ScopeOrContext.Serilog: Quick(MaxRelativeError=0.05, Arguments=/p:MatrixMode=Benchmark, IterationTime=250ms, MaxIterationCount=12, MaxWarmupIterationCount=5, MinIterationCount=8, MinWarmupIterationCount=3)
Runtime = .NET 10.0.10 (10.0.10, 10.0.1026.32716), X64 RyuJIT x86-64-v3; GC = Concurrent Workstation
Mean = 239.803 ns, StdErr = 0.858 ns (0.36%), N = 8, StdDev = 2.427 ns
Min = 235.919 ns, Q1 = 238.381 ns, Median = 239.523 ns, Q3 = 241.642 ns, Max = 243.418 ns
IQR = 3.260 ns, LowerFence = 233.491 ns, UpperFence = 246.532 ns
ConfidenceInterval = [235.163 ns; 244.444 ns] (CI 99.9%), Margin = 4.641 ns (1.94% of Mean)
Skewness = -0.04, Kurtosis = 1.59, MValue = 2
-------------------- Histogram --------------------
[234.326 ns ; 245.011 ns) | @@@@@@@@
---------------------------------------------------

ScopeOrContext.Log4Net: Quick(MaxRelativeError=0.05, Arguments=/p:MatrixMode=Benchmark, IterationTime=250ms, MaxIterationCount=12, MaxWarmupIterationCount=5, MinIterationCount=8, MinWarmupIterationCount=3)
Runtime = .NET 10.0.10 (10.0.10, 10.0.1026.32716), X64 RyuJIT x86-64-v3; GC = Concurrent Workstation
Mean = 351.770 ns, StdErr = 1.185 ns (0.34%), N = 7, StdDev = 3.135 ns
Min = 345.836 ns, Q1 = 350.867 ns, Median = 353.258 ns, Q3 = 353.336 ns, Max = 354.893 ns
IQR = 2.469 ns, LowerFence = 347.164 ns, UpperFence = 357.039 ns
ConfidenceInterval = [344.711 ns; 358.830 ns] (CI 99.9%), Margin = 7.060 ns (2.01% of Mean)
Skewness = -0.85, Kurtosis = 2.06, MValue = 2
-------------------- Histogram --------------------
[343.685 ns ; 357.043 ns) | @@@@@@@
---------------------------------------------------

// * Summary *

BenchmarkDotNet v0.15.8, Linux Ubuntu 24.04.4 LTS (Noble Numbat)
AMD EPYC 7763 2.45GHz, 1 CPU, 4 logical and 2 physical cores
.NET SDK 10.0.302
  [Host] : .NET 10.0.10 (10.0.10, 10.0.1026.32716), X64 RyuJIT x86-64-v3
  Quick  : .NET 10.0.10 (10.0.10, 10.0.1026.32716), X64 RyuJIT x86-64-v3

Job=Quick  MaxRelativeError=0.05  Arguments=/p:MatrixMode=Benchmark  
IterationTime=250ms  MaxIterationCount=12  MaxWarmupIterationCount=5  
MinIterationCount=8  MinWarmupIterationCount=3  

| Method                     | Mean      | Error    | StdDev   | Gen0   | Allocated |
|--------------------------- |----------:|---------:|---------:|-------:|----------:|
| MicrosoftExtensionsLogging |  77.68 ns | 1.417 ns | 0.741 ns | 0.0071 |     120 B |
| NLog                       | 100.38 ns | 3.281 ns | 1.457 ns | 0.0145 |     248 B |
| Serilog                    | 239.80 ns | 4.641 ns | 2.427 ns | 0.0316 |     544 B |
| Log4Net                    | 351.77 ns | 7.060 ns | 3.135 ns | 0.0503 |     848 B |

// * Hints *
Outliers
  ScopeOrContext.MicrosoftExtensionsLogging: Quick -> 1 outlier  was  detected (78.35 ns)
  ScopeOrContext.NLog: Quick                       -> 1 outlier  was  removed, 2 outliers were detected (99.41 ns, 104.38 ns)
  ScopeOrContext.Log4Net: Quick                    -> 1 outlier  was  removed, 2 outliers were detected (348.13 ns, 360.14 ns)

// * Legends *
  Mean      : Arithmetic mean of all measurements
  Error     : Half of 99.9% confidence interval
  StdDev    : Standard deviation of all measurements
  Gen0      : GC Generation 0 collects per 1000 operations
  Allocated : Allocated memory per single operation (managed only, inclusive, 1KB = 1024B)
  1 ns      : 1 Nanosecond (0.000000001 sec)

// * Diagnostic Output - MemoryDiagnoser *


// ***** BenchmarkRunner: End *****
Run time: 00:00:21 (21.64 sec), executed benchmarks: 4

// Found 4 benchmarks:
//   SimpleMessage.Log4Net: Quick(MaxRelativeError=0.05, Arguments=/p:MatrixMode=Benchmark, IterationTime=250ms, MaxIterationCount=12, MaxWarmupIterationCount=5, MinIterationCount=8, MinWarmupIterationCount=3)
//   SimpleMessage.MicrosoftExtensionsLogging: Quick(MaxRelativeError=0.05, Arguments=/p:MatrixMode=Benchmark, IterationTime=250ms, MaxIterationCount=12, MaxWarmupIterationCount=5, MinIterationCount=8, MinWarmupIterationCount=3)
//   SimpleMessage.NLog: Quick(MaxRelativeError=0.05, Arguments=/p:MatrixMode=Benchmark, IterationTime=250ms, MaxIterationCount=12, MaxWarmupIterationCount=5, MinIterationCount=8, MinWarmupIterationCount=3)
//   SimpleMessage.Serilog: Quick(MaxRelativeError=0.05, Arguments=/p:MatrixMode=Benchmark, IterationTime=250ms, MaxIterationCount=12, MaxWarmupIterationCount=5, MinIterationCount=8, MinWarmupIterationCount=3)

// **************************
// Benchmark: SimpleMessage.Log4Net: Quick(MaxRelativeError=0.05, Arguments=/p:MatrixMode=Benchmark, IterationTime=250ms, MaxIterationCount=12, MaxWarmupIterationCount=5, MinIterationCount=8, MinWarmupIterationCount=3)
// *** Execute ***
// Launch: 1 / 1
// Execute: dotnet Matrix.Logging-Quick-1.dll --anonymousPipes 137 138 --benchmarkName Matrix.Logging.Benchmarks.SimpleMessage.Log4Net --job Quick --benchmarkId 22 in /home/runner/work/dotnet-matrix/dotnet-matrix/src/Matrix.Logging/bin/Benchmark/Release/net10.0/Matrix.Logging-Quick-1/bin/Release/net10.0
// Failed to set up high priority (Permission denied). In order to run benchmarks with high priority, make sure you have the right permissions.
// BeforeAnythingElse

// Benchmark Process Environment Information:
// BenchmarkDotNet v0.15.8
// Runtime=.NET 10.0.10 (10.0.10, 10.0.1026.32716), X64 RyuJIT x86-64-v3
// GC=Concurrent Workstation
// HardwareIntrinsics=AVX2+BMI1+BMI2+F16C+FMA+LZCNT+MOVBE,AVX,SSE3+SSSE3+SSE4.1+SSE4.2+POPCNT,X86Base+SSE+SSE2,AES+PCLMUL VectorSize=256
// Job: Quick(MaxRelativeError=0.05, IterationTime=250ms, MaxIterationCount=12, MaxWarmupIterationCount=5, MinIterationCount=8, MinWarmupIterationCount=3)

OverheadJitting  1: 1 op, 179758.00 ns, 179.7580 us/op
WorkloadJitting  1: 1 op, 2760994.00 ns, 2.7610 ms/op

OverheadJitting  2: 16 op, 210596.00 ns, 13.1623 us/op
WorkloadJitting  2: 16 op, 263224.00 ns, 16.4515 us/op

WorkloadPilot    1: 16 op, 18234.00 ns, 1.1396 us/op
WorkloadPilot    2: 219376 op, 136301891.00 ns, 621.3163 ns/op
WorkloadPilot    3: 402384 op, 125489268.00 ns, 311.8645 ns/op
WorkloadPilot    4: 801632 op, 94647855.00 ns, 118.0690 ns/op
WorkloadPilot    5: 2117408 op, 251215570.00 ns, 118.6430 ns/op
WorkloadPilot    6: 2107168 op, 247889315.00 ns, 117.6410 ns/op
WorkloadPilot    7: 2125120 op, 249507073.00 ns, 117.4085 ns/op
WorkloadPilot    8: 2129328 op, 251883885.00 ns, 118.2927 ns/op
WorkloadPilot    9: 2113408 op, 247934409.00 ns, 117.3150 ns/op
WorkloadPilot   10: 2131024 op, 250198902.00 ns, 117.4078 ns/op

OverheadWarmup   1: 2131024 op, 5591609.00 ns, 2.6239 ns/op
OverheadWarmup   2: 2131024 op, 5490380.00 ns, 2.5764 ns/op
OverheadWarmup   3: 2131024 op, 5468439.00 ns, 2.5661 ns/op
OverheadWarmup   4: 2131024 op, 5466164.00 ns, 2.5650 ns/op
OverheadWarmup   5: 2131024 op, 5488175.00 ns, 2.5754 ns/op
OverheadWarmup   6: 2131024 op, 5475852.00 ns, 2.5696 ns/op
OverheadWarmup   7: 2131024 op, 5464591.00 ns, 2.5643 ns/op
OverheadWarmup   8: 2131024 op, 5480130.00 ns, 2.5716 ns/op
OverheadWarmup   9: 2131024 op, 5448200.00 ns, 2.5566 ns/op

OverheadActual   1: 2131024 op, 5472606.00 ns, 2.5681 ns/op
OverheadActual   2: 2131024 op, 5460173.00 ns, 2.5622 ns/op
OverheadActual   3: 2131024 op, 5476894.00 ns, 2.5701 ns/op
OverheadActual   4: 2131024 op, 5481784.00 ns, 2.5724 ns/op
OverheadActual   5: 2131024 op, 5480651.00 ns, 2.5718 ns/op
OverheadActual   6: 2131024 op, 5508333.00 ns, 2.5848 ns/op
OverheadActual   7: 2131024 op, 5489398.00 ns, 2.5759 ns/op
OverheadActual   8: 2131024 op, 5470552.00 ns, 2.5671 ns/op

WorkloadWarmup   1: 2131024 op, 262853454.00 ns, 123.3461 ns/op
WorkloadWarmup   2: 2131024 op, 252721117.00 ns, 118.5914 ns/op
WorkloadWarmup   3: 2131024 op, 250630462.00 ns, 117.6103 ns/op
WorkloadWarmup   4: 2131024 op, 247592067.00 ns, 116.1846 ns/op
WorkloadWarmup   5: 2131024 op, 244947054.00 ns, 114.9434 ns/op

// BeforeActualRun
WorkloadActual   1: 2131024 op, 245371986.00 ns, 115.1428 ns/op
WorkloadActual   2: 2131024 op, 249197330.00 ns, 116.9378 ns/op
WorkloadActual   3: 2131024 op, 249149560.00 ns, 116.9154 ns/op
WorkloadActual   4: 2131024 op, 250245948.00 ns, 117.4299 ns/op
WorkloadActual   5: 2131024 op, 251085104.00 ns, 117.8237 ns/op
WorkloadActual   6: 2131024 op, 250256177.00 ns, 117.4347 ns/op
WorkloadActual   7: 2131024 op, 250962033.00 ns, 117.7659 ns/op
WorkloadActual   8: 2131024 op, 249332714.00 ns, 117.0014 ns/op

// AfterActualRun
WorkloadResult   1: 2131024 op, 239893213.50 ns, 112.5718 ns/op
WorkloadResult   2: 2131024 op, 243718557.50 ns, 114.3669 ns/op
WorkloadResult   3: 2131024 op, 243670787.50 ns, 114.3445 ns/op
WorkloadResult   4: 2131024 op, 244767175.50 ns, 114.8589 ns/op
WorkloadResult   5: 2131024 op, 245606331.50 ns, 115.2527 ns/op
WorkloadResult   6: 2131024 op, 244777404.50 ns, 114.8637 ns/op
WorkloadResult   7: 2131024 op, 245483260.50 ns, 115.1950 ns/op
WorkloadResult   8: 2131024 op, 243853941.50 ns, 114.4304 ns/op
// GC:  21 0 0 358012032 2131024
// Threading:  0 0 2131024

// AfterAll
// Benchmark Process 3632 has exited with code 0.

Mean = 114.485 ns, StdErr = 0.301 ns (0.26%), N = 8, StdDev = 0.851 ns
Min = 112.572 ns, Q1 = 114.361 ns, Median = 114.645 ns, Q3 = 114.947 ns, Max = 115.253 ns
IQR = 0.585 ns, LowerFence = 113.483 ns, UpperFence = 115.824 ns
ConfidenceInterval = [112.858 ns; 116.113 ns] (CI 99.9%), Margin = 1.628 ns (1.42% of Mean)
Skewness = -1.24, Kurtosis = 3.34, MValue = 2

// ** Remained 11 (32.4 %) benchmark(s) to run. Estimated finish 2026-08-02 8:21 (0h 1m from now) **
// **************************
// Benchmark: SimpleMessage.MicrosoftExtensionsLogging: Quick(MaxRelativeError=0.05, Arguments=/p:MatrixMode=Benchmark, IterationTime=250ms, MaxIterationCount=12, MaxWarmupIterationCount=5, MinIterationCount=8, MinWarmupIterationCount=3)
// *** Execute ***
// Launch: 1 / 1
// Execute: dotnet Matrix.Logging-Quick-1.dll --anonymousPipes 139 140 --benchmarkName Matrix.Logging.Benchmarks.SimpleMessage.MicrosoftExtensionsLogging --job Quick --benchmarkId 23 in /home/runner/work/dotnet-matrix/dotnet-matrix/src/Matrix.Logging/bin/Benchmark/Release/net10.0/Matrix.Logging-Quick-1/bin/Release/net10.0
// Failed to set up high priority (Permission denied). In order to run benchmarks with high priority, make sure you have the right permissions.
// BeforeAnythingElse

// Benchmark Process Environment Information:
// BenchmarkDotNet v0.15.8
// Runtime=.NET 10.0.10 (10.0.10, 10.0.1026.32716), X64 RyuJIT x86-64-v3
// GC=Concurrent Workstation
// HardwareIntrinsics=AVX2+BMI1+BMI2+F16C+FMA+LZCNT+MOVBE,AVX,SSE3+SSSE3+SSE4.1+SSE4.2+POPCNT,X86Base+SSE+SSE2,AES+PCLMUL VectorSize=256
// Job: Quick(MaxRelativeError=0.05, IterationTime=250ms, MaxIterationCount=12, MaxWarmupIterationCount=5, MinIterationCount=8, MinWarmupIterationCount=3)

OverheadJitting  1: 1 op, 186069.00 ns, 186.0690 us/op
WorkloadJitting  1: 1 op, 1576510.00 ns, 1.5765 ms/op

OverheadJitting  2: 16 op, 189966.00 ns, 11.8729 us/op
WorkloadJitting  2: 16 op, 179637.00 ns, 11.2273 us/op

WorkloadPilot    1: 16 op, 4197.00 ns, 262.3125 ns/op
WorkloadPilot    2: 953072 op, 89767552.00 ns, 94.1876 ns/op
WorkloadPilot    3: 2654288 op, 102300166.00 ns, 38.5415 ns/op
WorkloadPilot    4: 6486528 op, 133068585.00 ns, 20.5146 ns/op
WorkloadPilot    5: 12186448 op, 250937486.00 ns, 20.5915 ns/op
WorkloadPilot    6: 12140928 op, 250516686.00 ns, 20.6341 ns/op
WorkloadPilot    7: 12115888 op, 248684837.00 ns, 20.5255 ns/op
WorkloadPilot    8: 12179968 op, 249710142.00 ns, 20.5017 ns/op
WorkloadPilot    9: 12194112 op, 249974379.00 ns, 20.4996 ns/op
WorkloadPilot   10: 12195376 op, 250929352.00 ns, 20.5758 ns/op

OverheadWarmup   1: 12195376 op, 35272767.00 ns, 2.8923 ns/op
OverheadWarmup   2: 12195376 op, 35155387.00 ns, 2.8827 ns/op
OverheadWarmup   3: 12195376 op, 35171888.00 ns, 2.8840 ns/op
OverheadWarmup   4: 12195376 op, 35117175.00 ns, 2.8795 ns/op
OverheadWarmup   5: 12195376 op, 35117506.00 ns, 2.8796 ns/op
OverheadWarmup   6: 12195376 op, 35170886.00 ns, 2.8840 ns/op
OverheadWarmup   7: 12195376 op, 35112918.00 ns, 2.8792 ns/op

OverheadActual   1: 12195376 op, 35183851.00 ns, 2.8850 ns/op
OverheadActual   2: 12195376 op, 35217333.00 ns, 2.8878 ns/op
OverheadActual   3: 12195376 op, 35104231.00 ns, 2.8785 ns/op
OverheadActual   4: 12195376 op, 35124339.00 ns, 2.8801 ns/op
OverheadActual   5: 12195376 op, 35257409.00 ns, 2.8910 ns/op
OverheadActual   6: 12195376 op, 35103360.00 ns, 2.8784 ns/op
OverheadActual   7: 12195376 op, 35138084.00 ns, 2.8813 ns/op
OverheadActual   8: 12195376 op, 35212634.00 ns, 2.8874 ns/op

WorkloadWarmup   1: 12195376 op, 251217423.00 ns, 20.5994 ns/op
WorkloadWarmup   2: 12195376 op, 250172099.00 ns, 20.5137 ns/op
WorkloadWarmup   3: 12195376 op, 250298858.00 ns, 20.5241 ns/op
WorkloadWarmup   4: 12195376 op, 250033730.00 ns, 20.5023 ns/op
WorkloadWarmup   5: 12195376 op, 250666879.00 ns, 20.5543 ns/op

// BeforeActualRun
WorkloadActual   1: 12195376 op, 250353310.00 ns, 20.5285 ns/op
WorkloadActual   2: 12195376 op, 251763649.00 ns, 20.6442 ns/op
WorkloadActual   3: 12195376 op, 250339955.00 ns, 20.5274 ns/op
WorkloadActual   4: 12195376 op, 250919684.00 ns, 20.5750 ns/op
WorkloadActual   5: 12195376 op, 250355425.00 ns, 20.5287 ns/op
WorkloadActual   6: 12195376 op, 250875610.00 ns, 20.5714 ns/op
WorkloadActual   7: 12195376 op, 251254531.00 ns, 20.6024 ns/op
WorkloadActual   8: 12195376 op, 268192355.00 ns, 21.9913 ns/op

// AfterActualRun
WorkloadResult   1: 12195376 op, 215192342.50 ns, 17.6454 ns/op
WorkloadResult   2: 12195376 op, 216602681.50 ns, 17.7610 ns/op
WorkloadResult   3: 12195376 op, 215178987.50 ns, 17.6443 ns/op
WorkloadResult   4: 12195376 op, 215758716.50 ns, 17.6918 ns/op
WorkloadResult   5: 12195376 op, 215194457.50 ns, 17.6456 ns/op
WorkloadResult   6: 12195376 op, 215714642.50 ns, 17.6882 ns/op
WorkloadResult   7: 12195376 op, 216093563.50 ns, 17.7193 ns/op
// GC:  0 0 0 0 12195376
// Threading:  0 0 12195376

// AfterAll
// Benchmark Process 3643 has exited with code 0.

Mean = 17.685 ns, StdErr = 0.017 ns (0.09%), N = 7, StdDev = 0.044 ns
Min = 17.644 ns, Q1 = 17.645 ns, Median = 17.688 ns, Q3 = 17.706 ns, Max = 17.761 ns
IQR = 0.060 ns, LowerFence = 17.555 ns, UpperFence = 17.796 ns
ConfidenceInterval = [17.585 ns; 17.785 ns] (CI 99.9%), Margin = 0.100 ns (0.56% of Mean)
Skewness = 0.47, Kurtosis = 1.56, MValue = 2

// ** Remained 10 (29.4 %) benchmark(s) to run. Estimated finish 2026-08-02 8:21 (0h 1m from now) **
// **************************
// Benchmark: SimpleMessage.NLog: Quick(MaxRelativeError=0.05, Arguments=/p:MatrixMode=Benchmark, IterationTime=250ms, MaxIterationCount=12, MaxWarmupIterationCount=5, MinIterationCount=8, MinWarmupIterationCount=3)
// *** Execute ***
// Launch: 1 / 1
// Execute: dotnet Matrix.Logging-Quick-1.dll --anonymousPipes 137 138 --benchmarkName Matrix.Logging.Benchmarks.SimpleMessage.NLog --job Quick --benchmarkId 24 in /home/runner/work/dotnet-matrix/dotnet-matrix/src/Matrix.Logging/bin/Benchmark/Release/net10.0/Matrix.Logging-Quick-1/bin/Release/net10.0
// Failed to set up high priority (Permission denied). In order to run benchmarks with high priority, make sure you have the right permissions.
// BeforeAnythingElse

// Benchmark Process Environment Information:
// BenchmarkDotNet v0.15.8
// Runtime=.NET 10.0.10 (10.0.10, 10.0.1026.32716), X64 RyuJIT x86-64-v3
// GC=Concurrent Workstation
// HardwareIntrinsics=AVX2+BMI1+BMI2+F16C+FMA+LZCNT+MOVBE,AVX,SSE3+SSSE3+SSE4.1+SSE4.2+POPCNT,X86Base+SSE+SSE2,AES+PCLMUL VectorSize=256
// Job: Quick(MaxRelativeError=0.05, IterationTime=250ms, MaxIterationCount=12, MaxWarmupIterationCount=5, MinIterationCount=8, MinWarmupIterationCount=3)

OverheadJitting  1: 1 op, 211507.00 ns, 211.5070 us/op
WorkloadJitting  1: 1 op, 4114947.00 ns, 4.1149 ms/op

OverheadJitting  2: 16 op, 192151.00 ns, 12.0094 us/op
WorkloadJitting  2: 16 op, 289083.00 ns, 18.0677 us/op

WorkloadPilot    1: 16 op, 9808.00 ns, 613.0000 ns/op
WorkloadPilot    2: 407840 op, 115930447.00 ns, 284.2547 ns/op
WorkloadPilot    3: 879504 op, 89352270.00 ns, 101.5939 ns/op
WorkloadPilot    4: 2460784 op, 119512733.00 ns, 48.5669 ns/op
WorkloadPilot    5: 5147536 op, 251322499.00 ns, 48.8238 ns/op
WorkloadPilot    6: 5120464 op, 243671060.00 ns, 47.5877 ns/op
WorkloadPilot    7: 5253472 op, 253036015.00 ns, 48.1655 ns/op
WorkloadPilot    8: 5190448 op, 246448116.00 ns, 47.4811 ns/op
WorkloadPilot    9: 5265264 op, 243603244.00 ns, 46.2661 ns/op
WorkloadPilot   10: 5403536 op, 258462665.00 ns, 47.8321 ns/op

OverheadWarmup   1: 5403536 op, 14112048.00 ns, 2.6116 ns/op
OverheadWarmup   2: 5403536 op, 14076872.00 ns, 2.6051 ns/op
OverheadWarmup   3: 5403536 op, 13943101.00 ns, 2.5804 ns/op
OverheadWarmup   4: 5403536 op, 14071553.00 ns, 2.6041 ns/op
OverheadWarmup   5: 5403536 op, 13987916.00 ns, 2.5887 ns/op
OverheadWarmup   6: 5403536 op, 14011950.00 ns, 2.5931 ns/op
OverheadWarmup   7: 5403536 op, 14022701.00 ns, 2.5951 ns/op
OverheadWarmup   8: 5403536 op, 14224429.00 ns, 2.6324 ns/op
OverheadWarmup   9: 5403536 op, 13968029.00 ns, 2.5850 ns/op

OverheadActual   1: 5403536 op, 14109674.00 ns, 2.6112 ns/op
OverheadActual   2: 5403536 op, 14280555.00 ns, 2.6428 ns/op
OverheadActual   3: 5403536 op, 14055773.00 ns, 2.6012 ns/op
OverheadActual   4: 5403536 op, 14122769.00 ns, 2.6136 ns/op
OverheadActual   5: 5403536 op, 13949674.00 ns, 2.5816 ns/op
OverheadActual   6: 5403536 op, 14077634.00 ns, 2.6053 ns/op
OverheadActual   7: 5403536 op, 13925949.00 ns, 2.5772 ns/op
OverheadActual   8: 5403536 op, 13981103.00 ns, 2.5874 ns/op

WorkloadWarmup   1: 5403536 op, 266424386.00 ns, 49.3056 ns/op
WorkloadWarmup   2: 5403536 op, 264527845.00 ns, 48.9546 ns/op
WorkloadWarmup   3: 5403536 op, 262963677.00 ns, 48.6651 ns/op
WorkloadWarmup   4: 5403536 op, 260596072.00 ns, 48.2270 ns/op
WorkloadWarmup   5: 5403536 op, 257843192.00 ns, 47.7175 ns/op

// BeforeActualRun
WorkloadActual   1: 5403536 op, 272186956.00 ns, 50.3720 ns/op
WorkloadActual   2: 5403536 op, 253627296.00 ns, 46.9373 ns/op
WorkloadActual   3: 5403536 op, 258052064.00 ns, 47.7561 ns/op
WorkloadActual   4: 5403536 op, 262583854.00 ns, 48.5948 ns/op
WorkloadActual   5: 5403536 op, 261903637.00 ns, 48.4689 ns/op
WorkloadActual   6: 5403536 op, 264220387.00 ns, 48.8977 ns/op
WorkloadActual   7: 5403536 op, 265341543.00 ns, 49.1052 ns/op
WorkloadActual   8: 5403536 op, 262423543.00 ns, 48.5652 ns/op

// AfterActualRun
WorkloadResult   1: 5403536 op, 239560592.50 ns, 44.3340 ns/op
WorkloadResult   2: 5403536 op, 243985360.50 ns, 45.1529 ns/op
WorkloadResult   3: 5403536 op, 248517150.50 ns, 45.9916 ns/op
WorkloadResult   4: 5403536 op, 247836933.50 ns, 45.8657 ns/op
WorkloadResult   5: 5403536 op, 250153683.50 ns, 46.2944 ns/op
WorkloadResult   6: 5403536 op, 251274839.50 ns, 46.5019 ns/op
WorkloadResult   7: 5403536 op, 248356839.50 ns, 45.9619 ns/op
// GC:  38 0 0 648424320 5403536
// Threading:  0 0 5403536

// AfterAll
// Benchmark Process 3652 has exited with code 0.

Mean = 45.729 ns, StdErr = 0.282 ns (0.62%), N = 7, StdDev = 0.746 ns
Min = 44.334 ns, Q1 = 45.509 ns, Median = 45.962 ns, Q3 = 46.143 ns, Max = 46.502 ns
IQR = 0.634 ns, LowerFence = 44.559 ns, UpperFence = 47.094 ns
ConfidenceInterval = [44.049 ns; 47.409 ns] (CI 99.9%), Margin = 1.680 ns (3.67% of Mean)
Skewness = -0.77, Kurtosis = 2.02, MValue = 2

// ** Remained 9 (26.5 %) benchmark(s) to run. Estimated finish 2026-08-02 8:21 (0h 1m from now) **
// **************************
// Benchmark: SimpleMessage.Serilog: Quick(MaxRelativeError=0.05, Arguments=/p:MatrixMode=Benchmark, IterationTime=250ms, MaxIterationCount=12, MaxWarmupIterationCount=5, MinIterationCount=8, MinWarmupIterationCount=3)
// *** Execute ***
// Launch: 1 / 1
// Execute: dotnet Matrix.Logging-Quick-1.dll --anonymousPipes 137 138 --benchmarkName Matrix.Logging.Benchmarks.SimpleMessage.Serilog --job Quick --benchmarkId 25 in /home/runner/work/dotnet-matrix/dotnet-matrix/src/Matrix.Logging/bin/Benchmark/Release/net10.0/Matrix.Logging-Quick-1/bin/Release/net10.0
// Failed to set up high priority (Permission denied). In order to run benchmarks with high priority, make sure you have the right permissions.
// BeforeAnythingElse

// Benchmark Process Environment Information:
// BenchmarkDotNet v0.15.8
// Runtime=.NET 10.0.10 (10.0.10, 10.0.1026.32716), X64 RyuJIT x86-64-v3
// GC=Concurrent Workstation
// HardwareIntrinsics=AVX2+BMI1+BMI2+F16C+FMA+LZCNT+MOVBE,AVX,SSE3+SSSE3+SSE4.1+SSE4.2+POPCNT,X86Base+SSE+SSE2,AES+PCLMUL VectorSize=256
// Job: Quick(MaxRelativeError=0.05, IterationTime=250ms, MaxIterationCount=12, MaxWarmupIterationCount=5, MinIterationCount=8, MinWarmupIterationCount=3)

OverheadJitting  1: 1 op, 185038.00 ns, 185.0380 us/op
WorkloadJitting  1: 1 op, 5969749.00 ns, 5.9697 ms/op

OverheadJitting  2: 16 op, 198894.00 ns, 12.4309 us/op
WorkloadJitting  2: 16 op, 299552.00 ns, 18.7220 us/op

WorkloadPilot    1: 16 op, 13846.00 ns, 865.3750 ns/op
WorkloadPilot    2: 288896 op, 106812216.00 ns, 369.7255 ns/op
WorkloadPilot    3: 676192 op, 138522249.00 ns, 204.8564 ns/op
WorkloadPilot    4: 1220368 op, 120590638.00 ns, 98.8150 ns/op
WorkloadPilot    5: 2529984 op, 247317889.00 ns, 97.7547 ns/op
WorkloadPilot    6: 2557424 op, 250803514.00 ns, 98.0688 ns/op
WorkloadPilot    7: 2549232 op, 249286154.00 ns, 97.7887 ns/op
WorkloadPilot    8: 2556544 op, 251824734.00 ns, 98.5020 ns/op
WorkloadPilot    9: 2538032 op, 249436330.00 ns, 98.2794 ns/op
WorkloadPilot   10: 2543776 op, 248629426.00 ns, 97.7403 ns/op
WorkloadPilot   11: 2557808 op, 250661442.00 ns, 97.9985 ns/op

OverheadWarmup   1: 2557808 op, 5808587.00 ns, 2.2709 ns/op
OverheadWarmup   2: 2557808 op, 5838934.00 ns, 2.2828 ns/op
OverheadWarmup   3: 2557808 op, 5814398.00 ns, 2.2732 ns/op
OverheadWarmup   4: 2557808 op, 5801754.00 ns, 2.2683 ns/op
OverheadWarmup   5: 2557808 op, 5841068.00 ns, 2.2836 ns/op
OverheadWarmup   6: 2557808 op, 5776827.00 ns, 2.2585 ns/op

OverheadActual   1: 2557808 op, 5812384.00 ns, 2.2724 ns/op
OverheadActual   2: 2557808 op, 5781346.00 ns, 2.2603 ns/op
OverheadActual   3: 2557808 op, 5797396.00 ns, 2.2665 ns/op
OverheadActual   4: 2557808 op, 5807766.00 ns, 2.2706 ns/op
OverheadActual   5: 2557808 op, 5812674.00 ns, 2.2725 ns/op
OverheadActual   6: 2557808 op, 5796224.00 ns, 2.2661 ns/op
OverheadActual   7: 2557808 op, 5784613.00 ns, 2.2616 ns/op
OverheadActual   8: 2557808 op, 5779562.00 ns, 2.2596 ns/op

WorkloadWarmup   1: 2557808 op, 253198756.00 ns, 98.9905 ns/op
WorkloadWarmup   2: 2557808 op, 253515411.00 ns, 99.1143 ns/op
WorkloadWarmup   3: 2557808 op, 248139518.00 ns, 97.0126 ns/op
WorkloadWarmup   4: 2557808 op, 242235429.00 ns, 94.7043 ns/op
WorkloadWarmup   5: 2557808 op, 245795655.00 ns, 96.0962 ns/op

// BeforeActualRun
WorkloadActual   1: 2557808 op, 253678447.00 ns, 99.1781 ns/op
WorkloadActual   2: 2557808 op, 250838324.00 ns, 98.0677 ns/op
WorkloadActual   3: 2557808 op, 250650581.00 ns, 97.9943 ns/op
WorkloadActual   4: 2557808 op, 250356488.00 ns, 97.8793 ns/op
WorkloadActual   5: 2557808 op, 250505608.00 ns, 97.9376 ns/op
WorkloadActual   6: 2557808 op, 249832455.00 ns, 97.6744 ns/op
WorkloadActual   7: 2557808 op, 250080721.00 ns, 97.7715 ns/op
WorkloadActual   8: 2557808 op, 247847538.00 ns, 96.8984 ns/op

// AfterActualRun
WorkloadResult   1: 2557808 op, 245041514.00 ns, 95.8014 ns/op
WorkloadResult   2: 2557808 op, 244853771.00 ns, 95.7280 ns/op
WorkloadResult   3: 2557808 op, 244559678.00 ns, 95.6130 ns/op
WorkloadResult   4: 2557808 op, 244708798.00 ns, 95.6713 ns/op
WorkloadResult   5: 2557808 op, 244035645.00 ns, 95.4081 ns/op
WorkloadResult   6: 2557808 op, 244283911.00 ns, 95.5052 ns/op
WorkloadResult   7: 2557808 op, 242050728.00 ns, 94.6321 ns/op
// GC:  24 0 0 409249280 2557808
// Threading:  0 0 2557808

// AfterAll
// Benchmark Process 3660 has exited with code 0.

Mean = 95.480 ns, StdErr = 0.150 ns (0.16%), N = 7, StdDev = 0.397 ns
Min = 94.632 ns, Q1 = 95.457 ns, Median = 95.613 ns, Q3 = 95.700 ns, Max = 95.801 ns
IQR = 0.243 ns, LowerFence = 95.092 ns, UpperFence = 96.064 ns
ConfidenceInterval = [94.587 ns; 96.373 ns] (CI 99.9%), Margin = 0.893 ns (0.94% of Mean)
Skewness = -1.26, Kurtosis = 3.08, MValue = 2

// ** Remained 8 (23.5 %) benchmark(s) to run. Estimated finish 2026-08-02 8:21 (0h 1m from now) **
// ***** BenchmarkRunner: Finish  *****

// * Export *
  tmp/dotnet-matrix/Logging/b642dcaa4aab42ce9e5baf9ee4995fd9/results/Matrix.Logging.Benchmarks.SimpleMessage-report.csv
  tmp/dotnet-matrix/Logging/b642dcaa4aab42ce9e5baf9ee4995fd9/results/Matrix.Logging.Benchmarks.SimpleMessage-report-github.md
  tmp/dotnet-matrix/Logging/b642dcaa4aab42ce9e5baf9ee4995fd9/results/Matrix.Logging.Benchmarks.SimpleMessage-report.html
  tmp/dotnet-matrix/Logging/b642dcaa4aab42ce9e5baf9ee4995fd9/results/Matrix.Logging.Benchmarks.SimpleMessage-report-full.json

// * Detailed results *
SimpleMessage.MicrosoftExtensionsLogging: Quick(MaxRelativeError=0.05, Arguments=/p:MatrixMode=Benchmark, IterationTime=250ms, MaxIterationCount=12, MaxWarmupIterationCount=5, MinIterationCount=8, MinWarmupIterationCount=3)
Runtime = .NET 10.0.10 (10.0.10, 10.0.1026.32716), X64 RyuJIT x86-64-v3; GC = Concurrent Workstation
Mean = 17.685 ns, StdErr = 0.017 ns (0.09%), N = 7, StdDev = 0.044 ns
Min = 17.644 ns, Q1 = 17.645 ns, Median = 17.688 ns, Q3 = 17.706 ns, Max = 17.761 ns
IQR = 0.060 ns, LowerFence = 17.555 ns, UpperFence = 17.796 ns
ConfidenceInterval = [17.585 ns; 17.785 ns] (CI 99.9%), Margin = 0.100 ns (0.56% of Mean)
Skewness = 0.47, Kurtosis = 1.56, MValue = 2
-------------------- Histogram --------------------
[17.614 ns ; 17.791 ns) | @@@@@@@
---------------------------------------------------

SimpleMessage.NLog: Quick(MaxRelativeError=0.05, Arguments=/p:MatrixMode=Benchmark, IterationTime=250ms, MaxIterationCount=12, MaxWarmupIterationCount=5, MinIterationCount=8, MinWarmupIterationCount=3)
Runtime = .NET 10.0.10 (10.0.10, 10.0.1026.32716), X64 RyuJIT x86-64-v3; GC = Concurrent Workstation
Mean = 45.729 ns, StdErr = 0.282 ns (0.62%), N = 7, StdDev = 0.746 ns
Min = 44.334 ns, Q1 = 45.509 ns, Median = 45.962 ns, Q3 = 46.143 ns, Max = 46.502 ns
IQR = 0.634 ns, LowerFence = 44.559 ns, UpperFence = 47.094 ns
ConfidenceInterval = [44.049 ns; 47.409 ns] (CI 99.9%), Margin = 1.680 ns (3.67% of Mean)
Skewness = -0.77, Kurtosis = 2.02, MValue = 2
-------------------- Histogram --------------------
[44.232 ns ; 45.672 ns) | @@
[45.672 ns ; 46.696 ns) | @@@@@
---------------------------------------------------

SimpleMessage.Serilog: Quick(MaxRelativeError=0.05, Arguments=/p:MatrixMode=Benchmark, IterationTime=250ms, MaxIterationCount=12, MaxWarmupIterationCount=5, MinIterationCount=8, MinWarmupIterationCount=3)
Runtime = .NET 10.0.10 (10.0.10, 10.0.1026.32716), X64 RyuJIT x86-64-v3; GC = Concurrent Workstation
Mean = 95.480 ns, StdErr = 0.150 ns (0.16%), N = 7, StdDev = 0.397 ns
Min = 94.632 ns, Q1 = 95.457 ns, Median = 95.613 ns, Q3 = 95.700 ns, Max = 95.801 ns
IQR = 0.243 ns, LowerFence = 95.092 ns, UpperFence = 96.064 ns
ConfidenceInterval = [94.587 ns; 96.373 ns] (CI 99.9%), Margin = 0.893 ns (0.94% of Mean)
Skewness = -1.26, Kurtosis = 3.08, MValue = 2
-------------------- Histogram --------------------
[94.360 ns ; 96.074 ns) | @@@@@@@
---------------------------------------------------

SimpleMessage.Log4Net: Quick(MaxRelativeError=0.05, Arguments=/p:MatrixMode=Benchmark, IterationTime=250ms, MaxIterationCount=12, MaxWarmupIterationCount=5, MinIterationCount=8, MinWarmupIterationCount=3)
Runtime = .NET 10.0.10 (10.0.10, 10.0.1026.32716), X64 RyuJIT x86-64-v3; GC = Concurrent Workstation
Mean = 114.485 ns, StdErr = 0.301 ns (0.26%), N = 8, StdDev = 0.851 ns
Min = 112.572 ns, Q1 = 114.361 ns, Median = 114.645 ns, Q3 = 114.947 ns, Max = 115.253 ns
IQR = 0.585 ns, LowerFence = 113.483 ns, UpperFence = 115.824 ns
ConfidenceInterval = [112.858 ns; 116.113 ns] (CI 99.9%), Margin = 1.628 ns (1.42% of Mean)
Skewness = -1.24, Kurtosis = 3.34, MValue = 2
-------------------- Histogram --------------------
[112.013 ns ; 115.812 ns) | @@@@@@@@
---------------------------------------------------

// * Summary *

BenchmarkDotNet v0.15.8, Linux Ubuntu 24.04.4 LTS (Noble Numbat)
AMD EPYC 7763 2.45GHz, 1 CPU, 4 logical and 2 physical cores
.NET SDK 10.0.302
  [Host] : .NET 10.0.10 (10.0.10, 10.0.1026.32716), X64 RyuJIT x86-64-v3
  Quick  : .NET 10.0.10 (10.0.10, 10.0.1026.32716), X64 RyuJIT x86-64-v3

Job=Quick  MaxRelativeError=0.05  Arguments=/p:MatrixMode=Benchmark  
IterationTime=250ms  MaxIterationCount=12  MaxWarmupIterationCount=5  
MinIterationCount=8  MinWarmupIterationCount=3  

| Method                     | Mean      | Error    | StdDev   | Gen0   | Allocated |
|--------------------------- |----------:|---------:|---------:|-------:|----------:|
| MicrosoftExtensionsLogging |  17.69 ns | 0.100 ns | 0.044 ns |      - |         - |
| NLog                       |  45.73 ns | 1.680 ns | 0.746 ns | 0.0070 |     120 B |
| Serilog                    |  95.48 ns | 0.893 ns | 0.397 ns | 0.0094 |     160 B |
| Log4Net                    | 114.49 ns | 1.628 ns | 0.851 ns | 0.0099 |     168 B |

// * Hints *
Outliers
  SimpleMessage.MicrosoftExtensionsLogging: Quick -> 1 outlier  was  removed (21.99 ns)
  SimpleMessage.NLog: Quick                       -> 1 outlier  was  removed, 2 outliers were detected (46.94 ns, 50.37 ns)
  SimpleMessage.Serilog: Quick                    -> 1 outlier  was  removed, 2 outliers were detected (96.90 ns, 99.18 ns)
  SimpleMessage.Log4Net: Quick                    -> 1 outlier  was  detected (115.14 ns)

// * Legends *
  Mean      : Arithmetic mean of all measurements
  Error     : Half of 99.9% confidence interval
  StdDev    : Standard deviation of all measurements
  Gen0      : GC Generation 0 collects per 1000 operations
  Allocated : Allocated memory per single operation (managed only, inclusive, 1KB = 1024B)
  1 ns      : 1 Nanosecond (0.000000001 sec)

// * Diagnostic Output - MemoryDiagnoser *


// ***** BenchmarkRunner: End *****
Run time: 00:00:23 (23.8 sec), executed benchmarks: 4

// Found 4 benchmarks:
//   StructuredProperties.Log4Net: Quick(MaxRelativeError=0.05, Arguments=/p:MatrixMode=Benchmark, IterationTime=250ms, MaxIterationCount=12, MaxWarmupIterationCount=5, MinIterationCount=8, MinWarmupIterationCount=3)
//   StructuredProperties.MicrosoftExtensionsLogging: Quick(MaxRelativeError=0.05, Arguments=/p:MatrixMode=Benchmark, IterationTime=250ms, MaxIterationCount=12, MaxWarmupIterationCount=5, MinIterationCount=8, MinWarmupIterationCount=3)
//   StructuredProperties.NLog: Quick(MaxRelativeError=0.05, Arguments=/p:MatrixMode=Benchmark, IterationTime=250ms, MaxIterationCount=12, MaxWarmupIterationCount=5, MinIterationCount=8, MinWarmupIterationCount=3)
//   StructuredProperties.Serilog: Quick(MaxRelativeError=0.05, Arguments=/p:MatrixMode=Benchmark, IterationTime=250ms, MaxIterationCount=12, MaxWarmupIterationCount=5, MinIterationCount=8, MinWarmupIterationCount=3)

// **************************
// Benchmark: StructuredProperties.Log4Net: Quick(MaxRelativeError=0.05, Arguments=/p:MatrixMode=Benchmark, IterationTime=250ms, MaxIterationCount=12, MaxWarmupIterationCount=5, MinIterationCount=8, MinWarmupIterationCount=3)
// *** Execute ***
// Launch: 1 / 1
// Execute: dotnet Matrix.Logging-Quick-1.dll --anonymousPipes 137 138 --benchmarkName Matrix.Logging.Benchmarks.StructuredProperties.Log4Net --job Quick --benchmarkId 26 in /home/runner/work/dotnet-matrix/dotnet-matrix/src/Matrix.Logging/bin/Benchmark/Release/net10.0/Matrix.Logging-Quick-1/bin/Release/net10.0
// Failed to set up high priority (Permission denied). In order to run benchmarks with high priority, make sure you have the right permissions.
// BeforeAnythingElse

// Benchmark Process Environment Information:
// BenchmarkDotNet v0.15.8
// Runtime=.NET 10.0.10 (10.0.10, 10.0.1026.32716), X64 RyuJIT x86-64-v3
// GC=Concurrent Workstation
// HardwareIntrinsics=AVX2+BMI1+BMI2+F16C+FMA+LZCNT+MOVBE,AVX,SSE3+SSSE3+SSE4.1+SSE4.2+POPCNT,X86Base+SSE+SSE2,AES+PCLMUL VectorSize=256
// Job: Quick(MaxRelativeError=0.05, IterationTime=250ms, MaxIterationCount=12, MaxWarmupIterationCount=5, MinIterationCount=8, MinWarmupIterationCount=3)

OverheadJitting  1: 1 op, 193203.00 ns, 193.2030 us/op
WorkloadJitting  1: 1 op, 4395854.00 ns, 4.3959 ms/op

OverheadJitting  2: 16 op, 202520.00 ns, 12.6575 us/op
WorkloadJitting  2: 16 op, 377579.00 ns, 23.5987 us/op

WorkloadPilot    1: 16 op, 78107.00 ns, 4.8817 us/op
WorkloadPilot    2: 51216 op, 158021345.00 ns, 3.0854 us/op
WorkloadPilot    3: 81040 op, 166505176.00 ns, 2.0546 us/op
WorkloadPilot    4: 121680 op, 107311956.00 ns, 881.9194 ns/op
WorkloadPilot    5: 283488 op, 213638070.00 ns, 753.6053 ns/op
WorkloadPilot    6: 331744 op, 248690240.00 ns, 749.6450 ns/op
WorkloadPilot    7: 333504 op, 252042064.00 ns, 755.7393 ns/op
WorkloadPilot    8: 330816 op, 247651499.00 ns, 748.6080 ns/op
WorkloadPilot    9: 333968 op, 250657814.00 ns, 750.5444 ns/op
WorkloadPilot   10: 333104 op, 252312581.00 ns, 757.4589 ns/op

OverheadWarmup   1: 333104 op, 873319.00 ns, 2.6218 ns/op
OverheadWarmup   2: 333104 op, 851489.00 ns, 2.5562 ns/op
OverheadWarmup   3: 333104 op, 849846.00 ns, 2.5513 ns/op
OverheadWarmup   4: 333104 op, 849636.00 ns, 2.5507 ns/op
OverheadWarmup   5: 333104 op, 834838.00 ns, 2.5062 ns/op
OverheadWarmup   6: 333104 op, 854004.00 ns, 2.5638 ns/op
OverheadWarmup   7: 333104 op, 856118.00 ns, 2.5701 ns/op
OverheadWarmup   8: 333104 op, 856909.00 ns, 2.5725 ns/op
OverheadWarmup   9: 333104 op, 858772.00 ns, 2.5781 ns/op
OverheadWarmup  10: 333104 op, 879672.00 ns, 2.6408 ns/op

OverheadActual   1: 333104 op, 893888.00 ns, 2.6835 ns/op
OverheadActual   2: 333104 op, 881244.00 ns, 2.6456 ns/op
OverheadActual   3: 333104 op, 897235.00 ns, 2.6936 ns/op
OverheadActual   4: 333104 op, 862990.00 ns, 2.5908 ns/op
OverheadActual   5: 333104 op, 865135.00 ns, 2.5972 ns/op
OverheadActual   6: 333104 op, 888940.00 ns, 2.6687 ns/op
OverheadActual   7: 333104 op, 869883.00 ns, 2.6114 ns/op
OverheadActual   8: 333104 op, 864613.00 ns, 2.5956 ns/op

WorkloadWarmup   1: 333104 op, 268655650.00 ns, 806.5218 ns/op
WorkloadWarmup   2: 333104 op, 260353741.00 ns, 781.5990 ns/op
WorkloadWarmup   3: 333104 op, 245989989.00 ns, 738.4780 ns/op
WorkloadWarmup   4: 333104 op, 250315191.00 ns, 751.4626 ns/op
WorkloadWarmup   5: 333104 op, 264400420.00 ns, 793.7474 ns/op

// BeforeActualRun
WorkloadActual   1: 333104 op, 255519481.00 ns, 767.0862 ns/op
WorkloadActual   2: 333104 op, 258454162.00 ns, 775.8963 ns/op
WorkloadActual   3: 333104 op, 254646382.00 ns, 764.4651 ns/op
WorkloadActual   4: 333104 op, 258340639.00 ns, 775.5555 ns/op
WorkloadActual   5: 333104 op, 254115696.00 ns, 762.8719 ns/op
WorkloadActual   6: 333104 op, 258278763.00 ns, 775.3697 ns/op
WorkloadActual   7: 333104 op, 259092050.00 ns, 777.8113 ns/op
WorkloadActual   8: 333104 op, 257835310.00 ns, 774.0385 ns/op

// AfterActualRun
WorkloadResult   1: 333104 op, 254643917.50 ns, 764.4577 ns/op
WorkloadResult   2: 333104 op, 257578598.50 ns, 773.2678 ns/op
WorkloadResult   3: 333104 op, 253770818.50 ns, 761.8366 ns/op
WorkloadResult   4: 333104 op, 257465075.50 ns, 772.9270 ns/op
WorkloadResult   5: 333104 op, 253240132.50 ns, 760.2434 ns/op
WorkloadResult   6: 333104 op, 257403199.50 ns, 772.7412 ns/op
WorkloadResult   7: 333104 op, 258216486.50 ns, 775.1828 ns/op
WorkloadResult   8: 333104 op, 256959746.50 ns, 771.4100 ns/op
// GC:  36 0 0 604916864 333104
// Threading:  0 0 333104

// AfterAll
// Benchmark Process 3677 has exited with code 0.

Mean = 769.008 ns, StdErr = 2.071 ns (0.27%), N = 8, StdDev = 5.859 ns
Min = 760.243 ns, Q1 = 763.802 ns, Median = 772.076 ns, Q3 = 773.012 ns, Max = 775.183 ns
IQR = 9.210 ns, LowerFence = 749.988 ns, UpperFence = 786.827 ns
ConfidenceInterval = [757.806 ns; 780.210 ns] (CI 99.9%), Margin = 11.202 ns (1.46% of Mean)
Skewness = -0.43, Kurtosis = 1.19, MValue = 2

// ** Remained 7 (20.6 %) benchmark(s) to run. Estimated finish 2026-08-02 8:21 (0h 0m from now) **
// **************************
// Benchmark: StructuredProperties.MicrosoftExtensionsLogging: Quick(MaxRelativeError=0.05, Arguments=/p:MatrixMode=Benchmark, IterationTime=250ms, MaxIterationCount=12, MaxWarmupIterationCount=5, MinIterationCount=8, MinWarmupIterationCount=3)
// *** Execute ***
// Launch: 1 / 1
// Execute: dotnet Matrix.Logging-Quick-1.dll --anonymousPipes 137 138 --benchmarkName Matrix.Logging.Benchmarks.StructuredProperties.MicrosoftExtensionsLogging --job Quick --benchmarkId 27 in /home/runner/work/dotnet-matrix/dotnet-matrix/src/Matrix.Logging/bin/Benchmark/Release/net10.0/Matrix.Logging-Quick-1/bin/Release/net10.0
// Failed to set up high priority (Permission denied). In order to run benchmarks with high priority, make sure you have the right permissions.
// BeforeAnythingElse

// Benchmark Process Environment Information:
// BenchmarkDotNet v0.15.8
// Runtime=.NET 10.0.10 (10.0.10, 10.0.1026.32716), X64 RyuJIT x86-64-v3
// GC=Concurrent Workstation
// HardwareIntrinsics=AVX2+BMI1+BMI2+F16C+FMA+LZCNT+MOVBE,AVX,SSE3+SSSE3+SSE4.1+SSE4.2+POPCNT,X86Base+SSE+SSE2,AES+PCLMUL VectorSize=256
// Job: Quick(MaxRelativeError=0.05, IterationTime=250ms, MaxIterationCount=12, MaxWarmupIterationCount=5, MinIterationCount=8, MinWarmupIterationCount=3)

OverheadJitting  1: 1 op, 184196.00 ns, 184.1960 us/op
WorkloadJitting  1: 1 op, 5515748.00 ns, 5.5157 ms/op

OverheadJitting  2: 16 op, 198653.00 ns, 12.4158 us/op
WorkloadJitting  2: 16 op, 284595.00 ns, 17.7872 us/op

WorkloadPilot    1: 16 op, 11352.00 ns, 709.5000 ns/op
WorkloadPilot    2: 352368 op, 63272197.00 ns, 179.5628 ns/op
WorkloadPilot    3: 1392272 op, 132961233.00 ns, 95.4995 ns/op
WorkloadPilot    4: 2617824 op, 138475458.00 ns, 52.8972 ns/op
WorkloadPilot    5: 4726160 op, 246552152.00 ns, 52.1675 ns/op
WorkloadPilot    6: 4792256 op, 249177302.00 ns, 51.9958 ns/op
WorkloadPilot    7: 4808080 op, 248623061.00 ns, 51.7094 ns/op
WorkloadPilot    8: 4834720 op, 249525675.00 ns, 51.6112 ns/op
WorkloadPilot    9: 4843920 op, 251218304.00 ns, 51.8626 ns/op
WorkloadPilot   10: 4820432 op, 246461271.00 ns, 51.1285 ns/op
WorkloadPilot   11: 4889648 op, 251147441.00 ns, 51.3631 ns/op
WorkloadPilot   12: 4867312 op, 248864404.00 ns, 51.1297 ns/op
WorkloadPilot   13: 4889536 op, 253525677.00 ns, 51.8507 ns/op

OverheadWarmup   1: 4889536 op, 14654920.00 ns, 2.9972 ns/op
OverheadWarmup   2: 4889536 op, 14476755.00 ns, 2.9608 ns/op
OverheadWarmup   3: 4889536 op, 14936890.00 ns, 3.0549 ns/op
OverheadWarmup   4: 4889536 op, 15927751.00 ns, 3.2575 ns/op
OverheadWarmup   5: 4889536 op, 14652485.00 ns, 2.9967 ns/op
OverheadWarmup   6: 4889536 op, 16478204.00 ns, 3.3701 ns/op
OverheadWarmup   7: 4889536 op, 15563005.00 ns, 3.1829 ns/op

OverheadActual   1: 4889536 op, 14240592.00 ns, 2.9125 ns/op
OverheadActual   2: 4889536 op, 15215383.00 ns, 3.1118 ns/op
OverheadActual   3: 4889536 op, 14682712.00 ns, 3.0029 ns/op
OverheadActual   4: 4889536 op, 15095858.00 ns, 3.0874 ns/op
OverheadActual   5: 4889536 op, 14493206.00 ns, 2.9641 ns/op
OverheadActual   6: 4889536 op, 14849715.00 ns, 3.0370 ns/op
OverheadActual   7: 4889536 op, 14593494.00 ns, 2.9846 ns/op
OverheadActual   8: 4889536 op, 15189053.00 ns, 3.1064 ns/op

WorkloadWarmup   1: 4889536 op, 282383308.00 ns, 57.7526 ns/op
WorkloadWarmup   2: 4889536 op, 266022105.00 ns, 54.4064 ns/op
WorkloadWarmup   3: 4889536 op, 254145010.00 ns, 51.9773 ns/op
WorkloadWarmup   4: 4889536 op, 253149491.00 ns, 51.7737 ns/op
WorkloadWarmup   5: 4889536 op, 250799118.00 ns, 51.2930 ns/op

// BeforeActualRun
WorkloadActual   1: 4889536 op, 252047432.00 ns, 51.5483 ns/op
WorkloadActual   2: 4889536 op, 245702506.00 ns, 50.2507 ns/op
WorkloadActual   3: 4889536 op, 248139072.00 ns, 50.7490 ns/op
WorkloadActual   4: 4889536 op, 251315326.00 ns, 51.3986 ns/op
WorkloadActual   5: 4889536 op, 250859410.00 ns, 51.3054 ns/op
WorkloadActual   6: 4889536 op, 252350910.00 ns, 51.6104 ns/op
WorkloadActual   7: 4889536 op, 252980630.00 ns, 51.7392 ns/op
WorkloadActual   8: 4889536 op, 252180146.00 ns, 51.5755 ns/op

// AfterActualRun
WorkloadResult   1: 4889536 op, 237281218.50 ns, 48.5284 ns/op
WorkloadResult   2: 4889536 op, 230936292.50 ns, 47.2307 ns/op
WorkloadResult   3: 4889536 op, 233372858.50 ns, 47.7290 ns/op
WorkloadResult   4: 4889536 op, 236549112.50 ns, 48.3786 ns/op
WorkloadResult   5: 4889536 op, 236093196.50 ns, 48.2854 ns/op
WorkloadResult   6: 4889536 op, 237584696.50 ns, 48.5904 ns/op
WorkloadResult   7: 4889536 op, 238214416.50 ns, 48.7192 ns/op
WorkloadResult   8: 4889536 op, 237413932.50 ns, 48.5555 ns/op
// GC:  25 0 0 430279168 4889536
// Threading:  0 0 4889536

// AfterAll
// Benchmark Process 3688 has exited with code 0.

Mean = 48.252 ns, StdErr = 0.181 ns (0.38%), N = 8, StdDev = 0.512 ns
Min = 47.231 ns, Q1 = 48.146 ns, Median = 48.454 ns, Q3 = 48.564 ns, Max = 48.719 ns
IQR = 0.418 ns, LowerFence = 47.519 ns, UpperFence = 49.191 ns
ConfidenceInterval = [47.273 ns; 49.231 ns] (CI 99.9%), Margin = 0.979 ns (2.03% of Mean)
Skewness = -0.95, Kurtosis = 2.25, MValue = 2

// ** Remained 6 (17.6 %) benchmark(s) to run. Estimated finish 2026-08-02 8:21 (0h 0m from now) **
// **************************
// Benchmark: StructuredProperties.NLog: Quick(MaxRelativeError=0.05, Arguments=/p:MatrixMode=Benchmark, IterationTime=250ms, MaxIterationCount=12, MaxWarmupIterationCount=5, MinIterationCount=8, MinWarmupIterationCount=3)
// *** Execute ***
// Launch: 1 / 1
// Execute: dotnet Matrix.Logging-Quick-1.dll --anonymousPipes 137 138 --benchmarkName Matrix.Logging.Benchmarks.StructuredProperties.NLog --job Quick --benchmarkId 28 in /home/runner/work/dotnet-matrix/dotnet-matrix/src/Matrix.Logging/bin/Benchmark/Release/net10.0/Matrix.Logging-Quick-1/bin/Release/net10.0
// Failed to set up high priority (Permission denied). In order to run benchmarks with high priority, make sure you have the right permissions.
// BeforeAnythingElse

// Benchmark Process Environment Information:
// BenchmarkDotNet v0.15.8
// Runtime=.NET 10.0.10 (10.0.10, 10.0.1026.32716), X64 RyuJIT x86-64-v3
// GC=Concurrent Workstation
// HardwareIntrinsics=AVX2+BMI1+BMI2+F16C+FMA+LZCNT+MOVBE,AVX,SSE3+SSSE3+SSE4.1+SSE4.2+POPCNT,X86Base+SSE+SSE2,AES+PCLMUL VectorSize=256
// Job: Quick(MaxRelativeError=0.05, IterationTime=250ms, MaxIterationCount=12, MaxWarmupIterationCount=5, MinIterationCount=8, MinWarmupIterationCount=3)

OverheadJitting  1: 1 op, 178765.00 ns, 178.7650 us/op
WorkloadJitting  1: 1 op, 4861649.00 ns, 4.8616 ms/op

OverheadJitting  2: 16 op, 193603.00 ns, 12.1002 us/op
WorkloadJitting  2: 16 op, 274235.00 ns, 17.1397 us/op

WorkloadPilot    1: 16 op, 16050.00 ns, 1.0031 us/op
WorkloadPilot    2: 249232 op, 135828348.00 ns, 544.9876 ns/op
WorkloadPilot    3: 458736 op, 77492072.00 ns, 168.9252 ns/op
WorkloadPilot    4: 1479952 op, 131854272.00 ns, 89.0936 ns/op
WorkloadPilot    5: 2806048 op, 241614527.00 ns, 86.1049 ns/op
WorkloadPilot    6: 2903440 op, 257628588.00 ns, 88.7322 ns/op
WorkloadPilot    7: 2817472 op, 251652225.00 ns, 89.3184 ns/op
WorkloadPilot    8: 2798976 op, 251342694.00 ns, 89.7981 ns/op

OverheadWarmup   1: 2798976 op, 7296702.00 ns, 2.6069 ns/op
OverheadWarmup   2: 2798976 op, 7191704.00 ns, 2.5694 ns/op
OverheadWarmup   3: 2798976 op, 7196514.00 ns, 2.5711 ns/op
OverheadWarmup   4: 2798976 op, 7190913.00 ns, 2.5691 ns/op
OverheadWarmup   5: 2798976 op, 7208256.00 ns, 2.5753 ns/op
OverheadWarmup   6: 2798976 op, 7260523.00 ns, 2.5940 ns/op
OverheadWarmup   7: 2798976 op, 7196624.00 ns, 2.5712 ns/op

OverheadActual   1: 2798976 op, 7226149.00 ns, 2.5817 ns/op
OverheadActual   2: 2798976 op, 7216771.00 ns, 2.5784 ns/op
OverheadActual   3: 2798976 op, 7208536.00 ns, 2.5754 ns/op
OverheadActual   4: 2798976 op, 7189921.00 ns, 2.5688 ns/op
OverheadActual   5: 2798976 op, 7219166.00 ns, 2.5792 ns/op
OverheadActual   6: 2798976 op, 7201633.00 ns, 2.5730 ns/op
OverheadActual   7: 2798976 op, 7190081.00 ns, 2.5688 ns/op
OverheadActual   8: 2798976 op, 7209017.00 ns, 2.5756 ns/op

WorkloadWarmup   1: 2798976 op, 257044921.00 ns, 91.8353 ns/op
WorkloadWarmup   2: 2798976 op, 254682215.00 ns, 90.9912 ns/op
WorkloadWarmup   3: 2798976 op, 252301916.00 ns, 90.1408 ns/op
WorkloadWarmup   4: 2798976 op, 249206713.00 ns, 89.0350 ns/op
WorkloadWarmup   5: 2798976 op, 240008831.00 ns, 85.7488 ns/op

// BeforeActualRun
WorkloadActual   1: 2798976 op, 246072488.00 ns, 87.9152 ns/op
WorkloadActual   2: 2798976 op, 254476498.00 ns, 90.9177 ns/op
WorkloadActual   3: 2798976 op, 250127412.00 ns, 89.3639 ns/op
WorkloadActual   4: 2798976 op, 257217796.00 ns, 91.8971 ns/op
WorkloadActual   5: 2798976 op, 255870636.00 ns, 91.4158 ns/op
WorkloadActual   6: 2798976 op, 254328230.00 ns, 90.8647 ns/op
WorkloadActual   7: 2798976 op, 239494746.00 ns, 85.5651 ns/op
WorkloadActual   8: 2798976 op, 251376988.00 ns, 89.8103 ns/op

// AfterActualRun
WorkloadResult   1: 2798976 op, 238863711.50 ns, 85.3397 ns/op
WorkloadResult   2: 2798976 op, 247267721.50 ns, 88.3422 ns/op
WorkloadResult   3: 2798976 op, 242918635.50 ns, 86.7884 ns/op
WorkloadResult   4: 2798976 op, 250009019.50 ns, 89.3216 ns/op
WorkloadResult   5: 2798976 op, 248661859.50 ns, 88.8403 ns/op
WorkloadResult   6: 2798976 op, 247119453.50 ns, 88.2892 ns/op
WorkloadResult   7: 2798976 op, 232285969.50 ns, 82.9896 ns/op
WorkloadResult   8: 2798976 op, 244168211.50 ns, 87.2348 ns/op
// GC:  41 0 0 694146048 2798976
// Threading:  0 0 2798976

// AfterAll
// Benchmark Process 3698 has exited with code 0.

Mean = 87.143 ns, StdErr = 0.744 ns (0.85%), N = 8, StdDev = 2.105 ns
Min = 82.990 ns, Q1 = 86.426 ns, Median = 87.762 ns, Q3 = 88.467 ns, Max = 89.322 ns
IQR = 2.041 ns, LowerFence = 83.365 ns, UpperFence = 91.528 ns
ConfidenceInterval = [83.119 ns; 91.168 ns] (CI 99.9%), Margin = 4.025 ns (4.62% of Mean)
Skewness = -0.79, Kurtosis = 2.18, MValue = 2

// ** Remained 5 (14.7 %) benchmark(s) to run. Estimated finish 2026-08-02 8:20 (0h 0m from now) **
// **************************
// Benchmark: StructuredProperties.Serilog: Quick(MaxRelativeError=0.05, Arguments=/p:MatrixMode=Benchmark, IterationTime=250ms, MaxIterationCount=12, MaxWarmupIterationCount=5, MinIterationCount=8, MinWarmupIterationCount=3)
// *** Execute ***
// Launch: 1 / 1
// Execute: dotnet Matrix.Logging-Quick-1.dll --anonymousPipes 137 138 --benchmarkName Matrix.Logging.Benchmarks.StructuredProperties.Serilog --job Quick --benchmarkId 29 in /home/runner/work/dotnet-matrix/dotnet-matrix/src/Matrix.Logging/bin/Benchmark/Release/net10.0/Matrix.Logging-Quick-1/bin/Release/net10.0
// Failed to set up high priority (Permission denied). In order to run benchmarks with high priority, make sure you have the right permissions.
// BeforeAnythingElse

// Benchmark Process Environment Information:
// BenchmarkDotNet v0.15.8
// Runtime=.NET 10.0.10 (10.0.10, 10.0.1026.32716), X64 RyuJIT x86-64-v3
// GC=Concurrent Workstation
// HardwareIntrinsics=AVX2+BMI1+BMI2+F16C+FMA+LZCNT+MOVBE,AVX,SSE3+SSSE3+SSE4.1+SSE4.2+POPCNT,X86Base+SSE+SSE2,AES+PCLMUL VectorSize=256
// Job: Quick(MaxRelativeError=0.05, IterationTime=250ms, MaxIterationCount=12, MaxWarmupIterationCount=5, MinIterationCount=8, MinWarmupIterationCount=3)

OverheadJitting  1: 1 op, 184917.00 ns, 184.9170 us/op
WorkloadJitting  1: 1 op, 7734434.00 ns, 7.7344 ms/op

OverheadJitting  2: 16 op, 183614.00 ns, 11.4759 us/op
WorkloadJitting  2: 16 op, 270097.00 ns, 16.8811 us/op

WorkloadPilot    1: 16 op, 30437.00 ns, 1.9023 us/op
WorkloadPilot    2: 131424 op, 111014690.00 ns, 844.7064 ns/op
WorkloadPilot    3: 295968 op, 140885851.00 ns, 476.0172 ns/op
WorkloadPilot    4: 525200 op, 112754457.00 ns, 214.6886 ns/op
WorkloadPilot    5: 1164480 op, 253900436.00 ns, 218.0376 ns/op
WorkloadPilot    6: 1146592 op, 248861665.00 ns, 217.0447 ns/op
WorkloadPilot    7: 1151840 op, 250263718.00 ns, 217.2730 ns/op
WorkloadPilot    8: 1150640 op, 250015312.00 ns, 217.2837 ns/op

OverheadWarmup   1: 1150640 op, 2626051.00 ns, 2.2823 ns/op
OverheadWarmup   2: 1150640 op, 2613097.00 ns, 2.2710 ns/op
OverheadWarmup   3: 1150640 op, 2656768.00 ns, 2.3089 ns/op
OverheadWarmup   4: 1150640 op, 2625571.00 ns, 2.2818 ns/op
OverheadWarmup   5: 1150640 op, 2616834.00 ns, 2.2742 ns/op
OverheadWarmup   6: 1150640 op, 2616252.00 ns, 2.2737 ns/op
OverheadWarmup   7: 1150640 op, 2637502.00 ns, 2.2922 ns/op
OverheadWarmup   8: 1150640 op, 2615141.00 ns, 2.2728 ns/op

OverheadActual   1: 1150640 op, 2609239.00 ns, 2.2676 ns/op
OverheadActual   2: 1150640 op, 2613327.00 ns, 2.2712 ns/op
OverheadActual   3: 1150640 op, 2626983.00 ns, 2.2831 ns/op
OverheadActual   4: 1150640 op, 2608629.00 ns, 2.2671 ns/op
OverheadActual   5: 1150640 op, 2647622.00 ns, 2.3010 ns/op
OverheadActual   6: 1150640 op, 2608739.00 ns, 2.2672 ns/op
OverheadActual   7: 1150640 op, 2610151.00 ns, 2.2684 ns/op
OverheadActual   8: 1150640 op, 2609510.00 ns, 2.2679 ns/op

WorkloadWarmup   1: 1150640 op, 262490671.00 ns, 228.1258 ns/op
WorkloadWarmup   2: 1150640 op, 256309514.00 ns, 222.7539 ns/op
WorkloadWarmup   3: 1150640 op, 240113743.00 ns, 208.6784 ns/op
WorkloadWarmup   4: 1150640 op, 248081965.00 ns, 215.6035 ns/op
WorkloadWarmup   5: 1150640 op, 252818228.00 ns, 219.7197 ns/op

// BeforeActualRun
WorkloadActual   1: 1150640 op, 256936180.00 ns, 223.2985 ns/op
WorkloadActual   2: 1150640 op, 251272186.00 ns, 218.3760 ns/op
WorkloadActual   3: 1150640 op, 251975145.00 ns, 218.9870 ns/op
WorkloadActual   4: 1150640 op, 254200704.00 ns, 220.9211 ns/op
WorkloadActual   5: 1150640 op, 245198942.00 ns, 213.0979 ns/op
WorkloadActual   6: 1150640 op, 248230944.00 ns, 215.7329 ns/op
WorkloadActual   7: 1150640 op, 253098324.00 ns, 219.9631 ns/op
WorkloadActual   8: 1150640 op, 251815396.00 ns, 218.8481 ns/op

// AfterActualRun
WorkloadResult   1: 1150640 op, 254326349.50 ns, 221.0303 ns/op
WorkloadResult   2: 1150640 op, 248662355.50 ns, 216.1079 ns/op
WorkloadResult   3: 1150640 op, 249365314.50 ns, 216.7188 ns/op
WorkloadResult   4: 1150640 op, 251590873.50 ns, 218.6530 ns/op
WorkloadResult   5: 1150640 op, 242589111.50 ns, 210.8297 ns/op
WorkloadResult   6: 1150640 op, 245621113.50 ns, 213.4648 ns/op
WorkloadResult   7: 1150640 op, 250488493.50 ns, 217.6949 ns/op
WorkloadResult   8: 1150640 op, 249205565.50 ns, 216.5800 ns/op
// GC:  30 0 0 515486720 1150640
// Threading:  0 0 1150640

// AfterAll
// Benchmark Process 3709 has exited with code 0.

Mean = 216.385 ns, StdErr = 1.102 ns (0.51%), N = 8, StdDev = 3.118 ns
Min = 210.830 ns, Q1 = 215.447 ns, Median = 216.649 ns, Q3 = 217.934 ns, Max = 221.030 ns
IQR = 2.487 ns, LowerFence = 211.716 ns, UpperFence = 221.665 ns
ConfidenceInterval = [210.423 ns; 222.346 ns] (CI 99.9%), Margin = 5.962 ns (2.76% of Mean)
Skewness = -0.34, Kurtosis = 2.01, MValue = 2

// ** Remained 4 (11.8 %) benchmark(s) to run. Estimated finish 2026-08-02 8:20 (0h 0m from now) **
// ***** BenchmarkRunner: Finish  *****

// * Export *
  tmp/dotnet-matrix/Logging/b642dcaa4aab42ce9e5baf9ee4995fd9/results/Matrix.Logging.Benchmarks.StructuredProperties-report.csv
  tmp/dotnet-matrix/Logging/b642dcaa4aab42ce9e5baf9ee4995fd9/results/Matrix.Logging.Benchmarks.StructuredProperties-report-github.md
  tmp/dotnet-matrix/Logging/b642dcaa4aab42ce9e5baf9ee4995fd9/results/Matrix.Logging.Benchmarks.StructuredProperties-report.html
  tmp/dotnet-matrix/Logging/b642dcaa4aab42ce9e5baf9ee4995fd9/results/Matrix.Logging.Benchmarks.StructuredProperties-report-full.json

// * Detailed results *
StructuredProperties.MicrosoftExtensionsLogging: Quick(MaxRelativeError=0.05, Arguments=/p:MatrixMode=Benchmark, IterationTime=250ms, MaxIterationCount=12, MaxWarmupIterationCount=5, MinIterationCount=8, MinWarmupIterationCount=3)
Runtime = .NET 10.0.10 (10.0.10, 10.0.1026.32716), X64 RyuJIT x86-64-v3; GC = Concurrent Workstation
Mean = 48.252 ns, StdErr = 0.181 ns (0.38%), N = 8, StdDev = 0.512 ns
Min = 47.231 ns, Q1 = 48.146 ns, Median = 48.454 ns, Q3 = 48.564 ns, Max = 48.719 ns
IQR = 0.418 ns, LowerFence = 47.519 ns, UpperFence = 49.191 ns
ConfidenceInterval = [47.273 ns; 49.231 ns] (CI 99.9%), Margin = 0.979 ns (2.03% of Mean)
Skewness = -0.95, Kurtosis = 2.25, MValue = 2
-------------------- Histogram --------------------
[47.005 ns ; 48.987 ns) | @@@@@@@@
---------------------------------------------------

StructuredProperties.NLog: Quick(MaxRelativeError=0.05, Arguments=/p:MatrixMode=Benchmark, IterationTime=250ms, MaxIterationCount=12, MaxWarmupIterationCount=5, MinIterationCount=8, MinWarmupIterationCount=3)
Runtime = .NET 10.0.10 (10.0.10, 10.0.1026.32716), X64 RyuJIT x86-64-v3; GC = Concurrent Workstation
Mean = 87.143 ns, StdErr = 0.744 ns (0.85%), N = 8, StdDev = 2.105 ns
Min = 82.990 ns, Q1 = 86.426 ns, Median = 87.762 ns, Q3 = 88.467 ns, Max = 89.322 ns
IQR = 2.041 ns, LowerFence = 83.365 ns, UpperFence = 91.528 ns
ConfidenceInterval = [83.119 ns; 91.168 ns] (CI 99.9%), Margin = 4.025 ns (4.62% of Mean)
Skewness = -0.79, Kurtosis = 2.18, MValue = 2
-------------------- Histogram --------------------
[82.783 ns ; 85.546 ns) | @@
[85.546 ns ; 89.436 ns) | @@@@@@
---------------------------------------------------

StructuredProperties.Serilog: Quick(MaxRelativeError=0.05, Arguments=/p:MatrixMode=Benchmark, IterationTime=250ms, MaxIterationCount=12, MaxWarmupIterationCount=5, MinIterationCount=8, MinWarmupIterationCount=3)
Runtime = .NET 10.0.10 (10.0.10, 10.0.1026.32716), X64 RyuJIT x86-64-v3; GC = Concurrent Workstation
Mean = 216.385 ns, StdErr = 1.102 ns (0.51%), N = 8, StdDev = 3.118 ns
Min = 210.830 ns, Q1 = 215.447 ns, Median = 216.649 ns, Q3 = 217.934 ns, Max = 221.030 ns
IQR = 2.487 ns, LowerFence = 211.716 ns, UpperFence = 221.665 ns
ConfidenceInterval = [210.423 ns; 222.346 ns] (CI 99.9%), Margin = 5.962 ns (2.76% of Mean)
Skewness = -0.34, Kurtosis = 2.01, MValue = 2
-------------------- Histogram --------------------
[210.026 ns ; 215.207 ns) | @@
[215.207 ns ; 223.077 ns) | @@@@@@
---------------------------------------------------

StructuredProperties.Log4Net: Quick(MaxRelativeError=0.05, Arguments=/p:MatrixMode=Benchmark, IterationTime=250ms, MaxIterationCount=12, MaxWarmupIterationCount=5, MinIterationCount=8, MinWarmupIterationCount=3)
Runtime = .NET 10.0.10 (10.0.10, 10.0.1026.32716), X64 RyuJIT x86-64-v3; GC = Concurrent Workstation
Mean = 769.008 ns, StdErr = 2.071 ns (0.27%), N = 8, StdDev = 5.859 ns
Min = 760.243 ns, Q1 = 763.802 ns, Median = 772.076 ns, Q3 = 773.012 ns, Max = 775.183 ns
IQR = 9.210 ns, LowerFence = 749.988 ns, UpperFence = 786.827 ns
ConfidenceInterval = [757.806 ns; 780.210 ns] (CI 99.9%), Margin = 11.202 ns (1.46% of Mean)
Skewness = -0.43, Kurtosis = 1.19, MValue = 2
-------------------- Histogram --------------------
[756.398 ns ; 779.028 ns) | @@@@@@@@
---------------------------------------------------

// * Summary *

BenchmarkDotNet v0.15.8, Linux Ubuntu 24.04.4 LTS (Noble Numbat)
AMD EPYC 7763 2.45GHz, 1 CPU, 4 logical and 2 physical cores
.NET SDK 10.0.302
  [Host] : .NET 10.0.10 (10.0.10, 10.0.1026.32716), X64 RyuJIT x86-64-v3
  Quick  : .NET 10.0.10 (10.0.10, 10.0.1026.32716), X64 RyuJIT x86-64-v3

Job=Quick  MaxRelativeError=0.05  Arguments=/p:MatrixMode=Benchmark  
IterationTime=250ms  MaxIterationCount=12  MaxWarmupIterationCount=5  
MinIterationCount=8  MinWarmupIterationCount=3  

| Method                     | Mean      | Error     | StdDev   | Gen0   | Allocated |
|--------------------------- |----------:|----------:|---------:|-------:|----------:|
| MicrosoftExtensionsLogging |  48.25 ns |  0.979 ns | 0.512 ns | 0.0051 |      88 B |
| NLog                       |  87.14 ns |  4.025 ns | 2.105 ns | 0.0146 |     248 B |
| Serilog                    | 216.38 ns |  5.962 ns | 3.118 ns | 0.0261 |     448 B |
| Log4Net                    | 769.01 ns | 11.202 ns | 5.859 ns | 0.1081 |    1816 B |

// * Hints *
Outliers
  StructuredProperties.MicrosoftExtensionsLogging: Quick -> 1 outlier  was  detected (50.25 ns)
  StructuredProperties.NLog: Quick                       -> 1 outlier  was  detected (85.57 ns)
  StructuredProperties.Serilog: Quick                    -> 1 outlier  was  detected (213.10 ns)

// * Legends *
  Mean      : Arithmetic mean of all measurements
  Error     : Half of 99.9% confidence interval
  StdDev    : Standard deviation of all measurements
  Gen0      : GC Generation 0 collects per 1000 operations
  Allocated : Allocated memory per single operation (managed only, inclusive, 1KB = 1024B)
  1 ns      : 1 Nanosecond (0.000000001 sec)

// * Diagnostic Output - MemoryDiagnoser *


// ***** BenchmarkRunner: End *****
Run time: 00:00:22 (22.9 sec), executed benchmarks: 4

// Found 4 benchmarks:
//   TemplateRendering.Log4Net: Quick(MaxRelativeError=0.05, Arguments=/p:MatrixMode=Benchmark, IterationTime=250ms, MaxIterationCount=12, MaxWarmupIterationCount=5, MinIterationCount=8, MinWarmupIterationCount=3)
//   TemplateRendering.MicrosoftExtensionsLogging: Quick(MaxRelativeError=0.05, Arguments=/p:MatrixMode=Benchmark, IterationTime=250ms, MaxIterationCount=12, MaxWarmupIterationCount=5, MinIterationCount=8, MinWarmupIterationCount=3)
//   TemplateRendering.NLog: Quick(MaxRelativeError=0.05, Arguments=/p:MatrixMode=Benchmark, IterationTime=250ms, MaxIterationCount=12, MaxWarmupIterationCount=5, MinIterationCount=8, MinWarmupIterationCount=3)
//   TemplateRendering.Serilog: Quick(MaxRelativeError=0.05, Arguments=/p:MatrixMode=Benchmark, IterationTime=250ms, MaxIterationCount=12, MaxWarmupIterationCount=5, MinIterationCount=8, MinWarmupIterationCount=3)

// **************************
// Benchmark: TemplateRendering.Log4Net: Quick(MaxRelativeError=0.05, Arguments=/p:MatrixMode=Benchmark, IterationTime=250ms, MaxIterationCount=12, MaxWarmupIterationCount=5, MinIterationCount=8, MinWarmupIterationCount=3)
// *** Execute ***
// Launch: 1 / 1
// Execute: dotnet Matrix.Logging-Quick-1.dll --anonymousPipes 137 138 --benchmarkName Matrix.Logging.Benchmarks.TemplateRendering.Log4Net --job Quick --benchmarkId 30 in /home/runner/work/dotnet-matrix/dotnet-matrix/src/Matrix.Logging/bin/Benchmark/Release/net10.0/Matrix.Logging-Quick-1/bin/Release/net10.0
// Failed to set up high priority (Permission denied). In order to run benchmarks with high priority, make sure you have the right permissions.
// BeforeAnythingElse

// Benchmark Process Environment Information:
// BenchmarkDotNet v0.15.8
// Runtime=.NET 10.0.10 (10.0.10, 10.0.1026.32716), X64 RyuJIT x86-64-v3
// GC=Concurrent Workstation
// HardwareIntrinsics=AVX2+BMI1+BMI2+F16C+FMA+LZCNT+MOVBE,AVX,SSE3+SSSE3+SSE4.1+SSE4.2+POPCNT,X86Base+SSE+SSE2,AES+PCLMUL VectorSize=256
// Job: Quick(MaxRelativeError=0.05, IterationTime=250ms, MaxIterationCount=12, MaxWarmupIterationCount=5, MinIterationCount=8, MinWarmupIterationCount=3)

OverheadJitting  1: 1 op, 219752.00 ns, 219.7520 us/op
WorkloadJitting  1: 1 op, 2907830.00 ns, 2.9078 ms/op

OverheadJitting  2: 16 op, 210074.00 ns, 13.1296 us/op
WorkloadJitting  2: 16 op, 270348.00 ns, 16.8968 us/op

WorkloadPilot    1: 16 op, 38352.00 ns, 2.3970 us/op
WorkloadPilot    2: 104304 op, 86576846.00 ns, 830.0434 ns/op
WorkloadPilot    3: 301200 op, 162475802.00 ns, 539.4283 ns/op
WorkloadPilot    4: 463456 op, 67860332.00 ns, 146.4224 ns/op
WorkloadPilot    5: 1707392 op, 249561924.00 ns, 146.1656 ns/op
WorkloadPilot    6: 1710400 op, 250395659.00 ns, 146.3960 ns/op
WorkloadPilot    7: 1707712 op, 248109948.00 ns, 145.2879 ns/op
WorkloadPilot    8: 1720736 op, 250353210.00 ns, 145.4919 ns/op
WorkloadPilot    9: 1718320 op, 253306775.00 ns, 147.4154 ns/op

OverheadWarmup   1: 1718320 op, 4461478.00 ns, 2.5964 ns/op
OverheadWarmup   2: 1718320 op, 4442071.00 ns, 2.5851 ns/op
OverheadWarmup   3: 1718320 op, 4419899.00 ns, 2.5722 ns/op
OverheadWarmup   4: 1718320 op, 4424909.00 ns, 2.5751 ns/op
OverheadWarmup   5: 1718320 op, 4424428.00 ns, 2.5749 ns/op
OverheadWarmup   6: 1718320 op, 4414790.00 ns, 2.5692 ns/op
OverheadWarmup   7: 1718320 op, 4420540.00 ns, 2.5726 ns/op
OverheadWarmup   8: 1718320 op, 4421762.00 ns, 2.5733 ns/op
OverheadWarmup   9: 1718320 op, 4487296.00 ns, 2.6114 ns/op
OverheadWarmup  10: 1718320 op, 4461367.00 ns, 2.5964 ns/op

OverheadActual   1: 1718320 op, 4409559.00 ns, 2.5662 ns/op
OverheadActual   2: 1718320 op, 4407466.00 ns, 2.5650 ns/op
OverheadActual   3: 1718320 op, 4417885.00 ns, 2.5710 ns/op
OverheadActual   4: 1718320 op, 4418647.00 ns, 2.5715 ns/op
OverheadActual   5: 1718320 op, 4421232.00 ns, 2.5730 ns/op
OverheadActual   6: 1718320 op, 4416112.00 ns, 2.5700 ns/op
OverheadActual   7: 1718320 op, 4437993.00 ns, 2.5828 ns/op
OverheadActual   8: 1718320 op, 4450867.00 ns, 2.5902 ns/op

WorkloadWarmup   1: 1718320 op, 253128450.00 ns, 147.3116 ns/op
WorkloadWarmup   2: 1718320 op, 256361672.00 ns, 149.1932 ns/op
WorkloadWarmup   3: 1718320 op, 257433724.00 ns, 149.8171 ns/op
WorkloadWarmup   4: 1718320 op, 251266935.00 ns, 146.2283 ns/op
WorkloadWarmup   5: 1718320 op, 248499339.00 ns, 144.6176 ns/op

// BeforeActualRun
WorkloadActual   1: 1718320 op, 261957428.00 ns, 152.4497 ns/op
WorkloadActual   2: 1718320 op, 249129582.00 ns, 144.9844 ns/op
WorkloadActual   3: 1718320 op, 242075517.00 ns, 140.8792 ns/op
WorkloadActual   4: 1718320 op, 256852594.00 ns, 149.4789 ns/op
WorkloadActual   5: 1718320 op, 250822792.00 ns, 145.9698 ns/op
WorkloadActual   6: 1718320 op, 251355668.00 ns, 146.2799 ns/op
WorkloadActual   7: 1718320 op, 253094302.00 ns, 147.2917 ns/op
WorkloadActual   8: 1718320 op, 251065913.00 ns, 146.1113 ns/op

// AfterActualRun
WorkloadResult   1: 1718320 op, 244711316.00 ns, 142.4131 ns/op
WorkloadResult   2: 1718320 op, 237657251.00 ns, 138.3079 ns/op
WorkloadResult   3: 1718320 op, 252434328.00 ns, 146.9076 ns/op
WorkloadResult   4: 1718320 op, 246404526.00 ns, 143.3985 ns/op
WorkloadResult   5: 1718320 op, 246937402.00 ns, 143.7086 ns/op
WorkloadResult   6: 1718320 op, 248676036.00 ns, 144.7204 ns/op
WorkloadResult   7: 1718320 op, 246647647.00 ns, 143.5400 ns/op
// GC:  28 0 0 481129600 1718320
// Threading:  0 0 1718320

// AfterAll
// Benchmark Process 3717 has exited with code 0.

Mean = 143.285 ns, StdErr = 0.988 ns (0.69%), N = 7, StdDev = 2.613 ns
Min = 138.308 ns, Q1 = 142.906 ns, Median = 143.540 ns, Q3 = 144.215 ns, Max = 146.908 ns
IQR = 1.309 ns, LowerFence = 140.943 ns, UpperFence = 146.178 ns
ConfidenceInterval = [137.400 ns; 149.171 ns] (CI 99.9%), Margin = 5.886 ns (4.11% of Mean)
Skewness = -0.59, Kurtosis = 2.42, MValue = 2

// ** Remained 3 (8.8 %) benchmark(s) to run. Estimated finish 2026-08-02 8:20 (0h 0m from now) **
// **************************
// Benchmark: TemplateRendering.MicrosoftExtensionsLogging: Quick(MaxRelativeError=0.05, Arguments=/p:MatrixMode=Benchmark, IterationTime=250ms, MaxIterationCount=12, MaxWarmupIterationCount=5, MinIterationCount=8, MinWarmupIterationCount=3)
// *** Execute ***
// Launch: 1 / 1
// Execute: dotnet Matrix.Logging-Quick-1.dll --anonymousPipes 137 138 --benchmarkName Matrix.Logging.Benchmarks.TemplateRendering.MicrosoftExtensionsLogging --job Quick --benchmarkId 31 in /home/runner/work/dotnet-matrix/dotnet-matrix/src/Matrix.Logging/bin/Benchmark/Release/net10.0/Matrix.Logging-Quick-1/bin/Release/net10.0
// Failed to set up high priority (Permission denied). In order to run benchmarks with high priority, make sure you have the right permissions.
// BeforeAnythingElse

// Benchmark Process Environment Information:
// BenchmarkDotNet v0.15.8
// Runtime=.NET 10.0.10 (10.0.10, 10.0.1026.32716), X64 RyuJIT x86-64-v3
// GC=Concurrent Workstation
// HardwareIntrinsics=AVX2+BMI1+BMI2+F16C+FMA+LZCNT+MOVBE,AVX,SSE3+SSSE3+SSE4.1+SSE4.2+POPCNT,X86Base+SSE+SSE2,AES+PCLMUL VectorSize=256
// Job: Quick(MaxRelativeError=0.05, IterationTime=250ms, MaxIterationCount=12, MaxWarmupIterationCount=5, MinIterationCount=8, MinWarmupIterationCount=3)

OverheadJitting  1: 1 op, 181351.00 ns, 181.3510 us/op
WorkloadJitting  1: 1 op, 6678741.00 ns, 6.6787 ms/op

OverheadJitting  2: 16 op, 194766.00 ns, 12.1729 us/op
WorkloadJitting  2: 16 op, 234300.00 ns, 14.6438 us/op

WorkloadPilot    1: 16 op, 5861.00 ns, 366.3125 ns/op
WorkloadPilot    2: 682480 op, 108063398.00 ns, 158.3393 ns/op
WorkloadPilot    3: 1578896 op, 88834090.00 ns, 56.2634 ns/op
WorkloadPilot    4: 4443392 op, 169487969.00 ns, 38.1438 ns/op
WorkloadPilot    5: 6554144 op, 249293165.00 ns, 38.0360 ns/op
WorkloadPilot    6: 6572736 op, 250623793.00 ns, 38.1308 ns/op
WorkloadPilot    7: 6556384 op, 250292120.00 ns, 38.1753 ns/op
WorkloadPilot    8: 6548736 op, 250495873.00 ns, 38.2510 ns/op

OverheadWarmup   1: 6548736 op, 18874191.00 ns, 2.8821 ns/op
OverheadWarmup   2: 6548736 op, 18931559.00 ns, 2.8909 ns/op
OverheadWarmup   3: 6548736 op, 18921090.00 ns, 2.8893 ns/op
OverheadWarmup   4: 6548736 op, 18925718.00 ns, 2.8900 ns/op
OverheadWarmup   5: 6548736 op, 18861197.00 ns, 2.8801 ns/op

OverheadActual   1: 6548736 op, 19064359.00 ns, 2.9112 ns/op
OverheadActual   2: 6548736 op, 18890522.00 ns, 2.8846 ns/op
OverheadActual   3: 6548736 op, 18888839.00 ns, 2.8843 ns/op
OverheadActual   4: 6548736 op, 19031767.00 ns, 2.9062 ns/op
OverheadActual   5: 6548736 op, 18899049.00 ns, 2.8859 ns/op
OverheadActual   6: 6548736 op, 18862149.00 ns, 2.8803 ns/op
OverheadActual   7: 6548736 op, 18934805.00 ns, 2.8914 ns/op
OverheadActual   8: 6548736 op, 19049381.00 ns, 2.9089 ns/op

WorkloadWarmup   1: 6548736 op, 256514996.00 ns, 39.1702 ns/op
WorkloadWarmup   2: 6548736 op, 248933369.00 ns, 38.0124 ns/op
WorkloadWarmup   3: 6548736 op, 249386940.00 ns, 38.0817 ns/op
WorkloadWarmup   4: 6548736 op, 249279659.00 ns, 38.0653 ns/op
WorkloadWarmup   5: 6548736 op, 249046131.00 ns, 38.0296 ns/op

// BeforeActualRun
WorkloadActual   1: 6548736 op, 248968254.00 ns, 38.0178 ns/op
WorkloadActual   2: 6548736 op, 249586355.00 ns, 38.1121 ns/op
WorkloadActual   3: 6548736 op, 248896860.00 ns, 38.0069 ns/op
WorkloadActual   4: 6548736 op, 248838251.00 ns, 37.9979 ns/op
WorkloadActual   5: 6548736 op, 248830106.00 ns, 37.9967 ns/op
WorkloadActual   6: 6548736 op, 250510110.00 ns, 38.2532 ns/op
WorkloadActual   7: 6548736 op, 249006446.00 ns, 38.0236 ns/op
WorkloadActual   8: 6548736 op, 248808866.00 ns, 37.9934 ns/op

// AfterActualRun
WorkloadResult   1: 6548736 op, 230051327.00 ns, 35.1291 ns/op
WorkloadResult   2: 6548736 op, 230669428.00 ns, 35.2235 ns/op
WorkloadResult   3: 6548736 op, 229979933.00 ns, 35.1182 ns/op
WorkloadResult   4: 6548736 op, 229921324.00 ns, 35.1093 ns/op
WorkloadResult   5: 6548736 op, 229913179.00 ns, 35.1080 ns/op
WorkloadResult   6: 6548736 op, 230089519.00 ns, 35.1350 ns/op
WorkloadResult   7: 6548736 op, 229891939.00 ns, 35.1048 ns/op
// GC:  0 0 0 0 6548736
// Threading:  0 0 6548736

// AfterAll
// Benchmark Process 3734 has exited with code 0.

Mean = 35.133 ns, StdErr = 0.016 ns (0.04%), N = 7, StdDev = 0.042 ns
Min = 35.105 ns, Q1 = 35.109 ns, Median = 35.118 ns, Q3 = 35.132 ns, Max = 35.224 ns
IQR = 0.023 ns, LowerFence = 35.074 ns, UpperFence = 35.167 ns
ConfidenceInterval = [35.039 ns; 35.226 ns] (CI 99.9%), Margin = 0.094 ns (0.27% of Mean)
Skewness = 1.38, Kurtosis = 3.31, MValue = 2

// ** Remained 2 (5.9 %) benchmark(s) to run. Estimated finish 2026-08-02 8:20 (0h 0m from now) **
// **************************
// Benchmark: TemplateRendering.NLog: Quick(MaxRelativeError=0.05, Arguments=/p:MatrixMode=Benchmark, IterationTime=250ms, MaxIterationCount=12, MaxWarmupIterationCount=5, MinIterationCount=8, MinWarmupIterationCount=3)
// *** Execute ***
// Launch: 1 / 1
// Execute: dotnet Matrix.Logging-Quick-1.dll --anonymousPipes 137 138 --benchmarkName Matrix.Logging.Benchmarks.TemplateRendering.NLog --job Quick --benchmarkId 32 in /home/runner/work/dotnet-matrix/dotnet-matrix/src/Matrix.Logging/bin/Benchmark/Release/net10.0/Matrix.Logging-Quick-1/bin/Release/net10.0
// Failed to set up high priority (Permission denied). In order to run benchmarks with high priority, make sure you have the right permissions.
// BeforeAnythingElse

// Benchmark Process Environment Information:
// BenchmarkDotNet v0.15.8
// Runtime=.NET 10.0.10 (10.0.10, 10.0.1026.32716), X64 RyuJIT x86-64-v3
// GC=Concurrent Workstation
// HardwareIntrinsics=AVX2+BMI1+BMI2+F16C+FMA+LZCNT+MOVBE,AVX,SSE3+SSSE3+SSE4.1+SSE4.2+POPCNT,X86Base+SSE+SSE2,AES+PCLMUL VectorSize=256
// Job: Quick(MaxRelativeError=0.05, IterationTime=250ms, MaxIterationCount=12, MaxWarmupIterationCount=5, MinIterationCount=8, MinWarmupIterationCount=3)

OverheadJitting  1: 1 op, 180018.00 ns, 180.0180 us/op
WorkloadJitting  1: 1 op, 4909258.00 ns, 4.9093 ms/op

OverheadJitting  2: 16 op, 227878.00 ns, 14.2424 us/op
WorkloadJitting  2: 16 op, 260088.00 ns, 16.2555 us/op

WorkloadPilot    1: 16 op, 22372.00 ns, 1.3983 us/op
WorkloadPilot    2: 178800 op, 96318644.00 ns, 538.6949 ns/op
WorkloadPilot    3: 464096 op, 112899038.00 ns, 243.2666 ns/op
WorkloadPilot    4: 1027680 op, 101582678.00 ns, 98.8466 ns/op
WorkloadPilot    5: 2529184 op, 246079179.00 ns, 97.2959 ns/op
WorkloadPilot    6: 2569488 op, 247464490.00 ns, 96.3089 ns/op
WorkloadPilot    7: 2595824 op, 247983996.00 ns, 95.5319 ns/op
WorkloadPilot    8: 2616928 op, 250747486.00 ns, 95.8175 ns/op
WorkloadPilot    9: 2609136 op, 243035684.00 ns, 93.1480 ns/op
WorkloadPilot   10: 2683904 op, 258699974.00 ns, 96.3894 ns/op
WorkloadPilot   11: 2593648 op, 251545479.00 ns, 96.9852 ns/op

OverheadWarmup   1: 2593648 op, 6733494.00 ns, 2.5961 ns/op
OverheadWarmup   2: 2593648 op, 6772667.00 ns, 2.6113 ns/op
OverheadWarmup   3: 2593648 op, 6647502.00 ns, 2.5630 ns/op
OverheadWarmup   4: 2593648 op, 6685673.00 ns, 2.5777 ns/op
OverheadWarmup   5: 2593648 op, 6665416.00 ns, 2.5699 ns/op

OverheadActual   1: 2593648 op, 6663061.00 ns, 2.5690 ns/op
OverheadActual   2: 2593648 op, 6671026.00 ns, 2.5721 ns/op
OverheadActual   3: 2593648 op, 6661278.00 ns, 2.5683 ns/op
OverheadActual   4: 2593648 op, 6720509.00 ns, 2.5911 ns/op
OverheadActual   5: 2593648 op, 6681295.00 ns, 2.5760 ns/op
OverheadActual   6: 2593648 op, 6679482.00 ns, 2.5753 ns/op
OverheadActual   7: 2593648 op, 6696614.00 ns, 2.5819 ns/op
OverheadActual   8: 2593648 op, 6674443.00 ns, 2.5734 ns/op

WorkloadWarmup   1: 2593648 op, 259120694.00 ns, 99.9059 ns/op
WorkloadWarmup   2: 2593648 op, 250422390.00 ns, 96.5522 ns/op
WorkloadWarmup   3: 2593648 op, 239437835.00 ns, 92.3170 ns/op
WorkloadWarmup   4: 2593648 op, 245350066.00 ns, 94.5965 ns/op
WorkloadWarmup   5: 2593648 op, 251049959.00 ns, 96.7942 ns/op

// BeforeActualRun
WorkloadActual   1: 2593648 op, 251918189.00 ns, 97.1289 ns/op
WorkloadActual   2: 2593648 op, 246785782.00 ns, 95.1501 ns/op
WorkloadActual   3: 2593648 op, 242910235.00 ns, 93.6558 ns/op
WorkloadActual   4: 2593648 op, 253388129.00 ns, 97.6957 ns/op
WorkloadActual   5: 2593648 op, 251294188.00 ns, 96.8883 ns/op
WorkloadActual   6: 2593648 op, 250592340.00 ns, 96.6177 ns/op
WorkloadActual   7: 2593648 op, 248632209.00 ns, 95.8620 ns/op
WorkloadActual   8: 2593648 op, 244938413.00 ns, 94.4378 ns/op

// AfterActualRun
WorkloadResult   1: 2593648 op, 245241226.50 ns, 94.5546 ns/op
WorkloadResult   2: 2593648 op, 240108819.50 ns, 92.5757 ns/op
WorkloadResult   3: 2593648 op, 236233272.50 ns, 91.0815 ns/op
WorkloadResult   4: 2593648 op, 246711166.50 ns, 95.1213 ns/op
WorkloadResult   5: 2593648 op, 244617225.50 ns, 94.3140 ns/op
WorkloadResult   6: 2593648 op, 243915377.50 ns, 94.0434 ns/op
WorkloadResult   7: 2593648 op, 241955246.50 ns, 93.2876 ns/op
WorkloadResult   8: 2593648 op, 238261450.50 ns, 91.8634 ns/op
// GC:  35 0 0 601726336 2593648
// Threading:  0 0 2593648

// AfterAll
// Benchmark Process 3743 has exited with code 0.

Mean = 93.355 ns, StdErr = 0.499 ns (0.53%), N = 8, StdDev = 1.412 ns
Min = 91.081 ns, Q1 = 92.398 ns, Median = 93.665 ns, Q3 = 94.374 ns, Max = 95.121 ns
IQR = 1.976 ns, LowerFence = 89.433 ns, UpperFence = 97.339 ns
ConfidenceInterval = [90.655 ns; 96.055 ns] (CI 99.9%), Margin = 2.700 ns (2.89% of Mean)
Skewness = -0.32, Kurtosis = 1.41, MValue = 2

// ** Remained 1 (2.9 %) benchmark(s) to run. Estimated finish 2026-08-02 8:20 (0h 0m from now) **
// **************************
// Benchmark: TemplateRendering.Serilog: Quick(MaxRelativeError=0.05, Arguments=/p:MatrixMode=Benchmark, IterationTime=250ms, MaxIterationCount=12, MaxWarmupIterationCount=5, MinIterationCount=8, MinWarmupIterationCount=3)
// *** Execute ***
// Launch: 1 / 1
// Execute: dotnet Matrix.Logging-Quick-1.dll --anonymousPipes 137 138 --benchmarkName Matrix.Logging.Benchmarks.TemplateRendering.Serilog --job Quick --benchmarkId 33 in /home/runner/work/dotnet-matrix/dotnet-matrix/src/Matrix.Logging/bin/Benchmark/Release/net10.0/Matrix.Logging-Quick-1/bin/Release/net10.0
// Failed to set up high priority (Permission denied). In order to run benchmarks with high priority, make sure you have the right permissions.
// BeforeAnythingElse

// Benchmark Process Environment Information:
// BenchmarkDotNet v0.15.8
// Runtime=.NET 10.0.10 (10.0.10, 10.0.1026.32716), X64 RyuJIT x86-64-v3
// GC=Concurrent Workstation
// HardwareIntrinsics=AVX2+BMI1+BMI2+F16C+FMA+LZCNT+MOVBE,AVX,SSE3+SSSE3+SSE4.1+SSE4.2+POPCNT,X86Base+SSE+SSE2,AES+PCLMUL VectorSize=256
// Job: Quick(MaxRelativeError=0.05, IterationTime=250ms, MaxIterationCount=12, MaxWarmupIterationCount=5, MinIterationCount=8, MinWarmupIterationCount=3)

OverheadJitting  1: 1 op, 190518.00 ns, 190.5180 us/op
WorkloadJitting  1: 1 op, 8148300.00 ns, 8.1483 ms/op

OverheadJitting  2: 16 op, 232957.00 ns, 14.5598 us/op
WorkloadJitting  2: 16 op, 336922.00 ns, 21.0576 us/op

WorkloadPilot    1: 16 op, 47088.00 ns, 2.9430 us/op
WorkloadPilot    2: 84960 op, 80262198.00 ns, 944.7057 ns/op
WorkloadPilot    3: 264640 op, 239665943.00 ns, 905.6301 ns/op
WorkloadPilot    4: 276064 op, 125807741.00 ns, 455.7195 ns/op
WorkloadPilot    5: 548592 op, 135925518.00 ns, 247.7716 ns/op
WorkloadPilot    6: 1009008 op, 244350429.00 ns, 242.1690 ns/op
WorkloadPilot    7: 1032352 op, 248864044.00 ns, 241.0651 ns/op
WorkloadPilot    8: 1037072 op, 247924640.00 ns, 239.0621 ns/op
WorkloadPilot    9: 1045760 op, 254580337.00 ns, 243.4405 ns/op
WorkloadPilot   10: 1026960 op, 248267575.00 ns, 241.7500 ns/op
WorkloadPilot   11: 1034128 op, 253739188.00 ns, 245.3654 ns/op
WorkloadPilot   12: 1018896 op, 243824411.00 ns, 239.3026 ns/op
WorkloadPilot   13: 1044704 op, 253193123.00 ns, 242.3587 ns/op

OverheadWarmup   1: 1044704 op, 2395367.00 ns, 2.2929 ns/op
OverheadWarmup   2: 1044704 op, 2359551.00 ns, 2.2586 ns/op
OverheadWarmup   3: 1044704 op, 2430043.00 ns, 2.3261 ns/op
OverheadWarmup   4: 1044704 op, 2358107.00 ns, 2.2572 ns/op
OverheadWarmup   5: 1044704 op, 2373867.00 ns, 2.2723 ns/op
OverheadWarmup   6: 1044704 op, 2388385.00 ns, 2.2862 ns/op
OverheadWarmup   7: 1044704 op, 2388184.00 ns, 2.2860 ns/op

OverheadActual   1: 1044704 op, 2374569.00 ns, 2.2730 ns/op
OverheadActual   2: 1044704 op, 2384457.00 ns, 2.2824 ns/op
OverheadActual   3: 1044704 op, 2391681.00 ns, 2.2893 ns/op
OverheadActual   4: 1044704 op, 2381181.00 ns, 2.2793 ns/op
OverheadActual   5: 1044704 op, 2387342.00 ns, 2.2852 ns/op
OverheadActual   6: 1044704 op, 2379228.00 ns, 2.2774 ns/op
OverheadActual   7: 1044704 op, 2379789.00 ns, 2.2780 ns/op
OverheadActual   8: 1044704 op, 2383375.00 ns, 2.2814 ns/op

WorkloadWarmup   1: 1044704 op, 260624878.00 ns, 249.4725 ns/op
WorkloadWarmup   2: 1044704 op, 252481297.00 ns, 241.6774 ns/op
WorkloadWarmup   3: 1044704 op, 247829050.00 ns, 237.2242 ns/op
WorkloadWarmup   4: 1044704 op, 245091651.00 ns, 234.6039 ns/op
WorkloadWarmup   5: 1044704 op, 247760073.00 ns, 237.1582 ns/op

// BeforeActualRun
WorkloadActual   1: 1044704 op, 250222196.00 ns, 239.5149 ns/op
WorkloadActual   2: 1044704 op, 245283494.00 ns, 234.7876 ns/op
WorkloadActual   3: 1044704 op, 245845619.00 ns, 235.3256 ns/op
WorkloadActual   4: 1044704 op, 244326326.00 ns, 233.8713 ns/op
WorkloadActual   5: 1044704 op, 246427512.00 ns, 235.8826 ns/op
WorkloadActual   6: 1044704 op, 250282871.00 ns, 239.5730 ns/op
WorkloadActual   7: 1044704 op, 247322001.00 ns, 236.7388 ns/op
WorkloadActual   8: 1044704 op, 243545840.00 ns, 233.1243 ns/op

// AfterActualRun
WorkloadResult   1: 1044704 op, 247839918.00 ns, 237.2346 ns/op
WorkloadResult   2: 1044704 op, 242901216.00 ns, 232.5072 ns/op
WorkloadResult   3: 1044704 op, 243463341.00 ns, 233.0453 ns/op
WorkloadResult   4: 1044704 op, 241944048.00 ns, 231.5910 ns/op
WorkloadResult   5: 1044704 op, 244045234.00 ns, 233.6023 ns/op
WorkloadResult   6: 1044704 op, 247900593.00 ns, 237.2927 ns/op
WorkloadResult   7: 1044704 op, 244939723.00 ns, 234.4585 ns/op
WorkloadResult   8: 1044704 op, 241163562.00 ns, 230.8439 ns/op
// GC:  26 0 0 451312128 1044704
// Threading:  0 0 1044704

// AfterAll
// Benchmark Process 3752 has exited with code 0.

Mean = 233.822 ns, StdErr = 0.849 ns (0.36%), N = 8, StdDev = 2.400 ns
Min = 230.844 ns, Q1 = 232.278 ns, Median = 233.324 ns, Q3 = 235.153 ns, Max = 237.293 ns
IQR = 2.874 ns, LowerFence = 227.967 ns, UpperFence = 239.464 ns
ConfidenceInterval = [229.233 ns; 238.411 ns] (CI 99.9%), Margin = 4.589 ns (1.96% of Mean)
Skewness = 0.38, Kurtosis = 1.46, MValue = 2

// ** Remained 0 (0.0 %) benchmark(s) to run. Estimated finish 2026-08-02 8:20 (0h 0m from now) **
// ***** BenchmarkRunner: Finish  *****

// * Export *
  tmp/dotnet-matrix/Logging/b642dcaa4aab42ce9e5baf9ee4995fd9/results/Matrix.Logging.Benchmarks.TemplateRendering-report.csv
  tmp/dotnet-matrix/Logging/b642dcaa4aab42ce9e5baf9ee4995fd9/results/Matrix.Logging.Benchmarks.TemplateRendering-report-github.md
  tmp/dotnet-matrix/Logging/b642dcaa4aab42ce9e5baf9ee4995fd9/results/Matrix.Logging.Benchmarks.TemplateRendering-report.html
  tmp/dotnet-matrix/Logging/b642dcaa4aab42ce9e5baf9ee4995fd9/results/Matrix.Logging.Benchmarks.TemplateRendering-report-full.json

// * Detailed results *
TemplateRendering.MicrosoftExtensionsLogging: Quick(MaxRelativeError=0.05, Arguments=/p:MatrixMode=Benchmark, IterationTime=250ms, MaxIterationCount=12, MaxWarmupIterationCount=5, MinIterationCount=8, MinWarmupIterationCount=3)
Runtime = .NET 10.0.10 (10.0.10, 10.0.1026.32716), X64 RyuJIT x86-64-v3; GC = Concurrent Workstation
Mean = 35.133 ns, StdErr = 0.016 ns (0.04%), N = 7, StdDev = 0.042 ns
Min = 35.105 ns, Q1 = 35.109 ns, Median = 35.118 ns, Q3 = 35.132 ns, Max = 35.224 ns
IQR = 0.023 ns, LowerFence = 35.074 ns, UpperFence = 35.167 ns
ConfidenceInterval = [35.039 ns; 35.226 ns] (CI 99.9%), Margin = 0.094 ns (0.27% of Mean)
Skewness = 1.38, Kurtosis = 3.31, MValue = 2
-------------------- Histogram --------------------
[35.076 ns ; 35.252 ns) | @@@@@@@
---------------------------------------------------

TemplateRendering.NLog: Quick(MaxRelativeError=0.05, Arguments=/p:MatrixMode=Benchmark, IterationTime=250ms, MaxIterationCount=12, MaxWarmupIterationCount=5, MinIterationCount=8, MinWarmupIterationCount=3)
Runtime = .NET 10.0.10 (10.0.10, 10.0.1026.32716), X64 RyuJIT x86-64-v3; GC = Concurrent Workstation
Mean = 93.355 ns, StdErr = 0.499 ns (0.53%), N = 8, StdDev = 1.412 ns
Min = 91.081 ns, Q1 = 92.398 ns, Median = 93.665 ns, Q3 = 94.374 ns, Max = 95.121 ns
IQR = 1.976 ns, LowerFence = 89.433 ns, UpperFence = 97.339 ns
ConfidenceInterval = [90.655 ns; 96.055 ns] (CI 99.9%), Margin = 2.700 ns (2.89% of Mean)
Skewness = -0.32, Kurtosis = 1.41, MValue = 2
-------------------- Histogram --------------------
[90.902 ns ; 95.147 ns) | @@@@@@@@
---------------------------------------------------

TemplateRendering.Log4Net: Quick(MaxRelativeError=0.05, Arguments=/p:MatrixMode=Benchmark, IterationTime=250ms, MaxIterationCount=12, MaxWarmupIterationCount=5, MinIterationCount=8, MinWarmupIterationCount=3)
Runtime = .NET 10.0.10 (10.0.10, 10.0.1026.32716), X64 RyuJIT x86-64-v3; GC = Concurrent Workstation
Mean = 143.285 ns, StdErr = 0.988 ns (0.69%), N = 7, StdDev = 2.613 ns
Min = 138.308 ns, Q1 = 142.906 ns, Median = 143.540 ns, Q3 = 144.215 ns, Max = 146.908 ns
IQR = 1.309 ns, LowerFence = 140.943 ns, UpperFence = 146.178 ns
ConfidenceInterval = [137.400 ns; 149.171 ns] (CI 99.9%), Margin = 5.886 ns (4.11% of Mean)
Skewness = -0.59, Kurtosis = 2.42, MValue = 2
-------------------- Histogram --------------------
[136.515 ns ; 140.101 ns) | @
[140.101 ns ; 145.360 ns) | @@@@@
[145.360 ns ; 148.701 ns) | @
---------------------------------------------------

TemplateRendering.Serilog: Quick(MaxRelativeError=0.05, Arguments=/p:MatrixMode=Benchmark, IterationTime=250ms, MaxIterationCount=12, MaxWarmupIterationCount=5, MinIterationCount=8, MinWarmupIterationCount=3)
Runtime = .NET 10.0.10 (10.0.10, 10.0.1026.32716), X64 RyuJIT x86-64-v3; GC = Concurrent Workstation
Mean = 233.822 ns, StdErr = 0.849 ns (0.36%), N = 8, StdDev = 2.400 ns
Min = 230.844 ns, Q1 = 232.278 ns, Median = 233.324 ns, Q3 = 235.153 ns, Max = 237.293 ns
IQR = 2.874 ns, LowerFence = 227.967 ns, UpperFence = 239.464 ns
ConfidenceInterval = [229.233 ns; 238.411 ns] (CI 99.9%), Margin = 4.589 ns (1.96% of Mean)
Skewness = 0.38, Kurtosis = 1.46, MValue = 2
-------------------- Histogram --------------------
[229.901 ns ; 238.868 ns) | @@@@@@@@
---------------------------------------------------

// * Summary *

BenchmarkDotNet v0.15.8, Linux Ubuntu 24.04.4 LTS (Noble Numbat)
AMD EPYC 7763 2.45GHz, 1 CPU, 4 logical and 2 physical cores
.NET SDK 10.0.302
  [Host] : .NET 10.0.10 (10.0.10, 10.0.1026.32716), X64 RyuJIT x86-64-v3
  Quick  : .NET 10.0.10 (10.0.10, 10.0.1026.32716), X64 RyuJIT x86-64-v3

Job=Quick  MaxRelativeError=0.05  Arguments=/p:MatrixMode=Benchmark  
IterationTime=250ms  MaxIterationCount=12  MaxWarmupIterationCount=5  
MinIterationCount=8  MinWarmupIterationCount=3  

| Method                     | Mean      | Error    | StdDev   | Gen0   | Allocated |
|--------------------------- |----------:|---------:|---------:|-------:|----------:|
| MicrosoftExtensionsLogging |  35.13 ns | 0.094 ns | 0.042 ns |      - |         - |
| NLog                       |  93.36 ns | 2.700 ns | 1.412 ns | 0.0135 |     232 B |
| Log4Net                    | 143.29 ns | 5.886 ns | 2.613 ns | 0.0163 |     280 B |
| Serilog                    | 233.82 ns | 4.589 ns | 2.400 ns | 0.0249 |     432 B |

// * Hints *
Outliers
  TemplateRendering.MicrosoftExtensionsLogging: Quick -> 1 outlier  was  removed (38.25 ns)
  TemplateRendering.Log4Net: Quick                    -> 1 outlier  was  removed, 2 outliers were detected (140.88 ns, 152.45 ns)

// * Legends *
  Mean      : Arithmetic mean of all measurements
  Error     : Half of 99.9% confidence interval
  StdDev    : Standard deviation of all measurements
  Gen0      : GC Generation 0 collects per 1000 operations
  Allocated : Allocated memory per single operation (managed only, inclusive, 1KB = 1024B)
  1 ns      : 1 Nanosecond (0.000000001 sec)

// * Diagnostic Output - MemoryDiagnoser *


// ***** BenchmarkRunner: End *****
Run time: 00:00:23 (23.08 sec), executed benchmarks: 4

Global total time: 00:04:17 (257.87 sec), executed benchmarks: 34
// * Artifacts cleanup *
Artifacts cleanup is finished
