// Validating benchmarks:
// ***** BenchmarkRunner: Start   *****
// ***** Found 38 benchmark(s) in total *****
// ***** Building 1 exe(s) in Parallel: Start   *****
// start dotnet  restore /p:MatrixMode=Benchmark --nodeReuse:false /p:UseSharedCompilation=false /p:Deterministic=true /p:Optimize=true /p:ArtifactsPath="/home/runner/work/dotnet-matrix/dotnet-matrix/src/Matrix.ObjectMapping/bin/Benchmark/Release/net10.0/Matrix.ObjectMapping-Quick-1/" /p:OutDir="/home/runner/work/dotnet-matrix/dotnet-matrix/src/Matrix.ObjectMapping/bin/Benchmark/Release/net10.0/Matrix.ObjectMapping-Quick-1/bin/Release/net10.0/" /p:OutputPath="/home/runner/work/dotnet-matrix/dotnet-matrix/src/Matrix.ObjectMapping/bin/Benchmark/Release/net10.0/Matrix.ObjectMapping-Quick-1/bin/Release/net10.0/" /p:PublishDir="/home/runner/work/dotnet-matrix/dotnet-matrix/src/Matrix.ObjectMapping/bin/Benchmark/Release/net10.0/Matrix.ObjectMapping-Quick-1/publish/" in /home/runner/work/dotnet-matrix/dotnet-matrix/src/Matrix.ObjectMapping/bin/Benchmark/Release/net10.0/Matrix.ObjectMapping-Quick-1
// command took 1.54 sec and exited with 0
// start dotnet  build -c Release /p:MatrixMode=Benchmark --no-restore --nodeReuse:false /p:UseSharedCompilation=false /p:Deterministic=true /p:Optimize=true /p:ArtifactsPath="/home/runner/work/dotnet-matrix/dotnet-matrix/src/Matrix.ObjectMapping/bin/Benchmark/Release/net10.0/Matrix.ObjectMapping-Quick-1/" /p:OutDir="/home/runner/work/dotnet-matrix/dotnet-matrix/src/Matrix.ObjectMapping/bin/Benchmark/Release/net10.0/Matrix.ObjectMapping-Quick-1/bin/Release/net10.0/" /p:OutputPath="/home/runner/work/dotnet-matrix/dotnet-matrix/src/Matrix.ObjectMapping/bin/Benchmark/Release/net10.0/Matrix.ObjectMapping-Quick-1/bin/Release/net10.0/" /p:PublishDir="/home/runner/work/dotnet-matrix/dotnet-matrix/src/Matrix.ObjectMapping/bin/Benchmark/Release/net10.0/Matrix.ObjectMapping-Quick-1/publish/" --output "/home/runner/work/dotnet-matrix/dotnet-matrix/src/Matrix.ObjectMapping/bin/Benchmark/Release/net10.0/Matrix.ObjectMapping-Quick-1/bin/Release/net10.0/" in /home/runner/work/dotnet-matrix/dotnet-matrix/src/Matrix.ObjectMapping/bin/Benchmark/Release/net10.0/Matrix.ObjectMapping-Quick-1
// command took 10.74 sec and exited with 0
// ***** Done, took 00:00:12 (12.39 sec)   *****
// Found 4 benchmarks:
//   Collection.AutoMapper: Quick(MaxRelativeError=0.05, Arguments=/p:MatrixMode=Benchmark, IterationTime=250ms, MaxIterationCount=12, MaxWarmupIterationCount=5, MinIterationCount=8, MinWarmupIterationCount=3)
//   Collection.HandCoded: Quick(MaxRelativeError=0.05, Arguments=/p:MatrixMode=Benchmark, IterationTime=250ms, MaxIterationCount=12, MaxWarmupIterationCount=5, MinIterationCount=8, MinWarmupIterationCount=3)
//   Collection.Mapperly: Quick(MaxRelativeError=0.05, Arguments=/p:MatrixMode=Benchmark, IterationTime=250ms, MaxIterationCount=12, MaxWarmupIterationCount=5, MinIterationCount=8, MinWarmupIterationCount=3)
//   Collection.Mapster: Quick(MaxRelativeError=0.05, Arguments=/p:MatrixMode=Benchmark, IterationTime=250ms, MaxIterationCount=12, MaxWarmupIterationCount=5, MinIterationCount=8, MinWarmupIterationCount=3)

// **************************
// Benchmark: Collection.AutoMapper: Quick(MaxRelativeError=0.05, Arguments=/p:MatrixMode=Benchmark, IterationTime=250ms, MaxIterationCount=12, MaxWarmupIterationCount=5, MinIterationCount=8, MinWarmupIterationCount=3)
// *** Execute ***
// Launch: 1 / 1
// Execute: dotnet Matrix.ObjectMapping-Quick-1.dll --anonymousPipes 125 126 --benchmarkName Matrix.ObjectMapping.Benchmarks.Collection.AutoMapper --job Quick --benchmarkId 0 in /home/runner/work/dotnet-matrix/dotnet-matrix/src/Matrix.ObjectMapping/bin/Benchmark/Release/net10.0/Matrix.ObjectMapping-Quick-1/bin/Release/net10.0
// Failed to set up high priority (Permission denied). In order to run benchmarks with high priority, make sure you have the right permissions.
// BeforeAnythingElse

// Benchmark Process Environment Information:
// BenchmarkDotNet v0.15.8
// Runtime=.NET 10.0.10 (10.0.10, 10.0.1026.32716), X64 RyuJIT x86-64-v3
// GC=Concurrent Workstation
// HardwareIntrinsics=AVX2+BMI1+BMI2+F16C+FMA+LZCNT+MOVBE,AVX,SSE3+SSSE3+SSE4.1+SSE4.2+POPCNT,X86Base+SSE+SSE2,AES+PCLMUL VectorSize=256
// Job: Quick(MaxRelativeError=0.05, IterationTime=250ms, MaxIterationCount=12, MaxWarmupIterationCount=5, MinIterationCount=8, MinWarmupIterationCount=3)

OverheadJitting  1: 1 op, 259360.00 ns, 259.3600 us/op
WorkloadJitting  1: 1 op, 3838026.00 ns, 3.8380 ms/op

OverheadJitting  2: 16 op, 521113.00 ns, 32.5696 us/op
WorkloadJitting  2: 16 op, 961084.00 ns, 60.0678 us/op

WorkloadPilot    1: 16 op, 66720.00 ns, 4.1700 us/op
WorkloadPilot    2: 59952 op, 101855051.00 ns, 1.6989 us/op
WorkloadPilot    3: 147152 op, 222859476.00 ns, 1.5145 us/op
WorkloadPilot    4: 165088 op, 221392020.00 ns, 1.3411 us/op
WorkloadPilot    5: 186432 op, 245276679.00 ns, 1.3156 us/op
WorkloadPilot    6: 190032 op, 252755285.00 ns, 1.3301 us/op
WorkloadPilot    7: 187968 op, 259984878.00 ns, 1.3831 us/op
WorkloadPilot    8: 180752 op, 243755642.00 ns, 1.3486 us/op
WorkloadPilot    9: 185392 op, 252957579.00 ns, 1.3644 us/op

OverheadWarmup   1: 185392 op, 850869.00 ns, 4.5896 ns/op
OverheadWarmup   2: 185392 op, 820924.00 ns, 4.4280 ns/op
OverheadWarmup   3: 185392 op, 1068455.00 ns, 5.7632 ns/op
OverheadWarmup   4: 185392 op, 830057.00 ns, 4.4773 ns/op
OverheadWarmup   5: 185392 op, 1150429.00 ns, 6.2054 ns/op
OverheadWarmup   6: 185392 op, 1130920.00 ns, 6.1002 ns/op

OverheadActual   1: 185392 op, 1151871.00 ns, 6.2132 ns/op
OverheadActual   2: 185392 op, 989747.00 ns, 5.3387 ns/op
OverheadActual   3: 185392 op, 766582.00 ns, 4.1349 ns/op
OverheadActual   4: 185392 op, 768184.00 ns, 4.1436 ns/op
OverheadActual   5: 185392 op, 825020.00 ns, 4.4501 ns/op
OverheadActual   6: 185392 op, 830748.00 ns, 4.4810 ns/op
OverheadActual   7: 185392 op, 831209.00 ns, 4.4835 ns/op
OverheadActual   8: 185392 op, 808956.00 ns, 4.3635 ns/op
OverheadActual   9: 185392 op, 821104.00 ns, 4.4290 ns/op
OverheadActual  10: 185392 op, 829687.00 ns, 4.4753 ns/op
OverheadActual  11: 185392 op, 829215.00 ns, 4.4728 ns/op
OverheadActual  12: 185392 op, 811549.00 ns, 4.3775 ns/op

WorkloadWarmup   1: 185392 op, 228593401.00 ns, 1.2330 us/op
WorkloadWarmup   2: 185392 op, 249795548.00 ns, 1.3474 us/op
WorkloadWarmup   3: 185392 op, 243723715.00 ns, 1.3146 us/op
WorkloadWarmup   4: 185392 op, 240737738.00 ns, 1.2985 us/op
WorkloadWarmup   5: 185392 op, 257932584.00 ns, 1.3913 us/op

// BeforeActualRun
WorkloadActual   1: 185392 op, 248749005.00 ns, 1.3417 us/op
WorkloadActual   2: 185392 op, 252310737.00 ns, 1.3610 us/op
WorkloadActual   3: 185392 op, 252389936.00 ns, 1.3614 us/op
WorkloadActual   4: 185392 op, 251711287.00 ns, 1.3577 us/op
WorkloadActual   5: 185392 op, 252239871.00 ns, 1.3606 us/op
WorkloadActual   6: 185392 op, 252025278.00 ns, 1.3594 us/op
WorkloadActual   7: 185392 op, 252813933.00 ns, 1.3637 us/op
WorkloadActual   8: 185392 op, 253007287.00 ns, 1.3647 us/op

// AfterActualRun
WorkloadResult   1: 185392 op, 247921887.50 ns, 1.3373 us/op
WorkloadResult   2: 185392 op, 251483619.50 ns, 1.3565 us/op
WorkloadResult   3: 185392 op, 251562818.50 ns, 1.3569 us/op
WorkloadResult   4: 185392 op, 250884169.50 ns, 1.3533 us/op
WorkloadResult   5: 185392 op, 251412753.50 ns, 1.3561 us/op
WorkloadResult   6: 185392 op, 251198160.50 ns, 1.3550 us/op
WorkloadResult   7: 185392 op, 251986815.50 ns, 1.3592 us/op
WorkloadResult   8: 185392 op, 252180169.50 ns, 1.3603 us/op
// GC:  71 1 0 1190958208 185392
// Threading:  0 0 185392

// AfterAll
// Benchmark Process 4016 has exited with code 0.

Mean = 1.354 μs, StdErr = 0.003 μs (0.19%), N = 8, StdDev = 0.007 μs
Min = 1.337 μs, Q1 = 1.355 μs, Median = 1.356 μs, Q3 = 1.357 μs, Max = 1.360 μs
IQR = 0.003 μs, LowerFence = 1.350 μs, UpperFence = 1.362 μs
ConfidenceInterval = [1.340 μs; 1.368 μs] (CI 99.9%), Margin = 0.014 μs (1.02% of Mean)
Skewness = -1.52, Kurtosis = 3.94, MValue = 2

// ** Remained 37 (97.4 %) benchmark(s) to run. Estimated finish 2026-08-03 10:14 (0h 3m from now) **
// **************************
// Benchmark: Collection.HandCoded: Quick(MaxRelativeError=0.05, Arguments=/p:MatrixMode=Benchmark, IterationTime=250ms, MaxIterationCount=12, MaxWarmupIterationCount=5, MinIterationCount=8, MinWarmupIterationCount=3)
// *** Execute ***
// Launch: 1 / 1
// Execute: dotnet Matrix.ObjectMapping-Quick-1.dll --anonymousPipes 125 126 --benchmarkName Matrix.ObjectMapping.Benchmarks.Collection.HandCoded --job Quick --benchmarkId 1 in /home/runner/work/dotnet-matrix/dotnet-matrix/src/Matrix.ObjectMapping/bin/Benchmark/Release/net10.0/Matrix.ObjectMapping-Quick-1/bin/Release/net10.0
// Failed to set up high priority (Permission denied). In order to run benchmarks with high priority, make sure you have the right permissions.
// BeforeAnythingElse

// Benchmark Process Environment Information:
// BenchmarkDotNet v0.15.8
// Runtime=.NET 10.0.10 (10.0.10, 10.0.1026.32716), X64 RyuJIT x86-64-v3
// GC=Concurrent Workstation
// HardwareIntrinsics=AVX2+BMI1+BMI2+F16C+FMA+LZCNT+MOVBE,AVX,SSE3+SSSE3+SSE4.1+SSE4.2+POPCNT,X86Base+SSE+SSE2,AES+PCLMUL VectorSize=256
// Job: Quick(MaxRelativeError=0.05, IterationTime=250ms, MaxIterationCount=12, MaxWarmupIterationCount=5, MinIterationCount=8, MinWarmupIterationCount=3)

OverheadJitting  1: 1 op, 243876.00 ns, 243.8760 us/op
WorkloadJitting  1: 1 op, 626081.00 ns, 626.0810 us/op

OverheadJitting  2: 16 op, 507873.00 ns, 31.7421 us/op
WorkloadJitting  2: 16 op, 633723.00 ns, 39.6077 us/op

WorkloadPilot    1: 16 op, 153832.00 ns, 9.6145 us/op
WorkloadPilot    2: 26016 op, 121349807.00 ns, 4.6644 us/op
WorkloadPilot    3: 53600 op, 110977210.00 ns, 2.0705 us/op
WorkloadPilot    4: 120752 op, 157278592.00 ns, 1.3025 us/op
WorkloadPilot    5: 191952 op, 227969830.00 ns, 1.1876 us/op
WorkloadPilot    6: 210512 op, 265578560.00 ns, 1.2616 us/op
WorkloadPilot    7: 198176 op, 220503351.00 ns, 1.1127 us/op
WorkloadPilot    8: 224688 op, 267515500.00 ns, 1.1906 us/op
WorkloadPilot    9: 209984 op, 263349801.00 ns, 1.2541 us/op

OverheadWarmup   1: 209984 op, 942226.00 ns, 4.4871 ns/op
OverheadWarmup   2: 209984 op, 841334.00 ns, 4.0067 ns/op
OverheadWarmup   3: 209984 op, 842626.00 ns, 4.0128 ns/op
OverheadWarmup   4: 209984 op, 856127.00 ns, 4.0771 ns/op
OverheadWarmup   5: 209984 op, 854634.00 ns, 4.0700 ns/op
OverheadWarmup   6: 209984 op, 832931.00 ns, 3.9666 ns/op
OverheadWarmup   7: 209984 op, 824859.00 ns, 3.9282 ns/op
OverheadWarmup   8: 209984 op, 845390.00 ns, 4.0260 ns/op
OverheadWarmup   9: 209984 op, 848956.00 ns, 4.0430 ns/op
OverheadWarmup  10: 209984 op, 839231.00 ns, 3.9966 ns/op

OverheadActual   1: 209984 op, 820703.00 ns, 3.9084 ns/op
OverheadActual   2: 209984 op, 840462.00 ns, 4.0025 ns/op
OverheadActual   3: 209984 op, 903588.00 ns, 4.3031 ns/op
OverheadActual   4: 209984 op, 848855.00 ns, 4.0425 ns/op
OverheadActual   5: 209984 op, 857398.00 ns, 4.0832 ns/op
OverheadActual   6: 209984 op, 821354.00 ns, 3.9115 ns/op
OverheadActual   7: 209984 op, 850759.00 ns, 4.0515 ns/op
OverheadActual   8: 209984 op, 830398.00 ns, 3.9546 ns/op

WorkloadWarmup   1: 209984 op, 270732043.00 ns, 1.2893 us/op
WorkloadWarmup   2: 209984 op, 273899663.00 ns, 1.3044 us/op
WorkloadWarmup   3: 209984 op, 269278930.00 ns, 1.2824 us/op
WorkloadWarmup   4: 209984 op, 261956167.00 ns, 1.2475 us/op
WorkloadWarmup   5: 209984 op, 266786455.00 ns, 1.2705 us/op

// BeforeActualRun
WorkloadActual   1: 209984 op, 273527504.00 ns, 1.3026 us/op
WorkloadActual   2: 209984 op, 266005071.00 ns, 1.2668 us/op
WorkloadActual   3: 209984 op, 269933313.00 ns, 1.2855 us/op
WorkloadActual   4: 209984 op, 271584595.00 ns, 1.2934 us/op
WorkloadActual   5: 209984 op, 270671663.00 ns, 1.2890 us/op
WorkloadActual   6: 209984 op, 271068198.00 ns, 1.2909 us/op
WorkloadActual   7: 209984 op, 270858544.00 ns, 1.2899 us/op
WorkloadActual   8: 209984 op, 271155054.00 ns, 1.2913 us/op

// AfterActualRun
WorkloadResult   1: 209984 op, 265160412.50 ns, 1.2628 us/op
WorkloadResult   2: 209984 op, 269088654.50 ns, 1.2815 us/op
WorkloadResult   3: 209984 op, 270739936.50 ns, 1.2893 us/op
WorkloadResult   4: 209984 op, 269827004.50 ns, 1.2850 us/op
WorkloadResult   5: 209984 op, 270223539.50 ns, 1.2869 us/op
WorkloadResult   6: 209984 op, 270013885.50 ns, 1.2859 us/op
WorkloadResult   7: 209984 op, 270310395.50 ns, 1.2873 us/op
// GC:  80 1 0 1348937216 209984
// Threading:  0 0 209984

// AfterAll
// Benchmark Process 4026 has exited with code 0.

Mean = 1.283 μs, StdErr = 0.003 μs (0.27%), N = 7, StdDev = 0.009 μs
Min = 1.263 μs, Q1 = 1.283 μs, Median = 1.286 μs, Q3 = 1.287 μs, Max = 1.289 μs
IQR = 0.004 μs, LowerFence = 1.277 μs, UpperFence = 1.293 μs
ConfidenceInterval = [1.262 μs; 1.303 μs] (CI 99.9%), Margin = 0.020 μs (1.60% of Mean)
Skewness = -1.39, Kurtosis = 3.32, MValue = 2

// ** Remained 36 (94.7 %) benchmark(s) to run. Estimated finish 2026-08-03 10:14 (0h 3m from now) **
// **************************
// Benchmark: Collection.Mapperly: Quick(MaxRelativeError=0.05, Arguments=/p:MatrixMode=Benchmark, IterationTime=250ms, MaxIterationCount=12, MaxWarmupIterationCount=5, MinIterationCount=8, MinWarmupIterationCount=3)
// *** Execute ***
// Launch: 1 / 1
// Execute: dotnet Matrix.ObjectMapping-Quick-1.dll --anonymousPipes 125 126 --benchmarkName Matrix.ObjectMapping.Benchmarks.Collection.Mapperly --job Quick --benchmarkId 2 in /home/runner/work/dotnet-matrix/dotnet-matrix/src/Matrix.ObjectMapping/bin/Benchmark/Release/net10.0/Matrix.ObjectMapping-Quick-1/bin/Release/net10.0
// Failed to set up high priority (Permission denied). In order to run benchmarks with high priority, make sure you have the right permissions.
// BeforeAnythingElse

// Benchmark Process Environment Information:
// BenchmarkDotNet v0.15.8
// Runtime=.NET 10.0.10 (10.0.10, 10.0.1026.32716), X64 RyuJIT x86-64-v3
// GC=Concurrent Workstation
// HardwareIntrinsics=AVX2+BMI1+BMI2+F16C+FMA+LZCNT+MOVBE,AVX,SSE3+SSSE3+SSE4.1+SSE4.2+POPCNT,X86Base+SSE+SSE2,AES+PCLMUL VectorSize=256
// Job: Quick(MaxRelativeError=0.05, IterationTime=250ms, MaxIterationCount=12, MaxWarmupIterationCount=5, MinIterationCount=8, MinWarmupIterationCount=3)

OverheadJitting  1: 1 op, 310717.00 ns, 310.7170 us/op
WorkloadJitting  1: 1 op, 640442.00 ns, 640.4420 us/op

OverheadJitting  2: 16 op, 516406.00 ns, 32.2754 us/op
WorkloadJitting  2: 16 op, 624729.00 ns, 39.0456 us/op

WorkloadPilot    1: 16 op, 140572.00 ns, 8.7858 us/op
WorkloadPilot    2: 28464 op, 129006551.00 ns, 4.5323 us/op
WorkloadPilot    3: 55168 op, 106943530.00 ns, 1.9385 us/op
WorkloadPilot    4: 128976 op, 139351435.00 ns, 1.0804 us/op
WorkloadPilot    5: 231392 op, 257614474.00 ns, 1.1133 us/op
WorkloadPilot    6: 224560 op, 243907377.00 ns, 1.0862 us/op
WorkloadPilot    7: 230176 op, 241767502.00 ns, 1.0504 us/op
WorkloadPilot    8: 238016 op, 258942589.00 ns, 1.0879 us/op
WorkloadPilot    9: 229808 op, 252886609.00 ns, 1.1004 us/op

OverheadWarmup   1: 229808 op, 1122617.00 ns, 4.8850 ns/op
OverheadWarmup   2: 229808 op, 1085391.00 ns, 4.7230 ns/op
OverheadWarmup   3: 229808 op, 1085251.00 ns, 4.7224 ns/op
OverheadWarmup   4: 229808 op, 1107263.00 ns, 4.8182 ns/op
OverheadWarmup   5: 229808 op, 994595.00 ns, 4.3279 ns/op
OverheadWarmup   6: 229808 op, 1014945.00 ns, 4.4165 ns/op
OverheadWarmup   7: 229808 op, 1018761.00 ns, 4.4331 ns/op
OverheadWarmup   8: 229808 op, 1006382.00 ns, 4.3792 ns/op

OverheadActual   1: 229808 op, 915355.00 ns, 3.9831 ns/op
OverheadActual   2: 229808 op, 927283.00 ns, 4.0350 ns/op
OverheadActual   3: 229808 op, 918620.00 ns, 3.9973 ns/op
OverheadActual   4: 229808 op, 927734.00 ns, 4.0370 ns/op
OverheadActual   5: 229808 op, 919001.00 ns, 3.9990 ns/op
OverheadActual   6: 229808 op, 1002867.00 ns, 4.3639 ns/op
OverheadActual   7: 229808 op, 999382.00 ns, 4.3488 ns/op
OverheadActual   8: 229808 op, 1018110.00 ns, 4.4303 ns/op
OverheadActual   9: 229808 op, 1016998.00 ns, 4.4254 ns/op
OverheadActual  10: 229808 op, 1025651.00 ns, 4.4631 ns/op
OverheadActual  11: 229808 op, 996478.00 ns, 4.3361 ns/op
OverheadActual  12: 229808 op, 1004920.00 ns, 4.3729 ns/op

WorkloadWarmup   1: 229808 op, 260243506.00 ns, 1.1324 us/op
WorkloadWarmup   2: 229808 op, 258883690.00 ns, 1.1265 us/op
WorkloadWarmup   3: 229808 op, 246856661.00 ns, 1.0742 us/op
WorkloadWarmup   4: 229808 op, 246797552.00 ns, 1.0739 us/op
WorkloadWarmup   5: 229808 op, 247837494.00 ns, 1.0785 us/op

// BeforeActualRun
WorkloadActual   1: 229808 op, 249413322.00 ns, 1.0853 us/op
WorkloadActual   2: 229808 op, 256897466.00 ns, 1.1179 us/op
WorkloadActual   3: 229808 op, 254995759.00 ns, 1.1096 us/op
WorkloadActual   4: 229808 op, 255368790.00 ns, 1.1112 us/op
WorkloadActual   5: 229808 op, 254414345.00 ns, 1.1071 us/op
WorkloadActual   6: 229808 op, 253923809.00 ns, 1.1049 us/op
WorkloadActual   7: 229808 op, 255423902.00 ns, 1.1115 us/op
WorkloadActual   8: 229808 op, 275875563.00 ns, 1.2005 us/op

// AfterActualRun
WorkloadResult   1: 229808 op, 248415392.00 ns, 1.0810 us/op
WorkloadResult   2: 229808 op, 255899536.00 ns, 1.1135 us/op
WorkloadResult   3: 229808 op, 253997829.00 ns, 1.1053 us/op
WorkloadResult   4: 229808 op, 254370860.00 ns, 1.1069 us/op
WorkloadResult   5: 229808 op, 253416415.00 ns, 1.1027 us/op
WorkloadResult   6: 229808 op, 252925879.00 ns, 1.1006 us/op
WorkloadResult   7: 229808 op, 254425972.00 ns, 1.1071 us/op
// GC:  88 2 0 1476286592 229808
// Threading:  0 0 229808

// AfterAll
// Benchmark Process 4040 has exited with code 0.

Mean = 1.102 μs, StdErr = 0.004 μs (0.35%), N = 7, StdDev = 0.010 μs
Min = 1.081 μs, Q1 = 1.102 μs, Median = 1.105 μs, Q3 = 1.107 μs, Max = 1.114 μs
IQR = 0.005 μs, LowerFence = 1.094 μs, UpperFence = 1.115 μs
ConfidenceInterval = [1.079 μs; 1.126 μs] (CI 99.9%), Margin = 0.023 μs (2.11% of Mean)
Skewness = -1.09, Kurtosis = 2.9, MValue = 2

// ** Remained 35 (92.1 %) benchmark(s) to run. Estimated finish 2026-08-03 10:14 (0h 3m from now) **
// **************************
// Benchmark: Collection.Mapster: Quick(MaxRelativeError=0.05, Arguments=/p:MatrixMode=Benchmark, IterationTime=250ms, MaxIterationCount=12, MaxWarmupIterationCount=5, MinIterationCount=8, MinWarmupIterationCount=3)
// *** Execute ***
// Launch: 1 / 1
// Execute: dotnet Matrix.ObjectMapping-Quick-1.dll --anonymousPipes 125 126 --benchmarkName Matrix.ObjectMapping.Benchmarks.Collection.Mapster --job Quick --benchmarkId 3 in /home/runner/work/dotnet-matrix/dotnet-matrix/src/Matrix.ObjectMapping/bin/Benchmark/Release/net10.0/Matrix.ObjectMapping-Quick-1/bin/Release/net10.0
// Failed to set up high priority (Permission denied). In order to run benchmarks with high priority, make sure you have the right permissions.
// BeforeAnythingElse

// Benchmark Process Environment Information:
// BenchmarkDotNet v0.15.8
// Runtime=.NET 10.0.10 (10.0.10, 10.0.1026.32716), X64 RyuJIT x86-64-v3
// GC=Concurrent Workstation
// HardwareIntrinsics=AVX2+BMI1+BMI2+F16C+FMA+LZCNT+MOVBE,AVX,SSE3+SSSE3+SSE4.1+SSE4.2+POPCNT,X86Base+SSE+SSE2,AES+PCLMUL VectorSize=256
// Job: Quick(MaxRelativeError=0.05, IterationTime=250ms, MaxIterationCount=12, MaxWarmupIterationCount=5, MinIterationCount=8, MinWarmupIterationCount=3)

OverheadJitting  1: 1 op, 272329.00 ns, 272.3290 us/op
WorkloadJitting  1: 1 op, 3394660.00 ns, 3.3947 ms/op

OverheadJitting  2: 16 op, 497608.00 ns, 31.1005 us/op
WorkloadJitting  2: 16 op, 590517.00 ns, 36.9073 us/op

WorkloadPilot    1: 16 op, 106360.00 ns, 6.6475 us/op
WorkloadPilot    2: 37616 op, 67165077.00 ns, 1.7855 us/op
WorkloadPilot    3: 140016 op, 206346279.00 ns, 1.4737 us/op
WorkloadPilot    4: 169648 op, 231609945.00 ns, 1.3652 us/op
WorkloadPilot    5: 183120 op, 257137496.00 ns, 1.4042 us/op
WorkloadPilot    6: 178048 op, 251948150.00 ns, 1.4151 us/op
WorkloadPilot    7: 176672 op, 256225546.00 ns, 1.4503 us/op

OverheadWarmup   1: 176672 op, 849416.00 ns, 4.8079 ns/op
OverheadWarmup   2: 176672 op, 846703.00 ns, 4.7925 ns/op
OverheadWarmup   3: 176672 op, 848906.00 ns, 4.8050 ns/op
OverheadWarmup   4: 176672 op, 845470.00 ns, 4.7855 ns/op
OverheadWarmup   5: 176672 op, 850047.00 ns, 4.8114 ns/op
OverheadWarmup   6: 176672 op, 834374.00 ns, 4.7227 ns/op

OverheadActual   1: 176672 op, 828225.00 ns, 4.6879 ns/op
OverheadActual   2: 176672 op, 844669.00 ns, 4.7810 ns/op
OverheadActual   3: 176672 op, 889146.00 ns, 5.0327 ns/op
OverheadActual   4: 176672 op, 815936.00 ns, 4.6184 ns/op
OverheadActual   5: 176672 op, 860923.00 ns, 4.8730 ns/op
OverheadActual   6: 176672 op, 839130.00 ns, 4.7496 ns/op
OverheadActual   7: 176672 op, 849807.00 ns, 4.8101 ns/op
OverheadActual   8: 176672 op, 828355.00 ns, 4.6887 ns/op
OverheadActual   9: 176672 op, 851039.00 ns, 4.8171 ns/op

WorkloadWarmup   1: 176672 op, 250119292.00 ns, 1.4157 us/op
WorkloadWarmup   2: 176672 op, 224362717.00 ns, 1.2699 us/op
WorkloadWarmup   3: 176672 op, 220894216.00 ns, 1.2503 us/op
WorkloadWarmup   4: 176672 op, 220838382.00 ns, 1.2500 us/op
WorkloadWarmup   5: 176672 op, 235582153.00 ns, 1.3334 us/op

// BeforeActualRun
WorkloadActual   1: 176672 op, 223093690.00 ns, 1.2628 us/op
WorkloadActual   2: 176672 op, 228776327.00 ns, 1.2949 us/op
WorkloadActual   3: 176672 op, 236513001.00 ns, 1.3387 us/op
WorkloadActual   4: 176672 op, 229379333.00 ns, 1.2983 us/op
WorkloadActual   5: 176672 op, 228010277.00 ns, 1.2906 us/op
WorkloadActual   6: 176672 op, 229361106.00 ns, 1.2982 us/op
WorkloadActual   7: 176672 op, 229436579.00 ns, 1.2987 us/op
WorkloadActual   8: 176672 op, 228176858.00 ns, 1.2915 us/op

// AfterActualRun
WorkloadResult   1: 176672 op, 222249021.00 ns, 1.2580 us/op
WorkloadResult   2: 176672 op, 227931658.00 ns, 1.2901 us/op
WorkloadResult   3: 176672 op, 228534664.00 ns, 1.2936 us/op
WorkloadResult   4: 176672 op, 227165608.00 ns, 1.2858 us/op
WorkloadResult   5: 176672 op, 228516437.00 ns, 1.2935 us/op
WorkloadResult   6: 176672 op, 228591910.00 ns, 1.2939 us/op
WorkloadResult   7: 176672 op, 227332189.00 ns, 1.2867 us/op
// GC:  67 1 0 1134940928 176672
// Threading:  0 0 176672

// AfterAll
// Benchmark Process 4051 has exited with code 0.

Mean = 1.286 μs, StdErr = 0.005 μs (0.38%), N = 7, StdDev = 0.013 μs
Min = 1.258 μs, Q1 = 1.286 μs, Median = 1.290 μs, Q3 = 1.294 μs, Max = 1.294 μs
IQR = 0.007 μs, LowerFence = 1.275 μs, UpperFence = 1.304 μs
ConfidenceInterval = [1.257 μs; 1.315 μs] (CI 99.9%), Margin = 0.029 μs (2.24% of Mean)
Skewness = -1.4, Kurtosis = 3.35, MValue = 2

// ** Remained 34 (89.5 %) benchmark(s) to run. Estimated finish 2026-08-03 10:14 (0h 3m from now) **
// ***** BenchmarkRunner: Finish  *****

// * Export *
  tmp/dotnet-matrix/ObjectMapping/15a28129182e4bac80f707538729aa14/results/Matrix.ObjectMapping.Benchmarks.Collection-report.csv
  tmp/dotnet-matrix/ObjectMapping/15a28129182e4bac80f707538729aa14/results/Matrix.ObjectMapping.Benchmarks.Collection-report-github.md
  tmp/dotnet-matrix/ObjectMapping/15a28129182e4bac80f707538729aa14/results/Matrix.ObjectMapping.Benchmarks.Collection-report.html
  tmp/dotnet-matrix/ObjectMapping/15a28129182e4bac80f707538729aa14/results/Matrix.ObjectMapping.Benchmarks.Collection-report-full.json

// * Detailed results *
Collection.Mapperly: Quick(MaxRelativeError=0.05, Arguments=/p:MatrixMode=Benchmark, IterationTime=250ms, MaxIterationCount=12, MaxWarmupIterationCount=5, MinIterationCount=8, MinWarmupIterationCount=3)
Runtime = .NET 10.0.10 (10.0.10, 10.0.1026.32716), X64 RyuJIT x86-64-v3; GC = Concurrent Workstation
Mean = 1.102 μs, StdErr = 0.004 μs (0.35%), N = 7, StdDev = 0.010 μs
Min = 1.081 μs, Q1 = 1.102 μs, Median = 1.105 μs, Q3 = 1.107 μs, Max = 1.114 μs
IQR = 0.005 μs, LowerFence = 1.094 μs, UpperFence = 1.115 μs
ConfidenceInterval = [1.079 μs; 1.126 μs] (CI 99.9%), Margin = 0.023 μs (2.11% of Mean)
Skewness = -1.09, Kurtosis = 2.9, MValue = 2
-------------------- Histogram --------------------
[1.074 μs ; 1.118 μs) | @@@@@@@
---------------------------------------------------

Collection.HandCoded: Quick(MaxRelativeError=0.05, Arguments=/p:MatrixMode=Benchmark, IterationTime=250ms, MaxIterationCount=12, MaxWarmupIterationCount=5, MinIterationCount=8, MinWarmupIterationCount=3)
Runtime = .NET 10.0.10 (10.0.10, 10.0.1026.32716), X64 RyuJIT x86-64-v3; GC = Concurrent Workstation
Mean = 1.283 μs, StdErr = 0.003 μs (0.27%), N = 7, StdDev = 0.009 μs
Min = 1.263 μs, Q1 = 1.283 μs, Median = 1.286 μs, Q3 = 1.287 μs, Max = 1.289 μs
IQR = 0.004 μs, LowerFence = 1.277 μs, UpperFence = 1.293 μs
ConfidenceInterval = [1.262 μs; 1.303 μs] (CI 99.9%), Margin = 0.020 μs (1.60% of Mean)
Skewness = -1.39, Kurtosis = 3.32, MValue = 2
-------------------- Histogram --------------------
[1.257 μs ; 1.296 μs) | @@@@@@@
---------------------------------------------------

Collection.Mapster: Quick(MaxRelativeError=0.05, Arguments=/p:MatrixMode=Benchmark, IterationTime=250ms, MaxIterationCount=12, MaxWarmupIterationCount=5, MinIterationCount=8, MinWarmupIterationCount=3)
Runtime = .NET 10.0.10 (10.0.10, 10.0.1026.32716), X64 RyuJIT x86-64-v3; GC = Concurrent Workstation
Mean = 1.286 μs, StdErr = 0.005 μs (0.38%), N = 7, StdDev = 0.013 μs
Min = 1.258 μs, Q1 = 1.286 μs, Median = 1.290 μs, Q3 = 1.294 μs, Max = 1.294 μs
IQR = 0.007 μs, LowerFence = 1.275 μs, UpperFence = 1.304 μs
ConfidenceInterval = [1.257 μs; 1.315 μs] (CI 99.9%), Margin = 0.029 μs (2.24% of Mean)
Skewness = -1.4, Kurtosis = 3.35, MValue = 2
-------------------- Histogram --------------------
[1.249 μs ; 1.303 μs) | @@@@@@@
---------------------------------------------------

Collection.AutoMapper: Quick(MaxRelativeError=0.05, Arguments=/p:MatrixMode=Benchmark, IterationTime=250ms, MaxIterationCount=12, MaxWarmupIterationCount=5, MinIterationCount=8, MinWarmupIterationCount=3)
Runtime = .NET 10.0.10 (10.0.10, 10.0.1026.32716), X64 RyuJIT x86-64-v3; GC = Concurrent Workstation
Mean = 1.354 μs, StdErr = 0.003 μs (0.19%), N = 8, StdDev = 0.007 μs
Min = 1.337 μs, Q1 = 1.355 μs, Median = 1.356 μs, Q3 = 1.357 μs, Max = 1.360 μs
IQR = 0.003 μs, LowerFence = 1.350 μs, UpperFence = 1.362 μs
ConfidenceInterval = [1.340 μs; 1.368 μs] (CI 99.9%), Margin = 0.014 μs (1.02% of Mean)
Skewness = -1.52, Kurtosis = 3.94, MValue = 2
-------------------- Histogram --------------------
[1.333 μs ; 1.365 μs) | @@@@@@@@
---------------------------------------------------

// * Summary *

BenchmarkDotNet v0.15.8, Linux Ubuntu 24.04.4 LTS (Noble Numbat)
AMD EPYC 9V74 2.60GHz, 1 CPU, 4 logical and 2 physical cores
.NET SDK 10.0.302
  [Host] : .NET 10.0.10 (10.0.10, 10.0.1026.32716), X64 RyuJIT x86-64-v3
  Quick  : .NET 10.0.10 (10.0.10, 10.0.1026.32716), X64 RyuJIT x86-64-v3

Job=Quick  MaxRelativeError=0.05  Arguments=/p:MatrixMode=Benchmark  
IterationTime=250ms  MaxIterationCount=12  MaxWarmupIterationCount=5  
MinIterationCount=8  MinWarmupIterationCount=3  

| Method     | Mean     | Error     | StdDev    | Ratio | Gen0   | Gen1   | Allocated | Alloc Ratio |
|----------- |---------:|----------:|----------:|------:|-------:|-------:|----------:|------------:|
| Mapperly   | 1.102 μs | 0.0232 μs | 0.0103 μs |  0.86 | 0.3829 | 0.0087 |   6.27 KB |        1.00 |
| HandCoded  | 1.283 μs | 0.0205 μs | 0.0091 μs |  1.00 | 0.3810 | 0.0048 |   6.27 KB |        1.00 |
| Mapster    | 1.286 μs | 0.0288 μs | 0.0128 μs |  1.00 | 0.3792 | 0.0057 |   6.27 KB |        1.00 |
| AutoMapper | 1.354 μs | 0.0138 μs | 0.0072 μs |  1.06 | 0.3830 | 0.0054 |   6.27 KB |        1.00 |

// * Hints *
Outliers
  Collection.Mapperly: Quick   -> 1 outlier  was  removed, 2 outliers were detected (1.09 μs, 1.20 μs)
  Collection.HandCoded: Quick  -> 1 outlier  was  removed, 2 outliers were detected (1.27 μs, 1.30 μs)
  Collection.Mapster: Quick    -> 1 outlier  was  removed, 2 outliers were detected (1.26 μs, 1.34 μs)
  Collection.AutoMapper: Quick -> 1 outlier  was  detected (1.34 μs)

// * Legends *
  Mean        : Arithmetic mean of all measurements
  Error       : Half of 99.9% confidence interval
  StdDev      : Standard deviation of all measurements
  Ratio       : Mean of the ratio distribution ([Current]/[Baseline])
  Gen0        : GC Generation 0 collects per 1000 operations
  Gen1        : GC Generation 1 collects per 1000 operations
  Allocated   : Allocated memory per single operation (managed only, inclusive, 1KB = 1024B)
  Alloc Ratio : Allocated memory ratio distribution ([Current]/[Baseline])
  1 μs        : 1 Microsecond (0.000001 sec)

// * Diagnostic Output - MemoryDiagnoser *


// ***** BenchmarkRunner: End *****
Run time: 00:00:21 (21.68 sec), executed benchmarks: 4

// Found 4 benchmarks:
//   CustomConversion.AutoMapper: Quick(MaxRelativeError=0.05, Arguments=/p:MatrixMode=Benchmark, IterationTime=250ms, MaxIterationCount=12, MaxWarmupIterationCount=5, MinIterationCount=8, MinWarmupIterationCount=3)
//   CustomConversion.HandCoded: Quick(MaxRelativeError=0.05, Arguments=/p:MatrixMode=Benchmark, IterationTime=250ms, MaxIterationCount=12, MaxWarmupIterationCount=5, MinIterationCount=8, MinWarmupIterationCount=3)
//   CustomConversion.Mapperly: Quick(MaxRelativeError=0.05, Arguments=/p:MatrixMode=Benchmark, IterationTime=250ms, MaxIterationCount=12, MaxWarmupIterationCount=5, MinIterationCount=8, MinWarmupIterationCount=3)
//   CustomConversion.Mapster: Quick(MaxRelativeError=0.05, Arguments=/p:MatrixMode=Benchmark, IterationTime=250ms, MaxIterationCount=12, MaxWarmupIterationCount=5, MinIterationCount=8, MinWarmupIterationCount=3)

// **************************
// Benchmark: CustomConversion.AutoMapper: Quick(MaxRelativeError=0.05, Arguments=/p:MatrixMode=Benchmark, IterationTime=250ms, MaxIterationCount=12, MaxWarmupIterationCount=5, MinIterationCount=8, MinWarmupIterationCount=3)
// *** Execute ***
// Launch: 1 / 1
// Execute: dotnet Matrix.ObjectMapping-Quick-1.dll --anonymousPipes 131 132 --benchmarkName Matrix.ObjectMapping.Benchmarks.CustomConversion.AutoMapper --job Quick --benchmarkId 4 in /home/runner/work/dotnet-matrix/dotnet-matrix/src/Matrix.ObjectMapping/bin/Benchmark/Release/net10.0/Matrix.ObjectMapping-Quick-1/bin/Release/net10.0
// Failed to set up high priority (Permission denied). In order to run benchmarks with high priority, make sure you have the right permissions.
// BeforeAnythingElse

// Benchmark Process Environment Information:
// BenchmarkDotNet v0.15.8
// Runtime=.NET 10.0.10 (10.0.10, 10.0.1026.32716), X64 RyuJIT x86-64-v3
// GC=Concurrent Workstation
// HardwareIntrinsics=AVX2+BMI1+BMI2+F16C+FMA+LZCNT+MOVBE,AVX,SSE3+SSSE3+SSE4.1+SSE4.2+POPCNT,X86Base+SSE+SSE2,AES+PCLMUL VectorSize=256
// Job: Quick(MaxRelativeError=0.05, IterationTime=250ms, MaxIterationCount=12, MaxWarmupIterationCount=5, MinIterationCount=8, MinWarmupIterationCount=3)

OverheadJitting  1: 1 op, 293120.00 ns, 293.1200 us/op
WorkloadJitting  1: 1 op, 2580427.00 ns, 2.5804 ms/op

OverheadJitting  2: 16 op, 492129.00 ns, 30.7581 us/op
WorkloadJitting  2: 16 op, 832761.00 ns, 52.0476 us/op

WorkloadPilot    1: 16 op, 17436.00 ns, 1.0898 us/op
WorkloadPilot    2: 229424 op, 92471547.00 ns, 403.0596 ns/op
WorkloadPilot    3: 620256 op, 165784252.00 ns, 267.2836 ns/op
WorkloadPilot    4: 935344 op, 124107473.00 ns, 132.6864 ns/op
WorkloadPilot    5: 1884144 op, 243458418.00 ns, 129.2143 ns/op
WorkloadPilot    6: 1934784 op, 253525803.00 ns, 131.0357 ns/op
WorkloadPilot    7: 1907888 op, 247066399.00 ns, 129.4973 ns/op
WorkloadPilot    8: 1930544 op, 249462118.00 ns, 129.2186 ns/op
WorkloadPilot    9: 1934720 op, 250200808.00 ns, 129.3215 ns/op
WorkloadPilot   10: 1933168 op, 250140207.00 ns, 129.3939 ns/op

OverheadWarmup   1: 1933168 op, 9243086.00 ns, 4.7813 ns/op
OverheadWarmup   2: 1933168 op, 9243036.00 ns, 4.7813 ns/op
OverheadWarmup   3: 1933168 op, 9246941.00 ns, 4.7833 ns/op
OverheadWarmup   4: 1933168 op, 9240101.00 ns, 4.7798 ns/op
OverheadWarmup   5: 1933168 op, 9226190.00 ns, 4.7726 ns/op
OverheadWarmup   6: 1933168 op, 9260842.00 ns, 4.7905 ns/op
OverheadWarmup   7: 1933168 op, 9280282.00 ns, 4.8006 ns/op
OverheadWarmup   8: 1933168 op, 9218519.00 ns, 4.7686 ns/op

OverheadActual   1: 1933168 op, 9240471.00 ns, 4.7800 ns/op
OverheadActual   2: 1933168 op, 9226991.00 ns, 4.7730 ns/op
OverheadActual   3: 1933168 op, 9240732.00 ns, 4.7801 ns/op
OverheadActual   4: 1933168 op, 9291939.00 ns, 4.8066 ns/op
OverheadActual   5: 1933168 op, 9231127.00 ns, 4.7751 ns/op
OverheadActual   6: 1933168 op, 9212410.00 ns, 4.7654 ns/op
OverheadActual   7: 1933168 op, 9238408.00 ns, 4.7789 ns/op
OverheadActual   8: 1933168 op, 9215204.00 ns, 4.7669 ns/op

WorkloadWarmup   1: 1933168 op, 261589737.00 ns, 135.3166 ns/op
WorkloadWarmup   2: 1933168 op, 252677799.00 ns, 130.7066 ns/op
WorkloadWarmup   3: 1933168 op, 250085645.00 ns, 129.3657 ns/op
WorkloadWarmup   4: 1933168 op, 249838323.00 ns, 129.2378 ns/op
WorkloadWarmup   5: 1933168 op, 250030021.00 ns, 129.3369 ns/op

// BeforeActualRun
WorkloadActual   1: 1933168 op, 252861004.00 ns, 130.8014 ns/op
WorkloadActual   2: 1933168 op, 249934958.00 ns, 129.2878 ns/op
WorkloadActual   3: 1933168 op, 249661147.00 ns, 129.1461 ns/op
WorkloadActual   4: 1933168 op, 250162450.00 ns, 129.4054 ns/op
WorkloadActual   5: 1933168 op, 249836490.00 ns, 129.2368 ns/op
WorkloadActual   6: 1933168 op, 250261589.00 ns, 129.4567 ns/op
WorkloadActual   7: 1933168 op, 249989701.00 ns, 129.3161 ns/op
WorkloadActual   8: 1933168 op, 250029991.00 ns, 129.3369 ns/op

// AfterActualRun
WorkloadResult   1: 1933168 op, 240700190.50 ns, 124.5107 ns/op
WorkloadResult   2: 1933168 op, 240426379.50 ns, 124.3691 ns/op
WorkloadResult   3: 1933168 op, 240927682.50 ns, 124.6284 ns/op
WorkloadResult   4: 1933168 op, 240601722.50 ns, 124.4598 ns/op
WorkloadResult   5: 1933168 op, 241026821.50 ns, 124.6797 ns/op
WorkloadResult   6: 1933168 op, 240754933.50 ns, 124.5391 ns/op
WorkloadResult   7: 1933168 op, 240795223.50 ns, 124.5599 ns/op
// GC:  10 0 0 170118784 1933168
// Threading:  0 0 1933168

// AfterAll
// Benchmark Process 4063 has exited with code 0.

Mean = 124.535 ns, StdErr = 0.039 ns (0.03%), N = 7, StdDev = 0.103 ns
Min = 124.369 ns, Q1 = 124.485 ns, Median = 124.539 ns, Q3 = 124.594 ns, Max = 124.680 ns
IQR = 0.109 ns, LowerFence = 124.322 ns, UpperFence = 124.757 ns
ConfidenceInterval = [124.303 ns; 124.768 ns] (CI 99.9%), Margin = 0.233 ns (0.19% of Mean)
Skewness = -0.15, Kurtosis = 1.64, MValue = 2

// ** Remained 33 (86.8 %) benchmark(s) to run. Estimated finish 2026-08-03 10:14 (0h 3m from now) **
// **************************
// Benchmark: CustomConversion.HandCoded: Quick(MaxRelativeError=0.05, Arguments=/p:MatrixMode=Benchmark, IterationTime=250ms, MaxIterationCount=12, MaxWarmupIterationCount=5, MinIterationCount=8, MinWarmupIterationCount=3)
// *** Execute ***
// Launch: 1 / 1
// Execute: dotnet Matrix.ObjectMapping-Quick-1.dll --anonymousPipes 131 132 --benchmarkName Matrix.ObjectMapping.Benchmarks.CustomConversion.HandCoded --job Quick --benchmarkId 5 in /home/runner/work/dotnet-matrix/dotnet-matrix/src/Matrix.ObjectMapping/bin/Benchmark/Release/net10.0/Matrix.ObjectMapping-Quick-1/bin/Release/net10.0
// Failed to set up high priority (Permission denied). In order to run benchmarks with high priority, make sure you have the right permissions.
// BeforeAnythingElse

// Benchmark Process Environment Information:
// BenchmarkDotNet v0.15.8
// Runtime=.NET 10.0.10 (10.0.10, 10.0.1026.32716), X64 RyuJIT x86-64-v3
// GC=Concurrent Workstation
// HardwareIntrinsics=AVX2+BMI1+BMI2+F16C+FMA+LZCNT+MOVBE,AVX,SSE3+SSSE3+SSE4.1+SSE4.2+POPCNT,X86Base+SSE+SSE2,AES+PCLMUL VectorSize=256
// Job: Quick(MaxRelativeError=0.05, IterationTime=250ms, MaxIterationCount=12, MaxWarmupIterationCount=5, MinIterationCount=8, MinWarmupIterationCount=3)

OverheadJitting  1: 1 op, 257968.00 ns, 257.9680 us/op
WorkloadJitting  1: 1 op, 488724.00 ns, 488.7240 us/op

OverheadJitting  2: 16 op, 508274.00 ns, 31.7671 us/op
WorkloadJitting  2: 16 op, 528854.00 ns, 33.0534 us/op

WorkloadPilot    1: 16 op, 8102.00 ns, 506.3750 ns/op
WorkloadPilot    2: 493712 op, 63691111.00 ns, 129.0046 ns/op
WorkloadPilot    3: 1937920 op, 202000638.00 ns, 104.2358 ns/op
WorkloadPilot    4: 2398416 op, 168282535.00 ns, 70.1640 ns/op
WorkloadPilot    5: 3563088 op, 257621095.00 ns, 72.3028 ns/op
WorkloadPilot    6: 3457696 op, 247623356.00 ns, 71.6151 ns/op
WorkloadPilot    7: 3490896 op, 248027533.00 ns, 71.0498 ns/op
WorkloadPilot    8: 3518672 op, 249104521.00 ns, 70.7950 ns/op
WorkloadPilot    9: 3531328 op, 251053200.00 ns, 71.0931 ns/op
WorkloadPilot   10: 3516528 op, 249775589.00 ns, 71.0290 ns/op
WorkloadPilot   11: 3519696 op, 246112867.00 ns, 69.9245 ns/op
WorkloadPilot   12: 3575296 op, 255589411.00 ns, 71.4876 ns/op

OverheadWarmup   1: 3575296 op, 14487021.00 ns, 4.0520 ns/op
OverheadWarmup   2: 3575296 op, 16992674.00 ns, 4.7528 ns/op
OverheadWarmup   3: 3575296 op, 16973606.00 ns, 4.7475 ns/op
OverheadWarmup   4: 3575296 op, 16989380.00 ns, 4.7519 ns/op
OverheadWarmup   5: 3575296 op, 14445298.00 ns, 4.0403 ns/op

OverheadActual   1: 3575296 op, 14542755.00 ns, 4.0676 ns/op
OverheadActual   2: 3575296 op, 14484417.00 ns, 4.0512 ns/op
OverheadActual   3: 3575296 op, 14463185.00 ns, 4.0453 ns/op
OverheadActual   4: 3575296 op, 14464286.00 ns, 4.0456 ns/op
OverheadActual   5: 3575296 op, 14464006.00 ns, 4.0455 ns/op
OverheadActual   6: 3575296 op, 14438749.00 ns, 4.0385 ns/op
OverheadActual   7: 3575296 op, 14425188.00 ns, 4.0347 ns/op
OverheadActual   8: 3575296 op, 14476035.00 ns, 4.0489 ns/op

WorkloadWarmup   1: 3575296 op, 268952704.00 ns, 75.2253 ns/op
WorkloadWarmup   2: 3575296 op, 256642503.00 ns, 71.7822 ns/op
WorkloadWarmup   3: 3575296 op, 254885464.00 ns, 71.2907 ns/op
WorkloadWarmup   4: 3575296 op, 249412173.00 ns, 69.7599 ns/op
WorkloadWarmup   5: 3575296 op, 248303753.00 ns, 69.4498 ns/op

// BeforeActualRun
WorkloadActual   1: 3575296 op, 255258294.00 ns, 71.3950 ns/op
WorkloadActual   2: 3575296 op, 251520219.00 ns, 70.3495 ns/op
WorkloadActual   3: 3575296 op, 252792520.00 ns, 70.7053 ns/op
WorkloadActual   4: 3575296 op, 253685251.00 ns, 70.9550 ns/op
WorkloadActual   5: 3575296 op, 252298633.00 ns, 70.5672 ns/op
WorkloadActual   6: 3575296 op, 250667508.00 ns, 70.1110 ns/op
WorkloadActual   7: 3575296 op, 253890990.00 ns, 71.0126 ns/op
WorkloadActual   8: 3575296 op, 251685968.00 ns, 70.3958 ns/op

// AfterActualRun
WorkloadResult   1: 3575296 op, 240794148.00 ns, 67.3494 ns/op
WorkloadResult   2: 3575296 op, 237056073.00 ns, 66.3039 ns/op
WorkloadResult   3: 3575296 op, 238328374.00 ns, 66.6598 ns/op
WorkloadResult   4: 3575296 op, 239221105.00 ns, 66.9095 ns/op
WorkloadResult   5: 3575296 op, 237834487.00 ns, 66.5216 ns/op
WorkloadResult   6: 3575296 op, 236203362.00 ns, 66.0654 ns/op
WorkloadResult   7: 3575296 op, 239426844.00 ns, 66.9670 ns/op
WorkloadResult   8: 3575296 op, 237221822.00 ns, 66.3503 ns/op
// GC:  18 0 0 314626048 3575296
// Threading:  0 0 3575296

// AfterAll
// Benchmark Process 4074 has exited with code 0.

Mean = 66.641 ns, StdErr = 0.148 ns (0.22%), N = 8, StdDev = 0.418 ns
Min = 66.065 ns, Q1 = 66.339 ns, Median = 66.591 ns, Q3 = 66.924 ns, Max = 67.349 ns
IQR = 0.585 ns, LowerFence = 65.461 ns, UpperFence = 67.802 ns
ConfidenceInterval = [65.841 ns; 67.440 ns] (CI 99.9%), Margin = 0.800 ns (1.20% of Mean)
Skewness = 0.26, Kurtosis = 1.63, MValue = 2

// ** Remained 32 (84.2 %) benchmark(s) to run. Estimated finish 2026-08-03 10:14 (0h 3m from now) **
// **************************
// Benchmark: CustomConversion.Mapperly: Quick(MaxRelativeError=0.05, Arguments=/p:MatrixMode=Benchmark, IterationTime=250ms, MaxIterationCount=12, MaxWarmupIterationCount=5, MinIterationCount=8, MinWarmupIterationCount=3)
// *** Execute ***
// Launch: 1 / 1
// Execute: dotnet Matrix.ObjectMapping-Quick-1.dll --anonymousPipes 131 132 --benchmarkName Matrix.ObjectMapping.Benchmarks.CustomConversion.Mapperly --job Quick --benchmarkId 6 in /home/runner/work/dotnet-matrix/dotnet-matrix/src/Matrix.ObjectMapping/bin/Benchmark/Release/net10.0/Matrix.ObjectMapping-Quick-1/bin/Release/net10.0
// Failed to set up high priority (Permission denied). In order to run benchmarks with high priority, make sure you have the right permissions.
// BeforeAnythingElse

// Benchmark Process Environment Information:
// BenchmarkDotNet v0.15.8
// Runtime=.NET 10.0.10 (10.0.10, 10.0.1026.32716), X64 RyuJIT x86-64-v3
// GC=Concurrent Workstation
// HardwareIntrinsics=AVX2+BMI1+BMI2+F16C+FMA+LZCNT+MOVBE,AVX,SSE3+SSSE3+SSE4.1+SSE4.2+POPCNT,X86Base+SSE+SSE2,AES+PCLMUL VectorSize=256
// Job: Quick(MaxRelativeError=0.05, IterationTime=250ms, MaxIterationCount=12, MaxWarmupIterationCount=5, MinIterationCount=8, MinWarmupIterationCount=3)

OverheadJitting  1: 1 op, 241292.00 ns, 241.2920 us/op
WorkloadJitting  1: 1 op, 574723.00 ns, 574.7230 us/op

OverheadJitting  2: 16 op, 522836.00 ns, 32.6773 us/op
WorkloadJitting  2: 16 op, 531518.00 ns, 33.2199 us/op

WorkloadPilot    1: 16 op, 8063.00 ns, 503.9375 ns/op
WorkloadPilot    2: 496096 op, 64992405.00 ns, 131.0077 ns/op
WorkloadPilot    3: 1908288 op, 215625953.00 ns, 112.9944 ns/op
WorkloadPilot    4: 2212512 op, 176902866.00 ns, 79.9557 ns/op
WorkloadPilot    5: 3126736 op, 257063706.00 ns, 82.2147 ns/op
WorkloadPilot    6: 3040832 op, 244381085.00 ns, 80.3665 ns/op
WorkloadPilot    7: 3110752 op, 249653666.00 ns, 80.2551 ns/op
WorkloadPilot    8: 3115072 op, 250080848.00 ns, 80.2809 ns/op
WorkloadPilot    9: 3114080 op, 251142752.00 ns, 80.6475 ns/op

OverheadWarmup   1: 3114080 op, 13789754.00 ns, 4.4282 ns/op
OverheadWarmup   2: 3114080 op, 13771676.00 ns, 4.4224 ns/op
OverheadWarmup   3: 3114080 op, 12643652.00 ns, 4.0602 ns/op
OverheadWarmup   4: 3114080 op, 12735050.00 ns, 4.0895 ns/op
OverheadWarmup   5: 3114080 op, 12674328.00 ns, 4.0700 ns/op
OverheadWarmup   6: 3114080 op, 12663622.00 ns, 4.0666 ns/op
OverheadWarmup   7: 3114080 op, 12653497.00 ns, 4.0633 ns/op
OverheadWarmup   8: 3114080 op, 12693377.00 ns, 4.0761 ns/op
OverheadWarmup   9: 3114080 op, 12654909.00 ns, 4.0638 ns/op

OverheadActual   1: 3114080 op, 12709901.00 ns, 4.0814 ns/op
OverheadActual   2: 3114080 op, 12677343.00 ns, 4.0710 ns/op
OverheadActual   3: 3114080 op, 12713297.00 ns, 4.0825 ns/op
OverheadActual   4: 3114080 op, 12722831.00 ns, 4.0856 ns/op
OverheadActual   5: 3114080 op, 12706517.00 ns, 4.0803 ns/op
OverheadActual   6: 3114080 op, 12673036.00 ns, 4.0696 ns/op
OverheadActual   7: 3114080 op, 12686597.00 ns, 4.0739 ns/op
OverheadActual   8: 3114080 op, 12704203.00 ns, 4.0796 ns/op

WorkloadWarmup   1: 3114080 op, 260983364.00 ns, 83.8075 ns/op
WorkloadWarmup   2: 3114080 op, 258830380.00 ns, 83.1162 ns/op
WorkloadWarmup   3: 3114080 op, 248896397.00 ns, 79.9261 ns/op
WorkloadWarmup   4: 3114080 op, 249351341.00 ns, 80.0722 ns/op
WorkloadWarmup   5: 3114080 op, 249169037.00 ns, 80.0137 ns/op

// BeforeActualRun
WorkloadActual   1: 3114080 op, 253537373.00 ns, 81.4165 ns/op
WorkloadActual   2: 3114080 op, 254932784.00 ns, 81.8646 ns/op
WorkloadActual   3: 3114080 op, 249125841.00 ns, 79.9998 ns/op
WorkloadActual   4: 3114080 op, 248940131.00 ns, 79.9402 ns/op
WorkloadActual   5: 3114080 op, 249613262.00 ns, 80.1563 ns/op
WorkloadActual   6: 3114080 op, 249719483.00 ns, 80.1905 ns/op
WorkloadActual   7: 3114080 op, 250556570.00 ns, 80.4593 ns/op
WorkloadActual   8: 3114080 op, 249097798.00 ns, 79.9908 ns/op

// AfterActualRun
WorkloadResult   1: 3114080 op, 240832013.00 ns, 77.3365 ns/op
WorkloadResult   2: 3114080 op, 236420481.00 ns, 75.9198 ns/op
WorkloadResult   3: 3114080 op, 236234771.00 ns, 75.8602 ns/op
WorkloadResult   4: 3114080 op, 236907902.00 ns, 76.0764 ns/op
WorkloadResult   5: 3114080 op, 237014123.00 ns, 76.1105 ns/op
WorkloadResult   6: 3114080 op, 237851210.00 ns, 76.3793 ns/op
WorkloadResult   7: 3114080 op, 236392438.00 ns, 75.9108 ns/op
// GC:  16 0 0 274039040 3114080
// Threading:  0 0 3114080

// AfterAll
// Benchmark Process 4085 has exited with code 0.

Mean = 76.228 ns, StdErr = 0.196 ns (0.26%), N = 7, StdDev = 0.519 ns
Min = 75.860 ns, Q1 = 75.915 ns, Median = 76.076 ns, Q3 = 76.245 ns, Max = 77.336 ns
IQR = 0.330 ns, LowerFence = 75.421 ns, UpperFence = 76.739 ns
ConfidenceInterval = [75.058 ns; 77.398 ns] (CI 99.9%), Margin = 1.170 ns (1.53% of Mean)
Skewness = 1.27, Kurtosis = 3.04, MValue = 2

// ** Remained 31 (81.6 %) benchmark(s) to run. Estimated finish 2026-08-03 10:14 (0h 2m from now) **
// **************************
// Benchmark: CustomConversion.Mapster: Quick(MaxRelativeError=0.05, Arguments=/p:MatrixMode=Benchmark, IterationTime=250ms, MaxIterationCount=12, MaxWarmupIterationCount=5, MinIterationCount=8, MinWarmupIterationCount=3)
// *** Execute ***
// Launch: 1 / 1
// Execute: dotnet Matrix.ObjectMapping-Quick-1.dll --anonymousPipes 131 132 --benchmarkName Matrix.ObjectMapping.Benchmarks.CustomConversion.Mapster --job Quick --benchmarkId 7 in /home/runner/work/dotnet-matrix/dotnet-matrix/src/Matrix.ObjectMapping/bin/Benchmark/Release/net10.0/Matrix.ObjectMapping-Quick-1/bin/Release/net10.0
// Failed to set up high priority (Permission denied). In order to run benchmarks with high priority, make sure you have the right permissions.
// BeforeAnythingElse

// Benchmark Process Environment Information:
// BenchmarkDotNet v0.15.8
// Runtime=.NET 10.0.10 (10.0.10, 10.0.1026.32716), X64 RyuJIT x86-64-v3
// GC=Concurrent Workstation
// HardwareIntrinsics=AVX2+BMI1+BMI2+F16C+FMA+LZCNT+MOVBE,AVX,SSE3+SSSE3+SSE4.1+SSE4.2+POPCNT,X86Base+SSE+SSE2,AES+PCLMUL VectorSize=256
// Job: Quick(MaxRelativeError=0.05, IterationTime=250ms, MaxIterationCount=12, MaxWarmupIterationCount=5, MinIterationCount=8, MinWarmupIterationCount=3)

OverheadJitting  1: 1 op, 291348.00 ns, 291.3480 us/op
WorkloadJitting  1: 1 op, 15982249.00 ns, 15.9822 ms/op

OverheadJitting  2: 16 op, 555484.00 ns, 34.7178 us/op
WorkloadJitting  2: 16 op, 508003.00 ns, 31.7502 us/op

WorkloadPilot    1: 16 op, 10566.00 ns, 660.3750 ns/op
WorkloadPilot    2: 378576 op, 102712185.00 ns, 271.3119 ns/op
WorkloadPilot    3: 921456 op, 139095241.00 ns, 150.9516 ns/op
WorkloadPilot    4: 1656160 op, 159385180.00 ns, 96.2378 ns/op
WorkloadPilot    5: 2597744 op, 250274165.00 ns, 96.3429 ns/op
WorkloadPilot    6: 2594912 op, 253911600.00 ns, 97.8498 ns/op
WorkloadPilot    7: 2554944 op, 247569071.00 ns, 96.8980 ns/op
WorkloadPilot    8: 2580032 op, 249091219.00 ns, 96.5458 ns/op
WorkloadPilot    9: 2589456 op, 249761275.00 ns, 96.4532 ns/op
WorkloadPilot   10: 2591936 op, 252353559.00 ns, 97.3610 ns/op

OverheadWarmup   1: 2591936 op, 10503910.00 ns, 4.0525 ns/op
OverheadWarmup   2: 2591936 op, 11417431.00 ns, 4.4050 ns/op
OverheadWarmup   3: 2591936 op, 11444022.00 ns, 4.4152 ns/op
OverheadWarmup   4: 2591936 op, 11399405.00 ns, 4.3980 ns/op
OverheadWarmup   5: 2591936 op, 11406274.00 ns, 4.4007 ns/op
OverheadWarmup   6: 2591936 op, 11443630.00 ns, 4.4151 ns/op
OverheadWarmup   7: 2591936 op, 11398093.00 ns, 4.3975 ns/op

OverheadActual   1: 2591936 op, 10491080.00 ns, 4.0476 ns/op
OverheadActual   2: 2591936 op, 10512342.00 ns, 4.0558 ns/op
OverheadActual   3: 2591936 op, 10535847.00 ns, 4.0649 ns/op
OverheadActual   4: 2591936 op, 10488176.00 ns, 4.0465 ns/op
OverheadActual   5: 2591936 op, 10529478.00 ns, 4.0624 ns/op
OverheadActual   6: 2591936 op, 11402979.00 ns, 4.3994 ns/op
OverheadActual   7: 2591936 op, 11417311.00 ns, 4.4049 ns/op
OverheadActual   8: 2591936 op, 11406535.00 ns, 4.4008 ns/op
OverheadActual   9: 2591936 op, 11408488.00 ns, 4.4015 ns/op
OverheadActual  10: 2591936 op, 11392023.00 ns, 4.3952 ns/op
OverheadActual  11: 2591936 op, 11404382.00 ns, 4.3999 ns/op
OverheadActual  12: 2591936 op, 11387186.00 ns, 4.3933 ns/op

WorkloadWarmup   1: 2591936 op, 259745078.00 ns, 100.2128 ns/op
WorkloadWarmup   2: 2591936 op, 249053031.00 ns, 96.0876 ns/op
WorkloadWarmup   3: 2591936 op, 252121290.00 ns, 97.2714 ns/op
WorkloadWarmup   4: 2591936 op, 250333275.00 ns, 96.5816 ns/op
WorkloadWarmup   5: 2591936 op, 250687977.00 ns, 96.7184 ns/op

// BeforeActualRun
WorkloadActual   1: 2591936 op, 254159833.00 ns, 98.0579 ns/op
WorkloadActual   2: 2591936 op, 251432576.00 ns, 97.0057 ns/op
WorkloadActual   3: 2591936 op, 250644627.00 ns, 96.7017 ns/op
WorkloadActual   4: 2591936 op, 250028135.00 ns, 96.4639 ns/op
WorkloadActual   5: 2591936 op, 251852567.00 ns, 97.1677 ns/op
WorkloadActual   6: 2591936 op, 251253031.00 ns, 96.9364 ns/op
WorkloadActual   7: 2591936 op, 251269030.00 ns, 96.9426 ns/op
WorkloadActual   8: 2591936 op, 251132721.00 ns, 96.8900 ns/op

// AfterActualRun
WorkloadResult   1: 2591936 op, 240042971.50 ns, 92.6115 ns/op
WorkloadResult   2: 2591936 op, 239255022.50 ns, 92.3075 ns/op
WorkloadResult   3: 2591936 op, 238638530.50 ns, 92.0696 ns/op
WorkloadResult   4: 2591936 op, 240462962.50 ns, 92.7735 ns/op
WorkloadResult   5: 2591936 op, 239863426.50 ns, 92.5422 ns/op
WorkloadResult   6: 2591936 op, 239879425.50 ns, 92.5484 ns/op
WorkloadResult   7: 2591936 op, 239743116.50 ns, 92.4958 ns/op
// GC:  17 0 0 290296832 2591936
// Threading:  0 0 2591936

// AfterAll
// Benchmark Process 4095 has exited with code 0.

Mean = 92.478 ns, StdErr = 0.086 ns (0.09%), N = 7, StdDev = 0.227 ns
Min = 92.070 ns, Q1 = 92.402 ns, Median = 92.542 ns, Q3 = 92.580 ns, Max = 92.773 ns
IQR = 0.178 ns, LowerFence = 92.134 ns, UpperFence = 92.847 ns
ConfidenceInterval = [91.966 ns; 92.991 ns] (CI 99.9%), Margin = 0.512 ns (0.55% of Mean)
Skewness = -0.54, Kurtosis = 1.96, MValue = 2

// ** Remained 30 (78.9 %) benchmark(s) to run. Estimated finish 2026-08-03 10:14 (0h 2m from now) **
// ***** BenchmarkRunner: Finish  *****

// * Export *
  tmp/dotnet-matrix/ObjectMapping/15a28129182e4bac80f707538729aa14/results/Matrix.ObjectMapping.Benchmarks.CustomConversion-report.csv
  tmp/dotnet-matrix/ObjectMapping/15a28129182e4bac80f707538729aa14/results/Matrix.ObjectMapping.Benchmarks.CustomConversion-report-github.md
  tmp/dotnet-matrix/ObjectMapping/15a28129182e4bac80f707538729aa14/results/Matrix.ObjectMapping.Benchmarks.CustomConversion-report.html
  tmp/dotnet-matrix/ObjectMapping/15a28129182e4bac80f707538729aa14/results/Matrix.ObjectMapping.Benchmarks.CustomConversion-report-full.json

// * Detailed results *
CustomConversion.HandCoded: Quick(MaxRelativeError=0.05, Arguments=/p:MatrixMode=Benchmark, IterationTime=250ms, MaxIterationCount=12, MaxWarmupIterationCount=5, MinIterationCount=8, MinWarmupIterationCount=3)
Runtime = .NET 10.0.10 (10.0.10, 10.0.1026.32716), X64 RyuJIT x86-64-v3; GC = Concurrent Workstation
Mean = 66.641 ns, StdErr = 0.148 ns (0.22%), N = 8, StdDev = 0.418 ns
Min = 66.065 ns, Q1 = 66.339 ns, Median = 66.591 ns, Q3 = 66.924 ns, Max = 67.349 ns
IQR = 0.585 ns, LowerFence = 65.461 ns, UpperFence = 67.802 ns
ConfidenceInterval = [65.841 ns; 67.440 ns] (CI 99.9%), Margin = 0.800 ns (1.20% of Mean)
Skewness = 0.26, Kurtosis = 1.63, MValue = 2
-------------------- Histogram --------------------
[65.791 ns ; 67.624 ns) | @@@@@@@@
---------------------------------------------------

CustomConversion.Mapperly: Quick(MaxRelativeError=0.05, Arguments=/p:MatrixMode=Benchmark, IterationTime=250ms, MaxIterationCount=12, MaxWarmupIterationCount=5, MinIterationCount=8, MinWarmupIterationCount=3)
Runtime = .NET 10.0.10 (10.0.10, 10.0.1026.32716), X64 RyuJIT x86-64-v3; GC = Concurrent Workstation
Mean = 76.228 ns, StdErr = 0.196 ns (0.26%), N = 7, StdDev = 0.519 ns
Min = 75.860 ns, Q1 = 75.915 ns, Median = 76.076 ns, Q3 = 76.245 ns, Max = 77.336 ns
IQR = 0.330 ns, LowerFence = 75.421 ns, UpperFence = 76.739 ns
ConfidenceInterval = [75.058 ns; 77.398 ns] (CI 99.9%), Margin = 1.170 ns (1.53% of Mean)
Skewness = 1.27, Kurtosis = 3.04, MValue = 2
-------------------- Histogram --------------------
[75.504 ns ; 77.693 ns) | @@@@@@@
---------------------------------------------------

CustomConversion.Mapster: Quick(MaxRelativeError=0.05, Arguments=/p:MatrixMode=Benchmark, IterationTime=250ms, MaxIterationCount=12, MaxWarmupIterationCount=5, MinIterationCount=8, MinWarmupIterationCount=3)
Runtime = .NET 10.0.10 (10.0.10, 10.0.1026.32716), X64 RyuJIT x86-64-v3; GC = Concurrent Workstation
Mean = 92.478 ns, StdErr = 0.086 ns (0.09%), N = 7, StdDev = 0.227 ns
Min = 92.070 ns, Q1 = 92.402 ns, Median = 92.542 ns, Q3 = 92.580 ns, Max = 92.773 ns
IQR = 0.178 ns, LowerFence = 92.134 ns, UpperFence = 92.847 ns
ConfidenceInterval = [91.966 ns; 92.991 ns] (CI 99.9%), Margin = 0.512 ns (0.55% of Mean)
Skewness = -0.54, Kurtosis = 1.96, MValue = 2
-------------------- Histogram --------------------
[91.913 ns ; 92.930 ns) | @@@@@@@
---------------------------------------------------

CustomConversion.AutoMapper: Quick(MaxRelativeError=0.05, Arguments=/p:MatrixMode=Benchmark, IterationTime=250ms, MaxIterationCount=12, MaxWarmupIterationCount=5, MinIterationCount=8, MinWarmupIterationCount=3)
Runtime = .NET 10.0.10 (10.0.10, 10.0.1026.32716), X64 RyuJIT x86-64-v3; GC = Concurrent Workstation
Mean = 124.535 ns, StdErr = 0.039 ns (0.03%), N = 7, StdDev = 0.103 ns
Min = 124.369 ns, Q1 = 124.485 ns, Median = 124.539 ns, Q3 = 124.594 ns, Max = 124.680 ns
IQR = 0.109 ns, LowerFence = 124.322 ns, UpperFence = 124.757 ns
ConfidenceInterval = [124.303 ns; 124.768 ns] (CI 99.9%), Margin = 0.233 ns (0.19% of Mean)
Skewness = -0.15, Kurtosis = 1.64, MValue = 2
-------------------- Histogram --------------------
[124.298 ns ; 124.751 ns) | @@@@@@@
---------------------------------------------------

// * Summary *

BenchmarkDotNet v0.15.8, Linux Ubuntu 24.04.4 LTS (Noble Numbat)
AMD EPYC 9V74 2.60GHz, 1 CPU, 4 logical and 2 physical cores
.NET SDK 10.0.302
  [Host] : .NET 10.0.10 (10.0.10, 10.0.1026.32716), X64 RyuJIT x86-64-v3
  Quick  : .NET 10.0.10 (10.0.10, 10.0.1026.32716), X64 RyuJIT x86-64-v3

Job=Quick  MaxRelativeError=0.05  Arguments=/p:MatrixMode=Benchmark  
IterationTime=250ms  MaxIterationCount=12  MaxWarmupIterationCount=5  
MinIterationCount=8  MinWarmupIterationCount=3  

| Method     | Mean      | Error    | StdDev   | Ratio | Gen0   | Allocated | Alloc Ratio |
|----------- |----------:|---------:|---------:|------:|-------:|----------:|------------:|
| HandCoded  |  66.64 ns | 0.800 ns | 0.418 ns |  1.00 | 0.0050 |      88 B |        1.00 |
| Mapperly   |  76.23 ns | 1.170 ns | 0.519 ns |  1.14 | 0.0051 |      88 B |        1.00 |
| Mapster    |  92.48 ns | 0.512 ns | 0.227 ns |  1.39 | 0.0066 |     112 B |        1.27 |
| AutoMapper | 124.54 ns | 0.233 ns | 0.103 ns |  1.87 | 0.0052 |      88 B |        1.00 |

// * Hints *
Outliers
  CustomConversion.Mapperly: Quick   -> 1 outlier  was  removed (81.86 ns)
  CustomConversion.Mapster: Quick    -> 1 outlier  was  removed, 2 outliers were detected (96.46 ns, 98.06 ns)
  CustomConversion.AutoMapper: Quick -> 1 outlier  was  removed (130.80 ns)

// * Legends *
  Mean        : Arithmetic mean of all measurements
  Error       : Half of 99.9% confidence interval
  StdDev      : Standard deviation of all measurements
  Ratio       : Mean of the ratio distribution ([Current]/[Baseline])
  Gen0        : GC Generation 0 collects per 1000 operations
  Allocated   : Allocated memory per single operation (managed only, inclusive, 1KB = 1024B)
  Alloc Ratio : Allocated memory ratio distribution ([Current]/[Baseline])
  1 ns        : 1 Nanosecond (0.000000001 sec)

// * Diagnostic Output - MemoryDiagnoser *


// ***** BenchmarkRunner: End *****
Run time: 00:00:24 (24.04 sec), executed benchmarks: 4

// Found 4 benchmarks:
//   Flattening.AutoMapper: Quick(MaxRelativeError=0.05, Arguments=/p:MatrixMode=Benchmark, IterationTime=250ms, MaxIterationCount=12, MaxWarmupIterationCount=5, MinIterationCount=8, MinWarmupIterationCount=3)
//   Flattening.HandCoded: Quick(MaxRelativeError=0.05, Arguments=/p:MatrixMode=Benchmark, IterationTime=250ms, MaxIterationCount=12, MaxWarmupIterationCount=5, MinIterationCount=8, MinWarmupIterationCount=3)
//   Flattening.Mapperly: Quick(MaxRelativeError=0.05, Arguments=/p:MatrixMode=Benchmark, IterationTime=250ms, MaxIterationCount=12, MaxWarmupIterationCount=5, MinIterationCount=8, MinWarmupIterationCount=3)
//   Flattening.Mapster: Quick(MaxRelativeError=0.05, Arguments=/p:MatrixMode=Benchmark, IterationTime=250ms, MaxIterationCount=12, MaxWarmupIterationCount=5, MinIterationCount=8, MinWarmupIterationCount=3)

// **************************
// Benchmark: Flattening.AutoMapper: Quick(MaxRelativeError=0.05, Arguments=/p:MatrixMode=Benchmark, IterationTime=250ms, MaxIterationCount=12, MaxWarmupIterationCount=5, MinIterationCount=8, MinWarmupIterationCount=3)
// *** Execute ***
// Launch: 1 / 1
// Execute: dotnet Matrix.ObjectMapping-Quick-1.dll --anonymousPipes 131 132 --benchmarkName Matrix.ObjectMapping.Benchmarks.Flattening.AutoMapper --job Quick --benchmarkId 8 in /home/runner/work/dotnet-matrix/dotnet-matrix/src/Matrix.ObjectMapping/bin/Benchmark/Release/net10.0/Matrix.ObjectMapping-Quick-1/bin/Release/net10.0
// Failed to set up high priority (Permission denied). In order to run benchmarks with high priority, make sure you have the right permissions.
// BeforeAnythingElse

// Benchmark Process Environment Information:
// BenchmarkDotNet v0.15.8
// Runtime=.NET 10.0.10 (10.0.10, 10.0.1026.32716), X64 RyuJIT x86-64-v3
// GC=Concurrent Workstation
// HardwareIntrinsics=AVX2+BMI1+BMI2+F16C+FMA+LZCNT+MOVBE,AVX,SSE3+SSSE3+SSE4.1+SSE4.2+POPCNT,X86Base+SSE+SSE2,AES+PCLMUL VectorSize=256
// Job: Quick(MaxRelativeError=0.05, IterationTime=250ms, MaxIterationCount=12, MaxWarmupIterationCount=5, MinIterationCount=8, MinWarmupIterationCount=3)

OverheadJitting  1: 1 op, 245339.00 ns, 245.3390 us/op
WorkloadJitting  1: 1 op, 2096090.00 ns, 2.0961 ms/op

OverheadJitting  2: 16 op, 491829.00 ns, 30.7393 us/op
WorkloadJitting  2: 16 op, 855215.00 ns, 53.4509 us/op

WorkloadPilot    1: 16 op, 13130.00 ns, 820.6250 ns/op
WorkloadPilot    2: 304656 op, 91832237.00 ns, 301.4293 ns/op
WorkloadPilot    3: 829392 op, 137928101.00 ns, 166.3003 ns/op
WorkloadPilot    4: 1503312 op, 113466179.00 ns, 75.4775 ns/op
WorkloadPilot    5: 3312256 op, 247708778.00 ns, 74.7855 ns/op
WorkloadPilot    6: 3342896 op, 248300932.00 ns, 74.2772 ns/op
WorkloadPilot    7: 3365776 op, 248129855.00 ns, 73.7214 ns/op
WorkloadPilot    8: 3391152 op, 249022076.00 ns, 73.4329 ns/op
WorkloadPilot    9: 3404480 op, 248774373.00 ns, 73.0726 ns/op
WorkloadPilot   10: 3421264 op, 249407565.00 ns, 72.8992 ns/op
WorkloadPilot   11: 3429392 op, 253132651.00 ns, 73.8127 ns/op
WorkloadPilot   12: 3386960 op, 247676023.00 ns, 73.1264 ns/op
WorkloadPilot   13: 3418752 op, 250307797.00 ns, 73.2161 ns/op
WorkloadPilot   14: 3414560 op, 249666053.00 ns, 73.1181 ns/op
WorkloadPilot   15: 3419136 op, 250234066.00 ns, 73.1863 ns/op

OverheadWarmup   1: 3419136 op, 15284643.00 ns, 4.4703 ns/op
OverheadWarmup   2: 3419136 op, 15075349.00 ns, 4.4091 ns/op
OverheadWarmup   3: 3419136 op, 15039014.00 ns, 4.3985 ns/op
OverheadWarmup   4: 3419136 op, 15038494.00 ns, 4.3983 ns/op
OverheadWarmup   5: 3419136 op, 15245235.00 ns, 4.4588 ns/op
OverheadWarmup   6: 3419136 op, 15144102.00 ns, 4.4292 ns/op
OverheadWarmup   7: 3419136 op, 15062589.00 ns, 4.4054 ns/op
OverheadWarmup   8: 3419136 op, 15061578.00 ns, 4.4051 ns/op
OverheadWarmup   9: 3419136 op, 15056350.00 ns, 4.4036 ns/op
OverheadWarmup  10: 3419136 op, 15030992.00 ns, 4.3961 ns/op

OverheadActual   1: 3419136 op, 13880924.00 ns, 4.0598 ns/op
OverheadActual   2: 3419136 op, 13841926.00 ns, 4.0484 ns/op
OverheadActual   3: 3419136 op, 15067507.00 ns, 4.4068 ns/op
OverheadActual   4: 3419136 op, 15097672.00 ns, 4.4156 ns/op
OverheadActual   5: 3419136 op, 13818500.00 ns, 4.0415 ns/op
OverheadActual   6: 3419136 op, 16220620.00 ns, 4.7441 ns/op
OverheadActual   7: 3419136 op, 16228571.00 ns, 4.7464 ns/op
OverheadActual   8: 3419136 op, 16252137.00 ns, 4.7533 ns/op
OverheadActual   9: 3419136 op, 15067948.00 ns, 4.4069 ns/op
OverheadActual  10: 3419136 op, 15056270.00 ns, 4.4035 ns/op
OverheadActual  11: 3419136 op, 15093837.00 ns, 4.4145 ns/op
OverheadActual  12: 3419136 op, 15255639.00 ns, 4.4618 ns/op

WorkloadWarmup   1: 3419136 op, 267275719.00 ns, 78.1705 ns/op
WorkloadWarmup   2: 3419136 op, 253035715.00 ns, 74.0057 ns/op
WorkloadWarmup   3: 3419136 op, 253258900.00 ns, 74.0710 ns/op
WorkloadWarmup   4: 3419136 op, 249974156.00 ns, 73.1103 ns/op
WorkloadWarmup   5: 3419136 op, 249847365.00 ns, 73.0732 ns/op

// BeforeActualRun
WorkloadActual   1: 3419136 op, 252996938.00 ns, 73.9944 ns/op
WorkloadActual   2: 3419136 op, 249944842.00 ns, 73.1018 ns/op
WorkloadActual   3: 3419136 op, 249216798.00 ns, 72.8888 ns/op
WorkloadActual   4: 3419136 op, 249680455.00 ns, 73.0244 ns/op
WorkloadActual   5: 3419136 op, 249538045.00 ns, 72.9828 ns/op
WorkloadActual   6: 3419136 op, 249386292.00 ns, 72.9384 ns/op
WorkloadActual   7: 3419136 op, 249224379.00 ns, 72.8910 ns/op
WorkloadActual   8: 3419136 op, 249317360.00 ns, 72.9182 ns/op

// AfterActualRun
WorkloadResult   1: 3419136 op, 234863949.50 ns, 68.6910 ns/op
WorkloadResult   2: 3419136 op, 234135905.50 ns, 68.4781 ns/op
WorkloadResult   3: 3419136 op, 234599562.50 ns, 68.6137 ns/op
WorkloadResult   4: 3419136 op, 234457152.50 ns, 68.5720 ns/op
WorkloadResult   5: 3419136 op, 234305399.50 ns, 68.5277 ns/op
WorkloadResult   6: 3419136 op, 234143486.50 ns, 68.4803 ns/op
WorkloadResult   7: 3419136 op, 234236467.50 ns, 68.5075 ns/op
// GC:  11 0 0 191471616 3419136
// Threading:  0 0 3419136

// AfterAll
// Benchmark Process 4106 has exited with code 0.

Mean = 68.553 ns, StdErr = 0.030 ns (0.04%), N = 7, StdDev = 0.078 ns
Min = 68.478 ns, Q1 = 68.494 ns, Median = 68.528 ns, Q3 = 68.593 ns, Max = 68.691 ns
IQR = 0.099 ns, LowerFence = 68.345 ns, UpperFence = 68.741 ns
ConfidenceInterval = [68.377 ns; 68.729 ns] (CI 99.9%), Margin = 0.176 ns (0.26% of Mean)
Skewness = 0.58, Kurtosis = 1.69, MValue = 2

// ** Remained 29 (76.3 %) benchmark(s) to run. Estimated finish 2026-08-03 10:14 (0h 2m from now) **
// **************************
// Benchmark: Flattening.HandCoded: Quick(MaxRelativeError=0.05, Arguments=/p:MatrixMode=Benchmark, IterationTime=250ms, MaxIterationCount=12, MaxWarmupIterationCount=5, MinIterationCount=8, MinWarmupIterationCount=3)
// *** Execute ***
// Launch: 1 / 1
// Execute: dotnet Matrix.ObjectMapping-Quick-1.dll --anonymousPipes 131 132 --benchmarkName Matrix.ObjectMapping.Benchmarks.Flattening.HandCoded --job Quick --benchmarkId 9 in /home/runner/work/dotnet-matrix/dotnet-matrix/src/Matrix.ObjectMapping/bin/Benchmark/Release/net10.0/Matrix.ObjectMapping-Quick-1/bin/Release/net10.0
// Failed to set up high priority (Permission denied). In order to run benchmarks with high priority, make sure you have the right permissions.
// BeforeAnythingElse

// Benchmark Process Environment Information:
// BenchmarkDotNet v0.15.8
// Runtime=.NET 10.0.10 (10.0.10, 10.0.1026.32716), X64 RyuJIT x86-64-v3
// GC=Concurrent Workstation
// HardwareIntrinsics=AVX2+BMI1+BMI2+F16C+FMA+LZCNT+MOVBE,AVX,SSE3+SSSE3+SSE4.1+SSE4.2+POPCNT,X86Base+SSE+SSE2,AES+PCLMUL VectorSize=256
// Job: Quick(MaxRelativeError=0.05, IterationTime=250ms, MaxIterationCount=12, MaxWarmupIterationCount=5, MinIterationCount=8, MinWarmupIterationCount=3)

OverheadJitting  1: 1 op, 242655.00 ns, 242.6550 us/op
WorkloadJitting  1: 1 op, 458960.00 ns, 458.9600 us/op

OverheadJitting  2: 16 op, 483376.00 ns, 30.2110 us/op
WorkloadJitting  2: 16 op, 537567.00 ns, 33.5979 us/op

WorkloadPilot    1: 16 op, 10395.00 ns, 649.6875 ns/op
WorkloadPilot    2: 384800 op, 25669514.00 ns, 66.7087 ns/op
WorkloadPilot    3: 3747648 op, 156332966.00 ns, 41.7150 ns/op
WorkloadPilot    4: 5993056 op, 106414315.00 ns, 17.7563 ns/op
WorkloadPilot    5: 14079536 op, 215050968.00 ns, 15.2740 ns/op
WorkloadPilot    6: 16367680 op, 246530038.00 ns, 15.0620 ns/op
WorkloadPilot    7: 16598064 op, 254630067.00 ns, 15.3409 ns/op
WorkloadPilot    8: 16296256 op, 248202851.00 ns, 15.2307 ns/op
WorkloadPilot    9: 16414256 op, 249935995.00 ns, 15.2268 ns/op
WorkloadPilot   10: 16418464 op, 246599653.00 ns, 15.0197 ns/op
WorkloadPilot   11: 16644864 op, 234508699.00 ns, 14.0890 ns/op
WorkloadPilot   12: 17744400 op, 266042211.00 ns, 14.9930 ns/op
WorkloadPilot   13: 16674432 op, 257587190.00 ns, 15.4480 ns/op

OverheadWarmup   1: 16674432 op, 84999614.00 ns, 5.0976 ns/op
OverheadWarmup   2: 16674432 op, 85098532.00 ns, 5.1035 ns/op
OverheadWarmup   3: 16674432 op, 86261369.00 ns, 5.1733 ns/op
OverheadWarmup   4: 16674432 op, 55827930.00 ns, 3.3481 ns/op
OverheadWarmup   5: 16674432 op, 61551868.00 ns, 3.6914 ns/op
OverheadWarmup   6: 16674432 op, 64525436.00 ns, 3.8697 ns/op
OverheadWarmup   7: 16674432 op, 61542544.00 ns, 3.6908 ns/op

OverheadActual   1: 16674432 op, 67445642.00 ns, 4.0449 ns/op
OverheadActual   2: 16674432 op, 61601894.00 ns, 3.6944 ns/op
OverheadActual   3: 16674432 op, 61585159.00 ns, 3.6934 ns/op
OverheadActual   4: 16674432 op, 61647522.00 ns, 3.6971 ns/op
OverheadActual   5: 16674432 op, 61549044.00 ns, 3.6912 ns/op
OverheadActual   6: 16674432 op, 61521994.00 ns, 3.6896 ns/op
OverheadActual   7: 16674432 op, 61784438.00 ns, 3.7053 ns/op
OverheadActual   8: 16674432 op, 61575914.00 ns, 3.6928 ns/op

WorkloadWarmup   1: 16674432 op, 270600019.00 ns, 16.2284 ns/op
WorkloadWarmup   2: 16674432 op, 275259208.00 ns, 16.5079 ns/op
WorkloadWarmup   3: 16674432 op, 245663546.00 ns, 14.7329 ns/op
WorkloadWarmup   4: 16674432 op, 231559047.00 ns, 13.8871 ns/op
WorkloadWarmup   5: 16674432 op, 238050149.00 ns, 14.2764 ns/op

// BeforeActualRun
WorkloadActual   1: 16674432 op, 241950268.00 ns, 14.5103 ns/op
WorkloadActual   2: 16674432 op, 240180930.00 ns, 14.4041 ns/op
WorkloadActual   3: 16674432 op, 231155611.00 ns, 13.8629 ns/op
WorkloadActual   4: 16674432 op, 237855967.00 ns, 14.2647 ns/op
WorkloadActual   5: 16674432 op, 241933754.00 ns, 14.5093 ns/op
WorkloadActual   6: 16674432 op, 236453100.00 ns, 14.1806 ns/op
WorkloadActual   7: 16674432 op, 237024288.00 ns, 14.2148 ns/op
WorkloadActual   8: 16674432 op, 242279793.00 ns, 14.5300 ns/op

// AfterActualRun
WorkloadResult   1: 16674432 op, 180356741.50 ns, 10.8164 ns/op
WorkloadResult   2: 16674432 op, 178587403.50 ns, 10.7103 ns/op
WorkloadResult   3: 16674432 op, 169562084.50 ns, 10.1690 ns/op
WorkloadResult   4: 16674432 op, 176262440.50 ns, 10.5708 ns/op
WorkloadResult   5: 16674432 op, 180340227.50 ns, 10.8154 ns/op
WorkloadResult   6: 16674432 op, 174859573.50 ns, 10.4867 ns/op
WorkloadResult   7: 16674432 op, 175430761.50 ns, 10.5209 ns/op
WorkloadResult   8: 16674432 op, 180686266.50 ns, 10.8361 ns/op
// GC:  55 0 0 933768192 16674432
// Threading:  0 0 16674432

// AfterAll
// Benchmark Process 4121 has exited with code 0.

Mean = 10.616 ns, StdErr = 0.081 ns (0.76%), N = 8, StdDev = 0.228 ns
Min = 10.169 ns, Q1 = 10.512 ns, Median = 10.641 ns, Q3 = 10.816 ns, Max = 10.836 ns
IQR = 0.303 ns, LowerFence = 10.058 ns, UpperFence = 11.270 ns
ConfidenceInterval = [10.179 ns; 11.052 ns] (CI 99.9%), Margin = 0.437 ns (4.11% of Mean)
Skewness = -0.68, Kurtosis = 2.11, MValue = 2

// ** Remained 28 (73.7 %) benchmark(s) to run. Estimated finish 2026-08-03 10:15 (0h 2m from now) **
// **************************
// Benchmark: Flattening.Mapperly: Quick(MaxRelativeError=0.05, Arguments=/p:MatrixMode=Benchmark, IterationTime=250ms, MaxIterationCount=12, MaxWarmupIterationCount=5, MinIterationCount=8, MinWarmupIterationCount=3)
// *** Execute ***
// Launch: 1 / 1
// Execute: dotnet Matrix.ObjectMapping-Quick-1.dll --anonymousPipes 131 132 --benchmarkName Matrix.ObjectMapping.Benchmarks.Flattening.Mapperly --job Quick --benchmarkId 10 in /home/runner/work/dotnet-matrix/dotnet-matrix/src/Matrix.ObjectMapping/bin/Benchmark/Release/net10.0/Matrix.ObjectMapping-Quick-1/bin/Release/net10.0
// Failed to set up high priority (Permission denied). In order to run benchmarks with high priority, make sure you have the right permissions.
// BeforeAnythingElse

// Benchmark Process Environment Information:
// BenchmarkDotNet v0.15.8
// Runtime=.NET 10.0.10 (10.0.10, 10.0.1026.32716), X64 RyuJIT x86-64-v3
// GC=Concurrent Workstation
// HardwareIntrinsics=AVX2+BMI1+BMI2+F16C+FMA+LZCNT+MOVBE,AVX,SSE3+SSSE3+SSE4.1+SSE4.2+POPCNT,X86Base+SSE+SSE2,AES+PCLMUL VectorSize=256
// Job: Quick(MaxRelativeError=0.05, IterationTime=250ms, MaxIterationCount=12, MaxWarmupIterationCount=5, MinIterationCount=8, MinWarmupIterationCount=3)

OverheadJitting  1: 1 op, 253020.00 ns, 253.0200 us/op
WorkloadJitting  1: 1 op, 492650.00 ns, 492.6500 us/op

OverheadJitting  2: 16 op, 530196.00 ns, 33.1373 us/op
WorkloadJitting  2: 16 op, 546301.00 ns, 34.1438 us/op

WorkloadPilot    1: 16 op, 12359.00 ns, 772.4375 ns/op
WorkloadPilot    2: 323664 op, 24332304.00 ns, 75.1777 ns/op
WorkloadPilot    3: 3325456 op, 140347326.00 ns, 42.2039 ns/op
WorkloadPilot    4: 5923632 op, 107373265.00 ns, 18.1263 ns/op
WorkloadPilot    5: 13792160 op, 213547309.00 ns, 15.4832 ns/op
WorkloadPilot    6: 16146496 op, 244576904.00 ns, 15.1474 ns/op
WorkloadPilot    7: 16504528 op, 251083049.00 ns, 15.2130 ns/op
WorkloadPilot    8: 16433344 op, 250353723.00 ns, 15.2345 ns/op
WorkloadPilot    9: 16410128 op, 250716619.00 ns, 15.2782 ns/op

OverheadWarmup   1: 16410128 op, 77896202.00 ns, 4.7468 ns/op
OverheadWarmup   2: 16410128 op, 78158330.00 ns, 4.7628 ns/op
OverheadWarmup   3: 16410128 op, 78105356.00 ns, 4.7596 ns/op
OverheadWarmup   4: 16410128 op, 60552054.00 ns, 3.6899 ns/op
OverheadWarmup   5: 16410128 op, 60528368.00 ns, 3.6885 ns/op
OverheadWarmup   6: 16410128 op, 60548398.00 ns, 3.6897 ns/op
OverheadWarmup   7: 16410128 op, 60566986.00 ns, 3.6908 ns/op
OverheadWarmup   8: 16410128 op, 60525433.00 ns, 3.6883 ns/op

OverheadActual   1: 16410128 op, 54805780.00 ns, 3.3398 ns/op
OverheadActual   2: 16410128 op, 54790007.00 ns, 3.3388 ns/op
OverheadActual   3: 16410128 op, 54822746.00 ns, 3.3408 ns/op
OverheadActual   4: 16410128 op, 54798490.00 ns, 3.3393 ns/op
OverheadActual   5: 16410128 op, 55036417.00 ns, 3.3538 ns/op
OverheadActual   6: 16410128 op, 60528829.00 ns, 3.6885 ns/op
OverheadActual   7: 16410128 op, 60590451.00 ns, 3.6923 ns/op
OverheadActual   8: 16410128 op, 60716806.00 ns, 3.7000 ns/op
OverheadActual   9: 16410128 op, 60545844.00 ns, 3.6895 ns/op
OverheadActual  10: 16410128 op, 60675349.00 ns, 3.6974 ns/op
OverheadActual  11: 16410128 op, 60554258.00 ns, 3.6901 ns/op
OverheadActual  12: 16410128 op, 60588298.00 ns, 3.6921 ns/op

WorkloadWarmup   1: 16410128 op, 241931749.00 ns, 14.7428 ns/op
WorkloadWarmup   2: 16410128 op, 259088356.00 ns, 15.7883 ns/op
WorkloadWarmup   3: 16410128 op, 254708366.00 ns, 15.5214 ns/op
WorkloadWarmup   4: 16410128 op, 252092435.00 ns, 15.3620 ns/op
WorkloadWarmup   5: 16410128 op, 251647587.00 ns, 15.3349 ns/op

// BeforeActualRun
WorkloadActual   1: 16410128 op, 254657269.00 ns, 15.5183 ns/op
WorkloadActual   2: 16410128 op, 252166597.00 ns, 15.3665 ns/op
WorkloadActual   3: 16410128 op, 252625035.00 ns, 15.3945 ns/op
WorkloadActual   4: 16410128 op, 252346797.00 ns, 15.3775 ns/op
WorkloadActual   5: 16410128 op, 252655170.00 ns, 15.3963 ns/op
WorkloadActual   6: 16410128 op, 253118627.00 ns, 15.4245 ns/op
WorkloadActual   7: 16410128 op, 258292070.00 ns, 15.7398 ns/op
WorkloadActual   8: 16410128 op, 256101849.00 ns, 15.6063 ns/op

// AfterActualRun
WorkloadResult   1: 16410128 op, 194119932.50 ns, 11.8293 ns/op
WorkloadResult   2: 16410128 op, 191629260.50 ns, 11.6775 ns/op
WorkloadResult   3: 16410128 op, 192087698.50 ns, 11.7054 ns/op
WorkloadResult   4: 16410128 op, 191809460.50 ns, 11.6885 ns/op
WorkloadResult   5: 16410128 op, 192117833.50 ns, 11.7073 ns/op
WorkloadResult   6: 16410128 op, 192581290.50 ns, 11.7355 ns/op
WorkloadResult   7: 16410128 op, 197754733.50 ns, 12.0508 ns/op
WorkloadResult   8: 16410128 op, 195564512.50 ns, 11.9173 ns/op
// GC:  54 0 0 918967168 16410128
// Threading:  0 0 16410128

// AfterAll
// Benchmark Process 4133 has exited with code 0.

Mean = 11.789 ns, StdErr = 0.047 ns (0.40%), N = 8, StdDev = 0.134 ns
Min = 11.677 ns, Q1 = 11.701 ns, Median = 11.721 ns, Q3 = 11.851 ns, Max = 12.051 ns
IQR = 0.150 ns, LowerFence = 11.476 ns, UpperFence = 12.076 ns
ConfidenceInterval = [11.533 ns; 12.045 ns] (CI 99.9%), Margin = 0.256 ns (2.17% of Mean)
Skewness = 0.85, Kurtosis = 2.07, MValue = 2

// ** Remained 27 (71.1 %) benchmark(s) to run. Estimated finish 2026-08-03 10:15 (0h 2m from now) **
// **************************
// Benchmark: Flattening.Mapster: Quick(MaxRelativeError=0.05, Arguments=/p:MatrixMode=Benchmark, IterationTime=250ms, MaxIterationCount=12, MaxWarmupIterationCount=5, MinIterationCount=8, MinWarmupIterationCount=3)
// *** Execute ***
// Launch: 1 / 1
// Execute: dotnet Matrix.ObjectMapping-Quick-1.dll --anonymousPipes 131 132 --benchmarkName Matrix.ObjectMapping.Benchmarks.Flattening.Mapster --job Quick --benchmarkId 11 in /home/runner/work/dotnet-matrix/dotnet-matrix/src/Matrix.ObjectMapping/bin/Benchmark/Release/net10.0/Matrix.ObjectMapping-Quick-1/bin/Release/net10.0
// Failed to set up high priority (Permission denied). In order to run benchmarks with high priority, make sure you have the right permissions.
// BeforeAnythingElse

// Benchmark Process Environment Information:
// BenchmarkDotNet v0.15.8
// Runtime=.NET 10.0.10 (10.0.10, 10.0.1026.32716), X64 RyuJIT x86-64-v3
// GC=Concurrent Workstation
// HardwareIntrinsics=AVX2+BMI1+BMI2+F16C+FMA+LZCNT+MOVBE,AVX,SSE3+SSSE3+SSE4.1+SSE4.2+POPCNT,X86Base+SSE+SSE2,AES+PCLMUL VectorSize=256
// Job: Quick(MaxRelativeError=0.05, IterationTime=250ms, MaxIterationCount=12, MaxWarmupIterationCount=5, MinIterationCount=8, MinWarmupIterationCount=3)

OverheadJitting  1: 1 op, 267422.00 ns, 267.4220 us/op
WorkloadJitting  1: 1 op, 2936722.00 ns, 2.9367 ms/op

OverheadJitting  2: 16 op, 525540.00 ns, 32.8463 us/op
WorkloadJitting  2: 16 op, 498619.00 ns, 31.1637 us/op

WorkloadPilot    1: 16 op, 6239.00 ns, 389.9375 ns/op
WorkloadPilot    2: 641136 op, 75629827.00 ns, 117.9622 ns/op
WorkloadPilot    3: 2119328 op, 117705191.00 ns, 55.5389 ns/op
WorkloadPilot    4: 4501360 op, 105460705.00 ns, 23.4286 ns/op
WorkloadPilot    5: 10670704 op, 252952898.00 ns, 23.7054 ns/op
WorkloadPilot    6: 10546144 op, 254122144.00 ns, 24.0962 ns/op
WorkloadPilot    7: 10375088 op, 246562277.00 ns, 23.7648 ns/op
WorkloadPilot    8: 10519744 op, 249764388.00 ns, 23.7424 ns/op
WorkloadPilot    9: 10529680 op, 245662925.00 ns, 23.3305 ns/op
WorkloadPilot   10: 10715584 op, 254095695.00 ns, 23.7127 ns/op

OverheadWarmup   1: 10715584 op, 47588277.00 ns, 4.4410 ns/op
OverheadWarmup   2: 10715584 op, 51255878.00 ns, 4.7833 ns/op
OverheadWarmup   3: 10715584 op, 51180825.00 ns, 4.7763 ns/op
OverheadWarmup   4: 10715584 op, 50912201.00 ns, 4.7512 ns/op
OverheadWarmup   5: 10715584 op, 47998062.00 ns, 4.4793 ns/op
OverheadWarmup   6: 10715584 op, 40223091.00 ns, 3.7537 ns/op
OverheadWarmup   7: 10715584 op, 39907817.00 ns, 3.7243 ns/op
OverheadWarmup   8: 10715584 op, 39762469.00 ns, 3.7107 ns/op
OverheadWarmup   9: 10715584 op, 45735593.00 ns, 4.2681 ns/op
OverheadWarmup  10: 10715584 op, 50574433.00 ns, 4.7197 ns/op

OverheadActual   1: 10715584 op, 39894989.00 ns, 3.7231 ns/op
OverheadActual   2: 10715584 op, 39821879.00 ns, 3.7163 ns/op
OverheadActual   3: 10715584 op, 39792254.00 ns, 3.7135 ns/op
OverheadActual   4: 10715584 op, 39875049.00 ns, 3.7212 ns/op
OverheadActual   5: 10715584 op, 39846435.00 ns, 3.7186 ns/op
OverheadActual   6: 10715584 op, 39762420.00 ns, 3.7107 ns/op
OverheadActual   7: 10715584 op, 39790512.00 ns, 3.7133 ns/op
OverheadActual   8: 10715584 op, 39861799.00 ns, 3.7200 ns/op

WorkloadWarmup   1: 10715584 op, 261069713.00 ns, 24.3636 ns/op
WorkloadWarmup   2: 10715584 op, 257752519.00 ns, 24.0540 ns/op
WorkloadWarmup   3: 10715584 op, 248712708.00 ns, 23.2104 ns/op
WorkloadWarmup   4: 10715584 op, 248295962.00 ns, 23.1715 ns/op
WorkloadWarmup   5: 10715584 op, 248541801.00 ns, 23.1944 ns/op

// BeforeActualRun
WorkloadActual   1: 10715584 op, 250806564.00 ns, 23.4058 ns/op
WorkloadActual   2: 10715584 op, 248992338.00 ns, 23.2365 ns/op
WorkloadActual   3: 10715584 op, 251545433.00 ns, 23.4747 ns/op
WorkloadActual   4: 10715584 op, 252650454.00 ns, 23.5779 ns/op
WorkloadActual   5: 10715584 op, 249228002.00 ns, 23.2585 ns/op
WorkloadActual   6: 10715584 op, 253174461.00 ns, 23.6268 ns/op
WorkloadActual   7: 10715584 op, 249419109.00 ns, 23.2763 ns/op
WorkloadActual   8: 10715584 op, 250833514.00 ns, 23.4083 ns/op

// AfterActualRun
WorkloadResult   1: 10715584 op, 210972407.00 ns, 19.6884 ns/op
WorkloadResult   2: 10715584 op, 209158181.00 ns, 19.5191 ns/op
WorkloadResult   3: 10715584 op, 211711276.00 ns, 19.7573 ns/op
WorkloadResult   4: 10715584 op, 212816297.00 ns, 19.8604 ns/op
WorkloadResult   5: 10715584 op, 209393845.00 ns, 19.5411 ns/op
WorkloadResult   6: 10715584 op, 213340304.00 ns, 19.9093 ns/op
WorkloadResult   7: 10715584 op, 209584952.00 ns, 19.5589 ns/op
WorkloadResult   8: 10715584 op, 210999357.00 ns, 19.6909 ns/op
// GC:  35 0 0 600072704 10715584
// Threading:  0 0 10715584

// AfterAll
// Benchmark Process 4145 has exited with code 0.

Mean = 19.691 ns, StdErr = 0.052 ns (0.26%), N = 8, StdDev = 0.147 ns
Min = 19.519 ns, Q1 = 19.554 ns, Median = 19.690 ns, Q3 = 19.783 ns, Max = 19.909 ns
IQR = 0.229 ns, LowerFence = 19.211 ns, UpperFence = 20.126 ns
ConfidenceInterval = [19.411 ns; 19.971 ns] (CI 99.9%), Margin = 0.280 ns (1.42% of Mean)
Skewness = 0.2, Kurtosis = 1.3, MValue = 2

// ** Remained 26 (68.4 %) benchmark(s) to run. Estimated finish 2026-08-03 10:15 (0h 2m from now) **
// ***** BenchmarkRunner: Finish  *****

// * Export *
  tmp/dotnet-matrix/ObjectMapping/15a28129182e4bac80f707538729aa14/results/Matrix.ObjectMapping.Benchmarks.Flattening-report.csv
  tmp/dotnet-matrix/ObjectMapping/15a28129182e4bac80f707538729aa14/results/Matrix.ObjectMapping.Benchmarks.Flattening-report-github.md
  tmp/dotnet-matrix/ObjectMapping/15a28129182e4bac80f707538729aa14/results/Matrix.ObjectMapping.Benchmarks.Flattening-report.html
  tmp/dotnet-matrix/ObjectMapping/15a28129182e4bac80f707538729aa14/results/Matrix.ObjectMapping.Benchmarks.Flattening-report-full.json

// * Detailed results *
Flattening.HandCoded: Quick(MaxRelativeError=0.05, Arguments=/p:MatrixMode=Benchmark, IterationTime=250ms, MaxIterationCount=12, MaxWarmupIterationCount=5, MinIterationCount=8, MinWarmupIterationCount=3)
Runtime = .NET 10.0.10 (10.0.10, 10.0.1026.32716), X64 RyuJIT x86-64-v3; GC = Concurrent Workstation
Mean = 10.616 ns, StdErr = 0.081 ns (0.76%), N = 8, StdDev = 0.228 ns
Min = 10.169 ns, Q1 = 10.512 ns, Median = 10.641 ns, Q3 = 10.816 ns, Max = 10.836 ns
IQR = 0.303 ns, LowerFence = 10.058 ns, UpperFence = 11.270 ns
ConfidenceInterval = [10.179 ns; 11.052 ns] (CI 99.9%), Margin = 0.437 ns (4.11% of Mean)
Skewness = -0.68, Kurtosis = 2.11, MValue = 2
-------------------- Histogram --------------------
[10.019 ns ; 10.354 ns) | @
[10.354 ns ; 10.853 ns) | @@@@@@@
---------------------------------------------------

Flattening.Mapperly: Quick(MaxRelativeError=0.05, Arguments=/p:MatrixMode=Benchmark, IterationTime=250ms, MaxIterationCount=12, MaxWarmupIterationCount=5, MinIterationCount=8, MinWarmupIterationCount=3)
Runtime = .NET 10.0.10 (10.0.10, 10.0.1026.32716), X64 RyuJIT x86-64-v3; GC = Concurrent Workstation
Mean = 11.789 ns, StdErr = 0.047 ns (0.40%), N = 8, StdDev = 0.134 ns
Min = 11.677 ns, Q1 = 11.701 ns, Median = 11.721 ns, Q3 = 11.851 ns, Max = 12.051 ns
IQR = 0.150 ns, LowerFence = 11.476 ns, UpperFence = 12.076 ns
ConfidenceInterval = [11.533 ns; 12.045 ns] (CI 99.9%), Margin = 0.256 ns (2.17% of Mean)
Skewness = 0.85, Kurtosis = 2.07, MValue = 2
-------------------- Histogram --------------------
[11.636 ns ; 12.104 ns) | @@@@@@@@
---------------------------------------------------

Flattening.Mapster: Quick(MaxRelativeError=0.05, Arguments=/p:MatrixMode=Benchmark, IterationTime=250ms, MaxIterationCount=12, MaxWarmupIterationCount=5, MinIterationCount=8, MinWarmupIterationCount=3)
Runtime = .NET 10.0.10 (10.0.10, 10.0.1026.32716), X64 RyuJIT x86-64-v3; GC = Concurrent Workstation
Mean = 19.691 ns, StdErr = 0.052 ns (0.26%), N = 8, StdDev = 0.147 ns
Min = 19.519 ns, Q1 = 19.554 ns, Median = 19.690 ns, Q3 = 19.783 ns, Max = 19.909 ns
IQR = 0.229 ns, LowerFence = 19.211 ns, UpperFence = 20.126 ns
ConfidenceInterval = [19.411 ns; 19.971 ns] (CI 99.9%), Margin = 0.280 ns (1.42% of Mean)
Skewness = 0.2, Kurtosis = 1.3, MValue = 2
-------------------- Histogram --------------------
[19.423 ns ; 20.006 ns) | @@@@@@@@
---------------------------------------------------

Flattening.AutoMapper: Quick(MaxRelativeError=0.05, Arguments=/p:MatrixMode=Benchmark, IterationTime=250ms, MaxIterationCount=12, MaxWarmupIterationCount=5, MinIterationCount=8, MinWarmupIterationCount=3)
Runtime = .NET 10.0.10 (10.0.10, 10.0.1026.32716), X64 RyuJIT x86-64-v3; GC = Concurrent Workstation
Mean = 68.553 ns, StdErr = 0.030 ns (0.04%), N = 7, StdDev = 0.078 ns
Min = 68.478 ns, Q1 = 68.494 ns, Median = 68.528 ns, Q3 = 68.593 ns, Max = 68.691 ns
IQR = 0.099 ns, LowerFence = 68.345 ns, UpperFence = 68.741 ns
ConfidenceInterval = [68.377 ns; 68.729 ns] (CI 99.9%), Margin = 0.176 ns (0.26% of Mean)
Skewness = 0.58, Kurtosis = 1.69, MValue = 2
-------------------- Histogram --------------------
[68.424 ns ; 68.745 ns) | @@@@@@@
---------------------------------------------------

// * Summary *

BenchmarkDotNet v0.15.8, Linux Ubuntu 24.04.4 LTS (Noble Numbat)
AMD EPYC 9V74 2.60GHz, 1 CPU, 4 logical and 2 physical cores
.NET SDK 10.0.302
  [Host] : .NET 10.0.10 (10.0.10, 10.0.1026.32716), X64 RyuJIT x86-64-v3
  Quick  : .NET 10.0.10 (10.0.10, 10.0.1026.32716), X64 RyuJIT x86-64-v3

Job=Quick  MaxRelativeError=0.05  Arguments=/p:MatrixMode=Benchmark  
IterationTime=250ms  MaxIterationCount=12  MaxWarmupIterationCount=5  
MinIterationCount=8  MinWarmupIterationCount=3  

| Method     | Mean     | Error    | StdDev   | Ratio | RatioSD | Gen0   | Allocated | Alloc Ratio |
|----------- |---------:|---------:|---------:|------:|--------:|-------:|----------:|------------:|
| HandCoded  | 10.62 ns | 0.437 ns | 0.228 ns |  1.00 |    0.03 | 0.0033 |      56 B |        1.00 |
| Mapperly   | 11.79 ns | 0.256 ns | 0.134 ns |  1.11 |    0.03 | 0.0033 |      56 B |        1.00 |
| Mapster    | 19.69 ns | 0.280 ns | 0.147 ns |  1.86 |    0.04 | 0.0033 |      56 B |        1.00 |
| AutoMapper | 68.55 ns | 0.176 ns | 0.078 ns |  6.46 |    0.13 | 0.0032 |      56 B |        1.00 |

// * Hints *
Outliers
  Flattening.AutoMapper: Quick -> 1 outlier  was  removed (73.99 ns)

// * Legends *
  Mean        : Arithmetic mean of all measurements
  Error       : Half of 99.9% confidence interval
  StdDev      : Standard deviation of all measurements
  Ratio       : Mean of the ratio distribution ([Current]/[Baseline])
  RatioSD     : Standard deviation of the ratio distribution ([Current]/[Baseline])
  Gen0        : GC Generation 0 collects per 1000 operations
  Allocated   : Allocated memory per single operation (managed only, inclusive, 1KB = 1024B)
  Alloc Ratio : Allocated memory ratio distribution ([Current]/[Baseline])
  1 ns        : 1 Nanosecond (0.000000001 sec)

// * Diagnostic Output - MemoryDiagnoser *


// ***** BenchmarkRunner: End *****
Run time: 00:00:27 (27.44 sec), executed benchmarks: 4

// Found 4 benchmarks:
//   MapToExisting.AutoMapper: Quick(MaxRelativeError=0.05, Arguments=/p:MatrixMode=Benchmark, IterationTime=250ms, MaxIterationCount=12, MaxWarmupIterationCount=5, MinIterationCount=8, MinWarmupIterationCount=3)
//   MapToExisting.HandCoded: Quick(MaxRelativeError=0.05, Arguments=/p:MatrixMode=Benchmark, IterationTime=250ms, MaxIterationCount=12, MaxWarmupIterationCount=5, MinIterationCount=8, MinWarmupIterationCount=3)
//   MapToExisting.Mapperly: Quick(MaxRelativeError=0.05, Arguments=/p:MatrixMode=Benchmark, IterationTime=250ms, MaxIterationCount=12, MaxWarmupIterationCount=5, MinIterationCount=8, MinWarmupIterationCount=3)
//   MapToExisting.Mapster: Quick(MaxRelativeError=0.05, Arguments=/p:MatrixMode=Benchmark, IterationTime=250ms, MaxIterationCount=12, MaxWarmupIterationCount=5, MinIterationCount=8, MinWarmupIterationCount=3)

// **************************
// Benchmark: MapToExisting.AutoMapper: Quick(MaxRelativeError=0.05, Arguments=/p:MatrixMode=Benchmark, IterationTime=250ms, MaxIterationCount=12, MaxWarmupIterationCount=5, MinIterationCount=8, MinWarmupIterationCount=3)
// *** Execute ***
// Launch: 1 / 1
// Execute: dotnet Matrix.ObjectMapping-Quick-1.dll --anonymousPipes 131 132 --benchmarkName Matrix.ObjectMapping.Benchmarks.MapToExisting.AutoMapper --job Quick --benchmarkId 12 in /home/runner/work/dotnet-matrix/dotnet-matrix/src/Matrix.ObjectMapping/bin/Benchmark/Release/net10.0/Matrix.ObjectMapping-Quick-1/bin/Release/net10.0
// Failed to set up high priority (Permission denied). In order to run benchmarks with high priority, make sure you have the right permissions.
// BeforeAnythingElse

// Benchmark Process Environment Information:
// BenchmarkDotNet v0.15.8
// Runtime=.NET 10.0.10 (10.0.10, 10.0.1026.32716), X64 RyuJIT x86-64-v3
// GC=Concurrent Workstation
// HardwareIntrinsics=AVX2+BMI1+BMI2+F16C+FMA+LZCNT+MOVBE,AVX,SSE3+SSSE3+SSE4.1+SSE4.2+POPCNT,X86Base+SSE+SSE2,AES+PCLMUL VectorSize=256
// Job: Quick(MaxRelativeError=0.05, IterationTime=250ms, MaxIterationCount=12, MaxWarmupIterationCount=5, MinIterationCount=8, MinWarmupIterationCount=3)

OverheadJitting  1: 1 op, 246961.00 ns, 246.9610 us/op
WorkloadJitting  1: 1 op, 1130769.00 ns, 1.1308 ms/op

OverheadJitting  2: 16 op, 487392.00 ns, 30.4620 us/op
WorkloadJitting  2: 16 op, 545159.00 ns, 34.0724 us/op

WorkloadPilot    1: 16 op, 9544.00 ns, 596.5000 ns/op
WorkloadPilot    2: 419120 op, 112020430.00 ns, 267.2753 ns/op
WorkloadPilot    3: 935376 op, 118472253.00 ns, 126.6574 ns/op
WorkloadPilot    4: 1973840 op, 140310163.00 ns, 71.0849 ns/op
WorkloadPilot    5: 3516928 op, 249801243.00 ns, 71.0283 ns/op
WorkloadPilot    6: 3519728 op, 250098851.00 ns, 71.0563 ns/op
WorkloadPilot    7: 3518352 op, 249972230.00 ns, 71.0481 ns/op
WorkloadPilot    8: 3518752 op, 251039994.00 ns, 71.3435 ns/op
WorkloadPilot    9: 3504176 op, 248978947.00 ns, 71.0521 ns/op
WorkloadPilot   10: 3518560 op, 249656285.00 ns, 70.9541 ns/op
WorkloadPilot   11: 3523408 op, 250025821.00 ns, 70.9614 ns/op

OverheadWarmup   1: 3523408 op, 19246276.00 ns, 5.4624 ns/op
OverheadWarmup   2: 3523408 op, 17994054.00 ns, 5.1070 ns/op
OverheadWarmup   3: 3523408 op, 19224423.00 ns, 5.4562 ns/op
OverheadWarmup   4: 3523408 op, 18037430.00 ns, 5.1193 ns/op
OverheadWarmup   5: 3523408 op, 19654218.00 ns, 5.5782 ns/op
OverheadWarmup   6: 3523408 op, 19312485.00 ns, 5.4812 ns/op

OverheadActual   1: 3523408 op, 19236721.00 ns, 5.4597 ns/op
OverheadActual   2: 3523408 op, 19227969.00 ns, 5.4572 ns/op
OverheadActual   3: 3523408 op, 19223351.00 ns, 5.4559 ns/op
OverheadActual   4: 3523408 op, 19285735.00 ns, 5.4736 ns/op
OverheadActual   5: 3523408 op, 19254127.00 ns, 5.4646 ns/op
OverheadActual   6: 3523408 op, 19222981.00 ns, 5.4558 ns/op
OverheadActual   7: 3523408 op, 19224082.00 ns, 5.4561 ns/op
OverheadActual   8: 3523408 op, 19290883.00 ns, 5.4751 ns/op

WorkloadWarmup   1: 3523408 op, 257524808.00 ns, 73.0897 ns/op
WorkloadWarmup   2: 3523408 op, 255889250.00 ns, 72.6255 ns/op
WorkloadWarmup   3: 3523408 op, 261930276.00 ns, 74.3400 ns/op
WorkloadWarmup   4: 3523408 op, 256298395.00 ns, 72.7416 ns/op
WorkloadWarmup   5: 3523408 op, 256593198.00 ns, 72.8253 ns/op

// BeforeActualRun
WorkloadActual   1: 3523408 op, 255956842.00 ns, 72.6447 ns/op
WorkloadActual   2: 3523408 op, 256469431.00 ns, 72.7902 ns/op
WorkloadActual   3: 3523408 op, 256996893.00 ns, 72.9399 ns/op
WorkloadActual   4: 3523408 op, 255752413.00 ns, 72.5867 ns/op
WorkloadActual   5: 3523408 op, 255856409.00 ns, 72.6162 ns/op
WorkloadActual   6: 3523408 op, 256260667.00 ns, 72.7309 ns/op
WorkloadActual   7: 3523408 op, 256204893.00 ns, 72.7151 ns/op
WorkloadActual   8: 3523408 op, 256352324.00 ns, 72.7569 ns/op

// AfterActualRun
WorkloadResult   1: 3523408 op, 236724497.00 ns, 67.1862 ns/op
WorkloadResult   2: 3523408 op, 237237086.00 ns, 67.3317 ns/op
WorkloadResult   3: 3523408 op, 237764548.00 ns, 67.4814 ns/op
WorkloadResult   4: 3523408 op, 236520068.00 ns, 67.1282 ns/op
WorkloadResult   5: 3523408 op, 236624064.00 ns, 67.1577 ns/op
WorkloadResult   6: 3523408 op, 237028322.00 ns, 67.2725 ns/op
WorkloadResult   7: 3523408 op, 236972548.00 ns, 67.2566 ns/op
WorkloadResult   8: 3523408 op, 237119979.00 ns, 67.2985 ns/op
// GC:  0 0 0 0 3523408
// Threading:  0 0 3523408

// AfterAll
// Benchmark Process 4156 has exited with code 0.

Mean = 67.264 ns, StdErr = 0.040 ns (0.06%), N = 8, StdDev = 0.113 ns
Min = 67.128 ns, Q1 = 67.179 ns, Median = 67.265 ns, Q3 = 67.307 ns, Max = 67.481 ns
IQR = 0.128 ns, LowerFence = 66.988 ns, UpperFence = 67.498 ns
ConfidenceInterval = [67.049 ns; 67.480 ns] (CI 99.9%), Margin = 0.216 ns (0.32% of Mean)
Skewness = 0.56, Kurtosis = 2.14, MValue = 2

// ** Remained 25 (65.8 %) benchmark(s) to run. Estimated finish 2026-08-03 10:15 (0h 2m from now) **
// **************************
// Benchmark: MapToExisting.HandCoded: Quick(MaxRelativeError=0.05, Arguments=/p:MatrixMode=Benchmark, IterationTime=250ms, MaxIterationCount=12, MaxWarmupIterationCount=5, MinIterationCount=8, MinWarmupIterationCount=3)
// *** Execute ***
// Launch: 1 / 1
// Execute: dotnet Matrix.ObjectMapping-Quick-1.dll --anonymousPipes 131 132 --benchmarkName Matrix.ObjectMapping.Benchmarks.MapToExisting.HandCoded --job Quick --benchmarkId 13 in /home/runner/work/dotnet-matrix/dotnet-matrix/src/Matrix.ObjectMapping/bin/Benchmark/Release/net10.0/Matrix.ObjectMapping-Quick-1/bin/Release/net10.0
// Failed to set up high priority (Permission denied). In order to run benchmarks with high priority, make sure you have the right permissions.
// BeforeAnythingElse

// Benchmark Process Environment Information:
// BenchmarkDotNet v0.15.8
// Runtime=.NET 10.0.10 (10.0.10, 10.0.1026.32716), X64 RyuJIT x86-64-v3
// GC=Concurrent Workstation
// HardwareIntrinsics=AVX2+BMI1+BMI2+F16C+FMA+LZCNT+MOVBE,AVX,SSE3+SSSE3+SSE4.1+SSE4.2+POPCNT,X86Base+SSE+SSE2,AES+PCLMUL VectorSize=256
// Job: Quick(MaxRelativeError=0.05, IterationTime=250ms, MaxIterationCount=12, MaxWarmupIterationCount=5, MinIterationCount=8, MinWarmupIterationCount=3)

OverheadJitting  1: 1 op, 283165.00 ns, 283.1650 us/op
WorkloadJitting  1: 1 op, 346781.00 ns, 346.7810 us/op

OverheadJitting  2: 16 op, 483005.00 ns, 30.1878 us/op
WorkloadJitting  2: 16 op, 509736.00 ns, 31.8585 us/op

WorkloadPilot    1: 16 op, 2073.00 ns, 129.5625 ns/op
WorkloadPilot    2: 1929584 op, 52881445.00 ns, 27.4056 ns/op
WorkloadPilot    3: 9122224 op, 171645772.00 ns, 18.8162 ns/op
WorkloadPilot    4: 13286416 op, 96916970.00 ns, 7.2944 ns/op
WorkloadPilot    5: 34272688 op, 225901542.00 ns, 6.5913 ns/op
WorkloadPilot    6: 37928800 op, 276086515.00 ns, 7.2791 ns/op
WorkloadPilot    7: 34345040 op, 227593814.00 ns, 6.6267 ns/op
WorkloadPilot    8: 37726256 op, 249547250.00 ns, 6.6147 ns/op
WorkloadPilot    9: 37794704 op, 274984310.00 ns, 7.2757 ns/op
WorkloadPilot   10: 34360784 op, 226272629.00 ns, 6.5852 ns/op
WorkloadPilot   11: 37963920 op, 253651828.00 ns, 6.6814 ns/op

OverheadWarmup   1: 37963920 op, 180339203.00 ns, 4.7503 ns/op
OverheadWarmup   2: 37963920 op, 208531764.00 ns, 5.4929 ns/op
OverheadWarmup   3: 37963920 op, 140112563.00 ns, 3.6907 ns/op
OverheadWarmup   4: 37963920 op, 126785548.00 ns, 3.3396 ns/op
OverheadWarmup   5: 37963920 op, 153463061.00 ns, 4.0423 ns/op
OverheadWarmup   6: 37963920 op, 153599847.00 ns, 4.0459 ns/op
OverheadWarmup   7: 37963920 op, 140255587.00 ns, 3.6944 ns/op

OverheadActual   1: 37963920 op, 126877426.00 ns, 3.3421 ns/op
OverheadActual   2: 37963920 op, 126831707.00 ns, 3.3408 ns/op
OverheadActual   3: 37963920 op, 126947522.00 ns, 3.3439 ns/op
OverheadActual   4: 37963920 op, 126853319.00 ns, 3.3414 ns/op
OverheadActual   5: 37963920 op, 126849955.00 ns, 3.3413 ns/op
OverheadActual   6: 37963920 op, 127066159.00 ns, 3.3470 ns/op
OverheadActual   7: 37963920 op, 140207354.00 ns, 3.6932 ns/op
OverheadActual   8: 37963920 op, 140111510.00 ns, 3.6906 ns/op
OverheadActual   9: 37963920 op, 126847190.00 ns, 3.3413 ns/op

WorkloadWarmup   1: 37963920 op, 276084893.00 ns, 7.2723 ns/op
WorkloadWarmup   2: 37963920 op, 249858408.00 ns, 6.5815 ns/op
WorkloadWarmup   3: 37963920 op, 250133741.00 ns, 6.5887 ns/op
WorkloadWarmup   4: 37963920 op, 249528311.00 ns, 6.5728 ns/op
WorkloadWarmup   5: 37963920 op, 275956753.00 ns, 7.2689 ns/op

// BeforeActualRun
WorkloadActual   1: 37963920 op, 270597617.00 ns, 7.1278 ns/op
WorkloadActual   2: 37963920 op, 250482266.00 ns, 6.5979 ns/op
WorkloadActual   3: 37963920 op, 249977067.00 ns, 6.5846 ns/op
WorkloadActual   4: 37963920 op, 249980902.00 ns, 6.5847 ns/op
WorkloadActual   5: 37963920 op, 250049526.00 ns, 6.5865 ns/op
WorkloadActual   6: 37963920 op, 250572452.00 ns, 6.6003 ns/op
WorkloadActual   7: 37963920 op, 251415609.00 ns, 6.6225 ns/op
WorkloadActual   8: 37963920 op, 275468928.00 ns, 7.2561 ns/op
WorkloadActual   9: 37963920 op, 275958344.00 ns, 7.2690 ns/op
WorkloadActual  10: 37963920 op, 276373037.00 ns, 7.2799 ns/op
WorkloadActual  11: 37963920 op, 252398722.00 ns, 6.6484 ns/op
WorkloadActual  12: 37963920 op, 250112800.00 ns, 6.5882 ns/op

// AfterActualRun
WorkloadResult   1: 37963920 op, 143720191.00 ns, 3.7857 ns/op
WorkloadResult   2: 37963920 op, 123604840.00 ns, 3.2559 ns/op
WorkloadResult   3: 37963920 op, 123099641.00 ns, 3.2425 ns/op
WorkloadResult   4: 37963920 op, 123103476.00 ns, 3.2426 ns/op
WorkloadResult   5: 37963920 op, 123172100.00 ns, 3.2445 ns/op
WorkloadResult   6: 37963920 op, 123695026.00 ns, 3.2582 ns/op
WorkloadResult   7: 37963920 op, 124538183.00 ns, 3.2804 ns/op
WorkloadResult   8: 37963920 op, 148591502.00 ns, 3.9140 ns/op
WorkloadResult   9: 37963920 op, 149080918.00 ns, 3.9269 ns/op
WorkloadResult  10: 37963920 op, 149495611.00 ns, 3.9378 ns/op
WorkloadResult  11: 37963920 op, 125521296.00 ns, 3.3063 ns/op
WorkloadResult  12: 37963920 op, 123235374.00 ns, 3.2461 ns/op
// GC:  0 0 0 0 37963920
// Threading:  0 0 37963920

// AfterAll
// Benchmark Process 4172 has exited with code 0.

Mean = 3.470 ns, StdErr = 0.091 ns (2.61%), N = 12, StdDev = 0.314 ns
Min = 3.243 ns, Q1 = 3.246 ns, Median = 3.269 ns, Q3 = 3.818 ns, Max = 3.938 ns
IQR = 0.572 ns, LowerFence = 2.388 ns, UpperFence = 4.676 ns
ConfidenceInterval = [3.068 ns; 3.872 ns] (CI 99.9%), Margin = 0.402 ns (11.58% of Mean)
Skewness = 0.65, Kurtosis = 1.35, MValue = 3

// ** Remained 24 (63.2 %) benchmark(s) to run. Estimated finish 2026-08-03 10:15 (0h 2m from now) **
// **************************
// Benchmark: MapToExisting.Mapperly: Quick(MaxRelativeError=0.05, Arguments=/p:MatrixMode=Benchmark, IterationTime=250ms, MaxIterationCount=12, MaxWarmupIterationCount=5, MinIterationCount=8, MinWarmupIterationCount=3)
// *** Execute ***
// Launch: 1 / 1
// Execute: dotnet Matrix.ObjectMapping-Quick-1.dll --anonymousPipes 131 134 --benchmarkName Matrix.ObjectMapping.Benchmarks.MapToExisting.Mapperly --job Quick --benchmarkId 14 in /home/runner/work/dotnet-matrix/dotnet-matrix/src/Matrix.ObjectMapping/bin/Benchmark/Release/net10.0/Matrix.ObjectMapping-Quick-1/bin/Release/net10.0
// Failed to set up high priority (Permission denied). In order to run benchmarks with high priority, make sure you have the right permissions.
// BeforeAnythingElse

// Benchmark Process Environment Information:
// BenchmarkDotNet v0.15.8
// Runtime=.NET 10.0.10 (10.0.10, 10.0.1026.32716), X64 RyuJIT x86-64-v3
// GC=Concurrent Workstation
// HardwareIntrinsics=AVX2+BMI1+BMI2+F16C+FMA+LZCNT+MOVBE,AVX,SSE3+SSSE3+SSE4.1+SSE4.2+POPCNT,X86Base+SSE+SSE2,AES+PCLMUL VectorSize=256
// Job: Quick(MaxRelativeError=0.05, IterationTime=250ms, MaxIterationCount=12, MaxWarmupIterationCount=5, MinIterationCount=8, MinWarmupIterationCount=3)

OverheadJitting  1: 1 op, 250075.00 ns, 250.0750 us/op
WorkloadJitting  1: 1 op, 393251.00 ns, 393.2510 us/op

OverheadJitting  2: 16 op, 493993.00 ns, 30.8746 us/op
WorkloadJitting  2: 16 op, 502856.00 ns, 31.4285 us/op

WorkloadPilot    1: 16 op, 1643.00 ns, 102.6875 ns/op
WorkloadPilot    2: 2434576 op, 60958384.00 ns, 25.0386 ns/op
WorkloadPilot    3: 9984592 op, 171676620.00 ns, 17.1942 ns/op
WorkloadPilot    4: 14539840 op, 105436358.00 ns, 7.2515 ns/op
WorkloadPilot    5: 34475408 op, 250707295.00 ns, 7.2721 ns/op
WorkloadPilot    6: 34378160 op, 250469557.00 ns, 7.2857 ns/op
WorkloadPilot    7: 34313712 op, 249639309.00 ns, 7.2752 ns/op
WorkloadPilot    8: 34363296 op, 249851548.00 ns, 7.2709 ns/op
WorkloadPilot    9: 34383728 op, 250238730.00 ns, 7.2778 ns/op

OverheadWarmup   1: 34383728 op, 163333802.00 ns, 4.7503 ns/op
OverheadWarmup   2: 34383728 op, 187740412.00 ns, 5.4602 ns/op
OverheadWarmup   3: 34383728 op, 127430564.00 ns, 3.7061 ns/op
OverheadWarmup   4: 34383728 op, 127032114.00 ns, 3.6945 ns/op
OverheadWarmup   5: 34383728 op, 126840186.00 ns, 3.6890 ns/op
OverheadWarmup   6: 34383728 op, 126932084.00 ns, 3.6916 ns/op
OverheadWarmup   7: 34383728 op, 127042160.00 ns, 3.6948 ns/op
OverheadWarmup   8: 34383728 op, 126901979.00 ns, 3.6908 ns/op

OverheadActual   1: 34383728 op, 127188049.00 ns, 3.6991 ns/op
OverheadActual   2: 34383728 op, 127294839.00 ns, 3.7022 ns/op
OverheadActual   3: 34383728 op, 126973317.00 ns, 3.6928 ns/op
OverheadActual   4: 34383728 op, 127808361.00 ns, 3.7171 ns/op
OverheadActual   5: 34383728 op, 133070610.00 ns, 3.8702 ns/op
OverheadActual   6: 34383728 op, 126989510.00 ns, 3.6933 ns/op
OverheadActual   7: 34383728 op, 126870992.00 ns, 3.6899 ns/op
OverheadActual   8: 34383728 op, 114806110.00 ns, 3.3390 ns/op
OverheadActual   9: 34383728 op, 127062790.00 ns, 3.6954 ns/op
OverheadActual  10: 34383728 op, 127008699.00 ns, 3.6939 ns/op
OverheadActual  11: 34383728 op, 126947778.00 ns, 3.6921 ns/op
OverheadActual  12: 34383728 op, 126963021.00 ns, 3.6925 ns/op

WorkloadWarmup   1: 34383728 op, 250041788.00 ns, 7.2721 ns/op
WorkloadWarmup   2: 34383728 op, 249777669.00 ns, 7.2644 ns/op
WorkloadWarmup   3: 34383728 op, 273711855.00 ns, 7.9605 ns/op
WorkloadWarmup   4: 34383728 op, 250407791.00 ns, 7.2827 ns/op
WorkloadWarmup   5: 34383728 op, 250136323.00 ns, 7.2748 ns/op

// BeforeActualRun
WorkloadActual   1: 34383728 op, 226162513.00 ns, 6.5776 ns/op
WorkloadActual   2: 34383728 op, 250790316.00 ns, 7.2939 ns/op
WorkloadActual   3: 34383728 op, 226488513.00 ns, 6.5871 ns/op
WorkloadActual   4: 34383728 op, 249792827.00 ns, 7.2649 ns/op
WorkloadActual   5: 34383728 op, 252083149.00 ns, 7.3315 ns/op
WorkloadActual   6: 34383728 op, 250308883.00 ns, 7.2799 ns/op
WorkloadActual   7: 34383728 op, 249954210.00 ns, 7.2695 ns/op
WorkloadActual   8: 34383728 op, 226100420.00 ns, 6.5758 ns/op
WorkloadActual   9: 34383728 op, 249929822.00 ns, 7.2688 ns/op
WorkloadActual  10: 34383728 op, 250205617.00 ns, 7.2769 ns/op
WorkloadActual  11: 34383728 op, 249859968.00 ns, 7.2668 ns/op
WorkloadActual  12: 34383728 op, 249730474.00 ns, 7.2630 ns/op

// AfterActualRun
WorkloadResult   1: 34383728 op, 99163408.50 ns, 2.8840 ns/op
WorkloadResult   2: 34383728 op, 123791211.50 ns, 3.6003 ns/op
WorkloadResult   3: 34383728 op, 99489408.50 ns, 2.8935 ns/op
WorkloadResult   4: 34383728 op, 122793722.50 ns, 3.5713 ns/op
WorkloadResult   5: 34383728 op, 125084044.50 ns, 3.6379 ns/op
WorkloadResult   6: 34383728 op, 123309778.50 ns, 3.5863 ns/op
WorkloadResult   7: 34383728 op, 122955105.50 ns, 3.5760 ns/op
WorkloadResult   8: 34383728 op, 99101315.50 ns, 2.8822 ns/op
WorkloadResult   9: 34383728 op, 122930717.50 ns, 3.5753 ns/op
WorkloadResult  10: 34383728 op, 123206512.50 ns, 3.5833 ns/op
WorkloadResult  11: 34383728 op, 122860863.50 ns, 3.5732 ns/op
WorkloadResult  12: 34383728 op, 122731369.50 ns, 3.5695 ns/op
// GC:  0 0 0 0 34383728
// Threading:  0 0 34383728

// AfterAll
// Benchmark Process 4184 has exited with code 0.

Mean = 3.411 ns, StdErr = 0.091 ns (2.68%), N = 12, StdDev = 0.317 ns
Min = 2.882 ns, Q1 = 3.400 ns, Median = 3.574 ns, Q3 = 3.584 ns, Max = 3.638 ns
IQR = 0.184 ns, LowerFence = 3.125 ns, UpperFence = 3.859 ns
ConfidenceInterval = [3.005 ns; 3.817 ns] (CI 99.9%), Margin = 0.406 ns (11.90% of Mean)
Skewness = -1, Kurtosis = 1.95, MValue = 2

// ** Remained 23 (60.5 %) benchmark(s) to run. Estimated finish 2026-08-03 10:15 (0h 2m from now) **
// **************************
// Benchmark: MapToExisting.Mapster: Quick(MaxRelativeError=0.05, Arguments=/p:MatrixMode=Benchmark, IterationTime=250ms, MaxIterationCount=12, MaxWarmupIterationCount=5, MinIterationCount=8, MinWarmupIterationCount=3)
// *** Execute ***
// Launch: 1 / 1
// Execute: dotnet Matrix.ObjectMapping-Quick-1.dll --anonymousPipes 131 132 --benchmarkName Matrix.ObjectMapping.Benchmarks.MapToExisting.Mapster --job Quick --benchmarkId 15 in /home/runner/work/dotnet-matrix/dotnet-matrix/src/Matrix.ObjectMapping/bin/Benchmark/Release/net10.0/Matrix.ObjectMapping-Quick-1/bin/Release/net10.0
// Failed to set up high priority (Permission denied). In order to run benchmarks with high priority, make sure you have the right permissions.
// BeforeAnythingElse

// Benchmark Process Environment Information:
// BenchmarkDotNet v0.15.8
// Runtime=.NET 10.0.10 (10.0.10, 10.0.1026.32716), X64 RyuJIT x86-64-v3
// GC=Concurrent Workstation
// HardwareIntrinsics=AVX2+BMI1+BMI2+F16C+FMA+LZCNT+MOVBE,AVX,SSE3+SSSE3+SSE4.1+SSE4.2+POPCNT,X86Base+SSE+SSE2,AES+PCLMUL VectorSize=256
// Job: Quick(MaxRelativeError=0.05, IterationTime=250ms, MaxIterationCount=12, MaxWarmupIterationCount=5, MinIterationCount=8, MinWarmupIterationCount=3)

OverheadJitting  1: 1 op, 260892.00 ns, 260.8920 us/op
WorkloadJitting  1: 1 op, 733532.00 ns, 733.5320 us/op

OverheadJitting  2: 16 op, 520872.00 ns, 32.5545 us/op
WorkloadJitting  2: 16 op, 520993.00 ns, 32.5621 us/op

WorkloadPilot    1: 16 op, 5007.00 ns, 312.9375 ns/op
WorkloadPilot    2: 798896 op, 80304606.00 ns, 100.5195 ns/op
WorkloadPilot    3: 2487088 op, 107416140.00 ns, 43.1895 ns/op
WorkloadPilot    4: 5788448 op, 111673456.00 ns, 19.2925 ns/op
WorkloadPilot    5: 12958432 op, 250859059.00 ns, 19.3588 ns/op
WorkloadPilot    6: 12914064 op, 248831292.00 ns, 19.2682 ns/op
WorkloadPilot    7: 12974720 op, 251156636.00 ns, 19.3574 ns/op
WorkloadPilot    8: 12914976 op, 250723255.00 ns, 19.4134 ns/op

OverheadWarmup   1: 12914976 op, 61404389.00 ns, 4.7545 ns/op
OverheadWarmup   2: 12914976 op, 56824548.00 ns, 4.3999 ns/op
OverheadWarmup   3: 12914976 op, 61272851.00 ns, 4.7443 ns/op
OverheadWarmup   4: 12914976 op, 61572741.00 ns, 4.7675 ns/op
OverheadWarmup   5: 12914976 op, 47700919.00 ns, 3.6935 ns/op
OverheadWarmup   6: 12914976 op, 43128840.00 ns, 3.3394 ns/op
OverheadWarmup   7: 12914976 op, 52215443.00 ns, 4.0430 ns/op
OverheadWarmup   8: 12914976 op, 47748270.00 ns, 3.6971 ns/op

OverheadActual   1: 12914976 op, 52348812.00 ns, 4.0533 ns/op
OverheadActual   2: 12914976 op, 47691144.00 ns, 3.6927 ns/op
OverheadActual   3: 12914976 op, 52218787.00 ns, 4.0433 ns/op
OverheadActual   4: 12914976 op, 47834119.00 ns, 3.7038 ns/op
OverheadActual   5: 12914976 op, 52268713.00 ns, 4.0471 ns/op
OverheadActual   6: 12914976 op, 52527170.00 ns, 4.0672 ns/op
OverheadActual   7: 12914976 op, 52332889.00 ns, 4.0521 ns/op
OverheadActual   8: 12914976 op, 57866438.00 ns, 4.4806 ns/op
OverheadActual   9: 12914976 op, 47989674.00 ns, 3.7158 ns/op
OverheadActual  10: 12914976 op, 47679117.00 ns, 3.6918 ns/op
OverheadActual  11: 12914976 op, 52249373.00 ns, 4.0456 ns/op
OverheadActual  12: 12914976 op, 47801380.00 ns, 3.7012 ns/op

WorkloadWarmup   1: 12914976 op, 249201709.00 ns, 19.2956 ns/op
WorkloadWarmup   2: 12914976 op, 249558485.00 ns, 19.3232 ns/op
WorkloadWarmup   3: 12914976 op, 249367853.00 ns, 19.3084 ns/op
WorkloadWarmup   4: 12914976 op, 248572118.00 ns, 19.2468 ns/op
WorkloadWarmup   5: 12914976 op, 249813477.00 ns, 19.3429 ns/op

// BeforeActualRun
WorkloadActual   1: 12914976 op, 249297852.00 ns, 19.3030 ns/op
WorkloadActual   2: 12914976 op, 249189549.00 ns, 19.2946 ns/op
WorkloadActual   3: 12914976 op, 249532665.00 ns, 19.3212 ns/op
WorkloadActual   4: 12914976 op, 249304882.00 ns, 19.3035 ns/op
WorkloadActual   5: 12914976 op, 249813307.00 ns, 19.3429 ns/op
WorkloadActual   6: 12914976 op, 249001847.00 ns, 19.2801 ns/op
WorkloadActual   7: 12914976 op, 249789951.00 ns, 19.3411 ns/op
WorkloadActual   8: 12914976 op, 248907345.00 ns, 19.2728 ns/op

// AfterActualRun
WorkloadResult   1: 12914976 op, 197063772.00 ns, 15.2585 ns/op
WorkloadResult   2: 12914976 op, 196955469.00 ns, 15.2502 ns/op
WorkloadResult   3: 12914976 op, 197298585.00 ns, 15.2767 ns/op
WorkloadResult   4: 12914976 op, 197070802.00 ns, 15.2591 ns/op
WorkloadResult   5: 12914976 op, 197579227.00 ns, 15.2985 ns/op
WorkloadResult   6: 12914976 op, 196767767.00 ns, 15.2356 ns/op
WorkloadResult   7: 12914976 op, 197555871.00 ns, 15.2967 ns/op
WorkloadResult   8: 12914976 op, 196673265.00 ns, 15.2283 ns/op
// GC:  0 0 0 0 12914976
// Threading:  0 0 12914976

// AfterAll
// Benchmark Process 4197 has exited with code 0.

Mean = 15.263 ns, StdErr = 0.009 ns (0.06%), N = 8, StdDev = 0.026 ns
Min = 15.228 ns, Q1 = 15.247 ns, Median = 15.259 ns, Q3 = 15.282 ns, Max = 15.298 ns
IQR = 0.035 ns, LowerFence = 15.194 ns, UpperFence = 15.334 ns
ConfidenceInterval = [15.213 ns; 15.313 ns] (CI 99.9%), Margin = 0.050 ns (0.33% of Mean)
Skewness = 0.15, Kurtosis = 1.35, MValue = 2

// ** Remained 22 (57.9 %) benchmark(s) to run. Estimated finish 2026-08-03 10:15 (0h 2m from now) **
// ***** BenchmarkRunner: Finish  *****

// * Export *
  tmp/dotnet-matrix/ObjectMapping/15a28129182e4bac80f707538729aa14/results/Matrix.ObjectMapping.Benchmarks.MapToExisting-report.csv
  tmp/dotnet-matrix/ObjectMapping/15a28129182e4bac80f707538729aa14/results/Matrix.ObjectMapping.Benchmarks.MapToExisting-report-github.md
  tmp/dotnet-matrix/ObjectMapping/15a28129182e4bac80f707538729aa14/results/Matrix.ObjectMapping.Benchmarks.MapToExisting-report.html
  tmp/dotnet-matrix/ObjectMapping/15a28129182e4bac80f707538729aa14/results/Matrix.ObjectMapping.Benchmarks.MapToExisting-report-full.json

// * Detailed results *
MapToExisting.Mapperly: Quick(MaxRelativeError=0.05, Arguments=/p:MatrixMode=Benchmark, IterationTime=250ms, MaxIterationCount=12, MaxWarmupIterationCount=5, MinIterationCount=8, MinWarmupIterationCount=3)
Runtime = .NET 10.0.10 (10.0.10, 10.0.1026.32716), X64 RyuJIT x86-64-v3; GC = Concurrent Workstation
Mean = 3.411 ns, StdErr = 0.091 ns (2.68%), N = 12, StdDev = 0.317 ns
Min = 2.882 ns, Q1 = 3.400 ns, Median = 3.574 ns, Q3 = 3.584 ns, Max = 3.638 ns
IQR = 0.184 ns, LowerFence = 3.125 ns, UpperFence = 3.859 ns
ConfidenceInterval = [3.005 ns; 3.817 ns] (CI 99.9%), Margin = 0.406 ns (11.90% of Mean)
Skewness = -1, Kurtosis = 1.95, MValue = 2
-------------------- Histogram --------------------
[2.701 ns ; 3.070 ns) | @@@
[3.070 ns ; 3.422 ns) | 
[3.422 ns ; 3.820 ns) | @@@@@@@@@
---------------------------------------------------

MapToExisting.HandCoded: Quick(MaxRelativeError=0.05, Arguments=/p:MatrixMode=Benchmark, IterationTime=250ms, MaxIterationCount=12, MaxWarmupIterationCount=5, MinIterationCount=8, MinWarmupIterationCount=3)
Runtime = .NET 10.0.10 (10.0.10, 10.0.1026.32716), X64 RyuJIT x86-64-v3; GC = Concurrent Workstation
Mean = 3.470 ns, StdErr = 0.091 ns (2.61%), N = 12, StdDev = 0.314 ns
Min = 3.243 ns, Q1 = 3.246 ns, Median = 3.269 ns, Q3 = 3.818 ns, Max = 3.938 ns
IQR = 0.572 ns, LowerFence = 2.388 ns, UpperFence = 4.676 ns
ConfidenceInterval = [3.068 ns; 3.872 ns] (CI 99.9%), Margin = 0.402 ns (11.58% of Mean)
Skewness = 0.65, Kurtosis = 1.35, MValue = 3
-------------------- Histogram --------------------
[3.063 ns ; 3.454 ns) | @@@@@@@@
[3.454 ns ; 3.682 ns) | 
[3.682 ns ; 4.042 ns) | @@@@
---------------------------------------------------

MapToExisting.Mapster: Quick(MaxRelativeError=0.05, Arguments=/p:MatrixMode=Benchmark, IterationTime=250ms, MaxIterationCount=12, MaxWarmupIterationCount=5, MinIterationCount=8, MinWarmupIterationCount=3)
Runtime = .NET 10.0.10 (10.0.10, 10.0.1026.32716), X64 RyuJIT x86-64-v3; GC = Concurrent Workstation
Mean = 15.263 ns, StdErr = 0.009 ns (0.06%), N = 8, StdDev = 0.026 ns
Min = 15.228 ns, Q1 = 15.247 ns, Median = 15.259 ns, Q3 = 15.282 ns, Max = 15.298 ns
IQR = 0.035 ns, LowerFence = 15.194 ns, UpperFence = 15.334 ns
ConfidenceInterval = [15.213 ns; 15.313 ns] (CI 99.9%), Margin = 0.050 ns (0.33% of Mean)
Skewness = 0.15, Kurtosis = 1.35, MValue = 2
-------------------- Histogram --------------------
[15.211 ns ; 15.316 ns) | @@@@@@@@
---------------------------------------------------

MapToExisting.AutoMapper: Quick(MaxRelativeError=0.05, Arguments=/p:MatrixMode=Benchmark, IterationTime=250ms, MaxIterationCount=12, MaxWarmupIterationCount=5, MinIterationCount=8, MinWarmupIterationCount=3)
Runtime = .NET 10.0.10 (10.0.10, 10.0.1026.32716), X64 RyuJIT x86-64-v3; GC = Concurrent Workstation
Mean = 67.264 ns, StdErr = 0.040 ns (0.06%), N = 8, StdDev = 0.113 ns
Min = 67.128 ns, Q1 = 67.179 ns, Median = 67.265 ns, Q3 = 67.307 ns, Max = 67.481 ns
IQR = 0.128 ns, LowerFence = 66.988 ns, UpperFence = 67.498 ns
ConfidenceInterval = [67.049 ns; 67.480 ns] (CI 99.9%), Margin = 0.216 ns (0.32% of Mean)
Skewness = 0.56, Kurtosis = 2.14, MValue = 2
-------------------- Histogram --------------------
[67.054 ns ; 67.556 ns) | @@@@@@@@
---------------------------------------------------

// * Summary *

BenchmarkDotNet v0.15.8, Linux Ubuntu 24.04.4 LTS (Noble Numbat)
AMD EPYC 9V74 2.60GHz, 1 CPU, 4 logical and 2 physical cores
.NET SDK 10.0.302
  [Host] : .NET 10.0.10 (10.0.10, 10.0.1026.32716), X64 RyuJIT x86-64-v3
  Quick  : .NET 10.0.10 (10.0.10, 10.0.1026.32716), X64 RyuJIT x86-64-v3

Job=Quick  MaxRelativeError=0.05  Arguments=/p:MatrixMode=Benchmark  
IterationTime=250ms  MaxIterationCount=12  MaxWarmupIterationCount=5  
MinIterationCount=8  MinWarmupIterationCount=3  

| Method     | Mean      | Error     | StdDev    | Ratio | RatioSD | Allocated | Alloc Ratio |
|----------- |----------:|----------:|----------:|------:|--------:|----------:|------------:|
| Mapperly   |  3.411 ns | 0.4058 ns | 0.3168 ns |  0.99 |    0.12 |         - |          NA |
| HandCoded  |  3.470 ns | 0.4018 ns | 0.3137 ns |  1.01 |    0.12 |         - |          NA |
| Mapster    | 15.263 ns | 0.0497 ns | 0.0260 ns |  4.43 |    0.36 |         - |          NA |
| AutoMapper | 67.264 ns | 0.2155 ns | 0.1127 ns | 19.52 |    1.60 |         - |          NA |

// * Hints *
Outliers
  MapToExisting.Mapperly: Quick -> 3 outliers were detected (6.58 ns..6.59 ns)

// * Legends *
  Mean        : Arithmetic mean of all measurements
  Error       : Half of 99.9% confidence interval
  StdDev      : Standard deviation of all measurements
  Ratio       : Mean of the ratio distribution ([Current]/[Baseline])
  RatioSD     : Standard deviation of the ratio distribution ([Current]/[Baseline])
  Allocated   : Allocated memory per single operation (managed only, inclusive, 1KB = 1024B)
  Alloc Ratio : Allocated memory ratio distribution ([Current]/[Baseline])
  1 ns        : 1 Nanosecond (0.000000001 sec)

// * Diagnostic Output - MemoryDiagnoser *


// ***** BenchmarkRunner: End *****
Run time: 00:00:30 (30.66 sec), executed benchmarks: 4

// Found 4 benchmarks:
//   NestedObject.AutoMapper: Quick(MaxRelativeError=0.05, Arguments=/p:MatrixMode=Benchmark, IterationTime=250ms, MaxIterationCount=12, MaxWarmupIterationCount=5, MinIterationCount=8, MinWarmupIterationCount=3)
//   NestedObject.HandCoded: Quick(MaxRelativeError=0.05, Arguments=/p:MatrixMode=Benchmark, IterationTime=250ms, MaxIterationCount=12, MaxWarmupIterationCount=5, MinIterationCount=8, MinWarmupIterationCount=3)
//   NestedObject.Mapperly: Quick(MaxRelativeError=0.05, Arguments=/p:MatrixMode=Benchmark, IterationTime=250ms, MaxIterationCount=12, MaxWarmupIterationCount=5, MinIterationCount=8, MinWarmupIterationCount=3)
//   NestedObject.Mapster: Quick(MaxRelativeError=0.05, Arguments=/p:MatrixMode=Benchmark, IterationTime=250ms, MaxIterationCount=12, MaxWarmupIterationCount=5, MinIterationCount=8, MinWarmupIterationCount=3)

// **************************
// Benchmark: NestedObject.AutoMapper: Quick(MaxRelativeError=0.05, Arguments=/p:MatrixMode=Benchmark, IterationTime=250ms, MaxIterationCount=12, MaxWarmupIterationCount=5, MinIterationCount=8, MinWarmupIterationCount=3)
// *** Execute ***
// Launch: 1 / 1
// Execute: dotnet Matrix.ObjectMapping-Quick-1.dll --anonymousPipes 129 130 --benchmarkName Matrix.ObjectMapping.Benchmarks.NestedObject.AutoMapper --job Quick --benchmarkId 16 in /home/runner/work/dotnet-matrix/dotnet-matrix/src/Matrix.ObjectMapping/bin/Benchmark/Release/net10.0/Matrix.ObjectMapping-Quick-1/bin/Release/net10.0
// Failed to set up high priority (Permission denied). In order to run benchmarks with high priority, make sure you have the right permissions.
// BeforeAnythingElse

// Benchmark Process Environment Information:
// BenchmarkDotNet v0.15.8
// Runtime=.NET 10.0.10 (10.0.10, 10.0.1026.32716), X64 RyuJIT x86-64-v3
// GC=Concurrent Workstation
// HardwareIntrinsics=AVX2+BMI1+BMI2+F16C+FMA+LZCNT+MOVBE,AVX,SSE3+SSSE3+SSE4.1+SSE4.2+POPCNT,X86Base+SSE+SSE2,AES+PCLMUL VectorSize=256
// Job: Quick(MaxRelativeError=0.05, IterationTime=250ms, MaxIterationCount=12, MaxWarmupIterationCount=5, MinIterationCount=8, MinWarmupIterationCount=3)

OverheadJitting  1: 1 op, 245730.00 ns, 245.7300 us/op
WorkloadJitting  1: 1 op, 2537243.00 ns, 2.5372 ms/op

OverheadJitting  2: 16 op, 523587.00 ns, 32.7242 us/op
WorkloadJitting  2: 16 op, 873523.00 ns, 54.5952 us/op

WorkloadPilot    1: 16 op, 15353.00 ns, 959.5625 ns/op
WorkloadPilot    2: 260544 op, 99263007.00 ns, 380.9837 ns/op
WorkloadPilot    3: 656208 op, 127714889.00 ns, 194.6256 ns/op
WorkloadPilot    4: 1284528 op, 142755745.00 ns, 111.1348 ns/op
WorkloadPilot    5: 2249536 op, 244585540.00 ns, 108.7271 ns/op
WorkloadPilot    6: 2299344 op, 252882300.00 ns, 109.9802 ns/op
WorkloadPilot    7: 2273152 op, 250192657.00 ns, 110.0642 ns/op
WorkloadPilot    8: 2271408 op, 247962245.00 ns, 109.1668 ns/op
WorkloadPilot    9: 2290080 op, 249406014.00 ns, 108.9071 ns/op
WorkloadPilot   10: 2295536 op, 248142866.00 ns, 108.0980 ns/op
WorkloadPilot   11: 2312720 op, 252037910.00 ns, 108.9790 ns/op

OverheadWarmup   1: 2312720 op, 11110859.00 ns, 4.8042 ns/op
OverheadWarmup   2: 2312720 op, 11082176.00 ns, 4.7918 ns/op
OverheadWarmup   3: 2312720 op, 11031069.00 ns, 4.7697 ns/op
OverheadWarmup   4: 2312720 op, 11072731.00 ns, 4.7878 ns/op
OverheadWarmup   5: 2312720 op, 11012972.00 ns, 4.7619 ns/op
OverheadWarmup   6: 2312720 op, 11040593.00 ns, 4.7739 ns/op
OverheadWarmup   7: 2312720 op, 11034074.00 ns, 4.7710 ns/op

OverheadActual   1: 2312720 op, 11029917.00 ns, 4.7692 ns/op
OverheadActual   2: 2312720 op, 11843610.00 ns, 5.1211 ns/op
OverheadActual   3: 2312720 op, 11121515.00 ns, 4.8088 ns/op
OverheadActual   4: 2312720 op, 11077038.00 ns, 4.7896 ns/op
OverheadActual   5: 2312720 op, 16120067.00 ns, 6.9702 ns/op
OverheadActual   6: 2312720 op, 11130589.00 ns, 4.8128 ns/op
OverheadActual   7: 2312720 op, 11020513.00 ns, 4.7652 ns/op
OverheadActual   8: 2312720 op, 10210576.00 ns, 4.4150 ns/op
OverheadActual   9: 2312720 op, 10216345.00 ns, 4.4175 ns/op
OverheadActual  10: 2312720 op, 10212920.00 ns, 4.4160 ns/op
OverheadActual  11: 2312720 op, 11040894.00 ns, 4.7740 ns/op
OverheadActual  12: 2312720 op, 10207532.00 ns, 4.4136 ns/op

WorkloadWarmup   1: 2312720 op, 259046333.00 ns, 112.0094 ns/op
WorkloadWarmup   2: 2312720 op, 250878578.00 ns, 108.4777 ns/op
WorkloadWarmup   3: 2312720 op, 246658155.00 ns, 106.6528 ns/op
WorkloadWarmup   4: 2312720 op, 248002274.00 ns, 107.2340 ns/op
WorkloadWarmup   5: 2312720 op, 247639990.00 ns, 107.0774 ns/op

// BeforeActualRun
WorkloadActual   1: 2312720 op, 250344314.00 ns, 108.2467 ns/op
WorkloadActual   2: 2312720 op, 249212013.00 ns, 107.7571 ns/op
WorkloadActual   3: 2312720 op, 251306411.00 ns, 108.6627 ns/op
WorkloadActual   4: 2312720 op, 250154359.00 ns, 108.1646 ns/op
WorkloadActual   5: 2312720 op, 249685414.00 ns, 107.9618 ns/op
WorkloadActual   6: 2312720 op, 249708048.00 ns, 107.9716 ns/op
WorkloadActual   7: 2312720 op, 249110010.00 ns, 107.7130 ns/op
WorkloadActual   8: 2312720 op, 250455169.00 ns, 108.2946 ns/op

// AfterActualRun
WorkloadResult   1: 2312720 op, 239308908.50 ns, 103.4751 ns/op
WorkloadResult   2: 2312720 op, 238176607.50 ns, 102.9855 ns/op
WorkloadResult   3: 2312720 op, 240271005.50 ns, 103.8911 ns/op
WorkloadResult   4: 2312720 op, 239118953.50 ns, 103.3930 ns/op
WorkloadResult   5: 2312720 op, 238650008.50 ns, 103.1902 ns/op
WorkloadResult   6: 2312720 op, 238672642.50 ns, 103.2000 ns/op
WorkloadResult   7: 2312720 op, 238074604.50 ns, 102.9414 ns/op
WorkloadResult   8: 2312720 op, 239419763.50 ns, 103.5230 ns/op
// GC:  34 0 0 573554560 2312720
// Threading:  0 0 2312720

// AfterAll
// Benchmark Process 4206 has exited with code 0.

Mean = 103.325 ns, StdErr = 0.110 ns (0.11%), N = 8, StdDev = 0.312 ns
Min = 102.941 ns, Q1 = 103.139 ns, Median = 103.296 ns, Q3 = 103.487 ns, Max = 103.891 ns
IQR = 0.348 ns, LowerFence = 102.617 ns, UpperFence = 104.009 ns
ConfidenceInterval = [102.728 ns; 103.922 ns] (CI 99.9%), Margin = 0.597 ns (0.58% of Mean)
Skewness = 0.38, Kurtosis = 1.84, MValue = 2

// ** Remained 21 (55.3 %) benchmark(s) to run. Estimated finish 2026-08-03 10:15 (0h 2m from now) **
// **************************
// Benchmark: NestedObject.HandCoded: Quick(MaxRelativeError=0.05, Arguments=/p:MatrixMode=Benchmark, IterationTime=250ms, MaxIterationCount=12, MaxWarmupIterationCount=5, MinIterationCount=8, MinWarmupIterationCount=3)
// *** Execute ***
// Launch: 1 / 1
// Execute: dotnet Matrix.ObjectMapping-Quick-1.dll --anonymousPipes 129 130 --benchmarkName Matrix.ObjectMapping.Benchmarks.NestedObject.HandCoded --job Quick --benchmarkId 17 in /home/runner/work/dotnet-matrix/dotnet-matrix/src/Matrix.ObjectMapping/bin/Benchmark/Release/net10.0/Matrix.ObjectMapping-Quick-1/bin/Release/net10.0
// Failed to set up high priority (Permission denied). In order to run benchmarks with high priority, make sure you have the right permissions.
// BeforeAnythingElse

// Benchmark Process Environment Information:
// BenchmarkDotNet v0.15.8
// Runtime=.NET 10.0.10 (10.0.10, 10.0.1026.32716), X64 RyuJIT x86-64-v3
// GC=Concurrent Workstation
// HardwareIntrinsics=AVX2+BMI1+BMI2+F16C+FMA+LZCNT+MOVBE,AVX,SSE3+SSSE3+SSE4.1+SSE4.2+POPCNT,X86Base+SSE+SSE2,AES+PCLMUL VectorSize=256
// Job: Quick(MaxRelativeError=0.05, IterationTime=250ms, MaxIterationCount=12, MaxWarmupIterationCount=5, MinIterationCount=8, MinWarmupIterationCount=3)

OverheadJitting  1: 1 op, 285539.00 ns, 285.5390 us/op
WorkloadJitting  1: 1 op, 688725.00 ns, 688.7250 us/op

OverheadJitting  2: 16 op, 503847.00 ns, 31.4904 us/op
WorkloadJitting  2: 16 op, 517077.00 ns, 32.3173 us/op

WorkloadPilot    1: 16 op, 5448.00 ns, 340.5000 ns/op
WorkloadPilot    2: 734224 op, 95753921.00 ns, 130.4151 ns/op
WorkloadPilot    3: 1916960 op, 164226550.00 ns, 85.6703 ns/op
WorkloadPilot    4: 2918176 op, 173621696.00 ns, 59.4966 ns/op
WorkloadPilot    5: 4201920 op, 244140731.00 ns, 58.1022 ns/op
WorkloadPilot    6: 4302768 op, 247770385.00 ns, 57.5840 ns/op
WorkloadPilot    7: 4341488 op, 247243302.00 ns, 56.9490 ns/op
WorkloadPilot    8: 4389904 op, 262100977.00 ns, 59.7054 ns/op
WorkloadPilot    9: 4187232 op, 242734028.00 ns, 57.9700 ns/op
WorkloadPilot   10: 4312576 op, 247303574.00 ns, 57.3447 ns/op
WorkloadPilot   11: 4359600 op, 248576376.00 ns, 57.0182 ns/op
WorkloadPilot   12: 4384576 op, 250327757.00 ns, 57.0928 ns/op
WorkloadPilot   13: 4378848 op, 249847996.00 ns, 57.0579 ns/op
WorkloadPilot   14: 4381520 op, 265833535.00 ns, 60.6715 ns/op

OverheadWarmup   1: 4381520 op, 20886912.00 ns, 4.7670 ns/op
OverheadWarmup   2: 4381520 op, 23914472.00 ns, 5.4580 ns/op
OverheadWarmup   3: 4381520 op, 23915913.00 ns, 5.4584 ns/op
OverheadWarmup   4: 4381520 op, 22358123.00 ns, 5.1028 ns/op
OverheadWarmup   5: 4381520 op, 22403571.00 ns, 5.1132 ns/op
OverheadWarmup   6: 4381520 op, 22414147.00 ns, 5.1156 ns/op
OverheadWarmup   7: 4381520 op, 22368418.00 ns, 5.1052 ns/op

OverheadActual   1: 4381520 op, 20895415.00 ns, 4.7690 ns/op
OverheadActual   2: 4381520 op, 20906221.00 ns, 4.7715 ns/op
OverheadActual   3: 4381520 op, 20860233.00 ns, 4.7610 ns/op
OverheadActual   4: 4381520 op, 23918367.00 ns, 5.4589 ns/op
OverheadActual   5: 4381520 op, 20852460.00 ns, 4.7592 ns/op
OverheadActual   6: 4381520 op, 22363922.00 ns, 5.1041 ns/op
OverheadActual   7: 4381520 op, 22352505.00 ns, 5.1015 ns/op
OverheadActual   8: 4381520 op, 22333857.00 ns, 5.0973 ns/op
OverheadActual   9: 4381520 op, 22356360.00 ns, 5.1024 ns/op
OverheadActual  10: 4381520 op, 22463531.00 ns, 5.1269 ns/op
OverheadActual  11: 4381520 op, 25081485.00 ns, 5.7244 ns/op
OverheadActual  12: 4381520 op, 16345459.00 ns, 3.7305 ns/op

WorkloadWarmup   1: 4381520 op, 261978232.00 ns, 59.7916 ns/op
WorkloadWarmup   2: 4381520 op, 258068037.00 ns, 58.8992 ns/op
WorkloadWarmup   3: 4381520 op, 251372307.00 ns, 57.3710 ns/op
WorkloadWarmup   4: 4381520 op, 247313929.00 ns, 56.4448 ns/op
WorkloadWarmup   5: 4381520 op, 249164319.00 ns, 56.8671 ns/op

// BeforeActualRun
WorkloadActual   1: 4381520 op, 253865182.00 ns, 57.9400 ns/op
WorkloadActual   2: 4381520 op, 254319836.00 ns, 58.0437 ns/op
WorkloadActual   3: 4381520 op, 250617162.00 ns, 57.1987 ns/op
WorkloadActual   4: 4381520 op, 251073117.00 ns, 57.3027 ns/op
WorkloadActual   5: 4381520 op, 250697443.00 ns, 57.2170 ns/op
WorkloadActual   6: 4381520 op, 250913167.00 ns, 57.2662 ns/op
WorkloadActual   7: 4381520 op, 253686193.00 ns, 57.8991 ns/op
WorkloadActual   8: 4381520 op, 251547430.00 ns, 57.4110 ns/op

// AfterActualRun
WorkloadResult   1: 4381520 op, 231522001.00 ns, 52.8406 ns/op
WorkloadResult   2: 4381520 op, 231976655.00 ns, 52.9443 ns/op
WorkloadResult   3: 4381520 op, 228273981.00 ns, 52.0993 ns/op
WorkloadResult   4: 4381520 op, 228729936.00 ns, 52.2033 ns/op
WorkloadResult   5: 4381520 op, 228354262.00 ns, 52.1176 ns/op
WorkloadResult   6: 4381520 op, 228569986.00 ns, 52.1668 ns/op
WorkloadResult   7: 4381520 op, 231343012.00 ns, 52.7997 ns/op
WorkloadResult   8: 4381520 op, 229204249.00 ns, 52.3116 ns/op
// GC:  64 0 0 1086616960 4381520
// Threading:  0 0 4381520

// AfterAll
// Benchmark Process 4221 has exited with code 0.

Mean = 52.435 ns, StdErr = 0.128 ns (0.24%), N = 8, StdDev = 0.361 ns
Min = 52.099 ns, Q1 = 52.155 ns, Median = 52.257 ns, Q3 = 52.810 ns, Max = 52.944 ns
IQR = 0.655 ns, LowerFence = 51.171 ns, UpperFence = 53.793 ns
ConfidenceInterval = [51.746 ns; 53.125 ns] (CI 99.9%), Margin = 0.690 ns (1.32% of Mean)
Skewness = 0.38, Kurtosis = 1.05, MValue = 2

// ** Remained 20 (52.6 %) benchmark(s) to run. Estimated finish 2026-08-03 10:15 (0h 2m from now) **
// **************************
// Benchmark: NestedObject.Mapperly: Quick(MaxRelativeError=0.05, Arguments=/p:MatrixMode=Benchmark, IterationTime=250ms, MaxIterationCount=12, MaxWarmupIterationCount=5, MinIterationCount=8, MinWarmupIterationCount=3)
// *** Execute ***
// Launch: 1 / 1
// Execute: dotnet Matrix.ObjectMapping-Quick-1.dll --anonymousPipes 129 130 --benchmarkName Matrix.ObjectMapping.Benchmarks.NestedObject.Mapperly --job Quick --benchmarkId 18 in /home/runner/work/dotnet-matrix/dotnet-matrix/src/Matrix.ObjectMapping/bin/Benchmark/Release/net10.0/Matrix.ObjectMapping-Quick-1/bin/Release/net10.0
// Failed to set up high priority (Permission denied). In order to run benchmarks with high priority, make sure you have the right permissions.
// BeforeAnythingElse

// Benchmark Process Environment Information:
// BenchmarkDotNet v0.15.8
// Runtime=.NET 10.0.10 (10.0.10, 10.0.1026.32716), X64 RyuJIT x86-64-v3
// GC=Concurrent Workstation
// HardwareIntrinsics=AVX2+BMI1+BMI2+F16C+FMA+LZCNT+MOVBE,AVX,SSE3+SSSE3+SSE4.1+SSE4.2+POPCNT,X86Base+SSE+SSE2,AES+PCLMUL VectorSize=256
// Job: Quick(MaxRelativeError=0.05, IterationTime=250ms, MaxIterationCount=12, MaxWarmupIterationCount=5, MinIterationCount=8, MinWarmupIterationCount=3)

OverheadJitting  1: 1 op, 244457.00 ns, 244.4570 us/op
WorkloadJitting  1: 1 op, 727964.00 ns, 727.9640 us/op

OverheadJitting  2: 16 op, 485299.00 ns, 30.3312 us/op
WorkloadJitting  2: 16 op, 496556.00 ns, 31.0348 us/op

WorkloadPilot    1: 16 op, 5168.00 ns, 323.0000 ns/op
WorkloadPilot    2: 774000 op, 100012384.00 ns, 129.2150 ns/op
WorkloadPilot    3: 1934768 op, 155068708.00 ns, 80.1485 ns/op
WorkloadPilot    4: 3119216 op, 166862389.00 ns, 53.4950 ns/op
WorkloadPilot    5: 4673344 op, 248049286.00 ns, 53.0775 ns/op
WorkloadPilot    6: 4710096 op, 248742467.00 ns, 52.8105 ns/op
WorkloadPilot    7: 4733920 op, 248357068.00 ns, 52.4633 ns/op
WorkloadPilot    8: 4765248 op, 250957305.00 ns, 52.6641 ns/op
WorkloadPilot    9: 4747072 op, 251722575.00 ns, 53.0269 ns/op
WorkloadPilot   10: 4714592 op, 248723940.00 ns, 52.7562 ns/op
WorkloadPilot   11: 4738784 op, 251218427.00 ns, 53.0133 ns/op

OverheadWarmup   1: 4738784 op, 22611374.00 ns, 4.7716 ns/op
OverheadWarmup   2: 4738784 op, 26444894.00 ns, 5.5805 ns/op
OverheadWarmup   3: 4738784 op, 24282967.00 ns, 5.1243 ns/op
OverheadWarmup   4: 4738784 op, 24297288.00 ns, 5.1273 ns/op
OverheadWarmup   5: 4738784 op, 24327252.00 ns, 5.1336 ns/op
OverheadWarmup   6: 4738784 op, 24322475.00 ns, 5.1326 ns/op

OverheadActual   1: 4738784 op, 22637874.00 ns, 4.7771 ns/op
OverheadActual   2: 4738784 op, 22653748.00 ns, 4.7805 ns/op
OverheadActual   3: 4738784 op, 23189644.00 ns, 4.8936 ns/op
OverheadActual   4: 4738784 op, 26197944.00 ns, 5.5284 ns/op
OverheadActual   5: 4738784 op, 22594990.00 ns, 4.7681 ns/op
OverheadActual   6: 4738784 op, 25985484.00 ns, 5.4836 ns/op
OverheadActual   7: 4738784 op, 24261394.00 ns, 5.1198 ns/op
OverheadActual   8: 4738784 op, 24282055.00 ns, 5.1241 ns/op
OverheadActual   9: 4738784 op, 24349146.00 ns, 5.1383 ns/op
OverheadActual  10: 4738784 op, 24612311.00 ns, 5.1938 ns/op
OverheadActual  11: 4738784 op, 17744632.00 ns, 3.7446 ns/op
OverheadActual  12: 4738784 op, 19747472.00 ns, 4.1672 ns/op

WorkloadWarmup   1: 4738784 op, 269497142.00 ns, 56.8705 ns/op
WorkloadWarmup   2: 4738784 op, 262825784.00 ns, 55.4627 ns/op
WorkloadWarmup   3: 4738784 op, 250718266.00 ns, 52.9077 ns/op
WorkloadWarmup   4: 4738784 op, 250028620.00 ns, 52.7622 ns/op
WorkloadWarmup   5: 4738784 op, 249130410.00 ns, 52.5726 ns/op

// BeforeActualRun
WorkloadActual   1: 4738784 op, 251794182.00 ns, 53.1348 ns/op
WorkloadActual   2: 4738784 op, 251390666.00 ns, 53.0496 ns/op
WorkloadActual   3: 4738784 op, 256155606.00 ns, 54.0551 ns/op
WorkloadActual   4: 4738784 op, 255035453.00 ns, 53.8188 ns/op
WorkloadActual   5: 4738784 op, 252883169.00 ns, 53.3646 ns/op
WorkloadActual   6: 4738784 op, 253560677.00 ns, 53.5075 ns/op
WorkloadActual   7: 4738784 op, 253993307.00 ns, 53.5988 ns/op
WorkloadActual   8: 4738784 op, 249345774.00 ns, 52.6181 ns/op

// AfterActualRun
WorkloadResult   1: 4738784 op, 228068663.00 ns, 48.1281 ns/op
WorkloadResult   2: 4738784 op, 227665147.00 ns, 48.0429 ns/op
WorkloadResult   3: 4738784 op, 232430087.00 ns, 49.0485 ns/op
WorkloadResult   4: 4738784 op, 231309934.00 ns, 48.8121 ns/op
WorkloadResult   5: 4738784 op, 229157650.00 ns, 48.3579 ns/op
WorkloadResult   6: 4738784 op, 229835158.00 ns, 48.5009 ns/op
WorkloadResult   7: 4738784 op, 230267788.00 ns, 48.5922 ns/op
WorkloadResult   8: 4738784 op, 225620255.00 ns, 47.6114 ns/op
// GC:  70 0 0 1175218432 4738784
// Threading:  0 0 4738784

// AfterAll
// Benchmark Process 4231 has exited with code 0.

Mean = 48.387 ns, StdErr = 0.162 ns (0.33%), N = 8, StdDev = 0.457 ns
Min = 47.611 ns, Q1 = 48.107 ns, Median = 48.429 ns, Q3 = 48.647 ns, Max = 49.048 ns
IQR = 0.540 ns, LowerFence = 47.296 ns, UpperFence = 49.458 ns
ConfidenceInterval = [47.513 ns; 49.260 ns] (CI 99.9%), Margin = 0.874 ns (1.81% of Mean)
Skewness = -0.19, Kurtosis = 1.74, MValue = 2

// ** Remained 19 (50.0 %) benchmark(s) to run. Estimated finish 2026-08-03 10:15 (0h 2m from now) **
// **************************
// Benchmark: NestedObject.Mapster: Quick(MaxRelativeError=0.05, Arguments=/p:MatrixMode=Benchmark, IterationTime=250ms, MaxIterationCount=12, MaxWarmupIterationCount=5, MinIterationCount=8, MinWarmupIterationCount=3)
// *** Execute ***
// Launch: 1 / 1
// Execute: dotnet Matrix.ObjectMapping-Quick-1.dll --anonymousPipes 129 130 --benchmarkName Matrix.ObjectMapping.Benchmarks.NestedObject.Mapster --job Quick --benchmarkId 19 in /home/runner/work/dotnet-matrix/dotnet-matrix/src/Matrix.ObjectMapping/bin/Benchmark/Release/net10.0/Matrix.ObjectMapping-Quick-1/bin/Release/net10.0
// Failed to set up high priority (Permission denied). In order to run benchmarks with high priority, make sure you have the right permissions.
// BeforeAnythingElse

// Benchmark Process Environment Information:
// BenchmarkDotNet v0.15.8
// Runtime=.NET 10.0.10 (10.0.10, 10.0.1026.32716), X64 RyuJIT x86-64-v3
// GC=Concurrent Workstation
// HardwareIntrinsics=AVX2+BMI1+BMI2+F16C+FMA+LZCNT+MOVBE,AVX,SSE3+SSSE3+SSE4.1+SSE4.2+POPCNT,X86Base+SSE+SSE2,AES+PCLMUL VectorSize=256
// Job: Quick(MaxRelativeError=0.05, IterationTime=250ms, MaxIterationCount=12, MaxWarmupIterationCount=5, MinIterationCount=8, MinWarmupIterationCount=3)

OverheadJitting  1: 1 op, 240471.00 ns, 240.4710 us/op
WorkloadJitting  1: 1 op, 3574641.00 ns, 3.5746 ms/op

OverheadJitting  2: 16 op, 509255.00 ns, 31.8284 us/op
WorkloadJitting  2: 16 op, 485339.00 ns, 30.3337 us/op

WorkloadPilot    1: 16 op, 8253.00 ns, 515.8125 ns/op
WorkloadPilot    2: 484672 op, 84108638.00 ns, 173.5372 ns/op
WorkloadPilot    3: 1440624 op, 151765855.00 ns, 105.3473 ns/op
WorkloadPilot    4: 2373104 op, 166418412.00 ns, 70.1269 ns/op
WorkloadPilot    5: 3564976 op, 244998341.00 ns, 68.7237 ns/op
WorkloadPilot    6: 3637760 op, 251789516.00 ns, 69.2155 ns/op
WorkloadPilot    7: 3611920 op, 249128978.00 ns, 68.9741 ns/op
WorkloadPilot    8: 3624560 op, 250819568.00 ns, 69.2000 ns/op
WorkloadPilot    9: 3612720 op, 247916715.00 ns, 68.6233 ns/op
WorkloadPilot   10: 3643088 op, 249558044.00 ns, 68.5018 ns/op
WorkloadPilot   11: 3649552 op, 251926082.00 ns, 69.0293 ns/op

OverheadWarmup   1: 3649552 op, 16161797.00 ns, 4.4284 ns/op
OverheadWarmup   2: 3649552 op, 16168998.00 ns, 4.4304 ns/op
OverheadWarmup   3: 3649552 op, 16240796.00 ns, 4.4501 ns/op
OverheadWarmup   4: 3649552 op, 16157891.00 ns, 4.4274 ns/op
OverheadWarmup   5: 3649552 op, 16138833.00 ns, 4.4221 ns/op
OverheadWarmup   6: 3649552 op, 16129579.00 ns, 4.4196 ns/op
OverheadWarmup   7: 3649552 op, 16146373.00 ns, 4.4242 ns/op
OverheadWarmup   8: 3649552 op, 16133405.00 ns, 4.4207 ns/op

OverheadActual   1: 3649552 op, 16119163.00 ns, 4.4168 ns/op
OverheadActual   2: 3649552 op, 16127326.00 ns, 4.4190 ns/op
OverheadActual   3: 3649552 op, 16151471.00 ns, 4.4256 ns/op
OverheadActual   4: 3649552 op, 16159143.00 ns, 4.4277 ns/op
OverheadActual   5: 3649552 op, 16136409.00 ns, 4.4215 ns/op
OverheadActual   6: 3649552 op, 16114856.00 ns, 4.4156 ns/op
OverheadActual   7: 3649552 op, 16144521.00 ns, 4.4237 ns/op
OverheadActual   8: 3649552 op, 16148407.00 ns, 4.4248 ns/op

WorkloadWarmup   1: 3649552 op, 264662252.00 ns, 72.5191 ns/op
WorkloadWarmup   2: 3649552 op, 258209375.00 ns, 70.7510 ns/op
WorkloadWarmup   3: 3649552 op, 251035064.00 ns, 68.7852 ns/op
WorkloadWarmup   4: 3649552 op, 249448660.00 ns, 68.3505 ns/op
WorkloadWarmup   5: 3649552 op, 251623117.00 ns, 68.9463 ns/op

// BeforeActualRun
WorkloadActual   1: 3649552 op, 258417677.00 ns, 70.8081 ns/op
WorkloadActual   2: 3649552 op, 255914406.00 ns, 70.1221 ns/op
WorkloadActual   3: 3649552 op, 254396224.00 ns, 69.7062 ns/op
WorkloadActual   4: 3649552 op, 253468911.00 ns, 69.4521 ns/op
WorkloadActual   5: 3649552 op, 254617708.00 ns, 69.7668 ns/op
WorkloadActual   6: 3649552 op, 255582117.00 ns, 70.0311 ns/op
WorkloadActual   7: 3649552 op, 255131950.00 ns, 69.9077 ns/op
WorkloadActual   8: 3649552 op, 252870432.00 ns, 69.2881 ns/op

// AfterActualRun
WorkloadResult   1: 3649552 op, 239773941.00 ns, 65.6996 ns/op
WorkloadResult   2: 3649552 op, 238255759.00 ns, 65.2836 ns/op
WorkloadResult   3: 3649552 op, 237328446.00 ns, 65.0295 ns/op
WorkloadResult   4: 3649552 op, 238477243.00 ns, 65.3443 ns/op
WorkloadResult   5: 3649552 op, 239441652.00 ns, 65.6085 ns/op
WorkloadResult   6: 3649552 op, 238991485.00 ns, 65.4852 ns/op
WorkloadResult   7: 3649552 op, 236729967.00 ns, 64.8655 ns/op
// GC:  54 0 0 905088896 3649552
// Threading:  0 0 3649552

// AfterAll
// Benchmark Process 4240 has exited with code 0.

Mean = 65.331 ns, StdErr = 0.114 ns (0.17%), N = 7, StdDev = 0.302 ns
Min = 64.865 ns, Q1 = 65.157 ns, Median = 65.344 ns, Q3 = 65.547 ns, Max = 65.700 ns
IQR = 0.390 ns, LowerFence = 64.571 ns, UpperFence = 66.132 ns
ConfidenceInterval = [64.651 ns; 66.011 ns] (CI 99.9%), Margin = 0.680 ns (1.04% of Mean)
Skewness = -0.28, Kurtosis = 1.38, MValue = 2

// ** Remained 18 (47.4 %) benchmark(s) to run. Estimated finish 2026-08-03 10:15 (0h 1m from now) **
// ***** BenchmarkRunner: Finish  *****

// * Export *
  tmp/dotnet-matrix/ObjectMapping/15a28129182e4bac80f707538729aa14/results/Matrix.ObjectMapping.Benchmarks.NestedObject-report.csv
  tmp/dotnet-matrix/ObjectMapping/15a28129182e4bac80f707538729aa14/results/Matrix.ObjectMapping.Benchmarks.NestedObject-report-github.md
  tmp/dotnet-matrix/ObjectMapping/15a28129182e4bac80f707538729aa14/results/Matrix.ObjectMapping.Benchmarks.NestedObject-report.html
  tmp/dotnet-matrix/ObjectMapping/15a28129182e4bac80f707538729aa14/results/Matrix.ObjectMapping.Benchmarks.NestedObject-report-full.json

// * Detailed results *
NestedObject.Mapperly: Quick(MaxRelativeError=0.05, Arguments=/p:MatrixMode=Benchmark, IterationTime=250ms, MaxIterationCount=12, MaxWarmupIterationCount=5, MinIterationCount=8, MinWarmupIterationCount=3)
Runtime = .NET 10.0.10 (10.0.10, 10.0.1026.32716), X64 RyuJIT x86-64-v3; GC = Concurrent Workstation
Mean = 48.387 ns, StdErr = 0.162 ns (0.33%), N = 8, StdDev = 0.457 ns
Min = 47.611 ns, Q1 = 48.107 ns, Median = 48.429 ns, Q3 = 48.647 ns, Max = 49.048 ns
IQR = 0.540 ns, LowerFence = 47.296 ns, UpperFence = 49.458 ns
ConfidenceInterval = [47.513 ns; 49.260 ns] (CI 99.9%), Margin = 0.874 ns (1.81% of Mean)
Skewness = -0.19, Kurtosis = 1.74, MValue = 2
-------------------- Histogram --------------------
[47.312 ns ; 49.348 ns) | @@@@@@@@
---------------------------------------------------

NestedObject.HandCoded: Quick(MaxRelativeError=0.05, Arguments=/p:MatrixMode=Benchmark, IterationTime=250ms, MaxIterationCount=12, MaxWarmupIterationCount=5, MinIterationCount=8, MinWarmupIterationCount=3)
Runtime = .NET 10.0.10 (10.0.10, 10.0.1026.32716), X64 RyuJIT x86-64-v3; GC = Concurrent Workstation
Mean = 52.435 ns, StdErr = 0.128 ns (0.24%), N = 8, StdDev = 0.361 ns
Min = 52.099 ns, Q1 = 52.155 ns, Median = 52.257 ns, Q3 = 52.810 ns, Max = 52.944 ns
IQR = 0.655 ns, LowerFence = 51.171 ns, UpperFence = 53.793 ns
ConfidenceInterval = [51.746 ns; 53.125 ns] (CI 99.9%), Margin = 0.690 ns (1.32% of Mean)
Skewness = 0.38, Kurtosis = 1.05, MValue = 2
-------------------- Histogram --------------------
[51.862 ns ; 53.181 ns) | @@@@@@@@
---------------------------------------------------

NestedObject.Mapster: Quick(MaxRelativeError=0.05, Arguments=/p:MatrixMode=Benchmark, IterationTime=250ms, MaxIterationCount=12, MaxWarmupIterationCount=5, MinIterationCount=8, MinWarmupIterationCount=3)
Runtime = .NET 10.0.10 (10.0.10, 10.0.1026.32716), X64 RyuJIT x86-64-v3; GC = Concurrent Workstation
Mean = 65.331 ns, StdErr = 0.114 ns (0.17%), N = 7, StdDev = 0.302 ns
Min = 64.865 ns, Q1 = 65.157 ns, Median = 65.344 ns, Q3 = 65.547 ns, Max = 65.700 ns
IQR = 0.390 ns, LowerFence = 64.571 ns, UpperFence = 66.132 ns
ConfidenceInterval = [64.651 ns; 66.011 ns] (CI 99.9%), Margin = 0.680 ns (1.04% of Mean)
Skewness = -0.28, Kurtosis = 1.38, MValue = 2
-------------------- Histogram --------------------
[64.658 ns ; 65.907 ns) | @@@@@@@
---------------------------------------------------

NestedObject.AutoMapper: Quick(MaxRelativeError=0.05, Arguments=/p:MatrixMode=Benchmark, IterationTime=250ms, MaxIterationCount=12, MaxWarmupIterationCount=5, MinIterationCount=8, MinWarmupIterationCount=3)
Runtime = .NET 10.0.10 (10.0.10, 10.0.1026.32716), X64 RyuJIT x86-64-v3; GC = Concurrent Workstation
Mean = 103.325 ns, StdErr = 0.110 ns (0.11%), N = 8, StdDev = 0.312 ns
Min = 102.941 ns, Q1 = 103.139 ns, Median = 103.296 ns, Q3 = 103.487 ns, Max = 103.891 ns
IQR = 0.348 ns, LowerFence = 102.617 ns, UpperFence = 104.009 ns
ConfidenceInterval = [102.728 ns; 103.922 ns] (CI 99.9%), Margin = 0.597 ns (0.58% of Mean)
Skewness = 0.38, Kurtosis = 1.84, MValue = 2
-------------------- Histogram --------------------
[102.736 ns ; 104.096 ns) | @@@@@@@@
---------------------------------------------------

// * Summary *

BenchmarkDotNet v0.15.8, Linux Ubuntu 24.04.4 LTS (Noble Numbat)
AMD EPYC 9V74 2.60GHz, 1 CPU, 4 logical and 2 physical cores
.NET SDK 10.0.302
  [Host] : .NET 10.0.10 (10.0.10, 10.0.1026.32716), X64 RyuJIT x86-64-v3
  Quick  : .NET 10.0.10 (10.0.10, 10.0.1026.32716), X64 RyuJIT x86-64-v3

Job=Quick  MaxRelativeError=0.05  Arguments=/p:MatrixMode=Benchmark  
IterationTime=250ms  MaxIterationCount=12  MaxWarmupIterationCount=5  
MinIterationCount=8  MinWarmupIterationCount=3  

| Method     | Mean      | Error    | StdDev   | Ratio | Gen0   | Allocated | Alloc Ratio |
|----------- |----------:|---------:|---------:|------:|-------:|----------:|------------:|
| Mapperly   |  48.39 ns | 0.874 ns | 0.457 ns |  0.92 | 0.0148 |     248 B |        1.00 |
| HandCoded  |  52.44 ns | 0.690 ns | 0.361 ns |  1.00 | 0.0146 |     248 B |        1.00 |
| Mapster    |  65.33 ns | 0.680 ns | 0.302 ns |  1.25 | 0.0148 |     248 B |        1.00 |
| AutoMapper | 103.32 ns | 0.597 ns | 0.312 ns |  1.97 | 0.0147 |     248 B |        1.00 |

// * Hints *
Outliers
  NestedObject.Mapster: Quick -> 1 outlier  was  removed (70.81 ns)

// * Legends *
  Mean        : Arithmetic mean of all measurements
  Error       : Half of 99.9% confidence interval
  StdDev      : Standard deviation of all measurements
  Ratio       : Mean of the ratio distribution ([Current]/[Baseline])
  Gen0        : GC Generation 0 collects per 1000 operations
  Allocated   : Allocated memory per single operation (managed only, inclusive, 1KB = 1024B)
  Alloc Ratio : Allocated memory ratio distribution ([Current]/[Baseline])
  1 ns        : 1 Nanosecond (0.000000001 sec)

// * Diagnostic Output - MemoryDiagnoser *


// ***** BenchmarkRunner: End *****
Run time: 00:00:26 (26.08 sec), executed benchmarks: 4

// Found 4 benchmarks:
//   NullHandling.AutoMapper: Quick(MaxRelativeError=0.05, Arguments=/p:MatrixMode=Benchmark, IterationTime=250ms, MaxIterationCount=12, MaxWarmupIterationCount=5, MinIterationCount=8, MinWarmupIterationCount=3)
//   NullHandling.HandCoded: Quick(MaxRelativeError=0.05, Arguments=/p:MatrixMode=Benchmark, IterationTime=250ms, MaxIterationCount=12, MaxWarmupIterationCount=5, MinIterationCount=8, MinWarmupIterationCount=3)
//   NullHandling.Mapperly: Quick(MaxRelativeError=0.05, Arguments=/p:MatrixMode=Benchmark, IterationTime=250ms, MaxIterationCount=12, MaxWarmupIterationCount=5, MinIterationCount=8, MinWarmupIterationCount=3)
//   NullHandling.Mapster: Quick(MaxRelativeError=0.05, Arguments=/p:MatrixMode=Benchmark, IterationTime=250ms, MaxIterationCount=12, MaxWarmupIterationCount=5, MinIterationCount=8, MinWarmupIterationCount=3)

// **************************
// Benchmark: NullHandling.AutoMapper: Quick(MaxRelativeError=0.05, Arguments=/p:MatrixMode=Benchmark, IterationTime=250ms, MaxIterationCount=12, MaxWarmupIterationCount=5, MinIterationCount=8, MinWarmupIterationCount=3)
// *** Execute ***
// Launch: 1 / 1
// Execute: dotnet Matrix.ObjectMapping-Quick-1.dll --anonymousPipes 129 130 --benchmarkName Matrix.ObjectMapping.Benchmarks.NullHandling.AutoMapper --job Quick --benchmarkId 20 in /home/runner/work/dotnet-matrix/dotnet-matrix/src/Matrix.ObjectMapping/bin/Benchmark/Release/net10.0/Matrix.ObjectMapping-Quick-1/bin/Release/net10.0
// Failed to set up high priority (Permission denied). In order to run benchmarks with high priority, make sure you have the right permissions.
// BeforeAnythingElse

// Benchmark Process Environment Information:
// BenchmarkDotNet v0.15.8
// Runtime=.NET 10.0.10 (10.0.10, 10.0.1026.32716), X64 RyuJIT x86-64-v3
// GC=Concurrent Workstation
// HardwareIntrinsics=AVX2+BMI1+BMI2+F16C+FMA+LZCNT+MOVBE,AVX,SSE3+SSSE3+SSE4.1+SSE4.2+POPCNT,X86Base+SSE+SSE2,AES+PCLMUL VectorSize=256
// Job: Quick(MaxRelativeError=0.05, IterationTime=250ms, MaxIterationCount=12, MaxWarmupIterationCount=5, MinIterationCount=8, MinWarmupIterationCount=3)

OverheadJitting  1: 1 op, 249986.00 ns, 249.9860 us/op
WorkloadJitting  1: 1 op, 2760208.00 ns, 2.7602 ms/op

OverheadJitting  2: 16 op, 524278.00 ns, 32.7674 us/op
WorkloadJitting  2: 16 op, 863527.00 ns, 53.9704 us/op

WorkloadPilot    1: 16 op, 11287.00 ns, 705.4375 ns/op
WorkloadPilot    2: 354400 op, 110964933.00 ns, 313.1065 ns/op
WorkloadPilot    3: 798464 op, 101909204.00 ns, 127.6316 ns/op
WorkloadPilot    4: 1958768 op, 157105821.00 ns, 80.2064 ns/op
WorkloadPilot    5: 3116960 op, 244014934.00 ns, 78.2862 ns/op
WorkloadPilot    6: 3193424 op, 251655726.00 ns, 78.8044 ns/op
WorkloadPilot    7: 3172416 op, 248963320.00 ns, 78.4775 ns/op
WorkloadPilot    8: 3185632 op, 249483752.00 ns, 78.3153 ns/op
WorkloadPilot    9: 3192224 op, 249109490.00 ns, 78.0363 ns/op
WorkloadPilot   10: 3203648 op, 249874019.00 ns, 77.9967 ns/op
WorkloadPilot   11: 3205264 op, 252091521.00 ns, 78.6492 ns/op
WorkloadPilot   12: 3178672 op, 247673842.00 ns, 77.9174 ns/op
WorkloadPilot   13: 3208528 op, 250881964.00 ns, 78.1922 ns/op

OverheadWarmup   1: 3208528 op, 16522379.00 ns, 5.1495 ns/op
OverheadWarmup   2: 3208528 op, 16447216.00 ns, 5.1261 ns/op
OverheadWarmup   3: 3208528 op, 16423941.00 ns, 5.1188 ns/op
OverheadWarmup   4: 3208528 op, 16428898.00 ns, 5.1204 ns/op
OverheadWarmup   5: 3208528 op, 15392771.00 ns, 4.7975 ns/op
OverheadWarmup   6: 3208528 op, 16423451.00 ns, 5.1187 ns/op
OverheadWarmup   7: 3208528 op, 16489980.00 ns, 5.1394 ns/op
OverheadWarmup   8: 3208528 op, 16427126.00 ns, 5.1198 ns/op

OverheadActual   1: 3208528 op, 16438963.00 ns, 5.1235 ns/op
OverheadActual   2: 3208528 op, 16432084.00 ns, 5.1214 ns/op
OverheadActual   3: 3208528 op, 16504041.00 ns, 5.1438 ns/op
OverheadActual   4: 3208528 op, 16521198.00 ns, 5.1492 ns/op
OverheadActual   5: 3208528 op, 16438102.00 ns, 5.1233 ns/op
OverheadActual   6: 3208528 op, 16442960.00 ns, 5.1248 ns/op
OverheadActual   7: 3208528 op, 16459043.00 ns, 5.1298 ns/op
OverheadActual   8: 3208528 op, 16536711.00 ns, 5.1540 ns/op

WorkloadWarmup   1: 3208528 op, 268326415.00 ns, 83.6291 ns/op
WorkloadWarmup   2: 3208528 op, 252942592.00 ns, 78.8345 ns/op
WorkloadWarmup   3: 3208528 op, 249694662.00 ns, 77.8222 ns/op
WorkloadWarmup   4: 3208528 op, 255754772.00 ns, 79.7109 ns/op
WorkloadWarmup   5: 3208528 op, 249736814.00 ns, 77.8353 ns/op

// BeforeActualRun
WorkloadActual   1: 3208528 op, 252698244.00 ns, 78.7583 ns/op
WorkloadActual   2: 3208528 op, 250096346.00 ns, 77.9474 ns/op
WorkloadActual   3: 3208528 op, 250388014.00 ns, 78.0383 ns/op
WorkloadActual   4: 3208528 op, 249823705.00 ns, 77.8624 ns/op
WorkloadActual   5: 3208528 op, 249861812.00 ns, 77.8743 ns/op
WorkloadActual   6: 3208528 op, 250997339.00 ns, 78.2282 ns/op
WorkloadActual   7: 3208528 op, 250273702.00 ns, 78.0027 ns/op
WorkloadActual   8: 3208528 op, 256200927.00 ns, 79.8500 ns/op

// AfterActualRun
WorkloadResult   1: 3208528 op, 236247242.50 ns, 73.6310 ns/op
WorkloadResult   2: 3208528 op, 233645344.50 ns, 72.8201 ns/op
WorkloadResult   3: 3208528 op, 233937012.50 ns, 72.9110 ns/op
WorkloadResult   4: 3208528 op, 233372703.50 ns, 72.7351 ns/op
WorkloadResult   5: 3208528 op, 233410810.50 ns, 72.7470 ns/op
WorkloadResult   6: 3208528 op, 234546337.50 ns, 73.1009 ns/op
WorkloadResult   7: 3208528 op, 233822700.50 ns, 72.8754 ns/op
// GC:  7 0 0 128341120 3208528
// Threading:  0 0 3208528

// AfterAll
// Benchmark Process 4250 has exited with code 0.

Mean = 72.974 ns, StdErr = 0.119 ns (0.16%), N = 7, StdDev = 0.315 ns
Min = 72.735 ns, Q1 = 72.784 ns, Median = 72.875 ns, Q3 = 73.006 ns, Max = 73.631 ns
IQR = 0.222 ns, LowerFence = 72.450 ns, UpperFence = 73.340 ns
ConfidenceInterval = [72.266 ns; 73.683 ns] (CI 99.9%), Margin = 0.709 ns (0.97% of Mean)
Skewness = 1.17, Kurtosis = 2.81, MValue = 2

// ** Remained 17 (44.7 %) benchmark(s) to run. Estimated finish 2026-08-03 10:15 (0h 1m from now) **
// **************************
// Benchmark: NullHandling.HandCoded: Quick(MaxRelativeError=0.05, Arguments=/p:MatrixMode=Benchmark, IterationTime=250ms, MaxIterationCount=12, MaxWarmupIterationCount=5, MinIterationCount=8, MinWarmupIterationCount=3)
// *** Execute ***
// Launch: 1 / 1
// Execute: dotnet Matrix.ObjectMapping-Quick-1.dll --anonymousPipes 129 130 --benchmarkName Matrix.ObjectMapping.Benchmarks.NullHandling.HandCoded --job Quick --benchmarkId 21 in /home/runner/work/dotnet-matrix/dotnet-matrix/src/Matrix.ObjectMapping/bin/Benchmark/Release/net10.0/Matrix.ObjectMapping-Quick-1/bin/Release/net10.0
// Failed to set up high priority (Permission denied). In order to run benchmarks with high priority, make sure you have the right permissions.
// BeforeAnythingElse

// Benchmark Process Environment Information:
// BenchmarkDotNet v0.15.8
// Runtime=.NET 10.0.10 (10.0.10, 10.0.1026.32716), X64 RyuJIT x86-64-v3
// GC=Concurrent Workstation
// HardwareIntrinsics=AVX2+BMI1+BMI2+F16C+FMA+LZCNT+MOVBE,AVX,SSE3+SSSE3+SSE4.1+SSE4.2+POPCNT,X86Base+SSE+SSE2,AES+PCLMUL VectorSize=256
// Job: Quick(MaxRelativeError=0.05, IterationTime=250ms, MaxIterationCount=12, MaxWarmupIterationCount=5, MinIterationCount=8, MinWarmupIterationCount=3)

OverheadJitting  1: 1 op, 244698.00 ns, 244.6980 us/op
WorkloadJitting  1: 1 op, 368835.00 ns, 368.8350 us/op

OverheadJitting  2: 16 op, 514012.00 ns, 32.1258 us/op
WorkloadJitting  2: 16 op, 502235.00 ns, 31.3897 us/op

WorkloadPilot    1: 16 op, 13330.00 ns, 833.1250 ns/op
WorkloadPilot    2: 300080 op, 15342091.00 ns, 51.1267 ns/op
WorkloadPilot    3: 4889824 op, 135420156.00 ns, 27.6943 ns/op
WorkloadPilot    4: 9027136 op, 134931031.00 ns, 14.9473 ns/op
WorkloadPilot    5: 16725472 op, 204065495.00 ns, 12.2009 ns/op
WorkloadPilot    6: 20490336 op, 239785323.00 ns, 11.7024 ns/op
WorkloadPilot    7: 21363216 op, 254959983.00 ns, 11.9345 ns/op
WorkloadPilot    8: 20947632 op, 253542843.00 ns, 12.1037 ns/op
WorkloadPilot    9: 20654928 op, 250832641.00 ns, 12.1440 ns/op

OverheadWarmup   1: 20654928 op, 91331904.00 ns, 4.4218 ns/op
OverheadWarmup   2: 20654928 op, 98554356.00 ns, 4.7715 ns/op
OverheadWarmup   3: 20654928 op, 107038864.00 ns, 5.1822 ns/op
OverheadWarmup   4: 20654928 op, 76654261.00 ns, 3.7112 ns/op
OverheadWarmup   5: 20654928 op, 76799240.00 ns, 3.7182 ns/op
OverheadWarmup   6: 20654928 op, 76699920.00 ns, 3.7134 ns/op

OverheadActual   1: 20654928 op, 69461214.00 ns, 3.3629 ns/op
OverheadActual   2: 20654928 op, 69889017.00 ns, 3.3836 ns/op
OverheadActual   3: 20654928 op, 69632271.00 ns, 3.3712 ns/op
OverheadActual   4: 20654928 op, 69407323.00 ns, 3.3603 ns/op
OverheadActual   5: 20654928 op, 69457569.00 ns, 3.3628 ns/op
OverheadActual   6: 20654928 op, 76835023.00 ns, 3.7199 ns/op
OverheadActual   7: 20654928 op, 76665900.00 ns, 3.7117 ns/op
OverheadActual   8: 20654928 op, 76708563.00 ns, 3.7138 ns/op
OverheadActual   9: 20654928 op, 76690787.00 ns, 3.7130 ns/op
OverheadActual  10: 20654928 op, 76667762.00 ns, 3.7118 ns/op
OverheadActual  11: 20654928 op, 76667682.00 ns, 3.7118 ns/op
OverheadActual  12: 20654928 op, 76862474.00 ns, 3.7213 ns/op

WorkloadWarmup   1: 20654928 op, 252903432.00 ns, 12.2442 ns/op
WorkloadWarmup   2: 20654928 op, 246600703.00 ns, 11.9391 ns/op
WorkloadWarmup   3: 20654928 op, 247226553.00 ns, 11.9694 ns/op
WorkloadWarmup   4: 20654928 op, 239655929.00 ns, 11.6028 ns/op
WorkloadWarmup   5: 20654928 op, 242382725.00 ns, 11.7349 ns/op

// BeforeActualRun
WorkloadActual   1: 20654928 op, 247541457.00 ns, 11.9846 ns/op
WorkloadActual   2: 20654928 op, 249110661.00 ns, 12.0606 ns/op
WorkloadActual   3: 20654928 op, 248398363.00 ns, 12.0261 ns/op
WorkloadActual   4: 20654928 op, 247201645.00 ns, 11.9682 ns/op
WorkloadActual   5: 20654928 op, 248841269.00 ns, 12.0475 ns/op
WorkloadActual   6: 20654928 op, 247941456.00 ns, 12.0040 ns/op
WorkloadActual   7: 20654928 op, 250175093.00 ns, 12.1121 ns/op
WorkloadActual   8: 20654928 op, 247038389.00 ns, 11.9603 ns/op

// AfterActualRun
WorkloadResult   1: 20654928 op, 170874666.00 ns, 8.2728 ns/op
WorkloadResult   2: 20654928 op, 172443870.00 ns, 8.3488 ns/op
WorkloadResult   3: 20654928 op, 171731572.00 ns, 8.3143 ns/op
WorkloadResult   4: 20654928 op, 170534854.00 ns, 8.2564 ns/op
WorkloadResult   5: 20654928 op, 172174478.00 ns, 8.3358 ns/op
WorkloadResult   6: 20654928 op, 171274665.00 ns, 8.2922 ns/op
WorkloadResult   7: 20654928 op, 173508302.00 ns, 8.4003 ns/op
WorkloadResult   8: 20654928 op, 170371598.00 ns, 8.2485 ns/op
// GC:  49 0 0 826197120 20654928
// Threading:  0 0 20654928

// AfterAll
// Benchmark Process 4264 has exited with code 0.

Mean = 8.309 ns, StdErr = 0.018 ns (0.22%), N = 8, StdDev = 0.052 ns
Min = 8.248 ns, Q1 = 8.269 ns, Median = 8.303 ns, Q3 = 8.339 ns, Max = 8.400 ns
IQR = 0.070 ns, LowerFence = 8.163 ns, UpperFence = 8.444 ns
ConfidenceInterval = [8.210 ns; 8.407 ns] (CI 99.9%), Margin = 0.099 ns (1.19% of Mean)
Skewness = 0.4, Kurtosis = 1.69, MValue = 2

// ** Remained 16 (42.1 %) benchmark(s) to run. Estimated finish 2026-08-03 10:15 (0h 1m from now) **
// **************************
// Benchmark: NullHandling.Mapperly: Quick(MaxRelativeError=0.05, Arguments=/p:MatrixMode=Benchmark, IterationTime=250ms, MaxIterationCount=12, MaxWarmupIterationCount=5, MinIterationCount=8, MinWarmupIterationCount=3)
// *** Execute ***
// Launch: 1 / 1
// Execute: dotnet Matrix.ObjectMapping-Quick-1.dll --anonymousPipes 129 130 --benchmarkName Matrix.ObjectMapping.Benchmarks.NullHandling.Mapperly --job Quick --benchmarkId 22 in /home/runner/work/dotnet-matrix/dotnet-matrix/src/Matrix.ObjectMapping/bin/Benchmark/Release/net10.0/Matrix.ObjectMapping-Quick-1/bin/Release/net10.0
// Failed to set up high priority (Permission denied). In order to run benchmarks with high priority, make sure you have the right permissions.
// BeforeAnythingElse

// Benchmark Process Environment Information:
// BenchmarkDotNet v0.15.8
// Runtime=.NET 10.0.10 (10.0.10, 10.0.1026.32716), X64 RyuJIT x86-64-v3
// GC=Concurrent Workstation
// HardwareIntrinsics=AVX2+BMI1+BMI2+F16C+FMA+LZCNT+MOVBE,AVX,SSE3+SSSE3+SSE4.1+SSE4.2+POPCNT,X86Base+SSE+SSE2,AES+PCLMUL VectorSize=256
// Job: Quick(MaxRelativeError=0.05, IterationTime=250ms, MaxIterationCount=12, MaxWarmupIterationCount=5, MinIterationCount=8, MinWarmupIterationCount=3)

OverheadJitting  1: 1 op, 247552.00 ns, 247.5520 us/op
WorkloadJitting  1: 1 op, 469175.00 ns, 469.1750 us/op

OverheadJitting  2: 16 op, 489145.00 ns, 30.5716 us/op
WorkloadJitting  2: 16 op, 507783.00 ns, 31.7364 us/op

WorkloadPilot    1: 16 op, 2764.00 ns, 172.7500 ns/op
WorkloadPilot    2: 1447184 op, 55110337.00 ns, 38.0811 ns/op
WorkloadPilot    3: 6564944 op, 172293541.00 ns, 26.2445 ns/op
WorkloadPilot    4: 9525824 op, 131599616.00 ns, 13.8150 ns/op
WorkloadPilot    5: 18096224 op, 241411214.00 ns, 13.3404 ns/op
WorkloadPilot    6: 18740048 op, 252407127.00 ns, 13.4689 ns/op
WorkloadPilot    7: 18561344 op, 251155506.00 ns, 13.5311 ns/op
WorkloadPilot    8: 18475952 op, 247645973.00 ns, 13.4037 ns/op
WorkloadPilot    9: 18651584 op, 252857713.00 ns, 13.5569 ns/op

OverheadWarmup   1: 18651584 op, 82889877.00 ns, 4.4441 ns/op
OverheadWarmup   2: 18651584 op, 95493705.00 ns, 5.1199 ns/op
OverheadWarmup   3: 18651584 op, 89284916.00 ns, 4.7870 ns/op
OverheadWarmup   4: 18651584 op, 63056496.00 ns, 3.3808 ns/op
OverheadWarmup   5: 18651584 op, 63154764.00 ns, 3.3860 ns/op
OverheadWarmup   6: 18651584 op, 76779345.00 ns, 4.1165 ns/op
OverheadWarmup   7: 18651584 op, 69231234.00 ns, 3.7118 ns/op

OverheadActual   1: 18651584 op, 62689595.00 ns, 3.3611 ns/op
OverheadActual   2: 18651584 op, 62681973.00 ns, 3.3607 ns/op
OverheadActual   3: 18651584 op, 62910187.00 ns, 3.3729 ns/op
OverheadActual   4: 18651584 op, 62696154.00 ns, 3.3614 ns/op
OverheadActual   5: 18651584 op, 62712269.00 ns, 3.3623 ns/op
OverheadActual   6: 18651584 op, 62678448.00 ns, 3.3605 ns/op
OverheadActual   7: 18651584 op, 75948216.00 ns, 4.0719 ns/op
OverheadActual   8: 18651584 op, 69244784.00 ns, 3.7125 ns/op
OverheadActual   9: 18651584 op, 69244614.00 ns, 3.7125 ns/op
OverheadActual  10: 18651584 op, 62894903.00 ns, 3.3721 ns/op
OverheadActual  11: 18651584 op, 63025730.00 ns, 3.3791 ns/op
OverheadActual  12: 18651584 op, 62963717.00 ns, 3.3758 ns/op

WorkloadWarmup   1: 18651584 op, 258516296.00 ns, 13.8603 ns/op
WorkloadWarmup   2: 18651584 op, 266468775.00 ns, 14.2867 ns/op
WorkloadWarmup   3: 18651584 op, 253362301.00 ns, 13.5840 ns/op
WorkloadWarmup   4: 18651584 op, 250821093.00 ns, 13.4477 ns/op
WorkloadWarmup   5: 18651584 op, 256559246.00 ns, 13.7554 ns/op

// BeforeActualRun
WorkloadActual   1: 18651584 op, 256615259.00 ns, 13.7584 ns/op
WorkloadActual   2: 18651584 op, 260189329.00 ns, 13.9500 ns/op
WorkloadActual   3: 18651584 op, 256410362.00 ns, 13.7474 ns/op
WorkloadActual   4: 18651584 op, 253738156.00 ns, 13.6041 ns/op
WorkloadActual   5: 18651584 op, 262256636.00 ns, 14.0608 ns/op
WorkloadActual   6: 18651584 op, 258903568.00 ns, 13.8810 ns/op
WorkloadActual   7: 18651584 op, 261803076.00 ns, 14.0365 ns/op
WorkloadActual   8: 18651584 op, 254173917.00 ns, 13.6275 ns/op

// AfterActualRun
WorkloadResult   1: 18651584 op, 193712714.00 ns, 10.3859 ns/op
WorkloadResult   2: 18651584 op, 197286784.00 ns, 10.5775 ns/op
WorkloadResult   3: 18651584 op, 193507817.00 ns, 10.3749 ns/op
WorkloadResult   4: 18651584 op, 190835611.00 ns, 10.2316 ns/op
WorkloadResult   5: 18651584 op, 199354091.00 ns, 10.6883 ns/op
WorkloadResult   6: 18651584 op, 196001023.00 ns, 10.5085 ns/op
WorkloadResult   7: 18651584 op, 198900531.00 ns, 10.6640 ns/op
WorkloadResult   8: 18651584 op, 191271372.00 ns, 10.2550 ns/op
// GC:  44 0 0 746063360 18651584
// Threading:  0 0 18651584

// AfterAll
// Benchmark Process 4273 has exited with code 0.

Mean = 10.461 ns, StdErr = 0.062 ns (0.59%), N = 8, StdDev = 0.176 ns
Min = 10.232 ns, Q1 = 10.345 ns, Median = 10.447 ns, Q3 = 10.599 ns, Max = 10.688 ns
IQR = 0.254 ns, LowerFence = 9.964 ns, UpperFence = 10.980 ns
ConfidenceInterval = [10.124 ns; 10.797 ns] (CI 99.9%), Margin = 0.337 ns (3.22% of Mean)
Skewness = 0, Kurtosis = 1.2, MValue = 2

// ** Remained 15 (39.5 %) benchmark(s) to run. Estimated finish 2026-08-03 10:15 (0h 1m from now) **
// **************************
// Benchmark: NullHandling.Mapster: Quick(MaxRelativeError=0.05, Arguments=/p:MatrixMode=Benchmark, IterationTime=250ms, MaxIterationCount=12, MaxWarmupIterationCount=5, MinIterationCount=8, MinWarmupIterationCount=3)
// *** Execute ***
// Launch: 1 / 1
// Execute: dotnet Matrix.ObjectMapping-Quick-1.dll --anonymousPipes 129 130 --benchmarkName Matrix.ObjectMapping.Benchmarks.NullHandling.Mapster --job Quick --benchmarkId 23 in /home/runner/work/dotnet-matrix/dotnet-matrix/src/Matrix.ObjectMapping/bin/Benchmark/Release/net10.0/Matrix.ObjectMapping-Quick-1/bin/Release/net10.0
// Failed to set up high priority (Permission denied). In order to run benchmarks with high priority, make sure you have the right permissions.
// BeforeAnythingElse

// Benchmark Process Environment Information:
// BenchmarkDotNet v0.15.8
// Runtime=.NET 10.0.10 (10.0.10, 10.0.1026.32716), X64 RyuJIT x86-64-v3
// GC=Concurrent Workstation
// HardwareIntrinsics=AVX2+BMI1+BMI2+F16C+FMA+LZCNT+MOVBE,AVX,SSE3+SSSE3+SSE4.1+SSE4.2+POPCNT,X86Base+SSE+SSE2,AES+PCLMUL VectorSize=256
// Job: Quick(MaxRelativeError=0.05, IterationTime=250ms, MaxIterationCount=12, MaxWarmupIterationCount=5, MinIterationCount=8, MinWarmupIterationCount=3)

OverheadJitting  1: 1 op, 252429.00 ns, 252.4290 us/op
WorkloadJitting  1: 1 op, 3461321.00 ns, 3.4613 ms/op

OverheadJitting  2: 16 op, 489285.00 ns, 30.5803 us/op
WorkloadJitting  2: 16 op, 513942.00 ns, 32.1214 us/op

WorkloadPilot    1: 16 op, 8813.00 ns, 550.8125 ns/op
WorkloadPilot    2: 453888 op, 88944095.00 ns, 195.9604 ns/op
WorkloadPilot    3: 1275776 op, 114923568.00 ns, 90.0813 ns/op
WorkloadPilot    4: 2775280 op, 94825772.00 ns, 34.1680 ns/op
WorkloadPilot    5: 7316800 op, 247581552.00 ns, 33.8374 ns/op
WorkloadPilot    6: 7388288 op, 249352633.00 ns, 33.7497 ns/op
WorkloadPilot    7: 7407472 op, 248041052.00 ns, 33.4853 ns/op
WorkloadPilot    8: 7465984 op, 249777472.00 ns, 33.4554 ns/op
WorkloadPilot    9: 7472640 op, 249847577.00 ns, 33.4350 ns/op
WorkloadPilot   10: 7477200 op, 249356920.00 ns, 33.3490 ns/op
WorkloadPilot   11: 7496496 op, 252906543.00 ns, 33.7366 ns/op
WorkloadPilot   12: 7410352 op, 246531925.00 ns, 33.2686 ns/op
WorkloadPilot   13: 7514608 op, 250924876.00 ns, 33.3916 ns/op
WorkloadPilot   14: 7486912 op, 249181997.00 ns, 33.2823 ns/op
WorkloadPilot   15: 7511504 op, 250753538.00 ns, 33.3826 ns/op

OverheadWarmup   1: 7511504 op, 33122465.00 ns, 4.4096 ns/op
OverheadWarmup   2: 7511504 op, 33025519.00 ns, 4.3967 ns/op
OverheadWarmup   3: 7511504 op, 33012871.00 ns, 4.3950 ns/op
OverheadWarmup   4: 7511504 op, 35692757.00 ns, 4.7517 ns/op
OverheadWarmup   5: 7511504 op, 32996536.00 ns, 4.3928 ns/op
OverheadWarmup   6: 7511504 op, 33020863.00 ns, 4.3960 ns/op
OverheadWarmup   7: 7511504 op, 35758476.00 ns, 4.7605 ns/op
OverheadWarmup   8: 7511504 op, 32996876.00 ns, 4.3928 ns/op

OverheadActual   1: 7511504 op, 35684796.00 ns, 4.7507 ns/op
OverheadActual   2: 7511504 op, 33060251.00 ns, 4.4013 ns/op
OverheadActual   3: 7511504 op, 35647489.00 ns, 4.7457 ns/op
OverheadActual   4: 7511504 op, 33024368.00 ns, 4.3965 ns/op
OverheadActual   5: 7511504 op, 35683914.00 ns, 4.7506 ns/op
OverheadActual   6: 7511504 op, 33019360.00 ns, 4.3958 ns/op
OverheadActual   7: 7511504 op, 35683644.00 ns, 4.7505 ns/op
OverheadActual   8: 7511504 op, 32979481.00 ns, 4.3905 ns/op
OverheadActual   9: 7511504 op, 36975214.00 ns, 4.9225 ns/op
OverheadActual  10: 7511504 op, 34147415.00 ns, 4.5460 ns/op
OverheadActual  11: 7511504 op, 27800579.00 ns, 3.7011 ns/op
OverheadActual  12: 7511504 op, 27747349.00 ns, 3.6940 ns/op

WorkloadWarmup   1: 7511504 op, 262008949.00 ns, 34.8810 ns/op
WorkloadWarmup   2: 7511504 op, 260735566.00 ns, 34.7115 ns/op
WorkloadWarmup   3: 7511504 op, 252874845.00 ns, 33.6650 ns/op
WorkloadWarmup   4: 7511504 op, 252680263.00 ns, 33.6391 ns/op
WorkloadWarmup   5: 7511504 op, 252140662.00 ns, 33.5673 ns/op

// BeforeActualRun
WorkloadActual   1: 7511504 op, 253991393.00 ns, 33.8137 ns/op
WorkloadActual   2: 7511504 op, 255526319.00 ns, 34.0180 ns/op
WorkloadActual   3: 7511504 op, 253208717.00 ns, 33.7095 ns/op
WorkloadActual   4: 7511504 op, 252811290.00 ns, 33.6565 ns/op
WorkloadActual   5: 7511504 op, 253106704.00 ns, 33.6959 ns/op
WorkloadActual   6: 7511504 op, 253423990.00 ns, 33.7381 ns/op
WorkloadActual   7: 7511504 op, 251863947.00 ns, 33.5304 ns/op
WorkloadActual   8: 7511504 op, 253050294.00 ns, 33.6884 ns/op

// AfterActualRun
WorkloadResult   1: 7511504 op, 220387560.00 ns, 29.3400 ns/op
WorkloadResult   2: 7511504 op, 219604884.00 ns, 29.2358 ns/op
WorkloadResult   3: 7511504 op, 219207457.00 ns, 29.1829 ns/op
WorkloadResult   4: 7511504 op, 219502871.00 ns, 29.2222 ns/op
WorkloadResult   5: 7511504 op, 219820157.00 ns, 29.2645 ns/op
WorkloadResult   6: 7511504 op, 218260114.00 ns, 29.0568 ns/op
WorkloadResult   7: 7511504 op, 219446461.00 ns, 29.2147 ns/op
// GC:  17 0 0 300460160 7511504
// Threading:  0 0 7511504

// AfterAll
// Benchmark Process 4282 has exited with code 0.

Mean = 29.217 ns, StdErr = 0.033 ns (0.11%), N = 7, StdDev = 0.086 ns
Min = 29.057 ns, Q1 = 29.199 ns, Median = 29.222 ns, Q3 = 29.250 ns, Max = 29.340 ns
IQR = 0.051 ns, LowerFence = 29.122 ns, UpperFence = 29.327 ns
ConfidenceInterval = [29.023 ns; 29.411 ns] (CI 99.9%), Margin = 0.194 ns (0.66% of Mean)
Skewness = -0.48, Kurtosis = 2.31, MValue = 2

// ** Remained 14 (36.8 %) benchmark(s) to run. Estimated finish 2026-08-03 10:15 (0h 1m from now) **
// ***** BenchmarkRunner: Finish  *****

// * Export *
  tmp/dotnet-matrix/ObjectMapping/15a28129182e4bac80f707538729aa14/results/Matrix.ObjectMapping.Benchmarks.NullHandling-report.csv
  tmp/dotnet-matrix/ObjectMapping/15a28129182e4bac80f707538729aa14/results/Matrix.ObjectMapping.Benchmarks.NullHandling-report-github.md
  tmp/dotnet-matrix/ObjectMapping/15a28129182e4bac80f707538729aa14/results/Matrix.ObjectMapping.Benchmarks.NullHandling-report.html
  tmp/dotnet-matrix/ObjectMapping/15a28129182e4bac80f707538729aa14/results/Matrix.ObjectMapping.Benchmarks.NullHandling-report-full.json

// * Detailed results *
NullHandling.HandCoded: Quick(MaxRelativeError=0.05, Arguments=/p:MatrixMode=Benchmark, IterationTime=250ms, MaxIterationCount=12, MaxWarmupIterationCount=5, MinIterationCount=8, MinWarmupIterationCount=3)
Runtime = .NET 10.0.10 (10.0.10, 10.0.1026.32716), X64 RyuJIT x86-64-v3; GC = Concurrent Workstation
Mean = 8.309 ns, StdErr = 0.018 ns (0.22%), N = 8, StdDev = 0.052 ns
Min = 8.248 ns, Q1 = 8.269 ns, Median = 8.303 ns, Q3 = 8.339 ns, Max = 8.400 ns
IQR = 0.070 ns, LowerFence = 8.163 ns, UpperFence = 8.444 ns
ConfidenceInterval = [8.210 ns; 8.407 ns] (CI 99.9%), Margin = 0.099 ns (1.19% of Mean)
Skewness = 0.4, Kurtosis = 1.69, MValue = 2
-------------------- Histogram --------------------
[8.215 ns ; 8.434 ns) | @@@@@@@@
---------------------------------------------------

NullHandling.Mapperly: Quick(MaxRelativeError=0.05, Arguments=/p:MatrixMode=Benchmark, IterationTime=250ms, MaxIterationCount=12, MaxWarmupIterationCount=5, MinIterationCount=8, MinWarmupIterationCount=3)
Runtime = .NET 10.0.10 (10.0.10, 10.0.1026.32716), X64 RyuJIT x86-64-v3; GC = Concurrent Workstation
Mean = 10.461 ns, StdErr = 0.062 ns (0.59%), N = 8, StdDev = 0.176 ns
Min = 10.232 ns, Q1 = 10.345 ns, Median = 10.447 ns, Q3 = 10.599 ns, Max = 10.688 ns
IQR = 0.254 ns, LowerFence = 9.964 ns, UpperFence = 10.980 ns
ConfidenceInterval = [10.124 ns; 10.797 ns] (CI 99.9%), Margin = 0.337 ns (3.22% of Mean)
Skewness = 0, Kurtosis = 1.2, MValue = 2
-------------------- Histogram --------------------
[10.193 ns ; 10.424 ns) | @@@@
[10.424 ns ; 10.714 ns) | @@@@
---------------------------------------------------

NullHandling.Mapster: Quick(MaxRelativeError=0.05, Arguments=/p:MatrixMode=Benchmark, IterationTime=250ms, MaxIterationCount=12, MaxWarmupIterationCount=5, MinIterationCount=8, MinWarmupIterationCount=3)
Runtime = .NET 10.0.10 (10.0.10, 10.0.1026.32716), X64 RyuJIT x86-64-v3; GC = Concurrent Workstation
Mean = 29.217 ns, StdErr = 0.033 ns (0.11%), N = 7, StdDev = 0.086 ns
Min = 29.057 ns, Q1 = 29.199 ns, Median = 29.222 ns, Q3 = 29.250 ns, Max = 29.340 ns
IQR = 0.051 ns, LowerFence = 29.122 ns, UpperFence = 29.327 ns
ConfidenceInterval = [29.023 ns; 29.411 ns] (CI 99.9%), Margin = 0.194 ns (0.66% of Mean)
Skewness = -0.48, Kurtosis = 2.31, MValue = 2
-------------------- Histogram --------------------
[28.998 ns ; 29.399 ns) | @@@@@@@
---------------------------------------------------

NullHandling.AutoMapper: Quick(MaxRelativeError=0.05, Arguments=/p:MatrixMode=Benchmark, IterationTime=250ms, MaxIterationCount=12, MaxWarmupIterationCount=5, MinIterationCount=8, MinWarmupIterationCount=3)
Runtime = .NET 10.0.10 (10.0.10, 10.0.1026.32716), X64 RyuJIT x86-64-v3; GC = Concurrent Workstation
Mean = 72.974 ns, StdErr = 0.119 ns (0.16%), N = 7, StdDev = 0.315 ns
Min = 72.735 ns, Q1 = 72.784 ns, Median = 72.875 ns, Q3 = 73.006 ns, Max = 73.631 ns
IQR = 0.222 ns, LowerFence = 72.450 ns, UpperFence = 73.340 ns
ConfidenceInterval = [72.266 ns; 73.683 ns] (CI 99.9%), Margin = 0.709 ns (0.97% of Mean)
Skewness = 1.17, Kurtosis = 2.81, MValue = 2
-------------------- Histogram --------------------
[72.519 ns ; 73.847 ns) | @@@@@@@
---------------------------------------------------

// * Summary *

BenchmarkDotNet v0.15.8, Linux Ubuntu 24.04.4 LTS (Noble Numbat)
AMD EPYC 9V74 2.60GHz, 1 CPU, 4 logical and 2 physical cores
.NET SDK 10.0.302
  [Host] : .NET 10.0.10 (10.0.10, 10.0.1026.32716), X64 RyuJIT x86-64-v3
  Quick  : .NET 10.0.10 (10.0.10, 10.0.1026.32716), X64 RyuJIT x86-64-v3

Job=Quick  MaxRelativeError=0.05  Arguments=/p:MatrixMode=Benchmark  
IterationTime=250ms  MaxIterationCount=12  MaxWarmupIterationCount=5  
MinIterationCount=8  MinWarmupIterationCount=3  

| Method     | Mean      | Error     | StdDev    | Ratio | RatioSD | Gen0   | Allocated | Alloc Ratio |
|----------- |----------:|----------:|----------:|------:|--------:|-------:|----------:|------------:|
| HandCoded  |  8.309 ns | 0.0988 ns | 0.0517 ns |  1.00 |    0.01 | 0.0024 |      40 B |        1.00 |
| Mapperly   | 10.461 ns | 0.3365 ns | 0.1760 ns |  1.26 |    0.02 | 0.0024 |      40 B |        1.00 |
| Mapster    | 29.217 ns | 0.1942 ns | 0.0862 ns |  3.52 |    0.02 | 0.0023 |      40 B |        1.00 |
| AutoMapper | 72.974 ns | 0.7085 ns | 0.3146 ns |  8.78 |    0.06 | 0.0022 |      40 B |        1.00 |

// * Hints *
Outliers
  NullHandling.Mapster: Quick    -> 1 outlier  was  removed, 2 outliers were detected (33.53 ns, 34.02 ns)
  NullHandling.AutoMapper: Quick -> 1 outlier  was  removed (79.85 ns)

// * Legends *
  Mean        : Arithmetic mean of all measurements
  Error       : Half of 99.9% confidence interval
  StdDev      : Standard deviation of all measurements
  Ratio       : Mean of the ratio distribution ([Current]/[Baseline])
  RatioSD     : Standard deviation of the ratio distribution ([Current]/[Baseline])
  Gen0        : GC Generation 0 collects per 1000 operations
  Allocated   : Allocated memory per single operation (managed only, inclusive, 1KB = 1024B)
  Alloc Ratio : Allocated memory ratio distribution ([Current]/[Baseline])
  1 ns        : 1 Nanosecond (0.000000001 sec)

// * Diagnostic Output - MemoryDiagnoser *


// ***** BenchmarkRunner: End *****
Run time: 00:00:27 (27.83 sec), executed benchmarks: 4

// Found 4 benchmarks:
//   PolymorphicMapping.AutoMapper: Quick(MaxRelativeError=0.05, Arguments=/p:MatrixMode=Benchmark, IterationTime=250ms, MaxIterationCount=12, MaxWarmupIterationCount=5, MinIterationCount=8, MinWarmupIterationCount=3)
//   PolymorphicMapping.HandCoded: Quick(MaxRelativeError=0.05, Arguments=/p:MatrixMode=Benchmark, IterationTime=250ms, MaxIterationCount=12, MaxWarmupIterationCount=5, MinIterationCount=8, MinWarmupIterationCount=3)
//   PolymorphicMapping.Mapperly: Quick(MaxRelativeError=0.05, Arguments=/p:MatrixMode=Benchmark, IterationTime=250ms, MaxIterationCount=12, MaxWarmupIterationCount=5, MinIterationCount=8, MinWarmupIterationCount=3)
//   PolymorphicMapping.Mapster: Quick(MaxRelativeError=0.05, Arguments=/p:MatrixMode=Benchmark, IterationTime=250ms, MaxIterationCount=12, MaxWarmupIterationCount=5, MinIterationCount=8, MinWarmupIterationCount=3)

// **************************
// Benchmark: PolymorphicMapping.AutoMapper: Quick(MaxRelativeError=0.05, Arguments=/p:MatrixMode=Benchmark, IterationTime=250ms, MaxIterationCount=12, MaxWarmupIterationCount=5, MinIterationCount=8, MinWarmupIterationCount=3)
// *** Execute ***
// Launch: 1 / 1
// Execute: dotnet Matrix.ObjectMapping-Quick-1.dll --anonymousPipes 129 130 --benchmarkName Matrix.ObjectMapping.Benchmarks.PolymorphicMapping.AutoMapper --job Quick --benchmarkId 24 in /home/runner/work/dotnet-matrix/dotnet-matrix/src/Matrix.ObjectMapping/bin/Benchmark/Release/net10.0/Matrix.ObjectMapping-Quick-1/bin/Release/net10.0
// Failed to set up high priority (Permission denied). In order to run benchmarks with high priority, make sure you have the right permissions.
// BeforeAnythingElse

// Benchmark Process Environment Information:
// BenchmarkDotNet v0.15.8
// Runtime=.NET 10.0.10 (10.0.10, 10.0.1026.32716), X64 RyuJIT x86-64-v3
// GC=Concurrent Workstation
// HardwareIntrinsics=AVX2+BMI1+BMI2+F16C+FMA+LZCNT+MOVBE,AVX,SSE3+SSSE3+SSE4.1+SSE4.2+POPCNT,X86Base+SSE+SSE2,AES+PCLMUL VectorSize=256
// Job: Quick(MaxRelativeError=0.05, IterationTime=250ms, MaxIterationCount=12, MaxWarmupIterationCount=5, MinIterationCount=8, MinWarmupIterationCount=3)

OverheadJitting  1: 1 op, 252550.00 ns, 252.5500 us/op
WorkloadJitting  1: 1 op, 5502527.00 ns, 5.5025 ms/op

OverheadJitting  2: 16 op, 502706.00 ns, 31.4191 us/op
WorkloadJitting  2: 16 op, 572551.00 ns, 35.7844 us/op

WorkloadPilot    1: 16 op, 51147.00 ns, 3.1967 us/op
WorkloadPilot    2: 78208 op, 92002986.00 ns, 1.1764 us/op
WorkloadPilot    3: 212528 op, 136441952.00 ns, 641.9952 ns/op
WorkloadPilot    4: 389424 op, 130761278.00 ns, 335.7813 ns/op
WorkloadPilot    5: 744544 op, 239298807.00 ns, 321.4032 ns/op
WorkloadPilot    6: 777840 op, 253012731.00 ns, 325.2761 ns/op
WorkloadPilot    7: 768592 op, 247724415.00 ns, 322.3094 ns/op
WorkloadPilot    8: 775664 op, 248882315.00 ns, 320.8636 ns/op
WorkloadPilot    9: 779152 op, 250196128.00 ns, 321.1134 ns/op
WorkloadPilot   10: 778544 op, 251060718.00 ns, 322.4747 ns/op

OverheadWarmup   1: 778544 op, 3160058.00 ns, 4.0589 ns/op
OverheadWarmup   2: 778544 op, 3423043.00 ns, 4.3967 ns/op
OverheadWarmup   3: 778544 op, 3425957.00 ns, 4.4005 ns/op
OverheadWarmup   4: 778544 op, 3410975.00 ns, 4.3812 ns/op
OverheadWarmup   5: 778544 op, 3407129.00 ns, 4.3763 ns/op
OverheadWarmup   6: 778544 op, 3449532.00 ns, 4.4307 ns/op
OverheadWarmup   7: 778544 op, 3433158.00 ns, 4.4097 ns/op

OverheadActual   1: 778544 op, 3415882.00 ns, 4.3875 ns/op
OverheadActual   2: 778544 op, 3130824.00 ns, 4.0214 ns/op
OverheadActual   3: 778544 op, 3438596.00 ns, 4.4167 ns/op
OverheadActual   4: 778544 op, 3422532.00 ns, 4.3961 ns/op
OverheadActual   5: 778544 op, 3149392.00 ns, 4.0452 ns/op
OverheadActual   6: 778544 op, 3422913.00 ns, 4.3966 ns/op
OverheadActual   7: 778544 op, 3430384.00 ns, 4.4062 ns/op
OverheadActual   8: 778544 op, 3426297.00 ns, 4.4009 ns/op
OverheadActual   9: 778544 op, 3442441.00 ns, 4.4216 ns/op
OverheadActual  10: 778544 op, 3416383.00 ns, 4.3882 ns/op
OverheadActual  11: 778544 op, 3433278.00 ns, 4.4099 ns/op

WorkloadWarmup   1: 778544 op, 262327144.00 ns, 336.9458 ns/op
WorkloadWarmup   2: 778544 op, 255783854.00 ns, 328.5413 ns/op
WorkloadWarmup   3: 778544 op, 250241347.00 ns, 321.4222 ns/op
WorkloadWarmup   4: 778544 op, 251040688.00 ns, 322.4489 ns/op
WorkloadWarmup   5: 778544 op, 250277651.00 ns, 321.4689 ns/op

// BeforeActualRun
WorkloadActual   1: 778544 op, 253322936.00 ns, 325.3804 ns/op
WorkloadActual   2: 778544 op, 250212263.00 ns, 321.3849 ns/op
WorkloadActual   3: 778544 op, 250586055.00 ns, 321.8650 ns/op
WorkloadActual   4: 778544 op, 250497361.00 ns, 321.7511 ns/op
WorkloadActual   5: 778544 op, 250081046.00 ns, 321.2163 ns/op
WorkloadActual   6: 778544 op, 250122639.00 ns, 321.2698 ns/op
WorkloadActual   7: 778544 op, 250280125.00 ns, 321.4720 ns/op
WorkloadActual   8: 778544 op, 250151361.00 ns, 321.3066 ns/op

// AfterActualRun
WorkloadResult   1: 778544 op, 246789350.00 ns, 316.9883 ns/op
WorkloadResult   2: 778544 op, 247163142.00 ns, 317.4684 ns/op
WorkloadResult   3: 778544 op, 247074448.00 ns, 317.3545 ns/op
WorkloadResult   4: 778544 op, 246658133.00 ns, 316.8198 ns/op
WorkloadResult   5: 778544 op, 246699726.00 ns, 316.8732 ns/op
WorkloadResult   6: 778544 op, 246857212.00 ns, 317.0755 ns/op
WorkloadResult   7: 778544 op, 246728448.00 ns, 316.9101 ns/op
// GC:  6 0 0 112110336 778544
// Threading:  0 0 778544

// AfterAll
// Benchmark Process 4296 has exited with code 0.

Mean = 317.070 ns, StdErr = 0.094 ns (0.03%), N = 7, StdDev = 0.249 ns
Min = 316.820 ns, Q1 = 316.892 ns, Median = 316.988 ns, Q3 = 317.215 ns, Max = 317.468 ns
IQR = 0.323 ns, LowerFence = 316.407 ns, UpperFence = 317.700 ns
ConfidenceInterval = [316.508 ns; 317.632 ns] (CI 99.9%), Margin = 0.562 ns (0.18% of Mean)
Skewness = 0.54, Kurtosis = 1.4, MValue = 2

// ** Remained 13 (34.2 %) benchmark(s) to run. Estimated finish 2026-08-03 10:15 (0h 1m from now) **
// **************************
// Benchmark: PolymorphicMapping.HandCoded: Quick(MaxRelativeError=0.05, Arguments=/p:MatrixMode=Benchmark, IterationTime=250ms, MaxIterationCount=12, MaxWarmupIterationCount=5, MinIterationCount=8, MinWarmupIterationCount=3)
// *** Execute ***
// Launch: 1 / 1
// Execute: dotnet Matrix.ObjectMapping-Quick-1.dll --anonymousPipes 129 130 --benchmarkName Matrix.ObjectMapping.Benchmarks.PolymorphicMapping.HandCoded --job Quick --benchmarkId 25 in /home/runner/work/dotnet-matrix/dotnet-matrix/src/Matrix.ObjectMapping/bin/Benchmark/Release/net10.0/Matrix.ObjectMapping-Quick-1/bin/Release/net10.0
// Failed to set up high priority (Permission denied). In order to run benchmarks with high priority, make sure you have the right permissions.
// BeforeAnythingElse

// Benchmark Process Environment Information:
// BenchmarkDotNet v0.15.8
// Runtime=.NET 10.0.10 (10.0.10, 10.0.1026.32716), X64 RyuJIT x86-64-v3
// GC=Concurrent Workstation
// HardwareIntrinsics=AVX2+BMI1+BMI2+F16C+FMA+LZCNT+MOVBE,AVX,SSE3+SSSE3+SSE4.1+SSE4.2+POPCNT,X86Base+SSE+SSE2,AES+PCLMUL VectorSize=256
// Job: Quick(MaxRelativeError=0.05, IterationTime=250ms, MaxIterationCount=12, MaxWarmupIterationCount=5, MinIterationCount=8, MinWarmupIterationCount=3)

OverheadJitting  1: 1 op, 257476.00 ns, 257.4760 us/op
WorkloadJitting  1: 1 op, 557508.00 ns, 557.5080 us/op

OverheadJitting  2: 16 op, 516346.00 ns, 32.2716 us/op
WorkloadJitting  2: 16 op, 571248.00 ns, 35.7030 us/op

WorkloadPilot    1: 16 op, 7611.00 ns, 475.6875 ns/op
WorkloadPilot    2: 525568 op, 87336186.00 ns, 166.1749 ns/op
WorkloadPilot    3: 1504448 op, 138182127.00 ns, 91.8491 ns/op
WorkloadPilot    4: 2721872 op, 114588519.00 ns, 42.0992 ns/op
WorkloadPilot    5: 5938368 op, 248921474.00 ns, 41.9175 ns/op
WorkloadPilot    6: 5964112 op, 245817761.00 ns, 41.2162 ns/op
WorkloadPilot    7: 6065584 op, 250977603.00 ns, 41.3773 ns/op
WorkloadPilot    8: 6041968 op, 243919384.00 ns, 40.3709 ns/op
WorkloadPilot    9: 6192592 op, 255694609.00 ns, 41.2904 ns/op
WorkloadPilot   10: 6054688 op, 252614438.00 ns, 41.7221 ns/op

OverheadWarmup   1: 6054688 op, 24724759.00 ns, 4.0836 ns/op
OverheadWarmup   2: 6054688 op, 26744243.00 ns, 4.4171 ns/op
OverheadWarmup   3: 6054688 op, 26902631.00 ns, 4.4433 ns/op
OverheadWarmup   4: 6054688 op, 26787608.00 ns, 4.4243 ns/op
OverheadWarmup   5: 6054688 op, 24750468.00 ns, 4.0878 ns/op
OverheadWarmup   6: 6054688 op, 26867908.00 ns, 4.4375 ns/op
OverheadWarmup   7: 6054688 op, 26732195.00 ns, 4.4151 ns/op

OverheadActual   1: 6054688 op, 24680172.00 ns, 4.0762 ns/op
OverheadActual   2: 6054688 op, 24886331.00 ns, 4.1103 ns/op
OverheadActual   3: 6054688 op, 24620201.00 ns, 4.0663 ns/op
OverheadActual   4: 6054688 op, 24665890.00 ns, 4.0738 ns/op
OverheadActual   5: 6054688 op, 24612810.00 ns, 4.0651 ns/op
OverheadActual   6: 6054688 op, 24736346.00 ns, 4.0855 ns/op
OverheadActual   7: 6054688 op, 26926306.00 ns, 4.4472 ns/op
OverheadActual   8: 6054688 op, 24746692.00 ns, 4.0872 ns/op

WorkloadWarmup   1: 6054688 op, 261244226.00 ns, 43.1474 ns/op
WorkloadWarmup   2: 6054688 op, 259960533.00 ns, 42.9354 ns/op
WorkloadWarmup   3: 6054688 op, 248023713.00 ns, 40.9639 ns/op
WorkloadWarmup   4: 6054688 op, 250720405.00 ns, 41.4093 ns/op
WorkloadWarmup   5: 6054688 op, 249558489.00 ns, 41.2174 ns/op

// BeforeActualRun
WorkloadActual   1: 6054688 op, 251023430.00 ns, 41.4594 ns/op
WorkloadActual   2: 6054688 op, 252400880.00 ns, 41.6869 ns/op
WorkloadActual   3: 6054688 op, 255472455.00 ns, 42.1942 ns/op
WorkloadActual   4: 6054688 op, 253029845.00 ns, 41.7907 ns/op
WorkloadActual   5: 6054688 op, 252225466.00 ns, 41.6579 ns/op
WorkloadActual   6: 6054688 op, 249449014.00 ns, 41.1993 ns/op
WorkloadActual   7: 6054688 op, 248334320.00 ns, 41.0152 ns/op
WorkloadActual   8: 6054688 op, 252533048.00 ns, 41.7087 ns/op

// AfterActualRun
WorkloadResult   1: 6054688 op, 226315171.00 ns, 37.3785 ns/op
WorkloadResult   2: 6054688 op, 227692621.00 ns, 37.6060 ns/op
WorkloadResult   3: 6054688 op, 230764196.00 ns, 38.1133 ns/op
WorkloadResult   4: 6054688 op, 228321586.00 ns, 37.7099 ns/op
WorkloadResult   5: 6054688 op, 227517207.00 ns, 37.5770 ns/op
WorkloadResult   6: 6054688 op, 224740755.00 ns, 37.1185 ns/op
WorkloadResult   7: 6054688 op, 223626061.00 ns, 36.9344 ns/op
WorkloadResult   8: 6054688 op, 227824789.00 ns, 37.6278 ns/op
// GC:  52 0 0 871875072 6054688
// Threading:  0 0 6054688

// AfterAll
// Benchmark Process 4306 has exited with code 0.

Mean = 37.508 ns, StdErr = 0.129 ns (0.34%), N = 8, StdDev = 0.365 ns
Min = 36.934 ns, Q1 = 37.313 ns, Median = 37.592 ns, Q3 = 37.648 ns, Max = 38.113 ns
IQR = 0.335 ns, LowerFence = 36.811 ns, UpperFence = 38.151 ns
ConfidenceInterval = [36.810 ns; 38.206 ns] (CI 99.9%), Margin = 0.698 ns (1.86% of Mean)
Skewness = -0.04, Kurtosis = 1.88, MValue = 2

// ** Remained 12 (31.6 %) benchmark(s) to run. Estimated finish 2026-08-03 10:15 (0h 1m from now) **
// **************************
// Benchmark: PolymorphicMapping.Mapperly: Quick(MaxRelativeError=0.05, Arguments=/p:MatrixMode=Benchmark, IterationTime=250ms, MaxIterationCount=12, MaxWarmupIterationCount=5, MinIterationCount=8, MinWarmupIterationCount=3)
// *** Execute ***
// Launch: 1 / 1
// Execute: dotnet Matrix.ObjectMapping-Quick-1.dll --anonymousPipes 129 130 --benchmarkName Matrix.ObjectMapping.Benchmarks.PolymorphicMapping.Mapperly --job Quick --benchmarkId 26 in /home/runner/work/dotnet-matrix/dotnet-matrix/src/Matrix.ObjectMapping/bin/Benchmark/Release/net10.0/Matrix.ObjectMapping-Quick-1/bin/Release/net10.0
// Failed to set up high priority (Permission denied). In order to run benchmarks with high priority, make sure you have the right permissions.
// BeforeAnythingElse

// Benchmark Process Environment Information:
// BenchmarkDotNet v0.15.8
// Runtime=.NET 10.0.10 (10.0.10, 10.0.1026.32716), X64 RyuJIT x86-64-v3
// GC=Concurrent Workstation
// HardwareIntrinsics=AVX2+BMI1+BMI2+F16C+FMA+LZCNT+MOVBE,AVX,SSE3+SSSE3+SSE4.1+SSE4.2+POPCNT,X86Base+SSE+SSE2,AES+PCLMUL VectorSize=256
// Job: Quick(MaxRelativeError=0.05, IterationTime=250ms, MaxIterationCount=12, MaxWarmupIterationCount=5, MinIterationCount=8, MinWarmupIterationCount=3)

OverheadJitting  1: 1 op, 251377.00 ns, 251.3770 us/op
WorkloadJitting  1: 1 op, 687023.00 ns, 687.0230 us/op

OverheadJitting  2: 16 op, 524077.00 ns, 32.7548 us/op
WorkloadJitting  2: 16 op, 544599.00 ns, 34.0374 us/op

WorkloadPilot    1: 16 op, 12689.00 ns, 793.0625 ns/op
WorkloadPilot    2: 315248 op, 54162529.00 ns, 171.8093 ns/op
WorkloadPilot    3: 1455104 op, 156249413.00 ns, 107.3802 ns/op
WorkloadPilot    4: 2328176 op, 99633778.00 ns, 42.7948 ns/op
WorkloadPilot    5: 5841840 op, 238421646.00 ns, 40.8128 ns/op
WorkloadPilot    6: 6125536 op, 247487998.00 ns, 40.4027 ns/op
WorkloadPilot    7: 6187712 op, 248178215.00 ns, 40.1082 ns/op
WorkloadPilot    8: 6233136 op, 250444039.00 ns, 40.1795 ns/op
WorkloadPilot    9: 6222096 op, 250942568.00 ns, 40.3309 ns/op
WorkloadPilot   10: 6198736 op, 263404082.00 ns, 42.4932 ns/op

OverheadWarmup   1: 6198736 op, 25143839.00 ns, 4.0563 ns/op
OverheadWarmup   2: 6198736 op, 25134184.00 ns, 4.0547 ns/op
OverheadWarmup   3: 6198736 op, 27207729.00 ns, 4.3892 ns/op
OverheadWarmup   4: 6198736 op, 27337875.00 ns, 4.4102 ns/op
OverheadWarmup   5: 6198736 op, 27217104.00 ns, 4.3908 ns/op
OverheadWarmup   6: 6198736 op, 27235391.00 ns, 4.3937 ns/op
OverheadWarmup   7: 6198736 op, 27223623.00 ns, 4.3918 ns/op

OverheadActual   1: 6198736 op, 25262817.00 ns, 4.0755 ns/op
OverheadActual   2: 6198736 op, 25115716.00 ns, 4.0517 ns/op
OverheadActual   3: 6198736 op, 25739814.00 ns, 4.1524 ns/op
OverheadActual   4: 6198736 op, 25610370.00 ns, 4.1315 ns/op
OverheadActual   5: 6198736 op, 29709729.00 ns, 4.7929 ns/op
OverheadActual   6: 6198736 op, 30998494.00 ns, 5.0008 ns/op
OverheadActual   7: 6198736 op, 26889270.00 ns, 4.3379 ns/op
OverheadActual   8: 6198736 op, 25068635.00 ns, 4.0442 ns/op
OverheadActual   9: 6198736 op, 25081825.00 ns, 4.0463 ns/op
OverheadActual  10: 6198736 op, 25085421.00 ns, 4.0469 ns/op

WorkloadWarmup   1: 6198736 op, 268515151.00 ns, 43.3177 ns/op
WorkloadWarmup   2: 6198736 op, 253736807.00 ns, 40.9336 ns/op
WorkloadWarmup   3: 6198736 op, 247312885.00 ns, 39.8973 ns/op
WorkloadWarmup   4: 6198736 op, 239860137.00 ns, 38.6950 ns/op
WorkloadWarmup   5: 6198736 op, 248604366.00 ns, 40.1057 ns/op

// BeforeActualRun
WorkloadActual   1: 6198736 op, 252347508.00 ns, 40.7095 ns/op
WorkloadActual   2: 6198736 op, 243769921.00 ns, 39.3257 ns/op
WorkloadActual   3: 6198736 op, 250530898.00 ns, 40.4164 ns/op
WorkloadActual   4: 6198736 op, 249504296.00 ns, 40.2508 ns/op
WorkloadActual   5: 6198736 op, 249985669.00 ns, 40.3285 ns/op
WorkloadActual   6: 6198736 op, 249735843.00 ns, 40.2882 ns/op
WorkloadActual   7: 6198736 op, 252585796.00 ns, 40.7480 ns/op
WorkloadActual   8: 6198736 op, 249208842.00 ns, 40.2032 ns/op

// AfterActualRun
WorkloadResult   1: 6198736 op, 226910914.50 ns, 36.6060 ns/op
WorkloadResult   2: 6198736 op, 218333327.50 ns, 35.2222 ns/op
WorkloadResult   3: 6198736 op, 225094304.50 ns, 36.3129 ns/op
WorkloadResult   4: 6198736 op, 224067702.50 ns, 36.1473 ns/op
WorkloadResult   5: 6198736 op, 224549075.50 ns, 36.2250 ns/op
WorkloadResult   6: 6198736 op, 224299249.50 ns, 36.1847 ns/op
WorkloadResult   7: 6198736 op, 227149202.50 ns, 36.6444 ns/op
WorkloadResult   8: 6198736 op, 223772248.50 ns, 36.0997 ns/op
// GC:  53 0 0 892617984 6198736
// Threading:  0 0 6198736

// AfterAll
// Benchmark Process 4318 has exited with code 0.

Mean = 36.180 ns, StdErr = 0.155 ns (0.43%), N = 8, StdDev = 0.438 ns
Min = 35.222 ns, Q1 = 36.135 ns, Median = 36.205 ns, Q3 = 36.386 ns, Max = 36.644 ns
IQR = 0.251 ns, LowerFence = 35.759 ns, UpperFence = 36.762 ns
ConfidenceInterval = [35.343 ns; 37.017 ns] (CI 99.9%), Margin = 0.837 ns (2.31% of Mean)
Skewness = -1.04, Kurtosis = 3.14, MValue = 2

// ** Remained 11 (28.9 %) benchmark(s) to run. Estimated finish 2026-08-03 10:15 (0h 1m from now) **
// **************************
// Benchmark: PolymorphicMapping.Mapster: Quick(MaxRelativeError=0.05, Arguments=/p:MatrixMode=Benchmark, IterationTime=250ms, MaxIterationCount=12, MaxWarmupIterationCount=5, MinIterationCount=8, MinWarmupIterationCount=3)
// *** Execute ***
// Launch: 1 / 1
// Execute: dotnet Matrix.ObjectMapping-Quick-1.dll --anonymousPipes 129 130 --benchmarkName Matrix.ObjectMapping.Benchmarks.PolymorphicMapping.Mapster --job Quick --benchmarkId 27 in /home/runner/work/dotnet-matrix/dotnet-matrix/src/Matrix.ObjectMapping/bin/Benchmark/Release/net10.0/Matrix.ObjectMapping-Quick-1/bin/Release/net10.0
// Failed to set up high priority (Permission denied). In order to run benchmarks with high priority, make sure you have the right permissions.
// BeforeAnythingElse

// Benchmark Process Environment Information:
// BenchmarkDotNet v0.15.8
// Runtime=.NET 10.0.10 (10.0.10, 10.0.1026.32716), X64 RyuJIT x86-64-v3
// GC=Concurrent Workstation
// HardwareIntrinsics=AVX2+BMI1+BMI2+F16C+FMA+LZCNT+MOVBE,AVX,SSE3+SSSE3+SSE4.1+SSE4.2+POPCNT,X86Base+SSE+SSE2,AES+PCLMUL VectorSize=256
// Job: Quick(MaxRelativeError=0.05, IterationTime=250ms, MaxIterationCount=12, MaxWarmupIterationCount=5, MinIterationCount=8, MinWarmupIterationCount=3)

OverheadJitting  1: 1 op, 255705.00 ns, 255.7050 us/op
WorkloadJitting  1: 1 op, 3612968.00 ns, 3.6130 ms/op

OverheadJitting  2: 16 op, 746141.00 ns, 46.6338 us/op
WorkloadJitting  2: 16 op, 522284.00 ns, 32.6428 us/op

WorkloadPilot    1: 16 op, 14131.00 ns, 883.1875 ns/op
WorkloadPilot    2: 283072 op, 164956570.00 ns, 582.7371 ns/op
WorkloadPilot    3: 429024 op, 68918298.00 ns, 160.6397 ns/op
WorkloadPilot    4: 1556288 op, 215265633.00 ns, 138.3199 ns/op
WorkloadPilot    5: 1807408 op, 247548217.00 ns, 136.9631 ns/op
WorkloadPilot    6: 1825312 op, 251367415.00 ns, 137.7120 ns/op
WorkloadPilot    7: 1815392 op, 249326669.00 ns, 137.3404 ns/op
WorkloadPilot    8: 1820304 op, 250448886.00 ns, 137.5863 ns/op
WorkloadPilot    9: 1817056 op, 249661282.00 ns, 137.3988 ns/op
WorkloadPilot   10: 1819536 op, 249976285.00 ns, 137.3846 ns/op
WorkloadPilot   11: 1819712 op, 250565631.00 ns, 137.6952 ns/op

OverheadWarmup   1: 1819712 op, 8719401.00 ns, 4.7916 ns/op
OverheadWarmup   2: 1819712 op, 8736446.00 ns, 4.8010 ns/op
OverheadWarmup   3: 1819712 op, 8681524.00 ns, 4.7708 ns/op
OverheadWarmup   4: 1819712 op, 8678930.00 ns, 4.7694 ns/op
OverheadWarmup   5: 1819712 op, 8688595.00 ns, 4.7747 ns/op
OverheadWarmup   6: 1819712 op, 8687212.00 ns, 4.7739 ns/op

OverheadActual   1: 1819712 op, 8691378.00 ns, 4.7762 ns/op
OverheadActual   2: 1819712 op, 8683757.00 ns, 4.7721 ns/op
OverheadActual   3: 1819712 op, 8677628.00 ns, 4.7687 ns/op
OverheadActual   4: 1819712 op, 8700302.00 ns, 4.7811 ns/op
OverheadActual   5: 1819712 op, 8692651.00 ns, 4.7769 ns/op
OverheadActual   6: 1819712 op, 8718299.00 ns, 4.7910 ns/op
OverheadActual   7: 1819712 op, 8711649.00 ns, 4.7874 ns/op
OverheadActual   8: 1819712 op, 8735044.00 ns, 4.8002 ns/op

WorkloadWarmup   1: 1819712 op, 260280347.00 ns, 143.0338 ns/op
WorkloadWarmup   2: 1819712 op, 252222099.00 ns, 138.6055 ns/op
WorkloadWarmup   3: 1819712 op, 250277547.00 ns, 137.5369 ns/op
WorkloadWarmup   4: 1819712 op, 249897517.00 ns, 137.3281 ns/op
WorkloadWarmup   5: 1819712 op, 250387753.00 ns, 137.5975 ns/op

// BeforeActualRun
WorkloadActual   1: 1819712 op, 253531466.00 ns, 139.3251 ns/op
WorkloadActual   2: 1819712 op, 251959464.00 ns, 138.4612 ns/op
WorkloadActual   3: 1819712 op, 252479286.00 ns, 138.7468 ns/op
WorkloadActual   4: 1819712 op, 249949134.00 ns, 137.3564 ns/op
WorkloadActual   5: 1819712 op, 261957436.00 ns, 143.9554 ns/op
WorkloadActual   6: 1819712 op, 251148807.00 ns, 138.0157 ns/op
WorkloadActual   7: 1819712 op, 250321364.00 ns, 137.5610 ns/op
WorkloadActual   8: 1819712 op, 250708707.00 ns, 137.7738 ns/op

// AfterActualRun
WorkloadResult   1: 1819712 op, 244834989.50 ns, 134.5460 ns/op
WorkloadResult   2: 1819712 op, 243262987.50 ns, 133.6821 ns/op
WorkloadResult   3: 1819712 op, 243782809.50 ns, 133.9678 ns/op
WorkloadResult   4: 1819712 op, 241252657.50 ns, 132.5774 ns/op
WorkloadResult   5: 1819712 op, 242452330.50 ns, 133.2366 ns/op
WorkloadResult   6: 1819712 op, 241624887.50 ns, 132.7819 ns/op
WorkloadResult   7: 1819712 op, 242012230.50 ns, 132.9948 ns/op
// GC:  15 0 0 262038528 1819712
// Threading:  0 0 1819712

// AfterAll
// Benchmark Process 4329 has exited with code 0.

Mean = 133.398 ns, StdErr = 0.266 ns (0.20%), N = 7, StdDev = 0.703 ns
Min = 132.577 ns, Q1 = 132.888 ns, Median = 133.237 ns, Q3 = 133.825 ns, Max = 134.546 ns
IQR = 0.937 ns, LowerFence = 131.483 ns, UpperFence = 135.230 ns
ConfidenceInterval = [131.815 ns; 134.981 ns] (CI 99.9%), Margin = 1.583 ns (1.19% of Mean)
Skewness = 0.36, Kurtosis = 1.45, MValue = 2

// ** Remained 10 (26.3 %) benchmark(s) to run. Estimated finish 2026-08-03 10:15 (0h 1m from now) **
// ***** BenchmarkRunner: Finish  *****

// * Export *
  tmp/dotnet-matrix/ObjectMapping/15a28129182e4bac80f707538729aa14/results/Matrix.ObjectMapping.Benchmarks.PolymorphicMapping-report.csv
  tmp/dotnet-matrix/ObjectMapping/15a28129182e4bac80f707538729aa14/results/Matrix.ObjectMapping.Benchmarks.PolymorphicMapping-report-github.md
  tmp/dotnet-matrix/ObjectMapping/15a28129182e4bac80f707538729aa14/results/Matrix.ObjectMapping.Benchmarks.PolymorphicMapping-report.html
  tmp/dotnet-matrix/ObjectMapping/15a28129182e4bac80f707538729aa14/results/Matrix.ObjectMapping.Benchmarks.PolymorphicMapping-report-full.json

// * Detailed results *
PolymorphicMapping.Mapperly: Quick(MaxRelativeError=0.05, Arguments=/p:MatrixMode=Benchmark, IterationTime=250ms, MaxIterationCount=12, MaxWarmupIterationCount=5, MinIterationCount=8, MinWarmupIterationCount=3)
Runtime = .NET 10.0.10 (10.0.10, 10.0.1026.32716), X64 RyuJIT x86-64-v3; GC = Concurrent Workstation
Mean = 36.180 ns, StdErr = 0.155 ns (0.43%), N = 8, StdDev = 0.438 ns
Min = 35.222 ns, Q1 = 36.135 ns, Median = 36.205 ns, Q3 = 36.386 ns, Max = 36.644 ns
IQR = 0.251 ns, LowerFence = 35.759 ns, UpperFence = 36.762 ns
ConfidenceInterval = [35.343 ns; 37.017 ns] (CI 99.9%), Margin = 0.837 ns (2.31% of Mean)
Skewness = -1.04, Kurtosis = 3.14, MValue = 2
-------------------- Histogram --------------------
[34.935 ns ; 36.736 ns) | @@@@@@@@
---------------------------------------------------

PolymorphicMapping.HandCoded: Quick(MaxRelativeError=0.05, Arguments=/p:MatrixMode=Benchmark, IterationTime=250ms, MaxIterationCount=12, MaxWarmupIterationCount=5, MinIterationCount=8, MinWarmupIterationCount=3)
Runtime = .NET 10.0.10 (10.0.10, 10.0.1026.32716), X64 RyuJIT x86-64-v3; GC = Concurrent Workstation
Mean = 37.508 ns, StdErr = 0.129 ns (0.34%), N = 8, StdDev = 0.365 ns
Min = 36.934 ns, Q1 = 37.313 ns, Median = 37.592 ns, Q3 = 37.648 ns, Max = 38.113 ns
IQR = 0.335 ns, LowerFence = 36.811 ns, UpperFence = 38.151 ns
ConfidenceInterval = [36.810 ns; 38.206 ns] (CI 99.9%), Margin = 0.698 ns (1.86% of Mean)
Skewness = -0.04, Kurtosis = 1.88, MValue = 2
-------------------- Histogram --------------------
[36.695 ns ; 38.353 ns) | @@@@@@@@
---------------------------------------------------

PolymorphicMapping.Mapster: Quick(MaxRelativeError=0.05, Arguments=/p:MatrixMode=Benchmark, IterationTime=250ms, MaxIterationCount=12, MaxWarmupIterationCount=5, MinIterationCount=8, MinWarmupIterationCount=3)
Runtime = .NET 10.0.10 (10.0.10, 10.0.1026.32716), X64 RyuJIT x86-64-v3; GC = Concurrent Workstation
Mean = 133.398 ns, StdErr = 0.266 ns (0.20%), N = 7, StdDev = 0.703 ns
Min = 132.577 ns, Q1 = 132.888 ns, Median = 133.237 ns, Q3 = 133.825 ns, Max = 134.546 ns
IQR = 0.937 ns, LowerFence = 131.483 ns, UpperFence = 135.230 ns
ConfidenceInterval = [131.815 ns; 134.981 ns] (CI 99.9%), Margin = 1.583 ns (1.19% of Mean)
Skewness = 0.36, Kurtosis = 1.45, MValue = 2
-------------------- Histogram --------------------
[132.095 ns ; 135.028 ns) | @@@@@@@
---------------------------------------------------

PolymorphicMapping.AutoMapper: Quick(MaxRelativeError=0.05, Arguments=/p:MatrixMode=Benchmark, IterationTime=250ms, MaxIterationCount=12, MaxWarmupIterationCount=5, MinIterationCount=8, MinWarmupIterationCount=3)
Runtime = .NET 10.0.10 (10.0.10, 10.0.1026.32716), X64 RyuJIT x86-64-v3; GC = Concurrent Workstation
Mean = 317.070 ns, StdErr = 0.094 ns (0.03%), N = 7, StdDev = 0.249 ns
Min = 316.820 ns, Q1 = 316.892 ns, Median = 316.988 ns, Q3 = 317.215 ns, Max = 317.468 ns
IQR = 0.323 ns, LowerFence = 316.407 ns, UpperFence = 317.700 ns
ConfidenceInterval = [316.508 ns; 317.632 ns] (CI 99.9%), Margin = 0.562 ns (0.18% of Mean)
Skewness = 0.54, Kurtosis = 1.4, MValue = 2
-------------------- Histogram --------------------
[316.649 ns ; 317.640 ns) | @@@@@@@
---------------------------------------------------

// * Summary *

BenchmarkDotNet v0.15.8, Linux Ubuntu 24.04.4 LTS (Noble Numbat)
AMD EPYC 9V74 2.60GHz, 1 CPU, 4 logical and 2 physical cores
.NET SDK 10.0.302
  [Host] : .NET 10.0.10 (10.0.10, 10.0.1026.32716), X64 RyuJIT x86-64-v3
  Quick  : .NET 10.0.10 (10.0.10, 10.0.1026.32716), X64 RyuJIT x86-64-v3

Job=Quick  MaxRelativeError=0.05  Arguments=/p:MatrixMode=Benchmark  
IterationTime=250ms  MaxIterationCount=12  MaxWarmupIterationCount=5  
MinIterationCount=8  MinWarmupIterationCount=3  

| Method     | Mean      | Error    | StdDev   | Ratio | RatioSD | Gen0   | Allocated | Alloc Ratio |
|----------- |----------:|---------:|---------:|------:|--------:|-------:|----------:|------------:|
| Mapperly   |  36.18 ns | 0.837 ns | 0.438 ns |  0.96 |    0.01 | 0.0086 |     144 B |        1.00 |
| HandCoded  |  37.51 ns | 0.698 ns | 0.365 ns |  1.00 |    0.01 | 0.0086 |     144 B |        1.00 |
| Mapster    | 133.40 ns | 1.583 ns | 0.703 ns |  3.56 |    0.04 | 0.0082 |     144 B |        1.00 |
| AutoMapper | 317.07 ns | 0.562 ns | 0.249 ns |  8.45 |    0.08 | 0.0077 |     144 B |        1.00 |

// * Hints *
Outliers
  PolymorphicMapping.Mapperly: Quick   -> 1 outlier  was  detected (39.33 ns)
  PolymorphicMapping.Mapster: Quick    -> 1 outlier  was  removed (143.96 ns)
  PolymorphicMapping.AutoMapper: Quick -> 1 outlier  was  removed (325.38 ns)

// * Legends *
  Mean        : Arithmetic mean of all measurements
  Error       : Half of 99.9% confidence interval
  StdDev      : Standard deviation of all measurements
  Ratio       : Mean of the ratio distribution ([Current]/[Baseline])
  RatioSD     : Standard deviation of the ratio distribution ([Current]/[Baseline])
  Gen0        : GC Generation 0 collects per 1000 operations
  Allocated   : Allocated memory per single operation (managed only, inclusive, 1KB = 1024B)
  Alloc Ratio : Allocated memory ratio distribution ([Current]/[Baseline])
  1 ns        : 1 Nanosecond (0.000000001 sec)

// * Diagnostic Output - MemoryDiagnoser *


// ***** BenchmarkRunner: End *****
Run time: 00:00:24 (24.04 sec), executed benchmarks: 4

// Found 4 benchmarks:
//   PrepareAndSimpleMap.AutoMapper: Quick(MaxRelativeError=0.05, Arguments=/p:MatrixMode=Benchmark, IterationTime=250ms, MaxIterationCount=12, MaxWarmupIterationCount=5, MinIterationCount=8, MinWarmupIterationCount=3)
//   PrepareAndSimpleMap.HandCoded: Quick(MaxRelativeError=0.05, Arguments=/p:MatrixMode=Benchmark, IterationTime=250ms, MaxIterationCount=12, MaxWarmupIterationCount=5, MinIterationCount=8, MinWarmupIterationCount=3)
//   PrepareAndSimpleMap.Mapperly: Quick(MaxRelativeError=0.05, Arguments=/p:MatrixMode=Benchmark, IterationTime=250ms, MaxIterationCount=12, MaxWarmupIterationCount=5, MinIterationCount=8, MinWarmupIterationCount=3)
//   PrepareAndSimpleMap.Mapster: Quick(MaxRelativeError=0.05, Arguments=/p:MatrixMode=Benchmark, IterationTime=250ms, MaxIterationCount=12, MaxWarmupIterationCount=5, MinIterationCount=8, MinWarmupIterationCount=3)

// **************************
// Benchmark: PrepareAndSimpleMap.AutoMapper: Quick(MaxRelativeError=0.05, Arguments=/p:MatrixMode=Benchmark, IterationTime=250ms, MaxIterationCount=12, MaxWarmupIterationCount=5, MinIterationCount=8, MinWarmupIterationCount=3)
// *** Execute ***
// Launch: 1 / 1
// Execute: dotnet Matrix.ObjectMapping-Quick-1.dll --anonymousPipes 129 130 --benchmarkName Matrix.ObjectMapping.Benchmarks.PrepareAndSimpleMap.AutoMapper --job Quick --benchmarkId 28 in /home/runner/work/dotnet-matrix/dotnet-matrix/src/Matrix.ObjectMapping/bin/Benchmark/Release/net10.0/Matrix.ObjectMapping-Quick-1/bin/Release/net10.0
// Failed to set up high priority (Permission denied). In order to run benchmarks with high priority, make sure you have the right permissions.
// BeforeAnythingElse

// Benchmark Process Environment Information:
// BenchmarkDotNet v0.15.8
// Runtime=.NET 10.0.10 (10.0.10, 10.0.1026.32716), X64 RyuJIT x86-64-v3
// GC=Concurrent Workstation
// HardwareIntrinsics=AVX2+BMI1+BMI2+F16C+FMA+LZCNT+MOVBE,AVX,SSE3+SSSE3+SSE4.1+SSE4.2+POPCNT,X86Base+SSE+SSE2,AES+PCLMUL VectorSize=256
// Job: Quick(MaxRelativeError=0.05, IterationTime=250ms, MaxIterationCount=12, MaxWarmupIterationCount=5, MinIterationCount=8, MinWarmupIterationCount=3)

OverheadJitting  1: 1 op, 251668.00 ns, 251.6680 us/op
WorkloadJitting  1: 1 op, 115477674.00 ns, 115.4777 ms/op

WorkloadPilot    1: 4 op, 58161953.00 ns, 14.5405 ms/op
WorkloadPilot    2: 17 op, 262974959.00 ns, 15.4691 ms/op

WorkloadWarmup   1: 17 op, 261251570.00 ns, 15.3677 ms/op
WorkloadWarmup   2: 17 op, 252613460.00 ns, 14.8596 ms/op
WorkloadWarmup   3: 17 op, 250370660.00 ns, 14.7277 ms/op
WorkloadWarmup   4: 17 op, 253421975.00 ns, 14.9072 ms/op
WorkloadWarmup   5: 17 op, 256364957.00 ns, 15.0803 ms/op

// BeforeActualRun
WorkloadActual   1: 17 op, 261203346.00 ns, 15.3649 ms/op
WorkloadActual   2: 17 op, 256667772.00 ns, 15.0981 ms/op
WorkloadActual   3: 17 op, 265523348.00 ns, 15.6190 ms/op
WorkloadActual   4: 17 op, 258179443.00 ns, 15.1870 ms/op
WorkloadActual   5: 17 op, 243901199.00 ns, 14.3471 ms/op
WorkloadActual   6: 17 op, 243766727.00 ns, 14.3392 ms/op
WorkloadActual   7: 17 op, 241955015.00 ns, 14.2326 ms/op
WorkloadActual   8: 17 op, 237928064.00 ns, 13.9958 ms/op
WorkloadActual   9: 17 op, 237248794.00 ns, 13.9558 ms/op
WorkloadActual  10: 17 op, 237867153.00 ns, 13.9922 ms/op
WorkloadActual  11: 17 op, 244238336.00 ns, 14.3670 ms/op
WorkloadActual  12: 17 op, 234050217.00 ns, 13.7677 ms/op

// AfterActualRun
WorkloadResult   1: 17 op, 261203346.00 ns, 15.3649 ms/op
WorkloadResult   2: 17 op, 256667772.00 ns, 15.0981 ms/op
WorkloadResult   3: 17 op, 265523348.00 ns, 15.6190 ms/op
WorkloadResult   4: 17 op, 258179443.00 ns, 15.1870 ms/op
WorkloadResult   5: 17 op, 243901199.00 ns, 14.3471 ms/op
WorkloadResult   6: 17 op, 243766727.00 ns, 14.3392 ms/op
WorkloadResult   7: 17 op, 241955015.00 ns, 14.2326 ms/op
WorkloadResult   8: 17 op, 237928064.00 ns, 13.9958 ms/op
WorkloadResult   9: 17 op, 237248794.00 ns, 13.9558 ms/op
WorkloadResult  10: 17 op, 237867153.00 ns, 13.9922 ms/op
WorkloadResult  11: 17 op, 244238336.00 ns, 14.3670 ms/op
WorkloadResult  12: 17 op, 234050217.00 ns, 13.7677 ms/op
// GC:  0 0 0 11432352 17
// Threading:  0 0 17

// AfterAll
// Benchmark Process 4338 has exited with code 0.

Mean = 14.522 ms, StdErr = 0.181 ms (1.24%), N = 12, StdDev = 0.626 ms
Min = 13.768 ms, Q1 = 13.995 ms, Median = 14.343 ms, Q3 = 15.120 ms, Max = 15.619 ms
IQR = 1.125 ms, LowerFence = 12.307 ms, UpperFence = 16.809 ms
ConfidenceInterval = [13.721 ms; 15.324 ms] (CI 99.9%), Margin = 0.801 ms (5.52% of Mean)
Skewness = 0.5, Kurtosis = 1.55, MValue = 3

// ** Remained 9 (23.7 %) benchmark(s) to run. Estimated finish 2026-08-03 10:15 (0h 0m from now) **
// **************************
// Benchmark: PrepareAndSimpleMap.HandCoded: Quick(MaxRelativeError=0.05, Arguments=/p:MatrixMode=Benchmark, IterationTime=250ms, MaxIterationCount=12, MaxWarmupIterationCount=5, MinIterationCount=8, MinWarmupIterationCount=3)
// *** Execute ***
// Launch: 1 / 1
// Execute: dotnet Matrix.ObjectMapping-Quick-1.dll --anonymousPipes 129 130 --benchmarkName Matrix.ObjectMapping.Benchmarks.PrepareAndSimpleMap.HandCoded --job Quick --benchmarkId 29 in /home/runner/work/dotnet-matrix/dotnet-matrix/src/Matrix.ObjectMapping/bin/Benchmark/Release/net10.0/Matrix.ObjectMapping-Quick-1/bin/Release/net10.0
// Failed to set up high priority (Permission denied). In order to run benchmarks with high priority, make sure you have the right permissions.
// BeforeAnythingElse

// Benchmark Process Environment Information:
// BenchmarkDotNet v0.15.8
// Runtime=.NET 10.0.10 (10.0.10, 10.0.1026.32716), X64 RyuJIT x86-64-v3
// GC=Concurrent Workstation
// HardwareIntrinsics=AVX2+BMI1+BMI2+F16C+FMA+LZCNT+MOVBE,AVX,SSE3+SSSE3+SSE4.1+SSE4.2+POPCNT,X86Base+SSE+SSE2,AES+PCLMUL VectorSize=256
// Job: Quick(MaxRelativeError=0.05, IterationTime=250ms, MaxIterationCount=12, MaxWarmupIterationCount=5, MinIterationCount=8, MinWarmupIterationCount=3)

OverheadJitting  1: 1 op, 247292.00 ns, 247.2920 us/op
WorkloadJitting  1: 1 op, 489715.00 ns, 489.7150 us/op

OverheadJitting  2: 16 op, 503586.00 ns, 31.4741 us/op
WorkloadJitting  2: 16 op, 506381.00 ns, 31.6488 us/op

WorkloadPilot    1: 16 op, 11637.00 ns, 727.3125 ns/op
WorkloadPilot    2: 343744 op, 23704638.00 ns, 68.9602 ns/op
WorkloadPilot    3: 3625296 op, 138403692.00 ns, 38.1772 ns/op
WorkloadPilot    4: 6548416 op, 109180912.00 ns, 16.6729 ns/op
WorkloadPilot    5: 14994416 op, 204103300.00 ns, 13.6120 ns/op
WorkloadPilot    6: 18366224 op, 238360364.00 ns, 12.9782 ns/op
WorkloadPilot    7: 19263088 op, 253082695.00 ns, 13.1382 ns/op
WorkloadPilot    8: 19028464 op, 251455810.00 ns, 13.2147 ns/op
WorkloadPilot    9: 18918304 op, 258566776.00 ns, 13.6675 ns/op

OverheadWarmup   1: 18918304 op, 89819460.00 ns, 4.7478 ns/op
OverheadWarmup   2: 18918304 op, 89839841.00 ns, 4.7488 ns/op
OverheadWarmup   3: 18918304 op, 95425744.00 ns, 5.0441 ns/op
OverheadWarmup   4: 18918304 op, 69888983.00 ns, 3.6943 ns/op
OverheadWarmup   5: 18918304 op, 70254483.00 ns, 3.7136 ns/op
OverheadWarmup   6: 18918304 op, 69854571.00 ns, 3.6924 ns/op

OverheadActual   1: 18918304 op, 63159031.00 ns, 3.3385 ns/op
OverheadActual   2: 18918304 op, 63189627.00 ns, 3.3401 ns/op
OverheadActual   3: 18918304 op, 63243789.00 ns, 3.3430 ns/op
OverheadActual   4: 18918304 op, 63185390.00 ns, 3.3399 ns/op
OverheadActual   5: 18918304 op, 63207310.00 ns, 3.3411 ns/op
OverheadActual   6: 18918304 op, 69814247.00 ns, 3.6903 ns/op
OverheadActual   7: 18918304 op, 69921789.00 ns, 3.6960 ns/op
OverheadActual   8: 18918304 op, 69945865.00 ns, 3.6973 ns/op
OverheadActual   9: 18918304 op, 69804703.00 ns, 3.6898 ns/op
OverheadActual  10: 18918304 op, 69797182.00 ns, 3.6894 ns/op
OverheadActual  11: 18918304 op, 70246047.00 ns, 3.7131 ns/op
OverheadActual  12: 18918304 op, 70039976.00 ns, 3.7022 ns/op

WorkloadWarmup   1: 18918304 op, 262958190.00 ns, 13.8997 ns/op
WorkloadWarmup   2: 18918304 op, 257964857.00 ns, 13.6357 ns/op
WorkloadWarmup   3: 18918304 op, 256889512.00 ns, 13.5789 ns/op
WorkloadWarmup   4: 18918304 op, 250920398.00 ns, 13.2634 ns/op
WorkloadWarmup   5: 18918304 op, 248552676.00 ns, 13.1382 ns/op

// BeforeActualRun
WorkloadActual   1: 18918304 op, 256678245.00 ns, 13.5677 ns/op
WorkloadActual   2: 18918304 op, 249272377.00 ns, 13.1763 ns/op
WorkloadActual   3: 18918304 op, 256331172.00 ns, 13.5494 ns/op
WorkloadActual   4: 18918304 op, 253181190.00 ns, 13.3829 ns/op
WorkloadActual   5: 18918304 op, 255083739.00 ns, 13.4834 ns/op
WorkloadActual   6: 18918304 op, 254058949.00 ns, 13.4293 ns/op
WorkloadActual   7: 18918304 op, 246614564.00 ns, 13.0358 ns/op
WorkloadActual   8: 18918304 op, 254470447.00 ns, 13.4510 ns/op

// AfterActualRun
WorkloadResult   1: 18918304 op, 186877302.50 ns, 9.8781 ns/op
WorkloadResult   2: 18918304 op, 179471434.50 ns, 9.4867 ns/op
WorkloadResult   3: 18918304 op, 186530229.50 ns, 9.8598 ns/op
WorkloadResult   4: 18918304 op, 183380247.50 ns, 9.6933 ns/op
WorkloadResult   5: 18918304 op, 185282796.50 ns, 9.7938 ns/op
WorkloadResult   6: 18918304 op, 184258006.50 ns, 9.7397 ns/op
WorkloadResult   7: 18918304 op, 176813621.50 ns, 9.3462 ns/op
WorkloadResult   8: 18918304 op, 184669504.50 ns, 9.7614 ns/op
// GC:  63 0 0 1059425024 18918304
// Threading:  0 0 18918304

// AfterAll
// Benchmark Process 4684 has exited with code 0.

Mean = 9.695 ns, StdErr = 0.066 ns (0.68%), N = 8, StdDev = 0.186 ns
Min = 9.346 ns, Q1 = 9.642 ns, Median = 9.751 ns, Q3 = 9.810 ns, Max = 9.878 ns
IQR = 0.169 ns, LowerFence = 9.389 ns, UpperFence = 10.063 ns
ConfidenceInterval = [9.339 ns; 10.050 ns] (CI 99.9%), Margin = 0.355 ns (3.67% of Mean)
Skewness = -0.77, Kurtosis = 1.95, MValue = 2

// ** Remained 8 (21.1 %) benchmark(s) to run. Estimated finish 2026-08-03 10:15 (0h 0m from now) **
// **************************
// Benchmark: PrepareAndSimpleMap.Mapperly: Quick(MaxRelativeError=0.05, Arguments=/p:MatrixMode=Benchmark, IterationTime=250ms, MaxIterationCount=12, MaxWarmupIterationCount=5, MinIterationCount=8, MinWarmupIterationCount=3)
// *** Execute ***
// Launch: 1 / 1
// Execute: dotnet Matrix.ObjectMapping-Quick-1.dll --anonymousPipes 129 130 --benchmarkName Matrix.ObjectMapping.Benchmarks.PrepareAndSimpleMap.Mapperly --job Quick --benchmarkId 30 in /home/runner/work/dotnet-matrix/dotnet-matrix/src/Matrix.ObjectMapping/bin/Benchmark/Release/net10.0/Matrix.ObjectMapping-Quick-1/bin/Release/net10.0
// Failed to set up high priority (Permission denied). In order to run benchmarks with high priority, make sure you have the right permissions.
// BeforeAnythingElse

// Benchmark Process Environment Information:
// BenchmarkDotNet v0.15.8
// Runtime=.NET 10.0.10 (10.0.10, 10.0.1026.32716), X64 RyuJIT x86-64-v3
// GC=Concurrent Workstation
// HardwareIntrinsics=AVX2+BMI1+BMI2+F16C+FMA+LZCNT+MOVBE,AVX,SSE3+SSSE3+SSE4.1+SSE4.2+POPCNT,X86Base+SSE+SSE2,AES+PCLMUL VectorSize=256
// Job: Quick(MaxRelativeError=0.05, IterationTime=250ms, MaxIterationCount=12, MaxWarmupIterationCount=5, MinIterationCount=8, MinWarmupIterationCount=3)

OverheadJitting  1: 1 op, 258228.00 ns, 258.2280 us/op
WorkloadJitting  1: 1 op, 498209.00 ns, 498.2090 us/op

OverheadJitting  2: 16 op, 523437.00 ns, 32.7148 us/op
WorkloadJitting  2: 16 op, 519540.00 ns, 32.4713 us/op

WorkloadPilot    1: 16 op, 3125.00 ns, 195.3125 ns/op
WorkloadPilot    2: 1280000 op, 55702024.00 ns, 43.5172 ns/op
WorkloadPilot    3: 5744864 op, 165276517.00 ns, 28.7694 ns/op
WorkloadPilot    4: 8689792 op, 112027624.00 ns, 12.8919 ns/op
WorkloadPilot    5: 19392080 op, 254028363.00 ns, 13.0996 ns/op
WorkloadPilot    6: 19084576 op, 251314145.00 ns, 13.1684 ns/op
WorkloadPilot    7: 18984784 op, 255681717.00 ns, 13.4677 ns/op

OverheadWarmup   1: 18984784 op, 83631268.00 ns, 4.4052 ns/op
OverheadWarmup   2: 18984784 op, 96870600.00 ns, 5.1025 ns/op
OverheadWarmup   3: 18984784 op, 88899273.00 ns, 4.6827 ns/op
OverheadWarmup   4: 18984784 op, 70053036.00 ns, 3.6900 ns/op
OverheadWarmup   5: 18984784 op, 70076732.00 ns, 3.6912 ns/op
OverheadWarmup   6: 18984784 op, 70145194.00 ns, 3.6948 ns/op
OverheadWarmup   7: 18984784 op, 70046056.00 ns, 3.6896 ns/op

OverheadActual   1: 18984784 op, 63354262.00 ns, 3.3371 ns/op
OverheadActual   2: 18984784 op, 63424797.00 ns, 3.3408 ns/op
OverheadActual   3: 18984784 op, 63556906.00 ns, 3.3478 ns/op
OverheadActual   4: 18984784 op, 63398117.00 ns, 3.3394 ns/op
OverheadActual   5: 18984784 op, 63424968.00 ns, 3.3408 ns/op
OverheadActual   6: 18984784 op, 63347701.00 ns, 3.3368 ns/op
OverheadActual   7: 18984784 op, 63487572.00 ns, 3.3441 ns/op
OverheadActual   8: 18984784 op, 70225936.00 ns, 3.6991 ns/op

WorkloadWarmup   1: 18984784 op, 261541832.00 ns, 13.7764 ns/op
WorkloadWarmup   2: 18984784 op, 261931988.00 ns, 13.7969 ns/op
WorkloadWarmup   3: 18984784 op, 256859387.00 ns, 13.5298 ns/op
WorkloadWarmup   4: 18984784 op, 240501158.00 ns, 12.6681 ns/op
WorkloadWarmup   5: 18984784 op, 246820934.00 ns, 13.0010 ns/op

// BeforeActualRun
WorkloadActual   1: 18984784 op, 254293381.00 ns, 13.3946 ns/op
WorkloadActual   2: 18984784 op, 250395386.00 ns, 13.1893 ns/op
WorkloadActual   3: 18984784 op, 255366475.00 ns, 13.4511 ns/op
WorkloadActual   4: 18984784 op, 249210716.00 ns, 13.1269 ns/op
WorkloadActual   5: 18984784 op, 249448825.00 ns, 13.1394 ns/op
WorkloadActual   6: 18984784 op, 251368969.00 ns, 13.2405 ns/op
WorkloadActual   7: 18984784 op, 249443176.00 ns, 13.1391 ns/op
WorkloadActual   8: 18984784 op, 249797899.00 ns, 13.1578 ns/op

// AfterActualRun
WorkloadResult   1: 18984784 op, 190868498.50 ns, 10.0538 ns/op
WorkloadResult   2: 18984784 op, 186970503.50 ns, 9.8484 ns/op
WorkloadResult   3: 18984784 op, 191941592.50 ns, 10.1103 ns/op
WorkloadResult   4: 18984784 op, 185785833.50 ns, 9.7860 ns/op
WorkloadResult   5: 18984784 op, 186023942.50 ns, 9.7986 ns/op
WorkloadResult   6: 18984784 op, 187944086.50 ns, 9.8997 ns/op
WorkloadResult   7: 18984784 op, 186018293.50 ns, 9.7983 ns/op
WorkloadResult   8: 18984784 op, 186373016.50 ns, 9.8170 ns/op
// GC:  63 0 0 1063147904 18984784
// Threading:  0 0 18984784

// AfterAll
// Benchmark Process 4693 has exited with code 0.

Mean = 9.889 ns, StdErr = 0.044 ns (0.45%), N = 8, StdDev = 0.125 ns
Min = 9.786 ns, Q1 = 9.799 ns, Median = 9.833 ns, Q3 = 9.938 ns, Max = 10.110 ns
IQR = 0.140 ns, LowerFence = 9.589 ns, UpperFence = 10.148 ns
ConfidenceInterval = [9.649 ns; 10.129 ns] (CI 99.9%), Margin = 0.240 ns (2.42% of Mean)
Skewness = 0.78, Kurtosis = 1.72, MValue = 2

// ** Remained 7 (18.4 %) benchmark(s) to run. Estimated finish 2026-08-03 10:15 (0h 0m from now) **
// **************************
// Benchmark: PrepareAndSimpleMap.Mapster: Quick(MaxRelativeError=0.05, Arguments=/p:MatrixMode=Benchmark, IterationTime=250ms, MaxIterationCount=12, MaxWarmupIterationCount=5, MinIterationCount=8, MinWarmupIterationCount=3)
// *** Execute ***
// Launch: 1 / 1
// Execute: dotnet Matrix.ObjectMapping-Quick-1.dll --anonymousPipes 129 130 --benchmarkName Matrix.ObjectMapping.Benchmarks.PrepareAndSimpleMap.Mapster --job Quick --benchmarkId 31 in /home/runner/work/dotnet-matrix/dotnet-matrix/src/Matrix.ObjectMapping/bin/Benchmark/Release/net10.0/Matrix.ObjectMapping-Quick-1/bin/Release/net10.0
// Failed to set up high priority (Permission denied). In order to run benchmarks with high priority, make sure you have the right permissions.
// BeforeAnythingElse

// Benchmark Process Environment Information:
// BenchmarkDotNet v0.15.8
// Runtime=.NET 10.0.10 (10.0.10, 10.0.1026.32716), X64 RyuJIT x86-64-v3
// GC=Concurrent Workstation
// HardwareIntrinsics=AVX2+BMI1+BMI2+F16C+FMA+LZCNT+MOVBE,AVX,SSE3+SSSE3+SSE4.1+SSE4.2+POPCNT,X86Base+SSE+SSE2,AES+PCLMUL VectorSize=256
// Job: Quick(MaxRelativeError=0.05, IterationTime=250ms, MaxIterationCount=12, MaxWarmupIterationCount=5, MinIterationCount=8, MinWarmupIterationCount=3)

OverheadJitting  1: 1 op, 275514.00 ns, 275.5140 us/op
WorkloadJitting  1: 1 op, 133262035.00 ns, 133.2620 ms/op

WorkloadPilot    1: 4 op, 96236734.00 ns, 24.0592 ms/op
WorkloadPilot    2: 10 op, 242346839.00 ns, 24.2347 ms/op

WorkloadWarmup   1: 10 op, 239756822.00 ns, 23.9757 ms/op
WorkloadWarmup   2: 10 op, 231493296.00 ns, 23.1493 ms/op
WorkloadWarmup   3: 10 op, 248400309.00 ns, 24.8400 ms/op
WorkloadWarmup   4: 10 op, 246684291.00 ns, 24.6684 ms/op
WorkloadWarmup   5: 10 op, 248090283.00 ns, 24.8090 ms/op

// BeforeActualRun
WorkloadActual   1: 10 op, 254076187.00 ns, 25.4076 ms/op
WorkloadActual   2: 10 op, 253865009.00 ns, 25.3865 ms/op
WorkloadActual   3: 10 op, 259168057.00 ns, 25.9168 ms/op
WorkloadActual   4: 10 op, 253688644.00 ns, 25.3689 ms/op
WorkloadActual   5: 10 op, 250858042.00 ns, 25.0858 ms/op
WorkloadActual   6: 10 op, 253091497.00 ns, 25.3091 ms/op
WorkloadActual   7: 10 op, 250983390.00 ns, 25.0983 ms/op
WorkloadActual   8: 10 op, 250681266.00 ns, 25.0681 ms/op

// AfterActualRun
WorkloadResult   1: 10 op, 254076187.00 ns, 25.4076 ms/op
WorkloadResult   2: 10 op, 253865009.00 ns, 25.3865 ms/op
WorkloadResult   3: 10 op, 253688644.00 ns, 25.3689 ms/op
WorkloadResult   4: 10 op, 250858042.00 ns, 25.0858 ms/op
WorkloadResult   5: 10 op, 253091497.00 ns, 25.3091 ms/op
WorkloadResult   6: 10 op, 250983390.00 ns, 25.0983 ms/op
WorkloadResult   7: 10 op, 250681266.00 ns, 25.0681 ms/op
// GC:  1 0 0 28858568 10
// Threading:  0 0 10

// AfterAll
// Benchmark Process 4707 has exited with code 0.

Mean = 25.246 ms, StdErr = 0.059 ms (0.23%), N = 7, StdDev = 0.155 ms
Min = 25.068 ms, Q1 = 25.092 ms, Median = 25.309 ms, Q3 = 25.378 ms, Max = 25.408 ms
IQR = 0.286 ms, LowerFence = 24.664 ms, UpperFence = 25.806 ms
ConfidenceInterval = [24.897 ms; 25.595 ms] (CI 99.9%), Margin = 0.349 ms (1.38% of Mean)
Skewness = -0.15, Kurtosis = 0.86, MValue = 2

// ** Remained 6 (15.8 %) benchmark(s) to run. Estimated finish 2026-08-03 10:15 (0h 0m from now) **
// ***** BenchmarkRunner: Finish  *****

// * Export *
  tmp/dotnet-matrix/ObjectMapping/15a28129182e4bac80f707538729aa14/results/Matrix.ObjectMapping.Benchmarks.PrepareAndSimpleMap-report.csv
  tmp/dotnet-matrix/ObjectMapping/15a28129182e4bac80f707538729aa14/results/Matrix.ObjectMapping.Benchmarks.PrepareAndSimpleMap-report-github.md
  tmp/dotnet-matrix/ObjectMapping/15a28129182e4bac80f707538729aa14/results/Matrix.ObjectMapping.Benchmarks.PrepareAndSimpleMap-report.html
  tmp/dotnet-matrix/ObjectMapping/15a28129182e4bac80f707538729aa14/results/Matrix.ObjectMapping.Benchmarks.PrepareAndSimpleMap-report-full.json

// * Detailed results *
PrepareAndSimpleMap.HandCoded: Quick(MaxRelativeError=0.05, Arguments=/p:MatrixMode=Benchmark, IterationTime=250ms, MaxIterationCount=12, MaxWarmupIterationCount=5, MinIterationCount=8, MinWarmupIterationCount=3)
Runtime = .NET 10.0.10 (10.0.10, 10.0.1026.32716), X64 RyuJIT x86-64-v3; GC = Concurrent Workstation
Mean = 9.695 ns, StdErr = 0.066 ns (0.68%), N = 8, StdDev = 0.186 ns
Min = 9.346 ns, Q1 = 9.642 ns, Median = 9.751 ns, Q3 = 9.810 ns, Max = 9.878 ns
IQR = 0.169 ns, LowerFence = 9.389 ns, UpperFence = 10.063 ns
ConfidenceInterval = [9.339 ns; 10.050 ns] (CI 99.9%), Margin = 0.355 ns (3.67% of Mean)
Skewness = -0.77, Kurtosis = 1.95, MValue = 2
-------------------- Histogram --------------------
[9.294 ns ; 9.538 ns) | @@
[9.538 ns ; 9.908 ns) | @@@@@@
---------------------------------------------------

PrepareAndSimpleMap.Mapperly: Quick(MaxRelativeError=0.05, Arguments=/p:MatrixMode=Benchmark, IterationTime=250ms, MaxIterationCount=12, MaxWarmupIterationCount=5, MinIterationCount=8, MinWarmupIterationCount=3)
Runtime = .NET 10.0.10 (10.0.10, 10.0.1026.32716), X64 RyuJIT x86-64-v3; GC = Concurrent Workstation
Mean = 9.889 ns, StdErr = 0.044 ns (0.45%), N = 8, StdDev = 0.125 ns
Min = 9.786 ns, Q1 = 9.799 ns, Median = 9.833 ns, Q3 = 9.938 ns, Max = 10.110 ns
IQR = 0.140 ns, LowerFence = 9.589 ns, UpperFence = 10.148 ns
ConfidenceInterval = [9.649 ns; 10.129 ns] (CI 99.9%), Margin = 0.240 ns (2.42% of Mean)
Skewness = 0.78, Kurtosis = 1.72, MValue = 2
-------------------- Histogram --------------------
[9.744 ns ;  9.981 ns) | @@@@@@
[9.981 ns ; 10.193 ns) | @@
---------------------------------------------------

PrepareAndSimpleMap.AutoMapper: Quick(MaxRelativeError=0.05, Arguments=/p:MatrixMode=Benchmark, IterationTime=250ms, MaxIterationCount=12, MaxWarmupIterationCount=5, MinIterationCount=8, MinWarmupIterationCount=3)
Runtime = .NET 10.0.10 (10.0.10, 10.0.1026.32716), X64 RyuJIT x86-64-v3; GC = Concurrent Workstation
Mean = 14.522 ms, StdErr = 0.181 ms (1.24%), N = 12, StdDev = 0.626 ms
Min = 13.768 ms, Q1 = 13.995 ms, Median = 14.343 ms, Q3 = 15.120 ms, Max = 15.619 ms
IQR = 1.125 ms, LowerFence = 12.307 ms, UpperFence = 16.809 ms
ConfidenceInterval = [13.721 ms; 15.324 ms] (CI 99.9%), Margin = 0.801 ms (5.52% of Mean)
Skewness = 0.5, Kurtosis = 1.55, MValue = 3
-------------------- Histogram --------------------
[13.709 ms ; 14.426 ms) | @@@@@@@@
[14.426 ms ; 15.000 ms) | 
[15.000 ms ; 15.717 ms) | @@@@
---------------------------------------------------

PrepareAndSimpleMap.Mapster: Quick(MaxRelativeError=0.05, Arguments=/p:MatrixMode=Benchmark, IterationTime=250ms, MaxIterationCount=12, MaxWarmupIterationCount=5, MinIterationCount=8, MinWarmupIterationCount=3)
Runtime = .NET 10.0.10 (10.0.10, 10.0.1026.32716), X64 RyuJIT x86-64-v3; GC = Concurrent Workstation
Mean = 25.246 ms, StdErr = 0.059 ms (0.23%), N = 7, StdDev = 0.155 ms
Min = 25.068 ms, Q1 = 25.092 ms, Median = 25.309 ms, Q3 = 25.378 ms, Max = 25.408 ms
IQR = 0.286 ms, LowerFence = 24.664 ms, UpperFence = 25.806 ms
ConfidenceInterval = [24.897 ms; 25.595 ms] (CI 99.9%), Margin = 0.349 ms (1.38% of Mean)
Skewness = -0.15, Kurtosis = 0.86, MValue = 2
-------------------- Histogram --------------------
[24.962 ms ; 25.514 ms) | @@@@@@@
---------------------------------------------------

// * Summary *

BenchmarkDotNet v0.15.8, Linux Ubuntu 24.04.4 LTS (Noble Numbat)
AMD EPYC 9V74 2.60GHz, 1 CPU, 4 logical and 2 physical cores
.NET SDK 10.0.302
  [Host] : .NET 10.0.10 (10.0.10, 10.0.1026.32716), X64 RyuJIT x86-64-v3
  Quick  : .NET 10.0.10 (10.0.10, 10.0.1026.32716), X64 RyuJIT x86-64-v3

Job=Quick  MaxRelativeError=0.05  Arguments=/p:MatrixMode=Benchmark  
IterationTime=250ms  MaxIterationCount=12  MaxWarmupIterationCount=5  
MinIterationCount=8  MinWarmupIterationCount=3  

| Method     | Mean              | Error           | StdDev          | Ratio        | RatioSD   | Gen0     | Allocated | Alloc Ratio |
|----------- |------------------:|----------------:|----------------:|-------------:|----------:|---------:|----------:|------------:|
| HandCoded  |          9.695 ns |       0.3555 ns |       0.1859 ns |         1.00 |      0.03 |   0.0033 |      56 B |        1.00 |
| Mapperly   |          9.889 ns |       0.2398 ns |       0.1254 ns |         1.02 |      0.02 |   0.0033 |      56 B |        1.00 |
| AutoMapper | 14,522,203.010 ns | 801,477.2670 ns | 625,740.7313 ns | 1,498,417.91 | 67,959.43 |        - |  672491 B |   12,008.77 |
| Mapster    | 25,246,343.357 ns | 348,972.1960 ns | 154,945.8179 ns | 2,604,947.26 | 50,244.99 | 100.0000 | 2885857 B |   51,533.16 |

// * Hints *
Outliers
  PrepareAndSimpleMap.HandCoded: Quick -> 1 outlier  was  detected (13.04 ns)
  PrepareAndSimpleMap.Mapster: Quick   -> 1 outlier  was  removed (25.92 ms)

// * Legends *
  Mean        : Arithmetic mean of all measurements
  Error       : Half of 99.9% confidence interval
  StdDev      : Standard deviation of all measurements
  Ratio       : Mean of the ratio distribution ([Current]/[Baseline])
  RatioSD     : Standard deviation of the ratio distribution ([Current]/[Baseline])
  Gen0        : GC Generation 0 collects per 1000 operations
  Allocated   : Allocated memory per single operation (managed only, inclusive, 1KB = 1024B)
  Alloc Ratio : Allocated memory ratio distribution ([Current]/[Baseline])
  1 ns        : 1 Nanosecond (0.000000001 sec)

// * Diagnostic Output - MemoryDiagnoser *


// ***** BenchmarkRunner: End *****
Run time: 00:00:21 (21.88 sec), executed benchmarks: 4

// Found 2 benchmarks:
//   PrepareConfiguration.AutoMapper: Quick(MaxRelativeError=0.05, Arguments=/p:MatrixMode=Benchmark, IterationTime=250ms, MaxIterationCount=12, MaxWarmupIterationCount=5, MinIterationCount=8, MinWarmupIterationCount=3)
//   PrepareConfiguration.Mapster: Quick(MaxRelativeError=0.05, Arguments=/p:MatrixMode=Benchmark, IterationTime=250ms, MaxIterationCount=12, MaxWarmupIterationCount=5, MinIterationCount=8, MinWarmupIterationCount=3)

// **************************
// Benchmark: PrepareConfiguration.AutoMapper: Quick(MaxRelativeError=0.05, Arguments=/p:MatrixMode=Benchmark, IterationTime=250ms, MaxIterationCount=12, MaxWarmupIterationCount=5, MinIterationCount=8, MinWarmupIterationCount=3)
// *** Execute ***
// Launch: 1 / 1
// Execute: dotnet Matrix.ObjectMapping-Quick-1.dll --anonymousPipes 129 130 --benchmarkName Matrix.ObjectMapping.Benchmarks.PrepareConfiguration.AutoMapper --job Quick --benchmarkId 32 in /home/runner/work/dotnet-matrix/dotnet-matrix/src/Matrix.ObjectMapping/bin/Benchmark/Release/net10.0/Matrix.ObjectMapping-Quick-1/bin/Release/net10.0
// Failed to set up high priority (Permission denied). In order to run benchmarks with high priority, make sure you have the right permissions.
// BeforeAnythingElse

// Benchmark Process Environment Information:
// BenchmarkDotNet v0.15.8
// Runtime=.NET 10.0.10 (10.0.10, 10.0.1026.32716), X64 RyuJIT x86-64-v3
// GC=Concurrent Workstation
// HardwareIntrinsics=AVX2+BMI1+BMI2+F16C+FMA+LZCNT+MOVBE,AVX,SSE3+SSSE3+SSE4.1+SSE4.2+POPCNT,X86Base+SSE+SSE2,AES+PCLMUL VectorSize=256
// Job: Quick(MaxRelativeError=0.05, IterationTime=250ms, MaxIterationCount=12, MaxWarmupIterationCount=5, MinIterationCount=8, MinWarmupIterationCount=3)

OverheadJitting  1: 1 op, 264116.00 ns, 264.1160 us/op
WorkloadJitting  1: 1 op, 119404674.00 ns, 119.4047 ms/op

WorkloadPilot    1: 4 op, 55935383.00 ns, 13.9838 ms/op
WorkloadPilot    2: 18 op, 270997952.00 ns, 15.0554 ms/op

WorkloadWarmup   1: 18 op, 269871839.00 ns, 14.9929 ms/op
WorkloadWarmup   2: 18 op, 261686922.00 ns, 14.5382 ms/op
WorkloadWarmup   3: 18 op, 254794282.00 ns, 14.1552 ms/op
WorkloadWarmup   4: 18 op, 256374971.00 ns, 14.2431 ms/op
WorkloadWarmup   5: 18 op, 257971144.00 ns, 14.3317 ms/op

// BeforeActualRun
WorkloadActual   1: 18 op, 258804647.00 ns, 14.3780 ms/op
WorkloadActual   2: 18 op, 254020439.00 ns, 14.1122 ms/op
WorkloadActual   3: 18 op, 257397243.00 ns, 14.2998 ms/op
WorkloadActual   4: 18 op, 256376059.00 ns, 14.2431 ms/op
WorkloadActual   5: 18 op, 256820316.00 ns, 14.2678 ms/op
WorkloadActual   6: 18 op, 251520913.00 ns, 13.9734 ms/op
WorkloadActual   7: 18 op, 255178159.00 ns, 14.1766 ms/op
WorkloadActual   8: 18 op, 250988334.00 ns, 13.9438 ms/op

// AfterActualRun
WorkloadResult   1: 18 op, 258804647.00 ns, 14.3780 ms/op
WorkloadResult   2: 18 op, 254020439.00 ns, 14.1122 ms/op
WorkloadResult   3: 18 op, 257397243.00 ns, 14.2998 ms/op
WorkloadResult   4: 18 op, 256376059.00 ns, 14.2431 ms/op
WorkloadResult   5: 18 op, 256820316.00 ns, 14.2678 ms/op
WorkloadResult   6: 18 op, 251520913.00 ns, 13.9734 ms/op
WorkloadResult   7: 18 op, 255178159.00 ns, 14.1766 ms/op
WorkloadResult   8: 18 op, 250988334.00 ns, 13.9438 ms/op
// GC:  0 0 0 11509040 18
// Threading:  0 0 18

// AfterAll
// Benchmark Process 4717 has exited with code 0.

Mean = 14.174 ms, StdErr = 0.055 ms (0.39%), N = 8, StdDev = 0.155 ms
Min = 13.944 ms, Q1 = 14.078 ms, Median = 14.210 ms, Q3 = 14.276 ms, Max = 14.378 ms
IQR = 0.198 ms, LowerFence = 13.780 ms, UpperFence = 14.573 ms
ConfidenceInterval = [13.878 ms; 14.471 ms] (CI 99.9%), Margin = 0.296 ms (2.09% of Mean)
Skewness = -0.3, Kurtosis = 1.42, MValue = 2

// ** Remained 5 (13.2 %) benchmark(s) to run. Estimated finish 2026-08-03 10:15 (0h 0m from now) **
// **************************
// Benchmark: PrepareConfiguration.Mapster: Quick(MaxRelativeError=0.05, Arguments=/p:MatrixMode=Benchmark, IterationTime=250ms, MaxIterationCount=12, MaxWarmupIterationCount=5, MinIterationCount=8, MinWarmupIterationCount=3)
// *** Execute ***
// Launch: 1 / 1
// Execute: dotnet Matrix.ObjectMapping-Quick-1.dll --anonymousPipes 129 130 --benchmarkName Matrix.ObjectMapping.Benchmarks.PrepareConfiguration.Mapster --job Quick --benchmarkId 33 in /home/runner/work/dotnet-matrix/dotnet-matrix/src/Matrix.ObjectMapping/bin/Benchmark/Release/net10.0/Matrix.ObjectMapping-Quick-1/bin/Release/net10.0
// Failed to set up high priority (Permission denied). In order to run benchmarks with high priority, make sure you have the right permissions.
// BeforeAnythingElse

// Benchmark Process Environment Information:
// BenchmarkDotNet v0.15.8
// Runtime=.NET 10.0.10 (10.0.10, 10.0.1026.32716), X64 RyuJIT x86-64-v3
// GC=Concurrent Workstation
// HardwareIntrinsics=AVX2+BMI1+BMI2+F16C+FMA+LZCNT+MOVBE,AVX,SSE3+SSSE3+SSE4.1+SSE4.2+POPCNT,X86Base+SSE+SSE2,AES+PCLMUL VectorSize=256
// Job: Quick(MaxRelativeError=0.05, IterationTime=250ms, MaxIterationCount=12, MaxWarmupIterationCount=5, MinIterationCount=8, MinWarmupIterationCount=3)

OverheadJitting  1: 1 op, 274703.00 ns, 274.7030 us/op
WorkloadJitting  1: 1 op, 128337629.00 ns, 128.3376 ms/op

WorkloadPilot    1: 4 op, 91609194.00 ns, 22.9023 ms/op
WorkloadPilot    2: 11 op, 256027835.00 ns, 23.2753 ms/op

WorkloadWarmup   1: 11 op, 266743386.00 ns, 24.2494 ms/op
WorkloadWarmup   2: 11 op, 266785274.00 ns, 24.2532 ms/op
WorkloadWarmup   3: 11 op, 264698363.00 ns, 24.0635 ms/op
WorkloadWarmup   4: 11 op, 263446693.00 ns, 23.9497 ms/op
WorkloadWarmup   5: 11 op, 268381246.00 ns, 24.3983 ms/op

// BeforeActualRun
WorkloadActual   1: 11 op, 270001271.00 ns, 24.5456 ms/op
WorkloadActual   2: 11 op, 264198592.00 ns, 24.0181 ms/op
WorkloadActual   3: 11 op, 267671610.00 ns, 24.3338 ms/op
WorkloadActual   4: 11 op, 273448080.00 ns, 24.8589 ms/op
WorkloadActual   5: 11 op, 263435616.00 ns, 23.9487 ms/op
WorkloadActual   6: 11 op, 264560356.00 ns, 24.0509 ms/op
WorkloadActual   7: 11 op, 266519449.00 ns, 24.2290 ms/op
WorkloadActual   8: 11 op, 267170618.00 ns, 24.2882 ms/op

// AfterActualRun
WorkloadResult   1: 11 op, 270001271.00 ns, 24.5456 ms/op
WorkloadResult   2: 11 op, 264198592.00 ns, 24.0181 ms/op
WorkloadResult   3: 11 op, 267671610.00 ns, 24.3338 ms/op
WorkloadResult   4: 11 op, 273448080.00 ns, 24.8589 ms/op
WorkloadResult   5: 11 op, 263435616.00 ns, 23.9487 ms/op
WorkloadResult   6: 11 op, 264560356.00 ns, 24.0509 ms/op
WorkloadResult   7: 11 op, 266519449.00 ns, 24.2290 ms/op
WorkloadResult   8: 11 op, 267170618.00 ns, 24.2882 ms/op
// GC:  1 0 0 30009848 11
// Threading:  0 0 11

// AfterAll
// Benchmark Process 5005 has exited with code 0.

Mean = 24.284 ms, StdErr = 0.107 ms (0.44%), N = 8, StdDev = 0.303 ms
Min = 23.949 ms, Q1 = 24.043 ms, Median = 24.259 ms, Q3 = 24.387 ms, Max = 24.859 ms
IQR = 0.344 ms, LowerFence = 23.527 ms, UpperFence = 24.903 ms
ConfidenceInterval = [23.705 ms; 24.863 ms] (CI 99.9%), Margin = 0.579 ms (2.38% of Mean)
Skewness = 0.62, Kurtosis = 2, MValue = 2

// ** Remained 4 (10.5 %) benchmark(s) to run. Estimated finish 2026-08-03 10:15 (0h 0m from now) **
// ***** BenchmarkRunner: Finish  *****

// * Export *
  tmp/dotnet-matrix/ObjectMapping/15a28129182e4bac80f707538729aa14/results/Matrix.ObjectMapping.Benchmarks.PrepareConfiguration-report.csv
  tmp/dotnet-matrix/ObjectMapping/15a28129182e4bac80f707538729aa14/results/Matrix.ObjectMapping.Benchmarks.PrepareConfiguration-report-github.md
  tmp/dotnet-matrix/ObjectMapping/15a28129182e4bac80f707538729aa14/results/Matrix.ObjectMapping.Benchmarks.PrepareConfiguration-report.html
  tmp/dotnet-matrix/ObjectMapping/15a28129182e4bac80f707538729aa14/results/Matrix.ObjectMapping.Benchmarks.PrepareConfiguration-report-full.json

// * Detailed results *
PrepareConfiguration.AutoMapper: Quick(MaxRelativeError=0.05, Arguments=/p:MatrixMode=Benchmark, IterationTime=250ms, MaxIterationCount=12, MaxWarmupIterationCount=5, MinIterationCount=8, MinWarmupIterationCount=3)
Runtime = .NET 10.0.10 (10.0.10, 10.0.1026.32716), X64 RyuJIT x86-64-v3; GC = Concurrent Workstation
Mean = 14.174 ms, StdErr = 0.055 ms (0.39%), N = 8, StdDev = 0.155 ms
Min = 13.944 ms, Q1 = 14.078 ms, Median = 14.210 ms, Q3 = 14.276 ms, Max = 14.378 ms
IQR = 0.198 ms, LowerFence = 13.780 ms, UpperFence = 14.573 ms
ConfidenceInterval = [13.878 ms; 14.471 ms] (CI 99.9%), Margin = 0.296 ms (2.09% of Mean)
Skewness = -0.3, Kurtosis = 1.42, MValue = 2
-------------------- Histogram --------------------
[13.842 ms ; 14.480 ms) | @@@@@@@@
---------------------------------------------------

PrepareConfiguration.Mapster: Quick(MaxRelativeError=0.05, Arguments=/p:MatrixMode=Benchmark, IterationTime=250ms, MaxIterationCount=12, MaxWarmupIterationCount=5, MinIterationCount=8, MinWarmupIterationCount=3)
Runtime = .NET 10.0.10 (10.0.10, 10.0.1026.32716), X64 RyuJIT x86-64-v3; GC = Concurrent Workstation
Mean = 24.284 ms, StdErr = 0.107 ms (0.44%), N = 8, StdDev = 0.303 ms
Min = 23.949 ms, Q1 = 24.043 ms, Median = 24.259 ms, Q3 = 24.387 ms, Max = 24.859 ms
IQR = 0.344 ms, LowerFence = 23.527 ms, UpperFence = 24.903 ms
ConfidenceInterval = [23.705 ms; 24.863 ms] (CI 99.9%), Margin = 0.579 ms (2.38% of Mean)
Skewness = 0.62, Kurtosis = 2, MValue = 2
-------------------- Histogram --------------------
[23.900 ms ; 24.949 ms) | @@@@@@@@
---------------------------------------------------

// * Summary *

BenchmarkDotNet v0.15.8, Linux Ubuntu 24.04.4 LTS (Noble Numbat)
AMD EPYC 9V74 2.60GHz, 1 CPU, 4 logical and 2 physical cores
.NET SDK 10.0.302
  [Host] : .NET 10.0.10 (10.0.10, 10.0.1026.32716), X64 RyuJIT x86-64-v3
  Quick  : .NET 10.0.10 (10.0.10, 10.0.1026.32716), X64 RyuJIT x86-64-v3

Job=Quick  MaxRelativeError=0.05  Arguments=/p:MatrixMode=Benchmark  
IterationTime=250ms  MaxIterationCount=12  MaxWarmupIterationCount=5  
MinIterationCount=8  MinWarmupIterationCount=3  

| Method     | Mean     | Error    | StdDev   | Gen0    | Allocated  |
|----------- |---------:|---------:|---------:|--------:|-----------:|
| AutoMapper | 14.17 ms | 0.296 ms | 0.155 ms |       - |  624.41 KB |
| Mapster    | 24.28 ms | 0.579 ms | 0.303 ms | 90.9091 | 2664.23 KB |

// * Legends *
  Mean      : Arithmetic mean of all measurements
  Error     : Half of 99.9% confidence interval
  StdDev    : Standard deviation of all measurements
  Gen0      : GC Generation 0 collects per 1000 operations
  Allocated : Allocated memory per single operation (managed only, inclusive, 1KB = 1024B)
  1 ms      : 1 Millisecond (0.001 sec)

// * Diagnostic Output - MemoryDiagnoser *


// ***** BenchmarkRunner: End *****
Run time: 00:00:08 (8.78 sec), executed benchmarks: 2

// Found 4 benchmarks:
//   SimpleObject.AutoMapper: Quick(MaxRelativeError=0.05, Arguments=/p:MatrixMode=Benchmark, IterationTime=250ms, MaxIterationCount=12, MaxWarmupIterationCount=5, MinIterationCount=8, MinWarmupIterationCount=3)
//   SimpleObject.HandCoded: Quick(MaxRelativeError=0.05, Arguments=/p:MatrixMode=Benchmark, IterationTime=250ms, MaxIterationCount=12, MaxWarmupIterationCount=5, MinIterationCount=8, MinWarmupIterationCount=3)
//   SimpleObject.Mapperly: Quick(MaxRelativeError=0.05, Arguments=/p:MatrixMode=Benchmark, IterationTime=250ms, MaxIterationCount=12, MaxWarmupIterationCount=5, MinIterationCount=8, MinWarmupIterationCount=3)
//   SimpleObject.Mapster: Quick(MaxRelativeError=0.05, Arguments=/p:MatrixMode=Benchmark, IterationTime=250ms, MaxIterationCount=12, MaxWarmupIterationCount=5, MinIterationCount=8, MinWarmupIterationCount=3)

// **************************
// Benchmark: SimpleObject.AutoMapper: Quick(MaxRelativeError=0.05, Arguments=/p:MatrixMode=Benchmark, IterationTime=250ms, MaxIterationCount=12, MaxWarmupIterationCount=5, MinIterationCount=8, MinWarmupIterationCount=3)
// *** Execute ***
// Launch: 1 / 1
// Execute: dotnet Matrix.ObjectMapping-Quick-1.dll --anonymousPipes 129 130 --benchmarkName Matrix.ObjectMapping.Benchmarks.SimpleObject.AutoMapper --job Quick --benchmarkId 34 in /home/runner/work/dotnet-matrix/dotnet-matrix/src/Matrix.ObjectMapping/bin/Benchmark/Release/net10.0/Matrix.ObjectMapping-Quick-1/bin/Release/net10.0
// Failed to set up high priority (Permission denied). In order to run benchmarks with high priority, make sure you have the right permissions.
// BeforeAnythingElse

// Benchmark Process Environment Information:
// BenchmarkDotNet v0.15.8
// Runtime=.NET 10.0.10 (10.0.10, 10.0.1026.32716), X64 RyuJIT x86-64-v3
// GC=Concurrent Workstation
// HardwareIntrinsics=AVX2+BMI1+BMI2+F16C+FMA+LZCNT+MOVBE,AVX,SSE3+SSSE3+SSE4.1+SSE4.2+POPCNT,X86Base+SSE+SSE2,AES+PCLMUL VectorSize=256
// Job: Quick(MaxRelativeError=0.05, IterationTime=250ms, MaxIterationCount=12, MaxWarmupIterationCount=5, MinIterationCount=8, MinWarmupIterationCount=3)

OverheadJitting  1: 1 op, 251768.00 ns, 251.7680 us/op
WorkloadJitting  1: 1 op, 1814306.00 ns, 1.8143 ms/op

OverheadJitting  2: 16 op, 493121.00 ns, 30.8201 us/op
WorkloadJitting  2: 16 op, 829857.00 ns, 51.8661 us/op

WorkloadPilot    1: 16 op, 12489.00 ns, 780.5625 ns/op
WorkloadPilot    2: 320288 op, 100473142.00 ns, 313.6962 ns/op
WorkloadPilot    3: 796960 op, 134694630.00 ns, 169.0105 ns/op
WorkloadPilot    4: 1479200 op, 121255839.00 ns, 81.9739 ns/op
WorkloadPilot    5: 3049760 op, 243260032.00 ns, 79.7637 ns/op
WorkloadPilot    6: 3134272 op, 252743216.00 ns, 80.6386 ns/op
WorkloadPilot    7: 3100256 op, 247276672.00 ns, 79.7601 ns/op
WorkloadPilot    8: 3134400 op, 250590360.00 ns, 79.9484 ns/op
WorkloadPilot    9: 3127024 op, 249343596.00 ns, 79.7383 ns/op
WorkloadPilot   10: 3135264 op, 250212782.00 ns, 79.8060 ns/op

OverheadWarmup   1: 3135264 op, 14925766.00 ns, 4.7606 ns/op
OverheadWarmup   2: 3135264 op, 14937954.00 ns, 4.7645 ns/op
OverheadWarmup   3: 3135264 op, 13818792.00 ns, 4.4075 ns/op
OverheadWarmup   4: 3135264 op, 13806894.00 ns, 4.4037 ns/op
OverheadWarmup   5: 3135264 op, 14883181.00 ns, 4.7470 ns/op
OverheadWarmup   6: 3135264 op, 13777431.00 ns, 4.3943 ns/op

OverheadActual   1: 3135264 op, 13776199.00 ns, 4.3940 ns/op
OverheadActual   2: 3135264 op, 13817951.00 ns, 4.4073 ns/op
OverheadActual   3: 3135264 op, 13796659.00 ns, 4.4005 ns/op
OverheadActual   4: 3135264 op, 13787886.00 ns, 4.3977 ns/op
OverheadActual   5: 3135264 op, 13811792.00 ns, 4.4053 ns/op
OverheadActual   6: 3135264 op, 14918354.00 ns, 4.7582 ns/op
OverheadActual   7: 3135264 op, 13800285.00 ns, 4.4016 ns/op
OverheadActual   8: 3135264 op, 13804562.00 ns, 4.4030 ns/op

WorkloadWarmup   1: 3135264 op, 259332695.00 ns, 82.7148 ns/op
WorkloadWarmup   2: 3135264 op, 252615873.00 ns, 80.5724 ns/op
WorkloadWarmup   3: 3135264 op, 249882306.00 ns, 79.7006 ns/op
WorkloadWarmup   4: 3135264 op, 250393934.00 ns, 79.8637 ns/op
WorkloadWarmup   5: 3135264 op, 250243268.00 ns, 79.8157 ns/op

// BeforeActualRun
WorkloadActual   1: 3135264 op, 253307322.00 ns, 80.7930 ns/op
WorkloadActual   2: 3135264 op, 250629619.00 ns, 79.9389 ns/op
WorkloadActual   3: 3135264 op, 250518922.00 ns, 79.9036 ns/op
WorkloadActual   4: 3135264 op, 250825623.00 ns, 80.0014 ns/op
WorkloadActual   5: 3135264 op, 251299997.00 ns, 80.1527 ns/op
WorkloadActual   6: 3135264 op, 250208216.00 ns, 79.8045 ns/op
WorkloadActual   7: 3135264 op, 250429318.00 ns, 79.8750 ns/op
WorkloadActual   8: 3135264 op, 250341015.00 ns, 79.8469 ns/op

// AfterActualRun
WorkloadResult   1: 3135264 op, 236827195.50 ns, 75.5366 ns/op
WorkloadResult   2: 3135264 op, 236716498.50 ns, 75.5013 ns/op
WorkloadResult   3: 3135264 op, 237023199.50 ns, 75.5991 ns/op
WorkloadResult   4: 3135264 op, 237497573.50 ns, 75.7504 ns/op
WorkloadResult   5: 3135264 op, 236405792.50 ns, 75.4022 ns/op
WorkloadResult   6: 3135264 op, 236626894.50 ns, 75.4727 ns/op
WorkloadResult   7: 3135264 op, 236538591.50 ns, 75.4446 ns/op
// GC:  10 0 0 175574784 3135264
// Threading:  0 0 3135264

// AfterAll
// Benchmark Process 5034 has exited with code 0.

Mean = 75.530 ns, StdErr = 0.044 ns (0.06%), N = 7, StdDev = 0.116 ns
Min = 75.402 ns, Q1 = 75.459 ns, Median = 75.501 ns, Q3 = 75.568 ns, Max = 75.750 ns
IQR = 0.109 ns, LowerFence = 75.295 ns, UpperFence = 75.732 ns
ConfidenceInterval = [75.268 ns; 75.791 ns] (CI 99.9%), Margin = 0.262 ns (0.35% of Mean)
Skewness = 0.75, Kurtosis = 2.13, MValue = 2

// ** Remained 3 (7.9 %) benchmark(s) to run. Estimated finish 2026-08-03 10:15 (0h 0m from now) **
// **************************
// Benchmark: SimpleObject.HandCoded: Quick(MaxRelativeError=0.05, Arguments=/p:MatrixMode=Benchmark, IterationTime=250ms, MaxIterationCount=12, MaxWarmupIterationCount=5, MinIterationCount=8, MinWarmupIterationCount=3)
// *** Execute ***
// Launch: 1 / 1
// Execute: dotnet Matrix.ObjectMapping-Quick-1.dll --anonymousPipes 129 130 --benchmarkName Matrix.ObjectMapping.Benchmarks.SimpleObject.HandCoded --job Quick --benchmarkId 35 in /home/runner/work/dotnet-matrix/dotnet-matrix/src/Matrix.ObjectMapping/bin/Benchmark/Release/net10.0/Matrix.ObjectMapping-Quick-1/bin/Release/net10.0
// Failed to set up high priority (Permission denied). In order to run benchmarks with high priority, make sure you have the right permissions.
// BeforeAnythingElse

// Benchmark Process Environment Information:
// BenchmarkDotNet v0.15.8
// Runtime=.NET 10.0.10 (10.0.10, 10.0.1026.32716), X64 RyuJIT x86-64-v3
// GC=Concurrent Workstation
// HardwareIntrinsics=AVX2+BMI1+BMI2+F16C+FMA+LZCNT+MOVBE,AVX,SSE3+SSSE3+SSE4.1+SSE4.2+POPCNT,X86Base+SSE+SSE2,AES+PCLMUL VectorSize=256
// Job: Quick(MaxRelativeError=0.05, IterationTime=250ms, MaxIterationCount=12, MaxWarmupIterationCount=5, MinIterationCount=8, MinWarmupIterationCount=3)

OverheadJitting  1: 1 op, 259801.00 ns, 259.8010 us/op
WorkloadJitting  1: 1 op, 473382.00 ns, 473.3820 us/op

OverheadJitting  2: 16 op, 545920.00 ns, 34.1200 us/op
WorkloadJitting  2: 16 op, 527352.00 ns, 32.9595 us/op

WorkloadPilot    1: 16 op, 14272.00 ns, 892.0000 ns/op
WorkloadPilot    2: 280272 op, 20843417.00 ns, 74.3685 ns/op
WorkloadPilot    3: 3361648 op, 130348738.00 ns, 38.7752 ns/op
WorkloadPilot    4: 6447424 op, 124411587.00 ns, 19.2963 ns/op
WorkloadPilot    5: 12955840 op, 170548998.00 ns, 13.1639 ns/op
WorkloadPilot    6: 18991376 op, 271168609.00 ns, 14.2785 ns/op
WorkloadPilot    7: 17508832 op, 231321368.00 ns, 13.2117 ns/op
WorkloadPilot    8: 18922640 op, 263485996.00 ns, 13.9244 ns/op
WorkloadPilot    9: 17954128 op, 292443674.00 ns, 16.2884 ns/op

OverheadWarmup   1: 17954128 op, 79084414.00 ns, 4.4048 ns/op
OverheadWarmup   2: 17954128 op, 85355336.00 ns, 4.7541 ns/op
OverheadWarmup   3: 17954128 op, 84057556.00 ns, 4.6818 ns/op
OverheadWarmup   4: 17954128 op, 60201312.00 ns, 3.3531 ns/op
OverheadWarmup   5: 17954128 op, 59989263.00 ns, 3.3413 ns/op
OverheadWarmup   6: 17954128 op, 60010325.00 ns, 3.3424 ns/op
OverheadWarmup   7: 17954128 op, 61288565.00 ns, 3.4136 ns/op
OverheadWarmup   8: 17954128 op, 60011697.00 ns, 3.3425 ns/op

OverheadActual   1: 17954128 op, 60020871.00 ns, 3.3430 ns/op
OverheadActual   2: 17954128 op, 59979769.00 ns, 3.3407 ns/op
OverheadActual   3: 17954128 op, 59982624.00 ns, 3.3409 ns/op
OverheadActual   4: 17954128 op, 60013009.00 ns, 3.3426 ns/op
OverheadActual   5: 17954128 op, 60434883.00 ns, 3.3661 ns/op
OverheadActual   6: 17954128 op, 66757943.00 ns, 3.7183 ns/op
OverheadActual   7: 17954128 op, 72399139.00 ns, 4.0325 ns/op
OverheadActual   8: 17954128 op, 61128385.00 ns, 3.4047 ns/op
OverheadActual   9: 17954128 op, 59982864.00 ns, 3.3409 ns/op

WorkloadWarmup   1: 17954128 op, 249206082.00 ns, 13.8802 ns/op
WorkloadWarmup   2: 17954128 op, 252428069.00 ns, 14.0596 ns/op
WorkloadWarmup   3: 17954128 op, 233971877.00 ns, 13.0316 ns/op
WorkloadWarmup   4: 17954128 op, 233742441.00 ns, 13.0189 ns/op
WorkloadWarmup   5: 17954128 op, 232916851.00 ns, 12.9729 ns/op

// BeforeActualRun
WorkloadActual   1: 17954128 op, 240752916.00 ns, 13.4093 ns/op
WorkloadActual   2: 17954128 op, 237970314.00 ns, 13.2544 ns/op
WorkloadActual   3: 17954128 op, 239758582.00 ns, 13.3540 ns/op
WorkloadActual   4: 17954128 op, 239511540.00 ns, 13.3402 ns/op
WorkloadActual   5: 17954128 op, 233828260.00 ns, 13.0236 ns/op
WorkloadActual   6: 17954128 op, 236796490.00 ns, 13.1890 ns/op
WorkloadActual   7: 17954128 op, 238822575.00 ns, 13.3018 ns/op
WorkloadActual   8: 17954128 op, 237553287.00 ns, 13.2311 ns/op

// AfterActualRun
WorkloadResult   1: 17954128 op, 180732045.00 ns, 10.0663 ns/op
WorkloadResult   2: 17954128 op, 177949443.00 ns, 9.9113 ns/op
WorkloadResult   3: 17954128 op, 179737711.00 ns, 10.0109 ns/op
WorkloadResult   4: 17954128 op, 179490669.00 ns, 9.9972 ns/op
WorkloadResult   5: 17954128 op, 173807389.00 ns, 9.6806 ns/op
WorkloadResult   6: 17954128 op, 176775619.00 ns, 9.8460 ns/op
WorkloadResult   7: 17954128 op, 178801704.00 ns, 9.9588 ns/op
WorkloadResult   8: 17954128 op, 177532416.00 ns, 9.8881 ns/op
// GC:  60 0 0 1005431168 17954128
// Threading:  0 0 17954128

// AfterAll
// Benchmark Process 5050 has exited with code 0.

Mean = 9.920 ns, StdErr = 0.042 ns (0.43%), N = 8, StdDev = 0.120 ns
Min = 9.681 ns, Q1 = 9.878 ns, Median = 9.935 ns, Q3 = 10.001 ns, Max = 10.066 ns
IQR = 0.123 ns, LowerFence = 9.693 ns, UpperFence = 10.185 ns
ConfidenceInterval = [9.690 ns; 10.150 ns] (CI 99.9%), Margin = 0.230 ns (2.32% of Mean)
Skewness = -0.7, Kurtosis = 2.33, MValue = 2

// ** Remained 2 (5.3 %) benchmark(s) to run. Estimated finish 2026-08-03 10:15 (0h 0m from now) **
// **************************
// Benchmark: SimpleObject.Mapperly: Quick(MaxRelativeError=0.05, Arguments=/p:MatrixMode=Benchmark, IterationTime=250ms, MaxIterationCount=12, MaxWarmupIterationCount=5, MinIterationCount=8, MinWarmupIterationCount=3)
// *** Execute ***
// Launch: 1 / 1
// Execute: dotnet Matrix.ObjectMapping-Quick-1.dll --anonymousPipes 129 130 --benchmarkName Matrix.ObjectMapping.Benchmarks.SimpleObject.Mapperly --job Quick --benchmarkId 36 in /home/runner/work/dotnet-matrix/dotnet-matrix/src/Matrix.ObjectMapping/bin/Benchmark/Release/net10.0/Matrix.ObjectMapping-Quick-1/bin/Release/net10.0
// Failed to set up high priority (Permission denied). In order to run benchmarks with high priority, make sure you have the right permissions.
// BeforeAnythingElse

// Benchmark Process Environment Information:
// BenchmarkDotNet v0.15.8
// Runtime=.NET 10.0.10 (10.0.10, 10.0.1026.32716), X64 RyuJIT x86-64-v3
// GC=Concurrent Workstation
// HardwareIntrinsics=AVX2+BMI1+BMI2+F16C+FMA+LZCNT+MOVBE,AVX,SSE3+SSSE3+SSE4.1+SSE4.2+POPCNT,X86Base+SSE+SSE2,AES+PCLMUL VectorSize=256
// Job: Quick(MaxRelativeError=0.05, IterationTime=250ms, MaxIterationCount=12, MaxWarmupIterationCount=5, MinIterationCount=8, MinWarmupIterationCount=3)

OverheadJitting  1: 1 op, 245779.00 ns, 245.7790 us/op
WorkloadJitting  1: 1 op, 440292.00 ns, 440.2920 us/op

OverheadJitting  2: 16 op, 532870.00 ns, 33.3044 us/op
WorkloadJitting  2: 16 op, 508053.00 ns, 31.7533 us/op

WorkloadPilot    1: 16 op, 11527.00 ns, 720.4375 ns/op
WorkloadPilot    2: 347024 op, 22949815.00 ns, 66.1332 ns/op
WorkloadPilot    3: 3780256 op, 139148925.00 ns, 36.8094 ns/op
WorkloadPilot    4: 6791760 op, 108184198.00 ns, 15.9287 ns/op
WorkloadPilot    5: 15694912 op, 200303286.00 ns, 12.7623 ns/op
WorkloadPilot    6: 19588944 op, 251083068.00 ns, 12.8176 ns/op
WorkloadPilot    7: 19504448 op, 256651015.00 ns, 13.1586 ns/op
WorkloadPilot    8: 18999008 op, 247533624.00 ns, 13.0288 ns/op
WorkloadPilot    9: 19188320 op, 252163791.00 ns, 13.1415 ns/op

OverheadWarmup   1: 19188320 op, 84470496.00 ns, 4.4022 ns/op
OverheadWarmup   2: 19188320 op, 91404515.00 ns, 4.7635 ns/op
OverheadWarmup   3: 19188320 op, 99145486.00 ns, 5.1670 ns/op
OverheadWarmup   4: 19188320 op, 70825893.00 ns, 3.6911 ns/op
OverheadWarmup   5: 19188320 op, 70857921.00 ns, 3.6928 ns/op
OverheadWarmup   6: 19188320 op, 71737433.00 ns, 3.7386 ns/op
OverheadWarmup   7: 19188320 op, 64364914.00 ns, 3.3544 ns/op

OverheadActual   1: 19188320 op, 70922118.00 ns, 3.6961 ns/op
OverheadActual   2: 19188320 op, 64453959.00 ns, 3.3590 ns/op
OverheadActual   3: 19188320 op, 70914136.00 ns, 3.6957 ns/op
OverheadActual   4: 19188320 op, 70837981.00 ns, 3.6917 ns/op
OverheadActual   5: 19188320 op, 64139085.00 ns, 3.3426 ns/op
OverheadActual   6: 19188320 op, 77682546.00 ns, 4.0484 ns/op
OverheadActual   7: 19188320 op, 70958993.00 ns, 3.6980 ns/op
OverheadActual   8: 19188320 op, 70880125.00 ns, 3.6939 ns/op
OverheadActual   9: 19188320 op, 70777270.00 ns, 3.6886 ns/op
OverheadActual  10: 19188320 op, 64087148.00 ns, 3.3399 ns/op
OverheadActual  11: 19188320 op, 77757308.00 ns, 4.0523 ns/op
OverheadActual  12: 19188320 op, 77709907.00 ns, 4.0499 ns/op

WorkloadWarmup   1: 19188320 op, 257650175.00 ns, 13.4274 ns/op
WorkloadWarmup   2: 19188320 op, 256070081.00 ns, 13.3451 ns/op
WorkloadWarmup   3: 19188320 op, 245849634.00 ns, 12.8125 ns/op
WorkloadWarmup   4: 19188320 op, 244677012.00 ns, 12.7514 ns/op
WorkloadWarmup   5: 19188320 op, 246106971.00 ns, 12.8259 ns/op

// BeforeActualRun
WorkloadActual   1: 19188320 op, 267975661.00 ns, 13.9656 ns/op
WorkloadActual   2: 19188320 op, 251447164.00 ns, 13.1042 ns/op
WorkloadActual   3: 19188320 op, 250164591.00 ns, 13.0373 ns/op
WorkloadActual   4: 19188320 op, 252849053.00 ns, 13.1772 ns/op
WorkloadActual   5: 19188320 op, 250665653.00 ns, 13.0634 ns/op
WorkloadActual   6: 19188320 op, 251741720.00 ns, 13.1195 ns/op
WorkloadActual   7: 19188320 op, 245845821.00 ns, 12.8123 ns/op
WorkloadActual   8: 19188320 op, 247996983.00 ns, 12.9244 ns/op

// AfterActualRun
WorkloadResult   1: 19188320 op, 180550033.50 ns, 9.4094 ns/op
WorkloadResult   2: 19188320 op, 179267460.50 ns, 9.3425 ns/op
WorkloadResult   3: 19188320 op, 181951922.50 ns, 9.4824 ns/op
WorkloadResult   4: 19188320 op, 179768522.50 ns, 9.3686 ns/op
WorkloadResult   5: 19188320 op, 180844589.50 ns, 9.4247 ns/op
WorkloadResult   6: 19188320 op, 174948690.50 ns, 9.1175 ns/op
WorkloadResult   7: 19188320 op, 177099852.50 ns, 9.2296 ns/op
// GC:  64 0 0 1074545920 19188320
// Threading:  0 0 19188320

// AfterAll
// Benchmark Process 5059 has exited with code 0.

Mean = 9.339 ns, StdErr = 0.048 ns (0.51%), N = 7, StdDev = 0.126 ns
Min = 9.117 ns, Q1 = 9.286 ns, Median = 9.369 ns, Q3 = 9.417 ns, Max = 9.482 ns
IQR = 0.131 ns, LowerFence = 9.090 ns, UpperFence = 9.614 ns
ConfidenceInterval = [9.056 ns; 9.622 ns] (CI 99.9%), Margin = 0.283 ns (3.03% of Mean)
Skewness = -0.6, Kurtosis = 1.75, MValue = 2

// ** Remained 1 (2.6 %) benchmark(s) to run. Estimated finish 2026-08-03 10:15 (0h 0m from now) **
// **************************
// Benchmark: SimpleObject.Mapster: Quick(MaxRelativeError=0.05, Arguments=/p:MatrixMode=Benchmark, IterationTime=250ms, MaxIterationCount=12, MaxWarmupIterationCount=5, MinIterationCount=8, MinWarmupIterationCount=3)
// *** Execute ***
// Launch: 1 / 1
// Execute: dotnet Matrix.ObjectMapping-Quick-1.dll --anonymousPipes 129 130 --benchmarkName Matrix.ObjectMapping.Benchmarks.SimpleObject.Mapster --job Quick --benchmarkId 37 in /home/runner/work/dotnet-matrix/dotnet-matrix/src/Matrix.ObjectMapping/bin/Benchmark/Release/net10.0/Matrix.ObjectMapping-Quick-1/bin/Release/net10.0
// Failed to set up high priority (Permission denied). In order to run benchmarks with high priority, make sure you have the right permissions.
// BeforeAnythingElse

// Benchmark Process Environment Information:
// BenchmarkDotNet v0.15.8
// Runtime=.NET 10.0.10 (10.0.10, 10.0.1026.32716), X64 RyuJIT x86-64-v3
// GC=Concurrent Workstation
// HardwareIntrinsics=AVX2+BMI1+BMI2+F16C+FMA+LZCNT+MOVBE,AVX,SSE3+SSSE3+SSE4.1+SSE4.2+POPCNT,X86Base+SSE+SSE2,AES+PCLMUL VectorSize=256
// Job: Quick(MaxRelativeError=0.05, IterationTime=250ms, MaxIterationCount=12, MaxWarmupIterationCount=5, MinIterationCount=8, MinWarmupIterationCount=3)

OverheadJitting  1: 1 op, 268233.00 ns, 268.2330 us/op
WorkloadJitting  1: 1 op, 3245417.00 ns, 3.2454 ms/op

OverheadJitting  2: 16 op, 574924.00 ns, 35.9328 us/op
WorkloadJitting  2: 16 op, 506281.00 ns, 31.6426 us/op

WorkloadPilot    1: 16 op, 5798.00 ns, 362.3750 ns/op
WorkloadPilot    2: 689904 op, 75586992.00 ns, 109.5616 ns/op
WorkloadPilot    3: 2281824 op, 112276679.00 ns, 49.2048 ns/op
WorkloadPilot    4: 5080816 op, 113175770.00 ns, 22.2751 ns/op
WorkloadPilot    5: 11223296 op, 254688267.00 ns, 22.6928 ns/op
WorkloadPilot    6: 11016704 op, 253349385.00 ns, 22.9968 ns/op
WorkloadPilot    7: 10871072 op, 247789100.00 ns, 22.7934 ns/op
WorkloadPilot    8: 10968080 op, 246007624.00 ns, 22.4294 ns/op
WorkloadPilot    9: 11146080 op, 247457662.00 ns, 22.2013 ns/op
WorkloadPilot   10: 11260608 op, 251081377.00 ns, 22.2973 ns/op

OverheadWarmup   1: 11260608 op, 45817682.00 ns, 4.0688 ns/op
OverheadWarmup   2: 11260608 op, 53789220.00 ns, 4.7768 ns/op
OverheadWarmup   3: 11260608 op, 53756481.00 ns, 4.7739 ns/op
OverheadWarmup   4: 11260608 op, 51280720.00 ns, 4.5540 ns/op
OverheadWarmup   5: 11260608 op, 41834127.00 ns, 3.7151 ns/op
OverheadWarmup   6: 11260608 op, 41793846.00 ns, 3.7115 ns/op
OverheadWarmup   7: 11260608 op, 41830471.00 ns, 3.7148 ns/op
OverheadWarmup   8: 11260608 op, 41829710.00 ns, 3.7147 ns/op

OverheadActual   1: 11260608 op, 37936581.00 ns, 3.3690 ns/op
OverheadActual   2: 11260608 op, 37871963.00 ns, 3.3632 ns/op
OverheadActual   3: 11260608 op, 37888318.00 ns, 3.3647 ns/op
OverheadActual   4: 11260608 op, 37964794.00 ns, 3.3715 ns/op
OverheadActual   5: 11260608 op, 38144393.00 ns, 3.3874 ns/op
OverheadActual   6: 11260608 op, 41874537.00 ns, 3.7187 ns/op
OverheadActual   7: 11260608 op, 41849600.00 ns, 3.7165 ns/op
OverheadActual   8: 11260608 op, 41843071.00 ns, 3.7159 ns/op
OverheadActual   9: 11260608 op, 42057933.00 ns, 3.7350 ns/op
OverheadActual  10: 11260608 op, 41836271.00 ns, 3.7153 ns/op
OverheadActual  11: 11260608 op, 41803661.00 ns, 3.7124 ns/op
OverheadActual  12: 11260608 op, 41834317.00 ns, 3.7151 ns/op

WorkloadWarmup   1: 11260608 op, 257624209.00 ns, 22.8784 ns/op
WorkloadWarmup   2: 11260608 op, 263085925.00 ns, 23.3634 ns/op
WorkloadWarmup   3: 11260608 op, 254802057.00 ns, 22.6277 ns/op
WorkloadWarmup   4: 11260608 op, 253299421.00 ns, 22.4943 ns/op
WorkloadWarmup   5: 11260608 op, 252924797.00 ns, 22.4610 ns/op

// BeforeActualRun
WorkloadActual   1: 11260608 op, 252694341.00 ns, 22.4406 ns/op
WorkloadActual   2: 11260608 op, 251499496.00 ns, 22.3345 ns/op
WorkloadActual   3: 11260608 op, 254319753.00 ns, 22.5849 ns/op
WorkloadActual   4: 11260608 op, 249035473.00 ns, 22.1156 ns/op
WorkloadActual   5: 11260608 op, 249242565.00 ns, 22.1340 ns/op
WorkloadActual   6: 11260608 op, 256676605.00 ns, 22.7942 ns/op
WorkloadActual   7: 11260608 op, 255662420.00 ns, 22.7041 ns/op
WorkloadActual   8: 11260608 op, 251198911.00 ns, 22.3078 ns/op

// AfterActualRun
WorkloadResult   1: 11260608 op, 210875352.00 ns, 18.7268 ns/op
WorkloadResult   2: 11260608 op, 209680507.00 ns, 18.6207 ns/op
WorkloadResult   3: 11260608 op, 212500764.00 ns, 18.8712 ns/op
WorkloadResult   4: 11260608 op, 207216484.00 ns, 18.4019 ns/op
WorkloadResult   5: 11260608 op, 207423576.00 ns, 18.4203 ns/op
WorkloadResult   6: 11260608 op, 214857616.00 ns, 19.0805 ns/op
WorkloadResult   7: 11260608 op, 213843431.00 ns, 18.9904 ns/op
WorkloadResult   8: 11260608 op, 209379922.00 ns, 18.5940 ns/op
// GC:  37 0 0 630594048 11260608
// Threading:  0 0 11260608

// AfterAll
// Benchmark Process 5075 has exited with code 0.

Mean = 18.713 ns, StdErr = 0.089 ns (0.47%), N = 8, StdDev = 0.251 ns
Min = 18.402 ns, Q1 = 18.551 ns, Median = 18.674 ns, Q3 = 18.901 ns, Max = 19.080 ns
IQR = 0.350 ns, LowerFence = 18.025 ns, UpperFence = 19.427 ns
ConfidenceInterval = [18.233 ns; 19.194 ns] (CI 99.9%), Margin = 0.481 ns (2.57% of Mean)
Skewness = 0.13, Kurtosis = 1.31, MValue = 2

// ** Remained 0 (0.0 %) benchmark(s) to run. Estimated finish 2026-08-03 10:15 (0h 0m from now) **
// ***** BenchmarkRunner: Finish  *****

// * Export *
  tmp/dotnet-matrix/ObjectMapping/15a28129182e4bac80f707538729aa14/results/Matrix.ObjectMapping.Benchmarks.SimpleObject-report.csv
  tmp/dotnet-matrix/ObjectMapping/15a28129182e4bac80f707538729aa14/results/Matrix.ObjectMapping.Benchmarks.SimpleObject-report-github.md
  tmp/dotnet-matrix/ObjectMapping/15a28129182e4bac80f707538729aa14/results/Matrix.ObjectMapping.Benchmarks.SimpleObject-report.html
  tmp/dotnet-matrix/ObjectMapping/15a28129182e4bac80f707538729aa14/results/Matrix.ObjectMapping.Benchmarks.SimpleObject-report-full.json

// * Detailed results *
SimpleObject.Mapperly: Quick(MaxRelativeError=0.05, Arguments=/p:MatrixMode=Benchmark, IterationTime=250ms, MaxIterationCount=12, MaxWarmupIterationCount=5, MinIterationCount=8, MinWarmupIterationCount=3)
Runtime = .NET 10.0.10 (10.0.10, 10.0.1026.32716), X64 RyuJIT x86-64-v3; GC = Concurrent Workstation
Mean = 9.339 ns, StdErr = 0.048 ns (0.51%), N = 7, StdDev = 0.126 ns
Min = 9.117 ns, Q1 = 9.286 ns, Median = 9.369 ns, Q3 = 9.417 ns, Max = 9.482 ns
IQR = 0.131 ns, LowerFence = 9.090 ns, UpperFence = 9.614 ns
ConfidenceInterval = [9.056 ns; 9.622 ns] (CI 99.9%), Margin = 0.283 ns (3.03% of Mean)
Skewness = -0.6, Kurtosis = 1.75, MValue = 2
-------------------- Histogram --------------------
[9.082 ns ; 9.507 ns) | @@@@@@@
---------------------------------------------------

SimpleObject.HandCoded: Quick(MaxRelativeError=0.05, Arguments=/p:MatrixMode=Benchmark, IterationTime=250ms, MaxIterationCount=12, MaxWarmupIterationCount=5, MinIterationCount=8, MinWarmupIterationCount=3)
Runtime = .NET 10.0.10 (10.0.10, 10.0.1026.32716), X64 RyuJIT x86-64-v3; GC = Concurrent Workstation
Mean = 9.920 ns, StdErr = 0.042 ns (0.43%), N = 8, StdDev = 0.120 ns
Min = 9.681 ns, Q1 = 9.878 ns, Median = 9.935 ns, Q3 = 10.001 ns, Max = 10.066 ns
IQR = 0.123 ns, LowerFence = 9.693 ns, UpperFence = 10.185 ns
ConfidenceInterval = [9.690 ns; 10.150 ns] (CI 99.9%), Margin = 0.230 ns (2.32% of Mean)
Skewness = -0.7, Kurtosis = 2.33, MValue = 2
-------------------- Histogram --------------------
[9.602 ns ;  9.850 ns) | @@
[9.850 ns ; 10.145 ns) | @@@@@@
---------------------------------------------------

SimpleObject.Mapster: Quick(MaxRelativeError=0.05, Arguments=/p:MatrixMode=Benchmark, IterationTime=250ms, MaxIterationCount=12, MaxWarmupIterationCount=5, MinIterationCount=8, MinWarmupIterationCount=3)
Runtime = .NET 10.0.10 (10.0.10, 10.0.1026.32716), X64 RyuJIT x86-64-v3; GC = Concurrent Workstation
Mean = 18.713 ns, StdErr = 0.089 ns (0.47%), N = 8, StdDev = 0.251 ns
Min = 18.402 ns, Q1 = 18.551 ns, Median = 18.674 ns, Q3 = 18.901 ns, Max = 19.080 ns
IQR = 0.350 ns, LowerFence = 18.025 ns, UpperFence = 19.427 ns
ConfidenceInterval = [18.233 ns; 19.194 ns] (CI 99.9%), Margin = 0.481 ns (2.57% of Mean)
Skewness = 0.13, Kurtosis = 1.31, MValue = 2
-------------------- Histogram --------------------
[18.379 ns ; 19.166 ns) | @@@@@@@@
---------------------------------------------------

SimpleObject.AutoMapper: Quick(MaxRelativeError=0.05, Arguments=/p:MatrixMode=Benchmark, IterationTime=250ms, MaxIterationCount=12, MaxWarmupIterationCount=5, MinIterationCount=8, MinWarmupIterationCount=3)
Runtime = .NET 10.0.10 (10.0.10, 10.0.1026.32716), X64 RyuJIT x86-64-v3; GC = Concurrent Workstation
Mean = 75.530 ns, StdErr = 0.044 ns (0.06%), N = 7, StdDev = 0.116 ns
Min = 75.402 ns, Q1 = 75.459 ns, Median = 75.501 ns, Q3 = 75.568 ns, Max = 75.750 ns
IQR = 0.109 ns, LowerFence = 75.295 ns, UpperFence = 75.732 ns
ConfidenceInterval = [75.268 ns; 75.791 ns] (CI 99.9%), Margin = 0.262 ns (0.35% of Mean)
Skewness = 0.75, Kurtosis = 2.13, MValue = 2
-------------------- Histogram --------------------
[75.322 ns ; 75.830 ns) | @@@@@@@
---------------------------------------------------

// * Summary *

BenchmarkDotNet v0.15.8, Linux Ubuntu 24.04.4 LTS (Noble Numbat)
AMD EPYC 9V74 2.60GHz, 1 CPU, 4 logical and 2 physical cores
.NET SDK 10.0.302
  [Host] : .NET 10.0.10 (10.0.10, 10.0.1026.32716), X64 RyuJIT x86-64-v3
  Quick  : .NET 10.0.10 (10.0.10, 10.0.1026.32716), X64 RyuJIT x86-64-v3

Job=Quick  MaxRelativeError=0.05  Arguments=/p:MatrixMode=Benchmark  
IterationTime=250ms  MaxIterationCount=12  MaxWarmupIterationCount=5  
MinIterationCount=8  MinWarmupIterationCount=3  

| Method     | Mean      | Error     | StdDev    | Ratio | RatioSD | Gen0   | Allocated | Alloc Ratio |
|----------- |----------:|----------:|----------:|------:|--------:|-------:|----------:|------------:|
| Mapperly   |  9.339 ns | 0.2831 ns | 0.1257 ns |  0.94 |    0.02 | 0.0033 |      56 B |        1.00 |
| HandCoded  |  9.920 ns | 0.2297 ns | 0.1201 ns |  1.00 |    0.02 | 0.0033 |      56 B |        1.00 |
| Mapster    | 18.713 ns | 0.4806 ns | 0.2514 ns |  1.89 |    0.03 | 0.0033 |      56 B |        1.00 |
| AutoMapper | 75.530 ns | 0.2619 ns | 0.1163 ns |  7.61 |    0.09 | 0.0032 |      56 B |        1.00 |

// * Hints *
Outliers
  SimpleObject.Mapperly: Quick   -> 1 outlier  was  removed, 2 outliers were detected (12.81 ns, 13.97 ns)
  SimpleObject.HandCoded: Quick  -> 1 outlier  was  detected (13.02 ns)
  SimpleObject.AutoMapper: Quick -> 1 outlier  was  removed (80.79 ns)

// * Legends *
  Mean        : Arithmetic mean of all measurements
  Error       : Half of 99.9% confidence interval
  StdDev      : Standard deviation of all measurements
  Ratio       : Mean of the ratio distribution ([Current]/[Baseline])
  RatioSD     : Standard deviation of the ratio distribution ([Current]/[Baseline])
  Gen0        : GC Generation 0 collects per 1000 operations
  Allocated   : Allocated memory per single operation (managed only, inclusive, 1KB = 1024B)
  Alloc Ratio : Allocated memory ratio distribution ([Current]/[Baseline])
  1 ns        : 1 Nanosecond (0.000000001 sec)

// * Diagnostic Output - MemoryDiagnoser *


// ***** BenchmarkRunner: End *****
Run time: 00:00:25 (25.36 sec), executed benchmarks: 4

Global total time: 00:04:10 (250.47 sec), executed benchmarks: 38
// * Artifacts cleanup *
Artifacts cleanup is finished
