// Validating benchmarks:
// ***** BenchmarkRunner: Start   *****
// ***** Found 38 benchmark(s) in total *****
// ***** Building 1 exe(s) in Parallel: Start   *****
// start dotnet  restore /p:MatrixMode=Benchmark --nodeReuse:false /p:UseSharedCompilation=false /p:Deterministic=true /p:Optimize=true /p:ArtifactsPath="/home/runner/work/dotnet-matrix/dotnet-matrix/src/Matrix.ObjectMapping/bin/Benchmark/Release/net10.0/Matrix.ObjectMapping-Quick-1/" /p:OutDir="/home/runner/work/dotnet-matrix/dotnet-matrix/src/Matrix.ObjectMapping/bin/Benchmark/Release/net10.0/Matrix.ObjectMapping-Quick-1/bin/Release/net10.0/" /p:OutputPath="/home/runner/work/dotnet-matrix/dotnet-matrix/src/Matrix.ObjectMapping/bin/Benchmark/Release/net10.0/Matrix.ObjectMapping-Quick-1/bin/Release/net10.0/" /p:PublishDir="/home/runner/work/dotnet-matrix/dotnet-matrix/src/Matrix.ObjectMapping/bin/Benchmark/Release/net10.0/Matrix.ObjectMapping-Quick-1/publish/" in /home/runner/work/dotnet-matrix/dotnet-matrix/src/Matrix.ObjectMapping/bin/Benchmark/Release/net10.0/Matrix.ObjectMapping-Quick-1
// command took 1.47 sec and exited with 0
// start dotnet  build -c Release /p:MatrixMode=Benchmark --no-restore --nodeReuse:false /p:UseSharedCompilation=false /p:Deterministic=true /p:Optimize=true /p:ArtifactsPath="/home/runner/work/dotnet-matrix/dotnet-matrix/src/Matrix.ObjectMapping/bin/Benchmark/Release/net10.0/Matrix.ObjectMapping-Quick-1/" /p:OutDir="/home/runner/work/dotnet-matrix/dotnet-matrix/src/Matrix.ObjectMapping/bin/Benchmark/Release/net10.0/Matrix.ObjectMapping-Quick-1/bin/Release/net10.0/" /p:OutputPath="/home/runner/work/dotnet-matrix/dotnet-matrix/src/Matrix.ObjectMapping/bin/Benchmark/Release/net10.0/Matrix.ObjectMapping-Quick-1/bin/Release/net10.0/" /p:PublishDir="/home/runner/work/dotnet-matrix/dotnet-matrix/src/Matrix.ObjectMapping/bin/Benchmark/Release/net10.0/Matrix.ObjectMapping-Quick-1/publish/" --output "/home/runner/work/dotnet-matrix/dotnet-matrix/src/Matrix.ObjectMapping/bin/Benchmark/Release/net10.0/Matrix.ObjectMapping-Quick-1/bin/Release/net10.0/" in /home/runner/work/dotnet-matrix/dotnet-matrix/src/Matrix.ObjectMapping/bin/Benchmark/Release/net10.0/Matrix.ObjectMapping-Quick-1
// command took 11.88 sec and exited with 0
// ***** Done, took 00:00:13 (13.47 sec)   *****
// Found 4 benchmarks:
//   Collection.AutoMapper: Quick(MaxRelativeError=0.05, Arguments=/p:MatrixMode=Benchmark, IterationTime=250ms, MaxIterationCount=12, MaxWarmupIterationCount=5, MinIterationCount=8, MinWarmupIterationCount=3)
//   Collection.HandCoded: Quick(MaxRelativeError=0.05, Arguments=/p:MatrixMode=Benchmark, IterationTime=250ms, MaxIterationCount=12, MaxWarmupIterationCount=5, MinIterationCount=8, MinWarmupIterationCount=3)
//   Collection.Mapperly: Quick(MaxRelativeError=0.05, Arguments=/p:MatrixMode=Benchmark, IterationTime=250ms, MaxIterationCount=12, MaxWarmupIterationCount=5, MinIterationCount=8, MinWarmupIterationCount=3)
//   Collection.Mapster: Quick(MaxRelativeError=0.05, Arguments=/p:MatrixMode=Benchmark, IterationTime=250ms, MaxIterationCount=12, MaxWarmupIterationCount=5, MinIterationCount=8, MinWarmupIterationCount=3)

// **************************
// Benchmark: Collection.AutoMapper: Quick(MaxRelativeError=0.05, Arguments=/p:MatrixMode=Benchmark, IterationTime=250ms, MaxIterationCount=12, MaxWarmupIterationCount=5, MinIterationCount=8, MinWarmupIterationCount=3)
// *** Execute ***
// Launch: 1 / 1
// Execute: dotnet Matrix.ObjectMapping-Quick-1.dll --anonymousPipes 121 122 --benchmarkName Matrix.ObjectMapping.Benchmarks.Collection.AutoMapper --job Quick --benchmarkId 0 in /home/runner/work/dotnet-matrix/dotnet-matrix/src/Matrix.ObjectMapping/bin/Benchmark/Release/net10.0/Matrix.ObjectMapping-Quick-1/bin/Release/net10.0
// Failed to set up high priority (Permission denied). In order to run benchmarks with high priority, make sure you have the right permissions.
// BeforeAnythingElse

// Benchmark Process Environment Information:
// BenchmarkDotNet v0.15.8
// Runtime=.NET 10.0.11 (10.0.11, 10.0.1126.37416), X64 RyuJIT x86-64-v3
// GC=Concurrent Workstation
// HardwareIntrinsics=AVX2+BMI1+BMI2+F16C+FMA+LZCNT+MOVBE,AVX,SSE3+SSSE3+SSE4.1+SSE4.2+POPCNT,X86Base+SSE+SSE2,AES+PCLMUL VectorSize=256
// Job: Quick(MaxRelativeError=0.05, IterationTime=250ms, MaxIterationCount=12, MaxWarmupIterationCount=5, MinIterationCount=8, MinWarmupIterationCount=3)

OverheadJitting  1: 1 op, 273702.00 ns, 273.7020 us/op
WorkloadJitting  1: 1 op, 3797247.00 ns, 3.7972 ms/op

OverheadJitting  2: 16 op, 534960.00 ns, 33.4350 us/op
WorkloadJitting  2: 16 op, 932843.00 ns, 58.3027 us/op

WorkloadPilot    1: 16 op, 61815.00 ns, 3.8634 us/op
WorkloadPilot    2: 64720 op, 108033420.00 ns, 1.6692 us/op
WorkloadPilot    3: 149776 op, 203575738.00 ns, 1.3592 us/op
WorkloadPilot    4: 183936 op, 221440333.00 ns, 1.2039 us/op
WorkloadPilot    5: 207664 op, 248842755.00 ns, 1.1983 us/op
WorkloadPilot    6: 208640 op, 253359480.00 ns, 1.2143 us/op
WorkloadPilot    7: 205888 op, 257139809.00 ns, 1.2489 us/op
WorkloadPilot    8: 200176 op, 250515605.00 ns, 1.2515 us/op

OverheadWarmup   1: 200176 op, 885882.00 ns, 4.4255 ns/op
OverheadWarmup   2: 200176 op, 892314.00 ns, 4.4576 ns/op
OverheadWarmup   3: 200176 op, 879420.00 ns, 4.3932 ns/op
OverheadWarmup   4: 200176 op, 892304.00 ns, 4.4576 ns/op
OverheadWarmup   5: 200176 op, 875222.00 ns, 4.3723 ns/op

OverheadActual   1: 200176 op, 876515.00 ns, 4.3787 ns/op
OverheadActual   2: 200176 op, 879731.00 ns, 4.3948 ns/op
OverheadActual   3: 200176 op, 1401153.00 ns, 6.9996 ns/op
OverheadActual   4: 200176 op, 878999.00 ns, 4.3911 ns/op
OverheadActual   5: 200176 op, 876204.00 ns, 4.3772 ns/op
OverheadActual   6: 200176 op, 874882.00 ns, 4.3706 ns/op
OverheadActual   7: 200176 op, 876675.00 ns, 4.3795 ns/op
OverheadActual   8: 200176 op, 886222.00 ns, 4.4272 ns/op

WorkloadWarmup   1: 200176 op, 245566795.00 ns, 1.2268 us/op
WorkloadWarmup   2: 200176 op, 236540662.00 ns, 1.1817 us/op
WorkloadWarmup   3: 200176 op, 245025526.00 ns, 1.2241 us/op
WorkloadWarmup   4: 200176 op, 242595866.00 ns, 1.2119 us/op
WorkloadWarmup   5: 200176 op, 246248347.00 ns, 1.2302 us/op

// BeforeActualRun
WorkloadActual   1: 200176 op, 245997388.00 ns, 1.2289 us/op
WorkloadActual   2: 200176 op, 244394029.00 ns, 1.2209 us/op
WorkloadActual   3: 200176 op, 254926963.00 ns, 1.2735 us/op
WorkloadActual   4: 200176 op, 255265203.00 ns, 1.2752 us/op
WorkloadActual   5: 200176 op, 258280747.00 ns, 1.2903 us/op
WorkloadActual   6: 200176 op, 262166321.00 ns, 1.3097 us/op
WorkloadActual   7: 200176 op, 268299509.00 ns, 1.3403 us/op
WorkloadActual   8: 200176 op, 257945299.00 ns, 1.2886 us/op
WorkloadActual   9: 200176 op, 263663746.00 ns, 1.3172 us/op
WorkloadActual  10: 200176 op, 270632569.00 ns, 1.3520 us/op
WorkloadActual  11: 200176 op, 266158497.00 ns, 1.3296 us/op

// AfterActualRun
WorkloadResult   1: 200176 op, 245119551.00 ns, 1.2245 us/op
WorkloadResult   2: 200176 op, 243516192.00 ns, 1.2165 us/op
WorkloadResult   3: 200176 op, 254049126.00 ns, 1.2691 us/op
WorkloadResult   4: 200176 op, 254387366.00 ns, 1.2708 us/op
WorkloadResult   5: 200176 op, 257402910.00 ns, 1.2859 us/op
WorkloadResult   6: 200176 op, 261288484.00 ns, 1.3053 us/op
WorkloadResult   7: 200176 op, 267421672.00 ns, 1.3359 us/op
WorkloadResult   8: 200176 op, 257067462.00 ns, 1.2842 us/op
WorkloadResult   9: 200176 op, 262785909.00 ns, 1.3128 us/op
WorkloadResult  10: 200176 op, 269754732.00 ns, 1.3476 us/op
WorkloadResult  11: 200176 op, 265280660.00 ns, 1.3252 us/op
// GC:  76 1 0 1285930624 200176
// Threading:  0 0 200176

// AfterAll
// Benchmark Process 3359 has exited with code 0.

Mean = 1.289 μs, StdErr = 0.013 μs (0.99%), N = 11, StdDev = 0.042 μs
Min = 1.217 μs, Q1 = 1.270 μs, Median = 1.286 μs, Q3 = 1.319 μs, Max = 1.348 μs
IQR = 0.049 μs, LowerFence = 1.196 μs, UpperFence = 1.393 μs
ConfidenceInterval = [1.230 μs; 1.347 μs] (CI 99.9%), Margin = 0.059 μs (4.55% of Mean)
Skewness = -0.34, Kurtosis = 1.8, MValue = 2

// ** Remained 37 (97.4 %) benchmark(s) to run. Estimated finish 2026-08-27 14:09 (0h 3m from now) **
// **************************
// Benchmark: Collection.HandCoded: Quick(MaxRelativeError=0.05, Arguments=/p:MatrixMode=Benchmark, IterationTime=250ms, MaxIterationCount=12, MaxWarmupIterationCount=5, MinIterationCount=8, MinWarmupIterationCount=3)
// *** Execute ***
// Launch: 1 / 1
// Execute: dotnet Matrix.ObjectMapping-Quick-1.dll --anonymousPipes 121 122 --benchmarkName Matrix.ObjectMapping.Benchmarks.Collection.HandCoded --job Quick --benchmarkId 1 in /home/runner/work/dotnet-matrix/dotnet-matrix/src/Matrix.ObjectMapping/bin/Benchmark/Release/net10.0/Matrix.ObjectMapping-Quick-1/bin/Release/net10.0
// Failed to set up high priority (Permission denied). In order to run benchmarks with high priority, make sure you have the right permissions.
// BeforeAnythingElse

// Benchmark Process Environment Information:
// BenchmarkDotNet v0.15.8
// Runtime=.NET 10.0.11 (10.0.11, 10.0.1126.37416), X64 RyuJIT x86-64-v3
// GC=Concurrent Workstation
// HardwareIntrinsics=AVX2+BMI1+BMI2+F16C+FMA+LZCNT+MOVBE,AVX,SSE3+SSSE3+SSE4.1+SSE4.2+POPCNT,X86Base+SSE+SSE2,AES+PCLMUL VectorSize=256
// Job: Quick(MaxRelativeError=0.05, IterationTime=250ms, MaxIterationCount=12, MaxWarmupIterationCount=5, MinIterationCount=8, MinWarmupIterationCount=3)

OverheadJitting  1: 1 op, 240409.00 ns, 240.4090 us/op
WorkloadJitting  1: 1 op, 680191.00 ns, 680.1910 us/op

OverheadJitting  2: 16 op, 546421.00 ns, 34.1513 us/op
WorkloadJitting  2: 16 op, 640947.00 ns, 40.0592 us/op

WorkloadPilot    1: 16 op, 156423.00 ns, 9.7764 us/op
WorkloadPilot    2: 25584 op, 132216791.00 ns, 5.1679 us/op
WorkloadPilot    3: 48384 op, 95939570.00 ns, 1.9829 us/op
WorkloadPilot    4: 126080 op, 143086240.00 ns, 1.1349 us/op
WorkloadPilot    5: 220288 op, 232496881.00 ns, 1.0554 us/op
WorkloadPilot    6: 236880 op, 254541445.00 ns, 1.0746 us/op
WorkloadPilot    7: 232656 op, 246842500.00 ns, 1.0610 us/op
WorkloadPilot    8: 235632 op, 251558674.00 ns, 1.0676 us/op
WorkloadPilot    9: 234176 op, 255865392.00 ns, 1.0926 us/op

OverheadWarmup   1: 234176 op, 921592.00 ns, 3.9355 ns/op
OverheadWarmup   2: 234176 op, 911894.00 ns, 3.8941 ns/op
OverheadWarmup   3: 234176 op, 933695.00 ns, 3.9872 ns/op
OverheadWarmup   4: 234176 op, 930338.00 ns, 3.9728 ns/op
OverheadWarmup   5: 234176 op, 921752.00 ns, 3.9362 ns/op
OverheadWarmup   6: 234176 op, 937944.00 ns, 4.0053 ns/op
OverheadWarmup   7: 234176 op, 935619.00 ns, 3.9954 ns/op

OverheadActual   1: 234176 op, 922514.00 ns, 3.9394 ns/op
OverheadActual   2: 234176 op, 926803.00 ns, 3.9577 ns/op
OverheadActual   3: 234176 op, 919579.00 ns, 3.9269 ns/op
OverheadActual   4: 234176 op, 944105.00 ns, 4.0316 ns/op
OverheadActual   5: 234176 op, 922244.00 ns, 3.9383 ns/op
OverheadActual   6: 234176 op, 929277.00 ns, 3.9683 ns/op
OverheadActual   7: 234176 op, 926241.00 ns, 3.9553 ns/op
OverheadActual   8: 234176 op, 902035.00 ns, 3.8520 ns/op

WorkloadWarmup   1: 234176 op, 258627674.00 ns, 1.1044 us/op
WorkloadWarmup   2: 234176 op, 248441318.00 ns, 1.0609 us/op
WorkloadWarmup   3: 234176 op, 249959284.00 ns, 1.0674 us/op
WorkloadWarmup   4: 234176 op, 252175912.00 ns, 1.0769 us/op
WorkloadWarmup   5: 234176 op, 246084502.00 ns, 1.0509 us/op

// BeforeActualRun
WorkloadActual   1: 234176 op, 249272198.00 ns, 1.0645 us/op
WorkloadActual   2: 234176 op, 256657447.00 ns, 1.0960 us/op
WorkloadActual   3: 234176 op, 257043328.00 ns, 1.0977 us/op
WorkloadActual   4: 234176 op, 259358544.00 ns, 1.1075 us/op
WorkloadActual   5: 234176 op, 263210251.00 ns, 1.1240 us/op
WorkloadActual   6: 234176 op, 261432931.00 ns, 1.1164 us/op
WorkloadActual   7: 234176 op, 266663023.00 ns, 1.1387 us/op
WorkloadActual   8: 234176 op, 258572465.00 ns, 1.1042 us/op

// AfterActualRun
WorkloadResult   1: 234176 op, 248347820.50 ns, 1.0605 us/op
WorkloadResult   2: 234176 op, 255733069.50 ns, 1.0921 us/op
WorkloadResult   3: 234176 op, 256118950.50 ns, 1.0937 us/op
WorkloadResult   4: 234176 op, 258434166.50 ns, 1.1036 us/op
WorkloadResult   5: 234176 op, 262285873.50 ns, 1.1200 us/op
WorkloadResult   6: 234176 op, 260508553.50 ns, 1.1124 us/op
WorkloadResult   7: 234176 op, 265738645.50 ns, 1.1348 us/op
WorkloadResult   8: 234176 op, 257648087.50 ns, 1.1002 us/op
// GC:  89 2 0 1504346624 234176
// Threading:  0 0 234176

// AfterAll
// Benchmark Process 3371 has exited with code 0.

Mean = 1.102 μs, StdErr = 0.008 μs (0.71%), N = 8, StdDev = 0.022 μs
Min = 1.061 μs, Q1 = 1.093 μs, Median = 1.102 μs, Q3 = 1.114 μs, Max = 1.135 μs
IQR = 0.021 μs, LowerFence = 1.062 μs, UpperFence = 1.146 μs
ConfidenceInterval = [1.060 μs; 1.144 μs] (CI 99.9%), Margin = 0.042 μs (3.82% of Mean)
Skewness = -0.38, Kurtosis = 2.26, MValue = 2

// ** Remained 36 (94.7 %) benchmark(s) to run. Estimated finish 2026-08-27 14:08 (0h 3m from now) **
// **************************
// Benchmark: Collection.Mapperly: Quick(MaxRelativeError=0.05, Arguments=/p:MatrixMode=Benchmark, IterationTime=250ms, MaxIterationCount=12, MaxWarmupIterationCount=5, MinIterationCount=8, MinWarmupIterationCount=3)
// *** Execute ***
// Launch: 1 / 1
// Execute: dotnet Matrix.ObjectMapping-Quick-1.dll --anonymousPipes 121 122 --benchmarkName Matrix.ObjectMapping.Benchmarks.Collection.Mapperly --job Quick --benchmarkId 2 in /home/runner/work/dotnet-matrix/dotnet-matrix/src/Matrix.ObjectMapping/bin/Benchmark/Release/net10.0/Matrix.ObjectMapping-Quick-1/bin/Release/net10.0
// Failed to set up high priority (Permission denied). In order to run benchmarks with high priority, make sure you have the right permissions.
// BeforeAnythingElse

// Benchmark Process Environment Information:
// BenchmarkDotNet v0.15.8
// Runtime=.NET 10.0.11 (10.0.11, 10.0.1126.37416), X64 RyuJIT x86-64-v3
// GC=Concurrent Workstation
// HardwareIntrinsics=AVX2+BMI1+BMI2+F16C+FMA+LZCNT+MOVBE,AVX,SSE3+SSSE3+SSE4.1+SSE4.2+POPCNT,X86Base+SSE+SSE2,AES+PCLMUL VectorSize=256
// Job: Quick(MaxRelativeError=0.05, IterationTime=250ms, MaxIterationCount=12, MaxWarmupIterationCount=5, MinIterationCount=8, MinWarmupIterationCount=3)

OverheadJitting  1: 1 op, 234347.00 ns, 234.3470 us/op
WorkloadJitting  1: 1 op, 652850.00 ns, 652.8500 us/op

OverheadJitting  2: 16 op, 488804.00 ns, 30.5503 us/op
WorkloadJitting  2: 16 op, 626480.00 ns, 39.1550 us/op

WorkloadPilot    1: 16 op, 135914.00 ns, 8.4946 us/op
WorkloadPilot    2: 29440 op, 134368800.00 ns, 4.5642 us/op
WorkloadPilot    3: 54784 op, 95877488.00 ns, 1.7501 us/op
WorkloadPilot    4: 142864 op, 138256174.00 ns, 967.7468 ns/op
WorkloadPilot    5: 258336 op, 257678285.00 ns, 997.4540 ns/op
WorkloadPilot    6: 250640 op, 243186817.00 ns, 970.2634 ns/op
WorkloadPilot    7: 257664 op, 254269806.00 ns, 986.8271 ns/op
WorkloadPilot    8: 253344 op, 251647787.00 ns, 993.3047 ns/op

OverheadWarmup   1: 253344 op, 1005138.00 ns, 3.9675 ns/op
OverheadWarmup   2: 253344 op, 995961.00 ns, 3.9313 ns/op
OverheadWarmup   3: 253344 op, 1003776.00 ns, 3.9621 ns/op
OverheadWarmup   4: 253344 op, 1001291.00 ns, 3.9523 ns/op
OverheadWarmup   5: 253344 op, 998225.00 ns, 3.9402 ns/op
OverheadWarmup   6: 253344 op, 995250.00 ns, 3.9285 ns/op
OverheadWarmup   7: 253344 op, 1002032.00 ns, 3.9552 ns/op
OverheadWarmup   8: 253344 op, 986693.00 ns, 3.8947 ns/op

OverheadActual   1: 253344 op, 1010208.00 ns, 3.9875 ns/op
OverheadActual   2: 253344 op, 1011139.00 ns, 3.9912 ns/op
OverheadActual   3: 253344 op, 1002603.00 ns, 3.9575 ns/op
OverheadActual   4: 253344 op, 998235.00 ns, 3.9402 ns/op
OverheadActual   5: 253344 op, 998857.00 ns, 3.9427 ns/op
OverheadActual   6: 253344 op, 995861.00 ns, 3.9309 ns/op
OverheadActual   7: 253344 op, 991032.00 ns, 3.9118 ns/op
OverheadActual   8: 253344 op, 1006400.00 ns, 3.9725 ns/op

WorkloadWarmup   1: 253344 op, 259928890.00 ns, 1.0260 us/op
WorkloadWarmup   2: 253344 op, 261074641.00 ns, 1.0305 us/op
WorkloadWarmup   3: 253344 op, 255702713.00 ns, 1.0093 us/op
WorkloadWarmup   4: 253344 op, 255943764.00 ns, 1.0103 us/op
WorkloadWarmup   5: 253344 op, 265251385.00 ns, 1.0470 us/op

// BeforeActualRun
WorkloadActual   1: 253344 op, 255314117.00 ns, 1.0078 us/op
WorkloadActual   2: 253344 op, 278346374.00 ns, 1.0987 us/op
WorkloadActual   3: 253344 op, 274888633.00 ns, 1.0850 us/op
WorkloadActual   4: 253344 op, 279384445.00 ns, 1.1028 us/op
WorkloadActual   5: 253344 op, 263694195.00 ns, 1.0409 us/op
WorkloadActual   6: 253344 op, 268976165.00 ns, 1.0617 us/op
WorkloadActual   7: 253344 op, 270666183.00 ns, 1.0684 us/op
WorkloadActual   8: 253344 op, 259636674.00 ns, 1.0248 us/op
WorkloadActual   9: 253344 op, 274625150.00 ns, 1.0840 us/op
WorkloadActual  10: 253344 op, 254280205.00 ns, 1.0037 us/op
WorkloadActual  11: 253344 op, 263202759.00 ns, 1.0389 us/op

// AfterActualRun
WorkloadResult   1: 253344 op, 254313387.00 ns, 1.0038 us/op
WorkloadResult   2: 253344 op, 277345644.00 ns, 1.0947 us/op
WorkloadResult   3: 253344 op, 273887903.00 ns, 1.0811 us/op
WorkloadResult   4: 253344 op, 278383715.00 ns, 1.0988 us/op
WorkloadResult   5: 253344 op, 262693465.00 ns, 1.0369 us/op
WorkloadResult   6: 253344 op, 267975435.00 ns, 1.0578 us/op
WorkloadResult   7: 253344 op, 269665453.00 ns, 1.0644 us/op
WorkloadResult   8: 253344 op, 258635944.00 ns, 1.0209 us/op
WorkloadResult   9: 253344 op, 273624420.00 ns, 1.0801 us/op
WorkloadResult  10: 253344 op, 253279475.00 ns, 999.7453 ns/op
WorkloadResult  11: 253344 op, 262202029.00 ns, 1.0350 us/op
// GC:  97 2 0 1627481856 253344
// Threading:  0 0 253344

// AfterAll
// Benchmark Process 3381 has exited with code 0.

Mean = 1.052 μs, StdErr = 0.011 μs (1.01%), N = 11, StdDev = 0.035 μs
Min = 1.000 μs, Q1 = 1.028 μs, Median = 1.058 μs, Q3 = 1.081 μs, Max = 1.099 μs
IQR = 0.053 μs, LowerFence = 0.949 μs, UpperFence = 1.160 μs
ConfidenceInterval = [1.003 μs; 1.101 μs] (CI 99.9%), Margin = 0.049 μs (4.62% of Mean)
Skewness = -0.14, Kurtosis = 1.39, MValue = 2

// ** Remained 35 (92.1 %) benchmark(s) to run. Estimated finish 2026-08-27 14:08 (0h 3m from now) **
// **************************
// Benchmark: Collection.Mapster: Quick(MaxRelativeError=0.05, Arguments=/p:MatrixMode=Benchmark, IterationTime=250ms, MaxIterationCount=12, MaxWarmupIterationCount=5, MinIterationCount=8, MinWarmupIterationCount=3)
// *** Execute ***
// Launch: 1 / 1
// Execute: dotnet Matrix.ObjectMapping-Quick-1.dll --anonymousPipes 121 122 --benchmarkName Matrix.ObjectMapping.Benchmarks.Collection.Mapster --job Quick --benchmarkId 3 in /home/runner/work/dotnet-matrix/dotnet-matrix/src/Matrix.ObjectMapping/bin/Benchmark/Release/net10.0/Matrix.ObjectMapping-Quick-1/bin/Release/net10.0
// Failed to set up high priority (Permission denied). In order to run benchmarks with high priority, make sure you have the right permissions.
// BeforeAnythingElse

// Benchmark Process Environment Information:
// BenchmarkDotNet v0.15.8
// Runtime=.NET 10.0.11 (10.0.11, 10.0.1126.37416), X64 RyuJIT x86-64-v3
// GC=Concurrent Workstation
// HardwareIntrinsics=AVX2+BMI1+BMI2+F16C+FMA+LZCNT+MOVBE,AVX,SSE3+SSSE3+SSE4.1+SSE4.2+POPCNT,X86Base+SSE+SSE2,AES+PCLMUL VectorSize=256
// Job: Quick(MaxRelativeError=0.05, IterationTime=250ms, MaxIterationCount=12, MaxWarmupIterationCount=5, MinIterationCount=8, MinWarmupIterationCount=3)

OverheadJitting  1: 1 op, 287537.00 ns, 287.5370 us/op
WorkloadJitting  1: 1 op, 3479518.00 ns, 3.4795 ms/op

OverheadJitting  2: 16 op, 494063.00 ns, 30.8789 us/op
WorkloadJitting  2: 16 op, 568272.00 ns, 35.5170 us/op

WorkloadPilot    1: 16 op, 102161.00 ns, 6.3851 us/op
WorkloadPilot    2: 39168 op, 71804379.00 ns, 1.8332 us/op
WorkloadPilot    3: 136384 op, 218500720.00 ns, 1.6021 us/op
WorkloadPilot    4: 156048 op, 230656546.00 ns, 1.4781 us/op
WorkloadPilot    5: 169136 op, 240966551.00 ns, 1.4247 us/op
WorkloadPilot    6: 175488 op, 250812699.00 ns, 1.4292 us/op
WorkloadPilot    7: 174928 op, 255713973.00 ns, 1.4618 us/op
WorkloadPilot    8: 171024 op, 250266369.00 ns, 1.4633 us/op

OverheadWarmup   1: 171024 op, 742015.00 ns, 4.3387 ns/op
OverheadWarmup   2: 171024 op, 722830.00 ns, 4.2265 ns/op
OverheadWarmup   3: 171024 op, 715927.00 ns, 4.1861 ns/op
OverheadWarmup   4: 171024 op, 725545.00 ns, 4.2424 ns/op
OverheadWarmup   5: 171024 op, 721147.00 ns, 4.2166 ns/op
OverheadWarmup   6: 171024 op, 694507.00 ns, 4.0609 ns/op
OverheadWarmup   7: 171024 op, 731887.00 ns, 4.2794 ns/op
OverheadWarmup   8: 171024 op, 721397.00 ns, 4.2181 ns/op

OverheadActual   1: 171024 op, 710758.00 ns, 4.1559 ns/op
OverheadActual   2: 171024 op, 721567.00 ns, 4.2191 ns/op
OverheadActual   3: 171024 op, 712360.00 ns, 4.1653 ns/op
OverheadActual   4: 171024 op, 725615.00 ns, 4.2428 ns/op
OverheadActual   5: 171024 op, 699256.00 ns, 4.0886 ns/op
OverheadActual   6: 171024 op, 728921.00 ns, 4.2621 ns/op
OverheadActual   7: 171024 op, 720335.00 ns, 4.2119 ns/op
OverheadActual   8: 171024 op, 720235.00 ns, 4.2113 ns/op

WorkloadWarmup   1: 171024 op, 259131505.00 ns, 1.5152 us/op
WorkloadWarmup   2: 171024 op, 249341582.00 ns, 1.4579 us/op
WorkloadWarmup   3: 171024 op, 244096927.00 ns, 1.4273 us/op
WorkloadWarmup   4: 171024 op, 248915386.00 ns, 1.4554 us/op
WorkloadWarmup   5: 171024 op, 241849360.00 ns, 1.4141 us/op

// BeforeActualRun
WorkloadActual   1: 171024 op, 244837500.00 ns, 1.4316 us/op
WorkloadActual   2: 171024 op, 247526753.00 ns, 1.4473 us/op
WorkloadActual   3: 171024 op, 251502137.00 ns, 1.4706 us/op
WorkloadActual   4: 171024 op, 252995596.00 ns, 1.4793 us/op
WorkloadActual   5: 171024 op, 260207354.00 ns, 1.5215 us/op
WorkloadActual   6: 171024 op, 252583557.00 ns, 1.4769 us/op
WorkloadActual   7: 171024 op, 255914841.00 ns, 1.4964 us/op
WorkloadActual   8: 171024 op, 249040008.00 ns, 1.4562 us/op

// AfterActualRun
WorkloadResult   1: 171024 op, 244117215.00 ns, 1.4274 us/op
WorkloadResult   2: 171024 op, 246806468.00 ns, 1.4431 us/op
WorkloadResult   3: 171024 op, 250781852.00 ns, 1.4664 us/op
WorkloadResult   4: 171024 op, 252275311.00 ns, 1.4751 us/op
WorkloadResult   5: 171024 op, 259487069.00 ns, 1.5173 us/op
WorkloadResult   6: 171024 op, 251863272.00 ns, 1.4727 us/op
WorkloadResult   7: 171024 op, 255194556.00 ns, 1.4922 us/op
WorkloadResult   8: 171024 op, 248319723.00 ns, 1.4520 us/op
// GC:  65 1 0 1098658176 171024
// Threading:  0 0 171024

// AfterAll
// Benchmark Process 3392 has exited with code 0.

Mean = 1.468 μs, StdErr = 0.010 μs (0.68%), N = 8, StdDev = 0.028 μs
Min = 1.427 μs, Q1 = 1.450 μs, Median = 1.470 μs, Q3 = 1.479 μs, Max = 1.517 μs
IQR = 0.030 μs, LowerFence = 1.405 μs, UpperFence = 1.524 μs
ConfidenceInterval = [1.414 μs; 1.522 μs] (CI 99.9%), Margin = 0.054 μs (3.69% of Mean)
Skewness = 0.24, Kurtosis = 1.82, MValue = 2

// ** Remained 34 (89.5 %) benchmark(s) to run. Estimated finish 2026-08-27 14:08 (0h 3m from now) **
// ***** BenchmarkRunner: Finish  *****

// * Export *
  tmp/dotnet-matrix/ObjectMapping/20a3bacfa27b4f79b1dc7ff5c0db69bd/results/Matrix.ObjectMapping.Benchmarks.Collection-report.csv
  tmp/dotnet-matrix/ObjectMapping/20a3bacfa27b4f79b1dc7ff5c0db69bd/results/Matrix.ObjectMapping.Benchmarks.Collection-report-github.md
  tmp/dotnet-matrix/ObjectMapping/20a3bacfa27b4f79b1dc7ff5c0db69bd/results/Matrix.ObjectMapping.Benchmarks.Collection-report.html
  tmp/dotnet-matrix/ObjectMapping/20a3bacfa27b4f79b1dc7ff5c0db69bd/results/Matrix.ObjectMapping.Benchmarks.Collection-report-full.json

// * Detailed results *
Collection.Mapperly: Quick(MaxRelativeError=0.05, Arguments=/p:MatrixMode=Benchmark, IterationTime=250ms, MaxIterationCount=12, MaxWarmupIterationCount=5, MinIterationCount=8, MinWarmupIterationCount=3)
Runtime = .NET 10.0.11 (10.0.11, 10.0.1126.37416), X64 RyuJIT x86-64-v3; GC = Concurrent Workstation
Mean = 1.052 μs, StdErr = 0.011 μs (1.01%), N = 11, StdDev = 0.035 μs
Min = 1.000 μs, Q1 = 1.028 μs, Median = 1.058 μs, Q3 = 1.081 μs, Max = 1.099 μs
IQR = 0.053 μs, LowerFence = 0.949 μs, UpperFence = 1.160 μs
ConfidenceInterval = [1.003 μs; 1.101 μs] (CI 99.9%), Margin = 0.049 μs (4.62% of Mean)
Skewness = -0.14, Kurtosis = 1.39, MValue = 2
-------------------- Histogram --------------------
[0.998 μs ; 1.039 μs) | @@@@@
[1.039 μs ; 1.099 μs) | @@@@@@
---------------------------------------------------

Collection.HandCoded: Quick(MaxRelativeError=0.05, Arguments=/p:MatrixMode=Benchmark, IterationTime=250ms, MaxIterationCount=12, MaxWarmupIterationCount=5, MinIterationCount=8, MinWarmupIterationCount=3)
Runtime = .NET 10.0.11 (10.0.11, 10.0.1126.37416), X64 RyuJIT x86-64-v3; GC = Concurrent Workstation
Mean = 1.102 μs, StdErr = 0.008 μs (0.71%), N = 8, StdDev = 0.022 μs
Min = 1.061 μs, Q1 = 1.093 μs, Median = 1.102 μs, Q3 = 1.114 μs, Max = 1.135 μs
IQR = 0.021 μs, LowerFence = 1.062 μs, UpperFence = 1.146 μs
ConfidenceInterval = [1.060 μs; 1.144 μs] (CI 99.9%), Margin = 0.042 μs (3.82% of Mean)
Skewness = -0.38, Kurtosis = 2.26, MValue = 2
-------------------- Histogram --------------------
[1.046 μs ; 1.075 μs) | @
[1.075 μs ; 1.121 μs) | @@@@@@
[1.121 μs ; 1.149 μs) | @
---------------------------------------------------

Collection.AutoMapper: Quick(MaxRelativeError=0.05, Arguments=/p:MatrixMode=Benchmark, IterationTime=250ms, MaxIterationCount=12, MaxWarmupIterationCount=5, MinIterationCount=8, MinWarmupIterationCount=3)
Runtime = .NET 10.0.11 (10.0.11, 10.0.1126.37416), X64 RyuJIT x86-64-v3; GC = Concurrent Workstation
Mean = 1.289 μs, StdErr = 0.013 μs (0.99%), N = 11, StdDev = 0.042 μs
Min = 1.217 μs, Q1 = 1.270 μs, Median = 1.286 μs, Q3 = 1.319 μs, Max = 1.348 μs
IQR = 0.049 μs, LowerFence = 1.196 μs, UpperFence = 1.393 μs
ConfidenceInterval = [1.230 μs; 1.347 μs] (CI 99.9%), Margin = 0.059 μs (4.55% of Mean)
Skewness = -0.34, Kurtosis = 1.8, MValue = 2
-------------------- Histogram --------------------
[1.192 μs ; 1.246 μs) | @@
[1.246 μs ; 1.316 μs) | @@@@@@
[1.316 μs ; 1.373 μs) | @@@
---------------------------------------------------

Collection.Mapster: Quick(MaxRelativeError=0.05, Arguments=/p:MatrixMode=Benchmark, IterationTime=250ms, MaxIterationCount=12, MaxWarmupIterationCount=5, MinIterationCount=8, MinWarmupIterationCount=3)
Runtime = .NET 10.0.11 (10.0.11, 10.0.1126.37416), X64 RyuJIT x86-64-v3; GC = Concurrent Workstation
Mean = 1.468 μs, StdErr = 0.010 μs (0.68%), N = 8, StdDev = 0.028 μs
Min = 1.427 μs, Q1 = 1.450 μs, Median = 1.470 μs, Q3 = 1.479 μs, Max = 1.517 μs
IQR = 0.030 μs, LowerFence = 1.405 μs, UpperFence = 1.524 μs
ConfidenceInterval = [1.414 μs; 1.522 μs] (CI 99.9%), Margin = 0.054 μs (3.69% of Mean)
Skewness = 0.24, Kurtosis = 1.82, MValue = 2
-------------------- Histogram --------------------
[1.409 μs ; 1.441 μs) | @
[1.441 μs ; 1.478 μs) | @@@@@
[1.478 μs ; 1.523 μs) | @@
---------------------------------------------------

// * Summary *

BenchmarkDotNet v0.15.8, Linux Ubuntu 24.04.4 LTS (Noble Numbat)
AMD EPYC 7763 2.45GHz, 1 CPU, 4 logical and 2 physical cores
.NET SDK 10.0.400
  [Host] : .NET 10.0.11 (10.0.11, 10.0.1126.37416), X64 RyuJIT x86-64-v3
  Quick  : .NET 10.0.11 (10.0.11, 10.0.1126.37416), X64 RyuJIT x86-64-v3

Job=Quick  MaxRelativeError=0.05  Arguments=/p:MatrixMode=Benchmark  
IterationTime=250ms  MaxIterationCount=12  MaxWarmupIterationCount=5  
MinIterationCount=8  MinWarmupIterationCount=3  

| Method     | Mean     | Error     | StdDev    | Ratio | RatioSD | Gen0   | Gen1   | Allocated | Alloc Ratio |
|----------- |---------:|----------:|----------:|------:|--------:|-------:|-------:|----------:|------------:|
| Mapperly   | 1.052 μs | 0.0487 μs | 0.0352 μs |  0.95 |    0.04 | 0.3829 | 0.0079 |   6.27 KB |        1.00 |
| HandCoded  | 1.102 μs | 0.0422 μs | 0.0220 μs |  1.00 |    0.03 | 0.3801 | 0.0085 |   6.27 KB |        1.00 |
| AutoMapper | 1.289 μs | 0.0586 μs | 0.0424 μs |  1.17 |    0.04 | 0.3797 | 0.0050 |   6.27 KB |        1.00 |
| Mapster    | 1.468 μs | 0.0541 μs | 0.0283 μs |  1.33 |    0.04 | 0.3801 | 0.0058 |   6.27 KB |        1.00 |

// * Hints *
Outliers
  Collection.HandCoded: Quick -> 1 outlier  was  detected (1.06 μs)

// * Legends *
  Mean        : Arithmetic mean of all measurements
  Error       : Half of 99.9% confidence interval
  StdDev      : Standard deviation of all measurements
  Ratio       : Mean of the ratio distribution ([Current]/[Baseline])
  RatioSD     : Standard deviation of the ratio distribution ([Current]/[Baseline])
  Gen0        : GC Generation 0 collects per 1000 operations
  Gen1        : GC Generation 1 collects per 1000 operations
  Allocated   : Allocated memory per single operation (managed only, inclusive, 1KB = 1024B)
  Alloc Ratio : Allocated memory ratio distribution ([Current]/[Baseline])
  1 μs        : 1 Microsecond (0.000001 sec)

// * Diagnostic Output - MemoryDiagnoser *


// ***** BenchmarkRunner: End *****
Run time: 00:00:23 (23.27 sec), executed benchmarks: 4

// Found 4 benchmarks:
//   CustomConversion.AutoMapper: Quick(MaxRelativeError=0.05, Arguments=/p:MatrixMode=Benchmark, IterationTime=250ms, MaxIterationCount=12, MaxWarmupIterationCount=5, MinIterationCount=8, MinWarmupIterationCount=3)
//   CustomConversion.HandCoded: Quick(MaxRelativeError=0.05, Arguments=/p:MatrixMode=Benchmark, IterationTime=250ms, MaxIterationCount=12, MaxWarmupIterationCount=5, MinIterationCount=8, MinWarmupIterationCount=3)
//   CustomConversion.Mapperly: Quick(MaxRelativeError=0.05, Arguments=/p:MatrixMode=Benchmark, IterationTime=250ms, MaxIterationCount=12, MaxWarmupIterationCount=5, MinIterationCount=8, MinWarmupIterationCount=3)
//   CustomConversion.Mapster: Quick(MaxRelativeError=0.05, Arguments=/p:MatrixMode=Benchmark, IterationTime=250ms, MaxIterationCount=12, MaxWarmupIterationCount=5, MinIterationCount=8, MinWarmupIterationCount=3)

// **************************
// Benchmark: CustomConversion.AutoMapper: Quick(MaxRelativeError=0.05, Arguments=/p:MatrixMode=Benchmark, IterationTime=250ms, MaxIterationCount=12, MaxWarmupIterationCount=5, MinIterationCount=8, MinWarmupIterationCount=3)
// *** Execute ***
// Launch: 1 / 1
// Execute: dotnet Matrix.ObjectMapping-Quick-1.dll --anonymousPipes 127 128 --benchmarkName Matrix.ObjectMapping.Benchmarks.CustomConversion.AutoMapper --job Quick --benchmarkId 4 in /home/runner/work/dotnet-matrix/dotnet-matrix/src/Matrix.ObjectMapping/bin/Benchmark/Release/net10.0/Matrix.ObjectMapping-Quick-1/bin/Release/net10.0
// Failed to set up high priority (Permission denied). In order to run benchmarks with high priority, make sure you have the right permissions.
// BeforeAnythingElse

// Benchmark Process Environment Information:
// BenchmarkDotNet v0.15.8
// Runtime=.NET 10.0.11 (10.0.11, 10.0.1126.37416), X64 RyuJIT x86-64-v3
// GC=Concurrent Workstation
// HardwareIntrinsics=AVX2+BMI1+BMI2+F16C+FMA+LZCNT+MOVBE,AVX,SSE3+SSSE3+SSE4.1+SSE4.2+POPCNT,X86Base+SSE+SSE2,AES+PCLMUL VectorSize=256
// Job: Quick(MaxRelativeError=0.05, IterationTime=250ms, MaxIterationCount=12, MaxWarmupIterationCount=5, MinIterationCount=8, MinWarmupIterationCount=3)

OverheadJitting  1: 1 op, 251891.00 ns, 251.8910 us/op
WorkloadJitting  1: 1 op, 2565211.00 ns, 2.5652 ms/op

OverheadJitting  2: 16 op, 501606.00 ns, 31.3504 us/op
WorkloadJitting  2: 16 op, 826174.00 ns, 51.6359 us/op

WorkloadPilot    1: 16 op, 15899.00 ns, 993.6875 ns/op
WorkloadPilot    2: 251600 op, 124763885.00 ns, 495.8819 ns/op
WorkloadPilot    3: 504160 op, 131321121.00 ns, 260.4751 ns/op
WorkloadPilot    4: 959792 op, 137037647.00 ns, 142.7785 ns/op
WorkloadPilot    5: 1750976 op, 245579436.00 ns, 140.2529 ns/op
WorkloadPilot    6: 1782496 op, 260085997.00 ns, 145.9111 ns/op
WorkloadPilot    7: 1713376 op, 242486159.00 ns, 141.5254 ns/op
WorkloadPilot    8: 1766480 op, 247738534.00 ns, 140.2442 ns/op
WorkloadPilot    9: 1782608 op, 250180975.00 ns, 140.3455 ns/op
WorkloadPilot   10: 1781328 op, 248742055.00 ns, 139.6385 ns/op
WorkloadPilot   11: 1790352 op, 253554300.00 ns, 141.6226 ns/op

OverheadWarmup   1: 1790352 op, 6984905.00 ns, 3.9014 ns/op
OverheadWarmup   2: 1790352 op, 6967002.00 ns, 3.8914 ns/op
OverheadWarmup   3: 1790352 op, 7048915.00 ns, 3.9372 ns/op
OverheadWarmup   4: 1790352 op, 6988832.00 ns, 3.9036 ns/op
OverheadWarmup   5: 1790352 op, 6970699.00 ns, 3.8935 ns/op
OverheadWarmup   6: 1790352 op, 6971230.00 ns, 3.8938 ns/op
OverheadWarmup   7: 1790352 op, 6962143.00 ns, 3.8887 ns/op

OverheadActual   1: 1790352 op, 7026864.00 ns, 3.9249 ns/op
OverheadActual   2: 1790352 op, 7124837.00 ns, 3.9796 ns/op
OverheadActual   3: 1790352 op, 6975047.00 ns, 3.8959 ns/op
OverheadActual   4: 1790352 op, 6966631.00 ns, 3.8912 ns/op
OverheadActual   5: 1790352 op, 6973243.00 ns, 3.8949 ns/op
OverheadActual   6: 1790352 op, 6994543.00 ns, 3.9068 ns/op
OverheadActual   7: 1790352 op, 7008159.00 ns, 3.9144 ns/op
OverheadActual   8: 1790352 op, 6955430.00 ns, 3.8850 ns/op

WorkloadWarmup   1: 1790352 op, 263052336.00 ns, 146.9277 ns/op
WorkloadWarmup   2: 1790352 op, 252704682.00 ns, 141.1480 ns/op
WorkloadWarmup   3: 1790352 op, 252491063.00 ns, 141.0287 ns/op
WorkloadWarmup   4: 1790352 op, 251702048.00 ns, 140.5880 ns/op
WorkloadWarmup   5: 1790352 op, 250293676.00 ns, 139.8014 ns/op

// BeforeActualRun
WorkloadActual   1: 1790352 op, 253008169.00 ns, 141.3176 ns/op
WorkloadActual   2: 1790352 op, 250249944.00 ns, 139.7770 ns/op
WorkloadActual   3: 1790352 op, 251354909.00 ns, 140.3941 ns/op
WorkloadActual   4: 1790352 op, 249831612.00 ns, 139.5433 ns/op
WorkloadActual   5: 1790352 op, 249651746.00 ns, 139.4428 ns/op
WorkloadActual   6: 1790352 op, 250171407.00 ns, 139.7331 ns/op
WorkloadActual   7: 1790352 op, 251131391.00 ns, 140.2693 ns/op
WorkloadActual   8: 1790352 op, 249965793.00 ns, 139.6182 ns/op

// AfterActualRun
WorkloadResult   1: 1790352 op, 246023374.00 ns, 137.4162 ns/op
WorkloadResult   2: 1790352 op, 243265149.00 ns, 135.8756 ns/op
WorkloadResult   3: 1790352 op, 244370114.00 ns, 136.4928 ns/op
WorkloadResult   4: 1790352 op, 242846817.00 ns, 135.6419 ns/op
WorkloadResult   5: 1790352 op, 242666951.00 ns, 135.5415 ns/op
WorkloadResult   6: 1790352 op, 243186612.00 ns, 135.8317 ns/op
WorkloadResult   7: 1790352 op, 244146596.00 ns, 136.3679 ns/op
WorkloadResult   8: 1790352 op, 242980998.00 ns, 135.7169 ns/op
// GC:  9 0 0 157550976 1790352
// Threading:  0 0 1790352

// AfterAll
// Benchmark Process 3407 has exited with code 0.

Mean = 136.111 ns, StdErr = 0.222 ns (0.16%), N = 8, StdDev = 0.627 ns
Min = 135.541 ns, Q1 = 135.698 ns, Median = 135.854 ns, Q3 = 136.399 ns, Max = 137.416 ns
IQR = 0.701 ns, LowerFence = 134.647 ns, UpperFence = 137.451 ns
ConfidenceInterval = [134.913 ns; 137.309 ns] (CI 99.9%), Margin = 1.198 ns (0.88% of Mean)
Skewness = 0.97, Kurtosis = 2.53, MValue = 2

// ** Remained 33 (86.8 %) benchmark(s) to run. Estimated finish 2026-08-27 14:08 (0h 3m from now) **
// **************************
// Benchmark: CustomConversion.HandCoded: Quick(MaxRelativeError=0.05, Arguments=/p:MatrixMode=Benchmark, IterationTime=250ms, MaxIterationCount=12, MaxWarmupIterationCount=5, MinIterationCount=8, MinWarmupIterationCount=3)
// *** Execute ***
// Launch: 1 / 1
// Execute: dotnet Matrix.ObjectMapping-Quick-1.dll --anonymousPipes 127 128 --benchmarkName Matrix.ObjectMapping.Benchmarks.CustomConversion.HandCoded --job Quick --benchmarkId 5 in /home/runner/work/dotnet-matrix/dotnet-matrix/src/Matrix.ObjectMapping/bin/Benchmark/Release/net10.0/Matrix.ObjectMapping-Quick-1/bin/Release/net10.0
// Failed to set up high priority (Permission denied). In order to run benchmarks with high priority, make sure you have the right permissions.
// BeforeAnythingElse

// Benchmark Process Environment Information:
// BenchmarkDotNet v0.15.8
// Runtime=.NET 10.0.11 (10.0.11, 10.0.1126.37416), X64 RyuJIT x86-64-v3
// GC=Concurrent Workstation
// HardwareIntrinsics=AVX2+BMI1+BMI2+F16C+FMA+LZCNT+MOVBE,AVX,SSE3+SSSE3+SSE4.1+SSE4.2+POPCNT,X86Base+SSE+SSE2,AES+PCLMUL VectorSize=256
// Job: Quick(MaxRelativeError=0.05, IterationTime=250ms, MaxIterationCount=12, MaxWarmupIterationCount=5, MinIterationCount=8, MinWarmupIterationCount=3)

OverheadJitting  1: 1 op, 231353.00 ns, 231.3530 us/op
WorkloadJitting  1: 1 op, 552703.00 ns, 552.7030 us/op

OverheadJitting  2: 16 op, 481059.00 ns, 30.0662 us/op
WorkloadJitting  2: 16 op, 501768.00 ns, 31.3605 us/op

WorkloadPilot    1: 16 op, 8295.00 ns, 518.4375 ns/op
WorkloadPilot    2: 482224 op, 71830977.00 ns, 148.9577 ns/op
WorkloadPilot    3: 1678336 op, 206724542.00 ns, 123.1723 ns/op
WorkloadPilot    4: 2029680 op, 161687284.00 ns, 79.6615 ns/op
WorkloadPilot    5: 3138288 op, 249373155.00 ns, 79.4615 ns/op
WorkloadPilot    6: 3146192 op, 247350454.00 ns, 78.6190 ns/op
WorkloadPilot    7: 3179904 op, 251149485.00 ns, 78.9802 ns/op
WorkloadPilot    8: 3165360 op, 252761949.00 ns, 79.8525 ns/op
WorkloadPilot    9: 3130784 op, 248141723.00 ns, 79.2587 ns/op
WorkloadPilot   10: 3154240 op, 250365961.00 ns, 79.3744 ns/op

OverheadWarmup   1: 3154240 op, 12343181.00 ns, 3.9132 ns/op
OverheadWarmup   2: 3154240 op, 12404726.00 ns, 3.9327 ns/op
OverheadWarmup   3: 3154240 op, 12314196.00 ns, 3.9040 ns/op
OverheadWarmup   4: 3154240 op, 12267959.00 ns, 3.8894 ns/op
OverheadWarmup   5: 3154240 op, 12271085.00 ns, 3.8903 ns/op
OverheadWarmup   6: 3154240 op, 12268701.00 ns, 3.8896 ns/op

OverheadActual   1: 3154240 op, 12347458.00 ns, 3.9146 ns/op
OverheadActual   2: 3154240 op, 12326950.00 ns, 3.9081 ns/op
OverheadActual   3: 3154240 op, 12313595.00 ns, 3.9038 ns/op
OverheadActual   4: 3154240 op, 12283018.00 ns, 3.8941 ns/op
OverheadActual   5: 3154240 op, 12275804.00 ns, 3.8918 ns/op
OverheadActual   6: 3154240 op, 12326159.00 ns, 3.9078 ns/op
OverheadActual   7: 3154240 op, 12260786.00 ns, 3.8871 ns/op
OverheadActual   8: 3154240 op, 12266578.00 ns, 3.8889 ns/op

WorkloadWarmup   1: 3154240 op, 277367598.00 ns, 87.9348 ns/op
WorkloadWarmup   2: 3154240 op, 251500642.00 ns, 79.7341 ns/op
WorkloadWarmup   3: 3154240 op, 245244048.00 ns, 77.7506 ns/op
WorkloadWarmup   4: 3154240 op, 245543267.00 ns, 77.8455 ns/op
WorkloadWarmup   5: 3154240 op, 246288988.00 ns, 78.0819 ns/op

// BeforeActualRun
WorkloadActual   1: 3154240 op, 253731550.00 ns, 80.4414 ns/op
WorkloadActual   2: 3154240 op, 246483857.00 ns, 78.1437 ns/op
WorkloadActual   3: 3154240 op, 247579389.00 ns, 78.4910 ns/op
WorkloadActual   4: 3154240 op, 248544075.00 ns, 78.7968 ns/op
WorkloadActual   5: 3154240 op, 248950607.00 ns, 78.9257 ns/op
WorkloadActual   6: 3154240 op, 246786704.00 ns, 78.2397 ns/op
WorkloadActual   7: 3154240 op, 246540253.00 ns, 78.1615 ns/op
WorkloadActual   8: 3154240 op, 246523672.00 ns, 78.1563 ns/op

// AfterActualRun
WorkloadResult   1: 3154240 op, 234185550.50 ns, 74.2447 ns/op
WorkloadResult   2: 3154240 op, 235281082.50 ns, 74.5920 ns/op
WorkloadResult   3: 3154240 op, 236245768.50 ns, 74.8978 ns/op
WorkloadResult   4: 3154240 op, 236652300.50 ns, 75.0267 ns/op
WorkloadResult   5: 3154240 op, 234488397.50 ns, 74.3407 ns/op
WorkloadResult   6: 3154240 op, 234241946.50 ns, 74.2626 ns/op
WorkloadResult   7: 3154240 op, 234225365.50 ns, 74.2573 ns/op
// GC:  16 0 0 277573120 3154240
// Threading:  0 0 3154240

// AfterAll
// Benchmark Process 3418 has exited with code 0.

Mean = 74.517 ns, StdErr = 0.124 ns (0.17%), N = 7, StdDev = 0.329 ns
Min = 74.245 ns, Q1 = 74.260 ns, Median = 74.341 ns, Q3 = 74.745 ns, Max = 75.027 ns
IQR = 0.485 ns, LowerFence = 73.532 ns, UpperFence = 75.472 ns
ConfidenceInterval = [73.777 ns; 75.258 ns] (CI 99.9%), Margin = 0.740 ns (0.99% of Mean)
Skewness = 0.51, Kurtosis = 1.27, MValue = 2

// ** Remained 32 (84.2 %) benchmark(s) to run. Estimated finish 2026-08-27 14:08 (0h 3m from now) **
// **************************
// Benchmark: CustomConversion.Mapperly: Quick(MaxRelativeError=0.05, Arguments=/p:MatrixMode=Benchmark, IterationTime=250ms, MaxIterationCount=12, MaxWarmupIterationCount=5, MinIterationCount=8, MinWarmupIterationCount=3)
// *** Execute ***
// Launch: 1 / 1
// Execute: dotnet Matrix.ObjectMapping-Quick-1.dll --anonymousPipes 127 128 --benchmarkName Matrix.ObjectMapping.Benchmarks.CustomConversion.Mapperly --job Quick --benchmarkId 6 in /home/runner/work/dotnet-matrix/dotnet-matrix/src/Matrix.ObjectMapping/bin/Benchmark/Release/net10.0/Matrix.ObjectMapping-Quick-1/bin/Release/net10.0
// Failed to set up high priority (Permission denied). In order to run benchmarks with high priority, make sure you have the right permissions.
// BeforeAnythingElse

// Benchmark Process Environment Information:
// BenchmarkDotNet v0.15.8
// Runtime=.NET 10.0.11 (10.0.11, 10.0.1126.37416), X64 RyuJIT x86-64-v3
// GC=Concurrent Workstation
// HardwareIntrinsics=AVX2+BMI1+BMI2+F16C+FMA+LZCNT+MOVBE,AVX,SSE3+SSSE3+SSE4.1+SSE4.2+POPCNT,X86Base+SSE+SSE2,AES+PCLMUL VectorSize=256
// Job: Quick(MaxRelativeError=0.05, IterationTime=250ms, MaxIterationCount=12, MaxWarmupIterationCount=5, MinIterationCount=8, MinWarmupIterationCount=3)

OverheadJitting  1: 1 op, 237635.00 ns, 237.6350 us/op
WorkloadJitting  1: 1 op, 615743.00 ns, 615.7430 us/op

OverheadJitting  2: 16 op, 495798.00 ns, 30.9874 us/op
WorkloadJitting  2: 16 op, 573825.00 ns, 35.8641 us/op

WorkloadPilot    1: 16 op, 6262.00 ns, 391.3750 ns/op
WorkloadPilot    2: 638784 op, 89489510.00 ns, 140.0935 ns/op
WorkloadPilot    3: 1784528 op, 198632174.00 ns, 111.3080 ns/op
WorkloadPilot    4: 2246032 op, 181644961.00 ns, 80.8737 ns/op
WorkloadPilot    5: 3091248 op, 250727965.00 ns, 81.1090 ns/op
WorkloadPilot    6: 3082288 op, 248264603.00 ns, 80.5456 ns/op
WorkloadPilot    7: 3103840 op, 249497111.00 ns, 80.3834 ns/op
WorkloadPilot    8: 3110096 op, 251508266.00 ns, 80.8683 ns/op
WorkloadPilot    9: 3091456 op, 250810870.00 ns, 81.1303 ns/op

OverheadWarmup   1: 3091456 op, 12258677.00 ns, 3.9653 ns/op
OverheadWarmup   2: 3091456 op, 12202813.00 ns, 3.9473 ns/op
OverheadWarmup   3: 3091456 op, 12613802.00 ns, 4.0802 ns/op
OverheadWarmup   4: 3091456 op, 12247626.00 ns, 3.9618 ns/op
OverheadWarmup   5: 3091456 op, 12148852.00 ns, 3.9298 ns/op
OverheadWarmup   6: 3091456 op, 12166555.00 ns, 3.9355 ns/op
OverheadWarmup   7: 3091456 op, 12212290.00 ns, 3.9503 ns/op
OverheadWarmup   8: 3091456 op, 12218392.00 ns, 3.9523 ns/op
OverheadWarmup   9: 3091456 op, 12151867.00 ns, 3.9308 ns/op

OverheadActual   1: 3091456 op, 12272953.00 ns, 3.9700 ns/op
OverheadActual   2: 3091456 op, 12219043.00 ns, 3.9525 ns/op
OverheadActual   3: 3091456 op, 12229573.00 ns, 3.9559 ns/op
OverheadActual   4: 3091456 op, 12178907.00 ns, 3.9395 ns/op
OverheadActual   5: 3091456 op, 12171053.00 ns, 3.9370 ns/op
OverheadActual   6: 3091456 op, 12257435.00 ns, 3.9649 ns/op
OverheadActual   7: 3091456 op, 12203705.00 ns, 3.9476 ns/op
OverheadActual   8: 3091456 op, 12162257.00 ns, 3.9342 ns/op

WorkloadWarmup   1: 3091456 op, 264431962.00 ns, 85.5364 ns/op
WorkloadWarmup   2: 3091456 op, 253932153.00 ns, 82.1400 ns/op
WorkloadWarmup   3: 3091456 op, 246533547.00 ns, 79.7467 ns/op
WorkloadWarmup   4: 3091456 op, 252783246.00 ns, 81.7683 ns/op
WorkloadWarmup   5: 3091456 op, 245751185.00 ns, 79.4937 ns/op

// BeforeActualRun
WorkloadActual   1: 3091456 op, 247442005.00 ns, 80.0406 ns/op
WorkloadActual   2: 3091456 op, 253257729.00 ns, 81.9218 ns/op
WorkloadActual   3: 3091456 op, 248110063.00 ns, 80.2567 ns/op
WorkloadActual   4: 3091456 op, 248579821.00 ns, 80.4087 ns/op
WorkloadActual   5: 3091456 op, 249788019.00 ns, 80.7995 ns/op
WorkloadActual   6: 3091456 op, 247216764.00 ns, 79.9677 ns/op
WorkloadActual   7: 3091456 op, 248648940.00 ns, 80.4310 ns/op
WorkloadActual   8: 3091456 op, 247585212.00 ns, 80.0869 ns/op

// AfterActualRun
WorkloadResult   1: 3091456 op, 235230631.00 ns, 76.0906 ns/op
WorkloadResult   2: 3091456 op, 235898689.00 ns, 76.3067 ns/op
WorkloadResult   3: 3091456 op, 236368447.00 ns, 76.4586 ns/op
WorkloadResult   4: 3091456 op, 237576645.00 ns, 76.8494 ns/op
WorkloadResult   5: 3091456 op, 235005390.00 ns, 76.0177 ns/op
WorkloadResult   6: 3091456 op, 236437566.00 ns, 76.4810 ns/op
WorkloadResult   7: 3091456 op, 235373838.00 ns, 76.1369 ns/op
// GC:  16 0 0 272048128 3091456
// Threading:  0 0 3091456

// AfterAll
// Benchmark Process 3427 has exited with code 0.

Mean = 76.334 ns, StdErr = 0.109 ns (0.14%), N = 7, StdDev = 0.289 ns
Min = 76.018 ns, Q1 = 76.114 ns, Median = 76.307 ns, Q3 = 76.470 ns, Max = 76.849 ns
IQR = 0.356 ns, LowerFence = 75.580 ns, UpperFence = 77.004 ns
ConfidenceInterval = [75.683 ns; 76.986 ns] (CI 99.9%), Margin = 0.651 ns (0.85% of Mean)
Skewness = 0.52, Kurtosis = 1.76, MValue = 2

// ** Remained 31 (81.6 %) benchmark(s) to run. Estimated finish 2026-08-27 14:08 (0h 3m from now) **
// **************************
// Benchmark: CustomConversion.Mapster: Quick(MaxRelativeError=0.05, Arguments=/p:MatrixMode=Benchmark, IterationTime=250ms, MaxIterationCount=12, MaxWarmupIterationCount=5, MinIterationCount=8, MinWarmupIterationCount=3)
// *** Execute ***
// Launch: 1 / 1
// Execute: dotnet Matrix.ObjectMapping-Quick-1.dll --anonymousPipes 127 128 --benchmarkName Matrix.ObjectMapping.Benchmarks.CustomConversion.Mapster --job Quick --benchmarkId 7 in /home/runner/work/dotnet-matrix/dotnet-matrix/src/Matrix.ObjectMapping/bin/Benchmark/Release/net10.0/Matrix.ObjectMapping-Quick-1/bin/Release/net10.0
// Failed to set up high priority (Permission denied). In order to run benchmarks with high priority, make sure you have the right permissions.
// BeforeAnythingElse

// Benchmark Process Environment Information:
// BenchmarkDotNet v0.15.8
// Runtime=.NET 10.0.11 (10.0.11, 10.0.1126.37416), X64 RyuJIT x86-64-v3
// GC=Concurrent Workstation
// HardwareIntrinsics=AVX2+BMI1+BMI2+F16C+FMA+LZCNT+MOVBE,AVX,SSE3+SSSE3+SSE4.1+SSE4.2+POPCNT,X86Base+SSE+SSE2,AES+PCLMUL VectorSize=256
// Job: Quick(MaxRelativeError=0.05, IterationTime=250ms, MaxIterationCount=12, MaxWarmupIterationCount=5, MinIterationCount=8, MinWarmupIterationCount=3)

OverheadJitting  1: 1 op, 286315.00 ns, 286.3150 us/op
WorkloadJitting  1: 1 op, 15586576.00 ns, 15.5866 ms/op

OverheadJitting  2: 16 op, 482762.00 ns, 30.1726 us/op
WorkloadJitting  2: 16 op, 472763.00 ns, 29.5477 us/op

WorkloadPilot    1: 16 op, 11301.00 ns, 706.3125 ns/op
WorkloadPilot    2: 353952 op, 123479221.00 ns, 348.8587 ns/op
WorkloadPilot    3: 716624 op, 114839727.00 ns, 160.2510 ns/op
WorkloadPilot    4: 1560064 op, 176215087.00 ns, 112.9538 ns/op
WorkloadPilot    5: 2213296 op, 251186724.00 ns, 113.4899 ns/op
WorkloadPilot    6: 2202848 op, 251990025.00 ns, 114.3928 ns/op
WorkloadPilot    7: 2185456 op, 247962038.00 ns, 113.4601 ns/op
WorkloadPilot    8: 2203424 op, 251277083.00 ns, 114.0394 ns/op

OverheadWarmup   1: 2203424 op, 8627282.00 ns, 3.9154 ns/op
OverheadWarmup   2: 2203424 op, 8596414.00 ns, 3.9014 ns/op
OverheadWarmup   3: 2203424 op, 8548204.00 ns, 3.8795 ns/op
OverheadWarmup   4: 2203424 op, 8631930.00 ns, 3.9175 ns/op
OverheadWarmup   5: 2203424 op, 8591004.00 ns, 3.8989 ns/op
OverheadWarmup   6: 2203424 op, 8577638.00 ns, 3.8929 ns/op
OverheadWarmup   7: 2203424 op, 8584281.00 ns, 3.8959 ns/op
OverheadWarmup   8: 2203424 op, 8572590.00 ns, 3.8906 ns/op

OverheadActual   1: 2203424 op, 8612885.00 ns, 3.9089 ns/op
OverheadActual   2: 2203424 op, 8658099.00 ns, 3.9294 ns/op
OverheadActual   3: 2203424 op, 8588941.00 ns, 3.8980 ns/op
OverheadActual   4: 2203424 op, 8579732.00 ns, 3.8938 ns/op
OverheadActual   5: 2203424 op, 8574893.00 ns, 3.8916 ns/op
OverheadActual   6: 2203424 op, 8569915.00 ns, 3.8894 ns/op
OverheadActual   7: 2203424 op, 8584472.00 ns, 3.8960 ns/op
OverheadActual   8: 2203424 op, 8589591.00 ns, 3.8983 ns/op

WorkloadWarmup   1: 2203424 op, 258476467.00 ns, 117.3067 ns/op
WorkloadWarmup   2: 2203424 op, 253528399.00 ns, 115.0611 ns/op
WorkloadWarmup   3: 2203424 op, 249802327.00 ns, 113.3701 ns/op
WorkloadWarmup   4: 2203424 op, 253263184.00 ns, 114.9407 ns/op
WorkloadWarmup   5: 2203424 op, 253041560.00 ns, 114.8402 ns/op

// BeforeActualRun
WorkloadActual   1: 2203424 op, 253940600.00 ns, 115.2482 ns/op
WorkloadActual   2: 2203424 op, 250398270.00 ns, 113.6405 ns/op
WorkloadActual   3: 2203424 op, 251065277.00 ns, 113.9432 ns/op
WorkloadActual   4: 2203424 op, 251503195.00 ns, 114.1420 ns/op
WorkloadActual   5: 2203424 op, 250099072.00 ns, 113.5047 ns/op
WorkloadActual   6: 2203424 op, 256059262.00 ns, 116.2097 ns/op
WorkloadActual   7: 2203424 op, 251622465.00 ns, 114.1961 ns/op
WorkloadActual   8: 2203424 op, 250700736.00 ns, 113.7778 ns/op

// AfterActualRun
WorkloadResult   1: 2203424 op, 245353893.50 ns, 111.3512 ns/op
WorkloadResult   2: 2203424 op, 241811563.50 ns, 109.7435 ns/op
WorkloadResult   3: 2203424 op, 242478570.50 ns, 110.0463 ns/op
WorkloadResult   4: 2203424 op, 242916488.50 ns, 110.2450 ns/op
WorkloadResult   5: 2203424 op, 241512365.50 ns, 109.6078 ns/op
WorkloadResult   6: 2203424 op, 243035758.50 ns, 110.2991 ns/op
WorkloadResult   7: 2203424 op, 242114029.50 ns, 109.8808 ns/op
// GC:  14 0 0 246783488 2203424
// Threading:  0 0 2203424

// AfterAll
// Benchmark Process 3437 has exited with code 0.

Mean = 110.168 ns, StdErr = 0.219 ns (0.20%), N = 7, StdDev = 0.579 ns
Min = 109.608 ns, Q1 = 109.812 ns, Median = 110.046 ns, Q3 = 110.272 ns, Max = 111.351 ns
IQR = 0.460 ns, LowerFence = 109.122 ns, UpperFence = 110.962 ns
ConfidenceInterval = [108.863 ns; 111.473 ns] (CI 99.9%), Margin = 1.305 ns (1.18% of Mean)
Skewness = 1.02, Kurtosis = 2.66, MValue = 2

// ** Remained 30 (78.9 %) benchmark(s) to run. Estimated finish 2026-08-27 14:08 (0h 2m from now) **
// ***** BenchmarkRunner: Finish  *****

// * Export *
  tmp/dotnet-matrix/ObjectMapping/20a3bacfa27b4f79b1dc7ff5c0db69bd/results/Matrix.ObjectMapping.Benchmarks.CustomConversion-report.csv
  tmp/dotnet-matrix/ObjectMapping/20a3bacfa27b4f79b1dc7ff5c0db69bd/results/Matrix.ObjectMapping.Benchmarks.CustomConversion-report-github.md
  tmp/dotnet-matrix/ObjectMapping/20a3bacfa27b4f79b1dc7ff5c0db69bd/results/Matrix.ObjectMapping.Benchmarks.CustomConversion-report.html
  tmp/dotnet-matrix/ObjectMapping/20a3bacfa27b4f79b1dc7ff5c0db69bd/results/Matrix.ObjectMapping.Benchmarks.CustomConversion-report-full.json

// * Detailed results *
CustomConversion.HandCoded: Quick(MaxRelativeError=0.05, Arguments=/p:MatrixMode=Benchmark, IterationTime=250ms, MaxIterationCount=12, MaxWarmupIterationCount=5, MinIterationCount=8, MinWarmupIterationCount=3)
Runtime = .NET 10.0.11 (10.0.11, 10.0.1126.37416), X64 RyuJIT x86-64-v3; GC = Concurrent Workstation
Mean = 74.517 ns, StdErr = 0.124 ns (0.17%), N = 7, StdDev = 0.329 ns
Min = 74.245 ns, Q1 = 74.260 ns, Median = 74.341 ns, Q3 = 74.745 ns, Max = 75.027 ns
IQR = 0.485 ns, LowerFence = 73.532 ns, UpperFence = 75.472 ns
ConfidenceInterval = [73.777 ns; 75.258 ns] (CI 99.9%), Margin = 0.740 ns (0.99% of Mean)
Skewness = 0.51, Kurtosis = 1.27, MValue = 2
-------------------- Histogram --------------------
[74.019 ns ; 75.252 ns) | @@@@@@@
---------------------------------------------------

CustomConversion.Mapperly: Quick(MaxRelativeError=0.05, Arguments=/p:MatrixMode=Benchmark, IterationTime=250ms, MaxIterationCount=12, MaxWarmupIterationCount=5, MinIterationCount=8, MinWarmupIterationCount=3)
Runtime = .NET 10.0.11 (10.0.11, 10.0.1126.37416), X64 RyuJIT x86-64-v3; GC = Concurrent Workstation
Mean = 76.334 ns, StdErr = 0.109 ns (0.14%), N = 7, StdDev = 0.289 ns
Min = 76.018 ns, Q1 = 76.114 ns, Median = 76.307 ns, Q3 = 76.470 ns, Max = 76.849 ns
IQR = 0.356 ns, LowerFence = 75.580 ns, UpperFence = 77.004 ns
ConfidenceInterval = [75.683 ns; 76.986 ns] (CI 99.9%), Margin = 0.651 ns (0.85% of Mean)
Skewness = 0.52, Kurtosis = 1.76, MValue = 2
-------------------- Histogram --------------------
[75.819 ns ; 77.048 ns) | @@@@@@@
---------------------------------------------------

CustomConversion.Mapster: Quick(MaxRelativeError=0.05, Arguments=/p:MatrixMode=Benchmark, IterationTime=250ms, MaxIterationCount=12, MaxWarmupIterationCount=5, MinIterationCount=8, MinWarmupIterationCount=3)
Runtime = .NET 10.0.11 (10.0.11, 10.0.1126.37416), X64 RyuJIT x86-64-v3; GC = Concurrent Workstation
Mean = 110.168 ns, StdErr = 0.219 ns (0.20%), N = 7, StdDev = 0.579 ns
Min = 109.608 ns, Q1 = 109.812 ns, Median = 110.046 ns, Q3 = 110.272 ns, Max = 111.351 ns
IQR = 0.460 ns, LowerFence = 109.122 ns, UpperFence = 110.962 ns
ConfidenceInterval = [108.863 ns; 111.473 ns] (CI 99.9%), Margin = 1.305 ns (1.18% of Mean)
Skewness = 1.02, Kurtosis = 2.66, MValue = 2
-------------------- Histogram --------------------
[109.210 ns ; 111.749 ns) | @@@@@@@
---------------------------------------------------

CustomConversion.AutoMapper: Quick(MaxRelativeError=0.05, Arguments=/p:MatrixMode=Benchmark, IterationTime=250ms, MaxIterationCount=12, MaxWarmupIterationCount=5, MinIterationCount=8, MinWarmupIterationCount=3)
Runtime = .NET 10.0.11 (10.0.11, 10.0.1126.37416), X64 RyuJIT x86-64-v3; GC = Concurrent Workstation
Mean = 136.111 ns, StdErr = 0.222 ns (0.16%), N = 8, StdDev = 0.627 ns
Min = 135.541 ns, Q1 = 135.698 ns, Median = 135.854 ns, Q3 = 136.399 ns, Max = 137.416 ns
IQR = 0.701 ns, LowerFence = 134.647 ns, UpperFence = 137.451 ns
ConfidenceInterval = [134.913 ns; 137.309 ns] (CI 99.9%), Margin = 1.198 ns (0.88% of Mean)
Skewness = 0.97, Kurtosis = 2.53, MValue = 2
-------------------- Histogram --------------------
[135.130 ns ; 137.828 ns) | @@@@@@@@
---------------------------------------------------

// * Summary *

BenchmarkDotNet v0.15.8, Linux Ubuntu 24.04.4 LTS (Noble Numbat)
AMD EPYC 7763 2.45GHz, 1 CPU, 4 logical and 2 physical cores
.NET SDK 10.0.400
  [Host] : .NET 10.0.11 (10.0.11, 10.0.1126.37416), X64 RyuJIT x86-64-v3
  Quick  : .NET 10.0.11 (10.0.11, 10.0.1126.37416), X64 RyuJIT x86-64-v3

Job=Quick  MaxRelativeError=0.05  Arguments=/p:MatrixMode=Benchmark  
IterationTime=250ms  MaxIterationCount=12  MaxWarmupIterationCount=5  
MinIterationCount=8  MinWarmupIterationCount=3  

| Method     | Mean      | Error    | StdDev   | Ratio | Gen0   | Allocated | Alloc Ratio |
|----------- |----------:|---------:|---------:|------:|-------:|----------:|------------:|
| HandCoded  |  74.52 ns | 0.740 ns | 0.329 ns |  1.00 | 0.0051 |      88 B |        1.00 |
| Mapperly   |  76.33 ns | 0.651 ns | 0.289 ns |  1.02 | 0.0052 |      88 B |        1.00 |
| Mapster    | 110.17 ns | 1.305 ns | 0.579 ns |  1.48 | 0.0064 |     112 B |        1.27 |
| AutoMapper | 136.11 ns | 1.198 ns | 0.627 ns |  1.83 | 0.0050 |      88 B |        1.00 |

// * Hints *
Outliers
  CustomConversion.HandCoded: Quick -> 1 outlier  was  removed (80.44 ns)
  CustomConversion.Mapperly: Quick  -> 1 outlier  was  removed (81.92 ns)
  CustomConversion.Mapster: Quick   -> 1 outlier  was  removed (116.21 ns)

// * Legends *
  Mean        : Arithmetic mean of all measurements
  Error       : Half of 99.9% confidence interval
  StdDev      : Standard deviation of all measurements
  Ratio       : Mean of the ratio distribution ([Current]/[Baseline])
  Gen0        : GC Generation 0 collects per 1000 operations
  Allocated   : Allocated memory per single operation (managed only, inclusive, 1KB = 1024B)
  Alloc Ratio : Allocated memory ratio distribution ([Current]/[Baseline])
  1 ns        : 1 Nanosecond (0.000000001 sec)

// * Diagnostic Output - MemoryDiagnoser *


// ***** BenchmarkRunner: End *****
Run time: 00:00:23 (23.12 sec), executed benchmarks: 4

// Found 4 benchmarks:
//   Flattening.AutoMapper: Quick(MaxRelativeError=0.05, Arguments=/p:MatrixMode=Benchmark, IterationTime=250ms, MaxIterationCount=12, MaxWarmupIterationCount=5, MinIterationCount=8, MinWarmupIterationCount=3)
//   Flattening.HandCoded: Quick(MaxRelativeError=0.05, Arguments=/p:MatrixMode=Benchmark, IterationTime=250ms, MaxIterationCount=12, MaxWarmupIterationCount=5, MinIterationCount=8, MinWarmupIterationCount=3)
//   Flattening.Mapperly: Quick(MaxRelativeError=0.05, Arguments=/p:MatrixMode=Benchmark, IterationTime=250ms, MaxIterationCount=12, MaxWarmupIterationCount=5, MinIterationCount=8, MinWarmupIterationCount=3)
//   Flattening.Mapster: Quick(MaxRelativeError=0.05, Arguments=/p:MatrixMode=Benchmark, IterationTime=250ms, MaxIterationCount=12, MaxWarmupIterationCount=5, MinIterationCount=8, MinWarmupIterationCount=3)

// **************************
// Benchmark: Flattening.AutoMapper: Quick(MaxRelativeError=0.05, Arguments=/p:MatrixMode=Benchmark, IterationTime=250ms, MaxIterationCount=12, MaxWarmupIterationCount=5, MinIterationCount=8, MinWarmupIterationCount=3)
// *** Execute ***
// Launch: 1 / 1
// Execute: dotnet Matrix.ObjectMapping-Quick-1.dll --anonymousPipes 127 128 --benchmarkName Matrix.ObjectMapping.Benchmarks.Flattening.AutoMapper --job Quick --benchmarkId 8 in /home/runner/work/dotnet-matrix/dotnet-matrix/src/Matrix.ObjectMapping/bin/Benchmark/Release/net10.0/Matrix.ObjectMapping-Quick-1/bin/Release/net10.0
// Failed to set up high priority (Permission denied). In order to run benchmarks with high priority, make sure you have the right permissions.
// BeforeAnythingElse

// Benchmark Process Environment Information:
// BenchmarkDotNet v0.15.8
// Runtime=.NET 10.0.11 (10.0.11, 10.0.1126.37416), X64 RyuJIT x86-64-v3
// GC=Concurrent Workstation
// HardwareIntrinsics=AVX2+BMI1+BMI2+F16C+FMA+LZCNT+MOVBE,AVX,SSE3+SSSE3+SSE4.1+SSE4.2+POPCNT,X86Base+SSE+SSE2,AES+PCLMUL VectorSize=256
// Job: Quick(MaxRelativeError=0.05, IterationTime=250ms, MaxIterationCount=12, MaxWarmupIterationCount=5, MinIterationCount=8, MinWarmupIterationCount=3)

OverheadJitting  1: 1 op, 232375.00 ns, 232.3750 us/op
WorkloadJitting  1: 1 op, 1769156.00 ns, 1.7692 ms/op

OverheadJitting  2: 16 op, 514531.00 ns, 32.1582 us/op
WorkloadJitting  2: 16 op, 833317.00 ns, 52.0823 us/op

WorkloadPilot    1: 16 op, 14107.00 ns, 881.6875 ns/op
WorkloadPilot    2: 283552 op, 100019854.00 ns, 352.7390 ns/op
WorkloadPilot    3: 708752 op, 124366900.00 ns, 175.4731 ns/op
WorkloadPilot    4: 1424720 op, 116512495.00 ns, 81.7792 ns/op
WorkloadPilot    5: 3057024 op, 243704320.00 ns, 79.7195 ns/op
WorkloadPilot    6: 3136000 op, 251367532.00 ns, 80.1555 ns/op
WorkloadPilot    7: 3118944 op, 248137887.00 ns, 79.5583 ns/op
WorkloadPilot    8: 3142352 op, 251165775.00 ns, 79.9292 ns/op
WorkloadPilot    9: 3127776 op, 248957579.00 ns, 79.5957 ns/op
WorkloadPilot   10: 3140880 op, 249410214.00 ns, 79.4078 ns/op
WorkloadPilot   11: 3148320 op, 250987732.00 ns, 79.7212 ns/op

OverheadWarmup   1: 3148320 op, 12285408.00 ns, 3.9022 ns/op
OverheadWarmup   2: 3148320 op, 12291158.00 ns, 3.9040 ns/op
OverheadWarmup   3: 3148320 op, 12270680.00 ns, 3.8975 ns/op
OverheadWarmup   4: 3148320 op, 12242267.00 ns, 3.8885 ns/op
OverheadWarmup   5: 3148320 op, 12298151.00 ns, 3.9063 ns/op
OverheadWarmup   6: 3148320 op, 12290517.00 ns, 3.9038 ns/op

OverheadActual   1: 3148320 op, 12276681.00 ns, 3.8994 ns/op
OverheadActual   2: 3148320 op, 12266782.00 ns, 3.8963 ns/op
OverheadActual   3: 3148320 op, 12385176.00 ns, 3.9339 ns/op
OverheadActual   4: 3148320 op, 12324805.00 ns, 3.9147 ns/op
OverheadActual   5: 3148320 op, 12297694.00 ns, 3.9061 ns/op
OverheadActual   6: 3148320 op, 12414723.00 ns, 3.9433 ns/op
OverheadActual   7: 3148320 op, 12320898.00 ns, 3.9135 ns/op
OverheadActual   8: 3148320 op, 12276264.00 ns, 3.8993 ns/op

WorkloadWarmup   1: 3148320 op, 258799381.00 ns, 82.2024 ns/op
WorkloadWarmup   2: 3148320 op, 253421800.00 ns, 80.4943 ns/op
WorkloadWarmup   3: 3148320 op, 251286670.00 ns, 79.8161 ns/op
WorkloadWarmup   4: 3148320 op, 251668224.00 ns, 79.9373 ns/op
WorkloadWarmup   5: 3148320 op, 251897983.00 ns, 80.0103 ns/op

// BeforeActualRun
WorkloadActual   1: 3148320 op, 253763570.00 ns, 80.6029 ns/op
WorkloadActual   2: 3148320 op, 251876092.00 ns, 80.0033 ns/op
WorkloadActual   3: 3148320 op, 254111831.00 ns, 80.7135 ns/op
WorkloadActual   4: 3148320 op, 251811111.00 ns, 79.9827 ns/op
WorkloadActual   5: 3148320 op, 251129246.00 ns, 79.7661 ns/op
WorkloadActual   6: 3148320 op, 250753384.00 ns, 79.6467 ns/op
WorkloadActual   7: 3148320 op, 251445337.00 ns, 79.8665 ns/op
WorkloadActual   8: 3148320 op, 251531498.00 ns, 79.8939 ns/op

// AfterActualRun
WorkloadResult   1: 3148320 op, 241454274.00 ns, 76.6931 ns/op
WorkloadResult   2: 3148320 op, 239566796.00 ns, 76.0935 ns/op
WorkloadResult   3: 3148320 op, 239501815.00 ns, 76.0729 ns/op
WorkloadResult   4: 3148320 op, 238819950.00 ns, 75.8563 ns/op
WorkloadResult   5: 3148320 op, 238444088.00 ns, 75.7369 ns/op
WorkloadResult   6: 3148320 op, 239136041.00 ns, 75.9567 ns/op
WorkloadResult   7: 3148320 op, 239222202.00 ns, 75.9841 ns/op
// GC:  10 0 0 176305920 3148320
// Threading:  0 0 3148320

// AfterAll
// Benchmark Process 3450 has exited with code 0.

Mean = 76.056 ns, StdErr = 0.116 ns (0.15%), N = 7, StdDev = 0.307 ns
Min = 75.737 ns, Q1 = 75.907 ns, Median = 75.984 ns, Q3 = 76.083 ns, Max = 76.693 ns
IQR = 0.177 ns, LowerFence = 75.641 ns, UpperFence = 76.348 ns
ConfidenceInterval = [75.366 ns; 76.747 ns] (CI 99.9%), Margin = 0.691 ns (0.91% of Mean)
Skewness = 1.07, Kurtosis = 2.85, MValue = 2

// ** Remained 29 (76.3 %) benchmark(s) to run. Estimated finish 2026-08-27 14:08 (0h 2m from now) **
// **************************
// Benchmark: Flattening.HandCoded: Quick(MaxRelativeError=0.05, Arguments=/p:MatrixMode=Benchmark, IterationTime=250ms, MaxIterationCount=12, MaxWarmupIterationCount=5, MinIterationCount=8, MinWarmupIterationCount=3)
// *** Execute ***
// Launch: 1 / 1
// Execute: dotnet Matrix.ObjectMapping-Quick-1.dll --anonymousPipes 127 128 --benchmarkName Matrix.ObjectMapping.Benchmarks.Flattening.HandCoded --job Quick --benchmarkId 9 in /home/runner/work/dotnet-matrix/dotnet-matrix/src/Matrix.ObjectMapping/bin/Benchmark/Release/net10.0/Matrix.ObjectMapping-Quick-1/bin/Release/net10.0
// Failed to set up high priority (Permission denied). In order to run benchmarks with high priority, make sure you have the right permissions.
// BeforeAnythingElse

// Benchmark Process Environment Information:
// BenchmarkDotNet v0.15.8
// Runtime=.NET 10.0.11 (10.0.11, 10.0.1126.37416), X64 RyuJIT x86-64-v3
// GC=Concurrent Workstation
// HardwareIntrinsics=AVX2+BMI1+BMI2+F16C+FMA+LZCNT+MOVBE,AVX,SSE3+SSSE3+SSE4.1+SSE4.2+POPCNT,X86Base+SSE+SSE2,AES+PCLMUL VectorSize=256
// Job: Quick(MaxRelativeError=0.05, IterationTime=250ms, MaxIterationCount=12, MaxWarmupIterationCount=5, MinIterationCount=8, MinWarmupIterationCount=3)

OverheadJitting  1: 1 op, 223908.00 ns, 223.9080 us/op
WorkloadJitting  1: 1 op, 477753.00 ns, 477.7530 us/op

OverheadJitting  2: 16 op, 487371.00 ns, 30.4607 us/op
WorkloadJitting  2: 16 op, 526264.00 ns, 32.8915 us/op

WorkloadPilot    1: 16 op, 9538.00 ns, 596.1250 ns/op
WorkloadPilot    2: 419376 op, 24748345.00 ns, 59.0123 ns/op
WorkloadPilot    3: 4236416 op, 165805765.00 ns, 39.1382 ns/op
WorkloadPilot    4: 6387632 op, 86271343.00 ns, 13.5060 ns/op
WorkloadPilot    5: 18510304 op, 257316180.00 ns, 13.9012 ns/op
WorkloadPilot    6: 17984016 op, 239890210.00 ns, 13.3391 ns/op
WorkloadPilot    7: 18741936 op, 248442945.00 ns, 13.2560 ns/op
WorkloadPilot    8: 18859408 op, 251852768.00 ns, 13.3542 ns/op
WorkloadPilot    9: 18720672 op, 245635548.00 ns, 13.1211 ns/op
WorkloadPilot   10: 19053312 op, 251786695.00 ns, 13.2149 ns/op

OverheadWarmup   1: 19053312 op, 86174472.00 ns, 4.5228 ns/op
OverheadWarmup   2: 19053312 op, 86040983.00 ns, 4.5158 ns/op
OverheadWarmup   3: 19053312 op, 85353849.00 ns, 4.4797 ns/op
OverheadWarmup   4: 19053312 op, 62350695.00 ns, 3.2724 ns/op
OverheadWarmup   5: 19053312 op, 62379588.00 ns, 3.2739 ns/op
OverheadWarmup   6: 19053312 op, 62248704.00 ns, 3.2671 ns/op
OverheadWarmup   7: 19053312 op, 63090516.00 ns, 3.3113 ns/op
OverheadWarmup   8: 19053312 op, 66934823.00 ns, 3.5130 ns/op
OverheadWarmup   9: 19053312 op, 62222525.00 ns, 3.2657 ns/op

OverheadActual   1: 19053312 op, 62300472.00 ns, 3.2698 ns/op
OverheadActual   2: 19053312 op, 62390729.00 ns, 3.2745 ns/op
OverheadActual   3: 19053312 op, 62279742.00 ns, 3.2687 ns/op
OverheadActual   4: 19053312 op, 62363769.00 ns, 3.2731 ns/op
OverheadActual   5: 19053312 op, 62283549.00 ns, 3.2689 ns/op
OverheadActual   6: 19053312 op, 62328273.00 ns, 3.2713 ns/op
OverheadActual   7: 19053312 op, 62371564.00 ns, 3.2735 ns/op
OverheadActual   8: 19053312 op, 62214040.00 ns, 3.2653 ns/op

WorkloadWarmup   1: 19053312 op, 271945261.00 ns, 14.2729 ns/op
WorkloadWarmup   2: 19053312 op, 265122961.00 ns, 13.9148 ns/op
WorkloadWarmup   3: 19053312 op, 261498286.00 ns, 13.7246 ns/op
WorkloadWarmup   4: 19053312 op, 253267282.00 ns, 13.2926 ns/op
WorkloadWarmup   5: 19053312 op, 252752694.00 ns, 13.2656 ns/op

// BeforeActualRun
WorkloadActual   1: 19053312 op, 276863995.00 ns, 14.5310 ns/op
WorkloadActual   2: 19053312 op, 258069782.00 ns, 13.5446 ns/op
WorkloadActual   3: 19053312 op, 251205732.00 ns, 13.1844 ns/op
WorkloadActual   4: 19053312 op, 252995658.00 ns, 13.2783 ns/op
WorkloadActual   5: 19053312 op, 250937844.00 ns, 13.1703 ns/op
WorkloadActual   6: 19053312 op, 249878552.00 ns, 13.1147 ns/op
WorkloadActual   7: 19053312 op, 255482125.00 ns, 13.4088 ns/op
WorkloadActual   8: 19053312 op, 252638140.00 ns, 13.2595 ns/op

// AfterActualRun
WorkloadResult   1: 19053312 op, 195755409.50 ns, 10.2741 ns/op
WorkloadResult   2: 19053312 op, 188891359.50 ns, 9.9138 ns/op
WorkloadResult   3: 19053312 op, 190681285.50 ns, 10.0078 ns/op
WorkloadResult   4: 19053312 op, 188623471.50 ns, 9.8998 ns/op
WorkloadResult   5: 19053312 op, 187564179.50 ns, 9.8442 ns/op
WorkloadResult   6: 19053312 op, 193167752.50 ns, 10.1383 ns/op
WorkloadResult   7: 19053312 op, 190323767.50 ns, 9.9890 ns/op
// GC:  63 0 0 1066985472 19053312
// Threading:  0 0 19053312

// AfterAll
// Benchmark Process 3461 has exited with code 0.

Mean = 10.010 ns, StdErr = 0.057 ns (0.57%), N = 7, StdDev = 0.150 ns
Min = 9.844 ns, Q1 = 9.907 ns, Median = 9.989 ns, Q3 = 10.073 ns, Max = 10.274 ns
IQR = 0.166 ns, LowerFence = 9.657 ns, UpperFence = 10.322 ns
ConfidenceInterval = [9.671 ns; 10.348 ns] (CI 99.9%), Margin = 0.339 ns (3.38% of Mean)
Skewness = 0.59, Kurtosis = 1.72, MValue = 2

// ** Remained 28 (73.7 %) benchmark(s) to run. Estimated finish 2026-08-27 14:08 (0h 2m from now) **
// **************************
// Benchmark: Flattening.Mapperly: Quick(MaxRelativeError=0.05, Arguments=/p:MatrixMode=Benchmark, IterationTime=250ms, MaxIterationCount=12, MaxWarmupIterationCount=5, MinIterationCount=8, MinWarmupIterationCount=3)
// *** Execute ***
// Launch: 1 / 1
// Execute: dotnet Matrix.ObjectMapping-Quick-1.dll --anonymousPipes 127 128 --benchmarkName Matrix.ObjectMapping.Benchmarks.Flattening.Mapperly --job Quick --benchmarkId 10 in /home/runner/work/dotnet-matrix/dotnet-matrix/src/Matrix.ObjectMapping/bin/Benchmark/Release/net10.0/Matrix.ObjectMapping-Quick-1/bin/Release/net10.0
// Failed to set up high priority (Permission denied). In order to run benchmarks with high priority, make sure you have the right permissions.
// BeforeAnythingElse

// Benchmark Process Environment Information:
// BenchmarkDotNet v0.15.8
// Runtime=.NET 10.0.11 (10.0.11, 10.0.1126.37416), X64 RyuJIT x86-64-v3
// GC=Concurrent Workstation
// HardwareIntrinsics=AVX2+BMI1+BMI2+F16C+FMA+LZCNT+MOVBE,AVX,SSE3+SSSE3+SSE4.1+SSE4.2+POPCNT,X86Base+SSE+SSE2,AES+PCLMUL VectorSize=256
// Job: Quick(MaxRelativeError=0.05, IterationTime=250ms, MaxIterationCount=12, MaxWarmupIterationCount=5, MinIterationCount=8, MinWarmupIterationCount=3)

OverheadJitting  1: 1 op, 272119.00 ns, 272.1190 us/op
WorkloadJitting  1: 1 op, 507949.00 ns, 507.9490 us/op

OverheadJitting  2: 16 op, 502139.00 ns, 31.3837 us/op
WorkloadJitting  2: 16 op, 563393.00 ns, 35.2121 us/op

WorkloadPilot    1: 16 op, 3978.00 ns, 248.6250 ns/op
WorkloadPilot    2: 1005536 op, 48448296.00 ns, 48.1816 ns/op
WorkloadPilot    3: 5188720 op, 162747031.00 ns, 31.3655 ns/op
WorkloadPilot    4: 7970544 op, 105521200.00 ns, 13.2389 ns/op
WorkloadPilot    5: 18883760 op, 249904551.00 ns, 13.2338 ns/op
WorkloadPilot    6: 18890976 op, 248019367.00 ns, 13.1290 ns/op
WorkloadPilot    7: 19041840 op, 250818259.00 ns, 13.1720 ns/op
WorkloadPilot    8: 18979728 op, 250300400.00 ns, 13.1878 ns/op
WorkloadPilot    9: 18956960 op, 252258410.00 ns, 13.3069 ns/op

OverheadWarmup   1: 18956960 op, 85658098.00 ns, 4.5186 ns/op
OverheadWarmup   2: 18956960 op, 85722979.00 ns, 4.5220 ns/op
OverheadWarmup   3: 18956960 op, 85647198.00 ns, 4.5180 ns/op
OverheadWarmup   4: 18956960 op, 61975878.00 ns, 3.2693 ns/op
OverheadWarmup   5: 18956960 op, 61958235.00 ns, 3.2684 ns/op
OverheadWarmup   6: 18956960 op, 62098988.00 ns, 3.2758 ns/op
OverheadWarmup   7: 18956960 op, 61981859.00 ns, 3.2696 ns/op

OverheadActual   1: 18956960 op, 61942115.00 ns, 3.2675 ns/op
OverheadActual   2: 18956960 op, 61985716.00 ns, 3.2698 ns/op
OverheadActual   3: 18956960 op, 61952695.00 ns, 3.2681 ns/op
OverheadActual   4: 18956960 op, 62070674.00 ns, 3.2743 ns/op
OverheadActual   5: 18956960 op, 62481412.00 ns, 3.2960 ns/op
OverheadActual   6: 18956960 op, 61987259.00 ns, 3.2699 ns/op
OverheadActual   7: 18956960 op, 75415338.00 ns, 3.9782 ns/op
OverheadActual   8: 18956960 op, 61992398.00 ns, 3.2702 ns/op

WorkloadWarmup   1: 18956960 op, 266055065.00 ns, 14.0347 ns/op
WorkloadWarmup   2: 18956960 op, 267659083.00 ns, 14.1193 ns/op
WorkloadWarmup   3: 18956960 op, 269532224.00 ns, 14.2181 ns/op
WorkloadWarmup   4: 18956960 op, 255615384.00 ns, 13.4840 ns/op
WorkloadWarmup   5: 18956960 op, 250403804.00 ns, 13.2091 ns/op

// BeforeActualRun
WorkloadActual   1: 18956960 op, 257480760.00 ns, 13.5824 ns/op
WorkloadActual   2: 18956960 op, 259988797.00 ns, 13.7147 ns/op
WorkloadActual   3: 18956960 op, 269777321.00 ns, 14.2310 ns/op
WorkloadActual   4: 18956960 op, 264449621.00 ns, 13.9500 ns/op
WorkloadActual   5: 18956960 op, 252441051.00 ns, 13.3165 ns/op
WorkloadActual   6: 18956960 op, 254210277.00 ns, 13.4099 ns/op
WorkloadActual   7: 18956960 op, 252306310.00 ns, 13.3094 ns/op
WorkloadActual   8: 18956960 op, 255777437.00 ns, 13.4925 ns/op

// AfterActualRun
WorkloadResult   1: 18956960 op, 195490931.50 ns, 10.3124 ns/op
WorkloadResult   2: 18956960 op, 197998968.50 ns, 10.4447 ns/op
WorkloadResult   3: 18956960 op, 207787492.50 ns, 10.9610 ns/op
WorkloadResult   4: 18956960 op, 202459792.50 ns, 10.6800 ns/op
WorkloadResult   5: 18956960 op, 190451222.50 ns, 10.0465 ns/op
WorkloadResult   6: 18956960 op, 192220448.50 ns, 10.1398 ns/op
WorkloadResult   7: 18956960 op, 190316481.50 ns, 10.0394 ns/op
WorkloadResult   8: 18956960 op, 193787608.50 ns, 10.2225 ns/op
// GC:  63 0 0 1061589760 18956960
// Threading:  0 0 18956960

// AfterAll
// Benchmark Process 3474 has exited with code 0.

Mean = 10.356 ns, StdErr = 0.115 ns (1.11%), N = 8, StdDev = 0.325 ns
Min = 10.039 ns, Q1 = 10.117 ns, Median = 10.267 ns, Q3 = 10.503 ns, Max = 10.961 ns
IQR = 0.387 ns, LowerFence = 9.536 ns, UpperFence = 11.084 ns
ConfidenceInterval = [9.734 ns; 10.978 ns] (CI 99.9%), Margin = 0.622 ns (6.01% of Mean)
Skewness = 0.66, Kurtosis = 1.86, MValue = 2

// ** Remained 27 (71.1 %) benchmark(s) to run. Estimated finish 2026-08-27 14:08 (0h 2m from now) **
// **************************
// Benchmark: Flattening.Mapster: Quick(MaxRelativeError=0.05, Arguments=/p:MatrixMode=Benchmark, IterationTime=250ms, MaxIterationCount=12, MaxWarmupIterationCount=5, MinIterationCount=8, MinWarmupIterationCount=3)
// *** Execute ***
// Launch: 1 / 1
// Execute: dotnet Matrix.ObjectMapping-Quick-1.dll --anonymousPipes 127 128 --benchmarkName Matrix.ObjectMapping.Benchmarks.Flattening.Mapster --job Quick --benchmarkId 11 in /home/runner/work/dotnet-matrix/dotnet-matrix/src/Matrix.ObjectMapping/bin/Benchmark/Release/net10.0/Matrix.ObjectMapping-Quick-1/bin/Release/net10.0
// Failed to set up high priority (Permission denied). In order to run benchmarks with high priority, make sure you have the right permissions.
// BeforeAnythingElse

// Benchmark Process Environment Information:
// BenchmarkDotNet v0.15.8
// Runtime=.NET 10.0.11 (10.0.11, 10.0.1126.37416), X64 RyuJIT x86-64-v3
// GC=Concurrent Workstation
// HardwareIntrinsics=AVX2+BMI1+BMI2+F16C+FMA+LZCNT+MOVBE,AVX,SSE3+SSSE3+SSE4.1+SSE4.2+POPCNT,X86Base+SSE+SSE2,AES+PCLMUL VectorSize=256
// Job: Quick(MaxRelativeError=0.05, IterationTime=250ms, MaxIterationCount=12, MaxWarmupIterationCount=5, MinIterationCount=8, MinWarmupIterationCount=3)

OverheadJitting  1: 1 op, 220231.00 ns, 220.2310 us/op
WorkloadJitting  1: 1 op, 2794623.00 ns, 2.7946 ms/op

OverheadJitting  2: 16 op, 526654.00 ns, 32.9159 us/op
WorkloadJitting  2: 16 op, 490958.00 ns, 30.6849 us/op

WorkloadPilot    1: 16 op, 5580.00 ns, 348.7500 ns/op
WorkloadPilot    2: 716848 op, 95866196.00 ns, 133.7329 ns/op
WorkloadPilot    3: 1869408 op, 94973338.00 ns, 50.8040 ns/op
WorkloadPilot    4: 4920880 op, 111148628.00 ns, 22.5871 ns/op
WorkloadPilot    5: 11068256 op, 249118542.00 ns, 22.5075 ns/op
WorkloadPilot    6: 11107424 op, 251815583.00 ns, 22.6709 ns/op
WorkloadPilot    7: 11027344 op, 255608031.00 ns, 23.1795 ns/op
WorkloadPilot    8: 10785408 op, 245110792.00 ns, 22.7261 ns/op
WorkloadPilot    9: 11000544 op, 254814227.00 ns, 23.1638 ns/op

OverheadWarmup   1: 11000544 op, 43759062.00 ns, 3.9779 ns/op
OverheadWarmup   2: 11000544 op, 43336222.00 ns, 3.9395 ns/op
OverheadWarmup   3: 11000544 op, 43206188.00 ns, 3.9276 ns/op
OverheadWarmup   4: 11000544 op, 43230073.00 ns, 3.9298 ns/op
OverheadWarmup   5: 11000544 op, 43203043.00 ns, 3.9274 ns/op
OverheadWarmup   6: 11000544 op, 43867725.00 ns, 3.9878 ns/op
OverheadWarmup   7: 11000544 op, 48127436.00 ns, 4.3750 ns/op
OverheadWarmup   8: 11000544 op, 36425747.00 ns, 3.3113 ns/op

OverheadActual   1: 11000544 op, 36478336.00 ns, 3.3160 ns/op
OverheadActual   2: 11000544 op, 36472063.00 ns, 3.3155 ns/op
OverheadActual   3: 11000544 op, 36447137.00 ns, 3.3132 ns/op
OverheadActual   4: 11000544 op, 36480139.00 ns, 3.3162 ns/op
OverheadActual   5: 11000544 op, 36381824.00 ns, 3.3073 ns/op
OverheadActual   6: 11000544 op, 36363100.00 ns, 3.3056 ns/op
OverheadActual   7: 11000544 op, 36455162.00 ns, 3.3139 ns/op
OverheadActual   8: 11000544 op, 36562092.00 ns, 3.3237 ns/op

WorkloadWarmup   1: 11000544 op, 257473297.00 ns, 23.4055 ns/op
WorkloadWarmup   2: 11000544 op, 254566193.00 ns, 23.1412 ns/op
WorkloadWarmup   3: 11000544 op, 252876035.00 ns, 22.9876 ns/op
WorkloadWarmup   4: 11000544 op, 251345004.00 ns, 22.8484 ns/op
WorkloadWarmup   5: 11000544 op, 255271893.00 ns, 23.2054 ns/op

// BeforeActualRun
WorkloadActual   1: 11000544 op, 259969512.00 ns, 23.6324 ns/op
WorkloadActual   2: 11000544 op, 257548326.00 ns, 23.4123 ns/op
WorkloadActual   3: 11000544 op, 255355840.00 ns, 23.2130 ns/op
WorkloadActual   4: 11000544 op, 251069799.00 ns, 22.8234 ns/op
WorkloadActual   5: 11000544 op, 251128158.00 ns, 22.8287 ns/op
WorkloadActual   6: 11000544 op, 252824038.00 ns, 22.9829 ns/op
WorkloadActual   7: 11000544 op, 251273530.00 ns, 22.8419 ns/op
WorkloadActual   8: 11000544 op, 251447575.00 ns, 22.8577 ns/op

// AfterActualRun
WorkloadResult   1: 11000544 op, 223505899.50 ns, 20.3177 ns/op
WorkloadResult   2: 11000544 op, 221084713.50 ns, 20.0976 ns/op
WorkloadResult   3: 11000544 op, 218892227.50 ns, 19.8983 ns/op
WorkloadResult   4: 11000544 op, 214606186.50 ns, 19.5087 ns/op
WorkloadResult   5: 11000544 op, 214664545.50 ns, 19.5140 ns/op
WorkloadResult   6: 11000544 op, 216360425.50 ns, 19.6682 ns/op
WorkloadResult   7: 11000544 op, 214809917.50 ns, 19.5272 ns/op
WorkloadResult   8: 11000544 op, 214983962.50 ns, 19.5430 ns/op
// GC:  36 0 0 616030464 11000544
// Threading:  0 0 11000544

// AfterAll
// Benchmark Process 3485 has exited with code 0.

Mean = 19.759 ns, StdErr = 0.110 ns (0.56%), N = 8, StdDev = 0.311 ns
Min = 19.509 ns, Q1 = 19.524 ns, Median = 19.606 ns, Q3 = 19.948 ns, Max = 20.318 ns
IQR = 0.424 ns, LowerFence = 18.888 ns, UpperFence = 20.584 ns
ConfidenceInterval = [19.165 ns; 20.354 ns] (CI 99.9%), Margin = 0.595 ns (3.01% of Mean)
Skewness = 0.67, Kurtosis = 1.65, MValue = 2

// ** Remained 26 (68.4 %) benchmark(s) to run. Estimated finish 2026-08-27 14:08 (0h 2m from now) **
// ***** BenchmarkRunner: Finish  *****

// * Export *
  tmp/dotnet-matrix/ObjectMapping/20a3bacfa27b4f79b1dc7ff5c0db69bd/results/Matrix.ObjectMapping.Benchmarks.Flattening-report.csv
  tmp/dotnet-matrix/ObjectMapping/20a3bacfa27b4f79b1dc7ff5c0db69bd/results/Matrix.ObjectMapping.Benchmarks.Flattening-report-github.md
  tmp/dotnet-matrix/ObjectMapping/20a3bacfa27b4f79b1dc7ff5c0db69bd/results/Matrix.ObjectMapping.Benchmarks.Flattening-report.html
  tmp/dotnet-matrix/ObjectMapping/20a3bacfa27b4f79b1dc7ff5c0db69bd/results/Matrix.ObjectMapping.Benchmarks.Flattening-report-full.json

// * Detailed results *
Flattening.HandCoded: Quick(MaxRelativeError=0.05, Arguments=/p:MatrixMode=Benchmark, IterationTime=250ms, MaxIterationCount=12, MaxWarmupIterationCount=5, MinIterationCount=8, MinWarmupIterationCount=3)
Runtime = .NET 10.0.11 (10.0.11, 10.0.1126.37416), X64 RyuJIT x86-64-v3; GC = Concurrent Workstation
Mean = 10.010 ns, StdErr = 0.057 ns (0.57%), N = 7, StdDev = 0.150 ns
Min = 9.844 ns, Q1 = 9.907 ns, Median = 9.989 ns, Q3 = 10.073 ns, Max = 10.274 ns
IQR = 0.166 ns, LowerFence = 9.657 ns, UpperFence = 10.322 ns
ConfidenceInterval = [9.671 ns; 10.348 ns] (CI 99.9%), Margin = 0.339 ns (3.38% of Mean)
Skewness = 0.59, Kurtosis = 1.72, MValue = 2
-------------------- Histogram --------------------
[ 9.823 ns ; 10.103 ns) | @@@@@
[10.103 ns ; 10.309 ns) | @@
---------------------------------------------------

Flattening.Mapperly: Quick(MaxRelativeError=0.05, Arguments=/p:MatrixMode=Benchmark, IterationTime=250ms, MaxIterationCount=12, MaxWarmupIterationCount=5, MinIterationCount=8, MinWarmupIterationCount=3)
Runtime = .NET 10.0.11 (10.0.11, 10.0.1126.37416), X64 RyuJIT x86-64-v3; GC = Concurrent Workstation
Mean = 10.356 ns, StdErr = 0.115 ns (1.11%), N = 8, StdDev = 0.325 ns
Min = 10.039 ns, Q1 = 10.117 ns, Median = 10.267 ns, Q3 = 10.503 ns, Max = 10.961 ns
IQR = 0.387 ns, LowerFence = 9.536 ns, UpperFence = 11.084 ns
ConfidenceInterval = [9.734 ns; 10.978 ns] (CI 99.9%), Margin = 0.622 ns (6.01% of Mean)
Skewness = 0.66, Kurtosis = 1.86, MValue = 2
-------------------- Histogram --------------------
[10.028 ns ; 10.607 ns) | @@@@@@
[10.607 ns ; 11.034 ns) | @@
---------------------------------------------------

Flattening.Mapster: Quick(MaxRelativeError=0.05, Arguments=/p:MatrixMode=Benchmark, IterationTime=250ms, MaxIterationCount=12, MaxWarmupIterationCount=5, MinIterationCount=8, MinWarmupIterationCount=3)
Runtime = .NET 10.0.11 (10.0.11, 10.0.1126.37416), X64 RyuJIT x86-64-v3; GC = Concurrent Workstation
Mean = 19.759 ns, StdErr = 0.110 ns (0.56%), N = 8, StdDev = 0.311 ns
Min = 19.509 ns, Q1 = 19.524 ns, Median = 19.606 ns, Q3 = 19.948 ns, Max = 20.318 ns
IQR = 0.424 ns, LowerFence = 18.888 ns, UpperFence = 20.584 ns
ConfidenceInterval = [19.165 ns; 20.354 ns] (CI 99.9%), Margin = 0.595 ns (3.01% of Mean)
Skewness = 0.67, Kurtosis = 1.65, MValue = 2
-------------------- Histogram --------------------
[19.499 ns ; 19.908 ns) | @@@@@@
[19.908 ns ; 20.412 ns) | @@
---------------------------------------------------

Flattening.AutoMapper: Quick(MaxRelativeError=0.05, Arguments=/p:MatrixMode=Benchmark, IterationTime=250ms, MaxIterationCount=12, MaxWarmupIterationCount=5, MinIterationCount=8, MinWarmupIterationCount=3)
Runtime = .NET 10.0.11 (10.0.11, 10.0.1126.37416), X64 RyuJIT x86-64-v3; GC = Concurrent Workstation
Mean = 76.056 ns, StdErr = 0.116 ns (0.15%), N = 7, StdDev = 0.307 ns
Min = 75.737 ns, Q1 = 75.907 ns, Median = 75.984 ns, Q3 = 76.083 ns, Max = 76.693 ns
IQR = 0.177 ns, LowerFence = 75.641 ns, UpperFence = 76.348 ns
ConfidenceInterval = [75.366 ns; 76.747 ns] (CI 99.9%), Margin = 0.691 ns (0.91% of Mean)
Skewness = 1.07, Kurtosis = 2.85, MValue = 2
-------------------- Histogram --------------------
[75.526 ns ; 76.904 ns) | @@@@@@@
---------------------------------------------------

// * Summary *

BenchmarkDotNet v0.15.8, Linux Ubuntu 24.04.4 LTS (Noble Numbat)
AMD EPYC 7763 2.45GHz, 1 CPU, 4 logical and 2 physical cores
.NET SDK 10.0.400
  [Host] : .NET 10.0.11 (10.0.11, 10.0.1126.37416), X64 RyuJIT x86-64-v3
  Quick  : .NET 10.0.11 (10.0.11, 10.0.1126.37416), X64 RyuJIT x86-64-v3

Job=Quick  MaxRelativeError=0.05  Arguments=/p:MatrixMode=Benchmark  
IterationTime=250ms  MaxIterationCount=12  MaxWarmupIterationCount=5  
MinIterationCount=8  MinWarmupIterationCount=3  

| Method     | Mean     | Error    | StdDev   | Ratio | RatioSD | Gen0   | Allocated | Alloc Ratio |
|----------- |---------:|---------:|---------:|------:|--------:|-------:|----------:|------------:|
| HandCoded  | 10.01 ns | 0.339 ns | 0.150 ns |  1.00 |    0.02 | 0.0033 |      56 B |        1.00 |
| Mapperly   | 10.36 ns | 0.622 ns | 0.325 ns |  1.03 |    0.03 | 0.0033 |      56 B |        1.00 |
| Mapster    | 19.76 ns | 0.595 ns | 0.311 ns |  1.97 |    0.04 | 0.0033 |      56 B |        1.00 |
| AutoMapper | 76.06 ns | 0.691 ns | 0.307 ns |  7.60 |    0.11 | 0.0032 |      56 B |        1.00 |

// * Hints *
Outliers
  Flattening.HandCoded: Quick  -> 1 outlier  was  removed (14.53 ns)
  Flattening.AutoMapper: Quick -> 1 outlier  was  removed (80.71 ns)

// * Legends *
  Mean        : Arithmetic mean of all measurements
  Error       : Half of 99.9% confidence interval
  StdDev      : Standard deviation of all measurements
  Ratio       : Mean of the ratio distribution ([Current]/[Baseline])
  RatioSD     : Standard deviation of the ratio distribution ([Current]/[Baseline])
  Gen0        : GC Generation 0 collects per 1000 operations
  Allocated   : Allocated memory per single operation (managed only, inclusive, 1KB = 1024B)
  Alloc Ratio : Allocated memory ratio distribution ([Current]/[Baseline])
  1 ns        : 1 Nanosecond (0.000000001 sec)

// * Diagnostic Output - MemoryDiagnoser *


// ***** BenchmarkRunner: End *****
Run time: 00:00:25 (25.45 sec), executed benchmarks: 4

// Found 4 benchmarks:
//   MapToExisting.AutoMapper: Quick(MaxRelativeError=0.05, Arguments=/p:MatrixMode=Benchmark, IterationTime=250ms, MaxIterationCount=12, MaxWarmupIterationCount=5, MinIterationCount=8, MinWarmupIterationCount=3)
//   MapToExisting.HandCoded: Quick(MaxRelativeError=0.05, Arguments=/p:MatrixMode=Benchmark, IterationTime=250ms, MaxIterationCount=12, MaxWarmupIterationCount=5, MinIterationCount=8, MinWarmupIterationCount=3)
//   MapToExisting.Mapperly: Quick(MaxRelativeError=0.05, Arguments=/p:MatrixMode=Benchmark, IterationTime=250ms, MaxIterationCount=12, MaxWarmupIterationCount=5, MinIterationCount=8, MinWarmupIterationCount=3)
//   MapToExisting.Mapster: Quick(MaxRelativeError=0.05, Arguments=/p:MatrixMode=Benchmark, IterationTime=250ms, MaxIterationCount=12, MaxWarmupIterationCount=5, MinIterationCount=8, MinWarmupIterationCount=3)

// **************************
// Benchmark: MapToExisting.AutoMapper: Quick(MaxRelativeError=0.05, Arguments=/p:MatrixMode=Benchmark, IterationTime=250ms, MaxIterationCount=12, MaxWarmupIterationCount=5, MinIterationCount=8, MinWarmupIterationCount=3)
// *** Execute ***
// Launch: 1 / 1
// Execute: dotnet Matrix.ObjectMapping-Quick-1.dll --anonymousPipes 127 128 --benchmarkName Matrix.ObjectMapping.Benchmarks.MapToExisting.AutoMapper --job Quick --benchmarkId 12 in /home/runner/work/dotnet-matrix/dotnet-matrix/src/Matrix.ObjectMapping/bin/Benchmark/Release/net10.0/Matrix.ObjectMapping-Quick-1/bin/Release/net10.0
// Failed to set up high priority (Permission denied). In order to run benchmarks with high priority, make sure you have the right permissions.
// BeforeAnythingElse

// Benchmark Process Environment Information:
// BenchmarkDotNet v0.15.8
// Runtime=.NET 10.0.11 (10.0.11, 10.0.1126.37416), X64 RyuJIT x86-64-v3
// GC=Concurrent Workstation
// HardwareIntrinsics=AVX2+BMI1+BMI2+F16C+FMA+LZCNT+MOVBE,AVX,SSE3+SSSE3+SSE4.1+SSE4.2+POPCNT,X86Base+SSE+SSE2,AES+PCLMUL VectorSize=256
// Job: Quick(MaxRelativeError=0.05, IterationTime=250ms, MaxIterationCount=12, MaxWarmupIterationCount=5, MinIterationCount=8, MinWarmupIterationCount=3)

OverheadJitting  1: 1 op, 234328.00 ns, 234.3280 us/op
WorkloadJitting  1: 1 op, 1121637.00 ns, 1.1216 ms/op

OverheadJitting  2: 16 op, 503140.00 ns, 31.4463 us/op
WorkloadJitting  2: 16 op, 536122.00 ns, 33.5076 us/op

WorkloadPilot    1: 16 op, 11000.00 ns, 687.5000 ns/op
WorkloadPilot    2: 363648 op, 104458805.00 ns, 287.2525 ns/op
WorkloadPilot    3: 870320 op, 115381498.00 ns, 132.5736 ns/op
WorkloadPilot    4: 1885744 op, 130743419.00 ns, 69.3325 ns/op
WorkloadPilot    5: 3605824 op, 249738441.00 ns, 69.2597 ns/op
WorkloadPilot    6: 3609600 op, 250209082.00 ns, 69.3177 ns/op
WorkloadPilot    7: 3606592 op, 249889561.00 ns, 69.2869 ns/op
WorkloadPilot    8: 3608192 op, 250005077.00 ns, 69.2882 ns/op
WorkloadPilot    9: 3608128 op, 251209338.00 ns, 69.6232 ns/op

OverheadWarmup   1: 3608128 op, 16174469.00 ns, 4.4828 ns/op
OverheadWarmup   2: 3608128 op, 16081816.00 ns, 4.4571 ns/op
OverheadWarmup   3: 3608128 op, 16165984.00 ns, 4.4804 ns/op
OverheadWarmup   4: 3608128 op, 16303811.00 ns, 4.5186 ns/op
OverheadWarmup   5: 3608128 op, 16145506.00 ns, 4.4748 ns/op
OverheadWarmup   6: 3608128 op, 16259869.00 ns, 4.5065 ns/op
OverheadWarmup   7: 3608128 op, 16647704.00 ns, 4.6139 ns/op
OverheadWarmup   8: 3608128 op, 16250832.00 ns, 4.5040 ns/op

OverheadActual   1: 3608128 op, 16295976.00 ns, 4.5165 ns/op
OverheadActual   2: 3608128 op, 16196410.00 ns, 4.4889 ns/op
OverheadActual   3: 3608128 op, 16267283.00 ns, 4.5085 ns/op
OverheadActual   4: 3608128 op, 16331543.00 ns, 4.5263 ns/op
OverheadActual   5: 3608128 op, 16214574.00 ns, 4.4939 ns/op
OverheadActual   6: 3608128 op, 16136438.00 ns, 4.4722 ns/op
OverheadActual   7: 3608128 op, 16209074.00 ns, 4.4924 ns/op
OverheadActual   8: 3608128 op, 16326213.00 ns, 4.5248 ns/op

WorkloadWarmup   1: 3608128 op, 253646493.00 ns, 70.2986 ns/op
WorkloadWarmup   2: 3608128 op, 250185775.00 ns, 69.3395 ns/op
WorkloadWarmup   3: 3608128 op, 250114633.00 ns, 69.3198 ns/op
WorkloadWarmup   4: 3608128 op, 251090556.00 ns, 69.5903 ns/op
WorkloadWarmup   5: 3608128 op, 250022701.00 ns, 69.2943 ns/op

// BeforeActualRun
WorkloadActual   1: 3608128 op, 255072357.00 ns, 70.6938 ns/op
WorkloadActual   2: 3608128 op, 250062585.00 ns, 69.3054 ns/op
WorkloadActual   3: 3608128 op, 250575554.00 ns, 69.4475 ns/op
WorkloadActual   4: 3608128 op, 250165668.00 ns, 69.3339 ns/op
WorkloadActual   5: 3608128 op, 250195333.00 ns, 69.3421 ns/op
WorkloadActual   6: 3608128 op, 249961646.00 ns, 69.2774 ns/op
WorkloadActual   7: 3608128 op, 250191766.00 ns, 69.3412 ns/op
WorkloadActual   8: 3608128 op, 250063447.00 ns, 69.3056 ns/op

// AfterActualRun
WorkloadResult   1: 3608128 op, 233821656.50 ns, 64.8041 ns/op
WorkloadResult   2: 3608128 op, 234334625.50 ns, 64.9463 ns/op
WorkloadResult   3: 3608128 op, 233924739.50 ns, 64.8327 ns/op
WorkloadResult   4: 3608128 op, 233954404.50 ns, 64.8409 ns/op
WorkloadResult   5: 3608128 op, 233720717.50 ns, 64.7762 ns/op
WorkloadResult   6: 3608128 op, 233950837.50 ns, 64.8399 ns/op
WorkloadResult   7: 3608128 op, 233822518.50 ns, 64.8044 ns/op
// GC:  0 0 0 0 3608128
// Threading:  0 0 3608128

// AfterAll
// Benchmark Process 3496 has exited with code 0.

Mean = 64.835 ns, StdErr = 0.021 ns (0.03%), N = 7, StdDev = 0.054 ns
Min = 64.776 ns, Q1 = 64.804 ns, Median = 64.833 ns, Q3 = 64.840 ns, Max = 64.946 ns
IQR = 0.036 ns, LowerFence = 64.750 ns, UpperFence = 64.895 ns
ConfidenceInterval = [64.712 ns; 64.958 ns] (CI 99.9%), Margin = 0.123 ns (0.19% of Mean)
Skewness = 0.99, Kurtosis = 2.72, MValue = 2

// ** Remained 25 (65.8 %) benchmark(s) to run. Estimated finish 2026-08-27 14:08 (0h 2m from now) **
// **************************
// Benchmark: MapToExisting.HandCoded: Quick(MaxRelativeError=0.05, Arguments=/p:MatrixMode=Benchmark, IterationTime=250ms, MaxIterationCount=12, MaxWarmupIterationCount=5, MinIterationCount=8, MinWarmupIterationCount=3)
// *** Execute ***
// Launch: 1 / 1
// Execute: dotnet Matrix.ObjectMapping-Quick-1.dll --anonymousPipes 127 128 --benchmarkName Matrix.ObjectMapping.Benchmarks.MapToExisting.HandCoded --job Quick --benchmarkId 13 in /home/runner/work/dotnet-matrix/dotnet-matrix/src/Matrix.ObjectMapping/bin/Benchmark/Release/net10.0/Matrix.ObjectMapping-Quick-1/bin/Release/net10.0
// Failed to set up high priority (Permission denied). In order to run benchmarks with high priority, make sure you have the right permissions.
// BeforeAnythingElse

// Benchmark Process Environment Information:
// BenchmarkDotNet v0.15.8
// Runtime=.NET 10.0.11 (10.0.11, 10.0.1126.37416), X64 RyuJIT x86-64-v3
// GC=Concurrent Workstation
// HardwareIntrinsics=AVX2+BMI1+BMI2+F16C+FMA+LZCNT+MOVBE,AVX,SSE3+SSSE3+SSE4.1+SSE4.2+POPCNT,X86Base+SSE+SSE2,AES+PCLMUL VectorSize=256
// Job: Quick(MaxRelativeError=0.05, IterationTime=250ms, MaxIterationCount=12, MaxWarmupIterationCount=5, MinIterationCount=8, MinWarmupIterationCount=3)

OverheadJitting  1: 1 op, 260977.00 ns, 260.9770 us/op
WorkloadJitting  1: 1 op, 347830.00 ns, 347.8300 us/op

OverheadJitting  2: 16 op, 473034.00 ns, 29.5646 us/op
WorkloadJitting  2: 16 op, 492410.00 ns, 30.7756 us/op

WorkloadPilot    1: 16 op, 2104.00 ns, 131.5000 ns/op
WorkloadPilot    2: 1901152 op, 57730836.00 ns, 30.3662 ns/op
WorkloadPilot    3: 8232832 op, 166146317.00 ns, 20.1809 ns/op
WorkloadPilot    4: 12387936 op, 87420124.00 ns, 7.0569 ns/op
WorkloadPilot    5: 35426448 op, 250227483.00 ns, 7.0633 ns/op
WorkloadPilot    6: 35394256 op, 249623475.00 ns, 7.0527 ns/op
WorkloadPilot    7: 35447648 op, 249989037.00 ns, 7.0523 ns/op
WorkloadPilot    8: 35449216 op, 250702330.00 ns, 7.0722 ns/op
WorkloadPilot    9: 35349920 op, 249416397.00 ns, 7.0556 ns/op
WorkloadPilot   10: 35432640 op, 250178893.00 ns, 7.0607 ns/op

OverheadWarmup   1: 35432640 op, 159821769.00 ns, 4.5106 ns/op
OverheadWarmup   2: 35432640 op, 159519624.00 ns, 4.5021 ns/op
OverheadWarmup   3: 35432640 op, 116029864.00 ns, 3.2747 ns/op
OverheadWarmup   4: 35432640 op, 115808410.00 ns, 3.2684 ns/op
OverheadWarmup   5: 35432640 op, 115748088.00 ns, 3.2667 ns/op
OverheadWarmup   6: 35432640 op, 115863132.00 ns, 3.2700 ns/op
OverheadWarmup   7: 35432640 op, 116202697.00 ns, 3.2795 ns/op
OverheadWarmup   8: 35432640 op, 117125212.00 ns, 3.3056 ns/op
OverheadWarmup   9: 35432640 op, 115835992.00 ns, 3.2692 ns/op
OverheadWarmup  10: 35432640 op, 115936940.00 ns, 3.2720 ns/op

OverheadActual   1: 35432640 op, 117616179.00 ns, 3.3194 ns/op
OverheadActual   2: 35432640 op, 116066987.00 ns, 3.2757 ns/op
OverheadActual   3: 35432640 op, 115820596.00 ns, 3.2688 ns/op
OverheadActual   4: 35432640 op, 115860601.00 ns, 3.2699 ns/op
OverheadActual   5: 35432640 op, 115780572.00 ns, 3.2676 ns/op
OverheadActual   6: 35432640 op, 115802402.00 ns, 3.2682 ns/op
OverheadActual   7: 35432640 op, 115775111.00 ns, 3.2675 ns/op
OverheadActual   8: 35432640 op, 115724486.00 ns, 3.2660 ns/op

WorkloadWarmup   1: 35432640 op, 250281268.00 ns, 7.0636 ns/op
WorkloadWarmup   2: 35432640 op, 249886311.00 ns, 7.0524 ns/op
WorkloadWarmup   3: 35432640 op, 249783839.00 ns, 7.0495 ns/op
WorkloadWarmup   4: 35432640 op, 260243948.00 ns, 7.3448 ns/op
WorkloadWarmup   5: 35432640 op, 250147598.00 ns, 7.0598 ns/op

// BeforeActualRun
WorkloadActual   1: 35432640 op, 250235082.00 ns, 7.0623 ns/op
WorkloadActual   2: 35432640 op, 249709771.00 ns, 7.0475 ns/op
WorkloadActual   3: 35432640 op, 250047902.00 ns, 7.0570 ns/op
WorkloadActual   4: 35432640 op, 250069573.00 ns, 7.0576 ns/op
WorkloadActual   5: 35432640 op, 249867385.00 ns, 7.0519 ns/op
WorkloadActual   6: 35432640 op, 249762149.00 ns, 7.0489 ns/op
WorkloadActual   7: 35432640 op, 249634489.00 ns, 7.0453 ns/op
WorkloadActual   8: 35432640 op, 250504345.00 ns, 7.0699 ns/op

// AfterActualRun
WorkloadResult   1: 35432640 op, 134423583.00 ns, 3.7938 ns/op
WorkloadResult   2: 35432640 op, 133898272.00 ns, 3.7790 ns/op
WorkloadResult   3: 35432640 op, 134236403.00 ns, 3.7885 ns/op
WorkloadResult   4: 35432640 op, 134258074.00 ns, 3.7891 ns/op
WorkloadResult   5: 35432640 op, 134055886.00 ns, 3.7834 ns/op
WorkloadResult   6: 35432640 op, 133950650.00 ns, 3.7804 ns/op
WorkloadResult   7: 35432640 op, 133822990.00 ns, 3.7768 ns/op
WorkloadResult   8: 35432640 op, 134692846.00 ns, 3.8014 ns/op
// GC:  0 0 0 0 35432640
// Threading:  0 0 35432640

// AfterAll
// Benchmark Process 3511 has exited with code 0.

Mean = 3.787 ns, StdErr = 0.003 ns (0.08%), N = 8, StdDev = 0.008 ns
Min = 3.777 ns, Q1 = 3.780 ns, Median = 3.786 ns, Q3 = 3.790 ns, Max = 3.801 ns
IQR = 0.010 ns, LowerFence = 3.765 ns, UpperFence = 3.806 ns
ConfidenceInterval = [3.771 ns; 3.802 ns] (CI 99.9%), Margin = 0.016 ns (0.42% of Mean)
Skewness = 0.45, Kurtosis = 1.71, MValue = 2

// ** Remained 24 (63.2 %) benchmark(s) to run. Estimated finish 2026-08-27 14:08 (0h 2m from now) **
// **************************
// Benchmark: MapToExisting.Mapperly: Quick(MaxRelativeError=0.05, Arguments=/p:MatrixMode=Benchmark, IterationTime=250ms, MaxIterationCount=12, MaxWarmupIterationCount=5, MinIterationCount=8, MinWarmupIterationCount=3)
// *** Execute ***
// Launch: 1 / 1
// Execute: dotnet Matrix.ObjectMapping-Quick-1.dll --anonymousPipes 127 128 --benchmarkName Matrix.ObjectMapping.Benchmarks.MapToExisting.Mapperly --job Quick --benchmarkId 14 in /home/runner/work/dotnet-matrix/dotnet-matrix/src/Matrix.ObjectMapping/bin/Benchmark/Release/net10.0/Matrix.ObjectMapping-Quick-1/bin/Release/net10.0
// Failed to set up high priority (Permission denied). In order to run benchmarks with high priority, make sure you have the right permissions.
// BeforeAnythingElse

// Benchmark Process Environment Information:
// BenchmarkDotNet v0.15.8
// Runtime=.NET 10.0.11 (10.0.11, 10.0.1126.37416), X64 RyuJIT x86-64-v3
// GC=Concurrent Workstation
// HardwareIntrinsics=AVX2+BMI1+BMI2+F16C+FMA+LZCNT+MOVBE,AVX,SSE3+SSSE3+SSE4.1+SSE4.2+POPCNT,X86Base+SSE+SSE2,AES+PCLMUL VectorSize=256
// Job: Quick(MaxRelativeError=0.05, IterationTime=250ms, MaxIterationCount=12, MaxWarmupIterationCount=5, MinIterationCount=8, MinWarmupIterationCount=3)

OverheadJitting  1: 1 op, 233326.00 ns, 233.3260 us/op
WorkloadJitting  1: 1 op, 387815.00 ns, 387.8150 us/op

OverheadJitting  2: 16 op, 484406.00 ns, 30.2754 us/op
WorkloadJitting  2: 16 op, 507379.00 ns, 31.7112 us/op

WorkloadPilot    1: 16 op, 4718.00 ns, 294.8750 ns/op
WorkloadPilot    2: 847824 op, 26614279.00 ns, 31.3913 ns/op
WorkloadPilot    3: 7964000 op, 184967594.00 ns, 23.2255 ns/op
WorkloadPilot    4: 10764048 op, 75955051.00 ns, 7.0564 ns/op
WorkloadPilot    5: 35429008 op, 250907859.00 ns, 7.0820 ns/op
WorkloadPilot    6: 35300816 op, 248715503.00 ns, 7.0456 ns/op
WorkloadPilot    7: 35483136 op, 250080333.00 ns, 7.0479 ns/op
WorkloadPilot    8: 35471744 op, 249899404.00 ns, 7.0450 ns/op
WorkloadPilot    9: 35486032 op, 250787535.00 ns, 7.0672 ns/op

OverheadWarmup   1: 35486032 op, 160360396.00 ns, 4.5190 ns/op
OverheadWarmup   2: 35486032 op, 160304913.00 ns, 4.5174 ns/op
OverheadWarmup   3: 35486032 op, 116206468.00 ns, 3.2747 ns/op
OverheadWarmup   4: 35486032 op, 115979163.00 ns, 3.2683 ns/op
OverheadWarmup   5: 35486032 op, 115920753.00 ns, 3.2667 ns/op
OverheadWarmup   6: 35486032 op, 116046719.00 ns, 3.2702 ns/op
OverheadWarmup   7: 35486032 op, 116181480.00 ns, 3.2740 ns/op
OverheadWarmup   8: 35486032 op, 116049544.00 ns, 3.2703 ns/op
OverheadWarmup   9: 35486032 op, 116198552.00 ns, 3.2745 ns/op
OverheadWarmup  10: 35486032 op, 116325099.00 ns, 3.2781 ns/op

OverheadActual   1: 35486032 op, 115994781.00 ns, 3.2687 ns/op
OverheadActual   2: 35486032 op, 116073529.00 ns, 3.2710 ns/op
OverheadActual   3: 35486032 op, 116230553.00 ns, 3.2754 ns/op
OverheadActual   4: 35486032 op, 116057298.00 ns, 3.2705 ns/op
OverheadActual   5: 35486032 op, 116066185.00 ns, 3.2708 ns/op
OverheadActual   6: 35486032 op, 116228628.00 ns, 3.2753 ns/op
OverheadActual   7: 35486032 op, 116075345.00 ns, 3.2710 ns/op
OverheadActual   8: 35486032 op, 116083411.00 ns, 3.2712 ns/op

WorkloadWarmup   1: 35486032 op, 250262926.00 ns, 7.0524 ns/op
WorkloadWarmup   2: 35486032 op, 250276462.00 ns, 7.0528 ns/op
WorkloadWarmup   3: 35486032 op, 250746880.00 ns, 7.0661 ns/op
WorkloadWarmup   4: 35486032 op, 252522478.00 ns, 7.1161 ns/op
WorkloadWarmup   5: 35486032 op, 250029740.00 ns, 7.0459 ns/op

// BeforeActualRun
WorkloadActual   1: 35486032 op, 250457320.00 ns, 7.0579 ns/op
WorkloadActual   2: 35486032 op, 250865261.00 ns, 7.0694 ns/op
WorkloadActual   3: 35486032 op, 250410472.00 ns, 7.0566 ns/op
WorkloadActual   4: 35486032 op, 250061053.00 ns, 7.0467 ns/op
WorkloadActual   5: 35486032 op, 250276492.00 ns, 7.0528 ns/op
WorkloadActual   6: 35486032 op, 250850231.00 ns, 7.0690 ns/op
WorkloadActual   7: 35486032 op, 250201561.00 ns, 7.0507 ns/op
WorkloadActual   8: 35486032 op, 250292010.00 ns, 7.0533 ns/op

// AfterActualRun
WorkloadResult   1: 35486032 op, 134382883.00 ns, 3.7869 ns/op
WorkloadResult   2: 35486032 op, 134790824.00 ns, 3.7984 ns/op
WorkloadResult   3: 35486032 op, 134336035.00 ns, 3.7856 ns/op
WorkloadResult   4: 35486032 op, 133986616.00 ns, 3.7758 ns/op
WorkloadResult   5: 35486032 op, 134202055.00 ns, 3.7818 ns/op
WorkloadResult   6: 35486032 op, 134775794.00 ns, 3.7980 ns/op
WorkloadResult   7: 35486032 op, 134127124.00 ns, 3.7797 ns/op
WorkloadResult   8: 35486032 op, 134217573.00 ns, 3.7823 ns/op
// GC:  0 0 0 0 35486032
// Threading:  0 0 35486032

// AfterAll
// Benchmark Process 3524 has exited with code 0.

Mean = 3.786 ns, StdErr = 0.003 ns (0.08%), N = 8, StdDev = 0.008 ns
Min = 3.776 ns, Q1 = 3.781 ns, Median = 3.784 ns, Q3 = 3.790 ns, Max = 3.798 ns
IQR = 0.008 ns, LowerFence = 3.769 ns, UpperFence = 3.802 ns
ConfidenceInterval = [3.770 ns; 3.802 ns] (CI 99.9%), Margin = 0.016 ns (0.42% of Mean)
Skewness = 0.47, Kurtosis = 1.55, MValue = 2

// ** Remained 23 (60.5 %) benchmark(s) to run. Estimated finish 2026-08-27 14:09 (0h 2m from now) **
// **************************
// Benchmark: MapToExisting.Mapster: Quick(MaxRelativeError=0.05, Arguments=/p:MatrixMode=Benchmark, IterationTime=250ms, MaxIterationCount=12, MaxWarmupIterationCount=5, MinIterationCount=8, MinWarmupIterationCount=3)
// *** Execute ***
// Launch: 1 / 1
// Execute: dotnet Matrix.ObjectMapping-Quick-1.dll --anonymousPipes 127 128 --benchmarkName Matrix.ObjectMapping.Benchmarks.MapToExisting.Mapster --job Quick --benchmarkId 15 in /home/runner/work/dotnet-matrix/dotnet-matrix/src/Matrix.ObjectMapping/bin/Benchmark/Release/net10.0/Matrix.ObjectMapping-Quick-1/bin/Release/net10.0
// Failed to set up high priority (Permission denied). In order to run benchmarks with high priority, make sure you have the right permissions.
// BeforeAnythingElse

// Benchmark Process Environment Information:
// BenchmarkDotNet v0.15.8
// Runtime=.NET 10.0.11 (10.0.11, 10.0.1126.37416), X64 RyuJIT x86-64-v3
// GC=Concurrent Workstation
// HardwareIntrinsics=AVX2+BMI1+BMI2+F16C+FMA+LZCNT+MOVBE,AVX,SSE3+SSSE3+SSE4.1+SSE4.2+POPCNT,X86Base+SSE+SSE2,AES+PCLMUL VectorSize=256
// Job: Quick(MaxRelativeError=0.05, IterationTime=250ms, MaxIterationCount=12, MaxWarmupIterationCount=5, MinIterationCount=8, MinWarmupIterationCount=3)

OverheadJitting  1: 1 op, 242493.00 ns, 242.4930 us/op
WorkloadJitting  1: 1 op, 719404.00 ns, 719.4040 us/op

OverheadJitting  2: 16 op, 507228.00 ns, 31.7018 us/op
WorkloadJitting  2: 16 op, 497981.00 ns, 31.1238 us/op

WorkloadPilot    1: 16 op, 5771.00 ns, 360.6875 ns/op
WorkloadPilot    2: 693136 op, 80985297.00 ns, 116.8390 ns/op
WorkloadPilot    3: 2139712 op, 103821178.00 ns, 48.5211 ns/op
WorkloadPilot    4: 5152400 op, 80888968.00 ns, 15.6993 ns/op
WorkloadPilot    5: 15924304 op, 249636896.00 ns, 15.6765 ns/op
WorkloadPilot    6: 15947472 op, 249948449.00 ns, 15.6732 ns/op
WorkloadPilot    7: 15950768 op, 250800901.00 ns, 15.7234 ns/op
WorkloadPilot    8: 15899840 op, 249290419.00 ns, 15.6788 ns/op
WorkloadPilot    9: 15945104 op, 249976020.00 ns, 15.6773 ns/op
WorkloadPilot   10: 15946640 op, 250101304.00 ns, 15.6836 ns/op
WorkloadPilot   11: 15940192 op, 251247205.00 ns, 15.7619 ns/op

OverheadWarmup   1: 15940192 op, 67439596.00 ns, 4.2308 ns/op
OverheadWarmup   2: 15940192 op, 67398249.00 ns, 4.2282 ns/op
OverheadWarmup   3: 15940192 op, 67793768.00 ns, 4.2530 ns/op
OverheadWarmup   4: 15940192 op, 52162660.00 ns, 3.2724 ns/op
OverheadWarmup   5: 15940192 op, 52153793.00 ns, 3.2718 ns/op
OverheadWarmup   6: 15940192 op, 52165285.00 ns, 3.2726 ns/op
OverheadWarmup   7: 15940192 op, 52525037.00 ns, 3.2951 ns/op
OverheadWarmup   8: 15940192 op, 52195481.00 ns, 3.2745 ns/op

OverheadActual   1: 15940192 op, 52577125.00 ns, 3.2984 ns/op
OverheadActual   2: 15940192 op, 52185523.00 ns, 3.2738 ns/op
OverheadActual   3: 15940192 op, 52147903.00 ns, 3.2715 ns/op
OverheadActual   4: 15940192 op, 52197015.00 ns, 3.2746 ns/op
OverheadActual   5: 15940192 op, 52344861.00 ns, 3.2838 ns/op
OverheadActual   6: 15940192 op, 52229004.00 ns, 3.2766 ns/op
OverheadActual   7: 15940192 op, 53067550.00 ns, 3.3292 ns/op
OverheadActual   8: 15940192 op, 52210019.00 ns, 3.2754 ns/op

WorkloadWarmup   1: 15940192 op, 249778671.00 ns, 15.6697 ns/op
WorkloadWarmup   2: 15940192 op, 249786135.00 ns, 15.6702 ns/op
WorkloadWarmup   3: 15940192 op, 249863110.00 ns, 15.6750 ns/op
WorkloadWarmup   4: 15940192 op, 250877434.00 ns, 15.7387 ns/op
WorkloadWarmup   5: 15940192 op, 250098030.00 ns, 15.6898 ns/op

// BeforeActualRun
WorkloadActual   1: 15940192 op, 250239013.00 ns, 15.6986 ns/op
WorkloadActual   2: 15940192 op, 249848384.00 ns, 15.6741 ns/op
WorkloadActual   3: 15940192 op, 250985918.00 ns, 15.7455 ns/op
WorkloadActual   4: 15940192 op, 249836178.00 ns, 15.6733 ns/op
WorkloadActual   5: 15940192 op, 249994817.00 ns, 15.6833 ns/op
WorkloadActual   6: 15940192 op, 250056613.00 ns, 15.6872 ns/op
WorkloadActual   7: 15940192 op, 250478540.00 ns, 15.7136 ns/op
WorkloadActual   8: 15940192 op, 249838375.00 ns, 15.6735 ns/op

// AfterActualRun
WorkloadResult   1: 15940192 op, 198019501.50 ns, 12.4227 ns/op
WorkloadResult   2: 15940192 op, 197628872.50 ns, 12.3981 ns/op
WorkloadResult   3: 15940192 op, 197616666.50 ns, 12.3974 ns/op
WorkloadResult   4: 15940192 op, 197775305.50 ns, 12.4073 ns/op
WorkloadResult   5: 15940192 op, 197837101.50 ns, 12.4112 ns/op
WorkloadResult   6: 15940192 op, 198259028.50 ns, 12.4377 ns/op
WorkloadResult   7: 15940192 op, 197618863.50 ns, 12.3975 ns/op
// GC:  0 0 0 0 15940192
// Threading:  0 0 15940192

// AfterAll
// Benchmark Process 3533 has exited with code 0.

Mean = 12.410 ns, StdErr = 0.006 ns (0.05%), N = 7, StdDev = 0.015 ns
Min = 12.397 ns, Q1 = 12.398 ns, Median = 12.407 ns, Q3 = 12.417 ns, Max = 12.438 ns
IQR = 0.019 ns, LowerFence = 12.369 ns, UpperFence = 12.446 ns
ConfidenceInterval = [12.376 ns; 12.445 ns] (CI 99.9%), Margin = 0.034 ns (0.28% of Mean)
Skewness = 0.67, Kurtosis = 1.77, MValue = 2

// ** Remained 22 (57.9 %) benchmark(s) to run. Estimated finish 2026-08-27 14:09 (0h 2m from now) **
// ***** BenchmarkRunner: Finish  *****

// * Export *
  tmp/dotnet-matrix/ObjectMapping/20a3bacfa27b4f79b1dc7ff5c0db69bd/results/Matrix.ObjectMapping.Benchmarks.MapToExisting-report.csv
  tmp/dotnet-matrix/ObjectMapping/20a3bacfa27b4f79b1dc7ff5c0db69bd/results/Matrix.ObjectMapping.Benchmarks.MapToExisting-report-github.md
  tmp/dotnet-matrix/ObjectMapping/20a3bacfa27b4f79b1dc7ff5c0db69bd/results/Matrix.ObjectMapping.Benchmarks.MapToExisting-report.html
  tmp/dotnet-matrix/ObjectMapping/20a3bacfa27b4f79b1dc7ff5c0db69bd/results/Matrix.ObjectMapping.Benchmarks.MapToExisting-report-full.json

// * Detailed results *
MapToExisting.Mapperly: Quick(MaxRelativeError=0.05, Arguments=/p:MatrixMode=Benchmark, IterationTime=250ms, MaxIterationCount=12, MaxWarmupIterationCount=5, MinIterationCount=8, MinWarmupIterationCount=3)
Runtime = .NET 10.0.11 (10.0.11, 10.0.1126.37416), X64 RyuJIT x86-64-v3; GC = Concurrent Workstation
Mean = 3.786 ns, StdErr = 0.003 ns (0.08%), N = 8, StdDev = 0.008 ns
Min = 3.776 ns, Q1 = 3.781 ns, Median = 3.784 ns, Q3 = 3.790 ns, Max = 3.798 ns
IQR = 0.008 ns, LowerFence = 3.769 ns, UpperFence = 3.802 ns
ConfidenceInterval = [3.770 ns; 3.802 ns] (CI 99.9%), Margin = 0.016 ns (0.42% of Mean)
Skewness = 0.47, Kurtosis = 1.55, MValue = 2
-------------------- Histogram --------------------
[3.770 ns ; 3.804 ns) | @@@@@@@@
---------------------------------------------------

MapToExisting.HandCoded: Quick(MaxRelativeError=0.05, Arguments=/p:MatrixMode=Benchmark, IterationTime=250ms, MaxIterationCount=12, MaxWarmupIterationCount=5, MinIterationCount=8, MinWarmupIterationCount=3)
Runtime = .NET 10.0.11 (10.0.11, 10.0.1126.37416), X64 RyuJIT x86-64-v3; GC = Concurrent Workstation
Mean = 3.787 ns, StdErr = 0.003 ns (0.08%), N = 8, StdDev = 0.008 ns
Min = 3.777 ns, Q1 = 3.780 ns, Median = 3.786 ns, Q3 = 3.790 ns, Max = 3.801 ns
IQR = 0.010 ns, LowerFence = 3.765 ns, UpperFence = 3.806 ns
ConfidenceInterval = [3.771 ns; 3.802 ns] (CI 99.9%), Margin = 0.016 ns (0.42% of Mean)
Skewness = 0.45, Kurtosis = 1.71, MValue = 2
-------------------- Histogram --------------------
[3.771 ns ; 3.807 ns) | @@@@@@@@
---------------------------------------------------

MapToExisting.Mapster: Quick(MaxRelativeError=0.05, Arguments=/p:MatrixMode=Benchmark, IterationTime=250ms, MaxIterationCount=12, MaxWarmupIterationCount=5, MinIterationCount=8, MinWarmupIterationCount=3)
Runtime = .NET 10.0.11 (10.0.11, 10.0.1126.37416), X64 RyuJIT x86-64-v3; GC = Concurrent Workstation
Mean = 12.410 ns, StdErr = 0.006 ns (0.05%), N = 7, StdDev = 0.015 ns
Min = 12.397 ns, Q1 = 12.398 ns, Median = 12.407 ns, Q3 = 12.417 ns, Max = 12.438 ns
IQR = 0.019 ns, LowerFence = 12.369 ns, UpperFence = 12.446 ns
ConfidenceInterval = [12.376 ns; 12.445 ns] (CI 99.9%), Margin = 0.034 ns (0.28% of Mean)
Skewness = 0.67, Kurtosis = 1.77, MValue = 2
-------------------- Histogram --------------------
[12.387 ns ; 12.448 ns) | @@@@@@@
---------------------------------------------------

MapToExisting.AutoMapper: Quick(MaxRelativeError=0.05, Arguments=/p:MatrixMode=Benchmark, IterationTime=250ms, MaxIterationCount=12, MaxWarmupIterationCount=5, MinIterationCount=8, MinWarmupIterationCount=3)
Runtime = .NET 10.0.11 (10.0.11, 10.0.1126.37416), X64 RyuJIT x86-64-v3; GC = Concurrent Workstation
Mean = 64.835 ns, StdErr = 0.021 ns (0.03%), N = 7, StdDev = 0.054 ns
Min = 64.776 ns, Q1 = 64.804 ns, Median = 64.833 ns, Q3 = 64.840 ns, Max = 64.946 ns
IQR = 0.036 ns, LowerFence = 64.750 ns, UpperFence = 64.895 ns
ConfidenceInterval = [64.712 ns; 64.958 ns] (CI 99.9%), Margin = 0.123 ns (0.19% of Mean)
Skewness = 0.99, Kurtosis = 2.72, MValue = 2
-------------------- Histogram --------------------
[64.739 ns ; 64.984 ns) | @@@@@@@
---------------------------------------------------

// * Summary *

BenchmarkDotNet v0.15.8, Linux Ubuntu 24.04.4 LTS (Noble Numbat)
AMD EPYC 7763 2.45GHz, 1 CPU, 4 logical and 2 physical cores
.NET SDK 10.0.400
  [Host] : .NET 10.0.11 (10.0.11, 10.0.1126.37416), X64 RyuJIT x86-64-v3
  Quick  : .NET 10.0.11 (10.0.11, 10.0.1126.37416), X64 RyuJIT x86-64-v3

Job=Quick  MaxRelativeError=0.05  Arguments=/p:MatrixMode=Benchmark  
IterationTime=250ms  MaxIterationCount=12  MaxWarmupIterationCount=5  
MinIterationCount=8  MinWarmupIterationCount=3  

| Method     | Mean      | Error     | StdDev    | Ratio | RatioSD | Allocated | Alloc Ratio |
|----------- |----------:|----------:|----------:|------:|--------:|----------:|------------:|
| Mapperly   |  3.786 ns | 0.0157 ns | 0.0082 ns |  1.00 |    0.00 |         - |          NA |
| HandCoded  |  3.787 ns | 0.0159 ns | 0.0083 ns |  1.00 |    0.00 |         - |          NA |
| Mapster    | 12.410 ns | 0.0343 ns | 0.0152 ns |  3.28 |    0.01 |         - |          NA |
| AutoMapper | 64.835 ns | 0.1227 ns | 0.0545 ns | 17.12 |    0.04 |         - |          NA |

// * Hints *
Outliers
  MapToExisting.Mapster: Quick    -> 1 outlier  was  removed (15.75 ns)
  MapToExisting.AutoMapper: Quick -> 1 outlier  was  removed (70.69 ns)

// * Legends *
  Mean        : Arithmetic mean of all measurements
  Error       : Half of 99.9% confidence interval
  StdDev      : Standard deviation of all measurements
  Ratio       : Mean of the ratio distribution ([Current]/[Baseline])
  RatioSD     : Standard deviation of the ratio distribution ([Current]/[Baseline])
  Allocated   : Allocated memory per single operation (managed only, inclusive, 1KB = 1024B)
  Alloc Ratio : Allocated memory ratio distribution ([Current]/[Baseline])
  1 ns        : 1 Nanosecond (0.000000001 sec)

// * Diagnostic Output - MemoryDiagnoser *


// ***** BenchmarkRunner: End *****
Run time: 00:00:27 (27.65 sec), executed benchmarks: 4

// Found 4 benchmarks:
//   NestedObject.AutoMapper: Quick(MaxRelativeError=0.05, Arguments=/p:MatrixMode=Benchmark, IterationTime=250ms, MaxIterationCount=12, MaxWarmupIterationCount=5, MinIterationCount=8, MinWarmupIterationCount=3)
//   NestedObject.HandCoded: Quick(MaxRelativeError=0.05, Arguments=/p:MatrixMode=Benchmark, IterationTime=250ms, MaxIterationCount=12, MaxWarmupIterationCount=5, MinIterationCount=8, MinWarmupIterationCount=3)
//   NestedObject.Mapperly: Quick(MaxRelativeError=0.05, Arguments=/p:MatrixMode=Benchmark, IterationTime=250ms, MaxIterationCount=12, MaxWarmupIterationCount=5, MinIterationCount=8, MinWarmupIterationCount=3)
//   NestedObject.Mapster: Quick(MaxRelativeError=0.05, Arguments=/p:MatrixMode=Benchmark, IterationTime=250ms, MaxIterationCount=12, MaxWarmupIterationCount=5, MinIterationCount=8, MinWarmupIterationCount=3)

// **************************
// Benchmark: NestedObject.AutoMapper: Quick(MaxRelativeError=0.05, Arguments=/p:MatrixMode=Benchmark, IterationTime=250ms, MaxIterationCount=12, MaxWarmupIterationCount=5, MinIterationCount=8, MinWarmupIterationCount=3)
// *** Execute ***
// Launch: 1 / 1
// Execute: dotnet Matrix.ObjectMapping-Quick-1.dll --anonymousPipes 125 126 --benchmarkName Matrix.ObjectMapping.Benchmarks.NestedObject.AutoMapper --job Quick --benchmarkId 16 in /home/runner/work/dotnet-matrix/dotnet-matrix/src/Matrix.ObjectMapping/bin/Benchmark/Release/net10.0/Matrix.ObjectMapping-Quick-1/bin/Release/net10.0
// Failed to set up high priority (Permission denied). In order to run benchmarks with high priority, make sure you have the right permissions.
// BeforeAnythingElse

// Benchmark Process Environment Information:
// BenchmarkDotNet v0.15.8
// Runtime=.NET 10.0.11 (10.0.11, 10.0.1126.37416), X64 RyuJIT x86-64-v3
// GC=Concurrent Workstation
// HardwareIntrinsics=AVX2+BMI1+BMI2+F16C+FMA+LZCNT+MOVBE,AVX,SSE3+SSSE3+SSE4.1+SSE4.2+POPCNT,X86Base+SSE+SSE2,AES+PCLMUL VectorSize=256
// Job: Quick(MaxRelativeError=0.05, IterationTime=250ms, MaxIterationCount=12, MaxWarmupIterationCount=5, MinIterationCount=8, MinWarmupIterationCount=3)

OverheadJitting  1: 1 op, 272289.00 ns, 272.2890 us/op
WorkloadJitting  1: 1 op, 2563980.00 ns, 2.5640 ms/op

OverheadJitting  2: 16 op, 489344.00 ns, 30.5840 us/op
WorkloadJitting  2: 16 op, 925319.00 ns, 57.8324 us/op

WorkloadPilot    1: 16 op, 17112.00 ns, 1.0695 us/op
WorkloadPilot    2: 233760 op, 94481394.00 ns, 404.1812 ns/op
WorkloadPilot    3: 618544 op, 135077666.00 ns, 218.3800 ns/op
WorkloadPilot    4: 1144800 op, 137683801.00 ns, 120.2689 ns/op
WorkloadPilot    5: 2078688 op, 245522030.00 ns, 118.1139 ns/op
WorkloadPilot    6: 2116608 op, 248391693.00 ns, 117.3537 ns/op
WorkloadPilot    7: 2130320 op, 250249523.00 ns, 117.4704 ns/op
WorkloadPilot    8: 2128208 op, 251420701.00 ns, 118.1373 ns/op
WorkloadPilot    9: 2116192 op, 250004796.00 ns, 118.1390 ns/op

OverheadWarmup   1: 2116192 op, 8264812.00 ns, 3.9055 ns/op
OverheadWarmup   2: 2116192 op, 8224476.00 ns, 3.8865 ns/op
OverheadWarmup   3: 2116192 op, 8226800.00 ns, 3.8875 ns/op
OverheadWarmup   4: 2116192 op, 8227963.00 ns, 3.8881 ns/op
OverheadWarmup   5: 2116192 op, 8238321.00 ns, 3.8930 ns/op
OverheadWarmup   6: 2116192 op, 8226911.00 ns, 3.8876 ns/op
OverheadWarmup   7: 2116192 op, 8230417.00 ns, 3.8893 ns/op
OverheadWarmup   8: 2116192 op, 8223625.00 ns, 3.8860 ns/op

OverheadActual   1: 2116192 op, 8232231.00 ns, 3.8901 ns/op
OverheadActual   2: 2116192 op, 8241458.00 ns, 3.8945 ns/op
OverheadActual   3: 2116192 op, 8261996.00 ns, 3.9042 ns/op
OverheadActual   4: 2116192 op, 8227211.00 ns, 3.8877 ns/op
OverheadActual   5: 2116192 op, 8294116.00 ns, 3.9194 ns/op
OverheadActual   6: 2116192 op, 8243561.00 ns, 3.8955 ns/op
OverheadActual   7: 2116192 op, 8230237.00 ns, 3.8892 ns/op
OverheadActual   8: 2116192 op, 8224947.00 ns, 3.8867 ns/op

WorkloadWarmup   1: 2116192 op, 254911333.00 ns, 120.4576 ns/op
WorkloadWarmup   2: 2116192 op, 249323463.00 ns, 117.8170 ns/op
WorkloadWarmup   3: 2116192 op, 250351884.00 ns, 118.3030 ns/op
WorkloadWarmup   4: 2116192 op, 256648816.00 ns, 121.2786 ns/op
WorkloadWarmup   5: 2116192 op, 253889547.00 ns, 119.9747 ns/op

// BeforeActualRun
WorkloadActual   1: 2116192 op, 251338237.00 ns, 118.7691 ns/op
WorkloadActual   2: 2116192 op, 249259303.00 ns, 117.7867 ns/op
WorkloadActual   3: 2116192 op, 252771745.00 ns, 119.4465 ns/op
WorkloadActual   4: 2116192 op, 251109389.00 ns, 118.6610 ns/op
WorkloadActual   5: 2116192 op, 249389587.00 ns, 117.8483 ns/op
WorkloadActual   6: 2116192 op, 250860294.00 ns, 118.5433 ns/op
WorkloadActual   7: 2116192 op, 250304746.00 ns, 118.2807 ns/op
WorkloadActual   8: 2116192 op, 250402028.00 ns, 118.3267 ns/op

// AfterActualRun
WorkloadResult   1: 2116192 op, 243101392.50 ns, 114.8768 ns/op
WorkloadResult   2: 2116192 op, 241022458.50 ns, 113.8944 ns/op
WorkloadResult   3: 2116192 op, 244534900.50 ns, 115.5542 ns/op
WorkloadResult   4: 2116192 op, 242872544.50 ns, 114.7687 ns/op
WorkloadResult   5: 2116192 op, 241152742.50 ns, 113.9560 ns/op
WorkloadResult   6: 2116192 op, 242623449.50 ns, 114.6510 ns/op
WorkloadResult   7: 2116192 op, 242067901.50 ns, 114.3884 ns/op
WorkloadResult   8: 2116192 op, 242165183.50 ns, 114.4344 ns/op
// GC:  31 0 0 524815616 2116192
// Threading:  0 0 2116192

// AfterAll
// Benchmark Process 3544 has exited with code 0.

Mean = 114.565 ns, StdErr = 0.189 ns (0.16%), N = 8, StdDev = 0.534 ns
Min = 113.894 ns, Q1 = 114.280 ns, Median = 114.543 ns, Q3 = 114.796 ns, Max = 115.554 ns
IQR = 0.515 ns, LowerFence = 113.507 ns, UpperFence = 115.569 ns
ConfidenceInterval = [113.545 ns; 115.586 ns] (CI 99.9%), Margin = 1.020 ns (0.89% of Mean)
Skewness = 0.39, Kurtosis = 2.02, MValue = 2

// ** Remained 21 (55.3 %) benchmark(s) to run. Estimated finish 2026-08-27 14:09 (0h 2m from now) **
// **************************
// Benchmark: NestedObject.HandCoded: Quick(MaxRelativeError=0.05, Arguments=/p:MatrixMode=Benchmark, IterationTime=250ms, MaxIterationCount=12, MaxWarmupIterationCount=5, MinIterationCount=8, MinWarmupIterationCount=3)
// *** Execute ***
// Launch: 1 / 1
// Execute: dotnet Matrix.ObjectMapping-Quick-1.dll --anonymousPipes 125 126 --benchmarkName Matrix.ObjectMapping.Benchmarks.NestedObject.HandCoded --job Quick --benchmarkId 17 in /home/runner/work/dotnet-matrix/dotnet-matrix/src/Matrix.ObjectMapping/bin/Benchmark/Release/net10.0/Matrix.ObjectMapping-Quick-1/bin/Release/net10.0
// Failed to set up high priority (Permission denied). In order to run benchmarks with high priority, make sure you have the right permissions.
// BeforeAnythingElse

// Benchmark Process Environment Information:
// BenchmarkDotNet v0.15.8
// Runtime=.NET 10.0.11 (10.0.11, 10.0.1126.37416), X64 RyuJIT x86-64-v3
// GC=Concurrent Workstation
// HardwareIntrinsics=AVX2+BMI1+BMI2+F16C+FMA+LZCNT+MOVBE,AVX,SSE3+SSSE3+SSE4.1+SSE4.2+POPCNT,X86Base+SSE+SSE2,AES+PCLMUL VectorSize=256
// Job: Quick(MaxRelativeError=0.05, IterationTime=250ms, MaxIterationCount=12, MaxWarmupIterationCount=5, MinIterationCount=8, MinWarmupIterationCount=3)

OverheadJitting  1: 1 op, 229679.00 ns, 229.6790 us/op
WorkloadJitting  1: 1 op, 716309.00 ns, 716.3090 us/op

OverheadJitting  2: 16 op, 463446.00 ns, 28.9654 us/op
WorkloadJitting  2: 16 op, 489915.00 ns, 30.6197 us/op

WorkloadPilot    1: 16 op, 11091.00 ns, 693.1875 ns/op
WorkloadPilot    2: 360656 op, 53475473.00 ns, 148.2728 ns/op
WorkloadPilot    3: 1686096 op, 170026122.00 ns, 100.8401 ns/op
WorkloadPilot    4: 2479184 op, 138976733.00 ns, 56.0574 ns/op
WorkloadPilot    5: 4459712 op, 248736220.00 ns, 55.7741 ns/op
WorkloadPilot    6: 4482384 op, 241269668.00 ns, 53.8262 ns/op
WorkloadPilot    7: 4644592 op, 247920806.00 ns, 53.3784 ns/op
WorkloadPilot    8: 4683552 op, 251455300.00 ns, 53.6890 ns/op
WorkloadPilot    9: 4656448 op, 256887942.00 ns, 55.1682 ns/op
WorkloadPilot   10: 4531600 op, 243437258.00 ns, 53.7199 ns/op
WorkloadPilot   11: 4653776 op, 252390689.00 ns, 54.2335 ns/op

OverheadWarmup   1: 4653776 op, 21074510.00 ns, 4.5285 ns/op
OverheadWarmup   2: 4653776 op, 21084549.00 ns, 4.5306 ns/op
OverheadWarmup   3: 4653776 op, 21033142.00 ns, 4.5196 ns/op
OverheadWarmup   4: 4653776 op, 21048983.00 ns, 4.5230 ns/op
OverheadWarmup   5: 4653776 op, 21071714.00 ns, 4.5279 ns/op
OverheadWarmup   6: 4653776 op, 22445071.00 ns, 4.8230 ns/op
OverheadWarmup   7: 4653776 op, 21080331.00 ns, 4.5297 ns/op

OverheadActual   1: 4653776 op, 21061676.00 ns, 4.5257 ns/op
OverheadActual   2: 4653776 op, 21098184.00 ns, 4.5336 ns/op
OverheadActual   3: 4653776 op, 21127980.00 ns, 4.5400 ns/op
OverheadActual   4: 4653776 op, 21021160.00 ns, 4.5170 ns/op
OverheadActual   5: 4653776 op, 21011312.00 ns, 4.5149 ns/op
OverheadActual   6: 4653776 op, 21004890.00 ns, 4.5135 ns/op
OverheadActual   7: 4653776 op, 21112310.00 ns, 4.5366 ns/op
OverheadActual   8: 4653776 op, 21012774.00 ns, 4.5152 ns/op

WorkloadWarmup   1: 4653776 op, 267763704.00 ns, 57.5369 ns/op
WorkloadWarmup   2: 4653776 op, 258887639.00 ns, 55.6296 ns/op
WorkloadWarmup   3: 4653776 op, 258711520.00 ns, 55.5917 ns/op
WorkloadWarmup   4: 4653776 op, 261922550.00 ns, 56.2817 ns/op
WorkloadWarmup   5: 4653776 op, 260025605.00 ns, 55.8741 ns/op

// BeforeActualRun
WorkloadActual   1: 4653776 op, 258521836.00 ns, 55.5510 ns/op
WorkloadActual   2: 4653776 op, 268586032.00 ns, 57.7136 ns/op
WorkloadActual   3: 4653776 op, 265519461.00 ns, 57.0546 ns/op
WorkloadActual   4: 4653776 op, 265606805.00 ns, 57.0734 ns/op
WorkloadActual   5: 4653776 op, 262749095.00 ns, 56.4593 ns/op
WorkloadActual   6: 4653776 op, 261817023.00 ns, 56.2591 ns/op
WorkloadActual   7: 4653776 op, 255623299.00 ns, 54.9281 ns/op
WorkloadActual   8: 4653776 op, 254863459.00 ns, 54.7649 ns/op

// AfterActualRun
WorkloadResult   1: 4653776 op, 237480418.00 ns, 51.0296 ns/op
WorkloadResult   2: 4653776 op, 247544614.00 ns, 53.1922 ns/op
WorkloadResult   3: 4653776 op, 244478043.00 ns, 52.5333 ns/op
WorkloadResult   4: 4653776 op, 244565387.00 ns, 52.5520 ns/op
WorkloadResult   5: 4653776 op, 241707677.00 ns, 51.9380 ns/op
WorkloadResult   6: 4653776 op, 240775605.00 ns, 51.7377 ns/op
WorkloadResult   7: 4653776 op, 234581881.00 ns, 50.4068 ns/op
WorkloadResult   8: 4653776 op, 233822041.00 ns, 50.2435 ns/op
// GC:  68 0 0 1154136448 4653776
// Threading:  0 0 4653776

// AfterAll
// Benchmark Process 3556 has exited with code 0.

Mean = 51.704 ns, StdErr = 0.377 ns (0.73%), N = 8, StdDev = 1.066 ns
Min = 50.244 ns, Q1 = 50.874 ns, Median = 51.838 ns, Q3 = 52.538 ns, Max = 53.192 ns
IQR = 1.664 ns, LowerFence = 48.378 ns, UpperFence = 55.034 ns
ConfidenceInterval = [49.667 ns; 53.741 ns] (CI 99.9%), Margin = 2.037 ns (3.94% of Mean)
Skewness = -0.12, Kurtosis = 1.31, MValue = 2

// ** Remained 20 (52.6 %) benchmark(s) to run. Estimated finish 2026-08-27 14:09 (0h 2m from now) **
// **************************
// Benchmark: NestedObject.Mapperly: Quick(MaxRelativeError=0.05, Arguments=/p:MatrixMode=Benchmark, IterationTime=250ms, MaxIterationCount=12, MaxWarmupIterationCount=5, MinIterationCount=8, MinWarmupIterationCount=3)
// *** Execute ***
// Launch: 1 / 1
// Execute: dotnet Matrix.ObjectMapping-Quick-1.dll --anonymousPipes 125 126 --benchmarkName Matrix.ObjectMapping.Benchmarks.NestedObject.Mapperly --job Quick --benchmarkId 18 in /home/runner/work/dotnet-matrix/dotnet-matrix/src/Matrix.ObjectMapping/bin/Benchmark/Release/net10.0/Matrix.ObjectMapping-Quick-1/bin/Release/net10.0
// Failed to set up high priority (Permission denied). In order to run benchmarks with high priority, make sure you have the right permissions.
// BeforeAnythingElse

// Benchmark Process Environment Information:
// BenchmarkDotNet v0.15.8
// Runtime=.NET 10.0.11 (10.0.11, 10.0.1126.37416), X64 RyuJIT x86-64-v3
// GC=Concurrent Workstation
// HardwareIntrinsics=AVX2+BMI1+BMI2+F16C+FMA+LZCNT+MOVBE,AVX,SSE3+SSSE3+SSE4.1+SSE4.2+POPCNT,X86Base+SSE+SSE2,AES+PCLMUL VectorSize=256
// Job: Quick(MaxRelativeError=0.05, IterationTime=250ms, MaxIterationCount=12, MaxWarmupIterationCount=5, MinIterationCount=8, MinWarmupIterationCount=3)

OverheadJitting  1: 1 op, 259294.00 ns, 259.2940 us/op
WorkloadJitting  1: 1 op, 841243.00 ns, 841.2430 us/op

OverheadJitting  2: 16 op, 480659.00 ns, 30.0412 us/op
WorkloadJitting  2: 16 op, 470940.00 ns, 29.4338 us/op

WorkloadPilot    1: 16 op, 33854.00 ns, 2.1159 us/op
WorkloadPilot    2: 118160 op, 22124943.00 ns, 187.2456 ns/op
WorkloadPilot    3: 1335152 op, 156512771.00 ns, 117.2247 ns/op
WorkloadPilot    4: 2132672 op, 114326100.00 ns, 53.6070 ns/op
WorkloadPilot    5: 4663584 op, 234409429.00 ns, 50.2638 ns/op
WorkloadPilot    6: 4973760 op, 247224966.00 ns, 49.7058 ns/op
WorkloadPilot    7: 5029600 op, 249245712.00 ns, 49.5558 ns/op
WorkloadPilot    8: 5044832 op, 254081789.00 ns, 50.3648 ns/op
WorkloadPilot    9: 4963792 op, 260465004.00 ns, 52.4730 ns/op
WorkloadPilot   10: 4764368 op, 235374047.00 ns, 49.4030 ns/op
WorkloadPilot   11: 5060432 op, 251917803.00 ns, 49.7819 ns/op

OverheadWarmup   1: 5060432 op, 23080050.00 ns, 4.5609 ns/op
OverheadWarmup   2: 5060432 op, 23013065.00 ns, 4.5476 ns/op
OverheadWarmup   3: 5060432 op, 23023975.00 ns, 4.5498 ns/op
OverheadWarmup   4: 5060432 op, 23040636.00 ns, 4.5531 ns/op
OverheadWarmup   5: 5060432 op, 23047018.00 ns, 4.5544 ns/op
OverheadWarmup   6: 5060432 op, 23009809.00 ns, 4.5470 ns/op
OverheadWarmup   7: 5060432 op, 23058630.00 ns, 4.5567 ns/op
OverheadWarmup   8: 5060432 op, 23029806.00 ns, 4.5510 ns/op

OverheadActual   1: 5060432 op, 23303227.00 ns, 4.6050 ns/op
OverheadActual   2: 5060432 op, 23064200.00 ns, 4.5578 ns/op
OverheadActual   3: 5060432 op, 23039564.00 ns, 4.5529 ns/op
OverheadActual   4: 5060432 op, 23261008.00 ns, 4.5966 ns/op
OverheadActual   5: 5060432 op, 23146323.00 ns, 4.5740 ns/op
OverheadActual   6: 5060432 op, 23160140.00 ns, 4.5767 ns/op
OverheadActual   7: 5060432 op, 23057649.00 ns, 4.5565 ns/op
OverheadActual   8: 5060432 op, 23009138.00 ns, 4.5469 ns/op

WorkloadWarmup   1: 5060432 op, 272534509.00 ns, 53.8560 ns/op
WorkloadWarmup   2: 5060432 op, 263719577.00 ns, 52.1140 ns/op
WorkloadWarmup   3: 5060432 op, 253041523.00 ns, 50.0039 ns/op
WorkloadWarmup   4: 5060432 op, 250030225.00 ns, 49.4089 ns/op
WorkloadWarmup   5: 5060432 op, 248281177.00 ns, 49.0632 ns/op

// BeforeActualRun
WorkloadActual   1: 5060432 op, 279061035.00 ns, 55.1457 ns/op
WorkloadActual   2: 5060432 op, 264352249.00 ns, 52.2391 ns/op
WorkloadActual   3: 5060432 op, 261441660.00 ns, 51.6639 ns/op
WorkloadActual   4: 5060432 op, 260509047.00 ns, 51.4796 ns/op
WorkloadActual   5: 5060432 op, 253102877.00 ns, 50.0161 ns/op
WorkloadActual   6: 5060432 op, 255197952.00 ns, 50.4301 ns/op
WorkloadActual   7: 5060432 op, 262963964.00 ns, 51.9647 ns/op
WorkloadActual   8: 5060432 op, 262428474.00 ns, 51.8589 ns/op

// AfterActualRun
WorkloadResult   1: 5060432 op, 241246987.50 ns, 47.6732 ns/op
WorkloadResult   2: 5060432 op, 238336398.50 ns, 47.0980 ns/op
WorkloadResult   3: 5060432 op, 237403785.50 ns, 46.9137 ns/op
WorkloadResult   4: 5060432 op, 229997615.50 ns, 45.4502 ns/op
WorkloadResult   5: 5060432 op, 232092690.50 ns, 45.8642 ns/op
WorkloadResult   6: 5060432 op, 239858702.50 ns, 47.3989 ns/op
WorkloadResult   7: 5060432 op, 239323212.50 ns, 47.2930 ns/op
// GC:  75 0 0 1254987136 5060432
// Threading:  0 0 5060432

// AfterAll
// Benchmark Process 3567 has exited with code 0.

Mean = 46.813 ns, StdErr = 0.315 ns (0.67%), N = 7, StdDev = 0.833 ns
Min = 45.450 ns, Q1 = 46.389 ns, Median = 47.098 ns, Q3 = 47.346 ns, Max = 47.673 ns
IQR = 0.957 ns, LowerFence = 44.954 ns, UpperFence = 48.781 ns
ConfidenceInterval = [44.937 ns; 48.689 ns] (CI 99.9%), Margin = 1.876 ns (4.01% of Mean)
Skewness = -0.6, Kurtosis = 1.48, MValue = 2

// ** Remained 19 (50.0 %) benchmark(s) to run. Estimated finish 2026-08-27 14:09 (0h 1m from now) **
// **************************
// Benchmark: NestedObject.Mapster: Quick(MaxRelativeError=0.05, Arguments=/p:MatrixMode=Benchmark, IterationTime=250ms, MaxIterationCount=12, MaxWarmupIterationCount=5, MinIterationCount=8, MinWarmupIterationCount=3)
// *** Execute ***
// Launch: 1 / 1
// Execute: dotnet Matrix.ObjectMapping-Quick-1.dll --anonymousPipes 125 126 --benchmarkName Matrix.ObjectMapping.Benchmarks.NestedObject.Mapster --job Quick --benchmarkId 19 in /home/runner/work/dotnet-matrix/dotnet-matrix/src/Matrix.ObjectMapping/bin/Benchmark/Release/net10.0/Matrix.ObjectMapping-Quick-1/bin/Release/net10.0
// Failed to set up high priority (Permission denied). In order to run benchmarks with high priority, make sure you have the right permissions.
// BeforeAnythingElse

// Benchmark Process Environment Information:
// BenchmarkDotNet v0.15.8
// Runtime=.NET 10.0.11 (10.0.11, 10.0.1126.37416), X64 RyuJIT x86-64-v3
// GC=Concurrent Workstation
// HardwareIntrinsics=AVX2+BMI1+BMI2+F16C+FMA+LZCNT+MOVBE,AVX,SSE3+SSSE3+SSE4.1+SSE4.2+POPCNT,X86Base+SSE+SSE2,AES+PCLMUL VectorSize=256
// Job: Quick(MaxRelativeError=0.05, IterationTime=250ms, MaxIterationCount=12, MaxWarmupIterationCount=5, MinIterationCount=8, MinWarmupIterationCount=3)

OverheadJitting  1: 1 op, 272128.00 ns, 272.1280 us/op
WorkloadJitting  1: 1 op, 3965039.00 ns, 3.9650 ms/op

OverheadJitting  2: 16 op, 530200.00 ns, 33.1375 us/op
WorkloadJitting  2: 16 op, 532646.00 ns, 33.2904 us/op

WorkloadPilot    1: 16 op, 7373.00 ns, 460.8125 ns/op
WorkloadPilot    2: 542528 op, 116018114.00 ns, 213.8472 ns/op
WorkloadPilot    3: 1169072 op, 102324545.00 ns, 87.5263 ns/op
WorkloadPilot    4: 2856288 op, 189129680.00 ns, 66.2152 ns/op
WorkloadPilot    5: 3775568 op, 248209153.00 ns, 65.7409 ns/op
WorkloadPilot    6: 3802816 op, 254958184.00 ns, 67.0446 ns/op
WorkloadPilot    7: 3728864 op, 250802950.00 ns, 67.2599 ns/op
WorkloadPilot    8: 3716928 op, 248141125.00 ns, 66.7597 ns/op
WorkloadPilot    9: 3744784 op, 251028520.00 ns, 67.0342 ns/op

OverheadWarmup   1: 3744784 op, 14745565.00 ns, 3.9376 ns/op
OverheadWarmup   2: 3744784 op, 14774008.00 ns, 3.9452 ns/op
OverheadWarmup   3: 3744784 op, 14726540.00 ns, 3.9325 ns/op
OverheadWarmup   4: 3744784 op, 14731930.00 ns, 3.9340 ns/op
OverheadWarmup   5: 3744784 op, 14726079.00 ns, 3.9324 ns/op

OverheadActual   1: 3744784 op, 14802813.00 ns, 3.9529 ns/op
OverheadActual   2: 3744784 op, 14750524.00 ns, 3.9390 ns/op
OverheadActual   3: 3744784 op, 14738953.00 ns, 3.9359 ns/op
OverheadActual   4: 3744784 op, 14835333.00 ns, 3.9616 ns/op
OverheadActual   5: 3744784 op, 14782875.00 ns, 3.9476 ns/op
OverheadActual   6: 3744784 op, 14705611.00 ns, 3.9270 ns/op
OverheadActual   7: 3744784 op, 14736899.00 ns, 3.9353 ns/op
OverheadActual   8: 3744784 op, 14714287.00 ns, 3.9293 ns/op

WorkloadWarmup   1: 3744784 op, 253574459.00 ns, 67.7140 ns/op
WorkloadWarmup   2: 3744784 op, 245809849.00 ns, 65.6406 ns/op
WorkloadWarmup   3: 3744784 op, 244351484.00 ns, 65.2512 ns/op
WorkloadWarmup   4: 3744784 op, 241880235.00 ns, 64.5912 ns/op
WorkloadWarmup   5: 3744784 op, 242001895.00 ns, 64.6237 ns/op

// BeforeActualRun
WorkloadActual   1: 3744784 op, 244406544.00 ns, 65.2659 ns/op
WorkloadActual   2: 3744784 op, 248915429.00 ns, 66.4699 ns/op
WorkloadActual   3: 3744784 op, 252521828.00 ns, 67.4329 ns/op
WorkloadActual   4: 3744784 op, 246946209.00 ns, 65.9440 ns/op
WorkloadActual   5: 3744784 op, 248427436.00 ns, 66.3396 ns/op
WorkloadActual   6: 3744784 op, 244199176.00 ns, 65.2105 ns/op
WorkloadActual   7: 3744784 op, 247576958.00 ns, 66.1125 ns/op
WorkloadActual   8: 3744784 op, 253737429.00 ns, 67.7576 ns/op

// AfterActualRun
WorkloadResult   1: 3744784 op, 229661805.50 ns, 61.3285 ns/op
WorkloadResult   2: 3744784 op, 234170690.50 ns, 62.5325 ns/op
WorkloadResult   3: 3744784 op, 237777089.50 ns, 63.4955 ns/op
WorkloadResult   4: 3744784 op, 232201470.50 ns, 62.0066 ns/op
WorkloadResult   5: 3744784 op, 233682697.50 ns, 62.4022 ns/op
WorkloadResult   6: 3744784 op, 229454437.50 ns, 61.2731 ns/op
WorkloadResult   7: 3744784 op, 232832219.50 ns, 62.1751 ns/op
WorkloadResult   8: 3744784 op, 238992690.50 ns, 63.8202 ns/op
// GC:  55 0 0 928706432 3744784
// Threading:  0 0 3744784

// AfterAll
// Benchmark Process 3578 has exited with code 0.

Mean = 62.379 ns, StdErr = 0.323 ns (0.52%), N = 8, StdDev = 0.915 ns
Min = 61.273 ns, Q1 = 61.837 ns, Median = 62.289 ns, Q3 = 62.773 ns, Max = 63.820 ns
IQR = 0.936 ns, LowerFence = 60.433 ns, UpperFence = 64.178 ns
ConfidenceInterval = [60.631 ns; 64.128 ns] (CI 99.9%), Margin = 1.749 ns (2.80% of Mean)
Skewness = 0.3, Kurtosis = 1.54, MValue = 2

// ** Remained 18 (47.4 %) benchmark(s) to run. Estimated finish 2026-08-27 14:09 (0h 1m from now) **
// ***** BenchmarkRunner: Finish  *****

// * Export *
  tmp/dotnet-matrix/ObjectMapping/20a3bacfa27b4f79b1dc7ff5c0db69bd/results/Matrix.ObjectMapping.Benchmarks.NestedObject-report.csv
  tmp/dotnet-matrix/ObjectMapping/20a3bacfa27b4f79b1dc7ff5c0db69bd/results/Matrix.ObjectMapping.Benchmarks.NestedObject-report-github.md
  tmp/dotnet-matrix/ObjectMapping/20a3bacfa27b4f79b1dc7ff5c0db69bd/results/Matrix.ObjectMapping.Benchmarks.NestedObject-report.html
  tmp/dotnet-matrix/ObjectMapping/20a3bacfa27b4f79b1dc7ff5c0db69bd/results/Matrix.ObjectMapping.Benchmarks.NestedObject-report-full.json

// * Detailed results *
NestedObject.Mapperly: Quick(MaxRelativeError=0.05, Arguments=/p:MatrixMode=Benchmark, IterationTime=250ms, MaxIterationCount=12, MaxWarmupIterationCount=5, MinIterationCount=8, MinWarmupIterationCount=3)
Runtime = .NET 10.0.11 (10.0.11, 10.0.1126.37416), X64 RyuJIT x86-64-v3; GC = Concurrent Workstation
Mean = 46.813 ns, StdErr = 0.315 ns (0.67%), N = 7, StdDev = 0.833 ns
Min = 45.450 ns, Q1 = 46.389 ns, Median = 47.098 ns, Q3 = 47.346 ns, Max = 47.673 ns
IQR = 0.957 ns, LowerFence = 44.954 ns, UpperFence = 48.781 ns
ConfidenceInterval = [44.937 ns; 48.689 ns] (CI 99.9%), Margin = 1.876 ns (4.01% of Mean)
Skewness = -0.6, Kurtosis = 1.48, MValue = 2
-------------------- Histogram --------------------
[45.086 ns ; 46.229 ns) | @@
[46.229 ns ; 47.865 ns) | @@@@@
---------------------------------------------------

NestedObject.HandCoded: Quick(MaxRelativeError=0.05, Arguments=/p:MatrixMode=Benchmark, IterationTime=250ms, MaxIterationCount=12, MaxWarmupIterationCount=5, MinIterationCount=8, MinWarmupIterationCount=3)
Runtime = .NET 10.0.11 (10.0.11, 10.0.1126.37416), X64 RyuJIT x86-64-v3; GC = Concurrent Workstation
Mean = 51.704 ns, StdErr = 0.377 ns (0.73%), N = 8, StdDev = 1.066 ns
Min = 50.244 ns, Q1 = 50.874 ns, Median = 51.838 ns, Q3 = 52.538 ns, Max = 53.192 ns
IQR = 1.664 ns, LowerFence = 48.378 ns, UpperFence = 55.034 ns
ConfidenceInterval = [49.667 ns; 53.741 ns] (CI 99.9%), Margin = 2.037 ns (3.94% of Mean)
Skewness = -0.12, Kurtosis = 1.31, MValue = 2
-------------------- Histogram --------------------
[49.937 ns ; 51.446 ns) | @@@
[51.446 ns ; 53.892 ns) | @@@@@
---------------------------------------------------

NestedObject.Mapster: Quick(MaxRelativeError=0.05, Arguments=/p:MatrixMode=Benchmark, IterationTime=250ms, MaxIterationCount=12, MaxWarmupIterationCount=5, MinIterationCount=8, MinWarmupIterationCount=3)
Runtime = .NET 10.0.11 (10.0.11, 10.0.1126.37416), X64 RyuJIT x86-64-v3; GC = Concurrent Workstation
Mean = 62.379 ns, StdErr = 0.323 ns (0.52%), N = 8, StdDev = 0.915 ns
Min = 61.273 ns, Q1 = 61.837 ns, Median = 62.289 ns, Q3 = 62.773 ns, Max = 63.820 ns
IQR = 0.936 ns, LowerFence = 60.433 ns, UpperFence = 64.178 ns
ConfidenceInterval = [60.631 ns; 64.128 ns] (CI 99.9%), Margin = 1.749 ns (2.80% of Mean)
Skewness = 0.3, Kurtosis = 1.54, MValue = 2
-------------------- Histogram --------------------
[61.219 ns ; 63.021 ns) | @@@@@@
[63.021 ns ; 64.420 ns) | @@
---------------------------------------------------

NestedObject.AutoMapper: Quick(MaxRelativeError=0.05, Arguments=/p:MatrixMode=Benchmark, IterationTime=250ms, MaxIterationCount=12, MaxWarmupIterationCount=5, MinIterationCount=8, MinWarmupIterationCount=3)
Runtime = .NET 10.0.11 (10.0.11, 10.0.1126.37416), X64 RyuJIT x86-64-v3; GC = Concurrent Workstation
Mean = 114.565 ns, StdErr = 0.189 ns (0.16%), N = 8, StdDev = 0.534 ns
Min = 113.894 ns, Q1 = 114.280 ns, Median = 114.543 ns, Q3 = 114.796 ns, Max = 115.554 ns
IQR = 0.515 ns, LowerFence = 113.507 ns, UpperFence = 115.569 ns
ConfidenceInterval = [113.545 ns; 115.586 ns] (CI 99.9%), Margin = 1.020 ns (0.89% of Mean)
Skewness = 0.39, Kurtosis = 2.02, MValue = 2
-------------------- Histogram --------------------
[113.544 ns ; 115.779 ns) | @@@@@@@@
---------------------------------------------------

// * Summary *

BenchmarkDotNet v0.15.8, Linux Ubuntu 24.04.4 LTS (Noble Numbat)
AMD EPYC 7763 2.45GHz, 1 CPU, 4 logical and 2 physical cores
.NET SDK 10.0.400
  [Host] : .NET 10.0.11 (10.0.11, 10.0.1126.37416), X64 RyuJIT x86-64-v3
  Quick  : .NET 10.0.11 (10.0.11, 10.0.1126.37416), X64 RyuJIT x86-64-v3

Job=Quick  MaxRelativeError=0.05  Arguments=/p:MatrixMode=Benchmark  
IterationTime=250ms  MaxIterationCount=12  MaxWarmupIterationCount=5  
MinIterationCount=8  MinWarmupIterationCount=3  

| Method     | Mean      | Error    | StdDev   | Ratio | RatioSD | Gen0   | Allocated | Alloc Ratio |
|----------- |----------:|---------:|---------:|------:|--------:|-------:|----------:|------------:|
| Mapperly   |  46.81 ns | 1.876 ns | 0.833 ns |  0.91 |    0.02 | 0.0148 |     248 B |        1.00 |
| HandCoded  |  51.70 ns | 2.037 ns | 1.066 ns |  1.00 |    0.03 | 0.0146 |     248 B |        1.00 |
| Mapster    |  62.38 ns | 1.749 ns | 0.915 ns |  1.21 |    0.03 | 0.0147 |     248 B |        1.00 |
| AutoMapper | 114.57 ns | 1.020 ns | 0.534 ns |  2.22 |    0.04 | 0.0146 |     248 B |        1.00 |

// * Hints *
Outliers
  NestedObject.Mapperly: Quick -> 1 outlier  was  removed (55.15 ns)

// * Legends *
  Mean        : Arithmetic mean of all measurements
  Error       : Half of 99.9% confidence interval
  StdDev      : Standard deviation of all measurements
  Ratio       : Mean of the ratio distribution ([Current]/[Baseline])
  RatioSD     : Standard deviation of the ratio distribution ([Current]/[Baseline])
  Gen0        : GC Generation 0 collects per 1000 operations
  Allocated   : Allocated memory per single operation (managed only, inclusive, 1KB = 1024B)
  Alloc Ratio : Allocated memory ratio distribution ([Current]/[Baseline])
  1 ns        : 1 Nanosecond (0.000000001 sec)

// * Diagnostic Output - MemoryDiagnoser *


// ***** BenchmarkRunner: End *****
Run time: 00:00:23 (23.91 sec), executed benchmarks: 4

// Found 4 benchmarks:
//   NullHandling.AutoMapper: Quick(MaxRelativeError=0.05, Arguments=/p:MatrixMode=Benchmark, IterationTime=250ms, MaxIterationCount=12, MaxWarmupIterationCount=5, MinIterationCount=8, MinWarmupIterationCount=3)
//   NullHandling.HandCoded: Quick(MaxRelativeError=0.05, Arguments=/p:MatrixMode=Benchmark, IterationTime=250ms, MaxIterationCount=12, MaxWarmupIterationCount=5, MinIterationCount=8, MinWarmupIterationCount=3)
//   NullHandling.Mapperly: Quick(MaxRelativeError=0.05, Arguments=/p:MatrixMode=Benchmark, IterationTime=250ms, MaxIterationCount=12, MaxWarmupIterationCount=5, MinIterationCount=8, MinWarmupIterationCount=3)
//   NullHandling.Mapster: Quick(MaxRelativeError=0.05, Arguments=/p:MatrixMode=Benchmark, IterationTime=250ms, MaxIterationCount=12, MaxWarmupIterationCount=5, MinIterationCount=8, MinWarmupIterationCount=3)

// **************************
// Benchmark: NullHandling.AutoMapper: Quick(MaxRelativeError=0.05, Arguments=/p:MatrixMode=Benchmark, IterationTime=250ms, MaxIterationCount=12, MaxWarmupIterationCount=5, MinIterationCount=8, MinWarmupIterationCount=3)
// *** Execute ***
// Launch: 1 / 1
// Execute: dotnet Matrix.ObjectMapping-Quick-1.dll --anonymousPipes 125 126 --benchmarkName Matrix.ObjectMapping.Benchmarks.NullHandling.AutoMapper --job Quick --benchmarkId 20 in /home/runner/work/dotnet-matrix/dotnet-matrix/src/Matrix.ObjectMapping/bin/Benchmark/Release/net10.0/Matrix.ObjectMapping-Quick-1/bin/Release/net10.0
// Failed to set up high priority (Permission denied). In order to run benchmarks with high priority, make sure you have the right permissions.
// BeforeAnythingElse

// Benchmark Process Environment Information:
// BenchmarkDotNet v0.15.8
// Runtime=.NET 10.0.11 (10.0.11, 10.0.1126.37416), X64 RyuJIT x86-64-v3
// GC=Concurrent Workstation
// HardwareIntrinsics=AVX2+BMI1+BMI2+F16C+FMA+LZCNT+MOVBE,AVX,SSE3+SSSE3+SSE4.1+SSE4.2+POPCNT,X86Base+SSE+SSE2,AES+PCLMUL VectorSize=256
// Job: Quick(MaxRelativeError=0.05, IterationTime=250ms, MaxIterationCount=12, MaxWarmupIterationCount=5, MinIterationCount=8, MinWarmupIterationCount=3)

OverheadJitting  1: 1 op, 245299.00 ns, 245.2990 us/op
WorkloadJitting  1: 1 op, 2676802.00 ns, 2.6768 ms/op

OverheadJitting  2: 16 op, 520443.00 ns, 32.5277 us/op
WorkloadJitting  2: 16 op, 829300.00 ns, 51.8313 us/op

WorkloadPilot    1: 16 op, 14507.00 ns, 906.6875 ns/op
WorkloadPilot    2: 275744 op, 98999084.00 ns, 359.0253 ns/op
WorkloadPilot    3: 696336 op, 118193337.00 ns, 169.7361 ns/op
WorkloadPilot    4: 1472880 op, 121241976.00 ns, 82.3163 ns/op
WorkloadPilot    5: 3037072 op, 240208780.00 ns, 79.0922 ns/op
WorkloadPilot    6: 3160880 op, 251950090.00 ns, 79.7088 ns/op
WorkloadPilot    7: 3136416 op, 248434971.00 ns, 79.2098 ns/op
WorkloadPilot    8: 3156176 op, 250933510.00 ns, 79.5056 ns/op
WorkloadPilot    9: 3144448 op, 248437255.00 ns, 79.0082 ns/op
WorkloadPilot   10: 3164240 op, 250066199.00 ns, 79.0288 ns/op

OverheadWarmup   1: 3164240 op, 14541150.00 ns, 4.5955 ns/op
OverheadWarmup   2: 3164240 op, 14478223.00 ns, 4.5756 ns/op
OverheadWarmup   3: 3164240 op, 14410977.00 ns, 4.5543 ns/op
OverheadWarmup   4: 3164240 op, 14420485.00 ns, 4.5573 ns/op
OverheadWarmup   5: 3164240 op, 14473645.00 ns, 4.5741 ns/op
OverheadWarmup   6: 3164240 op, 14503431.00 ns, 4.5835 ns/op
OverheadWarmup   7: 3164240 op, 14415175.00 ns, 4.5557 ns/op
OverheadWarmup   8: 3164240 op, 14446844.00 ns, 4.5657 ns/op
OverheadWarmup   9: 3164240 op, 14414594.00 ns, 4.5555 ns/op

OverheadActual   1: 3164240 op, 14520482.00 ns, 4.5889 ns/op
OverheadActual   2: 3164240 op, 14533827.00 ns, 4.5931 ns/op
OverheadActual   3: 3164240 op, 14469476.00 ns, 4.5728 ns/op
OverheadActual   4: 3164240 op, 14485516.00 ns, 4.5779 ns/op
OverheadActual   5: 3164240 op, 14426446.00 ns, 4.5592 ns/op
OverheadActual   6: 3164240 op, 14412891.00 ns, 4.5549 ns/op
OverheadActual   7: 3164240 op, 14402361.00 ns, 4.5516 ns/op
OverheadActual   8: 3164240 op, 14399035.00 ns, 4.5506 ns/op

WorkloadWarmup   1: 3164240 op, 259572161.00 ns, 82.0330 ns/op
WorkloadWarmup   2: 3164240 op, 253904151.00 ns, 80.2417 ns/op
WorkloadWarmup   3: 3164240 op, 249721394.00 ns, 78.9199 ns/op
WorkloadWarmup   4: 3164240 op, 249842061.00 ns, 78.9580 ns/op
WorkloadWarmup   5: 3164240 op, 250046322.00 ns, 79.0226 ns/op

// BeforeActualRun
WorkloadActual   1: 3164240 op, 252200498.00 ns, 79.7033 ns/op
WorkloadActual   2: 3164240 op, 249884139.00 ns, 78.9713 ns/op
WorkloadActual   3: 3164240 op, 250405763.00 ns, 79.1361 ns/op
WorkloadActual   4: 3164240 op, 251027715.00 ns, 79.3327 ns/op
WorkloadActual   5: 3164240 op, 250432093.00 ns, 79.1445 ns/op
WorkloadActual   6: 3164240 op, 249758885.00 ns, 78.9317 ns/op
WorkloadActual   7: 3164240 op, 250033629.00 ns, 79.0185 ns/op
WorkloadActual   8: 3164240 op, 250642967.00 ns, 79.2111 ns/op

// AfterActualRun
WorkloadResult   1: 3164240 op, 235436178.00 ns, 74.4053 ns/op
WorkloadResult   2: 3164240 op, 235957802.00 ns, 74.5701 ns/op
WorkloadResult   3: 3164240 op, 236579754.00 ns, 74.7667 ns/op
WorkloadResult   4: 3164240 op, 235984132.00 ns, 74.5785 ns/op
WorkloadResult   5: 3164240 op, 235310924.00 ns, 74.3657 ns/op
WorkloadResult   6: 3164240 op, 235585668.00 ns, 74.4525 ns/op
WorkloadResult   7: 3164240 op, 236195006.00 ns, 74.6451 ns/op
// GC:  7 0 0 126569600 3164240
// Threading:  0 0 3164240

// AfterAll
// Benchmark Process 3587 has exited with code 0.

Mean = 74.541 ns, StdErr = 0.054 ns (0.07%), N = 7, StdDev = 0.142 ns
Min = 74.366 ns, Q1 = 74.429 ns, Median = 74.570 ns, Q3 = 74.612 ns, Max = 74.767 ns
IQR = 0.183 ns, LowerFence = 74.155 ns, UpperFence = 74.886 ns
ConfidenceInterval = [74.221 ns; 74.860 ns] (CI 99.9%), Margin = 0.320 ns (0.43% of Mean)
Skewness = 0.21, Kurtosis = 1.43, MValue = 2

// ** Remained 17 (44.7 %) benchmark(s) to run. Estimated finish 2026-08-27 14:09 (0h 1m from now) **
// **************************
// Benchmark: NullHandling.HandCoded: Quick(MaxRelativeError=0.05, Arguments=/p:MatrixMode=Benchmark, IterationTime=250ms, MaxIterationCount=12, MaxWarmupIterationCount=5, MinIterationCount=8, MinWarmupIterationCount=3)
// *** Execute ***
// Launch: 1 / 1
// Execute: dotnet Matrix.ObjectMapping-Quick-1.dll --anonymousPipes 125 126 --benchmarkName Matrix.ObjectMapping.Benchmarks.NullHandling.HandCoded --job Quick --benchmarkId 21 in /home/runner/work/dotnet-matrix/dotnet-matrix/src/Matrix.ObjectMapping/bin/Benchmark/Release/net10.0/Matrix.ObjectMapping-Quick-1/bin/Release/net10.0
// Failed to set up high priority (Permission denied). In order to run benchmarks with high priority, make sure you have the right permissions.
// BeforeAnythingElse

// Benchmark Process Environment Information:
// BenchmarkDotNet v0.15.8
// Runtime=.NET 10.0.11 (10.0.11, 10.0.1126.37416), X64 RyuJIT x86-64-v3
// GC=Concurrent Workstation
// HardwareIntrinsics=AVX2+BMI1+BMI2+F16C+FMA+LZCNT+MOVBE,AVX,SSE3+SSSE3+SSE4.1+SSE4.2+POPCNT,X86Base+SSE+SSE2,AES+PCLMUL VectorSize=256
// Job: Quick(MaxRelativeError=0.05, IterationTime=250ms, MaxIterationCount=12, MaxWarmupIterationCount=5, MinIterationCount=8, MinWarmupIterationCount=3)

OverheadJitting  1: 1 op, 225210.00 ns, 225.2100 us/op
WorkloadJitting  1: 1 op, 417570.00 ns, 417.5700 us/op

OverheadJitting  2: 16 op, 480829.00 ns, 30.0518 us/op
WorkloadJitting  2: 16 op, 496177.00 ns, 31.0111 us/op

WorkloadPilot    1: 16 op, 4238.00 ns, 264.8750 ns/op
WorkloadPilot    2: 943856 op, 32734551.00 ns, 34.6817 ns/op
WorkloadPilot    3: 7208416 op, 174148129.00 ns, 24.1590 ns/op
WorkloadPilot    4: 10348112 op, 149327130.00 ns, 14.4304 ns/op
WorkloadPilot    5: 17324576 op, 261525090.00 ns, 15.0956 ns/op
WorkloadPilot    6: 16561104 op, 235821665.00 ns, 14.2395 ns/op
WorkloadPilot    7: 17556816 op, 242962518.00 ns, 13.8386 ns/op
WorkloadPilot    8: 18065360 op, 250285831.00 ns, 13.8545 ns/op
WorkloadPilot    9: 18044736 op, 251594856.00 ns, 13.9428 ns/op

OverheadWarmup   1: 18044736 op, 76614796.00 ns, 4.2458 ns/op
OverheadWarmup   2: 18044736 op, 76510231.00 ns, 4.2400 ns/op
OverheadWarmup   3: 18044736 op, 81286324.00 ns, 4.5047 ns/op
OverheadWarmup   4: 18044736 op, 59806802.00 ns, 3.3144 ns/op
OverheadWarmup   5: 18044736 op, 59711284.00 ns, 3.3091 ns/op
OverheadWarmup   6: 18044736 op, 59691777.00 ns, 3.3080 ns/op
OverheadWarmup   7: 18044736 op, 59706595.00 ns, 3.3088 ns/op
OverheadWarmup   8: 18044736 op, 59764493.00 ns, 3.3120 ns/op
OverheadWarmup   9: 18044736 op, 59981228.00 ns, 3.3240 ns/op
OverheadWarmup  10: 18044736 op, 60054645.00 ns, 3.3281 ns/op

OverheadActual   1: 18044736 op, 59686467.00 ns, 3.3077 ns/op
OverheadActual   2: 18044736 op, 59847528.00 ns, 3.3166 ns/op
OverheadActual   3: 18044736 op, 59643346.00 ns, 3.3053 ns/op
OverheadActual   4: 18044736 op, 59896439.00 ns, 3.3193 ns/op
OverheadActual   5: 18044736 op, 59681037.00 ns, 3.3074 ns/op
OverheadActual   6: 18044736 op, 59786203.00 ns, 3.3132 ns/op
OverheadActual   7: 18044736 op, 59804387.00 ns, 3.3142 ns/op
OverheadActual   8: 18044736 op, 59784180.00 ns, 3.3131 ns/op

WorkloadWarmup   1: 18044736 op, 264515146.00 ns, 14.6589 ns/op
WorkloadWarmup   2: 18044736 op, 246857184.00 ns, 13.6803 ns/op
WorkloadWarmup   3: 18044736 op, 278619278.00 ns, 15.4405 ns/op
WorkloadWarmup   4: 18044736 op, 249201674.00 ns, 13.8102 ns/op
WorkloadWarmup   5: 18044736 op, 244154956.00 ns, 13.5305 ns/op

// BeforeActualRun
WorkloadActual   1: 18044736 op, 249917983.00 ns, 13.8499 ns/op
WorkloadActual   2: 18044736 op, 256048968.00 ns, 14.1897 ns/op
WorkloadActual   3: 18044736 op, 240021933.00 ns, 13.3015 ns/op
WorkloadActual   4: 18044736 op, 264176073.00 ns, 14.6401 ns/op
WorkloadActual   5: 18044736 op, 264199256.00 ns, 14.6413 ns/op
WorkloadActual   6: 18044736 op, 253379751.00 ns, 14.0418 ns/op
WorkloadActual   7: 18044736 op, 274008464.00 ns, 15.1850 ns/op
WorkloadActual   8: 18044736 op, 283070434.00 ns, 15.6871 ns/op
WorkloadActual   9: 18044736 op, 254716859.00 ns, 14.1159 ns/op
WorkloadActual  10: 18044736 op, 317589449.00 ns, 17.6001 ns/op
WorkloadActual  11: 18044736 op, 292809010.00 ns, 16.2268 ns/op
WorkloadActual  12: 18044736 op, 277448410.00 ns, 15.3756 ns/op

// AfterActualRun
WorkloadResult   1: 18044736 op, 190132791.50 ns, 10.5367 ns/op
WorkloadResult   2: 18044736 op, 196263776.50 ns, 10.8765 ns/op
WorkloadResult   3: 18044736 op, 180236741.50 ns, 9.9883 ns/op
WorkloadResult   4: 18044736 op, 204390881.50 ns, 11.3269 ns/op
WorkloadResult   5: 18044736 op, 204414064.50 ns, 11.3282 ns/op
WorkloadResult   6: 18044736 op, 193594559.50 ns, 10.7286 ns/op
WorkloadResult   7: 18044736 op, 214223272.50 ns, 11.8718 ns/op
WorkloadResult   8: 18044736 op, 223285242.50 ns, 12.3740 ns/op
WorkloadResult   9: 18044736 op, 194931667.50 ns, 10.8027 ns/op
WorkloadResult  10: 18044736 op, 233023818.50 ns, 12.9137 ns/op
WorkloadResult  11: 18044736 op, 217663218.50 ns, 12.0624 ns/op
// GC:  43 0 0 721789440 18044736
// Threading:  0 0 18044736

// AfterAll
// Benchmark Process 3598 has exited with code 0.

Mean = 11.346 ns, StdErr = 0.265 ns (2.33%), N = 11, StdDev = 0.877 ns
Min = 9.988 ns, Q1 = 10.766 ns, Median = 11.327 ns, Q3 = 11.967 ns, Max = 12.914 ns
IQR = 1.201 ns, LowerFence = 8.963 ns, UpperFence = 13.769 ns
ConfidenceInterval = [10.133 ns; 12.560 ns] (CI 99.9%), Margin = 1.214 ns (10.70% of Mean)
Skewness = 0.26, Kurtosis = 1.78, MValue = 2

// ** Remained 16 (42.1 %) benchmark(s) to run. Estimated finish 2026-08-27 14:09 (0h 1m from now) **
// **************************
// Benchmark: NullHandling.Mapperly: Quick(MaxRelativeError=0.05, Arguments=/p:MatrixMode=Benchmark, IterationTime=250ms, MaxIterationCount=12, MaxWarmupIterationCount=5, MinIterationCount=8, MinWarmupIterationCount=3)
// *** Execute ***
// Launch: 1 / 1
// Execute: dotnet Matrix.ObjectMapping-Quick-1.dll --anonymousPipes 125 126 --benchmarkName Matrix.ObjectMapping.Benchmarks.NullHandling.Mapperly --job Quick --benchmarkId 22 in /home/runner/work/dotnet-matrix/dotnet-matrix/src/Matrix.ObjectMapping/bin/Benchmark/Release/net10.0/Matrix.ObjectMapping-Quick-1/bin/Release/net10.0
// Failed to set up high priority (Permission denied). In order to run benchmarks with high priority, make sure you have the right permissions.
// BeforeAnythingElse

// Benchmark Process Environment Information:
// BenchmarkDotNet v0.15.8
// Runtime=.NET 10.0.11 (10.0.11, 10.0.1126.37416), X64 RyuJIT x86-64-v3
// GC=Concurrent Workstation
// HardwareIntrinsics=AVX2+BMI1+BMI2+F16C+FMA+LZCNT+MOVBE,AVX,SSE3+SSSE3+SSE4.1+SSE4.2+POPCNT,X86Base+SSE+SSE2,AES+PCLMUL VectorSize=256
// Job: Quick(MaxRelativeError=0.05, IterationTime=250ms, MaxIterationCount=12, MaxWarmupIterationCount=5, MinIterationCount=8, MinWarmupIterationCount=3)

OverheadJitting  1: 1 op, 231953.00 ns, 231.9530 us/op
WorkloadJitting  1: 1 op, 507247.00 ns, 507.2470 us/op

OverheadJitting  2: 16 op, 482432.00 ns, 30.1520 us/op
WorkloadJitting  2: 16 op, 488623.00 ns, 30.5389 us/op

WorkloadPilot    1: 16 op, 3517.00 ns, 219.8125 ns/op
WorkloadPilot    2: 1137344 op, 41095096.00 ns, 36.1325 ns/op
WorkloadPilot    3: 6918976 op, 176505723.00 ns, 25.5104 ns/op
WorkloadPilot    4: 9799936 op, 123212311.00 ns, 12.5728 ns/op
WorkloadPilot    5: 19884256 op, 249880341.00 ns, 12.5667 ns/op
WorkloadPilot    6: 19893792 op, 249686869.00 ns, 12.5510 ns/op
WorkloadPilot    7: 19918752 op, 248214047.00 ns, 12.4613 ns/op
WorkloadPilot    8: 20062080 op, 246818780.00 ns, 12.3028 ns/op
WorkloadPilot    9: 20320672 op, 257767880.00 ns, 12.6850 ns/op
WorkloadPilot   10: 19708320 op, 247130081.00 ns, 12.5394 ns/op
WorkloadPilot   11: 19937200 op, 249505440.00 ns, 12.5146 ns/op
WorkloadPilot   12: 19976720 op, 247058738.00 ns, 12.3673 ns/op
WorkloadPilot   13: 20214560 op, 253270275.00 ns, 12.5291 ns/op
WorkloadPilot   14: 19953552 op, 250348987.00 ns, 12.5466 ns/op

OverheadWarmup   1: 19953552 op, 84759794.00 ns, 4.2479 ns/op
OverheadWarmup   2: 19953552 op, 84767128.00 ns, 4.2482 ns/op
OverheadWarmup   3: 19953552 op, 88807428.00 ns, 4.4507 ns/op
OverheadWarmup   4: 19953552 op, 66374627.00 ns, 3.3265 ns/op
OverheadWarmup   5: 19953552 op, 66038539.00 ns, 3.3096 ns/op
OverheadWarmup   6: 19953552 op, 66024262.00 ns, 3.3089 ns/op
OverheadWarmup   7: 19953552 op, 66137924.00 ns, 3.3146 ns/op
OverheadWarmup   8: 19953552 op, 66109801.00 ns, 3.3132 ns/op

OverheadActual   1: 19953552 op, 67286331.00 ns, 3.3721 ns/op
OverheadActual   2: 19953552 op, 66494100.00 ns, 3.3324 ns/op
OverheadActual   3: 19953552 op, 66175746.00 ns, 3.3165 ns/op
OverheadActual   4: 19953552 op, 66209468.00 ns, 3.3182 ns/op
OverheadActual   5: 19953552 op, 66053416.00 ns, 3.3104 ns/op
OverheadActual   6: 19953552 op, 66045311.00 ns, 3.3100 ns/op
OverheadActual   7: 19953552 op, 67700274.00 ns, 3.3929 ns/op
OverheadActual   8: 19953552 op, 66015987.00 ns, 3.3085 ns/op

WorkloadWarmup   1: 19953552 op, 256773712.00 ns, 12.8686 ns/op
WorkloadWarmup   2: 19953552 op, 258055157.00 ns, 12.9328 ns/op
WorkloadWarmup   3: 19953552 op, 252707684.00 ns, 12.6648 ns/op
WorkloadWarmup   4: 19953552 op, 247482350.00 ns, 12.4029 ns/op
WorkloadWarmup   5: 19953552 op, 249346292.00 ns, 12.4963 ns/op

// BeforeActualRun
WorkloadActual   1: 19953552 op, 250170092.00 ns, 12.5376 ns/op
WorkloadActual   2: 19953552 op, 253601454.00 ns, 12.7096 ns/op
WorkloadActual   3: 19953552 op, 255338781.00 ns, 12.7967 ns/op
WorkloadActual   4: 19953552 op, 251023166.00 ns, 12.5804 ns/op
WorkloadActual   5: 19953552 op, 254862161.00 ns, 12.7728 ns/op
WorkloadActual   6: 19953552 op, 256079937.00 ns, 12.8338 ns/op
WorkloadActual   7: 19953552 op, 254694227.00 ns, 12.7644 ns/op
WorkloadActual   8: 19953552 op, 254577218.00 ns, 12.7585 ns/op

// AfterActualRun
WorkloadResult   1: 19953552 op, 183977485.00 ns, 9.2203 ns/op
WorkloadResult   2: 19953552 op, 187408847.00 ns, 9.3923 ns/op
WorkloadResult   3: 19953552 op, 189146174.00 ns, 9.4793 ns/op
WorkloadResult   4: 19953552 op, 184830559.00 ns, 9.2630 ns/op
WorkloadResult   5: 19953552 op, 188669554.00 ns, 9.4554 ns/op
WorkloadResult   6: 19953552 op, 189887330.00 ns, 9.5165 ns/op
WorkloadResult   7: 19953552 op, 188501620.00 ns, 9.4470 ns/op
WorkloadResult   8: 19953552 op, 188384611.00 ns, 9.4412 ns/op
// GC:  47 0 0 798142080 19953552
// Threading:  0 0 19953552

// AfterAll
// Benchmark Process 3612 has exited with code 0.

Mean = 9.402 ns, StdErr = 0.037 ns (0.40%), N = 8, StdDev = 0.106 ns
Min = 9.220 ns, Q1 = 9.360 ns, Median = 9.444 ns, Q3 = 9.461 ns, Max = 9.516 ns
IQR = 0.101 ns, LowerFence = 9.208 ns, UpperFence = 9.614 ns
ConfidenceInterval = [9.200 ns; 9.604 ns] (CI 99.9%), Margin = 0.202 ns (2.15% of Mean)
Skewness = -0.68, Kurtosis = 1.7, MValue = 2

// ** Remained 15 (39.5 %) benchmark(s) to run. Estimated finish 2026-08-27 14:09 (0h 1m from now) **
// **************************
// Benchmark: NullHandling.Mapster: Quick(MaxRelativeError=0.05, Arguments=/p:MatrixMode=Benchmark, IterationTime=250ms, MaxIterationCount=12, MaxWarmupIterationCount=5, MinIterationCount=8, MinWarmupIterationCount=3)
// *** Execute ***
// Launch: 1 / 1
// Execute: dotnet Matrix.ObjectMapping-Quick-1.dll --anonymousPipes 127 128 --benchmarkName Matrix.ObjectMapping.Benchmarks.NullHandling.Mapster --job Quick --benchmarkId 23 in /home/runner/work/dotnet-matrix/dotnet-matrix/src/Matrix.ObjectMapping/bin/Benchmark/Release/net10.0/Matrix.ObjectMapping-Quick-1/bin/Release/net10.0
// Failed to set up high priority (Permission denied). In order to run benchmarks with high priority, make sure you have the right permissions.
// BeforeAnythingElse

// Benchmark Process Environment Information:
// BenchmarkDotNet v0.15.8
// Runtime=.NET 10.0.11 (10.0.11, 10.0.1126.37416), X64 RyuJIT x86-64-v3
// GC=Concurrent Workstation
// HardwareIntrinsics=AVX2+BMI1+BMI2+F16C+FMA+LZCNT+MOVBE,AVX,SSE3+SSSE3+SSE4.1+SSE4.2+POPCNT,X86Base+SSE+SSE2,AES+PCLMUL VectorSize=256
// Job: Quick(MaxRelativeError=0.05, IterationTime=250ms, MaxIterationCount=12, MaxWarmupIterationCount=5, MinIterationCount=8, MinWarmupIterationCount=3)

OverheadJitting  1: 1 op, 238385.00 ns, 238.3850 us/op
WorkloadJitting  1: 1 op, 3458874.00 ns, 3.4589 ms/op

OverheadJitting  2: 16 op, 473695.00 ns, 29.6059 us/op
WorkloadJitting  2: 16 op, 472613.00 ns, 29.5383 us/op

WorkloadPilot    1: 16 op, 7744.00 ns, 484.0000 ns/op
WorkloadPilot    2: 516544 op, 119977567.00 ns, 232.2698 ns/op
WorkloadPilot    3: 1076336 op, 74326018.00 ns, 69.0547 ns/op
WorkloadPilot    4: 3620320 op, 120734572.00 ns, 33.3491 ns/op
WorkloadPilot    5: 7496448 op, 247660234.00 ns, 33.0370 ns/op
WorkloadPilot    6: 7567280 op, 253791363.00 ns, 33.5380 ns/op
WorkloadPilot    7: 7454240 op, 249258812.00 ns, 33.4385 ns/op
WorkloadPilot    8: 7476416 op, 250922822.00 ns, 33.5619 ns/op
WorkloadPilot    9: 7448928 op, 249153014.00 ns, 33.4482 ns/op
WorkloadPilot   10: 7474256 op, 249798691.00 ns, 33.4212 ns/op
WorkloadPilot   11: 7480288 op, 252619142.00 ns, 33.7713 ns/op

OverheadWarmup   1: 7480288 op, 31462601.00 ns, 4.2061 ns/op
OverheadWarmup   2: 7480288 op, 31399142.00 ns, 4.1976 ns/op
OverheadWarmup   3: 7480288 op, 31482237.00 ns, 4.2087 ns/op
OverheadWarmup   4: 7480288 op, 31395866.00 ns, 4.1971 ns/op
OverheadWarmup   5: 7480288 op, 31487367.00 ns, 4.2094 ns/op
OverheadWarmup   6: 7480288 op, 31438345.00 ns, 4.2028 ns/op

OverheadActual   1: 7480288 op, 31437393.00 ns, 4.2027 ns/op
OverheadActual   2: 7480288 op, 31468642.00 ns, 4.2069 ns/op
OverheadActual   3: 7480288 op, 31420291.00 ns, 4.2004 ns/op
OverheadActual   4: 7480288 op, 31478169.00 ns, 4.2081 ns/op
OverheadActual   5: 7480288 op, 31403390.00 ns, 4.1982 ns/op
OverheadActual   6: 7480288 op, 31629302.00 ns, 4.2284 ns/op
OverheadActual   7: 7480288 op, 31395335.00 ns, 4.1971 ns/op
OverheadActual   8: 7480288 op, 31539755.00 ns, 4.2164 ns/op

WorkloadWarmup   1: 7480288 op, 273550747.00 ns, 36.5695 ns/op
WorkloadWarmup   2: 7480288 op, 253211800.00 ns, 33.8505 ns/op
WorkloadWarmup   3: 7480288 op, 248755141.00 ns, 33.2548 ns/op
WorkloadWarmup   4: 7480288 op, 247658451.00 ns, 33.1081 ns/op
WorkloadWarmup   5: 7480288 op, 249524548.00 ns, 33.3576 ns/op

// BeforeActualRun
WorkloadActual   1: 7480288 op, 250825690.00 ns, 33.5316 ns/op
WorkloadActual   2: 7480288 op, 248744260.00 ns, 33.2533 ns/op
WorkloadActual   3: 7480288 op, 250237161.00 ns, 33.4529 ns/op
WorkloadActual   4: 7480288 op, 250672544.00 ns, 33.5111 ns/op
WorkloadActual   5: 7480288 op, 252262976.00 ns, 33.7237 ns/op
WorkloadActual   6: 7480288 op, 249967096.00 ns, 33.4168 ns/op
WorkloadActual   7: 7480288 op, 249200253.00 ns, 33.3143 ns/op
WorkloadActual   8: 7480288 op, 250083113.00 ns, 33.4323 ns/op

// AfterActualRun
WorkloadResult   1: 7480288 op, 219372672.50 ns, 29.3268 ns/op
WorkloadResult   2: 7480288 op, 217291242.50 ns, 29.0485 ns/op
WorkloadResult   3: 7480288 op, 218784143.50 ns, 29.2481 ns/op
WorkloadResult   4: 7480288 op, 219219526.50 ns, 29.3063 ns/op
WorkloadResult   5: 7480288 op, 218514078.50 ns, 29.2120 ns/op
WorkloadResult   6: 7480288 op, 217747235.50 ns, 29.1095 ns/op
WorkloadResult   7: 7480288 op, 218630095.50 ns, 29.2275 ns/op
// GC:  17 0 0 299211520 7480288
// Threading:  0 0 7480288

// AfterAll
// Benchmark Process 3625 has exited with code 0.

Mean = 29.211 ns, StdErr = 0.038 ns (0.13%), N = 7, StdDev = 0.101 ns
Min = 29.049 ns, Q1 = 29.161 ns, Median = 29.227 ns, Q3 = 29.277 ns, Max = 29.327 ns
IQR = 0.116 ns, LowerFence = 28.986 ns, UpperFence = 29.452 ns
ConfidenceInterval = [28.984 ns; 29.438 ns] (CI 99.9%), Margin = 0.227 ns (0.78% of Mean)
Skewness = -0.41, Kurtosis = 1.49, MValue = 2

// ** Remained 14 (36.8 %) benchmark(s) to run. Estimated finish 2026-08-27 14:09 (0h 1m from now) **
// ***** BenchmarkRunner: Finish  *****

// * Export *
  tmp/dotnet-matrix/ObjectMapping/20a3bacfa27b4f79b1dc7ff5c0db69bd/results/Matrix.ObjectMapping.Benchmarks.NullHandling-report.csv
  tmp/dotnet-matrix/ObjectMapping/20a3bacfa27b4f79b1dc7ff5c0db69bd/results/Matrix.ObjectMapping.Benchmarks.NullHandling-report-github.md
  tmp/dotnet-matrix/ObjectMapping/20a3bacfa27b4f79b1dc7ff5c0db69bd/results/Matrix.ObjectMapping.Benchmarks.NullHandling-report.html
  tmp/dotnet-matrix/ObjectMapping/20a3bacfa27b4f79b1dc7ff5c0db69bd/results/Matrix.ObjectMapping.Benchmarks.NullHandling-report-full.json

// * Detailed results *
NullHandling.Mapperly: Quick(MaxRelativeError=0.05, Arguments=/p:MatrixMode=Benchmark, IterationTime=250ms, MaxIterationCount=12, MaxWarmupIterationCount=5, MinIterationCount=8, MinWarmupIterationCount=3)
Runtime = .NET 10.0.11 (10.0.11, 10.0.1126.37416), X64 RyuJIT x86-64-v3; GC = Concurrent Workstation
Mean = 9.402 ns, StdErr = 0.037 ns (0.40%), N = 8, StdDev = 0.106 ns
Min = 9.220 ns, Q1 = 9.360 ns, Median = 9.444 ns, Q3 = 9.461 ns, Max = 9.516 ns
IQR = 0.101 ns, LowerFence = 9.208 ns, UpperFence = 9.614 ns
ConfidenceInterval = [9.200 ns; 9.604 ns] (CI 99.9%), Margin = 0.202 ns (2.15% of Mean)
Skewness = -0.68, Kurtosis = 1.7, MValue = 2
-------------------- Histogram --------------------
[9.151 ns ; 9.549 ns) | @@@@@@@@
---------------------------------------------------

NullHandling.HandCoded: Quick(MaxRelativeError=0.05, Arguments=/p:MatrixMode=Benchmark, IterationTime=250ms, MaxIterationCount=12, MaxWarmupIterationCount=5, MinIterationCount=8, MinWarmupIterationCount=3)
Runtime = .NET 10.0.11 (10.0.11, 10.0.1126.37416), X64 RyuJIT x86-64-v3; GC = Concurrent Workstation
Mean = 11.346 ns, StdErr = 0.265 ns (2.33%), N = 11, StdDev = 0.877 ns
Min = 9.988 ns, Q1 = 10.766 ns, Median = 11.327 ns, Q3 = 11.967 ns, Max = 12.914 ns
IQR = 1.201 ns, LowerFence = 8.963 ns, UpperFence = 13.769 ns
ConfidenceInterval = [10.133 ns; 12.560 ns] (CI 99.9%), Margin = 1.214 ns (10.70% of Mean)
Skewness = 0.26, Kurtosis = 1.78, MValue = 2
-------------------- Histogram --------------------
[ 9.470 ns ; 10.415 ns) | @
[10.415 ns ; 11.450 ns) | @@@@@@
[11.450 ns ; 12.641 ns) | @@@
[12.641 ns ; 13.432 ns) | @
---------------------------------------------------

NullHandling.Mapster: Quick(MaxRelativeError=0.05, Arguments=/p:MatrixMode=Benchmark, IterationTime=250ms, MaxIterationCount=12, MaxWarmupIterationCount=5, MinIterationCount=8, MinWarmupIterationCount=3)
Runtime = .NET 10.0.11 (10.0.11, 10.0.1126.37416), X64 RyuJIT x86-64-v3; GC = Concurrent Workstation
Mean = 29.211 ns, StdErr = 0.038 ns (0.13%), N = 7, StdDev = 0.101 ns
Min = 29.049 ns, Q1 = 29.161 ns, Median = 29.227 ns, Q3 = 29.277 ns, Max = 29.327 ns
IQR = 0.116 ns, LowerFence = 28.986 ns, UpperFence = 29.452 ns
ConfidenceInterval = [28.984 ns; 29.438 ns] (CI 99.9%), Margin = 0.227 ns (0.78% of Mean)
Skewness = -0.41, Kurtosis = 1.49, MValue = 2
-------------------- Histogram --------------------
[28.979 ns ; 29.396 ns) | @@@@@@@
---------------------------------------------------

NullHandling.AutoMapper: Quick(MaxRelativeError=0.05, Arguments=/p:MatrixMode=Benchmark, IterationTime=250ms, MaxIterationCount=12, MaxWarmupIterationCount=5, MinIterationCount=8, MinWarmupIterationCount=3)
Runtime = .NET 10.0.11 (10.0.11, 10.0.1126.37416), X64 RyuJIT x86-64-v3; GC = Concurrent Workstation
Mean = 74.541 ns, StdErr = 0.054 ns (0.07%), N = 7, StdDev = 0.142 ns
Min = 74.366 ns, Q1 = 74.429 ns, Median = 74.570 ns, Q3 = 74.612 ns, Max = 74.767 ns
IQR = 0.183 ns, LowerFence = 74.155 ns, UpperFence = 74.886 ns
ConfidenceInterval = [74.221 ns; 74.860 ns] (CI 99.9%), Margin = 0.320 ns (0.43% of Mean)
Skewness = 0.21, Kurtosis = 1.43, MValue = 2
-------------------- Histogram --------------------
[74.268 ns ; 74.864 ns) | @@@@@@@
---------------------------------------------------

// * Summary *

BenchmarkDotNet v0.15.8, Linux Ubuntu 24.04.4 LTS (Noble Numbat)
AMD EPYC 7763 2.45GHz, 1 CPU, 4 logical and 2 physical cores
.NET SDK 10.0.400
  [Host] : .NET 10.0.11 (10.0.11, 10.0.1126.37416), X64 RyuJIT x86-64-v3
  Quick  : .NET 10.0.11 (10.0.11, 10.0.1126.37416), X64 RyuJIT x86-64-v3

Job=Quick  MaxRelativeError=0.05  Arguments=/p:MatrixMode=Benchmark  
IterationTime=250ms  MaxIterationCount=12  MaxWarmupIterationCount=5  
MinIterationCount=8  MinWarmupIterationCount=3  

| Method     | Mean      | Error     | StdDev    | Ratio | RatioSD | Gen0   | Allocated | Alloc Ratio |
|----------- |----------:|----------:|----------:|------:|--------:|-------:|----------:|------------:|
| Mapperly   |  9.402 ns | 0.2017 ns | 0.1055 ns |  0.83 |    0.06 | 0.0024 |      40 B |        1.00 |
| HandCoded  | 11.346 ns | 1.2136 ns | 0.8775 ns |  1.01 |    0.10 | 0.0024 |      40 B |        1.00 |
| Mapster    | 29.211 ns | 0.2268 ns | 0.1007 ns |  2.59 |    0.19 | 0.0023 |      40 B |        1.00 |
| AutoMapper | 74.541 ns | 0.3198 ns | 0.1420 ns |  6.60 |    0.48 | 0.0022 |      40 B |        1.00 |

// * Hints *
Outliers
  NullHandling.HandCoded: Quick  -> 1 outlier  was  removed (17.60 ns)
  NullHandling.Mapster: Quick    -> 1 outlier  was  removed (33.72 ns)
  NullHandling.AutoMapper: Quick -> 1 outlier  was  removed (79.70 ns)

// * Legends *
  Mean        : Arithmetic mean of all measurements
  Error       : Half of 99.9% confidence interval
  StdDev      : Standard deviation of all measurements
  Ratio       : Mean of the ratio distribution ([Current]/[Baseline])
  RatioSD     : Standard deviation of the ratio distribution ([Current]/[Baseline])
  Gen0        : GC Generation 0 collects per 1000 operations
  Allocated   : Allocated memory per single operation (managed only, inclusive, 1KB = 1024B)
  Alloc Ratio : Allocated memory ratio distribution ([Current]/[Baseline])
  1 ns        : 1 Nanosecond (0.000000001 sec)

// * Diagnostic Output - MemoryDiagnoser *


// ***** BenchmarkRunner: End *****
Run time: 00:00:27 (28 sec), executed benchmarks: 4

// Found 4 benchmarks:
//   PolymorphicMapping.AutoMapper: Quick(MaxRelativeError=0.05, Arguments=/p:MatrixMode=Benchmark, IterationTime=250ms, MaxIterationCount=12, MaxWarmupIterationCount=5, MinIterationCount=8, MinWarmupIterationCount=3)
//   PolymorphicMapping.HandCoded: Quick(MaxRelativeError=0.05, Arguments=/p:MatrixMode=Benchmark, IterationTime=250ms, MaxIterationCount=12, MaxWarmupIterationCount=5, MinIterationCount=8, MinWarmupIterationCount=3)
//   PolymorphicMapping.Mapperly: Quick(MaxRelativeError=0.05, Arguments=/p:MatrixMode=Benchmark, IterationTime=250ms, MaxIterationCount=12, MaxWarmupIterationCount=5, MinIterationCount=8, MinWarmupIterationCount=3)
//   PolymorphicMapping.Mapster: Quick(MaxRelativeError=0.05, Arguments=/p:MatrixMode=Benchmark, IterationTime=250ms, MaxIterationCount=12, MaxWarmupIterationCount=5, MinIterationCount=8, MinWarmupIterationCount=3)

// **************************
// Benchmark: PolymorphicMapping.AutoMapper: Quick(MaxRelativeError=0.05, Arguments=/p:MatrixMode=Benchmark, IterationTime=250ms, MaxIterationCount=12, MaxWarmupIterationCount=5, MinIterationCount=8, MinWarmupIterationCount=3)
// *** Execute ***
// Launch: 1 / 1
// Execute: dotnet Matrix.ObjectMapping-Quick-1.dll --anonymousPipes 125 126 --benchmarkName Matrix.ObjectMapping.Benchmarks.PolymorphicMapping.AutoMapper --job Quick --benchmarkId 24 in /home/runner/work/dotnet-matrix/dotnet-matrix/src/Matrix.ObjectMapping/bin/Benchmark/Release/net10.0/Matrix.ObjectMapping-Quick-1/bin/Release/net10.0
// Failed to set up high priority (Permission denied). In order to run benchmarks with high priority, make sure you have the right permissions.
// BeforeAnythingElse

// Benchmark Process Environment Information:
// BenchmarkDotNet v0.15.8
// Runtime=.NET 10.0.11 (10.0.11, 10.0.1126.37416), X64 RyuJIT x86-64-v3
// GC=Concurrent Workstation
// HardwareIntrinsics=AVX2+BMI1+BMI2+F16C+FMA+LZCNT+MOVBE,AVX,SSE3+SSSE3+SSE4.1+SSE4.2+POPCNT,X86Base+SSE+SSE2,AES+PCLMUL VectorSize=256
// Job: Quick(MaxRelativeError=0.05, IterationTime=250ms, MaxIterationCount=12, MaxWarmupIterationCount=5, MinIterationCount=8, MinWarmupIterationCount=3)

OverheadJitting  1: 1 op, 245548.00 ns, 245.5480 us/op
WorkloadJitting  1: 1 op, 5468671.00 ns, 5.4687 ms/op

OverheadJitting  2: 16 op, 495897.00 ns, 30.9936 us/op
WorkloadJitting  2: 16 op, 587678.00 ns, 36.7299 us/op

WorkloadPilot    1: 16 op, 38983.00 ns, 2.4364 us/op
WorkloadPilot    2: 102624 op, 170900307.00 ns, 1.6653 us/op
WorkloadPilot    3: 150128 op, 60690274.00 ns, 404.2569 ns/op
WorkloadPilot    4: 618432 op, 226177485.00 ns, 365.7273 ns/op
WorkloadPilot    5: 683584 op, 242759556.00 ns, 355.1276 ns/op
WorkloadPilot    6: 703984 op, 254410359.00 ns, 361.3866 ns/op
WorkloadPilot    7: 691792 op, 239098844.00 ns, 345.6224 ns/op
WorkloadPilot    8: 723344 op, 259452081.00 ns, 358.6842 ns/op
WorkloadPilot    9: 696992 op, 242271157.00 ns, 347.5953 ns/op
WorkloadPilot   10: 719232 op, 257837701.00 ns, 358.4903 ns/op

OverheadWarmup   1: 719232 op, 2851149.00 ns, 3.9642 ns/op
OverheadWarmup   2: 719232 op, 2844095.00 ns, 3.9543 ns/op
OverheadWarmup   3: 719232 op, 2841040.00 ns, 3.9501 ns/op
OverheadWarmup   4: 719232 op, 2824409.00 ns, 3.9270 ns/op
OverheadWarmup   5: 719232 op, 2821804.00 ns, 3.9234 ns/op
OverheadWarmup   6: 719232 op, 2822155.00 ns, 3.9238 ns/op
OverheadWarmup   7: 719232 op, 2825671.00 ns, 3.9287 ns/op
OverheadWarmup   8: 719232 op, 2839035.00 ns, 3.9473 ns/op
OverheadWarmup   9: 719232 op, 2825591.00 ns, 3.9286 ns/op
OverheadWarmup  10: 719232 op, 2821383.00 ns, 3.9228 ns/op

OverheadActual   1: 719232 op, 2830099.00 ns, 3.9349 ns/op
OverheadActual   2: 719232 op, 2820932.00 ns, 3.9221 ns/op
OverheadActual   3: 719232 op, 2835570.00 ns, 3.9425 ns/op
OverheadActual   4: 719232 op, 2839978.00 ns, 3.9486 ns/op
OverheadActual   5: 719232 op, 2835249.00 ns, 3.9421 ns/op
OverheadActual   6: 719232 op, 2833245.00 ns, 3.9393 ns/op
OverheadActual   7: 719232 op, 2805122.00 ns, 3.9002 ns/op
OverheadActual   8: 719232 op, 2817416.00 ns, 3.9173 ns/op

WorkloadWarmup   1: 719232 op, 274414263.00 ns, 381.5379 ns/op
WorkloadWarmup   2: 719232 op, 267069174.00 ns, 371.3255 ns/op
WorkloadWarmup   3: 719232 op, 264598317.00 ns, 367.8901 ns/op
WorkloadWarmup   4: 719232 op, 264725173.00 ns, 368.0665 ns/op
WorkloadWarmup   5: 719232 op, 265367233.00 ns, 368.9592 ns/op

// BeforeActualRun
WorkloadActual   1: 719232 op, 266770096.00 ns, 370.9097 ns/op
WorkloadActual   2: 719232 op, 265097169.00 ns, 368.5837 ns/op
WorkloadActual   3: 719232 op, 264682955.00 ns, 368.0078 ns/op
WorkloadActual   4: 719232 op, 264930928.00 ns, 368.3525 ns/op
WorkloadActual   5: 719232 op, 264265244.00 ns, 367.4270 ns/op
WorkloadActual   6: 719232 op, 264675611.00 ns, 367.9975 ns/op
WorkloadActual   7: 719232 op, 265278568.00 ns, 368.8359 ns/op
WorkloadActual   8: 719232 op, 264783794.00 ns, 368.1480 ns/op

// AfterActualRun
WorkloadResult   1: 719232 op, 262265497.00 ns, 364.6466 ns/op
WorkloadResult   2: 719232 op, 261851283.00 ns, 364.0707 ns/op
WorkloadResult   3: 719232 op, 262099256.00 ns, 364.4155 ns/op
WorkloadResult   4: 719232 op, 261433572.00 ns, 363.4899 ns/op
WorkloadResult   5: 719232 op, 261843939.00 ns, 364.0605 ns/op
WorkloadResult   6: 719232 op, 262446896.00 ns, 364.8988 ns/op
WorkloadResult   7: 719232 op, 261952122.00 ns, 364.2109 ns/op
// GC:  6 0 0 103569408 719232
// Threading:  0 0 719232

// AfterAll
// Benchmark Process 3636 has exited with code 0.

Mean = 364.256 ns, StdErr = 0.173 ns (0.05%), N = 7, StdDev = 0.457 ns
Min = 363.490 ns, Q1 = 364.066 ns, Median = 364.211 ns, Q3 = 364.531 ns, Max = 364.899 ns
IQR = 0.465 ns, LowerFence = 363.367 ns, UpperFence = 365.229 ns
ConfidenceInterval = [363.227 ns; 365.285 ns] (CI 99.9%), Margin = 1.029 ns (0.28% of Mean)
Skewness = -0.2, Kurtosis = 1.78, MValue = 2

// ** Remained 13 (34.2 %) benchmark(s) to run. Estimated finish 2026-08-27 14:09 (0h 1m from now) **
// **************************
// Benchmark: PolymorphicMapping.HandCoded: Quick(MaxRelativeError=0.05, Arguments=/p:MatrixMode=Benchmark, IterationTime=250ms, MaxIterationCount=12, MaxWarmupIterationCount=5, MinIterationCount=8, MinWarmupIterationCount=3)
// *** Execute ***
// Launch: 1 / 1
// Execute: dotnet Matrix.ObjectMapping-Quick-1.dll --anonymousPipes 125 126 --benchmarkName Matrix.ObjectMapping.Benchmarks.PolymorphicMapping.HandCoded --job Quick --benchmarkId 25 in /home/runner/work/dotnet-matrix/dotnet-matrix/src/Matrix.ObjectMapping/bin/Benchmark/Release/net10.0/Matrix.ObjectMapping-Quick-1/bin/Release/net10.0
// Failed to set up high priority (Permission denied). In order to run benchmarks with high priority, make sure you have the right permissions.
// BeforeAnythingElse

// Benchmark Process Environment Information:
// BenchmarkDotNet v0.15.8
// Runtime=.NET 10.0.11 (10.0.11, 10.0.1126.37416), X64 RyuJIT x86-64-v3
// GC=Concurrent Workstation
// HardwareIntrinsics=AVX2+BMI1+BMI2+F16C+FMA+LZCNT+MOVBE,AVX,SSE3+SSSE3+SSE4.1+SSE4.2+POPCNT,X86Base+SSE+SSE2,AES+PCLMUL VectorSize=256
// Job: Quick(MaxRelativeError=0.05, IterationTime=250ms, MaxIterationCount=12, MaxWarmupIterationCount=5, MinIterationCount=8, MinWarmupIterationCount=3)

OverheadJitting  1: 1 op, 279732.00 ns, 279.7320 us/op
WorkloadJitting  1: 1 op, 517076.00 ns, 517.0760 us/op

OverheadJitting  2: 16 op, 532755.00 ns, 33.2972 us/op
WorkloadJitting  2: 16 op, 553335.00 ns, 34.5834 us/op

WorkloadPilot    1: 16 op, 18024.00 ns, 1.1265 us/op
WorkloadPilot    2: 221936 op, 42028554.00 ns, 189.3724 ns/op
WorkloadPilot    3: 1320160 op, 157735413.00 ns, 119.4820 ns/op
WorkloadPilot    4: 2092368 op, 83657764.00 ns, 39.9823 ns/op
WorkloadPilot    5: 6252768 op, 244509190.00 ns, 39.1042 ns/op
WorkloadPilot    6: 6393184 op, 248569188.00 ns, 38.8803 ns/op
WorkloadPilot    7: 6429984 op, 257366971.00 ns, 40.0261 ns/op
WorkloadPilot    8: 6245936 op, 250124606.00 ns, 40.0460 ns/op
WorkloadPilot    9: 6242832 op, 249535284.00 ns, 39.9715 ns/op
WorkloadPilot   10: 6254464 op, 248272914.00 ns, 39.6953 ns/op
WorkloadPilot   11: 6297984 op, 246710825.00 ns, 39.1730 ns/op
WorkloadPilot   12: 6381952 op, 250653294.00 ns, 39.2753 ns/op

OverheadWarmup   1: 6381952 op, 25622919.00 ns, 4.0149 ns/op
OverheadWarmup   2: 6381952 op, 25417374.00 ns, 3.9827 ns/op
OverheadWarmup   3: 6381952 op, 25152860.00 ns, 3.9412 ns/op
OverheadWarmup   4: 6381952 op, 25116932.00 ns, 3.9356 ns/op
OverheadWarmup   5: 6381952 op, 25082027.00 ns, 3.9301 ns/op
OverheadWarmup   6: 6381952 op, 25095192.00 ns, 3.9322 ns/op
OverheadWarmup   7: 6381952 op, 25120620.00 ns, 3.9362 ns/op
OverheadWarmup   8: 6381952 op, 25161747.00 ns, 3.9426 ns/op
OverheadWarmup   9: 6381952 op, 25107114.00 ns, 3.9341 ns/op
OverheadWarmup  10: 6381952 op, 25090543.00 ns, 3.9315 ns/op

OverheadActual   1: 6381952 op, 25143863.00 ns, 3.9398 ns/op
OverheadActual   2: 6381952 op, 25201801.00 ns, 3.9489 ns/op
OverheadActual   3: 6381952 op, 25251594.00 ns, 3.9567 ns/op
OverheadActual   4: 6381952 op, 25201190.00 ns, 3.9488 ns/op
OverheadActual   5: 6381952 op, 25167588.00 ns, 3.9436 ns/op
OverheadActual   6: 6381952 op, 25111503.00 ns, 3.9348 ns/op
OverheadActual   7: 6381952 op, 25066499.00 ns, 3.9277 ns/op
OverheadActual   8: 6381952 op, 25109539.00 ns, 3.9345 ns/op

WorkloadWarmup   1: 6381952 op, 276488850.00 ns, 43.3236 ns/op
WorkloadWarmup   2: 6381952 op, 251831285.00 ns, 39.4599 ns/op
WorkloadWarmup   3: 6381952 op, 246929946.00 ns, 38.6919 ns/op
WorkloadWarmup   4: 6381952 op, 249416363.00 ns, 39.0815 ns/op
WorkloadWarmup   5: 6381952 op, 248375518.00 ns, 38.9184 ns/op

// BeforeActualRun
WorkloadActual   1: 6381952 op, 251671037.00 ns, 39.4348 ns/op
WorkloadActual   2: 6381952 op, 256675709.00 ns, 40.2190 ns/op
WorkloadActual   3: 6381952 op, 252897509.00 ns, 39.6270 ns/op
WorkloadActual   4: 6381952 op, 257510970.00 ns, 40.3499 ns/op
WorkloadActual   5: 6381952 op, 254865757.00 ns, 39.9354 ns/op
WorkloadActual   6: 6381952 op, 256796465.00 ns, 40.2379 ns/op
WorkloadActual   7: 6381952 op, 255457773.00 ns, 40.0282 ns/op
WorkloadActual   8: 6381952 op, 263074036.00 ns, 41.2216 ns/op

// AfterActualRun
WorkloadResult   1: 6381952 op, 226515311.50 ns, 35.4931 ns/op
WorkloadResult   2: 6381952 op, 231519983.50 ns, 36.2773 ns/op
WorkloadResult   3: 6381952 op, 227741783.50 ns, 35.6853 ns/op
WorkloadResult   4: 6381952 op, 232355244.50 ns, 36.4082 ns/op
WorkloadResult   5: 6381952 op, 229710031.50 ns, 35.9937 ns/op
WorkloadResult   6: 6381952 op, 231640739.50 ns, 36.2962 ns/op
WorkloadResult   7: 6381952 op, 230302047.50 ns, 36.0865 ns/op
// GC:  54 0 0 919001088 6381952
// Threading:  0 0 6381952

// AfterAll
// Benchmark Process 3649 has exited with code 0.

Mean = 36.034 ns, StdErr = 0.128 ns (0.35%), N = 7, StdDev = 0.338 ns
Min = 35.493 ns, Q1 = 35.839 ns, Median = 36.086 ns, Q3 = 36.287 ns, Max = 36.408 ns
IQR = 0.447 ns, LowerFence = 35.169 ns, UpperFence = 36.958 ns
ConfidenceInterval = [35.272 ns; 36.796 ns] (CI 99.9%), Margin = 0.762 ns (2.11% of Mean)
Skewness = -0.43, Kurtosis = 1.4, MValue = 2

// ** Remained 12 (31.6 %) benchmark(s) to run. Estimated finish 2026-08-27 14:09 (0h 1m from now) **
// **************************
// Benchmark: PolymorphicMapping.Mapperly: Quick(MaxRelativeError=0.05, Arguments=/p:MatrixMode=Benchmark, IterationTime=250ms, MaxIterationCount=12, MaxWarmupIterationCount=5, MinIterationCount=8, MinWarmupIterationCount=3)
// *** Execute ***
// Launch: 1 / 1
// Execute: dotnet Matrix.ObjectMapping-Quick-1.dll --anonymousPipes 125 126 --benchmarkName Matrix.ObjectMapping.Benchmarks.PolymorphicMapping.Mapperly --job Quick --benchmarkId 26 in /home/runner/work/dotnet-matrix/dotnet-matrix/src/Matrix.ObjectMapping/bin/Benchmark/Release/net10.0/Matrix.ObjectMapping-Quick-1/bin/Release/net10.0
// Failed to set up high priority (Permission denied). In order to run benchmarks with high priority, make sure you have the right permissions.
// BeforeAnythingElse

// Benchmark Process Environment Information:
// BenchmarkDotNet v0.15.8
// Runtime=.NET 10.0.11 (10.0.11, 10.0.1126.37416), X64 RyuJIT x86-64-v3
// GC=Concurrent Workstation
// HardwareIntrinsics=AVX2+BMI1+BMI2+F16C+FMA+LZCNT+MOVBE,AVX,SSE3+SSSE3+SSE4.1+SSE4.2+POPCNT,X86Base+SSE+SSE2,AES+PCLMUL VectorSize=256
// Job: Quick(MaxRelativeError=0.05, IterationTime=250ms, MaxIterationCount=12, MaxWarmupIterationCount=5, MinIterationCount=8, MinWarmupIterationCount=3)

OverheadJitting  1: 1 op, 240369.00 ns, 240.3690 us/op
WorkloadJitting  1: 1 op, 797731.00 ns, 797.7310 us/op

OverheadJitting  2: 16 op, 485747.00 ns, 30.3592 us/op
WorkloadJitting  2: 16 op, 537224.00 ns, 33.5765 us/op

WorkloadPilot    1: 16 op, 14908.00 ns, 931.7500 ns/op
WorkloadPilot    2: 268320 op, 55940791.00 ns, 208.4854 ns/op
WorkloadPilot    3: 1199136 op, 146786321.00 ns, 122.4101 ns/op
WorkloadPilot    4: 2042320 op, 78562636.00 ns, 38.4673 ns/op
WorkloadPilot    5: 6499024 op, 289587243.00 ns, 44.5586 ns/op
WorkloadPilot    6: 5610592 op, 216806503.00 ns, 38.6424 ns/op
WorkloadPilot    7: 6469600 op, 270463786.00 ns, 41.8053 ns/op
WorkloadPilot    8: 5980112 op, 256346868.00 ns, 42.8666 ns/op

OverheadWarmup   1: 5980112 op, 23409487.00 ns, 3.9146 ns/op
OverheadWarmup   2: 5980112 op, 23270698.00 ns, 3.8913 ns/op
OverheadWarmup   3: 5980112 op, 23266710.00 ns, 3.8907 ns/op
OverheadWarmup   4: 5980112 op, 23297528.00 ns, 3.8958 ns/op
OverheadWarmup   5: 5980112 op, 23256160.00 ns, 3.8889 ns/op
OverheadWarmup   6: 5980112 op, 23244378.00 ns, 3.8869 ns/op
OverheadWarmup   7: 5980112 op, 23268443.00 ns, 3.8910 ns/op
OverheadWarmup   8: 5980112 op, 23263334.00 ns, 3.8901 ns/op

OverheadActual   1: 5980112 op, 23329056.00 ns, 3.9011 ns/op
OverheadActual   2: 5980112 op, 23291817.00 ns, 3.8949 ns/op
OverheadActual   3: 5980112 op, 23426449.00 ns, 3.9174 ns/op
OverheadActual   4: 5980112 op, 23378289.00 ns, 3.9093 ns/op
OverheadActual   5: 5980112 op, 23350016.00 ns, 3.9046 ns/op
OverheadActual   6: 5980112 op, 23298557.00 ns, 3.8960 ns/op
OverheadActual   7: 5980112 op, 23257724.00 ns, 3.8892 ns/op
OverheadActual   8: 5980112 op, 23256681.00 ns, 3.8890 ns/op

WorkloadWarmup   1: 5980112 op, 238068246.00 ns, 39.8100 ns/op
WorkloadWarmup   2: 5980112 op, 226305934.00 ns, 37.8431 ns/op
WorkloadWarmup   3: 5980112 op, 225885820.00 ns, 37.7728 ns/op
WorkloadWarmup   4: 5980112 op, 226061418.00 ns, 37.8022 ns/op
WorkloadWarmup   5: 5980112 op, 227466774.00 ns, 38.0372 ns/op

// BeforeActualRun
WorkloadActual   1: 5980112 op, 230316750.00 ns, 38.5138 ns/op
WorkloadActual   2: 5980112 op, 230865827.00 ns, 38.6056 ns/op
WorkloadActual   3: 5980112 op, 233643818.00 ns, 39.0701 ns/op
WorkloadActual   4: 5980112 op, 231965531.00 ns, 38.7895 ns/op
WorkloadActual   5: 5980112 op, 234466956.00 ns, 39.2078 ns/op
WorkloadActual   6: 5980112 op, 233993641.00 ns, 39.1286 ns/op
WorkloadActual   7: 5980112 op, 233982301.00 ns, 39.1267 ns/op
WorkloadActual   8: 5980112 op, 229137366.00 ns, 38.3166 ns/op

// AfterActualRun
WorkloadResult   1: 5980112 op, 207002943.50 ns, 34.6152 ns/op
WorkloadResult   2: 5980112 op, 207552020.50 ns, 34.7070 ns/op
WorkloadResult   3: 5980112 op, 210330011.50 ns, 35.1716 ns/op
WorkloadResult   4: 5980112 op, 208651724.50 ns, 34.8909 ns/op
WorkloadResult   5: 5980112 op, 211153149.50 ns, 35.3092 ns/op
WorkloadResult   6: 5980112 op, 210679834.50 ns, 35.2301 ns/op
WorkloadResult   7: 5980112 op, 210668494.50 ns, 35.2282 ns/op
WorkloadResult   8: 5980112 op, 205823559.50 ns, 34.4180 ns/op
// GC:  51 0 0 861136128 5980112
// Threading:  0 0 5980112

// AfterAll
// Benchmark Process 3660 has exited with code 0.

Mean = 34.946 ns, StdErr = 0.119 ns (0.34%), N = 8, StdDev = 0.336 ns
Min = 34.418 ns, Q1 = 34.684 ns, Median = 35.031 ns, Q3 = 35.229 ns, Max = 35.309 ns
IQR = 0.545 ns, LowerFence = 33.867 ns, UpperFence = 36.046 ns
ConfidenceInterval = [34.303 ns; 35.589 ns] (CI 99.9%), Margin = 0.643 ns (1.84% of Mean)
Skewness = -0.31, Kurtosis = 1.23, MValue = 2

// ** Remained 11 (28.9 %) benchmark(s) to run. Estimated finish 2026-08-27 14:09 (0h 1m from now) **
// **************************
// Benchmark: PolymorphicMapping.Mapster: Quick(MaxRelativeError=0.05, Arguments=/p:MatrixMode=Benchmark, IterationTime=250ms, MaxIterationCount=12, MaxWarmupIterationCount=5, MinIterationCount=8, MinWarmupIterationCount=3)
// *** Execute ***
// Launch: 1 / 1
// Execute: dotnet Matrix.ObjectMapping-Quick-1.dll --anonymousPipes 125 126 --benchmarkName Matrix.ObjectMapping.Benchmarks.PolymorphicMapping.Mapster --job Quick --benchmarkId 27 in /home/runner/work/dotnet-matrix/dotnet-matrix/src/Matrix.ObjectMapping/bin/Benchmark/Release/net10.0/Matrix.ObjectMapping-Quick-1/bin/Release/net10.0
// Failed to set up high priority (Permission denied). In order to run benchmarks with high priority, make sure you have the right permissions.
// BeforeAnythingElse

// Benchmark Process Environment Information:
// BenchmarkDotNet v0.15.8
// Runtime=.NET 10.0.11 (10.0.11, 10.0.1126.37416), X64 RyuJIT x86-64-v3
// GC=Concurrent Workstation
// HardwareIntrinsics=AVX2+BMI1+BMI2+F16C+FMA+LZCNT+MOVBE,AVX,SSE3+SSSE3+SSE4.1+SSE4.2+POPCNT,X86Base+SSE+SSE2,AES+PCLMUL VectorSize=256
// Job: Quick(MaxRelativeError=0.05, IterationTime=250ms, MaxIterationCount=12, MaxWarmupIterationCount=5, MinIterationCount=8, MinWarmupIterationCount=3)

OverheadJitting  1: 1 op, 233226.00 ns, 233.2260 us/op
WorkloadJitting  1: 1 op, 3567286.00 ns, 3.5673 ms/op

OverheadJitting  2: 16 op, 525793.00 ns, 32.8621 us/op
WorkloadJitting  2: 16 op, 537124.00 ns, 33.5703 us/op

WorkloadPilot    1: 16 op, 14818.00 ns, 926.1250 ns/op
WorkloadPilot    2: 269952 op, 164263073.00 ns, 608.4899 ns/op
WorkloadPilot    3: 410864 op, 64994304.00 ns, 158.1893 ns/op
WorkloadPilot    4: 1580400 op, 218469246.00 ns, 138.2367 ns/op
WorkloadPilot    5: 1808496 op, 247203847.00 ns, 136.6903 ns/op
WorkloadPilot    6: 1828960 op, 253954974.00 ns, 138.8521 ns/op
WorkloadPilot    7: 1800480 op, 248265431.00 ns, 137.8885 ns/op
WorkloadPilot    8: 1813072 op, 249500539.00 ns, 137.6120 ns/op
WorkloadPilot    9: 1816704 op, 248309343.00 ns, 136.6812 ns/op
WorkloadPilot   10: 1829088 op, 251517469.00 ns, 137.5098 ns/op
WorkloadPilot   11: 1818064 op, 249530605.00 ns, 137.2507 ns/op
WorkloadPilot   12: 1821488 op, 250107092.00 ns, 137.3092 ns/op

OverheadWarmup   1: 1821488 op, 7804696.00 ns, 4.2848 ns/op
OverheadWarmup   2: 1821488 op, 7744403.00 ns, 4.2517 ns/op
OverheadWarmup   3: 1821488 op, 7743832.00 ns, 4.2514 ns/op
OverheadWarmup   4: 1821488 op, 8258614.00 ns, 4.5340 ns/op
OverheadWarmup   5: 1821488 op, 7776643.00 ns, 4.2694 ns/op
OverheadWarmup   6: 1821488 op, 7758168.00 ns, 4.2592 ns/op
OverheadWarmup   7: 1821488 op, 7745475.00 ns, 4.2523 ns/op
OverheadWarmup   8: 1821488 op, 7868074.00 ns, 4.3196 ns/op
OverheadWarmup   9: 1821488 op, 7738021.00 ns, 4.2482 ns/op

OverheadActual   1: 1821488 op, 7782794.00 ns, 4.2728 ns/op
OverheadActual   2: 1821488 op, 7762587.00 ns, 4.2617 ns/op
OverheadActual   3: 1821488 op, 7822279.00 ns, 4.2944 ns/op
OverheadActual   4: 1821488 op, 7746377.00 ns, 4.2528 ns/op
OverheadActual   5: 1821488 op, 7734765.00 ns, 4.2464 ns/op
OverheadActual   6: 1821488 op, 7734405.00 ns, 4.2462 ns/op
OverheadActual   7: 1821488 op, 7749382.00 ns, 4.2544 ns/op
OverheadActual   8: 1821488 op, 7742690.00 ns, 4.2507 ns/op

WorkloadWarmup   1: 1821488 op, 256775845.00 ns, 140.9704 ns/op
WorkloadWarmup   2: 1821488 op, 276995443.00 ns, 152.0710 ns/op
WorkloadWarmup   3: 1821488 op, 249567764.00 ns, 137.0131 ns/op
WorkloadWarmup   4: 1821488 op, 252716529.00 ns, 138.7418 ns/op
WorkloadWarmup   5: 1821488 op, 250519083.00 ns, 137.5354 ns/op

// BeforeActualRun
WorkloadActual   1: 1821488 op, 253294589.00 ns, 139.0592 ns/op
WorkloadActual   2: 1821488 op, 255614184.00 ns, 140.3326 ns/op
WorkloadActual   3: 1821488 op, 251779668.00 ns, 138.2275 ns/op
WorkloadActual   4: 1821488 op, 252229559.00 ns, 138.4745 ns/op
WorkloadActual   5: 1821488 op, 250371026.00 ns, 137.4541 ns/op
WorkloadActual   6: 1821488 op, 251779728.00 ns, 138.2275 ns/op
WorkloadActual   7: 1821488 op, 251742409.00 ns, 138.2070 ns/op
WorkloadActual   8: 1821488 op, 249746268.00 ns, 137.1111 ns/op

// AfterActualRun
WorkloadResult   1: 1821488 op, 245546709.50 ns, 134.8056 ns/op
WorkloadResult   2: 1821488 op, 244031788.50 ns, 133.9739 ns/op
WorkloadResult   3: 1821488 op, 244481679.50 ns, 134.2209 ns/op
WorkloadResult   4: 1821488 op, 242623146.50 ns, 133.2005 ns/op
WorkloadResult   5: 1821488 op, 244031848.50 ns, 133.9739 ns/op
WorkloadResult   6: 1821488 op, 243994529.50 ns, 133.9534 ns/op
WorkloadResult   7: 1821488 op, 241998388.50 ns, 132.8575 ns/op
// GC:  15 0 0 262294272 1821488
// Threading:  0 0 1821488

// AfterAll
// Benchmark Process 3671 has exited with code 0.

Mean = 133.855 ns, StdErr = 0.244 ns (0.18%), N = 7, StdDev = 0.645 ns
Min = 132.858 ns, Q1 = 133.577 ns, Median = 133.974 ns, Q3 = 134.097 ns, Max = 134.806 ns
IQR = 0.520 ns, LowerFence = 132.796 ns, UpperFence = 134.878 ns
ConfidenceInterval = [132.402 ns; 135.309 ns] (CI 99.9%), Margin = 1.453 ns (1.09% of Mean)
Skewness = -0.19, Kurtosis = 1.65, MValue = 2

// ** Remained 10 (26.3 %) benchmark(s) to run. Estimated finish 2026-08-27 14:09 (0h 1m from now) **
// ***** BenchmarkRunner: Finish  *****

// * Export *
  tmp/dotnet-matrix/ObjectMapping/20a3bacfa27b4f79b1dc7ff5c0db69bd/results/Matrix.ObjectMapping.Benchmarks.PolymorphicMapping-report.csv
  tmp/dotnet-matrix/ObjectMapping/20a3bacfa27b4f79b1dc7ff5c0db69bd/results/Matrix.ObjectMapping.Benchmarks.PolymorphicMapping-report-github.md
  tmp/dotnet-matrix/ObjectMapping/20a3bacfa27b4f79b1dc7ff5c0db69bd/results/Matrix.ObjectMapping.Benchmarks.PolymorphicMapping-report.html
  tmp/dotnet-matrix/ObjectMapping/20a3bacfa27b4f79b1dc7ff5c0db69bd/results/Matrix.ObjectMapping.Benchmarks.PolymorphicMapping-report-full.json

// * Detailed results *
PolymorphicMapping.Mapperly: Quick(MaxRelativeError=0.05, Arguments=/p:MatrixMode=Benchmark, IterationTime=250ms, MaxIterationCount=12, MaxWarmupIterationCount=5, MinIterationCount=8, MinWarmupIterationCount=3)
Runtime = .NET 10.0.11 (10.0.11, 10.0.1126.37416), X64 RyuJIT x86-64-v3; GC = Concurrent Workstation
Mean = 34.946 ns, StdErr = 0.119 ns (0.34%), N = 8, StdDev = 0.336 ns
Min = 34.418 ns, Q1 = 34.684 ns, Median = 35.031 ns, Q3 = 35.229 ns, Max = 35.309 ns
IQR = 0.545 ns, LowerFence = 33.867 ns, UpperFence = 36.046 ns
ConfidenceInterval = [34.303 ns; 35.589 ns] (CI 99.9%), Margin = 0.643 ns (1.84% of Mean)
Skewness = -0.31, Kurtosis = 1.23, MValue = 2
-------------------- Histogram --------------------
[34.197 ns ; 35.451 ns) | @@@@@@@@
---------------------------------------------------

PolymorphicMapping.HandCoded: Quick(MaxRelativeError=0.05, Arguments=/p:MatrixMode=Benchmark, IterationTime=250ms, MaxIterationCount=12, MaxWarmupIterationCount=5, MinIterationCount=8, MinWarmupIterationCount=3)
Runtime = .NET 10.0.11 (10.0.11, 10.0.1126.37416), X64 RyuJIT x86-64-v3; GC = Concurrent Workstation
Mean = 36.034 ns, StdErr = 0.128 ns (0.35%), N = 7, StdDev = 0.338 ns
Min = 35.493 ns, Q1 = 35.839 ns, Median = 36.086 ns, Q3 = 36.287 ns, Max = 36.408 ns
IQR = 0.447 ns, LowerFence = 35.169 ns, UpperFence = 36.958 ns
ConfidenceInterval = [35.272 ns; 36.796 ns] (CI 99.9%), Margin = 0.762 ns (2.11% of Mean)
Skewness = -0.43, Kurtosis = 1.4, MValue = 2
-------------------- Histogram --------------------
[35.261 ns ; 36.563 ns) | @@@@@@@
---------------------------------------------------

PolymorphicMapping.Mapster: Quick(MaxRelativeError=0.05, Arguments=/p:MatrixMode=Benchmark, IterationTime=250ms, MaxIterationCount=12, MaxWarmupIterationCount=5, MinIterationCount=8, MinWarmupIterationCount=3)
Runtime = .NET 10.0.11 (10.0.11, 10.0.1126.37416), X64 RyuJIT x86-64-v3; GC = Concurrent Workstation
Mean = 133.855 ns, StdErr = 0.244 ns (0.18%), N = 7, StdDev = 0.645 ns
Min = 132.858 ns, Q1 = 133.577 ns, Median = 133.974 ns, Q3 = 134.097 ns, Max = 134.806 ns
IQR = 0.520 ns, LowerFence = 132.796 ns, UpperFence = 134.878 ns
ConfidenceInterval = [132.402 ns; 135.309 ns] (CI 99.9%), Margin = 1.453 ns (1.09% of Mean)
Skewness = -0.19, Kurtosis = 1.65, MValue = 2
-------------------- Histogram --------------------
[132.415 ns ; 135.248 ns) | @@@@@@@
---------------------------------------------------

PolymorphicMapping.AutoMapper: Quick(MaxRelativeError=0.05, Arguments=/p:MatrixMode=Benchmark, IterationTime=250ms, MaxIterationCount=12, MaxWarmupIterationCount=5, MinIterationCount=8, MinWarmupIterationCount=3)
Runtime = .NET 10.0.11 (10.0.11, 10.0.1126.37416), X64 RyuJIT x86-64-v3; GC = Concurrent Workstation
Mean = 364.256 ns, StdErr = 0.173 ns (0.05%), N = 7, StdDev = 0.457 ns
Min = 363.490 ns, Q1 = 364.066 ns, Median = 364.211 ns, Q3 = 364.531 ns, Max = 364.899 ns
IQR = 0.465 ns, LowerFence = 363.367 ns, UpperFence = 365.229 ns
ConfidenceInterval = [363.227 ns; 365.285 ns] (CI 99.9%), Margin = 1.029 ns (0.28% of Mean)
Skewness = -0.2, Kurtosis = 1.78, MValue = 2
-------------------- Histogram --------------------
[363.176 ns ; 365.212 ns) | @@@@@@@
---------------------------------------------------

// * Summary *

BenchmarkDotNet v0.15.8, Linux Ubuntu 24.04.4 LTS (Noble Numbat)
AMD EPYC 7763 2.45GHz, 1 CPU, 4 logical and 2 physical cores
.NET SDK 10.0.400
  [Host] : .NET 10.0.11 (10.0.11, 10.0.1126.37416), X64 RyuJIT x86-64-v3
  Quick  : .NET 10.0.11 (10.0.11, 10.0.1126.37416), X64 RyuJIT x86-64-v3

Job=Quick  MaxRelativeError=0.05  Arguments=/p:MatrixMode=Benchmark  
IterationTime=250ms  MaxIterationCount=12  MaxWarmupIterationCount=5  
MinIterationCount=8  MinWarmupIterationCount=3  

| Method     | Mean      | Error    | StdDev   | Ratio | RatioSD | Gen0   | Allocated | Alloc Ratio |
|----------- |----------:|---------:|---------:|------:|--------:|-------:|----------:|------------:|
| Mapperly   |  34.95 ns | 0.643 ns | 0.336 ns |  0.97 |    0.01 | 0.0085 |     144 B |        1.00 |
| HandCoded  |  36.03 ns | 0.762 ns | 0.338 ns |  1.00 |    0.01 | 0.0085 |     144 B |        1.00 |
| Mapster    | 133.86 ns | 1.453 ns | 0.645 ns |  3.71 |    0.04 | 0.0082 |     144 B |        1.00 |
| AutoMapper | 364.26 ns | 1.029 ns | 0.457 ns | 10.11 |    0.09 | 0.0083 |     144 B |        1.00 |

// * Hints *
Outliers
  PolymorphicMapping.HandCoded: Quick  -> 1 outlier  was  removed (41.22 ns)
  PolymorphicMapping.Mapster: Quick    -> 1 outlier  was  removed, 2 outliers were detected (137.11 ns, 140.33 ns)
  PolymorphicMapping.AutoMapper: Quick -> 1 outlier  was  removed (370.91 ns)

// * Legends *
  Mean        : Arithmetic mean of all measurements
  Error       : Half of 99.9% confidence interval
  StdDev      : Standard deviation of all measurements
  Ratio       : Mean of the ratio distribution ([Current]/[Baseline])
  RatioSD     : Standard deviation of the ratio distribution ([Current]/[Baseline])
  Gen0        : GC Generation 0 collects per 1000 operations
  Allocated   : Allocated memory per single operation (managed only, inclusive, 1KB = 1024B)
  Alloc Ratio : Allocated memory ratio distribution ([Current]/[Baseline])
  1 ns        : 1 Nanosecond (0.000000001 sec)

// * Diagnostic Output - MemoryDiagnoser *


// ***** BenchmarkRunner: End *****
Run time: 00:00:24 (24.31 sec), executed benchmarks: 4

// Found 4 benchmarks:
//   PrepareAndSimpleMap.AutoMapper: Quick(MaxRelativeError=0.05, Arguments=/p:MatrixMode=Benchmark, IterationTime=250ms, MaxIterationCount=12, MaxWarmupIterationCount=5, MinIterationCount=8, MinWarmupIterationCount=3)
//   PrepareAndSimpleMap.HandCoded: Quick(MaxRelativeError=0.05, Arguments=/p:MatrixMode=Benchmark, IterationTime=250ms, MaxIterationCount=12, MaxWarmupIterationCount=5, MinIterationCount=8, MinWarmupIterationCount=3)
//   PrepareAndSimpleMap.Mapperly: Quick(MaxRelativeError=0.05, Arguments=/p:MatrixMode=Benchmark, IterationTime=250ms, MaxIterationCount=12, MaxWarmupIterationCount=5, MinIterationCount=8, MinWarmupIterationCount=3)
//   PrepareAndSimpleMap.Mapster: Quick(MaxRelativeError=0.05, Arguments=/p:MatrixMode=Benchmark, IterationTime=250ms, MaxIterationCount=12, MaxWarmupIterationCount=5, MinIterationCount=8, MinWarmupIterationCount=3)

// **************************
// Benchmark: PrepareAndSimpleMap.AutoMapper: Quick(MaxRelativeError=0.05, Arguments=/p:MatrixMode=Benchmark, IterationTime=250ms, MaxIterationCount=12, MaxWarmupIterationCount=5, MinIterationCount=8, MinWarmupIterationCount=3)
// *** Execute ***
// Launch: 1 / 1
// Execute: dotnet Matrix.ObjectMapping-Quick-1.dll --anonymousPipes 125 126 --benchmarkName Matrix.ObjectMapping.Benchmarks.PrepareAndSimpleMap.AutoMapper --job Quick --benchmarkId 28 in /home/runner/work/dotnet-matrix/dotnet-matrix/src/Matrix.ObjectMapping/bin/Benchmark/Release/net10.0/Matrix.ObjectMapping-Quick-1/bin/Release/net10.0
// Failed to set up high priority (Permission denied). In order to run benchmarks with high priority, make sure you have the right permissions.
// BeforeAnythingElse

// Benchmark Process Environment Information:
// BenchmarkDotNet v0.15.8
// Runtime=.NET 10.0.11 (10.0.11, 10.0.1126.37416), X64 RyuJIT x86-64-v3
// GC=Concurrent Workstation
// HardwareIntrinsics=AVX2+BMI1+BMI2+F16C+FMA+LZCNT+MOVBE,AVX,SSE3+SSSE3+SSE4.1+SSE4.2+POPCNT,X86Base+SSE+SSE2,AES+PCLMUL VectorSize=256
// Job: Quick(MaxRelativeError=0.05, IterationTime=250ms, MaxIterationCount=12, MaxWarmupIterationCount=5, MinIterationCount=8, MinWarmupIterationCount=3)

OverheadJitting  1: 1 op, 231933.00 ns, 231.9330 us/op
WorkloadJitting  1: 1 op, 116343288.00 ns, 116.3433 ms/op

WorkloadPilot    1: 4 op, 54282205.00 ns, 13.5706 ms/op
WorkloadPilot    2: 18 op, 257859291.00 ns, 14.3255 ms/op

WorkloadWarmup   1: 18 op, 265809959.00 ns, 14.7672 ms/op
WorkloadWarmup   2: 18 op, 255941467.00 ns, 14.2190 ms/op
WorkloadWarmup   3: 18 op, 270505681.00 ns, 15.0281 ms/op
WorkloadWarmup   4: 18 op, 258553741.00 ns, 14.3641 ms/op
WorkloadWarmup   5: 18 op, 257613514.00 ns, 14.3119 ms/op

// BeforeActualRun
WorkloadActual   1: 18 op, 263925391.00 ns, 14.6625 ms/op
WorkloadActual   2: 18 op, 261092877.00 ns, 14.5052 ms/op
WorkloadActual   3: 18 op, 263474007.00 ns, 14.6374 ms/op
WorkloadActual   4: 18 op, 258232902.00 ns, 14.3463 ms/op
WorkloadActual   5: 18 op, 262009811.00 ns, 14.5561 ms/op
WorkloadActual   6: 18 op, 258020114.00 ns, 14.3345 ms/op
WorkloadActual   7: 18 op, 253216967.00 ns, 14.0676 ms/op
WorkloadActual   8: 18 op, 254581508.00 ns, 14.1434 ms/op

// AfterActualRun
WorkloadResult   1: 18 op, 263925391.00 ns, 14.6625 ms/op
WorkloadResult   2: 18 op, 261092877.00 ns, 14.5052 ms/op
WorkloadResult   3: 18 op, 263474007.00 ns, 14.6374 ms/op
WorkloadResult   4: 18 op, 258232902.00 ns, 14.3463 ms/op
WorkloadResult   5: 18 op, 262009811.00 ns, 14.5561 ms/op
WorkloadResult   6: 18 op, 258020114.00 ns, 14.3345 ms/op
WorkloadResult   7: 18 op, 253216967.00 ns, 14.0676 ms/op
WorkloadResult   8: 18 op, 254581508.00 ns, 14.1434 ms/op
// GC:  0 0 0 12144624 18
// Threading:  0 0 18

// AfterAll
// Benchmark Process 3683 has exited with code 0.

Mean = 14.407 ms, StdErr = 0.078 ms (0.54%), N = 8, StdDev = 0.222 ms
Min = 14.068 ms, Q1 = 14.287 ms, Median = 14.426 ms, Q3 = 14.576 ms, Max = 14.663 ms
IQR = 0.290 ms, LowerFence = 13.852 ms, UpperFence = 15.011 ms
ConfidenceInterval = [13.983 ms; 14.830 ms] (CI 99.9%), Margin = 0.424 ms (2.94% of Mean)
Skewness = -0.28, Kurtosis = 1.33, MValue = 2

// ** Remained 9 (23.7 %) benchmark(s) to run. Estimated finish 2026-08-27 14:09 (0h 0m from now) **
// **************************
// Benchmark: PrepareAndSimpleMap.HandCoded: Quick(MaxRelativeError=0.05, Arguments=/p:MatrixMode=Benchmark, IterationTime=250ms, MaxIterationCount=12, MaxWarmupIterationCount=5, MinIterationCount=8, MinWarmupIterationCount=3)
// *** Execute ***
// Launch: 1 / 1
// Execute: dotnet Matrix.ObjectMapping-Quick-1.dll --anonymousPipes 125 126 --benchmarkName Matrix.ObjectMapping.Benchmarks.PrepareAndSimpleMap.HandCoded --job Quick --benchmarkId 29 in /home/runner/work/dotnet-matrix/dotnet-matrix/src/Matrix.ObjectMapping/bin/Benchmark/Release/net10.0/Matrix.ObjectMapping-Quick-1/bin/Release/net10.0
// Failed to set up high priority (Permission denied). In order to run benchmarks with high priority, make sure you have the right permissions.
// BeforeAnythingElse

// Benchmark Process Environment Information:
// BenchmarkDotNet v0.15.8
// Runtime=.NET 10.0.11 (10.0.11, 10.0.1126.37416), X64 RyuJIT x86-64-v3
// GC=Concurrent Workstation
// HardwareIntrinsics=AVX2+BMI1+BMI2+F16C+FMA+LZCNT+MOVBE,AVX,SSE3+SSSE3+SSE4.1+SSE4.2+POPCNT,X86Base+SSE+SSE2,AES+PCLMUL VectorSize=256
// Job: Quick(MaxRelativeError=0.05, IterationTime=250ms, MaxIterationCount=12, MaxWarmupIterationCount=5, MinIterationCount=8, MinWarmupIterationCount=3)

OverheadJitting  1: 1 op, 236472.00 ns, 236.4720 us/op
WorkloadJitting  1: 1 op, 523008.00 ns, 523.0080 us/op

OverheadJitting  2: 16 op, 495145.00 ns, 30.9466 us/op
WorkloadJitting  2: 16 op, 511967.00 ns, 31.9979 us/op

WorkloadPilot    1: 16 op, 13866.00 ns, 866.6250 ns/op
WorkloadPilot    2: 288480 op, 18626993.00 ns, 64.5694 ns/op
WorkloadPilot    3: 3871808 op, 147285585.00 ns, 38.0405 ns/op
WorkloadPilot    4: 6571952 op, 107676518.00 ns, 16.3843 ns/op
WorkloadPilot    5: 15258560 op, 199079949.00 ns, 13.0471 ns/op
WorkloadPilot    6: 19161360 op, 251961110.00 ns, 13.1494 ns/op
WorkloadPilot    7: 19012224 op, 249895890.00 ns, 13.1440 ns/op
WorkloadPilot    8: 19020160 op, 243831326.00 ns, 12.8196 ns/op
WorkloadPilot    9: 19501360 op, 258587214.00 ns, 13.2600 ns/op
WorkloadPilot   10: 18853760 op, 247757143.00 ns, 13.1410 ns/op
WorkloadPilot   11: 19024448 op, 247344071.00 ns, 13.0014 ns/op
WorkloadPilot   12: 19228736 op, 253256069.00 ns, 13.1707 ns/op

OverheadWarmup   1: 19228736 op, 80852929.00 ns, 4.2048 ns/op
OverheadWarmup   2: 19228736 op, 80867686.00 ns, 4.2056 ns/op
OverheadWarmup   3: 19228736 op, 85028232.00 ns, 4.4219 ns/op
OverheadWarmup   4: 19228736 op, 62925084.00 ns, 3.2725 ns/op
OverheadWarmup   5: 19228736 op, 62853720.00 ns, 3.2687 ns/op
OverheadWarmup   6: 19228736 op, 63043655.00 ns, 3.2786 ns/op
OverheadWarmup   7: 19228736 op, 69230714.00 ns, 3.6004 ns/op
OverheadWarmup   8: 19228736 op, 63526828.00 ns, 3.3037 ns/op

OverheadActual   1: 19228736 op, 62926897.00 ns, 3.2725 ns/op
OverheadActual   2: 19228736 op, 62893935.00 ns, 3.2708 ns/op
OverheadActual   3: 19228736 op, 62871994.00 ns, 3.2697 ns/op
OverheadActual   4: 19228736 op, 63098327.00 ns, 3.2815 ns/op
OverheadActual   5: 19228736 op, 62913261.00 ns, 3.2718 ns/op
OverheadActual   6: 19228736 op, 62808615.00 ns, 3.2664 ns/op
OverheadActual   7: 19228736 op, 62862997.00 ns, 3.2692 ns/op
OverheadActual   8: 19228736 op, 63032925.00 ns, 3.2781 ns/op

WorkloadWarmup   1: 19228736 op, 258625416.00 ns, 13.4499 ns/op
WorkloadWarmup   2: 19228736 op, 263329918.00 ns, 13.6946 ns/op
WorkloadWarmup   3: 19228736 op, 257491005.00 ns, 13.3909 ns/op
WorkloadWarmup   4: 19228736 op, 252186812.00 ns, 13.1151 ns/op
WorkloadWarmup   5: 19228736 op, 252014430.00 ns, 13.1061 ns/op

// BeforeActualRun
WorkloadActual   1: 19228736 op, 264909481.00 ns, 13.7767 ns/op
WorkloadActual   2: 19228736 op, 252152021.00 ns, 13.1133 ns/op
WorkloadActual   3: 19228736 op, 256721300.00 ns, 13.3509 ns/op
WorkloadActual   4: 19228736 op, 254312569.00 ns, 13.2257 ns/op
WorkloadActual   5: 19228736 op, 255319350.00 ns, 13.2780 ns/op
WorkloadActual   6: 19228736 op, 253275200.00 ns, 13.1717 ns/op
WorkloadActual   7: 19228736 op, 255881962.00 ns, 13.3073 ns/op
WorkloadActual   8: 19228736 op, 255423084.00 ns, 13.2834 ns/op

// AfterActualRun
WorkloadResult   1: 19228736 op, 189248423.00 ns, 9.8420 ns/op
WorkloadResult   2: 19228736 op, 193817702.00 ns, 10.0796 ns/op
WorkloadResult   3: 19228736 op, 191408971.00 ns, 9.9543 ns/op
WorkloadResult   4: 19228736 op, 192415752.00 ns, 10.0067 ns/op
WorkloadResult   5: 19228736 op, 190371602.00 ns, 9.9004 ns/op
WorkloadResult   6: 19228736 op, 192978364.00 ns, 10.0359 ns/op
WorkloadResult   7: 19228736 op, 192519486.00 ns, 10.0121 ns/op
// GC:  64 0 0 1076809216 19228736
// Threading:  0 0 19228736

// AfterAll
// Benchmark Process 3966 has exited with code 0.

Mean = 9.976 ns, StdErr = 0.031 ns (0.31%), N = 7, StdDev = 0.082 ns
Min = 9.842 ns, Q1 = 9.927 ns, Median = 10.007 ns, Q3 = 10.024 ns, Max = 10.080 ns
IQR = 0.097 ns, LowerFence = 9.782 ns, UpperFence = 10.169 ns
ConfidenceInterval = [9.790 ns; 10.161 ns] (CI 99.9%), Margin = 0.186 ns (1.86% of Mean)
Skewness = -0.37, Kurtosis = 1.51, MValue = 2

// ** Remained 8 (21.1 %) benchmark(s) to run. Estimated finish 2026-08-27 14:09 (0h 0m from now) **
// **************************
// Benchmark: PrepareAndSimpleMap.Mapperly: Quick(MaxRelativeError=0.05, Arguments=/p:MatrixMode=Benchmark, IterationTime=250ms, MaxIterationCount=12, MaxWarmupIterationCount=5, MinIterationCount=8, MinWarmupIterationCount=3)
// *** Execute ***
// Launch: 1 / 1
// Execute: dotnet Matrix.ObjectMapping-Quick-1.dll --anonymousPipes 125 126 --benchmarkName Matrix.ObjectMapping.Benchmarks.PrepareAndSimpleMap.Mapperly --job Quick --benchmarkId 30 in /home/runner/work/dotnet-matrix/dotnet-matrix/src/Matrix.ObjectMapping/bin/Benchmark/Release/net10.0/Matrix.ObjectMapping-Quick-1/bin/Release/net10.0
// Failed to set up high priority (Permission denied). In order to run benchmarks with high priority, make sure you have the right permissions.
// BeforeAnythingElse

// Benchmark Process Environment Information:
// BenchmarkDotNet v0.15.8
// Runtime=.NET 10.0.11 (10.0.11, 10.0.1126.37416), X64 RyuJIT x86-64-v3
// GC=Concurrent Workstation
// HardwareIntrinsics=AVX2+BMI1+BMI2+F16C+FMA+LZCNT+MOVBE,AVX,SSE3+SSSE3+SSE4.1+SSE4.2+POPCNT,X86Base+SSE+SSE2,AES+PCLMUL VectorSize=256
// Job: Quick(MaxRelativeError=0.05, IterationTime=250ms, MaxIterationCount=12, MaxWarmupIterationCount=5, MinIterationCount=8, MinWarmupIterationCount=3)

OverheadJitting  1: 1 op, 232454.00 ns, 232.4540 us/op
WorkloadJitting  1: 1 op, 529149.00 ns, 529.1490 us/op

OverheadJitting  2: 16 op, 487932.00 ns, 30.4958 us/op
WorkloadJitting  2: 16 op, 479947.00 ns, 29.9967 us/op

WorkloadPilot    1: 16 op, 3146.00 ns, 196.6250 ns/op
WorkloadPilot    2: 1271456 op, 55207888.00 ns, 43.4210 ns/op
WorkloadPilot    3: 5757584 op, 166665363.00 ns, 28.9471 ns/op
WorkloadPilot    4: 8636448 op, 111887168.00 ns, 12.9552 ns/op
WorkloadPilot    5: 19297232 op, 255053574.00 ns, 13.2171 ns/op
WorkloadPilot    6: 18914896 op, 245920345.00 ns, 13.0014 ns/op
WorkloadPilot    7: 19228688 op, 247815306.00 ns, 12.8878 ns/op
WorkloadPilot    8: 19398208 op, 248971736.00 ns, 12.8348 ns/op
WorkloadPilot    9: 19478336 op, 255918260.00 ns, 13.1386 ns/op
WorkloadPilot   10: 19027888 op, 253678994.00 ns, 13.3320 ns/op

OverheadWarmup   1: 19027888 op, 80057991.00 ns, 4.2074 ns/op
OverheadWarmup   2: 19027888 op, 79944309.00 ns, 4.2014 ns/op
OverheadWarmup   3: 19027888 op, 85207085.00 ns, 4.4780 ns/op
OverheadWarmup   4: 19027888 op, 62313879.00 ns, 3.2749 ns/op
OverheadWarmup   5: 19027888 op, 62302678.00 ns, 3.2743 ns/op
OverheadWarmup   6: 19027888 op, 62190469.00 ns, 3.2684 ns/op
OverheadWarmup   7: 19027888 op, 62174409.00 ns, 3.2675 ns/op
OverheadWarmup   8: 19027888 op, 67088493.00 ns, 3.5258 ns/op
OverheadWarmup   9: 19027888 op, 62157216.00 ns, 3.2666 ns/op

OverheadActual   1: 19027888 op, 62216818.00 ns, 3.2698 ns/op
OverheadActual   2: 19027888 op, 62196169.00 ns, 3.2687 ns/op
OverheadActual   3: 19027888 op, 62366117.00 ns, 3.2776 ns/op
OverheadActual   4: 19027888 op, 62362229.00 ns, 3.2774 ns/op
OverheadActual   5: 19027888 op, 62290596.00 ns, 3.2736 ns/op
OverheadActual   6: 19027888 op, 62111922.00 ns, 3.2643 ns/op
OverheadActual   7: 19027888 op, 62164811.00 ns, 3.2670 ns/op
OverheadActual   8: 19027888 op, 62305353.00 ns, 3.2744 ns/op

WorkloadWarmup   1: 19027888 op, 255510058.00 ns, 13.4282 ns/op
WorkloadWarmup   2: 19027888 op, 248857992.00 ns, 13.0786 ns/op
WorkloadWarmup   3: 19027888 op, 245659487.00 ns, 12.9105 ns/op
WorkloadWarmup   4: 19027888 op, 247161343.00 ns, 12.9894 ns/op
WorkloadWarmup   5: 19027888 op, 238563335.00 ns, 12.5376 ns/op

// BeforeActualRun
WorkloadActual   1: 19027888 op, 239423933.00 ns, 12.5828 ns/op
WorkloadActual   2: 19027888 op, 237666078.00 ns, 12.4904 ns/op
WorkloadActual   3: 19027888 op, 236972622.00 ns, 12.4540 ns/op
WorkloadActual   4: 19027888 op, 238040677.00 ns, 12.5101 ns/op
WorkloadActual   5: 19027888 op, 237654846.00 ns, 12.4898 ns/op
WorkloadActual   6: 19027888 op, 240255958.00 ns, 12.6265 ns/op
WorkloadActual   7: 19027888 op, 240142288.00 ns, 12.6205 ns/op
WorkloadActual   8: 19027888 op, 237978903.00 ns, 12.5068 ns/op

// AfterActualRun
WorkloadResult   1: 19027888 op, 177170226.00 ns, 9.3111 ns/op
WorkloadResult   2: 19027888 op, 175412371.00 ns, 9.2187 ns/op
WorkloadResult   3: 19027888 op, 174718915.00 ns, 9.1823 ns/op
WorkloadResult   4: 19027888 op, 175786970.00 ns, 9.2384 ns/op
WorkloadResult   5: 19027888 op, 175401139.00 ns, 9.2181 ns/op
WorkloadResult   6: 19027888 op, 178002251.00 ns, 9.3548 ns/op
WorkloadResult   7: 19027888 op, 177888581.00 ns, 9.3488 ns/op
WorkloadResult   8: 19027888 op, 175725196.00 ns, 9.2351 ns/op
// GC:  63 0 0 1065561728 19027888
// Threading:  0 0 19027888

// AfterAll
// Benchmark Process 3979 has exited with code 0.

Mean = 9.263 ns, StdErr = 0.023 ns (0.25%), N = 8, StdDev = 0.065 ns
Min = 9.182 ns, Q1 = 9.219 ns, Median = 9.237 ns, Q3 = 9.321 ns, Max = 9.355 ns
IQR = 0.102 ns, LowerFence = 9.066 ns, UpperFence = 9.473 ns
ConfidenceInterval = [9.138 ns; 9.389 ns] (CI 99.9%), Margin = 0.125 ns (1.35% of Mean)
Skewness = 0.33, Kurtosis = 1.23, MValue = 2

// ** Remained 7 (18.4 %) benchmark(s) to run. Estimated finish 2026-08-27 14:09 (0h 0m from now) **
// **************************
// Benchmark: PrepareAndSimpleMap.Mapster: Quick(MaxRelativeError=0.05, Arguments=/p:MatrixMode=Benchmark, IterationTime=250ms, MaxIterationCount=12, MaxWarmupIterationCount=5, MinIterationCount=8, MinWarmupIterationCount=3)
// *** Execute ***
// Launch: 1 / 1
// Execute: dotnet Matrix.ObjectMapping-Quick-1.dll --anonymousPipes 125 126 --benchmarkName Matrix.ObjectMapping.Benchmarks.PrepareAndSimpleMap.Mapster --job Quick --benchmarkId 31 in /home/runner/work/dotnet-matrix/dotnet-matrix/src/Matrix.ObjectMapping/bin/Benchmark/Release/net10.0/Matrix.ObjectMapping-Quick-1/bin/Release/net10.0
// Failed to set up high priority (Permission denied). In order to run benchmarks with high priority, make sure you have the right permissions.
// BeforeAnythingElse

// Benchmark Process Environment Information:
// BenchmarkDotNet v0.15.8
// Runtime=.NET 10.0.11 (10.0.11, 10.0.1126.37416), X64 RyuJIT x86-64-v3
// GC=Concurrent Workstation
// HardwareIntrinsics=AVX2+BMI1+BMI2+F16C+FMA+LZCNT+MOVBE,AVX,SSE3+SSSE3+SSE4.1+SSE4.2+POPCNT,X86Base+SSE+SSE2,AES+PCLMUL VectorSize=256
// Job: Quick(MaxRelativeError=0.05, IterationTime=250ms, MaxIterationCount=12, MaxWarmupIterationCount=5, MinIterationCount=8, MinWarmupIterationCount=3)

OverheadJitting  1: 1 op, 251350.00 ns, 251.3500 us/op
WorkloadJitting  1: 1 op, 130416259.00 ns, 130.4163 ms/op

WorkloadPilot    1: 4 op, 100198749.00 ns, 25.0497 ms/op
WorkloadPilot    2: 10 op, 250354259.00 ns, 25.0354 ms/op

WorkloadWarmup   1: 10 op, 259826837.00 ns, 25.9827 ms/op
WorkloadWarmup   2: 10 op, 260872479.00 ns, 26.0872 ms/op
WorkloadWarmup   3: 10 op, 258016192.00 ns, 25.8016 ms/op
WorkloadWarmup   4: 10 op, 256097084.00 ns, 25.6097 ms/op
WorkloadWarmup   5: 10 op, 261737306.00 ns, 26.1737 ms/op

// BeforeActualRun
WorkloadActual   1: 10 op, 259210074.00 ns, 25.9210 ms/op
WorkloadActual   2: 10 op, 258210656.00 ns, 25.8211 ms/op
WorkloadActual   3: 10 op, 261563394.00 ns, 26.1563 ms/op
WorkloadActual   4: 10 op, 257500548.00 ns, 25.7501 ms/op
WorkloadActual   5: 10 op, 255041501.00 ns, 25.5042 ms/op
WorkloadActual   6: 10 op, 255980998.00 ns, 25.5981 ms/op
WorkloadActual   7: 10 op, 254801352.00 ns, 25.4801 ms/op
WorkloadActual   8: 10 op, 256128192.00 ns, 25.6128 ms/op

// AfterActualRun
WorkloadResult   1: 10 op, 259210074.00 ns, 25.9210 ms/op
WorkloadResult   2: 10 op, 258210656.00 ns, 25.8211 ms/op
WorkloadResult   3: 10 op, 261563394.00 ns, 26.1563 ms/op
WorkloadResult   4: 10 op, 257500548.00 ns, 25.7501 ms/op
WorkloadResult   5: 10 op, 255041501.00 ns, 25.5042 ms/op
WorkloadResult   6: 10 op, 255980998.00 ns, 25.5981 ms/op
WorkloadResult   7: 10 op, 254801352.00 ns, 25.4801 ms/op
WorkloadResult   8: 10 op, 256128192.00 ns, 25.6128 ms/op
// GC:  1 0 0 28896176 10
// Threading:  0 0 10

// AfterAll
// Benchmark Process 3991 has exited with code 0.

Mean = 25.730 ms, StdErr = 0.081 ms (0.32%), N = 8, StdDev = 0.230 ms
Min = 25.480 ms, Q1 = 25.575 ms, Median = 25.681 ms, Q3 = 25.846 ms, Max = 26.156 ms
IQR = 0.271 ms, LowerFence = 25.167 ms, UpperFence = 26.253 ms
ConfidenceInterval = [25.290 ms; 26.171 ms] (CI 99.9%), Margin = 0.440 ms (1.71% of Mean)
Skewness = 0.55, Kurtosis = 1.83, MValue = 2

// ** Remained 6 (15.8 %) benchmark(s) to run. Estimated finish 2026-08-27 14:09 (0h 0m from now) **
// ***** BenchmarkRunner: Finish  *****

// * Export *
  tmp/dotnet-matrix/ObjectMapping/20a3bacfa27b4f79b1dc7ff5c0db69bd/results/Matrix.ObjectMapping.Benchmarks.PrepareAndSimpleMap-report.csv
  tmp/dotnet-matrix/ObjectMapping/20a3bacfa27b4f79b1dc7ff5c0db69bd/results/Matrix.ObjectMapping.Benchmarks.PrepareAndSimpleMap-report-github.md
  tmp/dotnet-matrix/ObjectMapping/20a3bacfa27b4f79b1dc7ff5c0db69bd/results/Matrix.ObjectMapping.Benchmarks.PrepareAndSimpleMap-report.html
  tmp/dotnet-matrix/ObjectMapping/20a3bacfa27b4f79b1dc7ff5c0db69bd/results/Matrix.ObjectMapping.Benchmarks.PrepareAndSimpleMap-report-full.json

// * Detailed results *
PrepareAndSimpleMap.Mapperly: Quick(MaxRelativeError=0.05, Arguments=/p:MatrixMode=Benchmark, IterationTime=250ms, MaxIterationCount=12, MaxWarmupIterationCount=5, MinIterationCount=8, MinWarmupIterationCount=3)
Runtime = .NET 10.0.11 (10.0.11, 10.0.1126.37416), X64 RyuJIT x86-64-v3; GC = Concurrent Workstation
Mean = 9.263 ns, StdErr = 0.023 ns (0.25%), N = 8, StdDev = 0.065 ns
Min = 9.182 ns, Q1 = 9.219 ns, Median = 9.237 ns, Q3 = 9.321 ns, Max = 9.355 ns
IQR = 0.102 ns, LowerFence = 9.066 ns, UpperFence = 9.473 ns
ConfidenceInterval = [9.138 ns; 9.389 ns] (CI 99.9%), Margin = 0.125 ns (1.35% of Mean)
Skewness = 0.33, Kurtosis = 1.23, MValue = 2
-------------------- Histogram --------------------
[9.139 ns ; 9.398 ns) | @@@@@@@@
---------------------------------------------------

PrepareAndSimpleMap.HandCoded: Quick(MaxRelativeError=0.05, Arguments=/p:MatrixMode=Benchmark, IterationTime=250ms, MaxIterationCount=12, MaxWarmupIterationCount=5, MinIterationCount=8, MinWarmupIterationCount=3)
Runtime = .NET 10.0.11 (10.0.11, 10.0.1126.37416), X64 RyuJIT x86-64-v3; GC = Concurrent Workstation
Mean = 9.976 ns, StdErr = 0.031 ns (0.31%), N = 7, StdDev = 0.082 ns
Min = 9.842 ns, Q1 = 9.927 ns, Median = 10.007 ns, Q3 = 10.024 ns, Max = 10.080 ns
IQR = 0.097 ns, LowerFence = 9.782 ns, UpperFence = 10.169 ns
ConfidenceInterval = [9.790 ns; 10.161 ns] (CI 99.9%), Margin = 0.186 ns (1.86% of Mean)
Skewness = -0.37, Kurtosis = 1.51, MValue = 2
-------------------- Histogram --------------------
[9.785 ns ; 10.136 ns) | @@@@@@@
---------------------------------------------------

PrepareAndSimpleMap.AutoMapper: Quick(MaxRelativeError=0.05, Arguments=/p:MatrixMode=Benchmark, IterationTime=250ms, MaxIterationCount=12, MaxWarmupIterationCount=5, MinIterationCount=8, MinWarmupIterationCount=3)
Runtime = .NET 10.0.11 (10.0.11, 10.0.1126.37416), X64 RyuJIT x86-64-v3; GC = Concurrent Workstation
Mean = 14.407 ms, StdErr = 0.078 ms (0.54%), N = 8, StdDev = 0.222 ms
Min = 14.068 ms, Q1 = 14.287 ms, Median = 14.426 ms, Q3 = 14.576 ms, Max = 14.663 ms
IQR = 0.290 ms, LowerFence = 13.852 ms, UpperFence = 15.011 ms
ConfidenceInterval = [13.983 ms; 14.830 ms] (CI 99.9%), Margin = 0.424 ms (2.94% of Mean)
Skewness = -0.28, Kurtosis = 1.33, MValue = 2
-------------------- Histogram --------------------
[14.061 ms ; 14.730 ms) | @@@@@@@@
---------------------------------------------------

PrepareAndSimpleMap.Mapster: Quick(MaxRelativeError=0.05, Arguments=/p:MatrixMode=Benchmark, IterationTime=250ms, MaxIterationCount=12, MaxWarmupIterationCount=5, MinIterationCount=8, MinWarmupIterationCount=3)
Runtime = .NET 10.0.11 (10.0.11, 10.0.1126.37416), X64 RyuJIT x86-64-v3; GC = Concurrent Workstation
Mean = 25.730 ms, StdErr = 0.081 ms (0.32%), N = 8, StdDev = 0.230 ms
Min = 25.480 ms, Q1 = 25.575 ms, Median = 25.681 ms, Q3 = 25.846 ms, Max = 26.156 ms
IQR = 0.271 ms, LowerFence = 25.167 ms, UpperFence = 26.253 ms
ConfidenceInterval = [25.290 ms; 26.171 ms] (CI 99.9%), Margin = 0.440 ms (1.71% of Mean)
Skewness = 0.55, Kurtosis = 1.83, MValue = 2
-------------------- Histogram --------------------
[25.329 ms ; 26.308 ms) | @@@@@@@@
---------------------------------------------------

// * Summary *

BenchmarkDotNet v0.15.8, Linux Ubuntu 24.04.4 LTS (Noble Numbat)
AMD EPYC 7763 2.45GHz, 1 CPU, 4 logical and 2 physical cores
.NET SDK 10.0.400
  [Host] : .NET 10.0.11 (10.0.11, 10.0.1126.37416), X64 RyuJIT x86-64-v3
  Quick  : .NET 10.0.11 (10.0.11, 10.0.1126.37416), X64 RyuJIT x86-64-v3

Job=Quick  MaxRelativeError=0.05  Arguments=/p:MatrixMode=Benchmark  
IterationTime=250ms  MaxIterationCount=12  MaxWarmupIterationCount=5  
MinIterationCount=8  MinWarmupIterationCount=3  

| Method     | Mean              | Error           | StdDev          | Ratio        | RatioSD   | Gen0     | Allocated | Alloc Ratio |
|----------- |------------------:|----------------:|----------------:|-------------:|----------:|---------:|----------:|------------:|
| Mapperly   |          9.263 ns |       0.1251 ns |       0.0655 ns |         0.93 |      0.01 |   0.0033 |      56 B |        1.00 |
| HandCoded  |          9.976 ns |       0.1855 ns |       0.0824 ns |         1.00 |      0.01 |   0.0033 |      56 B |        1.00 |
| AutoMapper | 14,406,622.062 ns | 423,773.0102 ns | 221,641.4785 ns | 1,444,235.20 | 23,767.62 |        - |  674701 B |   12,048.23 |
| Mapster    | 25,730,458.938 ns | 440,473.4672 ns | 230,376.1405 ns | 2,579,427.32 | 29,564.75 | 100.0000 | 2889618 B |   51,600.32 |

// * Hints *
Outliers
  PrepareAndSimpleMap.HandCoded: Quick -> 1 outlier  was  removed (13.78 ns)

// * Legends *
  Mean        : Arithmetic mean of all measurements
  Error       : Half of 99.9% confidence interval
  StdDev      : Standard deviation of all measurements
  Ratio       : Mean of the ratio distribution ([Current]/[Baseline])
  RatioSD     : Standard deviation of the ratio distribution ([Current]/[Baseline])
  Gen0        : GC Generation 0 collects per 1000 operations
  Allocated   : Allocated memory per single operation (managed only, inclusive, 1KB = 1024B)
  Alloc Ratio : Allocated memory ratio distribution ([Current]/[Baseline])
  1 ns        : 1 Nanosecond (0.000000001 sec)

// * Diagnostic Output - MemoryDiagnoser *


// ***** BenchmarkRunner: End *****
Run time: 00:00:22 (22.35 sec), executed benchmarks: 4

// Found 2 benchmarks:
//   PrepareConfiguration.AutoMapper: Quick(MaxRelativeError=0.05, Arguments=/p:MatrixMode=Benchmark, IterationTime=250ms, MaxIterationCount=12, MaxWarmupIterationCount=5, MinIterationCount=8, MinWarmupIterationCount=3)
//   PrepareConfiguration.Mapster: Quick(MaxRelativeError=0.05, Arguments=/p:MatrixMode=Benchmark, IterationTime=250ms, MaxIterationCount=12, MaxWarmupIterationCount=5, MinIterationCount=8, MinWarmupIterationCount=3)

// **************************
// Benchmark: PrepareConfiguration.AutoMapper: Quick(MaxRelativeError=0.05, Arguments=/p:MatrixMode=Benchmark, IterationTime=250ms, MaxIterationCount=12, MaxWarmupIterationCount=5, MinIterationCount=8, MinWarmupIterationCount=3)
// *** Execute ***
// Launch: 1 / 1
// Execute: dotnet Matrix.ObjectMapping-Quick-1.dll --anonymousPipes 125 126 --benchmarkName Matrix.ObjectMapping.Benchmarks.PrepareConfiguration.AutoMapper --job Quick --benchmarkId 32 in /home/runner/work/dotnet-matrix/dotnet-matrix/src/Matrix.ObjectMapping/bin/Benchmark/Release/net10.0/Matrix.ObjectMapping-Quick-1/bin/Release/net10.0
// Failed to set up high priority (Permission denied). In order to run benchmarks with high priority, make sure you have the right permissions.
// BeforeAnythingElse

// Benchmark Process Environment Information:
// BenchmarkDotNet v0.15.8
// Runtime=.NET 10.0.11 (10.0.11, 10.0.1126.37416), X64 RyuJIT x86-64-v3
// GC=Concurrent Workstation
// HardwareIntrinsics=AVX2+BMI1+BMI2+F16C+FMA+LZCNT+MOVBE,AVX,SSE3+SSSE3+SSE4.1+SSE4.2+POPCNT,X86Base+SSE+SSE2,AES+PCLMUL VectorSize=256
// Job: Quick(MaxRelativeError=0.05, IterationTime=250ms, MaxIterationCount=12, MaxWarmupIterationCount=5, MinIterationCount=8, MinWarmupIterationCount=3)

OverheadJitting  1: 1 op, 261889.00 ns, 261.8890 us/op
WorkloadJitting  1: 1 op, 120099001.00 ns, 120.0990 ms/op

WorkloadPilot    1: 4 op, 52771465.00 ns, 13.1929 ms/op
WorkloadPilot    2: 19 op, 267779505.00 ns, 14.0937 ms/op

WorkloadWarmup   1: 19 op, 264517797.00 ns, 13.9220 ms/op
WorkloadWarmup   2: 19 op, 260590936.00 ns, 13.7153 ms/op
WorkloadWarmup   3: 19 op, 257835364.00 ns, 13.5703 ms/op
WorkloadWarmup   4: 19 op, 253851908.00 ns, 13.3606 ms/op
WorkloadWarmup   5: 19 op, 250081218.00 ns, 13.1622 ms/op

// BeforeActualRun
WorkloadActual   1: 19 op, 249429610.00 ns, 13.1279 ms/op
WorkloadActual   2: 19 op, 241154991.00 ns, 12.6924 ms/op
WorkloadActual   3: 19 op, 244942762.00 ns, 12.8917 ms/op
WorkloadActual   4: 19 op, 248276204.00 ns, 13.0672 ms/op
WorkloadActual   5: 19 op, 251180218.00 ns, 13.2200 ms/op
WorkloadActual   6: 19 op, 259848141.00 ns, 13.6762 ms/op
WorkloadActual   7: 19 op, 247255420.00 ns, 13.0134 ms/op
WorkloadActual   8: 19 op, 245482481.00 ns, 12.9201 ms/op

// AfterActualRun
WorkloadResult   1: 19 op, 249429610.00 ns, 13.1279 ms/op
WorkloadResult   2: 19 op, 241154991.00 ns, 12.6924 ms/op
WorkloadResult   3: 19 op, 244942762.00 ns, 12.8917 ms/op
WorkloadResult   4: 19 op, 248276204.00 ns, 13.0672 ms/op
WorkloadResult   5: 19 op, 251180218.00 ns, 13.2200 ms/op
WorkloadResult   6: 19 op, 247255420.00 ns, 13.0134 ms/op
WorkloadResult   7: 19 op, 245482481.00 ns, 12.9201 ms/op
// GC:  0 0 0 12185024 19
// Threading:  0 0 19

// AfterAll
// Benchmark Process 4003 has exited with code 0.

Mean = 12.990 ms, StdErr = 0.066 ms (0.51%), N = 7, StdDev = 0.174 ms
Min = 12.692 ms, Q1 = 12.906 ms, Median = 13.013 ms, Q3 = 13.098 ms, Max = 13.220 ms
IQR = 0.192 ms, LowerFence = 12.619 ms, UpperFence = 13.385 ms
ConfidenceInterval = [12.599 ms; 13.382 ms] (CI 99.9%), Margin = 0.392 ms (3.02% of Mean)
Skewness = -0.34, Kurtosis = 1.74, MValue = 2

// ** Remained 5 (13.2 %) benchmark(s) to run. Estimated finish 2026-08-27 14:08 (0h 0m from now) **
// **************************
// Benchmark: PrepareConfiguration.Mapster: Quick(MaxRelativeError=0.05, Arguments=/p:MatrixMode=Benchmark, IterationTime=250ms, MaxIterationCount=12, MaxWarmupIterationCount=5, MinIterationCount=8, MinWarmupIterationCount=3)
// *** Execute ***
// Launch: 1 / 1
// Execute: dotnet Matrix.ObjectMapping-Quick-1.dll --anonymousPipes 125 126 --benchmarkName Matrix.ObjectMapping.Benchmarks.PrepareConfiguration.Mapster --job Quick --benchmarkId 33 in /home/runner/work/dotnet-matrix/dotnet-matrix/src/Matrix.ObjectMapping/bin/Benchmark/Release/net10.0/Matrix.ObjectMapping-Quick-1/bin/Release/net10.0
// Failed to set up high priority (Permission denied). In order to run benchmarks with high priority, make sure you have the right permissions.
// BeforeAnythingElse

// Benchmark Process Environment Information:
// BenchmarkDotNet v0.15.8
// Runtime=.NET 10.0.11 (10.0.11, 10.0.1126.37416), X64 RyuJIT x86-64-v3
// GC=Concurrent Workstation
// HardwareIntrinsics=AVX2+BMI1+BMI2+F16C+FMA+LZCNT+MOVBE,AVX,SSE3+SSSE3+SSE4.1+SSE4.2+POPCNT,X86Base+SSE+SSE2,AES+PCLMUL VectorSize=256
// Job: Quick(MaxRelativeError=0.05, IterationTime=250ms, MaxIterationCount=12, MaxWarmupIterationCount=5, MinIterationCount=8, MinWarmupIterationCount=3)

OverheadJitting  1: 1 op, 228999.00 ns, 228.9990 us/op
WorkloadJitting  1: 1 op, 126680424.00 ns, 126.6804 ms/op

WorkloadPilot    1: 4 op, 92937544.00 ns, 23.2344 ms/op
WorkloadPilot    2: 11 op, 266674299.00 ns, 24.2431 ms/op

WorkloadWarmup   1: 11 op, 280445344.00 ns, 25.4950 ms/op
WorkloadWarmup   2: 11 op, 271098687.00 ns, 24.6453 ms/op
WorkloadWarmup   3: 11 op, 267781865.00 ns, 24.3438 ms/op
WorkloadWarmup   4: 11 op, 273252976.00 ns, 24.8412 ms/op
WorkloadWarmup   5: 11 op, 270456416.00 ns, 24.5869 ms/op

// BeforeActualRun
WorkloadActual   1: 11 op, 273847704.00 ns, 24.8952 ms/op
WorkloadActual   2: 11 op, 269212502.00 ns, 24.4739 ms/op
WorkloadActual   3: 11 op, 272525062.00 ns, 24.7750 ms/op
WorkloadActual   4: 11 op, 265186408.00 ns, 24.1079 ms/op
WorkloadActual   5: 11 op, 265481990.00 ns, 24.1347 ms/op
WorkloadActual   6: 11 op, 265999006.00 ns, 24.1817 ms/op
WorkloadActual   7: 11 op, 266778033.00 ns, 24.2525 ms/op
WorkloadActual   8: 11 op, 265905812.00 ns, 24.1733 ms/op

// AfterActualRun
WorkloadResult   1: 11 op, 273847704.00 ns, 24.8952 ms/op
WorkloadResult   2: 11 op, 269212502.00 ns, 24.4739 ms/op
WorkloadResult   3: 11 op, 272525062.00 ns, 24.7750 ms/op
WorkloadResult   4: 11 op, 265186408.00 ns, 24.1079 ms/op
WorkloadResult   5: 11 op, 265481990.00 ns, 24.1347 ms/op
WorkloadResult   6: 11 op, 265999006.00 ns, 24.1817 ms/op
WorkloadResult   7: 11 op, 266778033.00 ns, 24.2525 ms/op
WorkloadResult   8: 11 op, 265905812.00 ns, 24.1733 ms/op
// GC:  1 0 0 29979000 11
// Threading:  0 0 11

// AfterAll
// Benchmark Process 4300 has exited with code 0.

Mean = 24.374 ms, StdErr = 0.109 ms (0.45%), N = 8, StdDev = 0.308 ms
Min = 24.108 ms, Q1 = 24.164 ms, Median = 24.217 ms, Q3 = 24.549 ms, Max = 24.895 ms
IQR = 0.386 ms, LowerFence = 23.585 ms, UpperFence = 25.127 ms
ConfidenceInterval = [23.786 ms; 24.963 ms] (CI 99.9%), Margin = 0.588 ms (2.41% of Mean)
Skewness = 0.67, Kurtosis = 1.55, MValue = 2

// ** Remained 4 (10.5 %) benchmark(s) to run. Estimated finish 2026-08-27 14:08 (0h 0m from now) **
// ***** BenchmarkRunner: Finish  *****

// * Export *
  tmp/dotnet-matrix/ObjectMapping/20a3bacfa27b4f79b1dc7ff5c0db69bd/results/Matrix.ObjectMapping.Benchmarks.PrepareConfiguration-report.csv
  tmp/dotnet-matrix/ObjectMapping/20a3bacfa27b4f79b1dc7ff5c0db69bd/results/Matrix.ObjectMapping.Benchmarks.PrepareConfiguration-report-github.md
  tmp/dotnet-matrix/ObjectMapping/20a3bacfa27b4f79b1dc7ff5c0db69bd/results/Matrix.ObjectMapping.Benchmarks.PrepareConfiguration-report.html
  tmp/dotnet-matrix/ObjectMapping/20a3bacfa27b4f79b1dc7ff5c0db69bd/results/Matrix.ObjectMapping.Benchmarks.PrepareConfiguration-report-full.json

// * Detailed results *
PrepareConfiguration.AutoMapper: Quick(MaxRelativeError=0.05, Arguments=/p:MatrixMode=Benchmark, IterationTime=250ms, MaxIterationCount=12, MaxWarmupIterationCount=5, MinIterationCount=8, MinWarmupIterationCount=3)
Runtime = .NET 10.0.11 (10.0.11, 10.0.1126.37416), X64 RyuJIT x86-64-v3; GC = Concurrent Workstation
Mean = 12.990 ms, StdErr = 0.066 ms (0.51%), N = 7, StdDev = 0.174 ms
Min = 12.692 ms, Q1 = 12.906 ms, Median = 13.013 ms, Q3 = 13.098 ms, Max = 13.220 ms
IQR = 0.192 ms, LowerFence = 12.619 ms, UpperFence = 13.385 ms
ConfidenceInterval = [12.599 ms; 13.382 ms] (CI 99.9%), Margin = 0.392 ms (3.02% of Mean)
Skewness = -0.34, Kurtosis = 1.74, MValue = 2
-------------------- Histogram --------------------
[12.573 ms ; 12.880 ms) | @
[12.880 ms ; 13.339 ms) | @@@@@@
---------------------------------------------------

PrepareConfiguration.Mapster: Quick(MaxRelativeError=0.05, Arguments=/p:MatrixMode=Benchmark, IterationTime=250ms, MaxIterationCount=12, MaxWarmupIterationCount=5, MinIterationCount=8, MinWarmupIterationCount=3)
Runtime = .NET 10.0.11 (10.0.11, 10.0.1126.37416), X64 RyuJIT x86-64-v3; GC = Concurrent Workstation
Mean = 24.374 ms, StdErr = 0.109 ms (0.45%), N = 8, StdDev = 0.308 ms
Min = 24.108 ms, Q1 = 24.164 ms, Median = 24.217 ms, Q3 = 24.549 ms, Max = 24.895 ms
IQR = 0.386 ms, LowerFence = 23.585 ms, UpperFence = 25.127 ms
ConfidenceInterval = [23.786 ms; 24.963 ms] (CI 99.9%), Margin = 0.588 ms (2.41% of Mean)
Skewness = 0.67, Kurtosis = 1.55, MValue = 2
-------------------- Histogram --------------------
[24.048 ms ; 24.587 ms) | @@@@@@
[24.587 ms ; 25.097 ms) | @@
---------------------------------------------------

// * Summary *

BenchmarkDotNet v0.15.8, Linux Ubuntu 24.04.4 LTS (Noble Numbat)
AMD EPYC 7763 2.45GHz, 1 CPU, 4 logical and 2 physical cores
.NET SDK 10.0.400
  [Host] : .NET 10.0.11 (10.0.11, 10.0.1126.37416), X64 RyuJIT x86-64-v3
  Quick  : .NET 10.0.11 (10.0.11, 10.0.1126.37416), X64 RyuJIT x86-64-v3

Job=Quick  MaxRelativeError=0.05  Arguments=/p:MatrixMode=Benchmark  
IterationTime=250ms  MaxIterationCount=12  MaxWarmupIterationCount=5  
MinIterationCount=8  MinWarmupIterationCount=3  

| Method     | Mean     | Error    | StdDev   | Gen0    | Allocated  |
|----------- |---------:|---------:|---------:|--------:|-----------:|
| AutoMapper | 12.99 ms | 0.392 ms | 0.174 ms |       - |  626.29 KB |
| Mapster    | 24.37 ms | 0.588 ms | 0.308 ms | 90.9091 | 2661.49 KB |

// * Hints *
Outliers
  PrepareConfiguration.AutoMapper: Quick -> 1 outlier  was  removed (13.68 ms)

// * Legends *
  Mean      : Arithmetic mean of all measurements
  Error     : Half of 99.9% confidence interval
  StdDev    : Standard deviation of all measurements
  Gen0      : GC Generation 0 collects per 1000 operations
  Allocated : Allocated memory per single operation (managed only, inclusive, 1KB = 1024B)
  1 ms      : 1 Millisecond (0.001 sec)

// * Diagnostic Output - MemoryDiagnoser *


// ***** BenchmarkRunner: End *****
Run time: 00:00:08 (8.72 sec), executed benchmarks: 2

// Found 4 benchmarks:
//   SimpleObject.AutoMapper: Quick(MaxRelativeError=0.05, Arguments=/p:MatrixMode=Benchmark, IterationTime=250ms, MaxIterationCount=12, MaxWarmupIterationCount=5, MinIterationCount=8, MinWarmupIterationCount=3)
//   SimpleObject.HandCoded: Quick(MaxRelativeError=0.05, Arguments=/p:MatrixMode=Benchmark, IterationTime=250ms, MaxIterationCount=12, MaxWarmupIterationCount=5, MinIterationCount=8, MinWarmupIterationCount=3)
//   SimpleObject.Mapperly: Quick(MaxRelativeError=0.05, Arguments=/p:MatrixMode=Benchmark, IterationTime=250ms, MaxIterationCount=12, MaxWarmupIterationCount=5, MinIterationCount=8, MinWarmupIterationCount=3)
//   SimpleObject.Mapster: Quick(MaxRelativeError=0.05, Arguments=/p:MatrixMode=Benchmark, IterationTime=250ms, MaxIterationCount=12, MaxWarmupIterationCount=5, MinIterationCount=8, MinWarmupIterationCount=3)

// **************************
// Benchmark: SimpleObject.AutoMapper: Quick(MaxRelativeError=0.05, Arguments=/p:MatrixMode=Benchmark, IterationTime=250ms, MaxIterationCount=12, MaxWarmupIterationCount=5, MinIterationCount=8, MinWarmupIterationCount=3)
// *** Execute ***
// Launch: 1 / 1
// Execute: dotnet Matrix.ObjectMapping-Quick-1.dll --anonymousPipes 125 126 --benchmarkName Matrix.ObjectMapping.Benchmarks.SimpleObject.AutoMapper --job Quick --benchmarkId 34 in /home/runner/work/dotnet-matrix/dotnet-matrix/src/Matrix.ObjectMapping/bin/Benchmark/Release/net10.0/Matrix.ObjectMapping-Quick-1/bin/Release/net10.0
// Failed to set up high priority (Permission denied). In order to run benchmarks with high priority, make sure you have the right permissions.
// BeforeAnythingElse

// Benchmark Process Environment Information:
// BenchmarkDotNet v0.15.8
// Runtime=.NET 10.0.11 (10.0.11, 10.0.1126.37416), X64 RyuJIT x86-64-v3
// GC=Concurrent Workstation
// HardwareIntrinsics=AVX2+BMI1+BMI2+F16C+FMA+LZCNT+MOVBE,AVX,SSE3+SSSE3+SSE4.1+SSE4.2+POPCNT,X86Base+SSE+SSE2,AES+PCLMUL VectorSize=256
// Job: Quick(MaxRelativeError=0.05, IterationTime=250ms, MaxIterationCount=12, MaxWarmupIterationCount=5, MinIterationCount=8, MinWarmupIterationCount=3)

OverheadJitting  1: 1 op, 251490.00 ns, 251.4900 us/op
WorkloadJitting  1: 1 op, 1586224.00 ns, 1.5862 ms/op

OverheadJitting  2: 16 op, 495756.00 ns, 30.9848 us/op
WorkloadJitting  2: 16 op, 770981.00 ns, 48.1863 us/op

WorkloadPilot    1: 16 op, 10991.00 ns, 686.9375 ns/op
WorkloadPilot    2: 363936 op, 136328895.00 ns, 374.5958 ns/op
WorkloadPilot    3: 667392 op, 82257666.00 ns, 123.2524 ns/op
WorkloadPilot    4: 2028368 op, 157628160.00 ns, 77.7118 ns/op
WorkloadPilot    5: 3217024 op, 250931939.00 ns, 78.0013 ns/op
WorkloadPilot    6: 3205088 op, 250579550.00 ns, 78.1818 ns/op
WorkloadPilot    7: 3197680 op, 248915981.00 ns, 77.8427 ns/op
WorkloadPilot    8: 3211616 op, 248584061.00 ns, 77.4016 ns/op
WorkloadPilot    9: 3229920 op, 250249493.00 ns, 77.4785 ns/op

OverheadWarmup   1: 3229920 op, 12558299.00 ns, 3.8881 ns/op
OverheadWarmup   2: 3229920 op, 12587845.00 ns, 3.8973 ns/op
OverheadWarmup   3: 3229920 op, 12560994.00 ns, 3.8889 ns/op
OverheadWarmup   4: 3229920 op, 12571323.00 ns, 3.8921 ns/op
OverheadWarmup   5: 3229920 op, 12550606.00 ns, 3.8857 ns/op

OverheadActual   1: 3229920 op, 12650772.00 ns, 3.9167 ns/op
OverheadActual   2: 3229920 op, 12697219.00 ns, 3.9311 ns/op
OverheadActual   3: 3229920 op, 12582645.00 ns, 3.8957 ns/op
OverheadActual   4: 3229920 op, 12611389.00 ns, 3.9046 ns/op
OverheadActual   5: 3229920 op, 12585771.00 ns, 3.8966 ns/op
OverheadActual   6: 3229920 op, 12576884.00 ns, 3.8939 ns/op
OverheadActual   7: 3229920 op, 13351111.00 ns, 4.1336 ns/op
OverheadActual   8: 3229920 op, 12670930.00 ns, 3.9230 ns/op

WorkloadWarmup   1: 3229920 op, 258441913.00 ns, 80.0150 ns/op
WorkloadWarmup   2: 3229920 op, 252803406.00 ns, 78.2692 ns/op
WorkloadWarmup   3: 3229920 op, 249660380.00 ns, 77.2961 ns/op
WorkloadWarmup   4: 3229920 op, 249475824.00 ns, 77.2390 ns/op
WorkloadWarmup   5: 3229920 op, 250094945.00 ns, 77.4307 ns/op

// BeforeActualRun
WorkloadActual   1: 3229920 op, 253059286.00 ns, 78.3485 ns/op
WorkloadActual   2: 3229920 op, 250468857.00 ns, 77.5465 ns/op
WorkloadActual   3: 3229920 op, 250827048.00 ns, 77.6574 ns/op
WorkloadActual   4: 3229920 op, 252103403.00 ns, 78.0525 ns/op
WorkloadActual   5: 3229920 op, 250792254.00 ns, 77.6466 ns/op
WorkloadActual   6: 3229920 op, 252056475.00 ns, 78.0380 ns/op
WorkloadActual   7: 3229920 op, 251312439.00 ns, 77.8076 ns/op
WorkloadActual   8: 3229920 op, 251647658.00 ns, 77.9114 ns/op

// AfterActualRun
WorkloadResult   1: 3229920 op, 240428205.50 ns, 74.4378 ns/op
WorkloadResult   2: 3229920 op, 237837776.50 ns, 73.6358 ns/op
WorkloadResult   3: 3229920 op, 238195967.50 ns, 73.7467 ns/op
WorkloadResult   4: 3229920 op, 239472322.50 ns, 74.1419 ns/op
WorkloadResult   5: 3229920 op, 238161173.50 ns, 73.7359 ns/op
WorkloadResult   6: 3229920 op, 239425394.50 ns, 74.1273 ns/op
WorkloadResult   7: 3229920 op, 238681358.50 ns, 73.8970 ns/op
WorkloadResult   8: 3229920 op, 239016577.50 ns, 74.0008 ns/op
// GC:  10 0 0 180875520 3229920
// Threading:  0 0 3229920

// AfterAll
// Benchmark Process 4312 has exited with code 0.

Mean = 73.965 ns, StdErr = 0.094 ns (0.13%), N = 8, StdDev = 0.266 ns
Min = 73.636 ns, Q1 = 73.744 ns, Median = 73.949 ns, Q3 = 74.131 ns, Max = 74.438 ns
IQR = 0.387 ns, LowerFence = 73.164 ns, UpperFence = 74.711 ns
ConfidenceInterval = [73.457 ns; 74.474 ns] (CI 99.9%), Margin = 0.509 ns (0.69% of Mean)
Skewness = 0.38, Kurtosis = 1.7, MValue = 2

// ** Remained 3 (7.9 %) benchmark(s) to run. Estimated finish 2026-08-27 14:08 (0h 0m from now) **
// **************************
// Benchmark: SimpleObject.HandCoded: Quick(MaxRelativeError=0.05, Arguments=/p:MatrixMode=Benchmark, IterationTime=250ms, MaxIterationCount=12, MaxWarmupIterationCount=5, MinIterationCount=8, MinWarmupIterationCount=3)
// *** Execute ***
// Launch: 1 / 1
// Execute: dotnet Matrix.ObjectMapping-Quick-1.dll --anonymousPipes 125 126 --benchmarkName Matrix.ObjectMapping.Benchmarks.SimpleObject.HandCoded --job Quick --benchmarkId 35 in /home/runner/work/dotnet-matrix/dotnet-matrix/src/Matrix.ObjectMapping/bin/Benchmark/Release/net10.0/Matrix.ObjectMapping-Quick-1/bin/Release/net10.0
// Failed to set up high priority (Permission denied). In order to run benchmarks with high priority, make sure you have the right permissions.
// BeforeAnythingElse

// Benchmark Process Environment Information:
// BenchmarkDotNet v0.15.8
// Runtime=.NET 10.0.11 (10.0.11, 10.0.1126.37416), X64 RyuJIT x86-64-v3
// GC=Concurrent Workstation
// HardwareIntrinsics=AVX2+BMI1+BMI2+F16C+FMA+LZCNT+MOVBE,AVX,SSE3+SSSE3+SSE4.1+SSE4.2+POPCNT,X86Base+SSE+SSE2,AES+PCLMUL VectorSize=256
// Job: Quick(MaxRelativeError=0.05, IterationTime=250ms, MaxIterationCount=12, MaxWarmupIterationCount=5, MinIterationCount=8, MinWarmupIterationCount=3)

OverheadJitting  1: 1 op, 225852.00 ns, 225.8520 us/op
WorkloadJitting  1: 1 op, 450342.00 ns, 450.3420 us/op

OverheadJitting  2: 16 op, 509923.00 ns, 31.8702 us/op
WorkloadJitting  2: 16 op, 503511.00 ns, 31.4694 us/op

WorkloadPilot    1: 16 op, 14667.00 ns, 916.6875 ns/op
WorkloadPilot    2: 272736 op, 17810871.00 ns, 65.3044 ns/op
WorkloadPilot    3: 3828224 op, 144333780.00 ns, 37.7025 ns/op
WorkloadPilot    4: 6630864 op, 105339249.00 ns, 15.8862 ns/op
WorkloadPilot    5: 15736928 op, 199628625.00 ns, 12.6854 ns/op
WorkloadPilot    6: 19707760 op, 241105399.00 ns, 12.2340 ns/op
WorkloadPilot    7: 20434800 op, 251752268.00 ns, 12.3198 ns/op
WorkloadPilot    8: 20292576 op, 250285366.00 ns, 12.3338 ns/op
WorkloadPilot    9: 20269440 op, 252770502.00 ns, 12.4705 ns/op

OverheadWarmup   1: 20269440 op, 85202712.00 ns, 4.2035 ns/op
OverheadWarmup   2: 20269440 op, 85238559.00 ns, 4.2053 ns/op
OverheadWarmup   3: 20269440 op, 89521424.00 ns, 4.4166 ns/op
OverheadWarmup   4: 20269440 op, 66303237.00 ns, 3.2711 ns/op
OverheadWarmup   5: 20269440 op, 66306924.00 ns, 3.2713 ns/op
OverheadWarmup   6: 20269440 op, 66569144.00 ns, 3.2842 ns/op
OverheadWarmup   7: 20269440 op, 67337440.00 ns, 3.3221 ns/op
OverheadWarmup   8: 20269440 op, 66250839.00 ns, 3.2685 ns/op

OverheadActual   1: 20269440 op, 66286225.00 ns, 3.2703 ns/op
OverheadActual   2: 20269440 op, 66414094.00 ns, 3.2766 ns/op
OverheadActual   3: 20269440 op, 66308036.00 ns, 3.2713 ns/op
OverheadActual   4: 20269440 op, 66342620.00 ns, 3.2730 ns/op
OverheadActual   5: 20269440 op, 66919288.00 ns, 3.3015 ns/op
OverheadActual   6: 20269440 op, 72577013.00 ns, 3.5806 ns/op
OverheadActual   7: 20269440 op, 72841568.00 ns, 3.5937 ns/op
OverheadActual   8: 20269440 op, 66301023.00 ns, 3.2710 ns/op
OverheadActual   9: 20269440 op, 66244798.00 ns, 3.2682 ns/op

WorkloadWarmup   1: 20269440 op, 257508027.00 ns, 12.7042 ns/op
WorkloadWarmup   2: 20269440 op, 252280345.00 ns, 12.4463 ns/op
WorkloadWarmup   3: 20269440 op, 249850344.00 ns, 12.3265 ns/op
WorkloadWarmup   4: 20269440 op, 247003212.00 ns, 12.1860 ns/op
WorkloadWarmup   5: 20269440 op, 248350921.00 ns, 12.2525 ns/op

// BeforeActualRun
WorkloadActual   1: 20269440 op, 249943778.00 ns, 12.3311 ns/op
WorkloadActual   2: 20269440 op, 256168111.00 ns, 12.6381 ns/op
WorkloadActual   3: 20269440 op, 253487747.00 ns, 12.5059 ns/op
WorkloadActual   4: 20269440 op, 252449115.00 ns, 12.4547 ns/op
WorkloadActual   5: 20269440 op, 252646042.00 ns, 12.4644 ns/op
WorkloadActual   6: 20269440 op, 259309733.00 ns, 12.7931 ns/op
WorkloadActual   7: 20269440 op, 252432453.00 ns, 12.4538 ns/op
WorkloadActual   8: 20269440 op, 252009792.00 ns, 12.4330 ns/op

// AfterActualRun
WorkloadResult   1: 20269440 op, 183601158.00 ns, 9.0580 ns/op
WorkloadResult   2: 20269440 op, 189825491.00 ns, 9.3651 ns/op
WorkloadResult   3: 20269440 op, 187145127.00 ns, 9.2329 ns/op
WorkloadResult   4: 20269440 op, 186106495.00 ns, 9.1816 ns/op
WorkloadResult   5: 20269440 op, 186303422.00 ns, 9.1913 ns/op
WorkloadResult   6: 20269440 op, 186089833.00 ns, 9.1808 ns/op
WorkloadResult   7: 20269440 op, 185667172.00 ns, 9.1600 ns/op
// GC:  67 0 0 1135088640 20269440
// Threading:  0 0 20269440

// AfterAll
// Benchmark Process 4320 has exited with code 0.

Mean = 9.196 ns, StdErr = 0.035 ns (0.38%), N = 7, StdDev = 0.092 ns
Min = 9.058 ns, Q1 = 9.170 ns, Median = 9.182 ns, Q3 = 9.212 ns, Max = 9.365 ns
IQR = 0.042 ns, LowerFence = 9.108 ns, UpperFence = 9.275 ns
ConfidenceInterval = [8.989 ns; 9.403 ns] (CI 99.9%), Margin = 0.207 ns (2.25% of Mean)
Skewness = 0.41, Kurtosis = 2.37, MValue = 2

// ** Remained 2 (5.3 %) benchmark(s) to run. Estimated finish 2026-08-27 14:08 (0h 0m from now) **
// **************************
// Benchmark: SimpleObject.Mapperly: Quick(MaxRelativeError=0.05, Arguments=/p:MatrixMode=Benchmark, IterationTime=250ms, MaxIterationCount=12, MaxWarmupIterationCount=5, MinIterationCount=8, MinWarmupIterationCount=3)
// *** Execute ***
// Launch: 1 / 1
// Execute: dotnet Matrix.ObjectMapping-Quick-1.dll --anonymousPipes 125 126 --benchmarkName Matrix.ObjectMapping.Benchmarks.SimpleObject.Mapperly --job Quick --benchmarkId 36 in /home/runner/work/dotnet-matrix/dotnet-matrix/src/Matrix.ObjectMapping/bin/Benchmark/Release/net10.0/Matrix.ObjectMapping-Quick-1/bin/Release/net10.0
// Failed to set up high priority (Permission denied). In order to run benchmarks with high priority, make sure you have the right permissions.
// BeforeAnythingElse

// Benchmark Process Environment Information:
// BenchmarkDotNet v0.15.8
// Runtime=.NET 10.0.11 (10.0.11, 10.0.1126.37416), X64 RyuJIT x86-64-v3
// GC=Concurrent Workstation
// HardwareIntrinsics=AVX2+BMI1+BMI2+F16C+FMA+LZCNT+MOVBE,AVX,SSE3+SSSE3+SSE4.1+SSE4.2+POPCNT,X86Base+SSE+SSE2,AES+PCLMUL VectorSize=256
// Job: Quick(MaxRelativeError=0.05, IterationTime=250ms, MaxIterationCount=12, MaxWarmupIterationCount=5, MinIterationCount=8, MinWarmupIterationCount=3)

OverheadJitting  1: 1 op, 273782.00 ns, 273.7820 us/op
WorkloadJitting  1: 1 op, 479808.00 ns, 479.8080 us/op

OverheadJitting  2: 16 op, 497430.00 ns, 31.0894 us/op
WorkloadJitting  2: 16 op, 530171.00 ns, 33.1357 us/op

WorkloadPilot    1: 16 op, 3066.00 ns, 191.6250 ns/op
WorkloadPilot    2: 1304640 op, 56878219.00 ns, 43.5969 ns/op
WorkloadPilot    3: 5734368 op, 162955066.00 ns, 28.4173 ns/op
WorkloadPilot    4: 8797472 op, 108746569.00 ns, 12.3611 ns/op
WorkloadPilot    5: 20224720 op, 249357142.00 ns, 12.3293 ns/op
WorkloadPilot    6: 20276864 op, 248510690.00 ns, 12.2559 ns/op
WorkloadPilot    7: 20398384 op, 251143503.00 ns, 12.3119 ns/op
WorkloadPilot    8: 20305520 op, 251552768.00 ns, 12.3884 ns/op
WorkloadPilot    9: 20180192 op, 252658996.00 ns, 12.5201 ns/op

OverheadWarmup   1: 20180192 op, 85032705.00 ns, 4.2137 ns/op
OverheadWarmup   2: 20180192 op, 84872146.00 ns, 4.2057 ns/op
OverheadWarmup   3: 20180192 op, 89233060.00 ns, 4.4218 ns/op
OverheadWarmup   4: 20180192 op, 66033519.00 ns, 3.2722 ns/op
OverheadWarmup   5: 20180192 op, 65944051.00 ns, 3.2678 ns/op
OverheadWarmup   6: 20180192 op, 66590220.00 ns, 3.2998 ns/op
OverheadWarmup   7: 20180192 op, 65972144.00 ns, 3.2692 ns/op

OverheadActual   1: 20180192 op, 65936437.00 ns, 3.2674 ns/op
OverheadActual   2: 20180192 op, 66092129.00 ns, 3.2751 ns/op
OverheadActual   3: 20180192 op, 65962406.00 ns, 3.2687 ns/op
OverheadActual   4: 20180192 op, 65929795.00 ns, 3.2671 ns/op
OverheadActual   5: 20180192 op, 66021405.00 ns, 3.2716 ns/op
OverheadActual   6: 20180192 op, 66005146.00 ns, 3.2708 ns/op
OverheadActual   7: 20180192 op, 66167258.00 ns, 3.2788 ns/op
OverheadActual   8: 20180192 op, 65963477.00 ns, 3.2687 ns/op

WorkloadWarmup   1: 20180192 op, 255257355.00 ns, 12.6489 ns/op
WorkloadWarmup   2: 20180192 op, 253105050.00 ns, 12.5423 ns/op
WorkloadWarmup   3: 20180192 op, 248957384.00 ns, 12.3367 ns/op
WorkloadWarmup   4: 20180192 op, 248814487.00 ns, 12.3296 ns/op
WorkloadWarmup   5: 20180192 op, 247382861.00 ns, 12.2587 ns/op

// BeforeActualRun
WorkloadActual   1: 20180192 op, 254752251.00 ns, 12.6239 ns/op
WorkloadActual   2: 20180192 op, 251415000.00 ns, 12.4585 ns/op
WorkloadActual   3: 20180192 op, 250864010.00 ns, 12.4312 ns/op
WorkloadActual   4: 20180192 op, 251253579.00 ns, 12.4505 ns/op
WorkloadActual   5: 20180192 op, 251330102.00 ns, 12.4543 ns/op
WorkloadActual   6: 20180192 op, 256661902.00 ns, 12.7185 ns/op
WorkloadActual   7: 20180192 op, 252592112.00 ns, 12.5168 ns/op
WorkloadActual   8: 20180192 op, 254309713.00 ns, 12.6019 ns/op

// AfterActualRun
WorkloadResult   1: 20180192 op, 188767939.50 ns, 9.3541 ns/op
WorkloadResult   2: 20180192 op, 185430688.50 ns, 9.1887 ns/op
WorkloadResult   3: 20180192 op, 184879698.50 ns, 9.1614 ns/op
WorkloadResult   4: 20180192 op, 185269267.50 ns, 9.1807 ns/op
WorkloadResult   5: 20180192 op, 185345790.50 ns, 9.1845 ns/op
WorkloadResult   6: 20180192 op, 190677590.50 ns, 9.4488 ns/op
WorkloadResult   7: 20180192 op, 186607800.50 ns, 9.2471 ns/op
WorkloadResult   8: 20180192 op, 188325401.50 ns, 9.3322 ns/op
// GC:  67 0 0 1130090752 20180192
// Threading:  0 0 20180192

// AfterAll
// Benchmark Process 4332 has exited with code 0.

Mean = 9.262 ns, StdErr = 0.037 ns (0.40%), N = 8, StdDev = 0.105 ns
Min = 9.161 ns, Q1 = 9.184 ns, Median = 9.218 ns, Q3 = 9.338 ns, Max = 9.449 ns
IQR = 0.154 ns, LowerFence = 8.952 ns, UpperFence = 9.569 ns
ConfidenceInterval = [9.062 ns; 9.462 ns] (CI 99.9%), Margin = 0.200 ns (2.16% of Mean)
Skewness = 0.57, Kurtosis = 1.59, MValue = 2

// ** Remained 1 (2.6 %) benchmark(s) to run. Estimated finish 2026-08-27 14:08 (0h 0m from now) **
// **************************
// Benchmark: SimpleObject.Mapster: Quick(MaxRelativeError=0.05, Arguments=/p:MatrixMode=Benchmark, IterationTime=250ms, MaxIterationCount=12, MaxWarmupIterationCount=5, MinIterationCount=8, MinWarmupIterationCount=3)
// *** Execute ***
// Launch: 1 / 1
// Execute: dotnet Matrix.ObjectMapping-Quick-1.dll --anonymousPipes 125 126 --benchmarkName Matrix.ObjectMapping.Benchmarks.SimpleObject.Mapster --job Quick --benchmarkId 37 in /home/runner/work/dotnet-matrix/dotnet-matrix/src/Matrix.ObjectMapping/bin/Benchmark/Release/net10.0/Matrix.ObjectMapping-Quick-1/bin/Release/net10.0
// Failed to set up high priority (Permission denied). In order to run benchmarks with high priority, make sure you have the right permissions.
// BeforeAnythingElse

// Benchmark Process Environment Information:
// BenchmarkDotNet v0.15.8
// Runtime=.NET 10.0.11 (10.0.11, 10.0.1126.37416), X64 RyuJIT x86-64-v3
// GC=Concurrent Workstation
// HardwareIntrinsics=AVX2+BMI1+BMI2+F16C+FMA+LZCNT+MOVBE,AVX,SSE3+SSSE3+SSE4.1+SSE4.2+POPCNT,X86Base+SSE+SSE2,AES+PCLMUL VectorSize=256
// Job: Quick(MaxRelativeError=0.05, IterationTime=250ms, MaxIterationCount=12, MaxWarmupIterationCount=5, MinIterationCount=8, MinWarmupIterationCount=3)

OverheadJitting  1: 1 op, 246911.00 ns, 246.9110 us/op
WorkloadJitting  1: 1 op, 2778987.00 ns, 2.7790 ms/op

OverheadJitting  2: 16 op, 502669.00 ns, 31.4168 us/op
WorkloadJitting  2: 16 op, 502400.00 ns, 31.4000 us/op

WorkloadPilot    1: 16 op, 5580.00 ns, 348.7500 ns/op
WorkloadPilot    2: 716848 op, 91321129.00 ns, 127.3926 ns/op
WorkloadPilot    3: 1962448 op, 100368869.00 ns, 51.1447 ns/op
WorkloadPilot    4: 4888096 op, 130240542.00 ns, 26.6444 ns/op
WorkloadPilot    5: 9382832 op, 248803936.00 ns, 26.5169 ns/op
WorkloadPilot    6: 9427952 op, 252519235.00 ns, 26.7841 ns/op
WorkloadPilot    7: 9333904 op, 248673332.00 ns, 26.6419 ns/op
WorkloadPilot    8: 9383712 op, 251688281.00 ns, 26.8218 ns/op
WorkloadPilot    9: 9320768 op, 253782467.00 ns, 27.2276 ns/op

OverheadWarmup   1: 9320768 op, 36667291.00 ns, 3.9339 ns/op
OverheadWarmup   2: 9320768 op, 36658064.00 ns, 3.9329 ns/op
OverheadWarmup   3: 9320768 op, 36620635.00 ns, 3.9289 ns/op
OverheadWarmup   4: 9320768 op, 36594966.00 ns, 3.9262 ns/op
OverheadWarmup   5: 9320768 op, 36630512.00 ns, 3.9300 ns/op
OverheadWarmup   6: 9320768 op, 36678682.00 ns, 3.9352 ns/op
OverheadWarmup   7: 9320768 op, 36590327.00 ns, 3.9257 ns/op
OverheadWarmup   8: 9320768 op, 37176333.00 ns, 3.9885 ns/op
OverheadWarmup   9: 9320768 op, 30874167.00 ns, 3.3124 ns/op

OverheadActual   1: 9320768 op, 30866673.00 ns, 3.3116 ns/op
OverheadActual   2: 9320768 op, 30934169.00 ns, 3.3188 ns/op
OverheadActual   3: 9320768 op, 30870180.00 ns, 3.3120 ns/op
OverheadActual   4: 9320768 op, 30816470.00 ns, 3.3062 ns/op
OverheadActual   5: 9320768 op, 30796563.00 ns, 3.3041 ns/op
OverheadActual   6: 9320768 op, 30792534.00 ns, 3.3036 ns/op
OverheadActual   7: 9320768 op, 30796703.00 ns, 3.3041 ns/op
OverheadActual   8: 9320768 op, 30794629.00 ns, 3.3039 ns/op

WorkloadWarmup   1: 9320768 op, 259052682.00 ns, 27.7931 ns/op
WorkloadWarmup   2: 9320768 op, 253581181.00 ns, 27.2060 ns/op
WorkloadWarmup   3: 9320768 op, 246652894.00 ns, 26.4627 ns/op
WorkloadWarmup   4: 9320768 op, 246851536.00 ns, 26.4840 ns/op
WorkloadWarmup   5: 9320768 op, 248609162.00 ns, 26.6726 ns/op

// BeforeActualRun
WorkloadActual   1: 9320768 op, 251689714.00 ns, 27.0031 ns/op
WorkloadActual   2: 9320768 op, 251154363.00 ns, 26.9457 ns/op
WorkloadActual   3: 9320768 op, 249078711.00 ns, 26.7230 ns/op
WorkloadActual   4: 9320768 op, 253042062.00 ns, 27.1482 ns/op
WorkloadActual   5: 9320768 op, 251386806.00 ns, 26.9706 ns/op
WorkloadActual   6: 9320768 op, 253957053.00 ns, 27.2464 ns/op
WorkloadActual   7: 9320768 op, 250400783.00 ns, 26.8648 ns/op
WorkloadActual   8: 9320768 op, 251104329.00 ns, 26.9403 ns/op

// AfterActualRun
WorkloadResult   1: 9320768 op, 220883127.50 ns, 23.6980 ns/op
WorkloadResult   2: 9320768 op, 220347776.50 ns, 23.6405 ns/op
WorkloadResult   3: 9320768 op, 218272124.50 ns, 23.4178 ns/op
WorkloadResult   4: 9320768 op, 222235475.50 ns, 23.8430 ns/op
WorkloadResult   5: 9320768 op, 220580219.50 ns, 23.6655 ns/op
WorkloadResult   6: 9320768 op, 219594196.50 ns, 23.5597 ns/op
WorkloadResult   7: 9320768 op, 220297742.50 ns, 23.6351 ns/op
// GC:  31 0 0 521963008 9320768
// Threading:  0 0 9320768

// AfterAll
// Benchmark Process 4342 has exited with code 0.

Mean = 23.637 ns, StdErr = 0.049 ns (0.21%), N = 7, StdDev = 0.130 ns
Min = 23.418 ns, Q1 = 23.597 ns, Median = 23.641 ns, Q3 = 23.682 ns, Max = 23.843 ns
IQR = 0.084 ns, LowerFence = 23.471 ns, UpperFence = 23.808 ns
ConfidenceInterval = [23.345 ns; 23.929 ns] (CI 99.9%), Margin = 0.292 ns (1.24% of Mean)
Skewness = -0.13, Kurtosis = 2.1, MValue = 2

// ** Remained 0 (0.0 %) benchmark(s) to run. Estimated finish 2026-08-27 14:08 (0h 0m from now) **
// ***** BenchmarkRunner: Finish  *****

// * Export *
  tmp/dotnet-matrix/ObjectMapping/20a3bacfa27b4f79b1dc7ff5c0db69bd/results/Matrix.ObjectMapping.Benchmarks.SimpleObject-report.csv
  tmp/dotnet-matrix/ObjectMapping/20a3bacfa27b4f79b1dc7ff5c0db69bd/results/Matrix.ObjectMapping.Benchmarks.SimpleObject-report-github.md
  tmp/dotnet-matrix/ObjectMapping/20a3bacfa27b4f79b1dc7ff5c0db69bd/results/Matrix.ObjectMapping.Benchmarks.SimpleObject-report.html
  tmp/dotnet-matrix/ObjectMapping/20a3bacfa27b4f79b1dc7ff5c0db69bd/results/Matrix.ObjectMapping.Benchmarks.SimpleObject-report-full.json

// * Detailed results *
SimpleObject.HandCoded: Quick(MaxRelativeError=0.05, Arguments=/p:MatrixMode=Benchmark, IterationTime=250ms, MaxIterationCount=12, MaxWarmupIterationCount=5, MinIterationCount=8, MinWarmupIterationCount=3)
Runtime = .NET 10.0.11 (10.0.11, 10.0.1126.37416), X64 RyuJIT x86-64-v3; GC = Concurrent Workstation
Mean = 9.196 ns, StdErr = 0.035 ns (0.38%), N = 7, StdDev = 0.092 ns
Min = 9.058 ns, Q1 = 9.170 ns, Median = 9.182 ns, Q3 = 9.212 ns, Max = 9.365 ns
IQR = 0.042 ns, LowerFence = 9.108 ns, UpperFence = 9.275 ns
ConfidenceInterval = [8.989 ns; 9.403 ns] (CI 99.9%), Margin = 0.207 ns (2.25% of Mean)
Skewness = 0.41, Kurtosis = 2.37, MValue = 2
-------------------- Histogram --------------------
[8.995 ns ; 9.428 ns) | @@@@@@@
---------------------------------------------------

SimpleObject.Mapperly: Quick(MaxRelativeError=0.05, Arguments=/p:MatrixMode=Benchmark, IterationTime=250ms, MaxIterationCount=12, MaxWarmupIterationCount=5, MinIterationCount=8, MinWarmupIterationCount=3)
Runtime = .NET 10.0.11 (10.0.11, 10.0.1126.37416), X64 RyuJIT x86-64-v3; GC = Concurrent Workstation
Mean = 9.262 ns, StdErr = 0.037 ns (0.40%), N = 8, StdDev = 0.105 ns
Min = 9.161 ns, Q1 = 9.184 ns, Median = 9.218 ns, Q3 = 9.338 ns, Max = 9.449 ns
IQR = 0.154 ns, LowerFence = 8.952 ns, UpperFence = 9.569 ns
ConfidenceInterval = [9.062 ns; 9.462 ns] (CI 99.9%), Margin = 0.200 ns (2.16% of Mean)
Skewness = 0.57, Kurtosis = 1.59, MValue = 2
-------------------- Histogram --------------------
[9.112 ns ; 9.484 ns) | @@@@@@@@
---------------------------------------------------

SimpleObject.Mapster: Quick(MaxRelativeError=0.05, Arguments=/p:MatrixMode=Benchmark, IterationTime=250ms, MaxIterationCount=12, MaxWarmupIterationCount=5, MinIterationCount=8, MinWarmupIterationCount=3)
Runtime = .NET 10.0.11 (10.0.11, 10.0.1126.37416), X64 RyuJIT x86-64-v3; GC = Concurrent Workstation
Mean = 23.637 ns, StdErr = 0.049 ns (0.21%), N = 7, StdDev = 0.130 ns
Min = 23.418 ns, Q1 = 23.597 ns, Median = 23.641 ns, Q3 = 23.682 ns, Max = 23.843 ns
IQR = 0.084 ns, LowerFence = 23.471 ns, UpperFence = 23.808 ns
ConfidenceInterval = [23.345 ns; 23.929 ns] (CI 99.9%), Margin = 0.292 ns (1.24% of Mean)
Skewness = -0.13, Kurtosis = 2.1, MValue = 2
-------------------- Histogram --------------------
[23.393 ns ; 23.865 ns) | @@@@@@@
---------------------------------------------------

SimpleObject.AutoMapper: Quick(MaxRelativeError=0.05, Arguments=/p:MatrixMode=Benchmark, IterationTime=250ms, MaxIterationCount=12, MaxWarmupIterationCount=5, MinIterationCount=8, MinWarmupIterationCount=3)
Runtime = .NET 10.0.11 (10.0.11, 10.0.1126.37416), X64 RyuJIT x86-64-v3; GC = Concurrent Workstation
Mean = 73.965 ns, StdErr = 0.094 ns (0.13%), N = 8, StdDev = 0.266 ns
Min = 73.636 ns, Q1 = 73.744 ns, Median = 73.949 ns, Q3 = 74.131 ns, Max = 74.438 ns
IQR = 0.387 ns, LowerFence = 73.164 ns, UpperFence = 74.711 ns
ConfidenceInterval = [73.457 ns; 74.474 ns] (CI 99.9%), Margin = 0.509 ns (0.69% of Mean)
Skewness = 0.38, Kurtosis = 1.7, MValue = 2
-------------------- Histogram --------------------
[73.461 ns ; 74.612 ns) | @@@@@@@@
---------------------------------------------------

// * Summary *

BenchmarkDotNet v0.15.8, Linux Ubuntu 24.04.4 LTS (Noble Numbat)
AMD EPYC 7763 2.45GHz, 1 CPU, 4 logical and 2 physical cores
.NET SDK 10.0.400
  [Host] : .NET 10.0.11 (10.0.11, 10.0.1126.37416), X64 RyuJIT x86-64-v3
  Quick  : .NET 10.0.11 (10.0.11, 10.0.1126.37416), X64 RyuJIT x86-64-v3

Job=Quick  MaxRelativeError=0.05  Arguments=/p:MatrixMode=Benchmark  
IterationTime=250ms  MaxIterationCount=12  MaxWarmupIterationCount=5  
MinIterationCount=8  MinWarmupIterationCount=3  

| Method     | Mean      | Error     | StdDev    | Ratio | RatioSD | Gen0   | Allocated | Alloc Ratio |
|----------- |----------:|----------:|----------:|------:|--------:|-------:|----------:|------------:|
| HandCoded  |  9.196 ns | 0.2071 ns | 0.0920 ns |  1.00 |    0.01 | 0.0033 |      56 B |        1.00 |
| Mapperly   |  9.262 ns | 0.2000 ns | 0.1046 ns |  1.01 |    0.01 | 0.0033 |      56 B |        1.00 |
| Mapster    | 23.637 ns | 0.2922 ns | 0.1298 ns |  2.57 |    0.03 | 0.0033 |      56 B |        1.00 |
| AutoMapper | 73.965 ns | 0.5087 ns | 0.2661 ns |  8.04 |    0.08 | 0.0031 |      56 B |        1.00 |

// * Hints *
Outliers
  SimpleObject.HandCoded: Quick -> 1 outlier  was  removed (12.79 ns)
  SimpleObject.Mapster: Quick   -> 1 outlier  was  removed, 2 outliers were detected (26.72 ns, 27.25 ns)

// * Legends *
  Mean        : Arithmetic mean of all measurements
  Error       : Half of 99.9% confidence interval
  StdDev      : Standard deviation of all measurements
  Ratio       : Mean of the ratio distribution ([Current]/[Baseline])
  RatioSD     : Standard deviation of the ratio distribution ([Current]/[Baseline])
  Gen0        : GC Generation 0 collects per 1000 operations
  Allocated   : Allocated memory per single operation (managed only, inclusive, 1KB = 1024B)
  Alloc Ratio : Allocated memory ratio distribution ([Current]/[Baseline])
  1 ns        : 1 Nanosecond (0.000000001 sec)

// * Diagnostic Output - MemoryDiagnoser *


// ***** BenchmarkRunner: End *****
Run time: 00:00:24 (24.53 sec), executed benchmarks: 4

Global total time: 00:04:05 (245.05 sec), executed benchmarks: 38
// * Artifacts cleanup *
Artifacts cleanup is finished
