// Validating benchmarks:
// ***** BenchmarkRunner: Start   *****
// ***** Found 38 benchmark(s) in total *****
// ***** Building 1 exe(s) in Parallel: Start   *****
// start dotnet  restore /p:MatrixMode=Benchmark --nodeReuse:false /p:UseSharedCompilation=false /p:Deterministic=true /p:Optimize=true /p:ArtifactsPath="/home/runner/work/dotnet-matrix/dotnet-matrix/src/Matrix.ObjectMapping/bin/Benchmark/Release/net10.0/Matrix.ObjectMapping-Quick-1/" /p:OutDir="/home/runner/work/dotnet-matrix/dotnet-matrix/src/Matrix.ObjectMapping/bin/Benchmark/Release/net10.0/Matrix.ObjectMapping-Quick-1/bin/Release/net10.0/" /p:OutputPath="/home/runner/work/dotnet-matrix/dotnet-matrix/src/Matrix.ObjectMapping/bin/Benchmark/Release/net10.0/Matrix.ObjectMapping-Quick-1/bin/Release/net10.0/" /p:PublishDir="/home/runner/work/dotnet-matrix/dotnet-matrix/src/Matrix.ObjectMapping/bin/Benchmark/Release/net10.0/Matrix.ObjectMapping-Quick-1/publish/" in /home/runner/work/dotnet-matrix/dotnet-matrix/src/Matrix.ObjectMapping/bin/Benchmark/Release/net10.0/Matrix.ObjectMapping-Quick-1
// command took 1.16 sec and exited with 0
// start dotnet  build -c Release /p:MatrixMode=Benchmark --no-restore --nodeReuse:false /p:UseSharedCompilation=false /p:Deterministic=true /p:Optimize=true /p:ArtifactsPath="/home/runner/work/dotnet-matrix/dotnet-matrix/src/Matrix.ObjectMapping/bin/Benchmark/Release/net10.0/Matrix.ObjectMapping-Quick-1/" /p:OutDir="/home/runner/work/dotnet-matrix/dotnet-matrix/src/Matrix.ObjectMapping/bin/Benchmark/Release/net10.0/Matrix.ObjectMapping-Quick-1/bin/Release/net10.0/" /p:OutputPath="/home/runner/work/dotnet-matrix/dotnet-matrix/src/Matrix.ObjectMapping/bin/Benchmark/Release/net10.0/Matrix.ObjectMapping-Quick-1/bin/Release/net10.0/" /p:PublishDir="/home/runner/work/dotnet-matrix/dotnet-matrix/src/Matrix.ObjectMapping/bin/Benchmark/Release/net10.0/Matrix.ObjectMapping-Quick-1/publish/" --output "/home/runner/work/dotnet-matrix/dotnet-matrix/src/Matrix.ObjectMapping/bin/Benchmark/Release/net10.0/Matrix.ObjectMapping-Quick-1/bin/Release/net10.0/" in /home/runner/work/dotnet-matrix/dotnet-matrix/src/Matrix.ObjectMapping/bin/Benchmark/Release/net10.0/Matrix.ObjectMapping-Quick-1
// command took 8.5 sec and exited with 0
// ***** Done, took 00:00:09 (9.71 sec)   *****
// Found 4 benchmarks:
//   Collection.AutoMapper: Quick(Arguments=/p:MatrixMode=Benchmark, IterationCount=5, WarmupCount=2)
//   Collection.HandCoded: Quick(Arguments=/p:MatrixMode=Benchmark, IterationCount=5, WarmupCount=2)
//   Collection.Mapperly: Quick(Arguments=/p:MatrixMode=Benchmark, IterationCount=5, WarmupCount=2)
//   Collection.Mapster: Quick(Arguments=/p:MatrixMode=Benchmark, IterationCount=5, WarmupCount=2)

// **************************
// Benchmark: Collection.AutoMapper: Quick(Arguments=/p:MatrixMode=Benchmark, IterationCount=5, WarmupCount=2)
// *** Execute ***
// Launch: 1 / 1
// Execute: dotnet Matrix.ObjectMapping-Quick-1.dll --anonymousPipes 125 126 --benchmarkName Matrix.ObjectMapping.Benchmarks.Collection.AutoMapper --job Quick --benchmarkId 0 in /home/runner/work/dotnet-matrix/dotnet-matrix/src/Matrix.ObjectMapping/bin/Benchmark/Release/net10.0/Matrix.ObjectMapping-Quick-1/bin/Release/net10.0
// Failed to set up high priority (Permission denied). In order to run benchmarks with high priority, make sure you have the right permissions.
// BeforeAnythingElse

// Benchmark Process Environment Information:
// BenchmarkDotNet v0.15.8
// Runtime=.NET 10.0.10 (10.0.10, 10.0.1026.32716), X64 RyuJIT x86-64-v4
// GC=Concurrent Workstation
// HardwareIntrinsics=AVX512 BITALG+VBMI2+VNNI+VPOPCNTDQ,AVX512 IFMA+VBMI,AVX512 F+BW+CD+DQ+VL,AVX2+BMI1+BMI2+F16C+FMA+LZCNT+MOVBE,AVX,SSE3+SSSE3+SSE4.1+SSE4.2+POPCNT,X86Base+SSE+SSE2,AES+PCLMUL VectorSize=256
// Job: Quick(IterationCount=5, WarmupCount=2)

OverheadJitting  1: 1 op, 226461.00 ns, 226.4610 us/op
WorkloadJitting  1: 1 op, 2838861.00 ns, 2.8389 ms/op

OverheadJitting  2: 16 op, 581817.00 ns, 36.3636 us/op
WorkloadJitting  2: 16 op, 691783.00 ns, 43.2364 us/op

WorkloadPilot    1: 16 op, 39570.00 ns, 2.4731 us/op
WorkloadPilot    2: 32 op, 96536.00 ns, 3.0168 us/op
WorkloadPilot    3: 64 op, 216015.00 ns, 3.3752 us/op
WorkloadPilot    4: 128 op, 465442.00 ns, 3.6363 us/op
WorkloadPilot    5: 256 op, 933117.00 ns, 3.6450 us/op
WorkloadPilot    6: 512 op, 1930591.00 ns, 3.7707 us/op
WorkloadPilot    7: 1024 op, 2857749.00 ns, 2.7908 us/op
WorkloadPilot    8: 2048 op, 6387652.00 ns, 3.1190 us/op
WorkloadPilot    9: 4096 op, 7753412.00 ns, 1.8929 us/op
WorkloadPilot   10: 8192 op, 12204163.00 ns, 1.4898 us/op
WorkloadPilot   11: 16384 op, 19077687.00 ns, 1.1644 us/op
WorkloadPilot   12: 32768 op, 36760441.00 ns, 1.1218 us/op
WorkloadPilot   13: 65536 op, 75693577.00 ns, 1.1550 us/op
WorkloadPilot   14: 131072 op, 129119047.00 ns, 985.1002 ns/op
WorkloadPilot   15: 262144 op, 246371931.00 ns, 939.8343 ns/op
WorkloadPilot   16: 524288 op, 492125259.00 ns, 938.6544 ns/op
WorkloadPilot   17: 1048576 op, 988529750.00 ns, 942.7354 ns/op

OverheadWarmup   1: 1048576 op, 3607960.00 ns, 3.4408 ns/op
OverheadWarmup   2: 1048576 op, 3605477.00 ns, 3.4385 ns/op
OverheadWarmup   3: 1048576 op, 3604565.00 ns, 3.4376 ns/op
OverheadWarmup   4: 1048576 op, 3617515.00 ns, 3.4499 ns/op
OverheadWarmup   5: 1048576 op, 3641751.00 ns, 3.4730 ns/op
OverheadWarmup   6: 1048576 op, 3602652.00 ns, 3.4358 ns/op
OverheadWarmup   7: 1048576 op, 3600800.00 ns, 3.4340 ns/op
OverheadWarmup   8: 1048576 op, 3607139.00 ns, 3.4400 ns/op
OverheadWarmup   9: 1048576 op, 3628732.00 ns, 3.4606 ns/op
OverheadWarmup  10: 1048576 op, 3600459.00 ns, 3.4337 ns/op

OverheadActual   1: 1048576 op, 3609072.00 ns, 3.4419 ns/op
OverheadActual   2: 1048576 op, 3612017.00 ns, 3.4447 ns/op
OverheadActual   3: 1048576 op, 3620128.00 ns, 3.4524 ns/op
OverheadActual   4: 1048576 op, 3623223.00 ns, 3.4554 ns/op
OverheadActual   5: 1048576 op, 3638757.00 ns, 3.4702 ns/op
OverheadActual   6: 1048576 op, 3611536.00 ns, 3.4442 ns/op
OverheadActual   7: 1048576 op, 3627760.00 ns, 3.4597 ns/op
OverheadActual   8: 1048576 op, 3616112.00 ns, 3.4486 ns/op
OverheadActual   9: 1048576 op, 3602753.00 ns, 3.4359 ns/op
OverheadActual  10: 1048576 op, 3616513.00 ns, 3.4490 ns/op
OverheadActual  11: 1048576 op, 3612227.00 ns, 3.4449 ns/op
OverheadActual  12: 1048576 op, 3634530.00 ns, 3.4662 ns/op
OverheadActual  13: 1048576 op, 3615892.00 ns, 3.4484 ns/op
OverheadActual  14: 1048576 op, 3607489.00 ns, 3.4404 ns/op
OverheadActual  15: 1048576 op, 3602542.00 ns, 3.4357 ns/op

WorkloadWarmup   1: 1048576 op, 979352242.00 ns, 933.9831 ns/op
WorkloadWarmup   2: 1048576 op, 984520645.00 ns, 938.9121 ns/op

// BeforeActualRun
WorkloadActual   1: 1048576 op, 979905494.00 ns, 934.5107 ns/op
WorkloadActual   2: 1048576 op, 1007108406.00 ns, 960.4534 ns/op
WorkloadActual   3: 1048576 op, 1000393630.00 ns, 954.0497 ns/op
WorkloadActual   4: 1048576 op, 982778985.00 ns, 937.2511 ns/op
WorkloadActual   5: 1048576 op, 999315214.00 ns, 953.0213 ns/op

// AfterActualRun
WorkloadResult   1: 1048576 op, 976289602.00 ns, 931.0623 ns/op
WorkloadResult   2: 1048576 op, 1003492514.00 ns, 957.0050 ns/op
WorkloadResult   3: 1048576 op, 996777738.00 ns, 950.6013 ns/op
WorkloadResult   4: 1048576 op, 979163093.00 ns, 933.8027 ns/op
WorkloadResult   5: 1048576 op, 995699322.00 ns, 949.5729 ns/op
// GC:  402 9 0 6736052224 1048576
// Threading:  0 0 1048576

// AfterAll
// Benchmark Process 3063 has exited with code 0.

Mean = 944.409 ns, StdErr = 5.071 ns (0.54%), N = 5, StdDev = 11.339 ns
Min = 931.062 ns, Q1 = 933.803 ns, Median = 949.573 ns, Q3 = 950.601 ns, Max = 957.005 ns
IQR = 16.799 ns, LowerFence = 908.605 ns, UpperFence = 975.799 ns
ConfidenceInterval = [900.746 ns; 988.072 ns] (CI 99.9%), Margin = 43.663 ns (4.62% of Mean)
Skewness = -0.16, Kurtosis = 0.87, MValue = 2

// ** Remained 37 (97.4 %) benchmark(s) to run. Estimated finish 2026-07-31 9:48 (0h 6m from now) **
// **************************
// Benchmark: Collection.HandCoded: Quick(Arguments=/p:MatrixMode=Benchmark, IterationCount=5, WarmupCount=2)
// *** Execute ***
// Launch: 1 / 1
// Execute: dotnet Matrix.ObjectMapping-Quick-1.dll --anonymousPipes 125 126 --benchmarkName Matrix.ObjectMapping.Benchmarks.Collection.HandCoded --job Quick --benchmarkId 1 in /home/runner/work/dotnet-matrix/dotnet-matrix/src/Matrix.ObjectMapping/bin/Benchmark/Release/net10.0/Matrix.ObjectMapping-Quick-1/bin/Release/net10.0
// Failed to set up high priority (Permission denied). In order to run benchmarks with high priority, make sure you have the right permissions.
// BeforeAnythingElse

// Benchmark Process Environment Information:
// BenchmarkDotNet v0.15.8
// Runtime=.NET 10.0.10 (10.0.10, 10.0.1026.32716), X64 RyuJIT x86-64-v4
// GC=Concurrent Workstation
// HardwareIntrinsics=AVX512 BITALG+VBMI2+VNNI+VPOPCNTDQ,AVX512 IFMA+VBMI,AVX512 F+BW+CD+DQ+VL,AVX2+BMI1+BMI2+F16C+FMA+LZCNT+MOVBE,AVX,SSE3+SSSE3+SSE4.1+SSE4.2+POPCNT,X86Base+SSE+SSE2,AES+PCLMUL VectorSize=256
// Job: Quick(IterationCount=5, WarmupCount=2)

OverheadJitting  1: 1 op, 198570.00 ns, 198.5700 us/op
WorkloadJitting  1: 1 op, 447345.00 ns, 447.3450 us/op

OverheadJitting  2: 16 op, 395616.00 ns, 24.7260 us/op
WorkloadJitting  2: 16 op, 553515.00 ns, 34.5947 us/op

WorkloadPilot    1: 16 op, 125829.00 ns, 7.8643 us/op
WorkloadPilot    2: 32 op, 209025.00 ns, 6.5320 us/op
WorkloadPilot    3: 64 op, 342166.00 ns, 5.3463 us/op
WorkloadPilot    4: 128 op, 800748.00 ns, 6.2558 us/op
WorkloadPilot    5: 256 op, 1513422.00 ns, 5.9118 us/op
WorkloadPilot    6: 512 op, 2964721.00 ns, 5.7905 us/op
WorkloadPilot    7: 1024 op, 5842121.00 ns, 5.7052 us/op
WorkloadPilot    8: 2048 op, 11228704.00 ns, 5.4828 us/op
WorkloadPilot    9: 4096 op, 15316089.00 ns, 3.7393 us/op
WorkloadPilot   10: 8192 op, 35248217.00 ns, 4.3028 us/op
WorkloadPilot   11: 16384 op, 39463165.00 ns, 2.4086 us/op
WorkloadPilot   12: 32768 op, 29087807.00 ns, 887.6894 ns/op
WorkloadPilot   13: 65536 op, 58230257.00 ns, 888.5232 ns/op
WorkloadPilot   14: 131072 op, 115142166.00 ns, 878.4650 ns/op
WorkloadPilot   15: 262144 op, 235287126.00 ns, 897.5492 ns/op
WorkloadPilot   16: 524288 op, 463500534.00 ns, 884.0571 ns/op
WorkloadPilot   17: 1048576 op, 909083155.00 ns, 866.9693 ns/op

OverheadWarmup   1: 1048576 op, 3593309.00 ns, 3.4268 ns/op
OverheadWarmup   2: 1048576 op, 3587270.00 ns, 3.4211 ns/op
OverheadWarmup   3: 1048576 op, 3599278.00 ns, 3.4325 ns/op
OverheadWarmup   4: 1048576 op, 3584155.00 ns, 3.4181 ns/op
OverheadWarmup   5: 1048576 op, 3309140.00 ns, 3.1558 ns/op
OverheadWarmup   6: 1048576 op, 3606419.00 ns, 3.4393 ns/op
OverheadWarmup   7: 1048576 op, 3583014.00 ns, 3.4170 ns/op

OverheadActual   1: 1048576 op, 3592869.00 ns, 3.4264 ns/op
OverheadActual   2: 1048576 op, 3575662.00 ns, 3.4100 ns/op
OverheadActual   3: 1048576 op, 3345215.00 ns, 3.1902 ns/op
OverheadActual   4: 1048576 op, 3294248.00 ns, 3.1416 ns/op
OverheadActual   5: 1048576 op, 3297613.00 ns, 3.1448 ns/op
OverheadActual   6: 1048576 op, 3607901.00 ns, 3.4408 ns/op
OverheadActual   7: 1048576 op, 3584285.00 ns, 3.4182 ns/op
OverheadActual   8: 1048576 op, 3578387.00 ns, 3.4126 ns/op
OverheadActual   9: 1048576 op, 3587119.00 ns, 3.4209 ns/op
OverheadActual  10: 1048576 op, 3584375.00 ns, 3.4183 ns/op
OverheadActual  11: 1048576 op, 3583304.00 ns, 3.4173 ns/op
OverheadActual  12: 1048576 op, 3591927.00 ns, 3.4255 ns/op
OverheadActual  13: 1048576 op, 3582072.00 ns, 3.4161 ns/op
OverheadActual  14: 1048576 op, 3585667.00 ns, 3.4196 ns/op
OverheadActual  15: 1048576 op, 3581832.00 ns, 3.4159 ns/op

WorkloadWarmup   1: 1048576 op, 921772924.00 ns, 879.0712 ns/op
WorkloadWarmup   2: 1048576 op, 919869087.00 ns, 877.2555 ns/op

// BeforeActualRun
WorkloadActual   1: 1048576 op, 925600877.00 ns, 882.7218 ns/op
WorkloadActual   2: 1048576 op, 943962213.00 ns, 900.2325 ns/op
WorkloadActual   3: 1048576 op, 931759009.00 ns, 888.5946 ns/op
WorkloadActual   4: 1048576 op, 934207976.00 ns, 890.9302 ns/op
WorkloadActual   5: 1048576 op, 935829965.00 ns, 892.4770 ns/op

// AfterActualRun
WorkloadResult   1: 1048576 op, 922017573.00 ns, 879.3045 ns/op
WorkloadResult   2: 1048576 op, 928175705.00 ns, 885.1773 ns/op
WorkloadResult   3: 1048576 op, 930624672.00 ns, 887.5128 ns/op
WorkloadResult   4: 1048576 op, 932246661.00 ns, 889.0597 ns/op
// GC:  402 9 0 6736052224 1048576
// Threading:  0 0 1048576

// AfterAll
// Benchmark Process 3080 has exited with code 0.

Mean = 885.264 ns, StdErr = 2.141 ns (0.24%), N = 4, StdDev = 4.281 ns
Min = 879.304 ns, Q1 = 883.709 ns, Median = 886.345 ns, Q3 = 887.900 ns, Max = 889.060 ns
IQR = 4.190 ns, LowerFence = 877.423 ns, UpperFence = 894.185 ns
ConfidenceInterval = [857.598 ns; 912.929 ns] (CI 99.9%), Margin = 27.666 ns (3.13% of Mean)
Skewness = -0.46, Kurtosis = 1.11, MValue = 2

// ** Remained 36 (94.7 %) benchmark(s) to run. Estimated finish 2026-07-31 9:48 (0h 5m from now) **
// **************************
// Benchmark: Collection.Mapperly: Quick(Arguments=/p:MatrixMode=Benchmark, IterationCount=5, WarmupCount=2)
// *** Execute ***
// Launch: 1 / 1
// Execute: dotnet Matrix.ObjectMapping-Quick-1.dll --anonymousPipes 125 126 --benchmarkName Matrix.ObjectMapping.Benchmarks.Collection.Mapperly --job Quick --benchmarkId 2 in /home/runner/work/dotnet-matrix/dotnet-matrix/src/Matrix.ObjectMapping/bin/Benchmark/Release/net10.0/Matrix.ObjectMapping-Quick-1/bin/Release/net10.0
// Failed to set up high priority (Permission denied). In order to run benchmarks with high priority, make sure you have the right permissions.
// BeforeAnythingElse

// Benchmark Process Environment Information:
// BenchmarkDotNet v0.15.8
// Runtime=.NET 10.0.10 (10.0.10, 10.0.1026.32716), X64 RyuJIT x86-64-v4
// GC=Concurrent Workstation
// HardwareIntrinsics=AVX512 BITALG+VBMI2+VNNI+VPOPCNTDQ,AVX512 IFMA+VBMI,AVX512 F+BW+CD+DQ+VL,AVX2+BMI1+BMI2+F16C+FMA+LZCNT+MOVBE,AVX,SSE3+SSSE3+SSE4.1+SSE4.2+POPCNT,X86Base+SSE+SSE2,AES+PCLMUL VectorSize=256
// Job: Quick(IterationCount=5, WarmupCount=2)

OverheadJitting  1: 1 op, 197277.00 ns, 197.2770 us/op
WorkloadJitting  1: 1 op, 473514.00 ns, 473.5140 us/op

OverheadJitting  2: 16 op, 413133.00 ns, 25.8208 us/op
WorkloadJitting  2: 16 op, 521716.00 ns, 32.6073 us/op

WorkloadPilot    1: 16 op, 127873.00 ns, 7.9921 us/op
WorkloadPilot    2: 32 op, 208304.00 ns, 6.5095 us/op
WorkloadPilot    3: 64 op, 317940.00 ns, 4.9678 us/op
WorkloadPilot    4: 128 op, 783231.00 ns, 6.1190 us/op
WorkloadPilot    5: 256 op, 1484489.00 ns, 5.7988 us/op
WorkloadPilot    6: 512 op, 2886984.00 ns, 5.6386 us/op
WorkloadPilot    7: 1024 op, 5610811.00 ns, 5.4793 us/op
WorkloadPilot    8: 2048 op, 10818545.00 ns, 5.2825 us/op
WorkloadPilot    9: 4096 op, 14846139.00 ns, 3.6245 us/op
WorkloadPilot   10: 8192 op, 24761762.00 ns, 3.0227 us/op
WorkloadPilot   11: 16384 op, 47457028.00 ns, 2.8965 us/op
WorkloadPilot   12: 32768 op, 26151919.00 ns, 798.0932 ns/op
WorkloadPilot   13: 65536 op, 50642131.00 ns, 772.7376 ns/op
WorkloadPilot   14: 131072 op, 105044043.00 ns, 801.4224 ns/op
WorkloadPilot   15: 262144 op, 208869106.00 ns, 796.7724 ns/op
WorkloadPilot   16: 524288 op, 416850012.00 ns, 795.0783 ns/op
WorkloadPilot   17: 1048576 op, 852127334.00 ns, 812.6520 ns/op

OverheadWarmup   1: 1048576 op, 3624315.00 ns, 3.4564 ns/op
OverheadWarmup   2: 1048576 op, 3603935.00 ns, 3.4370 ns/op
OverheadWarmup   3: 1048576 op, 3608111.00 ns, 3.4410 ns/op
OverheadWarmup   4: 1048576 op, 3612117.00 ns, 3.4448 ns/op
OverheadWarmup   5: 1048576 op, 3603083.00 ns, 3.4362 ns/op
OverheadWarmup   6: 1048576 op, 3617816.00 ns, 3.4502 ns/op
OverheadWarmup   7: 1048576 op, 3620310.00 ns, 3.4526 ns/op
OverheadWarmup   8: 1048576 op, 3624606.00 ns, 3.4567 ns/op
OverheadWarmup   9: 1048576 op, 3603645.00 ns, 3.4367 ns/op

OverheadActual   1: 1048576 op, 3616293.00 ns, 3.4488 ns/op
OverheadActual   2: 1048576 op, 3612177.00 ns, 3.4448 ns/op
OverheadActual   3: 1048576 op, 3607811.00 ns, 3.4407 ns/op
OverheadActual   4: 1048576 op, 3610425.00 ns, 3.4432 ns/op
OverheadActual   5: 1048576 op, 3618197.00 ns, 3.4506 ns/op
OverheadActual   6: 1048576 op, 3608622.00 ns, 3.4415 ns/op
OverheadActual   7: 1048576 op, 3608823.00 ns, 3.4416 ns/op
OverheadActual   8: 1048576 op, 3616934.00 ns, 3.4494 ns/op
OverheadActual   9: 1048576 op, 3620220.00 ns, 3.4525 ns/op
OverheadActual  10: 1048576 op, 3605747.00 ns, 3.4387 ns/op
OverheadActual  11: 1048576 op, 3600770.00 ns, 3.4340 ns/op
OverheadActual  12: 1048576 op, 3817897.00 ns, 3.6410 ns/op
OverheadActual  13: 1048576 op, 3609694.00 ns, 3.4425 ns/op
OverheadActual  14: 1048576 op, 3609072.00 ns, 3.4419 ns/op
OverheadActual  15: 1048576 op, 3613730.00 ns, 3.4463 ns/op

WorkloadWarmup   1: 1048576 op, 840966683.00 ns, 802.0083 ns/op
WorkloadWarmup   2: 1048576 op, 836229891.00 ns, 797.4910 ns/op

// BeforeActualRun
WorkloadActual   1: 1048576 op, 835007477.00 ns, 796.3252 ns/op
WorkloadActual   2: 1048576 op, 857097359.00 ns, 817.3917 ns/op
WorkloadActual   3: 1048576 op, 847367386.00 ns, 808.1125 ns/op
WorkloadActual   4: 1048576 op, 841029559.00 ns, 802.0683 ns/op
WorkloadActual   5: 1048576 op, 841396502.00 ns, 802.4182 ns/op

// AfterActualRun
WorkloadResult   1: 1048576 op, 831397052.00 ns, 792.8820 ns/op
WorkloadResult   2: 1048576 op, 843756961.00 ns, 804.6693 ns/op
WorkloadResult   3: 1048576 op, 837419134.00 ns, 798.6251 ns/op
WorkloadResult   4: 1048576 op, 837786077.00 ns, 798.9751 ns/op
// GC:  402 9 0 6736052224 1048576
// Threading:  0 0 1048576

// AfterAll
// Benchmark Process 3095 has exited with code 0.

Mean = 798.788 ns, StdErr = 2.407 ns (0.30%), N = 4, StdDev = 4.814 ns
Min = 792.882 ns, Q1 = 797.189 ns, Median = 798.800 ns, Q3 = 800.399 ns, Max = 804.669 ns
IQR = 3.209 ns, LowerFence = 792.375 ns, UpperFence = 805.213 ns
ConfidenceInterval = [767.678 ns; 829.898 ns] (CI 99.9%), Margin = 31.110 ns (3.89% of Mean)
Skewness = -0.01, Kurtosis = 1.12, MValue = 2

// ** Remained 35 (92.1 %) benchmark(s) to run. Estimated finish 2026-07-31 9:47 (0h 5m from now) **
// **************************
// Benchmark: Collection.Mapster: Quick(Arguments=/p:MatrixMode=Benchmark, IterationCount=5, WarmupCount=2)
// *** Execute ***
// Launch: 1 / 1
// Execute: dotnet Matrix.ObjectMapping-Quick-1.dll --anonymousPipes 125 126 --benchmarkName Matrix.ObjectMapping.Benchmarks.Collection.Mapster --job Quick --benchmarkId 3 in /home/runner/work/dotnet-matrix/dotnet-matrix/src/Matrix.ObjectMapping/bin/Benchmark/Release/net10.0/Matrix.ObjectMapping-Quick-1/bin/Release/net10.0
// Failed to set up high priority (Permission denied). In order to run benchmarks with high priority, make sure you have the right permissions.
// BeforeAnythingElse

// Benchmark Process Environment Information:
// BenchmarkDotNet v0.15.8
// Runtime=.NET 10.0.10 (10.0.10, 10.0.1026.32716), X64 RyuJIT x86-64-v4
// GC=Concurrent Workstation
// HardwareIntrinsics=AVX512 BITALG+VBMI2+VNNI+VPOPCNTDQ,AVX512 IFMA+VBMI,AVX512 F+BW+CD+DQ+VL,AVX2+BMI1+BMI2+F16C+FMA+LZCNT+MOVBE,AVX,SSE3+SSSE3+SSE4.1+SSE4.2+POPCNT,X86Base+SSE+SSE2,AES+PCLMUL VectorSize=256
// Job: Quick(IterationCount=5, WarmupCount=2)

OverheadJitting  1: 1 op, 202225.00 ns, 202.2250 us/op
WorkloadJitting  1: 1 op, 2610777.00 ns, 2.6108 ms/op

OverheadJitting  2: 16 op, 382897.00 ns, 23.9311 us/op
WorkloadJitting  2: 16 op, 476429.00 ns, 29.7768 us/op

WorkloadPilot    1: 16 op, 72880.00 ns, 4.5550 us/op
WorkloadPilot    2: 32 op, 150107.00 ns, 4.6908 us/op
WorkloadPilot    3: 64 op, 216716.00 ns, 3.3862 us/op
WorkloadPilot    4: 128 op, 440855.00 ns, 3.4442 us/op
WorkloadPilot    5: 256 op, 865446.00 ns, 3.3806 us/op
WorkloadPilot    6: 512 op, 1839604.00 ns, 3.5930 us/op
WorkloadPilot    7: 1024 op, 2776807.00 ns, 2.7117 us/op
WorkloadPilot    8: 2048 op, 5999768.00 ns, 2.9296 us/op
WorkloadPilot    9: 4096 op, 7187419.00 ns, 1.7547 us/op
WorkloadPilot   10: 8192 op, 11854577.00 ns, 1.4471 us/op
WorkloadPilot   11: 16384 op, 18922665.00 ns, 1.1549 us/op
WorkloadPilot   12: 32768 op, 35803812.00 ns, 1.0926 us/op
WorkloadPilot   13: 65536 op, 72506930.00 ns, 1.1064 us/op
WorkloadPilot   14: 131072 op, 142906141.00 ns, 1.0903 us/op
WorkloadPilot   15: 262144 op, 273552165.00 ns, 1.0435 us/op
WorkloadPilot   16: 524288 op, 559624220.00 ns, 1.0674 us/op

OverheadWarmup   1: 524288 op, 2106917.00 ns, 4.0186 ns/op
OverheadWarmup   2: 524288 op, 2096131.00 ns, 3.9981 ns/op
OverheadWarmup   3: 524288 op, 2105625.00 ns, 4.0162 ns/op
OverheadWarmup   4: 524288 op, 2094028.00 ns, 3.9940 ns/op
OverheadWarmup   5: 524288 op, 2092425.00 ns, 3.9910 ns/op
OverheadWarmup   6: 524288 op, 2091604.00 ns, 3.9894 ns/op
OverheadWarmup   7: 524288 op, 2122070.00 ns, 4.0475 ns/op
OverheadWarmup   8: 524288 op, 2110903.00 ns, 4.0262 ns/op

OverheadActual   1: 524288 op, 2097122.00 ns, 3.9999 ns/op
OverheadActual   2: 524288 op, 2097483.00 ns, 4.0006 ns/op
OverheadActual   3: 524288 op, 2242652.00 ns, 4.2775 ns/op
OverheadActual   4: 524288 op, 2092846.00 ns, 3.9918 ns/op
OverheadActual   5: 524288 op, 2101189.00 ns, 4.0077 ns/op
OverheadActual   6: 524288 op, 2126887.00 ns, 4.0567 ns/op
OverheadActual   7: 524288 op, 2119617.00 ns, 4.0428 ns/op
OverheadActual   8: 524288 op, 2118084.00 ns, 4.0399 ns/op
OverheadActual   9: 524288 op, 2091384.00 ns, 3.9890 ns/op
OverheadActual  10: 524288 op, 2098895.00 ns, 4.0033 ns/op
OverheadActual  11: 524288 op, 2093136.00 ns, 3.9923 ns/op
OverheadActual  12: 524288 op, 2099446.00 ns, 4.0044 ns/op
OverheadActual  13: 524288 op, 2103913.00 ns, 4.0129 ns/op
OverheadActual  14: 524288 op, 2098895.00 ns, 4.0033 ns/op
OverheadActual  15: 524288 op, 2099456.00 ns, 4.0044 ns/op

WorkloadWarmup   1: 524288 op, 490860604.00 ns, 936.2423 ns/op
WorkloadWarmup   2: 524288 op, 528575327.00 ns, 1.0082 us/op

// BeforeActualRun
WorkloadActual   1: 524288 op, 512100504.00 ns, 976.7542 ns/op
WorkloadActual   2: 524288 op, 548412582.00 ns, 1.0460 us/op
WorkloadActual   3: 524288 op, 523349968.00 ns, 998.2108 ns/op
WorkloadActual   4: 524288 op, 522724375.00 ns, 997.0176 ns/op
WorkloadActual   5: 524288 op, 536554981.00 ns, 1.0234 us/op

// AfterActualRun
WorkloadResult   1: 524288 op, 510001058.00 ns, 972.7498 ns/op
WorkloadResult   2: 524288 op, 546313136.00 ns, 1.0420 us/op
WorkloadResult   3: 524288 op, 521250522.00 ns, 994.2065 ns/op
WorkloadResult   4: 524288 op, 520624929.00 ns, 993.0132 ns/op
WorkloadResult   5: 524288 op, 534455535.00 ns, 1.0194 us/op
// GC:  201 4 0 3368026112 524288
// Threading:  0 0 524288

// AfterAll
// Benchmark Process 3107 has exited with code 0.

Mean = 1.004 μs, StdErr = 0.012 μs (1.19%), N = 5, StdDev = 0.027 μs
Min = 0.973 μs, Q1 = 0.993 μs, Median = 0.994 μs, Q3 = 1.019 μs, Max = 1.042 μs
IQR = 0.026 μs, LowerFence = 0.953 μs, UpperFence = 1.059 μs
ConfidenceInterval = [0.901 μs; 1.107 μs] (CI 99.9%), Margin = 0.103 μs (10.28% of Mean)
Skewness = 0.24, Kurtosis = 1.2, MValue = 2

// ** Remained 34 (89.5 %) benchmark(s) to run. Estimated finish 2026-07-31 9:47 (0h 4m from now) **
// ***** BenchmarkRunner: Finish  *****

// * Export *
  tmp/dotnet-matrix/ObjectMapping/90b9d235d7e94c018f7cd9964f53afda/results/Matrix.ObjectMapping.Benchmarks.Collection-report.csv
  tmp/dotnet-matrix/ObjectMapping/90b9d235d7e94c018f7cd9964f53afda/results/Matrix.ObjectMapping.Benchmarks.Collection-report-github.md
  tmp/dotnet-matrix/ObjectMapping/90b9d235d7e94c018f7cd9964f53afda/results/Matrix.ObjectMapping.Benchmarks.Collection-report.html
  tmp/dotnet-matrix/ObjectMapping/90b9d235d7e94c018f7cd9964f53afda/results/Matrix.ObjectMapping.Benchmarks.Collection-report-full.json

// * Detailed results *
Collection.Mapperly: Quick(Arguments=/p:MatrixMode=Benchmark, IterationCount=5, WarmupCount=2)
Runtime = .NET 10.0.10 (10.0.10, 10.0.1026.32716), X64 RyuJIT x86-64-v4; GC = Concurrent Workstation
Mean = 798.788 ns, StdErr = 2.407 ns (0.30%), N = 4, StdDev = 4.814 ns
Min = 792.882 ns, Q1 = 797.189 ns, Median = 798.800 ns, Q3 = 800.399 ns, Max = 804.669 ns
IQR = 3.209 ns, LowerFence = 792.375 ns, UpperFence = 805.213 ns
ConfidenceInterval = [767.678 ns; 829.898 ns] (CI 99.9%), Margin = 31.110 ns (3.89% of Mean)
Skewness = -0.01, Kurtosis = 1.12, MValue = 2
-------------------- Histogram --------------------
[788.901 ns ; 808.650 ns) | @@@@
---------------------------------------------------

Collection.HandCoded: Quick(Arguments=/p:MatrixMode=Benchmark, IterationCount=5, WarmupCount=2)
Runtime = .NET 10.0.10 (10.0.10, 10.0.1026.32716), X64 RyuJIT x86-64-v4; GC = Concurrent Workstation
Mean = 885.264 ns, StdErr = 2.141 ns (0.24%), N = 4, StdDev = 4.281 ns
Min = 879.304 ns, Q1 = 883.709 ns, Median = 886.345 ns, Q3 = 887.900 ns, Max = 889.060 ns
IQR = 4.190 ns, LowerFence = 877.423 ns, UpperFence = 894.185 ns
ConfidenceInterval = [857.598 ns; 912.929 ns] (CI 99.9%), Margin = 27.666 ns (3.13% of Mean)
Skewness = -0.46, Kurtosis = 1.11, MValue = 2
-------------------- Histogram --------------------
[875.764 ns ; 892.600 ns) | @@@@
---------------------------------------------------

Collection.AutoMapper: Quick(Arguments=/p:MatrixMode=Benchmark, IterationCount=5, WarmupCount=2)
Runtime = .NET 10.0.10 (10.0.10, 10.0.1026.32716), X64 RyuJIT x86-64-v4; GC = Concurrent Workstation
Mean = 944.409 ns, StdErr = 5.071 ns (0.54%), N = 5, StdDev = 11.339 ns
Min = 931.062 ns, Q1 = 933.803 ns, Median = 949.573 ns, Q3 = 950.601 ns, Max = 957.005 ns
IQR = 16.799 ns, LowerFence = 908.605 ns, UpperFence = 975.799 ns
ConfidenceInterval = [900.746 ns; 988.072 ns] (CI 99.9%), Margin = 43.663 ns (4.62% of Mean)
Skewness = -0.16, Kurtosis = 0.87, MValue = 2
-------------------- Histogram --------------------
[922.359 ns ; 941.757 ns) | @@
[941.757 ns ; 962.822 ns) | @@@
---------------------------------------------------

Collection.Mapster: Quick(Arguments=/p:MatrixMode=Benchmark, IterationCount=5, WarmupCount=2)
Runtime = .NET 10.0.10 (10.0.10, 10.0.1026.32716), X64 RyuJIT x86-64-v4; GC = Concurrent Workstation
Mean = 1.004 μs, StdErr = 0.012 μs (1.19%), N = 5, StdDev = 0.027 μs
Min = 0.973 μs, Q1 = 0.993 μs, Median = 0.994 μs, Q3 = 1.019 μs, Max = 1.042 μs
IQR = 0.026 μs, LowerFence = 0.953 μs, UpperFence = 1.059 μs
ConfidenceInterval = [0.901 μs; 1.107 μs] (CI 99.9%), Margin = 0.103 μs (10.28% of Mean)
Skewness = 0.24, Kurtosis = 1.2, MValue = 2
-------------------- Histogram --------------------
[0.963 μs ; 1.004 μs) | @@@
[1.004 μs ; 1.051 μs) | @@
---------------------------------------------------

// * Summary *

BenchmarkDotNet v0.15.8, Linux Ubuntu 24.04.4 LTS (Noble Numbat)
AMD EPYC 9V74 3.69GHz, 1 CPU, 4 logical and 2 physical cores
.NET SDK 10.0.302
  [Host] : .NET 10.0.10 (10.0.10, 10.0.1026.32716), X64 RyuJIT x86-64-v4
  Quick  : .NET 10.0.10 (10.0.10, 10.0.1026.32716), X64 RyuJIT x86-64-v4

Job=Quick  Arguments=/p:MatrixMode=Benchmark  IterationCount=5  
WarmupCount=2  

| Method     | Mean       | Error     | StdDev   | Ratio | RatioSD | Gen0   | Gen1   | Allocated | Alloc Ratio |
|----------- |-----------:|----------:|---------:|------:|--------:|-------:|-------:|----------:|------------:|
| Mapperly   |   798.8 ns |  31.11 ns |  4.81 ns |  0.90 |    0.01 | 0.3834 | 0.0086 |   6.27 KB |        1.00 |
| HandCoded  |   885.3 ns |  27.67 ns |  4.28 ns |  1.00 |    0.01 | 0.3834 | 0.0086 |   6.27 KB |        1.00 |
| AutoMapper |   944.4 ns |  43.66 ns | 11.34 ns |  1.07 |    0.01 | 0.3834 | 0.0086 |   6.27 KB |        1.00 |
| Mapster    | 1,004.3 ns | 103.22 ns | 26.81 ns |  1.13 |    0.03 | 0.3834 | 0.0076 |   6.27 KB |        1.00 |

// * Hints *
Outliers
  Collection.Mapperly: Quick  -> 1 outlier  was  removed (817.39 ns)
  Collection.HandCoded: Quick -> 1 outlier  was  removed, 2 outliers were detected (882.72 ns, 900.23 ns)

// * Legends *
  Mean        : Arithmetic mean of all measurements
  Error       : Half of 99.9% confidence interval
  StdDev      : Standard deviation of all measurements
  Ratio       : Mean of the ratio distribution ([Current]/[Baseline])
  RatioSD     : Standard deviation of the ratio distribution ([Current]/[Baseline])
  Gen0        : GC Generation 0 collects per 1000 operations
  Gen1        : GC Generation 1 collects per 1000 operations
  Allocated   : Allocated memory per single operation (managed only, inclusive, 1KB = 1024B)
  Alloc Ratio : Allocated memory ratio distribution ([Current]/[Baseline])
  1 ns        : 1 Nanosecond (0.000000001 sec)

// * Diagnostic Output - MemoryDiagnoser *


// ***** BenchmarkRunner: End *****
Run time: 00:00:34 (34.42 sec), executed benchmarks: 4

// Found 4 benchmarks:
//   CustomConversion.AutoMapper: Quick(Arguments=/p:MatrixMode=Benchmark, IterationCount=5, WarmupCount=2)
//   CustomConversion.HandCoded: Quick(Arguments=/p:MatrixMode=Benchmark, IterationCount=5, WarmupCount=2)
//   CustomConversion.Mapperly: Quick(Arguments=/p:MatrixMode=Benchmark, IterationCount=5, WarmupCount=2)
//   CustomConversion.Mapster: Quick(Arguments=/p:MatrixMode=Benchmark, IterationCount=5, WarmupCount=2)

// **************************
// Benchmark: CustomConversion.AutoMapper: Quick(Arguments=/p:MatrixMode=Benchmark, IterationCount=5, WarmupCount=2)
// *** Execute ***
// Launch: 1 / 1
// Execute: dotnet Matrix.ObjectMapping-Quick-1.dll --anonymousPipes 131 132 --benchmarkName Matrix.ObjectMapping.Benchmarks.CustomConversion.AutoMapper --job Quick --benchmarkId 4 in /home/runner/work/dotnet-matrix/dotnet-matrix/src/Matrix.ObjectMapping/bin/Benchmark/Release/net10.0/Matrix.ObjectMapping-Quick-1/bin/Release/net10.0
// Failed to set up high priority (Permission denied). In order to run benchmarks with high priority, make sure you have the right permissions.
// BeforeAnythingElse

// Benchmark Process Environment Information:
// BenchmarkDotNet v0.15.8
// Runtime=.NET 10.0.10 (10.0.10, 10.0.1026.32716), X64 RyuJIT x86-64-v4
// GC=Concurrent Workstation
// HardwareIntrinsics=AVX512 BITALG+VBMI2+VNNI+VPOPCNTDQ,AVX512 IFMA+VBMI,AVX512 F+BW+CD+DQ+VL,AVX2+BMI1+BMI2+F16C+FMA+LZCNT+MOVBE,AVX,SSE3+SSSE3+SSE4.1+SSE4.2+POPCNT,X86Base+SSE+SSE2,AES+PCLMUL VectorSize=256
// Job: Quick(IterationCount=5, WarmupCount=2)

OverheadJitting  1: 1 op, 226551.00 ns, 226.5510 us/op
WorkloadJitting  1: 1 op, 2045225.00 ns, 2.0452 ms/op

OverheadJitting  2: 16 op, 470960.00 ns, 29.4350 us/op
WorkloadJitting  2: 16 op, 643600.00 ns, 40.2250 us/op

WorkloadPilot    1: 16 op, 11908.00 ns, 744.2500 ns/op
WorkloadPilot    2: 32 op, 17527.00 ns, 547.7188 ns/op
WorkloadPilot    3: 64 op, 35824.00 ns, 559.7500 ns/op
WorkloadPilot    4: 128 op, 57106.00 ns, 446.1406 ns/op
WorkloadPilot    5: 256 op, 96696.00 ns, 377.7188 ns/op
WorkloadPilot    6: 512 op, 169626.00 ns, 331.3008 ns/op
WorkloadPilot    7: 1024 op, 313243.00 ns, 305.9014 ns/op
WorkloadPilot    8: 2048 op, 601196.00 ns, 293.5527 ns/op
WorkloadPilot    9: 4096 op, 1114000.00 ns, 271.9727 ns/op
WorkloadPilot   10: 8192 op, 2645860.00 ns, 322.9810 ns/op
WorkloadPilot   11: 16384 op, 4932598.00 ns, 301.0619 ns/op
WorkloadPilot   12: 32768 op, 9792236.00 ns, 298.8353 ns/op
WorkloadPilot   13: 65536 op, 19428278.00 ns, 296.4520 ns/op
WorkloadPilot   14: 131072 op, 39603161.00 ns, 302.1481 ns/op
WorkloadPilot   15: 262144 op, 69452404.00 ns, 264.9399 ns/op
WorkloadPilot   16: 524288 op, 53767851.00 ns, 102.5540 ns/op
WorkloadPilot   17: 1048576 op, 104018520.00 ns, 99.1998 ns/op
WorkloadPilot   18: 2097152 op, 207713140.00 ns, 99.0453 ns/op
WorkloadPilot   19: 4194304 op, 408617542.00 ns, 97.4220 ns/op
WorkloadPilot   20: 8388608 op, 817515658.00 ns, 97.4555 ns/op

OverheadWarmup   1: 8388608 op, 30952015.00 ns, 3.6898 ns/op
OverheadWarmup   2: 8388608 op, 30892686.00 ns, 3.6827 ns/op
OverheadWarmup   3: 8388608 op, 30899807.00 ns, 3.6835 ns/op
OverheadWarmup   4: 8388608 op, 30879005.00 ns, 3.6811 ns/op
OverheadWarmup   5: 8388608 op, 30918295.00 ns, 3.6857 ns/op
OverheadWarmup   6: 8388608 op, 31025696.00 ns, 3.6986 ns/op
OverheadWarmup   7: 8388608 op, 30868870.00 ns, 3.6799 ns/op

OverheadActual   1: 8388608 op, 28728769.00 ns, 3.4247 ns/op
OverheadActual   2: 8388608 op, 28632103.00 ns, 3.4132 ns/op
OverheadActual   3: 8388608 op, 30892091.00 ns, 3.6826 ns/op
OverheadActual   4: 8388608 op, 31028356.00 ns, 3.6989 ns/op
OverheadActual   5: 8388608 op, 30886702.00 ns, 3.6820 ns/op
OverheadActual   6: 8388608 op, 30984630.00 ns, 3.6937 ns/op
OverheadActual   7: 8388608 op, 30909387.00 ns, 3.6847 ns/op
OverheadActual   8: 8388608 op, 31022127.00 ns, 3.6981 ns/op
OverheadActual   9: 8388608 op, 32218941.00 ns, 3.8408 ns/op
OverheadActual  10: 8388608 op, 29251847.00 ns, 3.4871 ns/op
OverheadActual  11: 8388608 op, 24006568.00 ns, 2.8618 ns/op
OverheadActual  12: 8388608 op, 24003033.00 ns, 2.8614 ns/op
OverheadActual  13: 8388608 op, 24096123.00 ns, 2.8725 ns/op
OverheadActual  14: 8388608 op, 24049333.00 ns, 2.8669 ns/op
OverheadActual  15: 8388608 op, 24120070.00 ns, 2.8753 ns/op
OverheadActual  16: 8388608 op, 24111887.00 ns, 2.8744 ns/op
OverheadActual  17: 8388608 op, 24042302.00 ns, 2.8661 ns/op
OverheadActual  18: 8388608 op, 24017705.00 ns, 2.8631 ns/op
OverheadActual  19: 8388608 op, 24016203.00 ns, 2.8630 ns/op
OverheadActual  20: 8388608 op, 24018506.00 ns, 2.8632 ns/op

WorkloadWarmup   1: 8388608 op, 826377821.00 ns, 98.5119 ns/op
WorkloadWarmup   2: 8388608 op, 860743951.00 ns, 102.6087 ns/op

// BeforeActualRun
WorkloadActual   1: 8388608 op, 818099128.00 ns, 97.5250 ns/op
WorkloadActual   2: 8388608 op, 818603578.00 ns, 97.5852 ns/op
WorkloadActual   3: 8388608 op, 820108588.00 ns, 97.7646 ns/op
WorkloadActual   4: 8388608 op, 824263674.00 ns, 98.2599 ns/op
WorkloadActual   5: 8388608 op, 818014751.00 ns, 97.5150 ns/op

// AfterActualRun
WorkloadResult   1: 8388608 op, 791723041.50 ns, 94.3807 ns/op
WorkloadResult   2: 8388608 op, 792227491.50 ns, 94.4409 ns/op
WorkloadResult   3: 8388608 op, 793732501.50 ns, 94.6203 ns/op
WorkloadResult   4: 8388608 op, 791638664.50 ns, 94.3707 ns/op
// GC:  44 0 0 738197504 8388608
// Threading:  0 0 8388608

// AfterAll
// Benchmark Process 3121 has exited with code 0.

Mean = 94.453 ns, StdErr = 0.058 ns (0.06%), N = 4, StdDev = 0.116 ns
Min = 94.371 ns, Q1 = 94.378 ns, Median = 94.411 ns, Q3 = 94.486 ns, Max = 94.620 ns
IQR = 0.108 ns, LowerFence = 94.217 ns, UpperFence = 94.647 ns
ConfidenceInterval = [93.706 ns; 95.201 ns] (CI 99.9%), Margin = 0.747 ns (0.79% of Mean)
Skewness = 0.6, Kurtosis = 1.19, MValue = 2

// ** Remained 33 (86.8 %) benchmark(s) to run. Estimated finish 2026-07-31 9:47 (0h 4m from now) **
// **************************
// Benchmark: CustomConversion.HandCoded: Quick(Arguments=/p:MatrixMode=Benchmark, IterationCount=5, WarmupCount=2)
// *** Execute ***
// Launch: 1 / 1
// Execute: dotnet Matrix.ObjectMapping-Quick-1.dll --anonymousPipes 131 132 --benchmarkName Matrix.ObjectMapping.Benchmarks.CustomConversion.HandCoded --job Quick --benchmarkId 5 in /home/runner/work/dotnet-matrix/dotnet-matrix/src/Matrix.ObjectMapping/bin/Benchmark/Release/net10.0/Matrix.ObjectMapping-Quick-1/bin/Release/net10.0
// Failed to set up high priority (Permission denied). In order to run benchmarks with high priority, make sure you have the right permissions.
// BeforeAnythingElse

// Benchmark Process Environment Information:
// BenchmarkDotNet v0.15.8
// Runtime=.NET 10.0.10 (10.0.10, 10.0.1026.32716), X64 RyuJIT x86-64-v4
// GC=Concurrent Workstation
// HardwareIntrinsics=AVX512 BITALG+VBMI2+VNNI+VPOPCNTDQ,AVX512 IFMA+VBMI,AVX512 F+BW+CD+DQ+VL,AVX2+BMI1+BMI2+F16C+FMA+LZCNT+MOVBE,AVX,SSE3+SSSE3+SSE4.1+SSE4.2+POPCNT,X86Base+SSE+SSE2,AES+PCLMUL VectorSize=256
// Job: Quick(IterationCount=5, WarmupCount=2)

OverheadJitting  1: 1 op, 199240.00 ns, 199.2400 us/op
WorkloadJitting  1: 1 op, 380133.00 ns, 380.1330 us/op

OverheadJitting  2: 16 op, 395687.00 ns, 24.7304 us/op
WorkloadJitting  2: 16 op, 386773.00 ns, 24.1733 us/op

WorkloadPilot    1: 16 op, 12328.00 ns, 770.5000 ns/op
WorkloadPilot    2: 32 op, 7542.00 ns, 235.6875 ns/op
WorkloadPilot    3: 64 op, 28002.00 ns, 437.5313 ns/op
WorkloadPilot    4: 128 op, 34602.00 ns, 270.3281 ns/op
WorkloadPilot    5: 256 op, 74793.00 ns, 292.1602 ns/op
WorkloadPilot    6: 512 op, 73651.00 ns, 143.8496 ns/op
WorkloadPilot    7: 1024 op, 168063.00 ns, 164.1240 ns/op
WorkloadPilot    8: 2048 op, 280122.00 ns, 136.7783 ns/op
WorkloadPilot    9: 4096 op, 436929.00 ns, 106.6721 ns/op
WorkloadPilot   10: 8192 op, 951645.00 ns, 116.1676 ns/op
WorkloadPilot   11: 16384 op, 1932915.00 ns, 117.9758 ns/op
WorkloadPilot   12: 32768 op, 3863555.00 ns, 117.9063 ns/op
WorkloadPilot   13: 65536 op, 7624086.00 ns, 116.3343 ns/op
WorkloadPilot   14: 131072 op, 15002701.00 ns, 114.4615 ns/op
WorkloadPilot   15: 262144 op, 25418618.00 ns, 96.9643 ns/op
WorkloadPilot   16: 524288 op, 50434297.00 ns, 96.1958 ns/op
WorkloadPilot   17: 1048576 op, 62226237.00 ns, 59.3436 ns/op
WorkloadPilot   18: 2097152 op, 104553331.00 ns, 49.8549 ns/op
WorkloadPilot   19: 4194304 op, 208800680.00 ns, 49.7820 ns/op
WorkloadPilot   20: 8388608 op, 418261934.00 ns, 49.8607 ns/op
WorkloadPilot   21: 16777216 op, 834445841.00 ns, 49.7368 ns/op

OverheadWarmup   1: 16777216 op, 57302117.00 ns, 3.4155 ns/op
OverheadWarmup   2: 16777216 op, 61791957.00 ns, 3.6831 ns/op
OverheadWarmup   3: 16777216 op, 61801892.00 ns, 3.6837 ns/op
OverheadWarmup   4: 16777216 op, 65303150.00 ns, 3.8924 ns/op
OverheadWarmup   5: 16777216 op, 48024581.00 ns, 2.8625 ns/op
OverheadWarmup   6: 16777216 op, 48442510.00 ns, 2.8874 ns/op
OverheadWarmup   7: 16777216 op, 48091742.00 ns, 2.8665 ns/op

OverheadActual   1: 16777216 op, 43597957.00 ns, 2.5986 ns/op
OverheadActual   2: 16777216 op, 43509063.00 ns, 2.5933 ns/op
OverheadActual   3: 16777216 op, 43488152.00 ns, 2.5921 ns/op
OverheadActual   4: 16777216 op, 48095638.00 ns, 2.8667 ns/op
OverheadActual   5: 16777216 op, 48016709.00 ns, 2.8620 ns/op
OverheadActual   6: 16777216 op, 48056358.00 ns, 2.8644 ns/op
OverheadActual   7: 16777216 op, 48076970.00 ns, 2.8656 ns/op
OverheadActual   8: 16777216 op, 48148938.00 ns, 2.8699 ns/op
OverheadActual   9: 16777216 op, 48064891.00 ns, 2.8649 ns/op
OverheadActual  10: 16777216 op, 48082568.00 ns, 2.8659 ns/op
OverheadActual  11: 16777216 op, 48092193.00 ns, 2.8665 ns/op
OverheadActual  12: 16777216 op, 48038912.00 ns, 2.8633 ns/op
OverheadActual  13: 16777216 op, 43474311.00 ns, 2.5913 ns/op
OverheadActual  14: 16777216 op, 48138021.00 ns, 2.8692 ns/op
OverheadActual  15: 16777216 op, 43468863.00 ns, 2.5909 ns/op
OverheadActual  16: 16777216 op, 48102568.00 ns, 2.8671 ns/op

WorkloadWarmup   1: 16777216 op, 845486166.00 ns, 50.3949 ns/op
WorkloadWarmup   2: 16777216 op, 846549769.00 ns, 50.4583 ns/op

// BeforeActualRun
WorkloadActual   1: 16777216 op, 842142625.00 ns, 50.1956 ns/op
WorkloadActual   2: 16777216 op, 850010400.00 ns, 50.6646 ns/op
WorkloadActual   3: 16777216 op, 836313157.00 ns, 49.8481 ns/op
WorkloadActual   4: 16777216 op, 834866646.00 ns, 49.7619 ns/op
WorkloadActual   5: 16777216 op, 835216529.00 ns, 49.7828 ns/op

// AfterActualRun
WorkloadResult   1: 16777216 op, 794082000.50 ns, 47.3310 ns/op
WorkloadResult   2: 16777216 op, 801949775.50 ns, 47.7999 ns/op
WorkloadResult   3: 16777216 op, 788252532.50 ns, 46.9835 ns/op
WorkloadResult   4: 16777216 op, 786806021.50 ns, 46.8973 ns/op
WorkloadResult   5: 16777216 op, 787155904.50 ns, 46.9181 ns/op
// GC:  88 0 0 1476395008 16777216
// Threading:  0 0 16777216

// AfterAll
// Benchmark Process 3134 has exited with code 0.

Mean = 47.186 ns, StdErr = 0.172 ns (0.37%), N = 5, StdDev = 0.385 ns
Min = 46.897 ns, Q1 = 46.918 ns, Median = 46.984 ns, Q3 = 47.331 ns, Max = 47.800 ns
IQR = 0.413 ns, LowerFence = 46.299 ns, UpperFence = 47.950 ns
ConfidenceInterval = [45.702 ns; 48.670 ns] (CI 99.9%), Margin = 1.484 ns (3.14% of Mean)
Skewness = 0.64, Kurtosis = 1.42, MValue = 2

// ** Remained 32 (84.2 %) benchmark(s) to run. Estimated finish 2026-07-31 9:47 (0h 4m from now) **
// **************************
// Benchmark: CustomConversion.Mapperly: Quick(Arguments=/p:MatrixMode=Benchmark, IterationCount=5, WarmupCount=2)
// *** Execute ***
// Launch: 1 / 1
// Execute: dotnet Matrix.ObjectMapping-Quick-1.dll --anonymousPipes 131 132 --benchmarkName Matrix.ObjectMapping.Benchmarks.CustomConversion.Mapperly --job Quick --benchmarkId 6 in /home/runner/work/dotnet-matrix/dotnet-matrix/src/Matrix.ObjectMapping/bin/Benchmark/Release/net10.0/Matrix.ObjectMapping-Quick-1/bin/Release/net10.0
// Failed to set up high priority (Permission denied). In order to run benchmarks with high priority, make sure you have the right permissions.
// BeforeAnythingElse

// Benchmark Process Environment Information:
// BenchmarkDotNet v0.15.8
// Runtime=.NET 10.0.10 (10.0.10, 10.0.1026.32716), X64 RyuJIT x86-64-v4
// GC=Concurrent Workstation
// HardwareIntrinsics=AVX512 BITALG+VBMI2+VNNI+VPOPCNTDQ,AVX512 IFMA+VBMI,AVX512 F+BW+CD+DQ+VL,AVX2+BMI1+BMI2+F16C+FMA+LZCNT+MOVBE,AVX,SSE3+SSSE3+SSE4.1+SSE4.2+POPCNT,X86Base+SSE+SSE2,AES+PCLMUL VectorSize=256
// Job: Quick(IterationCount=5, WarmupCount=2)

OverheadJitting  1: 1 op, 241764.00 ns, 241.7640 us/op
WorkloadJitting  1: 1 op, 452621.00 ns, 452.6210 us/op

OverheadJitting  2: 16 op, 385991.00 ns, 24.1244 us/op
WorkloadJitting  2: 16 op, 387954.00 ns, 24.2471 us/op

WorkloadPilot    1: 16 op, 10856.00 ns, 678.5000 ns/op
WorkloadPilot    2: 32 op, 5588.00 ns, 174.6250 ns/op
WorkloadPilot    3: 64 op, 20821.00 ns, 325.3281 ns/op
WorkloadPilot    4: 128 op, 25389.00 ns, 198.3516 ns/op
WorkloadPilot    5: 256 op, 43585.00 ns, 170.2539 ns/op
WorkloadPilot    6: 512 op, 66680.00 ns, 130.2344 ns/op
WorkloadPilot    7: 1024 op, 169004.00 ns, 165.0430 ns/op
WorkloadPilot    8: 2048 op, 274313.00 ns, 133.9419 ns/op
WorkloadPilot    9: 4096 op, 445450.00 ns, 108.7524 ns/op
WorkloadPilot   10: 8192 op, 954187.00 ns, 116.4779 ns/op
WorkloadPilot   11: 16384 op, 1964118.00 ns, 119.8802 ns/op
WorkloadPilot   12: 32768 op, 3944179.00 ns, 120.3668 ns/op
WorkloadPilot   13: 65536 op, 7698873.00 ns, 117.4755 ns/op
WorkloadPilot   14: 131072 op, 15963026.00 ns, 121.7882 ns/op
WorkloadPilot   15: 262144 op, 26500243.00 ns, 101.0904 ns/op
WorkloadPilot   16: 524288 op, 52635525.00 ns, 100.3943 ns/op
WorkloadPilot   17: 1048576 op, 64876648.00 ns, 61.8712 ns/op
WorkloadPilot   18: 2097152 op, 105054044.00 ns, 50.0937 ns/op
WorkloadPilot   19: 4194304 op, 210625399.00 ns, 50.2170 ns/op
WorkloadPilot   20: 8388608 op, 421204108.00 ns, 50.2114 ns/op
WorkloadPilot   21: 16777216 op, 840788095.00 ns, 50.1149 ns/op

OverheadWarmup   1: 16777216 op, 57849467.00 ns, 3.4481 ns/op
OverheadWarmup   2: 16777216 op, 62211095.00 ns, 3.7081 ns/op
OverheadWarmup   3: 16777216 op, 62106887.00 ns, 3.7019 ns/op
OverheadWarmup   4: 16777216 op, 66871963.00 ns, 3.9859 ns/op
OverheadWarmup   5: 16777216 op, 43831039.00 ns, 2.6125 ns/op

OverheadActual   1: 16777216 op, 48309512.00 ns, 2.8795 ns/op
OverheadActual   2: 16777216 op, 43735524.00 ns, 2.6068 ns/op
OverheadActual   3: 16777216 op, 48481181.00 ns, 2.8897 ns/op
OverheadActual   4: 16777216 op, 43780773.00 ns, 2.6095 ns/op
OverheadActual   5: 16777216 op, 48342893.00 ns, 2.8815 ns/op
OverheadActual   6: 16777216 op, 48344274.00 ns, 2.8815 ns/op
OverheadActual   7: 16777216 op, 48349693.00 ns, 2.8819 ns/op
OverheadActual   8: 16777216 op, 48450700.00 ns, 2.8879 ns/op
OverheadActual   9: 16777216 op, 43775855.00 ns, 2.6092 ns/op
OverheadActual  10: 16777216 op, 48317985.00 ns, 2.8800 ns/op
OverheadActual  11: 16777216 op, 48352297.00 ns, 2.8820 ns/op
OverheadActual  12: 16777216 op, 48349272.00 ns, 2.8818 ns/op
OverheadActual  13: 16777216 op, 48327399.00 ns, 2.8805 ns/op
OverheadActual  14: 16777216 op, 48359628.00 ns, 2.8825 ns/op
OverheadActual  15: 16777216 op, 48322371.00 ns, 2.8802 ns/op
OverheadActual  16: 16777216 op, 48352978.00 ns, 2.8821 ns/op

WorkloadWarmup   1: 16777216 op, 851363810.00 ns, 50.7452 ns/op
WorkloadWarmup   2: 16777216 op, 850526270.00 ns, 50.6953 ns/op

// BeforeActualRun
WorkloadActual   1: 16777216 op, 843596478.00 ns, 50.2823 ns/op
WorkloadActual   2: 16777216 op, 846073273.00 ns, 50.4299 ns/op
WorkloadActual   3: 16777216 op, 840648169.00 ns, 50.1065 ns/op
WorkloadActual   4: 16777216 op, 843764699.00 ns, 50.2923 ns/op
WorkloadActual   5: 16777216 op, 850308927.00 ns, 50.6824 ns/op

// AfterActualRun
WorkloadResult   1: 16777216 op, 795252894.50 ns, 47.4008 ns/op
WorkloadResult   2: 16777216 op, 797729689.50 ns, 47.5484 ns/op
WorkloadResult   3: 16777216 op, 792304585.50 ns, 47.2250 ns/op
WorkloadResult   4: 16777216 op, 795421115.50 ns, 47.4108 ns/op
// GC:  88 0 0 1476395008 16777216
// Threading:  0 0 16777216

// AfterAll
// Benchmark Process 3147 has exited with code 0.

Mean = 47.396 ns, StdErr = 0.066 ns (0.14%), N = 4, StdDev = 0.133 ns
Min = 47.225 ns, Q1 = 47.357 ns, Median = 47.406 ns, Q3 = 47.445 ns, Max = 47.548 ns
IQR = 0.088 ns, LowerFence = 47.224 ns, UpperFence = 47.578 ns
ConfidenceInterval = [46.540 ns; 48.253 ns] (CI 99.9%), Margin = 0.856 ns (1.81% of Mean)
Skewness = -0.16, Kurtosis = 1.13, MValue = 2

// ** Remained 31 (81.6 %) benchmark(s) to run. Estimated finish 2026-07-31 9:47 (0h 4m from now) **
// **************************
// Benchmark: CustomConversion.Mapster: Quick(Arguments=/p:MatrixMode=Benchmark, IterationCount=5, WarmupCount=2)
// *** Execute ***
// Launch: 1 / 1
// Execute: dotnet Matrix.ObjectMapping-Quick-1.dll --anonymousPipes 131 132 --benchmarkName Matrix.ObjectMapping.Benchmarks.CustomConversion.Mapster --job Quick --benchmarkId 7 in /home/runner/work/dotnet-matrix/dotnet-matrix/src/Matrix.ObjectMapping/bin/Benchmark/Release/net10.0/Matrix.ObjectMapping-Quick-1/bin/Release/net10.0
// Failed to set up high priority (Permission denied). In order to run benchmarks with high priority, make sure you have the right permissions.
// BeforeAnythingElse

// Benchmark Process Environment Information:
// BenchmarkDotNet v0.15.8
// Runtime=.NET 10.0.10 (10.0.10, 10.0.1026.32716), X64 RyuJIT x86-64-v4
// GC=Concurrent Workstation
// HardwareIntrinsics=AVX512 BITALG+VBMI2+VNNI+VPOPCNTDQ,AVX512 IFMA+VBMI,AVX512 F+BW+CD+DQ+VL,AVX2+BMI1+BMI2+F16C+FMA+LZCNT+MOVBE,AVX,SSE3+SSSE3+SSE4.1+SSE4.2+POPCNT,X86Base+SSE+SSE2,AES+PCLMUL VectorSize=256
// Job: Quick(IterationCount=5, WarmupCount=2)

OverheadJitting  1: 1 op, 253733.00 ns, 253.7330 us/op
WorkloadJitting  1: 1 op, 11513040.00 ns, 11.5130 ms/op

OverheadJitting  2: 16 op, 442067.00 ns, 27.6292 us/op
WorkloadJitting  2: 16 op, 410960.00 ns, 25.6850 us/op

WorkloadPilot    1: 16 op, 9345.00 ns, 584.0625 ns/op
WorkloadPilot    2: 32 op, 19259.00 ns, 601.8438 ns/op
WorkloadPilot    3: 64 op, 34301.00 ns, 535.9531 ns/op
WorkloadPilot    4: 128 op, 49905.00 ns, 389.8828 ns/op
WorkloadPilot    5: 256 op, 82664.00 ns, 322.9063 ns/op
WorkloadPilot    6: 512 op, 132200.00 ns, 258.2031 ns/op
WorkloadPilot    7: 1024 op, 242135.00 ns, 236.4600 ns/op
WorkloadPilot    8: 2048 op, 452282.00 ns, 220.8408 ns/op
WorkloadPilot    9: 4096 op, 965906.00 ns, 235.8169 ns/op
WorkloadPilot   10: 8192 op, 2026886.00 ns, 247.4226 ns/op
WorkloadPilot   11: 16384 op, 3651086.00 ns, 222.8446 ns/op
WorkloadPilot   12: 32768 op, 7273146.00 ns, 221.9588 ns/op
WorkloadPilot   13: 65536 op, 14696399.00 ns, 224.2493 ns/op
WorkloadPilot   14: 131072 op, 30864559.00 ns, 235.4779 ns/op
WorkloadPilot   15: 262144 op, 51917242.00 ns, 198.0486 ns/op
WorkloadPilot   16: 524288 op, 97272590.00 ns, 185.5327 ns/op
WorkloadPilot   17: 1048576 op, 78530050.00 ns, 74.8921 ns/op
WorkloadPilot   18: 2097152 op, 159619368.00 ns, 76.1124 ns/op
WorkloadPilot   19: 4194304 op, 313845353.00 ns, 74.8266 ns/op
WorkloadPilot   20: 8388608 op, 633054556.00 ns, 75.4660 ns/op

OverheadWarmup   1: 8388608 op, 30889035.00 ns, 3.6823 ns/op
OverheadWarmup   2: 8388608 op, 30933002.00 ns, 3.6875 ns/op
OverheadWarmup   3: 8388608 op, 28687856.00 ns, 3.4199 ns/op
OverheadWarmup   4: 8388608 op, 30977929.00 ns, 3.6929 ns/op
OverheadWarmup   5: 8388608 op, 30905270.00 ns, 3.6842 ns/op

OverheadActual   1: 8388608 op, 30948895.00 ns, 3.6894 ns/op
OverheadActual   2: 8388608 op, 30931840.00 ns, 3.6874 ns/op
OverheadActual   3: 8388608 op, 30990208.00 ns, 3.6943 ns/op
OverheadActual   4: 8388608 op, 33279270.00 ns, 3.9672 ns/op
OverheadActual   5: 8388608 op, 30901975.00 ns, 3.6838 ns/op
OverheadActual   6: 8388608 op, 30941154.00 ns, 3.6885 ns/op
OverheadActual   7: 8388608 op, 30901044.00 ns, 3.6837 ns/op
OverheadActual   8: 8388608 op, 37940978.00 ns, 4.5229 ns/op
OverheadActual   9: 8388608 op, 24376846.00 ns, 2.9059 ns/op
OverheadActual  10: 8388608 op, 24018275.00 ns, 2.8632 ns/op
OverheadActual  11: 8388608 op, 24056302.00 ns, 2.8677 ns/op
OverheadActual  12: 8388608 op, 24203375.00 ns, 2.8853 ns/op
OverheadActual  13: 8388608 op, 24023754.00 ns, 2.8639 ns/op
OverheadActual  14: 8388608 op, 24048961.00 ns, 2.8669 ns/op
OverheadActual  15: 8388608 op, 24064415.00 ns, 2.8687 ns/op
OverheadActual  16: 8388608 op, 24360842.00 ns, 2.9040 ns/op
OverheadActual  17: 8388608 op, 24037134.00 ns, 2.8654 ns/op
OverheadActual  18: 8388608 op, 24280581.00 ns, 2.8945 ns/op
OverheadActual  19: 8388608 op, 24034450.00 ns, 2.8651 ns/op
OverheadActual  20: 8388608 op, 24015210.00 ns, 2.8628 ns/op

WorkloadWarmup   1: 8388608 op, 638731085.00 ns, 76.1427 ns/op
WorkloadWarmup   2: 8388608 op, 635030725.00 ns, 75.7016 ns/op

// BeforeActualRun
WorkloadActual   1: 8388608 op, 637295671.00 ns, 75.9716 ns/op
WorkloadActual   2: 8388608 op, 629888461.00 ns, 75.0886 ns/op
WorkloadActual   3: 8388608 op, 631008874.00 ns, 75.2221 ns/op
WorkloadActual   4: 8388608 op, 629935117.00 ns, 75.0941 ns/op
WorkloadActual   5: 8388608 op, 630916766.00 ns, 75.2111 ns/op

// AfterActualRun
WorkloadResult   1: 8388608 op, 605567749.50 ns, 72.1893 ns/op
WorkloadResult   2: 8388608 op, 606688162.50 ns, 72.3229 ns/op
WorkloadResult   3: 8388608 op, 605614405.50 ns, 72.1949 ns/op
WorkloadResult   4: 8388608 op, 606596054.50 ns, 72.3119 ns/op
// GC:  56 0 0 939524096 8388608
// Threading:  0 0 8388608

// AfterAll
// Benchmark Process 3157 has exited with code 0.

Mean = 72.255 ns, StdErr = 0.036 ns (0.05%), N = 4, StdDev = 0.073 ns
Min = 72.189 ns, Q1 = 72.193 ns, Median = 72.253 ns, Q3 = 72.315 ns, Max = 72.323 ns
IQR = 0.121 ns, LowerFence = 72.012 ns, UpperFence = 72.496 ns
ConfidenceInterval = [71.786 ns; 72.723 ns] (CI 99.9%), Margin = 0.469 ns (0.65% of Mean)
Skewness = 0.01, Kurtosis = 0.57, MValue = 2

// ** Remained 30 (78.9 %) benchmark(s) to run. Estimated finish 2026-07-31 9:47 (0h 4m from now) **
// ***** BenchmarkRunner: Finish  *****

// * Export *
  tmp/dotnet-matrix/ObjectMapping/90b9d235d7e94c018f7cd9964f53afda/results/Matrix.ObjectMapping.Benchmarks.CustomConversion-report.csv
  tmp/dotnet-matrix/ObjectMapping/90b9d235d7e94c018f7cd9964f53afda/results/Matrix.ObjectMapping.Benchmarks.CustomConversion-report-github.md
  tmp/dotnet-matrix/ObjectMapping/90b9d235d7e94c018f7cd9964f53afda/results/Matrix.ObjectMapping.Benchmarks.CustomConversion-report.html
  tmp/dotnet-matrix/ObjectMapping/90b9d235d7e94c018f7cd9964f53afda/results/Matrix.ObjectMapping.Benchmarks.CustomConversion-report-full.json

// * Detailed results *
CustomConversion.HandCoded: Quick(Arguments=/p:MatrixMode=Benchmark, IterationCount=5, WarmupCount=2)
Runtime = .NET 10.0.10 (10.0.10, 10.0.1026.32716), X64 RyuJIT x86-64-v4; GC = Concurrent Workstation
Mean = 47.186 ns, StdErr = 0.172 ns (0.37%), N = 5, StdDev = 0.385 ns
Min = 46.897 ns, Q1 = 46.918 ns, Median = 46.984 ns, Q3 = 47.331 ns, Max = 47.800 ns
IQR = 0.413 ns, LowerFence = 46.299 ns, UpperFence = 47.950 ns
ConfidenceInterval = [45.702 ns; 48.670 ns] (CI 99.9%), Margin = 1.484 ns (3.14% of Mean)
Skewness = 0.64, Kurtosis = 1.42, MValue = 2
-------------------- Histogram --------------------
[46.601 ns ; 48.096 ns) | @@@@@
---------------------------------------------------

CustomConversion.Mapperly: Quick(Arguments=/p:MatrixMode=Benchmark, IterationCount=5, WarmupCount=2)
Runtime = .NET 10.0.10 (10.0.10, 10.0.1026.32716), X64 RyuJIT x86-64-v4; GC = Concurrent Workstation
Mean = 47.396 ns, StdErr = 0.066 ns (0.14%), N = 4, StdDev = 0.133 ns
Min = 47.225 ns, Q1 = 47.357 ns, Median = 47.406 ns, Q3 = 47.445 ns, Max = 47.548 ns
IQR = 0.088 ns, LowerFence = 47.224 ns, UpperFence = 47.578 ns
ConfidenceInterval = [46.540 ns; 48.253 ns] (CI 99.9%), Margin = 0.856 ns (1.81% of Mean)
Skewness = -0.16, Kurtosis = 1.13, MValue = 2
-------------------- Histogram --------------------
[47.115 ns ; 47.658 ns) | @@@@
---------------------------------------------------

CustomConversion.Mapster: Quick(Arguments=/p:MatrixMode=Benchmark, IterationCount=5, WarmupCount=2)
Runtime = .NET 10.0.10 (10.0.10, 10.0.1026.32716), X64 RyuJIT x86-64-v4; GC = Concurrent Workstation
Mean = 72.255 ns, StdErr = 0.036 ns (0.05%), N = 4, StdDev = 0.073 ns
Min = 72.189 ns, Q1 = 72.193 ns, Median = 72.253 ns, Q3 = 72.315 ns, Max = 72.323 ns
IQR = 0.121 ns, LowerFence = 72.012 ns, UpperFence = 72.496 ns
ConfidenceInterval = [71.786 ns; 72.723 ns] (CI 99.9%), Margin = 0.469 ns (0.65% of Mean)
Skewness = 0.01, Kurtosis = 0.57, MValue = 2
-------------------- Histogram --------------------
[72.129 ns ; 72.383 ns) | @@@@
---------------------------------------------------

CustomConversion.AutoMapper: Quick(Arguments=/p:MatrixMode=Benchmark, IterationCount=5, WarmupCount=2)
Runtime = .NET 10.0.10 (10.0.10, 10.0.1026.32716), X64 RyuJIT x86-64-v4; GC = Concurrent Workstation
Mean = 94.453 ns, StdErr = 0.058 ns (0.06%), N = 4, StdDev = 0.116 ns
Min = 94.371 ns, Q1 = 94.378 ns, Median = 94.411 ns, Q3 = 94.486 ns, Max = 94.620 ns
IQR = 0.108 ns, LowerFence = 94.217 ns, UpperFence = 94.647 ns
ConfidenceInterval = [93.706 ns; 95.201 ns] (CI 99.9%), Margin = 0.747 ns (0.79% of Mean)
Skewness = 0.6, Kurtosis = 1.19, MValue = 2
-------------------- Histogram --------------------
[94.275 ns ; 94.716 ns) | @@@@
---------------------------------------------------

// * Summary *

BenchmarkDotNet v0.15.8, Linux Ubuntu 24.04.4 LTS (Noble Numbat)
AMD EPYC 9V74 3.69GHz, 1 CPU, 4 logical and 2 physical cores
.NET SDK 10.0.302
  [Host] : .NET 10.0.10 (10.0.10, 10.0.1026.32716), X64 RyuJIT x86-64-v4
  Quick  : .NET 10.0.10 (10.0.10, 10.0.1026.32716), X64 RyuJIT x86-64-v4

Job=Quick  Arguments=/p:MatrixMode=Benchmark  IterationCount=5  
WarmupCount=2  

| Method     | Mean     | Error    | StdDev   | Ratio | RatioSD | Gen0   | Allocated | Alloc Ratio |
|----------- |---------:|---------:|---------:|------:|--------:|-------:|----------:|------------:|
| HandCoded  | 47.19 ns | 1.484 ns | 0.385 ns |  1.00 |    0.01 | 0.0052 |      88 B |        1.00 |
| Mapperly   | 47.40 ns | 0.856 ns | 0.133 ns |  1.00 |    0.01 | 0.0052 |      88 B |        1.00 |
| Mapster    | 72.25 ns | 0.469 ns | 0.073 ns |  1.53 |    0.01 | 0.0067 |     112 B |        1.27 |
| AutoMapper | 94.45 ns | 0.747 ns | 0.116 ns |  2.00 |    0.02 | 0.0052 |      88 B |        1.00 |

// * Hints *
Outliers
  CustomConversion.Mapperly: Quick   -> 1 outlier  was  removed (50.68 ns)
  CustomConversion.Mapster: Quick    -> 1 outlier  was  removed (75.97 ns)
  CustomConversion.AutoMapper: Quick -> 1 outlier  was  removed (98.26 ns)

// * Legends *
  Mean        : Arithmetic mean of all measurements
  Error       : Half of 99.9% confidence interval
  StdDev      : Standard deviation of all measurements
  Ratio       : Mean of the ratio distribution ([Current]/[Baseline])
  RatioSD     : Standard deviation of the ratio distribution ([Current]/[Baseline])
  Gen0        : GC Generation 0 collects per 1000 operations
  Allocated   : Allocated memory per single operation (managed only, inclusive, 1KB = 1024B)
  Alloc Ratio : Allocated memory ratio distribution ([Current]/[Baseline])
  1 ns        : 1 Nanosecond (0.000000001 sec)

// * Diagnostic Output - MemoryDiagnoser *


// ***** BenchmarkRunner: End *****
Run time: 00:00:36 (36.41 sec), executed benchmarks: 4

// Found 4 benchmarks:
//   Flattening.AutoMapper: Quick(Arguments=/p:MatrixMode=Benchmark, IterationCount=5, WarmupCount=2)
//   Flattening.HandCoded: Quick(Arguments=/p:MatrixMode=Benchmark, IterationCount=5, WarmupCount=2)
//   Flattening.Mapperly: Quick(Arguments=/p:MatrixMode=Benchmark, IterationCount=5, WarmupCount=2)
//   Flattening.Mapster: Quick(Arguments=/p:MatrixMode=Benchmark, IterationCount=5, WarmupCount=2)

// **************************
// Benchmark: Flattening.AutoMapper: Quick(Arguments=/p:MatrixMode=Benchmark, IterationCount=5, WarmupCount=2)
// *** Execute ***
// Launch: 1 / 1
// Execute: dotnet Matrix.ObjectMapping-Quick-1.dll --anonymousPipes 131 132 --benchmarkName Matrix.ObjectMapping.Benchmarks.Flattening.AutoMapper --job Quick --benchmarkId 8 in /home/runner/work/dotnet-matrix/dotnet-matrix/src/Matrix.ObjectMapping/bin/Benchmark/Release/net10.0/Matrix.ObjectMapping-Quick-1/bin/Release/net10.0
// Failed to set up high priority (Permission denied). In order to run benchmarks with high priority, make sure you have the right permissions.
// BeforeAnythingElse

// Benchmark Process Environment Information:
// BenchmarkDotNet v0.15.8
// Runtime=.NET 10.0.10 (10.0.10, 10.0.1026.32716), X64 RyuJIT x86-64-v4
// GC=Concurrent Workstation
// HardwareIntrinsics=AVX512 BITALG+VBMI2+VNNI+VPOPCNTDQ,AVX512 IFMA+VBMI,AVX512 F+BW+CD+DQ+VL,AVX2+BMI1+BMI2+F16C+FMA+LZCNT+MOVBE,AVX,SSE3+SSSE3+SSE4.1+SSE4.2+POPCNT,X86Base+SSE+SSE2,AES+PCLMUL VectorSize=256
// Job: Quick(IterationCount=5, WarmupCount=2)

OverheadJitting  1: 1 op, 213652.00 ns, 213.6520 us/op
WorkloadJitting  1: 1 op, 1893855.00 ns, 1.8939 ms/op

OverheadJitting  2: 16 op, 613174.00 ns, 38.3234 us/op
WorkloadJitting  2: 16 op, 848720.00 ns, 53.0450 us/op

WorkloadPilot    1: 16 op, 9624.00 ns, 601.5000 ns/op
WorkloadPilot    2: 32 op, 12819.00 ns, 400.5938 ns/op
WorkloadPilot    3: 64 op, 21092.00 ns, 329.5625 ns/op
WorkloadPilot    4: 128 op, 45228.00 ns, 353.3438 ns/op
WorkloadPilot    5: 256 op, 97507.00 ns, 380.8867 ns/op
WorkloadPilot    6: 512 op, 136035.00 ns, 265.6934 ns/op
WorkloadPilot    7: 1024 op, 239191.00 ns, 233.5850 ns/op
WorkloadPilot    8: 2048 op, 471461.00 ns, 230.2056 ns/op
WorkloadPilot    9: 4096 op, 873517.00 ns, 213.2610 ns/op
WorkloadPilot   10: 8192 op, 2004052.00 ns, 244.6353 ns/op
WorkloadPilot   11: 16384 op, 3829434.00 ns, 233.7301 ns/op
WorkloadPilot   12: 32768 op, 7605738.00 ns, 232.1087 ns/op
WorkloadPilot   13: 65536 op, 15080959.00 ns, 230.1172 ns/op
WorkloadPilot   14: 131072 op, 30080175.00 ns, 229.4935 ns/op
WorkloadPilot   15: 262144 op, 55028622.00 ns, 209.9175 ns/op
WorkloadPilot   16: 524288 op, 30224292.00 ns, 57.6483 ns/op
WorkloadPilot   17: 1048576 op, 57863056.00 ns, 55.1825 ns/op
WorkloadPilot   18: 2097152 op, 116700371.00 ns, 55.6471 ns/op
WorkloadPilot   19: 4194304 op, 228486252.00 ns, 54.4754 ns/op
WorkloadPilot   20: 8388608 op, 454345783.00 ns, 54.1622 ns/op
WorkloadPilot   21: 16777216 op, 908316731.00 ns, 54.1399 ns/op

OverheadWarmup   1: 16777216 op, 57532968.00 ns, 3.4292 ns/op
OverheadWarmup   2: 16777216 op, 57567209.00 ns, 3.4313 ns/op
OverheadWarmup   3: 16777216 op, 57511897.00 ns, 3.4280 ns/op
OverheadWarmup   4: 16777216 op, 64793536.00 ns, 3.8620 ns/op
OverheadWarmup   5: 16777216 op, 48410794.00 ns, 2.8855 ns/op

OverheadActual   1: 16777216 op, 48371444.00 ns, 2.8832 ns/op
OverheadActual   2: 16777216 op, 48361690.00 ns, 2.8826 ns/op
OverheadActual   3: 16777216 op, 48374259.00 ns, 2.8833 ns/op
OverheadActual   4: 16777216 op, 48343072.00 ns, 2.8815 ns/op
OverheadActual   5: 16777216 op, 48329241.00 ns, 2.8806 ns/op
OverheadActual   6: 16777216 op, 48642203.00 ns, 2.8993 ns/op
OverheadActual   7: 16777216 op, 49728060.00 ns, 2.9640 ns/op
OverheadActual   8: 16777216 op, 50365210.00 ns, 3.0020 ns/op
OverheadActual   9: 16777216 op, 48395411.00 ns, 2.8846 ns/op
OverheadActual  10: 16777216 op, 48288339.00 ns, 2.8782 ns/op
OverheadActual  11: 16777216 op, 48382461.00 ns, 2.8838 ns/op
OverheadActual  12: 16777216 op, 43996768.00 ns, 2.6224 ns/op
OverheadActual  13: 16777216 op, 48691407.00 ns, 2.9022 ns/op
OverheadActual  14: 16777216 op, 48652828.00 ns, 2.8999 ns/op
OverheadActual  15: 16777216 op, 48365926.00 ns, 2.8828 ns/op

WorkloadWarmup   1: 16777216 op, 919031296.00 ns, 54.7785 ns/op
WorkloadWarmup   2: 16777216 op, 911927815.00 ns, 54.3551 ns/op

// BeforeActualRun
WorkloadActual   1: 16777216 op, 908312337.00 ns, 54.1396 ns/op
WorkloadActual   2: 16777216 op, 914288942.00 ns, 54.4959 ns/op
WorkloadActual   3: 16777216 op, 919910372.00 ns, 54.8309 ns/op
WorkloadActual   4: 16777216 op, 911659921.00 ns, 54.3392 ns/op
WorkloadActual   5: 16777216 op, 907140040.00 ns, 54.0698 ns/op

// AfterActualRun
WorkloadResult   1: 16777216 op, 859938078.00 ns, 51.2563 ns/op
WorkloadResult   2: 16777216 op, 865914683.00 ns, 51.6125 ns/op
WorkloadResult   3: 16777216 op, 871536113.00 ns, 51.9476 ns/op
WorkloadResult   4: 16777216 op, 863285662.00 ns, 51.4558 ns/op
WorkloadResult   5: 16777216 op, 858765781.00 ns, 51.1864 ns/op
// GC:  56 0 0 939524096 16777216
// Threading:  0 0 16777216

// AfterAll
// Benchmark Process 3168 has exited with code 0.

Mean = 51.492 ns, StdErr = 0.136 ns (0.26%), N = 5, StdDev = 0.305 ns
Min = 51.186 ns, Q1 = 51.256 ns, Median = 51.456 ns, Q3 = 51.613 ns, Max = 51.948 ns
IQR = 0.356 ns, LowerFence = 50.722 ns, UpperFence = 52.147 ns
ConfidenceInterval = [50.317 ns; 52.667 ns] (CI 99.9%), Margin = 1.175 ns (2.28% of Mean)
Skewness = 0.39, Kurtosis = 1.27, MValue = 2

// ** Remained 29 (76.3 %) benchmark(s) to run. Estimated finish 2026-07-31 9:47 (0h 4m from now) **
// **************************
// Benchmark: Flattening.HandCoded: Quick(Arguments=/p:MatrixMode=Benchmark, IterationCount=5, WarmupCount=2)
// *** Execute ***
// Launch: 1 / 1
// Execute: dotnet Matrix.ObjectMapping-Quick-1.dll --anonymousPipes 131 132 --benchmarkName Matrix.ObjectMapping.Benchmarks.Flattening.HandCoded --job Quick --benchmarkId 9 in /home/runner/work/dotnet-matrix/dotnet-matrix/src/Matrix.ObjectMapping/bin/Benchmark/Release/net10.0/Matrix.ObjectMapping-Quick-1/bin/Release/net10.0
// Failed to set up high priority (Permission denied). In order to run benchmarks with high priority, make sure you have the right permissions.
// BeforeAnythingElse

// Benchmark Process Environment Information:
// BenchmarkDotNet v0.15.8
// Runtime=.NET 10.0.10 (10.0.10, 10.0.1026.32716), X64 RyuJIT x86-64-v4
// GC=Concurrent Workstation
// HardwareIntrinsics=AVX512 BITALG+VBMI2+VNNI+VPOPCNTDQ,AVX512 IFMA+VBMI,AVX512 F+BW+CD+DQ+VL,AVX2+BMI1+BMI2+F16C+FMA+LZCNT+MOVBE,AVX,SSE3+SSSE3+SSE4.1+SSE4.2+POPCNT,X86Base+SSE+SSE2,AES+PCLMUL VectorSize=256
// Job: Quick(IterationCount=5, WarmupCount=2)

OverheadJitting  1: 1 op, 209245.00 ns, 209.2450 us/op
WorkloadJitting  1: 1 op, 340894.00 ns, 340.8940 us/op

OverheadJitting  2: 16 op, 379702.00 ns, 23.7314 us/op
WorkloadJitting  2: 16 op, 397549.00 ns, 24.8468 us/op

WorkloadPilot    1: 16 op, 2584.00 ns, 161.5000 ns/op
WorkloadPilot    2: 32 op, 3114.00 ns, 97.3125 ns/op
WorkloadPilot    3: 64 op, 4037.00 ns, 63.0781 ns/op
WorkloadPilot    4: 128 op, 38588.00 ns, 301.4688 ns/op
WorkloadPilot    5: 256 op, 36566.00 ns, 142.8359 ns/op
WorkloadPilot    6: 512 op, 35053.00 ns, 68.4629 ns/op
WorkloadPilot    7: 1024 op, 75644.00 ns, 73.8711 ns/op
WorkloadPilot    8: 2048 op, 133842.00 ns, 65.3525 ns/op
WorkloadPilot    9: 4096 op, 251800.00 ns, 61.4746 ns/op
WorkloadPilot   10: 8192 op, 380473.00 ns, 46.4445 ns/op
WorkloadPilot   11: 16384 op, 1195611.00 ns, 72.9743 ns/op
WorkloadPilot   12: 32768 op, 2387087.00 ns, 72.8481 ns/op
WorkloadPilot   13: 65536 op, 4763798.00 ns, 72.6898 ns/op
WorkloadPilot   14: 131072 op, 7564367.00 ns, 57.7115 ns/op
WorkloadPilot   15: 262144 op, 13779603.00 ns, 52.5650 ns/op
WorkloadPilot   16: 524288 op, 17423643.00 ns, 33.2330 ns/op
WorkloadPilot   17: 1048576 op, 31479843.00 ns, 30.0215 ns/op
WorkloadPilot   18: 2097152 op, 38524699.00 ns, 18.3700 ns/op
WorkloadPilot   19: 4194304 op, 45267519.00 ns, 10.7926 ns/op
WorkloadPilot   20: 8388608 op, 92050441.00 ns, 10.9733 ns/op
WorkloadPilot   21: 16777216 op, 183070339.00 ns, 10.9118 ns/op
WorkloadPilot   22: 33554432 op, 361744433.00 ns, 10.7808 ns/op
WorkloadPilot   23: 67108864 op, 720378830.00 ns, 10.7345 ns/op

OverheadWarmup   1: 67108864 op, 255522809.00 ns, 3.8076 ns/op
OverheadWarmup   2: 67108864 op, 193228666.00 ns, 2.8793 ns/op
OverheadWarmup   3: 67108864 op, 193401165.00 ns, 2.8819 ns/op
OverheadWarmup   4: 67108864 op, 193301425.00 ns, 2.8804 ns/op
OverheadWarmup   5: 67108864 op, 194111796.00 ns, 2.8925 ns/op
OverheadWarmup   6: 67108864 op, 194654796.00 ns, 2.9006 ns/op
OverheadWarmup   7: 67108864 op, 175035202.00 ns, 2.6082 ns/op

OverheadActual   1: 67108864 op, 175121692.00 ns, 2.6095 ns/op
OverheadActual   2: 67108864 op, 175435312.00 ns, 2.6142 ns/op
OverheadActual   3: 67108864 op, 175187289.00 ns, 2.6105 ns/op
OverheadActual   4: 67108864 op, 179097077.00 ns, 2.6688 ns/op
OverheadActual   5: 67108864 op, 175043142.00 ns, 2.6083 ns/op
OverheadActual   6: 67108864 op, 211627157.00 ns, 3.1535 ns/op
OverheadActual   7: 67108864 op, 175011233.00 ns, 2.6079 ns/op
OverheadActual   8: 67108864 op, 211574557.00 ns, 3.1527 ns/op
OverheadActual   9: 67108864 op, 175205226.00 ns, 2.6108 ns/op
OverheadActual  10: 67108864 op, 211631243.00 ns, 3.1536 ns/op
OverheadActual  11: 67108864 op, 174981618.00 ns, 2.6074 ns/op
OverheadActual  12: 67108864 op, 175036131.00 ns, 2.6082 ns/op
OverheadActual  13: 67108864 op, 175055710.00 ns, 2.6085 ns/op
OverheadActual  14: 67108864 op, 175349744.00 ns, 2.6129 ns/op
OverheadActual  15: 67108864 op, 211685004.00 ns, 3.1544 ns/op
OverheadActual  16: 67108864 op, 175418818.00 ns, 2.6139 ns/op
OverheadActual  17: 67108864 op, 175006737.00 ns, 2.6078 ns/op

WorkloadWarmup   1: 67108864 op, 731890585.00 ns, 10.9060 ns/op
WorkloadWarmup   2: 67108864 op, 730583374.00 ns, 10.8865 ns/op

// BeforeActualRun
WorkloadActual   1: 67108864 op, 743719268.00 ns, 11.0823 ns/op
WorkloadActual   2: 67108864 op, 739538635.00 ns, 11.0200 ns/op
WorkloadActual   3: 67108864 op, 738770317.00 ns, 11.0085 ns/op
WorkloadActual   4: 67108864 op, 739303711.00 ns, 11.0165 ns/op
WorkloadActual   5: 67108864 op, 759328224.00 ns, 11.3149 ns/op

// AfterActualRun
WorkloadResult   1: 67108864 op, 568514042.00 ns, 8.4715 ns/op
WorkloadResult   2: 67108864 op, 564333409.00 ns, 8.4092 ns/op
WorkloadResult   3: 67108864 op, 563565091.00 ns, 8.3978 ns/op
WorkloadResult   4: 67108864 op, 564098485.00 ns, 8.4057 ns/op
// GC:  224 0 0 3758096384 67108864
// Threading:  0 0 67108864

// AfterAll
// Benchmark Process 3185 has exited with code 0.

Mean = 8.421 ns, StdErr = 0.017 ns (0.20%), N = 4, StdDev = 0.034 ns
Min = 8.398 ns, Q1 = 8.404 ns, Median = 8.407 ns, Q3 = 8.425 ns, Max = 8.472 ns
IQR = 0.021 ns, LowerFence = 8.372 ns, UpperFence = 8.456 ns
ConfidenceInterval = [8.201 ns; 8.641 ns] (CI 99.9%), Margin = 0.220 ns (2.61% of Mean)
Skewness = 0.7, Kurtosis = 1.29, MValue = 2

// ** Remained 28 (73.7 %) benchmark(s) to run. Estimated finish 2026-07-31 9:47 (0h 4m from now) **
// **************************
// Benchmark: Flattening.Mapperly: Quick(Arguments=/p:MatrixMode=Benchmark, IterationCount=5, WarmupCount=2)
// *** Execute ***
// Launch: 1 / 1
// Execute: dotnet Matrix.ObjectMapping-Quick-1.dll --anonymousPipes 131 132 --benchmarkName Matrix.ObjectMapping.Benchmarks.Flattening.Mapperly --job Quick --benchmarkId 10 in /home/runner/work/dotnet-matrix/dotnet-matrix/src/Matrix.ObjectMapping/bin/Benchmark/Release/net10.0/Matrix.ObjectMapping-Quick-1/bin/Release/net10.0
// Failed to set up high priority (Permission denied). In order to run benchmarks with high priority, make sure you have the right permissions.
// BeforeAnythingElse

// Benchmark Process Environment Information:
// BenchmarkDotNet v0.15.8
// Runtime=.NET 10.0.10 (10.0.10, 10.0.1026.32716), X64 RyuJIT x86-64-v4
// GC=Concurrent Workstation
// HardwareIntrinsics=AVX512 BITALG+VBMI2+VNNI+VPOPCNTDQ,AVX512 IFMA+VBMI,AVX512 F+BW+CD+DQ+VL,AVX2+BMI1+BMI2+F16C+FMA+LZCNT+MOVBE,AVX,SSE3+SSSE3+SSE4.1+SSE4.2+POPCNT,X86Base+SSE+SSE2,AES+PCLMUL VectorSize=256
// Job: Quick(IterationCount=5, WarmupCount=2)

OverheadJitting  1: 1 op, 211038.00 ns, 211.0380 us/op
WorkloadJitting  1: 1 op, 354594.00 ns, 354.5940 us/op

OverheadJitting  2: 16 op, 386021.00 ns, 24.1263 us/op
WorkloadJitting  2: 16 op, 372561.00 ns, 23.2851 us/op

WorkloadPilot    1: 16 op, 7942.00 ns, 496.3750 ns/op
WorkloadPilot    2: 32 op, 2724.00 ns, 85.1250 ns/op
WorkloadPilot    3: 64 op, 3395.00 ns, 53.0469 ns/op
WorkloadPilot    4: 128 op, 18618.00 ns, 145.4531 ns/op
WorkloadPilot    5: 256 op, 26840.00 ns, 104.8438 ns/op
WorkloadPilot    6: 512 op, 30195.00 ns, 58.9746 ns/op
WorkloadPilot    7: 1024 op, 65609.00 ns, 64.0713 ns/op
WorkloadPilot    8: 2048 op, 134052.00 ns, 65.4551 ns/op
WorkloadPilot    9: 4096 op, 247643.00 ns, 60.4597 ns/op
WorkloadPilot   10: 8192 op, 375194.00 ns, 45.8000 ns/op
WorkloadPilot   11: 16384 op, 870641.00 ns, 53.1397 ns/op
WorkloadPilot   12: 32768 op, 1709504.00 ns, 52.1699 ns/op
WorkloadPilot   13: 65536 op, 3413990.00 ns, 52.0934 ns/op
WorkloadPilot   14: 131072 op, 6863092.00 ns, 52.3612 ns/op
WorkloadPilot   15: 262144 op, 13839075.00 ns, 52.7919 ns/op
WorkloadPilot   16: 524288 op, 17880028.00 ns, 34.1034 ns/op
WorkloadPilot   17: 1048576 op, 32081027.00 ns, 30.5949 ns/op
WorkloadPilot   18: 2097152 op, 41384032.00 ns, 19.7334 ns/op
WorkloadPilot   19: 4194304 op, 45829355.00 ns, 10.9266 ns/op
WorkloadPilot   20: 8388608 op, 92253044.00 ns, 10.9974 ns/op
WorkloadPilot   21: 16777216 op, 185265722.00 ns, 11.0427 ns/op
WorkloadPilot   22: 33554432 op, 371076356.00 ns, 11.0589 ns/op
WorkloadPilot   23: 67108864 op, 760759363.00 ns, 11.3362 ns/op

OverheadWarmup   1: 67108864 op, 234947698.00 ns, 3.5010 ns/op
OverheadWarmup   2: 67108864 op, 266451155.00 ns, 3.9704 ns/op
OverheadWarmup   3: 67108864 op, 194830262.00 ns, 2.9032 ns/op
OverheadWarmup   4: 67108864 op, 193351756.00 ns, 2.8812 ns/op
OverheadWarmup   5: 67108864 op, 175114981.00 ns, 2.6094 ns/op
OverheadWarmup   6: 67108864 op, 194638223.00 ns, 2.9003 ns/op
OverheadWarmup   7: 67108864 op, 193331605.00 ns, 2.8809 ns/op

OverheadActual   1: 67108864 op, 175023613.00 ns, 2.6081 ns/op
OverheadActual   2: 67108864 op, 175568805.00 ns, 2.6162 ns/op
OverheadActual   3: 67108864 op, 200747158.00 ns, 2.9914 ns/op
OverheadActual   4: 67108864 op, 175334992.00 ns, 2.6127 ns/op
OverheadActual   5: 67108864 op, 175048891.00 ns, 2.6084 ns/op
OverheadActual   6: 67108864 op, 193490715.00 ns, 2.8832 ns/op
OverheadActual   7: 67108864 op, 193429148.00 ns, 2.8823 ns/op
OverheadActual   8: 67108864 op, 193366212.00 ns, 2.8814 ns/op
OverheadActual   9: 67108864 op, 193709389.00 ns, 2.8865 ns/op
OverheadActual  10: 67108864 op, 193464419.00 ns, 2.8828 ns/op
OverheadActual  11: 67108864 op, 193422136.00 ns, 2.8822 ns/op
OverheadActual  12: 67108864 op, 193396106.00 ns, 2.8818 ns/op
OverheadActual  13: 67108864 op, 193479583.00 ns, 2.8831 ns/op
OverheadActual  14: 67108864 op, 175214245.00 ns, 2.6109 ns/op
OverheadActual  15: 67108864 op, 211584118.00 ns, 3.1528 ns/op
OverheadActual  16: 67108864 op, 193450088.00 ns, 2.8826 ns/op
OverheadActual  17: 67108864 op, 193328064.00 ns, 2.8808 ns/op
OverheadActual  18: 67108864 op, 193515716.00 ns, 2.8836 ns/op
OverheadActual  19: 67108864 op, 193401575.00 ns, 2.8819 ns/op

WorkloadWarmup   1: 67108864 op, 769360060.00 ns, 11.4644 ns/op
WorkloadWarmup   2: 67108864 op, 748142194.00 ns, 11.1482 ns/op

// BeforeActualRun
WorkloadActual   1: 67108864 op, 745205787.00 ns, 11.1044 ns/op
WorkloadActual   2: 67108864 op, 741069972.00 ns, 11.0428 ns/op
WorkloadActual   3: 67108864 op, 741665350.00 ns, 11.0517 ns/op
WorkloadActual   4: 67108864 op, 754284184.00 ns, 11.2397 ns/op
WorkloadActual   5: 67108864 op, 741884430.00 ns, 11.0549 ns/op

// AfterActualRun
WorkloadResult   1: 67108864 op, 551783651.00 ns, 8.2222 ns/op
WorkloadResult   2: 67108864 op, 547647836.00 ns, 8.1606 ns/op
WorkloadResult   3: 67108864 op, 548243214.00 ns, 8.1695 ns/op
WorkloadResult   4: 67108864 op, 548462294.00 ns, 8.1727 ns/op
// GC:  224 0 0 3758096384 67108864
// Threading:  0 0 67108864

// AfterAll
// Benchmark Process 3198 has exited with code 0.

Mean = 8.181 ns, StdErr = 0.014 ns (0.17%), N = 4, StdDev = 0.028 ns
Min = 8.161 ns, Q1 = 8.167 ns, Median = 8.171 ns, Q3 = 8.185 ns, Max = 8.222 ns
IQR = 0.018 ns, LowerFence = 8.140 ns, UpperFence = 8.212 ns
ConfidenceInterval = [8.002 ns; 8.361 ns] (CI 99.9%), Margin = 0.180 ns (2.20% of Mean)
Skewness = 0.67, Kurtosis = 1.27, MValue = 2

// ** Remained 27 (71.1 %) benchmark(s) to run. Estimated finish 2026-07-31 9:47 (0h 4m from now) **
// **************************
// Benchmark: Flattening.Mapster: Quick(Arguments=/p:MatrixMode=Benchmark, IterationCount=5, WarmupCount=2)
// *** Execute ***
// Launch: 1 / 1
// Execute: dotnet Matrix.ObjectMapping-Quick-1.dll --anonymousPipes 131 132 --benchmarkName Matrix.ObjectMapping.Benchmarks.Flattening.Mapster --job Quick --benchmarkId 11 in /home/runner/work/dotnet-matrix/dotnet-matrix/src/Matrix.ObjectMapping/bin/Benchmark/Release/net10.0/Matrix.ObjectMapping-Quick-1/bin/Release/net10.0
// Failed to set up high priority (Permission denied). In order to run benchmarks with high priority, make sure you have the right permissions.
// BeforeAnythingElse

// Benchmark Process Environment Information:
// BenchmarkDotNet v0.15.8
// Runtime=.NET 10.0.10 (10.0.10, 10.0.1026.32716), X64 RyuJIT x86-64-v4
// GC=Concurrent Workstation
// HardwareIntrinsics=AVX512 BITALG+VBMI2+VNNI+VPOPCNTDQ,AVX512 IFMA+VBMI,AVX512 F+BW+CD+DQ+VL,AVX2+BMI1+BMI2+F16C+FMA+LZCNT+MOVBE,AVX,SSE3+SSSE3+SSE4.1+SSE4.2+POPCNT,X86Base+SSE+SSE2,AES+PCLMUL VectorSize=256
// Job: Quick(IterationCount=5, WarmupCount=2)

OverheadJitting  1: 1 op, 194413.00 ns, 194.4130 us/op
WorkloadJitting  1: 1 op, 2096561.00 ns, 2.0966 ms/op

OverheadJitting  2: 16 op, 410308.00 ns, 25.6443 us/op
WorkloadJitting  2: 16 op, 436048.00 ns, 27.2530 us/op

WorkloadPilot    1: 16 op, 5568.00 ns, 348.0000 ns/op
WorkloadPilot    2: 32 op, 6299.00 ns, 196.8438 ns/op
WorkloadPilot    3: 64 op, 9094.00 ns, 142.0938 ns/op
WorkloadPilot    4: 128 op, 15043.00 ns, 117.5234 ns/op
WorkloadPilot    5: 256 op, 32118.00 ns, 125.4609 ns/op
WorkloadPilot    6: 512 op, 46520.00 ns, 90.8594 ns/op
WorkloadPilot    7: 1024 op, 86230.00 ns, 84.2090 ns/op
WorkloadPilot    8: 2048 op, 160332.00 ns, 78.2871 ns/op
WorkloadPilot    9: 4096 op, 315195.00 ns, 76.9519 ns/op
WorkloadPilot   10: 8192 op, 871103.00 ns, 106.3358 ns/op
WorkloadPilot   11: 16384 op, 1493752.00 ns, 91.1714 ns/op
WorkloadPilot   12: 32768 op, 2926652.00 ns, 89.3143 ns/op
WorkloadPilot   13: 65536 op, 5841277.00 ns, 89.1308 ns/op
WorkloadPilot   14: 131072 op, 11664996.00 ns, 88.9969 ns/op
WorkloadPilot   15: 262144 op, 24942214.00 ns, 95.1470 ns/op
WorkloadPilot   16: 524288 op, 40759881.00 ns, 77.7433 ns/op
WorkloadPilot   17: 1048576 op, 30841008.00 ns, 29.4123 ns/op
WorkloadPilot   18: 2097152 op, 39616388.00 ns, 18.8906 ns/op
WorkloadPilot   19: 4194304 op, 76089616.00 ns, 18.1412 ns/op
WorkloadPilot   20: 8388608 op, 151689193.00 ns, 18.0828 ns/op
WorkloadPilot   21: 16777216 op, 302021181.00 ns, 18.0019 ns/op
WorkloadPilot   22: 33554432 op, 608139190.00 ns, 18.1240 ns/op

OverheadWarmup   1: 33554432 op, 105561270.00 ns, 3.1460 ns/op
OverheadWarmup   2: 33554432 op, 129453250.00 ns, 3.8580 ns/op
OverheadWarmup   3: 33554432 op, 88556612.00 ns, 2.6392 ns/op
OverheadWarmup   4: 33554432 op, 105300476.00 ns, 3.1382 ns/op
OverheadWarmup   5: 33554432 op, 86958072.00 ns, 2.5916 ns/op

OverheadActual   1: 33554432 op, 86900835.00 ns, 2.5898 ns/op
OverheadActual   2: 33554432 op, 86973326.00 ns, 2.5920 ns/op
OverheadActual   3: 33554432 op, 87043400.00 ns, 2.5941 ns/op
OverheadActual   4: 33554432 op, 97073039.00 ns, 2.8930 ns/op
OverheadActual   5: 33554432 op, 87543093.00 ns, 2.6090 ns/op
OverheadActual   6: 33554432 op, 105418543.00 ns, 3.1417 ns/op
OverheadActual   7: 33554432 op, 107470304.00 ns, 3.2029 ns/op
OverheadActual   8: 33554432 op, 96143190.00 ns, 2.8653 ns/op
OverheadActual   9: 33554432 op, 96328258.00 ns, 2.8708 ns/op
OverheadActual  10: 33554432 op, 96106145.00 ns, 2.8642 ns/op
OverheadActual  11: 33554432 op, 96069589.00 ns, 2.8631 ns/op
OverheadActual  12: 33554432 op, 96088287.00 ns, 2.8637 ns/op
OverheadActual  13: 33554432 op, 96102910.00 ns, 2.8641 ns/op
OverheadActual  14: 33554432 op, 96122990.00 ns, 2.8647 ns/op
OverheadActual  15: 33554432 op, 96054376.00 ns, 2.8626 ns/op
OverheadActual  16: 33554432 op, 100366393.00 ns, 2.9912 ns/op
OverheadActual  17: 33554432 op, 96432315.00 ns, 2.8739 ns/op
OverheadActual  18: 33554432 op, 90185685.00 ns, 2.6877 ns/op
OverheadActual  19: 33554432 op, 105224281.00 ns, 3.1359 ns/op
OverheadActual  20: 33554432 op, 105388718.00 ns, 3.1408 ns/op

WorkloadWarmup   1: 33554432 op, 612936180.00 ns, 18.2669 ns/op
WorkloadWarmup   2: 33554432 op, 615642307.00 ns, 18.3476 ns/op

// BeforeActualRun
WorkloadActual   1: 33554432 op, 613113577.00 ns, 18.2722 ns/op
WorkloadActual   2: 33554432 op, 613975656.00 ns, 18.2979 ns/op
WorkloadActual   3: 33554432 op, 609902921.00 ns, 18.1765 ns/op
WorkloadActual   4: 33554432 op, 603854388.00 ns, 17.9963 ns/op
WorkloadActual   5: 33554432 op, 605184733.00 ns, 18.0359 ns/op

// AfterActualRun
WorkloadResult   1: 33554432 op, 516999009.50 ns, 15.4078 ns/op
WorkloadResult   2: 33554432 op, 517861088.50 ns, 15.4335 ns/op
WorkloadResult   3: 33554432 op, 513788353.50 ns, 15.3121 ns/op
WorkloadResult   4: 33554432 op, 507739820.50 ns, 15.1318 ns/op
WorkloadResult   5: 33554432 op, 509070165.50 ns, 15.1715 ns/op
// GC:  112 0 0 1879048192 33554432
// Threading:  0 0 33554432

// AfterAll
// Benchmark Process 3228 has exited with code 0.

Mean = 15.291 ns, StdErr = 0.061 ns (0.40%), N = 5, StdDev = 0.136 ns
Min = 15.132 ns, Q1 = 15.171 ns, Median = 15.312 ns, Q3 = 15.408 ns, Max = 15.433 ns
IQR = 0.236 ns, LowerFence = 14.817 ns, UpperFence = 15.762 ns
ConfidenceInterval = [14.768 ns; 15.815 ns] (CI 99.9%), Margin = 0.524 ns (3.43% of Mean)
Skewness = -0.1, Kurtosis = 0.84, MValue = 2

// ** Remained 26 (68.4 %) benchmark(s) to run. Estimated finish 2026-07-31 9:47 (0h 4m from now) **
// ***** BenchmarkRunner: Finish  *****

// * Export *
  tmp/dotnet-matrix/ObjectMapping/90b9d235d7e94c018f7cd9964f53afda/results/Matrix.ObjectMapping.Benchmarks.Flattening-report.csv
  tmp/dotnet-matrix/ObjectMapping/90b9d235d7e94c018f7cd9964f53afda/results/Matrix.ObjectMapping.Benchmarks.Flattening-report-github.md
  tmp/dotnet-matrix/ObjectMapping/90b9d235d7e94c018f7cd9964f53afda/results/Matrix.ObjectMapping.Benchmarks.Flattening-report.html
  tmp/dotnet-matrix/ObjectMapping/90b9d235d7e94c018f7cd9964f53afda/results/Matrix.ObjectMapping.Benchmarks.Flattening-report-full.json

// * Detailed results *
Flattening.Mapperly: Quick(Arguments=/p:MatrixMode=Benchmark, IterationCount=5, WarmupCount=2)
Runtime = .NET 10.0.10 (10.0.10, 10.0.1026.32716), X64 RyuJIT x86-64-v4; GC = Concurrent Workstation
Mean = 8.181 ns, StdErr = 0.014 ns (0.17%), N = 4, StdDev = 0.028 ns
Min = 8.161 ns, Q1 = 8.167 ns, Median = 8.171 ns, Q3 = 8.185 ns, Max = 8.222 ns
IQR = 0.018 ns, LowerFence = 8.140 ns, UpperFence = 8.212 ns
ConfidenceInterval = [8.002 ns; 8.361 ns] (CI 99.9%), Margin = 0.180 ns (2.20% of Mean)
Skewness = 0.67, Kurtosis = 1.27, MValue = 2
-------------------- Histogram --------------------
[8.138 ns ; 8.245 ns) | @@@@
---------------------------------------------------

Flattening.HandCoded: Quick(Arguments=/p:MatrixMode=Benchmark, IterationCount=5, WarmupCount=2)
Runtime = .NET 10.0.10 (10.0.10, 10.0.1026.32716), X64 RyuJIT x86-64-v4; GC = Concurrent Workstation
Mean = 8.421 ns, StdErr = 0.017 ns (0.20%), N = 4, StdDev = 0.034 ns
Min = 8.398 ns, Q1 = 8.404 ns, Median = 8.407 ns, Q3 = 8.425 ns, Max = 8.472 ns
IQR = 0.021 ns, LowerFence = 8.372 ns, UpperFence = 8.456 ns
ConfidenceInterval = [8.201 ns; 8.641 ns] (CI 99.9%), Margin = 0.220 ns (2.61% of Mean)
Skewness = 0.7, Kurtosis = 1.29, MValue = 2
-------------------- Histogram --------------------
[8.370 ns ; 8.500 ns) | @@@@
---------------------------------------------------

Flattening.Mapster: Quick(Arguments=/p:MatrixMode=Benchmark, IterationCount=5, WarmupCount=2)
Runtime = .NET 10.0.10 (10.0.10, 10.0.1026.32716), X64 RyuJIT x86-64-v4; GC = Concurrent Workstation
Mean = 15.291 ns, StdErr = 0.061 ns (0.40%), N = 5, StdDev = 0.136 ns
Min = 15.132 ns, Q1 = 15.171 ns, Median = 15.312 ns, Q3 = 15.408 ns, Max = 15.433 ns
IQR = 0.236 ns, LowerFence = 14.817 ns, UpperFence = 15.762 ns
ConfidenceInterval = [14.768 ns; 15.815 ns] (CI 99.9%), Margin = 0.524 ns (3.43% of Mean)
Skewness = -0.1, Kurtosis = 0.84, MValue = 2
-------------------- Histogram --------------------
[15.027 ns ; 15.538 ns) | @@@@@
---------------------------------------------------

Flattening.AutoMapper: Quick(Arguments=/p:MatrixMode=Benchmark, IterationCount=5, WarmupCount=2)
Runtime = .NET 10.0.10 (10.0.10, 10.0.1026.32716), X64 RyuJIT x86-64-v4; GC = Concurrent Workstation
Mean = 51.492 ns, StdErr = 0.136 ns (0.26%), N = 5, StdDev = 0.305 ns
Min = 51.186 ns, Q1 = 51.256 ns, Median = 51.456 ns, Q3 = 51.613 ns, Max = 51.948 ns
IQR = 0.356 ns, LowerFence = 50.722 ns, UpperFence = 52.147 ns
ConfidenceInterval = [50.317 ns; 52.667 ns] (CI 99.9%), Margin = 1.175 ns (2.28% of Mean)
Skewness = 0.39, Kurtosis = 1.27, MValue = 2
-------------------- Histogram --------------------
[50.952 ns ; 52.182 ns) | @@@@@
---------------------------------------------------

// * Summary *

BenchmarkDotNet v0.15.8, Linux Ubuntu 24.04.4 LTS (Noble Numbat)
AMD EPYC 9V74 3.69GHz, 1 CPU, 4 logical and 2 physical cores
.NET SDK 10.0.302
  [Host] : .NET 10.0.10 (10.0.10, 10.0.1026.32716), X64 RyuJIT x86-64-v4
  Quick  : .NET 10.0.10 (10.0.10, 10.0.1026.32716), X64 RyuJIT x86-64-v4

Job=Quick  Arguments=/p:MatrixMode=Benchmark  IterationCount=5  
WarmupCount=2  

| Method     | Mean      | Error     | StdDev    | Ratio | RatioSD | Gen0   | Allocated | Alloc Ratio |
|----------- |----------:|----------:|----------:|------:|--------:|-------:|----------:|------------:|
| Mapperly   |  8.181 ns | 0.1796 ns | 0.0278 ns |  0.97 |    0.00 | 0.0033 |      56 B |        1.00 |
| HandCoded  |  8.421 ns | 0.2196 ns | 0.0340 ns |  1.00 |    0.01 | 0.0033 |      56 B |        1.00 |
| Mapster    | 15.291 ns | 0.5237 ns | 0.1360 ns |  1.82 |    0.02 | 0.0033 |      56 B |        1.00 |
| AutoMapper | 51.492 ns | 1.1748 ns | 0.3051 ns |  6.11 |    0.04 | 0.0033 |      56 B |        1.00 |

// * Hints *
Outliers
  Flattening.Mapperly: Quick  -> 1 outlier  was  removed (11.24 ns)
  Flattening.HandCoded: Quick -> 1 outlier  was  removed (11.31 ns)

// * Legends *
  Mean        : Arithmetic mean of all measurements
  Error       : Half of 99.9% confidence interval
  StdDev      : Standard deviation of all measurements
  Ratio       : Mean of the ratio distribution ([Current]/[Baseline])
  RatioSD     : Standard deviation of the ratio distribution ([Current]/[Baseline])
  Gen0        : GC Generation 0 collects per 1000 operations
  Allocated   : Allocated memory per single operation (managed only, inclusive, 1KB = 1024B)
  Alloc Ratio : Allocated memory ratio distribution ([Current]/[Baseline])
  1 ns        : 1 Nanosecond (0.000000001 sec)

// * Diagnostic Output - MemoryDiagnoser *


// ***** BenchmarkRunner: End *****
Run time: 00:00:44 (44.44 sec), executed benchmarks: 4

// Found 4 benchmarks:
//   MapToExisting.AutoMapper: Quick(Arguments=/p:MatrixMode=Benchmark, IterationCount=5, WarmupCount=2)
//   MapToExisting.HandCoded: Quick(Arguments=/p:MatrixMode=Benchmark, IterationCount=5, WarmupCount=2)
//   MapToExisting.Mapperly: Quick(Arguments=/p:MatrixMode=Benchmark, IterationCount=5, WarmupCount=2)
//   MapToExisting.Mapster: Quick(Arguments=/p:MatrixMode=Benchmark, IterationCount=5, WarmupCount=2)

// **************************
// Benchmark: MapToExisting.AutoMapper: Quick(Arguments=/p:MatrixMode=Benchmark, IterationCount=5, WarmupCount=2)
// *** Execute ***
// Launch: 1 / 1
// Execute: dotnet Matrix.ObjectMapping-Quick-1.dll --anonymousPipes 131 132 --benchmarkName Matrix.ObjectMapping.Benchmarks.MapToExisting.AutoMapper --job Quick --benchmarkId 12 in /home/runner/work/dotnet-matrix/dotnet-matrix/src/Matrix.ObjectMapping/bin/Benchmark/Release/net10.0/Matrix.ObjectMapping-Quick-1/bin/Release/net10.0
// Failed to set up high priority (Permission denied). In order to run benchmarks with high priority, make sure you have the right permissions.
// BeforeAnythingElse

// Benchmark Process Environment Information:
// BenchmarkDotNet v0.15.8
// Runtime=.NET 10.0.10 (10.0.10, 10.0.1026.32716), X64 RyuJIT x86-64-v4
// GC=Concurrent Workstation
// HardwareIntrinsics=AVX512 BITALG+VBMI2+VNNI+VPOPCNTDQ,AVX512 IFMA+VBMI,AVX512 F+BW+CD+DQ+VL,AVX2+BMI1+BMI2+F16C+FMA+LZCNT+MOVBE,AVX,SSE3+SSSE3+SSE4.1+SSE4.2+POPCNT,X86Base+SSE+SSE2,AES+PCLMUL VectorSize=256
// Job: Quick(IterationCount=5, WarmupCount=2)

OverheadJitting  1: 1 op, 195554.00 ns, 195.5540 us/op
WorkloadJitting  1: 1 op, 860716.00 ns, 860.7160 us/op

OverheadJitting  2: 16 op, 405421.00 ns, 25.3388 us/op
WorkloadJitting  2: 16 op, 378250.00 ns, 23.6406 us/op

WorkloadPilot    1: 16 op, 6179.00 ns, 386.1875 ns/op
WorkloadPilot    2: 32 op, 9104.00 ns, 284.5000 ns/op
WorkloadPilot    3: 64 op, 15113.00 ns, 236.1406 ns/op
WorkloadPilot    4: 128 op, 27662.00 ns, 216.1094 ns/op
WorkloadPilot    5: 256 op, 52208.00 ns, 203.9375 ns/op
WorkloadPilot    6: 512 op, 101353.00 ns, 197.9551 ns/op
WorkloadPilot    7: 1024 op, 212219.00 ns, 207.2451 ns/op
WorkloadPilot    8: 2048 op, 395205.00 ns, 192.9712 ns/op
WorkloadPilot    9: 4096 op, 818603.00 ns, 199.8542 ns/op
WorkloadPilot   10: 8192 op, 1686090.00 ns, 205.8215 ns/op
WorkloadPilot   11: 16384 op, 3276045.00 ns, 199.9539 ns/op
WorkloadPilot   12: 32768 op, 6467934.00 ns, 197.3857 ns/op
WorkloadPilot   13: 65536 op, 12949558.00 ns, 197.5946 ns/op
WorkloadPilot   14: 131072 op, 25783343.00 ns, 196.7113 ns/op
WorkloadPilot   15: 262144 op, 49874947.00 ns, 190.2578 ns/op
WorkloadPilot   16: 524288 op, 25671274.00 ns, 48.9641 ns/op
WorkloadPilot   17: 1048576 op, 51332703.00 ns, 48.9547 ns/op
WorkloadPilot   18: 2097152 op, 102501023.00 ns, 48.8763 ns/op
WorkloadPilot   19: 4194304 op, 205392064.00 ns, 48.9693 ns/op
WorkloadPilot   20: 8388608 op, 409407531.00 ns, 48.8052 ns/op
WorkloadPilot   21: 16777216 op, 819685301.00 ns, 48.8571 ns/op

OverheadWarmup   1: 16777216 op, 53000090.00 ns, 3.1591 ns/op
OverheadWarmup   2: 16777216 op, 57548808.00 ns, 3.4302 ns/op
OverheadWarmup   3: 16777216 op, 57930563.00 ns, 3.4529 ns/op
OverheadWarmup   4: 16777216 op, 62859435.00 ns, 3.7467 ns/op
OverheadWarmup   5: 16777216 op, 48350229.00 ns, 2.8819 ns/op
OverheadWarmup   6: 16777216 op, 48351030.00 ns, 2.8819 ns/op
OverheadWarmup   7: 16777216 op, 48386954.00 ns, 2.8841 ns/op
OverheadWarmup   8: 16777216 op, 48362277.00 ns, 2.8826 ns/op

OverheadActual   1: 16777216 op, 48398842.00 ns, 2.8848 ns/op
OverheadActual   2: 16777216 op, 48480785.00 ns, 2.8897 ns/op
OverheadActual   3: 16777216 op, 48366483.00 ns, 2.8829 ns/op
OverheadActual   4: 16777216 op, 48391981.00 ns, 2.8844 ns/op
OverheadActual   5: 16777216 op, 43809042.00 ns, 2.6112 ns/op
OverheadActual   6: 16777216 op, 48571411.00 ns, 2.8951 ns/op
OverheadActual   7: 16777216 op, 48344040.00 ns, 2.8815 ns/op
OverheadActual   8: 16777216 op, 48405723.00 ns, 2.8852 ns/op
OverheadActual   9: 16777216 op, 44059949.00 ns, 2.6262 ns/op
OverheadActual  10: 16777216 op, 48355888.00 ns, 2.8822 ns/op
OverheadActual  11: 16777216 op, 48367955.00 ns, 2.8830 ns/op
OverheadActual  12: 16777216 op, 48433294.00 ns, 2.8868 ns/op
OverheadActual  13: 16777216 op, 48373444.00 ns, 2.8833 ns/op
OverheadActual  14: 16777216 op, 43893619.00 ns, 2.6163 ns/op
OverheadActual  15: 16777216 op, 48364320.00 ns, 2.8827 ns/op

WorkloadWarmup   1: 16777216 op, 819788478.00 ns, 48.8632 ns/op
WorkloadWarmup   2: 16777216 op, 819670650.00 ns, 48.8562 ns/op

// BeforeActualRun
WorkloadActual   1: 16777216 op, 819401244.00 ns, 48.8401 ns/op
WorkloadActual   2: 16777216 op, 819894998.00 ns, 48.8696 ns/op
WorkloadActual   3: 16777216 op, 819503322.00 ns, 48.8462 ns/op
WorkloadActual   4: 16777216 op, 820103301.00 ns, 48.8820 ns/op
WorkloadActual   5: 16777216 op, 819377046.00 ns, 48.8387 ns/op

// AfterActualRun
WorkloadResult   1: 16777216 op, 771033289.00 ns, 45.9572 ns/op
WorkloadResult   2: 16777216 op, 771527043.00 ns, 45.9866 ns/op
WorkloadResult   3: 16777216 op, 771135367.00 ns, 45.9632 ns/op
WorkloadResult   4: 16777216 op, 771735346.00 ns, 45.9990 ns/op
WorkloadResult   5: 16777216 op, 771009091.00 ns, 45.9557 ns/op
// GC:  0 0 0 0 16777216
// Threading:  0 0 16777216

// AfterAll
// Benchmark Process 3244 has exited with code 0.

Mean = 45.972 ns, StdErr = 0.009 ns (0.02%), N = 5, StdDev = 0.019 ns
Min = 45.956 ns, Q1 = 45.957 ns, Median = 45.963 ns, Q3 = 45.987 ns, Max = 45.999 ns
IQR = 0.029 ns, LowerFence = 45.913 ns, UpperFence = 46.031 ns
ConfidenceInterval = [45.898 ns; 46.047 ns] (CI 99.9%), Margin = 0.075 ns (0.16% of Mean)
Skewness = 0.36, Kurtosis = 0.97, MValue = 2

// ** Remained 25 (65.8 %) benchmark(s) to run. Estimated finish 2026-07-31 9:47 (0h 4m from now) **
// **************************
// Benchmark: MapToExisting.HandCoded: Quick(Arguments=/p:MatrixMode=Benchmark, IterationCount=5, WarmupCount=2)
// *** Execute ***
// Launch: 1 / 1
// Execute: dotnet Matrix.ObjectMapping-Quick-1.dll --anonymousPipes 131 132 --benchmarkName Matrix.ObjectMapping.Benchmarks.MapToExisting.HandCoded --job Quick --benchmarkId 13 in /home/runner/work/dotnet-matrix/dotnet-matrix/src/Matrix.ObjectMapping/bin/Benchmark/Release/net10.0/Matrix.ObjectMapping-Quick-1/bin/Release/net10.0
// Failed to set up high priority (Permission denied). In order to run benchmarks with high priority, make sure you have the right permissions.
// BeforeAnythingElse

// Benchmark Process Environment Information:
// BenchmarkDotNet v0.15.8
// Runtime=.NET 10.0.10 (10.0.10, 10.0.1026.32716), X64 RyuJIT x86-64-v4
// GC=Concurrent Workstation
// HardwareIntrinsics=AVX512 BITALG+VBMI2+VNNI+VPOPCNTDQ,AVX512 IFMA+VBMI,AVX512 F+BW+CD+DQ+VL,AVX2+BMI1+BMI2+F16C+FMA+LZCNT+MOVBE,AVX,SSE3+SSSE3+SSE4.1+SSE4.2+POPCNT,X86Base+SSE+SSE2,AES+PCLMUL VectorSize=256
// Job: Quick(IterationCount=5, WarmupCount=2)

OverheadJitting  1: 1 op, 205620.00 ns, 205.6200 us/op
WorkloadJitting  1: 1 op, 297238.00 ns, 297.2380 us/op

OverheadJitting  2: 16 op, 376979.00 ns, 23.5612 us/op
WorkloadJitting  2: 16 op, 364550.00 ns, 22.7844 us/op

WorkloadPilot    1: 16 op, 1012.00 ns, 63.2500 ns/op
WorkloadPilot    2: 32 op, 1322.00 ns, 41.3125 ns/op
WorkloadPilot    3: 64 op, 1983.00 ns, 30.9844 ns/op
WorkloadPilot    4: 128 op, 3446.00 ns, 26.9219 ns/op
WorkloadPilot    5: 256 op, 6249.00 ns, 24.4102 ns/op
WorkloadPilot    6: 512 op, 11337.00 ns, 22.1426 ns/op
WorkloadPilot    7: 1024 op, 22884.00 ns, 22.3477 ns/op
WorkloadPilot    8: 2048 op, 42835.00 ns, 20.9155 ns/op
WorkloadPilot    9: 4096 op, 85298.00 ns, 20.8247 ns/op
WorkloadPilot   10: 8192 op, 191429.00 ns, 23.3678 ns/op
WorkloadPilot   11: 16384 op, 348996.00 ns, 21.3010 ns/op
WorkloadPilot   12: 32768 op, 695729.00 ns, 21.2320 ns/op
WorkloadPilot   13: 65536 op, 1368452.00 ns, 20.8809 ns/op
WorkloadPilot   14: 131072 op, 2814112.00 ns, 21.4700 ns/op
WorkloadPilot   15: 262144 op, 5622836.00 ns, 21.4494 ns/op
WorkloadPilot   16: 524288 op, 11149958.00 ns, 21.2669 ns/op
WorkloadPilot   17: 1048576 op, 22400798.00 ns, 21.3631 ns/op
WorkloadPilot   18: 2097152 op, 44622014.00 ns, 21.2774 ns/op
WorkloadPilot   19: 4194304 op, 34760699.00 ns, 8.2876 ns/op
WorkloadPilot   20: 8388608 op, 43234539.00 ns, 5.1540 ns/op
WorkloadPilot   21: 16777216 op, 85482479.00 ns, 5.0952 ns/op
WorkloadPilot   22: 33554432 op, 171871403.00 ns, 5.1222 ns/op
WorkloadPilot   23: 67108864 op, 343075180.00 ns, 5.1122 ns/op
WorkloadPilot   24: 134217728 op, 681933092.00 ns, 5.0808 ns/op

OverheadWarmup   1: 134217728 op, 460267688.00 ns, 3.4293 ns/op
OverheadWarmup   2: 134217728 op, 350853555.00 ns, 2.6141 ns/op
OverheadWarmup   3: 134217728 op, 353673045.00 ns, 2.6351 ns/op
OverheadWarmup   4: 134217728 op, 351857658.00 ns, 2.6215 ns/op
OverheadWarmup   5: 134217728 op, 351732379.00 ns, 2.6206 ns/op
OverheadWarmup   6: 134217728 op, 349436388.00 ns, 2.6035 ns/op
OverheadWarmup   7: 134217728 op, 350282384.00 ns, 2.6098 ns/op
OverheadWarmup   8: 134217728 op, 351895285.00 ns, 2.6218 ns/op
OverheadWarmup   9: 134217728 op, 351029090.00 ns, 2.6154 ns/op

OverheadActual   1: 134217728 op, 352310881.00 ns, 2.6249 ns/op
OverheadActual   2: 134217728 op, 349675479.00 ns, 2.6053 ns/op
OverheadActual   3: 134217728 op, 351243052.00 ns, 2.6170 ns/op
OverheadActual   4: 134217728 op, 350850380.00 ns, 2.6140 ns/op
OverheadActual   5: 134217728 op, 349861840.00 ns, 2.6067 ns/op
OverheadActual   6: 134217728 op, 350365539.00 ns, 2.6104 ns/op
OverheadActual   7: 134217728 op, 349972286.00 ns, 2.6075 ns/op
OverheadActual   8: 134217728 op, 350165758.00 ns, 2.6089 ns/op
OverheadActual   9: 134217728 op, 350411809.00 ns, 2.6108 ns/op
OverheadActual  10: 134217728 op, 351212950.00 ns, 2.6167 ns/op
OverheadActual  11: 134217728 op, 349940343.00 ns, 2.6073 ns/op
OverheadActual  12: 134217728 op, 350090429.00 ns, 2.6084 ns/op
OverheadActual  13: 134217728 op, 352627611.00 ns, 2.6273 ns/op
OverheadActual  14: 134217728 op, 353192131.00 ns, 2.6315 ns/op
OverheadActual  15: 134217728 op, 350876453.00 ns, 2.6142 ns/op

WorkloadWarmup   1: 134217728 op, 689062798.00 ns, 5.1339 ns/op
WorkloadWarmup   2: 134217728 op, 683023527.00 ns, 5.0889 ns/op

// BeforeActualRun
WorkloadActual   1: 134217728 op, 683371551.00 ns, 5.0915 ns/op
WorkloadActual   2: 134217728 op, 683525914.00 ns, 5.0927 ns/op
WorkloadActual   3: 134217728 op, 697900103.00 ns, 5.1998 ns/op
WorkloadActual   4: 134217728 op, 689995714.00 ns, 5.1409 ns/op
WorkloadActual   5: 134217728 op, 681275001.00 ns, 5.0759 ns/op

// AfterActualRun
WorkloadResult   1: 134217728 op, 332959742.00 ns, 2.4807 ns/op
WorkloadResult   2: 134217728 op, 333114105.00 ns, 2.4819 ns/op
WorkloadResult   3: 134217728 op, 347488294.00 ns, 2.5890 ns/op
WorkloadResult   4: 134217728 op, 339583905.00 ns, 2.5301 ns/op
WorkloadResult   5: 134217728 op, 330863192.00 ns, 2.4651 ns/op
// GC:  0 0 0 0 134217728
// Threading:  0 0 134217728

// AfterAll
// Benchmark Process 3255 has exited with code 0.

Mean = 2.509 ns, StdErr = 0.023 ns (0.90%), N = 5, StdDev = 0.051 ns
Min = 2.465 ns, Q1 = 2.481 ns, Median = 2.482 ns, Q3 = 2.530 ns, Max = 2.589 ns
IQR = 0.049 ns, LowerFence = 2.407 ns, UpperFence = 2.604 ns
ConfidenceInterval = [2.314 ns; 2.705 ns] (CI 99.9%), Margin = 0.195 ns (7.79% of Mean)
Skewness = 0.59, Kurtosis = 1.37, MValue = 2

// ** Remained 24 (63.2 %) benchmark(s) to run. Estimated finish 2026-07-31 9:48 (0h 4m from now) **
// **************************
// Benchmark: MapToExisting.Mapperly: Quick(Arguments=/p:MatrixMode=Benchmark, IterationCount=5, WarmupCount=2)
// *** Execute ***
// Launch: 1 / 1
// Execute: dotnet Matrix.ObjectMapping-Quick-1.dll --anonymousPipes 133 134 --benchmarkName Matrix.ObjectMapping.Benchmarks.MapToExisting.Mapperly --job Quick --benchmarkId 14 in /home/runner/work/dotnet-matrix/dotnet-matrix/src/Matrix.ObjectMapping/bin/Benchmark/Release/net10.0/Matrix.ObjectMapping-Quick-1/bin/Release/net10.0
// Failed to set up high priority (Permission denied). In order to run benchmarks with high priority, make sure you have the right permissions.
// BeforeAnythingElse

// Benchmark Process Environment Information:
// BenchmarkDotNet v0.15.8
// Runtime=.NET 10.0.10 (10.0.10, 10.0.1026.32716), X64 RyuJIT x86-64-v4
// GC=Concurrent Workstation
// HardwareIntrinsics=AVX512 BITALG+VBMI2+VNNI+VPOPCNTDQ,AVX512 IFMA+VBMI,AVX512 F+BW+CD+DQ+VL,AVX2+BMI1+BMI2+F16C+FMA+LZCNT+MOVBE,AVX,SSE3+SSSE3+SSE4.1+SSE4.2+POPCNT,X86Base+SSE+SSE2,AES+PCLMUL VectorSize=256
// Job: Quick(IterationCount=5, WarmupCount=2)

OverheadJitting  1: 1 op, 217768.00 ns, 217.7680 us/op
WorkloadJitting  1: 1 op, 281214.00 ns, 281.2140 us/op

OverheadJitting  2: 16 op, 399131.00 ns, 24.9457 us/op
WorkloadJitting  2: 16 op, 368215.00 ns, 23.0134 us/op

WorkloadPilot    1: 16 op, 1051.00 ns, 65.6875 ns/op
WorkloadPilot    2: 32 op, 1272.00 ns, 39.7500 ns/op
WorkloadPilot    3: 64 op, 1753.00 ns, 27.3906 ns/op
WorkloadPilot    4: 128 op, 2994.00 ns, 23.3906 ns/op
WorkloadPilot    5: 256 op, 5398.00 ns, 21.0859 ns/op
WorkloadPilot    6: 512 op, 10275.00 ns, 20.0684 ns/op
WorkloadPilot    7: 1024 op, 20250.00 ns, 19.7754 ns/op
WorkloadPilot    8: 2048 op, 39469.00 ns, 19.2720 ns/op
WorkloadPilot    9: 4096 op, 79440.00 ns, 19.3945 ns/op
WorkloadPilot   10: 8192 op, 155735.00 ns, 19.0106 ns/op
WorkloadPilot   11: 16384 op, 311290.00 ns, 18.9996 ns/op
WorkloadPilot   12: 32768 op, 623259.00 ns, 19.0204 ns/op
WorkloadPilot   13: 65536 op, 1275358.00 ns, 19.4604 ns/op
WorkloadPilot   14: 131072 op, 2513919.00 ns, 19.1797 ns/op
WorkloadPilot   15: 262144 op, 5063683.00 ns, 19.3164 ns/op
WorkloadPilot   16: 524288 op, 10092313.00 ns, 19.2496 ns/op
WorkloadPilot   17: 1048576 op, 20182061.00 ns, 19.2471 ns/op
WorkloadPilot   18: 2097152 op, 40239253.00 ns, 19.1876 ns/op
WorkloadPilot   19: 4194304 op, 46356063.00 ns, 11.0521 ns/op
WorkloadPilot   20: 8388608 op, 46977860.00 ns, 5.6002 ns/op
WorkloadPilot   21: 16777216 op, 94445449.00 ns, 5.6294 ns/op
WorkloadPilot   22: 33554432 op, 187807995.00 ns, 5.5971 ns/op
WorkloadPilot   23: 67108864 op, 340221872.00 ns, 5.0697 ns/op
WorkloadPilot   24: 134217728 op, 752029235.00 ns, 5.6031 ns/op

OverheadWarmup   1: 134217728 op, 462636309.00 ns, 3.4469 ns/op
OverheadWarmup   2: 134217728 op, 370328162.00 ns, 2.7592 ns/op
OverheadWarmup   3: 134217728 op, 388242815.00 ns, 2.8926 ns/op
OverheadWarmup   4: 134217728 op, 386555371.00 ns, 2.8801 ns/op
OverheadWarmup   5: 134217728 op, 350429879.00 ns, 2.6109 ns/op
OverheadWarmup   6: 134217728 op, 423257983.00 ns, 3.1535 ns/op
OverheadWarmup   7: 134217728 op, 423411014.00 ns, 3.1547 ns/op
OverheadWarmup   8: 134217728 op, 388816840.00 ns, 2.8969 ns/op

OverheadActual   1: 134217728 op, 353813959.00 ns, 2.6361 ns/op
OverheadActual   2: 134217728 op, 350994780.00 ns, 2.6151 ns/op
OverheadActual   3: 134217728 op, 350081403.00 ns, 2.6083 ns/op
OverheadActual   4: 134217728 op, 386626568.00 ns, 2.8806 ns/op
OverheadActual   5: 134217728 op, 350348035.00 ns, 2.6103 ns/op
OverheadActual   6: 134217728 op, 387840608.00 ns, 2.8896 ns/op
OverheadActual   7: 134217728 op, 386939730.00 ns, 2.8829 ns/op
OverheadActual   8: 134217728 op, 386664475.00 ns, 2.8809 ns/op
OverheadActual   9: 134217728 op, 386745388.00 ns, 2.8815 ns/op
OverheadActual  10: 134217728 op, 386808553.00 ns, 2.8819 ns/op
OverheadActual  11: 134217728 op, 386527060.00 ns, 2.8799 ns/op
OverheadActual  12: 134217728 op, 386630075.00 ns, 2.8806 ns/op
OverheadActual  13: 134217728 op, 387040954.00 ns, 2.8837 ns/op
OverheadActual  14: 134217728 op, 386589773.00 ns, 2.8803 ns/op
OverheadActual  15: 134217728 op, 386854954.00 ns, 2.8823 ns/op

WorkloadWarmup   1: 134217728 op, 677369892.00 ns, 5.0468 ns/op
WorkloadWarmup   2: 134217728 op, 751150813.00 ns, 5.5965 ns/op

// BeforeActualRun
WorkloadActual   1: 134217728 op, 677976961.00 ns, 5.0513 ns/op
WorkloadActual   2: 134217728 op, 751176973.00 ns, 5.5967 ns/op
WorkloadActual   3: 134217728 op, 750902138.00 ns, 5.5947 ns/op
WorkloadActual   4: 134217728 op, 750939415.00 ns, 5.5949 ns/op
WorkloadActual   5: 134217728 op, 750934477.00 ns, 5.5949 ns/op

// AfterActualRun
WorkloadResult   1: 134217728 op, 291346886.00 ns, 2.1707 ns/op
WorkloadResult   2: 134217728 op, 364272063.00 ns, 2.7140 ns/op
WorkloadResult   3: 134217728 op, 364309340.00 ns, 2.7143 ns/op
WorkloadResult   4: 134217728 op, 364304402.00 ns, 2.7143 ns/op
// GC:  0 0 0 0 134217728
// Threading:  0 0 134217728

// AfterAll
// Benchmark Process 3272 has exited with code 0.

Mean = 2.578 ns, StdErr = 0.136 ns (5.27%), N = 4, StdDev = 0.272 ns
Min = 2.171 ns, Q1 = 2.578 ns, Median = 2.714 ns, Q3 = 2.714 ns, Max = 2.714 ns
IQR = 0.136 ns, LowerFence = 2.374 ns, UpperFence = 2.918 ns
ConfidenceInterval = [0.822 ns; 4.334 ns] (CI 99.9%), Margin = 1.756 ns (68.11% of Mean)
Skewness = -0.75, Kurtosis = 1.31, MValue = 2

// ** Remained 23 (60.5 %) benchmark(s) to run. Estimated finish 2026-07-31 9:48 (0h 4m from now) **
// **************************
// Benchmark: MapToExisting.Mapster: Quick(Arguments=/p:MatrixMode=Benchmark, IterationCount=5, WarmupCount=2)
// *** Execute ***
// Launch: 1 / 1
// Execute: dotnet Matrix.ObjectMapping-Quick-1.dll --anonymousPipes 131 132 --benchmarkName Matrix.ObjectMapping.Benchmarks.MapToExisting.Mapster --job Quick --benchmarkId 15 in /home/runner/work/dotnet-matrix/dotnet-matrix/src/Matrix.ObjectMapping/bin/Benchmark/Release/net10.0/Matrix.ObjectMapping-Quick-1/bin/Release/net10.0
// Failed to set up high priority (Permission denied). In order to run benchmarks with high priority, make sure you have the right permissions.
// BeforeAnythingElse

// Benchmark Process Environment Information:
// BenchmarkDotNet v0.15.8
// Runtime=.NET 10.0.10 (10.0.10, 10.0.1026.32716), X64 RyuJIT x86-64-v4
// GC=Concurrent Workstation
// HardwareIntrinsics=AVX512 BITALG+VBMI2+VNNI+VPOPCNTDQ,AVX512 IFMA+VBMI,AVX512 F+BW+CD+DQ+VL,AVX2+BMI1+BMI2+F16C+FMA+LZCNT+MOVBE,AVX,SSE3+SSSE3+SSE4.1+SSE4.2+POPCNT,X86Base+SSE+SSE2,AES+PCLMUL VectorSize=256
// Job: Quick(IterationCount=5, WarmupCount=2)

OverheadJitting  1: 1 op, 195495.00 ns, 195.4950 us/op
WorkloadJitting  1: 1 op, 559954.00 ns, 559.9540 us/op

OverheadJitting  2: 16 op, 402737.00 ns, 25.1711 us/op
WorkloadJitting  2: 16 op, 377799.00 ns, 23.6124 us/op

WorkloadPilot    1: 16 op, 4347.00 ns, 271.6875 ns/op
WorkloadPilot    2: 32 op, 5438.00 ns, 169.9375 ns/op
WorkloadPilot    3: 64 op, 8703.00 ns, 135.9844 ns/op
WorkloadPilot    4: 128 op, 15173.00 ns, 118.5391 ns/op
WorkloadPilot    5: 256 op, 28833.00 ns, 112.6289 ns/op
WorkloadPilot    6: 512 op, 47001.00 ns, 91.7988 ns/op
WorkloadPilot    7: 1024 op, 84157.00 ns, 82.1846 ns/op
WorkloadPilot    8: 2048 op, 158729.00 ns, 77.5044 ns/op
WorkloadPilot    9: 4096 op, 313763.00 ns, 76.6023 ns/op
WorkloadPilot   10: 8192 op, 682159.00 ns, 83.2714 ns/op
WorkloadPilot   11: 16384 op, 1302094.00 ns, 79.4735 ns/op
WorkloadPilot   12: 32768 op, 2555804.00 ns, 77.9969 ns/op
WorkloadPilot   13: 65536 op, 5068883.00 ns, 77.3450 ns/op
WorkloadPilot   14: 131072 op, 9984704.00 ns, 76.1772 ns/op
WorkloadPilot   15: 262144 op, 19888317.00 ns, 75.8679 ns/op
WorkloadPilot   16: 524288 op, 39632216.00 ns, 75.5925 ns/op
WorkloadPilot   17: 1048576 op, 79714230.00 ns, 76.0214 ns/op
WorkloadPilot   18: 2097152 op, 63353161.00 ns, 30.2091 ns/op
WorkloadPilot   19: 4194304 op, 62700467.00 ns, 14.9490 ns/op
WorkloadPilot   20: 8388608 op, 125640685.00 ns, 14.9775 ns/op
WorkloadPilot   21: 16777216 op, 252584857.00 ns, 15.0552 ns/op
WorkloadPilot   22: 33554432 op, 503556390.00 ns, 15.0071 ns/op

OverheadWarmup   1: 33554432 op, 114501190.00 ns, 3.4124 ns/op
OverheadWarmup   2: 33554432 op, 120013601.00 ns, 3.5767 ns/op
OverheadWarmup   3: 33554432 op, 96114317.00 ns, 2.8644 ns/op
OverheadWarmup   4: 33554432 op, 97627438.00 ns, 2.9095 ns/op
OverheadWarmup   5: 33554432 op, 96128268.00 ns, 2.8648 ns/op

OverheadActual   1: 33554432 op, 87095308.00 ns, 2.5956 ns/op
OverheadActual   2: 33554432 op, 96454079.00 ns, 2.8746 ns/op
OverheadActual   3: 33554432 op, 87058123.00 ns, 2.5945 ns/op
OverheadActual   4: 33554432 op, 105268670.00 ns, 3.1373 ns/op
OverheadActual   5: 33554432 op, 86999764.00 ns, 2.5928 ns/op
OverheadActual   6: 33554432 op, 108841136.00 ns, 3.2437 ns/op
OverheadActual   7: 33554432 op, 96129179.00 ns, 2.8649 ns/op
OverheadActual   8: 33554432 op, 87042098.00 ns, 2.5941 ns/op
OverheadActual   9: 33554432 op, 105327549.00 ns, 3.1390 ns/op
OverheadActual  10: 33554432 op, 96084672.00 ns, 2.8635 ns/op
OverheadActual  11: 33554432 op, 96188329.00 ns, 2.8666 ns/op
OverheadActual  12: 33554432 op, 96134247.00 ns, 2.8650 ns/op
OverheadActual  13: 33554432 op, 96104803.00 ns, 2.8641 ns/op
OverheadActual  14: 33554432 op, 87005323.00 ns, 2.5930 ns/op
OverheadActual  15: 33554432 op, 105297914.00 ns, 3.1381 ns/op
OverheadActual  16: 33554432 op, 96325906.00 ns, 2.8707 ns/op
OverheadActual  17: 33554432 op, 96690065.00 ns, 2.8816 ns/op
OverheadActual  18: 33554432 op, 87045784.00 ns, 2.5942 ns/op
OverheadActual  19: 33554432 op, 108256134.00 ns, 3.2263 ns/op
OverheadActual  20: 33554432 op, 96091773.00 ns, 2.8638 ns/op

WorkloadWarmup   1: 33554432 op, 505887145.00 ns, 15.0766 ns/op
WorkloadWarmup   2: 33554432 op, 500991083.00 ns, 14.9307 ns/op

// BeforeActualRun
WorkloadActual   1: 33554432 op, 501591608.00 ns, 14.9486 ns/op
WorkloadActual   2: 33554432 op, 500244817.00 ns, 14.9085 ns/op
WorkloadActual   3: 33554432 op, 500852404.00 ns, 14.9266 ns/op
WorkloadActual   4: 33554432 op, 502173686.00 ns, 14.9659 ns/op
WorkloadActual   5: 33554432 op, 501045324.00 ns, 14.9323 ns/op

// AfterActualRun
WorkloadResult   1: 33554432 op, 405459895.00 ns, 12.0836 ns/op
WorkloadResult   2: 33554432 op, 404113104.00 ns, 12.0435 ns/op
WorkloadResult   3: 33554432 op, 404720691.00 ns, 12.0616 ns/op
WorkloadResult   4: 33554432 op, 406041973.00 ns, 12.1010 ns/op
WorkloadResult   5: 33554432 op, 404913611.00 ns, 12.0674 ns/op
// GC:  0 0 0 0 33554432
// Threading:  0 0 33554432

// AfterAll
// Benchmark Process 3282 has exited with code 0.

Mean = 12.071 ns, StdErr = 0.010 ns (0.08%), N = 5, StdDev = 0.022 ns
Min = 12.044 ns, Q1 = 12.062 ns, Median = 12.067 ns, Q3 = 12.084 ns, Max = 12.101 ns
IQR = 0.022 ns, LowerFence = 12.029 ns, UpperFence = 12.117 ns
ConfidenceInterval = [11.987 ns; 12.156 ns] (CI 99.9%), Margin = 0.084 ns (0.70% of Mean)
Skewness = 0.09, Kurtosis = 1.22, MValue = 2

// ** Remained 22 (57.9 %) benchmark(s) to run. Estimated finish 2026-07-31 9:48 (0h 3m from now) **
// ***** BenchmarkRunner: Finish  *****

// * Export *
  tmp/dotnet-matrix/ObjectMapping/90b9d235d7e94c018f7cd9964f53afda/results/Matrix.ObjectMapping.Benchmarks.MapToExisting-report.csv
  tmp/dotnet-matrix/ObjectMapping/90b9d235d7e94c018f7cd9964f53afda/results/Matrix.ObjectMapping.Benchmarks.MapToExisting-report-github.md
  tmp/dotnet-matrix/ObjectMapping/90b9d235d7e94c018f7cd9964f53afda/results/Matrix.ObjectMapping.Benchmarks.MapToExisting-report.html
  tmp/dotnet-matrix/ObjectMapping/90b9d235d7e94c018f7cd9964f53afda/results/Matrix.ObjectMapping.Benchmarks.MapToExisting-report-full.json

// * Detailed results *
MapToExisting.HandCoded: Quick(Arguments=/p:MatrixMode=Benchmark, IterationCount=5, WarmupCount=2)
Runtime = .NET 10.0.10 (10.0.10, 10.0.1026.32716), X64 RyuJIT x86-64-v4; GC = Concurrent Workstation
Mean = 2.509 ns, StdErr = 0.023 ns (0.90%), N = 5, StdDev = 0.051 ns
Min = 2.465 ns, Q1 = 2.481 ns, Median = 2.482 ns, Q3 = 2.530 ns, Max = 2.589 ns
IQR = 0.049 ns, LowerFence = 2.407 ns, UpperFence = 2.604 ns
ConfidenceInterval = [2.314 ns; 2.705 ns] (CI 99.9%), Margin = 0.195 ns (7.79% of Mean)
Skewness = 0.59, Kurtosis = 1.37, MValue = 2
-------------------- Histogram --------------------
[2.459 ns ; 2.537 ns) | @@@@
[2.537 ns ; 2.628 ns) | @
---------------------------------------------------

MapToExisting.Mapperly: Quick(Arguments=/p:MatrixMode=Benchmark, IterationCount=5, WarmupCount=2)
Runtime = .NET 10.0.10 (10.0.10, 10.0.1026.32716), X64 RyuJIT x86-64-v4; GC = Concurrent Workstation
Mean = 2.578 ns, StdErr = 0.136 ns (5.27%), N = 4, StdDev = 0.272 ns
Min = 2.171 ns, Q1 = 2.578 ns, Median = 2.714 ns, Q3 = 2.714 ns, Max = 2.714 ns
IQR = 0.136 ns, LowerFence = 2.374 ns, UpperFence = 2.918 ns
ConfidenceInterval = [0.822 ns; 4.334 ns] (CI 99.9%), Margin = 1.756 ns (68.11% of Mean)
Skewness = -0.75, Kurtosis = 1.31, MValue = 2
-------------------- Histogram --------------------
[1.946 ns ; 2.489 ns) | @
[2.489 ns ; 2.939 ns) | @@@
---------------------------------------------------

MapToExisting.Mapster: Quick(Arguments=/p:MatrixMode=Benchmark, IterationCount=5, WarmupCount=2)
Runtime = .NET 10.0.10 (10.0.10, 10.0.1026.32716), X64 RyuJIT x86-64-v4; GC = Concurrent Workstation
Mean = 12.071 ns, StdErr = 0.010 ns (0.08%), N = 5, StdDev = 0.022 ns
Min = 12.044 ns, Q1 = 12.062 ns, Median = 12.067 ns, Q3 = 12.084 ns, Max = 12.101 ns
IQR = 0.022 ns, LowerFence = 12.029 ns, UpperFence = 12.117 ns
ConfidenceInterval = [11.987 ns; 12.156 ns] (CI 99.9%), Margin = 0.084 ns (0.70% of Mean)
Skewness = 0.09, Kurtosis = 1.22, MValue = 2
-------------------- Histogram --------------------
[12.027 ns ; 12.118 ns) | @@@@@
---------------------------------------------------

MapToExisting.AutoMapper: Quick(Arguments=/p:MatrixMode=Benchmark, IterationCount=5, WarmupCount=2)
Runtime = .NET 10.0.10 (10.0.10, 10.0.1026.32716), X64 RyuJIT x86-64-v4; GC = Concurrent Workstation
Mean = 45.972 ns, StdErr = 0.009 ns (0.02%), N = 5, StdDev = 0.019 ns
Min = 45.956 ns, Q1 = 45.957 ns, Median = 45.963 ns, Q3 = 45.987 ns, Max = 45.999 ns
IQR = 0.029 ns, LowerFence = 45.913 ns, UpperFence = 46.031 ns
ConfidenceInterval = [45.898 ns; 46.047 ns] (CI 99.9%), Margin = 0.075 ns (0.16% of Mean)
Skewness = 0.36, Kurtosis = 0.97, MValue = 2
-------------------- Histogram --------------------
[45.941 ns ; 46.014 ns) | @@@@@
---------------------------------------------------

// * Summary *

BenchmarkDotNet v0.15.8, Linux Ubuntu 24.04.4 LTS (Noble Numbat)
AMD EPYC 9V74 3.69GHz, 1 CPU, 4 logical and 2 physical cores
.NET SDK 10.0.302
  [Host] : .NET 10.0.10 (10.0.10, 10.0.1026.32716), X64 RyuJIT x86-64-v4
  Quick  : .NET 10.0.10 (10.0.10, 10.0.1026.32716), X64 RyuJIT x86-64-v4

Job=Quick  Arguments=/p:MatrixMode=Benchmark  IterationCount=5  
WarmupCount=2  

| Method     | Mean      | Error     | StdDev    | Ratio | RatioSD | Allocated | Alloc Ratio |
|----------- |----------:|----------:|----------:|------:|--------:|----------:|------------:|
| HandCoded  |  2.509 ns | 0.1954 ns | 0.0507 ns |  1.00 |    0.03 |         - |          NA |
| Mapperly   |  2.578 ns | 1.7561 ns | 0.2718 ns |  1.03 |    0.10 |         - |          NA |
| Mapster    | 12.071 ns | 0.0843 ns | 0.0219 ns |  4.81 |    0.09 |         - |          NA |
| AutoMapper | 45.972 ns | 0.0747 ns | 0.0194 ns | 18.33 |    0.33 |         - |          NA |

// * Hints *
Outliers
  MapToExisting.Mapperly: Quick -> 1 outlier  was  removed, 2 outliers were detected (5.05 ns, 5.60 ns)

// * Legends *
  Mean        : Arithmetic mean of all measurements
  Error       : Half of 99.9% confidence interval
  StdDev      : Standard deviation of all measurements
  Ratio       : Mean of the ratio distribution ([Current]/[Baseline])
  RatioSD     : Standard deviation of the ratio distribution ([Current]/[Baseline])
  Allocated   : Allocated memory per single operation (managed only, inclusive, 1KB = 1024B)
  Alloc Ratio : Allocated memory ratio distribution ([Current]/[Baseline])
  1 ns        : 1 Nanosecond (0.000000001 sec)

// * Diagnostic Output - MemoryDiagnoser *


// ***** BenchmarkRunner: End *****
Run time: 00:00:49 (49.72 sec), executed benchmarks: 4

// Found 4 benchmarks:
//   NestedObject.AutoMapper: Quick(Arguments=/p:MatrixMode=Benchmark, IterationCount=5, WarmupCount=2)
//   NestedObject.HandCoded: Quick(Arguments=/p:MatrixMode=Benchmark, IterationCount=5, WarmupCount=2)
//   NestedObject.Mapperly: Quick(Arguments=/p:MatrixMode=Benchmark, IterationCount=5, WarmupCount=2)
//   NestedObject.Mapster: Quick(Arguments=/p:MatrixMode=Benchmark, IterationCount=5, WarmupCount=2)

// **************************
// Benchmark: NestedObject.AutoMapper: Quick(Arguments=/p:MatrixMode=Benchmark, IterationCount=5, WarmupCount=2)
// *** Execute ***
// Launch: 1 / 1
// Execute: dotnet Matrix.ObjectMapping-Quick-1.dll --anonymousPipes 131 132 --benchmarkName Matrix.ObjectMapping.Benchmarks.NestedObject.AutoMapper --job Quick --benchmarkId 16 in /home/runner/work/dotnet-matrix/dotnet-matrix/src/Matrix.ObjectMapping/bin/Benchmark/Release/net10.0/Matrix.ObjectMapping-Quick-1/bin/Release/net10.0
// Failed to set up high priority (Permission denied). In order to run benchmarks with high priority, make sure you have the right permissions.
// BeforeAnythingElse

// Benchmark Process Environment Information:
// BenchmarkDotNet v0.15.8
// Runtime=.NET 10.0.10 (10.0.10, 10.0.1026.32716), X64 RyuJIT x86-64-v4
// GC=Concurrent Workstation
// HardwareIntrinsics=AVX512 BITALG+VBMI2+VNNI+VPOPCNTDQ,AVX512 IFMA+VBMI,AVX512 F+BW+CD+DQ+VL,AVX2+BMI1+BMI2+F16C+FMA+LZCNT+MOVBE,AVX,SSE3+SSSE3+SSE4.1+SSE4.2+POPCNT,X86Base+SSE+SSE2,AES+PCLMUL VectorSize=256
// Job: Quick(IterationCount=5, WarmupCount=2)

OverheadJitting  1: 1 op, 194153.00 ns, 194.1530 us/op
WorkloadJitting  1: 1 op, 1879013.00 ns, 1.8790 ms/op

OverheadJitting  2: 16 op, 392092.00 ns, 24.5058 us/op
WorkloadJitting  2: 16 op, 620605.00 ns, 38.7878 us/op

WorkloadPilot    1: 16 op, 9003.00 ns, 562.6875 ns/op
WorkloadPilot    2: 32 op, 22494.00 ns, 702.9375 ns/op
WorkloadPilot    3: 64 op, 33440.00 ns, 522.5000 ns/op
WorkloadPilot    4: 128 op, 69405.00 ns, 542.2266 ns/op
WorkloadPilot    5: 256 op, 139631.00 ns, 545.4336 ns/op
WorkloadPilot    6: 512 op, 181213.00 ns, 353.9316 ns/op
WorkloadPilot    7: 1024 op, 436708.00 ns, 426.4727 ns/op
WorkloadPilot    8: 2048 op, 909481.00 ns, 444.0825 ns/op
WorkloadPilot    9: 4096 op, 1801986.00 ns, 439.9380 ns/op
WorkloadPilot   10: 8192 op, 4386272.00 ns, 535.4336 ns/op
WorkloadPilot   11: 16384 op, 6326859.00 ns, 386.1608 ns/op
WorkloadPilot   12: 32768 op, 10493329.00 ns, 320.2310 ns/op
WorkloadPilot   13: 65536 op, 22860203.00 ns, 348.8190 ns/op
WorkloadPilot   14: 131072 op, 33848679.00 ns, 258.2449 ns/op
WorkloadPilot   15: 262144 op, 38380512.00 ns, 146.4100 ns/op
WorkloadPilot   16: 524288 op, 40383061.00 ns, 77.0246 ns/op
WorkloadPilot   17: 1048576 op, 80941065.00 ns, 77.1914 ns/op
WorkloadPilot   18: 2097152 op, 165756901.00 ns, 79.0390 ns/op
WorkloadPilot   19: 4194304 op, 324562663.00 ns, 77.3818 ns/op
WorkloadPilot   20: 8388608 op, 648591712.00 ns, 77.3182 ns/op

OverheadWarmup   1: 8388608 op, 26334581.00 ns, 3.1393 ns/op
OverheadWarmup   2: 8388608 op, 30912183.00 ns, 3.6850 ns/op
OverheadWarmup   3: 8388608 op, 28584243.00 ns, 3.4075 ns/op
OverheadWarmup   4: 8388608 op, 28619586.00 ns, 3.4117 ns/op
OverheadWarmup   5: 8388608 op, 28606076.00 ns, 3.4101 ns/op

OverheadActual   1: 8388608 op, 28602481.00 ns, 3.4097 ns/op
OverheadActual   2: 8388608 op, 26331076.00 ns, 3.1389 ns/op
OverheadActual   3: 8388608 op, 26320700.00 ns, 3.1377 ns/op
OverheadActual   4: 8388608 op, 26325498.00 ns, 3.1382 ns/op
OverheadActual   5: 8388608 op, 26307280.00 ns, 3.1361 ns/op
OverheadActual   6: 8388608 op, 28612265.00 ns, 3.4108 ns/op
OverheadActual   7: 8388608 op, 28598324.00 ns, 3.4092 ns/op
OverheadActual   8: 8388608 op, 28629891.00 ns, 3.4129 ns/op
OverheadActual   9: 8388608 op, 31413869.00 ns, 3.7448 ns/op
OverheadActual  10: 8388608 op, 29089475.00 ns, 3.4677 ns/op
OverheadActual  11: 8388608 op, 24009356.00 ns, 2.8621 ns/op
OverheadActual  12: 8388608 op, 24023467.00 ns, 2.8638 ns/op
OverheadActual  13: 8388608 op, 24022385.00 ns, 2.8637 ns/op
OverheadActual  14: 8388608 op, 24010938.00 ns, 2.8623 ns/op
OverheadActual  15: 8388608 op, 24045159.00 ns, 2.8664 ns/op
OverheadActual  16: 8388608 op, 24008655.00 ns, 2.8621 ns/op
OverheadActual  17: 8388608 op, 24114425.00 ns, 2.8747 ns/op
OverheadActual  18: 8388608 op, 21741297.00 ns, 2.5918 ns/op
OverheadActual  19: 8388608 op, 21712734.00 ns, 2.5884 ns/op
OverheadActual  20: 8388608 op, 24078631.00 ns, 2.8704 ns/op

WorkloadWarmup   1: 8388608 op, 662040276.00 ns, 78.9214 ns/op
WorkloadWarmup   2: 8388608 op, 660214914.00 ns, 78.7038 ns/op

// BeforeActualRun
WorkloadActual   1: 8388608 op, 653612831.00 ns, 77.9167 ns/op
WorkloadActual   2: 8388608 op, 651569992.00 ns, 77.6732 ns/op
WorkloadActual   3: 8388608 op, 651140915.00 ns, 77.6220 ns/op
WorkloadActual   4: 8388608 op, 649750238.00 ns, 77.4563 ns/op
WorkloadActual   5: 8388608 op, 650089670.00 ns, 77.4967 ns/op

// AfterActualRun
WorkloadResult   1: 8388608 op, 628401978.50 ns, 74.9114 ns/op
WorkloadResult   2: 8388608 op, 626359139.50 ns, 74.6678 ns/op
WorkloadResult   3: 8388608 op, 625930062.50 ns, 74.6167 ns/op
WorkloadResult   4: 8388608 op, 624539385.50 ns, 74.4509 ns/op
WorkloadResult   5: 8388608 op, 624878817.50 ns, 74.4914 ns/op
// GC:  124 0 0 2080374784 8388608
// Threading:  0 0 8388608

// AfterAll
// Benchmark Process 3294 has exited with code 0.

Mean = 74.628 ns, StdErr = 0.081 ns (0.11%), N = 5, StdDev = 0.182 ns
Min = 74.451 ns, Q1 = 74.491 ns, Median = 74.617 ns, Q3 = 74.668 ns, Max = 74.911 ns
IQR = 0.176 ns, LowerFence = 74.227 ns, UpperFence = 74.933 ns
ConfidenceInterval = [73.928 ns; 75.327 ns] (CI 99.9%), Margin = 0.700 ns (0.94% of Mean)
Skewness = 0.5, Kurtosis = 1.43, MValue = 2

// ** Remained 21 (55.3 %) benchmark(s) to run. Estimated finish 2026-07-31 9:48 (0h 3m from now) **
// **************************
// Benchmark: NestedObject.HandCoded: Quick(Arguments=/p:MatrixMode=Benchmark, IterationCount=5, WarmupCount=2)
// *** Execute ***
// Launch: 1 / 1
// Execute: dotnet Matrix.ObjectMapping-Quick-1.dll --anonymousPipes 131 132 --benchmarkName Matrix.ObjectMapping.Benchmarks.NestedObject.HandCoded --job Quick --benchmarkId 17 in /home/runner/work/dotnet-matrix/dotnet-matrix/src/Matrix.ObjectMapping/bin/Benchmark/Release/net10.0/Matrix.ObjectMapping-Quick-1/bin/Release/net10.0
// Failed to set up high priority (Permission denied). In order to run benchmarks with high priority, make sure you have the right permissions.
// BeforeAnythingElse

// Benchmark Process Environment Information:
// BenchmarkDotNet v0.15.8
// Runtime=.NET 10.0.10 (10.0.10, 10.0.1026.32716), X64 RyuJIT x86-64-v4
// GC=Concurrent Workstation
// HardwareIntrinsics=AVX512 BITALG+VBMI2+VNNI+VPOPCNTDQ,AVX512 IFMA+VBMI,AVX512 F+BW+CD+DQ+VL,AVX2+BMI1+BMI2+F16C+FMA+LZCNT+MOVBE,AVX,SSE3+SSSE3+SSE4.1+SSE4.2+POPCNT,X86Base+SSE+SSE2,AES+PCLMUL VectorSize=256
// Job: Quick(IterationCount=5, WarmupCount=2)

OverheadJitting  1: 1 op, 224088.00 ns, 224.0880 us/op
WorkloadJitting  1: 1 op, 482227.00 ns, 482.2270 us/op

OverheadJitting  2: 16 op, 391410.00 ns, 24.4631 us/op
WorkloadJitting  2: 16 op, 427124.00 ns, 26.6953 us/op

WorkloadPilot    1: 16 op, 4016.00 ns, 251.0000 ns/op
WorkloadPilot    2: 32 op, 27692.00 ns, 865.3750 ns/op
WorkloadPilot    3: 64 op, 32819.00 ns, 512.7969 ns/op
WorkloadPilot    4: 128 op, 59720.00 ns, 466.5625 ns/op
WorkloadPilot    5: 256 op, 64287.00 ns, 251.1211 ns/op
WorkloadPilot    6: 512 op, 151068.00 ns, 295.0547 ns/op
WorkloadPilot    7: 1024 op, 220723.00 ns, 215.5498 ns/op
WorkloadPilot    8: 2048 op, 356667.00 ns, 174.1538 ns/op
WorkloadPilot    9: 4096 op, 752094.00 ns, 183.6167 ns/op
WorkloadPilot   10: 8192 op, 1541324.00 ns, 188.1499 ns/op
WorkloadPilot   11: 16384 op, 3058391.00 ns, 186.6694 ns/op
WorkloadPilot   12: 32768 op, 6113406.00 ns, 186.5663 ns/op
WorkloadPilot   13: 65536 op, 11770895.00 ns, 179.6096 ns/op
WorkloadPilot   14: 131072 op, 11837106.00 ns, 90.3100 ns/op
WorkloadPilot   15: 262144 op, 22683387.00 ns, 86.5303 ns/op
WorkloadPilot   16: 524288 op, 48104650.00 ns, 91.7523 ns/op
WorkloadPilot   17: 1048576 op, 46665845.00 ns, 44.5040 ns/op
WorkloadPilot   18: 2097152 op, 92039952.00 ns, 43.8881 ns/op
WorkloadPilot   19: 4194304 op, 185978608.00 ns, 44.3408 ns/op
WorkloadPilot   20: 8388608 op, 369072276.00 ns, 43.9968 ns/op
WorkloadPilot   21: 16777216 op, 738779137.00 ns, 44.0347 ns/op

OverheadWarmup   1: 16777216 op, 57316407.00 ns, 3.4163 ns/op
OverheadWarmup   2: 16777216 op, 57240883.00 ns, 3.4118 ns/op
OverheadWarmup   3: 16777216 op, 57227954.00 ns, 3.4111 ns/op
OverheadWarmup   4: 16777216 op, 62283808.00 ns, 3.7124 ns/op
OverheadWarmup   5: 16777216 op, 48058035.00 ns, 2.8645 ns/op
OverheadWarmup   6: 16777216 op, 43495264.00 ns, 2.5925 ns/op
OverheadWarmup   7: 16777216 op, 48132336.00 ns, 2.8689 ns/op
OverheadWarmup   8: 16777216 op, 48044454.00 ns, 2.8637 ns/op

OverheadActual   1: 16777216 op, 43521213.00 ns, 2.5941 ns/op
OverheadActual   2: 16777216 op, 43565260.00 ns, 2.5967 ns/op
OverheadActual   3: 16777216 op, 43544919.00 ns, 2.5955 ns/op
OverheadActual   4: 16777216 op, 43493671.00 ns, 2.5924 ns/op
OverheadActual   5: 16777216 op, 43479600.00 ns, 2.5916 ns/op
OverheadActual   6: 16777216 op, 52628597.00 ns, 3.1369 ns/op
OverheadActual   7: 16777216 op, 55416271.00 ns, 3.3031 ns/op
OverheadActual   8: 16777216 op, 48282754.00 ns, 2.8779 ns/op
OverheadActual   9: 16777216 op, 48077023.00 ns, 2.8656 ns/op
OverheadActual  10: 16777216 op, 48090524.00 ns, 2.8664 ns/op
OverheadActual  11: 16777216 op, 43474042.00 ns, 2.5913 ns/op
OverheadActual  12: 16777216 op, 52615047.00 ns, 3.1361 ns/op
OverheadActual  13: 16777216 op, 48097144.00 ns, 2.8668 ns/op
OverheadActual  14: 16777216 op, 48026668.00 ns, 2.8626 ns/op
OverheadActual  15: 16777216 op, 48104084.00 ns, 2.8672 ns/op
OverheadActual  16: 16777216 op, 48045035.00 ns, 2.8637 ns/op
OverheadActual  17: 16777216 op, 48023622.00 ns, 2.8624 ns/op
OverheadActual  18: 16777216 op, 43498849.00 ns, 2.5927 ns/op
OverheadActual  19: 16777216 op, 43440080.00 ns, 2.5892 ns/op
OverheadActual  20: 16777216 op, 43619060.00 ns, 2.5999 ns/op

WorkloadWarmup   1: 16777216 op, 747362862.00 ns, 44.5463 ns/op
WorkloadWarmup   2: 16777216 op, 744418082.00 ns, 44.3708 ns/op

// BeforeActualRun
WorkloadActual   1: 16777216 op, 740298068.00 ns, 44.1252 ns/op
WorkloadActual   2: 16777216 op, 739098328.00 ns, 44.0537 ns/op
WorkloadActual   3: 16777216 op, 737676645.00 ns, 43.9690 ns/op
WorkloadActual   4: 16777216 op, 737390584.00 ns, 43.9519 ns/op
WorkloadActual   5: 16777216 op, 738833931.00 ns, 44.0379 ns/op

// AfterActualRun
WorkloadResult   1: 16777216 op, 692272923.00 ns, 41.2627 ns/op
WorkloadResult   2: 16777216 op, 691073183.00 ns, 41.1912 ns/op
WorkloadResult   3: 16777216 op, 689651500.00 ns, 41.1064 ns/op
WorkloadResult   4: 16777216 op, 689365439.00 ns, 41.0894 ns/op
WorkloadResult   5: 16777216 op, 690808786.00 ns, 41.1754 ns/op
// GC:  248 0 0 4160749568 16777216
// Threading:  0 0 16777216

// AfterAll
// Benchmark Process 3310 has exited with code 0.

Mean = 41.165 ns, StdErr = 0.031 ns (0.08%), N = 5, StdDev = 0.070 ns
Min = 41.089 ns, Q1 = 41.106 ns, Median = 41.175 ns, Q3 = 41.191 ns, Max = 41.263 ns
IQR = 0.085 ns, LowerFence = 40.979 ns, UpperFence = 41.318 ns
ConfidenceInterval = [40.896 ns; 41.434 ns] (CI 99.9%), Margin = 0.269 ns (0.65% of Mean)
Skewness = 0.19, Kurtosis = 1.15, MValue = 2

// ** Remained 20 (52.6 %) benchmark(s) to run. Estimated finish 2026-07-31 9:48 (0h 3m from now) **
// **************************
// Benchmark: NestedObject.Mapperly: Quick(Arguments=/p:MatrixMode=Benchmark, IterationCount=5, WarmupCount=2)
// *** Execute ***
// Launch: 1 / 1
// Execute: dotnet Matrix.ObjectMapping-Quick-1.dll --anonymousPipes 131 132 --benchmarkName Matrix.ObjectMapping.Benchmarks.NestedObject.Mapperly --job Quick --benchmarkId 18 in /home/runner/work/dotnet-matrix/dotnet-matrix/src/Matrix.ObjectMapping/bin/Benchmark/Release/net10.0/Matrix.ObjectMapping-Quick-1/bin/Release/net10.0
// Failed to set up high priority (Permission denied). In order to run benchmarks with high priority, make sure you have the right permissions.
// BeforeAnythingElse

// Benchmark Process Environment Information:
// BenchmarkDotNet v0.15.8
// Runtime=.NET 10.0.10 (10.0.10, 10.0.1026.32716), X64 RyuJIT x86-64-v4
// GC=Concurrent Workstation
// HardwareIntrinsics=AVX512 BITALG+VBMI2+VNNI+VPOPCNTDQ,AVX512 IFMA+VBMI,AVX512 F+BW+CD+DQ+VL,AVX2+BMI1+BMI2+F16C+FMA+LZCNT+MOVBE,AVX,SSE3+SSSE3+SSE4.1+SSE4.2+POPCNT,X86Base+SSE+SSE2,AES+PCLMUL VectorSize=256
// Job: Quick(IterationCount=5, WarmupCount=2)

OverheadJitting  1: 1 op, 208358.00 ns, 208.3580 us/op
WorkloadJitting  1: 1 op, 548096.00 ns, 548.0960 us/op

OverheadJitting  2: 16 op, 404183.00 ns, 25.2614 us/op
WorkloadJitting  2: 16 op, 411495.00 ns, 25.7184 us/op

WorkloadPilot    1: 16 op, 10328.00 ns, 645.5000 ns/op
WorkloadPilot    2: 32 op, 21668.00 ns, 677.1250 ns/op
WorkloadPilot    3: 64 op, 27899.00 ns, 435.9219 ns/op
WorkloadPilot    4: 128 op, 41243.00 ns, 322.2109 ns/op
WorkloadPilot    5: 256 op, 73640.00 ns, 287.6563 ns/op
WorkloadPilot    6: 512 op, 137652.00 ns, 268.8516 ns/op
WorkloadPilot    7: 1024 op, 229325.00 ns, 223.9502 ns/op
WorkloadPilot    8: 2048 op, 327417.00 ns, 159.8716 ns/op
WorkloadPilot    9: 4096 op, 763646.00 ns, 186.4370 ns/op
WorkloadPilot   10: 8192 op, 1521562.00 ns, 185.7375 ns/op
WorkloadPilot   11: 16384 op, 3081971.00 ns, 188.1086 ns/op
WorkloadPilot   12: 32768 op, 6190109.00 ns, 188.9071 ns/op
WorkloadPilot   13: 65536 op, 11854822.00 ns, 180.8902 ns/op
WorkloadPilot   14: 131072 op, 11778969.00 ns, 89.8664 ns/op
WorkloadPilot   15: 262144 op, 22804951.00 ns, 86.9940 ns/op
WorkloadPilot   16: 524288 op, 45985606.00 ns, 87.7106 ns/op
WorkloadPilot   17: 1048576 op, 42370447.00 ns, 40.4076 ns/op
WorkloadPilot   18: 2097152 op, 85612018.00 ns, 40.8230 ns/op
WorkloadPilot   19: 4194304 op, 170736702.00 ns, 40.7068 ns/op
WorkloadPilot   20: 8388608 op, 343029249.00 ns, 40.8923 ns/op
WorkloadPilot   21: 16777216 op, 681684644.00 ns, 40.6316 ns/op

OverheadWarmup   1: 16777216 op, 58492413.00 ns, 3.4864 ns/op
OverheadWarmup   2: 16777216 op, 57527668.00 ns, 3.4289 ns/op
OverheadWarmup   3: 16777216 op, 57556642.00 ns, 3.4306 ns/op
OverheadWarmup   4: 16777216 op, 62356007.00 ns, 3.7167 ns/op
OverheadWarmup   5: 16777216 op, 47275973.00 ns, 2.8179 ns/op
OverheadWarmup   6: 16777216 op, 48328910.00 ns, 2.8806 ns/op
OverheadWarmup   7: 16777216 op, 48311124.00 ns, 2.8796 ns/op

OverheadActual   1: 16777216 op, 48635623.00 ns, 2.8989 ns/op
OverheadActual   2: 16777216 op, 48678688.00 ns, 2.9015 ns/op
OverheadActual   3: 16777216 op, 48330282.00 ns, 2.8807 ns/op
OverheadActual   4: 16777216 op, 48407880.00 ns, 2.8853 ns/op
OverheadActual   5: 16777216 op, 48362641.00 ns, 2.8826 ns/op
OverheadActual   6: 16777216 op, 48353227.00 ns, 2.8821 ns/op
OverheadActual   7: 16777216 op, 48362722.00 ns, 2.8826 ns/op
OverheadActual   8: 16777216 op, 48432457.00 ns, 2.8868 ns/op
OverheadActual   9: 16777216 op, 48397934.00 ns, 2.8847 ns/op
OverheadActual  10: 16777216 op, 48326006.00 ns, 2.8805 ns/op
OverheadActual  11: 16777216 op, 48497334.00 ns, 2.8907 ns/op
OverheadActual  12: 16777216 op, 48351764.00 ns, 2.8820 ns/op
OverheadActual  13: 16777216 op, 48312655.00 ns, 2.8797 ns/op
OverheadActual  14: 16777216 op, 48380358.00 ns, 2.8837 ns/op
OverheadActual  15: 16777216 op, 48345366.00 ns, 2.8816 ns/op

WorkloadWarmup   1: 16777216 op, 701882584.00 ns, 41.8355 ns/op
WorkloadWarmup   2: 16777216 op, 694356017.00 ns, 41.3868 ns/op

// BeforeActualRun
WorkloadActual   1: 16777216 op, 692067592.00 ns, 41.2504 ns/op
WorkloadActual   2: 16777216 op, 692401050.00 ns, 41.2703 ns/op
WorkloadActual   3: 16777216 op, 686028083.00 ns, 40.8905 ns/op
WorkloadActual   4: 16777216 op, 688523674.00 ns, 41.0392 ns/op
WorkloadActual   5: 16777216 op, 691321634.00 ns, 41.2060 ns/op

// AfterActualRun
WorkloadResult   1: 16777216 op, 643704870.00 ns, 38.3678 ns/op
WorkloadResult   2: 16777216 op, 644038328.00 ns, 38.3877 ns/op
WorkloadResult   3: 16777216 op, 637665361.00 ns, 38.0078 ns/op
WorkloadResult   4: 16777216 op, 640160952.00 ns, 38.1566 ns/op
WorkloadResult   5: 16777216 op, 642958912.00 ns, 38.3233 ns/op
// GC:  248 0 0 4160749568 16777216
// Threading:  0 0 16777216

// AfterAll
// Benchmark Process 3320 has exited with code 0.

Mean = 38.249 ns, StdErr = 0.073 ns (0.19%), N = 5, StdDev = 0.162 ns
Min = 38.008 ns, Q1 = 38.157 ns, Median = 38.323 ns, Q3 = 38.368 ns, Max = 38.388 ns
IQR = 0.211 ns, LowerFence = 37.840 ns, UpperFence = 38.685 ns
ConfidenceInterval = [37.623 ns; 38.874 ns] (CI 99.9%), Margin = 0.626 ns (1.64% of Mean)
Skewness = -0.46, Kurtosis = 1.16, MValue = 2

// ** Remained 19 (50.0 %) benchmark(s) to run. Estimated finish 2026-07-31 9:48 (0h 3m from now) **
// **************************
// Benchmark: NestedObject.Mapster: Quick(Arguments=/p:MatrixMode=Benchmark, IterationCount=5, WarmupCount=2)
// *** Execute ***
// Launch: 1 / 1
// Execute: dotnet Matrix.ObjectMapping-Quick-1.dll --anonymousPipes 131 132 --benchmarkName Matrix.ObjectMapping.Benchmarks.NestedObject.Mapster --job Quick --benchmarkId 19 in /home/runner/work/dotnet-matrix/dotnet-matrix/src/Matrix.ObjectMapping/bin/Benchmark/Release/net10.0/Matrix.ObjectMapping-Quick-1/bin/Release/net10.0
// Failed to set up high priority (Permission denied). In order to run benchmarks with high priority, make sure you have the right permissions.
// BeforeAnythingElse

// Benchmark Process Environment Information:
// BenchmarkDotNet v0.15.8
// Runtime=.NET 10.0.10 (10.0.10, 10.0.1026.32716), X64 RyuJIT x86-64-v4
// GC=Concurrent Workstation
// HardwareIntrinsics=AVX512 BITALG+VBMI2+VNNI+VPOPCNTDQ,AVX512 IFMA+VBMI,AVX512 F+BW+CD+DQ+VL,AVX2+BMI1+BMI2+F16C+FMA+LZCNT+MOVBE,AVX,SSE3+SSSE3+SSE4.1+SSE4.2+POPCNT,X86Base+SSE+SSE2,AES+PCLMUL VectorSize=256
// Job: Quick(IterationCount=5, WarmupCount=2)

OverheadJitting  1: 1 op, 204924.00 ns, 204.9240 us/op
WorkloadJitting  1: 1 op, 2648556.00 ns, 2.6486 ms/op

OverheadJitting  2: 16 op, 394354.00 ns, 24.6471 us/op
WorkloadJitting  2: 16 op, 456970.00 ns, 28.5606 us/op

WorkloadPilot    1: 16 op, 6029.00 ns, 376.8125 ns/op
WorkloadPilot    2: 32 op, 28003.00 ns, 875.0938 ns/op
WorkloadPilot    3: 64 op, 43817.00 ns, 684.6406 ns/op
WorkloadPilot    4: 128 op, 48955.00 ns, 382.4609 ns/op
WorkloadPilot    5: 256 op, 81595.00 ns, 318.7305 ns/op
WorkloadPilot    6: 512 op, 136670.00 ns, 266.9336 ns/op
WorkloadPilot    7: 1024 op, 187828.00 ns, 183.4258 ns/op
WorkloadPilot    8: 2048 op, 386843.00 ns, 188.8882 ns/op
WorkloadPilot    9: 4096 op, 719672.00 ns, 175.7012 ns/op
WorkloadPilot   10: 8192 op, 1958449.00 ns, 239.0685 ns/op
WorkloadPilot   11: 16384 op, 2930849.00 ns, 178.8848 ns/op
WorkloadPilot   12: 32768 op, 5856148.00 ns, 178.7155 ns/op
WorkloadPilot   13: 65536 op, 13340900.00 ns, 203.5660 ns/op
WorkloadPilot   14: 131072 op, 15334504.00 ns, 116.9930 ns/op
WorkloadPilot   15: 262144 op, 29740404.00 ns, 113.4506 ns/op
WorkloadPilot   16: 524288 op, 45971571.00 ns, 87.6838 ns/op
WorkloadPilot   17: 1048576 op, 55154684.00 ns, 52.5996 ns/op
WorkloadPilot   18: 2097152 op, 113010204.00 ns, 53.8875 ns/op
WorkloadPilot   19: 4194304 op, 224298812.00 ns, 53.4770 ns/op
WorkloadPilot   20: 8388608 op, 444954854.00 ns, 53.0428 ns/op
WorkloadPilot   21: 16777216 op, 910445728.00 ns, 54.2668 ns/op

OverheadWarmup   1: 16777216 op, 57552915.00 ns, 3.4304 ns/op
OverheadWarmup   2: 16777216 op, 53093728.00 ns, 3.1646 ns/op
OverheadWarmup   3: 16777216 op, 53389395.00 ns, 3.1823 ns/op
OverheadWarmup   4: 16777216 op, 58235326.00 ns, 3.4711 ns/op
OverheadWarmup   5: 16777216 op, 43763463.00 ns, 2.6085 ns/op
OverheadWarmup   6: 16777216 op, 43777374.00 ns, 2.6093 ns/op
OverheadWarmup   7: 16777216 op, 43788461.00 ns, 2.6100 ns/op
OverheadWarmup   8: 16777216 op, 44034483.00 ns, 2.6247 ns/op
OverheadWarmup   9: 16777216 op, 48869196.00 ns, 2.9128 ns/op
OverheadWarmup  10: 16777216 op, 51026606.00 ns, 3.0414 ns/op

OverheadActual   1: 16777216 op, 43766648.00 ns, 2.6087 ns/op
OverheadActual   2: 16777216 op, 48355239.00 ns, 2.8822 ns/op
OverheadActual   3: 16777216 op, 48431665.00 ns, 2.8868 ns/op
OverheadActual   4: 16777216 op, 43881171.00 ns, 2.6155 ns/op
OverheadActual   5: 16777216 op, 43786478.00 ns, 2.6099 ns/op
OverheadActual   6: 16777216 op, 43806628.00 ns, 2.6111 ns/op
OverheadActual   7: 16777216 op, 43879268.00 ns, 2.6154 ns/op
OverheadActual   8: 16777216 op, 48339176.00 ns, 2.8812 ns/op
OverheadActual   9: 16777216 op, 48349121.00 ns, 2.8818 ns/op
OverheadActual  10: 16777216 op, 48327638.00 ns, 2.8806 ns/op
OverheadActual  11: 16777216 op, 48391454.00 ns, 2.8844 ns/op
OverheadActual  12: 16777216 op, 48317894.00 ns, 2.8800 ns/op
OverheadActual  13: 16777216 op, 48452146.00 ns, 2.8880 ns/op
OverheadActual  14: 16777216 op, 48353547.00 ns, 2.8821 ns/op
OverheadActual  15: 16777216 op, 48338424.00 ns, 2.8812 ns/op
OverheadActual  16: 16777216 op, 48350342.00 ns, 2.8819 ns/op

WorkloadWarmup   1: 16777216 op, 897460444.00 ns, 53.4928 ns/op
WorkloadWarmup   2: 16777216 op, 893973417.00 ns, 53.2850 ns/op

// BeforeActualRun
WorkloadActual   1: 16777216 op, 912217788.00 ns, 54.3724 ns/op
WorkloadActual   2: 16777216 op, 887793856.00 ns, 52.9166 ns/op
WorkloadActual   3: 16777216 op, 887700430.00 ns, 52.9111 ns/op
WorkloadActual   4: 16777216 op, 901378578.00 ns, 53.7263 ns/op
WorkloadActual   5: 16777216 op, 894202854.00 ns, 53.2986 ns/op

// AfterActualRun
WorkloadResult   1: 16777216 op, 863878988.00 ns, 51.4912 ns/op
WorkloadResult   2: 16777216 op, 839455056.00 ns, 50.0354 ns/op
WorkloadResult   3: 16777216 op, 839361630.00 ns, 50.0299 ns/op
WorkloadResult   4: 16777216 op, 853039778.00 ns, 50.8451 ns/op
WorkloadResult   5: 16777216 op, 845864054.00 ns, 50.4174 ns/op
// GC:  248 0 0 4160749568 16777216
// Threading:  0 0 16777216

// AfterAll
// Benchmark Process 3329 has exited with code 0.

Mean = 50.564 ns, StdErr = 0.276 ns (0.55%), N = 5, StdDev = 0.617 ns
Min = 50.030 ns, Q1 = 50.035 ns, Median = 50.417 ns, Q3 = 50.845 ns, Max = 51.491 ns
IQR = 0.810 ns, LowerFence = 48.821 ns, UpperFence = 52.060 ns
ConfidenceInterval = [48.186 ns; 52.941 ns] (CI 99.9%), Margin = 2.378 ns (4.70% of Mean)
Skewness = 0.44, Kurtosis = 1.25, MValue = 2

// ** Remained 18 (47.4 %) benchmark(s) to run. Estimated finish 2026-07-31 9:48 (0h 3m from now) **
// ***** BenchmarkRunner: Finish  *****

// * Export *
  tmp/dotnet-matrix/ObjectMapping/90b9d235d7e94c018f7cd9964f53afda/results/Matrix.ObjectMapping.Benchmarks.NestedObject-report.csv
  tmp/dotnet-matrix/ObjectMapping/90b9d235d7e94c018f7cd9964f53afda/results/Matrix.ObjectMapping.Benchmarks.NestedObject-report-github.md
  tmp/dotnet-matrix/ObjectMapping/90b9d235d7e94c018f7cd9964f53afda/results/Matrix.ObjectMapping.Benchmarks.NestedObject-report.html
  tmp/dotnet-matrix/ObjectMapping/90b9d235d7e94c018f7cd9964f53afda/results/Matrix.ObjectMapping.Benchmarks.NestedObject-report-full.json

// * Detailed results *
NestedObject.Mapperly: Quick(Arguments=/p:MatrixMode=Benchmark, IterationCount=5, WarmupCount=2)
Runtime = .NET 10.0.10 (10.0.10, 10.0.1026.32716), X64 RyuJIT x86-64-v4; GC = Concurrent Workstation
Mean = 38.249 ns, StdErr = 0.073 ns (0.19%), N = 5, StdDev = 0.162 ns
Min = 38.008 ns, Q1 = 38.157 ns, Median = 38.323 ns, Q3 = 38.368 ns, Max = 38.388 ns
IQR = 0.211 ns, LowerFence = 37.840 ns, UpperFence = 38.685 ns
ConfidenceInterval = [37.623 ns; 38.874 ns] (CI 99.9%), Margin = 0.626 ns (1.64% of Mean)
Skewness = -0.46, Kurtosis = 1.16, MValue = 2
-------------------- Histogram --------------------
[37.883 ns ; 38.513 ns) | @@@@@
---------------------------------------------------

NestedObject.HandCoded: Quick(Arguments=/p:MatrixMode=Benchmark, IterationCount=5, WarmupCount=2)
Runtime = .NET 10.0.10 (10.0.10, 10.0.1026.32716), X64 RyuJIT x86-64-v4; GC = Concurrent Workstation
Mean = 41.165 ns, StdErr = 0.031 ns (0.08%), N = 5, StdDev = 0.070 ns
Min = 41.089 ns, Q1 = 41.106 ns, Median = 41.175 ns, Q3 = 41.191 ns, Max = 41.263 ns
IQR = 0.085 ns, LowerFence = 40.979 ns, UpperFence = 41.318 ns
ConfidenceInterval = [40.896 ns; 41.434 ns] (CI 99.9%), Margin = 0.269 ns (0.65% of Mean)
Skewness = 0.19, Kurtosis = 1.15, MValue = 2
-------------------- Histogram --------------------
[41.036 ns ; 41.316 ns) | @@@@@
---------------------------------------------------

NestedObject.Mapster: Quick(Arguments=/p:MatrixMode=Benchmark, IterationCount=5, WarmupCount=2)
Runtime = .NET 10.0.10 (10.0.10, 10.0.1026.32716), X64 RyuJIT x86-64-v4; GC = Concurrent Workstation
Mean = 50.564 ns, StdErr = 0.276 ns (0.55%), N = 5, StdDev = 0.617 ns
Min = 50.030 ns, Q1 = 50.035 ns, Median = 50.417 ns, Q3 = 50.845 ns, Max = 51.491 ns
IQR = 0.810 ns, LowerFence = 48.821 ns, UpperFence = 52.060 ns
ConfidenceInterval = [48.186 ns; 52.941 ns] (CI 99.9%), Margin = 2.378 ns (4.70% of Mean)
Skewness = 0.44, Kurtosis = 1.25, MValue = 2
-------------------- Histogram --------------------
[49.933 ns ; 51.965 ns) | @@@@@
---------------------------------------------------

NestedObject.AutoMapper: Quick(Arguments=/p:MatrixMode=Benchmark, IterationCount=5, WarmupCount=2)
Runtime = .NET 10.0.10 (10.0.10, 10.0.1026.32716), X64 RyuJIT x86-64-v4; GC = Concurrent Workstation
Mean = 74.628 ns, StdErr = 0.081 ns (0.11%), N = 5, StdDev = 0.182 ns
Min = 74.451 ns, Q1 = 74.491 ns, Median = 74.617 ns, Q3 = 74.668 ns, Max = 74.911 ns
IQR = 0.176 ns, LowerFence = 74.227 ns, UpperFence = 74.933 ns
ConfidenceInterval = [73.928 ns; 75.327 ns] (CI 99.9%), Margin = 0.700 ns (0.94% of Mean)
Skewness = 0.5, Kurtosis = 1.43, MValue = 2
-------------------- Histogram --------------------
[74.311 ns ; 75.051 ns) | @@@@@
---------------------------------------------------

// * Summary *

BenchmarkDotNet v0.15.8, Linux Ubuntu 24.04.4 LTS (Noble Numbat)
AMD EPYC 9V74 3.69GHz, 1 CPU, 4 logical and 2 physical cores
.NET SDK 10.0.302
  [Host] : .NET 10.0.10 (10.0.10, 10.0.1026.32716), X64 RyuJIT x86-64-v4
  Quick  : .NET 10.0.10 (10.0.10, 10.0.1026.32716), X64 RyuJIT x86-64-v4

Job=Quick  Arguments=/p:MatrixMode=Benchmark  IterationCount=5  
WarmupCount=2  

| Method     | Mean     | Error    | StdDev   | Ratio | Gen0   | Allocated | Alloc Ratio |
|----------- |---------:|---------:|---------:|------:|-------:|----------:|------------:|
| Mapperly   | 38.25 ns | 0.626 ns | 0.162 ns |  0.93 | 0.0148 |     248 B |        1.00 |
| HandCoded  | 41.17 ns | 0.269 ns | 0.070 ns |  1.00 | 0.0148 |     248 B |        1.00 |
| Mapster    | 50.56 ns | 2.378 ns | 0.617 ns |  1.23 | 0.0148 |     248 B |        1.00 |
| AutoMapper | 74.63 ns | 0.700 ns | 0.182 ns |  1.81 | 0.0148 |     248 B |        1.00 |

// * Legends *
  Mean        : Arithmetic mean of all measurements
  Error       : Half of 99.9% confidence interval
  StdDev      : Standard deviation of all measurements
  Ratio       : Mean of the ratio distribution ([Current]/[Baseline])
  Gen0        : GC Generation 0 collects per 1000 operations
  Allocated   : Allocated memory per single operation (managed only, inclusive, 1KB = 1024B)
  Alloc Ratio : Allocated memory ratio distribution ([Current]/[Baseline])
  1 ns        : 1 Nanosecond (0.000000001 sec)

// * Diagnostic Output - MemoryDiagnoser *


// ***** BenchmarkRunner: End *****
Run time: 00:00:35 (35.43 sec), executed benchmarks: 4

// Found 4 benchmarks:
//   NullHandling.AutoMapper: Quick(Arguments=/p:MatrixMode=Benchmark, IterationCount=5, WarmupCount=2)
//   NullHandling.HandCoded: Quick(Arguments=/p:MatrixMode=Benchmark, IterationCount=5, WarmupCount=2)
//   NullHandling.Mapperly: Quick(Arguments=/p:MatrixMode=Benchmark, IterationCount=5, WarmupCount=2)
//   NullHandling.Mapster: Quick(Arguments=/p:MatrixMode=Benchmark, IterationCount=5, WarmupCount=2)

// **************************
// Benchmark: NullHandling.AutoMapper: Quick(Arguments=/p:MatrixMode=Benchmark, IterationCount=5, WarmupCount=2)
// *** Execute ***
// Launch: 1 / 1
// Execute: dotnet Matrix.ObjectMapping-Quick-1.dll --anonymousPipes 129 130 --benchmarkName Matrix.ObjectMapping.Benchmarks.NullHandling.AutoMapper --job Quick --benchmarkId 20 in /home/runner/work/dotnet-matrix/dotnet-matrix/src/Matrix.ObjectMapping/bin/Benchmark/Release/net10.0/Matrix.ObjectMapping-Quick-1/bin/Release/net10.0
// Failed to set up high priority (Permission denied). In order to run benchmarks with high priority, make sure you have the right permissions.
// BeforeAnythingElse

// Benchmark Process Environment Information:
// BenchmarkDotNet v0.15.8
// Runtime=.NET 10.0.10 (10.0.10, 10.0.1026.32716), X64 RyuJIT x86-64-v4
// GC=Concurrent Workstation
// HardwareIntrinsics=AVX512 BITALG+VBMI2+VNNI+VPOPCNTDQ,AVX512 IFMA+VBMI,AVX512 F+BW+CD+DQ+VL,AVX2+BMI1+BMI2+F16C+FMA+LZCNT+MOVBE,AVX,SSE3+SSSE3+SSE4.1+SSE4.2+POPCNT,X86Base+SSE+SSE2,AES+PCLMUL VectorSize=256
// Job: Quick(IterationCount=5, WarmupCount=2)

OverheadJitting  1: 1 op, 194625.00 ns, 194.6250 us/op
WorkloadJitting  1: 1 op, 2122053.00 ns, 2.1221 ms/op

OverheadJitting  2: 16 op, 409270.00 ns, 25.5794 us/op
WorkloadJitting  2: 16 op, 596844.00 ns, 37.3028 us/op

WorkloadPilot    1: 16 op, 8153.00 ns, 509.5625 ns/op
WorkloadPilot    2: 32 op, 11067.00 ns, 345.8438 ns/op
WorkloadPilot    3: 64 op, 17927.00 ns, 280.1094 ns/op
WorkloadPilot    4: 128 op, 47182.00 ns, 368.6094 ns/op
WorkloadPilot    5: 256 op, 71268.00 ns, 278.3906 ns/op
WorkloadPilot    6: 512 op, 122155.00 ns, 238.5840 ns/op
WorkloadPilot    7: 1024 op, 233523.00 ns, 228.0498 ns/op
WorkloadPilot    8: 2048 op, 442139.00 ns, 215.8882 ns/op
WorkloadPilot    9: 4096 op, 871540.00 ns, 212.7783 ns/op
WorkloadPilot   10: 8192 op, 1954931.00 ns, 238.6390 ns/op
WorkloadPilot   11: 16384 op, 3752101.00 ns, 229.0101 ns/op
WorkloadPilot   12: 32768 op, 7556773.00 ns, 230.6144 ns/op
WorkloadPilot   13: 65536 op, 15018531.00 ns, 229.1646 ns/op
WorkloadPilot   14: 131072 op, 29908477.00 ns, 228.1836 ns/op
WorkloadPilot   15: 262144 op, 50219823.00 ns, 191.5734 ns/op
WorkloadPilot   16: 524288 op, 33450541.00 ns, 63.8018 ns/op
WorkloadPilot   17: 1048576 op, 56641106.00 ns, 54.0172 ns/op
WorkloadPilot   18: 2097152 op, 115359166.00 ns, 55.0075 ns/op
WorkloadPilot   19: 4194304 op, 226183617.00 ns, 53.9264 ns/op
WorkloadPilot   20: 8388608 op, 452262996.00 ns, 53.9140 ns/op
WorkloadPilot   21: 16777216 op, 902520124.00 ns, 53.7944 ns/op

OverheadWarmup   1: 16777216 op, 57345643.00 ns, 3.4181 ns/op
OverheadWarmup   2: 16777216 op, 61824074.00 ns, 3.6850 ns/op
OverheadWarmup   3: 16777216 op, 61804455.00 ns, 3.6838 ns/op
OverheadWarmup   4: 16777216 op, 65581613.00 ns, 3.9090 ns/op
OverheadWarmup   5: 16777216 op, 43455320.00 ns, 2.5901 ns/op

OverheadActual   1: 16777216 op, 43491515.00 ns, 2.5923 ns/op
OverheadActual   2: 16777216 op, 43511425.00 ns, 2.5935 ns/op
OverheadActual   3: 16777216 op, 43486888.00 ns, 2.5920 ns/op
OverheadActual   4: 16777216 op, 43650255.00 ns, 2.6018 ns/op
OverheadActual   5: 16777216 op, 43505335.00 ns, 2.5931 ns/op
OverheadActual   6: 16777216 op, 43448179.00 ns, 2.5897 ns/op
OverheadActual   7: 16777216 op, 43454038.00 ns, 2.5901 ns/op
OverheadActual   8: 16777216 op, 43475270.00 ns, 2.5913 ns/op
OverheadActual   9: 16777216 op, 43620089.00 ns, 2.6000 ns/op
OverheadActual  10: 16777216 op, 43453447.00 ns, 2.5900 ns/op
OverheadActual  11: 16777216 op, 43470623.00 ns, 2.5911 ns/op
OverheadActual  12: 16777216 op, 43459907.00 ns, 2.5904 ns/op
OverheadActual  13: 16777216 op, 43468280.00 ns, 2.5909 ns/op
OverheadActual  14: 16777216 op, 43537304.00 ns, 2.5950 ns/op
OverheadActual  15: 16777216 op, 43505506.00 ns, 2.5931 ns/op

WorkloadWarmup   1: 16777216 op, 910039350.00 ns, 54.2426 ns/op
WorkloadWarmup   2: 16777216 op, 909294703.00 ns, 54.1982 ns/op

// BeforeActualRun
WorkloadActual   1: 16777216 op, 903554887.00 ns, 53.8561 ns/op
WorkloadActual   2: 16777216 op, 907679263.00 ns, 54.1019 ns/op
WorkloadActual   3: 16777216 op, 902619211.00 ns, 53.8003 ns/op
WorkloadActual   4: 16777216 op, 902868639.00 ns, 53.8152 ns/op
WorkloadActual   5: 16777216 op, 902496985.00 ns, 53.7930 ns/op

// AfterActualRun
WorkloadResult   1: 16777216 op, 860067999.00 ns, 51.2640 ns/op
WorkloadResult   2: 16777216 op, 859132323.00 ns, 51.2083 ns/op
WorkloadResult   3: 16777216 op, 859381751.00 ns, 51.2231 ns/op
WorkloadResult   4: 16777216 op, 859010097.00 ns, 51.2010 ns/op
// GC:  40 0 0 671088640 16777216
// Threading:  0 0 16777216

// AfterAll
// Benchmark Process 3345 has exited with code 0.

Mean = 51.224 ns, StdErr = 0.014 ns (0.03%), N = 4, StdDev = 0.028 ns
Min = 51.201 ns, Q1 = 51.206 ns, Median = 51.216 ns, Q3 = 51.233 ns, Max = 51.264 ns
IQR = 0.027 ns, LowerFence = 51.166 ns, UpperFence = 51.274 ns
ConfidenceInterval = [51.042 ns; 51.406 ns] (CI 99.9%), Margin = 0.182 ns (0.36% of Mean)
Skewness = 0.53, Kurtosis = 1.15, MValue = 2

// ** Remained 17 (44.7 %) benchmark(s) to run. Estimated finish 2026-07-31 9:48 (0h 2m from now) **
// **************************
// Benchmark: NullHandling.HandCoded: Quick(Arguments=/p:MatrixMode=Benchmark, IterationCount=5, WarmupCount=2)
// *** Execute ***
// Launch: 1 / 1
// Execute: dotnet Matrix.ObjectMapping-Quick-1.dll --anonymousPipes 129 130 --benchmarkName Matrix.ObjectMapping.Benchmarks.NullHandling.HandCoded --job Quick --benchmarkId 21 in /home/runner/work/dotnet-matrix/dotnet-matrix/src/Matrix.ObjectMapping/bin/Benchmark/Release/net10.0/Matrix.ObjectMapping-Quick-1/bin/Release/net10.0
// Failed to set up high priority (Permission denied). In order to run benchmarks with high priority, make sure you have the right permissions.
// BeforeAnythingElse

// Benchmark Process Environment Information:
// BenchmarkDotNet v0.15.8
// Runtime=.NET 10.0.10 (10.0.10, 10.0.1026.32716), X64 RyuJIT x86-64-v4
// GC=Concurrent Workstation
// HardwareIntrinsics=AVX512 BITALG+VBMI2+VNNI+VPOPCNTDQ,AVX512 IFMA+VBMI,AVX512 F+BW+CD+DQ+VL,AVX2+BMI1+BMI2+F16C+FMA+LZCNT+MOVBE,AVX,SSE3+SSSE3+SSE4.1+SSE4.2+POPCNT,X86Base+SSE+SSE2,AES+PCLMUL VectorSize=256
// Job: Quick(IterationCount=5, WarmupCount=2)

OverheadJitting  1: 1 op, 204680.00 ns, 204.6800 us/op
WorkloadJitting  1: 1 op, 294876.00 ns, 294.8760 us/op

OverheadJitting  2: 16 op, 385323.00 ns, 24.0827 us/op
WorkloadJitting  2: 16 op, 389199.00 ns, 24.3249 us/op

WorkloadPilot    1: 16 op, 10155.00 ns, 634.6875 ns/op
WorkloadPilot    2: 32 op, 2533.00 ns, 79.1563 ns/op
WorkloadPilot    3: 64 op, 3275.00 ns, 51.1719 ns/op
WorkloadPilot    4: 128 op, 19349.00 ns, 151.1641 ns/op
WorkloadPilot    5: 256 op, 23135.00 ns, 90.3711 ns/op
WorkloadPilot    6: 512 op, 23145.00 ns, 45.2051 ns/op
WorkloadPilot    7: 1024 op, 53241.00 ns, 51.9932 ns/op
WorkloadPilot    8: 2048 op, 97207.00 ns, 47.4644 ns/op
WorkloadPilot    9: 4096 op, 176918.00 ns, 43.1929 ns/op
WorkloadPilot   10: 8192 op, 333224.00 ns, 40.6768 ns/op
WorkloadPilot   11: 16384 op, 550243.00 ns, 33.5842 ns/op
WorkloadPilot   12: 32768 op, 1131283.00 ns, 34.5240 ns/op
WorkloadPilot   13: 65536 op, 2270328.00 ns, 34.6425 ns/op
WorkloadPilot   14: 131072 op, 4468807.00 ns, 34.0943 ns/op
WorkloadPilot   15: 262144 op, 8991856.00 ns, 34.3012 ns/op
WorkloadPilot   16: 524288 op, 14741152.00 ns, 28.1165 ns/op
WorkloadPilot   17: 1048576 op, 19427038.00 ns, 18.5271 ns/op
WorkloadPilot   18: 2097152 op, 40115075.00 ns, 19.1284 ns/op
WorkloadPilot   19: 4194304 op, 49669754.00 ns, 11.8422 ns/op
WorkloadPilot   20: 8388608 op, 78812003.00 ns, 9.3951 ns/op
WorkloadPilot   21: 16777216 op, 153023810.00 ns, 9.1209 ns/op
WorkloadPilot   22: 33554432 op, 313842403.00 ns, 9.3532 ns/op
WorkloadPilot   23: 67108864 op, 639125750.00 ns, 9.5237 ns/op

OverheadWarmup   1: 67108864 op, 212710101.00 ns, 3.1696 ns/op
OverheadWarmup   2: 67108864 op, 210521176.00 ns, 3.1370 ns/op
OverheadWarmup   3: 67108864 op, 210478387.00 ns, 3.1364 ns/op
OverheadWarmup   4: 67108864 op, 192531662.00 ns, 2.8689 ns/op
OverheadWarmup   5: 67108864 op, 192240132.00 ns, 2.8646 ns/op
OverheadWarmup   6: 67108864 op, 192276336.00 ns, 2.8651 ns/op
OverheadWarmup   7: 67108864 op, 192231328.00 ns, 2.8645 ns/op
OverheadWarmup   8: 67108864 op, 192174092.00 ns, 2.8636 ns/op
OverheadWarmup   9: 67108864 op, 192232129.00 ns, 2.8645 ns/op
OverheadWarmup  10: 67108864 op, 192216536.00 ns, 2.8642 ns/op

OverheadActual   1: 67108864 op, 173967592.00 ns, 2.5923 ns/op
OverheadActual   2: 67108864 op, 174141576.00 ns, 2.5949 ns/op
OverheadActual   3: 67108864 op, 174025440.00 ns, 2.5932 ns/op
OverheadActual   4: 67108864 op, 173886059.00 ns, 2.5911 ns/op
OverheadActual   5: 67108864 op, 174134425.00 ns, 2.5948 ns/op
OverheadActual   6: 67108864 op, 192256026.00 ns, 2.8648 ns/op
OverheadActual   7: 67108864 op, 192156104.00 ns, 2.8633 ns/op
OverheadActual   8: 67108864 op, 192175164.00 ns, 2.8636 ns/op
OverheadActual   9: 67108864 op, 192132929.00 ns, 2.8630 ns/op
OverheadActual  10: 67108864 op, 192273622.00 ns, 2.8651 ns/op
OverheadActual  11: 67108864 op, 192143335.00 ns, 2.8632 ns/op
OverheadActual  12: 67108864 op, 192095833.00 ns, 2.8625 ns/op
OverheadActual  13: 67108864 op, 192173801.00 ns, 2.8636 ns/op
OverheadActual  14: 67108864 op, 192253753.00 ns, 2.8648 ns/op
OverheadActual  15: 67108864 op, 193070768.00 ns, 2.8770 ns/op
OverheadActual  16: 67108864 op, 192708019.00 ns, 2.8716 ns/op

WorkloadWarmup   1: 67108864 op, 632710845.00 ns, 9.4281 ns/op
WorkloadWarmup   2: 67108864 op, 645288496.00 ns, 9.6155 ns/op

// BeforeActualRun
WorkloadActual   1: 67108864 op, 626937316.00 ns, 9.3421 ns/op
WorkloadActual   2: 67108864 op, 630546612.00 ns, 9.3959 ns/op
WorkloadActual   3: 67108864 op, 629738700.00 ns, 9.3838 ns/op
WorkloadActual   4: 67108864 op, 629002022.00 ns, 9.3729 ns/op
WorkloadActual   5: 67108864 op, 626488999.00 ns, 9.3354 ns/op

// AfterActualRun
WorkloadResult   1: 67108864 op, 434787596.50 ns, 6.4788 ns/op
WorkloadResult   2: 67108864 op, 438396892.50 ns, 6.5326 ns/op
WorkloadResult   3: 67108864 op, 437588980.50 ns, 6.5206 ns/op
WorkloadResult   4: 67108864 op, 436852302.50 ns, 6.5096 ns/op
WorkloadResult   5: 67108864 op, 434339279.50 ns, 6.4722 ns/op
// GC:  160 0 0 2684354560 67108864
// Threading:  0 0 67108864

// AfterAll
// Benchmark Process 3360 has exited with code 0.

Mean = 6.503 ns, StdErr = 0.012 ns (0.18%), N = 5, StdDev = 0.026 ns
Min = 6.472 ns, Q1 = 6.479 ns, Median = 6.510 ns, Q3 = 6.521 ns, Max = 6.533 ns
IQR = 0.042 ns, LowerFence = 6.416 ns, UpperFence = 6.583 ns
ConfidenceInterval = [6.402 ns; 6.604 ns] (CI 99.9%), Margin = 0.101 ns (1.56% of Mean)
Skewness = -0.11, Kurtosis = 0.88, MValue = 2

// ** Remained 16 (42.1 %) benchmark(s) to run. Estimated finish 2026-07-31 9:48 (0h 2m from now) **
// **************************
// Benchmark: NullHandling.Mapperly: Quick(Arguments=/p:MatrixMode=Benchmark, IterationCount=5, WarmupCount=2)
// *** Execute ***
// Launch: 1 / 1
// Execute: dotnet Matrix.ObjectMapping-Quick-1.dll --anonymousPipes 129 130 --benchmarkName Matrix.ObjectMapping.Benchmarks.NullHandling.Mapperly --job Quick --benchmarkId 22 in /home/runner/work/dotnet-matrix/dotnet-matrix/src/Matrix.ObjectMapping/bin/Benchmark/Release/net10.0/Matrix.ObjectMapping-Quick-1/bin/Release/net10.0
// Failed to set up high priority (Permission denied). In order to run benchmarks with high priority, make sure you have the right permissions.
// BeforeAnythingElse

// Benchmark Process Environment Information:
// BenchmarkDotNet v0.15.8
// Runtime=.NET 10.0.10 (10.0.10, 10.0.1026.32716), X64 RyuJIT x86-64-v4
// GC=Concurrent Workstation
// HardwareIntrinsics=AVX512 BITALG+VBMI2+VNNI+VPOPCNTDQ,AVX512 IFMA+VBMI,AVX512 F+BW+CD+DQ+VL,AVX2+BMI1+BMI2+F16C+FMA+LZCNT+MOVBE,AVX,SSE3+SSSE3+SSE4.1+SSE4.2+POPCNT,X86Base+SSE+SSE2,AES+PCLMUL VectorSize=256
// Job: Quick(IterationCount=5, WarmupCount=2)

OverheadJitting  1: 1 op, 235456.00 ns, 235.4560 us/op
WorkloadJitting  1: 1 op, 363490.00 ns, 363.4900 us/op

OverheadJitting  2: 16 op, 393916.00 ns, 24.6198 us/op
WorkloadJitting  2: 16 op, 394207.00 ns, 24.6379 us/op

WorkloadPilot    1: 16 op, 9844.00 ns, 615.2500 ns/op
WorkloadPilot    2: 32 op, 2855.00 ns, 89.2188 ns/op
WorkloadPilot    3: 64 op, 3786.00 ns, 59.1563 ns/op
WorkloadPilot    4: 128 op, 20311.00 ns, 158.6797 ns/op
WorkloadPilot    5: 256 op, 26620.00 ns, 103.9844 ns/op
WorkloadPilot    6: 512 op, 24437.00 ns, 47.7285 ns/op
WorkloadPilot    7: 1024 op, 58258.00 ns, 56.8926 ns/op
WorkloadPilot    8: 2048 op, 101153.00 ns, 49.3911 ns/op
WorkloadPilot    9: 4096 op, 188125.00 ns, 45.9290 ns/op
WorkloadPilot   10: 8192 op, 405504.00 ns, 49.5000 ns/op
WorkloadPilot   11: 16384 op, 606238.00 ns, 37.0018 ns/op
WorkloadPilot   12: 32768 op, 1271485.00 ns, 38.8026 ns/op
WorkloadPilot   13: 65536 op, 2546906.00 ns, 38.8627 ns/op
WorkloadPilot   14: 131072 op, 5029365.00 ns, 38.3710 ns/op
WorkloadPilot   15: 262144 op, 10270449.00 ns, 39.1787 ns/op
WorkloadPilot   16: 524288 op, 16952556.00 ns, 32.3344 ns/op
WorkloadPilot   17: 1048576 op, 25447237.00 ns, 24.2684 ns/op
WorkloadPilot   18: 2097152 op, 48326626.00 ns, 23.0439 ns/op
WorkloadPilot   19: 4194304 op, 45760952.00 ns, 10.9103 ns/op
WorkloadPilot   20: 8388608 op, 84250484.00 ns, 10.0434 ns/op
WorkloadPilot   21: 16777216 op, 169633473.00 ns, 10.1109 ns/op
WorkloadPilot   22: 33554432 op, 336562292.00 ns, 10.0303 ns/op
WorkloadPilot   23: 67108864 op, 691444050.00 ns, 10.3033 ns/op

OverheadWarmup   1: 67108864 op, 226466569.00 ns, 3.3746 ns/op
OverheadWarmup   2: 67108864 op, 192215142.00 ns, 2.8642 ns/op
OverheadWarmup   3: 67108864 op, 176284713.00 ns, 2.6268 ns/op
OverheadWarmup   4: 67108864 op, 212446783.00 ns, 3.1657 ns/op
OverheadWarmup   5: 67108864 op, 194070020.00 ns, 2.8919 ns/op
OverheadWarmup   6: 67108864 op, 193087592.00 ns, 2.8772 ns/op
OverheadWarmup   7: 67108864 op, 192769201.00 ns, 2.8725 ns/op
OverheadWarmup   8: 67108864 op, 174056310.00 ns, 2.5936 ns/op
OverheadWarmup   9: 67108864 op, 211138301.00 ns, 3.1462 ns/op
OverheadWarmup  10: 67108864 op, 174098444.00 ns, 2.5943 ns/op

OverheadActual   1: 67108864 op, 173925491.00 ns, 2.5917 ns/op
OverheadActual   2: 67108864 op, 174201259.00 ns, 2.5958 ns/op
OverheadActual   3: 67108864 op, 173940935.00 ns, 2.5919 ns/op
OverheadActual   4: 67108864 op, 173958291.00 ns, 2.5922 ns/op
OverheadActual   5: 67108864 op, 173882686.00 ns, 2.5911 ns/op
OverheadActual   6: 67108864 op, 173845711.00 ns, 2.5905 ns/op
OverheadActual   7: 67108864 op, 210622561.00 ns, 3.1385 ns/op
OverheadActual   8: 67108864 op, 173936939.00 ns, 2.5919 ns/op
OverheadActual   9: 67108864 op, 174647375.00 ns, 2.6024 ns/op
OverheadActual  10: 67108864 op, 173834704.00 ns, 2.5903 ns/op
OverheadActual  11: 67108864 op, 192324387.00 ns, 2.8659 ns/op
OverheadActual  12: 67108864 op, 174713215.00 ns, 2.6034 ns/op
OverheadActual  13: 67108864 op, 174610128.00 ns, 2.6019 ns/op
OverheadActual  14: 67108864 op, 174360190.00 ns, 2.5982 ns/op
OverheadActual  15: 67108864 op, 210634178.00 ns, 3.1387 ns/op

WorkloadWarmup   1: 67108864 op, 696077565.00 ns, 10.3724 ns/op
WorkloadWarmup   2: 67108864 op, 707003997.00 ns, 10.5352 ns/op

// BeforeActualRun
WorkloadActual   1: 67108864 op, 703282247.00 ns, 10.4797 ns/op
WorkloadActual   2: 67108864 op, 708318325.00 ns, 10.5548 ns/op
WorkloadActual   3: 67108864 op, 704556615.00 ns, 10.4987 ns/op
WorkloadActual   4: 67108864 op, 701353219.00 ns, 10.4510 ns/op
WorkloadActual   5: 67108864 op, 705880057.00 ns, 10.5184 ns/op

// AfterActualRun
WorkloadResult   1: 67108864 op, 529080988.00 ns, 7.8839 ns/op
WorkloadResult   2: 67108864 op, 534117066.00 ns, 7.9590 ns/op
WorkloadResult   3: 67108864 op, 530355356.00 ns, 7.9029 ns/op
WorkloadResult   4: 67108864 op, 527151960.00 ns, 7.8552 ns/op
WorkloadResult   5: 67108864 op, 531678798.00 ns, 7.9226 ns/op
// GC:  160 0 0 2684354560 67108864
// Threading:  0 0 67108864

// AfterAll
// Benchmark Process 3398 has exited with code 0.

Mean = 7.905 ns, StdErr = 0.018 ns (0.22%), N = 5, StdDev = 0.039 ns
Min = 7.855 ns, Q1 = 7.884 ns, Median = 7.903 ns, Q3 = 7.923 ns, Max = 7.959 ns
IQR = 0.039 ns, LowerFence = 7.826 ns, UpperFence = 7.981 ns
ConfidenceInterval = [7.754 ns; 8.056 ns] (CI 99.9%), Margin = 0.151 ns (1.91% of Mean)
Skewness = 0.12, Kurtosis = 1.27, MValue = 2

// ** Remained 15 (39.5 %) benchmark(s) to run. Estimated finish 2026-07-31 9:48 (0h 2m from now) **
// **************************
// Benchmark: NullHandling.Mapster: Quick(Arguments=/p:MatrixMode=Benchmark, IterationCount=5, WarmupCount=2)
// *** Execute ***
// Launch: 1 / 1
// Execute: dotnet Matrix.ObjectMapping-Quick-1.dll --anonymousPipes 129 130 --benchmarkName Matrix.ObjectMapping.Benchmarks.NullHandling.Mapster --job Quick --benchmarkId 23 in /home/runner/work/dotnet-matrix/dotnet-matrix/src/Matrix.ObjectMapping/bin/Benchmark/Release/net10.0/Matrix.ObjectMapping-Quick-1/bin/Release/net10.0
// Failed to set up high priority (Permission denied). In order to run benchmarks with high priority, make sure you have the right permissions.
// BeforeAnythingElse

// Benchmark Process Environment Information:
// BenchmarkDotNet v0.15.8
// Runtime=.NET 10.0.10 (10.0.10, 10.0.1026.32716), X64 RyuJIT x86-64-v4
// GC=Concurrent Workstation
// HardwareIntrinsics=AVX512 BITALG+VBMI2+VNNI+VPOPCNTDQ,AVX512 IFMA+VBMI,AVX512 F+BW+CD+DQ+VL,AVX2+BMI1+BMI2+F16C+FMA+LZCNT+MOVBE,AVX,SSE3+SSSE3+SSE4.1+SSE4.2+POPCNT,X86Base+SSE+SSE2,AES+PCLMUL VectorSize=256
// Job: Quick(IterationCount=5, WarmupCount=2)

OverheadJitting  1: 1 op, 225130.00 ns, 225.1300 us/op
WorkloadJitting  1: 1 op, 2487483.00 ns, 2.4875 ms/op

OverheadJitting  2: 16 op, 402569.00 ns, 25.1606 us/op
WorkloadJitting  2: 16 op, 378473.00 ns, 23.6546 us/op

WorkloadPilot    1: 16 op, 6830.00 ns, 426.8750 ns/op
WorkloadPilot    2: 32 op, 14642.00 ns, 457.5625 ns/op
WorkloadPilot    3: 64 op, 13581.00 ns, 212.2031 ns/op
WorkloadPilot    4: 128 op, 32089.00 ns, 250.6953 ns/op
WorkloadPilot    5: 256 op, 49214.00 ns, 192.2422 ns/op
WorkloadPilot    6: 512 op, 85639.00 ns, 167.2637 ns/op
WorkloadPilot    7: 1024 op, 145460.00 ns, 142.0508 ns/op
WorkloadPilot    8: 2048 op, 292963.00 ns, 143.0483 ns/op
WorkloadPilot    9: 4096 op, 625816.00 ns, 152.7871 ns/op
WorkloadPilot   10: 8192 op, 1370133.00 ns, 167.2526 ns/op
WorkloadPilot   11: 16384 op, 2404167.00 ns, 146.7387 ns/op
WorkloadPilot   12: 32768 op, 4714552.00 ns, 143.8767 ns/op
WorkloadPilot   13: 65536 op, 9313639.00 ns, 142.1149 ns/op
WorkloadPilot   14: 131072 op, 18495038.00 ns, 141.1059 ns/op
WorkloadPilot   15: 262144 op, 37574299.00 ns, 143.3346 ns/op
WorkloadPilot   16: 524288 op, 45225473.00 ns, 86.2607 ns/op
WorkloadPilot   17: 1048576 op, 29664032.00 ns, 28.2898 ns/op
WorkloadPilot   18: 2097152 op, 57322181.00 ns, 27.3333 ns/op
WorkloadPilot   19: 4194304 op, 109446330.00 ns, 26.0940 ns/op
WorkloadPilot   20: 8388608 op, 224583138.00 ns, 26.7724 ns/op
WorkloadPilot   21: 16777216 op, 435640545.00 ns, 25.9662 ns/op
WorkloadPilot   22: 33554432 op, 878968048.00 ns, 26.1953 ns/op

OverheadWarmup   1: 33554432 op, 106574205.00 ns, 3.1762 ns/op
OverheadWarmup   2: 33554432 op, 120792353.00 ns, 3.5999 ns/op
OverheadWarmup   3: 33554432 op, 96702853.00 ns, 2.8820 ns/op
OverheadWarmup   4: 33554432 op, 97240927.00 ns, 2.8980 ns/op
OverheadWarmup   5: 33554432 op, 87640334.00 ns, 2.6119 ns/op

OverheadActual   1: 33554432 op, 96637809.00 ns, 2.8800 ns/op
OverheadActual   2: 33554432 op, 96673824.00 ns, 2.8811 ns/op
OverheadActual   3: 33554432 op, 96889999.00 ns, 2.8875 ns/op
OverheadActual   4: 33554432 op, 95925539.00 ns, 2.8588 ns/op
OverheadActual   5: 33554432 op, 96663057.00 ns, 2.8808 ns/op
OverheadActual   6: 33554432 op, 96961627.00 ns, 2.8897 ns/op
OverheadActual   7: 33554432 op, 89268767.00 ns, 2.6604 ns/op
OverheadActual   8: 33554432 op, 96820094.00 ns, 2.8855 ns/op
OverheadActual   9: 33554432 op, 88070957.00 ns, 2.6247 ns/op
OverheadActual  10: 33554432 op, 87535443.00 ns, 2.6088 ns/op
OverheadActual  11: 33554432 op, 87609314.00 ns, 2.6110 ns/op
OverheadActual  12: 33554432 op, 87574902.00 ns, 2.6099 ns/op
OverheadActual  13: 33554432 op, 87537326.00 ns, 2.6088 ns/op
OverheadActual  14: 33554432 op, 87893151.00 ns, 2.6194 ns/op
OverheadActual  15: 33554432 op, 88202034.00 ns, 2.6286 ns/op
OverheadActual  16: 33554432 op, 87590295.00 ns, 2.6104 ns/op

WorkloadWarmup   1: 33554432 op, 906713116.00 ns, 27.0222 ns/op
WorkloadWarmup   2: 33554432 op, 867035474.00 ns, 25.8397 ns/op

// BeforeActualRun
WorkloadActual   1: 33554432 op, 861292891.00 ns, 25.6685 ns/op
WorkloadActual   2: 33554432 op, 858728360.00 ns, 25.5921 ns/op
WorkloadActual   3: 33554432 op, 868310090.00 ns, 25.8777 ns/op
WorkloadActual   4: 33554432 op, 868044538.00 ns, 25.8697 ns/op
WorkloadActual   5: 33554432 op, 859030417.00 ns, 25.6011 ns/op

// AfterActualRun
WorkloadResult   1: 33554432 op, 772557490.50 ns, 23.0240 ns/op
WorkloadResult   2: 33554432 op, 769992959.50 ns, 22.9476 ns/op
WorkloadResult   3: 33554432 op, 779574689.50 ns, 23.2331 ns/op
WorkloadResult   4: 33554432 op, 779309137.50 ns, 23.2252 ns/op
WorkloadResult   5: 33554432 op, 770295016.50 ns, 22.9566 ns/op
// GC:  80 0 0 1342177280 33554432
// Threading:  0 0 33554432

// AfterAll
// Benchmark Process 3420 has exited with code 0.

Mean = 23.077 ns, StdErr = 0.063 ns (0.27%), N = 5, StdDev = 0.142 ns
Min = 22.948 ns, Q1 = 22.957 ns, Median = 23.024 ns, Q3 = 23.225 ns, Max = 23.233 ns
IQR = 0.269 ns, LowerFence = 22.554 ns, UpperFence = 23.628 ns
ConfidenceInterval = [22.531 ns; 23.623 ns] (CI 99.9%), Margin = 0.546 ns (2.37% of Mean)
Skewness = 0.21, Kurtosis = 0.78, MValue = 2

// ** Remained 14 (36.8 %) benchmark(s) to run. Estimated finish 2026-07-31 9:48 (0h 2m from now) **
// ***** BenchmarkRunner: Finish  *****

// * Export *
  tmp/dotnet-matrix/ObjectMapping/90b9d235d7e94c018f7cd9964f53afda/results/Matrix.ObjectMapping.Benchmarks.NullHandling-report.csv
  tmp/dotnet-matrix/ObjectMapping/90b9d235d7e94c018f7cd9964f53afda/results/Matrix.ObjectMapping.Benchmarks.NullHandling-report-github.md
  tmp/dotnet-matrix/ObjectMapping/90b9d235d7e94c018f7cd9964f53afda/results/Matrix.ObjectMapping.Benchmarks.NullHandling-report.html
  tmp/dotnet-matrix/ObjectMapping/90b9d235d7e94c018f7cd9964f53afda/results/Matrix.ObjectMapping.Benchmarks.NullHandling-report-full.json

// * Detailed results *
NullHandling.HandCoded: Quick(Arguments=/p:MatrixMode=Benchmark, IterationCount=5, WarmupCount=2)
Runtime = .NET 10.0.10 (10.0.10, 10.0.1026.32716), X64 RyuJIT x86-64-v4; GC = Concurrent Workstation
Mean = 6.503 ns, StdErr = 0.012 ns (0.18%), N = 5, StdDev = 0.026 ns
Min = 6.472 ns, Q1 = 6.479 ns, Median = 6.510 ns, Q3 = 6.521 ns, Max = 6.533 ns
IQR = 0.042 ns, LowerFence = 6.416 ns, UpperFence = 6.583 ns
ConfidenceInterval = [6.402 ns; 6.604 ns] (CI 99.9%), Margin = 0.101 ns (1.56% of Mean)
Skewness = -0.11, Kurtosis = 0.88, MValue = 2
-------------------- Histogram --------------------
[6.452 ns ; 6.553 ns) | @@@@@
---------------------------------------------------

NullHandling.Mapperly: Quick(Arguments=/p:MatrixMode=Benchmark, IterationCount=5, WarmupCount=2)
Runtime = .NET 10.0.10 (10.0.10, 10.0.1026.32716), X64 RyuJIT x86-64-v4; GC = Concurrent Workstation
Mean = 7.905 ns, StdErr = 0.018 ns (0.22%), N = 5, StdDev = 0.039 ns
Min = 7.855 ns, Q1 = 7.884 ns, Median = 7.903 ns, Q3 = 7.923 ns, Max = 7.959 ns
IQR = 0.039 ns, LowerFence = 7.826 ns, UpperFence = 7.981 ns
ConfidenceInterval = [7.754 ns; 8.056 ns] (CI 99.9%), Margin = 0.151 ns (1.91% of Mean)
Skewness = 0.12, Kurtosis = 1.27, MValue = 2
-------------------- Histogram --------------------
[7.825 ns ; 7.982 ns) | @@@@@
---------------------------------------------------

NullHandling.Mapster: Quick(Arguments=/p:MatrixMode=Benchmark, IterationCount=5, WarmupCount=2)
Runtime = .NET 10.0.10 (10.0.10, 10.0.1026.32716), X64 RyuJIT x86-64-v4; GC = Concurrent Workstation
Mean = 23.077 ns, StdErr = 0.063 ns (0.27%), N = 5, StdDev = 0.142 ns
Min = 22.948 ns, Q1 = 22.957 ns, Median = 23.024 ns, Q3 = 23.225 ns, Max = 23.233 ns
IQR = 0.269 ns, LowerFence = 22.554 ns, UpperFence = 23.628 ns
ConfidenceInterval = [22.531 ns; 23.623 ns] (CI 99.9%), Margin = 0.546 ns (2.37% of Mean)
Skewness = 0.21, Kurtosis = 0.78, MValue = 2
-------------------- Histogram --------------------
[22.839 ns ; 23.342 ns) | @@@@@
---------------------------------------------------

NullHandling.AutoMapper: Quick(Arguments=/p:MatrixMode=Benchmark, IterationCount=5, WarmupCount=2)
Runtime = .NET 10.0.10 (10.0.10, 10.0.1026.32716), X64 RyuJIT x86-64-v4; GC = Concurrent Workstation
Mean = 51.224 ns, StdErr = 0.014 ns (0.03%), N = 4, StdDev = 0.028 ns
Min = 51.201 ns, Q1 = 51.206 ns, Median = 51.216 ns, Q3 = 51.233 ns, Max = 51.264 ns
IQR = 0.027 ns, LowerFence = 51.166 ns, UpperFence = 51.274 ns
ConfidenceInterval = [51.042 ns; 51.406 ns] (CI 99.9%), Margin = 0.182 ns (0.36% of Mean)
Skewness = 0.53, Kurtosis = 1.15, MValue = 2
-------------------- Histogram --------------------
[51.178 ns ; 51.287 ns) | @@@@
---------------------------------------------------

// * Summary *

BenchmarkDotNet v0.15.8, Linux Ubuntu 24.04.4 LTS (Noble Numbat)
AMD EPYC 9V74 3.69GHz, 1 CPU, 4 logical and 2 physical cores
.NET SDK 10.0.302
  [Host] : .NET 10.0.10 (10.0.10, 10.0.1026.32716), X64 RyuJIT x86-64-v4
  Quick  : .NET 10.0.10 (10.0.10, 10.0.1026.32716), X64 RyuJIT x86-64-v4

Job=Quick  Arguments=/p:MatrixMode=Benchmark  IterationCount=5  
WarmupCount=2  

| Method     | Mean      | Error     | StdDev    | Ratio | RatioSD | Gen0   | Allocated | Alloc Ratio |
|----------- |----------:|----------:|----------:|------:|--------:|-------:|----------:|------------:|
| HandCoded  |  6.503 ns | 0.1012 ns | 0.0263 ns |  1.00 |    0.01 | 0.0024 |      40 B |        1.00 |
| Mapperly   |  7.905 ns | 0.1510 ns | 0.0392 ns |  1.22 |    0.01 | 0.0024 |      40 B |        1.00 |
| Mapster    | 23.077 ns | 0.5459 ns | 0.1418 ns |  3.55 |    0.02 | 0.0024 |      40 B |        1.00 |
| AutoMapper | 51.224 ns | 0.1821 ns | 0.0282 ns |  7.88 |    0.03 | 0.0024 |      40 B |        1.00 |

// * Hints *
Outliers
  NullHandling.AutoMapper: Quick -> 1 outlier  was  removed (54.10 ns)

// * Legends *
  Mean        : Arithmetic mean of all measurements
  Error       : Half of 99.9% confidence interval
  StdDev      : Standard deviation of all measurements
  Ratio       : Mean of the ratio distribution ([Current]/[Baseline])
  RatioSD     : Standard deviation of the ratio distribution ([Current]/[Baseline])
  Gen0        : GC Generation 0 collects per 1000 operations
  Allocated   : Allocated memory per single operation (managed only, inclusive, 1KB = 1024B)
  Alloc Ratio : Allocated memory ratio distribution ([Current]/[Baseline])
  1 ns        : 1 Nanosecond (0.000000001 sec)

// * Diagnostic Output - MemoryDiagnoser *


// ***** BenchmarkRunner: End *****
Run time: 00:00:44 (44.92 sec), executed benchmarks: 4

// Found 4 benchmarks:
//   PolymorphicMapping.AutoMapper: Quick(Arguments=/p:MatrixMode=Benchmark, IterationCount=5, WarmupCount=2)
//   PolymorphicMapping.HandCoded: Quick(Arguments=/p:MatrixMode=Benchmark, IterationCount=5, WarmupCount=2)
//   PolymorphicMapping.Mapperly: Quick(Arguments=/p:MatrixMode=Benchmark, IterationCount=5, WarmupCount=2)
//   PolymorphicMapping.Mapster: Quick(Arguments=/p:MatrixMode=Benchmark, IterationCount=5, WarmupCount=2)

// **************************
// Benchmark: PolymorphicMapping.AutoMapper: Quick(Arguments=/p:MatrixMode=Benchmark, IterationCount=5, WarmupCount=2)
// *** Execute ***
// Launch: 1 / 1
// Execute: dotnet Matrix.ObjectMapping-Quick-1.dll --anonymousPipes 129 130 --benchmarkName Matrix.ObjectMapping.Benchmarks.PolymorphicMapping.AutoMapper --job Quick --benchmarkId 24 in /home/runner/work/dotnet-matrix/dotnet-matrix/src/Matrix.ObjectMapping/bin/Benchmark/Release/net10.0/Matrix.ObjectMapping-Quick-1/bin/Release/net10.0
// Failed to set up high priority (Permission denied). In order to run benchmarks with high priority, make sure you have the right permissions.
// BeforeAnythingElse

// Benchmark Process Environment Information:
// BenchmarkDotNet v0.15.8
// Runtime=.NET 10.0.10 (10.0.10, 10.0.1026.32716), X64 RyuJIT x86-64-v4
// GC=Concurrent Workstation
// HardwareIntrinsics=AVX512 BITALG+VBMI2+VNNI+VPOPCNTDQ,AVX512 IFMA+VBMI,AVX512 F+BW+CD+DQ+VL,AVX2+BMI1+BMI2+F16C+FMA+LZCNT+MOVBE,AVX,SSE3+SSSE3+SSE4.1+SSE4.2+POPCNT,X86Base+SSE+SSE2,AES+PCLMUL VectorSize=256
// Job: Quick(IterationCount=5, WarmupCount=2)

OverheadJitting  1: 1 op, 208625.00 ns, 208.6250 us/op
WorkloadJitting  1: 1 op, 4244056.00 ns, 4.2441 ms/op

OverheadJitting  2: 16 op, 403981.00 ns, 25.2488 us/op
WorkloadJitting  2: 16 op, 424492.00 ns, 26.5308 us/op

WorkloadPilot    1: 16 op, 24106.00 ns, 1.5066 us/op
WorkloadPilot    2: 32 op, 47252.00 ns, 1.4766 us/op
WorkloadPilot    3: 64 op, 74492.00 ns, 1.1639 us/op
WorkloadPilot    4: 128 op, 132510.00 ns, 1.0352 us/op
WorkloadPilot    5: 256 op, 290129.00 ns, 1.1333 us/op
WorkloadPilot    6: 512 op, 502820.00 ns, 982.0703 ns/op
WorkloadPilot    7: 1024 op, 886310.00 ns, 865.5371 ns/op
WorkloadPilot    8: 2048 op, 1849787.00 ns, 903.2163 ns/op
WorkloadPilot    9: 4096 op, 3685732.00 ns, 899.8369 ns/op
WorkloadPilot   10: 8192 op, 7733269.00 ns, 944.0026 ns/op
WorkloadPilot   11: 16384 op, 14843587.00 ns, 905.9807 ns/op
WorkloadPilot   12: 32768 op, 29436216.00 ns, 898.3220 ns/op
WorkloadPilot   13: 65536 op, 61723182.00 ns, 941.8210 ns/op
WorkloadPilot   14: 131072 op, 37871168.00 ns, 288.9341 ns/op
WorkloadPilot   15: 262144 op, 62491023.00 ns, 238.3843 ns/op
WorkloadPilot   16: 524288 op, 125085351.00 ns, 238.5814 ns/op
WorkloadPilot   17: 1048576 op, 248921605.00 ns, 237.3901 ns/op
WorkloadPilot   18: 2097152 op, 495068246.00 ns, 236.0669 ns/op
WorkloadPilot   19: 4194304 op, 987276429.00 ns, 235.3850 ns/op

OverheadWarmup   1: 4194304 op, 14424214.00 ns, 3.4390 ns/op
OverheadWarmup   2: 4194304 op, 15548313.00 ns, 3.7070 ns/op
OverheadWarmup   3: 4194304 op, 14385936.00 ns, 3.4299 ns/op
OverheadWarmup   4: 4194304 op, 15554082.00 ns, 3.7084 ns/op
OverheadWarmup   5: 4194304 op, 15559891.00 ns, 3.7098 ns/op
OverheadWarmup   6: 4194304 op, 15532509.00 ns, 3.7032 ns/op

OverheadActual   1: 4194304 op, 15597177.00 ns, 3.7187 ns/op
OverheadActual   2: 4194304 op, 14414770.00 ns, 3.4367 ns/op
OverheadActual   3: 4194304 op, 14391695.00 ns, 3.4312 ns/op
OverheadActual   4: 4194304 op, 14395520.00 ns, 3.4322 ns/op
OverheadActual   5: 4194304 op, 14375381.00 ns, 3.4274 ns/op
OverheadActual   6: 4194304 op, 15539320.00 ns, 3.7049 ns/op
OverheadActual   7: 4194304 op, 15535885.00 ns, 3.7040 ns/op
OverheadActual   8: 4194304 op, 15512229.00 ns, 3.6984 ns/op
OverheadActual   9: 4194304 op, 15514933.00 ns, 3.6990 ns/op
OverheadActual  10: 4194304 op, 15562324.00 ns, 3.7103 ns/op
OverheadActual  11: 4194304 op, 15543175.00 ns, 3.7058 ns/op
OverheadActual  12: 4194304 op, 16084694.00 ns, 3.8349 ns/op
OverheadActual  13: 4194304 op, 13852159.00 ns, 3.3026 ns/op
OverheadActual  14: 4194304 op, 12128884.00 ns, 2.8918 ns/op
OverheadActual  15: 4194304 op, 15958664.00 ns, 3.8048 ns/op
OverheadActual  16: 4194304 op, 12089695.00 ns, 2.8824 ns/op
OverheadActual  17: 4194304 op, 12091468.00 ns, 2.8828 ns/op
OverheadActual  18: 4194304 op, 12156366.00 ns, 2.8983 ns/op
OverheadActual  19: 4194304 op, 12100712.00 ns, 2.8850 ns/op
OverheadActual  20: 4194304 op, 12085879.00 ns, 2.8815 ns/op

WorkloadWarmup   1: 4194304 op, 994038110.00 ns, 236.9972 ns/op
WorkloadWarmup   2: 4194304 op, 989148509.00 ns, 235.8314 ns/op

// BeforeActualRun
WorkloadActual   1: 4194304 op, 987469971.00 ns, 235.4312 ns/op
WorkloadActual   2: 4194304 op, 983842247.00 ns, 234.5663 ns/op
WorkloadActual   3: 4194304 op, 984242274.00 ns, 234.6616 ns/op
WorkloadActual   4: 4194304 op, 984034267.00 ns, 234.6121 ns/op
WorkloadActual   5: 4194304 op, 985475791.00 ns, 234.9557 ns/op

// AfterActualRun
WorkloadResult   1: 4194304 op, 973064826.00 ns, 231.9967 ns/op
WorkloadResult   2: 4194304 op, 969437102.00 ns, 231.1318 ns/op
WorkloadResult   3: 4194304 op, 969837129.00 ns, 231.2272 ns/op
WorkloadResult   4: 4194304 op, 969629122.00 ns, 231.1776 ns/op
WorkloadResult   5: 4194304 op, 971070646.00 ns, 231.5213 ns/op
// GC:  36 0 0 603979776 4194304
// Threading:  0 0 4194304

// AfterAll
// Benchmark Process 3432 has exited with code 0.

Mean = 231.411 ns, StdErr = 0.161 ns (0.07%), N = 5, StdDev = 0.361 ns
Min = 231.132 ns, Q1 = 231.178 ns, Median = 231.227 ns, Q3 = 231.521 ns, Max = 231.997 ns
IQR = 0.344 ns, LowerFence = 230.662 ns, UpperFence = 232.037 ns
ConfidenceInterval = [230.021 ns; 232.801 ns] (CI 99.9%), Margin = 1.390 ns (0.60% of Mean)
Skewness = 0.69, Kurtosis = 1.51, MValue = 2

// ** Remained 13 (34.2 %) benchmark(s) to run. Estimated finish 2026-07-31 9:48 (0h 2m from now) **
// **************************
// Benchmark: PolymorphicMapping.HandCoded: Quick(Arguments=/p:MatrixMode=Benchmark, IterationCount=5, WarmupCount=2)
// *** Execute ***
// Launch: 1 / 1
// Execute: dotnet Matrix.ObjectMapping-Quick-1.dll --anonymousPipes 129 130 --benchmarkName Matrix.ObjectMapping.Benchmarks.PolymorphicMapping.HandCoded --job Quick --benchmarkId 25 in /home/runner/work/dotnet-matrix/dotnet-matrix/src/Matrix.ObjectMapping/bin/Benchmark/Release/net10.0/Matrix.ObjectMapping-Quick-1/bin/Release/net10.0
// Failed to set up high priority (Permission denied). In order to run benchmarks with high priority, make sure you have the right permissions.
// BeforeAnythingElse

// Benchmark Process Environment Information:
// BenchmarkDotNet v0.15.8
// Runtime=.NET 10.0.10 (10.0.10, 10.0.1026.32716), X64 RyuJIT x86-64-v4
// GC=Concurrent Workstation
// HardwareIntrinsics=AVX512 BITALG+VBMI2+VNNI+VPOPCNTDQ,AVX512 IFMA+VBMI,AVX512 F+BW+CD+DQ+VL,AVX2+BMI1+BMI2+F16C+FMA+LZCNT+MOVBE,AVX,SSE3+SSSE3+SSE4.1+SSE4.2+POPCNT,X86Base+SSE+SSE2,AES+PCLMUL VectorSize=256
// Job: Quick(IterationCount=5, WarmupCount=2)

OverheadJitting  1: 1 op, 221063.00 ns, 221.0630 us/op
WorkloadJitting  1: 1 op, 417110.00 ns, 417.1100 us/op

OverheadJitting  2: 16 op, 395126.00 ns, 24.6954 us/op
WorkloadJitting  2: 16 op, 407866.00 ns, 25.4916 us/op

WorkloadPilot    1: 16 op, 4116.00 ns, 257.2500 ns/op
WorkloadPilot    2: 32 op, 19619.00 ns, 613.0938 ns/op
WorkloadPilot    3: 64 op, 21853.00 ns, 341.4531 ns/op
WorkloadPilot    4: 128 op, 30736.00 ns, 240.1250 ns/op
WorkloadPilot    5: 256 op, 57056.00 ns, 222.8750 ns/op
WorkloadPilot    6: 512 op, 92430.00 ns, 180.5273 ns/op
WorkloadPilot    7: 1024 op, 184909.00 ns, 180.5752 ns/op
WorkloadPilot    8: 2048 op, 405902.00 ns, 198.1943 ns/op
WorkloadPilot    9: 4096 op, 735809.00 ns, 179.6409 ns/op
WorkloadPilot   10: 8192 op, 1531099.00 ns, 186.9017 ns/op
WorkloadPilot   11: 16384 op, 2846673.00 ns, 173.7471 ns/op
WorkloadPilot   12: 32768 op, 5501407.00 ns, 167.8896 ns/op
WorkloadPilot   13: 65536 op, 10639257.00 ns, 162.3422 ns/op
WorkloadPilot   14: 131072 op, 20184374.00 ns, 153.9946 ns/op
WorkloadPilot   15: 262144 op, 28402728.00 ns, 108.3478 ns/op
WorkloadPilot   16: 524288 op, 44499287.00 ns, 84.8757 ns/op
WorkloadPilot   17: 1048576 op, 33995794.00 ns, 32.4209 ns/op
WorkloadPilot   18: 2097152 op, 66818920.00 ns, 31.8617 ns/op
WorkloadPilot   19: 4194304 op, 133622137.00 ns, 31.8580 ns/op
WorkloadPilot   20: 8388608 op, 268721772.00 ns, 32.0341 ns/op
WorkloadPilot   21: 16777216 op, 540605647.00 ns, 32.2226 ns/op

OverheadWarmup   1: 16777216 op, 62190335.00 ns, 3.7068 ns/op
OverheadWarmup   2: 16777216 op, 62417789.00 ns, 3.7204 ns/op
OverheadWarmup   3: 16777216 op, 62095252.00 ns, 3.7012 ns/op
OverheadWarmup   4: 16777216 op, 65938204.00 ns, 3.9302 ns/op
OverheadWarmup   5: 16777216 op, 48357382.00 ns, 2.8823 ns/op

OverheadActual   1: 16777216 op, 48351984.00 ns, 2.8820 ns/op
OverheadActual   2: 16777216 op, 43824686.00 ns, 2.6122 ns/op
OverheadActual   3: 16777216 op, 48427719.00 ns, 2.8865 ns/op
OverheadActual   4: 16777216 op, 48355860.00 ns, 2.8822 ns/op
OverheadActual   5: 16777216 op, 48323932.00 ns, 2.8803 ns/op
OverheadActual   6: 16777216 op, 48311984.00 ns, 2.8796 ns/op
OverheadActual   7: 16777216 op, 48332815.00 ns, 2.8809 ns/op
OverheadActual   8: 16777216 op, 48464755.00 ns, 2.8887 ns/op
OverheadActual   9: 16777216 op, 48465846.00 ns, 2.8888 ns/op
OverheadActual  10: 16777216 op, 48515532.00 ns, 2.8918 ns/op
OverheadActual  11: 16777216 op, 48605728.00 ns, 2.8971 ns/op
OverheadActual  12: 16777216 op, 48320386.00 ns, 2.8801 ns/op
OverheadActual  13: 16777216 op, 48423963.00 ns, 2.8863 ns/op
OverheadActual  14: 16777216 op, 48369250.00 ns, 2.8830 ns/op
OverheadActual  15: 16777216 op, 48308409.00 ns, 2.8794 ns/op

WorkloadWarmup   1: 16777216 op, 553326620.00 ns, 32.9808 ns/op
WorkloadWarmup   2: 16777216 op, 557683300.00 ns, 33.2405 ns/op

// BeforeActualRun
WorkloadActual   1: 16777216 op, 544716137.00 ns, 32.4676 ns/op
WorkloadActual   2: 16777216 op, 544579440.00 ns, 32.4595 ns/op
WorkloadActual   3: 16777216 op, 546332478.00 ns, 32.5640 ns/op
WorkloadActual   4: 16777216 op, 542541788.00 ns, 32.3380 ns/op
WorkloadActual   5: 16777216 op, 543743808.00 ns, 32.4097 ns/op

// AfterActualRun
WorkloadResult   1: 16777216 op, 496360277.00 ns, 29.5854 ns/op
WorkloadResult   2: 16777216 op, 496223580.00 ns, 29.5772 ns/op
WorkloadResult   3: 16777216 op, 494185928.00 ns, 29.4558 ns/op
WorkloadResult   4: 16777216 op, 495387948.00 ns, 29.5274 ns/op
// GC:  144 0 0 2415919104 16777216
// Threading:  0 0 16777216

// AfterAll
// Benchmark Process 3444 has exited with code 0.

Mean = 29.536 ns, StdErr = 0.030 ns (0.10%), N = 4, StdDev = 0.060 ns
Min = 29.456 ns, Q1 = 29.510 ns, Median = 29.552 ns, Q3 = 29.579 ns, Max = 29.585 ns
IQR = 0.070 ns, LowerFence = 29.405 ns, UpperFence = 29.684 ns
ConfidenceInterval = [29.151 ns; 29.921 ns] (CI 99.9%), Margin = 0.385 ns (1.30% of Mean)
Skewness = -0.4, Kurtosis = 1.01, MValue = 2

// ** Remained 12 (31.6 %) benchmark(s) to run. Estimated finish 2026-07-31 9:48 (0h 2m from now) **
// **************************
// Benchmark: PolymorphicMapping.Mapperly: Quick(Arguments=/p:MatrixMode=Benchmark, IterationCount=5, WarmupCount=2)
// *** Execute ***
// Launch: 1 / 1
// Execute: dotnet Matrix.ObjectMapping-Quick-1.dll --anonymousPipes 129 130 --benchmarkName Matrix.ObjectMapping.Benchmarks.PolymorphicMapping.Mapperly --job Quick --benchmarkId 26 in /home/runner/work/dotnet-matrix/dotnet-matrix/src/Matrix.ObjectMapping/bin/Benchmark/Release/net10.0/Matrix.ObjectMapping-Quick-1/bin/Release/net10.0
// Failed to set up high priority (Permission denied). In order to run benchmarks with high priority, make sure you have the right permissions.
// BeforeAnythingElse

// Benchmark Process Environment Information:
// BenchmarkDotNet v0.15.8
// Runtime=.NET 10.0.10 (10.0.10, 10.0.1026.32716), X64 RyuJIT x86-64-v4
// GC=Concurrent Workstation
// HardwareIntrinsics=AVX512 BITALG+VBMI2+VNNI+VPOPCNTDQ,AVX512 IFMA+VBMI,AVX512 F+BW+CD+DQ+VL,AVX2+BMI1+BMI2+F16C+FMA+LZCNT+MOVBE,AVX,SSE3+SSSE3+SSE4.1+SSE4.2+POPCNT,X86Base+SSE+SSE2,AES+PCLMUL VectorSize=256
// Job: Quick(IterationCount=5, WarmupCount=2)

OverheadJitting  1: 1 op, 199221.00 ns, 199.2210 us/op
WorkloadJitting  1: 1 op, 495140.00 ns, 495.1400 us/op

OverheadJitting  2: 16 op, 382539.00 ns, 23.9087 us/op
WorkloadJitting  2: 16 op, 396260.00 ns, 24.7663 us/op

WorkloadPilot    1: 16 op, 5519.00 ns, 344.9375 ns/op
WorkloadPilot    2: 32 op, 27562.00 ns, 861.3125 ns/op
WorkloadPilot    3: 64 op, 25759.00 ns, 402.4844 ns/op
WorkloadPilot    4: 128 op, 42174.00 ns, 329.4844 ns/op
WorkloadPilot    5: 256 op, 64788.00 ns, 253.0781 ns/op
WorkloadPilot    6: 512 op, 102916.00 ns, 201.0078 ns/op
WorkloadPilot    7: 1024 op, 193543.00 ns, 189.0068 ns/op
WorkloadPilot    8: 2048 op, 417211.00 ns, 203.7163 ns/op
WorkloadPilot    9: 4096 op, 689774.00 ns, 168.4019 ns/op
WorkloadPilot   10: 8192 op, 1437055.00 ns, 175.4218 ns/op
WorkloadPilot   11: 16384 op, 2742092.00 ns, 167.3640 ns/op
WorkloadPilot   12: 32768 op, 5320095.00 ns, 162.3564 ns/op
WorkloadPilot   13: 65536 op, 10690977.00 ns, 163.1314 ns/op
WorkloadPilot   14: 131072 op, 19715841.00 ns, 150.4199 ns/op
WorkloadPilot   15: 262144 op, 27788975.00 ns, 106.0065 ns/op
WorkloadPilot   16: 524288 op, 43027277.00 ns, 82.0680 ns/op
WorkloadPilot   17: 1048576 op, 34163357.00 ns, 32.5807 ns/op
WorkloadPilot   18: 2097152 op, 68708621.00 ns, 32.7628 ns/op
WorkloadPilot   19: 4194304 op, 135511147.00 ns, 32.3084 ns/op
WorkloadPilot   20: 8388608 op, 270358758.00 ns, 32.2293 ns/op
WorkloadPilot   21: 16777216 op, 541284925.00 ns, 32.2631 ns/op

OverheadWarmup   1: 16777216 op, 62434191.00 ns, 3.7214 ns/op
OverheadWarmup   2: 16777216 op, 62072213.00 ns, 3.6998 ns/op
OverheadWarmup   3: 16777216 op, 62106585.00 ns, 3.7018 ns/op
OverheadWarmup   4: 16777216 op, 66008744.00 ns, 3.9344 ns/op
OverheadWarmup   5: 16777216 op, 48348934.00 ns, 2.8818 ns/op
OverheadWarmup   6: 16777216 op, 48339611.00 ns, 2.8813 ns/op
OverheadWarmup   7: 16777216 op, 48318048.00 ns, 2.8800 ns/op
OverheadWarmup   8: 16777216 op, 48392561.00 ns, 2.8844 ns/op
OverheadWarmup   9: 16777216 op, 48346561.00 ns, 2.8817 ns/op

OverheadActual   1: 16777216 op, 43860008.00 ns, 2.6143 ns/op
OverheadActual   2: 16777216 op, 43794599.00 ns, 2.6104 ns/op
OverheadActual   3: 16777216 op, 43805766.00 ns, 2.6110 ns/op
OverheadActual   4: 16777216 op, 43815982.00 ns, 2.6116 ns/op
OverheadActual   5: 16777216 op, 43779096.00 ns, 2.6094 ns/op
OverheadActual   6: 16777216 op, 48335655.00 ns, 2.8810 ns/op
OverheadActual   7: 16777216 op, 48421585.00 ns, 2.8862 ns/op
OverheadActual   8: 16777216 op, 48367673.00 ns, 2.8829 ns/op
OverheadActual   9: 16777216 op, 48330667.00 ns, 2.8807 ns/op
OverheadActual  10: 16777216 op, 48390798.00 ns, 2.8843 ns/op
OverheadActual  11: 16777216 op, 48341123.00 ns, 2.8814 ns/op
OverheadActual  12: 16777216 op, 48546524.00 ns, 2.8936 ns/op
OverheadActual  13: 16777216 op, 48336196.00 ns, 2.8811 ns/op
OverheadActual  14: 16777216 op, 48392691.00 ns, 2.8844 ns/op
OverheadActual  15: 16777216 op, 48336636.00 ns, 2.8811 ns/op
OverheadActual  16: 16777216 op, 48313461.00 ns, 2.8797 ns/op

WorkloadWarmup   1: 16777216 op, 554969515.00 ns, 33.0788 ns/op
WorkloadWarmup   2: 16777216 op, 547434325.00 ns, 32.6296 ns/op

// BeforeActualRun
WorkloadActual   1: 16777216 op, 544297467.00 ns, 32.4427 ns/op
WorkloadActual   2: 16777216 op, 527072656.00 ns, 31.4160 ns/op
WorkloadActual   3: 16777216 op, 536701391.00 ns, 31.9899 ns/op
WorkloadActual   4: 16777216 op, 536425015.00 ns, 31.9734 ns/op
WorkloadActual   5: 16777216 op, 544504851.00 ns, 32.4550 ns/op

// AfterActualRun
WorkloadResult   1: 16777216 op, 495961541.50 ns, 29.5616 ns/op
WorkloadResult   2: 16777216 op, 478736730.50 ns, 28.5349 ns/op
WorkloadResult   3: 16777216 op, 488365465.50 ns, 29.1089 ns/op
WorkloadResult   4: 16777216 op, 488089089.50 ns, 29.0924 ns/op
WorkloadResult   5: 16777216 op, 496168925.50 ns, 29.5740 ns/op
// GC:  144 0 0 2415919104 16777216
// Threading:  0 0 16777216

// AfterAll
// Benchmark Process 3457 has exited with code 0.

Mean = 29.174 ns, StdErr = 0.191 ns (0.65%), N = 5, StdDev = 0.427 ns
Min = 28.535 ns, Q1 = 29.092 ns, Median = 29.109 ns, Q3 = 29.562 ns, Max = 29.574 ns
IQR = 0.469 ns, LowerFence = 28.389 ns, UpperFence = 30.265 ns
ConfidenceInterval = [27.530 ns; 30.819 ns] (CI 99.9%), Margin = 1.644 ns (5.64% of Mean)
Skewness = -0.36, Kurtosis = 1.29, MValue = 2

// ** Remained 11 (28.9 %) benchmark(s) to run. Estimated finish 2026-07-31 9:48 (0h 1m from now) **
// **************************
// Benchmark: PolymorphicMapping.Mapster: Quick(Arguments=/p:MatrixMode=Benchmark, IterationCount=5, WarmupCount=2)
// *** Execute ***
// Launch: 1 / 1
// Execute: dotnet Matrix.ObjectMapping-Quick-1.dll --anonymousPipes 129 130 --benchmarkName Matrix.ObjectMapping.Benchmarks.PolymorphicMapping.Mapster --job Quick --benchmarkId 27 in /home/runner/work/dotnet-matrix/dotnet-matrix/src/Matrix.ObjectMapping/bin/Benchmark/Release/net10.0/Matrix.ObjectMapping-Quick-1/bin/Release/net10.0
// Failed to set up high priority (Permission denied). In order to run benchmarks with high priority, make sure you have the right permissions.
// BeforeAnythingElse

// Benchmark Process Environment Information:
// BenchmarkDotNet v0.15.8
// Runtime=.NET 10.0.10 (10.0.10, 10.0.1026.32716), X64 RyuJIT x86-64-v4
// GC=Concurrent Workstation
// HardwareIntrinsics=AVX512 BITALG+VBMI2+VNNI+VPOPCNTDQ,AVX512 IFMA+VBMI,AVX512 F+BW+CD+DQ+VL,AVX2+BMI1+BMI2+F16C+FMA+LZCNT+MOVBE,AVX,SSE3+SSSE3+SSE4.1+SSE4.2+POPCNT,X86Base+SSE+SSE2,AES+PCLMUL VectorSize=256
// Job: Quick(IterationCount=5, WarmupCount=2)

OverheadJitting  1: 1 op, 196597.00 ns, 196.5970 us/op
WorkloadJitting  1: 1 op, 2505800.00 ns, 2.5058 ms/op

OverheadJitting  2: 16 op, 384571.00 ns, 24.0357 us/op
WorkloadJitting  2: 16 op, 448358.00 ns, 28.0224 us/op

WorkloadPilot    1: 16 op, 10646.00 ns, 665.3750 ns/op
WorkloadPilot    2: 32 op, 24598.00 ns, 768.6875 ns/op
WorkloadPilot    3: 64 op, 36886.00 ns, 576.3438 ns/op
WorkloadPilot    4: 128 op, 65389.00 ns, 510.8516 ns/op
WorkloadPilot    5: 256 op, 131039.00 ns, 511.8711 ns/op
WorkloadPilot    6: 512 op, 242567.00 ns, 473.7637 ns/op
WorkloadPilot    7: 1024 op, 469900.00 ns, 458.8867 ns/op
WorkloadPilot    8: 2048 op, 894483.00 ns, 436.7593 ns/op
WorkloadPilot    9: 4096 op, 1855376.00 ns, 452.9727 ns/op
WorkloadPilot   10: 8192 op, 3952188.00 ns, 482.4448 ns/op
WorkloadPilot   11: 16384 op, 7530691.00 ns, 459.6369 ns/op
WorkloadPilot   12: 32768 op, 14965125.00 ns, 456.6994 ns/op
WorkloadPilot   13: 65536 op, 29760525.00 ns, 454.1096 ns/op
WorkloadPilot   14: 131072 op, 51367006.00 ns, 391.8992 ns/op
WorkloadPilot   15: 262144 op, 26290186.00 ns, 100.2891 ns/op
WorkloadPilot   16: 524288 op, 52590658.00 ns, 100.3087 ns/op
WorkloadPilot   17: 1048576 op, 104668259.00 ns, 99.8194 ns/op
WorkloadPilot   18: 2097152 op, 211674463.00 ns, 100.9342 ns/op
WorkloadPilot   19: 4194304 op, 417783258.00 ns, 99.6073 ns/op
WorkloadPilot   20: 8388608 op, 835684014.00 ns, 99.6213 ns/op

OverheadWarmup   1: 8388608 op, 28667942.00 ns, 3.4175 ns/op
OverheadWarmup   2: 8388608 op, 28651908.00 ns, 3.4156 ns/op
OverheadWarmup   3: 8388608 op, 30923394.00 ns, 3.6864 ns/op
OverheadWarmup   4: 8388608 op, 28626951.00 ns, 3.4126 ns/op
OverheadWarmup   5: 8388608 op, 30881060.00 ns, 3.6813 ns/op
OverheadWarmup   6: 8388608 op, 30920350.00 ns, 3.6860 ns/op
OverheadWarmup   7: 8388608 op, 30912888.00 ns, 3.6851 ns/op

OverheadActual   1: 8388608 op, 28614241.00 ns, 3.4111 ns/op
OverheadActual   2: 8388608 op, 28659529.00 ns, 3.4165 ns/op
OverheadActual   3: 8388608 op, 28663345.00 ns, 3.4169 ns/op
OverheadActual   4: 8388608 op, 28661924.00 ns, 3.4168 ns/op
OverheadActual   5: 8388608 op, 28652720.00 ns, 3.4157 ns/op
OverheadActual   6: 8388608 op, 31015763.00 ns, 3.6974 ns/op
OverheadActual   7: 8388608 op, 31129957.00 ns, 3.7110 ns/op
OverheadActual   8: 8388608 op, 30882152.00 ns, 3.6814 ns/op
OverheadActual   9: 8388608 op, 31360015.00 ns, 3.7384 ns/op
OverheadActual  10: 8388608 op, 28568222.00 ns, 3.4056 ns/op
OverheadActual  11: 8388608 op, 24129187.00 ns, 2.8764 ns/op
OverheadActual  12: 8388608 op, 24004799.00 ns, 2.8616 ns/op
OverheadActual  13: 8388608 op, 26369535.00 ns, 3.1435 ns/op
OverheadActual  14: 8388608 op, 26672424.00 ns, 3.1796 ns/op
OverheadActual  15: 8388608 op, 21782427.00 ns, 2.5967 ns/op
OverheadActual  16: 8388608 op, 24005820.00 ns, 2.8617 ns/op
OverheadActual  17: 8388608 op, 24015435.00 ns, 2.8629 ns/op
OverheadActual  18: 8388608 op, 21771701.00 ns, 2.5954 ns/op
OverheadActual  19: 8388608 op, 24010668.00 ns, 2.8623 ns/op
OverheadActual  20: 8388608 op, 21749768.00 ns, 2.5928 ns/op

WorkloadWarmup   1: 8388608 op, 842563709.00 ns, 100.4414 ns/op
WorkloadWarmup   2: 8388608 op, 839978950.00 ns, 100.1333 ns/op

// BeforeActualRun
WorkloadActual   1: 8388608 op, 834989553.00 ns, 99.5385 ns/op
WorkloadActual   2: 8388608 op, 835597213.00 ns, 99.6110 ns/op
WorkloadActual   3: 8388608 op, 835660718.00 ns, 99.6185 ns/op
WorkloadActual   4: 8388608 op, 836961095.00 ns, 99.7735 ns/op
WorkloadActual   5: 8388608 op, 834483487.00 ns, 99.4782 ns/op

// AfterActualRun
WorkloadResult   1: 8388608 op, 807369230.00 ns, 96.2459 ns/op
WorkloadResult   2: 8388608 op, 807976890.00 ns, 96.3184 ns/op
WorkloadResult   3: 8388608 op, 808040395.00 ns, 96.3259 ns/op
WorkloadResult   4: 8388608 op, 806863164.00 ns, 96.1856 ns/op
// GC:  72 0 0 1207959552 8388608
// Threading:  0 0 8388608

// AfterAll
// Benchmark Process 3465 has exited with code 0.

Mean = 96.269 ns, StdErr = 0.033 ns (0.03%), N = 4, StdDev = 0.066 ns
Min = 96.186 ns, Q1 = 96.231 ns, Median = 96.282 ns, Q3 = 96.320 ns, Max = 96.326 ns
IQR = 0.089 ns, LowerFence = 96.097 ns, UpperFence = 96.454 ns
ConfidenceInterval = [95.841 ns; 96.697 ns] (CI 99.9%), Margin = 0.428 ns (0.44% of Mean)
Skewness = -0.25, Kurtosis = 0.84, MValue = 2

// ** Remained 10 (26.3 %) benchmark(s) to run. Estimated finish 2026-07-31 9:48 (0h 1m from now) **
// ***** BenchmarkRunner: Finish  *****

// * Export *
  tmp/dotnet-matrix/ObjectMapping/90b9d235d7e94c018f7cd9964f53afda/results/Matrix.ObjectMapping.Benchmarks.PolymorphicMapping-report.csv
  tmp/dotnet-matrix/ObjectMapping/90b9d235d7e94c018f7cd9964f53afda/results/Matrix.ObjectMapping.Benchmarks.PolymorphicMapping-report-github.md
  tmp/dotnet-matrix/ObjectMapping/90b9d235d7e94c018f7cd9964f53afda/results/Matrix.ObjectMapping.Benchmarks.PolymorphicMapping-report.html
  tmp/dotnet-matrix/ObjectMapping/90b9d235d7e94c018f7cd9964f53afda/results/Matrix.ObjectMapping.Benchmarks.PolymorphicMapping-report-full.json

// * Detailed results *
PolymorphicMapping.Mapperly: Quick(Arguments=/p:MatrixMode=Benchmark, IterationCount=5, WarmupCount=2)
Runtime = .NET 10.0.10 (10.0.10, 10.0.1026.32716), X64 RyuJIT x86-64-v4; GC = Concurrent Workstation
Mean = 29.174 ns, StdErr = 0.191 ns (0.65%), N = 5, StdDev = 0.427 ns
Min = 28.535 ns, Q1 = 29.092 ns, Median = 29.109 ns, Q3 = 29.562 ns, Max = 29.574 ns
IQR = 0.469 ns, LowerFence = 28.389 ns, UpperFence = 30.265 ns
ConfidenceInterval = [27.530 ns; 30.819 ns] (CI 99.9%), Margin = 1.644 ns (5.64% of Mean)
Skewness = -0.36, Kurtosis = 1.29, MValue = 2
-------------------- Histogram --------------------
[28.207 ns ; 28.863 ns) | @
[28.863 ns ; 29.661 ns) | @@@@
---------------------------------------------------

PolymorphicMapping.HandCoded: Quick(Arguments=/p:MatrixMode=Benchmark, IterationCount=5, WarmupCount=2)
Runtime = .NET 10.0.10 (10.0.10, 10.0.1026.32716), X64 RyuJIT x86-64-v4; GC = Concurrent Workstation
Mean = 29.536 ns, StdErr = 0.030 ns (0.10%), N = 4, StdDev = 0.060 ns
Min = 29.456 ns, Q1 = 29.510 ns, Median = 29.552 ns, Q3 = 29.579 ns, Max = 29.585 ns
IQR = 0.070 ns, LowerFence = 29.405 ns, UpperFence = 29.684 ns
ConfidenceInterval = [29.151 ns; 29.921 ns] (CI 99.9%), Margin = 0.385 ns (1.30% of Mean)
Skewness = -0.4, Kurtosis = 1.01, MValue = 2
-------------------- Histogram --------------------
[29.406 ns ; 29.635 ns) | @@@@
---------------------------------------------------

PolymorphicMapping.Mapster: Quick(Arguments=/p:MatrixMode=Benchmark, IterationCount=5, WarmupCount=2)
Runtime = .NET 10.0.10 (10.0.10, 10.0.1026.32716), X64 RyuJIT x86-64-v4; GC = Concurrent Workstation
Mean = 96.269 ns, StdErr = 0.033 ns (0.03%), N = 4, StdDev = 0.066 ns
Min = 96.186 ns, Q1 = 96.231 ns, Median = 96.282 ns, Q3 = 96.320 ns, Max = 96.326 ns
IQR = 0.089 ns, LowerFence = 96.097 ns, UpperFence = 96.454 ns
ConfidenceInterval = [95.841 ns; 96.697 ns] (CI 99.9%), Margin = 0.428 ns (0.44% of Mean)
Skewness = -0.25, Kurtosis = 0.84, MValue = 2
-------------------- Histogram --------------------
[96.131 ns ; 96.381 ns) | @@@@
---------------------------------------------------

PolymorphicMapping.AutoMapper: Quick(Arguments=/p:MatrixMode=Benchmark, IterationCount=5, WarmupCount=2)
Runtime = .NET 10.0.10 (10.0.10, 10.0.1026.32716), X64 RyuJIT x86-64-v4; GC = Concurrent Workstation
Mean = 231.411 ns, StdErr = 0.161 ns (0.07%), N = 5, StdDev = 0.361 ns
Min = 231.132 ns, Q1 = 231.178 ns, Median = 231.227 ns, Q3 = 231.521 ns, Max = 231.997 ns
IQR = 0.344 ns, LowerFence = 230.662 ns, UpperFence = 232.037 ns
ConfidenceInterval = [230.021 ns; 232.801 ns] (CI 99.9%), Margin = 1.390 ns (0.60% of Mean)
Skewness = 0.69, Kurtosis = 1.51, MValue = 2
-------------------- Histogram --------------------
[230.855 ns ; 232.274 ns) | @@@@@
---------------------------------------------------

// * Summary *

BenchmarkDotNet v0.15.8, Linux Ubuntu 24.04.4 LTS (Noble Numbat)
AMD EPYC 9V74 3.69GHz, 1 CPU, 4 logical and 2 physical cores
.NET SDK 10.0.302
  [Host] : .NET 10.0.10 (10.0.10, 10.0.1026.32716), X64 RyuJIT x86-64-v4
  Quick  : .NET 10.0.10 (10.0.10, 10.0.1026.32716), X64 RyuJIT x86-64-v4

Job=Quick  Arguments=/p:MatrixMode=Benchmark  IterationCount=5  
WarmupCount=2  

| Method     | Mean      | Error    | StdDev   | Ratio | RatioSD | Gen0   | Allocated | Alloc Ratio |
|----------- |----------:|---------:|---------:|------:|--------:|-------:|----------:|------------:|
| Mapperly   |  29.17 ns | 1.644 ns | 0.427 ns |  0.99 |    0.01 | 0.0086 |     144 B |        1.00 |
| HandCoded  |  29.54 ns | 0.385 ns | 0.060 ns |  1.00 |    0.00 | 0.0086 |     144 B |        1.00 |
| Mapster    |  96.27 ns | 0.428 ns | 0.066 ns |  3.26 |    0.01 | 0.0086 |     144 B |        1.00 |
| AutoMapper | 231.41 ns | 1.390 ns | 0.361 ns |  7.83 |    0.02 | 0.0086 |     144 B |        1.00 |

// * Hints *
Outliers
  PolymorphicMapping.HandCoded: Quick -> 1 outlier  was  removed (32.56 ns)
  PolymorphicMapping.Mapster: Quick   -> 1 outlier  was  removed (99.77 ns)

// * Legends *
  Mean        : Arithmetic mean of all measurements
  Error       : Half of 99.9% confidence interval
  StdDev      : Standard deviation of all measurements
  Ratio       : Mean of the ratio distribution ([Current]/[Baseline])
  RatioSD     : Standard deviation of the ratio distribution ([Current]/[Baseline])
  Gen0        : GC Generation 0 collects per 1000 operations
  Allocated   : Allocated memory per single operation (managed only, inclusive, 1KB = 1024B)
  Alloc Ratio : Allocated memory ratio distribution ([Current]/[Baseline])
  1 ns        : 1 Nanosecond (0.000000001 sec)

// * Diagnostic Output - MemoryDiagnoser *


// ***** BenchmarkRunner: End *****
Run time: 00:00:33 (33.85 sec), executed benchmarks: 4

// Found 4 benchmarks:
//   PrepareAndSimpleMap.AutoMapper: Quick(Arguments=/p:MatrixMode=Benchmark, IterationCount=5, WarmupCount=2)
//   PrepareAndSimpleMap.HandCoded: Quick(Arguments=/p:MatrixMode=Benchmark, IterationCount=5, WarmupCount=2)
//   PrepareAndSimpleMap.Mapperly: Quick(Arguments=/p:MatrixMode=Benchmark, IterationCount=5, WarmupCount=2)
//   PrepareAndSimpleMap.Mapster: Quick(Arguments=/p:MatrixMode=Benchmark, IterationCount=5, WarmupCount=2)

// **************************
// Benchmark: PrepareAndSimpleMap.AutoMapper: Quick(Arguments=/p:MatrixMode=Benchmark, IterationCount=5, WarmupCount=2)
// *** Execute ***
// Launch: 1 / 1
// Execute: dotnet Matrix.ObjectMapping-Quick-1.dll --anonymousPipes 129 130 --benchmarkName Matrix.ObjectMapping.Benchmarks.PrepareAndSimpleMap.AutoMapper --job Quick --benchmarkId 28 in /home/runner/work/dotnet-matrix/dotnet-matrix/src/Matrix.ObjectMapping/bin/Benchmark/Release/net10.0/Matrix.ObjectMapping-Quick-1/bin/Release/net10.0
// Failed to set up high priority (Permission denied). In order to run benchmarks with high priority, make sure you have the right permissions.
// BeforeAnythingElse

// Benchmark Process Environment Information:
// BenchmarkDotNet v0.15.8
// Runtime=.NET 10.0.10 (10.0.10, 10.0.1026.32716), X64 RyuJIT x86-64-v4
// GC=Concurrent Workstation
// HardwareIntrinsics=AVX512 BITALG+VBMI2+VNNI+VPOPCNTDQ,AVX512 IFMA+VBMI,AVX512 F+BW+CD+DQ+VL,AVX2+BMI1+BMI2+F16C+FMA+LZCNT+MOVBE,AVX,SSE3+SSSE3+SSE4.1+SSE4.2+POPCNT,X86Base+SSE+SSE2,AES+PCLMUL VectorSize=256
// Job: Quick(IterationCount=5, WarmupCount=2)

OverheadJitting  1: 1 op, 203557.00 ns, 203.5570 us/op
WorkloadJitting  1: 1 op, 90294141.00 ns, 90.2941 ms/op

WorkloadPilot    1: 2 op, 21586077.00 ns, 10.7930 ms/op
WorkloadPilot    2: 3 op, 31770899.00 ns, 10.5903 ms/op
WorkloadPilot    3: 4 op, 44030551.00 ns, 11.0076 ms/op
WorkloadPilot    4: 5 op, 52250045.00 ns, 10.4500 ms/op
WorkloadPilot    5: 6 op, 65208312.00 ns, 10.8681 ms/op
WorkloadPilot    6: 7 op, 84177400.00 ns, 12.0253 ms/op
WorkloadPilot    7: 8 op, 91833564.00 ns, 11.4792 ms/op
WorkloadPilot    8: 9 op, 103197915.00 ns, 11.4664 ms/op
WorkloadPilot    9: 10 op, 114188883.00 ns, 11.4189 ms/op
WorkloadPilot   10: 11 op, 130884870.00 ns, 11.8986 ms/op
WorkloadPilot   11: 12 op, 136486124.00 ns, 11.3738 ms/op
WorkloadPilot   12: 13 op, 146805708.00 ns, 11.2927 ms/op
WorkloadPilot   13: 14 op, 154816829.00 ns, 11.0583 ms/op
WorkloadPilot   14: 15 op, 165828868.00 ns, 11.0553 ms/op
WorkloadPilot   15: 16 op, 177412359.00 ns, 11.0883 ms/op
WorkloadPilot   16: 32 op, 367632489.00 ns, 11.4885 ms/op
WorkloadPilot   17: 64 op, 711687348.00 ns, 11.1201 ms/op

WorkloadWarmup   1: 64 op, 707167469.00 ns, 11.0495 ms/op
WorkloadWarmup   2: 64 op, 690003461.00 ns, 10.7813 ms/op

// BeforeActualRun
WorkloadActual   1: 64 op, 623960274.00 ns, 9.7494 ms/op
WorkloadActual   2: 64 op, 576833272.00 ns, 9.0130 ms/op
WorkloadActual   3: 64 op, 573709219.00 ns, 8.9642 ms/op
WorkloadActual   4: 64 op, 558519974.00 ns, 8.7269 ms/op
WorkloadActual   5: 64 op, 557715467.00 ns, 8.7143 ms/op

// AfterActualRun
WorkloadResult   1: 64 op, 576833272.00 ns, 9.0130 ms/op
WorkloadResult   2: 64 op, 573709219.00 ns, 8.9642 ms/op
WorkloadResult   3: 64 op, 558519974.00 ns, 8.7269 ms/op
WorkloadResult   4: 64 op, 557715467.00 ns, 8.7143 ms/op
// GC:  2 1 0 43205912 64
// Threading:  0 0 64

// AfterAll
// Benchmark Process 3474 has exited with code 0.

Mean = 8.855 ms, StdErr = 0.078 ms (0.88%), N = 4, StdDev = 0.156 ms
Min = 8.714 ms, Q1 = 8.724 ms, Median = 8.846 ms, Q3 = 8.976 ms, Max = 9.013 ms
IQR = 0.253 ms, LowerFence = 8.345 ms, UpperFence = 9.355 ms
ConfidenceInterval = [7.846 ms; 9.863 ms] (CI 99.9%), Margin = 1.009 ms (11.39% of Mean)
Skewness = 0.03, Kurtosis = 0.6, MValue = 2

// ** Remained 9 (23.7 %) benchmark(s) to run. Estimated finish 2026-07-31 9:48 (0h 1m from now) **
// **************************
// Benchmark: PrepareAndSimpleMap.HandCoded: Quick(Arguments=/p:MatrixMode=Benchmark, IterationCount=5, WarmupCount=2)
// *** Execute ***
// Launch: 1 / 1
// Execute: dotnet Matrix.ObjectMapping-Quick-1.dll --anonymousPipes 129 130 --benchmarkName Matrix.ObjectMapping.Benchmarks.PrepareAndSimpleMap.HandCoded --job Quick --benchmarkId 29 in /home/runner/work/dotnet-matrix/dotnet-matrix/src/Matrix.ObjectMapping/bin/Benchmark/Release/net10.0/Matrix.ObjectMapping-Quick-1/bin/Release/net10.0
// Failed to set up high priority (Permission denied). In order to run benchmarks with high priority, make sure you have the right permissions.
// BeforeAnythingElse

// Benchmark Process Environment Information:
// BenchmarkDotNet v0.15.8
// Runtime=.NET 10.0.10 (10.0.10, 10.0.1026.32716), X64 RyuJIT x86-64-v4
// GC=Concurrent Workstation
// HardwareIntrinsics=AVX512 BITALG+VBMI2+VNNI+VPOPCNTDQ,AVX512 IFMA+VBMI,AVX512 F+BW+CD+DQ+VL,AVX2+BMI1+BMI2+F16C+FMA+LZCNT+MOVBE,AVX,SSE3+SSSE3+SSE4.1+SSE4.2+POPCNT,X86Base+SSE+SSE2,AES+PCLMUL VectorSize=256
// Job: Quick(IterationCount=5, WarmupCount=2)

OverheadJitting  1: 1 op, 199612.00 ns, 199.6120 us/op
WorkloadJitting  1: 1 op, 380235.00 ns, 380.2350 us/op

OverheadJitting  2: 16 op, 380436.00 ns, 23.7773 us/op
WorkloadJitting  2: 16 op, 442239.00 ns, 27.6399 us/op

WorkloadPilot    1: 16 op, 2494.00 ns, 155.8750 ns/op
WorkloadPilot    2: 32 op, 3045.00 ns, 95.1563 ns/op
WorkloadPilot    3: 64 op, 4196.00 ns, 65.5625 ns/op
WorkloadPilot    4: 128 op, 20311.00 ns, 158.6797 ns/op
WorkloadPilot    5: 256 op, 35283.00 ns, 137.8242 ns/op
WorkloadPilot    6: 512 op, 33761.00 ns, 65.9395 ns/op
WorkloadPilot    7: 1024 op, 70406.00 ns, 68.7559 ns/op
WorkloadPilot    8: 2048 op, 124298.00 ns, 60.6924 ns/op
WorkloadPilot    9: 4096 op, 234214.00 ns, 57.1812 ns/op
WorkloadPilot   10: 8192 op, 358462.00 ns, 43.7576 ns/op
WorkloadPilot   11: 16384 op, 826530.00 ns, 50.4474 ns/op
WorkloadPilot   12: 32768 op, 1613630.00 ns, 49.2441 ns/op
WorkloadPilot   13: 65536 op, 3197796.00 ns, 48.7945 ns/op
WorkloadPilot   14: 131072 op, 6306507.00 ns, 48.1148 ns/op
WorkloadPilot   15: 262144 op, 12388164.00 ns, 47.2571 ns/op
WorkloadPilot   16: 524288 op, 15110952.00 ns, 28.8219 ns/op
WorkloadPilot   17: 1048576 op, 27367818.00 ns, 26.1000 ns/op
WorkloadPilot   18: 2097152 op, 45628724.00 ns, 21.7575 ns/op
WorkloadPilot   19: 4194304 op, 44084949.00 ns, 10.5107 ns/op
WorkloadPilot   20: 8388608 op, 87233342.00 ns, 10.3990 ns/op
WorkloadPilot   21: 16777216 op, 177079305.00 ns, 10.5547 ns/op
WorkloadPilot   22: 33554432 op, 360896299.00 ns, 10.7555 ns/op
WorkloadPilot   23: 67108864 op, 697399846.00 ns, 10.3921 ns/op

OverheadWarmup   1: 67108864 op, 232615592.00 ns, 3.4662 ns/op
OverheadWarmup   2: 67108864 op, 193408499.00 ns, 2.8820 ns/op
OverheadWarmup   3: 67108864 op, 193504224.00 ns, 2.8834 ns/op
OverheadWarmup   4: 67108864 op, 193516803.00 ns, 2.8836 ns/op
OverheadWarmup   5: 67108864 op, 193290821.00 ns, 2.8803 ns/op
OverheadWarmup   6: 67108864 op, 193331283.00 ns, 2.8809 ns/op
OverheadWarmup   7: 67108864 op, 193216068.00 ns, 2.8791 ns/op

OverheadActual   1: 67108864 op, 175584594.00 ns, 2.6164 ns/op
OverheadActual   2: 67108864 op, 175345603.00 ns, 2.6129 ns/op
OverheadActual   3: 67108864 op, 195627185.00 ns, 2.9151 ns/op
OverheadActual   4: 67108864 op, 193521781.00 ns, 2.8837 ns/op
OverheadActual   5: 67108864 op, 193335880.00 ns, 2.8809 ns/op
OverheadActual   6: 67108864 op, 193429912.00 ns, 2.8823 ns/op
OverheadActual   7: 67108864 op, 193310261.00 ns, 2.8805 ns/op
OverheadActual   8: 67108864 op, 193508310.00 ns, 2.8835 ns/op
OverheadActual   9: 67108864 op, 193328579.00 ns, 2.8808 ns/op
OverheadActual  10: 67108864 op, 193277311.00 ns, 2.8801 ns/op
OverheadActual  11: 67108864 op, 193387838.00 ns, 2.8817 ns/op
OverheadActual  12: 67108864 op, 193419516.00 ns, 2.8822 ns/op
OverheadActual  13: 67108864 op, 193260516.00 ns, 2.8798 ns/op
OverheadActual  14: 67108864 op, 193349861.00 ns, 2.8811 ns/op
OverheadActual  15: 67108864 op, 175227665.00 ns, 2.6111 ns/op

WorkloadWarmup   1: 67108864 op, 711463573.00 ns, 10.6016 ns/op
WorkloadWarmup   2: 67108864 op, 725301554.00 ns, 10.8078 ns/op

// BeforeActualRun
WorkloadActual   1: 67108864 op, 724893033.00 ns, 10.8017 ns/op
WorkloadActual   2: 67108864 op, 705582087.00 ns, 10.5140 ns/op
WorkloadActual   3: 67108864 op, 700758793.00 ns, 10.4421 ns/op
WorkloadActual   4: 67108864 op, 704741816.00 ns, 10.5015 ns/op
WorkloadActual   5: 67108864 op, 698832650.00 ns, 10.4134 ns/op

// AfterActualRun
WorkloadResult   1: 67108864 op, 512246207.00 ns, 7.6331 ns/op
WorkloadResult   2: 67108864 op, 507422913.00 ns, 7.5612 ns/op
WorkloadResult   3: 67108864 op, 511405936.00 ns, 7.6205 ns/op
WorkloadResult   4: 67108864 op, 505496770.00 ns, 7.5325 ns/op
// GC:  224 0 0 3758096384 67108864
// Threading:  0 0 67108864

// AfterAll
// Benchmark Process 4228 has exited with code 0.

Mean = 7.587 ns, StdErr = 0.024 ns (0.32%), N = 4, StdDev = 0.048 ns
Min = 7.532 ns, Q1 = 7.554 ns, Median = 7.591 ns, Q3 = 7.624 ns, Max = 7.633 ns
IQR = 0.070 ns, LowerFence = 7.450 ns, UpperFence = 7.728 ns
ConfidenceInterval = [7.277 ns; 7.896 ns] (CI 99.9%), Margin = 0.310 ns (4.08% of Mean)
Skewness = -0.09, Kurtosis = 0.71, MValue = 2

// ** Remained 8 (21.1 %) benchmark(s) to run. Estimated finish 2026-07-31 9:48 (0h 1m from now) **
// **************************
// Benchmark: PrepareAndSimpleMap.Mapperly: Quick(Arguments=/p:MatrixMode=Benchmark, IterationCount=5, WarmupCount=2)
// *** Execute ***
// Launch: 1 / 1
// Execute: dotnet Matrix.ObjectMapping-Quick-1.dll --anonymousPipes 129 130 --benchmarkName Matrix.ObjectMapping.Benchmarks.PrepareAndSimpleMap.Mapperly --job Quick --benchmarkId 30 in /home/runner/work/dotnet-matrix/dotnet-matrix/src/Matrix.ObjectMapping/bin/Benchmark/Release/net10.0/Matrix.ObjectMapping-Quick-1/bin/Release/net10.0
// Failed to set up high priority (Permission denied). In order to run benchmarks with high priority, make sure you have the right permissions.
// BeforeAnythingElse

// Benchmark Process Environment Information:
// BenchmarkDotNet v0.15.8
// Runtime=.NET 10.0.10 (10.0.10, 10.0.1026.32716), X64 RyuJIT x86-64-v4
// GC=Concurrent Workstation
// HardwareIntrinsics=AVX512 BITALG+VBMI2+VNNI+VPOPCNTDQ,AVX512 IFMA+VBMI,AVX512 F+BW+CD+DQ+VL,AVX2+BMI1+BMI2+F16C+FMA+LZCNT+MOVBE,AVX,SSE3+SSSE3+SSE4.1+SSE4.2+POPCNT,X86Base+SSE+SSE2,AES+PCLMUL VectorSize=256
// Job: Quick(IterationCount=5, WarmupCount=2)

OverheadJitting  1: 1 op, 201885.00 ns, 201.8850 us/op
WorkloadJitting  1: 1 op, 389669.00 ns, 389.6690 us/op

OverheadJitting  2: 16 op, 400436.00 ns, 25.0273 us/op
WorkloadJitting  2: 16 op, 377571.00 ns, 23.5982 us/op

WorkloadPilot    1: 16 op, 9694.00 ns, 605.8750 ns/op
WorkloadPilot    2: 32 op, 2904.00 ns, 90.7500 ns/op
WorkloadPilot    3: 64 op, 4077.00 ns, 63.7031 ns/op
WorkloadPilot    4: 128 op, 21793.00 ns, 170.2578 ns/op
WorkloadPilot    5: 256 op, 35403.00 ns, 138.2930 ns/op
WorkloadPilot    6: 512 op, 34312.00 ns, 67.0156 ns/op
WorkloadPilot    7: 1024 op, 68002.00 ns, 66.4082 ns/op
WorkloadPilot    8: 2048 op, 127443.00 ns, 62.2280 ns/op
WorkloadPilot    9: 4096 op, 241124.00 ns, 58.8682 ns/op
WorkloadPilot   10: 8192 op, 365523.00 ns, 44.6195 ns/op
WorkloadPilot   11: 16384 op, 802434.00 ns, 48.9767 ns/op
WorkloadPilot   12: 32768 op, 1576764.00 ns, 48.1190 ns/op
WorkloadPilot   13: 65536 op, 3159488.00 ns, 48.2100 ns/op
WorkloadPilot   14: 131072 op, 6344605.00 ns, 48.4055 ns/op
WorkloadPilot   15: 262144 op, 12727528.00 ns, 48.5517 ns/op
WorkloadPilot   16: 524288 op, 15175280.00 ns, 28.9445 ns/op
WorkloadPilot   17: 1048576 op, 27856018.00 ns, 26.5656 ns/op
WorkloadPilot   18: 2097152 op, 46214198.00 ns, 22.0366 ns/op
WorkloadPilot   19: 4194304 op, 42491743.00 ns, 10.1308 ns/op
WorkloadPilot   20: 8388608 op, 85479126.00 ns, 10.1899 ns/op
WorkloadPilot   21: 16777216 op, 170276380.00 ns, 10.1493 ns/op
WorkloadPilot   22: 33554432 op, 342487867.00 ns, 10.2069 ns/op
WorkloadPilot   23: 67108864 op, 687172856.00 ns, 10.2397 ns/op

OverheadWarmup   1: 67108864 op, 231687446.00 ns, 3.4524 ns/op
OverheadWarmup   2: 67108864 op, 173895434.00 ns, 2.5912 ns/op
OverheadWarmup   3: 67108864 op, 192230723.00 ns, 2.8645 ns/op
OverheadWarmup   4: 67108864 op, 173896955.00 ns, 2.5913 ns/op
OverheadWarmup   5: 67108864 op, 173869110.00 ns, 2.5909 ns/op
OverheadWarmup   6: 67108864 op, 192263517.00 ns, 2.8649 ns/op
OverheadWarmup   7: 67108864 op, 174231199.00 ns, 2.5962 ns/op

OverheadActual   1: 67108864 op, 173852126.00 ns, 2.5906 ns/op
OverheadActual   2: 67108864 op, 174198301.00 ns, 2.5958 ns/op
OverheadActual   3: 67108864 op, 173852156.00 ns, 2.5906 ns/op
OverheadActual   4: 67108864 op, 176353361.00 ns, 2.6279 ns/op
OverheadActual   5: 67108864 op, 174045709.00 ns, 2.5935 ns/op
OverheadActual   6: 67108864 op, 192118628.00 ns, 2.8628 ns/op
OverheadActual   7: 67108864 op, 192213912.00 ns, 2.8642 ns/op
OverheadActual   8: 67108864 op, 192152861.00 ns, 2.8633 ns/op
OverheadActual   9: 67108864 op, 192222105.00 ns, 2.8643 ns/op
OverheadActual  10: 67108864 op, 192259392.00 ns, 2.8649 ns/op
OverheadActual  11: 67108864 op, 192306503.00 ns, 2.8656 ns/op
OverheadActual  12: 67108864 op, 192141714.00 ns, 2.8631 ns/op
OverheadActual  13: 67108864 op, 192161022.00 ns, 2.8634 ns/op
OverheadActual  14: 67108864 op, 192115113.00 ns, 2.8627 ns/op
OverheadActual  15: 67108864 op, 192324000.00 ns, 2.8659 ns/op

WorkloadWarmup   1: 67108864 op, 711819019.00 ns, 10.6069 ns/op
WorkloadWarmup   2: 67108864 op, 690529342.00 ns, 10.2897 ns/op

// BeforeActualRun
WorkloadActual   1: 67108864 op, 690550745.00 ns, 10.2900 ns/op
WorkloadActual   2: 67108864 op, 674228755.00 ns, 10.0468 ns/op
WorkloadActual   3: 67108864 op, 668448267.00 ns, 9.9607 ns/op
WorkloadActual   4: 67108864 op, 698673356.00 ns, 10.4110 ns/op
WorkloadActual   5: 67108864 op, 704850734.00 ns, 10.5031 ns/op

// AfterActualRun
WorkloadResult   1: 67108864 op, 498409031.00 ns, 7.4269 ns/op
WorkloadResult   2: 67108864 op, 482087041.00 ns, 7.1837 ns/op
WorkloadResult   3: 67108864 op, 476306553.00 ns, 7.0975 ns/op
WorkloadResult   4: 67108864 op, 506531642.00 ns, 7.5479 ns/op
WorkloadResult   5: 67108864 op, 512709020.00 ns, 7.6400 ns/op
// GC:  224 0 0 3758096384 67108864
// Threading:  0 0 67108864

// AfterAll
// Benchmark Process 4244 has exited with code 0.

Mean = 7.379 ns, StdErr = 0.104 ns (1.41%), N = 5, StdDev = 0.233 ns
Min = 7.098 ns, Q1 = 7.184 ns, Median = 7.427 ns, Q3 = 7.548 ns, Max = 7.640 ns
IQR = 0.364 ns, LowerFence = 6.637 ns, UpperFence = 8.094 ns
ConfidenceInterval = [6.484 ns; 8.275 ns] (CI 99.9%), Margin = 0.895 ns (12.13% of Mean)
Skewness = -0.11, Kurtosis = 0.9, MValue = 2

// ** Remained 7 (18.4 %) benchmark(s) to run. Estimated finish 2026-07-31 9:48 (0h 1m from now) **
// **************************
// Benchmark: PrepareAndSimpleMap.Mapster: Quick(Arguments=/p:MatrixMode=Benchmark, IterationCount=5, WarmupCount=2)
// *** Execute ***
// Launch: 1 / 1
// Execute: dotnet Matrix.ObjectMapping-Quick-1.dll --anonymousPipes 129 130 --benchmarkName Matrix.ObjectMapping.Benchmarks.PrepareAndSimpleMap.Mapster --job Quick --benchmarkId 31 in /home/runner/work/dotnet-matrix/dotnet-matrix/src/Matrix.ObjectMapping/bin/Benchmark/Release/net10.0/Matrix.ObjectMapping-Quick-1/bin/Release/net10.0
// Failed to set up high priority (Permission denied). In order to run benchmarks with high priority, make sure you have the right permissions.
// BeforeAnythingElse

// Benchmark Process Environment Information:
// BenchmarkDotNet v0.15.8
// Runtime=.NET 10.0.10 (10.0.10, 10.0.1026.32716), X64 RyuJIT x86-64-v4
// GC=Concurrent Workstation
// HardwareIntrinsics=AVX512 BITALG+VBMI2+VNNI+VPOPCNTDQ,AVX512 IFMA+VBMI,AVX512 F+BW+CD+DQ+VL,AVX2+BMI1+BMI2+F16C+FMA+LZCNT+MOVBE,AVX,SSE3+SSSE3+SSE4.1+SSE4.2+POPCNT,X86Base+SSE+SSE2,AES+PCLMUL VectorSize=256
// Job: Quick(IterationCount=5, WarmupCount=2)

OverheadJitting  1: 1 op, 197419.00 ns, 197.4190 us/op
WorkloadJitting  1: 1 op, 99334589.00 ns, 99.3346 ms/op

WorkloadPilot    1: 2 op, 35474274.00 ns, 17.7371 ms/op
WorkloadPilot    2: 3 op, 52700768.00 ns, 17.5669 ms/op
WorkloadPilot    3: 4 op, 69941163.00 ns, 17.4853 ms/op
WorkloadPilot    4: 5 op, 92008296.00 ns, 18.4017 ms/op
WorkloadPilot    5: 6 op, 115565786.00 ns, 19.2610 ms/op
WorkloadPilot    6: 7 op, 136481149.00 ns, 19.4973 ms/op
WorkloadPilot    7: 8 op, 151267675.00 ns, 18.9085 ms/op
WorkloadPilot    8: 9 op, 169212236.00 ns, 18.8014 ms/op
WorkloadPilot    9: 10 op, 187644976.00 ns, 18.7645 ms/op
WorkloadPilot   10: 11 op, 219802417.00 ns, 19.9820 ms/op
WorkloadPilot   11: 12 op, 227791264.00 ns, 18.9826 ms/op
WorkloadPilot   12: 13 op, 246567744.00 ns, 18.9667 ms/op
WorkloadPilot   13: 14 op, 261931377.00 ns, 18.7094 ms/op
WorkloadPilot   14: 15 op, 285236926.00 ns, 19.0158 ms/op
WorkloadPilot   15: 16 op, 302672857.00 ns, 18.9171 ms/op
WorkloadPilot   16: 32 op, 607616372.00 ns, 18.9880 ms/op

WorkloadWarmup   1: 32 op, 608347860.00 ns, 19.0109 ms/op
WorkloadWarmup   2: 32 op, 600852661.00 ns, 18.7766 ms/op

// BeforeActualRun
WorkloadActual   1: 32 op, 591267447.00 ns, 18.4771 ms/op
WorkloadActual   2: 32 op, 575847909.00 ns, 17.9952 ms/op
WorkloadActual   3: 32 op, 508807198.00 ns, 15.9002 ms/op
WorkloadActual   4: 32 op, 457711101.00 ns, 14.3035 ms/op
WorkloadActual   5: 32 op, 435935806.00 ns, 13.6230 ms/op

// AfterActualRun
WorkloadResult   1: 32 op, 591267447.00 ns, 18.4771 ms/op
WorkloadResult   2: 32 op, 575847909.00 ns, 17.9952 ms/op
WorkloadResult   3: 32 op, 508807198.00 ns, 15.9002 ms/op
WorkloadResult   4: 32 op, 457711101.00 ns, 14.3035 ms/op
WorkloadResult   5: 32 op, 435935806.00 ns, 13.6230 ms/op
// GC:  5 4 0 85801888 32
// Threading:  0 0 32

// AfterAll
// Benchmark Process 4253 has exited with code 0.

Mean = 16.060 ms, StdErr = 0.965 ms (6.01%), N = 5, StdDev = 2.159 ms
Min = 13.623 ms, Q1 = 14.303 ms, Median = 15.900 ms, Q3 = 17.995 ms, Max = 18.477 ms
IQR = 3.692 ms, LowerFence = 8.766 ms, UpperFence = 23.533 ms
ConfidenceInterval = [7.748 ms; 24.372 ms] (CI 99.9%), Margin = 8.312 ms (51.76% of Mean)
Skewness = 0.03, Kurtosis = 0.86, MValue = 2

// ** Remained 6 (15.8 %) benchmark(s) to run. Estimated finish 2026-07-31 9:48 (0h 0m from now) **
// ***** BenchmarkRunner: Finish  *****

// * Export *
  tmp/dotnet-matrix/ObjectMapping/90b9d235d7e94c018f7cd9964f53afda/results/Matrix.ObjectMapping.Benchmarks.PrepareAndSimpleMap-report.csv
  tmp/dotnet-matrix/ObjectMapping/90b9d235d7e94c018f7cd9964f53afda/results/Matrix.ObjectMapping.Benchmarks.PrepareAndSimpleMap-report-github.md
  tmp/dotnet-matrix/ObjectMapping/90b9d235d7e94c018f7cd9964f53afda/results/Matrix.ObjectMapping.Benchmarks.PrepareAndSimpleMap-report.html
  tmp/dotnet-matrix/ObjectMapping/90b9d235d7e94c018f7cd9964f53afda/results/Matrix.ObjectMapping.Benchmarks.PrepareAndSimpleMap-report-full.json

// * Detailed results *
PrepareAndSimpleMap.Mapperly: Quick(Arguments=/p:MatrixMode=Benchmark, IterationCount=5, WarmupCount=2)
Runtime = .NET 10.0.10 (10.0.10, 10.0.1026.32716), X64 RyuJIT x86-64-v4; GC = Concurrent Workstation
Mean = 7.379 ns, StdErr = 0.104 ns (1.41%), N = 5, StdDev = 0.233 ns
Min = 7.098 ns, Q1 = 7.184 ns, Median = 7.427 ns, Q3 = 7.548 ns, Max = 7.640 ns
IQR = 0.364 ns, LowerFence = 6.637 ns, UpperFence = 8.094 ns
ConfidenceInterval = [6.484 ns; 8.275 ns] (CI 99.9%), Margin = 0.895 ns (12.13% of Mean)
Skewness = -0.11, Kurtosis = 0.9, MValue = 2
-------------------- Histogram --------------------
[6.962 ns ; 7.355 ns) | @@
[7.355 ns ; 7.712 ns) | @@@
---------------------------------------------------

PrepareAndSimpleMap.HandCoded: Quick(Arguments=/p:MatrixMode=Benchmark, IterationCount=5, WarmupCount=2)
Runtime = .NET 10.0.10 (10.0.10, 10.0.1026.32716), X64 RyuJIT x86-64-v4; GC = Concurrent Workstation
Mean = 7.587 ns, StdErr = 0.024 ns (0.32%), N = 4, StdDev = 0.048 ns
Min = 7.532 ns, Q1 = 7.554 ns, Median = 7.591 ns, Q3 = 7.624 ns, Max = 7.633 ns
IQR = 0.070 ns, LowerFence = 7.450 ns, UpperFence = 7.728 ns
ConfidenceInterval = [7.277 ns; 7.896 ns] (CI 99.9%), Margin = 0.310 ns (4.08% of Mean)
Skewness = -0.09, Kurtosis = 0.71, MValue = 2
-------------------- Histogram --------------------
[7.521 ns ; 7.673 ns) | @@@@
---------------------------------------------------

PrepareAndSimpleMap.AutoMapper: Quick(Arguments=/p:MatrixMode=Benchmark, IterationCount=5, WarmupCount=2)
Runtime = .NET 10.0.10 (10.0.10, 10.0.1026.32716), X64 RyuJIT x86-64-v4; GC = Concurrent Workstation
Mean = 8.855 ms, StdErr = 0.078 ms (0.88%), N = 4, StdDev = 0.156 ms
Min = 8.714 ms, Q1 = 8.724 ms, Median = 8.846 ms, Q3 = 8.976 ms, Max = 9.013 ms
IQR = 0.253 ms, LowerFence = 8.345 ms, UpperFence = 9.355 ms
ConfidenceInterval = [7.846 ms; 9.863 ms] (CI 99.9%), Margin = 1.009 ms (11.39% of Mean)
Skewness = 0.03, Kurtosis = 0.6, MValue = 2
-------------------- Histogram --------------------
[8.710 ms ; 9.142 ms) | @@@@
---------------------------------------------------

PrepareAndSimpleMap.Mapster: Quick(Arguments=/p:MatrixMode=Benchmark, IterationCount=5, WarmupCount=2)
Runtime = .NET 10.0.10 (10.0.10, 10.0.1026.32716), X64 RyuJIT x86-64-v4; GC = Concurrent Workstation
Mean = 16.060 ms, StdErr = 0.965 ms (6.01%), N = 5, StdDev = 2.159 ms
Min = 13.623 ms, Q1 = 14.303 ms, Median = 15.900 ms, Q3 = 17.995 ms, Max = 18.477 ms
IQR = 3.692 ms, LowerFence = 8.766 ms, UpperFence = 23.533 ms
ConfidenceInterval = [7.748 ms; 24.372 ms] (CI 99.9%), Margin = 8.312 ms (51.76% of Mean)
Skewness = 0.03, Kurtosis = 0.86, MValue = 2
-------------------- Histogram --------------------
[13.105 ms ; 16.418 ms) | @@@
[16.418 ms ; 20.134 ms) | @@
---------------------------------------------------

// * Summary *

BenchmarkDotNet v0.15.8, Linux Ubuntu 24.04.4 LTS (Noble Numbat)
AMD EPYC 9V74 3.69GHz, 1 CPU, 4 logical and 2 physical cores
.NET SDK 10.0.302
  [Host] : .NET 10.0.10 (10.0.10, 10.0.1026.32716), X64 RyuJIT x86-64-v4
  Quick  : .NET 10.0.10 (10.0.10, 10.0.1026.32716), X64 RyuJIT x86-64-v4

Job=Quick  Arguments=/p:MatrixMode=Benchmark  IterationCount=5  
WarmupCount=2  

| Method     | Mean              | Error             | StdDev            | Ratio        | RatioSD    | Gen0     | Gen1     | Allocated | Alloc Ratio |
|----------- |------------------:|------------------:|------------------:|-------------:|-----------:|---------:|---------:|----------:|------------:|
| Mapperly   |          7.379 ns |         0.8955 ns |         0.2325 ns |         0.97 |       0.03 |   0.0033 |        - |      56 B |        1.00 |
| HandCoded  |          7.587 ns |         0.3096 ns |         0.0479 ns |         1.00 |       0.01 |   0.0033 |        - |      56 B |        1.00 |
| AutoMapper |  8,854,601.297 ns | 1,008,754.6231 ns |   156,105.8943 ns | 1,167,137.85 |  19,550.96 |  31.2500 |  15.6250 |  675092 B |   12,055.21 |
| Mapster    | 16,059,809.131 ns | 8,311,842.2758 ns | 2,158,559.0484 ns | 2,116,866.76 | 261,370.31 | 156.2500 | 125.0000 | 2681309 B |   47,880.52 |

// * Hints *
Outliers
  PrepareAndSimpleMap.HandCoded: Quick  -> 1 outlier  was  removed (10.80 ns)
  PrepareAndSimpleMap.AutoMapper: Quick -> 1 outlier  was  removed (9.75 ms)

// * Legends *
  Mean        : Arithmetic mean of all measurements
  Error       : Half of 99.9% confidence interval
  StdDev      : Standard deviation of all measurements
  Ratio       : Mean of the ratio distribution ([Current]/[Baseline])
  RatioSD     : Standard deviation of the ratio distribution ([Current]/[Baseline])
  Gen0        : GC Generation 0 collects per 1000 operations
  Gen1        : GC Generation 1 collects per 1000 operations
  Allocated   : Allocated memory per single operation (managed only, inclusive, 1KB = 1024B)
  Alloc Ratio : Allocated memory ratio distribution ([Current]/[Baseline])
  1 ns        : 1 Nanosecond (0.000000001 sec)

// * Diagnostic Output - MemoryDiagnoser *


// ***** BenchmarkRunner: End *****
Run time: 00:00:38 (38.27 sec), executed benchmarks: 4

// Found 2 benchmarks:
//   PrepareConfiguration.AutoMapper: Quick(Arguments=/p:MatrixMode=Benchmark, IterationCount=5, WarmupCount=2)
//   PrepareConfiguration.Mapster: Quick(Arguments=/p:MatrixMode=Benchmark, IterationCount=5, WarmupCount=2)

// **************************
// Benchmark: PrepareConfiguration.AutoMapper: Quick(Arguments=/p:MatrixMode=Benchmark, IterationCount=5, WarmupCount=2)
// *** Execute ***
// Launch: 1 / 1
// Execute: dotnet Matrix.ObjectMapping-Quick-1.dll --anonymousPipes 129 130 --benchmarkName Matrix.ObjectMapping.Benchmarks.PrepareConfiguration.AutoMapper --job Quick --benchmarkId 32 in /home/runner/work/dotnet-matrix/dotnet-matrix/src/Matrix.ObjectMapping/bin/Benchmark/Release/net10.0/Matrix.ObjectMapping-Quick-1/bin/Release/net10.0
// Failed to set up high priority (Permission denied). In order to run benchmarks with high priority, make sure you have the right permissions.
// BeforeAnythingElse

// Benchmark Process Environment Information:
// BenchmarkDotNet v0.15.8
// Runtime=.NET 10.0.10 (10.0.10, 10.0.1026.32716), X64 RyuJIT x86-64-v4
// GC=Concurrent Workstation
// HardwareIntrinsics=AVX512 BITALG+VBMI2+VNNI+VPOPCNTDQ,AVX512 IFMA+VBMI,AVX512 F+BW+CD+DQ+VL,AVX2+BMI1+BMI2+F16C+FMA+LZCNT+MOVBE,AVX,SSE3+SSSE3+SSE4.1+SSE4.2+POPCNT,X86Base+SSE+SSE2,AES+PCLMUL VectorSize=256
// Job: Quick(IterationCount=5, WarmupCount=2)

OverheadJitting  1: 1 op, 222049.00 ns, 222.0490 us/op
WorkloadJitting  1: 1 op, 87010862.00 ns, 87.0109 ms/op

WorkloadPilot    1: 2 op, 20639980.00 ns, 10.3200 ms/op
WorkloadPilot    2: 3 op, 30592288.00 ns, 10.1974 ms/op
WorkloadPilot    3: 4 op, 42355228.00 ns, 10.5888 ms/op
WorkloadPilot    4: 5 op, 57658514.00 ns, 11.5317 ms/op
WorkloadPilot    5: 6 op, 66966941.00 ns, 11.1612 ms/op
WorkloadPilot    6: 7 op, 82668607.00 ns, 11.8098 ms/op
WorkloadPilot    7: 8 op, 88299360.00 ns, 11.0374 ms/op
WorkloadPilot    8: 9 op, 99858402.00 ns, 11.0954 ms/op
WorkloadPilot    9: 10 op, 110969336.00 ns, 11.0969 ms/op
WorkloadPilot   10: 11 op, 129972209.00 ns, 11.8157 ms/op
WorkloadPilot   11: 12 op, 136378760.00 ns, 11.3649 ms/op
WorkloadPilot   12: 13 op, 143673495.00 ns, 11.0518 ms/op
WorkloadPilot   13: 14 op, 155784329.00 ns, 11.1275 ms/op
WorkloadPilot   14: 15 op, 156850858.00 ns, 10.4567 ms/op
WorkloadPilot   15: 16 op, 166848336.00 ns, 10.4280 ms/op
WorkloadPilot   16: 32 op, 348287079.00 ns, 10.8840 ms/op
WorkloadPilot   17: 64 op, 695566322.00 ns, 10.8682 ms/op

WorkloadWarmup   1: 64 op, 680507397.00 ns, 10.6329 ms/op
WorkloadWarmup   2: 64 op, 675779873.00 ns, 10.5591 ms/op

// BeforeActualRun
WorkloadActual   1: 64 op, 632359803.00 ns, 9.8806 ms/op
WorkloadActual   2: 64 op, 568317708.00 ns, 8.8800 ms/op
WorkloadActual   3: 64 op, 546348392.00 ns, 8.5367 ms/op
WorkloadActual   4: 64 op, 542000308.00 ns, 8.4688 ms/op
WorkloadActual   5: 64 op, 536591238.00 ns, 8.3842 ms/op

// AfterActualRun
WorkloadResult   1: 64 op, 568317708.00 ns, 8.8800 ms/op
WorkloadResult   2: 64 op, 546348392.00 ns, 8.5367 ms/op
WorkloadResult   3: 64 op, 542000308.00 ns, 8.4688 ms/op
WorkloadResult   4: 64 op, 536591238.00 ns, 8.3842 ms/op
// GC:  2 1 0 41066240 64
// Threading:  0 0 64

// AfterAll
// Benchmark Process 4265 has exited with code 0.

Mean = 8.567 ms, StdErr = 0.109 ms (1.27%), N = 4, StdDev = 0.217 ms
Min = 8.384 ms, Q1 = 8.448 ms, Median = 8.503 ms, Q3 = 8.623 ms, Max = 8.880 ms
IQR = 0.175 ms, LowerFence = 8.185 ms, UpperFence = 8.885 ms
ConfidenceInterval = [7.162 ms; 9.973 ms] (CI 99.9%), Margin = 1.405 ms (16.40% of Mean)
Skewness = 0.57, Kurtosis = 1.2, MValue = 2

// ** Remained 5 (13.2 %) benchmark(s) to run. Estimated finish 2026-07-31 9:48 (0h 0m from now) **
// **************************
// Benchmark: PrepareConfiguration.Mapster: Quick(Arguments=/p:MatrixMode=Benchmark, IterationCount=5, WarmupCount=2)
// *** Execute ***
// Launch: 1 / 1
// Execute: dotnet Matrix.ObjectMapping-Quick-1.dll --anonymousPipes 129 130 --benchmarkName Matrix.ObjectMapping.Benchmarks.PrepareConfiguration.Mapster --job Quick --benchmarkId 33 in /home/runner/work/dotnet-matrix/dotnet-matrix/src/Matrix.ObjectMapping/bin/Benchmark/Release/net10.0/Matrix.ObjectMapping-Quick-1/bin/Release/net10.0
// Failed to set up high priority (Permission denied). In order to run benchmarks with high priority, make sure you have the right permissions.
// BeforeAnythingElse

// Benchmark Process Environment Information:
// BenchmarkDotNet v0.15.8
// Runtime=.NET 10.0.10 (10.0.10, 10.0.1026.32716), X64 RyuJIT x86-64-v4
// GC=Concurrent Workstation
// HardwareIntrinsics=AVX512 BITALG+VBMI2+VNNI+VPOPCNTDQ,AVX512 IFMA+VBMI,AVX512 F+BW+CD+DQ+VL,AVX2+BMI1+BMI2+F16C+FMA+LZCNT+MOVBE,AVX,SSE3+SSSE3+SSE4.1+SSE4.2+POPCNT,X86Base+SSE+SSE2,AES+PCLMUL VectorSize=256
// Job: Quick(IterationCount=5, WarmupCount=2)

OverheadJitting  1: 1 op, 214715.00 ns, 214.7150 us/op
WorkloadJitting  1: 1 op, 98157640.00 ns, 98.1576 ms/op

WorkloadPilot    1: 2 op, 34105178.00 ns, 17.0526 ms/op
WorkloadPilot    2: 3 op, 50593536.00 ns, 16.8645 ms/op
WorkloadPilot    3: 4 op, 67248971.00 ns, 16.8122 ms/op
WorkloadPilot    4: 5 op, 88527207.00 ns, 17.7054 ms/op
WorkloadPilot    5: 6 op, 111612929.00 ns, 18.6022 ms/op
WorkloadPilot    6: 7 op, 133178488.00 ns, 19.0255 ms/op
WorkloadPilot    7: 8 op, 147139802.00 ns, 18.3925 ms/op
WorkloadPilot    8: 9 op, 162922190.00 ns, 18.1025 ms/op
WorkloadPilot    9: 10 op, 186254785.00 ns, 18.6255 ms/op
WorkloadPilot   10: 11 op, 208224922.00 ns, 18.9295 ms/op
WorkloadPilot   11: 12 op, 228790088.00 ns, 19.0658 ms/op
WorkloadPilot   12: 13 op, 240981561.00 ns, 18.5370 ms/op
WorkloadPilot   13: 14 op, 275847804.00 ns, 19.7034 ms/op
WorkloadPilot   14: 15 op, 284202979.00 ns, 18.9469 ms/op
WorkloadPilot   15: 16 op, 296602973.00 ns, 18.5377 ms/op
WorkloadPilot   16: 32 op, 585464073.00 ns, 18.2958 ms/op

WorkloadWarmup   1: 32 op, 589153756.00 ns, 18.4111 ms/op
WorkloadWarmup   2: 32 op, 581106254.00 ns, 18.1596 ms/op

// BeforeActualRun
WorkloadActual   1: 32 op, 576463586.00 ns, 18.0145 ms/op
WorkloadActual   2: 32 op, 567050915.00 ns, 17.7203 ms/op
WorkloadActual   3: 32 op, 538472088.00 ns, 16.8273 ms/op
WorkloadActual   4: 32 op, 470806531.00 ns, 14.7127 ms/op
WorkloadActual   5: 32 op, 426766664.00 ns, 13.3365 ms/op

// AfterActualRun
WorkloadResult   1: 32 op, 576463586.00 ns, 18.0145 ms/op
WorkloadResult   2: 32 op, 567050915.00 ns, 17.7203 ms/op
WorkloadResult   3: 32 op, 538472088.00 ns, 16.8273 ms/op
WorkloadResult   4: 32 op, 470806531.00 ns, 14.7127 ms/op
WorkloadResult   5: 32 op, 426766664.00 ns, 13.3365 ms/op
// GC:  4 3 0 81064840 32
// Threading:  0 0 32

// AfterAll
// Benchmark Process 5022 has exited with code 0.

Mean = 16.122 ms, StdErr = 0.905 ms (5.61%), N = 5, StdDev = 2.024 ms
Min = 13.336 ms, Q1 = 14.713 ms, Median = 16.827 ms, Q3 = 17.720 ms, Max = 18.014 ms
IQR = 3.008 ms, LowerFence = 10.201 ms, UpperFence = 22.232 ms
ConfidenceInterval = [8.330 ms; 23.914 ms] (CI 99.9%), Margin = 7.792 ms (48.33% of Mean)
Skewness = -0.32, Kurtosis = 1, MValue = 2

// ** Remained 4 (10.5 %) benchmark(s) to run. Estimated finish 2026-07-31 9:48 (0h 0m from now) **
// ***** BenchmarkRunner: Finish  *****

// * Export *
  tmp/dotnet-matrix/ObjectMapping/90b9d235d7e94c018f7cd9964f53afda/results/Matrix.ObjectMapping.Benchmarks.PrepareConfiguration-report.csv
  tmp/dotnet-matrix/ObjectMapping/90b9d235d7e94c018f7cd9964f53afda/results/Matrix.ObjectMapping.Benchmarks.PrepareConfiguration-report-github.md
  tmp/dotnet-matrix/ObjectMapping/90b9d235d7e94c018f7cd9964f53afda/results/Matrix.ObjectMapping.Benchmarks.PrepareConfiguration-report.html
  tmp/dotnet-matrix/ObjectMapping/90b9d235d7e94c018f7cd9964f53afda/results/Matrix.ObjectMapping.Benchmarks.PrepareConfiguration-report-full.json

// * Detailed results *
PrepareConfiguration.AutoMapper: Quick(Arguments=/p:MatrixMode=Benchmark, IterationCount=5, WarmupCount=2)
Runtime = .NET 10.0.10 (10.0.10, 10.0.1026.32716), X64 RyuJIT x86-64-v4; GC = Concurrent Workstation
Mean = 8.567 ms, StdErr = 0.109 ms (1.27%), N = 4, StdDev = 0.217 ms
Min = 8.384 ms, Q1 = 8.448 ms, Median = 8.503 ms, Q3 = 8.623 ms, Max = 8.880 ms
IQR = 0.175 ms, LowerFence = 8.185 ms, UpperFence = 8.885 ms
ConfidenceInterval = [7.162 ms; 9.973 ms] (CI 99.9%), Margin = 1.405 ms (16.40% of Mean)
Skewness = 0.57, Kurtosis = 1.2, MValue = 2
-------------------- Histogram --------------------
[8.281 ms ; 8.640 ms) | @@@
[8.640 ms ; 9.060 ms) | @
---------------------------------------------------

PrepareConfiguration.Mapster: Quick(Arguments=/p:MatrixMode=Benchmark, IterationCount=5, WarmupCount=2)
Runtime = .NET 10.0.10 (10.0.10, 10.0.1026.32716), X64 RyuJIT x86-64-v4; GC = Concurrent Workstation
Mean = 16.122 ms, StdErr = 0.905 ms (5.61%), N = 5, StdDev = 2.024 ms
Min = 13.336 ms, Q1 = 14.713 ms, Median = 16.827 ms, Q3 = 17.720 ms, Max = 18.014 ms
IQR = 3.008 ms, LowerFence = 10.201 ms, UpperFence = 22.232 ms
ConfidenceInterval = [8.330 ms; 23.914 ms] (CI 99.9%), Margin = 7.792 ms (48.33% of Mean)
Skewness = -0.32, Kurtosis = 1, MValue = 2
-------------------- Histogram --------------------
[12.471 ms ; 15.868 ms) | @@
[15.868 ms ; 19.568 ms) | @@@
---------------------------------------------------

// * Summary *

BenchmarkDotNet v0.15.8, Linux Ubuntu 24.04.4 LTS (Noble Numbat)
AMD EPYC 9V74 3.69GHz, 1 CPU, 4 logical and 2 physical cores
.NET SDK 10.0.302
  [Host] : .NET 10.0.10 (10.0.10, 10.0.1026.32716), X64 RyuJIT x86-64-v4
  Quick  : .NET 10.0.10 (10.0.10, 10.0.1026.32716), X64 RyuJIT x86-64-v4

Job=Quick  Arguments=/p:MatrixMode=Benchmark  IterationCount=5  
WarmupCount=2  

| Method     | Mean      | Error    | StdDev    | Gen0     | Gen1    | Allocated |
|----------- |----------:|---------:|----------:|---------:|--------:|----------:|
| AutoMapper |  8.567 ms | 1.405 ms | 0.2175 ms |  31.2500 | 15.6250 | 626.62 KB |
| Mapster    | 16.122 ms | 7.792 ms | 2.0235 ms | 125.0000 | 93.7500 | 2473.9 KB |

// * Hints *
Outliers
  PrepareConfiguration.AutoMapper: Quick -> 1 outlier  was  removed (9.88 ms)

// * Legends *
  Mean      : Arithmetic mean of all measurements
  Error     : Half of 99.9% confidence interval
  StdDev    : Standard deviation of all measurements
  Gen0      : GC Generation 0 collects per 1000 operations
  Gen1      : GC Generation 1 collects per 1000 operations
  Allocated : Allocated memory per single operation (managed only, inclusive, 1KB = 1024B)
  1 ms      : 1 Millisecond (0.001 sec)

// * Diagnostic Output - MemoryDiagnoser *


// ***** BenchmarkRunner: End *****
Run time: 00:00:15 (15.13 sec), executed benchmarks: 2

// Found 4 benchmarks:
//   SimpleObject.AutoMapper: Quick(Arguments=/p:MatrixMode=Benchmark, IterationCount=5, WarmupCount=2)
//   SimpleObject.HandCoded: Quick(Arguments=/p:MatrixMode=Benchmark, IterationCount=5, WarmupCount=2)
//   SimpleObject.Mapperly: Quick(Arguments=/p:MatrixMode=Benchmark, IterationCount=5, WarmupCount=2)
//   SimpleObject.Mapster: Quick(Arguments=/p:MatrixMode=Benchmark, IterationCount=5, WarmupCount=2)

// **************************
// Benchmark: SimpleObject.AutoMapper: Quick(Arguments=/p:MatrixMode=Benchmark, IterationCount=5, WarmupCount=2)
// *** Execute ***
// Launch: 1 / 1
// Execute: dotnet Matrix.ObjectMapping-Quick-1.dll --anonymousPipes 129 130 --benchmarkName Matrix.ObjectMapping.Benchmarks.SimpleObject.AutoMapper --job Quick --benchmarkId 34 in /home/runner/work/dotnet-matrix/dotnet-matrix/src/Matrix.ObjectMapping/bin/Benchmark/Release/net10.0/Matrix.ObjectMapping-Quick-1/bin/Release/net10.0
// Failed to set up high priority (Permission denied). In order to run benchmarks with high priority, make sure you have the right permissions.
// BeforeAnythingElse

// Benchmark Process Environment Information:
// BenchmarkDotNet v0.15.8
// Runtime=.NET 10.0.10 (10.0.10, 10.0.1026.32716), X64 RyuJIT x86-64-v4
// GC=Concurrent Workstation
// HardwareIntrinsics=AVX512 BITALG+VBMI2+VNNI+VPOPCNTDQ,AVX512 IFMA+VBMI,AVX512 F+BW+CD+DQ+VL,AVX2+BMI1+BMI2+F16C+FMA+LZCNT+MOVBE,AVX,SSE3+SSSE3+SSE4.1+SSE4.2+POPCNT,X86Base+SSE+SSE2,AES+PCLMUL VectorSize=256
// Job: Quick(IterationCount=5, WarmupCount=2)

OverheadJitting  1: 1 op, 195661.00 ns, 195.6610 us/op
WorkloadJitting  1: 1 op, 1357677.00 ns, 1.3577 ms/op

OverheadJitting  2: 16 op, 401157.00 ns, 25.0723 us/op
WorkloadJitting  2: 16 op, 620945.00 ns, 38.8091 us/op

WorkloadPilot    1: 16 op, 9455.00 ns, 590.9375 ns/op
WorkloadPilot    2: 32 op, 12840.00 ns, 401.2500 ns/op
WorkloadPilot    3: 64 op, 22745.00 ns, 355.3906 ns/op
WorkloadPilot    4: 128 op, 54403.00 ns, 425.0234 ns/op
WorkloadPilot    5: 256 op, 96789.00 ns, 378.0820 ns/op
WorkloadPilot    6: 512 op, 172866.00 ns, 337.6289 ns/op
WorkloadPilot    7: 1024 op, 306502.00 ns, 299.3184 ns/op
WorkloadPilot    8: 2048 op, 682620.00 ns, 333.3105 ns/op
WorkloadPilot    9: 4096 op, 1223270.00 ns, 298.6499 ns/op
WorkloadPilot   10: 8192 op, 2783860.00 ns, 339.8267 ns/op
WorkloadPilot   11: 16384 op, 5207576.00 ns, 317.8452 ns/op
WorkloadPilot   12: 32768 op, 7829097.00 ns, 238.9251 ns/op
WorkloadPilot   13: 65536 op, 15601977.00 ns, 238.0673 ns/op
WorkloadPilot   14: 131072 op, 31266318.00 ns, 238.5431 ns/op
WorkloadPilot   15: 262144 op, 48485071.00 ns, 184.9559 ns/op
WorkloadPilot   16: 524288 op, 32111360.00 ns, 61.2476 ns/op
WorkloadPilot   17: 1048576 op, 60806108.00 ns, 57.9892 ns/op
WorkloadPilot   18: 2097152 op, 123471183.00 ns, 58.8756 ns/op
WorkloadPilot   19: 4194304 op, 241426107.00 ns, 57.5605 ns/op
WorkloadPilot   20: 8388608 op, 482641801.00 ns, 57.5354 ns/op
WorkloadPilot   21: 16777216 op, 965153170.00 ns, 57.5276 ns/op

OverheadWarmup   1: 16777216 op, 57523574.00 ns, 3.4287 ns/op
OverheadWarmup   2: 16777216 op, 57810247.00 ns, 3.4458 ns/op
OverheadWarmup   3: 16777216 op, 57840934.00 ns, 3.4476 ns/op
OverheadWarmup   4: 16777216 op, 58541144.00 ns, 3.4893 ns/op
OverheadWarmup   5: 16777216 op, 43818253.00 ns, 2.6118 ns/op
OverheadWarmup   6: 16777216 op, 53273469.00 ns, 3.1753 ns/op
OverheadWarmup   7: 16777216 op, 44051152.00 ns, 2.6257 ns/op

OverheadActual   1: 16777216 op, 43815279.00 ns, 2.6116 ns/op
OverheadActual   2: 16777216 op, 43801267.00 ns, 2.6108 ns/op
OverheadActual   3: 16777216 op, 48372599.00 ns, 2.8832 ns/op
OverheadActual   4: 16777216 op, 48638649.00 ns, 2.8991 ns/op
OverheadActual   5: 16777216 op, 43769507.00 ns, 2.6089 ns/op
OverheadActual   6: 16777216 op, 53181406.00 ns, 3.1699 ns/op
OverheadActual   7: 16777216 op, 48777543.00 ns, 2.9074 ns/op
OverheadActual   8: 16777216 op, 48624427.00 ns, 2.8982 ns/op
OverheadActual   9: 16777216 op, 48583223.00 ns, 2.8958 ns/op
OverheadActual  10: 16777216 op, 48674944.00 ns, 2.9013 ns/op
OverheadActual  11: 16777216 op, 43769868.00 ns, 2.6089 ns/op
OverheadActual  12: 16777216 op, 44013545.00 ns, 2.6234 ns/op
OverheadActual  13: 16777216 op, 48443337.00 ns, 2.8874 ns/op
OverheadActual  14: 16777216 op, 48584235.00 ns, 2.8958 ns/op
OverheadActual  15: 16777216 op, 46982724.00 ns, 2.8004 ns/op
OverheadActual  16: 16777216 op, 48315460.00 ns, 2.8798 ns/op
OverheadActual  17: 16777216 op, 48623865.00 ns, 2.8982 ns/op
OverheadActual  18: 16777216 op, 43826014.00 ns, 2.6122 ns/op
OverheadActual  19: 16777216 op, 48576523.00 ns, 2.8954 ns/op
OverheadActual  20: 16777216 op, 53234248.00 ns, 3.1730 ns/op

WorkloadWarmup   1: 16777216 op, 973653022.00 ns, 58.0342 ns/op
WorkloadWarmup   2: 16777216 op, 980471200.00 ns, 58.4406 ns/op

// BeforeActualRun
WorkloadActual   1: 16777216 op, 967144833.00 ns, 57.6463 ns/op
WorkloadActual   2: 16777216 op, 964887791.00 ns, 57.5118 ns/op
WorkloadActual   3: 16777216 op, 965163849.00 ns, 57.5282 ns/op
WorkloadActual   4: 16777216 op, 995153538.00 ns, 59.3158 ns/op
WorkloadActual   5: 16777216 op, 965371970.00 ns, 57.5407 ns/op

// AfterActualRun
WorkloadResult   1: 16777216 op, 918634903.00 ns, 54.7549 ns/op
WorkloadResult   2: 16777216 op, 916377861.00 ns, 54.6204 ns/op
WorkloadResult   3: 16777216 op, 916653919.00 ns, 54.6368 ns/op
WorkloadResult   4: 16777216 op, 916862040.00 ns, 54.6492 ns/op
// GC:  56 0 0 939524096 16777216
// Threading:  0 0 16777216

// AfterAll
// Benchmark Process 5031 has exited with code 0.

Mean = 54.665 ns, StdErr = 0.030 ns (0.06%), N = 4, StdDev = 0.061 ns
Min = 54.620 ns, Q1 = 54.633 ns, Median = 54.643 ns, Q3 = 54.676 ns, Max = 54.755 ns
IQR = 0.043 ns, LowerFence = 54.568 ns, UpperFence = 54.740 ns
ConfidenceInterval = [54.272 ns; 55.059 ns] (CI 99.9%), Margin = 0.393 ns (0.72% of Mean)
Skewness = 0.67, Kurtosis = 1.26, MValue = 2

// ** Remained 3 (7.9 %) benchmark(s) to run. Estimated finish 2026-07-31 9:48 (0h 0m from now) **
// **************************
// Benchmark: SimpleObject.HandCoded: Quick(Arguments=/p:MatrixMode=Benchmark, IterationCount=5, WarmupCount=2)
// *** Execute ***
// Launch: 1 / 1
// Execute: dotnet Matrix.ObjectMapping-Quick-1.dll --anonymousPipes 129 130 --benchmarkName Matrix.ObjectMapping.Benchmarks.SimpleObject.HandCoded --job Quick --benchmarkId 35 in /home/runner/work/dotnet-matrix/dotnet-matrix/src/Matrix.ObjectMapping/bin/Benchmark/Release/net10.0/Matrix.ObjectMapping-Quick-1/bin/Release/net10.0
// Failed to set up high priority (Permission denied). In order to run benchmarks with high priority, make sure you have the right permissions.
// BeforeAnythingElse

// Benchmark Process Environment Information:
// BenchmarkDotNet v0.15.8
// Runtime=.NET 10.0.10 (10.0.10, 10.0.1026.32716), X64 RyuJIT x86-64-v4
// GC=Concurrent Workstation
// HardwareIntrinsics=AVX512 BITALG+VBMI2+VNNI+VPOPCNTDQ,AVX512 IFMA+VBMI,AVX512 F+BW+CD+DQ+VL,AVX2+BMI1+BMI2+F16C+FMA+LZCNT+MOVBE,AVX,SSE3+SSSE3+SSE4.1+SSE4.2+POPCNT,X86Base+SSE+SSE2,AES+PCLMUL VectorSize=256
// Job: Quick(IterationCount=5, WarmupCount=2)

OverheadJitting  1: 1 op, 207360.00 ns, 207.3600 us/op
WorkloadJitting  1: 1 op, 352734.00 ns, 352.7340 us/op

OverheadJitting  2: 16 op, 384203.00 ns, 24.0127 us/op
WorkloadJitting  2: 16 op, 383962.00 ns, 23.9976 us/op

WorkloadPilot    1: 16 op, 2974.00 ns, 185.8750 ns/op
WorkloadPilot    2: 32 op, 3115.00 ns, 97.3438 ns/op
WorkloadPilot    3: 64 op, 3987.00 ns, 62.2969 ns/op
WorkloadPilot    4: 128 op, 35695.00 ns, 278.8672 ns/op
WorkloadPilot    5: 256 op, 25259.00 ns, 98.6680 ns/op
WorkloadPilot    6: 512 op, 26060.00 ns, 50.8984 ns/op
WorkloadPilot    7: 1024 op, 71149.00 ns, 69.4814 ns/op
WorkloadPilot    8: 2048 op, 119574.00 ns, 58.3857 ns/op
WorkloadPilot    9: 4096 op, 229123.00 ns, 55.9382 ns/op
WorkloadPilot   10: 8192 op, 360446.00 ns, 43.9998 ns/op
WorkloadPilot   11: 16384 op, 774244.00 ns, 47.2561 ns/op
WorkloadPilot   12: 32768 op, 1556440.00 ns, 47.4988 ns/op
WorkloadPilot   13: 65536 op, 3088945.00 ns, 47.1336 ns/op
WorkloadPilot   14: 131072 op, 6251803.00 ns, 47.6975 ns/op
WorkloadPilot   15: 262144 op, 12586274.00 ns, 48.0128 ns/op
WorkloadPilot   16: 524288 op, 15348535.00 ns, 29.2750 ns/op
WorkloadPilot   17: 1048576 op, 27428669.00 ns, 26.1580 ns/op
WorkloadPilot   18: 2097152 op, 45781799.00 ns, 21.8305 ns/op
WorkloadPilot   19: 4194304 op, 42677059.00 ns, 10.1750 ns/op
WorkloadPilot   20: 8388608 op, 85219451.00 ns, 10.1590 ns/op
WorkloadPilot   21: 16777216 op, 168935233.00 ns, 10.0693 ns/op
WorkloadPilot   22: 33554432 op, 349305065.00 ns, 10.4101 ns/op
WorkloadPilot   23: 67108864 op, 685793079.00 ns, 10.2191 ns/op

OverheadWarmup   1: 67108864 op, 251869079.00 ns, 3.7531 ns/op
OverheadWarmup   2: 67108864 op, 194359901.00 ns, 2.8962 ns/op
OverheadWarmup   3: 67108864 op, 177769580.00 ns, 2.6490 ns/op
OverheadWarmup   4: 67108864 op, 212781757.00 ns, 3.1707 ns/op
OverheadWarmup   5: 67108864 op, 193817575.00 ns, 2.8881 ns/op
OverheadWarmup   6: 67108864 op, 193568130.00 ns, 2.8844 ns/op
OverheadWarmup   7: 67108864 op, 175010595.00 ns, 2.6079 ns/op
OverheadWarmup   8: 67108864 op, 211746911.00 ns, 3.1553 ns/op
OverheadWarmup   9: 67108864 op, 194660755.00 ns, 2.9007 ns/op

OverheadActual   1: 67108864 op, 175752409.00 ns, 2.6189 ns/op
OverheadActual   2: 67108864 op, 175268182.00 ns, 2.6117 ns/op
OverheadActual   3: 67108864 op, 175050216.00 ns, 2.6085 ns/op
OverheadActual   4: 67108864 op, 175276645.00 ns, 2.6118 ns/op
OverheadActual   5: 67108864 op, 175426015.00 ns, 2.6141 ns/op
OverheadActual   6: 67108864 op, 212747804.00 ns, 3.1702 ns/op
OverheadActual   7: 67108864 op, 193606008.00 ns, 2.8850 ns/op
OverheadActual   8: 67108864 op, 194491704.00 ns, 2.8982 ns/op
OverheadActual   9: 67108864 op, 195139026.00 ns, 2.9078 ns/op
OverheadActual  10: 67108864 op, 203533174.00 ns, 3.0329 ns/op
OverheadActual  11: 67108864 op, 205939791.00 ns, 3.0687 ns/op
OverheadActual  12: 67108864 op, 194529677.00 ns, 2.8987 ns/op
OverheadActual  13: 67108864 op, 194480441.00 ns, 2.8980 ns/op
OverheadActual  14: 67108864 op, 194549327.00 ns, 2.8990 ns/op
OverheadActual  15: 67108864 op, 194655400.00 ns, 2.9006 ns/op
OverheadActual  16: 67108864 op, 194658365.00 ns, 2.9006 ns/op
OverheadActual  17: 67108864 op, 194617733.00 ns, 2.9000 ns/op
OverheadActual  18: 67108864 op, 193329728.00 ns, 2.8808 ns/op
OverheadActual  19: 67108864 op, 194504267.00 ns, 2.8983 ns/op
OverheadActual  20: 67108864 op, 194553955.00 ns, 2.8991 ns/op

WorkloadWarmup   1: 67108864 op, 699697297.00 ns, 10.4263 ns/op
WorkloadWarmup   2: 67108864 op, 701021978.00 ns, 10.4460 ns/op

// BeforeActualRun
WorkloadActual   1: 67108864 op, 683117000.00 ns, 10.1792 ns/op
WorkloadActual   2: 67108864 op, 686709623.00 ns, 10.2328 ns/op
WorkloadActual   3: 67108864 op, 700563312.00 ns, 10.4392 ns/op
WorkloadActual   4: 67108864 op, 683676111.00 ns, 10.1876 ns/op
WorkloadActual   5: 67108864 op, 682644371.00 ns, 10.1722 ns/op

// AfterActualRun
WorkloadResult   1: 67108864 op, 488600028.00 ns, 7.2807 ns/op
WorkloadResult   2: 67108864 op, 492192651.00 ns, 7.3342 ns/op
WorkloadResult   3: 67108864 op, 489159139.00 ns, 7.2890 ns/op
WorkloadResult   4: 67108864 op, 488127399.00 ns, 7.2737 ns/op
// GC:  224 0 0 3758096384 67108864
// Threading:  0 0 67108864

// AfterAll
// Benchmark Process 5039 has exited with code 0.

Mean = 7.294 ns, StdErr = 0.014 ns (0.19%), N = 4, StdDev = 0.027 ns
Min = 7.274 ns, Q1 = 7.279 ns, Median = 7.285 ns, Q3 = 7.300 ns, Max = 7.334 ns
IQR = 0.021 ns, LowerFence = 7.247 ns, UpperFence = 7.332 ns
ConfidenceInterval = [7.118 ns; 7.471 ns] (CI 99.9%), Margin = 0.176 ns (2.42% of Mean)
Skewness = 0.63, Kurtosis = 1.23, MValue = 2

// ** Remained 2 (5.3 %) benchmark(s) to run. Estimated finish 2026-07-31 9:48 (0h 0m from now) **
// **************************
// Benchmark: SimpleObject.Mapperly: Quick(Arguments=/p:MatrixMode=Benchmark, IterationCount=5, WarmupCount=2)
// *** Execute ***
// Launch: 1 / 1
// Execute: dotnet Matrix.ObjectMapping-Quick-1.dll --anonymousPipes 131 132 --benchmarkName Matrix.ObjectMapping.Benchmarks.SimpleObject.Mapperly --job Quick --benchmarkId 36 in /home/runner/work/dotnet-matrix/dotnet-matrix/src/Matrix.ObjectMapping/bin/Benchmark/Release/net10.0/Matrix.ObjectMapping-Quick-1/bin/Release/net10.0
// Failed to set up high priority (Permission denied). In order to run benchmarks with high priority, make sure you have the right permissions.
// BeforeAnythingElse

// Benchmark Process Environment Information:
// BenchmarkDotNet v0.15.8
// Runtime=.NET 10.0.10 (10.0.10, 10.0.1026.32716), X64 RyuJIT x86-64-v4
// GC=Concurrent Workstation
// HardwareIntrinsics=AVX512 BITALG+VBMI2+VNNI+VPOPCNTDQ,AVX512 IFMA+VBMI,AVX512 F+BW+CD+DQ+VL,AVX2+BMI1+BMI2+F16C+FMA+LZCNT+MOVBE,AVX,SSE3+SSSE3+SSE4.1+SSE4.2+POPCNT,X86Base+SSE+SSE2,AES+PCLMUL VectorSize=256
// Job: Quick(IterationCount=5, WarmupCount=2)

OverheadJitting  1: 1 op, 199818.00 ns, 199.8180 us/op
WorkloadJitting  1: 1 op, 369890.00 ns, 369.8900 us/op

OverheadJitting  2: 16 op, 399325.00 ns, 24.9578 us/op
WorkloadJitting  2: 16 op, 392905.00 ns, 24.5566 us/op

WorkloadPilot    1: 16 op, 10356.00 ns, 647.2500 ns/op
WorkloadPilot    2: 32 op, 2995.00 ns, 93.5938 ns/op
WorkloadPilot    3: 64 op, 3846.00 ns, 60.0938 ns/op
WorkloadPilot    4: 128 op, 21043.00 ns, 164.3984 ns/op
WorkloadPilot    5: 256 op, 30908.00 ns, 120.7344 ns/op
WorkloadPilot    6: 512 op, 41985.00 ns, 82.0020 ns/op
WorkloadPilot    7: 1024 op, 74645.00 ns, 72.8955 ns/op
WorkloadPilot    8: 2048 op, 142870.00 ns, 69.7607 ns/op
WorkloadPilot    9: 4096 op, 236735.00 ns, 57.7966 ns/op
WorkloadPilot   10: 8192 op, 343800.00 ns, 41.9678 ns/op
WorkloadPilot   11: 16384 op, 790188.00 ns, 48.2292 ns/op
WorkloadPilot   12: 32768 op, 1570508.00 ns, 47.9281 ns/op
WorkloadPilot   13: 65536 op, 3129200.00 ns, 47.7478 ns/op
WorkloadPilot   14: 131072 op, 6165797.00 ns, 47.0413 ns/op
WorkloadPilot   15: 262144 op, 12833897.00 ns, 48.9574 ns/op
WorkloadPilot   16: 524288 op, 15470429.00 ns, 29.5075 ns/op
WorkloadPilot   17: 1048576 op, 27976662.00 ns, 26.6806 ns/op
WorkloadPilot   18: 2097152 op, 44255711.00 ns, 21.1028 ns/op
WorkloadPilot   19: 4194304 op, 42890022.00 ns, 10.2258 ns/op
WorkloadPilot   20: 8388608 op, 83190845.00 ns, 9.9171 ns/op
WorkloadPilot   21: 16777216 op, 171850125.00 ns, 10.2431 ns/op
WorkloadPilot   22: 33554432 op, 341118922.00 ns, 10.1661 ns/op
WorkloadPilot   23: 67108864 op, 687386261.00 ns, 10.2429 ns/op

OverheadWarmup   1: 67108864 op, 231317585.00 ns, 3.4469 ns/op
OverheadWarmup   2: 67108864 op, 192233870.00 ns, 2.8645 ns/op
OverheadWarmup   3: 67108864 op, 174961578.00 ns, 2.6071 ns/op
OverheadWarmup   4: 67108864 op, 174001321.00 ns, 2.5928 ns/op
OverheadWarmup   5: 67108864 op, 174175282.00 ns, 2.5954 ns/op
OverheadWarmup   6: 67108864 op, 192119634.00 ns, 2.8628 ns/op
OverheadWarmup   7: 67108864 op, 192433526.00 ns, 2.8675 ns/op
OverheadWarmup   8: 67108864 op, 192168069.00 ns, 2.8635 ns/op
OverheadWarmup   9: 67108864 op, 192138713.00 ns, 2.8631 ns/op
OverheadWarmup  10: 67108864 op, 196213078.00 ns, 2.9238 ns/op

OverheadActual   1: 67108864 op, 192170883.00 ns, 2.8636 ns/op
OverheadActual   2: 67108864 op, 192274572.00 ns, 2.8651 ns/op
OverheadActual   3: 67108864 op, 192227099.00 ns, 2.8644 ns/op
OverheadActual   4: 67108864 op, 192138673.00 ns, 2.8631 ns/op
OverheadActual   5: 67108864 op, 192245227.00 ns, 2.8647 ns/op
OverheadActual   6: 67108864 op, 192135969.00 ns, 2.8630 ns/op
OverheadActual   7: 67108864 op, 173911558.00 ns, 2.5915 ns/op
OverheadActual   8: 67108864 op, 192223784.00 ns, 2.8644 ns/op
OverheadActual   9: 67108864 op, 173742608.00 ns, 2.5890 ns/op
OverheadActual  10: 67108864 op, 192263525.00 ns, 2.8649 ns/op
OverheadActual  11: 67108864 op, 192268463.00 ns, 2.8650 ns/op
OverheadActual  12: 67108864 op, 192137442.00 ns, 2.8631 ns/op
OverheadActual  13: 67108864 op, 192332641.00 ns, 2.8660 ns/op
OverheadActual  14: 67108864 op, 192113185.00 ns, 2.8627 ns/op
OverheadActual  15: 67108864 op, 192425946.00 ns, 2.8674 ns/op

WorkloadWarmup   1: 67108864 op, 689123372.00 ns, 10.2687 ns/op
WorkloadWarmup   2: 67108864 op, 681877421.00 ns, 10.1608 ns/op

// BeforeActualRun
WorkloadActual   1: 67108864 op, 672103221.00 ns, 10.0151 ns/op
WorkloadActual   2: 67108864 op, 677142885.00 ns, 10.0902 ns/op
WorkloadActual   3: 67108864 op, 674971184.00 ns, 10.0579 ns/op
WorkloadActual   4: 67108864 op, 679568113.00 ns, 10.1264 ns/op
WorkloadActual   5: 67108864 op, 672034097.00 ns, 10.0141 ns/op

// AfterActualRun
WorkloadResult   1: 67108864 op, 479879437.00 ns, 7.1508 ns/op
WorkloadResult   2: 67108864 op, 484919101.00 ns, 7.2259 ns/op
WorkloadResult   3: 67108864 op, 482747400.00 ns, 7.1935 ns/op
WorkloadResult   4: 67108864 op, 487344329.00 ns, 7.2620 ns/op
WorkloadResult   5: 67108864 op, 479810313.00 ns, 7.1497 ns/op
// GC:  224 0 0 3758096384 67108864
// Threading:  0 0 67108864

// AfterAll
// Benchmark Process 5053 has exited with code 0.

Mean = 7.196 ns, StdErr = 0.022 ns (0.30%), N = 5, StdDev = 0.049 ns
Min = 7.150 ns, Q1 = 7.151 ns, Median = 7.193 ns, Q3 = 7.226 ns, Max = 7.262 ns
IQR = 0.075 ns, LowerFence = 7.038 ns, UpperFence = 7.339 ns
ConfidenceInterval = [7.009 ns; 7.383 ns] (CI 99.9%), Margin = 0.187 ns (2.60% of Mean)
Skewness = 0.2, Kurtosis = 1.02, MValue = 2

// ** Remained 1 (2.6 %) benchmark(s) to run. Estimated finish 2026-07-31 9:48 (0h 0m from now) **
// **************************
// Benchmark: SimpleObject.Mapster: Quick(Arguments=/p:MatrixMode=Benchmark, IterationCount=5, WarmupCount=2)
// *** Execute ***
// Launch: 1 / 1
// Execute: dotnet Matrix.ObjectMapping-Quick-1.dll --anonymousPipes 129 130 --benchmarkName Matrix.ObjectMapping.Benchmarks.SimpleObject.Mapster --job Quick --benchmarkId 37 in /home/runner/work/dotnet-matrix/dotnet-matrix/src/Matrix.ObjectMapping/bin/Benchmark/Release/net10.0/Matrix.ObjectMapping-Quick-1/bin/Release/net10.0
// Failed to set up high priority (Permission denied). In order to run benchmarks with high priority, make sure you have the right permissions.
// BeforeAnythingElse

// Benchmark Process Environment Information:
// BenchmarkDotNet v0.15.8
// Runtime=.NET 10.0.10 (10.0.10, 10.0.1026.32716), X64 RyuJIT x86-64-v4
// GC=Concurrent Workstation
// HardwareIntrinsics=AVX512 BITALG+VBMI2+VNNI+VPOPCNTDQ,AVX512 IFMA+VBMI,AVX512 F+BW+CD+DQ+VL,AVX2+BMI1+BMI2+F16C+FMA+LZCNT+MOVBE,AVX,SSE3+SSSE3+SSE4.1+SSE4.2+POPCNT,X86Base+SSE+SSE2,AES+PCLMUL VectorSize=256
// Job: Quick(IterationCount=5, WarmupCount=2)

OverheadJitting  1: 1 op, 220290.00 ns, 220.2900 us/op
WorkloadJitting  1: 1 op, 2081396.00 ns, 2.0814 ms/op

OverheadJitting  2: 16 op, 390161.00 ns, 24.3851 us/op
WorkloadJitting  2: 16 op, 416902.00 ns, 26.0564 us/op

WorkloadPilot    1: 16 op, 5188.00 ns, 324.2500 ns/op
WorkloadPilot    2: 32 op, 13040.00 ns, 407.5000 ns/op
WorkloadPilot    3: 64 op, 8753.00 ns, 136.7656 ns/op
WorkloadPilot    4: 128 op, 34714.00 ns, 271.2031 ns/op
WorkloadPilot    5: 256 op, 45170.00 ns, 176.4453 ns/op
WorkloadPilot    6: 512 op, 56757.00 ns, 110.8535 ns/op
WorkloadPilot    7: 1024 op, 93223.00 ns, 91.0381 ns/op
WorkloadPilot    8: 2048 op, 194400.00 ns, 94.9219 ns/op
WorkloadPilot    9: 4096 op, 379314.00 ns, 92.6060 ns/op
WorkloadPilot   10: 8192 op, 859233.00 ns, 104.8868 ns/op
WorkloadPilot   11: 16384 op, 1529055.00 ns, 93.3261 ns/op
WorkloadPilot   12: 32768 op, 2984837.00 ns, 91.0900 ns/op
WorkloadPilot   13: 65536 op, 5932157.00 ns, 90.5175 ns/op
WorkloadPilot   14: 131072 op, 11894069.00 ns, 90.7445 ns/op
WorkloadPilot   15: 262144 op, 25529401.00 ns, 97.3869 ns/op
WorkloadPilot   16: 524288 op, 41545299.00 ns, 79.2414 ns/op
WorkloadPilot   17: 1048576 op, 27911601.00 ns, 26.6186 ns/op
WorkloadPilot   18: 2097152 op, 42290286.00 ns, 20.1656 ns/op
WorkloadPilot   19: 4194304 op, 81047612.00 ns, 19.3233 ns/op
WorkloadPilot   20: 8388608 op, 163900424.00 ns, 19.5385 ns/op
WorkloadPilot   21: 16777216 op, 325606908.00 ns, 19.4077 ns/op
WorkloadPilot   22: 33554432 op, 647887603.00 ns, 19.3086 ns/op

OverheadWarmup   1: 33554432 op, 115210550.00 ns, 3.4335 ns/op
OverheadWarmup   2: 33554432 op, 136765029.00 ns, 4.0759 ns/op
OverheadWarmup   3: 33554432 op, 98296909.00 ns, 2.9295 ns/op
OverheadWarmup   4: 33554432 op, 96739812.00 ns, 2.8831 ns/op
OverheadWarmup   5: 33554432 op, 96664726.00 ns, 2.8808 ns/op
OverheadWarmup   6: 33554432 op, 96696835.00 ns, 2.8818 ns/op
OverheadWarmup   7: 33554432 op, 96622731.00 ns, 2.8796 ns/op

OverheadActual   1: 33554432 op, 96643212.00 ns, 2.8802 ns/op
OverheadActual   2: 33554432 op, 105845846.00 ns, 3.1545 ns/op
OverheadActual   3: 33554432 op, 96886967.00 ns, 2.8875 ns/op
OverheadActual   4: 33554432 op, 96669634.00 ns, 2.8810 ns/op
OverheadActual   5: 33554432 op, 96621409.00 ns, 2.8795 ns/op
OverheadActual   6: 33554432 op, 96652116.00 ns, 2.8805 ns/op
OverheadActual   7: 33554432 op, 96777539.00 ns, 2.8842 ns/op
OverheadActual   8: 33554432 op, 96639517.00 ns, 2.8801 ns/op
OverheadActual   9: 33554432 op, 96665156.00 ns, 2.8808 ns/op
OverheadActual  10: 33554432 op, 96597292.00 ns, 2.8788 ns/op
OverheadActual  11: 33554432 op, 97237588.00 ns, 2.8979 ns/op
OverheadActual  12: 33554432 op, 96698518.00 ns, 2.8818 ns/op
OverheadActual  13: 33554432 op, 96788747.00 ns, 2.8845 ns/op
OverheadActual  14: 33554432 op, 96673178.00 ns, 2.8811 ns/op
OverheadActual  15: 33554432 op, 96613807.00 ns, 2.8793 ns/op

WorkloadWarmup   1: 33554432 op, 674222814.00 ns, 20.0934 ns/op
WorkloadWarmup   2: 33554432 op, 657627633.00 ns, 19.5988 ns/op

// BeforeActualRun
WorkloadActual   1: 33554432 op, 651660780.00 ns, 19.4210 ns/op
WorkloadActual   2: 33554432 op, 657885246.00 ns, 19.6065 ns/op
WorkloadActual   3: 33554432 op, 651182631.00 ns, 19.4068 ns/op
WorkloadActual   4: 33554432 op, 641161012.00 ns, 19.1081 ns/op
WorkloadActual   5: 33554432 op, 649690314.00 ns, 19.3623 ns/op

// AfterActualRun
WorkloadResult   1: 33554432 op, 554991146.00 ns, 16.5400 ns/op
WorkloadResult   2: 33554432 op, 554512997.00 ns, 16.5258 ns/op
WorkloadResult   3: 33554432 op, 544491378.00 ns, 16.2271 ns/op
WorkloadResult   4: 33554432 op, 553020680.00 ns, 16.4813 ns/op
// GC:  112 0 0 1879048192 33554432
// Threading:  0 0 33554432

// AfterAll
// Benchmark Process 5062 has exited with code 0.

Mean = 16.444 ns, StdErr = 0.073 ns (0.45%), N = 4, StdDev = 0.146 ns
Min = 16.227 ns, Q1 = 16.418 ns, Median = 16.504 ns, Q3 = 16.529 ns, Max = 16.540 ns
IQR = 0.112 ns, LowerFence = 16.250 ns, UpperFence = 16.697 ns
ConfidenceInterval = [15.497 ns; 17.390 ns] (CI 99.9%), Margin = 0.946 ns (5.76% of Mean)
Skewness = -0.69, Kurtosis = 1.27, MValue = 2

// ** Remained 0 (0.0 %) benchmark(s) to run. Estimated finish 2026-07-31 9:48 (0h 0m from now) **
// ***** BenchmarkRunner: Finish  *****

// * Export *
  tmp/dotnet-matrix/ObjectMapping/90b9d235d7e94c018f7cd9964f53afda/results/Matrix.ObjectMapping.Benchmarks.SimpleObject-report.csv
  tmp/dotnet-matrix/ObjectMapping/90b9d235d7e94c018f7cd9964f53afda/results/Matrix.ObjectMapping.Benchmarks.SimpleObject-report-github.md
  tmp/dotnet-matrix/ObjectMapping/90b9d235d7e94c018f7cd9964f53afda/results/Matrix.ObjectMapping.Benchmarks.SimpleObject-report.html
  tmp/dotnet-matrix/ObjectMapping/90b9d235d7e94c018f7cd9964f53afda/results/Matrix.ObjectMapping.Benchmarks.SimpleObject-report-full.json

// * Detailed results *
SimpleObject.Mapperly: Quick(Arguments=/p:MatrixMode=Benchmark, IterationCount=5, WarmupCount=2)
Runtime = .NET 10.0.10 (10.0.10, 10.0.1026.32716), X64 RyuJIT x86-64-v4; GC = Concurrent Workstation
Mean = 7.196 ns, StdErr = 0.022 ns (0.30%), N = 5, StdDev = 0.049 ns
Min = 7.150 ns, Q1 = 7.151 ns, Median = 7.193 ns, Q3 = 7.226 ns, Max = 7.262 ns
IQR = 0.075 ns, LowerFence = 7.038 ns, UpperFence = 7.339 ns
ConfidenceInterval = [7.009 ns; 7.383 ns] (CI 99.9%), Margin = 0.187 ns (2.60% of Mean)
Skewness = 0.2, Kurtosis = 1.02, MValue = 2
-------------------- Histogram --------------------
[7.112 ns ; 7.299 ns) | @@@@@
---------------------------------------------------

SimpleObject.HandCoded: Quick(Arguments=/p:MatrixMode=Benchmark, IterationCount=5, WarmupCount=2)
Runtime = .NET 10.0.10 (10.0.10, 10.0.1026.32716), X64 RyuJIT x86-64-v4; GC = Concurrent Workstation
Mean = 7.294 ns, StdErr = 0.014 ns (0.19%), N = 4, StdDev = 0.027 ns
Min = 7.274 ns, Q1 = 7.279 ns, Median = 7.285 ns, Q3 = 7.300 ns, Max = 7.334 ns
IQR = 0.021 ns, LowerFence = 7.247 ns, UpperFence = 7.332 ns
ConfidenceInterval = [7.118 ns; 7.471 ns] (CI 99.9%), Margin = 0.176 ns (2.42% of Mean)
Skewness = 0.63, Kurtosis = 1.23, MValue = 2
-------------------- Histogram --------------------
[7.251 ns ; 7.357 ns) | @@@@
---------------------------------------------------

SimpleObject.Mapster: Quick(Arguments=/p:MatrixMode=Benchmark, IterationCount=5, WarmupCount=2)
Runtime = .NET 10.0.10 (10.0.10, 10.0.1026.32716), X64 RyuJIT x86-64-v4; GC = Concurrent Workstation
Mean = 16.444 ns, StdErr = 0.073 ns (0.45%), N = 4, StdDev = 0.146 ns
Min = 16.227 ns, Q1 = 16.418 ns, Median = 16.504 ns, Q3 = 16.529 ns, Max = 16.540 ns
IQR = 0.112 ns, LowerFence = 16.250 ns, UpperFence = 16.697 ns
ConfidenceInterval = [15.497 ns; 17.390 ns] (CI 99.9%), Margin = 0.946 ns (5.76% of Mean)
Skewness = -0.69, Kurtosis = 1.27, MValue = 2
-------------------- Histogram --------------------
[16.106 ns ; 16.661 ns) | @@@@
---------------------------------------------------

SimpleObject.AutoMapper: Quick(Arguments=/p:MatrixMode=Benchmark, IterationCount=5, WarmupCount=2)
Runtime = .NET 10.0.10 (10.0.10, 10.0.1026.32716), X64 RyuJIT x86-64-v4; GC = Concurrent Workstation
Mean = 54.665 ns, StdErr = 0.030 ns (0.06%), N = 4, StdDev = 0.061 ns
Min = 54.620 ns, Q1 = 54.633 ns, Median = 54.643 ns, Q3 = 54.676 ns, Max = 54.755 ns
IQR = 0.043 ns, LowerFence = 54.568 ns, UpperFence = 54.740 ns
ConfidenceInterval = [54.272 ns; 55.059 ns] (CI 99.9%), Margin = 0.393 ns (0.72% of Mean)
Skewness = 0.67, Kurtosis = 1.26, MValue = 2
-------------------- Histogram --------------------
[54.570 ns ; 54.805 ns) | @@@@
---------------------------------------------------

// * Summary *

BenchmarkDotNet v0.15.8, Linux Ubuntu 24.04.4 LTS (Noble Numbat)
AMD EPYC 9V74 3.69GHz, 1 CPU, 4 logical and 2 physical cores
.NET SDK 10.0.302
  [Host] : .NET 10.0.10 (10.0.10, 10.0.1026.32716), X64 RyuJIT x86-64-v4
  Quick  : .NET 10.0.10 (10.0.10, 10.0.1026.32716), X64 RyuJIT x86-64-v4

Job=Quick  Arguments=/p:MatrixMode=Benchmark  IterationCount=5  
WarmupCount=2  

| Method     | Mean      | Error     | StdDev    | Ratio | RatioSD | Gen0   | Allocated | Alloc Ratio |
|----------- |----------:|----------:|----------:|------:|--------:|-------:|----------:|------------:|
| Mapperly   |  7.196 ns | 0.1871 ns | 0.0486 ns |  0.99 |    0.01 | 0.0033 |      56 B |        1.00 |
| HandCoded  |  7.294 ns | 0.1763 ns | 0.0273 ns |  1.00 |    0.00 | 0.0033 |      56 B |        1.00 |
| Mapster    | 16.444 ns | 0.9463 ns | 0.1464 ns |  2.25 |    0.02 | 0.0033 |      56 B |        1.00 |
| AutoMapper | 54.665 ns | 0.3934 ns | 0.0609 ns |  7.49 |    0.03 | 0.0033 |      56 B |        1.00 |

// * Hints *
Outliers
  SimpleObject.HandCoded: Quick  -> 1 outlier  was  removed (10.44 ns)
  SimpleObject.Mapster: Quick    -> 1 outlier  was  removed, 2 outliers were detected (19.11 ns, 19.61 ns)
  SimpleObject.AutoMapper: Quick -> 1 outlier  was  removed (59.32 ns)

// * Legends *
  Mean        : Arithmetic mean of all measurements
  Error       : Half of 99.9% confidence interval
  StdDev      : Standard deviation of all measurements
  Ratio       : Mean of the ratio distribution ([Current]/[Baseline])
  RatioSD     : Standard deviation of the ratio distribution ([Current]/[Baseline])
  Gen0        : GC Generation 0 collects per 1000 operations
  Allocated   : Allocated memory per single operation (managed only, inclusive, 1KB = 1024B)
  Alloc Ratio : Allocated memory ratio distribution ([Current]/[Baseline])
  1 ns        : 1 Nanosecond (0.000000001 sec)

// * Diagnostic Output - MemoryDiagnoser *


// ***** BenchmarkRunner: End *****
Run time: 00:00:45 (45.11 sec), executed benchmarks: 4

Global total time: 00:06:27 (387.6 sec), executed benchmarks: 38
// * Artifacts cleanup *
Artifacts cleanup is finished
