// Validating benchmarks:
// ***** BenchmarkRunner: Start   *****
// ***** Found 38 benchmark(s) in total *****
// ***** Building 1 exe(s) in Parallel: Start   *****
// start dotnet  restore /p:MatrixMode=Benchmark --nodeReuse:false /p:UseSharedCompilation=false /p:Deterministic=true /p:Optimize=true /p:ArtifactsPath="/home/runner/work/dotnet-matrix/dotnet-matrix/src/Matrix.ObjectMapping/bin/Benchmark/Release/net10.0/Matrix.ObjectMapping-Quick-1/" /p:OutDir="/home/runner/work/dotnet-matrix/dotnet-matrix/src/Matrix.ObjectMapping/bin/Benchmark/Release/net10.0/Matrix.ObjectMapping-Quick-1/bin/Release/net10.0/" /p:OutputPath="/home/runner/work/dotnet-matrix/dotnet-matrix/src/Matrix.ObjectMapping/bin/Benchmark/Release/net10.0/Matrix.ObjectMapping-Quick-1/bin/Release/net10.0/" /p:PublishDir="/home/runner/work/dotnet-matrix/dotnet-matrix/src/Matrix.ObjectMapping/bin/Benchmark/Release/net10.0/Matrix.ObjectMapping-Quick-1/publish/" in /home/runner/work/dotnet-matrix/dotnet-matrix/src/Matrix.ObjectMapping/bin/Benchmark/Release/net10.0/Matrix.ObjectMapping-Quick-1
// command took 1.36 sec and exited with 0
// start dotnet  build -c Release /p:MatrixMode=Benchmark --no-restore --nodeReuse:false /p:UseSharedCompilation=false /p:Deterministic=true /p:Optimize=true /p:ArtifactsPath="/home/runner/work/dotnet-matrix/dotnet-matrix/src/Matrix.ObjectMapping/bin/Benchmark/Release/net10.0/Matrix.ObjectMapping-Quick-1/" /p:OutDir="/home/runner/work/dotnet-matrix/dotnet-matrix/src/Matrix.ObjectMapping/bin/Benchmark/Release/net10.0/Matrix.ObjectMapping-Quick-1/bin/Release/net10.0/" /p:OutputPath="/home/runner/work/dotnet-matrix/dotnet-matrix/src/Matrix.ObjectMapping/bin/Benchmark/Release/net10.0/Matrix.ObjectMapping-Quick-1/bin/Release/net10.0/" /p:PublishDir="/home/runner/work/dotnet-matrix/dotnet-matrix/src/Matrix.ObjectMapping/bin/Benchmark/Release/net10.0/Matrix.ObjectMapping-Quick-1/publish/" --output "/home/runner/work/dotnet-matrix/dotnet-matrix/src/Matrix.ObjectMapping/bin/Benchmark/Release/net10.0/Matrix.ObjectMapping-Quick-1/bin/Release/net10.0/" in /home/runner/work/dotnet-matrix/dotnet-matrix/src/Matrix.ObjectMapping/bin/Benchmark/Release/net10.0/Matrix.ObjectMapping-Quick-1
// command took 8.36 sec and exited with 0
// ***** Done, took 00:00:09 (9.78 sec)   *****
// Found 4 benchmarks:
//   Collection.AutoMapper: Quick(MaxRelativeError=0.05, Arguments=/p:MatrixMode=Benchmark, IterationTime=250ms, MaxIterationCount=12, MaxWarmupIterationCount=5, MinIterationCount=8, MinWarmupIterationCount=3)
//   Collection.HandCoded: Quick(MaxRelativeError=0.05, Arguments=/p:MatrixMode=Benchmark, IterationTime=250ms, MaxIterationCount=12, MaxWarmupIterationCount=5, MinIterationCount=8, MinWarmupIterationCount=3)
//   Collection.Mapperly: Quick(MaxRelativeError=0.05, Arguments=/p:MatrixMode=Benchmark, IterationTime=250ms, MaxIterationCount=12, MaxWarmupIterationCount=5, MinIterationCount=8, MinWarmupIterationCount=3)
//   Collection.Mapster: Quick(MaxRelativeError=0.05, Arguments=/p:MatrixMode=Benchmark, IterationTime=250ms, MaxIterationCount=12, MaxWarmupIterationCount=5, MinIterationCount=8, MinWarmupIterationCount=3)

// **************************
// Benchmark: Collection.AutoMapper: Quick(MaxRelativeError=0.05, Arguments=/p:MatrixMode=Benchmark, IterationTime=250ms, MaxIterationCount=12, MaxWarmupIterationCount=5, MinIterationCount=8, MinWarmupIterationCount=3)
// *** Execute ***
// Launch: 1 / 1
// Execute: dotnet Matrix.ObjectMapping-Quick-1.dll --anonymousPipes 176 177 --benchmarkName Matrix.ObjectMapping.Benchmarks.Collection.AutoMapper --job Quick --benchmarkId 0 in /home/runner/work/dotnet-matrix/dotnet-matrix/src/Matrix.ObjectMapping/bin/Benchmark/Release/net10.0/Matrix.ObjectMapping-Quick-1/bin/Release/net10.0
// Failed to set up high priority (Permission denied). In order to run benchmarks with high priority, make sure you have the right permissions.
// BeforeAnythingElse

// Benchmark Process Environment Information:
// BenchmarkDotNet v0.15.8
// Runtime=.NET 10.0.10 (10.0.10, 10.0.1026.32716), X64 RyuJIT x86-64-v4
// GC=Concurrent Workstation
// HardwareIntrinsics=AVX512 BITALG+VBMI2+VNNI+VPOPCNTDQ,AVX512 IFMA+VBMI,AVX512 F+BW+CD+DQ+VL,AVX2+BMI1+BMI2+F16C+FMA+LZCNT+MOVBE,AVX,SSE3+SSSE3+SSE4.1+SSE4.2+POPCNT,X86Base+SSE+SSE2,AES+PCLMUL,AvxVnni,SERIALIZE VectorSize=256
// Job: Quick(MaxRelativeError=0.05, IterationTime=250ms, MaxIterationCount=12, MaxWarmupIterationCount=5, MinIterationCount=8, MinWarmupIterationCount=3)

OverheadJitting  1: 1 op, 219328.00 ns, 219.3280 us/op
WorkloadJitting  1: 1 op, 2898112.00 ns, 2.8981 ms/op

OverheadJitting  2: 16 op, 428373.00 ns, 26.7733 us/op
WorkloadJitting  2: 16 op, 804602.00 ns, 50.2876 us/op

WorkloadPilot    1: 16 op, 37392.00 ns, 2.3370 us/op
WorkloadPilot    2: 106976 op, 143644980.00 ns, 1.3428 us/op
WorkloadPilot    3: 186192 op, 151235981.00 ns, 812.2582 ns/op
WorkloadPilot    4: 307792 op, 239154745.00 ns, 777.0012 ns/op
WorkloadPilot    5: 321760 op, 250502024.00 ns, 778.5369 ns/op
WorkloadPilot    6: 321120 op, 251549463.00 ns, 783.3503 ns/op
WorkloadPilot    7: 319152 op, 248630452.00 ns, 779.0346 ns/op
WorkloadPilot    8: 320912 op, 249506686.00 ns, 777.4925 ns/op
WorkloadPilot    9: 321552 op, 249791412.00 ns, 776.8305 ns/op
WorkloadPilot   10: 321824 op, 255205259.00 ns, 792.9964 ns/op

OverheadWarmup   1: 321824 op, 1566085.00 ns, 4.8663 ns/op
OverheadWarmup   2: 321824 op, 1575750.00 ns, 4.8963 ns/op
OverheadWarmup   3: 321824 op, 1537335.00 ns, 4.7769 ns/op
OverheadWarmup   4: 321824 op, 1570310.00 ns, 4.8794 ns/op
OverheadWarmup   5: 321824 op, 1560243.00 ns, 4.8481 ns/op

OverheadActual   1: 321824 op, 1555996.00 ns, 4.8349 ns/op
OverheadActual   2: 321824 op, 1528356.00 ns, 4.7490 ns/op
OverheadActual   3: 321824 op, 1547114.00 ns, 4.8073 ns/op
OverheadActual   4: 321824 op, 1541350.00 ns, 4.7894 ns/op
OverheadActual   5: 321824 op, 1563523.00 ns, 4.8583 ns/op
OverheadActual   6: 321824 op, 1549854.00 ns, 4.8158 ns/op
OverheadActual   7: 321824 op, 1550586.00 ns, 4.8181 ns/op
OverheadActual   8: 321824 op, 1622171.00 ns, 5.0406 ns/op

WorkloadWarmup   1: 321824 op, 261628832.00 ns, 812.9562 ns/op
WorkloadWarmup   2: 321824 op, 250610733.00 ns, 778.7198 ns/op
WorkloadWarmup   3: 321824 op, 249803544.00 ns, 776.2117 ns/op
WorkloadWarmup   4: 321824 op, 248908320.00 ns, 773.4299 ns/op
WorkloadWarmup   5: 321824 op, 250268515.00 ns, 777.6565 ns/op

// BeforeActualRun
WorkloadActual   1: 321824 op, 265118267.00 ns, 823.7989 ns/op
WorkloadActual   2: 321824 op, 252388220.00 ns, 784.2430 ns/op
WorkloadActual   3: 321824 op, 248770051.00 ns, 773.0003 ns/op
WorkloadActual   4: 321824 op, 251423808.00 ns, 781.2463 ns/op
WorkloadActual   5: 321824 op, 251492875.00 ns, 781.4609 ns/op
WorkloadActual   6: 321824 op, 249163934.00 ns, 774.2242 ns/op
WorkloadActual   7: 321824 op, 250021797.00 ns, 776.8898 ns/op
WorkloadActual   8: 321824 op, 248292423.00 ns, 771.5162 ns/op

// AfterActualRun
WorkloadResult   1: 321824 op, 250838000.00 ns, 779.4260 ns/op
WorkloadResult   2: 321824 op, 247219831.00 ns, 768.1833 ns/op
WorkloadResult   3: 321824 op, 249873588.00 ns, 776.4293 ns/op
WorkloadResult   4: 321824 op, 249942655.00 ns, 776.6439 ns/op
WorkloadResult   5: 321824 op, 247613714.00 ns, 769.4072 ns/op
WorkloadResult   6: 321824 op, 248471577.00 ns, 772.0729 ns/op
WorkloadResult   7: 321824 op, 246742203.00 ns, 766.6992 ns/op
// GC:  24 0 0 2067397376 321824
// Threading:  0 0 321824

// AfterAll
// Benchmark Process 3198 has exited with code 0.

Mean = 772.695 ns, StdErr = 1.841 ns (0.24%), N = 7, StdDev = 4.871 ns
Min = 766.699 ns, Q1 = 768.795 ns, Median = 772.073 ns, Q3 = 776.537 ns, Max = 779.426 ns
IQR = 7.741 ns, LowerFence = 757.183 ns, UpperFence = 788.149 ns
ConfidenceInterval = [761.724 ns; 783.665 ns] (CI 99.9%), Margin = 10.970 ns (1.42% of Mean)
Skewness = 0.09, Kurtosis = 1.09, MValue = 2

// ** Remained 37 (97.4 %) benchmark(s) to run. Estimated finish 2026-08-04 6:43 (0h 3m from now) **
// **************************
// Benchmark: Collection.HandCoded: Quick(MaxRelativeError=0.05, Arguments=/p:MatrixMode=Benchmark, IterationTime=250ms, MaxIterationCount=12, MaxWarmupIterationCount=5, MinIterationCount=8, MinWarmupIterationCount=3)
// *** Execute ***
// Launch: 1 / 1
// Execute: dotnet Matrix.ObjectMapping-Quick-1.dll --anonymousPipes 176 177 --benchmarkName Matrix.ObjectMapping.Benchmarks.Collection.HandCoded --job Quick --benchmarkId 1 in /home/runner/work/dotnet-matrix/dotnet-matrix/src/Matrix.ObjectMapping/bin/Benchmark/Release/net10.0/Matrix.ObjectMapping-Quick-1/bin/Release/net10.0
// Failed to set up high priority (Permission denied). In order to run benchmarks with high priority, make sure you have the right permissions.
// BeforeAnythingElse

// Benchmark Process Environment Information:
// BenchmarkDotNet v0.15.8
// Runtime=.NET 10.0.10 (10.0.10, 10.0.1026.32716), X64 RyuJIT x86-64-v4
// GC=Concurrent Workstation
// HardwareIntrinsics=AVX512 BITALG+VBMI2+VNNI+VPOPCNTDQ,AVX512 IFMA+VBMI,AVX512 F+BW+CD+DQ+VL,AVX2+BMI1+BMI2+F16C+FMA+LZCNT+MOVBE,AVX,SSE3+SSSE3+SSE4.1+SSE4.2+POPCNT,X86Base+SSE+SSE2,AES+PCLMUL,AvxVnni,SERIALIZE VectorSize=256
// Job: Quick(MaxRelativeError=0.05, IterationTime=250ms, MaxIterationCount=12, MaxWarmupIterationCount=5, MinIterationCount=8, MinWarmupIterationCount=3)

OverheadJitting  1: 1 op, 219079.00 ns, 219.0790 us/op
WorkloadJitting  1: 1 op, 564021.00 ns, 564.0210 us/op

OverheadJitting  2: 16 op, 433274.00 ns, 27.0796 us/op
WorkloadJitting  2: 16 op, 540589.00 ns, 33.7868 us/op

WorkloadPilot    1: 16 op, 109863.00 ns, 6.8664 us/op
WorkloadPilot    2: 36416 op, 128536999.00 ns, 3.5297 us/op
WorkloadPilot    3: 70832 op, 71148862.00 ns, 1.0045 us/op
WorkloadPilot    4: 248896 op, 204188558.00 ns, 820.3770 ns/op
WorkloadPilot    5: 304752 op, 251329411.00 ns, 824.7014 ns/op
WorkloadPilot    6: 303152 op, 252711558.00 ns, 833.6134 ns/op
WorkloadPilot    7: 299904 op, 246260707.00 ns, 821.1318 ns/op
WorkloadPilot    8: 304464 op, 249748644.00 ns, 820.2896 ns/op
WorkloadPilot    9: 304784 op, 249962162.00 ns, 820.1289 ns/op
WorkloadPilot   10: 304832 op, 249390455.00 ns, 818.1243 ns/op
WorkloadPilot   11: 305584 op, 251161474.00 ns, 821.9065 ns/op

OverheadWarmup   1: 305584 op, 1407890.00 ns, 4.6072 ns/op
OverheadWarmup   2: 305584 op, 1381375.00 ns, 4.5204 ns/op
OverheadWarmup   3: 305584 op, 1444726.00 ns, 4.7278 ns/op
OverheadWarmup   4: 305584 op, 1501079.00 ns, 4.9122 ns/op
OverheadWarmup   5: 305584 op, 1390790.00 ns, 4.5513 ns/op
OverheadWarmup   6: 305584 op, 1369031.00 ns, 4.4800 ns/op
OverheadWarmup   7: 305584 op, 1387581.00 ns, 4.5408 ns/op
OverheadWarmup   8: 305584 op, 1414028.00 ns, 4.6273 ns/op
OverheadWarmup   9: 305584 op, 1387909.00 ns, 4.5418 ns/op

OverheadActual   1: 305584 op, 1408962.00 ns, 4.6107 ns/op
OverheadActual   2: 305584 op, 1431197.00 ns, 4.6835 ns/op
OverheadActual   3: 305584 op, 1410448.00 ns, 4.6156 ns/op
OverheadActual   4: 305584 op, 1393103.00 ns, 4.5588 ns/op
OverheadActual   5: 305584 op, 1421375.00 ns, 4.6513 ns/op
OverheadActual   6: 305584 op, 1370269.00 ns, 4.4841 ns/op
OverheadActual   7: 305584 op, 1415288.00 ns, 4.6314 ns/op
OverheadActual   8: 305584 op, 1373888.00 ns, 4.4959 ns/op

WorkloadWarmup   1: 305584 op, 258173123.00 ns, 844.8516 ns/op
WorkloadWarmup   2: 305584 op, 260318117.00 ns, 851.8709 ns/op
WorkloadWarmup   3: 305584 op, 250831606.00 ns, 820.8270 ns/op
WorkloadWarmup   4: 305584 op, 256586014.00 ns, 839.6579 ns/op
WorkloadWarmup   5: 305584 op, 250662406.00 ns, 820.2733 ns/op

// BeforeActualRun
WorkloadActual   1: 305584 op, 252303351.00 ns, 825.6432 ns/op
WorkloadActual   2: 305584 op, 251291549.00 ns, 822.3322 ns/op
WorkloadActual   3: 305584 op, 251761127.00 ns, 823.8688 ns/op
WorkloadActual   4: 305584 op, 255063377.00 ns, 834.6752 ns/op
WorkloadActual   5: 305584 op, 251191060.00 ns, 822.0033 ns/op
WorkloadActual   6: 305584 op, 251114371.00 ns, 821.7524 ns/op
WorkloadActual   7: 305584 op, 251504760.00 ns, 823.0299 ns/op
WorkloadActual   8: 305584 op, 253126081.00 ns, 828.3355 ns/op

// AfterActualRun
WorkloadResult   1: 305584 op, 250893646.00 ns, 821.0300 ns/op
WorkloadResult   2: 305584 op, 249881844.00 ns, 817.7190 ns/op
WorkloadResult   3: 305584 op, 250351422.00 ns, 819.2557 ns/op
WorkloadResult   4: 305584 op, 249781355.00 ns, 817.3902 ns/op
WorkloadResult   5: 305584 op, 249704666.00 ns, 817.1392 ns/op
WorkloadResult   6: 305584 op, 250095055.00 ns, 818.4167 ns/op
WorkloadResult   7: 305584 op, 251716376.00 ns, 823.7224 ns/op
// GC:  23 0 0 1963071616 305584
// Threading:  0 0 305584

// AfterAll
// Benchmark Process 3215 has exited with code 0.

Mean = 819.239 ns, StdErr = 0.901 ns (0.11%), N = 7, StdDev = 2.385 ns
Min = 817.139 ns, Q1 = 817.555 ns, Median = 818.417 ns, Q3 = 820.143 ns, Max = 823.722 ns
IQR = 2.588 ns, LowerFence = 813.672 ns, UpperFence = 824.025 ns
ConfidenceInterval = [813.868 ns; 824.610 ns] (CI 99.9%), Margin = 5.371 ns (0.66% of Mean)
Skewness = 0.8, Kurtosis = 1.99, MValue = 2

// ** Remained 36 (94.7 %) benchmark(s) to run. Estimated finish 2026-08-04 6:43 (0h 3m from now) **
// **************************
// Benchmark: Collection.Mapperly: Quick(MaxRelativeError=0.05, Arguments=/p:MatrixMode=Benchmark, IterationTime=250ms, MaxIterationCount=12, MaxWarmupIterationCount=5, MinIterationCount=8, MinWarmupIterationCount=3)
// *** Execute ***
// Launch: 1 / 1
// Execute: dotnet Matrix.ObjectMapping-Quick-1.dll --anonymousPipes 176 177 --benchmarkName Matrix.ObjectMapping.Benchmarks.Collection.Mapperly --job Quick --benchmarkId 2 in /home/runner/work/dotnet-matrix/dotnet-matrix/src/Matrix.ObjectMapping/bin/Benchmark/Release/net10.0/Matrix.ObjectMapping-Quick-1/bin/Release/net10.0
// Failed to set up high priority (Permission denied). In order to run benchmarks with high priority, make sure you have the right permissions.
// BeforeAnythingElse

// Benchmark Process Environment Information:
// BenchmarkDotNet v0.15.8
// Runtime=.NET 10.0.10 (10.0.10, 10.0.1026.32716), X64 RyuJIT x86-64-v4
// GC=Concurrent Workstation
// HardwareIntrinsics=AVX512 BITALG+VBMI2+VNNI+VPOPCNTDQ,AVX512 IFMA+VBMI,AVX512 F+BW+CD+DQ+VL,AVX2+BMI1+BMI2+F16C+FMA+LZCNT+MOVBE,AVX,SSE3+SSSE3+SSE4.1+SSE4.2+POPCNT,X86Base+SSE+SSE2,AES+PCLMUL,AvxVnni,SERIALIZE VectorSize=256
// Job: Quick(MaxRelativeError=0.05, IterationTime=250ms, MaxIterationCount=12, MaxWarmupIterationCount=5, MinIterationCount=8, MinWarmupIterationCount=3)

OverheadJitting  1: 1 op, 194527.00 ns, 194.5270 us/op
WorkloadJitting  1: 1 op, 533968.00 ns, 533.9680 us/op

OverheadJitting  2: 16 op, 439468.00 ns, 27.4668 us/op
WorkloadJitting  2: 16 op, 535915.00 ns, 33.4947 us/op

WorkloadPilot    1: 16 op, 115459.00 ns, 7.2162 us/op
WorkloadPilot    2: 34656 op, 124566353.00 ns, 3.5944 us/op
WorkloadPilot    3: 69568 op, 65286410.00 ns, 938.4546 ns/op
WorkloadPilot    4: 266400 op, 199212017.00 ns, 747.7929 ns/op
WorkloadPilot    5: 334320 op, 251600990.00 ns, 752.5753 ns/op
WorkloadPilot    6: 332208 op, 247703253.00 ns, 745.6270 ns/op
WorkloadPilot    7: 335296 op, 249678633.00 ns, 744.6514 ns/op
WorkloadPilot    8: 335728 op, 251744754.00 ns, 749.8474 ns/op
WorkloadPilot    9: 333408 op, 248879580.00 ns, 746.4715 ns/op
WorkloadPilot   10: 334912 op, 248327051.00 ns, 741.4696 ns/op
WorkloadPilot   11: 337168 op, 253207271.00 ns, 750.9825 ns/op

OverheadWarmup   1: 337168 op, 1552730.00 ns, 4.6052 ns/op
OverheadWarmup   2: 337168 op, 1542686.00 ns, 4.5754 ns/op
OverheadWarmup   3: 337168 op, 1543140.00 ns, 4.5768 ns/op
OverheadWarmup   4: 337168 op, 1517878.00 ns, 4.5018 ns/op
OverheadWarmup   5: 337168 op, 1547471.00 ns, 4.5896 ns/op
OverheadWarmup   6: 337168 op, 1564043.00 ns, 4.6388 ns/op
OverheadWarmup   7: 337168 op, 1554318.00 ns, 4.6099 ns/op

OverheadActual   1: 337168 op, 1557668.00 ns, 4.6199 ns/op
OverheadActual   2: 337168 op, 1516392.00 ns, 4.4974 ns/op
OverheadActual   3: 337168 op, 1575981.00 ns, 4.6742 ns/op
OverheadActual   4: 337168 op, 1518003.00 ns, 4.5022 ns/op
OverheadActual   5: 337168 op, 1542056.00 ns, 4.5736 ns/op
OverheadActual   6: 337168 op, 1549694.00 ns, 4.5962 ns/op
OverheadActual   7: 337168 op, 1536089.00 ns, 4.5559 ns/op
OverheadActual   8: 337168 op, 1542965.00 ns, 4.5762 ns/op

WorkloadWarmup   1: 337168 op, 260174266.00 ns, 771.6458 ns/op
WorkloadWarmup   2: 337168 op, 263138178.00 ns, 780.4364 ns/op
WorkloadWarmup   3: 337168 op, 249777970.00 ns, 740.8116 ns/op
WorkloadWarmup   4: 337168 op, 251262942.00 ns, 745.2159 ns/op
WorkloadWarmup   5: 337168 op, 250306927.00 ns, 742.3804 ns/op

// BeforeActualRun
WorkloadActual   1: 337168 op, 257376483.00 ns, 763.3479 ns/op
WorkloadActual   2: 337168 op, 251214903.00 ns, 745.0734 ns/op
WorkloadActual   3: 337168 op, 251119548.00 ns, 744.7906 ns/op
WorkloadActual   4: 337168 op, 251648283.00 ns, 746.3587 ns/op
WorkloadActual   5: 337168 op, 252921862.00 ns, 750.1360 ns/op
WorkloadActual   6: 337168 op, 252343029.00 ns, 748.4193 ns/op
WorkloadActual   7: 337168 op, 250318968.00 ns, 742.4161 ns/op
WorkloadActual   8: 337168 op, 251631370.00 ns, 746.3086 ns/op

// AfterActualRun
WorkloadResult   1: 337168 op, 249672392.50 ns, 740.4985 ns/op
WorkloadResult   2: 337168 op, 249577037.50 ns, 740.2157 ns/op
WorkloadResult   3: 337168 op, 250105772.50 ns, 741.7838 ns/op
WorkloadResult   4: 337168 op, 251379351.50 ns, 745.5611 ns/op
WorkloadResult   5: 337168 op, 250800518.50 ns, 743.8444 ns/op
WorkloadResult   6: 337168 op, 248776457.50 ns, 737.8412 ns/op
WorkloadResult   7: 337168 op, 250088859.50 ns, 741.7337 ns/op
// GC:  25 0 0 2165967232 337168
// Threading:  0 0 337168

// AfterAll
// Benchmark Process 3225 has exited with code 0.

Mean = 741.640 ns, StdErr = 0.952 ns (0.13%), N = 7, StdDev = 2.517 ns
Min = 737.841 ns, Q1 = 740.357 ns, Median = 741.734 ns, Q3 = 742.814 ns, Max = 745.561 ns
IQR = 2.457 ns, LowerFence = 736.672 ns, UpperFence = 746.500 ns
ConfidenceInterval = [735.970 ns; 747.310 ns] (CI 99.9%), Margin = 5.670 ns (0.76% of Mean)
Skewness = 0.11, Kurtosis = 1.69, MValue = 2

// ** Remained 35 (92.1 %) benchmark(s) to run. Estimated finish 2026-08-04 6:43 (0h 3m from now) **
// **************************
// Benchmark: Collection.Mapster: Quick(MaxRelativeError=0.05, Arguments=/p:MatrixMode=Benchmark, IterationTime=250ms, MaxIterationCount=12, MaxWarmupIterationCount=5, MinIterationCount=8, MinWarmupIterationCount=3)
// *** Execute ***
// Launch: 1 / 1
// Execute: dotnet Matrix.ObjectMapping-Quick-1.dll --anonymousPipes 176 177 --benchmarkName Matrix.ObjectMapping.Benchmarks.Collection.Mapster --job Quick --benchmarkId 3 in /home/runner/work/dotnet-matrix/dotnet-matrix/src/Matrix.ObjectMapping/bin/Benchmark/Release/net10.0/Matrix.ObjectMapping-Quick-1/bin/Release/net10.0
// Failed to set up high priority (Permission denied). In order to run benchmarks with high priority, make sure you have the right permissions.
// BeforeAnythingElse

// Benchmark Process Environment Information:
// BenchmarkDotNet v0.15.8
// Runtime=.NET 10.0.10 (10.0.10, 10.0.1026.32716), X64 RyuJIT x86-64-v4
// GC=Concurrent Workstation
// HardwareIntrinsics=AVX512 BITALG+VBMI2+VNNI+VPOPCNTDQ,AVX512 IFMA+VBMI,AVX512 F+BW+CD+DQ+VL,AVX2+BMI1+BMI2+F16C+FMA+LZCNT+MOVBE,AVX,SSE3+SSSE3+SSE4.1+SSE4.2+POPCNT,X86Base+SSE+SSE2,AES+PCLMUL,AvxVnni,SERIALIZE VectorSize=256
// Job: Quick(MaxRelativeError=0.05, IterationTime=250ms, MaxIterationCount=12, MaxWarmupIterationCount=5, MinIterationCount=8, MinWarmupIterationCount=3)

OverheadJitting  1: 1 op, 231960.00 ns, 231.9600 us/op
WorkloadJitting  1: 1 op, 2628634.00 ns, 2.6286 ms/op

OverheadJitting  2: 16 op, 465043.00 ns, 29.0652 us/op
WorkloadJitting  2: 16 op, 491826.00 ns, 30.7391 us/op

WorkloadPilot    1: 16 op, 70165.00 ns, 4.3853 us/op
WorkloadPilot    2: 57008 op, 93220474.00 ns, 1.6352 us/op
WorkloadPilot    3: 152896 op, 138115127.00 ns, 903.3273 ns/op
WorkloadPilot    4: 276768 op, 226958323.00 ns, 820.0309 ns/op
WorkloadPilot    5: 304880 op, 247702824.00 ns, 812.4601 ns/op
WorkloadPilot    6: 307712 op, 256108638.00 ns, 832.2998 ns/op
WorkloadPilot    7: 300384 op, 247143713.00 ns, 822.7592 ns/op
WorkloadPilot    8: 303856 op, 247484376.00 ns, 814.4791 ns/op
WorkloadPilot    9: 306960 op, 253551509.00 ns, 826.0083 ns/op
WorkloadPilot   10: 302672 op, 247395108.00 ns, 817.3703 ns/op
WorkloadPilot   11: 305872 op, 250454123.00 ns, 818.8200 ns/op

OverheadWarmup   1: 305872 op, 1429246.00 ns, 4.6727 ns/op
OverheadWarmup   2: 305872 op, 1391458.00 ns, 4.5492 ns/op
OverheadWarmup   3: 305872 op, 1359788.00 ns, 4.4456 ns/op
OverheadWarmup   4: 305872 op, 1394905.00 ns, 4.5604 ns/op
OverheadWarmup   5: 305872 op, 1402251.00 ns, 4.5844 ns/op
OverheadWarmup   6: 305872 op, 1395670.00 ns, 4.5629 ns/op
OverheadWarmup   7: 305872 op, 1370398.00 ns, 4.4803 ns/op
OverheadWarmup   8: 305872 op, 1383682.00 ns, 4.5237 ns/op
OverheadWarmup   9: 305872 op, 1392335.00 ns, 4.5520 ns/op
OverheadWarmup  10: 305872 op, 1383452.00 ns, 4.5230 ns/op

OverheadActual   1: 305872 op, 1448476.00 ns, 4.7356 ns/op
OverheadActual   2: 305872 op, 1428760.00 ns, 4.6711 ns/op
OverheadActual   3: 305872 op, 1421019.00 ns, 4.6458 ns/op
OverheadActual   4: 305872 op, 1395456.00 ns, 4.5622 ns/op
OverheadActual   5: 305872 op, 1425698.00 ns, 4.6611 ns/op
OverheadActual   6: 305872 op, 1388479.00 ns, 4.5394 ns/op
OverheadActual   7: 305872 op, 1365478.00 ns, 4.4642 ns/op
OverheadActual   8: 305872 op, 1375138.00 ns, 4.4958 ns/op

WorkloadWarmup   1: 305872 op, 256539262.00 ns, 838.7144 ns/op
WorkloadWarmup   2: 305872 op, 251243565.00 ns, 821.4010 ns/op
WorkloadWarmup   3: 305872 op, 248653798.00 ns, 812.9342 ns/op
WorkloadWarmup   4: 305872 op, 248409973.00 ns, 812.1370 ns/op
WorkloadWarmup   5: 305872 op, 247672523.00 ns, 809.7260 ns/op

// BeforeActualRun
WorkloadActual   1: 305872 op, 251957186.00 ns, 823.7341 ns/op
WorkloadActual   2: 305872 op, 251048516.00 ns, 820.7633 ns/op
WorkloadActual   3: 305872 op, 250102162.00 ns, 817.6694 ns/op
WorkloadActual   4: 305872 op, 249608682.00 ns, 816.0560 ns/op
WorkloadActual   5: 305872 op, 251359550.00 ns, 821.7802 ns/op
WorkloadActual   6: 305872 op, 249003893.00 ns, 814.0787 ns/op
WorkloadActual   7: 305872 op, 250049511.00 ns, 817.4972 ns/op
WorkloadActual   8: 305872 op, 248650322.00 ns, 812.9228 ns/op

// AfterActualRun
WorkloadResult   1: 305872 op, 250548948.50 ns, 819.1301 ns/op
WorkloadResult   2: 305872 op, 249640278.50 ns, 816.1593 ns/op
WorkloadResult   3: 305872 op, 248693924.50 ns, 813.0653 ns/op
WorkloadResult   4: 305872 op, 248200444.50 ns, 811.4520 ns/op
WorkloadResult   5: 305872 op, 249951312.50 ns, 817.1762 ns/op
WorkloadResult   6: 305872 op, 247595655.50 ns, 809.4747 ns/op
WorkloadResult   7: 305872 op, 248641273.50 ns, 812.8932 ns/op
WorkloadResult   8: 305872 op, 247242084.50 ns, 808.3188 ns/op
// GC:  23 0 0 1964921728 305872
// Threading:  0 0 305872

// AfterAll
// Benchmark Process 3254 has exited with code 0.

Mean = 813.459 ns, StdErr = 1.337 ns (0.16%), N = 8, StdDev = 3.781 ns
Min = 808.319 ns, Q1 = 810.958 ns, Median = 812.979 ns, Q3 = 816.414 ns, Max = 819.130 ns
IQR = 5.456 ns, LowerFence = 802.774 ns, UpperFence = 824.597 ns
ConfidenceInterval = [806.230 ns; 820.688 ns] (CI 99.9%), Margin = 7.229 ns (0.89% of Mean)
Skewness = 0.11, Kurtosis = 1.37, MValue = 2

// ** Remained 34 (89.5 %) benchmark(s) to run. Estimated finish 2026-08-04 6:43 (0h 3m from now) **
// ***** BenchmarkRunner: Finish  *****

// * Export *
  tmp/dotnet-matrix/ObjectMapping/8d220c999547463fb13173176bcb2803/results/Matrix.ObjectMapping.Benchmarks.Collection-report.csv
  tmp/dotnet-matrix/ObjectMapping/8d220c999547463fb13173176bcb2803/results/Matrix.ObjectMapping.Benchmarks.Collection-report-github.md
  tmp/dotnet-matrix/ObjectMapping/8d220c999547463fb13173176bcb2803/results/Matrix.ObjectMapping.Benchmarks.Collection-report.html
  tmp/dotnet-matrix/ObjectMapping/8d220c999547463fb13173176bcb2803/results/Matrix.ObjectMapping.Benchmarks.Collection-report-full.json

// * Detailed results *
Collection.Mapperly: Quick(MaxRelativeError=0.05, Arguments=/p:MatrixMode=Benchmark, IterationTime=250ms, MaxIterationCount=12, MaxWarmupIterationCount=5, MinIterationCount=8, MinWarmupIterationCount=3)
Runtime = .NET 10.0.10 (10.0.10, 10.0.1026.32716), X64 RyuJIT x86-64-v4; GC = Concurrent Workstation
Mean = 741.640 ns, StdErr = 0.952 ns (0.13%), N = 7, StdDev = 2.517 ns
Min = 737.841 ns, Q1 = 740.357 ns, Median = 741.734 ns, Q3 = 742.814 ns, Max = 745.561 ns
IQR = 2.457 ns, LowerFence = 736.672 ns, UpperFence = 746.500 ns
ConfidenceInterval = [735.970 ns; 747.310 ns] (CI 99.9%), Margin = 5.670 ns (0.76% of Mean)
Skewness = 0.11, Kurtosis = 1.69, MValue = 2
-------------------- Histogram --------------------
[736.114 ns ; 747.288 ns) | @@@@@@@
---------------------------------------------------

Collection.AutoMapper: Quick(MaxRelativeError=0.05, Arguments=/p:MatrixMode=Benchmark, IterationTime=250ms, MaxIterationCount=12, MaxWarmupIterationCount=5, MinIterationCount=8, MinWarmupIterationCount=3)
Runtime = .NET 10.0.10 (10.0.10, 10.0.1026.32716), X64 RyuJIT x86-64-v4; GC = Concurrent Workstation
Mean = 772.695 ns, StdErr = 1.841 ns (0.24%), N = 7, StdDev = 4.871 ns
Min = 766.699 ns, Q1 = 768.795 ns, Median = 772.073 ns, Q3 = 776.537 ns, Max = 779.426 ns
IQR = 7.741 ns, LowerFence = 757.183 ns, UpperFence = 788.149 ns
ConfidenceInterval = [761.724 ns; 783.665 ns] (CI 99.9%), Margin = 10.970 ns (1.42% of Mean)
Skewness = 0.09, Kurtosis = 1.09, MValue = 2
-------------------- Histogram --------------------
[763.357 ns ; 782.768 ns) | @@@@@@@
---------------------------------------------------

Collection.Mapster: Quick(MaxRelativeError=0.05, Arguments=/p:MatrixMode=Benchmark, IterationTime=250ms, MaxIterationCount=12, MaxWarmupIterationCount=5, MinIterationCount=8, MinWarmupIterationCount=3)
Runtime = .NET 10.0.10 (10.0.10, 10.0.1026.32716), X64 RyuJIT x86-64-v4; GC = Concurrent Workstation
Mean = 813.459 ns, StdErr = 1.337 ns (0.16%), N = 8, StdDev = 3.781 ns
Min = 808.319 ns, Q1 = 810.958 ns, Median = 812.979 ns, Q3 = 816.414 ns, Max = 819.130 ns
IQR = 5.456 ns, LowerFence = 802.774 ns, UpperFence = 824.597 ns
ConfidenceInterval = [806.230 ns; 820.688 ns] (CI 99.9%), Margin = 7.229 ns (0.89% of Mean)
Skewness = 0.11, Kurtosis = 1.37, MValue = 2
-------------------- Histogram --------------------
[805.837 ns ; 821.611 ns) | @@@@@@@@
---------------------------------------------------

Collection.HandCoded: Quick(MaxRelativeError=0.05, Arguments=/p:MatrixMode=Benchmark, IterationTime=250ms, MaxIterationCount=12, MaxWarmupIterationCount=5, MinIterationCount=8, MinWarmupIterationCount=3)
Runtime = .NET 10.0.10 (10.0.10, 10.0.1026.32716), X64 RyuJIT x86-64-v4; GC = Concurrent Workstation
Mean = 819.239 ns, StdErr = 0.901 ns (0.11%), N = 7, StdDev = 2.385 ns
Min = 817.139 ns, Q1 = 817.555 ns, Median = 818.417 ns, Q3 = 820.143 ns, Max = 823.722 ns
IQR = 2.588 ns, LowerFence = 813.672 ns, UpperFence = 824.025 ns
ConfidenceInterval = [813.868 ns; 824.610 ns] (CI 99.9%), Margin = 5.371 ns (0.66% of Mean)
Skewness = 0.8, Kurtosis = 1.99, MValue = 2
-------------------- Histogram --------------------
[815.503 ns ; 825.359 ns) | @@@@@@@
---------------------------------------------------

// * Summary *

BenchmarkDotNet v0.15.8, Linux Ubuntu 24.04.4 LTS (Noble Numbat)
INTEL XEON PLATINUM 8573C 2.30GHz, 1 CPU, 4 logical and 2 physical cores
.NET SDK 10.0.302
  [Host] : .NET 10.0.10 (10.0.10, 10.0.1026.32716), X64 RyuJIT x86-64-v4
  Quick  : .NET 10.0.10 (10.0.10, 10.0.1026.32716), X64 RyuJIT x86-64-v4

Job=Quick  MaxRelativeError=0.05  Arguments=/p:MatrixMode=Benchmark  
IterationTime=250ms  MaxIterationCount=12  MaxWarmupIterationCount=5  
MinIterationCount=8  MinWarmupIterationCount=3  

| Method     | Mean     | Error    | StdDev  | Ratio | Gen0   | Allocated | Alloc Ratio |
|----------- |---------:|---------:|--------:|------:|-------:|----------:|------------:|
| Mapperly   | 741.6 ns |  5.67 ns | 2.52 ns |  0.91 | 0.0741 |   6.27 KB |        1.00 |
| AutoMapper | 772.7 ns | 10.97 ns | 4.87 ns |  0.94 | 0.0746 |   6.27 KB |        1.00 |
| Mapster    | 813.5 ns |  7.23 ns | 3.78 ns |  0.99 | 0.0752 |   6.27 KB |        1.00 |
| HandCoded  | 819.2 ns |  5.37 ns | 2.38 ns |  1.00 | 0.0753 |   6.27 KB |        1.00 |

// * Hints *
Outliers
  Collection.Mapperly: Quick   -> 1 outlier  was  removed (763.35 ns)
  Collection.AutoMapper: Quick -> 1 outlier  was  removed (823.80 ns)
  Collection.HandCoded: Quick  -> 1 outlier  was  removed (834.68 ns)

// * Legends *
  Mean        : Arithmetic mean of all measurements
  Error       : Half of 99.9% confidence interval
  StdDev      : Standard deviation of all measurements
  Ratio       : Mean of the ratio distribution ([Current]/[Baseline])
  Gen0        : GC Generation 0 collects per 1000 operations
  Allocated   : Allocated memory per single operation (managed only, inclusive, 1KB = 1024B)
  Alloc Ratio : Allocated memory ratio distribution ([Current]/[Baseline])
  1 ns        : 1 Nanosecond (0.000000001 sec)

// * Diagnostic Output - MemoryDiagnoser *


// ***** BenchmarkRunner: End *****
Run time: 00:00:23 (23.78 sec), executed benchmarks: 4

// Found 4 benchmarks:
//   CustomConversion.AutoMapper: Quick(MaxRelativeError=0.05, Arguments=/p:MatrixMode=Benchmark, IterationTime=250ms, MaxIterationCount=12, MaxWarmupIterationCount=5, MinIterationCount=8, MinWarmupIterationCount=3)
//   CustomConversion.HandCoded: Quick(MaxRelativeError=0.05, Arguments=/p:MatrixMode=Benchmark, IterationTime=250ms, MaxIterationCount=12, MaxWarmupIterationCount=5, MinIterationCount=8, MinWarmupIterationCount=3)
//   CustomConversion.Mapperly: Quick(MaxRelativeError=0.05, Arguments=/p:MatrixMode=Benchmark, IterationTime=250ms, MaxIterationCount=12, MaxWarmupIterationCount=5, MinIterationCount=8, MinWarmupIterationCount=3)
//   CustomConversion.Mapster: Quick(MaxRelativeError=0.05, Arguments=/p:MatrixMode=Benchmark, IterationTime=250ms, MaxIterationCount=12, MaxWarmupIterationCount=5, MinIterationCount=8, MinWarmupIterationCount=3)

// **************************
// Benchmark: CustomConversion.AutoMapper: Quick(MaxRelativeError=0.05, Arguments=/p:MatrixMode=Benchmark, IterationTime=250ms, MaxIterationCount=12, MaxWarmupIterationCount=5, MinIterationCount=8, MinWarmupIterationCount=3)
// *** Execute ***
// Launch: 1 / 1
// Execute: dotnet Matrix.ObjectMapping-Quick-1.dll --anonymousPipes 182 183 --benchmarkName Matrix.ObjectMapping.Benchmarks.CustomConversion.AutoMapper --job Quick --benchmarkId 4 in /home/runner/work/dotnet-matrix/dotnet-matrix/src/Matrix.ObjectMapping/bin/Benchmark/Release/net10.0/Matrix.ObjectMapping-Quick-1/bin/Release/net10.0
// Failed to set up high priority (Permission denied). In order to run benchmarks with high priority, make sure you have the right permissions.
// BeforeAnythingElse

// Benchmark Process Environment Information:
// BenchmarkDotNet v0.15.8
// Runtime=.NET 10.0.10 (10.0.10, 10.0.1026.32716), X64 RyuJIT x86-64-v4
// GC=Concurrent Workstation
// HardwareIntrinsics=AVX512 BITALG+VBMI2+VNNI+VPOPCNTDQ,AVX512 IFMA+VBMI,AVX512 F+BW+CD+DQ+VL,AVX2+BMI1+BMI2+F16C+FMA+LZCNT+MOVBE,AVX,SSE3+SSSE3+SSE4.1+SSE4.2+POPCNT,X86Base+SSE+SSE2,AES+PCLMUL,AvxVnni,SERIALIZE VectorSize=256
// Job: Quick(MaxRelativeError=0.05, IterationTime=250ms, MaxIterationCount=12, MaxWarmupIterationCount=5, MinIterationCount=8, MinWarmupIterationCount=3)

OverheadJitting  1: 1 op, 208346.00 ns, 208.3460 us/op
WorkloadJitting  1: 1 op, 2077742.00 ns, 2.0777 ms/op

OverheadJitting  2: 16 op, 478547.00 ns, 29.9092 us/op
WorkloadJitting  2: 16 op, 692720.00 ns, 43.2950 us/op

WorkloadPilot    1: 16 op, 15939.00 ns, 996.1875 ns/op
WorkloadPilot    2: 250960 op, 71032807.00 ns, 283.0443 ns/op
WorkloadPilot    3: 883264 op, 155093723.00 ns, 175.5916 ns/op
WorkloadPilot    4: 1423760 op, 136223614.00 ns, 95.6788 ns/op
WorkloadPilot    5: 2612912 op, 244804853.00 ns, 93.6904 ns/op
WorkloadPilot    6: 2668368 op, 250961958.00 ns, 94.0507 ns/op
WorkloadPilot    7: 2658144 op, 249047727.00 ns, 93.6923 ns/op
WorkloadPilot    8: 2668320 op, 248964242.00 ns, 93.3037 ns/op
WorkloadPilot    9: 2679424 op, 250125339.00 ns, 93.3504 ns/op
WorkloadPilot   10: 2678096 op, 250712160.00 ns, 93.6158 ns/op

OverheadWarmup   1: 2678096 op, 12055758.00 ns, 4.5016 ns/op
OverheadWarmup   2: 2678096 op, 12014745.00 ns, 4.4863 ns/op
OverheadWarmup   3: 2678096 op, 11879370.00 ns, 4.4358 ns/op
OverheadWarmup   4: 2678096 op, 11925178.00 ns, 4.4529 ns/op
OverheadWarmup   5: 2678096 op, 11978946.00 ns, 4.4729 ns/op
OverheadWarmup   6: 2678096 op, 12003769.00 ns, 4.4822 ns/op
OverheadWarmup   7: 2678096 op, 12053606.00 ns, 4.5008 ns/op
OverheadWarmup   8: 2678096 op, 12013378.00 ns, 4.4858 ns/op
OverheadWarmup   9: 2678096 op, 12132139.00 ns, 4.5301 ns/op
OverheadWarmup  10: 2678096 op, 11968387.00 ns, 4.4690 ns/op

OverheadActual   1: 2678096 op, 12087433.00 ns, 4.5134 ns/op
OverheadActual   2: 2678096 op, 12198916.00 ns, 4.5551 ns/op
OverheadActual   3: 2678096 op, 12103545.00 ns, 4.5195 ns/op
OverheadActual   4: 2678096 op, 12071397.00 ns, 4.5075 ns/op
OverheadActual   5: 2678096 op, 12183148.00 ns, 4.5492 ns/op
OverheadActual   6: 2678096 op, 12179591.00 ns, 4.5479 ns/op
OverheadActual   7: 2678096 op, 12096059.00 ns, 4.5167 ns/op
OverheadActual   8: 2678096 op, 12046695.00 ns, 4.4982 ns/op

WorkloadWarmup   1: 2678096 op, 268072346.00 ns, 100.0981 ns/op
WorkloadWarmup   2: 2678096 op, 250697070.00 ns, 93.6102 ns/op
WorkloadWarmup   3: 2678096 op, 247043374.00 ns, 92.2459 ns/op
WorkloadWarmup   4: 2678096 op, 250496106.00 ns, 93.5351 ns/op
WorkloadWarmup   5: 2678096 op, 247715038.00 ns, 92.4967 ns/op

// BeforeActualRun
WorkloadActual   1: 2678096 op, 249347691.00 ns, 93.1063 ns/op
WorkloadActual   2: 2678096 op, 247720518.00 ns, 92.4987 ns/op
WorkloadActual   3: 2678096 op, 248430958.00 ns, 92.7640 ns/op
WorkloadActual   4: 2678096 op, 248564245.00 ns, 92.8138 ns/op
WorkloadActual   5: 2678096 op, 246633468.00 ns, 92.0928 ns/op
WorkloadActual   6: 2678096 op, 246239740.00 ns, 91.9458 ns/op
WorkloadActual   7: 2678096 op, 246571657.00 ns, 92.0698 ns/op
WorkloadActual   8: 2678096 op, 246552930.00 ns, 92.0628 ns/op

// AfterActualRun
WorkloadResult   1: 2678096 op, 237247889.00 ns, 88.5883 ns/op
WorkloadResult   2: 2678096 op, 235620716.00 ns, 87.9807 ns/op
WorkloadResult   3: 2678096 op, 236331156.00 ns, 88.2460 ns/op
WorkloadResult   4: 2678096 op, 236464443.00 ns, 88.2957 ns/op
WorkloadResult   5: 2678096 op, 234533666.00 ns, 87.5748 ns/op
WorkloadResult   6: 2678096 op, 234139938.00 ns, 87.4278 ns/op
WorkloadResult   7: 2678096 op, 234471855.00 ns, 87.5517 ns/op
WorkloadResult   8: 2678096 op, 234453128.00 ns, 87.5447 ns/op
// GC:  2 0 0 235672448 2678096
// Threading:  0 0 2678096

// AfterAll
// Benchmark Process 3271 has exited with code 0.

Mean = 87.901 ns, StdErr = 0.154 ns (0.18%), N = 8, StdDev = 0.436 ns
Min = 87.428 ns, Q1 = 87.550 ns, Median = 87.778 ns, Q3 = 88.258 ns, Max = 88.588 ns
IQR = 0.708 ns, LowerFence = 86.487 ns, UpperFence = 89.321 ns
ConfidenceInterval = [87.067 ns; 88.735 ns] (CI 99.9%), Margin = 0.834 ns (0.95% of Mean)
Skewness = 0.3, Kurtosis = 1.22, MValue = 2

// ** Remained 33 (86.8 %) benchmark(s) to run. Estimated finish 2026-08-04 6:43 (0h 3m from now) **
// **************************
// Benchmark: CustomConversion.HandCoded: Quick(MaxRelativeError=0.05, Arguments=/p:MatrixMode=Benchmark, IterationTime=250ms, MaxIterationCount=12, MaxWarmupIterationCount=5, MinIterationCount=8, MinWarmupIterationCount=3)
// *** Execute ***
// Launch: 1 / 1
// Execute: dotnet Matrix.ObjectMapping-Quick-1.dll --anonymousPipes 182 183 --benchmarkName Matrix.ObjectMapping.Benchmarks.CustomConversion.HandCoded --job Quick --benchmarkId 5 in /home/runner/work/dotnet-matrix/dotnet-matrix/src/Matrix.ObjectMapping/bin/Benchmark/Release/net10.0/Matrix.ObjectMapping-Quick-1/bin/Release/net10.0
// Failed to set up high priority (Permission denied). In order to run benchmarks with high priority, make sure you have the right permissions.
// BeforeAnythingElse

// Benchmark Process Environment Information:
// BenchmarkDotNet v0.15.8
// Runtime=.NET 10.0.10 (10.0.10, 10.0.1026.32716), X64 RyuJIT x86-64-v4
// GC=Concurrent Workstation
// HardwareIntrinsics=AVX512 BITALG+VBMI2+VNNI+VPOPCNTDQ,AVX512 IFMA+VBMI,AVX512 F+BW+CD+DQ+VL,AVX2+BMI1+BMI2+F16C+FMA+LZCNT+MOVBE,AVX,SSE3+SSSE3+SSE4.1+SSE4.2+POPCNT,X86Base+SSE+SSE2,AES+PCLMUL,AvxVnni,SERIALIZE VectorSize=256
// Job: Quick(MaxRelativeError=0.05, IterationTime=250ms, MaxIterationCount=12, MaxWarmupIterationCount=5, MinIterationCount=8, MinWarmupIterationCount=3)

OverheadJitting  1: 1 op, 193488.00 ns, 193.4880 us/op
WorkloadJitting  1: 1 op, 445734.00 ns, 445.7340 us/op

OverheadJitting  2: 16 op, 414892.00 ns, 25.9308 us/op
WorkloadJitting  2: 16 op, 442690.00 ns, 27.6681 us/op

WorkloadPilot    1: 16 op, 8819.00 ns, 551.1875 ns/op
WorkloadPilot    2: 453568 op, 58090557.00 ns, 128.0746 ns/op
WorkloadPilot    3: 1952000 op, 169804587.00 ns, 86.9901 ns/op
WorkloadPilot    4: 2873904 op, 174255353.00 ns, 60.6337 ns/op
WorkloadPilot    5: 4123136 op, 245783322.00 ns, 59.6108 ns/op
WorkloadPilot    6: 4193888 op, 252634487.00 ns, 60.2387 ns/op
WorkloadPilot    7: 4150160 op, 247190050.00 ns, 59.5616 ns/op
WorkloadPilot    8: 4197344 op, 249916791.00 ns, 59.5417 ns/op
WorkloadPilot    9: 4198752 op, 249800091.00 ns, 59.4939 ns/op
WorkloadPilot   10: 4202112 op, 251768723.00 ns, 59.9148 ns/op
WorkloadPilot   11: 4172592 op, 253362970.00 ns, 60.7208 ns/op

OverheadWarmup   1: 4172592 op, 19947723.00 ns, 4.7807 ns/op
OverheadWarmup   2: 4172592 op, 20148245.00 ns, 4.8287 ns/op
OverheadWarmup   3: 4172592 op, 20203270.00 ns, 4.8419 ns/op
OverheadWarmup   4: 4172592 op, 20121464.00 ns, 4.8223 ns/op
OverheadWarmup   5: 4172592 op, 20104547.00 ns, 4.8182 ns/op
OverheadWarmup   6: 4172592 op, 20187696.00 ns, 4.8382 ns/op
OverheadWarmup   7: 4172592 op, 19925136.00 ns, 4.7752 ns/op

OverheadActual   1: 4172592 op, 20298618.00 ns, 4.8648 ns/op
OverheadActual   2: 4172592 op, 20251920.00 ns, 4.8536 ns/op
OverheadActual   3: 4172592 op, 20110972.00 ns, 4.8198 ns/op
OverheadActual   4: 4172592 op, 19969992.00 ns, 4.7860 ns/op
OverheadActual   5: 4172592 op, 20004137.00 ns, 4.7942 ns/op
OverheadActual   6: 4172592 op, 20362208.00 ns, 4.8800 ns/op
OverheadActual   7: 4172592 op, 20136357.00 ns, 4.8259 ns/op
OverheadActual   8: 4172592 op, 20233349.00 ns, 4.8491 ns/op

WorkloadWarmup   1: 4172592 op, 291305040.00 ns, 69.8139 ns/op
WorkloadWarmup   2: 4172592 op, 254955964.00 ns, 61.1025 ns/op
WorkloadWarmup   3: 4172592 op, 250998409.00 ns, 60.1541 ns/op
WorkloadWarmup   4: 4172592 op, 252615916.00 ns, 60.5417 ns/op
WorkloadWarmup   5: 4172592 op, 274071421.00 ns, 65.6837 ns/op

// BeforeActualRun
WorkloadActual   1: 4172592 op, 255163832.00 ns, 61.1524 ns/op
WorkloadActual   2: 4172592 op, 252527874.00 ns, 60.5206 ns/op
WorkloadActual   3: 4172592 op, 251829753.00 ns, 60.3533 ns/op
WorkloadActual   4: 4172592 op, 251507117.00 ns, 60.2760 ns/op
WorkloadActual   5: 4172592 op, 251872730.00 ns, 60.3636 ns/op
WorkloadActual   6: 4172592 op, 247752838.00 ns, 59.3762 ns/op
WorkloadActual   7: 4172592 op, 248144744.00 ns, 59.4702 ns/op
WorkloadActual   8: 4172592 op, 248616727.00 ns, 59.5833 ns/op

// AfterActualRun
WorkloadResult   1: 4172592 op, 234978979.00 ns, 56.3149 ns/op
WorkloadResult   2: 4172592 op, 232343021.00 ns, 55.6831 ns/op
WorkloadResult   3: 4172592 op, 231644900.00 ns, 55.5158 ns/op
WorkloadResult   4: 4172592 op, 231322264.00 ns, 55.4385 ns/op
WorkloadResult   5: 4172592 op, 231687877.00 ns, 55.5261 ns/op
WorkloadResult   6: 4172592 op, 227567985.00 ns, 54.5388 ns/op
WorkloadResult   7: 4172592 op, 227959891.00 ns, 54.6327 ns/op
WorkloadResult   8: 4172592 op, 228431874.00 ns, 54.7458 ns/op
// GC:  4 0 0 367188096 4172592
// Threading:  0 0 4172592

// AfterAll
// Benchmark Process 3282 has exited with code 0.

Mean = 55.299 ns, StdErr = 0.217 ns (0.39%), N = 8, StdDev = 0.612 ns
Min = 54.539 ns, Q1 = 54.718 ns, Median = 55.477 ns, Q3 = 55.565 ns, Max = 56.315 ns
IQR = 0.848 ns, LowerFence = 53.446 ns, UpperFence = 56.837 ns
ConfidenceInterval = [54.128 ns; 56.470 ns] (CI 99.9%), Margin = 1.171 ns (2.12% of Mean)
Skewness = 0.12, Kurtosis = 1.53, MValue = 2

// ** Remained 32 (84.2 %) benchmark(s) to run. Estimated finish 2026-08-04 6:43 (0h 3m from now) **
// **************************
// Benchmark: CustomConversion.Mapperly: Quick(MaxRelativeError=0.05, Arguments=/p:MatrixMode=Benchmark, IterationTime=250ms, MaxIterationCount=12, MaxWarmupIterationCount=5, MinIterationCount=8, MinWarmupIterationCount=3)
// *** Execute ***
// Launch: 1 / 1
// Execute: dotnet Matrix.ObjectMapping-Quick-1.dll --anonymousPipes 182 183 --benchmarkName Matrix.ObjectMapping.Benchmarks.CustomConversion.Mapperly --job Quick --benchmarkId 6 in /home/runner/work/dotnet-matrix/dotnet-matrix/src/Matrix.ObjectMapping/bin/Benchmark/Release/net10.0/Matrix.ObjectMapping-Quick-1/bin/Release/net10.0
// Failed to set up high priority (Permission denied). In order to run benchmarks with high priority, make sure you have the right permissions.
// BeforeAnythingElse

// Benchmark Process Environment Information:
// BenchmarkDotNet v0.15.8
// Runtime=.NET 10.0.10 (10.0.10, 10.0.1026.32716), X64 RyuJIT x86-64-v4
// GC=Concurrent Workstation
// HardwareIntrinsics=AVX512 BITALG+VBMI2+VNNI+VPOPCNTDQ,AVX512 IFMA+VBMI,AVX512 F+BW+CD+DQ+VL,AVX2+BMI1+BMI2+F16C+FMA+LZCNT+MOVBE,AVX,SSE3+SSSE3+SSE4.1+SSE4.2+POPCNT,X86Base+SSE+SSE2,AES+PCLMUL,AvxVnni,SERIALIZE VectorSize=256
// Job: Quick(MaxRelativeError=0.05, IterationTime=250ms, MaxIterationCount=12, MaxWarmupIterationCount=5, MinIterationCount=8, MinWarmupIterationCount=3)

OverheadJitting  1: 1 op, 192138.00 ns, 192.1380 us/op
WorkloadJitting  1: 1 op, 477491.00 ns, 477.4910 us/op

OverheadJitting  2: 16 op, 425959.00 ns, 26.6224 us/op
WorkloadJitting  2: 16 op, 470276.00 ns, 29.3923 us/op

WorkloadPilot    1: 16 op, 8916.00 ns, 557.2500 ns/op
WorkloadPilot    2: 448640 op, 59071179.00 ns, 131.6672 ns/op
WorkloadPilot    3: 1898736 op, 165222287.00 ns, 87.0170 ns/op
WorkloadPilot    4: 2873008 op, 173329861.00 ns, 60.3304 ns/op
WorkloadPilot    5: 4143856 op, 248801769.00 ns, 60.0411 ns/op
WorkloadPilot    6: 4163824 op, 244392308.00 ns, 58.6942 ns/op
WorkloadPilot    7: 4259376 op, 249448255.00 ns, 58.5645 ns/op
WorkloadPilot    8: 4268800 op, 247366891.00 ns, 57.9476 ns/op
WorkloadPilot    9: 4314240 op, 258818949.00 ns, 59.9918 ns/op
WorkloadPilot   10: 4167248 op, 242044987.00 ns, 58.0827 ns/op
WorkloadPilot   11: 4304208 op, 251816846.00 ns, 58.5048 ns/op
WorkloadPilot   12: 4273168 op, 247291799.00 ns, 57.8708 ns/op
WorkloadPilot   13: 4319968 op, 254390243.00 ns, 58.8871 ns/op

OverheadWarmup   1: 4319968 op, 20479963.00 ns, 4.7408 ns/op
OverheadWarmup   2: 4319968 op, 20698405.00 ns, 4.7913 ns/op
OverheadWarmup   3: 4319968 op, 20597558.00 ns, 4.7680 ns/op
OverheadWarmup   4: 4319968 op, 20667793.00 ns, 4.7842 ns/op
OverheadWarmup   5: 4319968 op, 20850214.00 ns, 4.8265 ns/op
OverheadWarmup   6: 4319968 op, 20796902.00 ns, 4.8141 ns/op

OverheadActual   1: 4319968 op, 20657690.00 ns, 4.7819 ns/op
OverheadActual   2: 4319968 op, 20593241.00 ns, 4.7670 ns/op
OverheadActual   3: 4319968 op, 20830692.00 ns, 4.8220 ns/op
OverheadActual   4: 4319968 op, 20854177.00 ns, 4.8274 ns/op
OverheadActual   5: 4319968 op, 20387215.00 ns, 4.7193 ns/op
OverheadActual   6: 4319968 op, 20792703.00 ns, 4.8132 ns/op
OverheadActual   7: 4319968 op, 20341314.00 ns, 4.7087 ns/op
OverheadActual   8: 4319968 op, 20391053.00 ns, 4.7202 ns/op

WorkloadWarmup   1: 4319968 op, 283203851.00 ns, 65.5569 ns/op
WorkloadWarmup   2: 4319968 op, 261703497.00 ns, 60.5800 ns/op
WorkloadWarmup   3: 4319968 op, 252026057.00 ns, 58.3398 ns/op
WorkloadWarmup   4: 4319968 op, 254950115.00 ns, 59.0167 ns/op
WorkloadWarmup   5: 4319968 op, 256553070.00 ns, 59.3877 ns/op

// BeforeActualRun
WorkloadActual   1: 4319968 op, 260942044.00 ns, 60.4037 ns/op
WorkloadActual   2: 4319968 op, 256720854.00 ns, 59.4266 ns/op
WorkloadActual   3: 4319968 op, 256820094.00 ns, 59.4495 ns/op
WorkloadActual   4: 4319968 op, 253489706.00 ns, 58.6786 ns/op
WorkloadActual   5: 4319968 op, 253661696.00 ns, 58.7184 ns/op
WorkloadActual   6: 4319968 op, 251358415.00 ns, 58.1852 ns/op
WorkloadActual   7: 4319968 op, 252314685.00 ns, 58.4066 ns/op
WorkloadActual   8: 4319968 op, 254364382.00 ns, 58.8811 ns/op

// AfterActualRun
WorkloadResult   1: 4319968 op, 240316578.50 ns, 55.6292 ns/op
WorkloadResult   2: 4319968 op, 236095388.50 ns, 54.6521 ns/op
WorkloadResult   3: 4319968 op, 236194628.50 ns, 54.6751 ns/op
WorkloadResult   4: 4319968 op, 232864240.50 ns, 53.9042 ns/op
WorkloadResult   5: 4319968 op, 233036230.50 ns, 53.9440 ns/op
WorkloadResult   6: 4319968 op, 230732949.50 ns, 53.4108 ns/op
WorkloadResult   7: 4319968 op, 231689219.50 ns, 53.6322 ns/op
WorkloadResult   8: 4319968 op, 233738916.50 ns, 54.1066 ns/op
// GC:  4 0 0 380157184 4319968
// Threading:  0 0 4319968

// AfterAll
// Benchmark Process 3291 has exited with code 0.

Mean = 54.244 ns, StdErr = 0.252 ns (0.47%), N = 8, StdDev = 0.714 ns
Min = 53.411 ns, Q1 = 53.836 ns, Median = 54.025 ns, Q3 = 54.658 ns, Max = 55.629 ns
IQR = 0.822 ns, LowerFence = 52.604 ns, UpperFence = 55.890 ns
ConfidenceInterval = [52.880 ns; 55.609 ns] (CI 99.9%), Margin = 1.364 ns (2.52% of Mean)
Skewness = 0.66, Kurtosis = 2.11, MValue = 2

// ** Remained 31 (81.6 %) benchmark(s) to run. Estimated finish 2026-08-04 6:44 (0h 3m from now) **
// **************************
// Benchmark: CustomConversion.Mapster: Quick(MaxRelativeError=0.05, Arguments=/p:MatrixMode=Benchmark, IterationTime=250ms, MaxIterationCount=12, MaxWarmupIterationCount=5, MinIterationCount=8, MinWarmupIterationCount=3)
// *** Execute ***
// Launch: 1 / 1
// Execute: dotnet Matrix.ObjectMapping-Quick-1.dll --anonymousPipes 182 183 --benchmarkName Matrix.ObjectMapping.Benchmarks.CustomConversion.Mapster --job Quick --benchmarkId 7 in /home/runner/work/dotnet-matrix/dotnet-matrix/src/Matrix.ObjectMapping/bin/Benchmark/Release/net10.0/Matrix.ObjectMapping-Quick-1/bin/Release/net10.0
// Failed to set up high priority (Permission denied). In order to run benchmarks with high priority, make sure you have the right permissions.
// BeforeAnythingElse

// Benchmark Process Environment Information:
// BenchmarkDotNet v0.15.8
// Runtime=.NET 10.0.10 (10.0.10, 10.0.1026.32716), X64 RyuJIT x86-64-v4
// GC=Concurrent Workstation
// HardwareIntrinsics=AVX512 BITALG+VBMI2+VNNI+VPOPCNTDQ,AVX512 IFMA+VBMI,AVX512 F+BW+CD+DQ+VL,AVX2+BMI1+BMI2+F16C+FMA+LZCNT+MOVBE,AVX,SSE3+SSSE3+SSE4.1+SSE4.2+POPCNT,X86Base+SSE+SSE2,AES+PCLMUL,AvxVnni,SERIALIZE VectorSize=256
// Job: Quick(MaxRelativeError=0.05, IterationTime=250ms, MaxIterationCount=12, MaxWarmupIterationCount=5, MinIterationCount=8, MinWarmupIterationCount=3)

OverheadJitting  1: 1 op, 203124.00 ns, 203.1240 us/op
WorkloadJitting  1: 1 op, 11744950.00 ns, 11.7450 ms/op

OverheadJitting  2: 16 op, 431588.00 ns, 26.9743 us/op
WorkloadJitting  2: 16 op, 484569.00 ns, 30.2856 us/op

WorkloadPilot    1: 16 op, 13050.00 ns, 815.6250 ns/op
WorkloadPilot    2: 306528 op, 74852434.00 ns, 244.1944 ns/op
WorkloadPilot    3: 1023776 op, 185508940.00 ns, 181.2007 ns/op
WorkloadPilot    4: 1379696 op, 118151503.00 ns, 85.6359 ns/op
WorkloadPilot    5: 2919344 op, 245987927.00 ns, 84.2614 ns/op
WorkloadPilot    6: 2966960 op, 249485865.00 ns, 84.0880 ns/op
WorkloadPilot    7: 2973088 op, 249559723.00 ns, 83.9396 ns/op
WorkloadPilot    8: 2978336 op, 249043594.00 ns, 83.6184 ns/op
WorkloadPilot    9: 2989776 op, 251479383.00 ns, 84.1131 ns/op
WorkloadPilot   10: 2972192 op, 249265717.00 ns, 83.8660 ns/op
WorkloadPilot   11: 2980960 op, 248045477.00 ns, 83.2099 ns/op
WorkloadPilot   12: 3004464 op, 254078161.00 ns, 84.5669 ns/op
WorkloadPilot   13: 2956240 op, 251840373.00 ns, 85.1894 ns/op

OverheadWarmup   1: 2956240 op, 13043291.00 ns, 4.4121 ns/op
OverheadWarmup   2: 2956240 op, 13134510.00 ns, 4.4430 ns/op
OverheadWarmup   3: 2956240 op, 12959641.00 ns, 4.3838 ns/op
OverheadWarmup   4: 2956240 op, 13009162.00 ns, 4.4006 ns/op
OverheadWarmup   5: 2956240 op, 13034422.00 ns, 4.4091 ns/op
OverheadWarmup   6: 2956240 op, 13287350.00 ns, 4.4947 ns/op
OverheadWarmup   7: 2956240 op, 13238296.00 ns, 4.4781 ns/op

OverheadActual   1: 2956240 op, 13484672.00 ns, 4.5614 ns/op
OverheadActual   2: 2956240 op, 13154722.00 ns, 4.4498 ns/op
OverheadActual   3: 2956240 op, 13263227.00 ns, 4.4865 ns/op
OverheadActual   4: 2956240 op, 13091302.00 ns, 4.4284 ns/op
OverheadActual   5: 2956240 op, 13271768.00 ns, 4.4894 ns/op
OverheadActual   6: 2956240 op, 13240856.00 ns, 4.4790 ns/op
OverheadActual   7: 2956240 op, 13023508.00 ns, 4.4054 ns/op
OverheadActual   8: 2956240 op, 13126984.00 ns, 4.4404 ns/op

WorkloadWarmup   1: 2956240 op, 275294071.00 ns, 93.1230 ns/op
WorkloadWarmup   2: 2956240 op, 256662178.00 ns, 86.8205 ns/op
WorkloadWarmup   3: 2956240 op, 250781256.00 ns, 84.8312 ns/op
WorkloadWarmup   4: 2956240 op, 249098427.00 ns, 84.2619 ns/op
WorkloadWarmup   5: 2956240 op, 254253493.00 ns, 86.0057 ns/op

// BeforeActualRun
WorkloadActual   1: 2956240 op, 251673025.00 ns, 85.1328 ns/op
WorkloadActual   2: 2956240 op, 245845385.00 ns, 83.1615 ns/op
WorkloadActual   3: 2956240 op, 246467558.00 ns, 83.3720 ns/op
WorkloadActual   4: 2956240 op, 250456427.00 ns, 84.7213 ns/op
WorkloadActual   5: 2956240 op, 247293717.00 ns, 83.6514 ns/op
WorkloadActual   6: 2956240 op, 246953894.00 ns, 83.5365 ns/op
WorkloadActual   7: 2956240 op, 246640084.00 ns, 83.4303 ns/op
WorkloadActual   8: 2956240 op, 252154563.00 ns, 85.2957 ns/op

// AfterActualRun
WorkloadResult   1: 2956240 op, 238475236.00 ns, 80.6684 ns/op
WorkloadResult   2: 2956240 op, 232647596.00 ns, 78.6971 ns/op
WorkloadResult   3: 2956240 op, 233269769.00 ns, 78.9076 ns/op
WorkloadResult   4: 2956240 op, 237258638.00 ns, 80.2569 ns/op
WorkloadResult   5: 2956240 op, 234095928.00 ns, 79.1871 ns/op
WorkloadResult   6: 2956240 op, 233756105.00 ns, 79.0721 ns/op
WorkloadResult   7: 2956240 op, 233442295.00 ns, 78.9659 ns/op
WorkloadResult   8: 2956240 op, 238956774.00 ns, 80.8313 ns/op
// GC:  3 0 0 331098880 2956240
// Threading:  0 0 2956240

// AfterAll
// Benchmark Process 3303 has exited with code 0.

Mean = 79.573 ns, StdErr = 0.306 ns (0.38%), N = 8, StdDev = 0.864 ns
Min = 78.697 ns, Q1 = 78.951 ns, Median = 79.130 ns, Q3 = 80.360 ns, Max = 80.831 ns
IQR = 1.408 ns, LowerFence = 76.839 ns, UpperFence = 82.472 ns
ConfidenceInterval = [77.921 ns; 81.226 ns] (CI 99.9%), Margin = 1.653 ns (2.08% of Mean)
Skewness = 0.44, Kurtosis = 1.16, MValue = 2

// ** Remained 30 (78.9 %) benchmark(s) to run. Estimated finish 2026-08-04 6:44 (0h 3m from now) **
// ***** BenchmarkRunner: Finish  *****

// * Export *
  tmp/dotnet-matrix/ObjectMapping/8d220c999547463fb13173176bcb2803/results/Matrix.ObjectMapping.Benchmarks.CustomConversion-report.csv
  tmp/dotnet-matrix/ObjectMapping/8d220c999547463fb13173176bcb2803/results/Matrix.ObjectMapping.Benchmarks.CustomConversion-report-github.md
  tmp/dotnet-matrix/ObjectMapping/8d220c999547463fb13173176bcb2803/results/Matrix.ObjectMapping.Benchmarks.CustomConversion-report.html
  tmp/dotnet-matrix/ObjectMapping/8d220c999547463fb13173176bcb2803/results/Matrix.ObjectMapping.Benchmarks.CustomConversion-report-full.json

// * Detailed results *
CustomConversion.Mapperly: Quick(MaxRelativeError=0.05, Arguments=/p:MatrixMode=Benchmark, IterationTime=250ms, MaxIterationCount=12, MaxWarmupIterationCount=5, MinIterationCount=8, MinWarmupIterationCount=3)
Runtime = .NET 10.0.10 (10.0.10, 10.0.1026.32716), X64 RyuJIT x86-64-v4; GC = Concurrent Workstation
Mean = 54.244 ns, StdErr = 0.252 ns (0.47%), N = 8, StdDev = 0.714 ns
Min = 53.411 ns, Q1 = 53.836 ns, Median = 54.025 ns, Q3 = 54.658 ns, Max = 55.629 ns
IQR = 0.822 ns, LowerFence = 52.604 ns, UpperFence = 55.890 ns
ConfidenceInterval = [52.880 ns; 55.609 ns] (CI 99.9%), Margin = 1.364 ns (2.52% of Mean)
Skewness = 0.66, Kurtosis = 2.11, MValue = 2
-------------------- Histogram --------------------
[53.221 ns ; 56.098 ns) | @@@@@@@@
---------------------------------------------------

CustomConversion.HandCoded: Quick(MaxRelativeError=0.05, Arguments=/p:MatrixMode=Benchmark, IterationTime=250ms, MaxIterationCount=12, MaxWarmupIterationCount=5, MinIterationCount=8, MinWarmupIterationCount=3)
Runtime = .NET 10.0.10 (10.0.10, 10.0.1026.32716), X64 RyuJIT x86-64-v4; GC = Concurrent Workstation
Mean = 55.299 ns, StdErr = 0.217 ns (0.39%), N = 8, StdDev = 0.612 ns
Min = 54.539 ns, Q1 = 54.718 ns, Median = 55.477 ns, Q3 = 55.565 ns, Max = 56.315 ns
IQR = 0.848 ns, LowerFence = 53.446 ns, UpperFence = 56.837 ns
ConfidenceInterval = [54.128 ns; 56.470 ns] (CI 99.9%), Margin = 1.171 ns (2.12% of Mean)
Skewness = 0.12, Kurtosis = 1.53, MValue = 2
-------------------- Histogram --------------------
[54.137 ns ; 56.717 ns) | @@@@@@@@
---------------------------------------------------

CustomConversion.Mapster: Quick(MaxRelativeError=0.05, Arguments=/p:MatrixMode=Benchmark, IterationTime=250ms, MaxIterationCount=12, MaxWarmupIterationCount=5, MinIterationCount=8, MinWarmupIterationCount=3)
Runtime = .NET 10.0.10 (10.0.10, 10.0.1026.32716), X64 RyuJIT x86-64-v4; GC = Concurrent Workstation
Mean = 79.573 ns, StdErr = 0.306 ns (0.38%), N = 8, StdDev = 0.864 ns
Min = 78.697 ns, Q1 = 78.951 ns, Median = 79.130 ns, Q3 = 80.360 ns, Max = 80.831 ns
IQR = 1.408 ns, LowerFence = 76.839 ns, UpperFence = 82.472 ns
ConfidenceInterval = [77.921 ns; 81.226 ns] (CI 99.9%), Margin = 1.653 ns (2.08% of Mean)
Skewness = 0.44, Kurtosis = 1.16, MValue = 2
-------------------- Histogram --------------------
[78.130 ns ; 79.731 ns) | @@@@@
[79.731 ns ; 81.399 ns) | @@@
---------------------------------------------------

CustomConversion.AutoMapper: Quick(MaxRelativeError=0.05, Arguments=/p:MatrixMode=Benchmark, IterationTime=250ms, MaxIterationCount=12, MaxWarmupIterationCount=5, MinIterationCount=8, MinWarmupIterationCount=3)
Runtime = .NET 10.0.10 (10.0.10, 10.0.1026.32716), X64 RyuJIT x86-64-v4; GC = Concurrent Workstation
Mean = 87.901 ns, StdErr = 0.154 ns (0.18%), N = 8, StdDev = 0.436 ns
Min = 87.428 ns, Q1 = 87.550 ns, Median = 87.778 ns, Q3 = 88.258 ns, Max = 88.588 ns
IQR = 0.708 ns, LowerFence = 86.487 ns, UpperFence = 89.321 ns
ConfidenceInterval = [87.067 ns; 88.735 ns] (CI 99.9%), Margin = 0.834 ns (0.95% of Mean)
Skewness = 0.3, Kurtosis = 1.22, MValue = 2
-------------------- Histogram --------------------
[87.141 ns ; 88.875 ns) | @@@@@@@@
---------------------------------------------------

// * Summary *

BenchmarkDotNet v0.15.8, Linux Ubuntu 24.04.4 LTS (Noble Numbat)
INTEL XEON PLATINUM 8573C 2.30GHz, 1 CPU, 4 logical and 2 physical cores
.NET SDK 10.0.302
  [Host] : .NET 10.0.10 (10.0.10, 10.0.1026.32716), X64 RyuJIT x86-64-v4
  Quick  : .NET 10.0.10 (10.0.10, 10.0.1026.32716), X64 RyuJIT x86-64-v4

Job=Quick  MaxRelativeError=0.05  Arguments=/p:MatrixMode=Benchmark  
IterationTime=250ms  MaxIterationCount=12  MaxWarmupIterationCount=5  
MinIterationCount=8  MinWarmupIterationCount=3  

| Method     | Mean     | Error    | StdDev   | Ratio | RatioSD | Gen0   | Allocated | Alloc Ratio |
|----------- |---------:|---------:|---------:|------:|--------:|-------:|----------:|------------:|
| Mapperly   | 54.24 ns | 1.364 ns | 0.714 ns |  0.98 |    0.02 | 0.0009 |      88 B |        1.00 |
| HandCoded  | 55.30 ns | 1.171 ns | 0.612 ns |  1.00 |    0.01 | 0.0010 |      88 B |        1.00 |
| Mapster    | 79.57 ns | 1.653 ns | 0.864 ns |  1.44 |    0.02 | 0.0010 |     112 B |        1.27 |
| AutoMapper | 87.90 ns | 0.834 ns | 0.436 ns |  1.59 |    0.02 | 0.0007 |      88 B |        1.00 |

// * Legends *
  Mean        : Arithmetic mean of all measurements
  Error       : Half of 99.9% confidence interval
  StdDev      : Standard deviation of all measurements
  Ratio       : Mean of the ratio distribution ([Current]/[Baseline])
  RatioSD     : Standard deviation of the ratio distribution ([Current]/[Baseline])
  Gen0        : GC Generation 0 collects per 1000 operations
  Allocated   : Allocated memory per single operation (managed only, inclusive, 1KB = 1024B)
  Alloc Ratio : Allocated memory ratio distribution ([Current]/[Baseline])
  1 ns        : 1 Nanosecond (0.000000001 sec)

// * Diagnostic Output - MemoryDiagnoser *


// ***** BenchmarkRunner: End *****
Run time: 00:00:25 (25.59 sec), executed benchmarks: 4

// Found 4 benchmarks:
//   Flattening.AutoMapper: Quick(MaxRelativeError=0.05, Arguments=/p:MatrixMode=Benchmark, IterationTime=250ms, MaxIterationCount=12, MaxWarmupIterationCount=5, MinIterationCount=8, MinWarmupIterationCount=3)
//   Flattening.HandCoded: Quick(MaxRelativeError=0.05, Arguments=/p:MatrixMode=Benchmark, IterationTime=250ms, MaxIterationCount=12, MaxWarmupIterationCount=5, MinIterationCount=8, MinWarmupIterationCount=3)
//   Flattening.Mapperly: Quick(MaxRelativeError=0.05, Arguments=/p:MatrixMode=Benchmark, IterationTime=250ms, MaxIterationCount=12, MaxWarmupIterationCount=5, MinIterationCount=8, MinWarmupIterationCount=3)
//   Flattening.Mapster: Quick(MaxRelativeError=0.05, Arguments=/p:MatrixMode=Benchmark, IterationTime=250ms, MaxIterationCount=12, MaxWarmupIterationCount=5, MinIterationCount=8, MinWarmupIterationCount=3)

// **************************
// Benchmark: Flattening.AutoMapper: Quick(MaxRelativeError=0.05, Arguments=/p:MatrixMode=Benchmark, IterationTime=250ms, MaxIterationCount=12, MaxWarmupIterationCount=5, MinIterationCount=8, MinWarmupIterationCount=3)
// *** Execute ***
// Launch: 1 / 1
// Execute: dotnet Matrix.ObjectMapping-Quick-1.dll --anonymousPipes 182 183 --benchmarkName Matrix.ObjectMapping.Benchmarks.Flattening.AutoMapper --job Quick --benchmarkId 8 in /home/runner/work/dotnet-matrix/dotnet-matrix/src/Matrix.ObjectMapping/bin/Benchmark/Release/net10.0/Matrix.ObjectMapping-Quick-1/bin/Release/net10.0
// Failed to set up high priority (Permission denied). In order to run benchmarks with high priority, make sure you have the right permissions.
// BeforeAnythingElse

// Benchmark Process Environment Information:
// BenchmarkDotNet v0.15.8
// Runtime=.NET 10.0.10 (10.0.10, 10.0.1026.32716), X64 RyuJIT x86-64-v4
// GC=Concurrent Workstation
// HardwareIntrinsics=AVX512 BITALG+VBMI2+VNNI+VPOPCNTDQ,AVX512 IFMA+VBMI,AVX512 F+BW+CD+DQ+VL,AVX2+BMI1+BMI2+F16C+FMA+LZCNT+MOVBE,AVX,SSE3+SSSE3+SSE4.1+SSE4.2+POPCNT,X86Base+SSE+SSE2,AES+PCLMUL,AvxVnni,SERIALIZE VectorSize=256
// Job: Quick(MaxRelativeError=0.05, IterationTime=250ms, MaxIterationCount=12, MaxWarmupIterationCount=5, MinIterationCount=8, MinWarmupIterationCount=3)

OverheadJitting  1: 1 op, 250341.00 ns, 250.3410 us/op
WorkloadJitting  1: 1 op, 1436716.00 ns, 1.4367 ms/op

OverheadJitting  2: 16 op, 450338.00 ns, 28.1461 us/op
WorkloadJitting  2: 16 op, 666466.00 ns, 41.6541 us/op

WorkloadPilot    1: 16 op, 9938.00 ns, 621.1250 ns/op
WorkloadPilot    2: 402496 op, 82139258.00 ns, 204.0747 ns/op
WorkloadPilot    3: 1225056 op, 121755826.00 ns, 99.3880 ns/op
WorkloadPilot    4: 2515408 op, 136863366.00 ns, 54.4100 ns/op
WorkloadPilot    5: 4594752 op, 240158891.00 ns, 52.2681 ns/op
WorkloadPilot    6: 4783040 op, 246094844.00 ns, 51.4516 ns/op
WorkloadPilot    7: 4858944 op, 249746526.00 ns, 51.3993 ns/op
WorkloadPilot    8: 4863888 op, 246852777.00 ns, 50.7522 ns/op
WorkloadPilot    9: 4925904 op, 251998437.00 ns, 51.1578 ns/op
WorkloadPilot   10: 4886848 op, 246613043.00 ns, 50.4646 ns/op
WorkloadPilot   11: 4953968 op, 254206523.00 ns, 51.3137 ns/op
WorkloadPilot   12: 4872000 op, 248772175.00 ns, 51.0616 ns/op
WorkloadPilot   13: 4896048 op, 248681888.00 ns, 50.7924 ns/op
WorkloadPilot   14: 4922000 op, 248460484.00 ns, 50.4796 ns/op
WorkloadPilot   15: 4952512 op, 250978927.00 ns, 50.6771 ns/op

OverheadWarmup   1: 4952512 op, 25025635.00 ns, 5.0531 ns/op
OverheadWarmup   2: 4952512 op, 24958613.00 ns, 5.0396 ns/op
OverheadWarmup   3: 4952512 op, 24937974.00 ns, 5.0354 ns/op
OverheadWarmup   4: 4952512 op, 24819717.00 ns, 5.0115 ns/op
OverheadWarmup   5: 4952512 op, 24766342.00 ns, 5.0008 ns/op
OverheadWarmup   6: 4952512 op, 24828759.00 ns, 5.0134 ns/op
OverheadWarmup   7: 4952512 op, 24817171.00 ns, 5.0110 ns/op
OverheadWarmup   8: 4952512 op, 24780554.00 ns, 5.0036 ns/op
OverheadWarmup   9: 4952512 op, 24863106.00 ns, 5.0203 ns/op
OverheadWarmup  10: 4952512 op, 24647711.00 ns, 4.9768 ns/op

OverheadActual   1: 4952512 op, 24782693.00 ns, 5.0041 ns/op
OverheadActual   2: 4952512 op, 25009407.00 ns, 5.0498 ns/op
OverheadActual   3: 4952512 op, 24945022.00 ns, 5.0368 ns/op
OverheadActual   4: 4952512 op, 24915784.00 ns, 5.0309 ns/op
OverheadActual   5: 4952512 op, 24961583.00 ns, 5.0402 ns/op
OverheadActual   6: 4952512 op, 24939588.00 ns, 5.0357 ns/op
OverheadActual   7: 4952512 op, 24945307.00 ns, 5.0369 ns/op
OverheadActual   8: 4952512 op, 24818145.00 ns, 5.0112 ns/op

WorkloadWarmup   1: 4952512 op, 264248023.00 ns, 53.3564 ns/op
WorkloadWarmup   2: 4952512 op, 236018362.00 ns, 47.6563 ns/op
WorkloadWarmup   3: 4952512 op, 230291732.00 ns, 46.5000 ns/op
WorkloadWarmup   4: 4952512 op, 229935211.00 ns, 46.4280 ns/op
WorkloadWarmup   5: 4952512 op, 229982208.00 ns, 46.4375 ns/op

// BeforeActualRun
WorkloadActual   1: 4952512 op, 234252089.00 ns, 47.2997 ns/op
WorkloadActual   2: 4952512 op, 233779852.00 ns, 47.2043 ns/op
WorkloadActual   3: 4952512 op, 234673879.00 ns, 47.3848 ns/op
WorkloadActual   4: 4952512 op, 234976724.00 ns, 47.4460 ns/op
WorkloadActual   5: 4952512 op, 235327346.00 ns, 47.5168 ns/op
WorkloadActual   6: 4952512 op, 234987029.00 ns, 47.4480 ns/op
WorkloadActual   7: 4952512 op, 236282707.00 ns, 47.7097 ns/op
WorkloadActual   8: 4952512 op, 232486532.00 ns, 46.9432 ns/op

// AfterActualRun
WorkloadResult   1: 4952512 op, 209309784.00 ns, 42.2634 ns/op
WorkloadResult   2: 4952512 op, 208837547.00 ns, 42.1680 ns/op
WorkloadResult   3: 4952512 op, 209731574.00 ns, 42.3485 ns/op
WorkloadResult   4: 4952512 op, 210034419.00 ns, 42.4097 ns/op
WorkloadResult   5: 4952512 op, 210385041.00 ns, 42.4805 ns/op
WorkloadResult   6: 4952512 op, 210044724.00 ns, 42.4118 ns/op
WorkloadResult   7: 4952512 op, 211340402.00 ns, 42.6734 ns/op
WorkloadResult   8: 4952512 op, 207544227.00 ns, 41.9069 ns/op
// GC:  3 0 0 277340672 4952512
// Threading:  0 0 4952512

// AfterAll
// Benchmark Process 3316 has exited with code 0.

Mean = 42.333 ns, StdErr = 0.081 ns (0.19%), N = 8, StdDev = 0.228 ns
Min = 41.907 ns, Q1 = 42.240 ns, Median = 42.379 ns, Q3 = 42.429 ns, Max = 42.673 ns
IQR = 0.189 ns, LowerFence = 41.955 ns, UpperFence = 42.713 ns
ConfidenceInterval = [41.897 ns; 42.769 ns] (CI 99.9%), Margin = 0.436 ns (1.03% of Mean)
Skewness = -0.41, Kurtosis = 2.21, MValue = 2

// ** Remained 29 (76.3 %) benchmark(s) to run. Estimated finish 2026-08-04 6:44 (0h 3m from now) **
// **************************
// Benchmark: Flattening.HandCoded: Quick(MaxRelativeError=0.05, Arguments=/p:MatrixMode=Benchmark, IterationTime=250ms, MaxIterationCount=12, MaxWarmupIterationCount=5, MinIterationCount=8, MinWarmupIterationCount=3)
// *** Execute ***
// Launch: 1 / 1
// Execute: dotnet Matrix.ObjectMapping-Quick-1.dll --anonymousPipes 182 183 --benchmarkName Matrix.ObjectMapping.Benchmarks.Flattening.HandCoded --job Quick --benchmarkId 9 in /home/runner/work/dotnet-matrix/dotnet-matrix/src/Matrix.ObjectMapping/bin/Benchmark/Release/net10.0/Matrix.ObjectMapping-Quick-1/bin/Release/net10.0
// Failed to set up high priority (Permission denied). In order to run benchmarks with high priority, make sure you have the right permissions.
// BeforeAnythingElse

// Benchmark Process Environment Information:
// BenchmarkDotNet v0.15.8
// Runtime=.NET 10.0.10 (10.0.10, 10.0.1026.32716), X64 RyuJIT x86-64-v4
// GC=Concurrent Workstation
// HardwareIntrinsics=AVX512 BITALG+VBMI2+VNNI+VPOPCNTDQ,AVX512 IFMA+VBMI,AVX512 F+BW+CD+DQ+VL,AVX2+BMI1+BMI2+F16C+FMA+LZCNT+MOVBE,AVX,SSE3+SSSE3+SSE4.1+SSE4.2+POPCNT,X86Base+SSE+SSE2,AES+PCLMUL,AvxVnni,SERIALIZE VectorSize=256
// Job: Quick(MaxRelativeError=0.05, IterationTime=250ms, MaxIterationCount=12, MaxWarmupIterationCount=5, MinIterationCount=8, MinWarmupIterationCount=3)

OverheadJitting  1: 1 op, 191390.00 ns, 191.3900 us/op
WorkloadJitting  1: 1 op, 450393.00 ns, 450.3930 us/op

OverheadJitting  2: 16 op, 441471.00 ns, 27.5919 us/op
WorkloadJitting  2: 16 op, 496591.00 ns, 31.0369 us/op

WorkloadPilot    1: 16 op, 3150.00 ns, 196.8750 ns/op
WorkloadPilot    2: 1269856 op, 59605682.00 ns, 46.9389 ns/op
WorkloadPilot    3: 5326080 op, 104114181.00 ns, 19.5480 ns/op
WorkloadPilot    4: 12789040 op, 146939972.00 ns, 11.4895 ns/op
WorkloadPilot    5: 21758960 op, 246540717.00 ns, 11.3305 ns/op
WorkloadPilot    6: 22064272 op, 254032789.00 ns, 11.5133 ns/op
WorkloadPilot    7: 21714000 op, 249368634.00 ns, 11.4842 ns/op
WorkloadPilot    8: 21768992 op, 246402797.00 ns, 11.3190 ns/op
WorkloadPilot    9: 22086800 op, 253412640.00 ns, 11.4735 ns/op
WorkloadPilot   10: 21789376 op, 250333532.00 ns, 11.4888 ns/op

OverheadWarmup   1: 21789376 op, 97896210.00 ns, 4.4928 ns/op
OverheadWarmup   2: 21789376 op, 97081920.00 ns, 4.4555 ns/op
OverheadWarmup   3: 21789376 op, 85498120.00 ns, 3.9238 ns/op
OverheadWarmup   4: 21789376 op, 85322044.00 ns, 3.9158 ns/op
OverheadWarmup   5: 21789376 op, 85376165.00 ns, 3.9182 ns/op
OverheadWarmup   6: 21789376 op, 85169462.00 ns, 3.9088 ns/op
OverheadWarmup   7: 21789376 op, 86035856.00 ns, 3.9485 ns/op
OverheadWarmup   8: 21789376 op, 85814947.00 ns, 3.9384 ns/op

OverheadActual   1: 21789376 op, 85525465.00 ns, 3.9251 ns/op
OverheadActual   2: 21789376 op, 85067352.00 ns, 3.9041 ns/op
OverheadActual   3: 21789376 op, 85111497.00 ns, 3.9061 ns/op
OverheadActual   4: 21789376 op, 86313233.00 ns, 3.9613 ns/op
OverheadActual   5: 21789376 op, 84431934.00 ns, 3.8749 ns/op
OverheadActual   6: 21789376 op, 85815461.00 ns, 3.9384 ns/op
OverheadActual   7: 21789376 op, 85452848.00 ns, 3.9218 ns/op
OverheadActual   8: 21789376 op, 85673000.00 ns, 3.9319 ns/op

WorkloadWarmup   1: 21789376 op, 292930098.00 ns, 13.4437 ns/op
WorkloadWarmup   2: 21789376 op, 257634400.00 ns, 11.8239 ns/op
WorkloadWarmup   3: 21789376 op, 247864233.00 ns, 11.3755 ns/op
WorkloadWarmup   4: 21789376 op, 249380231.00 ns, 11.4450 ns/op
WorkloadWarmup   5: 21789376 op, 248025939.00 ns, 11.3829 ns/op

// BeforeActualRun
WorkloadActual   1: 21789376 op, 247352411.00 ns, 11.3520 ns/op
WorkloadActual   2: 21789376 op, 245803770.00 ns, 11.2809 ns/op
WorkloadActual   3: 21789376 op, 246041907.00 ns, 11.2918 ns/op
WorkloadActual   4: 21789376 op, 253226433.00 ns, 11.6216 ns/op
WorkloadActual   5: 21789376 op, 244874511.00 ns, 11.2383 ns/op
WorkloadActual   6: 21789376 op, 245400509.00 ns, 11.2624 ns/op
WorkloadActual   7: 21789376 op, 244985847.00 ns, 11.2434 ns/op
WorkloadActual   8: 21789376 op, 246370320.00 ns, 11.3069 ns/op

// AfterActualRun
WorkloadResult   1: 21789376 op, 161863254.50 ns, 7.4285 ns/op
WorkloadResult   2: 21789376 op, 160314613.50 ns, 7.3575 ns/op
WorkloadResult   3: 21789376 op, 160552750.50 ns, 7.3684 ns/op
WorkloadResult   4: 21789376 op, 159385354.50 ns, 7.3148 ns/op
WorkloadResult   5: 21789376 op, 159911352.50 ns, 7.3390 ns/op
WorkloadResult   6: 21789376 op, 159496690.50 ns, 7.3199 ns/op
WorkloadResult   7: 21789376 op, 160881163.50 ns, 7.3835 ns/op
// GC:  14 0 0 1220205056 21789376
// Threading:  0 0 21789376

// AfterAll
// Benchmark Process 3327 has exited with code 0.

Mean = 7.359 ns, StdErr = 0.015 ns (0.20%), N = 7, StdDev = 0.040 ns
Min = 7.315 ns, Q1 = 7.329 ns, Median = 7.357 ns, Q3 = 7.376 ns, Max = 7.429 ns
IQR = 0.046 ns, LowerFence = 7.260 ns, UpperFence = 7.446 ns
ConfidenceInterval = [7.270 ns; 7.448 ns] (CI 99.9%), Margin = 0.089 ns (1.21% of Mean)
Skewness = 0.47, Kurtosis = 1.76, MValue = 2

// ** Remained 28 (73.7 %) benchmark(s) to run. Estimated finish 2026-08-04 6:44 (0h 2m from now) **
// **************************
// Benchmark: Flattening.Mapperly: Quick(MaxRelativeError=0.05, Arguments=/p:MatrixMode=Benchmark, IterationTime=250ms, MaxIterationCount=12, MaxWarmupIterationCount=5, MinIterationCount=8, MinWarmupIterationCount=3)
// *** Execute ***
// Launch: 1 / 1
// Execute: dotnet Matrix.ObjectMapping-Quick-1.dll --anonymousPipes 182 183 --benchmarkName Matrix.ObjectMapping.Benchmarks.Flattening.Mapperly --job Quick --benchmarkId 10 in /home/runner/work/dotnet-matrix/dotnet-matrix/src/Matrix.ObjectMapping/bin/Benchmark/Release/net10.0/Matrix.ObjectMapping-Quick-1/bin/Release/net10.0
// Failed to set up high priority (Permission denied). In order to run benchmarks with high priority, make sure you have the right permissions.
// BeforeAnythingElse

// Benchmark Process Environment Information:
// BenchmarkDotNet v0.15.8
// Runtime=.NET 10.0.10 (10.0.10, 10.0.1026.32716), X64 RyuJIT x86-64-v4
// GC=Concurrent Workstation
// HardwareIntrinsics=AVX512 BITALG+VBMI2+VNNI+VPOPCNTDQ,AVX512 IFMA+VBMI,AVX512 F+BW+CD+DQ+VL,AVX2+BMI1+BMI2+F16C+FMA+LZCNT+MOVBE,AVX,SSE3+SSSE3+SSE4.1+SSE4.2+POPCNT,X86Base+SSE+SSE2,AES+PCLMUL,AvxVnni,SERIALIZE VectorSize=256
// Job: Quick(MaxRelativeError=0.05, IterationTime=250ms, MaxIterationCount=12, MaxWarmupIterationCount=5, MinIterationCount=8, MinWarmupIterationCount=3)

OverheadJitting  1: 1 op, 191352.00 ns, 191.3520 us/op
WorkloadJitting  1: 1 op, 446436.00 ns, 446.4360 us/op

OverheadJitting  2: 16 op, 434522.00 ns, 27.1576 us/op
WorkloadJitting  2: 16 op, 442705.00 ns, 27.6691 us/op

WorkloadPilot    1: 16 op, 3100.00 ns, 193.7500 ns/op
WorkloadPilot    2: 1290336 op, 62577915.00 ns, 48.4974 ns/op
WorkloadPilot    3: 5154928 op, 110166124.00 ns, 21.3710 ns/op
WorkloadPilot    4: 11698080 op, 159977802.00 ns, 13.6756 ns/op
WorkloadPilot    5: 18280800 op, 241648594.00 ns, 13.2187 ns/op
WorkloadPilot    6: 18912592 op, 249142747.00 ns, 13.1734 ns/op
WorkloadPilot    7: 18977680 op, 245485582.00 ns, 12.9355 ns/op
WorkloadPilot    8: 19326688 op, 252241738.00 ns, 13.0515 ns/op
WorkloadPilot    9: 19154928 op, 250020622.00 ns, 13.0525 ns/op
WorkloadPilot   10: 19153360 op, 248780473.00 ns, 12.9889 ns/op
WorkloadPilot   11: 19247264 op, 252034003.00 ns, 13.0945 ns/op

OverheadWarmup   1: 19247264 op, 86188971.00 ns, 4.4780 ns/op
OverheadWarmup   2: 19247264 op, 86872937.00 ns, 4.5135 ns/op
OverheadWarmup   3: 19247264 op, 78140658.00 ns, 4.0598 ns/op
OverheadWarmup   4: 19247264 op, 75192117.00 ns, 3.9066 ns/op
OverheadWarmup   5: 19247264 op, 75343380.00 ns, 3.9145 ns/op
OverheadWarmup   6: 19247264 op, 75000138.00 ns, 3.8967 ns/op

OverheadActual   1: 19247264 op, 75272059.00 ns, 3.9108 ns/op
OverheadActual   2: 19247264 op, 75576511.00 ns, 3.9266 ns/op
OverheadActual   3: 19247264 op, 75819764.00 ns, 3.9392 ns/op
OverheadActual   4: 19247264 op, 76584149.00 ns, 3.9790 ns/op
OverheadActual   5: 19247264 op, 75332043.00 ns, 3.9139 ns/op
OverheadActual   6: 19247264 op, 75801495.00 ns, 3.9383 ns/op
OverheadActual   7: 19247264 op, 79773679.00 ns, 4.1447 ns/op
OverheadActual   8: 19247264 op, 75287253.00 ns, 3.9116 ns/op

WorkloadWarmup   1: 19247264 op, 296143249.00 ns, 15.3863 ns/op
WorkloadWarmup   2: 19247264 op, 261335311.00 ns, 13.5778 ns/op
WorkloadWarmup   3: 19247264 op, 252728362.00 ns, 13.1306 ns/op
WorkloadWarmup   4: 19247264 op, 251099724.00 ns, 13.0460 ns/op
WorkloadWarmup   5: 19247264 op, 250896496.00 ns, 13.0354 ns/op

// BeforeActualRun
WorkloadActual   1: 19247264 op, 253512521.00 ns, 13.1714 ns/op
WorkloadActual   2: 19247264 op, 253057828.00 ns, 13.1477 ns/op
WorkloadActual   3: 19247264 op, 250927822.00 ns, 13.0371 ns/op
WorkloadActual   4: 19247264 op, 250713213.00 ns, 13.0259 ns/op
WorkloadActual   5: 19247264 op, 251663166.00 ns, 13.0753 ns/op
WorkloadActual   6: 19247264 op, 253023309.00 ns, 13.1459 ns/op
WorkloadActual   7: 19247264 op, 252871184.00 ns, 13.1380 ns/op
WorkloadActual   8: 19247264 op, 254077346.00 ns, 13.2007 ns/op

// AfterActualRun
WorkloadResult   1: 19247264 op, 177823518.00 ns, 9.2389 ns/op
WorkloadResult   2: 19247264 op, 177368825.00 ns, 9.2153 ns/op
WorkloadResult   3: 19247264 op, 175238819.00 ns, 9.1046 ns/op
WorkloadResult   4: 19247264 op, 175024210.00 ns, 9.0935 ns/op
WorkloadResult   5: 19247264 op, 175974163.00 ns, 9.1428 ns/op
WorkloadResult   6: 19247264 op, 177334306.00 ns, 9.2135 ns/op
WorkloadResult   7: 19247264 op, 177182181.00 ns, 9.2056 ns/op
WorkloadResult   8: 19247264 op, 178388343.00 ns, 9.2682 ns/op
// GC:  12 0 0 1077846784 19247264
// Threading:  0 0 19247264

// AfterAll
// Benchmark Process 3340 has exited with code 0.

Mean = 9.185 ns, StdErr = 0.023 ns (0.25%), N = 8, StdDev = 0.064 ns
Min = 9.093 ns, Q1 = 9.133 ns, Median = 9.210 ns, Q3 = 9.221 ns, Max = 9.268 ns
IQR = 0.088 ns, LowerFence = 9.001 ns, UpperFence = 9.353 ns
ConfidenceInterval = [9.063 ns; 9.308 ns] (CI 99.9%), Margin = 0.122 ns (1.33% of Mean)
Skewness = -0.28, Kurtosis = 1.3, MValue = 2

// ** Remained 27 (71.1 %) benchmark(s) to run. Estimated finish 2026-08-04 6:44 (0h 2m from now) **
// **************************
// Benchmark: Flattening.Mapster: Quick(MaxRelativeError=0.05, Arguments=/p:MatrixMode=Benchmark, IterationTime=250ms, MaxIterationCount=12, MaxWarmupIterationCount=5, MinIterationCount=8, MinWarmupIterationCount=3)
// *** Execute ***
// Launch: 1 / 1
// Execute: dotnet Matrix.ObjectMapping-Quick-1.dll --anonymousPipes 182 183 --benchmarkName Matrix.ObjectMapping.Benchmarks.Flattening.Mapster --job Quick --benchmarkId 11 in /home/runner/work/dotnet-matrix/dotnet-matrix/src/Matrix.ObjectMapping/bin/Benchmark/Release/net10.0/Matrix.ObjectMapping-Quick-1/bin/Release/net10.0
// Failed to set up high priority (Permission denied). In order to run benchmarks with high priority, make sure you have the right permissions.
// BeforeAnythingElse

// Benchmark Process Environment Information:
// BenchmarkDotNet v0.15.8
// Runtime=.NET 10.0.10 (10.0.10, 10.0.1026.32716), X64 RyuJIT x86-64-v4
// GC=Concurrent Workstation
// HardwareIntrinsics=AVX512 BITALG+VBMI2+VNNI+VPOPCNTDQ,AVX512 IFMA+VBMI,AVX512 F+BW+CD+DQ+VL,AVX2+BMI1+BMI2+F16C+FMA+LZCNT+MOVBE,AVX,SSE3+SSSE3+SSE4.1+SSE4.2+POPCNT,X86Base+SSE+SSE2,AES+PCLMUL,AvxVnni,SERIALIZE VectorSize=256
// Job: Quick(MaxRelativeError=0.05, IterationTime=250ms, MaxIterationCount=12, MaxWarmupIterationCount=5, MinIterationCount=8, MinWarmupIterationCount=3)

OverheadJitting  1: 1 op, 186236.00 ns, 186.2360 us/op
WorkloadJitting  1: 1 op, 2269350.00 ns, 2.2694 ms/op

OverheadJitting  2: 16 op, 443391.00 ns, 27.7119 us/op
WorkloadJitting  2: 16 op, 432521.00 ns, 27.0326 us/op

WorkloadPilot    1: 16 op, 6115.00 ns, 382.1875 ns/op
WorkloadPilot    2: 654144 op, 61625237.00 ns, 94.2074 ns/op
WorkloadPilot    3: 2653728 op, 111353289.00 ns, 41.9611 ns/op
WorkloadPilot    4: 5957904 op, 130471760.00 ns, 21.8989 ns/op
WorkloadPilot    5: 11416080 op, 238764599.00 ns, 20.9148 ns/op
WorkloadPilot    6: 11953280 op, 253491774.00 ns, 21.2069 ns/op
WorkloadPilot    7: 11788640 op, 246545254.00 ns, 20.9138 ns/op
WorkloadPilot    8: 11953840 op, 254652711.00 ns, 21.3030 ns/op
WorkloadPilot    9: 11735440 op, 247179219.00 ns, 21.0626 ns/op
WorkloadPilot   10: 11869376 op, 246195496.00 ns, 20.7421 ns/op
WorkloadPilot   11: 12052800 op, 251696392.00 ns, 20.8828 ns/op

OverheadWarmup   1: 12052800 op, 54477323.00 ns, 4.5199 ns/op
OverheadWarmup   2: 12052800 op, 54613699.00 ns, 4.5312 ns/op
OverheadWarmup   3: 12052800 op, 53528127.00 ns, 4.4411 ns/op
OverheadWarmup   4: 12052800 op, 50679106.00 ns, 4.2048 ns/op
OverheadWarmup   5: 12052800 op, 46270078.00 ns, 3.8389 ns/op
OverheadWarmup   6: 12052800 op, 46206417.00 ns, 3.8337 ns/op
OverheadWarmup   7: 12052800 op, 46540316.00 ns, 3.8614 ns/op
OverheadWarmup   8: 12052800 op, 46807712.00 ns, 3.8836 ns/op
OverheadWarmup   9: 12052800 op, 46424886.00 ns, 3.8518 ns/op

OverheadActual   1: 12052800 op, 46433091.00 ns, 3.8525 ns/op
OverheadActual   2: 12052800 op, 46381870.00 ns, 3.8482 ns/op
OverheadActual   3: 12052800 op, 46474200.00 ns, 3.8559 ns/op
OverheadActual   4: 12052800 op, 46382646.00 ns, 3.8483 ns/op
OverheadActual   5: 12052800 op, 46415540.00 ns, 3.8510 ns/op
OverheadActual   6: 12052800 op, 46465484.00 ns, 3.8552 ns/op
OverheadActual   7: 12052800 op, 46498183.00 ns, 3.8579 ns/op
OverheadActual   8: 12052800 op, 46421386.00 ns, 3.8515 ns/op

WorkloadWarmup   1: 12052800 op, 289315211.00 ns, 24.0040 ns/op
WorkloadWarmup   2: 12052800 op, 256373252.00 ns, 21.2708 ns/op
WorkloadWarmup   3: 12052800 op, 252653646.00 ns, 20.9622 ns/op
WorkloadWarmup   4: 12052800 op, 255228692.00 ns, 21.1759 ns/op
WorkloadWarmup   5: 12052800 op, 257759396.00 ns, 21.3859 ns/op

// BeforeActualRun
WorkloadActual   1: 12052800 op, 255966985.00 ns, 21.2371 ns/op
WorkloadActual   2: 12052800 op, 252076625.00 ns, 20.9144 ns/op
WorkloadActual   3: 12052800 op, 253445225.00 ns, 21.0279 ns/op
WorkloadActual   4: 12052800 op, 249376118.00 ns, 20.6903 ns/op
WorkloadActual   5: 12052800 op, 249876310.00 ns, 20.7318 ns/op
WorkloadActual   6: 12052800 op, 253978344.00 ns, 21.0721 ns/op
WorkloadActual   7: 12052800 op, 264426056.00 ns, 21.9390 ns/op
WorkloadActual   8: 12052800 op, 269840811.00 ns, 22.3882 ns/op
WorkloadActual   9: 12052800 op, 254820318.00 ns, 21.1420 ns/op

// AfterActualRun
WorkloadResult   1: 12052800 op, 209539746.50 ns, 17.3852 ns/op
WorkloadResult   2: 12052800 op, 205649386.50 ns, 17.0624 ns/op
WorkloadResult   3: 12052800 op, 207017986.50 ns, 17.1759 ns/op
WorkloadResult   4: 12052800 op, 202948879.50 ns, 16.8383 ns/op
WorkloadResult   5: 12052800 op, 203449071.50 ns, 16.8798 ns/op
WorkloadResult   6: 12052800 op, 207551105.50 ns, 17.2202 ns/op
WorkloadResult   7: 12052800 op, 208393079.50 ns, 17.2900 ns/op
// GC:  8 0 0 674956800 12052800
// Threading:  0 0 12052800

// AfterAll
// Benchmark Process 3350 has exited with code 0.

Mean = 17.122 ns, StdErr = 0.078 ns (0.45%), N = 7, StdDev = 0.205 ns
Min = 16.838 ns, Q1 = 16.971 ns, Median = 17.176 ns, Q3 = 17.255 ns, Max = 17.385 ns
IQR = 0.284 ns, LowerFence = 16.545 ns, UpperFence = 17.681 ns
ConfidenceInterval = [16.659 ns; 17.584 ns] (CI 99.9%), Margin = 0.462 ns (2.70% of Mean)
Skewness = -0.21, Kurtosis = 1.26, MValue = 2

// ** Remained 26 (68.4 %) benchmark(s) to run. Estimated finish 2026-08-04 6:44 (0h 2m from now) **
// ***** BenchmarkRunner: Finish  *****

// * Export *
  tmp/dotnet-matrix/ObjectMapping/8d220c999547463fb13173176bcb2803/results/Matrix.ObjectMapping.Benchmarks.Flattening-report.csv
  tmp/dotnet-matrix/ObjectMapping/8d220c999547463fb13173176bcb2803/results/Matrix.ObjectMapping.Benchmarks.Flattening-report-github.md
  tmp/dotnet-matrix/ObjectMapping/8d220c999547463fb13173176bcb2803/results/Matrix.ObjectMapping.Benchmarks.Flattening-report.html
  tmp/dotnet-matrix/ObjectMapping/8d220c999547463fb13173176bcb2803/results/Matrix.ObjectMapping.Benchmarks.Flattening-report-full.json

// * Detailed results *
Flattening.HandCoded: Quick(MaxRelativeError=0.05, Arguments=/p:MatrixMode=Benchmark, IterationTime=250ms, MaxIterationCount=12, MaxWarmupIterationCount=5, MinIterationCount=8, MinWarmupIterationCount=3)
Runtime = .NET 10.0.10 (10.0.10, 10.0.1026.32716), X64 RyuJIT x86-64-v4; GC = Concurrent Workstation
Mean = 7.359 ns, StdErr = 0.015 ns (0.20%), N = 7, StdDev = 0.040 ns
Min = 7.315 ns, Q1 = 7.329 ns, Median = 7.357 ns, Q3 = 7.376 ns, Max = 7.429 ns
IQR = 0.046 ns, LowerFence = 7.260 ns, UpperFence = 7.446 ns
ConfidenceInterval = [7.270 ns; 7.448 ns] (CI 99.9%), Margin = 0.089 ns (1.21% of Mean)
Skewness = 0.47, Kurtosis = 1.76, MValue = 2
-------------------- Histogram --------------------
[7.288 ns ; 7.456 ns) | @@@@@@@
---------------------------------------------------

Flattening.Mapperly: Quick(MaxRelativeError=0.05, Arguments=/p:MatrixMode=Benchmark, IterationTime=250ms, MaxIterationCount=12, MaxWarmupIterationCount=5, MinIterationCount=8, MinWarmupIterationCount=3)
Runtime = .NET 10.0.10 (10.0.10, 10.0.1026.32716), X64 RyuJIT x86-64-v4; GC = Concurrent Workstation
Mean = 9.185 ns, StdErr = 0.023 ns (0.25%), N = 8, StdDev = 0.064 ns
Min = 9.093 ns, Q1 = 9.133 ns, Median = 9.210 ns, Q3 = 9.221 ns, Max = 9.268 ns
IQR = 0.088 ns, LowerFence = 9.001 ns, UpperFence = 9.353 ns
ConfidenceInterval = [9.063 ns; 9.308 ns] (CI 99.9%), Margin = 0.122 ns (1.33% of Mean)
Skewness = -0.28, Kurtosis = 1.3, MValue = 2
-------------------- Histogram --------------------
[9.051 ns ; 9.310 ns) | @@@@@@@@
---------------------------------------------------

Flattening.Mapster: Quick(MaxRelativeError=0.05, Arguments=/p:MatrixMode=Benchmark, IterationTime=250ms, MaxIterationCount=12, MaxWarmupIterationCount=5, MinIterationCount=8, MinWarmupIterationCount=3)
Runtime = .NET 10.0.10 (10.0.10, 10.0.1026.32716), X64 RyuJIT x86-64-v4; GC = Concurrent Workstation
Mean = 17.122 ns, StdErr = 0.078 ns (0.45%), N = 7, StdDev = 0.205 ns
Min = 16.838 ns, Q1 = 16.971 ns, Median = 17.176 ns, Q3 = 17.255 ns, Max = 17.385 ns
IQR = 0.284 ns, LowerFence = 16.545 ns, UpperFence = 17.681 ns
ConfidenceInterval = [16.659 ns; 17.584 ns] (CI 99.9%), Margin = 0.462 ns (2.70% of Mean)
Skewness = -0.21, Kurtosis = 1.26, MValue = 2
-------------------- Histogram --------------------
[16.781 ns ; 17.453 ns) | @@@@@@@
---------------------------------------------------

Flattening.AutoMapper: Quick(MaxRelativeError=0.05, Arguments=/p:MatrixMode=Benchmark, IterationTime=250ms, MaxIterationCount=12, MaxWarmupIterationCount=5, MinIterationCount=8, MinWarmupIterationCount=3)
Runtime = .NET 10.0.10 (10.0.10, 10.0.1026.32716), X64 RyuJIT x86-64-v4; GC = Concurrent Workstation
Mean = 42.333 ns, StdErr = 0.081 ns (0.19%), N = 8, StdDev = 0.228 ns
Min = 41.907 ns, Q1 = 42.240 ns, Median = 42.379 ns, Q3 = 42.429 ns, Max = 42.673 ns
IQR = 0.189 ns, LowerFence = 41.955 ns, UpperFence = 42.713 ns
ConfidenceInterval = [41.897 ns; 42.769 ns] (CI 99.9%), Margin = 0.436 ns (1.03% of Mean)
Skewness = -0.41, Kurtosis = 2.21, MValue = 2
-------------------- Histogram --------------------
[41.757 ns ; 42.823 ns) | @@@@@@@@
---------------------------------------------------

// * Summary *

BenchmarkDotNet v0.15.8, Linux Ubuntu 24.04.4 LTS (Noble Numbat)
INTEL XEON PLATINUM 8573C 2.30GHz, 1 CPU, 4 logical and 2 physical cores
.NET SDK 10.0.302
  [Host] : .NET 10.0.10 (10.0.10, 10.0.1026.32716), X64 RyuJIT x86-64-v4
  Quick  : .NET 10.0.10 (10.0.10, 10.0.1026.32716), X64 RyuJIT x86-64-v4

Job=Quick  MaxRelativeError=0.05  Arguments=/p:MatrixMode=Benchmark  
IterationTime=250ms  MaxIterationCount=12  MaxWarmupIterationCount=5  
MinIterationCount=8  MinWarmupIterationCount=3  

| Method     | Mean      | Error     | StdDev    | Ratio | RatioSD | Gen0   | Allocated | Alloc Ratio |
|----------- |----------:|----------:|----------:|------:|--------:|-------:|----------:|------------:|
| HandCoded  |  7.359 ns | 0.0892 ns | 0.0396 ns |  1.00 |    0.01 | 0.0006 |      56 B |        1.00 |
| Mapperly   |  9.185 ns | 0.1222 ns | 0.0639 ns |  1.25 |    0.01 | 0.0006 |      56 B |        1.00 |
| Mapster    | 17.122 ns | 0.4622 ns | 0.2052 ns |  2.33 |    0.03 | 0.0007 |      56 B |        1.00 |
| AutoMapper | 42.333 ns | 0.4358 ns | 0.2279 ns |  5.75 |    0.04 | 0.0006 |      56 B |        1.00 |

// * Hints *
Outliers
  Flattening.HandCoded: Quick  -> 1 outlier  was  removed (11.62 ns)
  Flattening.Mapster: Quick    -> 2 outliers were removed (21.94 ns, 22.39 ns)
  Flattening.AutoMapper: Quick -> 1 outlier  was  detected (46.94 ns)

// * Legends *
  Mean        : Arithmetic mean of all measurements
  Error       : Half of 99.9% confidence interval
  StdDev      : Standard deviation of all measurements
  Ratio       : Mean of the ratio distribution ([Current]/[Baseline])
  RatioSD     : Standard deviation of the ratio distribution ([Current]/[Baseline])
  Gen0        : GC Generation 0 collects per 1000 operations
  Allocated   : Allocated memory per single operation (managed only, inclusive, 1KB = 1024B)
  Alloc Ratio : Allocated memory ratio distribution ([Current]/[Baseline])
  1 ns        : 1 Nanosecond (0.000000001 sec)

// * Diagnostic Output - MemoryDiagnoser *


// ***** BenchmarkRunner: End *****
Run time: 00:00:28 (28.03 sec), executed benchmarks: 4

// Found 4 benchmarks:
//   MapToExisting.AutoMapper: Quick(MaxRelativeError=0.05, Arguments=/p:MatrixMode=Benchmark, IterationTime=250ms, MaxIterationCount=12, MaxWarmupIterationCount=5, MinIterationCount=8, MinWarmupIterationCount=3)
//   MapToExisting.HandCoded: Quick(MaxRelativeError=0.05, Arguments=/p:MatrixMode=Benchmark, IterationTime=250ms, MaxIterationCount=12, MaxWarmupIterationCount=5, MinIterationCount=8, MinWarmupIterationCount=3)
//   MapToExisting.Mapperly: Quick(MaxRelativeError=0.05, Arguments=/p:MatrixMode=Benchmark, IterationTime=250ms, MaxIterationCount=12, MaxWarmupIterationCount=5, MinIterationCount=8, MinWarmupIterationCount=3)
//   MapToExisting.Mapster: Quick(MaxRelativeError=0.05, Arguments=/p:MatrixMode=Benchmark, IterationTime=250ms, MaxIterationCount=12, MaxWarmupIterationCount=5, MinIterationCount=8, MinWarmupIterationCount=3)

// **************************
// Benchmark: MapToExisting.AutoMapper: Quick(MaxRelativeError=0.05, Arguments=/p:MatrixMode=Benchmark, IterationTime=250ms, MaxIterationCount=12, MaxWarmupIterationCount=5, MinIterationCount=8, MinWarmupIterationCount=3)
// *** Execute ***
// Launch: 1 / 1
// Execute: dotnet Matrix.ObjectMapping-Quick-1.dll --anonymousPipes 182 183 --benchmarkName Matrix.ObjectMapping.Benchmarks.MapToExisting.AutoMapper --job Quick --benchmarkId 12 in /home/runner/work/dotnet-matrix/dotnet-matrix/src/Matrix.ObjectMapping/bin/Benchmark/Release/net10.0/Matrix.ObjectMapping-Quick-1/bin/Release/net10.0
// Failed to set up high priority (Permission denied). In order to run benchmarks with high priority, make sure you have the right permissions.
// BeforeAnythingElse

// Benchmark Process Environment Information:
// BenchmarkDotNet v0.15.8
// Runtime=.NET 10.0.10 (10.0.10, 10.0.1026.32716), X64 RyuJIT x86-64-v4
// GC=Concurrent Workstation
// HardwareIntrinsics=AVX512 BITALG+VBMI2+VNNI+VPOPCNTDQ,AVX512 IFMA+VBMI,AVX512 F+BW+CD+DQ+VL,AVX2+BMI1+BMI2+F16C+FMA+LZCNT+MOVBE,AVX,SSE3+SSSE3+SSE4.1+SSE4.2+POPCNT,X86Base+SSE+SSE2,AES+PCLMUL,AvxVnni,SERIALIZE VectorSize=256
// Job: Quick(MaxRelativeError=0.05, IterationTime=250ms, MaxIterationCount=12, MaxWarmupIterationCount=5, MinIterationCount=8, MinWarmupIterationCount=3)

OverheadJitting  1: 1 op, 193344.00 ns, 193.3440 us/op
WorkloadJitting  1: 1 op, 841838.00 ns, 841.8380 us/op

OverheadJitting  2: 16 op, 420458.00 ns, 26.2786 us/op
WorkloadJitting  2: 16 op, 437126.00 ns, 27.3204 us/op

WorkloadPilot    1: 16 op, 8162.00 ns, 510.1250 ns/op
WorkloadPilot    2: 490080 op, 105764368.00 ns, 215.8104 ns/op
WorkloadPilot    3: 1158432 op, 75706927.00 ns, 65.3529 ns/op
WorkloadPilot    4: 3825392 op, 161765414.00 ns, 42.2873 ns/op
WorkloadPilot    5: 5911952 op, 250466215.00 ns, 42.3661 ns/op
WorkloadPilot    6: 5900960 op, 254459299.00 ns, 43.1217 ns/op
WorkloadPilot    7: 5797552 op, 246611012.00 ns, 42.5371 ns/op
WorkloadPilot    8: 5877232 op, 257699208.00 ns, 43.8470 ns/op

OverheadWarmup   1: 5877232 op, 30433370.00 ns, 5.1782 ns/op
OverheadWarmup   2: 5877232 op, 31570427.00 ns, 5.3716 ns/op
OverheadWarmup   3: 5877232 op, 28291923.00 ns, 4.8138 ns/op
OverheadWarmup   4: 5877232 op, 28626870.00 ns, 4.8708 ns/op
OverheadWarmup   5: 5877232 op, 28558724.00 ns, 4.8592 ns/op

OverheadActual   1: 5877232 op, 28667001.00 ns, 4.8776 ns/op
OverheadActual   2: 5877232 op, 30431591.00 ns, 5.1779 ns/op
OverheadActual   3: 5877232 op, 28318663.00 ns, 4.8184 ns/op
OverheadActual   4: 5877232 op, 28425550.00 ns, 4.8366 ns/op
OverheadActual   5: 5877232 op, 28478755.00 ns, 4.8456 ns/op
OverheadActual   6: 5877232 op, 28466263.00 ns, 4.8435 ns/op
OverheadActual   7: 5877232 op, 28345390.00 ns, 4.8229 ns/op
OverheadActual   8: 5877232 op, 34646877.00 ns, 5.8951 ns/op
OverheadActual   9: 5877232 op, 25269958.00 ns, 4.2996 ns/op
OverheadActual  10: 5877232 op, 22681423.00 ns, 3.8592 ns/op
OverheadActual  11: 5877232 op, 22735359.00 ns, 3.8684 ns/op
OverheadActual  12: 5877232 op, 22735282.00 ns, 3.8684 ns/op

WorkloadWarmup   1: 5877232 op, 248551882.00 ns, 42.2906 ns/op
WorkloadWarmup   2: 5877232 op, 247475603.00 ns, 42.1075 ns/op
WorkloadWarmup   3: 5877232 op, 248102064.00 ns, 42.2141 ns/op
WorkloadWarmup   4: 5877232 op, 247564381.00 ns, 42.1226 ns/op
WorkloadWarmup   5: 5877232 op, 249301945.00 ns, 42.4183 ns/op

// BeforeActualRun
WorkloadActual   1: 5877232 op, 247331702.00 ns, 42.0830 ns/op
WorkloadActual   2: 5877232 op, 247493379.00 ns, 42.1105 ns/op
WorkloadActual   3: 5877232 op, 247719624.00 ns, 42.1490 ns/op
WorkloadActual   4: 5877232 op, 249889129.00 ns, 42.5182 ns/op
WorkloadActual   5: 5877232 op, 247563772.00 ns, 42.1225 ns/op
WorkloadActual   6: 5877232 op, 249338976.00 ns, 42.4246 ns/op
WorkloadActual   7: 5877232 op, 247703871.00 ns, 42.1463 ns/op
WorkloadActual   8: 5877232 op, 247382979.00 ns, 42.0917 ns/op

// AfterActualRun
WorkloadResult   1: 5877232 op, 218946232.00 ns, 37.2533 ns/op
WorkloadResult   2: 5877232 op, 219107909.00 ns, 37.2808 ns/op
WorkloadResult   3: 5877232 op, 219334154.00 ns, 37.3193 ns/op
WorkloadResult   4: 5877232 op, 219178302.00 ns, 37.2928 ns/op
WorkloadResult   5: 5877232 op, 219318401.00 ns, 37.3166 ns/op
WorkloadResult   6: 5877232 op, 218997509.00 ns, 37.2620 ns/op
// GC:  0 0 0 0 5877232
// Threading:  0 0 5877232

// AfterAll
// Benchmark Process 3361 has exited with code 0.

Mean = 37.287 ns, StdErr = 0.011 ns (0.03%), N = 6, StdDev = 0.027 ns
Min = 37.253 ns, Q1 = 37.267 ns, Median = 37.287 ns, Q3 = 37.311 ns, Max = 37.319 ns
IQR = 0.044 ns, LowerFence = 37.201 ns, UpperFence = 37.377 ns
ConfidenceInterval = [37.211 ns; 37.364 ns] (CI 99.9%), Margin = 0.077 ns (0.21% of Mean)
Skewness = 0, Kurtosis = 1.05, MValue = 2

// ** Remained 25 (65.8 %) benchmark(s) to run. Estimated finish 2026-08-04 6:44 (0h 2m from now) **
// **************************
// Benchmark: MapToExisting.HandCoded: Quick(MaxRelativeError=0.05, Arguments=/p:MatrixMode=Benchmark, IterationTime=250ms, MaxIterationCount=12, MaxWarmupIterationCount=5, MinIterationCount=8, MinWarmupIterationCount=3)
// *** Execute ***
// Launch: 1 / 1
// Execute: dotnet Matrix.ObjectMapping-Quick-1.dll --anonymousPipes 182 183 --benchmarkName Matrix.ObjectMapping.Benchmarks.MapToExisting.HandCoded --job Quick --benchmarkId 13 in /home/runner/work/dotnet-matrix/dotnet-matrix/src/Matrix.ObjectMapping/bin/Benchmark/Release/net10.0/Matrix.ObjectMapping-Quick-1/bin/Release/net10.0
// Failed to set up high priority (Permission denied). In order to run benchmarks with high priority, make sure you have the right permissions.
// BeforeAnythingElse

// Benchmark Process Environment Information:
// BenchmarkDotNet v0.15.8
// Runtime=.NET 10.0.10 (10.0.10, 10.0.1026.32716), X64 RyuJIT x86-64-v4
// GC=Concurrent Workstation
// HardwareIntrinsics=AVX512 BITALG+VBMI2+VNNI+VPOPCNTDQ,AVX512 IFMA+VBMI,AVX512 F+BW+CD+DQ+VL,AVX2+BMI1+BMI2+F16C+FMA+LZCNT+MOVBE,AVX,SSE3+SSSE3+SSE4.1+SSE4.2+POPCNT,X86Base+SSE+SSE2,AES+PCLMUL,AvxVnni,SERIALIZE VectorSize=256
// Job: Quick(MaxRelativeError=0.05, IterationTime=250ms, MaxIterationCount=12, MaxWarmupIterationCount=5, MinIterationCount=8, MinWarmupIterationCount=3)

OverheadJitting  1: 1 op, 189041.00 ns, 189.0410 us/op
WorkloadJitting  1: 1 op, 361120.00 ns, 361.1200 us/op

OverheadJitting  2: 16 op, 449282.00 ns, 28.0801 us/op
WorkloadJitting  2: 16 op, 483607.00 ns, 30.2254 us/op

WorkloadPilot    1: 16 op, 3189.00 ns, 199.3125 ns/op
WorkloadPilot    2: 1254320 op, 23611749.00 ns, 18.8243 ns/op
WorkloadPilot    3: 13280688 op, 152542708.00 ns, 11.4861 ns/op
WorkloadPilot    4: 21765536 op, 155703244.00 ns, 7.1537 ns/op
WorkloadPilot    5: 34947152 op, 252736178.00 ns, 7.2320 ns/op
WorkloadPilot    6: 34568816 op, 248365087.00 ns, 7.1847 ns/op
WorkloadPilot    7: 34796384 op, 249659152.00 ns, 7.1749 ns/op
WorkloadPilot    8: 34843904 op, 247853673.00 ns, 7.1133 ns/op
WorkloadPilot    9: 35145648 op, 261475868.00 ns, 7.4398 ns/op
WorkloadPilot   10: 33603152 op, 241088305.00 ns, 7.1746 ns/op
WorkloadPilot   11: 34845280 op, 253464363.00 ns, 7.2740 ns/op

OverheadWarmup   1: 34845280 op, 165116708.00 ns, 4.7386 ns/op
OverheadWarmup   2: 34845280 op, 142210747.00 ns, 4.0812 ns/op
OverheadWarmup   3: 34845280 op, 137278026.00 ns, 3.9396 ns/op
OverheadWarmup   4: 34845280 op, 136582818.00 ns, 3.9197 ns/op
OverheadWarmup   5: 34845280 op, 136704823.00 ns, 3.9232 ns/op
OverheadWarmup   6: 34845280 op, 135981232.00 ns, 3.9024 ns/op
OverheadWarmup   7: 34845280 op, 139424173.00 ns, 4.0012 ns/op
OverheadWarmup   8: 34845280 op, 137474733.00 ns, 3.9453 ns/op

OverheadActual   1: 34845280 op, 136552295.00 ns, 3.9188 ns/op
OverheadActual   2: 34845280 op, 135774555.00 ns, 3.8965 ns/op
OverheadActual   3: 34845280 op, 136567363.00 ns, 3.9192 ns/op
OverheadActual   4: 34845280 op, 137113161.00 ns, 3.9349 ns/op
OverheadActual   5: 34845280 op, 137374510.00 ns, 3.9424 ns/op
OverheadActual   6: 34845280 op, 136362623.00 ns, 3.9134 ns/op
OverheadActual   7: 34845280 op, 137051481.00 ns, 3.9331 ns/op
OverheadActual   8: 34845280 op, 137368647.00 ns, 3.9422 ns/op

WorkloadWarmup   1: 34845280 op, 250143017.00 ns, 7.1787 ns/op
WorkloadWarmup   2: 34845280 op, 253581835.00 ns, 7.2774 ns/op
WorkloadWarmup   3: 34845280 op, 261396902.00 ns, 7.5016 ns/op
WorkloadWarmup   4: 34845280 op, 262868853.00 ns, 7.5439 ns/op
WorkloadWarmup   5: 34845280 op, 252602919.00 ns, 7.2493 ns/op

// BeforeActualRun
WorkloadActual   1: 34845280 op, 255000033.00 ns, 7.3181 ns/op
WorkloadActual   2: 34845280 op, 252599430.00 ns, 7.2492 ns/op
WorkloadActual   3: 34845280 op, 249415319.00 ns, 7.1578 ns/op
WorkloadActual   4: 34845280 op, 252307150.00 ns, 7.2408 ns/op
WorkloadActual   5: 34845280 op, 252851794.00 ns, 7.2564 ns/op
WorkloadActual   6: 34845280 op, 251368916.00 ns, 7.2139 ns/op
WorkloadActual   7: 34845280 op, 249449680.00 ns, 7.1588 ns/op
WorkloadActual   8: 34845280 op, 253852202.00 ns, 7.2851 ns/op

// AfterActualRun
WorkloadResult   1: 34845280 op, 118190611.00 ns, 3.3919 ns/op
WorkloadResult   2: 34845280 op, 115790008.00 ns, 3.3230 ns/op
WorkloadResult   3: 34845280 op, 112605897.00 ns, 3.2316 ns/op
WorkloadResult   4: 34845280 op, 115497728.00 ns, 3.3146 ns/op
WorkloadResult   5: 34845280 op, 116042372.00 ns, 3.3302 ns/op
WorkloadResult   6: 34845280 op, 114559494.00 ns, 3.2877 ns/op
WorkloadResult   7: 34845280 op, 112640258.00 ns, 3.2326 ns/op
WorkloadResult   8: 34845280 op, 117042780.00 ns, 3.3589 ns/op
// GC:  0 0 0 0 34845280
// Threading:  0 0 34845280

// AfterAll
// Benchmark Process 3378 has exited with code 0.

Mean = 3.309 ns, StdErr = 0.020 ns (0.60%), N = 8, StdDev = 0.056 ns
Min = 3.232 ns, Q1 = 3.274 ns, Median = 3.319 ns, Q3 = 3.337 ns, Max = 3.392 ns
IQR = 0.064 ns, LowerFence = 3.179 ns, UpperFence = 3.433 ns
ConfidenceInterval = [3.201 ns; 3.417 ns] (CI 99.9%), Margin = 0.108 ns (3.26% of Mean)
Skewness = -0.14, Kurtosis = 1.52, MValue = 2

// ** Remained 24 (63.2 %) benchmark(s) to run. Estimated finish 2026-08-04 6:44 (0h 2m from now) **
// **************************
// Benchmark: MapToExisting.Mapperly: Quick(MaxRelativeError=0.05, Arguments=/p:MatrixMode=Benchmark, IterationTime=250ms, MaxIterationCount=12, MaxWarmupIterationCount=5, MinIterationCount=8, MinWarmupIterationCount=3)
// *** Execute ***
// Launch: 1 / 1
// Execute: dotnet Matrix.ObjectMapping-Quick-1.dll --anonymousPipes 184 185 --benchmarkName Matrix.ObjectMapping.Benchmarks.MapToExisting.Mapperly --job Quick --benchmarkId 14 in /home/runner/work/dotnet-matrix/dotnet-matrix/src/Matrix.ObjectMapping/bin/Benchmark/Release/net10.0/Matrix.ObjectMapping-Quick-1/bin/Release/net10.0
// Failed to set up high priority (Permission denied). In order to run benchmarks with high priority, make sure you have the right permissions.
// BeforeAnythingElse

// Benchmark Process Environment Information:
// BenchmarkDotNet v0.15.8
// Runtime=.NET 10.0.10 (10.0.10, 10.0.1026.32716), X64 RyuJIT x86-64-v4
// GC=Concurrent Workstation
// HardwareIntrinsics=AVX512 BITALG+VBMI2+VNNI+VPOPCNTDQ,AVX512 IFMA+VBMI,AVX512 F+BW+CD+DQ+VL,AVX2+BMI1+BMI2+F16C+FMA+LZCNT+MOVBE,AVX,SSE3+SSSE3+SSE4.1+SSE4.2+POPCNT,X86Base+SSE+SSE2,AES+PCLMUL,AvxVnni,SERIALIZE VectorSize=256
// Job: Quick(MaxRelativeError=0.05, IterationTime=250ms, MaxIterationCount=12, MaxWarmupIterationCount=5, MinIterationCount=8, MinWarmupIterationCount=3)

OverheadJitting  1: 1 op, 193988.00 ns, 193.9880 us/op
WorkloadJitting  1: 1 op, 345803.00 ns, 345.8030 us/op

OverheadJitting  2: 16 op, 414184.00 ns, 25.8865 us/op
WorkloadJitting  2: 16 op, 426070.00 ns, 26.6294 us/op

WorkloadPilot    1: 16 op, 1469.00 ns, 91.8125 ns/op
WorkloadPilot    2: 2722944 op, 52236699.00 ns, 19.1839 ns/op
WorkloadPilot    3: 13031760 op, 134177529.00 ns, 10.2962 ns/op
WorkloadPilot    4: 24280832 op, 176631129.00 ns, 7.2745 ns/op
WorkloadPilot    5: 34366592 op, 248321897.00 ns, 7.2257 ns/op
WorkloadPilot    6: 34598848 op, 251595301.00 ns, 7.2718 ns/op
WorkloadPilot    7: 34379472 op, 248776771.00 ns, 7.2362 ns/op
WorkloadPilot    8: 34548528 op, 251256267.00 ns, 7.2726 ns/op
WorkloadPilot    9: 34375792 op, 251566439.00 ns, 7.3181 ns/op

OverheadWarmup   1: 34375792 op, 162435746.00 ns, 4.7253 ns/op
OverheadWarmup   2: 34375792 op, 141937907.00 ns, 4.1290 ns/op
OverheadWarmup   3: 34375792 op, 135823931.00 ns, 3.9512 ns/op
OverheadWarmup   4: 34375792 op, 135799770.00 ns, 3.9504 ns/op
OverheadWarmup   5: 34375792 op, 135766039.00 ns, 3.9495 ns/op
OverheadWarmup   6: 34375792 op, 136318794.00 ns, 3.9655 ns/op
OverheadWarmup   7: 34375792 op, 136512979.00 ns, 3.9712 ns/op
OverheadWarmup   8: 34375792 op, 136052262.00 ns, 3.9578 ns/op
OverheadWarmup   9: 34375792 op, 135779468.00 ns, 3.9499 ns/op
OverheadWarmup  10: 34375792 op, 135748336.00 ns, 3.9490 ns/op

OverheadActual   1: 34375792 op, 134770740.00 ns, 3.9205 ns/op
OverheadActual   2: 34375792 op, 135248318.00 ns, 3.9344 ns/op
OverheadActual   3: 34375792 op, 134271665.00 ns, 3.9060 ns/op
OverheadActual   4: 34375792 op, 134904140.00 ns, 3.9244 ns/op
OverheadActual   5: 34375792 op, 134471827.00 ns, 3.9118 ns/op
OverheadActual   6: 34375792 op, 135571918.00 ns, 3.9438 ns/op
OverheadActual   7: 34375792 op, 135422009.00 ns, 3.9395 ns/op
OverheadActual   8: 34375792 op, 135527213.00 ns, 3.9425 ns/op

WorkloadWarmup   1: 34375792 op, 247100293.00 ns, 7.1882 ns/op
WorkloadWarmup   2: 34375792 op, 254008312.00 ns, 7.3892 ns/op
WorkloadWarmup   3: 34375792 op, 248786749.00 ns, 7.2373 ns/op
WorkloadWarmup   4: 34375792 op, 249532480.00 ns, 7.2590 ns/op
WorkloadWarmup   5: 34375792 op, 247737890.00 ns, 7.2068 ns/op

// BeforeActualRun
WorkloadActual   1: 34375792 op, 251477878.00 ns, 7.3156 ns/op
WorkloadActual   2: 34375792 op, 249312716.00 ns, 7.2526 ns/op
WorkloadActual   3: 34375792 op, 247933226.00 ns, 7.2124 ns/op
WorkloadActual   4: 34375792 op, 248409009.00 ns, 7.2263 ns/op
WorkloadActual   5: 34375792 op, 245989048.00 ns, 7.1559 ns/op
WorkloadActual   6: 34375792 op, 250580306.00 ns, 7.2894 ns/op
WorkloadActual   7: 34375792 op, 250558943.00 ns, 7.2888 ns/op
WorkloadActual   8: 34375792 op, 251265137.00 ns, 7.3094 ns/op

// AfterActualRun
WorkloadResult   1: 34375792 op, 116401649.00 ns, 3.3862 ns/op
WorkloadResult   2: 34375792 op, 114236487.00 ns, 3.3232 ns/op
WorkloadResult   3: 34375792 op, 112856997.00 ns, 3.2830 ns/op
WorkloadResult   4: 34375792 op, 113332780.00 ns, 3.2969 ns/op
WorkloadResult   5: 34375792 op, 110912819.00 ns, 3.2265 ns/op
WorkloadResult   6: 34375792 op, 115504077.00 ns, 3.3600 ns/op
WorkloadResult   7: 34375792 op, 115482714.00 ns, 3.3594 ns/op
WorkloadResult   8: 34375792 op, 116188908.00 ns, 3.3800 ns/op
// GC:  0 0 0 0 34375792
// Threading:  0 0 34375792

// AfterAll
// Benchmark Process 3390 has exited with code 0.

Mean = 3.327 ns, StdErr = 0.020 ns (0.59%), N = 8, StdDev = 0.055 ns
Min = 3.226 ns, Q1 = 3.293 ns, Median = 3.341 ns, Q3 = 3.365 ns, Max = 3.386 ns
IQR = 0.072 ns, LowerFence = 3.186 ns, UpperFence = 3.472 ns
ConfidenceInterval = [3.221 ns; 3.433 ns] (CI 99.9%), Margin = 0.106 ns (3.18% of Mean)
Skewness = -0.51, Kurtosis = 1.72, MValue = 2

// ** Remained 23 (60.5 %) benchmark(s) to run. Estimated finish 2026-08-04 6:44 (0h 2m from now) **
// **************************
// Benchmark: MapToExisting.Mapster: Quick(MaxRelativeError=0.05, Arguments=/p:MatrixMode=Benchmark, IterationTime=250ms, MaxIterationCount=12, MaxWarmupIterationCount=5, MinIterationCount=8, MinWarmupIterationCount=3)
// *** Execute ***
// Launch: 1 / 1
// Execute: dotnet Matrix.ObjectMapping-Quick-1.dll --anonymousPipes 182 183 --benchmarkName Matrix.ObjectMapping.Benchmarks.MapToExisting.Mapster --job Quick --benchmarkId 15 in /home/runner/work/dotnet-matrix/dotnet-matrix/src/Matrix.ObjectMapping/bin/Benchmark/Release/net10.0/Matrix.ObjectMapping-Quick-1/bin/Release/net10.0
// Failed to set up high priority (Permission denied). In order to run benchmarks with high priority, make sure you have the right permissions.
// BeforeAnythingElse

// Benchmark Process Environment Information:
// BenchmarkDotNet v0.15.8
// Runtime=.NET 10.0.10 (10.0.10, 10.0.1026.32716), X64 RyuJIT x86-64-v4
// GC=Concurrent Workstation
// HardwareIntrinsics=AVX512 BITALG+VBMI2+VNNI+VPOPCNTDQ,AVX512 IFMA+VBMI,AVX512 F+BW+CD+DQ+VL,AVX2+BMI1+BMI2+F16C+FMA+LZCNT+MOVBE,AVX,SSE3+SSSE3+SSE4.1+SSE4.2+POPCNT,X86Base+SSE+SSE2,AES+PCLMUL,AvxVnni,SERIALIZE VectorSize=256
// Job: Quick(MaxRelativeError=0.05, IterationTime=250ms, MaxIterationCount=12, MaxWarmupIterationCount=5, MinIterationCount=8, MinWarmupIterationCount=3)

OverheadJitting  1: 1 op, 190179.00 ns, 190.1790 us/op
WorkloadJitting  1: 1 op, 661631.00 ns, 661.6310 us/op

OverheadJitting  2: 16 op, 467308.00 ns, 29.2068 us/op
WorkloadJitting  2: 16 op, 437204.00 ns, 27.3253 us/op

WorkloadPilot    1: 16 op, 4126.00 ns, 257.8750 ns/op
WorkloadPilot    2: 969472 op, 67849002.00 ns, 69.9855 ns/op
WorkloadPilot    3: 3572176 op, 90516559.00 ns, 25.3393 ns/op
WorkloadPilot    4: 9866096 op, 146086315.00 ns, 14.8069 ns/op
WorkloadPilot    5: 16884032 op, 247953731.00 ns, 14.6857 ns/op
WorkloadPilot    6: 17023376 op, 250437411.00 ns, 14.7114 ns/op
WorkloadPilot    7: 16993648 op, 249115280.00 ns, 14.6593 ns/op
WorkloadPilot    8: 17054000 op, 249876306.00 ns, 14.6521 ns/op
WorkloadPilot    9: 17062448 op, 250400971.00 ns, 14.6756 ns/op
WorkloadPilot   10: 17035136 op, 252396030.00 ns, 14.8162 ns/op

OverheadWarmup   1: 17035136 op, 85984225.00 ns, 5.0475 ns/op
OverheadWarmup   2: 17035136 op, 85601651.00 ns, 5.0250 ns/op
OverheadWarmup   3: 17035136 op, 72239198.00 ns, 4.2406 ns/op
OverheadWarmup   4: 17035136 op, 66260254.00 ns, 3.8896 ns/op
OverheadWarmup   5: 17035136 op, 66119865.00 ns, 3.8814 ns/op
OverheadWarmup   6: 17035136 op, 66264321.00 ns, 3.8899 ns/op
OverheadWarmup   7: 17035136 op, 66471061.00 ns, 3.9020 ns/op
OverheadWarmup   8: 17035136 op, 69494377.00 ns, 4.0795 ns/op
OverheadWarmup   9: 17035136 op, 65953252.00 ns, 3.8716 ns/op
OverheadWarmup  10: 17035136 op, 65949523.00 ns, 3.8714 ns/op

OverheadActual   1: 17035136 op, 66418308.00 ns, 3.8989 ns/op
OverheadActual   2: 17035136 op, 66507522.00 ns, 3.9041 ns/op
OverheadActual   3: 17035136 op, 66183727.00 ns, 3.8851 ns/op
OverheadActual   4: 17035136 op, 66278942.00 ns, 3.8907 ns/op
OverheadActual   5: 17035136 op, 66169326.00 ns, 3.8843 ns/op
OverheadActual   6: 17035136 op, 66166906.00 ns, 3.8841 ns/op
OverheadActual   7: 17035136 op, 66185024.00 ns, 3.8852 ns/op
OverheadActual   8: 17035136 op, 66303352.00 ns, 3.8922 ns/op

WorkloadWarmup   1: 17035136 op, 251013588.00 ns, 14.7351 ns/op
WorkloadWarmup   2: 17035136 op, 250758351.00 ns, 14.7201 ns/op
WorkloadWarmup   3: 17035136 op, 250101184.00 ns, 14.6815 ns/op
WorkloadWarmup   4: 17035136 op, 250174725.00 ns, 14.6858 ns/op
WorkloadWarmup   5: 17035136 op, 250413596.00 ns, 14.6998 ns/op

// BeforeActualRun
WorkloadActual   1: 17035136 op, 249775477.00 ns, 14.6624 ns/op
WorkloadActual   2: 17035136 op, 251894789.00 ns, 14.7868 ns/op
WorkloadActual   3: 17035136 op, 249544096.00 ns, 14.6488 ns/op
WorkloadActual   4: 17035136 op, 249884740.00 ns, 14.6688 ns/op
WorkloadActual   5: 17035136 op, 250581003.00 ns, 14.7097 ns/op
WorkloadActual   6: 17035136 op, 249233941.00 ns, 14.6306 ns/op
WorkloadActual   7: 17035136 op, 250198803.00 ns, 14.6872 ns/op
WorkloadActual   8: 17035136 op, 249966876.00 ns, 14.6736 ns/op

// AfterActualRun
WorkloadResult   1: 17035136 op, 183543494.00 ns, 10.7744 ns/op
WorkloadResult   2: 17035136 op, 183312113.00 ns, 10.7608 ns/op
WorkloadResult   3: 17035136 op, 183652757.00 ns, 10.7808 ns/op
WorkloadResult   4: 17035136 op, 184349020.00 ns, 10.8217 ns/op
WorkloadResult   5: 17035136 op, 183001958.00 ns, 10.7426 ns/op
WorkloadResult   6: 17035136 op, 183966820.00 ns, 10.7993 ns/op
WorkloadResult   7: 17035136 op, 183734893.00 ns, 10.7856 ns/op
// GC:  0 0 0 0 17035136
// Threading:  0 0 17035136

// AfterAll
// Benchmark Process 3401 has exited with code 0.

Mean = 10.781 ns, StdErr = 0.010 ns (0.09%), N = 7, StdDev = 0.026 ns
Min = 10.743 ns, Q1 = 10.768 ns, Median = 10.781 ns, Q3 = 10.792 ns, Max = 10.822 ns
IQR = 0.025 ns, LowerFence = 10.730 ns, UpperFence = 10.830 ns
ConfidenceInterval = [10.723 ns; 10.838 ns] (CI 99.9%), Margin = 0.058 ns (0.53% of Mean)
Skewness = 0.1, Kurtosis = 1.73, MValue = 2

// ** Remained 22 (57.9 %) benchmark(s) to run. Estimated finish 2026-08-04 6:44 (0h 2m from now) **
// ***** BenchmarkRunner: Finish  *****

// * Export *
  tmp/dotnet-matrix/ObjectMapping/8d220c999547463fb13173176bcb2803/results/Matrix.ObjectMapping.Benchmarks.MapToExisting-report.csv
  tmp/dotnet-matrix/ObjectMapping/8d220c999547463fb13173176bcb2803/results/Matrix.ObjectMapping.Benchmarks.MapToExisting-report-github.md
  tmp/dotnet-matrix/ObjectMapping/8d220c999547463fb13173176bcb2803/results/Matrix.ObjectMapping.Benchmarks.MapToExisting-report.html
  tmp/dotnet-matrix/ObjectMapping/8d220c999547463fb13173176bcb2803/results/Matrix.ObjectMapping.Benchmarks.MapToExisting-report-full.json

// * Detailed results *
MapToExisting.HandCoded: Quick(MaxRelativeError=0.05, Arguments=/p:MatrixMode=Benchmark, IterationTime=250ms, MaxIterationCount=12, MaxWarmupIterationCount=5, MinIterationCount=8, MinWarmupIterationCount=3)
Runtime = .NET 10.0.10 (10.0.10, 10.0.1026.32716), X64 RyuJIT x86-64-v4; GC = Concurrent Workstation
Mean = 3.309 ns, StdErr = 0.020 ns (0.60%), N = 8, StdDev = 0.056 ns
Min = 3.232 ns, Q1 = 3.274 ns, Median = 3.319 ns, Q3 = 3.337 ns, Max = 3.392 ns
IQR = 0.064 ns, LowerFence = 3.179 ns, UpperFence = 3.433 ns
ConfidenceInterval = [3.201 ns; 3.417 ns] (CI 99.9%), Margin = 0.108 ns (3.26% of Mean)
Skewness = -0.14, Kurtosis = 1.52, MValue = 2
-------------------- Histogram --------------------
[3.194 ns ; 3.269 ns) | @@
[3.269 ns ; 3.360 ns) | @@@@@
[3.360 ns ; 3.429 ns) | @
---------------------------------------------------

MapToExisting.Mapperly: Quick(MaxRelativeError=0.05, Arguments=/p:MatrixMode=Benchmark, IterationTime=250ms, MaxIterationCount=12, MaxWarmupIterationCount=5, MinIterationCount=8, MinWarmupIterationCount=3)
Runtime = .NET 10.0.10 (10.0.10, 10.0.1026.32716), X64 RyuJIT x86-64-v4; GC = Concurrent Workstation
Mean = 3.327 ns, StdErr = 0.020 ns (0.59%), N = 8, StdDev = 0.055 ns
Min = 3.226 ns, Q1 = 3.293 ns, Median = 3.341 ns, Q3 = 3.365 ns, Max = 3.386 ns
IQR = 0.072 ns, LowerFence = 3.186 ns, UpperFence = 3.472 ns
ConfidenceInterval = [3.221 ns; 3.433 ns] (CI 99.9%), Margin = 0.106 ns (3.18% of Mean)
Skewness = -0.51, Kurtosis = 1.72, MValue = 2
-------------------- Histogram --------------------
[3.225 ns ; 3.298 ns) | @@@
[3.298 ns ; 3.391 ns) | @@@@@
---------------------------------------------------

MapToExisting.Mapster: Quick(MaxRelativeError=0.05, Arguments=/p:MatrixMode=Benchmark, IterationTime=250ms, MaxIterationCount=12, MaxWarmupIterationCount=5, MinIterationCount=8, MinWarmupIterationCount=3)
Runtime = .NET 10.0.10 (10.0.10, 10.0.1026.32716), X64 RyuJIT x86-64-v4; GC = Concurrent Workstation
Mean = 10.781 ns, StdErr = 0.010 ns (0.09%), N = 7, StdDev = 0.026 ns
Min = 10.743 ns, Q1 = 10.768 ns, Median = 10.781 ns, Q3 = 10.792 ns, Max = 10.822 ns
IQR = 0.025 ns, LowerFence = 10.730 ns, UpperFence = 10.830 ns
ConfidenceInterval = [10.723 ns; 10.838 ns] (CI 99.9%), Margin = 0.058 ns (0.53% of Mean)
Skewness = 0.1, Kurtosis = 1.73, MValue = 2
-------------------- Histogram --------------------
[10.725 ns ; 10.839 ns) | @@@@@@@
---------------------------------------------------

MapToExisting.AutoMapper: Quick(MaxRelativeError=0.05, Arguments=/p:MatrixMode=Benchmark, IterationTime=250ms, MaxIterationCount=12, MaxWarmupIterationCount=5, MinIterationCount=8, MinWarmupIterationCount=3)
Runtime = .NET 10.0.10 (10.0.10, 10.0.1026.32716), X64 RyuJIT x86-64-v4; GC = Concurrent Workstation
Mean = 37.287 ns, StdErr = 0.011 ns (0.03%), N = 6, StdDev = 0.027 ns
Min = 37.253 ns, Q1 = 37.267 ns, Median = 37.287 ns, Q3 = 37.311 ns, Max = 37.319 ns
IQR = 0.044 ns, LowerFence = 37.201 ns, UpperFence = 37.377 ns
ConfidenceInterval = [37.211 ns; 37.364 ns] (CI 99.9%), Margin = 0.077 ns (0.21% of Mean)
Skewness = 0, Kurtosis = 1.05, MValue = 2
-------------------- Histogram --------------------
[37.233 ns ; 37.339 ns) | @@@@@@
---------------------------------------------------

// * Summary *

BenchmarkDotNet v0.15.8, Linux Ubuntu 24.04.4 LTS (Noble Numbat)
INTEL XEON PLATINUM 8573C 2.30GHz, 1 CPU, 4 logical and 2 physical cores
.NET SDK 10.0.302
  [Host] : .NET 10.0.10 (10.0.10, 10.0.1026.32716), X64 RyuJIT x86-64-v4
  Quick  : .NET 10.0.10 (10.0.10, 10.0.1026.32716), X64 RyuJIT x86-64-v4

Job=Quick  MaxRelativeError=0.05  Arguments=/p:MatrixMode=Benchmark  
IterationTime=250ms  MaxIterationCount=12  MaxWarmupIterationCount=5  
MinIterationCount=8  MinWarmupIterationCount=3  

| Method     | Mean      | Error     | StdDev    | Ratio | RatioSD | Allocated | Alloc Ratio |
|----------- |----------:|----------:|----------:|------:|--------:|----------:|------------:|
| HandCoded  |  3.309 ns | 0.1080 ns | 0.0565 ns |  1.00 |    0.02 |         - |          NA |
| Mapperly   |  3.327 ns | 0.1057 ns | 0.0553 ns |  1.01 |    0.02 |         - |          NA |
| Mapster    | 10.781 ns | 0.0577 ns | 0.0256 ns |  3.26 |    0.05 |         - |          NA |
| AutoMapper | 37.287 ns | 0.0768 ns | 0.0274 ns | 11.27 |    0.18 |         - |          NA |

// * Hints *
Outliers
  MapToExisting.Mapster: Quick    -> 1 outlier  was  removed (14.79 ns)
  MapToExisting.AutoMapper: Quick -> 2 outliers were removed (42.42 ns, 42.52 ns)

// * Legends *
  Mean        : Arithmetic mean of all measurements
  Error       : Half of 99.9% confidence interval
  StdDev      : Standard deviation of all measurements
  Ratio       : Mean of the ratio distribution ([Current]/[Baseline])
  RatioSD     : Standard deviation of the ratio distribution ([Current]/[Baseline])
  Allocated   : Allocated memory per single operation (managed only, inclusive, 1KB = 1024B)
  Alloc Ratio : Allocated memory ratio distribution ([Current]/[Baseline])
  1 ns        : 1 Nanosecond (0.000000001 sec)

// * Diagnostic Output - MemoryDiagnoser *


// ***** BenchmarkRunner: End *****
Run time: 00:00:28 (28.18 sec), executed benchmarks: 4

// Found 4 benchmarks:
//   NestedObject.AutoMapper: Quick(MaxRelativeError=0.05, Arguments=/p:MatrixMode=Benchmark, IterationTime=250ms, MaxIterationCount=12, MaxWarmupIterationCount=5, MinIterationCount=8, MinWarmupIterationCount=3)
//   NestedObject.HandCoded: Quick(MaxRelativeError=0.05, Arguments=/p:MatrixMode=Benchmark, IterationTime=250ms, MaxIterationCount=12, MaxWarmupIterationCount=5, MinIterationCount=8, MinWarmupIterationCount=3)
//   NestedObject.Mapperly: Quick(MaxRelativeError=0.05, Arguments=/p:MatrixMode=Benchmark, IterationTime=250ms, MaxIterationCount=12, MaxWarmupIterationCount=5, MinIterationCount=8, MinWarmupIterationCount=3)
//   NestedObject.Mapster: Quick(MaxRelativeError=0.05, Arguments=/p:MatrixMode=Benchmark, IterationTime=250ms, MaxIterationCount=12, MaxWarmupIterationCount=5, MinIterationCount=8, MinWarmupIterationCount=3)

// **************************
// Benchmark: NestedObject.AutoMapper: Quick(MaxRelativeError=0.05, Arguments=/p:MatrixMode=Benchmark, IterationTime=250ms, MaxIterationCount=12, MaxWarmupIterationCount=5, MinIterationCount=8, MinWarmupIterationCount=3)
// *** Execute ***
// Launch: 1 / 1
// Execute: dotnet Matrix.ObjectMapping-Quick-1.dll --anonymousPipes 182 183 --benchmarkName Matrix.ObjectMapping.Benchmarks.NestedObject.AutoMapper --job Quick --benchmarkId 16 in /home/runner/work/dotnet-matrix/dotnet-matrix/src/Matrix.ObjectMapping/bin/Benchmark/Release/net10.0/Matrix.ObjectMapping-Quick-1/bin/Release/net10.0
// Failed to set up high priority (Permission denied). In order to run benchmarks with high priority, make sure you have the right permissions.
// BeforeAnythingElse

// Benchmark Process Environment Information:
// BenchmarkDotNet v0.15.8
// Runtime=.NET 10.0.10 (10.0.10, 10.0.1026.32716), X64 RyuJIT x86-64-v4
// GC=Concurrent Workstation
// HardwareIntrinsics=AVX512 BITALG+VBMI2+VNNI+VPOPCNTDQ,AVX512 IFMA+VBMI,AVX512 F+BW+CD+DQ+VL,AVX2+BMI1+BMI2+F16C+FMA+LZCNT+MOVBE,AVX,SSE3+SSSE3+SSE4.1+SSE4.2+POPCNT,X86Base+SSE+SSE2,AES+PCLMUL,AvxVnni,SERIALIZE VectorSize=256
// Job: Quick(MaxRelativeError=0.05, IterationTime=250ms, MaxIterationCount=12, MaxWarmupIterationCount=5, MinIterationCount=8, MinWarmupIterationCount=3)

OverheadJitting  1: 1 op, 195653.00 ns, 195.6530 us/op
WorkloadJitting  1: 1 op, 1985481.00 ns, 1.9855 ms/op

OverheadJitting  2: 16 op, 445882.00 ns, 27.8676 us/op
WorkloadJitting  2: 16 op, 683150.00 ns, 42.6969 us/op

WorkloadPilot    1: 16 op, 11562.00 ns, 722.6250 ns/op
WorkloadPilot    2: 345968 op, 115331456.00 ns, 333.3587 ns/op
WorkloadPilot    3: 749952 op, 91693456.00 ns, 122.2658 ns/op
WorkloadPilot    4: 2044736 op, 169924768.00 ns, 83.1035 ns/op
WorkloadPilot    5: 3008304 op, 237560445.00 ns, 78.9682 ns/op
WorkloadPilot    6: 3165840 op, 286083997.00 ns, 90.3659 ns/op
WorkloadPilot    7: 2766544 op, 218997071.00 ns, 79.1591 ns/op
WorkloadPilot    8: 3158208 op, 248784210.00 ns, 78.7739 ns/op
WorkloadPilot    9: 3173648 op, 251853995.00 ns, 79.3579 ns/op
WorkloadPilot   10: 3150288 op, 249008028.00 ns, 79.0429 ns/op
WorkloadPilot   11: 3162848 op, 250392379.00 ns, 79.1667 ns/op

OverheadWarmup   1: 3162848 op, 16069890.00 ns, 5.0808 ns/op
OverheadWarmup   2: 3162848 op, 15959009.00 ns, 5.0458 ns/op
OverheadWarmup   3: 3162848 op, 15984682.00 ns, 5.0539 ns/op
OverheadWarmup   4: 3162848 op, 15946428.00 ns, 5.0418 ns/op
OverheadWarmup   5: 3162848 op, 15960302.00 ns, 5.0462 ns/op
OverheadWarmup   6: 3162848 op, 15924596.00 ns, 5.0349 ns/op

OverheadActual   1: 3162848 op, 15980466.00 ns, 5.0526 ns/op
OverheadActual   2: 3162848 op, 16023665.00 ns, 5.0662 ns/op
OverheadActual   3: 3162848 op, 15901381.00 ns, 5.0276 ns/op
OverheadActual   4: 3162848 op, 15989470.00 ns, 5.0554 ns/op
OverheadActual   5: 3162848 op, 16068811.00 ns, 5.0805 ns/op
OverheadActual   6: 3162848 op, 16040802.00 ns, 5.0716 ns/op
OverheadActual   7: 3162848 op, 15933239.00 ns, 5.0376 ns/op
OverheadActual   8: 3162848 op, 15998214.00 ns, 5.0582 ns/op

WorkloadWarmup   1: 3162848 op, 287094536.00 ns, 90.7709 ns/op
WorkloadWarmup   2: 3162848 op, 253314733.00 ns, 80.0907 ns/op
WorkloadWarmup   3: 3162848 op, 250188795.00 ns, 79.1024 ns/op
WorkloadWarmup   4: 3162848 op, 259722288.00 ns, 82.1166 ns/op
WorkloadWarmup   5: 3162848 op, 267035600.00 ns, 84.4288 ns/op

// BeforeActualRun
WorkloadActual   1: 3162848 op, 262922722.00 ns, 83.1285 ns/op
WorkloadActual   2: 3162848 op, 258861249.00 ns, 81.8444 ns/op
WorkloadActual   3: 3162848 op, 252708983.00 ns, 79.8992 ns/op
WorkloadActual   4: 3162848 op, 251401315.00 ns, 79.4857 ns/op
WorkloadActual   5: 3162848 op, 251195754.00 ns, 79.4207 ns/op
WorkloadActual   6: 3162848 op, 255330464.00 ns, 80.7280 ns/op
WorkloadActual   7: 3162848 op, 252328575.00 ns, 79.7789 ns/op
WorkloadActual   8: 3162848 op, 252988017.00 ns, 79.9874 ns/op

// AfterActualRun
WorkloadResult   1: 3162848 op, 242867407.00 ns, 76.7876 ns/op
WorkloadResult   2: 3162848 op, 236715141.00 ns, 74.8424 ns/op
WorkloadResult   3: 3162848 op, 235407473.00 ns, 74.4290 ns/op
WorkloadResult   4: 3162848 op, 235201912.00 ns, 74.3640 ns/op
WorkloadResult   5: 3162848 op, 239336622.00 ns, 75.6712 ns/op
WorkloadResult   6: 3162848 op, 236334733.00 ns, 74.7221 ns/op
WorkloadResult   7: 3162848 op, 236994175.00 ns, 74.9306 ns/op
// GC:  9 0 0 784386304 3162848
// Threading:  0 0 3162848

// AfterAll
// Benchmark Process 3413 has exited with code 0.

Mean = 75.107 ns, StdErr = 0.324 ns (0.43%), N = 7, StdDev = 0.857 ns
Min = 74.364 ns, Q1 = 74.576 ns, Median = 74.842 ns, Q3 = 75.301 ns, Max = 76.788 ns
IQR = 0.725 ns, LowerFence = 73.487 ns, UpperFence = 76.389 ns
ConfidenceInterval = [73.177 ns; 77.036 ns] (CI 99.9%), Margin = 1.930 ns (2.57% of Mean)
Skewness = 0.94, Kurtosis = 2.29, MValue = 2

// ** Remained 21 (55.3 %) benchmark(s) to run. Estimated finish 2026-08-04 6:44 (0h 2m from now) **
// **************************
// Benchmark: NestedObject.HandCoded: Quick(MaxRelativeError=0.05, Arguments=/p:MatrixMode=Benchmark, IterationTime=250ms, MaxIterationCount=12, MaxWarmupIterationCount=5, MinIterationCount=8, MinWarmupIterationCount=3)
// *** Execute ***
// Launch: 1 / 1
// Execute: dotnet Matrix.ObjectMapping-Quick-1.dll --anonymousPipes 182 183 --benchmarkName Matrix.ObjectMapping.Benchmarks.NestedObject.HandCoded --job Quick --benchmarkId 17 in /home/runner/work/dotnet-matrix/dotnet-matrix/src/Matrix.ObjectMapping/bin/Benchmark/Release/net10.0/Matrix.ObjectMapping-Quick-1/bin/Release/net10.0
// Failed to set up high priority (Permission denied). In order to run benchmarks with high priority, make sure you have the right permissions.
// BeforeAnythingElse

// Benchmark Process Environment Information:
// BenchmarkDotNet v0.15.8
// Runtime=.NET 10.0.10 (10.0.10, 10.0.1026.32716), X64 RyuJIT x86-64-v4
// GC=Concurrent Workstation
// HardwareIntrinsics=AVX512 BITALG+VBMI2+VNNI+VPOPCNTDQ,AVX512 IFMA+VBMI,AVX512 F+BW+CD+DQ+VL,AVX2+BMI1+BMI2+F16C+FMA+LZCNT+MOVBE,AVX,SSE3+SSSE3+SSE4.1+SSE4.2+POPCNT,X86Base+SSE+SSE2,AES+PCLMUL,AvxVnni,SERIALIZE VectorSize=256
// Job: Quick(MaxRelativeError=0.05, IterationTime=250ms, MaxIterationCount=12, MaxWarmupIterationCount=5, MinIterationCount=8, MinWarmupIterationCount=3)

OverheadJitting  1: 1 op, 209244.00 ns, 209.2440 us/op
WorkloadJitting  1: 1 op, 547446.00 ns, 547.4460 us/op

OverheadJitting  2: 16 op, 401229.00 ns, 25.0768 us/op
WorkloadJitting  2: 16 op, 421253.00 ns, 26.3283 us/op

WorkloadPilot    1: 16 op, 4160.00 ns, 260.0000 ns/op
WorkloadPilot    2: 961552 op, 121331237.00 ns, 126.1827 ns/op
WorkloadPilot    3: 1981264 op, 109305381.00 ns, 55.1695 ns/op
WorkloadPilot    4: 4531488 op, 217899342.00 ns, 48.0856 ns/op
WorkloadPilot    5: 5199072 op, 247945771.00 ns, 47.6904 ns/op
WorkloadPilot    6: 5242160 op, 251154192.00 ns, 47.9104 ns/op
WorkloadPilot    7: 5218080 op, 247046248.00 ns, 47.3443 ns/op
WorkloadPilot    8: 5280480 op, 250371447.00 ns, 47.4145 ns/op
WorkloadPilot    9: 5272656 op, 249751473.00 ns, 47.3673 ns/op
WorkloadPilot   10: 5277904 op, 251217918.00 ns, 47.5980 ns/op

OverheadWarmup   1: 5277904 op, 23604170.00 ns, 4.4723 ns/op
OverheadWarmup   2: 5277904 op, 23352999.00 ns, 4.4247 ns/op
OverheadWarmup   3: 5277904 op, 23294714.00 ns, 4.4136 ns/op
OverheadWarmup   4: 5277904 op, 23400881.00 ns, 4.4337 ns/op
OverheadWarmup   5: 5277904 op, 24088484.00 ns, 4.5640 ns/op
OverheadWarmup   6: 5277904 op, 25708329.00 ns, 4.8709 ns/op
OverheadWarmup   7: 5277904 op, 23600754.00 ns, 4.4716 ns/op
OverheadWarmup   8: 5277904 op, 23875360.00 ns, 4.5236 ns/op
OverheadWarmup   9: 5277904 op, 26779724.00 ns, 5.0739 ns/op
OverheadWarmup  10: 5277904 op, 22291001.00 ns, 4.2235 ns/op

OverheadActual   1: 5277904 op, 20366729.00 ns, 3.8589 ns/op
OverheadActual   2: 5277904 op, 20341989.00 ns, 3.8542 ns/op
OverheadActual   3: 5277904 op, 20289512.00 ns, 3.8442 ns/op
OverheadActual   4: 5277904 op, 20289816.00 ns, 3.8443 ns/op
OverheadActual   5: 5277904 op, 20391276.00 ns, 3.8635 ns/op
OverheadActual   6: 5277904 op, 20198872.00 ns, 3.8271 ns/op
OverheadActual   7: 5277904 op, 20259132.00 ns, 3.8385 ns/op
OverheadActual   8: 5277904 op, 20438761.00 ns, 3.8725 ns/op

WorkloadWarmup   1: 5277904 op, 292630520.00 ns, 55.4445 ns/op
WorkloadWarmup   2: 5277904 op, 259516341.00 ns, 49.1703 ns/op
WorkloadWarmup   3: 5277904 op, 250902817.00 ns, 47.5383 ns/op
WorkloadWarmup   4: 5277904 op, 257679044.00 ns, 48.8222 ns/op
WorkloadWarmup   5: 5277904 op, 255374835.00 ns, 48.3857 ns/op

// BeforeActualRun
WorkloadActual   1: 5277904 op, 257089380.00 ns, 48.7105 ns/op
WorkloadActual   2: 5277904 op, 252419403.00 ns, 47.8257 ns/op
WorkloadActual   3: 5277904 op, 250949189.00 ns, 47.5471 ns/op
WorkloadActual   4: 5277904 op, 251415459.00 ns, 47.6355 ns/op
WorkloadActual   5: 5277904 op, 251178429.00 ns, 47.5906 ns/op
WorkloadActual   6: 5277904 op, 250680250.00 ns, 47.4962 ns/op
WorkloadActual   7: 5277904 op, 254075613.00 ns, 48.1395 ns/op
WorkloadActual   8: 5277904 op, 256331336.00 ns, 48.5669 ns/op

// AfterActualRun
WorkloadResult   1: 5277904 op, 236773477.50 ns, 44.8613 ns/op
WorkloadResult   2: 5277904 op, 232103500.50 ns, 43.9765 ns/op
WorkloadResult   3: 5277904 op, 230633286.50 ns, 43.6979 ns/op
WorkloadResult   4: 5277904 op, 231099556.50 ns, 43.7862 ns/op
WorkloadResult   5: 5277904 op, 230862526.50 ns, 43.7413 ns/op
WorkloadResult   6: 5277904 op, 230364347.50 ns, 43.6469 ns/op
WorkloadResult   7: 5277904 op, 233759710.50 ns, 44.2903 ns/op
WorkloadResult   8: 5277904 op, 236015433.50 ns, 44.7176 ns/op
// GC:  15 0 0 1308920192 5277904
// Threading:  0 0 5277904

// AfterAll
// Benchmark Process 3426 has exited with code 0.

Mean = 44.090 ns, StdErr = 0.169 ns (0.38%), N = 8, StdDev = 0.479 ns
Min = 43.647 ns, Q1 = 43.730 ns, Median = 43.881 ns, Q3 = 44.397 ns, Max = 44.861 ns
IQR = 0.667 ns, LowerFence = 42.731 ns, UpperFence = 45.397 ns
ConfidenceInterval = [43.174 ns; 45.005 ns] (CI 99.9%), Margin = 0.916 ns (2.08% of Mean)
Skewness = 0.56, Kurtosis = 1.42, MValue = 2

// ** Remained 20 (52.6 %) benchmark(s) to run. Estimated finish 2026-08-04 6:44 (0h 2m from now) **
// **************************
// Benchmark: NestedObject.Mapperly: Quick(MaxRelativeError=0.05, Arguments=/p:MatrixMode=Benchmark, IterationTime=250ms, MaxIterationCount=12, MaxWarmupIterationCount=5, MinIterationCount=8, MinWarmupIterationCount=3)
// *** Execute ***
// Launch: 1 / 1
// Execute: dotnet Matrix.ObjectMapping-Quick-1.dll --anonymousPipes 182 183 --benchmarkName Matrix.ObjectMapping.Benchmarks.NestedObject.Mapperly --job Quick --benchmarkId 18 in /home/runner/work/dotnet-matrix/dotnet-matrix/src/Matrix.ObjectMapping/bin/Benchmark/Release/net10.0/Matrix.ObjectMapping-Quick-1/bin/Release/net10.0
// Failed to set up high priority (Permission denied). In order to run benchmarks with high priority, make sure you have the right permissions.
// BeforeAnythingElse

// Benchmark Process Environment Information:
// BenchmarkDotNet v0.15.8
// Runtime=.NET 10.0.10 (10.0.10, 10.0.1026.32716), X64 RyuJIT x86-64-v4
// GC=Concurrent Workstation
// HardwareIntrinsics=AVX512 BITALG+VBMI2+VNNI+VPOPCNTDQ,AVX512 IFMA+VBMI,AVX512 F+BW+CD+DQ+VL,AVX2+BMI1+BMI2+F16C+FMA+LZCNT+MOVBE,AVX,SSE3+SSSE3+SSE4.1+SSE4.2+POPCNT,X86Base+SSE+SSE2,AES+PCLMUL,AvxVnni,SERIALIZE VectorSize=256
// Job: Quick(MaxRelativeError=0.05, IterationTime=250ms, MaxIterationCount=12, MaxWarmupIterationCount=5, MinIterationCount=8, MinWarmupIterationCount=3)

OverheadJitting  1: 1 op, 215810.00 ns, 215.8100 us/op
WorkloadJitting  1: 1 op, 611285.00 ns, 611.2850 us/op

OverheadJitting  2: 16 op, 432986.00 ns, 27.0616 us/op
WorkloadJitting  2: 16 op, 449773.00 ns, 28.1108 us/op

WorkloadPilot    1: 16 op, 6536.00 ns, 408.5000 ns/op
WorkloadPilot    2: 612000 op, 85001226.00 ns, 138.8909 ns/op
WorkloadPilot    3: 1799984 op, 103453853.00 ns, 57.4749 ns/op
WorkloadPilot    4: 4349728 op, 186328703.00 ns, 42.8369 ns/op
WorkloadPilot    5: 5836096 op, 250005432.00 ns, 42.8378 ns/op
WorkloadPilot    6: 5835984 op, 248056487.00 ns, 42.5047 ns/op
WorkloadPilot    7: 5881712 op, 252226576.00 ns, 42.8832 ns/op
WorkloadPilot    8: 5829792 op, 249468006.00 ns, 42.7919 ns/op
WorkloadPilot    9: 5842224 op, 249983135.00 ns, 42.7890 ns/op
WorkloadPilot   10: 5842624 op, 248895225.00 ns, 42.5999 ns/op
WorkloadPilot   11: 5868560 op, 249693841.00 ns, 42.5477 ns/op
WorkloadPilot   12: 5875760 op, 251591055.00 ns, 42.8185 ns/op

OverheadWarmup   1: 5875760 op, 26295401.00 ns, 4.4752 ns/op
OverheadWarmup   2: 5875760 op, 26386919.00 ns, 4.4908 ns/op
OverheadWarmup   3: 5875760 op, 26450117.00 ns, 4.5016 ns/op
OverheadWarmup   4: 5875760 op, 26447963.00 ns, 4.5012 ns/op
OverheadWarmup   5: 5875760 op, 26723744.00 ns, 4.5481 ns/op
OverheadWarmup   6: 5875760 op, 26577298.00 ns, 4.5232 ns/op

OverheadActual   1: 5875760 op, 26785748.00 ns, 4.5587 ns/op
OverheadActual   2: 5875760 op, 26862193.00 ns, 4.5717 ns/op
OverheadActual   3: 5875760 op, 26308305.00 ns, 4.4774 ns/op
OverheadActual   4: 5875760 op, 26714456.00 ns, 4.5466 ns/op
OverheadActual   5: 5875760 op, 26300501.00 ns, 4.4761 ns/op
OverheadActual   6: 5875760 op, 26411736.00 ns, 4.4950 ns/op
OverheadActual   7: 5875760 op, 26445168.00 ns, 4.5007 ns/op
OverheadActual   8: 5875760 op, 26592782.00 ns, 4.5258 ns/op

WorkloadWarmup   1: 5875760 op, 289206658.00 ns, 49.2203 ns/op
WorkloadWarmup   2: 5875760 op, 257596193.00 ns, 43.8405 ns/op
WorkloadWarmup   3: 5875760 op, 248705224.00 ns, 42.3273 ns/op
WorkloadWarmup   4: 5875760 op, 249341961.00 ns, 42.4357 ns/op
WorkloadWarmup   5: 5875760 op, 249436215.00 ns, 42.4517 ns/op

// BeforeActualRun
WorkloadActual   1: 5875760 op, 255251437.00 ns, 43.4414 ns/op
WorkloadActual   2: 5875760 op, 251446520.00 ns, 42.7939 ns/op
WorkloadActual   3: 5875760 op, 249916613.00 ns, 42.5335 ns/op
WorkloadActual   4: 5875760 op, 250418288.00 ns, 42.6189 ns/op
WorkloadActual   5: 5875760 op, 249674492.00 ns, 42.4923 ns/op
WorkloadActual   6: 5875760 op, 250348485.00 ns, 42.6070 ns/op
WorkloadActual   7: 5875760 op, 250248833.00 ns, 42.5900 ns/op
WorkloadActual   8: 5875760 op, 251802068.00 ns, 42.8544 ns/op

// AfterActualRun
WorkloadResult   1: 5875760 op, 224927545.00 ns, 38.2806 ns/op
WorkloadResult   2: 5875760 op, 223397638.00 ns, 38.0202 ns/op
WorkloadResult   3: 5875760 op, 223899313.00 ns, 38.1056 ns/op
WorkloadResult   4: 5875760 op, 223155517.00 ns, 37.9790 ns/op
WorkloadResult   5: 5875760 op, 223829510.00 ns, 38.0937 ns/op
WorkloadResult   6: 5875760 op, 223729858.00 ns, 38.0768 ns/op
WorkloadResult   7: 5875760 op, 225283093.00 ns, 38.3411 ns/op
// GC:  17 0 0 1457188480 5875760
// Threading:  0 0 5875760

// AfterAll
// Benchmark Process 3437 has exited with code 0.

Mean = 38.128 ns, StdErr = 0.050 ns (0.13%), N = 7, StdDev = 0.133 ns
Min = 37.979 ns, Q1 = 38.048 ns, Median = 38.094 ns, Q3 = 38.193 ns, Max = 38.341 ns
IQR = 0.145 ns, LowerFence = 37.832 ns, UpperFence = 38.410 ns
ConfidenceInterval = [37.828 ns; 38.429 ns] (CI 99.9%), Margin = 0.301 ns (0.79% of Mean)
Skewness = 0.51, Kurtosis = 1.46, MValue = 2

// ** Remained 19 (50.0 %) benchmark(s) to run. Estimated finish 2026-08-04 6:44 (0h 2m from now) **
// **************************
// Benchmark: NestedObject.Mapster: Quick(MaxRelativeError=0.05, Arguments=/p:MatrixMode=Benchmark, IterationTime=250ms, MaxIterationCount=12, MaxWarmupIterationCount=5, MinIterationCount=8, MinWarmupIterationCount=3)
// *** Execute ***
// Launch: 1 / 1
// Execute: dotnet Matrix.ObjectMapping-Quick-1.dll --anonymousPipes 182 183 --benchmarkName Matrix.ObjectMapping.Benchmarks.NestedObject.Mapster --job Quick --benchmarkId 19 in /home/runner/work/dotnet-matrix/dotnet-matrix/src/Matrix.ObjectMapping/bin/Benchmark/Release/net10.0/Matrix.ObjectMapping-Quick-1/bin/Release/net10.0
// Failed to set up high priority (Permission denied). In order to run benchmarks with high priority, make sure you have the right permissions.
// BeforeAnythingElse

// Benchmark Process Environment Information:
// BenchmarkDotNet v0.15.8
// Runtime=.NET 10.0.10 (10.0.10, 10.0.1026.32716), X64 RyuJIT x86-64-v4
// GC=Concurrent Workstation
// HardwareIntrinsics=AVX512 BITALG+VBMI2+VNNI+VPOPCNTDQ,AVX512 IFMA+VBMI,AVX512 F+BW+CD+DQ+VL,AVX2+BMI1+BMI2+F16C+FMA+LZCNT+MOVBE,AVX,SSE3+SSSE3+SSE4.1+SSE4.2+POPCNT,X86Base+SSE+SSE2,AES+PCLMUL,AvxVnni,SERIALIZE VectorSize=256
// Job: Quick(MaxRelativeError=0.05, IterationTime=250ms, MaxIterationCount=12, MaxWarmupIterationCount=5, MinIterationCount=8, MinWarmupIterationCount=3)

OverheadJitting  1: 1 op, 189441.00 ns, 189.4410 us/op
WorkloadJitting  1: 1 op, 2735334.00 ns, 2.7353 ms/op

OverheadJitting  2: 16 op, 425491.00 ns, 26.5932 us/op
WorkloadJitting  2: 16 op, 447496.00 ns, 27.9685 us/op

WorkloadPilot    1: 16 op, 7235.00 ns, 452.1875 ns/op
WorkloadPilot    2: 552880 op, 100929551.00 ns, 182.5524 ns/op
WorkloadPilot    3: 1369472 op, 97842001.00 ns, 71.4451 ns/op
WorkloadPilot    4: 3499200 op, 204992458.00 ns, 58.5827 ns/op
WorkloadPilot    5: 4267488 op, 250037002.00 ns, 58.5911 ns/op
WorkloadPilot    6: 4266864 op, 253131226.00 ns, 59.3249 ns/op
WorkloadPilot    7: 4214096 op, 246179087.00 ns, 58.4180 ns/op
WorkloadPilot    8: 4279504 op, 248070371.00 ns, 57.9671 ns/op
WorkloadPilot    9: 4312800 op, 249393910.00 ns, 57.8264 ns/op
WorkloadPilot   10: 4323296 op, 252300708.00 ns, 58.3584 ns/op

OverheadWarmup   1: 4323296 op, 19586903.00 ns, 4.5305 ns/op
OverheadWarmup   2: 4323296 op, 19383320.00 ns, 4.4835 ns/op
OverheadWarmup   3: 4323296 op, 19625234.00 ns, 4.5394 ns/op
OverheadWarmup   4: 4323296 op, 19445438.00 ns, 4.4978 ns/op
OverheadWarmup   5: 4323296 op, 19639448.00 ns, 4.5427 ns/op
OverheadWarmup   6: 4323296 op, 19251024.00 ns, 4.4529 ns/op

OverheadActual   1: 4323296 op, 19637572.00 ns, 4.5423 ns/op
OverheadActual   2: 4323296 op, 19526320.00 ns, 4.5165 ns/op
OverheadActual   3: 4323296 op, 19713123.00 ns, 4.5597 ns/op
OverheadActual   4: 4323296 op, 19431979.00 ns, 4.4947 ns/op
OverheadActual   5: 4323296 op, 19536996.00 ns, 4.5190 ns/op
OverheadActual   6: 4323296 op, 19475273.00 ns, 4.5047 ns/op
OverheadActual   7: 4323296 op, 19414548.00 ns, 4.4907 ns/op
OverheadActual   8: 4323296 op, 19156005.00 ns, 4.4309 ns/op

WorkloadWarmup   1: 4323296 op, 283440319.00 ns, 65.5612 ns/op
WorkloadWarmup   2: 4323296 op, 254244222.00 ns, 58.8080 ns/op
WorkloadWarmup   3: 4323296 op, 250663844.00 ns, 57.9798 ns/op
WorkloadWarmup   4: 4323296 op, 251767594.00 ns, 58.2351 ns/op
WorkloadWarmup   5: 4323296 op, 249507804.00 ns, 57.7124 ns/op

// BeforeActualRun
WorkloadActual   1: 4323296 op, 254991243.00 ns, 58.9808 ns/op
WorkloadActual   2: 4323296 op, 252137404.00 ns, 58.3206 ns/op
WorkloadActual   3: 4323296 op, 255027306.00 ns, 58.9891 ns/op
WorkloadActual   4: 4323296 op, 254120499.00 ns, 58.7793 ns/op
WorkloadActual   5: 4323296 op, 252849148.00 ns, 58.4853 ns/op
WorkloadActual   6: 4323296 op, 251820228.00 ns, 58.2473 ns/op
WorkloadActual   7: 4323296 op, 253757271.00 ns, 58.6953 ns/op
WorkloadActual   8: 4323296 op, 257292379.00 ns, 59.5130 ns/op

// AfterActualRun
WorkloadResult   1: 4323296 op, 235490446.50 ns, 54.4701 ns/op
WorkloadResult   2: 4323296 op, 232636607.50 ns, 53.8100 ns/op
WorkloadResult   3: 4323296 op, 235526509.50 ns, 54.4785 ns/op
WorkloadResult   4: 4323296 op, 234619702.50 ns, 54.2687 ns/op
WorkloadResult   5: 4323296 op, 233348351.50 ns, 53.9746 ns/op
WorkloadResult   6: 4323296 op, 232319431.50 ns, 53.7366 ns/op
WorkloadResult   7: 4323296 op, 234256474.50 ns, 54.1847 ns/op
WorkloadResult   8: 4323296 op, 237791582.50 ns, 55.0024 ns/op
// GC:  12 0 0 1072177408 4323296
// Threading:  0 0 4323296

// AfterAll
// Benchmark Process 3447 has exited with code 0.

Mean = 54.241 ns, StdErr = 0.147 ns (0.27%), N = 8, StdDev = 0.415 ns
Min = 53.737 ns, Q1 = 53.933 ns, Median = 54.227 ns, Q3 = 54.472 ns, Max = 55.002 ns
IQR = 0.539 ns, LowerFence = 53.125 ns, UpperFence = 55.280 ns
ConfidenceInterval = [53.448 ns; 55.034 ns] (CI 99.9%), Margin = 0.793 ns (1.46% of Mean)
Skewness = 0.42, Kurtosis = 1.89, MValue = 2

// ** Remained 18 (47.4 %) benchmark(s) to run. Estimated finish 2026-08-04 6:44 (0h 1m from now) **
// ***** BenchmarkRunner: Finish  *****

// * Export *
  tmp/dotnet-matrix/ObjectMapping/8d220c999547463fb13173176bcb2803/results/Matrix.ObjectMapping.Benchmarks.NestedObject-report.csv
  tmp/dotnet-matrix/ObjectMapping/8d220c999547463fb13173176bcb2803/results/Matrix.ObjectMapping.Benchmarks.NestedObject-report-github.md
  tmp/dotnet-matrix/ObjectMapping/8d220c999547463fb13173176bcb2803/results/Matrix.ObjectMapping.Benchmarks.NestedObject-report.html
  tmp/dotnet-matrix/ObjectMapping/8d220c999547463fb13173176bcb2803/results/Matrix.ObjectMapping.Benchmarks.NestedObject-report-full.json

// * Detailed results *
NestedObject.Mapperly: Quick(MaxRelativeError=0.05, Arguments=/p:MatrixMode=Benchmark, IterationTime=250ms, MaxIterationCount=12, MaxWarmupIterationCount=5, MinIterationCount=8, MinWarmupIterationCount=3)
Runtime = .NET 10.0.10 (10.0.10, 10.0.1026.32716), X64 RyuJIT x86-64-v4; GC = Concurrent Workstation
Mean = 38.128 ns, StdErr = 0.050 ns (0.13%), N = 7, StdDev = 0.133 ns
Min = 37.979 ns, Q1 = 38.048 ns, Median = 38.094 ns, Q3 = 38.193 ns, Max = 38.341 ns
IQR = 0.145 ns, LowerFence = 37.832 ns, UpperFence = 38.410 ns
ConfidenceInterval = [37.828 ns; 38.429 ns] (CI 99.9%), Margin = 0.301 ns (0.79% of Mean)
Skewness = 0.51, Kurtosis = 1.46, MValue = 2
-------------------- Histogram --------------------
[37.887 ns ; 38.433 ns) | @@@@@@@
---------------------------------------------------

NestedObject.HandCoded: Quick(MaxRelativeError=0.05, Arguments=/p:MatrixMode=Benchmark, IterationTime=250ms, MaxIterationCount=12, MaxWarmupIterationCount=5, MinIterationCount=8, MinWarmupIterationCount=3)
Runtime = .NET 10.0.10 (10.0.10, 10.0.1026.32716), X64 RyuJIT x86-64-v4; GC = Concurrent Workstation
Mean = 44.090 ns, StdErr = 0.169 ns (0.38%), N = 8, StdDev = 0.479 ns
Min = 43.647 ns, Q1 = 43.730 ns, Median = 43.881 ns, Q3 = 44.397 ns, Max = 44.861 ns
IQR = 0.667 ns, LowerFence = 42.731 ns, UpperFence = 45.397 ns
ConfidenceInterval = [43.174 ns; 45.005 ns] (CI 99.9%), Margin = 0.916 ns (2.08% of Mean)
Skewness = 0.56, Kurtosis = 1.42, MValue = 2
-------------------- Histogram --------------------
[43.333 ns ; 45.022 ns) | @@@@@@@@
---------------------------------------------------

NestedObject.Mapster: Quick(MaxRelativeError=0.05, Arguments=/p:MatrixMode=Benchmark, IterationTime=250ms, MaxIterationCount=12, MaxWarmupIterationCount=5, MinIterationCount=8, MinWarmupIterationCount=3)
Runtime = .NET 10.0.10 (10.0.10, 10.0.1026.32716), X64 RyuJIT x86-64-v4; GC = Concurrent Workstation
Mean = 54.241 ns, StdErr = 0.147 ns (0.27%), N = 8, StdDev = 0.415 ns
Min = 53.737 ns, Q1 = 53.933 ns, Median = 54.227 ns, Q3 = 54.472 ns, Max = 55.002 ns
IQR = 0.539 ns, LowerFence = 53.125 ns, UpperFence = 55.280 ns
ConfidenceInterval = [53.448 ns; 55.034 ns] (CI 99.9%), Margin = 0.793 ns (1.46% of Mean)
Skewness = 0.42, Kurtosis = 1.89, MValue = 2
-------------------- Histogram --------------------
[53.684 ns ; 55.275 ns) | @@@@@@@@
---------------------------------------------------

NestedObject.AutoMapper: Quick(MaxRelativeError=0.05, Arguments=/p:MatrixMode=Benchmark, IterationTime=250ms, MaxIterationCount=12, MaxWarmupIterationCount=5, MinIterationCount=8, MinWarmupIterationCount=3)
Runtime = .NET 10.0.10 (10.0.10, 10.0.1026.32716), X64 RyuJIT x86-64-v4; GC = Concurrent Workstation
Mean = 75.107 ns, StdErr = 0.324 ns (0.43%), N = 7, StdDev = 0.857 ns
Min = 74.364 ns, Q1 = 74.576 ns, Median = 74.842 ns, Q3 = 75.301 ns, Max = 76.788 ns
IQR = 0.725 ns, LowerFence = 73.487 ns, UpperFence = 76.389 ns
ConfidenceInterval = [73.177 ns; 77.036 ns] (CI 99.9%), Margin = 1.930 ns (2.57% of Mean)
Skewness = 0.94, Kurtosis = 2.29, MValue = 2
-------------------- Histogram --------------------
[73.901 ns ; 76.992 ns) | @@@@@@@
---------------------------------------------------

// * Summary *

BenchmarkDotNet v0.15.8, Linux Ubuntu 24.04.4 LTS (Noble Numbat)
INTEL XEON PLATINUM 8573C 2.30GHz, 1 CPU, 4 logical and 2 physical cores
.NET SDK 10.0.302
  [Host] : .NET 10.0.10 (10.0.10, 10.0.1026.32716), X64 RyuJIT x86-64-v4
  Quick  : .NET 10.0.10 (10.0.10, 10.0.1026.32716), X64 RyuJIT x86-64-v4

Job=Quick  MaxRelativeError=0.05  Arguments=/p:MatrixMode=Benchmark  
IterationTime=250ms  MaxIterationCount=12  MaxWarmupIterationCount=5  
MinIterationCount=8  MinWarmupIterationCount=3  

| Method     | Mean     | Error    | StdDev   | Ratio | RatioSD | Gen0   | Allocated | Alloc Ratio |
|----------- |---------:|---------:|---------:|------:|--------:|-------:|----------:|------------:|
| Mapperly   | 38.13 ns | 0.301 ns | 0.133 ns |  0.86 |    0.01 | 0.0029 |     248 B |        1.00 |
| HandCoded  | 44.09 ns | 0.916 ns | 0.479 ns |  1.00 |    0.01 | 0.0028 |     248 B |        1.00 |
| Mapster    | 54.24 ns | 0.793 ns | 0.415 ns |  1.23 |    0.02 | 0.0028 |     248 B |        1.00 |
| AutoMapper | 75.11 ns | 1.930 ns | 0.857 ns |  1.70 |    0.03 | 0.0028 |     248 B |        1.00 |

// * Hints *
Outliers
  NestedObject.Mapperly: Quick   -> 1 outlier  was  removed (43.44 ns)
  NestedObject.AutoMapper: Quick -> 1 outlier  was  removed (83.13 ns)

// * Legends *
  Mean        : Arithmetic mean of all measurements
  Error       : Half of 99.9% confidence interval
  StdDev      : Standard deviation of all measurements
  Ratio       : Mean of the ratio distribution ([Current]/[Baseline])
  RatioSD     : Standard deviation of the ratio distribution ([Current]/[Baseline])
  Gen0        : GC Generation 0 collects per 1000 operations
  Allocated   : Allocated memory per single operation (managed only, inclusive, 1KB = 1024B)
  Alloc Ratio : Allocated memory ratio distribution ([Current]/[Baseline])
  1 ns        : 1 Nanosecond (0.000000001 sec)

// * Diagnostic Output - MemoryDiagnoser *


// ***** BenchmarkRunner: End *****
Run time: 00:00:24 (24.95 sec), executed benchmarks: 4

// Found 4 benchmarks:
//   NullHandling.AutoMapper: Quick(MaxRelativeError=0.05, Arguments=/p:MatrixMode=Benchmark, IterationTime=250ms, MaxIterationCount=12, MaxWarmupIterationCount=5, MinIterationCount=8, MinWarmupIterationCount=3)
//   NullHandling.HandCoded: Quick(MaxRelativeError=0.05, Arguments=/p:MatrixMode=Benchmark, IterationTime=250ms, MaxIterationCount=12, MaxWarmupIterationCount=5, MinIterationCount=8, MinWarmupIterationCount=3)
//   NullHandling.Mapperly: Quick(MaxRelativeError=0.05, Arguments=/p:MatrixMode=Benchmark, IterationTime=250ms, MaxIterationCount=12, MaxWarmupIterationCount=5, MinIterationCount=8, MinWarmupIterationCount=3)
//   NullHandling.Mapster: Quick(MaxRelativeError=0.05, Arguments=/p:MatrixMode=Benchmark, IterationTime=250ms, MaxIterationCount=12, MaxWarmupIterationCount=5, MinIterationCount=8, MinWarmupIterationCount=3)

// **************************
// Benchmark: NullHandling.AutoMapper: Quick(MaxRelativeError=0.05, Arguments=/p:MatrixMode=Benchmark, IterationTime=250ms, MaxIterationCount=12, MaxWarmupIterationCount=5, MinIterationCount=8, MinWarmupIterationCount=3)
// *** Execute ***
// Launch: 1 / 1
// Execute: dotnet Matrix.ObjectMapping-Quick-1.dll --anonymousPipes 123 124 --benchmarkName Matrix.ObjectMapping.Benchmarks.NullHandling.AutoMapper --job Quick --benchmarkId 20 in /home/runner/work/dotnet-matrix/dotnet-matrix/src/Matrix.ObjectMapping/bin/Benchmark/Release/net10.0/Matrix.ObjectMapping-Quick-1/bin/Release/net10.0
// Failed to set up high priority (Permission denied). In order to run benchmarks with high priority, make sure you have the right permissions.
// BeforeAnythingElse

// Benchmark Process Environment Information:
// BenchmarkDotNet v0.15.8
// Runtime=.NET 10.0.10 (10.0.10, 10.0.1026.32716), X64 RyuJIT x86-64-v4
// GC=Concurrent Workstation
// HardwareIntrinsics=AVX512 BITALG+VBMI2+VNNI+VPOPCNTDQ,AVX512 IFMA+VBMI,AVX512 F+BW+CD+DQ+VL,AVX2+BMI1+BMI2+F16C+FMA+LZCNT+MOVBE,AVX,SSE3+SSSE3+SSE4.1+SSE4.2+POPCNT,X86Base+SSE+SSE2,AES+PCLMUL,AvxVnni,SERIALIZE VectorSize=256
// Job: Quick(MaxRelativeError=0.05, IterationTime=250ms, MaxIterationCount=12, MaxWarmupIterationCount=5, MinIterationCount=8, MinWarmupIterationCount=3)

OverheadJitting  1: 1 op, 198365.00 ns, 198.3650 us/op
WorkloadJitting  1: 1 op, 2197833.00 ns, 2.1978 ms/op

OverheadJitting  2: 16 op, 417658.00 ns, 26.1036 us/op
WorkloadJitting  2: 16 op, 724980.00 ns, 45.3113 us/op

WorkloadPilot    1: 16 op, 12437.00 ns, 777.3125 ns/op
WorkloadPilot    2: 321632 op, 61206451.00 ns, 190.2996 ns/op
WorkloadPilot    3: 1313728 op, 124270772.00 ns, 94.5940 ns/op
WorkloadPilot    4: 2642880 op, 136877770.00 ns, 51.7911 ns/op
WorkloadPilot    5: 4827088 op, 229201064.00 ns, 47.4823 ns/op
WorkloadPilot    6: 5265136 op, 252114971.00 ns, 47.8838 ns/op
WorkloadPilot    7: 5220976 op, 248580431.00 ns, 47.6119 ns/op
WorkloadPilot    8: 5250800 op, 248800465.00 ns, 47.3833 ns/op
WorkloadPilot    9: 5276128 op, 250715454.00 ns, 47.5188 ns/op
WorkloadPilot   10: 5261072 op, 250454924.00 ns, 47.6053 ns/op

OverheadWarmup   1: 5261072 op, 24991102.00 ns, 4.7502 ns/op
OverheadWarmup   2: 5261072 op, 25115856.00 ns, 4.7739 ns/op
OverheadWarmup   3: 5261072 op, 24902010.00 ns, 4.7333 ns/op
OverheadWarmup   4: 5261072 op, 24939781.00 ns, 4.7404 ns/op
OverheadWarmup   5: 5261072 op, 25057072.00 ns, 4.7627 ns/op
OverheadWarmup   6: 5261072 op, 25039125.00 ns, 4.7593 ns/op

OverheadActual   1: 5261072 op, 25170958.00 ns, 4.7844 ns/op
OverheadActual   2: 5261072 op, 25137596.00 ns, 4.7780 ns/op
OverheadActual   3: 5261072 op, 25104150.00 ns, 4.7717 ns/op
OverheadActual   4: 5261072 op, 25070903.00 ns, 4.7654 ns/op
OverheadActual   5: 5261072 op, 25122964.00 ns, 4.7753 ns/op
OverheadActual   6: 5261072 op, 24992852.00 ns, 4.7505 ns/op
OverheadActual   7: 5261072 op, 25189010.00 ns, 4.7878 ns/op
OverheadActual   8: 5261072 op, 24953803.00 ns, 4.7431 ns/op

WorkloadWarmup   1: 5261072 op, 280869609.00 ns, 53.3864 ns/op
WorkloadWarmup   2: 5261072 op, 252192670.00 ns, 47.9356 ns/op
WorkloadWarmup   3: 5261072 op, 248261990.00 ns, 47.1885 ns/op
WorkloadWarmup   4: 5261072 op, 248436572.00 ns, 47.2217 ns/op
WorkloadWarmup   5: 5261072 op, 249056611.00 ns, 47.3395 ns/op

// BeforeActualRun
WorkloadActual   1: 5261072 op, 250985611.00 ns, 47.7062 ns/op
WorkloadActual   2: 5261072 op, 248342235.00 ns, 47.2037 ns/op
WorkloadActual   3: 5261072 op, 249779383.00 ns, 47.4769 ns/op
WorkloadActual   4: 5261072 op, 249690850.00 ns, 47.4601 ns/op
WorkloadActual   5: 5261072 op, 249672435.00 ns, 47.4566 ns/op
WorkloadActual   6: 5261072 op, 249676678.00 ns, 47.4574 ns/op
WorkloadActual   7: 5261072 op, 249916693.00 ns, 47.5030 ns/op
WorkloadActual   8: 5261072 op, 249187865.00 ns, 47.3645 ns/op

// AfterActualRun
WorkloadResult   1: 5261072 op, 223228678.00 ns, 42.4303 ns/op
WorkloadResult   2: 5261072 op, 224665826.00 ns, 42.7034 ns/op
WorkloadResult   3: 5261072 op, 224577293.00 ns, 42.6866 ns/op
WorkloadResult   4: 5261072 op, 224558878.00 ns, 42.6831 ns/op
WorkloadResult   5: 5261072 op, 224563121.00 ns, 42.6839 ns/op
WorkloadResult   6: 5261072 op, 224803136.00 ns, 42.7295 ns/op
WorkloadResult   7: 5261072 op, 224074308.00 ns, 42.5910 ns/op
// GC:  2 0 0 210442880 5261072
// Threading:  0 0 5261072

// AfterAll
// Benchmark Process 3459 has exited with code 0.

Mean = 42.644 ns, StdErr = 0.039 ns (0.09%), N = 7, StdDev = 0.104 ns
Min = 42.430 ns, Q1 = 42.637 ns, Median = 42.684 ns, Q3 = 42.695 ns, Max = 42.730 ns
IQR = 0.058 ns, LowerFence = 42.550 ns, UpperFence = 42.782 ns
ConfidenceInterval = [42.411 ns; 42.877 ns] (CI 99.9%), Margin = 0.233 ns (0.55% of Mean)
Skewness = -1.14, Kurtosis = 2.7, MValue = 2

// ** Remained 17 (44.7 %) benchmark(s) to run. Estimated finish 2026-08-04 6:44 (0h 1m from now) **
// **************************
// Benchmark: NullHandling.HandCoded: Quick(MaxRelativeError=0.05, Arguments=/p:MatrixMode=Benchmark, IterationTime=250ms, MaxIterationCount=12, MaxWarmupIterationCount=5, MinIterationCount=8, MinWarmupIterationCount=3)
// *** Execute ***
// Launch: 1 / 1
// Execute: dotnet Matrix.ObjectMapping-Quick-1.dll --anonymousPipes 125 126 --benchmarkName Matrix.ObjectMapping.Benchmarks.NullHandling.HandCoded --job Quick --benchmarkId 21 in /home/runner/work/dotnet-matrix/dotnet-matrix/src/Matrix.ObjectMapping/bin/Benchmark/Release/net10.0/Matrix.ObjectMapping-Quick-1/bin/Release/net10.0
// Failed to set up high priority (Permission denied). In order to run benchmarks with high priority, make sure you have the right permissions.
// BeforeAnythingElse

// Benchmark Process Environment Information:
// BenchmarkDotNet v0.15.8
// Runtime=.NET 10.0.10 (10.0.10, 10.0.1026.32716), X64 RyuJIT x86-64-v4
// GC=Concurrent Workstation
// HardwareIntrinsics=AVX512 BITALG+VBMI2+VNNI+VPOPCNTDQ,AVX512 IFMA+VBMI,AVX512 F+BW+CD+DQ+VL,AVX2+BMI1+BMI2+F16C+FMA+LZCNT+MOVBE,AVX,SSE3+SSSE3+SSE4.1+SSE4.2+POPCNT,X86Base+SSE+SSE2,AES+PCLMUL,AvxVnni,SERIALIZE VectorSize=256
// Job: Quick(MaxRelativeError=0.05, IterationTime=250ms, MaxIterationCount=12, MaxWarmupIterationCount=5, MinIterationCount=8, MinWarmupIterationCount=3)

OverheadJitting  1: 1 op, 196224.00 ns, 196.2240 us/op
WorkloadJitting  1: 1 op, 348549.00 ns, 348.5490 us/op

OverheadJitting  2: 16 op, 402851.00 ns, 25.1782 us/op
WorkloadJitting  2: 16 op, 431096.00 ns, 26.9435 us/op

WorkloadPilot    1: 16 op, 4502.00 ns, 281.3750 ns/op
WorkloadPilot    2: 888496 op, 30924618.00 ns, 34.8056 ns/op
WorkloadPilot    3: 7182768 op, 136580428.00 ns, 19.0150 ns/op
WorkloadPilot    4: 13147520 op, 144362627.00 ns, 10.9802 ns/op
WorkloadPilot    5: 22768224 op, 247161868.00 ns, 10.8556 ns/op
WorkloadPilot    6: 23029680 op, 253883308.00 ns, 11.0242 ns/op
WorkloadPilot    7: 22677440 op, 245743236.00 ns, 10.8365 ns/op
WorkloadPilot    8: 23070272 op, 249386188.00 ns, 10.8099 ns/op
WorkloadPilot    9: 23127056 op, 250332525.00 ns, 10.8242 ns/op
WorkloadPilot   10: 23096336 op, 252772072.00 ns, 10.9442 ns/op

OverheadWarmup   1: 23096336 op, 109092877.00 ns, 4.7234 ns/op
OverheadWarmup   2: 23096336 op, 106323302.00 ns, 4.6035 ns/op
OverheadWarmup   3: 23096336 op, 91568552.00 ns, 3.9646 ns/op
OverheadWarmup   4: 23096336 op, 92488749.00 ns, 4.0045 ns/op
OverheadWarmup   5: 23096336 op, 91109975.00 ns, 3.9448 ns/op
OverheadWarmup   6: 23096336 op, 91801363.00 ns, 3.9747 ns/op
OverheadWarmup   7: 23096336 op, 91826187.00 ns, 3.9758 ns/op
OverheadWarmup   8: 23096336 op, 91189293.00 ns, 3.9482 ns/op

OverheadActual   1: 23096336 op, 91357922.00 ns, 3.9555 ns/op
OverheadActual   2: 23096336 op, 94773585.00 ns, 4.1034 ns/op
OverheadActual   3: 23096336 op, 90477208.00 ns, 3.9174 ns/op
OverheadActual   4: 23096336 op, 91353555.00 ns, 3.9553 ns/op
OverheadActual   5: 23096336 op, 89782727.00 ns, 3.8873 ns/op
OverheadActual   6: 23096336 op, 90225339.00 ns, 3.9065 ns/op
OverheadActual   7: 23096336 op, 92264866.00 ns, 3.9948 ns/op
OverheadActual   8: 23096336 op, 91180527.00 ns, 3.9478 ns/op

WorkloadWarmup   1: 23096336 op, 288086902.00 ns, 12.4733 ns/op
WorkloadWarmup   2: 23096336 op, 254604042.00 ns, 11.0236 ns/op
WorkloadWarmup   3: 23096336 op, 247979912.00 ns, 10.7368 ns/op
WorkloadWarmup   4: 23096336 op, 252362799.00 ns, 10.9265 ns/op
WorkloadWarmup   5: 23096336 op, 248951015.00 ns, 10.7788 ns/op

// BeforeActualRun
WorkloadActual   1: 23096336 op, 252426360.00 ns, 10.9293 ns/op
WorkloadActual   2: 23096336 op, 253797190.00 ns, 10.9886 ns/op
WorkloadActual   3: 23096336 op, 253582593.00 ns, 10.9793 ns/op
WorkloadActual   4: 23096336 op, 248232210.00 ns, 10.7477 ns/op
WorkloadActual   5: 23096336 op, 254804166.00 ns, 11.0322 ns/op
WorkloadActual   6: 23096336 op, 257913028.00 ns, 11.1668 ns/op
WorkloadActual   7: 23096336 op, 249965612.00 ns, 10.8227 ns/op
WorkloadActual   8: 23096336 op, 249026732.00 ns, 10.7821 ns/op

// AfterActualRun
WorkloadResult   1: 23096336 op, 161159319.00 ns, 6.9777 ns/op
WorkloadResult   2: 23096336 op, 162530149.00 ns, 7.0371 ns/op
WorkloadResult   3: 23096336 op, 162315552.00 ns, 7.0278 ns/op
WorkloadResult   4: 23096336 op, 156965169.00 ns, 6.7961 ns/op
WorkloadResult   5: 23096336 op, 163537125.00 ns, 7.0807 ns/op
WorkloadResult   6: 23096336 op, 166645987.00 ns, 7.2153 ns/op
WorkloadResult   7: 23096336 op, 158698571.00 ns, 6.8712 ns/op
WorkloadResult   8: 23096336 op, 157759691.00 ns, 6.8305 ns/op
// GC:  11 0 0 923853440 23096336
// Threading:  0 0 23096336

// AfterAll
// Benchmark Process 3469 has exited with code 0.

Mean = 6.980 ns, StdErr = 0.050 ns (0.71%), N = 8, StdDev = 0.141 ns
Min = 6.796 ns, Q1 = 6.861 ns, Median = 7.003 ns, Q3 = 7.048 ns, Max = 7.215 ns
IQR = 0.187 ns, LowerFence = 6.581 ns, UpperFence = 7.328 ns
ConfidenceInterval = [6.710 ns; 7.249 ns] (CI 99.9%), Margin = 0.269 ns (3.86% of Mean)
Skewness = 0.16, Kurtosis = 1.58, MValue = 2

// ** Remained 16 (42.1 %) benchmark(s) to run. Estimated finish 2026-08-04 6:44 (0h 1m from now) **
// **************************
// Benchmark: NullHandling.Mapperly: Quick(MaxRelativeError=0.05, Arguments=/p:MatrixMode=Benchmark, IterationTime=250ms, MaxIterationCount=12, MaxWarmupIterationCount=5, MinIterationCount=8, MinWarmupIterationCount=3)
// *** Execute ***
// Launch: 1 / 1
// Execute: dotnet Matrix.ObjectMapping-Quick-1.dll --anonymousPipes 125 126 --benchmarkName Matrix.ObjectMapping.Benchmarks.NullHandling.Mapperly --job Quick --benchmarkId 22 in /home/runner/work/dotnet-matrix/dotnet-matrix/src/Matrix.ObjectMapping/bin/Benchmark/Release/net10.0/Matrix.ObjectMapping-Quick-1/bin/Release/net10.0
// Failed to set up high priority (Permission denied). In order to run benchmarks with high priority, make sure you have the right permissions.
// BeforeAnythingElse

// Benchmark Process Environment Information:
// BenchmarkDotNet v0.15.8
// Runtime=.NET 10.0.10 (10.0.10, 10.0.1026.32716), X64 RyuJIT x86-64-v4
// GC=Concurrent Workstation
// HardwareIntrinsics=AVX512 BITALG+VBMI2+VNNI+VPOPCNTDQ,AVX512 IFMA+VBMI,AVX512 F+BW+CD+DQ+VL,AVX2+BMI1+BMI2+F16C+FMA+LZCNT+MOVBE,AVX,SSE3+SSSE3+SSE4.1+SSE4.2+POPCNT,X86Base+SSE+SSE2,AES+PCLMUL,AvxVnni,SERIALIZE VectorSize=256
// Job: Quick(MaxRelativeError=0.05, IterationTime=250ms, MaxIterationCount=12, MaxWarmupIterationCount=5, MinIterationCount=8, MinWarmupIterationCount=3)

OverheadJitting  1: 1 op, 197719.00 ns, 197.7190 us/op
WorkloadJitting  1: 1 op, 380740.00 ns, 380.7400 us/op

OverheadJitting  2: 16 op, 402201.00 ns, 25.1376 us/op
WorkloadJitting  2: 16 op, 439293.00 ns, 27.4558 us/op

WorkloadPilot    1: 16 op, 4384.00 ns, 274.0000 ns/op
WorkloadPilot    2: 912416 op, 34767824.00 ns, 38.1052 ns/op
WorkloadPilot    3: 6560784 op, 128177541.00 ns, 19.5369 ns/op
WorkloadPilot    4: 12796288 op, 139953123.00 ns, 10.9370 ns/op
WorkloadPilot    5: 22858176 op, 245750048.00 ns, 10.7511 ns/op
WorkloadPilot    6: 23253488 op, 253138416.00 ns, 10.8860 ns/op
WorkloadPilot    7: 22965200 op, 250472739.00 ns, 10.9066 ns/op
WorkloadPilot    8: 22921856 op, 243118893.00 ns, 10.6064 ns/op
WorkloadPilot    9: 23570624 op, 254010181.00 ns, 10.7766 ns/op

OverheadWarmup   1: 23570624 op, 111635080.00 ns, 4.7362 ns/op
OverheadWarmup   2: 23570624 op, 107539114.00 ns, 4.5624 ns/op
OverheadWarmup   3: 23570624 op, 93006016.00 ns, 3.9458 ns/op
OverheadWarmup   4: 23570624 op, 92899572.00 ns, 3.9413 ns/op
OverheadWarmup   5: 23570624 op, 93561366.00 ns, 3.9694 ns/op
OverheadWarmup   6: 23570624 op, 94220556.00 ns, 3.9974 ns/op
OverheadWarmup   7: 23570624 op, 92837864.00 ns, 3.9387 ns/op
OverheadWarmup   8: 23570624 op, 92857844.00 ns, 3.9396 ns/op
OverheadWarmup   9: 23570624 op, 93348794.00 ns, 3.9604 ns/op
OverheadWarmup  10: 23570624 op, 93585207.00 ns, 3.9704 ns/op

OverheadActual   1: 23570624 op, 92999645.00 ns, 3.9456 ns/op
OverheadActual   2: 23570624 op, 92961839.00 ns, 3.9440 ns/op
OverheadActual   3: 23570624 op, 93959524.00 ns, 3.9863 ns/op
OverheadActual   4: 23570624 op, 93798512.00 ns, 3.9795 ns/op
OverheadActual   5: 23570624 op, 93586582.00 ns, 3.9705 ns/op
OverheadActual   6: 23570624 op, 93668918.00 ns, 3.9740 ns/op
OverheadActual   7: 23570624 op, 92882367.00 ns, 3.9406 ns/op
OverheadActual   8: 23570624 op, 94834658.00 ns, 4.0234 ns/op

WorkloadWarmup   1: 23570624 op, 293053685.00 ns, 12.4330 ns/op
WorkloadWarmup   2: 23570624 op, 256750620.00 ns, 10.8928 ns/op
WorkloadWarmup   3: 23570624 op, 248605547.00 ns, 10.5473 ns/op
WorkloadWarmup   4: 23570624 op, 247428276.00 ns, 10.4973 ns/op
WorkloadWarmup   5: 23570624 op, 248859515.00 ns, 10.5580 ns/op

// BeforeActualRun
WorkloadActual   1: 23570624 op, 252404601.00 ns, 10.7084 ns/op
WorkloadActual   2: 23570624 op, 245970909.00 ns, 10.4355 ns/op
WorkloadActual   3: 23570624 op, 250681734.00 ns, 10.6353 ns/op
WorkloadActual   4: 23570624 op, 247463378.00 ns, 10.4988 ns/op
WorkloadActual   5: 23570624 op, 244090159.00 ns, 10.3557 ns/op
WorkloadActual   6: 23570624 op, 245889603.00 ns, 10.4320 ns/op
WorkloadActual   7: 23570624 op, 247947216.00 ns, 10.5193 ns/op
WorkloadActual   8: 23570624 op, 247794520.00 ns, 10.5129 ns/op

// AfterActualRun
WorkloadResult   1: 23570624 op, 158776851.00 ns, 6.7362 ns/op
WorkloadResult   2: 23570624 op, 152343159.00 ns, 6.4633 ns/op
WorkloadResult   3: 23570624 op, 157053984.00 ns, 6.6631 ns/op
WorkloadResult   4: 23570624 op, 153835628.00 ns, 6.5266 ns/op
WorkloadResult   5: 23570624 op, 150462409.00 ns, 6.3835 ns/op
WorkloadResult   6: 23570624 op, 152261853.00 ns, 6.4598 ns/op
WorkloadResult   7: 23570624 op, 154319466.00 ns, 6.5471 ns/op
WorkloadResult   8: 23570624 op, 154166770.00 ns, 6.5406 ns/op
// GC:  11 0 0 942824960 23570624
// Threading:  0 0 23570624

// AfterAll
// Benchmark Process 3482 has exited with code 0.

Mean = 6.540 ns, StdErr = 0.040 ns (0.62%), N = 8, StdDev = 0.114 ns
Min = 6.383 ns, Q1 = 6.462 ns, Median = 6.534 ns, Q3 = 6.576 ns, Max = 6.736 ns
IQR = 0.114 ns, LowerFence = 6.292 ns, UpperFence = 6.747 ns
ConfidenceInterval = [6.322 ns; 6.758 ns] (CI 99.9%), Margin = 0.218 ns (3.33% of Mean)
Skewness = 0.39, Kurtosis = 1.78, MValue = 2

// ** Remained 15 (39.5 %) benchmark(s) to run. Estimated finish 2026-08-04 6:44 (0h 1m from now) **
// **************************
// Benchmark: NullHandling.Mapster: Quick(MaxRelativeError=0.05, Arguments=/p:MatrixMode=Benchmark, IterationTime=250ms, MaxIterationCount=12, MaxWarmupIterationCount=5, MinIterationCount=8, MinWarmupIterationCount=3)
// *** Execute ***
// Launch: 1 / 1
// Execute: dotnet Matrix.ObjectMapping-Quick-1.dll --anonymousPipes 127 128 --benchmarkName Matrix.ObjectMapping.Benchmarks.NullHandling.Mapster --job Quick --benchmarkId 23 in /home/runner/work/dotnet-matrix/dotnet-matrix/src/Matrix.ObjectMapping/bin/Benchmark/Release/net10.0/Matrix.ObjectMapping-Quick-1/bin/Release/net10.0
// Failed to set up high priority (Permission denied). In order to run benchmarks with high priority, make sure you have the right permissions.
// BeforeAnythingElse

// Benchmark Process Environment Information:
// BenchmarkDotNet v0.15.8
// Runtime=.NET 10.0.10 (10.0.10, 10.0.1026.32716), X64 RyuJIT x86-64-v4
// GC=Concurrent Workstation
// HardwareIntrinsics=AVX512 BITALG+VBMI2+VNNI+VPOPCNTDQ,AVX512 IFMA+VBMI,AVX512 F+BW+CD+DQ+VL,AVX2+BMI1+BMI2+F16C+FMA+LZCNT+MOVBE,AVX,SSE3+SSSE3+SSE4.1+SSE4.2+POPCNT,X86Base+SSE+SSE2,AES+PCLMUL,AvxVnni,SERIALIZE VectorSize=256
// Job: Quick(MaxRelativeError=0.05, IterationTime=250ms, MaxIterationCount=12, MaxWarmupIterationCount=5, MinIterationCount=8, MinWarmupIterationCount=3)

OverheadJitting  1: 1 op, 196546.00 ns, 196.5460 us/op
WorkloadJitting  1: 1 op, 2470107.00 ns, 2.4701 ms/op

OverheadJitting  2: 16 op, 467538.00 ns, 29.2211 us/op
WorkloadJitting  2: 16 op, 426784.00 ns, 26.6740 us/op

WorkloadPilot    1: 16 op, 9294.00 ns, 580.8750 ns/op
WorkloadPilot    2: 430400 op, 63294459.00 ns, 147.0596 ns/op
WorkloadPilot    3: 1700000 op, 114194610.00 ns, 67.1733 ns/op
WorkloadPilot    4: 3721728 op, 121374209.00 ns, 32.6123 ns/op
WorkloadPilot    5: 7665824 op, 235906748.00 ns, 30.7738 ns/op
WorkloadPilot    6: 8123792 op, 252809363.00 ns, 31.1196 ns/op
WorkloadPilot    7: 8033520 op, 248817613.00 ns, 30.9724 ns/op
WorkloadPilot    8: 8071696 op, 250828134.00 ns, 31.0750 ns/op
WorkloadPilot    9: 8045056 op, 244852578.00 ns, 30.4352 ns/op
WorkloadPilot   10: 8214192 op, 247950157.00 ns, 30.1856 ns/op
WorkloadPilot   11: 8282112 op, 251058925.00 ns, 30.3134 ns/op

OverheadWarmup   1: 8282112 op, 39034497.00 ns, 4.7131 ns/op
OverheadWarmup   2: 8282112 op, 39000505.00 ns, 4.7090 ns/op
OverheadWarmup   3: 8282112 op, 38970837.00 ns, 4.7054 ns/op
OverheadWarmup   4: 8282112 op, 38906615.00 ns, 4.6977 ns/op
OverheadWarmup   5: 8282112 op, 39164343.00 ns, 4.7288 ns/op
OverheadWarmup   6: 8282112 op, 38965854.00 ns, 4.7048 ns/op
OverheadWarmup   7: 8282112 op, 39000951.00 ns, 4.7091 ns/op
OverheadWarmup   8: 8282112 op, 39048866.00 ns, 4.7148 ns/op
OverheadWarmup   9: 8282112 op, 34974532.00 ns, 4.2229 ns/op

OverheadActual   1: 8282112 op, 32597844.00 ns, 3.9359 ns/op
OverheadActual   2: 8282112 op, 32433708.00 ns, 3.9161 ns/op
OverheadActual   3: 8282112 op, 32452337.00 ns, 3.9184 ns/op
OverheadActual   4: 8282112 op, 32532439.00 ns, 3.9280 ns/op
OverheadActual   5: 8282112 op, 32470318.00 ns, 3.9205 ns/op
OverheadActual   6: 8282112 op, 32402374.00 ns, 3.9123 ns/op
OverheadActual   7: 8282112 op, 32386811.00 ns, 3.9105 ns/op
OverheadActual   8: 8282112 op, 32625373.00 ns, 3.9393 ns/op

WorkloadWarmup   1: 8282112 op, 286290163.00 ns, 34.5673 ns/op
WorkloadWarmup   2: 8282112 op, 259368648.00 ns, 31.3167 ns/op
WorkloadWarmup   3: 8282112 op, 251761843.00 ns, 30.3983 ns/op
WorkloadWarmup   4: 8282112 op, 248844963.00 ns, 30.0461 ns/op
WorkloadWarmup   5: 8282112 op, 247939829.00 ns, 29.9368 ns/op

// BeforeActualRun
WorkloadActual   1: 8282112 op, 253836167.00 ns, 30.6487 ns/op
WorkloadActual   2: 8282112 op, 253413096.00 ns, 30.5976 ns/op
WorkloadActual   3: 8282112 op, 255206732.00 ns, 30.8142 ns/op
WorkloadActual   4: 8282112 op, 253993480.00 ns, 30.6677 ns/op
WorkloadActual   5: 8282112 op, 252152180.00 ns, 30.4454 ns/op
WorkloadActual   6: 8282112 op, 251370570.00 ns, 30.3510 ns/op
WorkloadActual   7: 8282112 op, 253064656.00 ns, 30.5556 ns/op
WorkloadActual   8: 8282112 op, 253230500.00 ns, 30.5756 ns/op

// AfterActualRun
WorkloadResult   1: 8282112 op, 221374839.50 ns, 26.7293 ns/op
WorkloadResult   2: 8282112 op, 220951768.50 ns, 26.6782 ns/op
WorkloadResult   3: 8282112 op, 222745404.50 ns, 26.8948 ns/op
WorkloadResult   4: 8282112 op, 221532152.50 ns, 26.7483 ns/op
WorkloadResult   5: 8282112 op, 219690852.50 ns, 26.5259 ns/op
WorkloadResult   6: 8282112 op, 218909242.50 ns, 26.4316 ns/op
WorkloadResult   7: 8282112 op, 220603328.50 ns, 26.6361 ns/op
WorkloadResult   8: 8282112 op, 220769172.50 ns, 26.6561 ns/op
// GC:  3 0 0 331284480 8282112
// Threading:  0 0 8282112

// AfterAll
// Benchmark Process 3494 has exited with code 0.

Mean = 26.663 ns, StdErr = 0.050 ns (0.19%), N = 8, StdDev = 0.141 ns
Min = 26.432 ns, Q1 = 26.609 ns, Median = 26.667 ns, Q3 = 26.734 ns, Max = 26.895 ns
IQR = 0.125 ns, LowerFence = 26.420 ns, UpperFence = 26.922 ns
ConfidenceInterval = [26.393 ns; 26.932 ns] (CI 99.9%), Margin = 0.269 ns (1.01% of Mean)
Skewness = -0.06, Kurtosis = 1.97, MValue = 2

// ** Remained 14 (36.8 %) benchmark(s) to run. Estimated finish 2026-08-04 6:44 (0h 1m from now) **
// ***** BenchmarkRunner: Finish  *****

// * Export *
  tmp/dotnet-matrix/ObjectMapping/8d220c999547463fb13173176bcb2803/results/Matrix.ObjectMapping.Benchmarks.NullHandling-report.csv
  tmp/dotnet-matrix/ObjectMapping/8d220c999547463fb13173176bcb2803/results/Matrix.ObjectMapping.Benchmarks.NullHandling-report-github.md
  tmp/dotnet-matrix/ObjectMapping/8d220c999547463fb13173176bcb2803/results/Matrix.ObjectMapping.Benchmarks.NullHandling-report.html
  tmp/dotnet-matrix/ObjectMapping/8d220c999547463fb13173176bcb2803/results/Matrix.ObjectMapping.Benchmarks.NullHandling-report-full.json

// * Detailed results *
NullHandling.Mapperly: Quick(MaxRelativeError=0.05, Arguments=/p:MatrixMode=Benchmark, IterationTime=250ms, MaxIterationCount=12, MaxWarmupIterationCount=5, MinIterationCount=8, MinWarmupIterationCount=3)
Runtime = .NET 10.0.10 (10.0.10, 10.0.1026.32716), X64 RyuJIT x86-64-v4; GC = Concurrent Workstation
Mean = 6.540 ns, StdErr = 0.040 ns (0.62%), N = 8, StdDev = 0.114 ns
Min = 6.383 ns, Q1 = 6.462 ns, Median = 6.534 ns, Q3 = 6.576 ns, Max = 6.736 ns
IQR = 0.114 ns, LowerFence = 6.292 ns, UpperFence = 6.747 ns
ConfidenceInterval = [6.322 ns; 6.758 ns] (CI 99.9%), Margin = 0.218 ns (3.33% of Mean)
Skewness = 0.39, Kurtosis = 1.78, MValue = 2
-------------------- Histogram --------------------
[6.309 ns ; 6.578 ns) | @@@@@@
[6.578 ns ; 6.774 ns) | @@
---------------------------------------------------

NullHandling.HandCoded: Quick(MaxRelativeError=0.05, Arguments=/p:MatrixMode=Benchmark, IterationTime=250ms, MaxIterationCount=12, MaxWarmupIterationCount=5, MinIterationCount=8, MinWarmupIterationCount=3)
Runtime = .NET 10.0.10 (10.0.10, 10.0.1026.32716), X64 RyuJIT x86-64-v4; GC = Concurrent Workstation
Mean = 6.980 ns, StdErr = 0.050 ns (0.71%), N = 8, StdDev = 0.141 ns
Min = 6.796 ns, Q1 = 6.861 ns, Median = 7.003 ns, Q3 = 7.048 ns, Max = 7.215 ns
IQR = 0.187 ns, LowerFence = 6.581 ns, UpperFence = 7.328 ns
ConfidenceInterval = [6.710 ns; 7.249 ns] (CI 99.9%), Margin = 0.269 ns (3.86% of Mean)
Skewness = 0.16, Kurtosis = 1.58, MValue = 2
-------------------- Histogram --------------------
[6.741 ns ; 6.937 ns) | @@@
[6.937 ns ; 7.122 ns) | @@@@
[7.122 ns ; 7.308 ns) | @
---------------------------------------------------

NullHandling.Mapster: Quick(MaxRelativeError=0.05, Arguments=/p:MatrixMode=Benchmark, IterationTime=250ms, MaxIterationCount=12, MaxWarmupIterationCount=5, MinIterationCount=8, MinWarmupIterationCount=3)
Runtime = .NET 10.0.10 (10.0.10, 10.0.1026.32716), X64 RyuJIT x86-64-v4; GC = Concurrent Workstation
Mean = 26.663 ns, StdErr = 0.050 ns (0.19%), N = 8, StdDev = 0.141 ns
Min = 26.432 ns, Q1 = 26.609 ns, Median = 26.667 ns, Q3 = 26.734 ns, Max = 26.895 ns
IQR = 0.125 ns, LowerFence = 26.420 ns, UpperFence = 26.922 ns
ConfidenceInterval = [26.393 ns; 26.932 ns] (CI 99.9%), Margin = 0.269 ns (1.01% of Mean)
Skewness = -0.06, Kurtosis = 1.97, MValue = 2
-------------------- Histogram --------------------
[26.425 ns ; 26.959 ns) | @@@@@@@@
---------------------------------------------------

NullHandling.AutoMapper: Quick(MaxRelativeError=0.05, Arguments=/p:MatrixMode=Benchmark, IterationTime=250ms, MaxIterationCount=12, MaxWarmupIterationCount=5, MinIterationCount=8, MinWarmupIterationCount=3)
Runtime = .NET 10.0.10 (10.0.10, 10.0.1026.32716), X64 RyuJIT x86-64-v4; GC = Concurrent Workstation
Mean = 42.644 ns, StdErr = 0.039 ns (0.09%), N = 7, StdDev = 0.104 ns
Min = 42.430 ns, Q1 = 42.637 ns, Median = 42.684 ns, Q3 = 42.695 ns, Max = 42.730 ns
IQR = 0.058 ns, LowerFence = 42.550 ns, UpperFence = 42.782 ns
ConfidenceInterval = [42.411 ns; 42.877 ns] (CI 99.9%), Margin = 0.233 ns (0.55% of Mean)
Skewness = -1.14, Kurtosis = 2.7, MValue = 2
-------------------- Histogram --------------------
[42.359 ns ; 42.801 ns) | @@@@@@@
---------------------------------------------------

// * Summary *

BenchmarkDotNet v0.15.8, Linux Ubuntu 24.04.4 LTS (Noble Numbat)
INTEL XEON PLATINUM 8573C 2.30GHz, 1 CPU, 4 logical and 2 physical cores
.NET SDK 10.0.302
  [Host] : .NET 10.0.10 (10.0.10, 10.0.1026.32716), X64 RyuJIT x86-64-v4
  Quick  : .NET 10.0.10 (10.0.10, 10.0.1026.32716), X64 RyuJIT x86-64-v4

Job=Quick  MaxRelativeError=0.05  Arguments=/p:MatrixMode=Benchmark  
IterationTime=250ms  MaxIterationCount=12  MaxWarmupIterationCount=5  
MinIterationCount=8  MinWarmupIterationCount=3  

| Method     | Mean      | Error     | StdDev    | Ratio | RatioSD | Gen0   | Allocated | Alloc Ratio |
|----------- |----------:|----------:|----------:|------:|--------:|-------:|----------:|------------:|
| Mapperly   |  6.540 ns | 0.2177 ns | 0.1138 ns |  0.94 |    0.02 | 0.0005 |      40 B |        1.00 |
| HandCoded  |  6.980 ns | 0.2695 ns | 0.1409 ns |  1.00 |    0.03 | 0.0005 |      40 B |        1.00 |
| Mapster    | 26.663 ns | 0.2692 ns | 0.1408 ns |  3.82 |    0.07 | 0.0004 |      40 B |        1.00 |
| AutoMapper | 42.644 ns | 0.2331 ns | 0.1035 ns |  6.11 |    0.12 | 0.0004 |      40 B |        1.00 |

// * Hints *
Outliers
  NullHandling.AutoMapper: Quick -> 1 outlier  was  removed, 2 outliers were detected (47.20 ns, 47.71 ns)

// * Legends *
  Mean        : Arithmetic mean of all measurements
  Error       : Half of 99.9% confidence interval
  StdDev      : Standard deviation of all measurements
  Ratio       : Mean of the ratio distribution ([Current]/[Baseline])
  RatioSD     : Standard deviation of the ratio distribution ([Current]/[Baseline])
  Gen0        : GC Generation 0 collects per 1000 operations
  Allocated   : Allocated memory per single operation (managed only, inclusive, 1KB = 1024B)
  Alloc Ratio : Allocated memory ratio distribution ([Current]/[Baseline])
  1 ns        : 1 Nanosecond (0.000000001 sec)

// * Diagnostic Output - MemoryDiagnoser *


// ***** BenchmarkRunner: End *****
Run time: 00:00:26 (26.57 sec), executed benchmarks: 4

// Found 4 benchmarks:
//   PolymorphicMapping.AutoMapper: Quick(MaxRelativeError=0.05, Arguments=/p:MatrixMode=Benchmark, IterationTime=250ms, MaxIterationCount=12, MaxWarmupIterationCount=5, MinIterationCount=8, MinWarmupIterationCount=3)
//   PolymorphicMapping.HandCoded: Quick(MaxRelativeError=0.05, Arguments=/p:MatrixMode=Benchmark, IterationTime=250ms, MaxIterationCount=12, MaxWarmupIterationCount=5, MinIterationCount=8, MinWarmupIterationCount=3)
//   PolymorphicMapping.Mapperly: Quick(MaxRelativeError=0.05, Arguments=/p:MatrixMode=Benchmark, IterationTime=250ms, MaxIterationCount=12, MaxWarmupIterationCount=5, MinIterationCount=8, MinWarmupIterationCount=3)
//   PolymorphicMapping.Mapster: Quick(MaxRelativeError=0.05, Arguments=/p:MatrixMode=Benchmark, IterationTime=250ms, MaxIterationCount=12, MaxWarmupIterationCount=5, MinIterationCount=8, MinWarmupIterationCount=3)

// **************************
// Benchmark: PolymorphicMapping.AutoMapper: Quick(MaxRelativeError=0.05, Arguments=/p:MatrixMode=Benchmark, IterationTime=250ms, MaxIterationCount=12, MaxWarmupIterationCount=5, MinIterationCount=8, MinWarmupIterationCount=3)
// *** Execute ***
// Launch: 1 / 1
// Execute: dotnet Matrix.ObjectMapping-Quick-1.dll --anonymousPipes 125 126 --benchmarkName Matrix.ObjectMapping.Benchmarks.PolymorphicMapping.AutoMapper --job Quick --benchmarkId 24 in /home/runner/work/dotnet-matrix/dotnet-matrix/src/Matrix.ObjectMapping/bin/Benchmark/Release/net10.0/Matrix.ObjectMapping-Quick-1/bin/Release/net10.0
// Failed to set up high priority (Permission denied). In order to run benchmarks with high priority, make sure you have the right permissions.
// BeforeAnythingElse

// Benchmark Process Environment Information:
// BenchmarkDotNet v0.15.8
// Runtime=.NET 10.0.10 (10.0.10, 10.0.1026.32716), X64 RyuJIT x86-64-v4
// GC=Concurrent Workstation
// HardwareIntrinsics=AVX512 BITALG+VBMI2+VNNI+VPOPCNTDQ,AVX512 IFMA+VBMI,AVX512 F+BW+CD+DQ+VL,AVX2+BMI1+BMI2+F16C+FMA+LZCNT+MOVBE,AVX,SSE3+SSSE3+SSE4.1+SSE4.2+POPCNT,X86Base+SSE+SSE2,AES+PCLMUL,AvxVnni,SERIALIZE VectorSize=256
// Job: Quick(MaxRelativeError=0.05, IterationTime=250ms, MaxIterationCount=12, MaxWarmupIterationCount=5, MinIterationCount=8, MinWarmupIterationCount=3)

OverheadJitting  1: 1 op, 207362.00 ns, 207.3620 us/op
WorkloadJitting  1: 1 op, 4270230.00 ns, 4.2702 ms/op

OverheadJitting  2: 16 op, 445160.00 ns, 27.8225 us/op
WorkloadJitting  2: 16 op, 483496.00 ns, 30.2185 us/op

WorkloadPilot    1: 16 op, 20366.00 ns, 1.2729 us/op
WorkloadPilot    2: 196416 op, 139784924.00 ns, 711.6779 ns/op
WorkloadPilot    3: 351296 op, 76017315.00 ns, 216.3911 ns/op
WorkloadPilot    4: 1155328 op, 233666604.00 ns, 202.2513 ns/op
WorkloadPilot    5: 1236096 op, 237139279.00 ns, 191.8454 ns/op
WorkloadPilot    6: 1303136 op, 251240866.00 ns, 192.7971 ns/op
WorkloadPilot    7: 1296704 op, 247256417.00 ns, 190.6807 ns/op
WorkloadPilot    8: 1311104 op, 250100347.00 ns, 190.7555 ns/op
WorkloadPilot    9: 1310592 op, 250353066.00 ns, 191.0229 ns/op

OverheadWarmup   1: 1310592 op, 5933611.00 ns, 4.5274 ns/op
OverheadWarmup   2: 1310592 op, 5912417.00 ns, 4.5113 ns/op
OverheadWarmup   3: 1310592 op, 5955476.00 ns, 4.5441 ns/op
OverheadWarmup   4: 1310592 op, 5980260.00 ns, 4.5630 ns/op
OverheadWarmup   5: 1310592 op, 5980122.00 ns, 4.5629 ns/op
OverheadWarmup   6: 1310592 op, 5952269.00 ns, 4.5417 ns/op
OverheadWarmup   7: 1310592 op, 5905523.00 ns, 4.5060 ns/op
OverheadWarmup   8: 1310592 op, 5868644.00 ns, 4.4779 ns/op
OverheadWarmup   9: 1310592 op, 5892543.00 ns, 4.4961 ns/op
OverheadWarmup  10: 1310592 op, 5887311.00 ns, 4.4921 ns/op

OverheadActual   1: 1310592 op, 5914106.00 ns, 4.5125 ns/op
OverheadActual   2: 1310592 op, 5973526.00 ns, 4.5579 ns/op
OverheadActual   3: 1310592 op, 5987141.00 ns, 4.5683 ns/op
OverheadActual   4: 1310592 op, 6000075.00 ns, 4.5781 ns/op
OverheadActual   5: 1310592 op, 5997529.00 ns, 4.5762 ns/op
OverheadActual   6: 1310592 op, 5972581.00 ns, 4.5572 ns/op
OverheadActual   7: 1310592 op, 5995971.00 ns, 4.5750 ns/op
OverheadActual   8: 1310592 op, 5951874.00 ns, 4.5414 ns/op

WorkloadWarmup   1: 1310592 op, 261794996.00 ns, 199.7532 ns/op
WorkloadWarmup   2: 1310592 op, 252044907.00 ns, 192.3138 ns/op
WorkloadWarmup   3: 1310592 op, 250284664.00 ns, 190.9707 ns/op
WorkloadWarmup   4: 1310592 op, 249610314.00 ns, 190.4562 ns/op
WorkloadWarmup   5: 1310592 op, 249750232.00 ns, 190.5629 ns/op

// BeforeActualRun
WorkloadActual   1: 1310592 op, 250991139.00 ns, 191.5097 ns/op
WorkloadActual   2: 1310592 op, 249834781.00 ns, 190.6274 ns/op
WorkloadActual   3: 1310592 op, 249259026.00 ns, 190.1881 ns/op
WorkloadActual   4: 1310592 op, 249415197.00 ns, 190.3073 ns/op
WorkloadActual   5: 1310592 op, 250574355.00 ns, 191.1917 ns/op
WorkloadActual   6: 1310592 op, 251465476.00 ns, 191.8717 ns/op
WorkloadActual   7: 1310592 op, 251548785.00 ns, 191.9352 ns/op
WorkloadActual   8: 1310592 op, 251999749.00 ns, 192.2793 ns/op

// AfterActualRun
WorkloadResult   1: 1310592 op, 245010805.50 ns, 186.9467 ns/op
WorkloadResult   2: 1310592 op, 243854447.50 ns, 186.0643 ns/op
WorkloadResult   3: 1310592 op, 243278692.50 ns, 185.6250 ns/op
WorkloadResult   4: 1310592 op, 243434863.50 ns, 185.7442 ns/op
WorkloadResult   5: 1310592 op, 244594021.50 ns, 186.6287 ns/op
WorkloadResult   6: 1310592 op, 245485142.50 ns, 187.3086 ns/op
WorkloadResult   7: 1310592 op, 245568451.50 ns, 187.3722 ns/op
WorkloadResult   8: 1310592 op, 246019415.50 ns, 187.7162 ns/op
// GC:  2 0 0 188725248 1310592
// Threading:  0 0 1310592

// AfterAll
// Benchmark Process 3505 has exited with code 0.

Mean = 186.676 ns, StdErr = 0.280 ns (0.15%), N = 8, StdDev = 0.792 ns
Min = 185.625 ns, Q1 = 185.984 ns, Median = 186.788 ns, Q3 = 187.324 ns, Max = 187.716 ns
IQR = 1.340 ns, LowerFence = 183.974 ns, UpperFence = 189.335 ns
ConfidenceInterval = [185.162 ns; 188.190 ns] (CI 99.9%), Margin = 1.514 ns (0.81% of Mean)
Skewness = -0.12, Kurtosis = 1.17, MValue = 2

// ** Remained 13 (34.2 %) benchmark(s) to run. Estimated finish 2026-08-04 6:44 (0h 1m from now) **
// **************************
// Benchmark: PolymorphicMapping.HandCoded: Quick(MaxRelativeError=0.05, Arguments=/p:MatrixMode=Benchmark, IterationTime=250ms, MaxIterationCount=12, MaxWarmupIterationCount=5, MinIterationCount=8, MinWarmupIterationCount=3)
// *** Execute ***
// Launch: 1 / 1
// Execute: dotnet Matrix.ObjectMapping-Quick-1.dll --anonymousPipes 125 126 --benchmarkName Matrix.ObjectMapping.Benchmarks.PolymorphicMapping.HandCoded --job Quick --benchmarkId 25 in /home/runner/work/dotnet-matrix/dotnet-matrix/src/Matrix.ObjectMapping/bin/Benchmark/Release/net10.0/Matrix.ObjectMapping-Quick-1/bin/Release/net10.0
// Failed to set up high priority (Permission denied). In order to run benchmarks with high priority, make sure you have the right permissions.
// BeforeAnythingElse

// Benchmark Process Environment Information:
// BenchmarkDotNet v0.15.8
// Runtime=.NET 10.0.10 (10.0.10, 10.0.1026.32716), X64 RyuJIT x86-64-v4
// GC=Concurrent Workstation
// HardwareIntrinsics=AVX512 BITALG+VBMI2+VNNI+VPOPCNTDQ,AVX512 IFMA+VBMI,AVX512 F+BW+CD+DQ+VL,AVX2+BMI1+BMI2+F16C+FMA+LZCNT+MOVBE,AVX,SSE3+SSSE3+SSE4.1+SSE4.2+POPCNT,X86Base+SSE+SSE2,AES+PCLMUL,AvxVnni,SERIALIZE VectorSize=256
// Job: Quick(MaxRelativeError=0.05, IterationTime=250ms, MaxIterationCount=12, MaxWarmupIterationCount=5, MinIterationCount=8, MinWarmupIterationCount=3)

OverheadJitting  1: 1 op, 215683.00 ns, 215.6830 us/op
WorkloadJitting  1: 1 op, 466240.00 ns, 466.2400 us/op

OverheadJitting  2: 16 op, 434608.00 ns, 27.1630 us/op
WorkloadJitting  2: 16 op, 471029.00 ns, 29.4393 us/op

WorkloadPilot    1: 16 op, 6983.00 ns, 436.4375 ns/op
WorkloadPilot    2: 572832 op, 93204430.00 ns, 162.7081 ns/op
WorkloadPilot    3: 1536496 op, 85470795.00 ns, 55.6271 ns/op
WorkloadPilot    4: 4494224 op, 157888654.00 ns, 35.1315 ns/op
WorkloadPilot    5: 7116144 op, 245745024.00 ns, 34.5335 ns/op
WorkloadPilot    6: 7239360 op, 260459916.00 ns, 35.9783 ns/op
WorkloadPilot    7: 6948640 op, 241254564.00 ns, 34.7197 ns/op
WorkloadPilot    8: 7200528 op, 247271173.00 ns, 34.3407 ns/op
WorkloadPilot    9: 7280000 op, 249207906.00 ns, 34.2319 ns/op
WorkloadPilot   10: 7303152 op, 250564494.00 ns, 34.3091 ns/op
WorkloadPilot   11: 7286704 op, 253660165.00 ns, 34.8114 ns/op

OverheadWarmup   1: 7286704 op, 34716892.00 ns, 4.7644 ns/op
OverheadWarmup   2: 7286704 op, 34625036.00 ns, 4.7518 ns/op
OverheadWarmup   3: 7286704 op, 34839903.00 ns, 4.7813 ns/op
OverheadWarmup   4: 7286704 op, 35098385.00 ns, 4.8168 ns/op
OverheadWarmup   5: 7286704 op, 34638459.00 ns, 4.7537 ns/op
OverheadWarmup   6: 7286704 op, 34734245.00 ns, 4.7668 ns/op
OverheadWarmup   7: 7286704 op, 34340767.00 ns, 4.7128 ns/op

OverheadActual   1: 7286704 op, 34531251.00 ns, 4.7389 ns/op
OverheadActual   2: 7286704 op, 34585231.00 ns, 4.7463 ns/op
OverheadActual   3: 7286704 op, 34592581.00 ns, 4.7474 ns/op
OverheadActual   4: 7286704 op, 34494685.00 ns, 4.7339 ns/op
OverheadActual   5: 7286704 op, 34608730.00 ns, 4.7496 ns/op
OverheadActual   6: 7286704 op, 34394721.00 ns, 4.7202 ns/op
OverheadActual   7: 7286704 op, 34477373.00 ns, 4.7315 ns/op
OverheadActual   8: 7286704 op, 28176026.00 ns, 3.8668 ns/op
OverheadActual   9: 7286704 op, 28048854.00 ns, 3.8493 ns/op
OverheadActual  10: 7286704 op, 28328606.00 ns, 3.8877 ns/op
OverheadActual  11: 7286704 op, 28137093.00 ns, 3.8614 ns/op
OverheadActual  12: 7286704 op, 28306374.00 ns, 3.8847 ns/op

WorkloadWarmup   1: 7286704 op, 300521240.00 ns, 41.2424 ns/op
WorkloadWarmup   2: 7286704 op, 256647224.00 ns, 35.2213 ns/op
WorkloadWarmup   3: 7286704 op, 247019511.00 ns, 33.9000 ns/op
WorkloadWarmup   4: 7286704 op, 247529516.00 ns, 33.9700 ns/op
WorkloadWarmup   5: 7286704 op, 246861752.00 ns, 33.8784 ns/op

// BeforeActualRun
WorkloadActual   1: 7286704 op, 251389699.00 ns, 34.4998 ns/op
WorkloadActual   2: 7286704 op, 248073995.00 ns, 34.0447 ns/op
WorkloadActual   3: 7286704 op, 247964554.00 ns, 34.0297 ns/op
WorkloadActual   4: 7286704 op, 251144345.00 ns, 34.4661 ns/op
WorkloadActual   5: 7286704 op, 251428693.00 ns, 34.5051 ns/op
WorkloadActual   6: 7286704 op, 251299391.00 ns, 34.4874 ns/op
WorkloadActual   7: 7286704 op, 248721378.00 ns, 34.1336 ns/op
WorkloadActual   8: 7286704 op, 246403212.00 ns, 33.8155 ns/op

// AfterActualRun
WorkloadResult   1: 7286704 op, 216953652.00 ns, 29.7739 ns/op
WorkloadResult   2: 7286704 op, 213637948.00 ns, 29.3189 ns/op
WorkloadResult   3: 7286704 op, 213528507.00 ns, 29.3039 ns/op
WorkloadResult   4: 7286704 op, 216708298.00 ns, 29.7402 ns/op
WorkloadResult   5: 7286704 op, 216992646.00 ns, 29.7793 ns/op
WorkloadResult   6: 7286704 op, 216863344.00 ns, 29.7615 ns/op
WorkloadResult   7: 7286704 op, 214285331.00 ns, 29.4077 ns/op
WorkloadResult   8: 7286704 op, 211967165.00 ns, 29.0896 ns/op
// GC:  12 0 0 1049285376 7286704
// Threading:  0 0 7286704

// AfterAll
// Benchmark Process 3517 has exited with code 0.

Mean = 29.522 ns, StdErr = 0.097 ns (0.33%), N = 8, StdDev = 0.273 ns
Min = 29.090 ns, Q1 = 29.315 ns, Median = 29.574 ns, Q3 = 29.765 ns, Max = 29.779 ns
IQR = 0.449 ns, LowerFence = 28.641 ns, UpperFence = 30.439 ns
ConfidenceInterval = [28.999 ns; 30.045 ns] (CI 99.9%), Margin = 0.523 ns (1.77% of Mean)
Skewness = -0.27, Kurtosis = 1.19, MValue = 2

// ** Remained 12 (31.6 %) benchmark(s) to run. Estimated finish 2026-08-04 6:44 (0h 1m from now) **
// **************************
// Benchmark: PolymorphicMapping.Mapperly: Quick(MaxRelativeError=0.05, Arguments=/p:MatrixMode=Benchmark, IterationTime=250ms, MaxIterationCount=12, MaxWarmupIterationCount=5, MinIterationCount=8, MinWarmupIterationCount=3)
// *** Execute ***
// Launch: 1 / 1
// Execute: dotnet Matrix.ObjectMapping-Quick-1.dll --anonymousPipes 125 126 --benchmarkName Matrix.ObjectMapping.Benchmarks.PolymorphicMapping.Mapperly --job Quick --benchmarkId 26 in /home/runner/work/dotnet-matrix/dotnet-matrix/src/Matrix.ObjectMapping/bin/Benchmark/Release/net10.0/Matrix.ObjectMapping-Quick-1/bin/Release/net10.0
// Failed to set up high priority (Permission denied). In order to run benchmarks with high priority, make sure you have the right permissions.
// BeforeAnythingElse

// Benchmark Process Environment Information:
// BenchmarkDotNet v0.15.8
// Runtime=.NET 10.0.10 (10.0.10, 10.0.1026.32716), X64 RyuJIT x86-64-v4
// GC=Concurrent Workstation
// HardwareIntrinsics=AVX512 BITALG+VBMI2+VNNI+VPOPCNTDQ,AVX512 IFMA+VBMI,AVX512 F+BW+CD+DQ+VL,AVX2+BMI1+BMI2+F16C+FMA+LZCNT+MOVBE,AVX,SSE3+SSSE3+SSE4.1+SSE4.2+POPCNT,X86Base+SSE+SSE2,AES+PCLMUL,AvxVnni,SERIALIZE VectorSize=256
// Job: Quick(MaxRelativeError=0.05, IterationTime=250ms, MaxIterationCount=12, MaxWarmupIterationCount=5, MinIterationCount=8, MinWarmupIterationCount=3)

OverheadJitting  1: 1 op, 225968.00 ns, 225.9680 us/op
WorkloadJitting  1: 1 op, 602752.00 ns, 602.7520 us/op

OverheadJitting  2: 16 op, 424415.00 ns, 26.5259 us/op
WorkloadJitting  2: 16 op, 493387.00 ns, 30.8367 us/op

WorkloadPilot    1: 16 op, 7623.00 ns, 476.4375 ns/op
WorkloadPilot    2: 524736 op, 86378779.00 ns, 164.6138 ns/op
WorkloadPilot    3: 1518720 op, 93405806.00 ns, 61.5030 ns/op
WorkloadPilot    4: 4064848 op, 158951090.00 ns, 39.1038 ns/op
WorkloadPilot    5: 6393248 op, 228255926.00 ns, 35.7027 ns/op
WorkloadPilot    6: 7002288 op, 238175254.00 ns, 34.0139 ns/op
WorkloadPilot    7: 7349936 op, 254268783.00 ns, 34.5947 ns/op
WorkloadPilot    8: 7226544 op, 250041064.00 ns, 34.6004 ns/op
WorkloadPilot    9: 7225360 op, 253188523.00 ns, 35.0416 ns/op

OverheadWarmup   1: 7225360 op, 34210517.00 ns, 4.7348 ns/op
OverheadWarmup   2: 7225360 op, 34223008.00 ns, 4.7365 ns/op
OverheadWarmup   3: 7225360 op, 34100656.00 ns, 4.7196 ns/op
OverheadWarmup   4: 7225360 op, 34190090.00 ns, 4.7320 ns/op
OverheadWarmup   5: 7225360 op, 34452517.00 ns, 4.7683 ns/op
OverheadWarmup   6: 7225360 op, 34407898.00 ns, 4.7621 ns/op

OverheadActual   1: 7225360 op, 34554267.00 ns, 4.7824 ns/op
OverheadActual   2: 7225360 op, 34231130.00 ns, 4.7376 ns/op
OverheadActual   3: 7225360 op, 34383629.00 ns, 4.7587 ns/op
OverheadActual   4: 7225360 op, 34204313.00 ns, 4.7339 ns/op
OverheadActual   5: 7225360 op, 34178069.00 ns, 4.7303 ns/op
OverheadActual   6: 7225360 op, 34292055.00 ns, 4.7461 ns/op
OverheadActual   7: 7225360 op, 34214464.00 ns, 4.7353 ns/op
OverheadActual   8: 7225360 op, 34165968.00 ns, 4.7286 ns/op

WorkloadWarmup   1: 7225360 op, 297755903.00 ns, 41.2098 ns/op
WorkloadWarmup   2: 7225360 op, 254829979.00 ns, 35.2688 ns/op
WorkloadWarmup   3: 7225360 op, 246179929.00 ns, 34.0716 ns/op
WorkloadWarmup   4: 7225360 op, 248079726.00 ns, 34.3346 ns/op
WorkloadWarmup   5: 7225360 op, 247346652.00 ns, 34.2331 ns/op

// BeforeActualRun
WorkloadActual   1: 7225360 op, 251958173.00 ns, 34.8714 ns/op
WorkloadActual   2: 7225360 op, 247269087.00 ns, 34.2224 ns/op
WorkloadActual   3: 7225360 op, 248714970.00 ns, 34.4225 ns/op
WorkloadActual   4: 7225360 op, 246544278.00 ns, 34.1221 ns/op
WorkloadActual   5: 7225360 op, 254785185.00 ns, 35.2626 ns/op
WorkloadActual   6: 7225360 op, 248644852.00 ns, 34.4128 ns/op
WorkloadActual   7: 7225360 op, 249135380.00 ns, 34.4807 ns/op
WorkloadActual   8: 7225360 op, 248252074.00 ns, 34.3584 ns/op

// AfterActualRun
WorkloadResult   1: 7225360 op, 217735376.00 ns, 30.1349 ns/op
WorkloadResult   2: 7225360 op, 213046290.00 ns, 29.4859 ns/op
WorkloadResult   3: 7225360 op, 214492173.00 ns, 29.6860 ns/op
WorkloadResult   4: 7225360 op, 212321481.00 ns, 29.3856 ns/op
WorkloadResult   5: 7225360 op, 214422055.00 ns, 29.6763 ns/op
WorkloadResult   6: 7225360 op, 214912583.00 ns, 29.7442 ns/op
WorkloadResult   7: 7225360 op, 214029277.00 ns, 29.6220 ns/op
// GC:  12 0 0 1040451840 7225360
// Threading:  0 0 7225360

// AfterAll
// Benchmark Process 3529 has exited with code 0.

Mean = 29.676 ns, StdErr = 0.090 ns (0.30%), N = 7, StdDev = 0.238 ns
Min = 29.386 ns, Q1 = 29.554 ns, Median = 29.676 ns, Q3 = 29.715 ns, Max = 30.135 ns
IQR = 0.161 ns, LowerFence = 29.312 ns, UpperFence = 29.957 ns
ConfidenceInterval = [29.141 ns; 30.212 ns] (CI 99.9%), Margin = 0.535 ns (1.80% of Mean)
Skewness = 0.69, Kurtosis = 2.36, MValue = 2

// ** Remained 11 (28.9 %) benchmark(s) to run. Estimated finish 2026-08-04 6:44 (0h 1m from now) **
// **************************
// Benchmark: PolymorphicMapping.Mapster: Quick(MaxRelativeError=0.05, Arguments=/p:MatrixMode=Benchmark, IterationTime=250ms, MaxIterationCount=12, MaxWarmupIterationCount=5, MinIterationCount=8, MinWarmupIterationCount=3)
// *** Execute ***
// Launch: 1 / 1
// Execute: dotnet Matrix.ObjectMapping-Quick-1.dll --anonymousPipes 125 126 --benchmarkName Matrix.ObjectMapping.Benchmarks.PolymorphicMapping.Mapster --job Quick --benchmarkId 27 in /home/runner/work/dotnet-matrix/dotnet-matrix/src/Matrix.ObjectMapping/bin/Benchmark/Release/net10.0/Matrix.ObjectMapping-Quick-1/bin/Release/net10.0
// Failed to set up high priority (Permission denied). In order to run benchmarks with high priority, make sure you have the right permissions.
// BeforeAnythingElse

// Benchmark Process Environment Information:
// BenchmarkDotNet v0.15.8
// Runtime=.NET 10.0.10 (10.0.10, 10.0.1026.32716), X64 RyuJIT x86-64-v4
// GC=Concurrent Workstation
// HardwareIntrinsics=AVX512 BITALG+VBMI2+VNNI+VPOPCNTDQ,AVX512 IFMA+VBMI,AVX512 F+BW+CD+DQ+VL,AVX2+BMI1+BMI2+F16C+FMA+LZCNT+MOVBE,AVX,SSE3+SSSE3+SSE4.1+SSE4.2+POPCNT,X86Base+SSE+SSE2,AES+PCLMUL,AvxVnni,SERIALIZE VectorSize=256
// Job: Quick(MaxRelativeError=0.05, IterationTime=250ms, MaxIterationCount=12, MaxWarmupIterationCount=5, MinIterationCount=8, MinWarmupIterationCount=3)

OverheadJitting  1: 1 op, 218443.00 ns, 218.4430 us/op
WorkloadJitting  1: 1 op, 2686821.00 ns, 2.6868 ms/op

OverheadJitting  2: 16 op, 426083.00 ns, 26.6302 us/op
WorkloadJitting  2: 16 op, 445805.00 ns, 27.8628 us/op

WorkloadPilot    1: 16 op, 11955.00 ns, 747.1875 ns/op
WorkloadPilot    2: 334592 op, 127738034.00 ns, 381.7725 ns/op
WorkloadPilot    3: 654848 op, 81130281.00 ns, 123.8918 ns/op
WorkloadPilot    4: 2017904 op, 202947984.00 ns, 100.5737 ns/op
WorkloadPilot    5: 2485744 op, 245234115.00 ns, 98.6562 ns/op
WorkloadPilot    6: 2534064 op, 253909415.00 ns, 100.1985 ns/op
WorkloadPilot    7: 2495056 op, 243472001.00 ns, 97.5818 ns/op
WorkloadPilot    8: 2561968 op, 249792649.00 ns, 97.5003 ns/op
WorkloadPilot    9: 2564096 op, 248612499.00 ns, 96.9591 ns/op
WorkloadPilot   10: 2578416 op, 249037063.00 ns, 96.5853 ns/op
WorkloadPilot   11: 2588400 op, 253875386.00 ns, 98.0820 ns/op
WorkloadPilot   12: 2548896 op, 249428682.00 ns, 97.8575 ns/op
WorkloadPilot   13: 2554736 op, 252784939.00 ns, 98.9476 ns/op

OverheadWarmup   1: 2554736 op, 11575409.00 ns, 4.5310 ns/op
OverheadWarmup   2: 2554736 op, 11622434.00 ns, 4.5494 ns/op
OverheadWarmup   3: 2554736 op, 11510494.00 ns, 4.5056 ns/op
OverheadWarmup   4: 2554736 op, 11523374.00 ns, 4.5106 ns/op
OverheadWarmup   5: 2554736 op, 11460018.00 ns, 4.4858 ns/op

OverheadActual   1: 2554736 op, 11494310.00 ns, 4.4992 ns/op
OverheadActual   2: 2554736 op, 11660854.00 ns, 4.5644 ns/op
OverheadActual   3: 2554736 op, 11597957.00 ns, 4.5398 ns/op
OverheadActual   4: 2554736 op, 11590864.00 ns, 4.5370 ns/op
OverheadActual   5: 2554736 op, 11494953.00 ns, 4.4995 ns/op
OverheadActual   6: 2554736 op, 11520564.00 ns, 4.5095 ns/op
OverheadActual   7: 2554736 op, 11530459.00 ns, 4.5134 ns/op
OverheadActual   8: 2554736 op, 11619265.00 ns, 4.5481 ns/op

WorkloadWarmup   1: 2554736 op, 268460288.00 ns, 105.0834 ns/op
WorkloadWarmup   2: 2554736 op, 262201353.00 ns, 102.6334 ns/op
WorkloadWarmup   3: 2554736 op, 253918398.00 ns, 99.3912 ns/op
WorkloadWarmup   4: 2554736 op, 254731029.00 ns, 99.7093 ns/op
WorkloadWarmup   5: 2554736 op, 253358041.00 ns, 99.1719 ns/op

// BeforeActualRun
WorkloadActual   1: 2554736 op, 254788744.00 ns, 99.7319 ns/op
WorkloadActual   2: 2554736 op, 254203160.00 ns, 99.5027 ns/op
WorkloadActual   3: 2554736 op, 255381386.00 ns, 99.9639 ns/op
WorkloadActual   4: 2554736 op, 254781684.00 ns, 99.7292 ns/op
WorkloadActual   5: 2554736 op, 256073857.00 ns, 100.2350 ns/op
WorkloadActual   6: 2554736 op, 255948018.00 ns, 100.1857 ns/op
WorkloadActual   7: 2554736 op, 254269403.00 ns, 99.5286 ns/op
WorkloadActual   8: 2554736 op, 253248777.00 ns, 99.1291 ns/op

// AfterActualRun
WorkloadResult   1: 2554736 op, 243228082.50 ns, 95.2067 ns/op
WorkloadResult   2: 2554736 op, 242642498.50 ns, 94.9775 ns/op
WorkloadResult   3: 2554736 op, 243820724.50 ns, 95.4387 ns/op
WorkloadResult   4: 2554736 op, 243221022.50 ns, 95.2040 ns/op
WorkloadResult   5: 2554736 op, 244513195.50 ns, 95.7098 ns/op
WorkloadResult   6: 2554736 op, 244387356.50 ns, 95.6605 ns/op
WorkloadResult   7: 2554736 op, 242708741.50 ns, 95.0035 ns/op
WorkloadResult   8: 2554736 op, 241688115.50 ns, 94.6039 ns/op
// GC:  4 0 0 367881984 2554736
// Threading:  0 0 2554736

// AfterAll
// Benchmark Process 3541 has exited with code 0.

Mean = 95.226 ns, StdErr = 0.131 ns (0.14%), N = 8, StdDev = 0.372 ns
Min = 94.604 ns, Q1 = 94.997 ns, Median = 95.205 ns, Q3 = 95.494 ns, Max = 95.710 ns
IQR = 0.497 ns, LowerFence = 94.251 ns, UpperFence = 96.240 ns
ConfidenceInterval = [94.515 ns; 95.936 ns] (CI 99.9%), Margin = 0.711 ns (0.75% of Mean)
Skewness = -0.15, Kurtosis = 1.63, MValue = 2

// ** Remained 10 (26.3 %) benchmark(s) to run. Estimated finish 2026-08-04 6:44 (0h 1m from now) **
// ***** BenchmarkRunner: Finish  *****

// * Export *
  tmp/dotnet-matrix/ObjectMapping/8d220c999547463fb13173176bcb2803/results/Matrix.ObjectMapping.Benchmarks.PolymorphicMapping-report.csv
  tmp/dotnet-matrix/ObjectMapping/8d220c999547463fb13173176bcb2803/results/Matrix.ObjectMapping.Benchmarks.PolymorphicMapping-report-github.md
  tmp/dotnet-matrix/ObjectMapping/8d220c999547463fb13173176bcb2803/results/Matrix.ObjectMapping.Benchmarks.PolymorphicMapping-report.html
  tmp/dotnet-matrix/ObjectMapping/8d220c999547463fb13173176bcb2803/results/Matrix.ObjectMapping.Benchmarks.PolymorphicMapping-report-full.json

// * Detailed results *
PolymorphicMapping.HandCoded: Quick(MaxRelativeError=0.05, Arguments=/p:MatrixMode=Benchmark, IterationTime=250ms, MaxIterationCount=12, MaxWarmupIterationCount=5, MinIterationCount=8, MinWarmupIterationCount=3)
Runtime = .NET 10.0.10 (10.0.10, 10.0.1026.32716), X64 RyuJIT x86-64-v4; GC = Concurrent Workstation
Mean = 29.522 ns, StdErr = 0.097 ns (0.33%), N = 8, StdDev = 0.273 ns
Min = 29.090 ns, Q1 = 29.315 ns, Median = 29.574 ns, Q3 = 29.765 ns, Max = 29.779 ns
IQR = 0.449 ns, LowerFence = 28.641 ns, UpperFence = 30.439 ns
ConfidenceInterval = [28.999 ns; 30.045 ns] (CI 99.9%), Margin = 0.523 ns (1.77% of Mean)
Skewness = -0.27, Kurtosis = 1.19, MValue = 2
-------------------- Histogram --------------------
[28.910 ns ; 29.959 ns) | @@@@@@@@
---------------------------------------------------

PolymorphicMapping.Mapperly: Quick(MaxRelativeError=0.05, Arguments=/p:MatrixMode=Benchmark, IterationTime=250ms, MaxIterationCount=12, MaxWarmupIterationCount=5, MinIterationCount=8, MinWarmupIterationCount=3)
Runtime = .NET 10.0.10 (10.0.10, 10.0.1026.32716), X64 RyuJIT x86-64-v4; GC = Concurrent Workstation
Mean = 29.676 ns, StdErr = 0.090 ns (0.30%), N = 7, StdDev = 0.238 ns
Min = 29.386 ns, Q1 = 29.554 ns, Median = 29.676 ns, Q3 = 29.715 ns, Max = 30.135 ns
IQR = 0.161 ns, LowerFence = 29.312 ns, UpperFence = 29.957 ns
ConfidenceInterval = [29.141 ns; 30.212 ns] (CI 99.9%), Margin = 0.535 ns (1.80% of Mean)
Skewness = 0.69, Kurtosis = 2.36, MValue = 2
-------------------- Histogram --------------------
[29.319 ns ; 30.298 ns) | @@@@@@@
---------------------------------------------------

PolymorphicMapping.Mapster: Quick(MaxRelativeError=0.05, Arguments=/p:MatrixMode=Benchmark, IterationTime=250ms, MaxIterationCount=12, MaxWarmupIterationCount=5, MinIterationCount=8, MinWarmupIterationCount=3)
Runtime = .NET 10.0.10 (10.0.10, 10.0.1026.32716), X64 RyuJIT x86-64-v4; GC = Concurrent Workstation
Mean = 95.226 ns, StdErr = 0.131 ns (0.14%), N = 8, StdDev = 0.372 ns
Min = 94.604 ns, Q1 = 94.997 ns, Median = 95.205 ns, Q3 = 95.494 ns, Max = 95.710 ns
IQR = 0.497 ns, LowerFence = 94.251 ns, UpperFence = 96.240 ns
ConfidenceInterval = [94.515 ns; 95.936 ns] (CI 99.9%), Margin = 0.711 ns (0.75% of Mean)
Skewness = -0.15, Kurtosis = 1.63, MValue = 2
-------------------- Histogram --------------------
[94.360 ns ; 95.954 ns) | @@@@@@@@
---------------------------------------------------

PolymorphicMapping.AutoMapper: Quick(MaxRelativeError=0.05, Arguments=/p:MatrixMode=Benchmark, IterationTime=250ms, MaxIterationCount=12, MaxWarmupIterationCount=5, MinIterationCount=8, MinWarmupIterationCount=3)
Runtime = .NET 10.0.10 (10.0.10, 10.0.1026.32716), X64 RyuJIT x86-64-v4; GC = Concurrent Workstation
Mean = 186.676 ns, StdErr = 0.280 ns (0.15%), N = 8, StdDev = 0.792 ns
Min = 185.625 ns, Q1 = 185.984 ns, Median = 186.788 ns, Q3 = 187.324 ns, Max = 187.716 ns
IQR = 1.340 ns, LowerFence = 183.974 ns, UpperFence = 189.335 ns
ConfidenceInterval = [185.162 ns; 188.190 ns] (CI 99.9%), Margin = 1.514 ns (0.81% of Mean)
Skewness = -0.12, Kurtosis = 1.17, MValue = 2
-------------------- Histogram --------------------
[185.105 ns ; 188.236 ns) | @@@@@@@@
---------------------------------------------------

// * Summary *

BenchmarkDotNet v0.15.8, Linux Ubuntu 24.04.4 LTS (Noble Numbat)
INTEL XEON PLATINUM 8573C 2.30GHz, 1 CPU, 4 logical and 2 physical cores
.NET SDK 10.0.302
  [Host] : .NET 10.0.10 (10.0.10, 10.0.1026.32716), X64 RyuJIT x86-64-v4
  Quick  : .NET 10.0.10 (10.0.10, 10.0.1026.32716), X64 RyuJIT x86-64-v4

Job=Quick  MaxRelativeError=0.05  Arguments=/p:MatrixMode=Benchmark  
IterationTime=250ms  MaxIterationCount=12  MaxWarmupIterationCount=5  
MinIterationCount=8  MinWarmupIterationCount=3  

| Method     | Mean      | Error    | StdDev   | Ratio | RatioSD | Gen0   | Allocated | Alloc Ratio |
|----------- |----------:|---------:|---------:|------:|--------:|-------:|----------:|------------:|
| HandCoded  |  29.52 ns | 0.523 ns | 0.273 ns |  1.00 |    0.01 | 0.0016 |     144 B |        1.00 |
| Mapperly   |  29.68 ns | 0.535 ns | 0.238 ns |  1.01 |    0.01 | 0.0017 |     144 B |        1.00 |
| Mapster    |  95.23 ns | 0.711 ns | 0.372 ns |  3.23 |    0.03 | 0.0016 |     144 B |        1.00 |
| AutoMapper | 186.68 ns | 1.514 ns | 0.792 ns |  6.32 |    0.06 | 0.0015 |     144 B |        1.00 |

// * Hints *
Outliers
  PolymorphicMapping.Mapperly: Quick -> 1 outlier  was  removed (35.26 ns)

// * Legends *
  Mean        : Arithmetic mean of all measurements
  Error       : Half of 99.9% confidence interval
  StdDev      : Standard deviation of all measurements
  Ratio       : Mean of the ratio distribution ([Current]/[Baseline])
  RatioSD     : Standard deviation of the ratio distribution ([Current]/[Baseline])
  Gen0        : GC Generation 0 collects per 1000 operations
  Allocated   : Allocated memory per single operation (managed only, inclusive, 1KB = 1024B)
  Alloc Ratio : Allocated memory ratio distribution ([Current]/[Baseline])
  1 ns        : 1 Nanosecond (0.000000001 sec)

// * Diagnostic Output - MemoryDiagnoser *


// ***** BenchmarkRunner: End *****
Run time: 00:00:24 (24.54 sec), executed benchmarks: 4

// Found 4 benchmarks:
//   PrepareAndSimpleMap.AutoMapper: Quick(MaxRelativeError=0.05, Arguments=/p:MatrixMode=Benchmark, IterationTime=250ms, MaxIterationCount=12, MaxWarmupIterationCount=5, MinIterationCount=8, MinWarmupIterationCount=3)
//   PrepareAndSimpleMap.HandCoded: Quick(MaxRelativeError=0.05, Arguments=/p:MatrixMode=Benchmark, IterationTime=250ms, MaxIterationCount=12, MaxWarmupIterationCount=5, MinIterationCount=8, MinWarmupIterationCount=3)
//   PrepareAndSimpleMap.Mapperly: Quick(MaxRelativeError=0.05, Arguments=/p:MatrixMode=Benchmark, IterationTime=250ms, MaxIterationCount=12, MaxWarmupIterationCount=5, MinIterationCount=8, MinWarmupIterationCount=3)
//   PrepareAndSimpleMap.Mapster: Quick(MaxRelativeError=0.05, Arguments=/p:MatrixMode=Benchmark, IterationTime=250ms, MaxIterationCount=12, MaxWarmupIterationCount=5, MinIterationCount=8, MinWarmupIterationCount=3)

// **************************
// Benchmark: PrepareAndSimpleMap.AutoMapper: Quick(MaxRelativeError=0.05, Arguments=/p:MatrixMode=Benchmark, IterationTime=250ms, MaxIterationCount=12, MaxWarmupIterationCount=5, MinIterationCount=8, MinWarmupIterationCount=3)
// *** Execute ***
// Launch: 1 / 1
// Execute: dotnet Matrix.ObjectMapping-Quick-1.dll --anonymousPipes 125 126 --benchmarkName Matrix.ObjectMapping.Benchmarks.PrepareAndSimpleMap.AutoMapper --job Quick --benchmarkId 28 in /home/runner/work/dotnet-matrix/dotnet-matrix/src/Matrix.ObjectMapping/bin/Benchmark/Release/net10.0/Matrix.ObjectMapping-Quick-1/bin/Release/net10.0
// Failed to set up high priority (Permission denied). In order to run benchmarks with high priority, make sure you have the right permissions.
// BeforeAnythingElse

// Benchmark Process Environment Information:
// BenchmarkDotNet v0.15.8
// Runtime=.NET 10.0.10 (10.0.10, 10.0.1026.32716), X64 RyuJIT x86-64-v4
// GC=Concurrent Workstation
// HardwareIntrinsics=AVX512 BITALG+VBMI2+VNNI+VPOPCNTDQ,AVX512 IFMA+VBMI,AVX512 F+BW+CD+DQ+VL,AVX2+BMI1+BMI2+F16C+FMA+LZCNT+MOVBE,AVX,SSE3+SSSE3+SSE4.1+SSE4.2+POPCNT,X86Base+SSE+SSE2,AES+PCLMUL,AvxVnni,SERIALIZE VectorSize=256
// Job: Quick(MaxRelativeError=0.05, IterationTime=250ms, MaxIterationCount=12, MaxWarmupIterationCount=5, MinIterationCount=8, MinWarmupIterationCount=3)

OverheadJitting  1: 1 op, 192059.00 ns, 192.0590 us/op
WorkloadJitting  1: 1 op, 86157909.00 ns, 86.1579 ms/op

WorkloadPilot    1: 4 op, 47265295.00 ns, 11.8163 ms/op
WorkloadPilot    2: 21 op, 269784164.00 ns, 12.8469 ms/op
WorkloadPilot    3: 19 op, 244801408.00 ns, 12.8843 ms/op

WorkloadWarmup   1: 19 op, 240038031.00 ns, 12.6336 ms/op
WorkloadWarmup   2: 19 op, 234240926.00 ns, 12.3285 ms/op
WorkloadWarmup   3: 19 op, 232525667.00 ns, 12.2382 ms/op
WorkloadWarmup   4: 19 op, 229837579.00 ns, 12.0967 ms/op
WorkloadWarmup   5: 19 op, 233486918.00 ns, 12.2888 ms/op

// BeforeActualRun
WorkloadActual   1: 19 op, 237419143.00 ns, 12.4957 ms/op
WorkloadActual   2: 19 op, 233382757.00 ns, 12.2833 ms/op
WorkloadActual   3: 19 op, 235030180.00 ns, 12.3700 ms/op
WorkloadActual   4: 19 op, 232444028.00 ns, 12.2339 ms/op
WorkloadActual   5: 19 op, 230123505.00 ns, 12.1118 ms/op
WorkloadActual   6: 19 op, 229136905.00 ns, 12.0598 ms/op
WorkloadActual   7: 19 op, 226894977.00 ns, 11.9418 ms/op
WorkloadActual   8: 19 op, 229079912.00 ns, 12.0568 ms/op

// AfterActualRun
WorkloadResult   1: 19 op, 237419143.00 ns, 12.4957 ms/op
WorkloadResult   2: 19 op, 233382757.00 ns, 12.2833 ms/op
WorkloadResult   3: 19 op, 235030180.00 ns, 12.3700 ms/op
WorkloadResult   4: 19 op, 232444028.00 ns, 12.2339 ms/op
WorkloadResult   5: 19 op, 230123505.00 ns, 12.1118 ms/op
WorkloadResult   6: 19 op, 229136905.00 ns, 12.0598 ms/op
WorkloadResult   7: 19 op, 226894977.00 ns, 11.9418 ms/op
WorkloadResult   8: 19 op, 229079912.00 ns, 12.0568 ms/op
// GC:  0 0 0 12778304 19
// Threading:  0 0 19

// AfterAll
// Benchmark Process 3552 has exited with code 0.

Mean = 12.194 ms, StdErr = 0.065 ms (0.54%), N = 8, StdDev = 0.185 ms
Min = 11.942 ms, Q1 = 12.059 ms, Median = 12.173 ms, Q3 = 12.305 ms, Max = 12.496 ms
IQR = 0.246 ms, LowerFence = 11.690 ms, UpperFence = 12.674 ms
ConfidenceInterval = [11.841 ms; 12.547 ms] (CI 99.9%), Margin = 0.353 ms (2.90% of Mean)
Skewness = 0.24, Kurtosis = 1.51, MValue = 2

// ** Remained 9 (23.7 %) benchmark(s) to run. Estimated finish 2026-08-04 6:44 (0h 0m from now) **
// **************************
// Benchmark: PrepareAndSimpleMap.HandCoded: Quick(MaxRelativeError=0.05, Arguments=/p:MatrixMode=Benchmark, IterationTime=250ms, MaxIterationCount=12, MaxWarmupIterationCount=5, MinIterationCount=8, MinWarmupIterationCount=3)
// *** Execute ***
// Launch: 1 / 1
// Execute: dotnet Matrix.ObjectMapping-Quick-1.dll --anonymousPipes 125 126 --benchmarkName Matrix.ObjectMapping.Benchmarks.PrepareAndSimpleMap.HandCoded --job Quick --benchmarkId 29 in /home/runner/work/dotnet-matrix/dotnet-matrix/src/Matrix.ObjectMapping/bin/Benchmark/Release/net10.0/Matrix.ObjectMapping-Quick-1/bin/Release/net10.0
// Failed to set up high priority (Permission denied). In order to run benchmarks with high priority, make sure you have the right permissions.
// BeforeAnythingElse

// Benchmark Process Environment Information:
// BenchmarkDotNet v0.15.8
// Runtime=.NET 10.0.10 (10.0.10, 10.0.1026.32716), X64 RyuJIT x86-64-v4
// GC=Concurrent Workstation
// HardwareIntrinsics=AVX512 BITALG+VBMI2+VNNI+VPOPCNTDQ,AVX512 IFMA+VBMI,AVX512 F+BW+CD+DQ+VL,AVX2+BMI1+BMI2+F16C+FMA+LZCNT+MOVBE,AVX,SSE3+SSSE3+SSE4.1+SSE4.2+POPCNT,X86Base+SSE+SSE2,AES+PCLMUL,AvxVnni,SERIALIZE VectorSize=256
// Job: Quick(MaxRelativeError=0.05, IterationTime=250ms, MaxIterationCount=12, MaxWarmupIterationCount=5, MinIterationCount=8, MinWarmupIterationCount=3)

OverheadJitting  1: 1 op, 194377.00 ns, 194.3770 us/op
WorkloadJitting  1: 1 op, 416683.00 ns, 416.6830 us/op

OverheadJitting  2: 16 op, 414870.00 ns, 25.9294 us/op
WorkloadJitting  2: 16 op, 456185.00 ns, 28.5116 us/op

WorkloadPilot    1: 16 op, 5404.00 ns, 337.7500 ns/op
WorkloadPilot    2: 740192 op, 34082504.00 ns, 46.0455 ns/op
WorkloadPilot    3: 5429424 op, 124079639.00 ns, 22.8532 ns/op
WorkloadPilot    4: 10939408 op, 132921414.00 ns, 12.1507 ns/op
WorkloadPilot    5: 20574960 op, 247750119.00 ns, 12.0413 ns/op
WorkloadPilot    6: 20761808 op, 250256889.00 ns, 12.0537 ns/op
WorkloadPilot    7: 20740496 op, 249595238.00 ns, 12.0342 ns/op
WorkloadPilot    8: 20774144 op, 242904934.00 ns, 11.6927 ns/op
WorkloadPilot    9: 21380944 op, 249118582.00 ns, 11.6514 ns/op
WorkloadPilot   10: 21456608 op, 246667828.00 ns, 11.4961 ns/op
WorkloadPilot   11: 21746464 op, 250709486.00 ns, 11.5287 ns/op
WorkloadPilot   12: 21684928 op, 254527599.00 ns, 11.7375 ns/op

OverheadWarmup   1: 21684928 op, 96911997.00 ns, 4.4691 ns/op
OverheadWarmup   2: 21684928 op, 97250348.00 ns, 4.4847 ns/op
OverheadWarmup   3: 21684928 op, 86625905.00 ns, 3.9948 ns/op
OverheadWarmup   4: 21684928 op, 85549783.00 ns, 3.9451 ns/op
OverheadWarmup   5: 21684928 op, 85137340.00 ns, 3.9261 ns/op
OverheadWarmup   6: 21684928 op, 84742932.00 ns, 3.9079 ns/op
OverheadWarmup   7: 21684928 op, 84592742.00 ns, 3.9010 ns/op
OverheadWarmup   8: 21684928 op, 86314775.00 ns, 3.9804 ns/op
OverheadWarmup   9: 21684928 op, 85560183.00 ns, 3.9456 ns/op

OverheadActual   1: 21684928 op, 84815903.00 ns, 3.9113 ns/op
OverheadActual   2: 21684928 op, 84305931.00 ns, 3.8878 ns/op
OverheadActual   3: 21684928 op, 84244394.00 ns, 3.8849 ns/op
OverheadActual   4: 21684928 op, 85313412.00 ns, 3.9342 ns/op
OverheadActual   5: 21684928 op, 84742047.00 ns, 3.9079 ns/op
OverheadActual   6: 21684928 op, 85126402.00 ns, 3.9256 ns/op
OverheadActual   7: 21684928 op, 84127881.00 ns, 3.8796 ns/op
OverheadActual   8: 21684928 op, 85070848.00 ns, 3.9230 ns/op

WorkloadWarmup   1: 21684928 op, 296678259.00 ns, 13.6813 ns/op
WorkloadWarmup   2: 21684928 op, 259397072.00 ns, 11.9621 ns/op
WorkloadWarmup   3: 21684928 op, 248276273.00 ns, 11.4493 ns/op
WorkloadWarmup   4: 21684928 op, 248530012.00 ns, 11.4610 ns/op
WorkloadWarmup   5: 21684928 op, 249873718.00 ns, 11.5229 ns/op

// BeforeActualRun
WorkloadActual   1: 21684928 op, 254624325.00 ns, 11.7420 ns/op
WorkloadActual   2: 21684928 op, 251854432.00 ns, 11.6143 ns/op
WorkloadActual   3: 21684928 op, 252088047.00 ns, 11.6250 ns/op
WorkloadActual   4: 21684928 op, 248145962.00 ns, 11.4432 ns/op
WorkloadActual   5: 21684928 op, 248856245.00 ns, 11.4760 ns/op
WorkloadActual   6: 21684928 op, 252109094.00 ns, 11.6260 ns/op
WorkloadActual   7: 21684928 op, 250041555.00 ns, 11.5307 ns/op
WorkloadActual   8: 21684928 op, 251695425.00 ns, 11.6069 ns/op

// AfterActualRun
WorkloadResult   1: 21684928 op, 169845350.00 ns, 7.8324 ns/op
WorkloadResult   2: 21684928 op, 167075457.00 ns, 7.7047 ns/op
WorkloadResult   3: 21684928 op, 167309072.00 ns, 7.7155 ns/op
WorkloadResult   4: 21684928 op, 163366987.00 ns, 7.5337 ns/op
WorkloadResult   5: 21684928 op, 164077270.00 ns, 7.5664 ns/op
WorkloadResult   6: 21684928 op, 167330119.00 ns, 7.7164 ns/op
WorkloadResult   7: 21684928 op, 165262580.00 ns, 7.6211 ns/op
WorkloadResult   8: 21684928 op, 166916450.00 ns, 7.6973 ns/op
// GC:  14 0 0 1214355968 21684928
// Threading:  0 0 21684928

// AfterAll
// Benchmark Process 3879 has exited with code 0.

Mean = 7.673 ns, StdErr = 0.034 ns (0.44%), N = 8, StdDev = 0.096 ns
Min = 7.534 ns, Q1 = 7.607 ns, Median = 7.701 ns, Q3 = 7.716 ns, Max = 7.832 ns
IQR = 0.108 ns, LowerFence = 7.445 ns, UpperFence = 7.878 ns
ConfidenceInterval = [7.490 ns; 7.856 ns] (CI 99.9%), Margin = 0.183 ns (2.39% of Mean)
Skewness = 0.02, Kurtosis = 1.74, MValue = 2

// ** Remained 8 (21.1 %) benchmark(s) to run. Estimated finish 2026-08-04 6:44 (0h 0m from now) **
// **************************
// Benchmark: PrepareAndSimpleMap.Mapperly: Quick(MaxRelativeError=0.05, Arguments=/p:MatrixMode=Benchmark, IterationTime=250ms, MaxIterationCount=12, MaxWarmupIterationCount=5, MinIterationCount=8, MinWarmupIterationCount=3)
// *** Execute ***
// Launch: 1 / 1
// Execute: dotnet Matrix.ObjectMapping-Quick-1.dll --anonymousPipes 125 126 --benchmarkName Matrix.ObjectMapping.Benchmarks.PrepareAndSimpleMap.Mapperly --job Quick --benchmarkId 30 in /home/runner/work/dotnet-matrix/dotnet-matrix/src/Matrix.ObjectMapping/bin/Benchmark/Release/net10.0/Matrix.ObjectMapping-Quick-1/bin/Release/net10.0
// Failed to set up high priority (Permission denied). In order to run benchmarks with high priority, make sure you have the right permissions.
// BeforeAnythingElse

// Benchmark Process Environment Information:
// BenchmarkDotNet v0.15.8
// Runtime=.NET 10.0.10 (10.0.10, 10.0.1026.32716), X64 RyuJIT x86-64-v4
// GC=Concurrent Workstation
// HardwareIntrinsics=AVX512 BITALG+VBMI2+VNNI+VPOPCNTDQ,AVX512 IFMA+VBMI,AVX512 F+BW+CD+DQ+VL,AVX2+BMI1+BMI2+F16C+FMA+LZCNT+MOVBE,AVX,SSE3+SSSE3+SSE4.1+SSE4.2+POPCNT,X86Base+SSE+SSE2,AES+PCLMUL,AvxVnni,SERIALIZE VectorSize=256
// Job: Quick(MaxRelativeError=0.05, IterationTime=250ms, MaxIterationCount=12, MaxWarmupIterationCount=5, MinIterationCount=8, MinWarmupIterationCount=3)

OverheadJitting  1: 1 op, 193269.00 ns, 193.2690 us/op
WorkloadJitting  1: 1 op, 427648.00 ns, 427.6480 us/op

OverheadJitting  2: 16 op, 437662.00 ns, 27.3539 us/op
WorkloadJitting  2: 16 op, 476370.00 ns, 29.7731 us/op

WorkloadPilot    1: 16 op, 3034.00 ns, 189.6250 ns/op
WorkloadPilot    2: 1318400 op, 62765205.00 ns, 47.6071 ns/op
WorkloadPilot    3: 5251328 op, 103773716.00 ns, 19.7614 ns/op
WorkloadPilot    4: 12650912 op, 150841462.00 ns, 11.9234 ns/op
WorkloadPilot    5: 20967232 op, 249434566.00 ns, 11.8964 ns/op
WorkloadPilot    6: 21014768 op, 248790325.00 ns, 11.8388 ns/op
WorkloadPilot    7: 21116960 op, 248268759.00 ns, 11.7568 ns/op
WorkloadPilot    8: 21264224 op, 254159892.00 ns, 11.9525 ns/op
WorkloadPilot    9: 20916192 op, 245783329.00 ns, 11.7509 ns/op
WorkloadPilot   10: 21275040 op, 250390904.00 ns, 11.7692 ns/op
WorkloadPilot   11: 21241840 op, 255099483.00 ns, 12.0093 ns/op

OverheadWarmup   1: 21241840 op, 95425103.00 ns, 4.4923 ns/op
OverheadWarmup   2: 21241840 op, 96352959.00 ns, 4.5360 ns/op
OverheadWarmup   3: 21241840 op, 84836549.00 ns, 3.9938 ns/op
OverheadWarmup   4: 21241840 op, 83629355.00 ns, 3.9370 ns/op
OverheadWarmup   5: 21241840 op, 82654600.00 ns, 3.8911 ns/op
OverheadWarmup   6: 21241840 op, 84499395.00 ns, 3.9780 ns/op
OverheadWarmup   7: 21241840 op, 84539552.00 ns, 3.9799 ns/op
OverheadWarmup   8: 21241840 op, 82677738.00 ns, 3.8922 ns/op

OverheadActual   1: 21241840 op, 83355561.00 ns, 3.9241 ns/op
OverheadActual   2: 21241840 op, 83635285.00 ns, 3.9373 ns/op
OverheadActual   3: 21241840 op, 83270271.00 ns, 3.9201 ns/op
OverheadActual   4: 21241840 op, 84390088.00 ns, 3.9728 ns/op
OverheadActual   5: 21241840 op, 83478605.00 ns, 3.9299 ns/op
OverheadActual   6: 21241840 op, 83850371.00 ns, 3.9474 ns/op
OverheadActual   7: 21241840 op, 83925415.00 ns, 3.9509 ns/op
OverheadActual   8: 21241840 op, 84527282.00 ns, 3.9793 ns/op

WorkloadWarmup   1: 21241840 op, 293634156.00 ns, 13.8234 ns/op
WorkloadWarmup   2: 21241840 op, 263143171.00 ns, 12.3880 ns/op
WorkloadWarmup   3: 21241840 op, 254146227.00 ns, 11.9644 ns/op
WorkloadWarmup   4: 21241840 op, 248994244.00 ns, 11.7219 ns/op
WorkloadWarmup   5: 21241840 op, 255007438.00 ns, 12.0050 ns/op

// BeforeActualRun
WorkloadActual   1: 21241840 op, 250442786.00 ns, 11.7901 ns/op
WorkloadActual   2: 21241840 op, 252875399.00 ns, 11.9046 ns/op
WorkloadActual   3: 21241840 op, 249187001.00 ns, 11.7310 ns/op
WorkloadActual   4: 21241840 op, 253486359.00 ns, 11.9334 ns/op
WorkloadActual   5: 21241840 op, 256405285.00 ns, 12.0708 ns/op
WorkloadActual   6: 21241840 op, 258751664.00 ns, 12.1812 ns/op
WorkloadActual   7: 21241840 op, 255728548.00 ns, 12.0389 ns/op
WorkloadActual   8: 21241840 op, 250267953.00 ns, 11.7818 ns/op

// AfterActualRun
WorkloadResult   1: 21241840 op, 166699958.00 ns, 7.8477 ns/op
WorkloadResult   2: 21241840 op, 169132571.00 ns, 7.9622 ns/op
WorkloadResult   3: 21241840 op, 165444173.00 ns, 7.7886 ns/op
WorkloadResult   4: 21241840 op, 169743531.00 ns, 7.9910 ns/op
WorkloadResult   5: 21241840 op, 172662457.00 ns, 8.1284 ns/op
WorkloadResult   6: 21241840 op, 175008836.00 ns, 8.2389 ns/op
WorkloadResult   7: 21241840 op, 171985720.00 ns, 8.0966 ns/op
WorkloadResult   8: 21241840 op, 166525125.00 ns, 7.8395 ns/op
// GC:  14 0 0 1189543040 21241840
// Threading:  0 0 21241840

// AfterAll
// Benchmark Process 3911 has exited with code 0.

Mean = 7.987 ns, StdErr = 0.056 ns (0.70%), N = 8, StdDev = 0.159 ns
Min = 7.789 ns, Q1 = 7.846 ns, Median = 7.977 ns, Q3 = 8.105 ns, Max = 8.239 ns
IQR = 0.259 ns, LowerFence = 7.457 ns, UpperFence = 8.493 ns
ConfidenceInterval = [7.683 ns; 8.290 ns] (CI 99.9%), Margin = 0.304 ns (3.80% of Mean)
Skewness = 0.21, Kurtosis = 1.37, MValue = 2

// ** Remained 7 (18.4 %) benchmark(s) to run. Estimated finish 2026-08-04 6:44 (0h 0m from now) **
// **************************
// Benchmark: PrepareAndSimpleMap.Mapster: Quick(MaxRelativeError=0.05, Arguments=/p:MatrixMode=Benchmark, IterationTime=250ms, MaxIterationCount=12, MaxWarmupIterationCount=5, MinIterationCount=8, MinWarmupIterationCount=3)
// *** Execute ***
// Launch: 1 / 1
// Execute: dotnet Matrix.ObjectMapping-Quick-1.dll --anonymousPipes 125 126 --benchmarkName Matrix.ObjectMapping.Benchmarks.PrepareAndSimpleMap.Mapster --job Quick --benchmarkId 31 in /home/runner/work/dotnet-matrix/dotnet-matrix/src/Matrix.ObjectMapping/bin/Benchmark/Release/net10.0/Matrix.ObjectMapping-Quick-1/bin/Release/net10.0
// Failed to set up high priority (Permission denied). In order to run benchmarks with high priority, make sure you have the right permissions.
// BeforeAnythingElse

// Benchmark Process Environment Information:
// BenchmarkDotNet v0.15.8
// Runtime=.NET 10.0.10 (10.0.10, 10.0.1026.32716), X64 RyuJIT x86-64-v4
// GC=Concurrent Workstation
// HardwareIntrinsics=AVX512 BITALG+VBMI2+VNNI+VPOPCNTDQ,AVX512 IFMA+VBMI,AVX512 F+BW+CD+DQ+VL,AVX2+BMI1+BMI2+F16C+FMA+LZCNT+MOVBE,AVX,SSE3+SSSE3+SSE4.1+SSE4.2+POPCNT,X86Base+SSE+SSE2,AES+PCLMUL,AvxVnni,SERIALIZE VectorSize=256
// Job: Quick(MaxRelativeError=0.05, IterationTime=250ms, MaxIterationCount=12, MaxWarmupIterationCount=5, MinIterationCount=8, MinWarmupIterationCount=3)

OverheadJitting  1: 1 op, 218518.00 ns, 218.5180 us/op
WorkloadJitting  1: 1 op, 100586831.00 ns, 100.5868 ms/op

WorkloadPilot    1: 4 op, 79626054.00 ns, 19.9065 ms/op
WorkloadPilot    2: 13 op, 280338377.00 ns, 21.5645 ms/op

WorkloadWarmup   1: 13 op, 280276233.00 ns, 21.5597 ms/op
WorkloadWarmup   2: 13 op, 275312984.00 ns, 21.1779 ms/op
WorkloadWarmup   3: 13 op, 274026435.00 ns, 21.0790 ms/op
WorkloadWarmup   4: 13 op, 276974149.00 ns, 21.3057 ms/op
WorkloadWarmup   5: 13 op, 273491063.00 ns, 21.0378 ms/op

// BeforeActualRun
WorkloadActual   1: 13 op, 278651293.00 ns, 21.4347 ms/op
WorkloadActual   2: 13 op, 273666165.00 ns, 21.0512 ms/op
WorkloadActual   3: 13 op, 276520981.00 ns, 21.2708 ms/op
WorkloadActual   4: 13 op, 278011523.00 ns, 21.3855 ms/op
WorkloadActual   5: 13 op, 279515483.00 ns, 21.5012 ms/op
WorkloadActual   6: 13 op, 277137472.00 ns, 21.3183 ms/op
WorkloadActual   7: 13 op, 279488321.00 ns, 21.4991 ms/op
WorkloadActual   8: 13 op, 282097971.00 ns, 21.6998 ms/op

// AfterActualRun
WorkloadResult   1: 13 op, 278651293.00 ns, 21.4347 ms/op
WorkloadResult   2: 13 op, 273666165.00 ns, 21.0512 ms/op
WorkloadResult   3: 13 op, 276520981.00 ns, 21.2708 ms/op
WorkloadResult   4: 13 op, 278011523.00 ns, 21.3855 ms/op
WorkloadResult   5: 13 op, 279515483.00 ns, 21.5012 ms/op
WorkloadResult   6: 13 op, 277137472.00 ns, 21.3183 ms/op
WorkloadResult   7: 13 op, 279488321.00 ns, 21.4991 ms/op
WorkloadResult   8: 13 op, 282097971.00 ns, 21.6998 ms/op
// GC:  0 0 0 37383024 13
// Threading:  0 0 13

// AfterAll
// Benchmark Process 3924 has exited with code 0.

Mean = 21.395 ms, StdErr = 0.068 ms (0.32%), N = 8, StdDev = 0.191 ms
Min = 21.051 ms, Q1 = 21.306 ms, Median = 21.410 ms, Q3 = 21.500 ms, Max = 21.700 ms
IQR = 0.193 ms, LowerFence = 21.017 ms, UpperFence = 21.789 ms
ConfidenceInterval = [21.029 ms; 21.761 ms] (CI 99.9%), Margin = 0.366 ms (1.71% of Mean)
Skewness = -0.22, Kurtosis = 2.16, MValue = 2

// ** Remained 6 (15.8 %) benchmark(s) to run. Estimated finish 2026-08-04 6:44 (0h 0m from now) **
// ***** BenchmarkRunner: Finish  *****

// * Export *
  tmp/dotnet-matrix/ObjectMapping/8d220c999547463fb13173176bcb2803/results/Matrix.ObjectMapping.Benchmarks.PrepareAndSimpleMap-report.csv
  tmp/dotnet-matrix/ObjectMapping/8d220c999547463fb13173176bcb2803/results/Matrix.ObjectMapping.Benchmarks.PrepareAndSimpleMap-report-github.md
  tmp/dotnet-matrix/ObjectMapping/8d220c999547463fb13173176bcb2803/results/Matrix.ObjectMapping.Benchmarks.PrepareAndSimpleMap-report.html
  tmp/dotnet-matrix/ObjectMapping/8d220c999547463fb13173176bcb2803/results/Matrix.ObjectMapping.Benchmarks.PrepareAndSimpleMap-report-full.json

// * Detailed results *
PrepareAndSimpleMap.HandCoded: Quick(MaxRelativeError=0.05, Arguments=/p:MatrixMode=Benchmark, IterationTime=250ms, MaxIterationCount=12, MaxWarmupIterationCount=5, MinIterationCount=8, MinWarmupIterationCount=3)
Runtime = .NET 10.0.10 (10.0.10, 10.0.1026.32716), X64 RyuJIT x86-64-v4; GC = Concurrent Workstation
Mean = 7.673 ns, StdErr = 0.034 ns (0.44%), N = 8, StdDev = 0.096 ns
Min = 7.534 ns, Q1 = 7.607 ns, Median = 7.701 ns, Q3 = 7.716 ns, Max = 7.832 ns
IQR = 0.108 ns, LowerFence = 7.445 ns, UpperFence = 7.878 ns
ConfidenceInterval = [7.490 ns; 7.856 ns] (CI 99.9%), Margin = 0.183 ns (2.39% of Mean)
Skewness = 0.02, Kurtosis = 1.74, MValue = 2
-------------------- Histogram --------------------
[7.471 ns ; 7.895 ns) | @@@@@@@@
---------------------------------------------------

PrepareAndSimpleMap.Mapperly: Quick(MaxRelativeError=0.05, Arguments=/p:MatrixMode=Benchmark, IterationTime=250ms, MaxIterationCount=12, MaxWarmupIterationCount=5, MinIterationCount=8, MinWarmupIterationCount=3)
Runtime = .NET 10.0.10 (10.0.10, 10.0.1026.32716), X64 RyuJIT x86-64-v4; GC = Concurrent Workstation
Mean = 7.987 ns, StdErr = 0.056 ns (0.70%), N = 8, StdDev = 0.159 ns
Min = 7.789 ns, Q1 = 7.846 ns, Median = 7.977 ns, Q3 = 8.105 ns, Max = 8.239 ns
IQR = 0.259 ns, LowerFence = 7.457 ns, UpperFence = 8.493 ns
ConfidenceInterval = [7.683 ns; 8.290 ns] (CI 99.9%), Margin = 0.304 ns (3.80% of Mean)
Skewness = 0.21, Kurtosis = 1.37, MValue = 2
-------------------- Histogram --------------------
[7.786 ns ; 8.063 ns) | @@@@@
[8.063 ns ; 8.272 ns) | @@@
---------------------------------------------------

PrepareAndSimpleMap.AutoMapper: Quick(MaxRelativeError=0.05, Arguments=/p:MatrixMode=Benchmark, IterationTime=250ms, MaxIterationCount=12, MaxWarmupIterationCount=5, MinIterationCount=8, MinWarmupIterationCount=3)
Runtime = .NET 10.0.10 (10.0.10, 10.0.1026.32716), X64 RyuJIT x86-64-v4; GC = Concurrent Workstation
Mean = 12.194 ms, StdErr = 0.065 ms (0.54%), N = 8, StdDev = 0.185 ms
Min = 11.942 ms, Q1 = 12.059 ms, Median = 12.173 ms, Q3 = 12.305 ms, Max = 12.496 ms
IQR = 0.246 ms, LowerFence = 11.690 ms, UpperFence = 12.674 ms
ConfidenceInterval = [11.841 ms; 12.547 ms] (CI 99.9%), Margin = 0.353 ms (2.90% of Mean)
Skewness = 0.24, Kurtosis = 1.51, MValue = 2
-------------------- Histogram --------------------
[11.821 ms ; 12.292 ms) | @@@@@@
[12.292 ms ; 12.557 ms) | @@
---------------------------------------------------

PrepareAndSimpleMap.Mapster: Quick(MaxRelativeError=0.05, Arguments=/p:MatrixMode=Benchmark, IterationTime=250ms, MaxIterationCount=12, MaxWarmupIterationCount=5, MinIterationCount=8, MinWarmupIterationCount=3)
Runtime = .NET 10.0.10 (10.0.10, 10.0.1026.32716), X64 RyuJIT x86-64-v4; GC = Concurrent Workstation
Mean = 21.395 ms, StdErr = 0.068 ms (0.32%), N = 8, StdDev = 0.191 ms
Min = 21.051 ms, Q1 = 21.306 ms, Median = 21.410 ms, Q3 = 21.500 ms, Max = 21.700 ms
IQR = 0.193 ms, LowerFence = 21.017 ms, UpperFence = 21.789 ms
ConfidenceInterval = [21.029 ms; 21.761 ms] (CI 99.9%), Margin = 0.366 ms (1.71% of Mean)
Skewness = -0.22, Kurtosis = 2.16, MValue = 2
-------------------- Histogram --------------------
[20.926 ms ; 21.825 ms) | @@@@@@@@
---------------------------------------------------

// * Summary *

BenchmarkDotNet v0.15.8, Linux Ubuntu 24.04.4 LTS (Noble Numbat)
INTEL XEON PLATINUM 8573C 2.30GHz, 1 CPU, 4 logical and 2 physical cores
.NET SDK 10.0.302
  [Host] : .NET 10.0.10 (10.0.10, 10.0.1026.32716), X64 RyuJIT x86-64-v4
  Quick  : .NET 10.0.10 (10.0.10, 10.0.1026.32716), X64 RyuJIT x86-64-v4

Job=Quick  MaxRelativeError=0.05  Arguments=/p:MatrixMode=Benchmark  
IterationTime=250ms  MaxIterationCount=12  MaxWarmupIterationCount=5  
MinIterationCount=8  MinWarmupIterationCount=3  

| Method     | Mean              | Error           | StdDev          | Ratio        | RatioSD   | Gen0   | Allocated | Alloc Ratio |
|----------- |------------------:|----------------:|----------------:|-------------:|----------:|-------:|----------:|------------:|
| HandCoded  |          7.673 ns |       0.1831 ns |       0.0957 ns |         1.00 |      0.02 | 0.0006 |      56 B |        1.00 |
| Mapperly   |          7.987 ns |       0.3037 ns |       0.1588 ns |         1.04 |      0.02 | 0.0007 |      56 B |        1.00 |
| AutoMapper | 12,194,153.993 ns | 353,110.1879 ns | 184,683.4561 ns | 1,589,355.13 | 29,405.41 |      - |  672542 B |   12,009.68 |
| Mapster    | 21,395,088.548 ns | 365,769.5114 ns | 191,304.5271 ns | 2,788,581.63 | 40,358.57 |      - | 2875617 B |   51,350.30 |

// * Legends *
  Mean        : Arithmetic mean of all measurements
  Error       : Half of 99.9% confidence interval
  StdDev      : Standard deviation of all measurements
  Ratio       : Mean of the ratio distribution ([Current]/[Baseline])
  RatioSD     : Standard deviation of the ratio distribution ([Current]/[Baseline])
  Gen0        : GC Generation 0 collects per 1000 operations
  Allocated   : Allocated memory per single operation (managed only, inclusive, 1KB = 1024B)
  Alloc Ratio : Allocated memory ratio distribution ([Current]/[Baseline])
  1 ns        : 1 Nanosecond (0.000000001 sec)

// * Diagnostic Output - MemoryDiagnoser *


// ***** BenchmarkRunner: End *****
Run time: 00:00:23 (23.49 sec), executed benchmarks: 4

// Found 2 benchmarks:
//   PrepareConfiguration.AutoMapper: Quick(MaxRelativeError=0.05, Arguments=/p:MatrixMode=Benchmark, IterationTime=250ms, MaxIterationCount=12, MaxWarmupIterationCount=5, MinIterationCount=8, MinWarmupIterationCount=3)
//   PrepareConfiguration.Mapster: Quick(MaxRelativeError=0.05, Arguments=/p:MatrixMode=Benchmark, IterationTime=250ms, MaxIterationCount=12, MaxWarmupIterationCount=5, MinIterationCount=8, MinWarmupIterationCount=3)

// **************************
// Benchmark: PrepareConfiguration.AutoMapper: Quick(MaxRelativeError=0.05, Arguments=/p:MatrixMode=Benchmark, IterationTime=250ms, MaxIterationCount=12, MaxWarmupIterationCount=5, MinIterationCount=8, MinWarmupIterationCount=3)
// *** Execute ***
// Launch: 1 / 1
// Execute: dotnet Matrix.ObjectMapping-Quick-1.dll --anonymousPipes 125 126 --benchmarkName Matrix.ObjectMapping.Benchmarks.PrepareConfiguration.AutoMapper --job Quick --benchmarkId 32 in /home/runner/work/dotnet-matrix/dotnet-matrix/src/Matrix.ObjectMapping/bin/Benchmark/Release/net10.0/Matrix.ObjectMapping-Quick-1/bin/Release/net10.0
// Failed to set up high priority (Permission denied). In order to run benchmarks with high priority, make sure you have the right permissions.
// BeforeAnythingElse

// Benchmark Process Environment Information:
// BenchmarkDotNet v0.15.8
// Runtime=.NET 10.0.10 (10.0.10, 10.0.1026.32716), X64 RyuJIT x86-64-v4
// GC=Concurrent Workstation
// HardwareIntrinsics=AVX512 BITALG+VBMI2+VNNI+VPOPCNTDQ,AVX512 IFMA+VBMI,AVX512 F+BW+CD+DQ+VL,AVX2+BMI1+BMI2+F16C+FMA+LZCNT+MOVBE,AVX,SSE3+SSSE3+SSE4.1+SSE4.2+POPCNT,X86Base+SSE+SSE2,AES+PCLMUL,AvxVnni,SERIALIZE VectorSize=256
// Job: Quick(MaxRelativeError=0.05, IterationTime=250ms, MaxIterationCount=12, MaxWarmupIterationCount=5, MinIterationCount=8, MinWarmupIterationCount=3)

OverheadJitting  1: 1 op, 198657.00 ns, 198.6570 us/op
WorkloadJitting  1: 1 op, 85498463.00 ns, 85.4985 ms/op

WorkloadPilot    1: 4 op, 46900847.00 ns, 11.7252 ms/op
WorkloadPilot    2: 21 op, 259219072.00 ns, 12.3438 ms/op

WorkloadWarmup   1: 21 op, 265739372.00 ns, 12.6543 ms/op
WorkloadWarmup   2: 21 op, 253456179.00 ns, 12.0693 ms/op
WorkloadWarmup   3: 21 op, 254950635.00 ns, 12.1405 ms/op
WorkloadWarmup   4: 21 op, 251285617.00 ns, 11.9660 ms/op
WorkloadWarmup   5: 21 op, 253716921.00 ns, 12.0818 ms/op

// BeforeActualRun
WorkloadActual   1: 21 op, 245750237.00 ns, 11.7024 ms/op
WorkloadActual   2: 21 op, 243929783.00 ns, 11.6157 ms/op
WorkloadActual   3: 21 op, 247330950.00 ns, 11.7777 ms/op
WorkloadActual   4: 21 op, 248025878.00 ns, 11.8108 ms/op
WorkloadActual   5: 21 op, 247392442.00 ns, 11.7806 ms/op
WorkloadActual   6: 21 op, 247092523.00 ns, 11.7663 ms/op
WorkloadActual   7: 21 op, 244774929.00 ns, 11.6559 ms/op
WorkloadActual   8: 21 op, 245069119.00 ns, 11.6700 ms/op

// AfterActualRun
WorkloadResult   1: 21 op, 245750237.00 ns, 11.7024 ms/op
WorkloadResult   2: 21 op, 243929783.00 ns, 11.6157 ms/op
WorkloadResult   3: 21 op, 247330950.00 ns, 11.7777 ms/op
WorkloadResult   4: 21 op, 248025878.00 ns, 11.8108 ms/op
WorkloadResult   5: 21 op, 247392442.00 ns, 11.7806 ms/op
WorkloadResult   6: 21 op, 247092523.00 ns, 11.7663 ms/op
WorkloadResult   7: 21 op, 244774929.00 ns, 11.6559 ms/op
WorkloadResult   8: 21 op, 245069119.00 ns, 11.6700 ms/op
// GC:  0 0 0 13408040 21
// Threading:  0 0 21

// AfterAll
// Benchmark Process 3932 has exited with code 0.

Mean = 11.722 ms, StdErr = 0.025 ms (0.21%), N = 8, StdDev = 0.071 ms
Min = 11.616 ms, Q1 = 11.666 ms, Median = 11.734 ms, Q3 = 11.778 ms, Max = 11.811 ms
IQR = 0.112 ms, LowerFence = 11.499 ms, UpperFence = 11.946 ms
ConfidenceInterval = [11.587 ms; 11.858 ms] (CI 99.9%), Margin = 0.135 ms (1.16% of Mean)
Skewness = -0.18, Kurtosis = 1.2, MValue = 2

// ** Remained 5 (13.2 %) benchmark(s) to run. Estimated finish 2026-08-04 6:44 (0h 0m from now) **
// **************************
// Benchmark: PrepareConfiguration.Mapster: Quick(MaxRelativeError=0.05, Arguments=/p:MatrixMode=Benchmark, IterationTime=250ms, MaxIterationCount=12, MaxWarmupIterationCount=5, MinIterationCount=8, MinWarmupIterationCount=3)
// *** Execute ***
// Launch: 1 / 1
// Execute: dotnet Matrix.ObjectMapping-Quick-1.dll --anonymousPipes 125 126 --benchmarkName Matrix.ObjectMapping.Benchmarks.PrepareConfiguration.Mapster --job Quick --benchmarkId 33 in /home/runner/work/dotnet-matrix/dotnet-matrix/src/Matrix.ObjectMapping/bin/Benchmark/Release/net10.0/Matrix.ObjectMapping-Quick-1/bin/Release/net10.0
// Failed to set up high priority (Permission denied). In order to run benchmarks with high priority, make sure you have the right permissions.
// BeforeAnythingElse

// Benchmark Process Environment Information:
// BenchmarkDotNet v0.15.8
// Runtime=.NET 10.0.10 (10.0.10, 10.0.1026.32716), X64 RyuJIT x86-64-v4
// GC=Concurrent Workstation
// HardwareIntrinsics=AVX512 BITALG+VBMI2+VNNI+VPOPCNTDQ,AVX512 IFMA+VBMI,AVX512 F+BW+CD+DQ+VL,AVX2+BMI1+BMI2+F16C+FMA+LZCNT+MOVBE,AVX,SSE3+SSSE3+SSE4.1+SSE4.2+POPCNT,X86Base+SSE+SSE2,AES+PCLMUL,AvxVnni,SERIALIZE VectorSize=256
// Job: Quick(MaxRelativeError=0.05, IterationTime=250ms, MaxIterationCount=12, MaxWarmupIterationCount=5, MinIterationCount=8, MinWarmupIterationCount=3)

OverheadJitting  1: 1 op, 199144.00 ns, 199.1440 us/op
WorkloadJitting  1: 1 op, 97652518.00 ns, 97.6525 ms/op

WorkloadPilot    1: 4 op, 76480046.00 ns, 19.1200 ms/op
WorkloadPilot    2: 13 op, 268987140.00 ns, 20.6913 ms/op

WorkloadWarmup   1: 13 op, 266247165.00 ns, 20.4806 ms/op
WorkloadWarmup   2: 13 op, 271508195.00 ns, 20.8852 ms/op
WorkloadWarmup   3: 13 op, 270509688.00 ns, 20.8084 ms/op
WorkloadWarmup   4: 13 op, 273222726.00 ns, 21.0171 ms/op
WorkloadWarmup   5: 13 op, 276133389.00 ns, 21.2410 ms/op

// BeforeActualRun
WorkloadActual   1: 13 op, 275083154.00 ns, 21.1602 ms/op
WorkloadActual   2: 13 op, 279675981.00 ns, 21.5135 ms/op
WorkloadActual   3: 13 op, 277477489.00 ns, 21.3444 ms/op
WorkloadActual   4: 13 op, 274536123.00 ns, 21.1182 ms/op
WorkloadActual   5: 13 op, 274791411.00 ns, 21.1378 ms/op
WorkloadActual   6: 13 op, 272034990.00 ns, 20.9258 ms/op
WorkloadActual   7: 13 op, 272046143.00 ns, 20.9266 ms/op
WorkloadActual   8: 13 op, 275936430.00 ns, 21.2259 ms/op

// AfterActualRun
WorkloadResult   1: 13 op, 275083154.00 ns, 21.1602 ms/op
WorkloadResult   2: 13 op, 279675981.00 ns, 21.5135 ms/op
WorkloadResult   3: 13 op, 277477489.00 ns, 21.3444 ms/op
WorkloadResult   4: 13 op, 274536123.00 ns, 21.1182 ms/op
WorkloadResult   5: 13 op, 274791411.00 ns, 21.1378 ms/op
WorkloadResult   6: 13 op, 272034990.00 ns, 20.9258 ms/op
WorkloadResult   7: 13 op, 272046143.00 ns, 20.9266 ms/op
WorkloadResult   8: 13 op, 275936430.00 ns, 21.2259 ms/op
// GC:  0 0 0 35323248 13
// Threading:  0 0 13

// AfterAll
// Benchmark Process 4263 has exited with code 0.

Mean = 21.169 ms, StdErr = 0.070 ms (0.33%), N = 8, StdDev = 0.198 ms
Min = 20.926 ms, Q1 = 21.070 ms, Median = 21.149 ms, Q3 = 21.256 ms, Max = 21.514 ms
IQR = 0.185 ms, LowerFence = 20.792 ms, UpperFence = 21.533 ms
ConfidenceInterval = [20.791 ms; 21.548 ms] (CI 99.9%), Margin = 0.378 ms (1.79% of Mean)
Skewness = 0.28, Kurtosis = 1.79, MValue = 2

// ** Remained 4 (10.5 %) benchmark(s) to run. Estimated finish 2026-08-04 6:44 (0h 0m from now) **
// ***** BenchmarkRunner: Finish  *****

// * Export *
  tmp/dotnet-matrix/ObjectMapping/8d220c999547463fb13173176bcb2803/results/Matrix.ObjectMapping.Benchmarks.PrepareConfiguration-report.csv
  tmp/dotnet-matrix/ObjectMapping/8d220c999547463fb13173176bcb2803/results/Matrix.ObjectMapping.Benchmarks.PrepareConfiguration-report-github.md
  tmp/dotnet-matrix/ObjectMapping/8d220c999547463fb13173176bcb2803/results/Matrix.ObjectMapping.Benchmarks.PrepareConfiguration-report.html
  tmp/dotnet-matrix/ObjectMapping/8d220c999547463fb13173176bcb2803/results/Matrix.ObjectMapping.Benchmarks.PrepareConfiguration-report-full.json

// * Detailed results *
PrepareConfiguration.AutoMapper: Quick(MaxRelativeError=0.05, Arguments=/p:MatrixMode=Benchmark, IterationTime=250ms, MaxIterationCount=12, MaxWarmupIterationCount=5, MinIterationCount=8, MinWarmupIterationCount=3)
Runtime = .NET 10.0.10 (10.0.10, 10.0.1026.32716), X64 RyuJIT x86-64-v4; GC = Concurrent Workstation
Mean = 11.722 ms, StdErr = 0.025 ms (0.21%), N = 8, StdDev = 0.071 ms
Min = 11.616 ms, Q1 = 11.666 ms, Median = 11.734 ms, Q3 = 11.778 ms, Max = 11.811 ms
IQR = 0.112 ms, LowerFence = 11.499 ms, UpperFence = 11.946 ms
ConfidenceInterval = [11.587 ms; 11.858 ms] (CI 99.9%), Margin = 0.135 ms (1.16% of Mean)
Skewness = -0.18, Kurtosis = 1.2, MValue = 2
-------------------- Histogram --------------------
[11.569 ms ; 11.857 ms) | @@@@@@@@
---------------------------------------------------

PrepareConfiguration.Mapster: Quick(MaxRelativeError=0.05, Arguments=/p:MatrixMode=Benchmark, IterationTime=250ms, MaxIterationCount=12, MaxWarmupIterationCount=5, MinIterationCount=8, MinWarmupIterationCount=3)
Runtime = .NET 10.0.10 (10.0.10, 10.0.1026.32716), X64 RyuJIT x86-64-v4; GC = Concurrent Workstation
Mean = 21.169 ms, StdErr = 0.070 ms (0.33%), N = 8, StdDev = 0.198 ms
Min = 20.926 ms, Q1 = 21.070 ms, Median = 21.149 ms, Q3 = 21.256 ms, Max = 21.514 ms
IQR = 0.185 ms, LowerFence = 20.792 ms, UpperFence = 21.533 ms
ConfidenceInterval = [20.791 ms; 21.548 ms] (CI 99.9%), Margin = 0.378 ms (1.79% of Mean)
Skewness = 0.28, Kurtosis = 1.79, MValue = 2
-------------------- Histogram --------------------
[20.796 ms ; 21.643 ms) | @@@@@@@@
---------------------------------------------------

// * Summary *

BenchmarkDotNet v0.15.8, Linux Ubuntu 24.04.4 LTS (Noble Numbat)
INTEL XEON PLATINUM 8573C 2.30GHz, 1 CPU, 4 logical and 2 physical cores
.NET SDK 10.0.302
  [Host] : .NET 10.0.10 (10.0.10, 10.0.1026.32716), X64 RyuJIT x86-64-v4
  Quick  : .NET 10.0.10 (10.0.10, 10.0.1026.32716), X64 RyuJIT x86-64-v4

Job=Quick  MaxRelativeError=0.05  Arguments=/p:MatrixMode=Benchmark  
IterationTime=250ms  MaxIterationCount=12  MaxWarmupIterationCount=5  
MinIterationCount=8  MinWarmupIterationCount=3  

| Method     | Mean     | Error    | StdDev   | Allocated  |
|----------- |---------:|---------:|---------:|-----------:|
| AutoMapper | 11.72 ms | 0.135 ms | 0.071 ms |  623.51 KB |
| Mapster    | 21.17 ms | 0.378 ms | 0.198 ms | 2653.49 KB |

// * Legends *
  Mean      : Arithmetic mean of all measurements
  Error     : Half of 99.9% confidence interval
  StdDev    : Standard deviation of all measurements
  Allocated : Allocated memory per single operation (managed only, inclusive, 1KB = 1024B)
  1 ms      : 1 Millisecond (0.001 sec)

// * Diagnostic Output - MemoryDiagnoser *


// ***** BenchmarkRunner: End *****
Run time: 00:00:08 (8.65 sec), executed benchmarks: 2

// Found 4 benchmarks:
//   SimpleObject.AutoMapper: Quick(MaxRelativeError=0.05, Arguments=/p:MatrixMode=Benchmark, IterationTime=250ms, MaxIterationCount=12, MaxWarmupIterationCount=5, MinIterationCount=8, MinWarmupIterationCount=3)
//   SimpleObject.HandCoded: Quick(MaxRelativeError=0.05, Arguments=/p:MatrixMode=Benchmark, IterationTime=250ms, MaxIterationCount=12, MaxWarmupIterationCount=5, MinIterationCount=8, MinWarmupIterationCount=3)
//   SimpleObject.Mapperly: Quick(MaxRelativeError=0.05, Arguments=/p:MatrixMode=Benchmark, IterationTime=250ms, MaxIterationCount=12, MaxWarmupIterationCount=5, MinIterationCount=8, MinWarmupIterationCount=3)
//   SimpleObject.Mapster: Quick(MaxRelativeError=0.05, Arguments=/p:MatrixMode=Benchmark, IterationTime=250ms, MaxIterationCount=12, MaxWarmupIterationCount=5, MinIterationCount=8, MinWarmupIterationCount=3)

// **************************
// Benchmark: SimpleObject.AutoMapper: Quick(MaxRelativeError=0.05, Arguments=/p:MatrixMode=Benchmark, IterationTime=250ms, MaxIterationCount=12, MaxWarmupIterationCount=5, MinIterationCount=8, MinWarmupIterationCount=3)
// *** Execute ***
// Launch: 1 / 1
// Execute: dotnet Matrix.ObjectMapping-Quick-1.dll --anonymousPipes 125 126 --benchmarkName Matrix.ObjectMapping.Benchmarks.SimpleObject.AutoMapper --job Quick --benchmarkId 34 in /home/runner/work/dotnet-matrix/dotnet-matrix/src/Matrix.ObjectMapping/bin/Benchmark/Release/net10.0/Matrix.ObjectMapping-Quick-1/bin/Release/net10.0
// Failed to set up high priority (Permission denied). In order to run benchmarks with high priority, make sure you have the right permissions.
// BeforeAnythingElse

// Benchmark Process Environment Information:
// BenchmarkDotNet v0.15.8
// Runtime=.NET 10.0.10 (10.0.10, 10.0.1026.32716), X64 RyuJIT x86-64-v4
// GC=Concurrent Workstation
// HardwareIntrinsics=AVX512 BITALG+VBMI2+VNNI+VPOPCNTDQ,AVX512 IFMA+VBMI,AVX512 F+BW+CD+DQ+VL,AVX2+BMI1+BMI2+F16C+FMA+LZCNT+MOVBE,AVX,SSE3+SSSE3+SSE4.1+SSE4.2+POPCNT,X86Base+SSE+SSE2,AES+PCLMUL,AvxVnni,SERIALIZE VectorSize=256
// Job: Quick(MaxRelativeError=0.05, IterationTime=250ms, MaxIterationCount=12, MaxWarmupIterationCount=5, MinIterationCount=8, MinWarmupIterationCount=3)

OverheadJitting  1: 1 op, 192225.00 ns, 192.2250 us/op
WorkloadJitting  1: 1 op, 1378576.00 ns, 1.3786 ms/op

OverheadJitting  2: 16 op, 429601.00 ns, 26.8501 us/op
WorkloadJitting  2: 16 op, 721311.00 ns, 45.0819 us/op

WorkloadPilot    1: 16 op, 12456.00 ns, 778.5000 ns/op
WorkloadPilot    2: 321136 op, 65549389.00 ns, 204.1172 ns/op
WorkloadPilot    3: 1224800 op, 126540479.00 ns, 103.3152 ns/op
WorkloadPilot    4: 2419792 op, 120082204.00 ns, 49.6250 ns/op
WorkloadPilot    5: 5037792 op, 237906401.00 ns, 47.2243 ns/op
WorkloadPilot    6: 5293888 op, 246764477.00 ns, 46.6131 ns/op
WorkloadPilot    7: 5363312 op, 246703026.00 ns, 45.9983 ns/op
WorkloadPilot    8: 5434992 op, 250543553.00 ns, 46.0982 ns/op
WorkloadPilot    9: 5423216 op, 250676478.00 ns, 46.2228 ns/op
WorkloadPilot   10: 5408592 op, 250471898.00 ns, 46.3100 ns/op

OverheadWarmup   1: 5408592 op, 26000746.00 ns, 4.8073 ns/op
OverheadWarmup   2: 5408592 op, 25947810.00 ns, 4.7975 ns/op
OverheadWarmup   3: 5408592 op, 25953223.00 ns, 4.7985 ns/op
OverheadWarmup   4: 5408592 op, 25980105.00 ns, 4.8035 ns/op
OverheadWarmup   5: 5408592 op, 25956252.00 ns, 4.7991 ns/op
OverheadWarmup   6: 5408592 op, 25860569.00 ns, 4.7814 ns/op
OverheadWarmup   7: 5408592 op, 25888753.00 ns, 4.7866 ns/op
OverheadWarmup   8: 5408592 op, 25825143.00 ns, 4.7748 ns/op

OverheadActual   1: 5408592 op, 25945067.00 ns, 4.7970 ns/op
OverheadActual   2: 5408592 op, 25857238.00 ns, 4.7808 ns/op
OverheadActual   3: 5408592 op, 25965972.00 ns, 4.8009 ns/op
OverheadActual   4: 5408592 op, 25980489.00 ns, 4.8036 ns/op
OverheadActual   5: 5408592 op, 25764193.00 ns, 4.7636 ns/op
OverheadActual   6: 5408592 op, 25971973.00 ns, 4.8020 ns/op
OverheadActual   7: 5408592 op, 26130869.00 ns, 4.8314 ns/op
OverheadActual   8: 5408592 op, 25919107.00 ns, 4.7922 ns/op

WorkloadWarmup   1: 5408592 op, 281376380.00 ns, 52.0240 ns/op
WorkloadWarmup   2: 5408592 op, 252191533.00 ns, 46.6279 ns/op
WorkloadWarmup   3: 5408592 op, 253167014.00 ns, 46.8083 ns/op
WorkloadWarmup   4: 5408592 op, 251363170.00 ns, 46.4748 ns/op
WorkloadWarmup   5: 5408592 op, 252781582.00 ns, 46.7370 ns/op

// BeforeActualRun
WorkloadActual   1: 5408592 op, 252370680.00 ns, 46.6611 ns/op
WorkloadActual   2: 5408592 op, 250898052.00 ns, 46.3888 ns/op
WorkloadActual   3: 5408592 op, 252689044.00 ns, 46.7199 ns/op
WorkloadActual   4: 5408592 op, 252672013.00 ns, 46.7168 ns/op
WorkloadActual   5: 5408592 op, 251413064.00 ns, 46.4840 ns/op
WorkloadActual   6: 5408592 op, 251435517.00 ns, 46.4882 ns/op
WorkloadActual   7: 5408592 op, 249164639.00 ns, 46.0683 ns/op
WorkloadActual   8: 5408592 op, 247917646.00 ns, 45.8377 ns/op

// AfterActualRun
WorkloadResult   1: 5408592 op, 226415160.50 ns, 41.8621 ns/op
WorkloadResult   2: 5408592 op, 224942532.50 ns, 41.5899 ns/op
WorkloadResult   3: 5408592 op, 226733524.50 ns, 41.9210 ns/op
WorkloadResult   4: 5408592 op, 226716493.50 ns, 41.9178 ns/op
WorkloadResult   5: 5408592 op, 225457544.50 ns, 41.6851 ns/op
WorkloadResult   6: 5408592 op, 225479997.50 ns, 41.6892 ns/op
WorkloadResult   7: 5408592 op, 223209119.50 ns, 41.2694 ns/op
WorkloadResult   8: 5408592 op, 221962126.50 ns, 41.0388 ns/op
// GC:  3 0 0 302881152 5408592
// Threading:  0 0 5408592

// AfterAll
// Benchmark Process 4273 has exited with code 0.

Mean = 41.622 ns, StdErr = 0.112 ns (0.27%), N = 8, StdDev = 0.318 ns
Min = 41.039 ns, Q1 = 41.510 ns, Median = 41.687 ns, Q3 = 41.876 ns, Max = 41.921 ns
IQR = 0.366 ns, LowerFence = 40.960 ns, UpperFence = 42.426 ns
ConfidenceInterval = [41.013 ns; 42.230 ns] (CI 99.9%), Margin = 0.608 ns (1.46% of Mean)
Skewness = -0.68, Kurtosis = 1.83, MValue = 2

// ** Remained 3 (7.9 %) benchmark(s) to run. Estimated finish 2026-08-04 6:44 (0h 0m from now) **
// **************************
// Benchmark: SimpleObject.HandCoded: Quick(MaxRelativeError=0.05, Arguments=/p:MatrixMode=Benchmark, IterationTime=250ms, MaxIterationCount=12, MaxWarmupIterationCount=5, MinIterationCount=8, MinWarmupIterationCount=3)
// *** Execute ***
// Launch: 1 / 1
// Execute: dotnet Matrix.ObjectMapping-Quick-1.dll --anonymousPipes 125 126 --benchmarkName Matrix.ObjectMapping.Benchmarks.SimpleObject.HandCoded --job Quick --benchmarkId 35 in /home/runner/work/dotnet-matrix/dotnet-matrix/src/Matrix.ObjectMapping/bin/Benchmark/Release/net10.0/Matrix.ObjectMapping-Quick-1/bin/Release/net10.0
// Failed to set up high priority (Permission denied). In order to run benchmarks with high priority, make sure you have the right permissions.
// BeforeAnythingElse

// Benchmark Process Environment Information:
// BenchmarkDotNet v0.15.8
// Runtime=.NET 10.0.10 (10.0.10, 10.0.1026.32716), X64 RyuJIT x86-64-v4
// GC=Concurrent Workstation
// HardwareIntrinsics=AVX512 BITALG+VBMI2+VNNI+VPOPCNTDQ,AVX512 IFMA+VBMI,AVX512 F+BW+CD+DQ+VL,AVX2+BMI1+BMI2+F16C+FMA+LZCNT+MOVBE,AVX,SSE3+SSSE3+SSE4.1+SSE4.2+POPCNT,X86Base+SSE+SSE2,AES+PCLMUL,AvxVnni,SERIALIZE VectorSize=256
// Job: Quick(MaxRelativeError=0.05, IterationTime=250ms, MaxIterationCount=12, MaxWarmupIterationCount=5, MinIterationCount=8, MinWarmupIterationCount=3)

OverheadJitting  1: 1 op, 220845.00 ns, 220.8450 us/op
WorkloadJitting  1: 1 op, 405967.00 ns, 405.9670 us/op

OverheadJitting  2: 16 op, 410847.00 ns, 25.6779 us/op
WorkloadJitting  2: 16 op, 461133.00 ns, 28.8208 us/op

WorkloadPilot    1: 16 op, 3153.00 ns, 197.0625 ns/op
WorkloadPilot    2: 1268640 op, 59055406.00 ns, 46.5502 ns/op
WorkloadPilot    3: 5370560 op, 109429543.00 ns, 20.3758 ns/op
WorkloadPilot    4: 12269456 op, 151604239.00 ns, 12.3562 ns/op
WorkloadPilot    5: 20232720 op, 255105482.00 ns, 12.6086 ns/op
WorkloadPilot    6: 19827808 op, 251670761.00 ns, 12.6928 ns/op
WorkloadPilot    7: 19696192 op, 244181002.00 ns, 12.3974 ns/op
WorkloadPilot    8: 20165568 op, 250188923.00 ns, 12.4067 ns/op

OverheadWarmup   1: 20165568 op, 90410865.00 ns, 4.4834 ns/op
OverheadWarmup   2: 20165568 op, 90233346.00 ns, 4.4746 ns/op
OverheadWarmup   3: 20165568 op, 82544967.00 ns, 4.0934 ns/op
OverheadWarmup   4: 20165568 op, 79384939.00 ns, 3.9367 ns/op
OverheadWarmup   5: 20165568 op, 79255851.00 ns, 3.9303 ns/op
OverheadWarmup   6: 20165568 op, 79690949.00 ns, 3.9518 ns/op
OverheadWarmup   7: 20165568 op, 79741107.00 ns, 3.9543 ns/op
OverheadWarmup   8: 20165568 op, 78863144.00 ns, 3.9108 ns/op
OverheadWarmup   9: 20165568 op, 78978503.00 ns, 3.9165 ns/op
OverheadWarmup  10: 20165568 op, 79315869.00 ns, 3.9332 ns/op

OverheadActual   1: 20165568 op, 79510754.00 ns, 3.9429 ns/op
OverheadActual   2: 20165568 op, 79509722.00 ns, 3.9428 ns/op
OverheadActual   3: 20165568 op, 79662052.00 ns, 3.9504 ns/op
OverheadActual   4: 20165568 op, 79862021.00 ns, 3.9603 ns/op
OverheadActual   5: 20165568 op, 79045566.00 ns, 3.9198 ns/op
OverheadActual   6: 20165568 op, 79102195.00 ns, 3.9226 ns/op
OverheadActual   7: 20165568 op, 79466368.00 ns, 3.9407 ns/op
OverheadActual   8: 20165568 op, 79924531.00 ns, 3.9634 ns/op

WorkloadWarmup   1: 20165568 op, 285503889.00 ns, 14.1580 ns/op
WorkloadWarmup   2: 20165568 op, 258872340.00 ns, 12.8373 ns/op
WorkloadWarmup   3: 20165568 op, 250103690.00 ns, 12.4025 ns/op
WorkloadWarmup   4: 20165568 op, 248224319.00 ns, 12.3093 ns/op
WorkloadWarmup   5: 20165568 op, 250320382.00 ns, 12.4133 ns/op

// BeforeActualRun
WorkloadActual   1: 20165568 op, 253192524.00 ns, 12.5557 ns/op
WorkloadActual   2: 20165568 op, 256485102.00 ns, 12.7190 ns/op
WorkloadActual   3: 20165568 op, 250233756.00 ns, 12.4090 ns/op
WorkloadActual   4: 20165568 op, 248517975.00 ns, 12.3239 ns/op
WorkloadActual   5: 20165568 op, 251747605.00 ns, 12.4840 ns/op
WorkloadActual   6: 20165568 op, 250277802.00 ns, 12.4111 ns/op
WorkloadActual   7: 20165568 op, 252723629.00 ns, 12.5324 ns/op
WorkloadActual   8: 20165568 op, 254022159.00 ns, 12.5968 ns/op

// AfterActualRun
WorkloadResult   1: 20165568 op, 173682286.00 ns, 8.6128 ns/op
WorkloadResult   2: 20165568 op, 176974864.00 ns, 8.7761 ns/op
WorkloadResult   3: 20165568 op, 170723518.00 ns, 8.4661 ns/op
WorkloadResult   4: 20165568 op, 169007737.00 ns, 8.3810 ns/op
WorkloadResult   5: 20165568 op, 172237367.00 ns, 8.5412 ns/op
WorkloadResult   6: 20165568 op, 170767564.00 ns, 8.4683 ns/op
WorkloadResult   7: 20165568 op, 173213391.00 ns, 8.5896 ns/op
WorkloadResult   8: 20165568 op, 174511921.00 ns, 8.6540 ns/op
// GC:  13 0 0 1129271808 20165568
// Threading:  0 0 20165568

// AfterAll
// Benchmark Process 4285 has exited with code 0.

Mean = 8.561 ns, StdErr = 0.044 ns (0.51%), N = 8, StdDev = 0.125 ns
Min = 8.381 ns, Q1 = 8.468 ns, Median = 8.565 ns, Q3 = 8.623 ns, Max = 8.776 ns
IQR = 0.155 ns, LowerFence = 8.235 ns, UpperFence = 8.856 ns
ConfidenceInterval = [8.323 ns; 8.799 ns] (CI 99.9%), Margin = 0.238 ns (2.78% of Mean)
Skewness = 0.22, Kurtosis = 1.77, MValue = 2

// ** Remained 2 (5.3 %) benchmark(s) to run. Estimated finish 2026-08-04 6:44 (0h 0m from now) **
// **************************
// Benchmark: SimpleObject.Mapperly: Quick(MaxRelativeError=0.05, Arguments=/p:MatrixMode=Benchmark, IterationTime=250ms, MaxIterationCount=12, MaxWarmupIterationCount=5, MinIterationCount=8, MinWarmupIterationCount=3)
// *** Execute ***
// Launch: 1 / 1
// Execute: dotnet Matrix.ObjectMapping-Quick-1.dll --anonymousPipes 125 126 --benchmarkName Matrix.ObjectMapping.Benchmarks.SimpleObject.Mapperly --job Quick --benchmarkId 36 in /home/runner/work/dotnet-matrix/dotnet-matrix/src/Matrix.ObjectMapping/bin/Benchmark/Release/net10.0/Matrix.ObjectMapping-Quick-1/bin/Release/net10.0
// Failed to set up high priority (Permission denied). In order to run benchmarks with high priority, make sure you have the right permissions.
// BeforeAnythingElse

// Benchmark Process Environment Information:
// BenchmarkDotNet v0.15.8
// Runtime=.NET 10.0.10 (10.0.10, 10.0.1026.32716), X64 RyuJIT x86-64-v4
// GC=Concurrent Workstation
// HardwareIntrinsics=AVX512 BITALG+VBMI2+VNNI+VPOPCNTDQ,AVX512 IFMA+VBMI,AVX512 F+BW+CD+DQ+VL,AVX2+BMI1+BMI2+F16C+FMA+LZCNT+MOVBE,AVX,SSE3+SSSE3+SSE4.1+SSE4.2+POPCNT,X86Base+SSE+SSE2,AES+PCLMUL,AvxVnni,SERIALIZE VectorSize=256
// Job: Quick(MaxRelativeError=0.05, IterationTime=250ms, MaxIterationCount=12, MaxWarmupIterationCount=5, MinIterationCount=8, MinWarmupIterationCount=3)

OverheadJitting  1: 1 op, 206894.00 ns, 206.8940 us/op
WorkloadJitting  1: 1 op, 417304.00 ns, 417.3040 us/op

OverheadJitting  2: 16 op, 418526.00 ns, 26.1579 us/op
WorkloadJitting  2: 16 op, 470830.00 ns, 29.4269 us/op

WorkloadPilot    1: 16 op, 4778.00 ns, 298.6250 ns/op
WorkloadPilot    2: 837184 op, 39261435.00 ns, 46.8970 ns/op
WorkloadPilot    3: 5330832 op, 115290064.00 ns, 21.6270 ns/op
WorkloadPilot    4: 11559616 op, 129037465.00 ns, 11.1628 ns/op
WorkloadPilot    5: 22395856 op, 249106551.00 ns, 11.1229 ns/op
WorkloadPilot    6: 22476192 op, 248171318.00 ns, 11.0415 ns/op
WorkloadPilot    7: 22641824 op, 244738781.00 ns, 10.8091 ns/op
WorkloadPilot    8: 23128576 op, 258218361.00 ns, 11.1645 ns/op
WorkloadPilot    9: 22392464 op, 254934705.00 ns, 11.3848 ns/op
WorkloadPilot   10: 21959024 op, 238477478.00 ns, 10.8601 ns/op
WorkloadPilot   11: 23020032 op, 249540915.00 ns, 10.8402 ns/op
WorkloadPilot   12: 23062384 op, 251589296.00 ns, 10.9091 ns/op

OverheadWarmup   1: 23062384 op, 103735250.00 ns, 4.4980 ns/op
OverheadWarmup   2: 23062384 op, 101874651.00 ns, 4.4174 ns/op
OverheadWarmup   3: 23062384 op, 90879839.00 ns, 3.9406 ns/op
OverheadWarmup   4: 23062384 op, 90454838.00 ns, 3.9222 ns/op
OverheadWarmup   5: 23062384 op, 91066143.00 ns, 3.9487 ns/op
OverheadWarmup   6: 23062384 op, 90670234.00 ns, 3.9315 ns/op
OverheadWarmup   7: 23062384 op, 89866201.00 ns, 3.8967 ns/op
OverheadWarmup   8: 23062384 op, 90688482.00 ns, 3.9323 ns/op
OverheadWarmup   9: 23062384 op, 90794339.00 ns, 3.9369 ns/op
OverheadWarmup  10: 23062384 op, 91983617.00 ns, 3.9885 ns/op

OverheadActual   1: 23062384 op, 90885047.00 ns, 3.9408 ns/op
OverheadActual   2: 23062384 op, 91087414.00 ns, 3.9496 ns/op
OverheadActual   3: 23062384 op, 90748750.00 ns, 3.9349 ns/op
OverheadActual   4: 23062384 op, 89463692.00 ns, 3.8792 ns/op
OverheadActual   5: 23062384 op, 90554574.00 ns, 3.9265 ns/op
OverheadActual   6: 23062384 op, 91113586.00 ns, 3.9507 ns/op
OverheadActual   7: 23062384 op, 90801647.00 ns, 3.9372 ns/op
OverheadActual   8: 23062384 op, 90696905.00 ns, 3.9327 ns/op

WorkloadWarmup   1: 23062384 op, 292588474.00 ns, 12.6868 ns/op
WorkloadWarmup   2: 23062384 op, 256539958.00 ns, 11.1237 ns/op
WorkloadWarmup   3: 23062384 op, 258040636.00 ns, 11.1888 ns/op
WorkloadWarmup   4: 23062384 op, 253621485.00 ns, 10.9972 ns/op
WorkloadWarmup   5: 23062384 op, 254749237.00 ns, 11.0461 ns/op

// BeforeActualRun
WorkloadActual   1: 23062384 op, 262100460.00 ns, 11.3648 ns/op
WorkloadActual   2: 23062384 op, 258053273.00 ns, 11.1894 ns/op
WorkloadActual   3: 23062384 op, 251351926.00 ns, 10.8988 ns/op
WorkloadActual   4: 23062384 op, 258229907.00 ns, 11.1970 ns/op
WorkloadActual   5: 23062384 op, 258751932.00 ns, 11.2197 ns/op
WorkloadActual   6: 23062384 op, 257432189.00 ns, 11.1624 ns/op
WorkloadActual   7: 23062384 op, 256273324.00 ns, 11.1122 ns/op
WorkloadActual   8: 23062384 op, 255117733.00 ns, 11.0621 ns/op

// AfterActualRun
WorkloadResult   1: 23062384 op, 167278074.50 ns, 7.2533 ns/op
WorkloadResult   2: 23062384 op, 160576727.50 ns, 6.9627 ns/op
WorkloadResult   3: 23062384 op, 167454708.50 ns, 7.2609 ns/op
WorkloadResult   4: 23062384 op, 167976733.50 ns, 7.2836 ns/op
WorkloadResult   5: 23062384 op, 166656990.50 ns, 7.2264 ns/op
WorkloadResult   6: 23062384 op, 165498125.50 ns, 7.1761 ns/op
WorkloadResult   7: 23062384 op, 164342534.50 ns, 7.1260 ns/op
// GC:  15 0 0 1291493504 23062384
// Threading:  0 0 23062384

// AfterAll
// Benchmark Process 4296 has exited with code 0.

Mean = 7.184 ns, StdErr = 0.042 ns (0.59%), N = 7, StdDev = 0.112 ns
Min = 6.963 ns, Q1 = 7.151 ns, Median = 7.226 ns, Q3 = 7.257 ns, Max = 7.284 ns
IQR = 0.106 ns, LowerFence = 6.992 ns, UpperFence = 7.416 ns
ConfidenceInterval = [6.933 ns; 7.436 ns] (CI 99.9%), Margin = 0.252 ns (3.50% of Mean)
Skewness = -0.94, Kurtosis = 2.36, MValue = 2

// ** Remained 1 (2.6 %) benchmark(s) to run. Estimated finish 2026-08-04 6:44 (0h 0m from now) **
// **************************
// Benchmark: SimpleObject.Mapster: Quick(MaxRelativeError=0.05, Arguments=/p:MatrixMode=Benchmark, IterationTime=250ms, MaxIterationCount=12, MaxWarmupIterationCount=5, MinIterationCount=8, MinWarmupIterationCount=3)
// *** Execute ***
// Launch: 1 / 1
// Execute: dotnet Matrix.ObjectMapping-Quick-1.dll --anonymousPipes 125 126 --benchmarkName Matrix.ObjectMapping.Benchmarks.SimpleObject.Mapster --job Quick --benchmarkId 37 in /home/runner/work/dotnet-matrix/dotnet-matrix/src/Matrix.ObjectMapping/bin/Benchmark/Release/net10.0/Matrix.ObjectMapping-Quick-1/bin/Release/net10.0
// Failed to set up high priority (Permission denied). In order to run benchmarks with high priority, make sure you have the right permissions.
// BeforeAnythingElse

// Benchmark Process Environment Information:
// BenchmarkDotNet v0.15.8
// Runtime=.NET 10.0.10 (10.0.10, 10.0.1026.32716), X64 RyuJIT x86-64-v4
// GC=Concurrent Workstation
// HardwareIntrinsics=AVX512 BITALG+VBMI2+VNNI+VPOPCNTDQ,AVX512 IFMA+VBMI,AVX512 F+BW+CD+DQ+VL,AVX2+BMI1+BMI2+F16C+FMA+LZCNT+MOVBE,AVX,SSE3+SSSE3+SSE4.1+SSE4.2+POPCNT,X86Base+SSE+SSE2,AES+PCLMUL,AvxVnni,SERIALIZE VectorSize=256
// Job: Quick(MaxRelativeError=0.05, IterationTime=250ms, MaxIterationCount=12, MaxWarmupIterationCount=5, MinIterationCount=8, MinWarmupIterationCount=3)

OverheadJitting  1: 1 op, 210668.00 ns, 210.6680 us/op
WorkloadJitting  1: 1 op, 2112960.00 ns, 2.1130 ms/op

OverheadJitting  2: 16 op, 414347.00 ns, 25.8967 us/op
WorkloadJitting  2: 16 op, 427587.00 ns, 26.7242 us/op

WorkloadPilot    1: 16 op, 5874.00 ns, 367.1250 ns/op
WorkloadPilot    2: 680976 op, 64062762.00 ns, 94.0749 ns/op
WorkloadPilot    3: 2657456 op, 113882949.00 ns, 42.8541 ns/op
WorkloadPilot    4: 5833744 op, 115790093.00 ns, 19.8483 ns/op
WorkloadPilot    5: 12595520 op, 239164392.00 ns, 18.9881 ns/op
WorkloadPilot    6: 13166176 op, 245942940.00 ns, 18.6799 ns/op
WorkloadPilot    7: 13383376 op, 252490789.00 ns, 18.8660 ns/op
WorkloadPilot    8: 13251360 op, 251860051.00 ns, 19.0064 ns/op
WorkloadPilot    9: 13153504 op, 250603714.00 ns, 19.0522 ns/op

OverheadWarmup   1: 13153504 op, 60230557.00 ns, 4.5791 ns/op
OverheadWarmup   2: 13153504 op, 59933415.00 ns, 4.5565 ns/op
OverheadWarmup   3: 13153504 op, 59353539.00 ns, 4.5124 ns/op
OverheadWarmup   4: 13153504 op, 55563077.00 ns, 4.2242 ns/op
OverheadWarmup   5: 13153504 op, 51277873.00 ns, 3.8984 ns/op
OverheadWarmup   6: 13153504 op, 51246550.00 ns, 3.8960 ns/op
OverheadWarmup   7: 13153504 op, 51458880.00 ns, 3.9122 ns/op
OverheadWarmup   8: 13153504 op, 51649976.00 ns, 3.9267 ns/op
OverheadWarmup   9: 13153504 op, 52654637.00 ns, 4.0031 ns/op
OverheadWarmup  10: 13153504 op, 51487629.00 ns, 3.9144 ns/op

OverheadActual   1: 13153504 op, 51468645.00 ns, 3.9129 ns/op
OverheadActual   2: 13153504 op, 51501211.00 ns, 3.9154 ns/op
OverheadActual   3: 13153504 op, 51518944.00 ns, 3.9167 ns/op
OverheadActual   4: 13153504 op, 51364046.00 ns, 3.9050 ns/op
OverheadActual   5: 13153504 op, 51403237.00 ns, 3.9080 ns/op
OverheadActual   6: 13153504 op, 51213970.00 ns, 3.8936 ns/op
OverheadActual   7: 13153504 op, 51250748.00 ns, 3.8964 ns/op
OverheadActual   8: 13153504 op, 51256960.00 ns, 3.8968 ns/op

WorkloadWarmup   1: 13153504 op, 286919412.00 ns, 21.8132 ns/op
WorkloadWarmup   2: 13153504 op, 247604667.00 ns, 18.8242 ns/op
WorkloadWarmup   3: 13153504 op, 246621983.00 ns, 18.7495 ns/op
WorkloadWarmup   4: 13153504 op, 243042557.00 ns, 18.4774 ns/op
WorkloadWarmup   5: 13153504 op, 244690760.00 ns, 18.6027 ns/op

// BeforeActualRun
WorkloadActual   1: 13153504 op, 247887359.00 ns, 18.8457 ns/op
WorkloadActual   2: 13153504 op, 244220012.00 ns, 18.5669 ns/op
WorkloadActual   3: 13153504 op, 245916623.00 ns, 18.6959 ns/op
WorkloadActual   4: 13153504 op, 243842617.00 ns, 18.5382 ns/op
WorkloadActual   5: 13153504 op, 244810548.00 ns, 18.6118 ns/op
WorkloadActual   6: 13153504 op, 243606945.00 ns, 18.5203 ns/op
WorkloadActual   7: 13153504 op, 244523411.00 ns, 18.5900 ns/op
WorkloadActual   8: 13153504 op, 243539567.00 ns, 18.5152 ns/op

// AfterActualRun
WorkloadResult   1: 13153504 op, 192836370.50 ns, 14.6605 ns/op
WorkloadResult   2: 13153504 op, 194532981.50 ns, 14.7894 ns/op
WorkloadResult   3: 13153504 op, 192458975.50 ns, 14.6318 ns/op
WorkloadResult   4: 13153504 op, 193426906.50 ns, 14.7054 ns/op
WorkloadResult   5: 13153504 op, 192223303.50 ns, 14.6138 ns/op
WorkloadResult   6: 13153504 op, 193139769.50 ns, 14.6835 ns/op
WorkloadResult   7: 13153504 op, 192155925.50 ns, 14.6087 ns/op
// GC:  8 0 0 736596224 13153504
// Threading:  0 0 13153504

// AfterAll
// Benchmark Process 4309 has exited with code 0.

Mean = 14.670 ns, StdErr = 0.024 ns (0.16%), N = 7, StdDev = 0.063 ns
Min = 14.609 ns, Q1 = 14.623 ns, Median = 14.660 ns, Q3 = 14.694 ns, Max = 14.789 ns
IQR = 0.072 ns, LowerFence = 14.515 ns, UpperFence = 14.802 ns
ConfidenceInterval = [14.528 ns; 14.813 ns] (CI 99.9%), Margin = 0.143 ns (0.97% of Mean)
Skewness = 0.7, Kurtosis = 2.02, MValue = 2

// ** Remained 0 (0.0 %) benchmark(s) to run. Estimated finish 2026-08-04 6:44 (0h 0m from now) **
// ***** BenchmarkRunner: Finish  *****

// * Export *
  tmp/dotnet-matrix/ObjectMapping/8d220c999547463fb13173176bcb2803/results/Matrix.ObjectMapping.Benchmarks.SimpleObject-report.csv
  tmp/dotnet-matrix/ObjectMapping/8d220c999547463fb13173176bcb2803/results/Matrix.ObjectMapping.Benchmarks.SimpleObject-report-github.md
  tmp/dotnet-matrix/ObjectMapping/8d220c999547463fb13173176bcb2803/results/Matrix.ObjectMapping.Benchmarks.SimpleObject-report.html
  tmp/dotnet-matrix/ObjectMapping/8d220c999547463fb13173176bcb2803/results/Matrix.ObjectMapping.Benchmarks.SimpleObject-report-full.json

// * Detailed results *
SimpleObject.Mapperly: Quick(MaxRelativeError=0.05, Arguments=/p:MatrixMode=Benchmark, IterationTime=250ms, MaxIterationCount=12, MaxWarmupIterationCount=5, MinIterationCount=8, MinWarmupIterationCount=3)
Runtime = .NET 10.0.10 (10.0.10, 10.0.1026.32716), X64 RyuJIT x86-64-v4; GC = Concurrent Workstation
Mean = 7.184 ns, StdErr = 0.042 ns (0.59%), N = 7, StdDev = 0.112 ns
Min = 6.963 ns, Q1 = 7.151 ns, Median = 7.226 ns, Q3 = 7.257 ns, Max = 7.284 ns
IQR = 0.106 ns, LowerFence = 6.992 ns, UpperFence = 7.416 ns
ConfidenceInterval = [6.933 ns; 7.436 ns] (CI 99.9%), Margin = 0.252 ns (3.50% of Mean)
Skewness = -0.94, Kurtosis = 2.36, MValue = 2
-------------------- Histogram --------------------
[6.886 ns ; 7.039 ns) | @
[7.039 ns ; 7.306 ns) | @@@@@@
---------------------------------------------------

SimpleObject.HandCoded: Quick(MaxRelativeError=0.05, Arguments=/p:MatrixMode=Benchmark, IterationTime=250ms, MaxIterationCount=12, MaxWarmupIterationCount=5, MinIterationCount=8, MinWarmupIterationCount=3)
Runtime = .NET 10.0.10 (10.0.10, 10.0.1026.32716), X64 RyuJIT x86-64-v4; GC = Concurrent Workstation
Mean = 8.561 ns, StdErr = 0.044 ns (0.51%), N = 8, StdDev = 0.125 ns
Min = 8.381 ns, Q1 = 8.468 ns, Median = 8.565 ns, Q3 = 8.623 ns, Max = 8.776 ns
IQR = 0.155 ns, LowerFence = 8.235 ns, UpperFence = 8.856 ns
ConfidenceInterval = [8.323 ns; 8.799 ns] (CI 99.9%), Margin = 0.238 ns (2.78% of Mean)
Skewness = 0.22, Kurtosis = 1.77, MValue = 2
-------------------- Histogram --------------------
[8.299 ns ; 8.625 ns) | @@@@@@
[8.625 ns ; 8.802 ns) | @@
---------------------------------------------------

SimpleObject.Mapster: Quick(MaxRelativeError=0.05, Arguments=/p:MatrixMode=Benchmark, IterationTime=250ms, MaxIterationCount=12, MaxWarmupIterationCount=5, MinIterationCount=8, MinWarmupIterationCount=3)
Runtime = .NET 10.0.10 (10.0.10, 10.0.1026.32716), X64 RyuJIT x86-64-v4; GC = Concurrent Workstation
Mean = 14.670 ns, StdErr = 0.024 ns (0.16%), N = 7, StdDev = 0.063 ns
Min = 14.609 ns, Q1 = 14.623 ns, Median = 14.660 ns, Q3 = 14.694 ns, Max = 14.789 ns
IQR = 0.072 ns, LowerFence = 14.515 ns, UpperFence = 14.802 ns
ConfidenceInterval = [14.528 ns; 14.813 ns] (CI 99.9%), Margin = 0.143 ns (0.97% of Mean)
Skewness = 0.7, Kurtosis = 2.02, MValue = 2
-------------------- Histogram --------------------
[14.565 ns ; 14.833 ns) | @@@@@@@
---------------------------------------------------

SimpleObject.AutoMapper: Quick(MaxRelativeError=0.05, Arguments=/p:MatrixMode=Benchmark, IterationTime=250ms, MaxIterationCount=12, MaxWarmupIterationCount=5, MinIterationCount=8, MinWarmupIterationCount=3)
Runtime = .NET 10.0.10 (10.0.10, 10.0.1026.32716), X64 RyuJIT x86-64-v4; GC = Concurrent Workstation
Mean = 41.622 ns, StdErr = 0.112 ns (0.27%), N = 8, StdDev = 0.318 ns
Min = 41.039 ns, Q1 = 41.510 ns, Median = 41.687 ns, Q3 = 41.876 ns, Max = 41.921 ns
IQR = 0.366 ns, LowerFence = 40.960 ns, UpperFence = 42.426 ns
ConfidenceInterval = [41.013 ns; 42.230 ns] (CI 99.9%), Margin = 0.608 ns (1.46% of Mean)
Skewness = -0.68, Kurtosis = 1.83, MValue = 2
-------------------- Histogram --------------------
[40.830 ns ; 42.130 ns) | @@@@@@@@
---------------------------------------------------

// * Summary *

BenchmarkDotNet v0.15.8, Linux Ubuntu 24.04.4 LTS (Noble Numbat)
INTEL XEON PLATINUM 8573C 2.30GHz, 1 CPU, 4 logical and 2 physical cores
.NET SDK 10.0.302
  [Host] : .NET 10.0.10 (10.0.10, 10.0.1026.32716), X64 RyuJIT x86-64-v4
  Quick  : .NET 10.0.10 (10.0.10, 10.0.1026.32716), X64 RyuJIT x86-64-v4

Job=Quick  MaxRelativeError=0.05  Arguments=/p:MatrixMode=Benchmark  
IterationTime=250ms  MaxIterationCount=12  MaxWarmupIterationCount=5  
MinIterationCount=8  MinWarmupIterationCount=3  

| Method     | Mean      | Error     | StdDev    | Ratio | RatioSD | Gen0   | Allocated | Alloc Ratio |
|----------- |----------:|----------:|----------:|------:|--------:|-------:|----------:|------------:|
| Mapperly   |  7.184 ns | 0.2515 ns | 0.1117 ns |  0.84 |    0.02 | 0.0007 |      56 B |        1.00 |
| HandCoded  |  8.561 ns | 0.2384 ns | 0.1247 ns |  1.00 |    0.02 | 0.0006 |      56 B |        1.00 |
| Mapster    | 14.670 ns | 0.1429 ns | 0.0635 ns |  1.71 |    0.02 | 0.0006 |      56 B |        1.00 |
| AutoMapper | 41.622 ns | 0.6083 ns | 0.3182 ns |  4.86 |    0.08 | 0.0006 |      56 B |        1.00 |

// * Hints *
Outliers
  SimpleObject.Mapperly: Quick -> 1 outlier  was  removed, 2 outliers were detected (10.90 ns, 11.36 ns)
  SimpleObject.Mapster: Quick  -> 1 outlier  was  removed (18.85 ns)

// * Legends *
  Mean        : Arithmetic mean of all measurements
  Error       : Half of 99.9% confidence interval
  StdDev      : Standard deviation of all measurements
  Ratio       : Mean of the ratio distribution ([Current]/[Baseline])
  RatioSD     : Standard deviation of the ratio distribution ([Current]/[Baseline])
  Gen0        : GC Generation 0 collects per 1000 operations
  Allocated   : Allocated memory per single operation (managed only, inclusive, 1KB = 1024B)
  Alloc Ratio : Allocated memory ratio distribution ([Current]/[Baseline])
  1 ns        : 1 Nanosecond (0.000000001 sec)

// * Diagnostic Output - MemoryDiagnoser *


// ***** BenchmarkRunner: End *****
Run time: 00:00:26 (26.6 sec), executed benchmarks: 4

Global total time: 00:04:10 (250.35 sec), executed benchmarks: 38
// * Artifacts cleanup *
Artifacts cleanup is finished
