// Validating benchmarks:
// ***** BenchmarkRunner: Start   *****
// ***** Found 38 benchmark(s) in total *****
// ***** Building 1 exe(s) in Parallel: Start   *****
// start dotnet  restore /p:MatrixMode=Benchmark --nodeReuse:false /p:UseSharedCompilation=false /p:Deterministic=true /p:Optimize=true /p:ArtifactsPath="/home/runner/work/dotnet-matrix/dotnet-matrix/src/Matrix.JsonSerialization/bin/Benchmark/Release/net10.0/Matrix.JsonSerialization-Quick-1/" /p:OutDir="/home/runner/work/dotnet-matrix/dotnet-matrix/src/Matrix.JsonSerialization/bin/Benchmark/Release/net10.0/Matrix.JsonSerialization-Quick-1/bin/Release/net10.0/" /p:OutputPath="/home/runner/work/dotnet-matrix/dotnet-matrix/src/Matrix.JsonSerialization/bin/Benchmark/Release/net10.0/Matrix.JsonSerialization-Quick-1/bin/Release/net10.0/" /p:PublishDir="/home/runner/work/dotnet-matrix/dotnet-matrix/src/Matrix.JsonSerialization/bin/Benchmark/Release/net10.0/Matrix.JsonSerialization-Quick-1/publish/" in /home/runner/work/dotnet-matrix/dotnet-matrix/src/Matrix.JsonSerialization/bin/Benchmark/Release/net10.0/Matrix.JsonSerialization-Quick-1
// command took 1.52 sec and exited with 0
// start dotnet  build -c Release /p:MatrixMode=Benchmark --no-restore --nodeReuse:false /p:UseSharedCompilation=false /p:Deterministic=true /p:Optimize=true /p:ArtifactsPath="/home/runner/work/dotnet-matrix/dotnet-matrix/src/Matrix.JsonSerialization/bin/Benchmark/Release/net10.0/Matrix.JsonSerialization-Quick-1/" /p:OutDir="/home/runner/work/dotnet-matrix/dotnet-matrix/src/Matrix.JsonSerialization/bin/Benchmark/Release/net10.0/Matrix.JsonSerialization-Quick-1/bin/Release/net10.0/" /p:OutputPath="/home/runner/work/dotnet-matrix/dotnet-matrix/src/Matrix.JsonSerialization/bin/Benchmark/Release/net10.0/Matrix.JsonSerialization-Quick-1/bin/Release/net10.0/" /p:PublishDir="/home/runner/work/dotnet-matrix/dotnet-matrix/src/Matrix.JsonSerialization/bin/Benchmark/Release/net10.0/Matrix.JsonSerialization-Quick-1/publish/" --output "/home/runner/work/dotnet-matrix/dotnet-matrix/src/Matrix.JsonSerialization/bin/Benchmark/Release/net10.0/Matrix.JsonSerialization-Quick-1/bin/Release/net10.0/" in /home/runner/work/dotnet-matrix/dotnet-matrix/src/Matrix.JsonSerialization/bin/Benchmark/Release/net10.0/Matrix.JsonSerialization-Quick-1
// command took 11.53 sec and exited with 0
// ***** Done, took 00:00:13 (13.13 sec)   *****
// Found 3 benchmarks:
//   CustomConverterRoundTrip.NewtonsoftJson: Quick(MaxRelativeError=0.05, Arguments=/p:MatrixMode=Benchmark, IterationTime=250ms, MaxIterationCount=12, MaxWarmupIterationCount=5, MinIterationCount=8, MinWarmupIterationCount=3)
//   CustomConverterRoundTrip.ServiceStackText: Quick(MaxRelativeError=0.05, Arguments=/p:MatrixMode=Benchmark, IterationTime=250ms, MaxIterationCount=12, MaxWarmupIterationCount=5, MinIterationCount=8, MinWarmupIterationCount=3)
//   CustomConverterRoundTrip.SystemTextJson: Quick(MaxRelativeError=0.05, Arguments=/p:MatrixMode=Benchmark, IterationTime=250ms, MaxIterationCount=12, MaxWarmupIterationCount=5, MinIterationCount=8, MinWarmupIterationCount=3)

// **************************
// Benchmark: CustomConverterRoundTrip.NewtonsoftJson: Quick(MaxRelativeError=0.05, Arguments=/p:MatrixMode=Benchmark, IterationTime=250ms, MaxIterationCount=12, MaxWarmupIterationCount=5, MinIterationCount=8, MinWarmupIterationCount=3)
// *** Execute ***
// Launch: 1 / 1
// Execute: dotnet Matrix.JsonSerialization-Quick-1.dll --anonymousPipes 125 126 --benchmarkName Matrix.JsonSerialization.Benchmarks.CustomConverterRoundTrip.NewtonsoftJson --job Quick --benchmarkId 0 in /home/runner/work/dotnet-matrix/dotnet-matrix/src/Matrix.JsonSerialization/bin/Benchmark/Release/net10.0/Matrix.JsonSerialization-Quick-1/bin/Release/net10.0
// Failed to set up high priority (Permission denied). In order to run benchmarks with high priority, make sure you have the right permissions.
// BeforeAnythingElse

// Benchmark Process Environment Information:
// BenchmarkDotNet v0.15.8
// Runtime=.NET 10.0.11 (10.0.11, 10.0.1126.37416), X64 RyuJIT x86-64-v3
// GC=Concurrent Workstation
// HardwareIntrinsics=AVX2+BMI1+BMI2+F16C+FMA+LZCNT+MOVBE,AVX,SSE3+SSSE3+SSE4.1+SSE4.2+POPCNT,X86Base+SSE+SSE2,AES+PCLMUL VectorSize=256
// Job: Quick(MaxRelativeError=0.05, IterationTime=250ms, MaxIterationCount=12, MaxWarmupIterationCount=5, MinIterationCount=8, MinWarmupIterationCount=3)

OverheadJitting  1: 1 op, 221548.00 ns, 221.5480 us/op
WorkloadJitting  1: 1 op, 66979921.00 ns, 66.9799 ms/op

WorkloadPilot    1: 4 op, 162686.00 ns, 40.6715 us/op
WorkloadPilot    2: 6147 op, 46019922.00 ns, 7.4866 us/op
WorkloadPilot    3: 33393 op, 242974125.00 ns, 7.2762 us/op
WorkloadPilot    4: 34359 op, 230424704.00 ns, 6.7064 us/op
WorkloadPilot    5: 37278 op, 83315338.00 ns, 2.2350 us/op
WorkloadPilot    6: 111858 op, 109580511.00 ns, 979.6395 ns/op
WorkloadPilot    7: 255196 op, 252279399.00 ns, 988.5711 ns/op
WorkloadPilot    8: 252890 op, 243932313.00 ns, 964.5787 ns/op
WorkloadPilot    9: 259181 op, 244293172.00 ns, 942.5582 ns/op
WorkloadPilot   10: 265236 op, 245463468.00 ns, 925.4531 ns/op
WorkloadPilot   11: 270138 op, 262340323.00 ns, 971.1345 ns/op
WorkloadPilot   12: 257431 op, 235358960.00 ns, 914.2604 ns/op
WorkloadPilot   13: 273445 op, 263944562.00 ns, 965.2565 ns/op

WorkloadWarmup   1: 273445 op, 260267268.00 ns, 951.8085 ns/op
WorkloadWarmup   2: 273445 op, 269977151.00 ns, 987.3179 ns/op
WorkloadWarmup   3: 273445 op, 252479896.00 ns, 923.3297 ns/op
WorkloadWarmup   4: 273445 op, 268478087.00 ns, 981.8358 ns/op
WorkloadWarmup   5: 273445 op, 302472022.00 ns, 1.1062 us/op

// BeforeActualRun
WorkloadActual   1: 273445 op, 260959743.00 ns, 954.3409 ns/op
WorkloadActual   2: 273445 op, 267680364.00 ns, 978.9185 ns/op
WorkloadActual   3: 273445 op, 262039957.00 ns, 958.2913 ns/op
WorkloadActual   4: 273445 op, 254863818.00 ns, 932.0478 ns/op
WorkloadActual   5: 273445 op, 262749164.00 ns, 960.8849 ns/op
WorkloadActual   6: 273445 op, 259509280.00 ns, 949.0365 ns/op
WorkloadActual   7: 273445 op, 254738462.00 ns, 931.5894 ns/op
WorkloadActual   8: 273445 op, 266016419.00 ns, 972.8334 ns/op

// AfterActualRun
WorkloadResult   1: 273445 op, 260959743.00 ns, 954.3409 ns/op
WorkloadResult   2: 273445 op, 267680364.00 ns, 978.9185 ns/op
WorkloadResult   3: 273445 op, 262039957.00 ns, 958.2913 ns/op
WorkloadResult   4: 273445 op, 254863818.00 ns, 932.0478 ns/op
WorkloadResult   5: 273445 op, 262749164.00 ns, 960.8849 ns/op
WorkloadResult   6: 273445 op, 259509280.00 ns, 949.0365 ns/op
WorkloadResult   7: 273445 op, 254738462.00 ns, 931.5894 ns/op
WorkloadResult   8: 273445 op, 266016419.00 ns, 972.8334 ns/op
// GC:  78 0 0 1310348440 273445
// Threading:  0 0 273445

// AfterAll
// Benchmark Process 3654 has exited with code 0.

Mean = 954.743 ns, StdErr = 6.044 ns (0.63%), N = 8, StdDev = 17.096 ns
Min = 931.589 ns, Q1 = 944.789 ns, Median = 956.316 ns, Q3 = 963.872 ns, Max = 978.918 ns
IQR = 19.083 ns, LowerFence = 916.165 ns, UpperFence = 992.496 ns
ConfidenceInterval = [922.056 ns; 987.430 ns] (CI 99.9%), Margin = 32.687 ns (3.42% of Mean)
Skewness = -0.1, Kurtosis = 1.47, MValue = 2

// ** Remained 37 (97.4 %) benchmark(s) to run. Estimated finish 2026-08-20 12:47 (0h 4m from now) **
// **************************
// Benchmark: CustomConverterRoundTrip.ServiceStackText: Quick(MaxRelativeError=0.05, Arguments=/p:MatrixMode=Benchmark, IterationTime=250ms, MaxIterationCount=12, MaxWarmupIterationCount=5, MinIterationCount=8, MinWarmupIterationCount=3)
// *** Execute ***
// Launch: 1 / 1
// Execute: dotnet Matrix.JsonSerialization-Quick-1.dll --anonymousPipes 125 126 --benchmarkName Matrix.JsonSerialization.Benchmarks.CustomConverterRoundTrip.ServiceStackText --job Quick --benchmarkId 1 in /home/runner/work/dotnet-matrix/dotnet-matrix/src/Matrix.JsonSerialization/bin/Benchmark/Release/net10.0/Matrix.JsonSerialization-Quick-1/bin/Release/net10.0
// Failed to set up high priority (Permission denied). In order to run benchmarks with high priority, make sure you have the right permissions.
// BeforeAnythingElse

// Benchmark Process Environment Information:
// BenchmarkDotNet v0.15.8
// Runtime=.NET 10.0.11 (10.0.11, 10.0.1126.37416), X64 RyuJIT x86-64-v3
// GC=Concurrent Workstation
// HardwareIntrinsics=AVX2+BMI1+BMI2+F16C+FMA+LZCNT+MOVBE,AVX,SSE3+SSSE3+SSE4.1+SSE4.2+POPCNT,X86Base+SSE+SSE2,AES+PCLMUL VectorSize=256
// Job: Quick(MaxRelativeError=0.05, IterationTime=250ms, MaxIterationCount=12, MaxWarmupIterationCount=5, MinIterationCount=8, MinWarmupIterationCount=3)

OverheadJitting  1: 1 op, 220817.00 ns, 220.8170 us/op
WorkloadJitting  1: 1 op, 58651791.00 ns, 58.6518 ms/op

WorkloadPilot    1: 4 op, 270650.00 ns, 67.6625 us/op
WorkloadPilot    2: 3695 op, 9555182.00 ns, 2.5860 us/op
WorkloadPilot    3: 96675 op, 286821447.00 ns, 2.9669 us/op
WorkloadPilot    4: 84264 op, 48791053.00 ns, 579.0261 ns/op
WorkloadPilot    5: 431759 op, 137589630.00 ns, 318.6723 ns/op
WorkloadPilot    6: 784505 op, 257620411.00 ns, 328.3859 ns/op
WorkloadPilot    7: 761299 op, 246199632.00 ns, 323.3941 ns/op
WorkloadPilot    8: 773051 op, 245239903.00 ns, 317.2364 ns/op
WorkloadPilot    9: 788056 op, 249830924.00 ns, 317.0218 ns/op
WorkloadPilot   10: 788589 op, 252311251.00 ns, 319.9528 ns/op

WorkloadWarmup   1: 788589 op, 253115083.00 ns, 320.9721 ns/op
WorkloadWarmup   2: 788589 op, 250947658.00 ns, 318.2236 ns/op
WorkloadWarmup   3: 788589 op, 253380883.00 ns, 321.3092 ns/op
WorkloadWarmup   4: 788589 op, 248520144.00 ns, 315.1453 ns/op
WorkloadWarmup   5: 788589 op, 249246102.00 ns, 316.0659 ns/op

// BeforeActualRun
WorkloadActual   1: 788589 op, 254174399.00 ns, 322.3154 ns/op
WorkloadActual   2: 788589 op, 257652743.00 ns, 326.7263 ns/op
WorkloadActual   3: 788589 op, 259795190.00 ns, 329.4431 ns/op
WorkloadActual   4: 788589 op, 257367965.00 ns, 326.3651 ns/op
WorkloadActual   5: 788589 op, 256301607.00 ns, 325.0129 ns/op
WorkloadActual   6: 788589 op, 257885181.00 ns, 327.0210 ns/op
WorkloadActual   7: 788589 op, 260236070.00 ns, 330.0022 ns/op
WorkloadActual   8: 788589 op, 257714680.00 ns, 326.8048 ns/op

// AfterActualRun
WorkloadResult   1: 788589 op, 254174399.00 ns, 322.3154 ns/op
WorkloadResult   2: 788589 op, 257652743.00 ns, 326.7263 ns/op
WorkloadResult   3: 788589 op, 259795190.00 ns, 329.4431 ns/op
WorkloadResult   4: 788589 op, 257367965.00 ns, 326.3651 ns/op
WorkloadResult   5: 788589 op, 256301607.00 ns, 325.0129 ns/op
WorkloadResult   6: 788589 op, 257885181.00 ns, 327.0210 ns/op
WorkloadResult   7: 788589 op, 260236070.00 ns, 330.0022 ns/op
WorkloadResult   8: 788589 op, 257714680.00 ns, 326.8048 ns/op
// GC:  18 0 0 309126888 788589
// Threading:  0 0 788589

// AfterAll
// Benchmark Process 3667 has exited with code 0.

Mean = 326.711 ns, StdErr = 0.853 ns (0.26%), N = 8, StdDev = 2.412 ns
Min = 322.315 ns, Q1 = 326.027 ns, Median = 326.766 ns, Q3 = 327.627 ns, Max = 330.002 ns
IQR = 1.599 ns, LowerFence = 323.628 ns, UpperFence = 330.026 ns
ConfidenceInterval = [322.100 ns; 331.323 ns] (CI 99.9%), Margin = 4.612 ns (1.41% of Mean)
Skewness = -0.3, Kurtosis = 2.05, MValue = 2

// ** Remained 36 (94.7 %) benchmark(s) to run. Estimated finish 2026-08-20 12:47 (0h 3m from now) **
// **************************
// Benchmark: CustomConverterRoundTrip.SystemTextJson: Quick(MaxRelativeError=0.05, Arguments=/p:MatrixMode=Benchmark, IterationTime=250ms, MaxIterationCount=12, MaxWarmupIterationCount=5, MinIterationCount=8, MinWarmupIterationCount=3)
// *** Execute ***
// Launch: 1 / 1
// Execute: dotnet Matrix.JsonSerialization-Quick-1.dll --anonymousPipes 125 126 --benchmarkName Matrix.JsonSerialization.Benchmarks.CustomConverterRoundTrip.SystemTextJson --job Quick --benchmarkId 2 in /home/runner/work/dotnet-matrix/dotnet-matrix/src/Matrix.JsonSerialization/bin/Benchmark/Release/net10.0/Matrix.JsonSerialization-Quick-1/bin/Release/net10.0
// Failed to set up high priority (Permission denied). In order to run benchmarks with high priority, make sure you have the right permissions.
// BeforeAnythingElse

// Benchmark Process Environment Information:
// BenchmarkDotNet v0.15.8
// Runtime=.NET 10.0.11 (10.0.11, 10.0.1126.37416), X64 RyuJIT x86-64-v3
// GC=Concurrent Workstation
// HardwareIntrinsics=AVX2+BMI1+BMI2+F16C+FMA+LZCNT+MOVBE,AVX,SSE3+SSSE3+SSE4.1+SSE4.2+POPCNT,X86Base+SSE+SSE2,AES+PCLMUL VectorSize=256
// Job: Quick(MaxRelativeError=0.05, IterationTime=250ms, MaxIterationCount=12, MaxWarmupIterationCount=5, MinIterationCount=8, MinWarmupIterationCount=3)

OverheadJitting  1: 1 op, 232569.00 ns, 232.5690 us/op
WorkloadJitting  1: 1 op, 31367104.00 ns, 31.3671 ms/op

WorkloadPilot    1: 4 op, 151746.00 ns, 37.9365 us/op
WorkloadPilot    2: 6590 op, 8762632.00 ns, 1.3297 us/op
WorkloadPilot    3: 188014 op, 266020299.00 ns, 1.4149 us/op
WorkloadPilot    4: 176691 op, 250943210.00 ns, 1.4202 us/op
WorkloadPilot    5: 176027 op, 178933556.00 ns, 1.0165 us/op
WorkloadPilot    6: 245939 op, 93083196.00 ns, 378.4808 ns/op
WorkloadPilot    7: 660535 op, 226982671.00 ns, 343.6346 ns/op
WorkloadPilot    8: 727517 op, 249650424.00 ns, 343.1541 ns/op
WorkloadPilot    9: 728536 op, 250801974.00 ns, 344.2547 ns/op

WorkloadWarmup   1: 728536 op, 250753232.00 ns, 344.1878 ns/op
WorkloadWarmup   2: 728536 op, 251334338.00 ns, 344.9855 ns/op
WorkloadWarmup   3: 728536 op, 251375485.00 ns, 345.0420 ns/op
WorkloadWarmup   4: 728536 op, 251201777.00 ns, 344.8035 ns/op
WorkloadWarmup   5: 728536 op, 250730460.00 ns, 344.1566 ns/op

// BeforeActualRun
WorkloadActual   1: 728536 op, 250332612.00 ns, 343.6105 ns/op
WorkloadActual   2: 728536 op, 251381001.00 ns, 345.0495 ns/op
WorkloadActual   3: 728536 op, 251975511.00 ns, 345.8656 ns/op
WorkloadActual   4: 728536 op, 254004994.00 ns, 348.6513 ns/op
WorkloadActual   5: 728536 op, 251229105.00 ns, 344.8410 ns/op
WorkloadActual   6: 728536 op, 250938598.00 ns, 344.4423 ns/op
WorkloadActual   7: 728536 op, 252270908.00 ns, 346.2710 ns/op
WorkloadActual   8: 728536 op, 251268178.00 ns, 344.8947 ns/op

// AfterActualRun
WorkloadResult   1: 728536 op, 250332612.00 ns, 343.6105 ns/op
WorkloadResult   2: 728536 op, 251381001.00 ns, 345.0495 ns/op
WorkloadResult   3: 728536 op, 251975511.00 ns, 345.8656 ns/op
WorkloadResult   4: 728536 op, 251229105.00 ns, 344.8410 ns/op
WorkloadResult   5: 728536 op, 250938598.00 ns, 344.4423 ns/op
WorkloadResult   6: 728536 op, 252270908.00 ns, 346.2710 ns/op
WorkloadResult   7: 728536 op, 251268178.00 ns, 344.8947 ns/op
// GC:  5 0 0 87424320 728536
// Threading:  0 0 728536

// AfterAll
// Benchmark Process 3677 has exited with code 0.

Mean = 344.996 ns, StdErr = 0.333 ns (0.10%), N = 7, StdDev = 0.880 ns
Min = 343.610 ns, Q1 = 344.642 ns, Median = 344.895 ns, Q3 = 345.458 ns, Max = 346.271 ns
IQR = 0.816 ns, LowerFence = 343.418 ns, UpperFence = 346.681 ns
ConfidenceInterval = [343.015 ns; 346.978 ns] (CI 99.9%), Margin = 1.982 ns (0.57% of Mean)
Skewness = -0.02, Kurtosis = 1.67, MValue = 2

// ** Remained 35 (92.1 %) benchmark(s) to run. Estimated finish 2026-08-20 12:47 (0h 3m from now) **
// ***** BenchmarkRunner: Finish  *****

// * Export *
  tmp/dotnet-matrix/JsonSerialization/948f2f120263437ba46c95bd1081aebc/results/Matrix.JsonSerialization.Benchmarks.CustomConverterRoundTrip-report.csv
  tmp/dotnet-matrix/JsonSerialization/948f2f120263437ba46c95bd1081aebc/results/Matrix.JsonSerialization.Benchmarks.CustomConverterRoundTrip-report-github.md
  tmp/dotnet-matrix/JsonSerialization/948f2f120263437ba46c95bd1081aebc/results/Matrix.JsonSerialization.Benchmarks.CustomConverterRoundTrip-report.html
  tmp/dotnet-matrix/JsonSerialization/948f2f120263437ba46c95bd1081aebc/results/Matrix.JsonSerialization.Benchmarks.CustomConverterRoundTrip-report-full.json

// * Detailed results *
CustomConverterRoundTrip.ServiceStackText: Quick(MaxRelativeError=0.05, Arguments=/p:MatrixMode=Benchmark, IterationTime=250ms, MaxIterationCount=12, MaxWarmupIterationCount=5, MinIterationCount=8, MinWarmupIterationCount=3)
Runtime = .NET 10.0.11 (10.0.11, 10.0.1126.37416), X64 RyuJIT x86-64-v3; GC = Concurrent Workstation
Mean = 326.711 ns, StdErr = 0.853 ns (0.26%), N = 8, StdDev = 2.412 ns
Min = 322.315 ns, Q1 = 326.027 ns, Median = 326.766 ns, Q3 = 327.627 ns, Max = 330.002 ns
IQR = 1.599 ns, LowerFence = 323.628 ns, UpperFence = 330.026 ns
ConfidenceInterval = [322.100 ns; 331.323 ns] (CI 99.9%), Margin = 4.612 ns (1.41% of Mean)
Skewness = -0.3, Kurtosis = 2.05, MValue = 2
-------------------- Histogram --------------------
[320.733 ns ; 331.585 ns) | @@@@@@@@
---------------------------------------------------

CustomConverterRoundTrip.SystemTextJson: Quick(MaxRelativeError=0.05, Arguments=/p:MatrixMode=Benchmark, IterationTime=250ms, MaxIterationCount=12, MaxWarmupIterationCount=5, MinIterationCount=8, MinWarmupIterationCount=3)
Runtime = .NET 10.0.11 (10.0.11, 10.0.1126.37416), X64 RyuJIT x86-64-v3; GC = Concurrent Workstation
Mean = 344.996 ns, StdErr = 0.333 ns (0.10%), N = 7, StdDev = 0.880 ns
Min = 343.610 ns, Q1 = 344.642 ns, Median = 344.895 ns, Q3 = 345.458 ns, Max = 346.271 ns
IQR = 0.816 ns, LowerFence = 343.418 ns, UpperFence = 346.681 ns
ConfidenceInterval = [343.015 ns; 346.978 ns] (CI 99.9%), Margin = 1.982 ns (0.57% of Mean)
Skewness = -0.02, Kurtosis = 1.67, MValue = 2
-------------------- Histogram --------------------
[343.007 ns ; 346.875 ns) | @@@@@@@
---------------------------------------------------

CustomConverterRoundTrip.NewtonsoftJson: Quick(MaxRelativeError=0.05, Arguments=/p:MatrixMode=Benchmark, IterationTime=250ms, MaxIterationCount=12, MaxWarmupIterationCount=5, MinIterationCount=8, MinWarmupIterationCount=3)
Runtime = .NET 10.0.11 (10.0.11, 10.0.1126.37416), X64 RyuJIT x86-64-v3; GC = Concurrent Workstation
Mean = 954.743 ns, StdErr = 6.044 ns (0.63%), N = 8, StdDev = 17.096 ns
Min = 931.589 ns, Q1 = 944.789 ns, Median = 956.316 ns, Q3 = 963.872 ns, Max = 978.918 ns
IQR = 19.083 ns, LowerFence = 916.165 ns, UpperFence = 992.496 ns
ConfidenceInterval = [922.056 ns; 987.430 ns] (CI 99.9%), Margin = 32.687 ns (3.42% of Mean)
Skewness = -0.1, Kurtosis = 1.47, MValue = 2
-------------------- Histogram --------------------
[920.370 ns ; 943.741 ns) | @@
[943.741 ns ; 966.180 ns) | @@@@
[966.180 ns ; 990.138 ns) | @@
---------------------------------------------------

// * Summary *

BenchmarkDotNet v0.15.8, Linux Ubuntu 24.04.4 LTS (Noble Numbat)
AMD EPYC 7763 2.45GHz, 1 CPU, 4 logical and 2 physical cores
.NET SDK 10.0.400
  [Host] : .NET 10.0.11 (10.0.11, 10.0.1126.37416), X64 RyuJIT x86-64-v3
  Quick  : .NET 10.0.11 (10.0.11, 10.0.1126.37416), X64 RyuJIT x86-64-v3

Job=Quick  MaxRelativeError=0.05  Arguments=/p:MatrixMode=Benchmark  
IterationTime=250ms  MaxIterationCount=12  MaxWarmupIterationCount=5  
MinIterationCount=8  MinWarmupIterationCount=3  

| Method           | Mean     | Error    | StdDev   | Gen0   | Allocated |
|----------------- |---------:|---------:|---------:|-------:|----------:|
| ServiceStackText | 326.7 ns |  4.61 ns |  2.41 ns | 0.0228 |     392 B |
| SystemTextJson   | 345.0 ns |  1.98 ns |  0.88 ns | 0.0069 |     120 B |
| NewtonsoftJson   | 954.7 ns | 32.69 ns | 17.10 ns | 0.2852 |    4792 B |

// * Hints *
Outliers
  CustomConverterRoundTrip.ServiceStackText: Quick -> 1 outlier  was  detected (322.32 ns)
  CustomConverterRoundTrip.SystemTextJson: Quick   -> 1 outlier  was  removed (348.65 ns)

// * Legends *
  Mean      : Arithmetic mean of all measurements
  Error     : Half of 99.9% confidence interval
  StdDev    : Standard deviation of all measurements
  Gen0      : GC Generation 0 collects per 1000 operations
  Allocated : Allocated memory per single operation (managed only, inclusive, 1KB = 1024B)
  1 ns      : 1 Nanosecond (0.000000001 sec)

// * Diagnostic Output - MemoryDiagnoser *


// ***** BenchmarkRunner: End *****
Run time: 00:00:17 (17.37 sec), executed benchmarks: 3

// Found 3 benchmarks:
//   DeserializeCollection.NewtonsoftJson: Quick(MaxRelativeError=0.05, Arguments=/p:MatrixMode=Benchmark, IterationTime=250ms, MaxIterationCount=12, MaxWarmupIterationCount=5, MinIterationCount=8, MinWarmupIterationCount=3)
//   DeserializeCollection.ServiceStackText: Quick(MaxRelativeError=0.05, Arguments=/p:MatrixMode=Benchmark, IterationTime=250ms, MaxIterationCount=12, MaxWarmupIterationCount=5, MinIterationCount=8, MinWarmupIterationCount=3)
//   DeserializeCollection.SystemTextJson: Quick(MaxRelativeError=0.05, Arguments=/p:MatrixMode=Benchmark, IterationTime=250ms, MaxIterationCount=12, MaxWarmupIterationCount=5, MinIterationCount=8, MinWarmupIterationCount=3)

// **************************
// Benchmark: DeserializeCollection.NewtonsoftJson: Quick(MaxRelativeError=0.05, Arguments=/p:MatrixMode=Benchmark, IterationTime=250ms, MaxIterationCount=12, MaxWarmupIterationCount=5, MinIterationCount=8, MinWarmupIterationCount=3)
// *** Execute ***
// Launch: 1 / 1
// Execute: dotnet Matrix.JsonSerialization-Quick-1.dll --anonymousPipes 131 132 --benchmarkName Matrix.JsonSerialization.Benchmarks.DeserializeCollection.NewtonsoftJson --job Quick --benchmarkId 3 in /home/runner/work/dotnet-matrix/dotnet-matrix/src/Matrix.JsonSerialization/bin/Benchmark/Release/net10.0/Matrix.JsonSerialization-Quick-1/bin/Release/net10.0
// Failed to set up high priority (Permission denied). In order to run benchmarks with high priority, make sure you have the right permissions.
// BeforeAnythingElse

// Benchmark Process Environment Information:
// BenchmarkDotNet v0.15.8
// Runtime=.NET 10.0.11 (10.0.11, 10.0.1126.37416), X64 RyuJIT x86-64-v3
// GC=Concurrent Workstation
// HardwareIntrinsics=AVX2+BMI1+BMI2+F16C+FMA+LZCNT+MOVBE,AVX,SSE3+SSSE3+SSE4.1+SSE4.2+POPCNT,X86Base+SSE+SSE2,AES+PCLMUL VectorSize=256
// Job: Quick(MaxRelativeError=0.05, IterationTime=250ms, MaxIterationCount=12, MaxWarmupIterationCount=5, MinIterationCount=8, MinWarmupIterationCount=3)

OverheadJitting  1: 1 op, 230834.00 ns, 230.8340 us/op
WorkloadJitting  1: 1 op, 65348086.00 ns, 65.3481 ms/op

WorkloadPilot    1: 4 op, 205827.00 ns, 51.4568 us/op
WorkloadPilot    2: 4858 op, 70735726.00 ns, 14.5607 us/op
WorkloadPilot    3: 17170 op, 328059032.00 ns, 19.1065 us/op
WorkloadPilot    4: 13085 op, 57169818.00 ns, 4.3691 us/op
WorkloadPilot    5: 57220 op, 99159276.00 ns, 1.7329 us/op
WorkloadPilot    6: 144263 op, 240299304.00 ns, 1.6657 us/op
WorkloadPilot    7: 150087 op, 247098763.00 ns, 1.6464 us/op
WorkloadPilot    8: 151849 op, 249337160.00 ns, 1.6420 us/op
WorkloadPilot    9: 152253 op, 252612211.00 ns, 1.6592 us/op
WorkloadPilot   10: 150679 op, 250141536.00 ns, 1.6601 us/op

WorkloadWarmup   1: 150679 op, 256734758.00 ns, 1.7039 us/op
WorkloadWarmup   2: 150679 op, 256942329.00 ns, 1.7052 us/op
WorkloadWarmup   3: 150679 op, 256420896.00 ns, 1.7018 us/op
WorkloadWarmup   4: 150679 op, 252946530.00 ns, 1.6787 us/op
WorkloadWarmup   5: 150679 op, 255292520.00 ns, 1.6943 us/op

// BeforeActualRun
WorkloadActual   1: 150679 op, 255378642.00 ns, 1.6949 us/op
WorkloadActual   2: 150679 op, 260637912.00 ns, 1.7298 us/op
WorkloadActual   3: 150679 op, 257313418.00 ns, 1.7077 us/op
WorkloadActual   4: 150679 op, 255526742.00 ns, 1.6958 us/op
WorkloadActual   5: 150679 op, 252598574.00 ns, 1.6764 us/op
WorkloadActual   6: 150679 op, 252671302.00 ns, 1.6769 us/op
WorkloadActual   7: 150679 op, 254161259.00 ns, 1.6868 us/op
WorkloadActual   8: 150679 op, 254286706.00 ns, 1.6876 us/op

// AfterActualRun
WorkloadResult   1: 150679 op, 255378642.00 ns, 1.6949 us/op
WorkloadResult   2: 150679 op, 257313418.00 ns, 1.7077 us/op
WorkloadResult   3: 150679 op, 255526742.00 ns, 1.6958 us/op
WorkloadResult   4: 150679 op, 252598574.00 ns, 1.6764 us/op
WorkloadResult   5: 150679 op, 252671302.00 ns, 1.6769 us/op
WorkloadResult   6: 150679 op, 254161259.00 ns, 1.6868 us/op
WorkloadResult   7: 150679 op, 254286706.00 ns, 1.6876 us/op
// GC:  27 0 0 461680456 150679
// Threading:  0 0 150679

// AfterAll
// Benchmark Process 3690 has exited with code 0.

Mean = 1.689 μs, StdErr = 0.004 μs (0.25%), N = 7, StdDev = 0.011 μs
Min = 1.676 μs, Q1 = 1.682 μs, Median = 1.688 μs, Q3 = 1.695 μs, Max = 1.708 μs
IQR = 0.014 μs, LowerFence = 1.662 μs, UpperFence = 1.716 μs
ConfidenceInterval = [1.664 μs; 1.714 μs] (CI 99.9%), Margin = 0.025 μs (1.48% of Mean)
Skewness = 0.24, Kurtosis = 1.57, MValue = 2

// ** Remained 34 (89.5 %) benchmark(s) to run. Estimated finish 2026-08-20 12:47 (0h 3m from now) **
// **************************
// Benchmark: DeserializeCollection.ServiceStackText: Quick(MaxRelativeError=0.05, Arguments=/p:MatrixMode=Benchmark, IterationTime=250ms, MaxIterationCount=12, MaxWarmupIterationCount=5, MinIterationCount=8, MinWarmupIterationCount=3)
// *** Execute ***
// Launch: 1 / 1
// Execute: dotnet Matrix.JsonSerialization-Quick-1.dll --anonymousPipes 131 132 --benchmarkName Matrix.JsonSerialization.Benchmarks.DeserializeCollection.ServiceStackText --job Quick --benchmarkId 4 in /home/runner/work/dotnet-matrix/dotnet-matrix/src/Matrix.JsonSerialization/bin/Benchmark/Release/net10.0/Matrix.JsonSerialization-Quick-1/bin/Release/net10.0
// Failed to set up high priority (Permission denied). In order to run benchmarks with high priority, make sure you have the right permissions.
// BeforeAnythingElse

// Benchmark Process Environment Information:
// BenchmarkDotNet v0.15.8
// Runtime=.NET 10.0.11 (10.0.11, 10.0.1126.37416), X64 RyuJIT x86-64-v3
// GC=Concurrent Workstation
// HardwareIntrinsics=AVX2+BMI1+BMI2+F16C+FMA+LZCNT+MOVBE,AVX,SSE3+SSSE3+SSE4.1+SSE4.2+POPCNT,X86Base+SSE+SSE2,AES+PCLMUL VectorSize=256
// Job: Quick(MaxRelativeError=0.05, IterationTime=250ms, MaxIterationCount=12, MaxWarmupIterationCount=5, MinIterationCount=8, MinWarmupIterationCount=3)

OverheadJitting  1: 1 op, 229382.00 ns, 229.3820 us/op
WorkloadJitting  1: 1 op, 52510438.00 ns, 52.5104 ms/op

WorkloadPilot    1: 4 op, 48741.00 ns, 12.1853 us/op
WorkloadPilot    2: 20517 op, 142191866.00 ns, 6.9304 us/op
WorkloadPilot    3: 36073 op, 79817554.00 ns, 2.2127 us/op
WorkloadPilot    4: 112986 op, 90611099.00 ns, 801.9675 ns/op
WorkloadPilot    5: 311733 op, 248110815.00 ns, 795.9081 ns/op
WorkloadPilot    6: 314107 op, 252945041.00 ns, 805.2830 ns/op
WorkloadPilot    7: 310450 op, 247750455.00 ns, 798.0366 ns/op
WorkloadPilot    8: 313269 op, 249711029.00 ns, 797.1138 ns/op
WorkloadPilot    9: 313632 op, 251738779.00 ns, 802.6565 ns/op
WorkloadPilot   10: 311466 op, 248231632.00 ns, 796.9783 ns/op
WorkloadPilot   11: 313685 op, 244424559.00 ns, 779.2038 ns/op
WorkloadPilot   12: 320840 op, 250001275.00 ns, 779.2086 ns/op

WorkloadWarmup   1: 320840 op, 250129226.00 ns, 779.6074 ns/op
WorkloadWarmup   2: 320840 op, 250512489.00 ns, 780.8019 ns/op
WorkloadWarmup   3: 320840 op, 250837821.00 ns, 781.8159 ns/op
WorkloadWarmup   4: 320840 op, 253659317.00 ns, 790.6100 ns/op
WorkloadWarmup   5: 320840 op, 254386647.00 ns, 792.8770 ns/op

// BeforeActualRun
WorkloadActual   1: 320840 op, 252902101.00 ns, 788.2499 ns/op
WorkloadActual   2: 320840 op, 252632342.00 ns, 787.4091 ns/op
WorkloadActual   3: 320840 op, 253023138.00 ns, 788.6272 ns/op
WorkloadActual   4: 320840 op, 255275101.00 ns, 795.6461 ns/op
WorkloadActual   5: 320840 op, 254041086.00 ns, 791.7999 ns/op
WorkloadActual   6: 320840 op, 250992002.00 ns, 782.2965 ns/op
WorkloadActual   7: 320840 op, 252443166.00 ns, 786.8195 ns/op
WorkloadActual   8: 320840 op, 251662034.00 ns, 784.3848 ns/op

// AfterActualRun
WorkloadResult   1: 320840 op, 252902101.00 ns, 788.2499 ns/op
WorkloadResult   2: 320840 op, 252632342.00 ns, 787.4091 ns/op
WorkloadResult   3: 320840 op, 253023138.00 ns, 788.6272 ns/op
WorkloadResult   4: 320840 op, 254041086.00 ns, 791.7999 ns/op
WorkloadResult   5: 320840 op, 250992002.00 ns, 782.2965 ns/op
WorkloadResult   6: 320840 op, 252443166.00 ns, 786.8195 ns/op
WorkloadResult   7: 320840 op, 251662034.00 ns, 784.3848 ns/op
// GC:  9 0 0 151436480 320840
// Threading:  0 0 320840

// AfterAll
// Benchmark Process 3700 has exited with code 0.

Mean = 787.084 ns, StdErr = 1.158 ns (0.15%), N = 7, StdDev = 3.065 ns
Min = 782.296 ns, Q1 = 785.602 ns, Median = 787.409 ns, Q3 = 788.439 ns, Max = 791.800 ns
IQR = 2.836 ns, LowerFence = 781.348 ns, UpperFence = 792.693 ns
ConfidenceInterval = [780.181 ns; 793.987 ns] (CI 99.9%), Margin = 6.903 ns (0.88% of Mean)
Skewness = -0.1, Kurtosis = 1.75, MValue = 2

// ** Remained 33 (86.8 %) benchmark(s) to run. Estimated finish 2026-08-20 12:47 (0h 3m from now) **
// **************************
// Benchmark: DeserializeCollection.SystemTextJson: Quick(MaxRelativeError=0.05, Arguments=/p:MatrixMode=Benchmark, IterationTime=250ms, MaxIterationCount=12, MaxWarmupIterationCount=5, MinIterationCount=8, MinWarmupIterationCount=3)
// *** Execute ***
// Launch: 1 / 1
// Execute: dotnet Matrix.JsonSerialization-Quick-1.dll --anonymousPipes 131 132 --benchmarkName Matrix.JsonSerialization.Benchmarks.DeserializeCollection.SystemTextJson --job Quick --benchmarkId 5 in /home/runner/work/dotnet-matrix/dotnet-matrix/src/Matrix.JsonSerialization/bin/Benchmark/Release/net10.0/Matrix.JsonSerialization-Quick-1/bin/Release/net10.0
// Failed to set up high priority (Permission denied). In order to run benchmarks with high priority, make sure you have the right permissions.
// BeforeAnythingElse

// Benchmark Process Environment Information:
// BenchmarkDotNet v0.15.8
// Runtime=.NET 10.0.11 (10.0.11, 10.0.1126.37416), X64 RyuJIT x86-64-v3
// GC=Concurrent Workstation
// HardwareIntrinsics=AVX2+BMI1+BMI2+F16C+FMA+LZCNT+MOVBE,AVX,SSE3+SSSE3+SSE4.1+SSE4.2+POPCNT,X86Base+SSE+SSE2,AES+PCLMUL VectorSize=256
// Job: Quick(MaxRelativeError=0.05, IterationTime=250ms, MaxIterationCount=12, MaxWarmupIterationCount=5, MinIterationCount=8, MinWarmupIterationCount=3)

OverheadJitting  1: 1 op, 228761.00 ns, 228.7610 us/op
WorkloadJitting  1: 1 op, 29859996.00 ns, 29.8600 ms/op

WorkloadPilot    1: 4 op, 72947.00 ns, 18.2368 us/op
WorkloadPilot    2: 13709 op, 78483180.00 ns, 5.7249 us/op
WorkloadPilot    3: 43669 op, 235722134.00 ns, 5.3979 us/op
WorkloadPilot    4: 46314 op, 174607376.00 ns, 3.7701 us/op
WorkloadPilot    5: 66312 op, 195692780.00 ns, 2.9511 us/op
WorkloadPilot    6: 84714 op, 81637303.00 ns, 963.6814 ns/op
WorkloadPilot    7: 259422 op, 229753490.00 ns, 885.6361 ns/op
WorkloadPilot    8: 282283 op, 248422622.00 ns, 880.0481 ns/op
WorkloadPilot    9: 284075 op, 251272240.00 ns, 884.5278 ns/op
WorkloadPilot   10: 282637 op, 253115212.00 ns, 895.5487 ns/op
WorkloadPilot   11: 279158 op, 246270125.00 ns, 882.1890 ns/op
WorkloadPilot   12: 283386 op, 252329426.00 ns, 890.4089 ns/op

WorkloadWarmup   1: 283386 op, 259757411.00 ns, 916.6205 ns/op
WorkloadWarmup   2: 283386 op, 259146349.00 ns, 914.4642 ns/op
WorkloadWarmup   3: 283386 op, 260289634.00 ns, 918.4986 ns/op
WorkloadWarmup   4: 283386 op, 261189560.00 ns, 921.6742 ns/op
WorkloadWarmup   5: 283386 op, 259977225.00 ns, 917.3961 ns/op

// BeforeActualRun
WorkloadActual   1: 283386 op, 261631592.00 ns, 923.2340 ns/op
WorkloadActual   2: 283386 op, 263625298.00 ns, 930.2693 ns/op
WorkloadActual   3: 283386 op, 261937348.00 ns, 924.3129 ns/op
WorkloadActual   4: 283386 op, 260328516.00 ns, 918.6358 ns/op
WorkloadActual   5: 283386 op, 262274212.00 ns, 925.5017 ns/op
WorkloadActual   6: 283386 op, 261473183.00 ns, 922.6750 ns/op
WorkloadActual   7: 283386 op, 261614469.00 ns, 923.1736 ns/op
WorkloadActual   8: 283386 op, 260150241.00 ns, 918.0067 ns/op

// AfterActualRun
WorkloadResult   1: 283386 op, 261631592.00 ns, 923.2340 ns/op
WorkloadResult   2: 283386 op, 261937348.00 ns, 924.3129 ns/op
WorkloadResult   3: 283386 op, 260328516.00 ns, 918.6358 ns/op
WorkloadResult   4: 283386 op, 262274212.00 ns, 925.5017 ns/op
WorkloadResult   5: 283386 op, 261473183.00 ns, 922.6750 ns/op
WorkloadResult   6: 283386 op, 261614469.00 ns, 923.1736 ns/op
WorkloadResult   7: 283386 op, 260150241.00 ns, 918.0067 ns/op
// GC:  13 0 0 226708800 283386
// Threading:  0 0 283386

// AfterAll
// Benchmark Process 3710 has exited with code 0.

Mean = 922.220 ns, StdErr = 1.068 ns (0.12%), N = 7, StdDev = 2.825 ns
Min = 918.007 ns, Q1 = 920.655 ns, Median = 923.174 ns, Q3 = 923.773 ns, Max = 925.502 ns
IQR = 3.118 ns, LowerFence = 915.978 ns, UpperFence = 928.451 ns
ConfidenceInterval = [915.857 ns; 928.583 ns] (CI 99.9%), Margin = 6.363 ns (0.69% of Mean)
Skewness = -0.47, Kurtosis = 1.38, MValue = 2

// ** Remained 32 (84.2 %) benchmark(s) to run. Estimated finish 2026-08-20 12:47 (0h 3m from now) **
// ***** BenchmarkRunner: Finish  *****

// * Export *
  tmp/dotnet-matrix/JsonSerialization/948f2f120263437ba46c95bd1081aebc/results/Matrix.JsonSerialization.Benchmarks.DeserializeCollection-report.csv
  tmp/dotnet-matrix/JsonSerialization/948f2f120263437ba46c95bd1081aebc/results/Matrix.JsonSerialization.Benchmarks.DeserializeCollection-report-github.md
  tmp/dotnet-matrix/JsonSerialization/948f2f120263437ba46c95bd1081aebc/results/Matrix.JsonSerialization.Benchmarks.DeserializeCollection-report.html
  tmp/dotnet-matrix/JsonSerialization/948f2f120263437ba46c95bd1081aebc/results/Matrix.JsonSerialization.Benchmarks.DeserializeCollection-report-full.json

// * Detailed results *
DeserializeCollection.ServiceStackText: Quick(MaxRelativeError=0.05, Arguments=/p:MatrixMode=Benchmark, IterationTime=250ms, MaxIterationCount=12, MaxWarmupIterationCount=5, MinIterationCount=8, MinWarmupIterationCount=3)
Runtime = .NET 10.0.11 (10.0.11, 10.0.1126.37416), X64 RyuJIT x86-64-v3; GC = Concurrent Workstation
Mean = 787.084 ns, StdErr = 1.158 ns (0.15%), N = 7, StdDev = 3.065 ns
Min = 782.296 ns, Q1 = 785.602 ns, Median = 787.409 ns, Q3 = 788.439 ns, Max = 791.800 ns
IQR = 2.836 ns, LowerFence = 781.348 ns, UpperFence = 792.693 ns
ConfidenceInterval = [780.181 ns; 793.987 ns] (CI 99.9%), Margin = 6.903 ns (0.88% of Mean)
Skewness = -0.1, Kurtosis = 1.75, MValue = 2
-------------------- Histogram --------------------
[780.194 ns ; 793.903 ns) | @@@@@@@
---------------------------------------------------

DeserializeCollection.SystemTextJson: Quick(MaxRelativeError=0.05, Arguments=/p:MatrixMode=Benchmark, IterationTime=250ms, MaxIterationCount=12, MaxWarmupIterationCount=5, MinIterationCount=8, MinWarmupIterationCount=3)
Runtime = .NET 10.0.11 (10.0.11, 10.0.1126.37416), X64 RyuJIT x86-64-v3; GC = Concurrent Workstation
Mean = 922.220 ns, StdErr = 1.068 ns (0.12%), N = 7, StdDev = 2.825 ns
Min = 918.007 ns, Q1 = 920.655 ns, Median = 923.174 ns, Q3 = 923.773 ns, Max = 925.502 ns
IQR = 3.118 ns, LowerFence = 915.978 ns, UpperFence = 928.451 ns
ConfidenceInterval = [915.857 ns; 928.583 ns] (CI 99.9%), Margin = 6.363 ns (0.69% of Mean)
Skewness = -0.47, Kurtosis = 1.38, MValue = 2
-------------------- Histogram --------------------
[916.068 ns ; 927.440 ns) | @@@@@@@
---------------------------------------------------

DeserializeCollection.NewtonsoftJson: Quick(MaxRelativeError=0.05, Arguments=/p:MatrixMode=Benchmark, IterationTime=250ms, MaxIterationCount=12, MaxWarmupIterationCount=5, MinIterationCount=8, MinWarmupIterationCount=3)
Runtime = .NET 10.0.11 (10.0.11, 10.0.1126.37416), X64 RyuJIT x86-64-v3; GC = Concurrent Workstation
Mean = 1.689 μs, StdErr = 0.004 μs (0.25%), N = 7, StdDev = 0.011 μs
Min = 1.676 μs, Q1 = 1.682 μs, Median = 1.688 μs, Q3 = 1.695 μs, Max = 1.708 μs
IQR = 0.014 μs, LowerFence = 1.662 μs, UpperFence = 1.716 μs
ConfidenceInterval = [1.664 μs; 1.714 μs] (CI 99.9%), Margin = 0.025 μs (1.48% of Mean)
Skewness = 0.24, Kurtosis = 1.57, MValue = 2
-------------------- Histogram --------------------
[1.674 μs ; 1.708 μs) | @@@@@@@
---------------------------------------------------

// * Summary *

BenchmarkDotNet v0.15.8, Linux Ubuntu 24.04.4 LTS (Noble Numbat)
AMD EPYC 7763 2.45GHz, 1 CPU, 4 logical and 2 physical cores
.NET SDK 10.0.400
  [Host] : .NET 10.0.11 (10.0.11, 10.0.1126.37416), X64 RyuJIT x86-64-v3
  Quick  : .NET 10.0.11 (10.0.11, 10.0.1126.37416), X64 RyuJIT x86-64-v3

Job=Quick  MaxRelativeError=0.05  Arguments=/p:MatrixMode=Benchmark  
IterationTime=250ms  MaxIterationCount=12  MaxWarmupIterationCount=5  
MinIterationCount=8  MinWarmupIterationCount=3  

| Method           | Mean       | Error    | StdDev   | Gen0   | Allocated |
|----------------- |-----------:|---------:|---------:|-------:|----------:|
| ServiceStackText |   787.1 ns |  6.90 ns |  3.06 ns | 0.0281 |     472 B |
| SystemTextJson   |   922.2 ns |  6.36 ns |  2.83 ns | 0.0459 |     800 B |
| NewtonsoftJson   | 1,689.4 ns | 25.04 ns | 11.12 ns | 0.1792 |    3064 B |

// * Hints *
Outliers
  DeserializeCollection.ServiceStackText: Quick -> 1 outlier  was  removed (795.65 ns)
  DeserializeCollection.SystemTextJson: Quick   -> 1 outlier  was  removed (930.27 ns)
  DeserializeCollection.NewtonsoftJson: Quick   -> 1 outlier  was  removed (1.73 μs)

// * Legends *
  Mean      : Arithmetic mean of all measurements
  Error     : Half of 99.9% confidence interval
  StdDev    : Standard deviation of all measurements
  Gen0      : GC Generation 0 collects per 1000 operations
  Allocated : Allocated memory per single operation (managed only, inclusive, 1KB = 1024B)
  1 ns      : 1 Nanosecond (0.000000001 sec)

// * Diagnostic Output - MemoryDiagnoser *


// ***** BenchmarkRunner: End *****
Run time: 00:00:17 (17.9 sec), executed benchmarks: 3

// Found 3 benchmarks:
//   DeserializeDictionary.NewtonsoftJson: Quick(MaxRelativeError=0.05, Arguments=/p:MatrixMode=Benchmark, IterationTime=250ms, MaxIterationCount=12, MaxWarmupIterationCount=5, MinIterationCount=8, MinWarmupIterationCount=3)
//   DeserializeDictionary.ServiceStackText: Quick(MaxRelativeError=0.05, Arguments=/p:MatrixMode=Benchmark, IterationTime=250ms, MaxIterationCount=12, MaxWarmupIterationCount=5, MinIterationCount=8, MinWarmupIterationCount=3)
//   DeserializeDictionary.SystemTextJson: Quick(MaxRelativeError=0.05, Arguments=/p:MatrixMode=Benchmark, IterationTime=250ms, MaxIterationCount=12, MaxWarmupIterationCount=5, MinIterationCount=8, MinWarmupIterationCount=3)

// **************************
// Benchmark: DeserializeDictionary.NewtonsoftJson: Quick(MaxRelativeError=0.05, Arguments=/p:MatrixMode=Benchmark, IterationTime=250ms, MaxIterationCount=12, MaxWarmupIterationCount=5, MinIterationCount=8, MinWarmupIterationCount=3)
// *** Execute ***
// Launch: 1 / 1
// Execute: dotnet Matrix.JsonSerialization-Quick-1.dll --anonymousPipes 131 132 --benchmarkName Matrix.JsonSerialization.Benchmarks.DeserializeDictionary.NewtonsoftJson --job Quick --benchmarkId 6 in /home/runner/work/dotnet-matrix/dotnet-matrix/src/Matrix.JsonSerialization/bin/Benchmark/Release/net10.0/Matrix.JsonSerialization-Quick-1/bin/Release/net10.0
// Failed to set up high priority (Permission denied). In order to run benchmarks with high priority, make sure you have the right permissions.
// BeforeAnythingElse

// Benchmark Process Environment Information:
// BenchmarkDotNet v0.15.8
// Runtime=.NET 10.0.11 (10.0.11, 10.0.1126.37416), X64 RyuJIT x86-64-v3
// GC=Concurrent Workstation
// HardwareIntrinsics=AVX2+BMI1+BMI2+F16C+FMA+LZCNT+MOVBE,AVX,SSE3+SSSE3+SSE4.1+SSE4.2+POPCNT,X86Base+SSE+SSE2,AES+PCLMUL VectorSize=256
// Job: Quick(MaxRelativeError=0.05, IterationTime=250ms, MaxIterationCount=12, MaxWarmupIterationCount=5, MinIterationCount=8, MinWarmupIterationCount=3)

OverheadJitting  1: 1 op, 270980.00 ns, 270.9800 us/op
WorkloadJitting  1: 1 op, 45003702.00 ns, 45.0037 ms/op

WorkloadPilot    1: 4 op, 96522.00 ns, 24.1305 us/op
WorkloadPilot    2: 10360 op, 51609678.00 ns, 4.9816 us/op
WorkloadPilot    3: 50184 op, 277242074.00 ns, 5.5245 us/op
WorkloadPilot    4: 45253 op, 114986848.00 ns, 2.5410 us/op
WorkloadPilot    5: 98387 op, 69907313.00 ns, 710.5340 ns/op
WorkloadPilot    6: 351848 op, 245909820.00 ns, 698.9092 ns/op
WorkloadPilot    7: 357700 op, 242532097.00 ns, 678.0321 ns/op
WorkloadPilot    8: 368714 op, 251535640.00 ns, 682.1972 ns/op
WorkloadPilot    9: 366463 op, 257173723.00 ns, 701.7727 ns/op

WorkloadWarmup   1: 366463 op, 254823404.00 ns, 695.3592 ns/op
WorkloadWarmup   2: 366463 op, 257472215.00 ns, 702.5872 ns/op
WorkloadWarmup   3: 366463 op, 257340588.00 ns, 702.2280 ns/op
WorkloadWarmup   4: 366463 op, 247970473.00 ns, 676.6590 ns/op
WorkloadWarmup   5: 366463 op, 246178947.00 ns, 671.7703 ns/op

// BeforeActualRun
WorkloadActual   1: 366463 op, 248370236.00 ns, 677.7498 ns/op
WorkloadActual   2: 366463 op, 249120279.00 ns, 679.7965 ns/op
WorkloadActual   3: 366463 op, 249720230.00 ns, 681.4337 ns/op
WorkloadActual   4: 366463 op, 251185505.00 ns, 685.4321 ns/op
WorkloadActual   5: 366463 op, 249613152.00 ns, 681.1415 ns/op
WorkloadActual   6: 366463 op, 245889465.00 ns, 670.9803 ns/op
WorkloadActual   7: 366463 op, 249643047.00 ns, 681.2231 ns/op
WorkloadActual   8: 366463 op, 251887717.00 ns, 687.3483 ns/op

// AfterActualRun
WorkloadResult   1: 366463 op, 248370236.00 ns, 677.7498 ns/op
WorkloadResult   2: 366463 op, 249120279.00 ns, 679.7965 ns/op
WorkloadResult   3: 366463 op, 249720230.00 ns, 681.4337 ns/op
WorkloadResult   4: 366463 op, 251185505.00 ns, 685.4321 ns/op
WorkloadResult   5: 366463 op, 249613152.00 ns, 681.1415 ns/op
WorkloadResult   6: 366463 op, 245889465.00 ns, 670.9803 ns/op
WorkloadResult   7: 366463 op, 249643047.00 ns, 681.2231 ns/op
// GC:  63 0 0 1061276848 366463
// Threading:  0 0 366463

// AfterAll
// Benchmark Process 3719 has exited with code 0.

Mean = 679.680 ns, StdErr = 1.691 ns (0.25%), N = 7, StdDev = 4.474 ns
Min = 670.980 ns, Q1 = 678.773 ns, Median = 681.141 ns, Q3 = 681.328 ns, Max = 685.432 ns
IQR = 2.555 ns, LowerFence = 674.940 ns, UpperFence = 685.161 ns
ConfidenceInterval = [669.603 ns; 689.756 ns] (CI 99.9%), Margin = 10.077 ns (1.48% of Mean)
Skewness = -0.74, Kurtosis = 2.44, MValue = 2

// ** Remained 31 (81.6 %) benchmark(s) to run. Estimated finish 2026-08-20 12:47 (0h 3m from now) **
// **************************
// Benchmark: DeserializeDictionary.ServiceStackText: Quick(MaxRelativeError=0.05, Arguments=/p:MatrixMode=Benchmark, IterationTime=250ms, MaxIterationCount=12, MaxWarmupIterationCount=5, MinIterationCount=8, MinWarmupIterationCount=3)
// *** Execute ***
// Launch: 1 / 1
// Execute: dotnet Matrix.JsonSerialization-Quick-1.dll --anonymousPipes 131 132 --benchmarkName Matrix.JsonSerialization.Benchmarks.DeserializeDictionary.ServiceStackText --job Quick --benchmarkId 7 in /home/runner/work/dotnet-matrix/dotnet-matrix/src/Matrix.JsonSerialization/bin/Benchmark/Release/net10.0/Matrix.JsonSerialization-Quick-1/bin/Release/net10.0
// Failed to set up high priority (Permission denied). In order to run benchmarks with high priority, make sure you have the right permissions.
// BeforeAnythingElse

// Benchmark Process Environment Information:
// BenchmarkDotNet v0.15.8
// Runtime=.NET 10.0.11 (10.0.11, 10.0.1126.37416), X64 RyuJIT x86-64-v3
// GC=Concurrent Workstation
// HardwareIntrinsics=AVX2+BMI1+BMI2+F16C+FMA+LZCNT+MOVBE,AVX,SSE3+SSSE3+SSE4.1+SSE4.2+POPCNT,X86Base+SSE+SSE2,AES+PCLMUL VectorSize=256
// Job: Quick(MaxRelativeError=0.05, IterationTime=250ms, MaxIterationCount=12, MaxWarmupIterationCount=5, MinIterationCount=8, MinWarmupIterationCount=3)

OverheadJitting  1: 1 op, 256533.00 ns, 256.5330 us/op
WorkloadJitting  1: 1 op, 48714891.00 ns, 48.7149 ms/op

WorkloadPilot    1: 4 op, 512094.00 ns, 128.0235 us/op
WorkloadPilot    2: 1953 op, 5256334.00 ns, 2.6914 us/op
WorkloadPilot    3: 92888 op, 183634844.00 ns, 1.9769 us/op
WorkloadPilot    4: 126457 op, 36219640.00 ns, 286.4186 ns/op
WorkloadPilot    5: 872848 op, 239344455.00 ns, 274.2109 ns/op
WorkloadPilot    6: 911707 op, 250196891.00 ns, 274.4269 ns/op
WorkloadPilot    7: 910990 op, 248600535.00 ns, 272.8905 ns/op
WorkloadPilot    8: 916118 op, 250247236.00 ns, 273.1605 ns/op
WorkloadPilot    9: 915213 op, 251010294.00 ns, 274.2643 ns/op

WorkloadWarmup   1: 915213 op, 250525851.00 ns, 273.7350 ns/op
WorkloadWarmup   2: 915213 op, 250878124.00 ns, 274.1199 ns/op
WorkloadWarmup   3: 915213 op, 251779833.00 ns, 275.1052 ns/op
WorkloadWarmup   4: 915213 op, 252166462.00 ns, 275.5276 ns/op
WorkloadWarmup   5: 915213 op, 251880062.00 ns, 275.2147 ns/op

// BeforeActualRun
WorkloadActual   1: 915213 op, 251891975.00 ns, 275.2277 ns/op
WorkloadActual   2: 915213 op, 252697432.00 ns, 276.1078 ns/op
WorkloadActual   3: 915213 op, 250385056.00 ns, 273.5812 ns/op
WorkloadActual   4: 915213 op, 262266181.00 ns, 286.5630 ns/op
WorkloadActual   5: 915213 op, 251711565.00 ns, 275.0306 ns/op
WorkloadActual   6: 915213 op, 251865795.00 ns, 275.1991 ns/op
WorkloadActual   7: 915213 op, 251614351.00 ns, 274.9244 ns/op
WorkloadActual   8: 915213 op, 251797788.00 ns, 275.1248 ns/op

// AfterActualRun
WorkloadResult   1: 915213 op, 251891975.00 ns, 275.2277 ns/op
WorkloadResult   2: 915213 op, 252697432.00 ns, 276.1078 ns/op
WorkloadResult   3: 915213 op, 250385056.00 ns, 273.5812 ns/op
WorkloadResult   4: 915213 op, 251711565.00 ns, 275.0306 ns/op
WorkloadResult   5: 915213 op, 251865795.00 ns, 275.1991 ns/op
WorkloadResult   6: 915213 op, 251614351.00 ns, 274.9244 ns/op
WorkloadResult   7: 915213 op, 251797788.00 ns, 275.1248 ns/op
// GC:  23 0 0 388050312 915213
// Threading:  0 0 915213

// AfterAll
// Benchmark Process 3730 has exited with code 0.

Mean = 275.028 ns, StdErr = 0.282 ns (0.10%), N = 7, StdDev = 0.747 ns
Min = 273.581 ns, Q1 = 274.977 ns, Median = 275.125 ns, Q3 = 275.213 ns, Max = 276.108 ns
IQR = 0.236 ns, LowerFence = 274.624 ns, UpperFence = 275.567 ns
ConfidenceInterval = [273.345 ns; 276.710 ns] (CI 99.9%), Margin = 1.683 ns (0.61% of Mean)
Skewness = -0.6, Kurtosis = 2.63, MValue = 2

// ** Remained 30 (78.9 %) benchmark(s) to run. Estimated finish 2026-08-20 12:47 (0h 2m from now) **
// **************************
// Benchmark: DeserializeDictionary.SystemTextJson: Quick(MaxRelativeError=0.05, Arguments=/p:MatrixMode=Benchmark, IterationTime=250ms, MaxIterationCount=12, MaxWarmupIterationCount=5, MinIterationCount=8, MinWarmupIterationCount=3)
// *** Execute ***
// Launch: 1 / 1
// Execute: dotnet Matrix.JsonSerialization-Quick-1.dll --anonymousPipes 131 132 --benchmarkName Matrix.JsonSerialization.Benchmarks.DeserializeDictionary.SystemTextJson --job Quick --benchmarkId 8 in /home/runner/work/dotnet-matrix/dotnet-matrix/src/Matrix.JsonSerialization/bin/Benchmark/Release/net10.0/Matrix.JsonSerialization-Quick-1/bin/Release/net10.0
// Failed to set up high priority (Permission denied). In order to run benchmarks with high priority, make sure you have the right permissions.
// BeforeAnythingElse

// Benchmark Process Environment Information:
// BenchmarkDotNet v0.15.8
// Runtime=.NET 10.0.11 (10.0.11, 10.0.1126.37416), X64 RyuJIT x86-64-v3
// GC=Concurrent Workstation
// HardwareIntrinsics=AVX2+BMI1+BMI2+F16C+FMA+LZCNT+MOVBE,AVX,SSE3+SSSE3+SSE4.1+SSE4.2+POPCNT,X86Base+SSE+SSE2,AES+PCLMUL VectorSize=256
// Job: Quick(MaxRelativeError=0.05, IterationTime=250ms, MaxIterationCount=12, MaxWarmupIterationCount=5, MinIterationCount=8, MinWarmupIterationCount=3)

OverheadJitting  1: 1 op, 274297.00 ns, 274.2970 us/op
WorkloadJitting  1: 1 op, 25401076.00 ns, 25.4011 ms/op

WorkloadPilot    1: 4 op, 56156.00 ns, 14.0390 us/op
WorkloadPilot    2: 17808 op, 35597968.00 ns, 1.9990 us/op
WorkloadPilot    3: 125063 op, 253974097.00 ns, 2.0308 us/op
WorkloadPilot    4: 123106 op, 186653072.00 ns, 1.5162 us/op
WorkloadPilot    5: 164886 op, 58995379.00 ns, 357.7950 ns/op
WorkloadPilot    6: 698724 op, 241415647.00 ns, 345.5093 ns/op
WorkloadPilot    7: 723570 op, 247892016.00 ns, 342.5958 ns/op
WorkloadPilot    8: 729723 op, 245399940.00 ns, 336.2919 ns/op
WorkloadPilot    9: 743402 op, 272466756.00 ns, 366.5133 ns/op
WorkloadPilot   10: 682103 op, 234422520.00 ns, 343.6761 ns/op
WorkloadPilot   11: 727429 op, 251845505.00 ns, 346.2132 ns/op

WorkloadWarmup   1: 727429 op, 247740691.00 ns, 340.5703 ns/op
WorkloadWarmup   2: 727429 op, 250653840.00 ns, 344.5750 ns/op
WorkloadWarmup   3: 727429 op, 249684824.00 ns, 343.2429 ns/op
WorkloadWarmup   4: 727429 op, 249960214.00 ns, 343.6215 ns/op
WorkloadWarmup   5: 727429 op, 249621014.00 ns, 343.1552 ns/op

// BeforeActualRun
WorkloadActual   1: 727429 op, 249605595.00 ns, 343.1340 ns/op
WorkloadActual   2: 727429 op, 265383552.00 ns, 364.8240 ns/op
WorkloadActual   3: 727429 op, 254472565.00 ns, 349.8246 ns/op
WorkloadActual   4: 727429 op, 250169468.00 ns, 343.9091 ns/op
WorkloadActual   5: 727429 op, 253256965.00 ns, 348.1535 ns/op
WorkloadActual   6: 727429 op, 251132593.00 ns, 345.2331 ns/op
WorkloadActual   7: 727429 op, 252354806.00 ns, 346.9133 ns/op
WorkloadActual   8: 727429 op, 249618770.00 ns, 343.1521 ns/op

// AfterActualRun
WorkloadResult   1: 727429 op, 249605595.00 ns, 343.1340 ns/op
WorkloadResult   2: 727429 op, 254472565.00 ns, 349.8246 ns/op
WorkloadResult   3: 727429 op, 250169468.00 ns, 343.9091 ns/op
WorkloadResult   4: 727429 op, 253256965.00 ns, 348.1535 ns/op
WorkloadResult   5: 727429 op, 251132593.00 ns, 345.2331 ns/op
WorkloadResult   6: 727429 op, 252354806.00 ns, 346.9133 ns/op
WorkloadResult   7: 727429 op, 249618770.00 ns, 343.1521 ns/op
// GC:  13 0 0 226957848 727429
// Threading:  0 0 727429

// AfterAll
// Benchmark Process 3741 has exited with code 0.

Mean = 345.760 ns, StdErr = 0.988 ns (0.29%), N = 7, StdDev = 2.613 ns
Min = 343.134 ns, Q1 = 343.531 ns, Median = 345.233 ns, Q3 = 347.533 ns, Max = 349.825 ns
IQR = 4.003 ns, LowerFence = 337.526 ns, UpperFence = 353.538 ns
ConfidenceInterval = [339.874 ns; 351.646 ns] (CI 99.9%), Margin = 5.886 ns (1.70% of Mean)
Skewness = 0.32, Kurtosis = 1.27, MValue = 2

// ** Remained 29 (76.3 %) benchmark(s) to run. Estimated finish 2026-08-20 12:47 (0h 2m from now) **
// ***** BenchmarkRunner: Finish  *****

// * Export *
  tmp/dotnet-matrix/JsonSerialization/948f2f120263437ba46c95bd1081aebc/results/Matrix.JsonSerialization.Benchmarks.DeserializeDictionary-report.csv
  tmp/dotnet-matrix/JsonSerialization/948f2f120263437ba46c95bd1081aebc/results/Matrix.JsonSerialization.Benchmarks.DeserializeDictionary-report-github.md
  tmp/dotnet-matrix/JsonSerialization/948f2f120263437ba46c95bd1081aebc/results/Matrix.JsonSerialization.Benchmarks.DeserializeDictionary-report.html
  tmp/dotnet-matrix/JsonSerialization/948f2f120263437ba46c95bd1081aebc/results/Matrix.JsonSerialization.Benchmarks.DeserializeDictionary-report-full.json

// * Detailed results *
DeserializeDictionary.ServiceStackText: Quick(MaxRelativeError=0.05, Arguments=/p:MatrixMode=Benchmark, IterationTime=250ms, MaxIterationCount=12, MaxWarmupIterationCount=5, MinIterationCount=8, MinWarmupIterationCount=3)
Runtime = .NET 10.0.11 (10.0.11, 10.0.1126.37416), X64 RyuJIT x86-64-v3; GC = Concurrent Workstation
Mean = 275.028 ns, StdErr = 0.282 ns (0.10%), N = 7, StdDev = 0.747 ns
Min = 273.581 ns, Q1 = 274.977 ns, Median = 275.125 ns, Q3 = 275.213 ns, Max = 276.108 ns
IQR = 0.236 ns, LowerFence = 274.624 ns, UpperFence = 275.567 ns
ConfidenceInterval = [273.345 ns; 276.710 ns] (CI 99.9%), Margin = 1.683 ns (0.61% of Mean)
Skewness = -0.6, Kurtosis = 2.63, MValue = 2
-------------------- Histogram --------------------
[273.069 ns ; 276.620 ns) | @@@@@@@
---------------------------------------------------

DeserializeDictionary.SystemTextJson: Quick(MaxRelativeError=0.05, Arguments=/p:MatrixMode=Benchmark, IterationTime=250ms, MaxIterationCount=12, MaxWarmupIterationCount=5, MinIterationCount=8, MinWarmupIterationCount=3)
Runtime = .NET 10.0.11 (10.0.11, 10.0.1126.37416), X64 RyuJIT x86-64-v3; GC = Concurrent Workstation
Mean = 345.760 ns, StdErr = 0.988 ns (0.29%), N = 7, StdDev = 2.613 ns
Min = 343.134 ns, Q1 = 343.531 ns, Median = 345.233 ns, Q3 = 347.533 ns, Max = 349.825 ns
IQR = 4.003 ns, LowerFence = 337.526 ns, UpperFence = 353.538 ns
ConfidenceInterval = [339.874 ns; 351.646 ns] (CI 99.9%), Margin = 5.886 ns (1.70% of Mean)
Skewness = 0.32, Kurtosis = 1.27, MValue = 2
-------------------- Histogram --------------------
[341.341 ns ; 351.618 ns) | @@@@@@@
---------------------------------------------------

DeserializeDictionary.NewtonsoftJson: Quick(MaxRelativeError=0.05, Arguments=/p:MatrixMode=Benchmark, IterationTime=250ms, MaxIterationCount=12, MaxWarmupIterationCount=5, MinIterationCount=8, MinWarmupIterationCount=3)
Runtime = .NET 10.0.11 (10.0.11, 10.0.1126.37416), X64 RyuJIT x86-64-v3; GC = Concurrent Workstation
Mean = 679.680 ns, StdErr = 1.691 ns (0.25%), N = 7, StdDev = 4.474 ns
Min = 670.980 ns, Q1 = 678.773 ns, Median = 681.141 ns, Q3 = 681.328 ns, Max = 685.432 ns
IQR = 2.555 ns, LowerFence = 674.940 ns, UpperFence = 685.161 ns
ConfidenceInterval = [669.603 ns; 689.756 ns] (CI 99.9%), Margin = 10.077 ns (1.48% of Mean)
Skewness = -0.74, Kurtosis = 2.44, MValue = 2
-------------------- Histogram --------------------
[667.911 ns ; 686.388 ns) | @@@@@@@
---------------------------------------------------

// * Summary *

BenchmarkDotNet v0.15.8, Linux Ubuntu 24.04.4 LTS (Noble Numbat)
AMD EPYC 7763 2.45GHz, 1 CPU, 4 logical and 2 physical cores
.NET SDK 10.0.400
  [Host] : .NET 10.0.11 (10.0.11, 10.0.1126.37416), X64 RyuJIT x86-64-v3
  Quick  : .NET 10.0.11 (10.0.11, 10.0.1126.37416), X64 RyuJIT x86-64-v3

Job=Quick  MaxRelativeError=0.05  Arguments=/p:MatrixMode=Benchmark  
IterationTime=250ms  MaxIterationCount=12  MaxWarmupIterationCount=5  
MinIterationCount=8  MinWarmupIterationCount=3  

| Method           | Mean     | Error    | StdDev  | Gen0   | Allocated |
|----------------- |---------:|---------:|--------:|-------:|----------:|
| ServiceStackText | 275.0 ns |  1.68 ns | 0.75 ns | 0.0251 |     424 B |
| SystemTextJson   | 345.8 ns |  5.89 ns | 2.61 ns | 0.0179 |     312 B |
| NewtonsoftJson   | 679.7 ns | 10.08 ns | 4.47 ns | 0.1719 |    2896 B |

// * Hints *
Outliers
  DeserializeDictionary.ServiceStackText: Quick -> 1 outlier  was  removed, 2 outliers were detected (273.58 ns, 286.56 ns)
  DeserializeDictionary.SystemTextJson: Quick   -> 1 outlier  was  removed (364.82 ns)
  DeserializeDictionary.NewtonsoftJson: Quick   -> 1 outlier  was  removed, 2 outliers were detected (670.98 ns, 687.35 ns)

// * Legends *
  Mean      : Arithmetic mean of all measurements
  Error     : Half of 99.9% confidence interval
  StdDev    : Standard deviation of all measurements
  Gen0      : GC Generation 0 collects per 1000 operations
  Allocated : Allocated memory per single operation (managed only, inclusive, 1KB = 1024B)
  1 ns      : 1 Nanosecond (0.000000001 sec)

// * Diagnostic Output - MemoryDiagnoser *


// ***** BenchmarkRunner: End *****
Run time: 00:00:16 (16.34 sec), executed benchmarks: 3

// Found 3 benchmarks:
//   DeserializeNestedObject.NewtonsoftJson: Quick(MaxRelativeError=0.05, Arguments=/p:MatrixMode=Benchmark, IterationTime=250ms, MaxIterationCount=12, MaxWarmupIterationCount=5, MinIterationCount=8, MinWarmupIterationCount=3)
//   DeserializeNestedObject.ServiceStackText: Quick(MaxRelativeError=0.05, Arguments=/p:MatrixMode=Benchmark, IterationTime=250ms, MaxIterationCount=12, MaxWarmupIterationCount=5, MinIterationCount=8, MinWarmupIterationCount=3)
//   DeserializeNestedObject.SystemTextJson: Quick(MaxRelativeError=0.05, Arguments=/p:MatrixMode=Benchmark, IterationTime=250ms, MaxIterationCount=12, MaxWarmupIterationCount=5, MinIterationCount=8, MinWarmupIterationCount=3)

// **************************
// Benchmark: DeserializeNestedObject.NewtonsoftJson: Quick(MaxRelativeError=0.05, Arguments=/p:MatrixMode=Benchmark, IterationTime=250ms, MaxIterationCount=12, MaxWarmupIterationCount=5, MinIterationCount=8, MinWarmupIterationCount=3)
// *** Execute ***
// Launch: 1 / 1
// Execute: dotnet Matrix.JsonSerialization-Quick-1.dll --anonymousPipes 131 132 --benchmarkName Matrix.JsonSerialization.Benchmarks.DeserializeNestedObject.NewtonsoftJson --job Quick --benchmarkId 9 in /home/runner/work/dotnet-matrix/dotnet-matrix/src/Matrix.JsonSerialization/bin/Benchmark/Release/net10.0/Matrix.JsonSerialization-Quick-1/bin/Release/net10.0
// Failed to set up high priority (Permission denied). In order to run benchmarks with high priority, make sure you have the right permissions.
// BeforeAnythingElse

// Benchmark Process Environment Information:
// BenchmarkDotNet v0.15.8
// Runtime=.NET 10.0.11 (10.0.11, 10.0.1126.37416), X64 RyuJIT x86-64-v3
// GC=Concurrent Workstation
// HardwareIntrinsics=AVX2+BMI1+BMI2+F16C+FMA+LZCNT+MOVBE,AVX,SSE3+SSSE3+SSE4.1+SSE4.2+POPCNT,X86Base+SSE+SSE2,AES+PCLMUL VectorSize=256
// Job: Quick(MaxRelativeError=0.05, IterationTime=250ms, MaxIterationCount=12, MaxWarmupIterationCount=5, MinIterationCount=8, MinWarmupIterationCount=3)

OverheadJitting  1: 1 op, 227148.00 ns, 227.1480 us/op
WorkloadJitting  1: 1 op, 63414442.00 ns, 63.4144 ms/op

WorkloadPilot    1: 4 op, 95039.00 ns, 23.7598 us/op
WorkloadPilot    2: 10522 op, 100650355.00 ns, 9.5657 us/op
WorkloadPilot    3: 26135 op, 302724613.00 ns, 11.5831 us/op
WorkloadPilot    4: 21583 op, 46737383.00 ns, 2.1655 us/op
WorkloadPilot    5: 115448 op, 139635563.00 ns, 1.2095 us/op
WorkloadPilot    6: 206695 op, 248660414.00 ns, 1.2030 us/op
WorkloadPilot    7: 207809 op, 245534415.00 ns, 1.1815 us/op
WorkloadPilot    8: 211588 op, 252597182.00 ns, 1.1938 us/op
WorkloadPilot    9: 209412 op, 254418573.00 ns, 1.2149 us/op

WorkloadWarmup   1: 209412 op, 251738915.00 ns, 1.2021 us/op
WorkloadWarmup   2: 209412 op, 261505895.00 ns, 1.2488 us/op
WorkloadWarmup   3: 209412 op, 248718113.00 ns, 1.1877 us/op
WorkloadWarmup   4: 209412 op, 252344245.00 ns, 1.2050 us/op
WorkloadWarmup   5: 209412 op, 250188524.00 ns, 1.1947 us/op

// BeforeActualRun
WorkloadActual   1: 209412 op, 243091903.00 ns, 1.1608 us/op
WorkloadActual   2: 209412 op, 234767120.00 ns, 1.1211 us/op
WorkloadActual   3: 209412 op, 230314322.00 ns, 1.0998 us/op
WorkloadActual   4: 209412 op, 238635380.00 ns, 1.1395 us/op
WorkloadActual   5: 209412 op, 233738454.00 ns, 1.1162 us/op
WorkloadActual   6: 209412 op, 234168474.00 ns, 1.1182 us/op
WorkloadActual   7: 209412 op, 242398399.00 ns, 1.1575 us/op
WorkloadActual   8: 209412 op, 249215783.00 ns, 1.1901 us/op
WorkloadActual   9: 209412 op, 251927041.00 ns, 1.2030 us/op
WorkloadActual  10: 209412 op, 244388108.00 ns, 1.1670 us/op

// AfterActualRun
WorkloadResult   1: 209412 op, 243091903.00 ns, 1.1608 us/op
WorkloadResult   2: 209412 op, 234767120.00 ns, 1.1211 us/op
WorkloadResult   3: 209412 op, 230314322.00 ns, 1.0998 us/op
WorkloadResult   4: 209412 op, 238635380.00 ns, 1.1395 us/op
WorkloadResult   5: 209412 op, 233738454.00 ns, 1.1162 us/op
WorkloadResult   6: 209412 op, 234168474.00 ns, 1.1182 us/op
WorkloadResult   7: 209412 op, 242398399.00 ns, 1.1575 us/op
WorkloadResult   8: 209412 op, 249215783.00 ns, 1.1901 us/op
WorkloadResult   9: 209412 op, 251927041.00 ns, 1.2030 us/op
WorkloadResult  10: 209412 op, 244388108.00 ns, 1.1670 us/op
// GC:  37 0 0 619859520 209412
// Threading:  0 0 209412

// AfterAll
// Benchmark Process 3750 has exited with code 0.

Mean = 1.147 μs, StdErr = 0.011 μs (0.94%), N = 10, StdDev = 0.034 μs
Min = 1.100 μs, Q1 = 1.119 μs, Median = 1.149 μs, Q3 = 1.165 μs, Max = 1.203 μs
IQR = 0.047 μs, LowerFence = 1.049 μs, UpperFence = 1.235 μs
ConfidenceInterval = [1.096 μs; 1.199 μs] (CI 99.9%), Margin = 0.051 μs (4.49% of Mean)
Skewness = 0.21, Kurtosis = 1.52, MValue = 2

// ** Remained 28 (73.7 %) benchmark(s) to run. Estimated finish 2026-08-20 12:47 (0h 2m from now) **
// **************************
// Benchmark: DeserializeNestedObject.ServiceStackText: Quick(MaxRelativeError=0.05, Arguments=/p:MatrixMode=Benchmark, IterationTime=250ms, MaxIterationCount=12, MaxWarmupIterationCount=5, MinIterationCount=8, MinWarmupIterationCount=3)
// *** Execute ***
// Launch: 1 / 1
// Execute: dotnet Matrix.JsonSerialization-Quick-1.dll --anonymousPipes 131 132 --benchmarkName Matrix.JsonSerialization.Benchmarks.DeserializeNestedObject.ServiceStackText --job Quick --benchmarkId 10 in /home/runner/work/dotnet-matrix/dotnet-matrix/src/Matrix.JsonSerialization/bin/Benchmark/Release/net10.0/Matrix.JsonSerialization-Quick-1/bin/Release/net10.0
// Failed to set up high priority (Permission denied). In order to run benchmarks with high priority, make sure you have the right permissions.
// BeforeAnythingElse

// Benchmark Process Environment Information:
// BenchmarkDotNet v0.15.8
// Runtime=.NET 10.0.11 (10.0.11, 10.0.1126.37416), X64 RyuJIT x86-64-v3
// GC=Concurrent Workstation
// HardwareIntrinsics=AVX2+BMI1+BMI2+F16C+FMA+LZCNT+MOVBE,AVX,SSE3+SSSE3+SSE4.1+SSE4.2+POPCNT,X86Base+SSE+SSE2,AES+PCLMUL VectorSize=256
// Job: Quick(MaxRelativeError=0.05, IterationTime=250ms, MaxIterationCount=12, MaxWarmupIterationCount=5, MinIterationCount=8, MinWarmupIterationCount=3)

OverheadJitting  1: 1 op, 257335.00 ns, 257.3350 us/op
WorkloadJitting  1: 1 op, 49033519.00 ns, 49.0335 ms/op

WorkloadPilot    1: 4 op, 77145.00 ns, 19.2863 us/op
WorkloadPilot    2: 12963 op, 59138748.00 ns, 4.5621 us/op
WorkloadPilot    3: 54799 op, 146686057.00 ns, 2.6768 us/op
WorkloadPilot    4: 93395 op, 51318153.00 ns, 549.4743 ns/op
WorkloadPilot    5: 454980 op, 249722628.00 ns, 548.8651 ns/op
WorkloadPilot    6: 455485 op, 251334946.00 ns, 551.7963 ns/op
WorkloadPilot    7: 453066 op, 247912308.00 ns, 547.1881 ns/op
WorkloadPilot    8: 456881 op, 250373475.00 ns, 548.0059 ns/op
WorkloadPilot    9: 456199 op, 249419868.00 ns, 546.7348 ns/op
WorkloadPilot   10: 457260 op, 250306398.00 ns, 547.4050 ns/op

WorkloadWarmup   1: 457260 op, 250372833.00 ns, 547.5503 ns/op
WorkloadWarmup   2: 457260 op, 249703682.00 ns, 546.0869 ns/op
WorkloadWarmup   3: 457260 op, 249166390.00 ns, 544.9118 ns/op
WorkloadWarmup   4: 457260 op, 246752753.00 ns, 539.6334 ns/op
WorkloadWarmup   5: 457260 op, 246952690.00 ns, 540.0706 ns/op

// BeforeActualRun
WorkloadActual   1: 457260 op, 245399273.00 ns, 536.6734 ns/op
WorkloadActual   2: 457260 op, 246646212.00 ns, 539.4004 ns/op
WorkloadActual   3: 457260 op, 245375157.00 ns, 536.6206 ns/op
WorkloadActual   4: 457260 op, 244878582.00 ns, 535.5347 ns/op
WorkloadActual   5: 457260 op, 245246896.00 ns, 536.3401 ns/op
WorkloadActual   6: 457260 op, 246566973.00 ns, 539.2271 ns/op
WorkloadActual   7: 457260 op, 247710026.00 ns, 541.7269 ns/op
WorkloadActual   8: 457260 op, 247775620.00 ns, 541.8703 ns/op

// AfterActualRun
WorkloadResult   1: 457260 op, 245399273.00 ns, 536.6734 ns/op
WorkloadResult   2: 457260 op, 246646212.00 ns, 539.4004 ns/op
WorkloadResult   3: 457260 op, 245375157.00 ns, 536.6206 ns/op
WorkloadResult   4: 457260 op, 244878582.00 ns, 535.5347 ns/op
WorkloadResult   5: 457260 op, 245246896.00 ns, 536.3401 ns/op
WorkloadResult   6: 457260 op, 246566973.00 ns, 539.2271 ns/op
WorkloadResult   7: 457260 op, 247710026.00 ns, 541.7269 ns/op
WorkloadResult   8: 457260 op, 247775620.00 ns, 541.8703 ns/op
// GC:  8 0 0 146323200 457260
// Threading:  0 0 457260

// AfterAll
// Benchmark Process 3762 has exited with code 0.

Mean = 538.424 ns, StdErr = 0.880 ns (0.16%), N = 8, StdDev = 2.490 ns
Min = 535.535 ns, Q1 = 536.551 ns, Median = 537.950 ns, Q3 = 539.982 ns, Max = 541.870 ns
IQR = 3.431 ns, LowerFence = 531.403 ns, UpperFence = 545.129 ns
ConfidenceInterval = [533.664 ns; 543.185 ns] (CI 99.9%), Margin = 4.760 ns (0.88% of Mean)
Skewness = 0.28, Kurtosis = 1.2, MValue = 2

// ** Remained 27 (71.1 %) benchmark(s) to run. Estimated finish 2026-08-20 12:47 (0h 2m from now) **
// **************************
// Benchmark: DeserializeNestedObject.SystemTextJson: Quick(MaxRelativeError=0.05, Arguments=/p:MatrixMode=Benchmark, IterationTime=250ms, MaxIterationCount=12, MaxWarmupIterationCount=5, MinIterationCount=8, MinWarmupIterationCount=3)
// *** Execute ***
// Launch: 1 / 1
// Execute: dotnet Matrix.JsonSerialization-Quick-1.dll --anonymousPipes 131 132 --benchmarkName Matrix.JsonSerialization.Benchmarks.DeserializeNestedObject.SystemTextJson --job Quick --benchmarkId 11 in /home/runner/work/dotnet-matrix/dotnet-matrix/src/Matrix.JsonSerialization/bin/Benchmark/Release/net10.0/Matrix.JsonSerialization-Quick-1/bin/Release/net10.0
// Failed to set up high priority (Permission denied). In order to run benchmarks with high priority, make sure you have the right permissions.
// BeforeAnythingElse

// Benchmark Process Environment Information:
// BenchmarkDotNet v0.15.8
// Runtime=.NET 10.0.11 (10.0.11, 10.0.1126.37416), X64 RyuJIT x86-64-v3
// GC=Concurrent Workstation
// HardwareIntrinsics=AVX2+BMI1+BMI2+F16C+FMA+LZCNT+MOVBE,AVX,SSE3+SSSE3+SSE4.1+SSE4.2+POPCNT,X86Base+SSE+SSE2,AES+PCLMUL VectorSize=256
// Job: Quick(MaxRelativeError=0.05, IterationTime=250ms, MaxIterationCount=12, MaxWarmupIterationCount=5, MinIterationCount=8, MinWarmupIterationCount=3)

OverheadJitting  1: 1 op, 259379.00 ns, 259.3790 us/op
WorkloadJitting  1: 1 op, 29137475.00 ns, 29.1375 ms/op

WorkloadPilot    1: 4 op, 110969.00 ns, 27.7423 us/op
WorkloadPilot    2: 9012 op, 35851485.00 ns, 3.9782 us/op
WorkloadPilot    3: 62843 op, 240125034.00 ns, 3.8210 us/op
WorkloadPilot    4: 65427 op, 156175428.00 ns, 2.3870 us/op
WorkloadPilot    5: 104733 op, 78949182.00 ns, 753.8138 ns/op
WorkloadPilot    6: 331647 op, 205938943.00 ns, 620.9583 ns/op
WorkloadPilot    7: 402604 op, 243013358.00 ns, 603.6039 ns/op
WorkloadPilot    8: 414179 op, 253409531.00 ns, 611.8358 ns/op
WorkloadPilot    9: 408606 op, 255299381.00 ns, 624.8058 ns/op
WorkloadPilot   10: 400124 op, 240390438.00 ns, 600.7899 ns/op
WorkloadPilot   11: 416119 op, 248333099.00 ns, 596.7839 ns/op
WorkloadPilot   12: 418912 op, 251366533.00 ns, 600.0462 ns/op

WorkloadWarmup   1: 418912 op, 251432266.00 ns, 600.2031 ns/op
WorkloadWarmup   2: 418912 op, 253304393.00 ns, 604.6721 ns/op
WorkloadWarmup   3: 418912 op, 251873949.00 ns, 601.2574 ns/op
WorkloadWarmup   4: 418912 op, 253801700.00 ns, 605.8592 ns/op
WorkloadWarmup   5: 418912 op, 256262064.00 ns, 611.7324 ns/op

// BeforeActualRun
WorkloadActual   1: 418912 op, 260369391.00 ns, 621.5372 ns/op
WorkloadActual   2: 418912 op, 254816541.00 ns, 608.2818 ns/op
WorkloadActual   3: 418912 op, 251146718.00 ns, 599.5214 ns/op
WorkloadActual   4: 418912 op, 251721902.00 ns, 600.8945 ns/op
WorkloadActual   5: 418912 op, 254026674.00 ns, 606.3963 ns/op
WorkloadActual   6: 418912 op, 253722240.00 ns, 605.6695 ns/op
WorkloadActual   7: 418912 op, 254252559.00 ns, 606.9355 ns/op
WorkloadActual   8: 418912 op, 254218806.00 ns, 606.8549 ns/op

// AfterActualRun
WorkloadResult   1: 418912 op, 254816541.00 ns, 608.2818 ns/op
WorkloadResult   2: 418912 op, 251146718.00 ns, 599.5214 ns/op
WorkloadResult   3: 418912 op, 251721902.00 ns, 600.8945 ns/op
WorkloadResult   4: 418912 op, 254026674.00 ns, 606.3963 ns/op
WorkloadResult   5: 418912 op, 253722240.00 ns, 605.6695 ns/op
WorkloadResult   6: 418912 op, 254252559.00 ns, 606.9355 ns/op
WorkloadResult   7: 418912 op, 254218806.00 ns, 606.8549 ns/op
// GC:  19 0 0 321724416 418912
// Threading:  0 0 418912

// AfterAll
// Benchmark Process 3772 has exited with code 0.

Mean = 604.936 ns, StdErr = 1.265 ns (0.21%), N = 7, StdDev = 3.347 ns
Min = 599.521 ns, Q1 = 603.282 ns, Median = 606.396 ns, Q3 = 606.895 ns, Max = 608.282 ns
IQR = 3.613 ns, LowerFence = 597.862 ns, UpperFence = 612.315 ns
ConfidenceInterval = [597.399 ns; 612.473 ns] (CI 99.9%), Margin = 7.537 ns (1.25% of Mean)
Skewness = -0.64, Kurtosis = 1.46, MValue = 2

// ** Remained 26 (68.4 %) benchmark(s) to run. Estimated finish 2026-08-20 12:47 (0h 2m from now) **
// ***** BenchmarkRunner: Finish  *****

// * Export *
  tmp/dotnet-matrix/JsonSerialization/948f2f120263437ba46c95bd1081aebc/results/Matrix.JsonSerialization.Benchmarks.DeserializeNestedObject-report.csv
  tmp/dotnet-matrix/JsonSerialization/948f2f120263437ba46c95bd1081aebc/results/Matrix.JsonSerialization.Benchmarks.DeserializeNestedObject-report-github.md
  tmp/dotnet-matrix/JsonSerialization/948f2f120263437ba46c95bd1081aebc/results/Matrix.JsonSerialization.Benchmarks.DeserializeNestedObject-report.html
  tmp/dotnet-matrix/JsonSerialization/948f2f120263437ba46c95bd1081aebc/results/Matrix.JsonSerialization.Benchmarks.DeserializeNestedObject-report-full.json

// * Detailed results *
DeserializeNestedObject.ServiceStackText: Quick(MaxRelativeError=0.05, Arguments=/p:MatrixMode=Benchmark, IterationTime=250ms, MaxIterationCount=12, MaxWarmupIterationCount=5, MinIterationCount=8, MinWarmupIterationCount=3)
Runtime = .NET 10.0.11 (10.0.11, 10.0.1126.37416), X64 RyuJIT x86-64-v3; GC = Concurrent Workstation
Mean = 538.424 ns, StdErr = 0.880 ns (0.16%), N = 8, StdDev = 2.490 ns
Min = 535.535 ns, Q1 = 536.551 ns, Median = 537.950 ns, Q3 = 539.982 ns, Max = 541.870 ns
IQR = 3.431 ns, LowerFence = 531.403 ns, UpperFence = 545.129 ns
ConfidenceInterval = [533.664 ns; 543.185 ns] (CI 99.9%), Margin = 4.760 ns (0.88% of Mean)
Skewness = 0.28, Kurtosis = 1.2, MValue = 2
-------------------- Histogram --------------------
[533.901 ns ; 543.504 ns) | @@@@@@@@
---------------------------------------------------

DeserializeNestedObject.SystemTextJson: Quick(MaxRelativeError=0.05, Arguments=/p:MatrixMode=Benchmark, IterationTime=250ms, MaxIterationCount=12, MaxWarmupIterationCount=5, MinIterationCount=8, MinWarmupIterationCount=3)
Runtime = .NET 10.0.11 (10.0.11, 10.0.1126.37416), X64 RyuJIT x86-64-v3; GC = Concurrent Workstation
Mean = 604.936 ns, StdErr = 1.265 ns (0.21%), N = 7, StdDev = 3.347 ns
Min = 599.521 ns, Q1 = 603.282 ns, Median = 606.396 ns, Q3 = 606.895 ns, Max = 608.282 ns
IQR = 3.613 ns, LowerFence = 597.862 ns, UpperFence = 612.315 ns
ConfidenceInterval = [597.399 ns; 612.473 ns] (CI 99.9%), Margin = 7.537 ns (1.25% of Mean)
Skewness = -0.64, Kurtosis = 1.46, MValue = 2
-------------------- Histogram --------------------
[597.225 ns ; 610.578 ns) | @@@@@@@
---------------------------------------------------

DeserializeNestedObject.NewtonsoftJson: Quick(MaxRelativeError=0.05, Arguments=/p:MatrixMode=Benchmark, IterationTime=250ms, MaxIterationCount=12, MaxWarmupIterationCount=5, MinIterationCount=8, MinWarmupIterationCount=3)
Runtime = .NET 10.0.11 (10.0.11, 10.0.1126.37416), X64 RyuJIT x86-64-v3; GC = Concurrent Workstation
Mean = 1.147 μs, StdErr = 0.011 μs (0.94%), N = 10, StdDev = 0.034 μs
Min = 1.100 μs, Q1 = 1.119 μs, Median = 1.149 μs, Q3 = 1.165 μs, Max = 1.203 μs
IQR = 0.047 μs, LowerFence = 1.049 μs, UpperFence = 1.235 μs
ConfidenceInterval = [1.096 μs; 1.199 μs] (CI 99.9%), Margin = 0.051 μs (4.49% of Mean)
Skewness = 0.21, Kurtosis = 1.52, MValue = 2
-------------------- Histogram --------------------
[1.099 μs ; 1.153 μs) | @@@@@
[1.153 μs ; 1.195 μs) | @@@@
[1.195 μs ; 1.224 μs) | @
---------------------------------------------------

// * Summary *

BenchmarkDotNet v0.15.8, Linux Ubuntu 24.04.4 LTS (Noble Numbat)
AMD EPYC 7763 2.45GHz, 1 CPU, 4 logical and 2 physical cores
.NET SDK 10.0.400
  [Host] : .NET 10.0.11 (10.0.11, 10.0.1126.37416), X64 RyuJIT x86-64-v3
  Quick  : .NET 10.0.11 (10.0.11, 10.0.1126.37416), X64 RyuJIT x86-64-v3

Job=Quick  MaxRelativeError=0.05  Arguments=/p:MatrixMode=Benchmark  
IterationTime=250ms  MaxIterationCount=12  MaxWarmupIterationCount=5  
MinIterationCount=8  MinWarmupIterationCount=3  

| Method           | Mean       | Error    | StdDev   | Gen0   | Allocated |
|----------------- |-----------:|---------:|---------:|-------:|----------:|
| ServiceStackText |   538.4 ns |  4.76 ns |  2.49 ns | 0.0175 |     320 B |
| SystemTextJson   |   604.9 ns |  7.54 ns |  3.35 ns | 0.0454 |     768 B |
| NewtonsoftJson   | 1,147.3 ns | 51.46 ns | 34.04 ns | 0.1767 |    2960 B |

// * Hints *
Outliers
  DeserializeNestedObject.SystemTextJson: Quick -> 1 outlier  was  removed, 2 outliers were detected (599.52 ns, 621.54 ns)

// * Legends *
  Mean      : Arithmetic mean of all measurements
  Error     : Half of 99.9% confidence interval
  StdDev    : Standard deviation of all measurements
  Gen0      : GC Generation 0 collects per 1000 operations
  Allocated : Allocated memory per single operation (managed only, inclusive, 1KB = 1024B)
  1 ns      : 1 Nanosecond (0.000000001 sec)

// * Diagnostic Output - MemoryDiagnoser *


// ***** BenchmarkRunner: End *****
Run time: 00:00:17 (17.25 sec), executed benchmarks: 3

// Found 3 benchmarks:
//   DeserializeSimpleObject.NewtonsoftJson: Quick(MaxRelativeError=0.05, Arguments=/p:MatrixMode=Benchmark, IterationTime=250ms, MaxIterationCount=12, MaxWarmupIterationCount=5, MinIterationCount=8, MinWarmupIterationCount=3)
//   DeserializeSimpleObject.ServiceStackText: Quick(MaxRelativeError=0.05, Arguments=/p:MatrixMode=Benchmark, IterationTime=250ms, MaxIterationCount=12, MaxWarmupIterationCount=5, MinIterationCount=8, MinWarmupIterationCount=3)
//   DeserializeSimpleObject.SystemTextJson: Quick(MaxRelativeError=0.05, Arguments=/p:MatrixMode=Benchmark, IterationTime=250ms, MaxIterationCount=12, MaxWarmupIterationCount=5, MinIterationCount=8, MinWarmupIterationCount=3)

// **************************
// Benchmark: DeserializeSimpleObject.NewtonsoftJson: Quick(MaxRelativeError=0.05, Arguments=/p:MatrixMode=Benchmark, IterationTime=250ms, MaxIterationCount=12, MaxWarmupIterationCount=5, MinIterationCount=8, MinWarmupIterationCount=3)
// *** Execute ***
// Launch: 1 / 1
// Execute: dotnet Matrix.JsonSerialization-Quick-1.dll --anonymousPipes 131 132 --benchmarkName Matrix.JsonSerialization.Benchmarks.DeserializeSimpleObject.NewtonsoftJson --job Quick --benchmarkId 12 in /home/runner/work/dotnet-matrix/dotnet-matrix/src/Matrix.JsonSerialization/bin/Benchmark/Release/net10.0/Matrix.JsonSerialization-Quick-1/bin/Release/net10.0
// Failed to set up high priority (Permission denied). In order to run benchmarks with high priority, make sure you have the right permissions.
// BeforeAnythingElse

// Benchmark Process Environment Information:
// BenchmarkDotNet v0.15.8
// Runtime=.NET 10.0.11 (10.0.11, 10.0.1126.37416), X64 RyuJIT x86-64-v3
// GC=Concurrent Workstation
// HardwareIntrinsics=AVX2+BMI1+BMI2+F16C+FMA+LZCNT+MOVBE,AVX,SSE3+SSSE3+SSE4.1+SSE4.2+POPCNT,X86Base+SSE+SSE2,AES+PCLMUL VectorSize=256
// Job: Quick(MaxRelativeError=0.05, IterationTime=250ms, MaxIterationCount=12, MaxWarmupIterationCount=5, MinIterationCount=8, MinWarmupIterationCount=3)

OverheadJitting  1: 1 op, 219163.00 ns, 219.1630 us/op
WorkloadJitting  1: 1 op, 59663144.00 ns, 59.6631 ms/op

WorkloadPilot    1: 4 op, 88397.00 ns, 22.0993 us/op
WorkloadPilot    2: 11313 op, 58145015.00 ns, 5.1397 us/op
WorkloadPilot    3: 48641 op, 292414203.00 ns, 6.0117 us/op
WorkloadPilot    4: 41586 op, 96304743.00 ns, 2.3158 us/op
WorkloadPilot    5: 107954 op, 65549401.00 ns, 607.1975 ns/op
WorkloadPilot    6: 411728 op, 239444637.00 ns, 581.5602 ns/op
WorkloadPilot    7: 429878 op, 246505076.00 ns, 573.4303 ns/op
WorkloadPilot    8: 435973 op, 248435581.00 ns, 569.8417 ns/op
WorkloadPilot    9: 438718 op, 253544064.00 ns, 577.9204 ns/op
WorkloadPilot   10: 432586 op, 248059424.00 ns, 573.4338 ns/op
WorkloadPilot   11: 435970 op, 253635907.00 ns, 581.7738 ns/op

WorkloadWarmup   1: 435970 op, 248314448.00 ns, 569.5677 ns/op
WorkloadWarmup   2: 435970 op, 252422798.00 ns, 578.9912 ns/op
WorkloadWarmup   3: 435970 op, 254777294.00 ns, 584.3918 ns/op
WorkloadWarmup   4: 435970 op, 254143069.00 ns, 582.9371 ns/op
WorkloadWarmup   5: 435970 op, 254110417.00 ns, 582.8622 ns/op

// BeforeActualRun
WorkloadActual   1: 435970 op, 247988444.00 ns, 568.8200 ns/op
WorkloadActual   2: 435970 op, 253970173.00 ns, 582.5405 ns/op
WorkloadActual   3: 435970 op, 249379875.00 ns, 572.0115 ns/op
WorkloadActual   4: 435970 op, 252356382.00 ns, 578.8389 ns/op
WorkloadActual   5: 435970 op, 254429789.00 ns, 583.5947 ns/op
WorkloadActual   6: 435970 op, 264401765.00 ns, 606.4678 ns/op
WorkloadActual   7: 435970 op, 271918224.00 ns, 623.7086 ns/op
WorkloadActual   8: 435970 op, 266640972.00 ns, 611.6039 ns/op
WorkloadActual   9: 435970 op, 257114696.00 ns, 589.7532 ns/op
WorkloadActual  10: 435970 op, 253522580.00 ns, 581.5138 ns/op

// AfterActualRun
WorkloadResult   1: 435970 op, 247988444.00 ns, 568.8200 ns/op
WorkloadResult   2: 435970 op, 253970173.00 ns, 582.5405 ns/op
WorkloadResult   3: 435970 op, 249379875.00 ns, 572.0115 ns/op
WorkloadResult   4: 435970 op, 252356382.00 ns, 578.8389 ns/op
WorkloadResult   5: 435970 op, 254429789.00 ns, 583.5947 ns/op
WorkloadResult   6: 435970 op, 264401765.00 ns, 606.4678 ns/op
WorkloadResult   7: 435970 op, 271918224.00 ns, 623.7086 ns/op
WorkloadResult   8: 435970 op, 266640972.00 ns, 611.6039 ns/op
WorkloadResult   9: 435970 op, 257114696.00 ns, 589.7532 ns/op
WorkloadResult  10: 435970 op, 253522580.00 ns, 581.5138 ns/op
// GC:  69 0 0 1164911840 435970
// Threading:  0 0 435970

// AfterAll
// Benchmark Process 3782 has exited with code 0.

Mean = 589.885 ns, StdErr = 5.715 ns (0.97%), N = 10, StdDev = 18.073 ns
Min = 568.820 ns, Q1 = 579.508 ns, Median = 583.068 ns, Q3 = 602.289 ns, Max = 623.709 ns
IQR = 22.782 ns, LowerFence = 545.335 ns, UpperFence = 636.461 ns
ConfidenceInterval = [562.562 ns; 617.208 ns] (CI 99.9%), Margin = 27.323 ns (4.63% of Mean)
Skewness = 0.61, Kurtosis = 1.81, MValue = 2.86

// ** Remained 25 (65.8 %) benchmark(s) to run. Estimated finish 2026-08-20 12:47 (0h 2m from now) **
// **************************
// Benchmark: DeserializeSimpleObject.ServiceStackText: Quick(MaxRelativeError=0.05, Arguments=/p:MatrixMode=Benchmark, IterationTime=250ms, MaxIterationCount=12, MaxWarmupIterationCount=5, MinIterationCount=8, MinWarmupIterationCount=3)
// *** Execute ***
// Launch: 1 / 1
// Execute: dotnet Matrix.JsonSerialization-Quick-1.dll --anonymousPipes 131 132 --benchmarkName Matrix.JsonSerialization.Benchmarks.DeserializeSimpleObject.ServiceStackText --job Quick --benchmarkId 13 in /home/runner/work/dotnet-matrix/dotnet-matrix/src/Matrix.JsonSerialization/bin/Benchmark/Release/net10.0/Matrix.JsonSerialization-Quick-1/bin/Release/net10.0
// Failed to set up high priority (Permission denied). In order to run benchmarks with high priority, make sure you have the right permissions.
// BeforeAnythingElse

// Benchmark Process Environment Information:
// BenchmarkDotNet v0.15.8
// Runtime=.NET 10.0.11 (10.0.11, 10.0.1126.37416), X64 RyuJIT x86-64-v3
// GC=Concurrent Workstation
// HardwareIntrinsics=AVX2+BMI1+BMI2+F16C+FMA+LZCNT+MOVBE,AVX,SSE3+SSSE3+SSE4.1+SSE4.2+POPCNT,X86Base+SSE+SSE2,AES+PCLMUL VectorSize=256
// Job: Quick(MaxRelativeError=0.05, IterationTime=250ms, MaxIterationCount=12, MaxWarmupIterationCount=5, MinIterationCount=8, MinWarmupIterationCount=3)

OverheadJitting  1: 1 op, 221116.00 ns, 221.1160 us/op
WorkloadJitting  1: 1 op, 48811674.00 ns, 48.8117 ms/op

WorkloadPilot    1: 4 op, 17363.00 ns, 4.3408 us/op
WorkloadPilot    2: 57594 op, 91294014.00 ns, 1.5851 us/op
WorkloadPilot    3: 157716 op, 128798466.00 ns, 816.6481 ns/op
WorkloadPilot    4: 306129 op, 59574029.00 ns, 194.6043 ns/op
WorkloadPilot    5: 1284658 op, 241456590.00 ns, 187.9540 ns/op
WorkloadPilot    6: 1330113 op, 248573146.00 ns, 186.8812 ns/op
WorkloadPilot    7: 1337748 op, 247062569.00 ns, 184.6854 ns/op
WorkloadPilot    8: 1353653 op, 253872198.00 ns, 187.5460 ns/op
WorkloadPilot    9: 1333006 op, 252402910.00 ns, 189.3487 ns/op
WorkloadPilot   10: 1320316 op, 244694108.00 ns, 185.3300 ns/op
WorkloadPilot   11: 1348945 op, 249739532.00 ns, 185.1369 ns/op
WorkloadPilot   12: 1350352 op, 250579866.00 ns, 185.5663 ns/op

WorkloadWarmup   1: 1350352 op, 251114333.00 ns, 185.9621 ns/op
WorkloadWarmup   2: 1350352 op, 250142803.00 ns, 185.2427 ns/op
WorkloadWarmup   3: 1350352 op, 250180624.00 ns, 185.2707 ns/op
WorkloadWarmup   4: 1350352 op, 250105011.00 ns, 185.2147 ns/op
WorkloadWarmup   5: 1350352 op, 249961872.00 ns, 185.1087 ns/op

// BeforeActualRun
WorkloadActual   1: 1350352 op, 250116062.00 ns, 185.2229 ns/op
WorkloadActual   2: 1350352 op, 251967174.00 ns, 186.5937 ns/op
WorkloadActual   3: 1350352 op, 250892961.00 ns, 185.7982 ns/op
WorkloadActual   4: 1350352 op, 250915564.00 ns, 185.8149 ns/op
WorkloadActual   5: 1350352 op, 249528691.00 ns, 184.7879 ns/op
WorkloadActual   6: 1350352 op, 250358134.00 ns, 185.4021 ns/op
WorkloadActual   7: 1350352 op, 250361961.00 ns, 185.4050 ns/op
WorkloadActual   8: 1350352 op, 249843654.00 ns, 185.0211 ns/op

// AfterActualRun
WorkloadResult   1: 1350352 op, 250116062.00 ns, 185.2229 ns/op
WorkloadResult   2: 1350352 op, 251967174.00 ns, 186.5937 ns/op
WorkloadResult   3: 1350352 op, 250892961.00 ns, 185.7982 ns/op
WorkloadResult   4: 1350352 op, 250915564.00 ns, 185.8149 ns/op
WorkloadResult   5: 1350352 op, 249528691.00 ns, 184.7879 ns/op
WorkloadResult   6: 1350352 op, 250358134.00 ns, 185.4021 ns/op
WorkloadResult   7: 1350352 op, 250361961.00 ns, 185.4050 ns/op
WorkloadResult   8: 1350352 op, 249843654.00 ns, 185.0211 ns/op
// GC:  9 0 0 151239424 1350352
// Threading:  0 0 1350352

// AfterAll
// Benchmark Process 3793 has exited with code 0.

Mean = 185.506 ns, StdErr = 0.199 ns (0.11%), N = 8, StdDev = 0.563 ns
Min = 184.788 ns, Q1 = 185.172 ns, Median = 185.404 ns, Q3 = 185.802 ns, Max = 186.594 ns
IQR = 0.630 ns, LowerFence = 184.228 ns, UpperFence = 186.747 ns
ConfidenceInterval = [184.430 ns; 186.581 ns] (CI 99.9%), Margin = 1.076 ns (0.58% of Mean)
Skewness = 0.59, Kurtosis = 2.18, MValue = 2

// ** Remained 24 (63.2 %) benchmark(s) to run. Estimated finish 2026-08-20 12:47 (0h 2m from now) **
// **************************
// Benchmark: DeserializeSimpleObject.SystemTextJson: Quick(MaxRelativeError=0.05, Arguments=/p:MatrixMode=Benchmark, IterationTime=250ms, MaxIterationCount=12, MaxWarmupIterationCount=5, MinIterationCount=8, MinWarmupIterationCount=3)
// *** Execute ***
// Launch: 1 / 1
// Execute: dotnet Matrix.JsonSerialization-Quick-1.dll --anonymousPipes 131 132 --benchmarkName Matrix.JsonSerialization.Benchmarks.DeserializeSimpleObject.SystemTextJson --job Quick --benchmarkId 14 in /home/runner/work/dotnet-matrix/dotnet-matrix/src/Matrix.JsonSerialization/bin/Benchmark/Release/net10.0/Matrix.JsonSerialization-Quick-1/bin/Release/net10.0
// Failed to set up high priority (Permission denied). In order to run benchmarks with high priority, make sure you have the right permissions.
// BeforeAnythingElse

// Benchmark Process Environment Information:
// BenchmarkDotNet v0.15.8
// Runtime=.NET 10.0.11 (10.0.11, 10.0.1126.37416), X64 RyuJIT x86-64-v3
// GC=Concurrent Workstation
// HardwareIntrinsics=AVX2+BMI1+BMI2+F16C+FMA+LZCNT+MOVBE,AVX,SSE3+SSSE3+SSE4.1+SSE4.2+POPCNT,X86Base+SSE+SSE2,AES+PCLMUL VectorSize=256
// Job: Quick(MaxRelativeError=0.05, IterationTime=250ms, MaxIterationCount=12, MaxWarmupIterationCount=5, MinIterationCount=8, MinWarmupIterationCount=3)

OverheadJitting  1: 1 op, 224853.00 ns, 224.8530 us/op
WorkloadJitting  1: 1 op, 26976352.00 ns, 26.9764 ms/op

WorkloadPilot    1: 4 op, 60525.00 ns, 15.1313 us/op
WorkloadPilot    2: 16522 op, 24706936.00 ns, 1.4954 us/op
WorkloadPilot    3: 167180 op, 265843096.00 ns, 1.5902 us/op
WorkloadPilot    4: 157217 op, 180376254.00 ns, 1.1473 us/op
WorkloadPilot    5: 217901 op, 128815397.00 ns, 591.1648 ns/op
WorkloadPilot    6: 422894 op, 105879187.00 ns, 250.3681 ns/op
WorkloadPilot    7: 998530 op, 239561825.00 ns, 239.9145 ns/op
WorkloadPilot    8: 1042038 op, 248310356.00 ns, 238.2930 ns/op
WorkloadPilot    9: 1049129 op, 251158862.00 ns, 239.3975 ns/op
WorkloadPilot   10: 1044288 op, 251891422.00 ns, 241.2088 ns/op

WorkloadWarmup   1: 1044288 op, 250086522.00 ns, 239.4804 ns/op
WorkloadWarmup   2: 1044288 op, 250969615.00 ns, 240.3261 ns/op
WorkloadWarmup   3: 1044288 op, 250435500.00 ns, 239.8146 ns/op
WorkloadWarmup   4: 1044288 op, 250011912.00 ns, 239.4090 ns/op
WorkloadWarmup   5: 1044288 op, 250681794.00 ns, 240.0504 ns/op

// BeforeActualRun
WorkloadActual   1: 1044288 op, 250230784.00 ns, 239.6186 ns/op
WorkloadActual   2: 1044288 op, 249811374.00 ns, 239.2169 ns/op
WorkloadActual   3: 1044288 op, 250658490.00 ns, 240.0281 ns/op
WorkloadActual   4: 1044288 op, 255270037.00 ns, 244.4441 ns/op
WorkloadActual   5: 1044288 op, 249040061.00 ns, 238.4783 ns/op
WorkloadActual   6: 1044288 op, 248668501.00 ns, 238.1225 ns/op
WorkloadActual   7: 1044288 op, 248275430.00 ns, 237.7461 ns/op
WorkloadActual   8: 1044288 op, 247982478.00 ns, 237.4656 ns/op

// AfterActualRun
WorkloadResult   1: 1044288 op, 250230784.00 ns, 239.6186 ns/op
WorkloadResult   2: 1044288 op, 249811374.00 ns, 239.2169 ns/op
WorkloadResult   3: 1044288 op, 250658490.00 ns, 240.0281 ns/op
WorkloadResult   4: 1044288 op, 249040061.00 ns, 238.4783 ns/op
WorkloadResult   5: 1044288 op, 248668501.00 ns, 238.1225 ns/op
WorkloadResult   6: 1044288 op, 248275430.00 ns, 237.7461 ns/op
WorkloadResult   7: 1044288 op, 247982478.00 ns, 237.4656 ns/op
// GC:  3 0 0 66834432 1044288
// Threading:  0 0 1044288

// AfterAll
// Benchmark Process 3807 has exited with code 0.

Mean = 238.668 ns, StdErr = 0.368 ns (0.15%), N = 7, StdDev = 0.973 ns
Min = 237.466 ns, Q1 = 237.934 ns, Median = 238.478 ns, Q3 = 239.418 ns, Max = 240.028 ns
IQR = 1.483 ns, LowerFence = 235.709 ns, UpperFence = 241.643 ns
ConfidenceInterval = [236.476 ns; 240.860 ns] (CI 99.9%), Margin = 2.192 ns (0.92% of Mean)
Skewness = 0.13, Kurtosis = 1.15, MValue = 2

// ** Remained 23 (60.5 %) benchmark(s) to run. Estimated finish 2026-08-20 12:47 (0h 2m from now) **
// ***** BenchmarkRunner: Finish  *****

// * Export *
  tmp/dotnet-matrix/JsonSerialization/948f2f120263437ba46c95bd1081aebc/results/Matrix.JsonSerialization.Benchmarks.DeserializeSimpleObject-report.csv
  tmp/dotnet-matrix/JsonSerialization/948f2f120263437ba46c95bd1081aebc/results/Matrix.JsonSerialization.Benchmarks.DeserializeSimpleObject-report-github.md
  tmp/dotnet-matrix/JsonSerialization/948f2f120263437ba46c95bd1081aebc/results/Matrix.JsonSerialization.Benchmarks.DeserializeSimpleObject-report.html
  tmp/dotnet-matrix/JsonSerialization/948f2f120263437ba46c95bd1081aebc/results/Matrix.JsonSerialization.Benchmarks.DeserializeSimpleObject-report-full.json

// * Detailed results *
DeserializeSimpleObject.ServiceStackText: Quick(MaxRelativeError=0.05, Arguments=/p:MatrixMode=Benchmark, IterationTime=250ms, MaxIterationCount=12, MaxWarmupIterationCount=5, MinIterationCount=8, MinWarmupIterationCount=3)
Runtime = .NET 10.0.11 (10.0.11, 10.0.1126.37416), X64 RyuJIT x86-64-v3; GC = Concurrent Workstation
Mean = 185.506 ns, StdErr = 0.199 ns (0.11%), N = 8, StdDev = 0.563 ns
Min = 184.788 ns, Q1 = 185.172 ns, Median = 185.404 ns, Q3 = 185.802 ns, Max = 186.594 ns
IQR = 0.630 ns, LowerFence = 184.228 ns, UpperFence = 186.747 ns
ConfidenceInterval = [184.430 ns; 186.581 ns] (CI 99.9%), Margin = 1.076 ns (0.58% of Mean)
Skewness = 0.59, Kurtosis = 2.18, MValue = 2
-------------------- Histogram --------------------
[184.419 ns ; 186.963 ns) | @@@@@@@@
---------------------------------------------------

DeserializeSimpleObject.SystemTextJson: Quick(MaxRelativeError=0.05, Arguments=/p:MatrixMode=Benchmark, IterationTime=250ms, MaxIterationCount=12, MaxWarmupIterationCount=5, MinIterationCount=8, MinWarmupIterationCount=3)
Runtime = .NET 10.0.11 (10.0.11, 10.0.1126.37416), X64 RyuJIT x86-64-v3; GC = Concurrent Workstation
Mean = 238.668 ns, StdErr = 0.368 ns (0.15%), N = 7, StdDev = 0.973 ns
Min = 237.466 ns, Q1 = 237.934 ns, Median = 238.478 ns, Q3 = 239.418 ns, Max = 240.028 ns
IQR = 1.483 ns, LowerFence = 235.709 ns, UpperFence = 241.643 ns
ConfidenceInterval = [236.476 ns; 240.860 ns] (CI 99.9%), Margin = 2.192 ns (0.92% of Mean)
Skewness = 0.13, Kurtosis = 1.15, MValue = 2
-------------------- Histogram --------------------
[236.798 ns ; 240.696 ns) | @@@@@@@
---------------------------------------------------

DeserializeSimpleObject.NewtonsoftJson: Quick(MaxRelativeError=0.05, Arguments=/p:MatrixMode=Benchmark, IterationTime=250ms, MaxIterationCount=12, MaxWarmupIterationCount=5, MinIterationCount=8, MinWarmupIterationCount=3)
Runtime = .NET 10.0.11 (10.0.11, 10.0.1126.37416), X64 RyuJIT x86-64-v3; GC = Concurrent Workstation
Mean = 589.885 ns, StdErr = 5.715 ns (0.97%), N = 10, StdDev = 18.073 ns
Min = 568.820 ns, Q1 = 579.508 ns, Median = 583.068 ns, Q3 = 602.289 ns, Max = 623.709 ns
IQR = 22.782 ns, LowerFence = 545.335 ns, UpperFence = 636.461 ns
ConfidenceInterval = [562.562 ns; 617.208 ns] (CI 99.9%), Margin = 27.323 ns (4.63% of Mean)
Skewness = 0.61, Kurtosis = 1.81, MValue = 2.86
-------------------- Histogram --------------------
[568.277 ns ; 590.297 ns) | @@@@@@@
[590.297 ns ; 604.078 ns) | 
[604.078 ns ; 626.098 ns) | @@@
---------------------------------------------------

// * Summary *

BenchmarkDotNet v0.15.8, Linux Ubuntu 24.04.4 LTS (Noble Numbat)
AMD EPYC 7763 2.45GHz, 1 CPU, 4 logical and 2 physical cores
.NET SDK 10.0.400
  [Host] : .NET 10.0.11 (10.0.11, 10.0.1126.37416), X64 RyuJIT x86-64-v3
  Quick  : .NET 10.0.11 (10.0.11, 10.0.1126.37416), X64 RyuJIT x86-64-v3

Job=Quick  MaxRelativeError=0.05  Arguments=/p:MatrixMode=Benchmark  
IterationTime=250ms  MaxIterationCount=12  MaxWarmupIterationCount=5  
MinIterationCount=8  MinWarmupIterationCount=3  

| Method           | Mean     | Error    | StdDev   | Gen0   | Allocated |
|----------------- |---------:|---------:|---------:|-------:|----------:|
| ServiceStackText | 185.5 ns |  1.08 ns |  0.56 ns | 0.0067 |     112 B |
| SystemTextJson   | 238.7 ns |  2.19 ns |  0.97 ns | 0.0029 |      64 B |
| NewtonsoftJson   | 589.9 ns | 27.32 ns | 18.07 ns | 0.1583 |    2672 B |

// * Hints *
Outliers
  DeserializeSimpleObject.SystemTextJson: Quick -> 1 outlier  was  removed (244.44 ns)

// * Legends *
  Mean      : Arithmetic mean of all measurements
  Error     : Half of 99.9% confidence interval
  StdDev    : Standard deviation of all measurements
  Gen0      : GC Generation 0 collects per 1000 operations
  Allocated : Allocated memory per single operation (managed only, inclusive, 1KB = 1024B)
  1 ns      : 1 Nanosecond (0.000000001 sec)

// * Diagnostic Output - MemoryDiagnoser *


// ***** BenchmarkRunner: End *****
Run time: 00:00:17 (17.81 sec), executed benchmarks: 3

// Found 3 benchmarks:
//   EnumRoundTrip.NewtonsoftJson: Quick(MaxRelativeError=0.05, Arguments=/p:MatrixMode=Benchmark, IterationTime=250ms, MaxIterationCount=12, MaxWarmupIterationCount=5, MinIterationCount=8, MinWarmupIterationCount=3)
//   EnumRoundTrip.ServiceStackText: Quick(MaxRelativeError=0.05, Arguments=/p:MatrixMode=Benchmark, IterationTime=250ms, MaxIterationCount=12, MaxWarmupIterationCount=5, MinIterationCount=8, MinWarmupIterationCount=3)
//   EnumRoundTrip.SystemTextJson: Quick(MaxRelativeError=0.05, Arguments=/p:MatrixMode=Benchmark, IterationTime=250ms, MaxIterationCount=12, MaxWarmupIterationCount=5, MinIterationCount=8, MinWarmupIterationCount=3)

// **************************
// Benchmark: EnumRoundTrip.NewtonsoftJson: Quick(MaxRelativeError=0.05, Arguments=/p:MatrixMode=Benchmark, IterationTime=250ms, MaxIterationCount=12, MaxWarmupIterationCount=5, MinIterationCount=8, MinWarmupIterationCount=3)
// *** Execute ***
// Launch: 1 / 1
// Execute: dotnet Matrix.JsonSerialization-Quick-1.dll --anonymousPipes 131 132 --benchmarkName Matrix.JsonSerialization.Benchmarks.EnumRoundTrip.NewtonsoftJson --job Quick --benchmarkId 15 in /home/runner/work/dotnet-matrix/dotnet-matrix/src/Matrix.JsonSerialization/bin/Benchmark/Release/net10.0/Matrix.JsonSerialization-Quick-1/bin/Release/net10.0
// Failed to set up high priority (Permission denied). In order to run benchmarks with high priority, make sure you have the right permissions.
// BeforeAnythingElse

// Benchmark Process Environment Information:
// BenchmarkDotNet v0.15.8
// Runtime=.NET 10.0.11 (10.0.11, 10.0.1126.37416), X64 RyuJIT x86-64-v3
// GC=Concurrent Workstation
// HardwareIntrinsics=AVX2+BMI1+BMI2+F16C+FMA+LZCNT+MOVBE,AVX,SSE3+SSSE3+SSE4.1+SSE4.2+POPCNT,X86Base+SSE+SSE2,AES+PCLMUL VectorSize=256
// Job: Quick(MaxRelativeError=0.05, IterationTime=250ms, MaxIterationCount=12, MaxWarmupIterationCount=5, MinIterationCount=8, MinWarmupIterationCount=3)

OverheadJitting  1: 1 op, 216157.00 ns, 216.1570 us/op
WorkloadJitting  1: 1 op, 67911640.00 ns, 67.9116 ms/op

WorkloadPilot    1: 4 op, 155573.00 ns, 38.8933 us/op
WorkloadPilot    2: 6428 op, 54010511.00 ns, 8.4024 us/op
WorkloadPilot    3: 29753 op, 256135757.00 ns, 8.6087 us/op
WorkloadPilot    4: 29040 op, 248658743.00 ns, 8.5626 us/op
WorkloadPilot    5: 29197 op, 70221415.00 ns, 2.4051 us/op
WorkloadPilot    6: 103946 op, 108071376.00 ns, 1.0397 us/op
WorkloadPilot    7: 240457 op, 237657349.00 ns, 988.3570 ns/op
WorkloadPilot    8: 252945 op, 250821070.00 ns, 991.6032 ns/op
WorkloadPilot    9: 252117 op, 250982784.00 ns, 995.5012 ns/op

WorkloadWarmup   1: 252117 op, 247696292.00 ns, 982.4656 ns/op
WorkloadWarmup   2: 252117 op, 250471992.00 ns, 993.4752 ns/op
WorkloadWarmup   3: 252117 op, 249065592.00 ns, 987.8969 ns/op
WorkloadWarmup   4: 252117 op, 248936438.00 ns, 987.3846 ns/op
WorkloadWarmup   5: 252117 op, 250829115.00 ns, 994.8917 ns/op

// BeforeActualRun
WorkloadActual   1: 252117 op, 249518095.00 ns, 989.6917 ns/op
WorkloadActual   2: 252117 op, 251914088.00 ns, 999.1952 ns/op
WorkloadActual   3: 252117 op, 246550383.00 ns, 977.9205 ns/op
WorkloadActual   4: 252117 op, 263220319.00 ns, 1.0440 us/op
WorkloadActual   5: 252117 op, 251354745.00 ns, 996.9766 ns/op
WorkloadActual   6: 252117 op, 253368428.00 ns, 1.0050 us/op
WorkloadActual   7: 252117 op, 255640669.00 ns, 1.0140 us/op
WorkloadActual   8: 252117 op, 252644905.00 ns, 1.0021 us/op

// AfterActualRun
WorkloadResult   1: 252117 op, 249518095.00 ns, 989.6917 ns/op
WorkloadResult   2: 252117 op, 251914088.00 ns, 999.1952 ns/op
WorkloadResult   3: 252117 op, 246550383.00 ns, 977.9205 ns/op
WorkloadResult   4: 252117 op, 251354745.00 ns, 996.9766 ns/op
WorkloadResult   5: 252117 op, 253368428.00 ns, 1.0050 us/op
WorkloadResult   6: 252117 op, 255640669.00 ns, 1.0140 us/op
WorkloadResult   7: 252117 op, 252644905.00 ns, 1.0021 us/op
// GC:  72 0 0 1208160432 252117
// Threading:  0 0 252117

// AfterAll
// Benchmark Process 3818 has exited with code 0.

Mean = 997.831 ns, StdErr = 4.351 ns (0.44%), N = 7, StdDev = 11.511 ns
Min = 977.921 ns, Q1 = 993.334 ns, Median = 999.195 ns, Q3 = 1,003.529 ns, Max = 1,013.976 ns
IQR = 10.195 ns, LowerFence = 978.042 ns, UpperFence = 1,018.821 ns
ConfidenceInterval = [971.906 ns; 1,023.756 ns] (CI 99.9%), Margin = 25.925 ns (2.60% of Mean)
Skewness = -0.35, Kurtosis = 1.89, MValue = 2

// ** Remained 22 (57.9 %) benchmark(s) to run. Estimated finish 2026-08-20 12:47 (0h 2m from now) **
// **************************
// Benchmark: EnumRoundTrip.ServiceStackText: Quick(MaxRelativeError=0.05, Arguments=/p:MatrixMode=Benchmark, IterationTime=250ms, MaxIterationCount=12, MaxWarmupIterationCount=5, MinIterationCount=8, MinWarmupIterationCount=3)
// *** Execute ***
// Launch: 1 / 1
// Execute: dotnet Matrix.JsonSerialization-Quick-1.dll --anonymousPipes 131 132 --benchmarkName Matrix.JsonSerialization.Benchmarks.EnumRoundTrip.ServiceStackText --job Quick --benchmarkId 16 in /home/runner/work/dotnet-matrix/dotnet-matrix/src/Matrix.JsonSerialization/bin/Benchmark/Release/net10.0/Matrix.JsonSerialization-Quick-1/bin/Release/net10.0
// Failed to set up high priority (Permission denied). In order to run benchmarks with high priority, make sure you have the right permissions.
// BeforeAnythingElse

// Benchmark Process Environment Information:
// BenchmarkDotNet v0.15.8
// Runtime=.NET 10.0.11 (10.0.11, 10.0.1126.37416), X64 RyuJIT x86-64-v3
// GC=Concurrent Workstation
// HardwareIntrinsics=AVX2+BMI1+BMI2+F16C+FMA+LZCNT+MOVBE,AVX,SSE3+SSSE3+SSE4.1+SSE4.2+POPCNT,X86Base+SSE+SSE2,AES+PCLMUL VectorSize=256
// Job: Quick(MaxRelativeError=0.05, IterationTime=250ms, MaxIterationCount=12, MaxWarmupIterationCount=5, MinIterationCount=8, MinWarmupIterationCount=3)

OverheadJitting  1: 1 op, 225906.00 ns, 225.9060 us/op
WorkloadJitting  1: 1 op, 56942698.00 ns, 56.9427 ms/op

WorkloadPilot    1: 4 op, 58350.00 ns, 14.5875 us/op
WorkloadPilot    2: 17138 op, 42383739.00 ns, 2.4731 us/op
WorkloadPilot    3: 101088 op, 304584157.00 ns, 3.0131 us/op
WorkloadPilot    4: 82972 op, 89080395.00 ns, 1.0736 us/op
WorkloadPilot    5: 232857 op, 77109322.00 ns, 331.1445 ns/op
WorkloadPilot    6: 754957 op, 250747480.00 ns, 332.1348 ns/op
WorkloadPilot    7: 752706 op, 247888936.00 ns, 329.3304 ns/op
WorkloadPilot    8: 759116 op, 253158713.00 ns, 333.4915 ns/op

WorkloadWarmup   1: 759116 op, 247657439.00 ns, 326.2445 ns/op
WorkloadWarmup   2: 759116 op, 248590316.00 ns, 327.4734 ns/op
WorkloadWarmup   3: 759116 op, 248335747.00 ns, 327.1381 ns/op
WorkloadWarmup   4: 759116 op, 252301789.00 ns, 332.3626 ns/op
WorkloadWarmup   5: 759116 op, 252441973.00 ns, 332.5473 ns/op

// BeforeActualRun
WorkloadActual   1: 759116 op, 247443810.00 ns, 325.9631 ns/op
WorkloadActual   2: 759116 op, 247545498.00 ns, 326.0971 ns/op
WorkloadActual   3: 759116 op, 248405016.00 ns, 327.2293 ns/op
WorkloadActual   4: 759116 op, 247577697.00 ns, 326.1395 ns/op
WorkloadActual   5: 759116 op, 251071700.00 ns, 330.7422 ns/op
WorkloadActual   6: 759116 op, 248545661.00 ns, 327.4146 ns/op
WorkloadActual   7: 759116 op, 247748599.00 ns, 326.3646 ns/op
WorkloadActual   8: 759116 op, 248438449.00 ns, 327.2734 ns/op

// AfterActualRun
WorkloadResult   1: 759116 op, 247443810.00 ns, 325.9631 ns/op
WorkloadResult   2: 759116 op, 247545498.00 ns, 326.0971 ns/op
WorkloadResult   3: 759116 op, 248405016.00 ns, 327.2293 ns/op
WorkloadResult   4: 759116 op, 247577697.00 ns, 326.1395 ns/op
WorkloadResult   5: 759116 op, 248545661.00 ns, 327.4146 ns/op
WorkloadResult   6: 759116 op, 247748599.00 ns, 326.3646 ns/op
WorkloadResult   7: 759116 op, 248438449.00 ns, 327.2734 ns/op
// GC:  15 0 0 255071424 759116
// Threading:  0 0 759116

// AfterAll
// Benchmark Process 3828 has exited with code 0.

Mean = 326.640 ns, StdErr = 0.240 ns (0.07%), N = 7, StdDev = 0.636 ns
Min = 325.963 ns, Q1 = 326.118 ns, Median = 326.365 ns, Q3 = 327.251 ns, Max = 327.415 ns
IQR = 1.133 ns, LowerFence = 324.419 ns, UpperFence = 328.951 ns
ConfidenceInterval = [325.208 ns; 328.073 ns] (CI 99.9%), Margin = 1.433 ns (0.44% of Mean)
Skewness = 0.17, Kurtosis = 0.88, MValue = 2

// ** Remained 21 (55.3 %) benchmark(s) to run. Estimated finish 2026-08-20 12:47 (0h 1m from now) **
// **************************
// Benchmark: EnumRoundTrip.SystemTextJson: Quick(MaxRelativeError=0.05, Arguments=/p:MatrixMode=Benchmark, IterationTime=250ms, MaxIterationCount=12, MaxWarmupIterationCount=5, MinIterationCount=8, MinWarmupIterationCount=3)
// *** Execute ***
// Launch: 1 / 1
// Execute: dotnet Matrix.JsonSerialization-Quick-1.dll --anonymousPipes 131 132 --benchmarkName Matrix.JsonSerialization.Benchmarks.EnumRoundTrip.SystemTextJson --job Quick --benchmarkId 17 in /home/runner/work/dotnet-matrix/dotnet-matrix/src/Matrix.JsonSerialization/bin/Benchmark/Release/net10.0/Matrix.JsonSerialization-Quick-1/bin/Release/net10.0
// Failed to set up high priority (Permission denied). In order to run benchmarks with high priority, make sure you have the right permissions.
// BeforeAnythingElse

// Benchmark Process Environment Information:
// BenchmarkDotNet v0.15.8
// Runtime=.NET 10.0.11 (10.0.11, 10.0.1126.37416), X64 RyuJIT x86-64-v3
// GC=Concurrent Workstation
// HardwareIntrinsics=AVX2+BMI1+BMI2+F16C+FMA+LZCNT+MOVBE,AVX,SSE3+SSSE3+SSE4.1+SSE4.2+POPCNT,X86Base+SSE+SSE2,AES+PCLMUL VectorSize=256
// Job: Quick(MaxRelativeError=0.05, IterationTime=250ms, MaxIterationCount=12, MaxWarmupIterationCount=5, MinIterationCount=8, MinWarmupIterationCount=3)

OverheadJitting  1: 1 op, 226878.00 ns, 226.8780 us/op
WorkloadJitting  1: 1 op, 37500389.00 ns, 37.5004 ms/op

WorkloadPilot    1: 4 op, 108234.00 ns, 27.0585 us/op
WorkloadPilot    2: 9239 op, 13578993.00 ns, 1.4697 us/op
WorkloadPilot    3: 170097 op, 276949162.00 ns, 1.6282 us/op
WorkloadPilot    4: 153545 op, 240047871.00 ns, 1.5634 us/op
WorkloadPilot    5: 159911 op, 195770855.00 ns, 1.2242 us/op
WorkloadPilot    6: 204207 op, 74181485.00 ns, 363.2661 ns/op
WorkloadPilot    7: 688201 op, 231515917.00 ns, 336.4074 ns/op
WorkloadPilot    8: 743147 op, 249725764.00 ns, 336.0382 ns/op
WorkloadPilot    9: 743963 op, 253660527.00 ns, 340.9585 ns/op
WorkloadPilot   10: 733227 op, 246046472.00 ns, 335.5666 ns/op
WorkloadPilot   11: 745009 op, 250203755.00 ns, 335.8399 ns/op

WorkloadWarmup   1: 745009 op, 250885319.00 ns, 336.7547 ns/op
WorkloadWarmup   2: 745009 op, 251905701.00 ns, 338.1244 ns/op
WorkloadWarmup   3: 745009 op, 250215076.00 ns, 335.8551 ns/op
WorkloadWarmup   4: 745009 op, 250714747.00 ns, 336.5258 ns/op
WorkloadWarmup   5: 745009 op, 249918197.00 ns, 335.4566 ns/op

// BeforeActualRun
WorkloadActual   1: 745009 op, 249808450.00 ns, 335.3093 ns/op
WorkloadActual   2: 745009 op, 249675940.00 ns, 335.1314 ns/op
WorkloadActual   3: 745009 op, 253366113.00 ns, 340.0846 ns/op
WorkloadActual   4: 745009 op, 250766275.00 ns, 336.5950 ns/op
WorkloadActual   5: 745009 op, 249440958.00 ns, 334.8160 ns/op
WorkloadActual   6: 745009 op, 250319192.00 ns, 335.9949 ns/op
WorkloadActual   7: 745009 op, 249232956.00 ns, 334.5368 ns/op
WorkloadActual   8: 745009 op, 250866694.00 ns, 336.7297 ns/op

// AfterActualRun
WorkloadResult   1: 745009 op, 249808450.00 ns, 335.3093 ns/op
WorkloadResult   2: 745009 op, 249675940.00 ns, 335.1314 ns/op
WorkloadResult   3: 745009 op, 250766275.00 ns, 336.5950 ns/op
WorkloadResult   4: 745009 op, 249440958.00 ns, 334.8160 ns/op
WorkloadResult   5: 745009 op, 250319192.00 ns, 335.9949 ns/op
WorkloadResult   6: 745009 op, 249232956.00 ns, 334.5368 ns/op
WorkloadResult   7: 745009 op, 250866694.00 ns, 336.7297 ns/op
// GC:  3 0 0 65560792 745009
// Threading:  0 0 745009

// AfterAll
// Benchmark Process 3838 has exited with code 0.

Mean = 335.588 ns, StdErr = 0.326 ns (0.10%), N = 7, StdDev = 0.863 ns
Min = 334.537 ns, Q1 = 334.974 ns, Median = 335.309 ns, Q3 = 336.295 ns, Max = 336.730 ns
IQR = 1.321 ns, LowerFence = 332.992 ns, UpperFence = 338.277 ns
ConfidenceInterval = [333.644 ns; 337.532 ns] (CI 99.9%), Margin = 1.944 ns (0.58% of Mean)
Skewness = 0.19, Kurtosis = 1.13, MValue = 2

// ** Remained 20 (52.6 %) benchmark(s) to run. Estimated finish 2026-08-20 12:47 (0h 1m from now) **
// ***** BenchmarkRunner: Finish  *****

// * Export *
  tmp/dotnet-matrix/JsonSerialization/948f2f120263437ba46c95bd1081aebc/results/Matrix.JsonSerialization.Benchmarks.EnumRoundTrip-report.csv
  tmp/dotnet-matrix/JsonSerialization/948f2f120263437ba46c95bd1081aebc/results/Matrix.JsonSerialization.Benchmarks.EnumRoundTrip-report-github.md
  tmp/dotnet-matrix/JsonSerialization/948f2f120263437ba46c95bd1081aebc/results/Matrix.JsonSerialization.Benchmarks.EnumRoundTrip-report.html
  tmp/dotnet-matrix/JsonSerialization/948f2f120263437ba46c95bd1081aebc/results/Matrix.JsonSerialization.Benchmarks.EnumRoundTrip-report-full.json

// * Detailed results *
EnumRoundTrip.ServiceStackText: Quick(MaxRelativeError=0.05, Arguments=/p:MatrixMode=Benchmark, IterationTime=250ms, MaxIterationCount=12, MaxWarmupIterationCount=5, MinIterationCount=8, MinWarmupIterationCount=3)
Runtime = .NET 10.0.11 (10.0.11, 10.0.1126.37416), X64 RyuJIT x86-64-v3; GC = Concurrent Workstation
Mean = 326.640 ns, StdErr = 0.240 ns (0.07%), N = 7, StdDev = 0.636 ns
Min = 325.963 ns, Q1 = 326.118 ns, Median = 326.365 ns, Q3 = 327.251 ns, Max = 327.415 ns
IQR = 1.133 ns, LowerFence = 324.419 ns, UpperFence = 328.951 ns
ConfidenceInterval = [325.208 ns; 328.073 ns] (CI 99.9%), Margin = 1.433 ns (0.44% of Mean)
Skewness = 0.17, Kurtosis = 0.88, MValue = 2
-------------------- Histogram --------------------
[325.527 ns ; 327.851 ns) | @@@@@@@
---------------------------------------------------

EnumRoundTrip.SystemTextJson: Quick(MaxRelativeError=0.05, Arguments=/p:MatrixMode=Benchmark, IterationTime=250ms, MaxIterationCount=12, MaxWarmupIterationCount=5, MinIterationCount=8, MinWarmupIterationCount=3)
Runtime = .NET 10.0.11 (10.0.11, 10.0.1126.37416), X64 RyuJIT x86-64-v3; GC = Concurrent Workstation
Mean = 335.588 ns, StdErr = 0.326 ns (0.10%), N = 7, StdDev = 0.863 ns
Min = 334.537 ns, Q1 = 334.974 ns, Median = 335.309 ns, Q3 = 336.295 ns, Max = 336.730 ns
IQR = 1.321 ns, LowerFence = 332.992 ns, UpperFence = 338.277 ns
ConfidenceInterval = [333.644 ns; 337.532 ns] (CI 99.9%), Margin = 1.944 ns (0.58% of Mean)
Skewness = 0.19, Kurtosis = 1.13, MValue = 2
-------------------- Histogram --------------------
[333.945 ns ; 337.322 ns) | @@@@@@@
---------------------------------------------------

EnumRoundTrip.NewtonsoftJson: Quick(MaxRelativeError=0.05, Arguments=/p:MatrixMode=Benchmark, IterationTime=250ms, MaxIterationCount=12, MaxWarmupIterationCount=5, MinIterationCount=8, MinWarmupIterationCount=3)
Runtime = .NET 10.0.11 (10.0.11, 10.0.1126.37416), X64 RyuJIT x86-64-v3; GC = Concurrent Workstation
Mean = 997.831 ns, StdErr = 4.351 ns (0.44%), N = 7, StdDev = 11.511 ns
Min = 977.921 ns, Q1 = 993.334 ns, Median = 999.195 ns, Q3 = 1,003.529 ns, Max = 1,013.976 ns
IQR = 10.195 ns, LowerFence = 978.042 ns, UpperFence = 1,018.821 ns
ConfidenceInterval = [971.906 ns; 1,023.756 ns] (CI 99.9%), Margin = 25.925 ns (2.60% of Mean)
Skewness = -0.35, Kurtosis = 1.89, MValue = 2
-------------------- Histogram --------------------
[970.023 ns ; 1,021.874 ns) | @@@@@@@
---------------------------------------------------

// * Summary *

BenchmarkDotNet v0.15.8, Linux Ubuntu 24.04.4 LTS (Noble Numbat)
AMD EPYC 7763 2.45GHz, 1 CPU, 4 logical and 2 physical cores
.NET SDK 10.0.400
  [Host] : .NET 10.0.11 (10.0.11, 10.0.1126.37416), X64 RyuJIT x86-64-v3
  Quick  : .NET 10.0.11 (10.0.11, 10.0.1126.37416), X64 RyuJIT x86-64-v3

Job=Quick  MaxRelativeError=0.05  Arguments=/p:MatrixMode=Benchmark  
IterationTime=250ms  MaxIterationCount=12  MaxWarmupIterationCount=5  
MinIterationCount=8  MinWarmupIterationCount=3  

| Method           | Mean     | Error    | StdDev   | Gen0   | Allocated |
|----------------- |---------:|---------:|---------:|-------:|----------:|
| ServiceStackText | 326.6 ns |  1.43 ns |  0.64 ns | 0.0198 |     336 B |
| SystemTextJson   | 335.6 ns |  1.94 ns |  0.86 ns | 0.0040 |      88 B |
| NewtonsoftJson   | 997.8 ns | 25.92 ns | 11.51 ns | 0.2856 |    4792 B |

// * Hints *
Outliers
  EnumRoundTrip.ServiceStackText: Quick -> 1 outlier  was  removed (330.74 ns)
  EnumRoundTrip.SystemTextJson: Quick   -> 1 outlier  was  removed (340.08 ns)
  EnumRoundTrip.NewtonsoftJson: Quick   -> 1 outlier  was  removed (1.04 μs)

// * Legends *
  Mean      : Arithmetic mean of all measurements
  Error     : Half of 99.9% confidence interval
  StdDev    : Standard deviation of all measurements
  Gen0      : GC Generation 0 collects per 1000 operations
  Allocated : Allocated memory per single operation (managed only, inclusive, 1KB = 1024B)
  1 ns      : 1 Nanosecond (0.000000001 sec)

// * Diagnostic Output - MemoryDiagnoser *


// ***** BenchmarkRunner: End *****
Run time: 00:00:16 (16.05 sec), executed benchmarks: 3

// Found 2 benchmarks:
//   PolymorphicRoundTrip.NewtonsoftJson: Quick(MaxRelativeError=0.05, Arguments=/p:MatrixMode=Benchmark, IterationTime=250ms, MaxIterationCount=12, MaxWarmupIterationCount=5, MinIterationCount=8, MinWarmupIterationCount=3)
//   PolymorphicRoundTrip.SystemTextJson: Quick(MaxRelativeError=0.05, Arguments=/p:MatrixMode=Benchmark, IterationTime=250ms, MaxIterationCount=12, MaxWarmupIterationCount=5, MinIterationCount=8, MinWarmupIterationCount=3)

// **************************
// Benchmark: PolymorphicRoundTrip.NewtonsoftJson: Quick(MaxRelativeError=0.05, Arguments=/p:MatrixMode=Benchmark, IterationTime=250ms, MaxIterationCount=12, MaxWarmupIterationCount=5, MinIterationCount=8, MinWarmupIterationCount=3)
// *** Execute ***
// Launch: 1 / 1
// Execute: dotnet Matrix.JsonSerialization-Quick-1.dll --anonymousPipes 131 132 --benchmarkName Matrix.JsonSerialization.Benchmarks.PolymorphicRoundTrip.NewtonsoftJson --job Quick --benchmarkId 18 in /home/runner/work/dotnet-matrix/dotnet-matrix/src/Matrix.JsonSerialization/bin/Benchmark/Release/net10.0/Matrix.JsonSerialization-Quick-1/bin/Release/net10.0
// Failed to set up high priority (Permission denied). In order to run benchmarks with high priority, make sure you have the right permissions.
// BeforeAnythingElse

// Benchmark Process Environment Information:
// BenchmarkDotNet v0.15.8
// Runtime=.NET 10.0.11 (10.0.11, 10.0.1126.37416), X64 RyuJIT x86-64-v3
// GC=Concurrent Workstation
// HardwareIntrinsics=AVX2+BMI1+BMI2+F16C+FMA+LZCNT+MOVBE,AVX,SSE3+SSSE3+SSE4.1+SSE4.2+POPCNT,X86Base+SSE+SSE2,AES+PCLMUL VectorSize=256
// Job: Quick(MaxRelativeError=0.05, IterationTime=250ms, MaxIterationCount=12, MaxWarmupIterationCount=5, MinIterationCount=8, MinWarmupIterationCount=3)

OverheadJitting  1: 1 op, 221798.00 ns, 221.7980 us/op
WorkloadJitting  1: 1 op, 80732077.00 ns, 80.7321 ms/op

WorkloadPilot    1: 4 op, 175390.00 ns, 43.8475 us/op
WorkloadPilot    2: 5702 op, 188180465.00 ns, 33.0025 us/op
WorkloadPilot    3: 7575 op, 266273293.00 ns, 35.1516 us/op
WorkloadPilot    4: 7112 op, 81434481.00 ns, 11.4503 us/op
WorkloadPilot    5: 21834 op, 117344811.00 ns, 5.3744 us/op
WorkloadPilot    6: 46517 op, 181078761.00 ns, 3.8927 us/op
WorkloadPilot    7: 64222 op, 246354625.00 ns, 3.8360 us/op
WorkloadPilot    8: 65172 op, 248253122.00 ns, 3.8092 us/op
WorkloadPilot    9: 65631 op, 254701838.00 ns, 3.8808 us/op
WorkloadPilot   10: 64419 op, 254577754.00 ns, 3.9519 us/op

WorkloadWarmup   1: 64419 op, 249223389.00 ns, 3.8688 us/op
WorkloadWarmup   2: 64419 op, 248885813.00 ns, 3.8635 us/op
WorkloadWarmup   3: 64419 op, 249269066.00 ns, 3.8695 us/op
WorkloadWarmup   4: 64419 op, 256270062.00 ns, 3.9782 us/op
WorkloadWarmup   5: 64419 op, 247725295.00 ns, 3.8455 us/op

// BeforeActualRun
WorkloadActual   1: 64419 op, 246631727.00 ns, 3.8286 us/op
WorkloadActual   2: 64419 op, 256871227.00 ns, 3.9875 us/op
WorkloadActual   3: 64419 op, 251458780.00 ns, 3.9035 us/op
WorkloadActual   4: 64419 op, 247949861.00 ns, 3.8490 us/op
WorkloadActual   5: 64419 op, 247696673.00 ns, 3.8451 us/op
WorkloadActual   6: 64419 op, 249614255.00 ns, 3.8749 us/op
WorkloadActual   7: 64419 op, 252480545.00 ns, 3.9193 us/op
WorkloadActual   8: 64419 op, 247283986.00 ns, 3.8387 us/op

// AfterActualRun
WorkloadResult   1: 64419 op, 246631727.00 ns, 3.8286 us/op
WorkloadResult   2: 64419 op, 256871227.00 ns, 3.9875 us/op
WorkloadResult   3: 64419 op, 251458780.00 ns, 3.9035 us/op
WorkloadResult   4: 64419 op, 247949861.00 ns, 3.8490 us/op
WorkloadResult   5: 64419 op, 247696673.00 ns, 3.8451 us/op
WorkloadResult   6: 64419 op, 249614255.00 ns, 3.8749 us/op
WorkloadResult   7: 64419 op, 252480545.00 ns, 3.9193 us/op
WorkloadResult   8: 64419 op, 247283986.00 ns, 3.8387 us/op
// GC:  30 0 0 513805944 64419
// Threading:  0 0 64419

// AfterAll
// Benchmark Process 3848 has exited with code 0.

Mean = 3.881 μs, StdErr = 0.019 μs (0.49%), N = 8, StdDev = 0.054 μs
Min = 3.829 μs, Q1 = 3.843 μs, Median = 3.862 μs, Q3 = 3.907 μs, Max = 3.988 μs
IQR = 0.064 μs, LowerFence = 3.748 μs, UpperFence = 4.003 μs
ConfidenceInterval = [3.778 μs; 3.984 μs] (CI 99.9%), Margin = 0.103 μs (2.65% of Mean)
Skewness = 0.8, Kurtosis = 2.18, MValue = 2

// ** Remained 19 (50.0 %) benchmark(s) to run. Estimated finish 2026-08-20 12:47 (0h 1m from now) **
// **************************
// Benchmark: PolymorphicRoundTrip.SystemTextJson: Quick(MaxRelativeError=0.05, Arguments=/p:MatrixMode=Benchmark, IterationTime=250ms, MaxIterationCount=12, MaxWarmupIterationCount=5, MinIterationCount=8, MinWarmupIterationCount=3)
// *** Execute ***
// Launch: 1 / 1
// Execute: dotnet Matrix.JsonSerialization-Quick-1.dll --anonymousPipes 131 132 --benchmarkName Matrix.JsonSerialization.Benchmarks.PolymorphicRoundTrip.SystemTextJson --job Quick --benchmarkId 19 in /home/runner/work/dotnet-matrix/dotnet-matrix/src/Matrix.JsonSerialization/bin/Benchmark/Release/net10.0/Matrix.JsonSerialization-Quick-1/bin/Release/net10.0
// Failed to set up high priority (Permission denied). In order to run benchmarks with high priority, make sure you have the right permissions.
// BeforeAnythingElse

// Benchmark Process Environment Information:
// BenchmarkDotNet v0.15.8
// Runtime=.NET 10.0.11 (10.0.11, 10.0.1126.37416), X64 RyuJIT x86-64-v3
// GC=Concurrent Workstation
// HardwareIntrinsics=AVX2+BMI1+BMI2+F16C+FMA+LZCNT+MOVBE,AVX,SSE3+SSSE3+SSE4.1+SSE4.2+POPCNT,X86Base+SSE+SSE2,AES+PCLMUL VectorSize=256
// Job: Quick(MaxRelativeError=0.05, IterationTime=250ms, MaxIterationCount=12, MaxWarmupIterationCount=5, MinIterationCount=8, MinWarmupIterationCount=3)

OverheadJitting  1: 1 op, 219644.00 ns, 219.6440 us/op
WorkloadJitting  1: 1 op, 37216853.00 ns, 37.2169 ms/op

WorkloadPilot    1: 4 op, 167605.00 ns, 41.9013 us/op
WorkloadPilot    2: 5966 op, 45998706.00 ns, 7.7101 us/op
WorkloadPilot    3: 32425 op, 243682803.00 ns, 7.5153 us/op
WorkloadPilot    4: 33266 op, 212506108.00 ns, 6.3881 us/op
WorkloadPilot    5: 39135 op, 263506783.00 ns, 6.7333 us/op
WorkloadPilot    6: 37129 op, 279237293.00 ns, 7.5207 us/op
WorkloadPilot    7: 33241 op, 141577547.00 ns, 4.2591 us/op
WorkloadPilot    8: 58698 op, 113845550.00 ns, 1.9395 us/op
WorkloadPilot    9: 128898 op, 242253821.00 ns, 1.8794 us/op
WorkloadPilot   10: 133020 op, 251681209.00 ns, 1.8921 us/op

WorkloadWarmup   1: 133020 op, 250471851.00 ns, 1.8830 us/op
WorkloadWarmup   2: 133020 op, 252547671.00 ns, 1.8986 us/op
WorkloadWarmup   3: 133020 op, 251993426.00 ns, 1.8944 us/op
WorkloadWarmup   4: 133020 op, 255948796.00 ns, 1.9241 us/op
WorkloadWarmup   5: 133020 op, 254868720.00 ns, 1.9160 us/op

// BeforeActualRun
WorkloadActual   1: 133020 op, 250611957.00 ns, 1.8840 us/op
WorkloadActual   2: 133020 op, 252245455.00 ns, 1.8963 us/op
WorkloadActual   3: 133020 op, 250473345.00 ns, 1.8830 us/op
WorkloadActual   4: 133020 op, 252024319.00 ns, 1.8946 us/op
WorkloadActual   5: 133020 op, 252462345.00 ns, 1.8979 us/op
WorkloadActual   6: 133020 op, 251142236.00 ns, 1.8880 us/op
WorkloadActual   7: 133020 op, 250611155.00 ns, 1.8840 us/op
WorkloadActual   8: 133020 op, 252133465.00 ns, 1.8955 us/op

// AfterActualRun
WorkloadResult   1: 133020 op, 250611957.00 ns, 1.8840 us/op
WorkloadResult   2: 133020 op, 252245455.00 ns, 1.8963 us/op
WorkloadResult   3: 133020 op, 250473345.00 ns, 1.8830 us/op
WorkloadResult   4: 133020 op, 252024319.00 ns, 1.8946 us/op
WorkloadResult   5: 133020 op, 252462345.00 ns, 1.8979 us/op
WorkloadResult   6: 133020 op, 251142236.00 ns, 1.8880 us/op
WorkloadResult   7: 133020 op, 250611155.00 ns, 1.8840 us/op
WorkloadResult   8: 133020 op, 252133465.00 ns, 1.8955 us/op
// GC:  10 0 0 179843040 133020
// Threading:  0 0 133020

// AfterAll
// Benchmark Process 3863 has exited with code 0.

Mean = 1.890 μs, StdErr = 0.002 μs (0.12%), N = 8, StdDev = 0.006 μs
Min = 1.883 μs, Q1 = 1.884 μs, Median = 1.891 μs, Q3 = 1.896 μs, Max = 1.898 μs
IQR = 0.012 μs, LowerFence = 1.867 μs, UpperFence = 1.913 μs
ConfidenceInterval = [1.878 μs; 1.902 μs] (CI 99.9%), Margin = 0.012 μs (0.64% of Mean)
Skewness = -0.06, Kurtosis = 0.94, MValue = 2

// ** Remained 18 (47.4 %) benchmark(s) to run. Estimated finish 2026-08-20 12:47 (0h 1m from now) **
// ***** BenchmarkRunner: Finish  *****

// * Export *
  tmp/dotnet-matrix/JsonSerialization/948f2f120263437ba46c95bd1081aebc/results/Matrix.JsonSerialization.Benchmarks.PolymorphicRoundTrip-report.csv
  tmp/dotnet-matrix/JsonSerialization/948f2f120263437ba46c95bd1081aebc/results/Matrix.JsonSerialization.Benchmarks.PolymorphicRoundTrip-report-github.md
  tmp/dotnet-matrix/JsonSerialization/948f2f120263437ba46c95bd1081aebc/results/Matrix.JsonSerialization.Benchmarks.PolymorphicRoundTrip-report.html
  tmp/dotnet-matrix/JsonSerialization/948f2f120263437ba46c95bd1081aebc/results/Matrix.JsonSerialization.Benchmarks.PolymorphicRoundTrip-report-full.json

// * Detailed results *
PolymorphicRoundTrip.SystemTextJson: Quick(MaxRelativeError=0.05, Arguments=/p:MatrixMode=Benchmark, IterationTime=250ms, MaxIterationCount=12, MaxWarmupIterationCount=5, MinIterationCount=8, MinWarmupIterationCount=3)
Runtime = .NET 10.0.11 (10.0.11, 10.0.1126.37416), X64 RyuJIT x86-64-v3; GC = Concurrent Workstation
Mean = 1.890 μs, StdErr = 0.002 μs (0.12%), N = 8, StdDev = 0.006 μs
Min = 1.883 μs, Q1 = 1.884 μs, Median = 1.891 μs, Q3 = 1.896 μs, Max = 1.898 μs
IQR = 0.012 μs, LowerFence = 1.867 μs, UpperFence = 1.913 μs
ConfidenceInterval = [1.878 μs; 1.902 μs] (CI 99.9%), Margin = 0.012 μs (0.64% of Mean)
Skewness = -0.06, Kurtosis = 0.94, MValue = 2
-------------------- Histogram --------------------
[1.879 μs ; 1.902 μs) | @@@@@@@@
---------------------------------------------------

PolymorphicRoundTrip.NewtonsoftJson: Quick(MaxRelativeError=0.05, Arguments=/p:MatrixMode=Benchmark, IterationTime=250ms, MaxIterationCount=12, MaxWarmupIterationCount=5, MinIterationCount=8, MinWarmupIterationCount=3)
Runtime = .NET 10.0.11 (10.0.11, 10.0.1126.37416), X64 RyuJIT x86-64-v3; GC = Concurrent Workstation
Mean = 3.881 μs, StdErr = 0.019 μs (0.49%), N = 8, StdDev = 0.054 μs
Min = 3.829 μs, Q1 = 3.843 μs, Median = 3.862 μs, Q3 = 3.907 μs, Max = 3.988 μs
IQR = 0.064 μs, LowerFence = 3.748 μs, UpperFence = 4.003 μs
ConfidenceInterval = [3.778 μs; 3.984 μs] (CI 99.9%), Margin = 0.103 μs (2.65% of Mean)
Skewness = 0.8, Kurtosis = 2.18, MValue = 2
-------------------- Histogram --------------------
[3.813 μs ; 4.023 μs) | @@@@@@@@
---------------------------------------------------

// * Summary *

BenchmarkDotNet v0.15.8, Linux Ubuntu 24.04.4 LTS (Noble Numbat)
AMD EPYC 7763 2.45GHz, 1 CPU, 4 logical and 2 physical cores
.NET SDK 10.0.400
  [Host] : .NET 10.0.11 (10.0.11, 10.0.1126.37416), X64 RyuJIT x86-64-v3
  Quick  : .NET 10.0.11 (10.0.11, 10.0.1126.37416), X64 RyuJIT x86-64-v3

Job=Quick  MaxRelativeError=0.05  Arguments=/p:MatrixMode=Benchmark  
IterationTime=250ms  MaxIterationCount=12  MaxWarmupIterationCount=5  
MinIterationCount=8  MinWarmupIterationCount=3  

| Method         | Mean     | Error     | StdDev    | Gen0   | Allocated |
|--------------- |---------:|----------:|----------:|-------:|----------:|
| SystemTextJson | 1.890 μs | 0.0120 μs | 0.0063 μs | 0.0752 |   1.32 KB |
| NewtonsoftJson | 3.881 μs | 0.1027 μs | 0.0537 μs | 0.4657 |   7.79 KB |

// * Legends *
  Mean      : Arithmetic mean of all measurements
  Error     : Half of 99.9% confidence interval
  StdDev    : Standard deviation of all measurements
  Gen0      : GC Generation 0 collects per 1000 operations
  Allocated : Allocated memory per single operation (managed only, inclusive, 1KB = 1024B)
  1 μs      : 1 Microsecond (0.000001 sec)

// * Diagnostic Output - MemoryDiagnoser *


// ***** BenchmarkRunner: End *****
Run time: 00:00:11 (11.19 sec), executed benchmarks: 2

// Found 2 benchmarks:
//   PrepareSerializer.NewtonsoftJson: Quick(MaxRelativeError=0.05, Arguments=/p:MatrixMode=Benchmark, IterationTime=250ms, MaxIterationCount=12, MaxWarmupIterationCount=5, MinIterationCount=8, MinWarmupIterationCount=3)
//   PrepareSerializer.SystemTextJson: Quick(MaxRelativeError=0.05, Arguments=/p:MatrixMode=Benchmark, IterationTime=250ms, MaxIterationCount=12, MaxWarmupIterationCount=5, MinIterationCount=8, MinWarmupIterationCount=3)

// **************************
// Benchmark: PrepareSerializer.NewtonsoftJson: Quick(MaxRelativeError=0.05, Arguments=/p:MatrixMode=Benchmark, IterationTime=250ms, MaxIterationCount=12, MaxWarmupIterationCount=5, MinIterationCount=8, MinWarmupIterationCount=3)
// *** Execute ***
// Launch: 1 / 1
// Execute: dotnet Matrix.JsonSerialization-Quick-1.dll --anonymousPipes 131 132 --benchmarkName Matrix.JsonSerialization.Benchmarks.PrepareSerializer.NewtonsoftJson --job Quick --benchmarkId 20 in /home/runner/work/dotnet-matrix/dotnet-matrix/src/Matrix.JsonSerialization/bin/Benchmark/Release/net10.0/Matrix.JsonSerialization-Quick-1/bin/Release/net10.0
// Failed to set up high priority (Permission denied). In order to run benchmarks with high priority, make sure you have the right permissions.
// BeforeAnythingElse

// Benchmark Process Environment Information:
// BenchmarkDotNet v0.15.8
// Runtime=.NET 10.0.11 (10.0.11, 10.0.1126.37416), X64 RyuJIT x86-64-v3
// GC=Concurrent Workstation
// HardwareIntrinsics=AVX2+BMI1+BMI2+F16C+FMA+LZCNT+MOVBE,AVX,SSE3+SSSE3+SSE4.1+SSE4.2+POPCNT,X86Base+SSE+SSE2,AES+PCLMUL VectorSize=256
// Job: Quick(MaxRelativeError=0.05, IterationTime=250ms, MaxIterationCount=12, MaxWarmupIterationCount=5, MinIterationCount=8, MinWarmupIterationCount=3)

OverheadJitting  1: 1 op, 222189.00 ns, 222.1890 us/op
WorkloadJitting  1: 1 op, 32674130.00 ns, 32.6741 ms/op

WorkloadPilot    1: 4 op, 562109.00 ns, 140.5273 us/op
WorkloadPilot    2: 1779 op, 166807312.00 ns, 93.7646 us/op
WorkloadPilot    3: 2666 op, 307114506.00 ns, 115.1967 us/op
WorkloadPilot    4: 2170 op, 232580112.00 ns, 107.1798 us/op
WorkloadPilot    5: 2333 op, 255870578.00 ns, 109.6745 us/op
WorkloadPilot    6: 2279 op, 255802690.00 ns, 112.2434 us/op

WorkloadWarmup   1: 2279 op, 246702459.00 ns, 108.2503 us/op
WorkloadWarmup   2: 2279 op, 237301331.00 ns, 104.1252 us/op
WorkloadWarmup   3: 2279 op, 233866557.00 ns, 102.6181 us/op
WorkloadWarmup   4: 2279 op, 223552719.00 ns, 98.0925 us/op
WorkloadWarmup   5: 2279 op, 221302417.00 ns, 97.1051 us/op

// BeforeActualRun
WorkloadActual   1: 2279 op, 223002472.00 ns, 97.8510 us/op
WorkloadActual   2: 2279 op, 213407908.00 ns, 93.6410 us/op
WorkloadActual   3: 2279 op, 171590236.00 ns, 75.2919 us/op
WorkloadActual   4: 2279 op, 163475160.00 ns, 71.7311 us/op
WorkloadActual   5: 2279 op, 136513656.00 ns, 59.9007 us/op
WorkloadActual   6: 2279 op, 128203063.00 ns, 56.2541 us/op
WorkloadActual   7: 2279 op, 99675107.00 ns, 43.7363 us/op
WorkloadActual   8: 2279 op, 103752291.00 ns, 45.5254 us/op
WorkloadActual   9: 2279 op, 87707012.00 ns, 38.4849 us/op
WorkloadActual  10: 2279 op, 81274678.00 ns, 35.6624 us/op
WorkloadActual  11: 2279 op, 79133873.00 ns, 34.7231 us/op
WorkloadActual  12: 2279 op, 69969160.00 ns, 30.7017 us/op

// AfterActualRun
WorkloadResult   1: 2279 op, 223002472.00 ns, 97.8510 us/op
WorkloadResult   2: 2279 op, 213407908.00 ns, 93.6410 us/op
WorkloadResult   3: 2279 op, 171590236.00 ns, 75.2919 us/op
WorkloadResult   4: 2279 op, 163475160.00 ns, 71.7311 us/op
WorkloadResult   5: 2279 op, 136513656.00 ns, 59.9007 us/op
WorkloadResult   6: 2279 op, 128203063.00 ns, 56.2541 us/op
WorkloadResult   7: 2279 op, 99675107.00 ns, 43.7363 us/op
WorkloadResult   8: 2279 op, 103752291.00 ns, 45.5254 us/op
WorkloadResult   9: 2279 op, 87707012.00 ns, 38.4849 us/op
WorkloadResult  10: 2279 op, 81274678.00 ns, 35.6624 us/op
WorkloadResult  11: 2279 op, 79133873.00 ns, 34.7231 us/op
WorkloadResult  12: 2279 op, 69969160.00 ns, 30.7017 us/op
// GC:  1 0 0 27170336 2279
// Threading:  0 0 2279

// AfterAll
// Benchmark Process 3873 has exited with code 0.

Mean = 56.959 μs, StdErr = 6.666 μs (11.70%), N = 12, StdDev = 23.092 μs
Min = 30.702 μs, Q1 = 37.779 μs, Median = 50.890 μs, Q3 = 72.621 μs, Max = 97.851 μs
IQR = 34.842 μs, LowerFence = -14.484 μs, UpperFence = 124.884 μs
ConfidenceInterval = [27.382 μs; 86.535 μs] (CI 99.9%), Margin = 29.577 μs (51.93% of Mean)
Skewness = 0.53, Kurtosis = 1.72, MValue = 3.14

// ** Remained 17 (44.7 %) benchmark(s) to run. Estimated finish 2026-08-20 12:47 (0h 1m from now) **
// **************************
// Benchmark: PrepareSerializer.SystemTextJson: Quick(MaxRelativeError=0.05, Arguments=/p:MatrixMode=Benchmark, IterationTime=250ms, MaxIterationCount=12, MaxWarmupIterationCount=5, MinIterationCount=8, MinWarmupIterationCount=3)
// *** Execute ***
// Launch: 1 / 1
// Execute: dotnet Matrix.JsonSerialization-Quick-1.dll --anonymousPipes 131 132 --benchmarkName Matrix.JsonSerialization.Benchmarks.PrepareSerializer.SystemTextJson --job Quick --benchmarkId 21 in /home/runner/work/dotnet-matrix/dotnet-matrix/src/Matrix.JsonSerialization/bin/Benchmark/Release/net10.0/Matrix.JsonSerialization-Quick-1/bin/Release/net10.0
// Failed to set up high priority (Permission denied). In order to run benchmarks with high priority, make sure you have the right permissions.
// BeforeAnythingElse

// Benchmark Process Environment Information:
// BenchmarkDotNet v0.15.8
// Runtime=.NET 10.0.11 (10.0.11, 10.0.1126.37416), X64 RyuJIT x86-64-v3
// GC=Concurrent Workstation
// HardwareIntrinsics=AVX2+BMI1+BMI2+F16C+FMA+LZCNT+MOVBE,AVX,SSE3+SSSE3+SSE4.1+SSE4.2+POPCNT,X86Base+SSE+SSE2,AES+PCLMUL VectorSize=256
// Job: Quick(MaxRelativeError=0.05, IterationTime=250ms, MaxIterationCount=12, MaxWarmupIterationCount=5, MinIterationCount=8, MinWarmupIterationCount=3)

OverheadJitting  1: 1 op, 231126.00 ns, 231.1260 us/op
WorkloadJitting  1: 1 op, 15097944.00 ns, 15.0979 ms/op

OverheadJitting  2: 16 op, 494352.00 ns, 30.8970 us/op
WorkloadJitting  2: 16 op, 2399362.00 ns, 149.9601 us/op

WorkloadPilot    1: 16 op, 1387705.00 ns, 86.7316 us/op
WorkloadPilot    2: 2896 op, 120590306.00 ns, 41.6403 us/op
WorkloadPilot    3: 6016 op, 297662422.00 ns, 49.4785 us/op
WorkloadPilot    4: 5056 op, 236263244.00 ns, 46.7293 us/op
WorkloadPilot    5: 5360 op, 260508528.00 ns, 48.6023 us/op
WorkloadPilot    6: 5152 op, 243680443.00 ns, 47.2982 us/op
WorkloadPilot    7: 5296 op, 252584419.00 ns, 47.6934 us/op

OverheadWarmup   1: 5296 op, 24426.00 ns, 4.6122 ns/op
OverheadWarmup   2: 5296 op, 21280.00 ns, 4.0181 ns/op
OverheadWarmup   3: 5296 op, 21089.00 ns, 3.9821 ns/op
OverheadWarmup   4: 5296 op, 21140.00 ns, 3.9917 ns/op
OverheadWarmup   5: 5296 op, 20959.00 ns, 3.9575 ns/op
OverheadWarmup   6: 5296 op, 21069.00 ns, 3.9783 ns/op
OverheadWarmup   7: 5296 op, 21010.00 ns, 3.9671 ns/op

OverheadActual   1: 5296 op, 21069.00 ns, 3.9783 ns/op
OverheadActual   2: 5296 op, 21050.00 ns, 3.9747 ns/op
OverheadActual   3: 5296 op, 21089.00 ns, 3.9821 ns/op
OverheadActual   4: 5296 op, 21040.00 ns, 3.9728 ns/op
OverheadActual   5: 5296 op, 21030.00 ns, 3.9709 ns/op
OverheadActual   6: 5296 op, 22803.00 ns, 4.3057 ns/op
OverheadActual   7: 5296 op, 20980.00 ns, 3.9615 ns/op
OverheadActual   8: 5296 op, 20970.00 ns, 3.9596 ns/op

WorkloadWarmup   1: 5296 op, 260176793.00 ns, 49.1270 us/op
WorkloadWarmup   2: 5296 op, 253190250.00 ns, 47.8078 us/op
WorkloadWarmup   3: 5296 op, 235171192.00 ns, 44.4054 us/op
WorkloadWarmup   4: 5296 op, 219005316.00 ns, 41.3530 us/op
WorkloadWarmup   5: 5296 op, 160092217.00 ns, 30.2289 us/op

// BeforeActualRun
WorkloadActual   1: 5296 op, 140183025.00 ns, 26.4696 us/op
WorkloadActual   2: 5296 op, 129163805.00 ns, 24.3889 us/op
WorkloadActual   3: 5296 op, 119971046.00 ns, 22.6531 us/op
WorkloadActual   4: 5296 op, 119524103.00 ns, 22.5688 us/op
WorkloadActual   5: 5296 op, 111891924.00 ns, 21.1276 us/op
WorkloadActual   6: 5296 op, 113494173.00 ns, 21.4302 us/op
WorkloadActual   7: 5296 op, 106072411.00 ns, 20.0288 us/op
WorkloadActual   8: 5296 op, 88569675.00 ns, 16.7239 us/op
WorkloadActual   9: 5296 op, 89367488.00 ns, 16.8745 us/op
WorkloadActual  10: 5296 op, 87456638.00 ns, 16.5137 us/op
WorkloadActual  11: 5296 op, 87093304.00 ns, 16.4451 us/op
WorkloadActual  12: 5296 op, 87358123.00 ns, 16.4951 us/op

// AfterActualRun
WorkloadResult   1: 5296 op, 140161980.00 ns, 26.4656 us/op
WorkloadResult   2: 5296 op, 129142760.00 ns, 24.3850 us/op
WorkloadResult   3: 5296 op, 119950001.00 ns, 22.6492 us/op
WorkloadResult   4: 5296 op, 119503058.00 ns, 22.5648 us/op
WorkloadResult   5: 5296 op, 111870879.00 ns, 21.1237 us/op
WorkloadResult   6: 5296 op, 113473128.00 ns, 21.4262 us/op
WorkloadResult   7: 5296 op, 106051366.00 ns, 20.0248 us/op
WorkloadResult   8: 5296 op, 88548630.00 ns, 16.7199 us/op
WorkloadResult   9: 5296 op, 89346443.00 ns, 16.8706 us/op
WorkloadResult  10: 5296 op, 87435593.00 ns, 16.5097 us/op
WorkloadResult  11: 5296 op, 87072259.00 ns, 16.4411 us/op
WorkloadResult  12: 5296 op, 87337078.00 ns, 16.4911 us/op
// GC:  2 0 0 40400200 5296
// Threading:  0 0 5296

// AfterAll
// Benchmark Process 3881 has exited with code 0.

Mean = 20.139 μs, StdErr = 1.013 μs (5.03%), N = 12, StdDev = 3.508 μs
Min = 16.441 μs, Q1 = 16.667 μs, Median = 20.574 μs, Q3 = 22.586 μs, Max = 26.466 μs
IQR = 5.919 μs, LowerFence = 7.790 μs, UpperFence = 31.464 μs
ConfidenceInterval = [15.645 μs; 24.633 μs] (CI 99.9%), Margin = 4.494 μs (22.31% of Mean)
Skewness = 0.27, Kurtosis = 1.54, MValue = 2

// ** Remained 16 (42.1 %) benchmark(s) to run. Estimated finish 2026-08-20 12:47 (0h 1m from now) **
// ***** BenchmarkRunner: Finish  *****

// * Export *
  tmp/dotnet-matrix/JsonSerialization/948f2f120263437ba46c95bd1081aebc/results/Matrix.JsonSerialization.Benchmarks.PrepareSerializer-report.csv
  tmp/dotnet-matrix/JsonSerialization/948f2f120263437ba46c95bd1081aebc/results/Matrix.JsonSerialization.Benchmarks.PrepareSerializer-report-github.md
  tmp/dotnet-matrix/JsonSerialization/948f2f120263437ba46c95bd1081aebc/results/Matrix.JsonSerialization.Benchmarks.PrepareSerializer-report.html
  tmp/dotnet-matrix/JsonSerialization/948f2f120263437ba46c95bd1081aebc/results/Matrix.JsonSerialization.Benchmarks.PrepareSerializer-report-full.json

// * Detailed results *
PrepareSerializer.SystemTextJson: Quick(MaxRelativeError=0.05, Arguments=/p:MatrixMode=Benchmark, IterationTime=250ms, MaxIterationCount=12, MaxWarmupIterationCount=5, MinIterationCount=8, MinWarmupIterationCount=3)
Runtime = .NET 10.0.11 (10.0.11, 10.0.1126.37416), X64 RyuJIT x86-64-v3; GC = Concurrent Workstation
Mean = 20.139 μs, StdErr = 1.013 μs (5.03%), N = 12, StdDev = 3.508 μs
Min = 16.441 μs, Q1 = 16.667 μs, Median = 20.574 μs, Q3 = 22.586 μs, Max = 26.466 μs
IQR = 5.919 μs, LowerFence = 7.790 μs, UpperFence = 31.464 μs
ConfidenceInterval = [15.645 μs; 24.633 μs] (CI 99.9%), Margin = 4.494 μs (22.31% of Mean)
Skewness = 0.27, Kurtosis = 1.54, MValue = 2
-------------------- Histogram --------------------
[16.222 μs ; 20.244 μs) | @@@@@@
[20.244 μs ; 24.766 μs) | @@@@@
[24.766 μs ; 28.477 μs) | @
---------------------------------------------------

PrepareSerializer.NewtonsoftJson: Quick(MaxRelativeError=0.05, Arguments=/p:MatrixMode=Benchmark, IterationTime=250ms, MaxIterationCount=12, MaxWarmupIterationCount=5, MinIterationCount=8, MinWarmupIterationCount=3)
Runtime = .NET 10.0.11 (10.0.11, 10.0.1126.37416), X64 RyuJIT x86-64-v3; GC = Concurrent Workstation
Mean = 56.959 μs, StdErr = 6.666 μs (11.70%), N = 12, StdDev = 23.092 μs
Min = 30.702 μs, Q1 = 37.779 μs, Median = 50.890 μs, Q3 = 72.621 μs, Max = 97.851 μs
IQR = 34.842 μs, LowerFence = -14.484 μs, UpperFence = 124.884 μs
ConfidenceInterval = [27.382 μs; 86.535 μs] (CI 99.9%), Margin = 29.577 μs (51.93% of Mean)
Skewness = 0.53, Kurtosis = 1.72, MValue = 3.14
-------------------- Histogram --------------------
[17.464 μs ; 34.074 μs) | @
[34.074 μs ; 60.550 μs) | @@@@@@@
[60.550 μs ; 71.553 μs) | 
[71.553 μs ; 98.029 μs) | @@@@
---------------------------------------------------

// * Summary *

BenchmarkDotNet v0.15.8, Linux Ubuntu 24.04.4 LTS (Noble Numbat)
AMD EPYC 7763 2.45GHz, 1 CPU, 4 logical and 2 physical cores
.NET SDK 10.0.400
  [Host] : .NET 10.0.11 (10.0.11, 10.0.1126.37416), X64 RyuJIT x86-64-v3
  Quick  : .NET 10.0.11 (10.0.11, 10.0.1126.37416), X64 RyuJIT x86-64-v3

Job=Quick  MaxRelativeError=0.05  Arguments=/p:MatrixMode=Benchmark  
IterationTime=250ms  MaxIterationCount=12  MaxWarmupIterationCount=5  
MinIterationCount=8  MinWarmupIterationCount=3  

| Method         | Mean     | Error     | StdDev    | Gen0   | Allocated |
|--------------- |---------:|----------:|----------:|-------:|----------:|
| SystemTextJson | 20.14 μs |  4.494 μs |  3.508 μs | 0.3776 |   7.45 KB |
| NewtonsoftJson | 56.96 μs | 29.577 μs | 23.092 μs | 0.4388 |  11.64 KB |

// * Warnings *
MinIterationTime
  PrepareSerializer.SystemTextJson: Quick -> The minimum observed iteration time is 87.093ms which is very small. It's recommended to increase it to at least 100ms using more operations.
  PrepareSerializer.NewtonsoftJson: Quick -> The minimum observed iteration time is 69.969ms which is very small. It's recommended to increase it to at least 100ms using more operations.

// * Legends *
  Mean      : Arithmetic mean of all measurements
  Error     : Half of 99.9% confidence interval
  StdDev    : Standard deviation of all measurements
  Gen0      : GC Generation 0 collects per 1000 operations
  Allocated : Allocated memory per single operation (managed only, inclusive, 1KB = 1024B)
  1 μs      : 1 Microsecond (0.000001 sec)

// * Diagnostic Output - MemoryDiagnoser *


// ***** BenchmarkRunner: End *****
Run time: 00:00:08 (8.45 sec), executed benchmarks: 2

// Found 3 benchmarks:
//   SerializeCollection.NewtonsoftJson: Quick(MaxRelativeError=0.05, Arguments=/p:MatrixMode=Benchmark, IterationTime=250ms, MaxIterationCount=12, MaxWarmupIterationCount=5, MinIterationCount=8, MinWarmupIterationCount=3)
//   SerializeCollection.ServiceStackText: Quick(MaxRelativeError=0.05, Arguments=/p:MatrixMode=Benchmark, IterationTime=250ms, MaxIterationCount=12, MaxWarmupIterationCount=5, MinIterationCount=8, MinWarmupIterationCount=3)
//   SerializeCollection.SystemTextJson: Quick(MaxRelativeError=0.05, Arguments=/p:MatrixMode=Benchmark, IterationTime=250ms, MaxIterationCount=12, MaxWarmupIterationCount=5, MinIterationCount=8, MinWarmupIterationCount=3)

// **************************
// Benchmark: SerializeCollection.NewtonsoftJson: Quick(MaxRelativeError=0.05, Arguments=/p:MatrixMode=Benchmark, IterationTime=250ms, MaxIterationCount=12, MaxWarmupIterationCount=5, MinIterationCount=8, MinWarmupIterationCount=3)
// *** Execute ***
// Launch: 1 / 1
// Execute: dotnet Matrix.JsonSerialization-Quick-1.dll --anonymousPipes 131 132 --benchmarkName Matrix.JsonSerialization.Benchmarks.SerializeCollection.NewtonsoftJson --job Quick --benchmarkId 22 in /home/runner/work/dotnet-matrix/dotnet-matrix/src/Matrix.JsonSerialization/bin/Benchmark/Release/net10.0/Matrix.JsonSerialization-Quick-1/bin/Release/net10.0
// Failed to set up high priority (Permission denied). In order to run benchmarks with high priority, make sure you have the right permissions.
// BeforeAnythingElse

// Benchmark Process Environment Information:
// BenchmarkDotNet v0.15.8
// Runtime=.NET 10.0.11 (10.0.11, 10.0.1126.37416), X64 RyuJIT x86-64-v3
// GC=Concurrent Workstation
// HardwareIntrinsics=AVX2+BMI1+BMI2+F16C+FMA+LZCNT+MOVBE,AVX,SSE3+SSSE3+SSE4.1+SSE4.2+POPCNT,X86Base+SSE+SSE2,AES+PCLMUL VectorSize=256
// Job: Quick(MaxRelativeError=0.05, IterationTime=250ms, MaxIterationCount=12, MaxWarmupIterationCount=5, MinIterationCount=8, MinWarmupIterationCount=3)

OverheadJitting  1: 1 op, 220916.00 ns, 220.9160 us/op
WorkloadJitting  1: 1 op, 59144399.00 ns, 59.1444 ms/op

WorkloadPilot    1: 4 op, 72376.00 ns, 18.0940 us/op
WorkloadPilot    2: 13817 op, 103940995.00 ns, 7.5227 us/op
WorkloadPilot    3: 33233 op, 220422022.00 ns, 6.6326 us/op
WorkloadPilot    4: 37692 op, 38641170.00 ns, 1.0252 us/op
WorkloadPilot    5: 243859 op, 222292519.00 ns, 911.5617 ns/op
WorkloadPilot    6: 274255 op, 256831721.00 ns, 936.4705 ns/op
WorkloadPilot    7: 266960 op, 257705417.00 ns, 965.3334 ns/op
WorkloadPilot    8: 258978 op, 243273787.00 ns, 939.3608 ns/op
WorkloadPilot    9: 266138 op, 249457587.00 ns, 937.3242 ns/op
WorkloadPilot   10: 266717 op, 256326870.00 ns, 961.0444 ns/op

WorkloadWarmup   1: 266717 op, 257922225.00 ns, 967.0258 ns/op
WorkloadWarmup   2: 266717 op, 259958842.00 ns, 974.6617 ns/op
WorkloadWarmup   3: 266717 op, 263385792.00 ns, 987.5103 ns/op
WorkloadWarmup   4: 266717 op, 261713037.00 ns, 981.2387 ns/op
WorkloadWarmup   5: 266717 op, 264337442.00 ns, 991.0783 ns/op

// BeforeActualRun
WorkloadActual   1: 266717 op, 261426537.00 ns, 980.1645 ns/op
WorkloadActual   2: 266717 op, 263387522.00 ns, 987.5168 ns/op
WorkloadActual   3: 266717 op, 263157068.00 ns, 986.6528 ns/op
WorkloadActual   4: 266717 op, 260173033.00 ns, 975.4648 ns/op
WorkloadActual   5: 266717 op, 267640204.00 ns, 1.0035 us/op
WorkloadActual   6: 266717 op, 263381507.00 ns, 987.4943 ns/op
WorkloadActual   7: 266717 op, 267141714.00 ns, 1.0016 us/op
WorkloadActual   8: 266717 op, 265265228.00 ns, 994.5569 ns/op

// AfterActualRun
WorkloadResult   1: 266717 op, 261426537.00 ns, 980.1645 ns/op
WorkloadResult   2: 266717 op, 263387522.00 ns, 987.5168 ns/op
WorkloadResult   3: 266717 op, 263157068.00 ns, 986.6528 ns/op
WorkloadResult   4: 266717 op, 260173033.00 ns, 975.4648 ns/op
WorkloadResult   5: 266717 op, 267640204.00 ns, 1.0035 us/op
WorkloadResult   6: 266717 op, 263381507.00 ns, 987.4943 ns/op
WorkloadResult   7: 266717 op, 267141714.00 ns, 1.0016 us/op
WorkloadResult   8: 266717 op, 265265228.00 ns, 994.5569 ns/op
// GC:  29 0 0 499294224 266717
// Threading:  0 0 266717

// AfterAll
// Benchmark Process 3889 has exited with code 0.

Mean = 989.613 ns, StdErr = 3.451 ns (0.35%), N = 8, StdDev = 9.760 ns
Min = 975.465 ns, Q1 = 985.031 ns, Median = 987.506 ns, Q3 = 996.316 ns, Max = 1,003.461 ns
IQR = 11.285 ns, LowerFence = 968.103 ns, UpperFence = 1,013.243 ns
ConfidenceInterval = [970.952 ns; 1,008.274 ns] (CI 99.9%), Margin = 18.661 ns (1.89% of Mean)
Skewness = 0.1, Kurtosis = 1.46, MValue = 2

// ** Remained 15 (39.5 %) benchmark(s) to run. Estimated finish 2026-08-20 12:47 (0h 1m from now) **
// **************************
// Benchmark: SerializeCollection.ServiceStackText: Quick(MaxRelativeError=0.05, Arguments=/p:MatrixMode=Benchmark, IterationTime=250ms, MaxIterationCount=12, MaxWarmupIterationCount=5, MinIterationCount=8, MinWarmupIterationCount=3)
// *** Execute ***
// Launch: 1 / 1
// Execute: dotnet Matrix.JsonSerialization-Quick-1.dll --anonymousPipes 131 132 --benchmarkName Matrix.JsonSerialization.Benchmarks.SerializeCollection.ServiceStackText --job Quick --benchmarkId 23 in /home/runner/work/dotnet-matrix/dotnet-matrix/src/Matrix.JsonSerialization/bin/Benchmark/Release/net10.0/Matrix.JsonSerialization-Quick-1/bin/Release/net10.0
// Failed to set up high priority (Permission denied). In order to run benchmarks with high priority, make sure you have the right permissions.
// BeforeAnythingElse

// Benchmark Process Environment Information:
// BenchmarkDotNet v0.15.8
// Runtime=.NET 10.0.11 (10.0.11, 10.0.1126.37416), X64 RyuJIT x86-64-v3
// GC=Concurrent Workstation
// HardwareIntrinsics=AVX2+BMI1+BMI2+F16C+FMA+LZCNT+MOVBE,AVX,SSE3+SSSE3+SSE4.1+SSE4.2+POPCNT,X86Base+SSE+SSE2,AES+PCLMUL VectorSize=256
// Job: Quick(MaxRelativeError=0.05, IterationTime=250ms, MaxIterationCount=12, MaxWarmupIterationCount=5, MinIterationCount=8, MinWarmupIterationCount=3)

OverheadJitting  1: 1 op, 241495.00 ns, 241.4950 us/op
WorkloadJitting  1: 1 op, 48033694.00 ns, 48.0337 ms/op

WorkloadPilot    1: 4 op, 83387.00 ns, 20.8468 us/op
WorkloadPilot    2: 11992 op, 83501322.00 ns, 6.9631 us/op
WorkloadPilot    3: 35904 op, 215723311.00 ns, 6.0083 us/op
WorkloadPilot    4: 41609 op, 42463319.00 ns, 1.0205 us/op
WorkloadPilot    5: 244970 op, 247632144.00 ns, 1.0109 us/op
WorkloadPilot    6: 247312 op, 251006912.00 ns, 1.0149 us/op
WorkloadPilot    7: 246320 op, 250681870.00 ns, 1.0177 us/op
WorkloadPilot    8: 245650 op, 249671296.00 ns, 1.0164 us/op
WorkloadPilot    9: 245973 op, 249325554.00 ns, 1.0136 us/op
WorkloadPilot   10: 246638 op, 248392246.00 ns, 1.0071 us/op
WorkloadPilot   11: 248234 op, 254409172.00 ns, 1.0249 us/op

WorkloadWarmup   1: 248234 op, 256542282.00 ns, 1.0335 us/op
WorkloadWarmup   2: 248234 op, 254750045.00 ns, 1.0262 us/op
WorkloadWarmup   3: 248234 op, 255608933.00 ns, 1.0297 us/op
WorkloadWarmup   4: 248234 op, 255671171.00 ns, 1.0300 us/op
WorkloadWarmup   5: 248234 op, 253056324.00 ns, 1.0194 us/op

// BeforeActualRun
WorkloadActual   1: 248234 op, 249806841.00 ns, 1.0063 us/op
WorkloadActual   2: 248234 op, 253634605.00 ns, 1.0218 us/op
WorkloadActual   3: 248234 op, 249755204.00 ns, 1.0061 us/op
WorkloadActual   4: 248234 op, 246902268.00 ns, 994.6352 ns/op
WorkloadActual   5: 248234 op, 246936042.00 ns, 994.7712 ns/op
WorkloadActual   6: 248234 op, 245980732.00 ns, 990.9228 ns/op
WorkloadActual   7: 248234 op, 252621464.00 ns, 1.0177 us/op
WorkloadActual   8: 248234 op, 254871454.00 ns, 1.0267 us/op

// AfterActualRun
WorkloadResult   1: 248234 op, 249806841.00 ns, 1.0063 us/op
WorkloadResult   2: 248234 op, 253634605.00 ns, 1.0218 us/op
WorkloadResult   3: 248234 op, 249755204.00 ns, 1.0061 us/op
WorkloadResult   4: 248234 op, 246902268.00 ns, 994.6352 ns/op
WorkloadResult   5: 248234 op, 246936042.00 ns, 994.7712 ns/op
WorkloadResult   6: 248234 op, 245980732.00 ns, 990.9228 ns/op
WorkloadResult   7: 248234 op, 252621464.00 ns, 1.0177 us/op
WorkloadResult   8: 248234 op, 254871454.00 ns, 1.0267 us/op
// GC:  14 0 0 248240600 248234
// Threading:  0 0 248234

// AfterAll
// Benchmark Process 3899 has exited with code 0.

Mean = 1.007 μs, StdErr = 0.005 μs (0.48%), N = 8, StdDev = 0.014 μs
Min = 0.991 μs, Q1 = 0.995 μs, Median = 1.006 μs, Q3 = 1.019 μs, Max = 1.027 μs
IQR = 0.024 μs, LowerFence = 0.959 μs, UpperFence = 1.055 μs
ConfidenceInterval = [0.981 μs; 1.033 μs] (CI 99.9%), Margin = 0.026 μs (2.57% of Mean)
Skewness = 0.14, Kurtosis = 1.19, MValue = 2

// ** Remained 14 (36.8 %) benchmark(s) to run. Estimated finish 2026-08-20 12:47 (0h 1m from now) **
// **************************
// Benchmark: SerializeCollection.SystemTextJson: Quick(MaxRelativeError=0.05, Arguments=/p:MatrixMode=Benchmark, IterationTime=250ms, MaxIterationCount=12, MaxWarmupIterationCount=5, MinIterationCount=8, MinWarmupIterationCount=3)
// *** Execute ***
// Launch: 1 / 1
// Execute: dotnet Matrix.JsonSerialization-Quick-1.dll --anonymousPipes 131 132 --benchmarkName Matrix.JsonSerialization.Benchmarks.SerializeCollection.SystemTextJson --job Quick --benchmarkId 24 in /home/runner/work/dotnet-matrix/dotnet-matrix/src/Matrix.JsonSerialization/bin/Benchmark/Release/net10.0/Matrix.JsonSerialization-Quick-1/bin/Release/net10.0
// Failed to set up high priority (Permission denied). In order to run benchmarks with high priority, make sure you have the right permissions.
// BeforeAnythingElse

// Benchmark Process Environment Information:
// BenchmarkDotNet v0.15.8
// Runtime=.NET 10.0.11 (10.0.11, 10.0.1126.37416), X64 RyuJIT x86-64-v3
// GC=Concurrent Workstation
// HardwareIntrinsics=AVX2+BMI1+BMI2+F16C+FMA+LZCNT+MOVBE,AVX,SSE3+SSSE3+SSE4.1+SSE4.2+POPCNT,X86Base+SSE+SSE2,AES+PCLMUL VectorSize=256
// Job: Quick(MaxRelativeError=0.05, IterationTime=250ms, MaxIterationCount=12, MaxWarmupIterationCount=5, MinIterationCount=8, MinWarmupIterationCount=3)

OverheadJitting  1: 1 op, 210426.00 ns, 210.4260 us/op
WorkloadJitting  1: 1 op, 26452050.00 ns, 26.4521 ms/op

WorkloadPilot    1: 4 op, 87054.00 ns, 21.7635 us/op
WorkloadPilot    2: 11487 op, 18205552.00 ns, 1.5849 us/op
WorkloadPilot    3: 157740 op, 260376106.00 ns, 1.6507 us/op
WorkloadPilot    4: 151454 op, 291029462.00 ns, 1.9216 us/op
WorkloadPilot    5: 130102 op, 78736263.00 ns, 605.1887 ns/op
WorkloadPilot    6: 413094 op, 234339849.00 ns, 567.2797 ns/op
WorkloadPilot    7: 440700 op, 247346298.00 ns, 561.2578 ns/op
WorkloadPilot    8: 445428 op, 249958536.00 ns, 561.1648 ns/op
WorkloadPilot    9: 445502 op, 252137611.00 ns, 565.9629 ns/op

WorkloadWarmup   1: 445502 op, 249198975.00 ns, 559.3667 ns/op
WorkloadWarmup   2: 445502 op, 249762386.00 ns, 560.6313 ns/op
WorkloadWarmup   3: 445502 op, 248128357.00 ns, 556.9635 ns/op
WorkloadWarmup   4: 445502 op, 250553928.00 ns, 562.4081 ns/op
WorkloadWarmup   5: 445502 op, 256549602.00 ns, 575.8663 ns/op

// BeforeActualRun
WorkloadActual   1: 445502 op, 246661974.00 ns, 553.6720 ns/op
WorkloadActual   2: 445502 op, 249861814.00 ns, 560.8545 ns/op
WorkloadActual   3: 445502 op, 248512151.00 ns, 557.8250 ns/op
WorkloadActual   4: 445502 op, 249878626.00 ns, 560.8923 ns/op
WorkloadActual   5: 445502 op, 249131578.00 ns, 559.2154 ns/op
WorkloadActual   6: 445502 op, 251072465.00 ns, 563.5720 ns/op
WorkloadActual   7: 445502 op, 248439053.00 ns, 557.6609 ns/op
WorkloadActual   8: 445502 op, 250325006.00 ns, 561.8942 ns/op

// AfterActualRun
WorkloadResult   1: 445502 op, 246661974.00 ns, 553.6720 ns/op
WorkloadResult   2: 445502 op, 249861814.00 ns, 560.8545 ns/op
WorkloadResult   3: 445502 op, 248512151.00 ns, 557.8250 ns/op
WorkloadResult   4: 445502 op, 249878626.00 ns, 560.8923 ns/op
WorkloadResult   5: 445502 op, 249131578.00 ns, 559.2154 ns/op
WorkloadResult   6: 445502 op, 251072465.00 ns, 563.5720 ns/op
WorkloadResult   7: 445502 op, 248439053.00 ns, 557.6609 ns/op
WorkloadResult   8: 445502 op, 250325006.00 ns, 561.8942 ns/op
// GC:  14 0 0 249481120 445502
// Threading:  0 0 445502

// AfterAll
// Benchmark Process 3908 has exited with code 0.

Mean = 559.448 ns, StdErr = 1.088 ns (0.19%), N = 8, StdDev = 3.078 ns
Min = 553.672 ns, Q1 = 557.784 ns, Median = 560.035 ns, Q3 = 561.143 ns, Max = 563.572 ns
IQR = 3.359 ns, LowerFence = 552.746 ns, UpperFence = 566.181 ns
ConfidenceInterval = [553.564 ns; 565.333 ns] (CI 99.9%), Margin = 5.884 ns (1.05% of Mean)
Skewness = -0.48, Kurtosis = 2.04, MValue = 2

// ** Remained 13 (34.2 %) benchmark(s) to run. Estimated finish 2026-08-20 12:47 (0h 1m from now) **
// ***** BenchmarkRunner: Finish  *****

// * Export *
  tmp/dotnet-matrix/JsonSerialization/948f2f120263437ba46c95bd1081aebc/results/Matrix.JsonSerialization.Benchmarks.SerializeCollection-report.csv
  tmp/dotnet-matrix/JsonSerialization/948f2f120263437ba46c95bd1081aebc/results/Matrix.JsonSerialization.Benchmarks.SerializeCollection-report-github.md
  tmp/dotnet-matrix/JsonSerialization/948f2f120263437ba46c95bd1081aebc/results/Matrix.JsonSerialization.Benchmarks.SerializeCollection-report.html
  tmp/dotnet-matrix/JsonSerialization/948f2f120263437ba46c95bd1081aebc/results/Matrix.JsonSerialization.Benchmarks.SerializeCollection-report-full.json

// * Detailed results *
SerializeCollection.SystemTextJson: Quick(MaxRelativeError=0.05, Arguments=/p:MatrixMode=Benchmark, IterationTime=250ms, MaxIterationCount=12, MaxWarmupIterationCount=5, MinIterationCount=8, MinWarmupIterationCount=3)
Runtime = .NET 10.0.11 (10.0.11, 10.0.1126.37416), X64 RyuJIT x86-64-v3; GC = Concurrent Workstation
Mean = 559.448 ns, StdErr = 1.088 ns (0.19%), N = 8, StdDev = 3.078 ns
Min = 553.672 ns, Q1 = 557.784 ns, Median = 560.035 ns, Q3 = 561.143 ns, Max = 563.572 ns
IQR = 3.359 ns, LowerFence = 552.746 ns, UpperFence = 566.181 ns
ConfidenceInterval = [553.564 ns; 565.333 ns] (CI 99.9%), Margin = 5.884 ns (1.05% of Mean)
Skewness = -0.48, Kurtosis = 2.04, MValue = 2
-------------------- Histogram --------------------
[551.652 ns ; 564.869 ns) | @@@@@@@@
---------------------------------------------------

SerializeCollection.NewtonsoftJson: Quick(MaxRelativeError=0.05, Arguments=/p:MatrixMode=Benchmark, IterationTime=250ms, MaxIterationCount=12, MaxWarmupIterationCount=5, MinIterationCount=8, MinWarmupIterationCount=3)
Runtime = .NET 10.0.11 (10.0.11, 10.0.1126.37416), X64 RyuJIT x86-64-v3; GC = Concurrent Workstation
Mean = 989.613 ns, StdErr = 3.451 ns (0.35%), N = 8, StdDev = 9.760 ns
Min = 975.465 ns, Q1 = 985.031 ns, Median = 987.506 ns, Q3 = 996.316 ns, Max = 1,003.461 ns
IQR = 11.285 ns, LowerFence = 968.103 ns, UpperFence = 1,013.243 ns
ConfidenceInterval = [970.952 ns; 1,008.274 ns] (CI 99.9%), Margin = 18.661 ns (1.89% of Mean)
Skewness = 0.1, Kurtosis = 1.46, MValue = 2
-------------------- Histogram --------------------
[971.676 ns ; 1,009.867 ns) | @@@@@@@@
---------------------------------------------------

SerializeCollection.ServiceStackText: Quick(MaxRelativeError=0.05, Arguments=/p:MatrixMode=Benchmark, IterationTime=250ms, MaxIterationCount=12, MaxWarmupIterationCount=5, MinIterationCount=8, MinWarmupIterationCount=3)
Runtime = .NET 10.0.11 (10.0.11, 10.0.1126.37416), X64 RyuJIT x86-64-v3; GC = Concurrent Workstation
Mean = 1.007 μs, StdErr = 0.005 μs (0.48%), N = 8, StdDev = 0.014 μs
Min = 0.991 μs, Q1 = 0.995 μs, Median = 1.006 μs, Q3 = 1.019 μs, Max = 1.027 μs
IQR = 0.024 μs, LowerFence = 0.959 μs, UpperFence = 1.055 μs
ConfidenceInterval = [0.981 μs; 1.033 μs] (CI 99.9%), Margin = 0.026 μs (2.57% of Mean)
Skewness = 0.14, Kurtosis = 1.19, MValue = 2
-------------------- Histogram --------------------
[0.989 μs ; 1.032 μs) | @@@@@@@@
---------------------------------------------------

// * Summary *

BenchmarkDotNet v0.15.8, Linux Ubuntu 24.04.4 LTS (Noble Numbat)
AMD EPYC 7763 2.45GHz, 1 CPU, 4 logical and 2 physical cores
.NET SDK 10.0.400
  [Host] : .NET 10.0.11 (10.0.11, 10.0.1126.37416), X64 RyuJIT x86-64-v3
  Quick  : .NET 10.0.11 (10.0.11, 10.0.1126.37416), X64 RyuJIT x86-64-v3

Job=Quick  MaxRelativeError=0.05  Arguments=/p:MatrixMode=Benchmark  
IterationTime=250ms  MaxIterationCount=12  MaxWarmupIterationCount=5  
MinIterationCount=8  MinWarmupIterationCount=3  

| Method           | Mean       | Error    | StdDev   | Gen0   | Allocated |
|----------------- |-----------:|---------:|---------:|-------:|----------:|
| SystemTextJson   |   559.4 ns |  5.88 ns |  3.08 ns | 0.0314 |     560 B |
| NewtonsoftJson   |   989.6 ns | 18.66 ns |  9.76 ns | 0.1087 |    1872 B |
| ServiceStackText | 1,007.4 ns | 25.88 ns | 13.53 ns | 0.0564 |    1000 B |

// * Legends *
  Mean      : Arithmetic mean of all measurements
  Error     : Half of 99.9% confidence interval
  StdDev    : Standard deviation of all measurements
  Gen0      : GC Generation 0 collects per 1000 operations
  Allocated : Allocated memory per single operation (managed only, inclusive, 1KB = 1024B)
  1 ns      : 1 Nanosecond (0.000000001 sec)

// * Diagnostic Output - MemoryDiagnoser *


// ***** BenchmarkRunner: End *****
Run time: 00:00:17 (17.06 sec), executed benchmarks: 3

// Found 3 benchmarks:
//   SerializeDictionary.NewtonsoftJson: Quick(MaxRelativeError=0.05, Arguments=/p:MatrixMode=Benchmark, IterationTime=250ms, MaxIterationCount=12, MaxWarmupIterationCount=5, MinIterationCount=8, MinWarmupIterationCount=3)
//   SerializeDictionary.ServiceStackText: Quick(MaxRelativeError=0.05, Arguments=/p:MatrixMode=Benchmark, IterationTime=250ms, MaxIterationCount=12, MaxWarmupIterationCount=5, MinIterationCount=8, MinWarmupIterationCount=3)
//   SerializeDictionary.SystemTextJson: Quick(MaxRelativeError=0.05, Arguments=/p:MatrixMode=Benchmark, IterationTime=250ms, MaxIterationCount=12, MaxWarmupIterationCount=5, MinIterationCount=8, MinWarmupIterationCount=3)

// **************************
// Benchmark: SerializeDictionary.NewtonsoftJson: Quick(MaxRelativeError=0.05, Arguments=/p:MatrixMode=Benchmark, IterationTime=250ms, MaxIterationCount=12, MaxWarmupIterationCount=5, MinIterationCount=8, MinWarmupIterationCount=3)
// *** Execute ***
// Launch: 1 / 1
// Execute: dotnet Matrix.JsonSerialization-Quick-1.dll --anonymousPipes 131 132 --benchmarkName Matrix.JsonSerialization.Benchmarks.SerializeDictionary.NewtonsoftJson --job Quick --benchmarkId 25 in /home/runner/work/dotnet-matrix/dotnet-matrix/src/Matrix.JsonSerialization/bin/Benchmark/Release/net10.0/Matrix.JsonSerialization-Quick-1/bin/Release/net10.0
// Failed to set up high priority (Permission denied). In order to run benchmarks with high priority, make sure you have the right permissions.
// BeforeAnythingElse

// Benchmark Process Environment Information:
// BenchmarkDotNet v0.15.8
// Runtime=.NET 10.0.11 (10.0.11, 10.0.1126.37416), X64 RyuJIT x86-64-v3
// GC=Concurrent Workstation
// HardwareIntrinsics=AVX2+BMI1+BMI2+F16C+FMA+LZCNT+MOVBE,AVX,SSE3+SSSE3+SSE4.1+SSE4.2+POPCNT,X86Base+SSE+SSE2,AES+PCLMUL VectorSize=256
// Job: Quick(MaxRelativeError=0.05, IterationTime=250ms, MaxIterationCount=12, MaxWarmupIterationCount=5, MinIterationCount=8, MinWarmupIterationCount=3)

OverheadJitting  1: 1 op, 221638.00 ns, 221.6380 us/op
WorkloadJitting  1: 1 op, 45051757.00 ns, 45.0518 ms/op

WorkloadPilot    1: 4 op, 111340.00 ns, 27.8350 us/op
WorkloadPilot    2: 8981 op, 34612467.00 ns, 3.8540 us/op
WorkloadPilot    3: 64868 op, 243527293.00 ns, 3.7542 us/op
WorkloadPilot    4: 66592 op, 50049264.00 ns, 751.5807 ns/op
WorkloadPilot    5: 332632 op, 129994247.00 ns, 390.8050 ns/op
WorkloadPilot    6: 639705 op, 264006435.00 ns, 412.7003 ns/op
WorkloadPilot    7: 605766 op, 247630700.00 ns, 408.7894 ns/op
WorkloadPilot    8: 611562 op, 242805227.00 ns, 397.0247 ns/op
WorkloadPilot    9: 629684 op, 253975465.00 ns, 403.3380 ns/op
WorkloadPilot   10: 619828 op, 235663250.00 ns, 380.2075 ns/op
WorkloadPilot   11: 657536 op, 243308065.00 ns, 370.0300 ns/op
WorkloadPilot   12: 675621 op, 256380656.00 ns, 379.4741 ns/op

WorkloadWarmup   1: 675621 op, 258250219.00 ns, 382.2413 ns/op
WorkloadWarmup   2: 675621 op, 256863386.00 ns, 380.1886 ns/op
WorkloadWarmup   3: 675621 op, 256468833.00 ns, 379.6046 ns/op
WorkloadWarmup   4: 675621 op, 262163502.00 ns, 388.0334 ns/op
WorkloadWarmup   5: 675621 op, 263082905.00 ns, 389.3942 ns/op

// BeforeActualRun
WorkloadActual   1: 675621 op, 261131076.00 ns, 386.5053 ns/op
WorkloadActual   2: 675621 op, 262321059.00 ns, 388.2666 ns/op
WorkloadActual   3: 675621 op, 263244271.00 ns, 389.6331 ns/op
WorkloadActual   4: 675621 op, 262647875.00 ns, 388.7503 ns/op
WorkloadActual   5: 675621 op, 262766008.00 ns, 388.9252 ns/op
WorkloadActual   6: 675621 op, 265646785.00 ns, 393.1891 ns/op
WorkloadActual   7: 675621 op, 268421953.00 ns, 397.2966 ns/op
WorkloadActual   8: 675621 op, 253334880.00 ns, 374.9660 ns/op

// AfterActualRun
WorkloadResult   1: 675621 op, 261131076.00 ns, 386.5053 ns/op
WorkloadResult   2: 675621 op, 262321059.00 ns, 388.2666 ns/op
WorkloadResult   3: 675621 op, 263244271.00 ns, 389.6331 ns/op
WorkloadResult   4: 675621 op, 262647875.00 ns, 388.7503 ns/op
WorkloadResult   5: 675621 op, 262766008.00 ns, 388.9252 ns/op
WorkloadResult   6: 675621 op, 265646785.00 ns, 393.1891 ns/op
WorkloadResult   7: 675621 op, 253334880.00 ns, 374.9660 ns/op
// GC:  61 0 0 1021538952 675621
// Threading:  0 0 675621

// AfterAll
// Benchmark Process 3920 has exited with code 0.

Mean = 387.176 ns, StdErr = 2.174 ns (0.56%), N = 7, StdDev = 5.751 ns
Min = 374.966 ns, Q1 = 387.386 ns, Median = 388.750 ns, Q3 = 389.279 ns, Max = 393.189 ns
IQR = 1.893 ns, LowerFence = 384.546 ns, UpperFence = 392.119 ns
ConfidenceInterval = [374.224 ns; 400.129 ns] (CI 99.9%), Margin = 12.953 ns (3.35% of Mean)
Skewness = -1.19, Kurtosis = 3.08, MValue = 2

// ** Remained 12 (31.6 %) benchmark(s) to run. Estimated finish 2026-08-20 12:47 (0h 1m from now) **
// **************************
// Benchmark: SerializeDictionary.ServiceStackText: Quick(MaxRelativeError=0.05, Arguments=/p:MatrixMode=Benchmark, IterationTime=250ms, MaxIterationCount=12, MaxWarmupIterationCount=5, MinIterationCount=8, MinWarmupIterationCount=3)
// *** Execute ***
// Launch: 1 / 1
// Execute: dotnet Matrix.JsonSerialization-Quick-1.dll --anonymousPipes 131 132 --benchmarkName Matrix.JsonSerialization.Benchmarks.SerializeDictionary.ServiceStackText --job Quick --benchmarkId 26 in /home/runner/work/dotnet-matrix/dotnet-matrix/src/Matrix.JsonSerialization/bin/Benchmark/Release/net10.0/Matrix.JsonSerialization-Quick-1/bin/Release/net10.0
// Failed to set up high priority (Permission denied). In order to run benchmarks with high priority, make sure you have the right permissions.
// BeforeAnythingElse

// Benchmark Process Environment Information:
// BenchmarkDotNet v0.15.8
// Runtime=.NET 10.0.11 (10.0.11, 10.0.1126.37416), X64 RyuJIT x86-64-v3
// GC=Concurrent Workstation
// HardwareIntrinsics=AVX2+BMI1+BMI2+F16C+FMA+LZCNT+MOVBE,AVX,SSE3+SSSE3+SSE4.1+SSE4.2+POPCNT,X86Base+SSE+SSE2,AES+PCLMUL VectorSize=256
// Job: Quick(MaxRelativeError=0.05, IterationTime=250ms, MaxIterationCount=12, MaxWarmupIterationCount=5, MinIterationCount=8, MinWarmupIterationCount=3)

OverheadJitting  1: 1 op, 211960.00 ns, 211.9600 us/op
WorkloadJitting  1: 1 op, 36712256.00 ns, 36.7123 ms/op

WorkloadPilot    1: 4 op, 66556.00 ns, 16.6390 us/op
WorkloadPilot    2: 15025 op, 29385088.00 ns, 1.9557 us/op
WorkloadPilot    3: 127828 op, 269390080.00 ns, 2.1074 us/op
WorkloadPilot    4: 118627 op, 112563486.00 ns, 948.8859 ns/op
WorkloadPilot    5: 263467 op, 57475472.00 ns, 218.1506 ns/op
WorkloadPilot    6: 1145998 op, 249327727.00 ns, 217.5638 ns/op
WorkloadPilot    7: 1149088 op, 241768941.00 ns, 210.4007 ns/op
WorkloadPilot    8: 1188209 op, 247839164.00 ns, 208.5821 ns/op
WorkloadPilot    9: 1198569 op, 252576327.00 ns, 210.7316 ns/op
WorkloadPilot   10: 1186343 op, 244398234.00 ns, 206.0098 ns/op
WorkloadPilot   11: 1213535 op, 253313819.00 ns, 208.7404 ns/op

WorkloadWarmup   1: 1213535 op, 263823754.00 ns, 217.4010 ns/op
WorkloadWarmup   2: 1213535 op, 278297601.00 ns, 229.3280 ns/op
WorkloadWarmup   3: 1213535 op, 265561555.00 ns, 218.8330 ns/op
WorkloadWarmup   4: 1213535 op, 258269081.00 ns, 212.8238 ns/op
WorkloadWarmup   5: 1213535 op, 254880467.00 ns, 210.0314 ns/op

// BeforeActualRun
WorkloadActual   1: 1213535 op, 253255736.00 ns, 208.6926 ns/op
WorkloadActual   2: 1213535 op, 253780394.00 ns, 209.1249 ns/op
WorkloadActual   3: 1213535 op, 255136840.00 ns, 210.2427 ns/op
WorkloadActual   4: 1213535 op, 253749015.00 ns, 209.0990 ns/op
WorkloadActual   5: 1213535 op, 252952675.00 ns, 208.4428 ns/op
WorkloadActual   6: 1213535 op, 254347593.00 ns, 209.5923 ns/op
WorkloadActual   7: 1213535 op, 254011270.00 ns, 209.3152 ns/op
WorkloadActual   8: 1213535 op, 257054433.00 ns, 211.8228 ns/op

// AfterActualRun
WorkloadResult   1: 1213535 op, 253255736.00 ns, 208.6926 ns/op
WorkloadResult   2: 1213535 op, 253780394.00 ns, 209.1249 ns/op
WorkloadResult   3: 1213535 op, 255136840.00 ns, 210.2427 ns/op
WorkloadResult   4: 1213535 op, 253749015.00 ns, 209.0990 ns/op
WorkloadResult   5: 1213535 op, 252952675.00 ns, 208.4428 ns/op
WorkloadResult   6: 1213535 op, 254347593.00 ns, 209.5923 ns/op
WorkloadResult   7: 1213535 op, 254011270.00 ns, 209.3152 ns/op
// GC:  20 0 0 349498080 1213535
// Threading:  0 0 1213535

// AfterAll
// Benchmark Process 3931 has exited with code 0.

Mean = 209.216 ns, StdErr = 0.224 ns (0.11%), N = 7, StdDev = 0.591 ns
Min = 208.443 ns, Q1 = 208.896 ns, Median = 209.125 ns, Q3 = 209.454 ns, Max = 210.243 ns
IQR = 0.558 ns, LowerFence = 208.059 ns, UpperFence = 210.291 ns
ConfidenceInterval = [207.883 ns; 210.548 ns] (CI 99.9%), Margin = 1.332 ns (0.64% of Mean)
Skewness = 0.37, Kurtosis = 1.83, MValue = 2

// ** Remained 11 (28.9 %) benchmark(s) to run. Estimated finish 2026-08-20 12:47 (0h 1m from now) **
// **************************
// Benchmark: SerializeDictionary.SystemTextJson: Quick(MaxRelativeError=0.05, Arguments=/p:MatrixMode=Benchmark, IterationTime=250ms, MaxIterationCount=12, MaxWarmupIterationCount=5, MinIterationCount=8, MinWarmupIterationCount=3)
// *** Execute ***
// Launch: 1 / 1
// Execute: dotnet Matrix.JsonSerialization-Quick-1.dll --anonymousPipes 129 130 --benchmarkName Matrix.JsonSerialization.Benchmarks.SerializeDictionary.SystemTextJson --job Quick --benchmarkId 27 in /home/runner/work/dotnet-matrix/dotnet-matrix/src/Matrix.JsonSerialization/bin/Benchmark/Release/net10.0/Matrix.JsonSerialization-Quick-1/bin/Release/net10.0
// Failed to set up high priority (Permission denied). In order to run benchmarks with high priority, make sure you have the right permissions.
// BeforeAnythingElse

// Benchmark Process Environment Information:
// BenchmarkDotNet v0.15.8
// Runtime=.NET 10.0.11 (10.0.11, 10.0.1126.37416), X64 RyuJIT x86-64-v3
// GC=Concurrent Workstation
// HardwareIntrinsics=AVX2+BMI1+BMI2+F16C+FMA+LZCNT+MOVBE,AVX,SSE3+SSSE3+SSE4.1+SSE4.2+POPCNT,X86Base+SSE+SSE2,AES+PCLMUL VectorSize=256
// Job: Quick(MaxRelativeError=0.05, IterationTime=250ms, MaxIterationCount=12, MaxWarmupIterationCount=5, MinIterationCount=8, MinWarmupIterationCount=3)

OverheadJitting  1: 1 op, 231327.00 ns, 231.3270 us/op
WorkloadJitting  1: 1 op, 23654305.00 ns, 23.6543 ms/op

WorkloadPilot    1: 4 op, 69811.00 ns, 17.4528 us/op
WorkloadPilot    2: 14324 op, 13165971.00 ns, 919.1546 ns/op
WorkloadPilot    3: 271989 op, 264789162.00 ns, 973.5289 ns/op
WorkloadPilot    4: 256798 op, 226596780.00 ns, 882.3931 ns/op
WorkloadPilot    5: 283320 op, 96276128.00 ns, 339.8141 ns/op
WorkloadPilot    6: 735696 op, 157520930.00 ns, 214.1114 ns/op
WorkloadPilot    7: 1167616 op, 246634270.00 ns, 211.2289 ns/op
WorkloadPilot    8: 1183550 op, 251780478.00 ns, 212.7333 ns/op
WorkloadPilot    9: 1175180 op, 251337122.00 ns, 213.8712 ns/op

WorkloadWarmup   1: 1175180 op, 249999101.00 ns, 212.7326 ns/op
WorkloadWarmup   2: 1175180 op, 248857229.00 ns, 211.7609 ns/op
WorkloadWarmup   3: 1175180 op, 250355904.00 ns, 213.0362 ns/op
WorkloadWarmup   4: 1175180 op, 249591142.00 ns, 212.3855 ns/op
WorkloadWarmup   5: 1175180 op, 252453015.00 ns, 214.8207 ns/op

// BeforeActualRun
WorkloadActual   1: 1175180 op, 249018062.00 ns, 211.8978 ns/op
WorkloadActual   2: 1175180 op, 247748750.00 ns, 210.8177 ns/op
WorkloadActual   3: 1175180 op, 245329731.00 ns, 208.7593 ns/op
WorkloadActual   4: 1175180 op, 247922968.00 ns, 210.9660 ns/op
WorkloadActual   5: 1175180 op, 247594469.00 ns, 210.6864 ns/op
WorkloadActual   6: 1175180 op, 245591335.00 ns, 208.9819 ns/op
WorkloadActual   7: 1175180 op, 244411591.00 ns, 207.9780 ns/op
WorkloadActual   8: 1175180 op, 246847662.00 ns, 210.0509 ns/op

// AfterActualRun
WorkloadResult   1: 1175180 op, 249018062.00 ns, 211.8978 ns/op
WorkloadResult   2: 1175180 op, 247748750.00 ns, 210.8177 ns/op
WorkloadResult   3: 1175180 op, 245329731.00 ns, 208.7593 ns/op
WorkloadResult   4: 1175180 op, 247922968.00 ns, 210.9660 ns/op
WorkloadResult   5: 1175180 op, 247594469.00 ns, 210.6864 ns/op
WorkloadResult   6: 1175180 op, 245591335.00 ns, 208.9819 ns/op
WorkloadResult   7: 1175180 op, 244411591.00 ns, 207.9780 ns/op
WorkloadResult   8: 1175180 op, 246847662.00 ns, 210.0509 ns/op
// GC:  6 0 0 103415840 1175180
// Threading:  0 0 1175180

// AfterAll
// Benchmark Process 3940 has exited with code 0.

Mean = 210.017 ns, StdErr = 0.469 ns (0.22%), N = 8, StdDev = 1.328 ns
Min = 207.978 ns, Q1 = 208.926 ns, Median = 210.369 ns, Q3 = 210.855 ns, Max = 211.898 ns
IQR = 1.929 ns, LowerFence = 206.033 ns, UpperFence = 213.748 ns
ConfidenceInterval = [207.479 ns; 212.556 ns] (CI 99.9%), Margin = 2.538 ns (1.21% of Mean)
Skewness = -0.17, Kurtosis = 1.4, MValue = 2

// ** Remained 10 (26.3 %) benchmark(s) to run. Estimated finish 2026-08-20 12:47 (0h 0m from now) **
// ***** BenchmarkRunner: Finish  *****

// * Export *
  tmp/dotnet-matrix/JsonSerialization/948f2f120263437ba46c95bd1081aebc/results/Matrix.JsonSerialization.Benchmarks.SerializeDictionary-report.csv
  tmp/dotnet-matrix/JsonSerialization/948f2f120263437ba46c95bd1081aebc/results/Matrix.JsonSerialization.Benchmarks.SerializeDictionary-report-github.md
  tmp/dotnet-matrix/JsonSerialization/948f2f120263437ba46c95bd1081aebc/results/Matrix.JsonSerialization.Benchmarks.SerializeDictionary-report.html
  tmp/dotnet-matrix/JsonSerialization/948f2f120263437ba46c95bd1081aebc/results/Matrix.JsonSerialization.Benchmarks.SerializeDictionary-report-full.json

// * Detailed results *
SerializeDictionary.ServiceStackText: Quick(MaxRelativeError=0.05, Arguments=/p:MatrixMode=Benchmark, IterationTime=250ms, MaxIterationCount=12, MaxWarmupIterationCount=5, MinIterationCount=8, MinWarmupIterationCount=3)
Runtime = .NET 10.0.11 (10.0.11, 10.0.1126.37416), X64 RyuJIT x86-64-v3; GC = Concurrent Workstation
Mean = 209.216 ns, StdErr = 0.224 ns (0.11%), N = 7, StdDev = 0.591 ns
Min = 208.443 ns, Q1 = 208.896 ns, Median = 209.125 ns, Q3 = 209.454 ns, Max = 210.243 ns
IQR = 0.558 ns, LowerFence = 208.059 ns, UpperFence = 210.291 ns
ConfidenceInterval = [207.883 ns; 210.548 ns] (CI 99.9%), Margin = 1.332 ns (0.64% of Mean)
Skewness = 0.37, Kurtosis = 1.83, MValue = 2
-------------------- Histogram --------------------
[208.037 ns ; 210.649 ns) | @@@@@@@
---------------------------------------------------

SerializeDictionary.SystemTextJson: Quick(MaxRelativeError=0.05, Arguments=/p:MatrixMode=Benchmark, IterationTime=250ms, MaxIterationCount=12, MaxWarmupIterationCount=5, MinIterationCount=8, MinWarmupIterationCount=3)
Runtime = .NET 10.0.11 (10.0.11, 10.0.1126.37416), X64 RyuJIT x86-64-v3; GC = Concurrent Workstation
Mean = 210.017 ns, StdErr = 0.469 ns (0.22%), N = 8, StdDev = 1.328 ns
Min = 207.978 ns, Q1 = 208.926 ns, Median = 210.369 ns, Q3 = 210.855 ns, Max = 211.898 ns
IQR = 1.929 ns, LowerFence = 206.033 ns, UpperFence = 213.748 ns
ConfidenceInterval = [207.479 ns; 212.556 ns] (CI 99.9%), Margin = 2.538 ns (1.21% of Mean)
Skewness = -0.17, Kurtosis = 1.4, MValue = 2
-------------------- Histogram --------------------
[207.107 ns ; 212.769 ns) | @@@@@@@@
---------------------------------------------------

SerializeDictionary.NewtonsoftJson: Quick(MaxRelativeError=0.05, Arguments=/p:MatrixMode=Benchmark, IterationTime=250ms, MaxIterationCount=12, MaxWarmupIterationCount=5, MinIterationCount=8, MinWarmupIterationCount=3)
Runtime = .NET 10.0.11 (10.0.11, 10.0.1126.37416), X64 RyuJIT x86-64-v3; GC = Concurrent Workstation
Mean = 387.176 ns, StdErr = 2.174 ns (0.56%), N = 7, StdDev = 5.751 ns
Min = 374.966 ns, Q1 = 387.386 ns, Median = 388.750 ns, Q3 = 389.279 ns, Max = 393.189 ns
IQR = 1.893 ns, LowerFence = 384.546 ns, UpperFence = 392.119 ns
ConfidenceInterval = [374.224 ns; 400.129 ns] (CI 99.9%), Margin = 12.953 ns (3.35% of Mean)
Skewness = -1.19, Kurtosis = 3.08, MValue = 2
-------------------- Histogram --------------------
[371.020 ns ; 378.912 ns) | @
[378.912 ns ; 393.793 ns) | @@@@@@
---------------------------------------------------

// * Summary *

BenchmarkDotNet v0.15.8, Linux Ubuntu 24.04.4 LTS (Noble Numbat)
AMD EPYC 7763 2.45GHz, 1 CPU, 4 logical and 2 physical cores
.NET SDK 10.0.400
  [Host] : .NET 10.0.11 (10.0.11, 10.0.1126.37416), X64 RyuJIT x86-64-v3
  Quick  : .NET 10.0.11 (10.0.11, 10.0.1126.37416), X64 RyuJIT x86-64-v3

Job=Quick  MaxRelativeError=0.05  Arguments=/p:MatrixMode=Benchmark  
IterationTime=250ms  MaxIterationCount=12  MaxWarmupIterationCount=5  
MinIterationCount=8  MinWarmupIterationCount=3  

| Method           | Mean     | Error    | StdDev  | Gen0   | Allocated |
|----------------- |---------:|---------:|--------:|-------:|----------:|
| ServiceStackText | 209.2 ns |  1.33 ns | 0.59 ns | 0.0165 |     288 B |
| SystemTextJson   | 210.0 ns |  2.54 ns | 1.33 ns | 0.0051 |      88 B |
| NewtonsoftJson   | 387.2 ns | 12.95 ns | 5.75 ns | 0.0903 |    1512 B |

// * Hints *
Outliers
  SerializeDictionary.ServiceStackText: Quick -> 1 outlier  was  removed (211.82 ns)
  SerializeDictionary.NewtonsoftJson: Quick   -> 1 outlier  was  removed, 2 outliers were detected (374.97 ns, 397.30 ns)

// * Legends *
  Mean      : Arithmetic mean of all measurements
  Error     : Half of 99.9% confidence interval
  StdDev    : Standard deviation of all measurements
  Gen0      : GC Generation 0 collects per 1000 operations
  Allocated : Allocated memory per single operation (managed only, inclusive, 1KB = 1024B)
  1 ns      : 1 Nanosecond (0.000000001 sec)

// * Diagnostic Output - MemoryDiagnoser *


// ***** BenchmarkRunner: End *****
Run time: 00:00:17 (17.13 sec), executed benchmarks: 3

// Found 3 benchmarks:
//   SerializeNestedObject.NewtonsoftJson: Quick(MaxRelativeError=0.05, Arguments=/p:MatrixMode=Benchmark, IterationTime=250ms, MaxIterationCount=12, MaxWarmupIterationCount=5, MinIterationCount=8, MinWarmupIterationCount=3)
//   SerializeNestedObject.ServiceStackText: Quick(MaxRelativeError=0.05, Arguments=/p:MatrixMode=Benchmark, IterationTime=250ms, MaxIterationCount=12, MaxWarmupIterationCount=5, MinIterationCount=8, MinWarmupIterationCount=3)
//   SerializeNestedObject.SystemTextJson: Quick(MaxRelativeError=0.05, Arguments=/p:MatrixMode=Benchmark, IterationTime=250ms, MaxIterationCount=12, MaxWarmupIterationCount=5, MinIterationCount=8, MinWarmupIterationCount=3)

// **************************
// Benchmark: SerializeNestedObject.NewtonsoftJson: Quick(MaxRelativeError=0.05, Arguments=/p:MatrixMode=Benchmark, IterationTime=250ms, MaxIterationCount=12, MaxWarmupIterationCount=5, MinIterationCount=8, MinWarmupIterationCount=3)
// *** Execute ***
// Launch: 1 / 1
// Execute: dotnet Matrix.JsonSerialization-Quick-1.dll --anonymousPipes 129 130 --benchmarkName Matrix.JsonSerialization.Benchmarks.SerializeNestedObject.NewtonsoftJson --job Quick --benchmarkId 28 in /home/runner/work/dotnet-matrix/dotnet-matrix/src/Matrix.JsonSerialization/bin/Benchmark/Release/net10.0/Matrix.JsonSerialization-Quick-1/bin/Release/net10.0
// Failed to set up high priority (Permission denied). In order to run benchmarks with high priority, make sure you have the right permissions.
// BeforeAnythingElse

// Benchmark Process Environment Information:
// BenchmarkDotNet v0.15.8
// Runtime=.NET 10.0.11 (10.0.11, 10.0.1126.37416), X64 RyuJIT x86-64-v3
// GC=Concurrent Workstation
// HardwareIntrinsics=AVX2+BMI1+BMI2+F16C+FMA+LZCNT+MOVBE,AVX,SSE3+SSSE3+SSE4.1+SSE4.2+POPCNT,X86Base+SSE+SSE2,AES+PCLMUL VectorSize=256
// Job: Quick(MaxRelativeError=0.05, IterationTime=250ms, MaxIterationCount=12, MaxWarmupIterationCount=5, MinIterationCount=8, MinWarmupIterationCount=3)

OverheadJitting  1: 1 op, 239902.00 ns, 239.9020 us/op
WorkloadJitting  1: 1 op, 57129989.00 ns, 57.1300 ms/op

WorkloadPilot    1: 4 op, 61937.00 ns, 15.4843 us/op
WorkloadPilot    2: 16145 op, 82834067.00 ns, 5.1306 us/op
WorkloadPilot    3: 48727 op, 234726012.00 ns, 4.8172 us/op
WorkloadPilot    4: 51898 op, 37837523.00 ns, 729.0748 ns/op
WorkloadPilot    5: 342900 op, 230968709.00 ns, 673.5745 ns/op
WorkloadPilot    6: 371154 op, 249654461.00 ns, 672.6439 ns/op
WorkloadPilot    7: 371668 op, 254797273.00 ns, 685.5507 ns/op
WorkloadPilot    8: 364670 op, 246257791.00 ns, 675.2894 ns/op
WorkloadPilot    9: 370212 op, 249339238.00 ns, 673.5039 ns/op
WorkloadPilot   10: 371193 op, 249920663.00 ns, 673.2903 ns/op
WorkloadPilot   11: 371311 op, 251046253.00 ns, 676.1078 ns/op
WorkloadPilot   12: 369764 op, 246537638.00 ns, 666.7432 ns/op
WorkloadPilot   13: 374957 op, 248906892.00 ns, 663.8278 ns/op
WorkloadPilot   14: 376604 op, 247511938.00 ns, 657.2207 ns/op
WorkloadPilot   15: 380390 op, 250423675.00 ns, 658.3340 ns/op

WorkloadWarmup   1: 380390 op, 247378107.00 ns, 650.3276 ns/op
WorkloadWarmup   2: 380390 op, 248249028.00 ns, 652.6171 ns/op
WorkloadWarmup   3: 380390 op, 264715797.00 ns, 695.9063 ns/op
WorkloadWarmup   4: 380390 op, 263748163.00 ns, 693.3625 ns/op
WorkloadWarmup   5: 380390 op, 260051848.00 ns, 683.6453 ns/op

// BeforeActualRun
WorkloadActual   1: 380390 op, 254725983.00 ns, 669.6443 ns/op
WorkloadActual   2: 380390 op, 257724232.00 ns, 677.5263 ns/op
WorkloadActual   3: 380390 op, 254366766.00 ns, 668.6999 ns/op
WorkloadActual   4: 380390 op, 259094214.00 ns, 681.1278 ns/op
WorkloadActual   5: 380390 op, 256144887.00 ns, 673.3744 ns/op
WorkloadActual   6: 380390 op, 253401046.00 ns, 666.1612 ns/op
WorkloadActual   7: 380390 op, 260288203.00 ns, 684.2667 ns/op
WorkloadActual   8: 380390 op, 253936595.00 ns, 667.5691 ns/op

// AfterActualRun
WorkloadResult   1: 380390 op, 254725983.00 ns, 669.6443 ns/op
WorkloadResult   2: 380390 op, 257724232.00 ns, 677.5263 ns/op
WorkloadResult   3: 380390 op, 254366766.00 ns, 668.6999 ns/op
WorkloadResult   4: 380390 op, 259094214.00 ns, 681.1278 ns/op
WorkloadResult   5: 380390 op, 256144887.00 ns, 673.3744 ns/op
WorkloadResult   6: 380390 op, 253401046.00 ns, 666.1612 ns/op
WorkloadResult   7: 380390 op, 260288203.00 ns, 684.2667 ns/op
WorkloadResult   8: 380390 op, 253936595.00 ns, 667.5691 ns/op
// GC:  37 0 0 632968960 380390
// Threading:  0 0 380390

// AfterAll
// Benchmark Process 3951 has exited with code 0.

Mean = 673.546 ns, StdErr = 2.380 ns (0.35%), N = 8, StdDev = 6.732 ns
Min = 666.161 ns, Q1 = 668.417 ns, Median = 671.509 ns, Q3 = 678.427 ns, Max = 684.267 ns
IQR = 10.009 ns, LowerFence = 653.403 ns, UpperFence = 693.441 ns
ConfidenceInterval = [660.674 ns; 686.418 ns] (CI 99.9%), Margin = 12.872 ns (1.91% of Mean)
Skewness = 0.39, Kurtosis = 1.33, MValue = 2

// ** Remained 9 (23.7 %) benchmark(s) to run. Estimated finish 2026-08-20 12:47 (0h 0m from now) **
// **************************
// Benchmark: SerializeNestedObject.ServiceStackText: Quick(MaxRelativeError=0.05, Arguments=/p:MatrixMode=Benchmark, IterationTime=250ms, MaxIterationCount=12, MaxWarmupIterationCount=5, MinIterationCount=8, MinWarmupIterationCount=3)
// *** Execute ***
// Launch: 1 / 1
// Execute: dotnet Matrix.JsonSerialization-Quick-1.dll --anonymousPipes 129 130 --benchmarkName Matrix.JsonSerialization.Benchmarks.SerializeNestedObject.ServiceStackText --job Quick --benchmarkId 29 in /home/runner/work/dotnet-matrix/dotnet-matrix/src/Matrix.JsonSerialization/bin/Benchmark/Release/net10.0/Matrix.JsonSerialization-Quick-1/bin/Release/net10.0
// Failed to set up high priority (Permission denied). In order to run benchmarks with high priority, make sure you have the right permissions.
// BeforeAnythingElse

// Benchmark Process Environment Information:
// BenchmarkDotNet v0.15.8
// Runtime=.NET 10.0.11 (10.0.11, 10.0.1126.37416), X64 RyuJIT x86-64-v3
// GC=Concurrent Workstation
// HardwareIntrinsics=AVX2+BMI1+BMI2+F16C+FMA+LZCNT+MOVBE,AVX,SSE3+SSSE3+SSE4.1+SSE4.2+POPCNT,X86Base+SSE+SSE2,AES+PCLMUL VectorSize=256
// Job: Quick(MaxRelativeError=0.05, IterationTime=250ms, MaxIterationCount=12, MaxWarmupIterationCount=5, MinIterationCount=8, MinWarmupIterationCount=3)

OverheadJitting  1: 1 op, 223561.00 ns, 223.5610 us/op
WorkloadJitting  1: 1 op, 52551764.00 ns, 52.5518 ms/op

WorkloadPilot    1: 4 op, 50265.00 ns, 12.5663 us/op
WorkloadPilot    2: 19895 op, 103514092.00 ns, 5.2030 us/op
WorkloadPilot    3: 48049 op, 179840565.00 ns, 3.7429 us/op
WorkloadPilot    4: 66794 op, 47128525.00 ns, 705.5802 ns/op
WorkloadPilot    5: 354318 op, 240237542.00 ns, 678.0280 ns/op
WorkloadPilot    6: 368716 op, 257544823.00 ns, 698.4910 ns/op
WorkloadPilot    7: 357914 op, 248576906.00 ns, 694.5157 ns/op
WorkloadPilot    8: 359963 op, 249755697.00 ns, 693.8371 ns/op
WorkloadPilot    9: 360315 op, 249561281.00 ns, 692.6197 ns/op
WorkloadPilot   10: 360948 op, 250797911.00 ns, 694.8311 ns/op
WorkloadPilot   11: 359800 op, 259231257.00 ns, 720.4871 ns/op

WorkloadWarmup   1: 359800 op, 245373770.00 ns, 681.9727 ns/op
WorkloadWarmup   2: 359800 op, 260709938.00 ns, 724.5968 ns/op
WorkloadWarmup   3: 359800 op, 268221913.00 ns, 745.4750 ns/op
WorkloadWarmup   4: 359800 op, 264546868.00 ns, 735.2609 ns/op
WorkloadWarmup   5: 359800 op, 261932872.00 ns, 727.9958 ns/op

// BeforeActualRun
WorkloadActual   1: 359800 op, 259084347.00 ns, 720.0788 ns/op
WorkloadActual   2: 359800 op, 266074010.00 ns, 739.5053 ns/op
WorkloadActual   3: 359800 op, 260946620.00 ns, 725.2546 ns/op
WorkloadActual   4: 359800 op, 261374647.00 ns, 726.4443 ns/op
WorkloadActual   5: 359800 op, 260966968.00 ns, 725.3112 ns/op
WorkloadActual   6: 359800 op, 263167985.00 ns, 731.4285 ns/op
WorkloadActual   7: 359800 op, 264651070.00 ns, 735.5505 ns/op
WorkloadActual   8: 359800 op, 267777801.00 ns, 744.2407 ns/op

// AfterActualRun
WorkloadResult   1: 359800 op, 259084347.00 ns, 720.0788 ns/op
WorkloadResult   2: 359800 op, 266074010.00 ns, 739.5053 ns/op
WorkloadResult   3: 359800 op, 260946620.00 ns, 725.2546 ns/op
WorkloadResult   4: 359800 op, 261374647.00 ns, 726.4443 ns/op
WorkloadResult   5: 359800 op, 260966968.00 ns, 725.3112 ns/op
WorkloadResult   6: 359800 op, 263167985.00 ns, 731.4285 ns/op
WorkloadResult   7: 359800 op, 264651070.00 ns, 735.5505 ns/op
WorkloadResult   8: 359800 op, 267777801.00 ns, 744.2407 ns/op
// GC:  17 0 0 284965488 359800
// Threading:  0 0 359800

// AfterAll
// Benchmark Process 3960 has exited with code 0.

Mean = 730.977 ns, StdErr = 2.909 ns (0.40%), N = 8, StdDev = 8.228 ns
Min = 720.079 ns, Q1 = 725.297 ns, Median = 728.936 ns, Q3 = 736.539 ns, Max = 744.241 ns
IQR = 11.242 ns, LowerFence = 708.434 ns, UpperFence = 753.402 ns
ConfidenceInterval = [715.244 ns; 746.709 ns] (CI 99.9%), Margin = 15.732 ns (2.15% of Mean)
Skewness = 0.29, Kurtosis = 1.45, MValue = 2

// ** Remained 8 (21.1 %) benchmark(s) to run. Estimated finish 2026-08-20 12:47 (0h 0m from now) **
// **************************
// Benchmark: SerializeNestedObject.SystemTextJson: Quick(MaxRelativeError=0.05, Arguments=/p:MatrixMode=Benchmark, IterationTime=250ms, MaxIterationCount=12, MaxWarmupIterationCount=5, MinIterationCount=8, MinWarmupIterationCount=3)
// *** Execute ***
// Launch: 1 / 1
// Execute: dotnet Matrix.JsonSerialization-Quick-1.dll --anonymousPipes 129 130 --benchmarkName Matrix.JsonSerialization.Benchmarks.SerializeNestedObject.SystemTextJson --job Quick --benchmarkId 30 in /home/runner/work/dotnet-matrix/dotnet-matrix/src/Matrix.JsonSerialization/bin/Benchmark/Release/net10.0/Matrix.JsonSerialization-Quick-1/bin/Release/net10.0
// Failed to set up high priority (Permission denied). In order to run benchmarks with high priority, make sure you have the right permissions.
// BeforeAnythingElse

// Benchmark Process Environment Information:
// BenchmarkDotNet v0.15.8
// Runtime=.NET 10.0.11 (10.0.11, 10.0.1126.37416), X64 RyuJIT x86-64-v3
// GC=Concurrent Workstation
// HardwareIntrinsics=AVX2+BMI1+BMI2+F16C+FMA+LZCNT+MOVBE,AVX,SSE3+SSSE3+SSE4.1+SSE4.2+POPCNT,X86Base+SSE+SSE2,AES+PCLMUL VectorSize=256
// Job: Quick(MaxRelativeError=0.05, IterationTime=250ms, MaxIterationCount=12, MaxWarmupIterationCount=5, MinIterationCount=8, MinWarmupIterationCount=3)

OverheadJitting  1: 1 op, 218091.00 ns, 218.0910 us/op
WorkloadJitting  1: 1 op, 24922556.00 ns, 24.9226 ms/op

WorkloadPilot    1: 4 op, 80612.00 ns, 20.1530 us/op
WorkloadPilot    2: 12405 op, 15220006.00 ns, 1.2269 us/op
WorkloadPilot    3: 203761 op, 237365492.00 ns, 1.1649 us/op
WorkloadPilot    4: 214607 op, 327344979.00 ns, 1.5253 us/op
WorkloadPilot    5: 163900 op, 75210432.00 ns, 458.8800 ns/op
WorkloadPilot    6: 544805 op, 245534540.00 ns, 450.6833 ns/op
WorkloadPilot    7: 554713 op, 247093644.00 ns, 445.4441 ns/op
WorkloadPilot    8: 561238 op, 249175903.00 ns, 443.9755 ns/op
WorkloadPilot    9: 563094 op, 258625096.00 ns, 459.2929 ns/op
WorkloadPilot   10: 544315 op, 249526474.00 ns, 458.4229 ns/op
WorkloadPilot   11: 545348 op, 250968791.00 ns, 460.1993 ns/op

WorkloadWarmup   1: 545348 op, 244979137.00 ns, 449.2162 ns/op
WorkloadWarmup   2: 545348 op, 242277557.00 ns, 444.2623 ns/op
WorkloadWarmup   3: 545348 op, 242419344.00 ns, 444.5223 ns/op
WorkloadWarmup   4: 545348 op, 243022169.00 ns, 445.6277 ns/op
WorkloadWarmup   5: 545348 op, 244515483.00 ns, 448.3660 ns/op

// BeforeActualRun
WorkloadActual   1: 545348 op, 245850268.00 ns, 450.8136 ns/op
WorkloadActual   2: 545348 op, 256522845.00 ns, 470.3838 ns/op
WorkloadActual   3: 545348 op, 241177143.00 ns, 442.2445 ns/op
WorkloadActual   4: 545348 op, 243234990.00 ns, 446.0179 ns/op
WorkloadActual   5: 545348 op, 243108352.00 ns, 445.7857 ns/op
WorkloadActual   6: 545348 op, 243923377.00 ns, 447.2802 ns/op
WorkloadActual   7: 545348 op, 243690799.00 ns, 446.8538 ns/op
WorkloadActual   8: 545348 op, 243599487.00 ns, 446.6863 ns/op

// AfterActualRun
WorkloadResult   1: 545348 op, 245850268.00 ns, 450.8136 ns/op
WorkloadResult   2: 545348 op, 241177143.00 ns, 442.2445 ns/op
WorkloadResult   3: 545348 op, 243234990.00 ns, 446.0179 ns/op
WorkloadResult   4: 545348 op, 243108352.00 ns, 445.7857 ns/op
WorkloadResult   5: 545348 op, 243923377.00 ns, 447.2802 ns/op
WorkloadResult   6: 545348 op, 243690799.00 ns, 446.8538 ns/op
WorkloadResult   7: 545348 op, 243599487.00 ns, 446.6863 ns/op
// GC:  16 0 0 274855392 545348
// Threading:  0 0 545348

// AfterAll
// Benchmark Process 3973 has exited with code 0.

Mean = 446.526 ns, StdErr = 0.954 ns (0.21%), N = 7, StdDev = 2.524 ns
Min = 442.244 ns, Q1 = 445.902 ns, Median = 446.686 ns, Q3 = 447.067 ns, Max = 450.814 ns
IQR = 1.165 ns, LowerFence = 444.154 ns, UpperFence = 448.815 ns
ConfidenceInterval = [440.841 ns; 452.211 ns] (CI 99.9%), Margin = 5.685 ns (1.27% of Mean)
Skewness = 0, Kurtosis = 2.37, MValue = 2

// ** Remained 7 (18.4 %) benchmark(s) to run. Estimated finish 2026-08-20 12:47 (0h 0m from now) **
// ***** BenchmarkRunner: Finish  *****

// * Export *
  tmp/dotnet-matrix/JsonSerialization/948f2f120263437ba46c95bd1081aebc/results/Matrix.JsonSerialization.Benchmarks.SerializeNestedObject-report.csv
  tmp/dotnet-matrix/JsonSerialization/948f2f120263437ba46c95bd1081aebc/results/Matrix.JsonSerialization.Benchmarks.SerializeNestedObject-report-github.md
  tmp/dotnet-matrix/JsonSerialization/948f2f120263437ba46c95bd1081aebc/results/Matrix.JsonSerialization.Benchmarks.SerializeNestedObject-report.html
  tmp/dotnet-matrix/JsonSerialization/948f2f120263437ba46c95bd1081aebc/results/Matrix.JsonSerialization.Benchmarks.SerializeNestedObject-report-full.json

// * Detailed results *
SerializeNestedObject.SystemTextJson: Quick(MaxRelativeError=0.05, Arguments=/p:MatrixMode=Benchmark, IterationTime=250ms, MaxIterationCount=12, MaxWarmupIterationCount=5, MinIterationCount=8, MinWarmupIterationCount=3)
Runtime = .NET 10.0.11 (10.0.11, 10.0.1126.37416), X64 RyuJIT x86-64-v3; GC = Concurrent Workstation
Mean = 446.526 ns, StdErr = 0.954 ns (0.21%), N = 7, StdDev = 2.524 ns
Min = 442.244 ns, Q1 = 445.902 ns, Median = 446.686 ns, Q3 = 447.067 ns, Max = 450.814 ns
IQR = 1.165 ns, LowerFence = 444.154 ns, UpperFence = 448.815 ns
ConfidenceInterval = [440.841 ns; 452.211 ns] (CI 99.9%), Margin = 5.685 ns (1.27% of Mean)
Skewness = 0, Kurtosis = 2.37, MValue = 2
-------------------- Histogram --------------------
[442.068 ns ; 450.998 ns) | @@@@@@@
---------------------------------------------------

SerializeNestedObject.NewtonsoftJson: Quick(MaxRelativeError=0.05, Arguments=/p:MatrixMode=Benchmark, IterationTime=250ms, MaxIterationCount=12, MaxWarmupIterationCount=5, MinIterationCount=8, MinWarmupIterationCount=3)
Runtime = .NET 10.0.11 (10.0.11, 10.0.1126.37416), X64 RyuJIT x86-64-v3; GC = Concurrent Workstation
Mean = 673.546 ns, StdErr = 2.380 ns (0.35%), N = 8, StdDev = 6.732 ns
Min = 666.161 ns, Q1 = 668.417 ns, Median = 671.509 ns, Q3 = 678.427 ns, Max = 684.267 ns
IQR = 10.009 ns, LowerFence = 653.403 ns, UpperFence = 693.441 ns
ConfidenceInterval = [660.674 ns; 686.418 ns] (CI 99.9%), Margin = 12.872 ns (1.91% of Mean)
Skewness = 0.39, Kurtosis = 1.33, MValue = 2
-------------------- Histogram --------------------
[663.070 ns ; 688.685 ns) | @@@@@@@@
---------------------------------------------------

SerializeNestedObject.ServiceStackText: Quick(MaxRelativeError=0.05, Arguments=/p:MatrixMode=Benchmark, IterationTime=250ms, MaxIterationCount=12, MaxWarmupIterationCount=5, MinIterationCount=8, MinWarmupIterationCount=3)
Runtime = .NET 10.0.11 (10.0.11, 10.0.1126.37416), X64 RyuJIT x86-64-v3; GC = Concurrent Workstation
Mean = 730.977 ns, StdErr = 2.909 ns (0.40%), N = 8, StdDev = 8.228 ns
Min = 720.079 ns, Q1 = 725.297 ns, Median = 728.936 ns, Q3 = 736.539 ns, Max = 744.241 ns
IQR = 11.242 ns, LowerFence = 708.434 ns, UpperFence = 753.402 ns
ConfidenceInterval = [715.244 ns; 746.709 ns] (CI 99.9%), Margin = 15.732 ns (2.15% of Mean)
Skewness = 0.29, Kurtosis = 1.45, MValue = 2
-------------------- Histogram --------------------
[714.679 ns ; 749.641 ns) | @@@@@@@@
---------------------------------------------------

// * Summary *

BenchmarkDotNet v0.15.8, Linux Ubuntu 24.04.4 LTS (Noble Numbat)
AMD EPYC 7763 2.45GHz, 1 CPU, 4 logical and 2 physical cores
.NET SDK 10.0.400
  [Host] : .NET 10.0.11 (10.0.11, 10.0.1126.37416), X64 RyuJIT x86-64-v3
  Quick  : .NET 10.0.11 (10.0.11, 10.0.1126.37416), X64 RyuJIT x86-64-v3

Job=Quick  MaxRelativeError=0.05  Arguments=/p:MatrixMode=Benchmark  
IterationTime=250ms  MaxIterationCount=12  MaxWarmupIterationCount=5  
MinIterationCount=8  MinWarmupIterationCount=3  

| Method           | Mean     | Error    | StdDev  | Gen0   | Allocated |
|----------------- |---------:|---------:|--------:|-------:|----------:|
| SystemTextJson   | 446.5 ns |  5.68 ns | 2.52 ns | 0.0293 |     504 B |
| NewtonsoftJson   | 673.5 ns | 12.87 ns | 6.73 ns | 0.0973 |    1664 B |
| ServiceStackText | 731.0 ns | 15.73 ns | 8.23 ns | 0.0472 |     792 B |

// * Hints *
Outliers
  SerializeNestedObject.SystemTextJson: Quick -> 1 outlier  was  removed, 2 outliers were detected (442.24 ns, 470.38 ns)

// * Legends *
  Mean      : Arithmetic mean of all measurements
  Error     : Half of 99.9% confidence interval
  StdDev    : Standard deviation of all measurements
  Gen0      : GC Generation 0 collects per 1000 operations
  Allocated : Allocated memory per single operation (managed only, inclusive, 1KB = 1024B)
  1 ns      : 1 Nanosecond (0.000000001 sec)

// * Diagnostic Output - MemoryDiagnoser *


// ***** BenchmarkRunner: End *****
Run time: 00:00:18 (18.77 sec), executed benchmarks: 3

// Found 3 benchmarks:
//   SerializeSimpleObject.NewtonsoftJson: Quick(MaxRelativeError=0.05, Arguments=/p:MatrixMode=Benchmark, IterationTime=250ms, MaxIterationCount=12, MaxWarmupIterationCount=5, MinIterationCount=8, MinWarmupIterationCount=3)
//   SerializeSimpleObject.ServiceStackText: Quick(MaxRelativeError=0.05, Arguments=/p:MatrixMode=Benchmark, IterationTime=250ms, MaxIterationCount=12, MaxWarmupIterationCount=5, MinIterationCount=8, MinWarmupIterationCount=3)
//   SerializeSimpleObject.SystemTextJson: Quick(MaxRelativeError=0.05, Arguments=/p:MatrixMode=Benchmark, IterationTime=250ms, MaxIterationCount=12, MaxWarmupIterationCount=5, MinIterationCount=8, MinWarmupIterationCount=3)

// **************************
// Benchmark: SerializeSimpleObject.NewtonsoftJson: Quick(MaxRelativeError=0.05, Arguments=/p:MatrixMode=Benchmark, IterationTime=250ms, MaxIterationCount=12, MaxWarmupIterationCount=5, MinIterationCount=8, MinWarmupIterationCount=3)
// *** Execute ***
// Launch: 1 / 1
// Execute: dotnet Matrix.JsonSerialization-Quick-1.dll --anonymousPipes 129 130 --benchmarkName Matrix.JsonSerialization.Benchmarks.SerializeSimpleObject.NewtonsoftJson --job Quick --benchmarkId 31 in /home/runner/work/dotnet-matrix/dotnet-matrix/src/Matrix.JsonSerialization/bin/Benchmark/Release/net10.0/Matrix.JsonSerialization-Quick-1/bin/Release/net10.0
// Failed to set up high priority (Permission denied). In order to run benchmarks with high priority, make sure you have the right permissions.
// BeforeAnythingElse

// Benchmark Process Environment Information:
// BenchmarkDotNet v0.15.8
// Runtime=.NET 10.0.11 (10.0.11, 10.0.1126.37416), X64 RyuJIT x86-64-v3
// GC=Concurrent Workstation
// HardwareIntrinsics=AVX2+BMI1+BMI2+F16C+FMA+LZCNT+MOVBE,AVX,SSE3+SSSE3+SSE4.1+SSE4.2+POPCNT,X86Base+SSE+SSE2,AES+PCLMUL VectorSize=256
// Job: Quick(MaxRelativeError=0.05, IterationTime=250ms, MaxIterationCount=12, MaxWarmupIterationCount=5, MinIterationCount=8, MinWarmupIterationCount=3)

OverheadJitting  1: 1 op, 213451.00 ns, 213.4510 us/op
WorkloadJitting  1: 1 op, 57707225.00 ns, 57.7072 ms/op

WorkloadPilot    1: 4 op, 57959.00 ns, 14.4898 us/op
WorkloadPilot    2: 17254 op, 52662756.00 ns, 3.0522 us/op
WorkloadPilot    3: 81908 op, 248016086.00 ns, 3.0280 us/op
WorkloadPilot    4: 82563 op, 42036099.00 ns, 509.1397 ns/op
WorkloadPilot    5: 491024 op, 188805308.00 ns, 384.5134 ns/op
WorkloadPilot    6: 650172 op, 242148061.00 ns, 372.4369 ns/op
WorkloadPilot    7: 671255 op, 253376268.00 ns, 377.4665 ns/op
WorkloadPilot    8: 662310 op, 245639255.00 ns, 370.8826 ns/op
WorkloadPilot    9: 674068 op, 255068104.00 ns, 378.4011 ns/op
WorkloadPilot   10: 660675 op, 247475321.00 ns, 374.5795 ns/op
WorkloadPilot   11: 667415 op, 250004597.00 ns, 374.5864 ns/op

WorkloadWarmup   1: 667415 op, 257300106.00 ns, 385.5174 ns/op
WorkloadWarmup   2: 667415 op, 266448192.00 ns, 399.2242 ns/op
WorkloadWarmup   3: 667415 op, 268458319.00 ns, 402.2360 ns/op
WorkloadWarmup   4: 667415 op, 271177652.00 ns, 406.3104 ns/op
WorkloadWarmup   5: 667415 op, 270297685.00 ns, 404.9919 ns/op

// BeforeActualRun
WorkloadActual   1: 667415 op, 253121404.00 ns, 379.2564 ns/op
WorkloadActual   2: 667415 op, 252365289.00 ns, 378.1235 ns/op
WorkloadActual   3: 667415 op, 254539055.00 ns, 381.3805 ns/op
WorkloadActual   4: 667415 op, 259475376.00 ns, 388.7767 ns/op
WorkloadActual   5: 667415 op, 264114094.00 ns, 395.7269 ns/op
WorkloadActual   6: 667415 op, 258619693.00 ns, 387.4946 ns/op
WorkloadActual   7: 667415 op, 258831382.00 ns, 387.8118 ns/op
WorkloadActual   8: 667415 op, 250252639.00 ns, 374.9581 ns/op

// AfterActualRun
WorkloadResult   1: 667415 op, 253121404.00 ns, 379.2564 ns/op
WorkloadResult   2: 667415 op, 252365289.00 ns, 378.1235 ns/op
WorkloadResult   3: 667415 op, 254539055.00 ns, 381.3805 ns/op
WorkloadResult   4: 667415 op, 259475376.00 ns, 388.7767 ns/op
WorkloadResult   5: 667415 op, 264114094.00 ns, 395.7269 ns/op
WorkloadResult   6: 667415 op, 258619693.00 ns, 387.4946 ns/op
WorkloadResult   7: 667415 op, 258831382.00 ns, 387.8118 ns/op
WorkloadResult   8: 667415 op, 250252639.00 ns, 374.9581 ns/op
// GC:  57 0 0 961077600 667415
// Threading:  0 0 667415

// AfterAll
// Benchmark Process 3982 has exited with code 0.

Mean = 384.191 ns, StdErr = 2.436 ns (0.63%), N = 8, StdDev = 6.891 ns
Min = 374.958 ns, Q1 = 378.973 ns, Median = 384.438 ns, Q3 = 388.053 ns, Max = 395.727 ns
IQR = 9.080 ns, LowerFence = 365.353 ns, UpperFence = 401.673 ns
ConfidenceInterval = [371.015 ns; 397.367 ns] (CI 99.9%), Margin = 13.176 ns (3.43% of Mean)
Skewness = 0.21, Kurtosis = 1.54, MValue = 2

// ** Remained 6 (15.8 %) benchmark(s) to run. Estimated finish 2026-08-20 12:47 (0h 0m from now) **
// **************************
// Benchmark: SerializeSimpleObject.ServiceStackText: Quick(MaxRelativeError=0.05, Arguments=/p:MatrixMode=Benchmark, IterationTime=250ms, MaxIterationCount=12, MaxWarmupIterationCount=5, MinIterationCount=8, MinWarmupIterationCount=3)
// *** Execute ***
// Launch: 1 / 1
// Execute: dotnet Matrix.JsonSerialization-Quick-1.dll --anonymousPipes 129 130 --benchmarkName Matrix.JsonSerialization.Benchmarks.SerializeSimpleObject.ServiceStackText --job Quick --benchmarkId 32 in /home/runner/work/dotnet-matrix/dotnet-matrix/src/Matrix.JsonSerialization/bin/Benchmark/Release/net10.0/Matrix.JsonSerialization-Quick-1/bin/Release/net10.0
// Failed to set up high priority (Permission denied). In order to run benchmarks with high priority, make sure you have the right permissions.
// BeforeAnythingElse

// Benchmark Process Environment Information:
// BenchmarkDotNet v0.15.8
// Runtime=.NET 10.0.11 (10.0.11, 10.0.1126.37416), X64 RyuJIT x86-64-v3
// GC=Concurrent Workstation
// HardwareIntrinsics=AVX2+BMI1+BMI2+F16C+FMA+LZCNT+MOVBE,AVX,SSE3+SSSE3+SSE4.1+SSE4.2+POPCNT,X86Base+SSE+SSE2,AES+PCLMUL VectorSize=256
// Job: Quick(MaxRelativeError=0.05, IterationTime=250ms, MaxIterationCount=12, MaxWarmupIterationCount=5, MinIterationCount=8, MinWarmupIterationCount=3)

OverheadJitting  1: 1 op, 221548.00 ns, 221.5480 us/op
WorkloadJitting  1: 1 op, 45065103.00 ns, 45.0651 ms/op

WorkloadPilot    1: 4 op, 49774.00 ns, 12.4435 us/op
WorkloadPilot    2: 20091 op, 43880892.00 ns, 2.1841 us/op
WorkloadPilot    3: 114463 op, 246098994.00 ns, 2.1500 us/op
WorkloadPilot    4: 116277 op, 34068827.00 ns, 292.9971 ns/op
WorkloadPilot    5: 853251 op, 243959914.00 ns, 285.9181 ns/op
WorkloadPilot    6: 874376 op, 252605682.00 ns, 288.8982 ns/op
WorkloadPilot    7: 865357 op, 250069594.00 ns, 288.9785 ns/op
WorkloadPilot    8: 865116 op, 251439005.00 ns, 290.6420 ns/op

WorkloadWarmup   1: 865116 op, 248336219.00 ns, 287.0554 ns/op
WorkloadWarmup   2: 865116 op, 247437115.00 ns, 286.0161 ns/op
WorkloadWarmup   3: 865116 op, 244915120.00 ns, 283.1009 ns/op
WorkloadWarmup   4: 865116 op, 246624017.00 ns, 285.0762 ns/op
WorkloadWarmup   5: 865116 op, 248635704.00 ns, 287.4016 ns/op

// BeforeActualRun
WorkloadActual   1: 865116 op, 243143654.00 ns, 281.0532 ns/op
WorkloadActual   2: 865116 op, 244220451.00 ns, 282.2979 ns/op
WorkloadActual   3: 865116 op, 244425447.00 ns, 282.5349 ns/op
WorkloadActual   4: 865116 op, 246725567.00 ns, 285.1936 ns/op
WorkloadActual   5: 865116 op, 249690679.00 ns, 288.6210 ns/op
WorkloadActual   6: 865116 op, 247159344.00 ns, 285.6950 ns/op
WorkloadActual   7: 865116 op, 246425563.00 ns, 284.8468 ns/op
WorkloadActual   8: 865116 op, 245793744.00 ns, 284.1165 ns/op

// AfterActualRun
WorkloadResult   1: 865116 op, 243143654.00 ns, 281.0532 ns/op
WorkloadResult   2: 865116 op, 244220451.00 ns, 282.2979 ns/op
WorkloadResult   3: 865116 op, 244425447.00 ns, 282.5349 ns/op
WorkloadResult   4: 865116 op, 246725567.00 ns, 285.1936 ns/op
WorkloadResult   5: 865116 op, 249690679.00 ns, 288.6210 ns/op
WorkloadResult   6: 865116 op, 247159344.00 ns, 285.6950 ns/op
WorkloadResult   7: 865116 op, 246425563.00 ns, 284.8468 ns/op
WorkloadResult   8: 865116 op, 245793744.00 ns, 284.1165 ns/op
// GC:  17 0 0 290686896 865116
// Threading:  0 0 865116

// AfterAll
// Benchmark Process 3993 has exited with code 0.

Mean = 284.295 ns, StdErr = 0.839 ns (0.30%), N = 8, StdDev = 2.373 ns
Min = 281.053 ns, Q1 = 282.476 ns, Median = 284.482 ns, Q3 = 285.319 ns, Max = 288.621 ns
IQR = 2.843 ns, LowerFence = 278.211 ns, UpperFence = 289.584 ns
ConfidenceInterval = [279.758 ns; 288.832 ns] (CI 99.9%), Margin = 4.537 ns (1.60% of Mean)
Skewness = 0.35, Kurtosis = 1.94, MValue = 2

// ** Remained 5 (13.2 %) benchmark(s) to run. Estimated finish 2026-08-20 12:47 (0h 0m from now) **
// **************************
// Benchmark: SerializeSimpleObject.SystemTextJson: Quick(MaxRelativeError=0.05, Arguments=/p:MatrixMode=Benchmark, IterationTime=250ms, MaxIterationCount=12, MaxWarmupIterationCount=5, MinIterationCount=8, MinWarmupIterationCount=3)
// *** Execute ***
// Launch: 1 / 1
// Execute: dotnet Matrix.JsonSerialization-Quick-1.dll --anonymousPipes 129 130 --benchmarkName Matrix.JsonSerialization.Benchmarks.SerializeSimpleObject.SystemTextJson --job Quick --benchmarkId 33 in /home/runner/work/dotnet-matrix/dotnet-matrix/src/Matrix.JsonSerialization/bin/Benchmark/Release/net10.0/Matrix.JsonSerialization-Quick-1/bin/Release/net10.0
// Failed to set up high priority (Permission denied). In order to run benchmarks with high priority, make sure you have the right permissions.
// BeforeAnythingElse

// Benchmark Process Environment Information:
// BenchmarkDotNet v0.15.8
// Runtime=.NET 10.0.11 (10.0.11, 10.0.1126.37416), X64 RyuJIT x86-64-v3
// GC=Concurrent Workstation
// HardwareIntrinsics=AVX2+BMI1+BMI2+F16C+FMA+LZCNT+MOVBE,AVX,SSE3+SSSE3+SSE4.1+SSE4.2+POPCNT,X86Base+SSE+SSE2,AES+PCLMUL VectorSize=256
// Job: Quick(MaxRelativeError=0.05, IterationTime=250ms, MaxIterationCount=12, MaxWarmupIterationCount=5, MinIterationCount=8, MinWarmupIterationCount=3)

OverheadJitting  1: 1 op, 240082.00 ns, 240.0820 us/op
WorkloadJitting  1: 1 op, 23845764.00 ns, 23.8458 ms/op

WorkloadPilot    1: 4 op, 111290.00 ns, 27.8225 us/op
WorkloadPilot    2: 8986 op, 5268619.00 ns, 586.3142 ns/op
WorkloadPilot    3: 426393 op, 281229237.00 ns, 659.5541 ns/op
WorkloadPilot    4: 379044 op, 277866837.00 ns, 733.0728 ns/op
WorkloadPilot    5: 341030 op, 74041487.00 ns, 217.1114 ns/op
WorkloadPilot    6: 1151483 op, 227941423.00 ns, 197.9547 ns/op
WorkloadPilot    7: 1262915 op, 246299786.00 ns, 195.0248 ns/op
WorkloadPilot    8: 1281888 op, 254466000.00 ns, 198.5088 ns/op

WorkloadWarmup   1: 1281888 op, 250051830.00 ns, 195.0653 ns/op
WorkloadWarmup   2: 1281888 op, 252007471.00 ns, 196.5909 ns/op
WorkloadWarmup   3: 1281888 op, 251753584.00 ns, 196.3928 ns/op
WorkloadWarmup   4: 1281888 op, 250738817.00 ns, 195.6012 ns/op
WorkloadWarmup   5: 1281888 op, 249959643.00 ns, 194.9934 ns/op

// BeforeActualRun
WorkloadActual   1: 1281888 op, 251367434.00 ns, 196.0916 ns/op
WorkloadActual   2: 1281888 op, 256984866.00 ns, 200.4737 ns/op
WorkloadActual   3: 1281888 op, 250431742.00 ns, 195.3616 ns/op
WorkloadActual   4: 1281888 op, 249652955.00 ns, 194.7541 ns/op
WorkloadActual   5: 1281888 op, 253180260.00 ns, 197.5058 ns/op
WorkloadActual   6: 1281888 op, 251052872.00 ns, 195.8462 ns/op
WorkloadActual   7: 1281888 op, 251553826.00 ns, 196.2370 ns/op
WorkloadActual   8: 1281888 op, 251128033.00 ns, 195.9048 ns/op

// AfterActualRun
WorkloadResult   1: 1281888 op, 251367434.00 ns, 196.0916 ns/op
WorkloadResult   2: 1281888 op, 250431742.00 ns, 195.3616 ns/op
WorkloadResult   3: 1281888 op, 249652955.00 ns, 194.7541 ns/op
WorkloadResult   4: 1281888 op, 253180260.00 ns, 197.5058 ns/op
WorkloadResult   5: 1281888 op, 251052872.00 ns, 195.8462 ns/op
WorkloadResult   6: 1281888 op, 251553826.00 ns, 196.2370 ns/op
WorkloadResult   7: 1281888 op, 251128033.00 ns, 195.9048 ns/op
// GC:  7 0 0 123061248 1281888
// Threading:  0 0 1281888

// AfterAll
// Benchmark Process 4003 has exited with code 0.

Mean = 195.957 ns, StdErr = 0.320 ns (0.16%), N = 7, StdDev = 0.848 ns
Min = 194.754 ns, Q1 = 195.604 ns, Median = 195.905 ns, Q3 = 196.164 ns, Max = 197.506 ns
IQR = 0.560 ns, LowerFence = 194.763 ns, UpperFence = 197.005 ns
ConfidenceInterval = [194.048 ns; 197.866 ns] (CI 99.9%), Margin = 1.909 ns (0.97% of Mean)
Skewness = 0.42, Kurtosis = 2.21, MValue = 2

// ** Remained 4 (10.5 %) benchmark(s) to run. Estimated finish 2026-08-20 12:47 (0h 0m from now) **
// ***** BenchmarkRunner: Finish  *****

// * Export *
  tmp/dotnet-matrix/JsonSerialization/948f2f120263437ba46c95bd1081aebc/results/Matrix.JsonSerialization.Benchmarks.SerializeSimpleObject-report.csv
  tmp/dotnet-matrix/JsonSerialization/948f2f120263437ba46c95bd1081aebc/results/Matrix.JsonSerialization.Benchmarks.SerializeSimpleObject-report-github.md
  tmp/dotnet-matrix/JsonSerialization/948f2f120263437ba46c95bd1081aebc/results/Matrix.JsonSerialization.Benchmarks.SerializeSimpleObject-report.html
  tmp/dotnet-matrix/JsonSerialization/948f2f120263437ba46c95bd1081aebc/results/Matrix.JsonSerialization.Benchmarks.SerializeSimpleObject-report-full.json

// * Detailed results *
SerializeSimpleObject.SystemTextJson: Quick(MaxRelativeError=0.05, Arguments=/p:MatrixMode=Benchmark, IterationTime=250ms, MaxIterationCount=12, MaxWarmupIterationCount=5, MinIterationCount=8, MinWarmupIterationCount=3)
Runtime = .NET 10.0.11 (10.0.11, 10.0.1126.37416), X64 RyuJIT x86-64-v3; GC = Concurrent Workstation
Mean = 195.957 ns, StdErr = 0.320 ns (0.16%), N = 7, StdDev = 0.848 ns
Min = 194.754 ns, Q1 = 195.604 ns, Median = 195.905 ns, Q3 = 196.164 ns, Max = 197.506 ns
IQR = 0.560 ns, LowerFence = 194.763 ns, UpperFence = 197.005 ns
ConfidenceInterval = [194.048 ns; 197.866 ns] (CI 99.9%), Margin = 1.909 ns (0.97% of Mean)
Skewness = 0.42, Kurtosis = 2.21, MValue = 2
-------------------- Histogram --------------------
[194.172 ns ; 198.088 ns) | @@@@@@@
---------------------------------------------------

SerializeSimpleObject.ServiceStackText: Quick(MaxRelativeError=0.05, Arguments=/p:MatrixMode=Benchmark, IterationTime=250ms, MaxIterationCount=12, MaxWarmupIterationCount=5, MinIterationCount=8, MinWarmupIterationCount=3)
Runtime = .NET 10.0.11 (10.0.11, 10.0.1126.37416), X64 RyuJIT x86-64-v3; GC = Concurrent Workstation
Mean = 284.295 ns, StdErr = 0.839 ns (0.30%), N = 8, StdDev = 2.373 ns
Min = 281.053 ns, Q1 = 282.476 ns, Median = 284.482 ns, Q3 = 285.319 ns, Max = 288.621 ns
IQR = 2.843 ns, LowerFence = 278.211 ns, UpperFence = 289.584 ns
ConfidenceInterval = [279.758 ns; 288.832 ns] (CI 99.9%), Margin = 4.537 ns (1.60% of Mean)
Skewness = 0.35, Kurtosis = 1.94, MValue = 2
-------------------- Histogram --------------------
[280.908 ns ; 290.178 ns) | @@@@@@@@
---------------------------------------------------

SerializeSimpleObject.NewtonsoftJson: Quick(MaxRelativeError=0.05, Arguments=/p:MatrixMode=Benchmark, IterationTime=250ms, MaxIterationCount=12, MaxWarmupIterationCount=5, MinIterationCount=8, MinWarmupIterationCount=3)
Runtime = .NET 10.0.11 (10.0.11, 10.0.1126.37416), X64 RyuJIT x86-64-v3; GC = Concurrent Workstation
Mean = 384.191 ns, StdErr = 2.436 ns (0.63%), N = 8, StdDev = 6.891 ns
Min = 374.958 ns, Q1 = 378.973 ns, Median = 384.438 ns, Q3 = 388.053 ns, Max = 395.727 ns
IQR = 9.080 ns, LowerFence = 365.353 ns, UpperFence = 401.673 ns
ConfidenceInterval = [371.015 ns; 397.367 ns] (CI 99.9%), Margin = 13.176 ns (3.43% of Mean)
Skewness = 0.21, Kurtosis = 1.54, MValue = 2
-------------------- Histogram --------------------
[373.647 ns ; 382.692 ns) | @@@@
[382.692 ns ; 396.133 ns) | @@@@
---------------------------------------------------

// * Summary *

BenchmarkDotNet v0.15.8, Linux Ubuntu 24.04.4 LTS (Noble Numbat)
AMD EPYC 7763 2.45GHz, 1 CPU, 4 logical and 2 physical cores
.NET SDK 10.0.400
  [Host] : .NET 10.0.11 (10.0.11, 10.0.1126.37416), X64 RyuJIT x86-64-v3
  Quick  : .NET 10.0.11 (10.0.11, 10.0.1126.37416), X64 RyuJIT x86-64-v3

Job=Quick  MaxRelativeError=0.05  Arguments=/p:MatrixMode=Benchmark  
IterationTime=250ms  MaxIterationCount=12  MaxWarmupIterationCount=5  
MinIterationCount=8  MinWarmupIterationCount=3  

| Method           | Mean     | Error    | StdDev  | Gen0   | Allocated |
|----------------- |---------:|---------:|--------:|-------:|----------:|
| SystemTextJson   | 196.0 ns |  1.91 ns | 0.85 ns | 0.0055 |      96 B |
| ServiceStackText | 284.3 ns |  4.54 ns | 2.37 ns | 0.0197 |     336 B |
| NewtonsoftJson   | 384.2 ns | 13.18 ns | 6.89 ns | 0.0854 |    1440 B |

// * Hints *
Outliers
  SerializeSimpleObject.SystemTextJson: Quick -> 1 outlier  was  removed (200.47 ns)

// * Legends *
  Mean      : Arithmetic mean of all measurements
  Error     : Half of 99.9% confidence interval
  StdDev    : Standard deviation of all measurements
  Gen0      : GC Generation 0 collects per 1000 operations
  Allocated : Allocated memory per single operation (managed only, inclusive, 1KB = 1024B)
  1 ns      : 1 Nanosecond (0.000000001 sec)

// * Diagnostic Output - MemoryDiagnoser *


// ***** BenchmarkRunner: End *****
Run time: 00:00:16 (16.04 sec), executed benchmarks: 3

// Found 1 benchmarks:
//   SourceGenerationRoundTrip.SystemTextJson: Quick(MaxRelativeError=0.05, Arguments=/p:MatrixMode=Benchmark, IterationTime=250ms, MaxIterationCount=12, MaxWarmupIterationCount=5, MinIterationCount=8, MinWarmupIterationCount=3)

// **************************
// Benchmark: SourceGenerationRoundTrip.SystemTextJson: Quick(MaxRelativeError=0.05, Arguments=/p:MatrixMode=Benchmark, IterationTime=250ms, MaxIterationCount=12, MaxWarmupIterationCount=5, MinIterationCount=8, MinWarmupIterationCount=3)
// *** Execute ***
// Launch: 1 / 1
// Execute: dotnet Matrix.JsonSerialization-Quick-1.dll --anonymousPipes 129 130 --benchmarkName Matrix.JsonSerialization.Benchmarks.SourceGenerationRoundTrip.SystemTextJson --job Quick --benchmarkId 34 in /home/runner/work/dotnet-matrix/dotnet-matrix/src/Matrix.JsonSerialization/bin/Benchmark/Release/net10.0/Matrix.JsonSerialization-Quick-1/bin/Release/net10.0
// Failed to set up high priority (Permission denied). In order to run benchmarks with high priority, make sure you have the right permissions.
// BeforeAnythingElse

// Benchmark Process Environment Information:
// BenchmarkDotNet v0.15.8
// Runtime=.NET 10.0.11 (10.0.11, 10.0.1126.37416), X64 RyuJIT x86-64-v3
// GC=Concurrent Workstation
// HardwareIntrinsics=AVX2+BMI1+BMI2+F16C+FMA+LZCNT+MOVBE,AVX,SSE3+SSSE3+SSE4.1+SSE4.2+POPCNT,X86Base+SSE+SSE2,AES+PCLMUL VectorSize=256
// Job: Quick(MaxRelativeError=0.05, IterationTime=250ms, MaxIterationCount=12, MaxWarmupIterationCount=5, MinIterationCount=8, MinWarmupIterationCount=3)

OverheadJitting  1: 1 op, 223131.00 ns, 223.1310 us/op
WorkloadJitting  1: 1 op, 16919143.00 ns, 16.9191 ms/op

WorkloadPilot    1: 4 op, 96171.00 ns, 24.0428 us/op
WorkloadPilot    2: 10398 op, 22417963.00 ns, 2.1560 us/op
WorkloadPilot    3: 115956 op, 270127408.00 ns, 2.3296 us/op
WorkloadPilot    4: 107316 op, 193138411.00 ns, 1.7997 us/op
WorkloadPilot    5: 138911 op, 161166920.00 ns, 1.1602 us/op
WorkloadPilot    6: 215477 op, 97989210.00 ns, 454.7548 ns/op
WorkloadPilot    7: 549747 op, 242217771.00 ns, 440.5986 ns/op
WorkloadPilot    8: 567410 op, 251955265.00 ns, 444.0445 ns/op
WorkloadPilot    9: 563007 op, 249842806.00 ns, 443.7650 ns/op
WorkloadPilot   10: 563361 op, 247508308.00 ns, 439.3423 ns/op
WorkloadPilot   11: 569032 op, 255151427.00 ns, 448.3956 ns/op

WorkloadWarmup   1: 569032 op, 251316181.00 ns, 441.6556 ns/op
WorkloadWarmup   2: 569032 op, 252417977.00 ns, 443.5919 ns/op
WorkloadWarmup   3: 569032 op, 251230891.00 ns, 441.5057 ns/op
WorkloadWarmup   4: 569032 op, 251772641.00 ns, 442.4578 ns/op
WorkloadWarmup   5: 569032 op, 252021020.00 ns, 442.8943 ns/op

// BeforeActualRun
WorkloadActual   1: 569032 op, 251375052.00 ns, 441.7591 ns/op
WorkloadActual   2: 569032 op, 257708574.00 ns, 452.8894 ns/op
WorkloadActual   3: 569032 op, 253386382.00 ns, 445.2937 ns/op
WorkloadActual   4: 569032 op, 251957640.00 ns, 442.7829 ns/op
WorkloadActual   5: 569032 op, 251239056.00 ns, 441.5201 ns/op
WorkloadActual   6: 569032 op, 251350046.00 ns, 441.7151 ns/op
WorkloadActual   7: 569032 op, 251032147.00 ns, 441.1565 ns/op
WorkloadActual   8: 569032 op, 250917510.00 ns, 440.9550 ns/op

// AfterActualRun
WorkloadResult   1: 569032 op, 251375052.00 ns, 441.7591 ns/op
WorkloadResult   2: 569032 op, 253386382.00 ns, 445.2937 ns/op
WorkloadResult   3: 569032 op, 251957640.00 ns, 442.7829 ns/op
WorkloadResult   4: 569032 op, 251239056.00 ns, 441.5201 ns/op
WorkloadResult   5: 569032 op, 251350046.00 ns, 441.7151 ns/op
WorkloadResult   6: 569032 op, 251032147.00 ns, 441.1565 ns/op
WorkloadResult   7: 569032 op, 250917510.00 ns, 440.9550 ns/op
// GC:  5 0 0 91045120 569032
// Threading:  0 0 569032

// AfterAll
// Benchmark Process 4022 has exited with code 0.

Mean = 442.169 ns, StdErr = 0.566 ns (0.13%), N = 7, StdDev = 1.496 ns
Min = 440.955 ns, Q1 = 441.338 ns, Median = 441.715 ns, Q3 = 442.271 ns, Max = 445.294 ns
IQR = 0.933 ns, LowerFence = 439.939 ns, UpperFence = 443.670 ns
ConfidenceInterval = [438.799 ns; 445.539 ns] (CI 99.9%), Margin = 3.370 ns (0.76% of Mean)
Skewness = 1.17, Kurtosis = 2.82, MValue = 2

// ** Remained 3 (7.9 %) benchmark(s) to run. Estimated finish 2026-08-20 12:47 (0h 0m from now) **
// ***** BenchmarkRunner: Finish  *****

// * Export *
  tmp/dotnet-matrix/JsonSerialization/948f2f120263437ba46c95bd1081aebc/results/Matrix.JsonSerialization.Benchmarks.SourceGenerationRoundTrip-report.csv
  tmp/dotnet-matrix/JsonSerialization/948f2f120263437ba46c95bd1081aebc/results/Matrix.JsonSerialization.Benchmarks.SourceGenerationRoundTrip-report-github.md
  tmp/dotnet-matrix/JsonSerialization/948f2f120263437ba46c95bd1081aebc/results/Matrix.JsonSerialization.Benchmarks.SourceGenerationRoundTrip-report.html
  tmp/dotnet-matrix/JsonSerialization/948f2f120263437ba46c95bd1081aebc/results/Matrix.JsonSerialization.Benchmarks.SourceGenerationRoundTrip-report-full.json

// * Detailed results *
SourceGenerationRoundTrip.SystemTextJson: Quick(MaxRelativeError=0.05, Arguments=/p:MatrixMode=Benchmark, IterationTime=250ms, MaxIterationCount=12, MaxWarmupIterationCount=5, MinIterationCount=8, MinWarmupIterationCount=3)
Runtime = .NET 10.0.11 (10.0.11, 10.0.1126.37416), X64 RyuJIT x86-64-v3; GC = Concurrent Workstation
Mean = 442.169 ns, StdErr = 0.566 ns (0.13%), N = 7, StdDev = 1.496 ns
Min = 440.955 ns, Q1 = 441.338 ns, Median = 441.715 ns, Q3 = 442.271 ns, Max = 445.294 ns
IQR = 0.933 ns, LowerFence = 439.939 ns, UpperFence = 443.670 ns
ConfidenceInterval = [438.799 ns; 445.539 ns] (CI 99.9%), Margin = 3.370 ns (0.76% of Mean)
Skewness = 1.17, Kurtosis = 2.82, MValue = 2
-------------------- Histogram --------------------
[439.928 ns ; 446.321 ns) | @@@@@@@
---------------------------------------------------

// * Summary *

BenchmarkDotNet v0.15.8, Linux Ubuntu 24.04.4 LTS (Noble Numbat)
AMD EPYC 7763 2.45GHz, 1 CPU, 4 logical and 2 physical cores
.NET SDK 10.0.400
  [Host] : .NET 10.0.11 (10.0.11, 10.0.1126.37416), X64 RyuJIT x86-64-v3
  Quick  : .NET 10.0.11 (10.0.11, 10.0.1126.37416), X64 RyuJIT x86-64-v3

Job=Quick  MaxRelativeError=0.05  Arguments=/p:MatrixMode=Benchmark  
IterationTime=250ms  MaxIterationCount=12  MaxWarmupIterationCount=5  
MinIterationCount=8  MinWarmupIterationCount=3  

| Method         | Mean     | Error   | StdDev  | Gen0   | Allocated |
|--------------- |---------:|--------:|--------:|-------:|----------:|
| SystemTextJson | 442.2 ns | 3.37 ns | 1.50 ns | 0.0088 |     160 B |

// * Hints *
Outliers
  SourceGenerationRoundTrip.SystemTextJson: Quick -> 1 outlier  was  removed (452.89 ns)

// * Legends *
  Mean      : Arithmetic mean of all measurements
  Error     : Half of 99.9% confidence interval
  StdDev    : Standard deviation of all measurements
  Gen0      : GC Generation 0 collects per 1000 operations
  Allocated : Allocated memory per single operation (managed only, inclusive, 1KB = 1024B)
  1 ns      : 1 Nanosecond (0.000000001 sec)

// * Diagnostic Output - MemoryDiagnoser *


// ***** BenchmarkRunner: End *****
Run time: 00:00:05 (5.75 sec), executed benchmarks: 1

// Found 3 benchmarks:
//   Utf8StreamRoundTrip.NewtonsoftJson: Quick(MaxRelativeError=0.05, Arguments=/p:MatrixMode=Benchmark, IterationTime=250ms, MaxIterationCount=12, MaxWarmupIterationCount=5, MinIterationCount=8, MinWarmupIterationCount=3)
//   Utf8StreamRoundTrip.ServiceStackText: Quick(MaxRelativeError=0.05, Arguments=/p:MatrixMode=Benchmark, IterationTime=250ms, MaxIterationCount=12, MaxWarmupIterationCount=5, MinIterationCount=8, MinWarmupIterationCount=3)
//   Utf8StreamRoundTrip.SystemTextJson: Quick(MaxRelativeError=0.05, Arguments=/p:MatrixMode=Benchmark, IterationTime=250ms, MaxIterationCount=12, MaxWarmupIterationCount=5, MinIterationCount=8, MinWarmupIterationCount=3)

// **************************
// Benchmark: Utf8StreamRoundTrip.NewtonsoftJson: Quick(MaxRelativeError=0.05, Arguments=/p:MatrixMode=Benchmark, IterationTime=250ms, MaxIterationCount=12, MaxWarmupIterationCount=5, MinIterationCount=8, MinWarmupIterationCount=3)
// *** Execute ***
// Launch: 1 / 1
// Execute: dotnet Matrix.JsonSerialization-Quick-1.dll --anonymousPipes 129 130 --benchmarkName Matrix.JsonSerialization.Benchmarks.Utf8StreamRoundTrip.NewtonsoftJson --job Quick --benchmarkId 35 in /home/runner/work/dotnet-matrix/dotnet-matrix/src/Matrix.JsonSerialization/bin/Benchmark/Release/net10.0/Matrix.JsonSerialization-Quick-1/bin/Release/net10.0
// Failed to set up high priority (Permission denied). In order to run benchmarks with high priority, make sure you have the right permissions.
// BeforeAnythingElse

// Benchmark Process Environment Information:
// BenchmarkDotNet v0.15.8
// Runtime=.NET 10.0.11 (10.0.11, 10.0.1126.37416), X64 RyuJIT x86-64-v3
// GC=Concurrent Workstation
// HardwareIntrinsics=AVX2+BMI1+BMI2+F16C+FMA+LZCNT+MOVBE,AVX,SSE3+SSSE3+SSE4.1+SSE4.2+POPCNT,X86Base+SSE+SSE2,AES+PCLMUL VectorSize=256
// Job: Quick(MaxRelativeError=0.05, IterationTime=250ms, MaxIterationCount=12, MaxWarmupIterationCount=5, MinIterationCount=8, MinWarmupIterationCount=3)

OverheadJitting  1: 1 op, 255802.00 ns, 255.8020 us/op
WorkloadJitting  1: 1 op, 66941321.00 ns, 66.9413 ms/op

WorkloadPilot    1: 4 op, 120006.00 ns, 30.0015 us/op
WorkloadPilot    2: 8333 op, 70056138.00 ns, 8.4071 us/op
WorkloadPilot    3: 29737 op, 267808081.00 ns, 9.0059 us/op
WorkloadPilot    4: 27760 op, 254127398.00 ns, 9.1544 us/op
WorkloadPilot    5: 27309 op, 307560009.00 ns, 11.2622 us/op

WorkloadWarmup   1: 27309 op, 213789716.00 ns, 7.8285 us/op
WorkloadWarmup   2: 27309 op, 104617267.00 ns, 3.8309 us/op
WorkloadWarmup   3: 27309 op, 41660293.00 ns, 1.5255 us/op
WorkloadWarmup   4: 27309 op, 37985471.00 ns, 1.3910 us/op
WorkloadWarmup   5: 27309 op, 38007101.00 ns, 1.3917 us/op

// BeforeActualRun
WorkloadActual   1: 27309 op, 38715286.00 ns, 1.4177 us/op
WorkloadActual   2: 27309 op, 38944467.00 ns, 1.4261 us/op
WorkloadActual   3: 27309 op, 37754606.00 ns, 1.3825 us/op
WorkloadActual   4: 27309 op, 38346230.00 ns, 1.4042 us/op
WorkloadActual   5: 27309 op, 37808688.00 ns, 1.3845 us/op
WorkloadActual   6: 27309 op, 38941682.00 ns, 1.4260 us/op
WorkloadActual   7: 27309 op, 38596471.00 ns, 1.4133 us/op
WorkloadActual   8: 27309 op, 37898737.00 ns, 1.3878 us/op

// AfterActualRun
WorkloadResult   1: 27309 op, 38715286.00 ns, 1.4177 us/op
WorkloadResult   2: 27309 op, 38944467.00 ns, 1.4261 us/op
WorkloadResult   3: 27309 op, 37754606.00 ns, 1.3825 us/op
WorkloadResult   4: 27309 op, 38346230.00 ns, 1.4042 us/op
WorkloadResult   5: 27309 op, 37808688.00 ns, 1.3845 us/op
WorkloadResult   6: 27309 op, 38941682.00 ns, 1.4260 us/op
WorkloadResult   7: 27309 op, 38596471.00 ns, 1.4133 us/op
WorkloadResult   8: 27309 op, 37898737.00 ns, 1.3878 us/op
// GC:  6 0 0 115353216 27309
// Threading:  0 0 27309

// AfterAll
// Benchmark Process 4050 has exited with code 0.

Mean = 1.405 μs, StdErr = 0.006 μs (0.46%), N = 8, StdDev = 0.018 μs
Min = 1.382 μs, Q1 = 1.387 μs, Median = 1.409 μs, Q3 = 1.420 μs, Max = 1.426 μs
IQR = 0.033 μs, LowerFence = 1.338 μs, UpperFence = 1.469 μs
ConfidenceInterval = [1.370 μs; 1.440 μs] (CI 99.9%), Margin = 0.035 μs (2.49% of Mean)
Skewness = -0.12, Kurtosis = 1.06, MValue = 2

// ** Remained 2 (5.3 %) benchmark(s) to run. Estimated finish 2026-08-20 12:47 (0h 0m from now) **
// **************************
// Benchmark: Utf8StreamRoundTrip.ServiceStackText: Quick(MaxRelativeError=0.05, Arguments=/p:MatrixMode=Benchmark, IterationTime=250ms, MaxIterationCount=12, MaxWarmupIterationCount=5, MinIterationCount=8, MinWarmupIterationCount=3)
// *** Execute ***
// Launch: 1 / 1
// Execute: dotnet Matrix.JsonSerialization-Quick-1.dll --anonymousPipes 129 130 --benchmarkName Matrix.JsonSerialization.Benchmarks.Utf8StreamRoundTrip.ServiceStackText --job Quick --benchmarkId 36 in /home/runner/work/dotnet-matrix/dotnet-matrix/src/Matrix.JsonSerialization/bin/Benchmark/Release/net10.0/Matrix.JsonSerialization-Quick-1/bin/Release/net10.0
// Failed to set up high priority (Permission denied). In order to run benchmarks with high priority, make sure you have the right permissions.
// BeforeAnythingElse

// Benchmark Process Environment Information:
// BenchmarkDotNet v0.15.8
// Runtime=.NET 10.0.11 (10.0.11, 10.0.1126.37416), X64 RyuJIT x86-64-v3
// GC=Concurrent Workstation
// HardwareIntrinsics=AVX2+BMI1+BMI2+F16C+FMA+LZCNT+MOVBE,AVX,SSE3+SSSE3+SSE4.1+SSE4.2+POPCNT,X86Base+SSE+SSE2,AES+PCLMUL VectorSize=256
// Job: Quick(MaxRelativeError=0.05, IterationTime=250ms, MaxIterationCount=12, MaxWarmupIterationCount=5, MinIterationCount=8, MinWarmupIterationCount=3)

OverheadJitting  1: 1 op, 269888.00 ns, 269.8880 us/op
WorkloadJitting  1: 1 op, 68912042.00 ns, 68.9120 ms/op

WorkloadPilot    1: 4 op, 302670.00 ns, 75.6675 us/op
WorkloadPilot    2: 3304 op, 22840779.00 ns, 6.9131 us/op
WorkloadPilot    3: 36163 op, 208383070.00 ns, 5.7623 us/op
WorkloadPilot    4: 43385 op, 302106836.00 ns, 6.9634 us/op
WorkloadPilot    5: 35902 op, 253275688.00 ns, 7.0546 us/op
WorkloadPilot    6: 35438 op, 251472671.00 ns, 7.0961 us/op

WorkloadWarmup   1: 35438 op, 249634870.00 ns, 7.0443 us/op
WorkloadWarmup   2: 35438 op, 152747084.00 ns, 4.3103 us/op
WorkloadWarmup   3: 35438 op, 46158233.00 ns, 1.3025 us/op
WorkloadWarmup   4: 35438 op, 42106500.00 ns, 1.1882 us/op
WorkloadWarmup   5: 35438 op, 39695167.00 ns, 1.1201 us/op

// BeforeActualRun
WorkloadActual   1: 35438 op, 42180450.00 ns, 1.1903 us/op
WorkloadActual   2: 35438 op, 41318225.00 ns, 1.1659 us/op
WorkloadActual   3: 35438 op, 43552344.00 ns, 1.2290 us/op
WorkloadActual   4: 35438 op, 39535656.00 ns, 1.1156 us/op
WorkloadActual   5: 35438 op, 40805889.00 ns, 1.1515 us/op
WorkloadActual   6: 35438 op, 39398739.00 ns, 1.1118 us/op
WorkloadActual   7: 35438 op, 39188393.00 ns, 1.1058 us/op
WorkloadActual   8: 35438 op, 44206064.00 ns, 1.2474 us/op
WorkloadActual   9: 35438 op, 41093312.00 ns, 1.1596 us/op
WorkloadActual  10: 35438 op, 42166093.00 ns, 1.1899 us/op
WorkloadActual  11: 35438 op, 39817909.00 ns, 1.1236 us/op
WorkloadActual  12: 35438 op, 40721150.00 ns, 1.1491 us/op

// AfterActualRun
WorkloadResult   1: 35438 op, 42180450.00 ns, 1.1903 us/op
WorkloadResult   2: 35438 op, 41318225.00 ns, 1.1659 us/op
WorkloadResult   3: 35438 op, 43552344.00 ns, 1.2290 us/op
WorkloadResult   4: 35438 op, 39535656.00 ns, 1.1156 us/op
WorkloadResult   5: 35438 op, 40805889.00 ns, 1.1515 us/op
WorkloadResult   6: 35438 op, 39398739.00 ns, 1.1118 us/op
WorkloadResult   7: 35438 op, 39188393.00 ns, 1.1058 us/op
WorkloadResult   8: 35438 op, 44206064.00 ns, 1.2474 us/op
WorkloadResult   9: 35438 op, 41093312.00 ns, 1.1596 us/op
WorkloadResult  10: 35438 op, 42166093.00 ns, 1.1899 us/op
WorkloadResult  11: 35438 op, 39817909.00 ns, 1.1236 us/op
WorkloadResult  12: 35438 op, 40721150.00 ns, 1.1491 us/op
// GC:  6 0 0 101781688 35438
// Threading:  0 0 35438

// AfterAll
// Benchmark Process 4063 has exited with code 0.

Mean = 1.162 μs, StdErr = 0.013 μs (1.14%), N = 12, StdDev = 0.046 μs
Min = 1.106 μs, Q1 = 1.122 μs, Median = 1.156 μs, Q3 = 1.190 μs, Max = 1.247 μs
IQR = 0.068 μs, LowerFence = 1.019 μs, UpperFence = 1.292 μs
ConfidenceInterval = [1.103 μs; 1.220 μs] (CI 99.9%), Margin = 0.059 μs (5.04% of Mean)
Skewness = 0.46, Kurtosis = 1.89, MValue = 2

// ** Remained 1 (2.6 %) benchmark(s) to run. Estimated finish 2026-08-20 12:47 (0h 0m from now) **
// **************************
// Benchmark: Utf8StreamRoundTrip.SystemTextJson: Quick(MaxRelativeError=0.05, Arguments=/p:MatrixMode=Benchmark, IterationTime=250ms, MaxIterationCount=12, MaxWarmupIterationCount=5, MinIterationCount=8, MinWarmupIterationCount=3)
// *** Execute ***
// Launch: 1 / 1
// Execute: dotnet Matrix.JsonSerialization-Quick-1.dll --anonymousPipes 129 130 --benchmarkName Matrix.JsonSerialization.Benchmarks.Utf8StreamRoundTrip.SystemTextJson --job Quick --benchmarkId 37 in /home/runner/work/dotnet-matrix/dotnet-matrix/src/Matrix.JsonSerialization/bin/Benchmark/Release/net10.0/Matrix.JsonSerialization-Quick-1/bin/Release/net10.0
// Failed to set up high priority (Permission denied). In order to run benchmarks with high priority, make sure you have the right permissions.
// BeforeAnythingElse

// Benchmark Process Environment Information:
// BenchmarkDotNet v0.15.8
// Runtime=.NET 10.0.11 (10.0.11, 10.0.1126.37416), X64 RyuJIT x86-64-v3
// GC=Concurrent Workstation
// HardwareIntrinsics=AVX2+BMI1+BMI2+F16C+FMA+LZCNT+MOVBE,AVX,SSE3+SSSE3+SSE4.1+SSE4.2+POPCNT,X86Base+SSE+SSE2,AES+PCLMUL VectorSize=256
// Job: Quick(MaxRelativeError=0.05, IterationTime=250ms, MaxIterationCount=12, MaxWarmupIterationCount=5, MinIterationCount=8, MinWarmupIterationCount=3)

OverheadJitting  1: 1 op, 300436.00 ns, 300.4360 us/op
WorkloadJitting  1: 1 op, 26981066.00 ns, 26.9811 ms/op

WorkloadPilot    1: 4 op, 249770.00 ns, 62.4425 us/op
WorkloadPilot    2: 4004 op, 10494519.00 ns, 2.6210 us/op
WorkloadPilot    3: 95383 op, 266621860.00 ns, 2.7953 us/op
WorkloadPilot    4: 89437 op, 214132182.00 ns, 2.3942 us/op
WorkloadPilot    5: 104418 op, 251612124.00 ns, 2.4097 us/op
WorkloadPilot    6: 103749 op, 253835533.00 ns, 2.4466 us/op

WorkloadWarmup   1: 103749 op, 167941797.00 ns, 1.6187 us/op
WorkloadWarmup   2: 103749 op, 116913901.00 ns, 1.1269 us/op
WorkloadWarmup   3: 103749 op, 61506436.00 ns, 592.8388 ns/op
WorkloadWarmup   4: 103749 op, 60691971.00 ns, 584.9885 ns/op
WorkloadWarmup   5: 103749 op, 60688545.00 ns, 584.9555 ns/op

// BeforeActualRun
WorkloadActual   1: 103749 op, 61137681.00 ns, 589.2845 ns/op
WorkloadActual   2: 103749 op, 60684547.00 ns, 584.9169 ns/op
WorkloadActual   3: 103749 op, 61026691.00 ns, 588.2147 ns/op
WorkloadActual   4: 103749 op, 60574549.00 ns, 583.8567 ns/op
WorkloadActual   5: 103749 op, 60618993.00 ns, 584.2851 ns/op
WorkloadActual   6: 103749 op, 60476595.00 ns, 582.9126 ns/op
WorkloadActual   7: 103749 op, 61251044.00 ns, 590.3772 ns/op
WorkloadActual   8: 103749 op, 60983200.00 ns, 587.7955 ns/op

// AfterActualRun
WorkloadResult   1: 103749 op, 61137681.00 ns, 589.2845 ns/op
WorkloadResult   2: 103749 op, 60684547.00 ns, 584.9169 ns/op
WorkloadResult   3: 103749 op, 61026691.00 ns, 588.2147 ns/op
WorkloadResult   4: 103749 op, 60574549.00 ns, 583.8567 ns/op
WorkloadResult   5: 103749 op, 60618993.00 ns, 584.2851 ns/op
WorkloadResult   6: 103749 op, 60476595.00 ns, 582.9126 ns/op
WorkloadResult   7: 103749 op, 61251044.00 ns, 590.3772 ns/op
WorkloadResult   8: 103749 op, 60983200.00 ns, 587.7955 ns/op
// GC:  1 0 0 29049720 103749
// Threading:  0 0 103749

// AfterAll
// Benchmark Process 4070 has exited with code 0.

Mean = 586.455 ns, StdErr = 0.988 ns (0.17%), N = 8, StdDev = 2.794 ns
Min = 582.913 ns, Q1 = 584.178 ns, Median = 586.356 ns, Q3 = 588.482 ns, Max = 590.377 ns
IQR = 4.304 ns, LowerFence = 577.722 ns, UpperFence = 594.938 ns
ConfidenceInterval = [581.113 ns; 591.798 ns] (CI 99.9%), Margin = 5.343 ns (0.91% of Mean)
Skewness = 0.09, Kurtosis = 1.12, MValue = 2

// ** Remained 0 (0.0 %) benchmark(s) to run. Estimated finish 2026-08-20 12:47 (0h 0m from now) **
// ***** BenchmarkRunner: Finish  *****

// * Export *
  tmp/dotnet-matrix/JsonSerialization/948f2f120263437ba46c95bd1081aebc/results/Matrix.JsonSerialization.Benchmarks.Utf8StreamRoundTrip-report.csv
  tmp/dotnet-matrix/JsonSerialization/948f2f120263437ba46c95bd1081aebc/results/Matrix.JsonSerialization.Benchmarks.Utf8StreamRoundTrip-report-github.md
  tmp/dotnet-matrix/JsonSerialization/948f2f120263437ba46c95bd1081aebc/results/Matrix.JsonSerialization.Benchmarks.Utf8StreamRoundTrip-report.html
  tmp/dotnet-matrix/JsonSerialization/948f2f120263437ba46c95bd1081aebc/results/Matrix.JsonSerialization.Benchmarks.Utf8StreamRoundTrip-report-full.json

// * Detailed results *
Utf8StreamRoundTrip.SystemTextJson: Quick(MaxRelativeError=0.05, Arguments=/p:MatrixMode=Benchmark, IterationTime=250ms, MaxIterationCount=12, MaxWarmupIterationCount=5, MinIterationCount=8, MinWarmupIterationCount=3)
Runtime = .NET 10.0.11 (10.0.11, 10.0.1126.37416), X64 RyuJIT x86-64-v3; GC = Concurrent Workstation
Mean = 586.455 ns, StdErr = 0.988 ns (0.17%), N = 8, StdDev = 2.794 ns
Min = 582.913 ns, Q1 = 584.178 ns, Median = 586.356 ns, Q3 = 588.482 ns, Max = 590.377 ns
IQR = 4.304 ns, LowerFence = 577.722 ns, UpperFence = 594.938 ns
ConfidenceInterval = [581.113 ns; 591.798 ns] (CI 99.9%), Margin = 5.343 ns (0.91% of Mean)
Skewness = 0.09, Kurtosis = 1.12, MValue = 2
-------------------- Histogram --------------------
[581.079 ns ; 592.211 ns) | @@@@@@@@
---------------------------------------------------

Utf8StreamRoundTrip.ServiceStackText: Quick(MaxRelativeError=0.05, Arguments=/p:MatrixMode=Benchmark, IterationTime=250ms, MaxIterationCount=12, MaxWarmupIterationCount=5, MinIterationCount=8, MinWarmupIterationCount=3)
Runtime = .NET 10.0.11 (10.0.11, 10.0.1126.37416), X64 RyuJIT x86-64-v3; GC = Concurrent Workstation
Mean = 1.162 μs, StdErr = 0.013 μs (1.14%), N = 12, StdDev = 0.046 μs
Min = 1.106 μs, Q1 = 1.122 μs, Median = 1.156 μs, Q3 = 1.190 μs, Max = 1.247 μs
IQR = 0.068 μs, LowerFence = 1.019 μs, UpperFence = 1.292 μs
ConfidenceInterval = [1.103 μs; 1.220 μs] (CI 99.9%), Margin = 0.059 μs (5.04% of Mean)
Skewness = 0.46, Kurtosis = 1.89, MValue = 2
-------------------- Histogram --------------------
[1.089 μs ; 1.143 μs) | @@@@
[1.143 μs ; 1.212 μs) | @@@@@@
[1.212 μs ; 1.274 μs) | @@
---------------------------------------------------

Utf8StreamRoundTrip.NewtonsoftJson: Quick(MaxRelativeError=0.05, Arguments=/p:MatrixMode=Benchmark, IterationTime=250ms, MaxIterationCount=12, MaxWarmupIterationCount=5, MinIterationCount=8, MinWarmupIterationCount=3)
Runtime = .NET 10.0.11 (10.0.11, 10.0.1126.37416), X64 RyuJIT x86-64-v3; GC = Concurrent Workstation
Mean = 1.405 μs, StdErr = 0.006 μs (0.46%), N = 8, StdDev = 0.018 μs
Min = 1.382 μs, Q1 = 1.387 μs, Median = 1.409 μs, Q3 = 1.420 μs, Max = 1.426 μs
IQR = 0.033 μs, LowerFence = 1.338 μs, UpperFence = 1.469 μs
ConfidenceInterval = [1.370 μs; 1.440 μs] (CI 99.9%), Margin = 0.035 μs (2.49% of Mean)
Skewness = -0.12, Kurtosis = 1.06, MValue = 2
-------------------- Histogram --------------------
[1.371 μs ; 1.429 μs) | @@@@@@@@
---------------------------------------------------

// * Summary *

BenchmarkDotNet v0.15.8, Linux Ubuntu 24.04.4 LTS (Noble Numbat)
AMD EPYC 7763 2.45GHz, 1 CPU, 4 logical and 2 physical cores
.NET SDK 10.0.400
  [Host] : .NET 10.0.11 (10.0.11, 10.0.1126.37416), X64 RyuJIT x86-64-v3
  Quick  : .NET 10.0.11 (10.0.11, 10.0.1126.37416), X64 RyuJIT x86-64-v3

Job=Quick  MaxRelativeError=0.05  Arguments=/p:MatrixMode=Benchmark  
IterationTime=250ms  MaxIterationCount=12  MaxWarmupIterationCount=5  
MinIterationCount=8  MinWarmupIterationCount=3  

| Method           | Mean       | Error    | StdDev   | Gen0   | Allocated |
|----------------- |-----------:|---------:|---------:|-------:|----------:|
| SystemTextJson   |   586.5 ns |  5.34 ns |  2.79 ns | 0.0096 |     280 B |
| ServiceStackText | 1,161.6 ns | 58.51 ns | 45.68 ns | 0.1693 |    2872 B |
| NewtonsoftJson   | 1,405.2 ns | 34.94 ns | 18.28 ns | 0.2197 |    4224 B |

// * Warnings *
MinIterationTime
  Utf8StreamRoundTrip.SystemTextJson: Quick   -> The minimum observed iteration time is 60.477ms which is very small. It's recommended to increase it to at least 100ms using more operations.
  Utf8StreamRoundTrip.ServiceStackText: Quick -> The minimum observed iteration time is 39.188ms which is very small. It's recommended to increase it to at least 100ms using more operations.
  Utf8StreamRoundTrip.NewtonsoftJson: Quick   -> The minimum observed iteration time is 37.755ms which is very small. It's recommended to increase it to at least 100ms using more operations.

// * Legends *
  Mean      : Arithmetic mean of all measurements
  Error     : Half of 99.9% confidence interval
  StdDev    : Standard deviation of all measurements
  Gen0      : GC Generation 0 collects per 1000 operations
  Allocated : Allocated memory per single operation (managed only, inclusive, 1KB = 1024B)
  1 ns      : 1 Nanosecond (0.000000001 sec)

// * Diagnostic Output - MemoryDiagnoser *


// ***** BenchmarkRunner: End *****
Run time: 00:00:06 (6.63 sec), executed benchmarks: 3

Global total time: 00:03:37 (217.08 sec), executed benchmarks: 38
// * Artifacts cleanup *
Artifacts cleanup is finished
