// Validating benchmarks:
// ***** BenchmarkRunner: Start   *****
// ***** Found 34 benchmark(s) in total *****
// ***** Building 1 exe(s) in Parallel: Start   *****
// start dotnet  restore /p:MatrixMode=Benchmark --nodeReuse:false /p:UseSharedCompilation=false /p:Deterministic=true /p:Optimize=true /p:ArtifactsPath="/home/runner/work/dotnet-matrix/dotnet-matrix/src/Matrix.Logging/bin/Benchmark/Release/net10.0/Matrix.Logging-Quick-1/" /p:OutDir="/home/runner/work/dotnet-matrix/dotnet-matrix/src/Matrix.Logging/bin/Benchmark/Release/net10.0/Matrix.Logging-Quick-1/bin/Release/net10.0/" /p:OutputPath="/home/runner/work/dotnet-matrix/dotnet-matrix/src/Matrix.Logging/bin/Benchmark/Release/net10.0/Matrix.Logging-Quick-1/bin/Release/net10.0/" /p:PublishDir="/home/runner/work/dotnet-matrix/dotnet-matrix/src/Matrix.Logging/bin/Benchmark/Release/net10.0/Matrix.Logging-Quick-1/publish/" in /home/runner/work/dotnet-matrix/dotnet-matrix/src/Matrix.Logging/bin/Benchmark/Release/net10.0/Matrix.Logging-Quick-1
// command took 1.52 sec and exited with 0
// start dotnet  build -c Release /p:MatrixMode=Benchmark --no-restore --nodeReuse:false /p:UseSharedCompilation=false /p:Deterministic=true /p:Optimize=true /p:ArtifactsPath="/home/runner/work/dotnet-matrix/dotnet-matrix/src/Matrix.Logging/bin/Benchmark/Release/net10.0/Matrix.Logging-Quick-1/" /p:OutDir="/home/runner/work/dotnet-matrix/dotnet-matrix/src/Matrix.Logging/bin/Benchmark/Release/net10.0/Matrix.Logging-Quick-1/bin/Release/net10.0/" /p:OutputPath="/home/runner/work/dotnet-matrix/dotnet-matrix/src/Matrix.Logging/bin/Benchmark/Release/net10.0/Matrix.Logging-Quick-1/bin/Release/net10.0/" /p:PublishDir="/home/runner/work/dotnet-matrix/dotnet-matrix/src/Matrix.Logging/bin/Benchmark/Release/net10.0/Matrix.Logging-Quick-1/publish/" --output "/home/runner/work/dotnet-matrix/dotnet-matrix/src/Matrix.Logging/bin/Benchmark/Release/net10.0/Matrix.Logging-Quick-1/bin/Release/net10.0/" in /home/runner/work/dotnet-matrix/dotnet-matrix/src/Matrix.Logging/bin/Benchmark/Release/net10.0/Matrix.Logging-Quick-1
// command took 10.72 sec and exited with 0
// ***** Done, took 00:00:12 (12.36 sec)   *****
// Found 4 benchmarks:
//   BufferedLogging.Log4Net: Quick(Arguments=/p:MatrixMode=Benchmark, IterationCount=5, WarmupCount=2)
//   BufferedLogging.NLog: Quick(Arguments=/p:MatrixMode=Benchmark, IterationCount=5, WarmupCount=2)
//   BufferedLogging.Serilog: Quick(Arguments=/p:MatrixMode=Benchmark, IterationCount=5, WarmupCount=2)
//   BufferedLogging.ZLogger: Quick(Arguments=/p:MatrixMode=Benchmark, IterationCount=5, WarmupCount=2)

// **************************
// Benchmark: BufferedLogging.Log4Net: Quick(Arguments=/p:MatrixMode=Benchmark, IterationCount=5, WarmupCount=2)
// *** Execute ***
// Launch: 1 / 1
// Execute: dotnet Matrix.Logging-Quick-1.dll --anonymousPipes 180 181 --benchmarkName Matrix.Logging.Benchmarks.BufferedLogging.Log4Net --job Quick --benchmarkId 0 in /home/runner/work/dotnet-matrix/dotnet-matrix/src/Matrix.Logging/bin/Benchmark/Release/net10.0/Matrix.Logging-Quick-1/bin/Release/net10.0
// Failed to set up high priority (Permission denied). In order to run benchmarks with high priority, make sure you have the right permissions.
// BeforeAnythingElse

// Benchmark Process Environment Information:
// BenchmarkDotNet v0.15.8
// Runtime=.NET 10.0.10 (10.0.10, 10.0.1026.32716), X64 RyuJIT x86-64-v3
// GC=Concurrent Workstation
// HardwareIntrinsics=AVX2+BMI1+BMI2+F16C+FMA+LZCNT+MOVBE,AVX,SSE3+SSSE3+SSE4.1+SSE4.2+POPCNT,X86Base+SSE+SSE2,AES+PCLMUL VectorSize=256
// Job: Quick(IterationCount=5, WarmupCount=2)

OverheadJitting  1: 1 op, 139129.00 ns, 139.1290 us/op
WorkloadJitting  1: 1 op, 16307456.00 ns, 16.3075 ms/op

OverheadJitting  2: 16 op, 189524.00 ns, 11.8453 us/op
WorkloadJitting  2: 16 op, 1688649.00 ns, 105.5406 us/op

WorkloadPilot    1: 16 op, 1131820.00 ns, 70.7388 us/op
WorkloadPilot    2: 32 op, 2171529.00 ns, 67.8603 us/op
WorkloadPilot    3: 64 op, 6183008.00 ns, 96.6095 us/op
WorkloadPilot    4: 128 op, 9163666.00 ns, 71.5911 us/op
WorkloadPilot    5: 256 op, 18270636.00 ns, 71.3697 us/op
WorkloadPilot    6: 512 op, 36154932.00 ns, 70.6151 us/op
WorkloadPilot    7: 1024 op, 61393450.00 ns, 59.9545 us/op
WorkloadPilot    8: 2048 op, 122347461.00 ns, 59.7400 us/op
WorkloadPilot    9: 4096 op, 246878814.00 ns, 60.2731 us/op
WorkloadPilot   10: 8192 op, 410414241.00 ns, 50.0994 us/op
WorkloadPilot   11: 16384 op, 427077651.00 ns, 26.0668 us/op
WorkloadPilot   12: 32768 op, 802214536.00 ns, 24.4816 us/op

OverheadWarmup   1: 32768 op, 181489.00 ns, 5.5386 ns/op
OverheadWarmup   2: 32768 op, 83776.00 ns, 2.5566 ns/op
OverheadWarmup   3: 32768 op, 94355.00 ns, 2.8795 ns/op
OverheadWarmup   4: 32768 op, 83756.00 ns, 2.5560 ns/op
OverheadWarmup   5: 32768 op, 94396.00 ns, 2.8807 ns/op
OverheadWarmup   6: 32768 op, 83766.00 ns, 2.5563 ns/op

OverheadActual   1: 32768 op, 94516.00 ns, 2.8844 ns/op
OverheadActual   2: 32768 op, 83806.00 ns, 2.5576 ns/op
OverheadActual   3: 32768 op, 124883.00 ns, 3.8111 ns/op
OverheadActual   4: 32768 op, 85569.00 ns, 2.6114 ns/op
OverheadActual   5: 32768 op, 95258.00 ns, 2.9070 ns/op
OverheadActual   6: 32768 op, 83857.00 ns, 2.5591 ns/op
OverheadActual   7: 32768 op, 94426.00 ns, 2.8817 ns/op
OverheadActual   8: 32768 op, 83837.00 ns, 2.5585 ns/op
OverheadActual   9: 32768 op, 94436.00 ns, 2.8820 ns/op
OverheadActual  10: 32768 op, 83837.00 ns, 2.5585 ns/op
OverheadActual  11: 32768 op, 94376.00 ns, 2.8801 ns/op
OverheadActual  12: 32768 op, 83796.00 ns, 2.5573 ns/op
OverheadActual  13: 32768 op, 94406.00 ns, 2.8810 ns/op
OverheadActual  14: 32768 op, 83856.00 ns, 2.5591 ns/op
OverheadActual  15: 32768 op, 94356.00 ns, 2.8795 ns/op
OverheadActual  16: 32768 op, 83766.00 ns, 2.5563 ns/op
OverheadActual  17: 32768 op, 94396.00 ns, 2.8807 ns/op
OverheadActual  18: 32768 op, 83786.00 ns, 2.5569 ns/op
OverheadActual  19: 32768 op, 94386.00 ns, 2.8804 ns/op
OverheadActual  20: 32768 op, 84567.00 ns, 2.5808 ns/op

WorkloadWarmup   1: 32768 op, 817397856.00 ns, 24.9450 us/op
WorkloadWarmup   2: 32768 op, 814978576.00 ns, 24.8712 us/op

// BeforeActualRun
WorkloadActual   1: 32768 op, 807531991.00 ns, 24.6439 us/op
WorkloadActual   2: 32768 op, 804963793.00 ns, 24.5655 us/op
WorkloadActual   3: 32768 op, 802542107.00 ns, 24.4916 us/op
WorkloadActual   4: 32768 op, 804499247.00 ns, 24.5514 us/op
WorkloadActual   5: 32768 op, 803029843.00 ns, 24.5065 us/op

// AfterActualRun
WorkloadResult   1: 32768 op, 807442028.50 ns, 24.6412 us/op
WorkloadResult   2: 32768 op, 804873830.50 ns, 24.5628 us/op
WorkloadResult   3: 32768 op, 802452144.50 ns, 24.4889 us/op
WorkloadResult   4: 32768 op, 804409284.50 ns, 24.5486 us/op
WorkloadResult   5: 32768 op, 802939880.50 ns, 24.5038 us/op
// GC:  31 7 0 529359376 32768
// Threading:  0 0 32768

// AfterAll
// Benchmark Process 3415 has exited with code 0.

Mean = 24.549 μs, StdErr = 0.027 μs (0.11%), N = 5, StdDev = 0.060 μs
Min = 24.489 μs, Q1 = 24.504 μs, Median = 24.549 μs, Q3 = 24.563 μs, Max = 24.641 μs
IQR = 0.059 μs, LowerFence = 24.415 μs, UpperFence = 24.651 μs
ConfidenceInterval = [24.318 μs; 24.780 μs] (CI 99.9%), Margin = 0.231 μs (0.94% of Mean)
Skewness = 0.44, Kurtosis = 1.39, MValue = 2

// ** Remained 33 (97.1 %) benchmark(s) to run. Estimated finish 2026-07-31 9:47 (0h 4m from now) **
// **************************
// Benchmark: BufferedLogging.NLog: Quick(Arguments=/p:MatrixMode=Benchmark, IterationCount=5, WarmupCount=2)
// *** Execute ***
// Launch: 1 / 1
// Execute: dotnet Matrix.Logging-Quick-1.dll --anonymousPipes 180 181 --benchmarkName Matrix.Logging.Benchmarks.BufferedLogging.NLog --job Quick --benchmarkId 1 in /home/runner/work/dotnet-matrix/dotnet-matrix/src/Matrix.Logging/bin/Benchmark/Release/net10.0/Matrix.Logging-Quick-1/bin/Release/net10.0
// Failed to set up high priority (Permission denied). In order to run benchmarks with high priority, make sure you have the right permissions.
// BeforeAnythingElse

// Benchmark Process Environment Information:
// BenchmarkDotNet v0.15.8
// Runtime=.NET 10.0.10 (10.0.10, 10.0.1026.32716), X64 RyuJIT x86-64-v3
// GC=Concurrent Workstation
// HardwareIntrinsics=AVX2+BMI1+BMI2+F16C+FMA+LZCNT+MOVBE,AVX,SSE3+SSSE3+SSE4.1+SSE4.2+POPCNT,X86Base+SSE+SSE2,AES+PCLMUL VectorSize=256
// Job: Quick(IterationCount=5, WarmupCount=2)

OverheadJitting  1: 1 op, 144209.00 ns, 144.2090 us/op
WorkloadJitting  1: 1 op, 4232592.00 ns, 4.2326 ms/op

OverheadJitting  2: 16 op, 221663.00 ns, 13.8539 us/op
WorkloadJitting  2: 16 op, 282126.00 ns, 17.6329 us/op

WorkloadPilot    1: 16 op, 21399.00 ns, 1.3374 us/op
WorkloadPilot    2: 32 op, 366193.00 ns, 11.4435 us/op
WorkloadPilot    3: 64 op, 48110.00 ns, 751.7188 ns/op
WorkloadPilot    4: 128 op, 68859.00 ns, 537.9609 ns/op
WorkloadPilot    5: 256 op, 139601.00 ns, 545.3164 ns/op
WorkloadPilot    6: 512 op, 264313.00 ns, 516.2363 ns/op
WorkloadPilot    7: 1024 op, 508699.00 ns, 496.7764 ns/op
WorkloadPilot    8: 2048 op, 1756025.00 ns, 857.4341 ns/op
WorkloadPilot    9: 4096 op, 3412644.00 ns, 833.1650 ns/op
WorkloadPilot   10: 8192 op, 7102643.00 ns, 867.0219 ns/op
WorkloadPilot   11: 16384 op, 14125508.00 ns, 862.1526 ns/op
WorkloadPilot   12: 32768 op, 29883730.00 ns, 911.9791 ns/op
WorkloadPilot   13: 65536 op, 59909634.00 ns, 914.1485 ns/op
WorkloadPilot   14: 131072 op, 91827326.00 ns, 700.5869 ns/op
WorkloadPilot   15: 262144 op, 226187660.00 ns, 862.8374 ns/op
WorkloadPilot   16: 524288 op, 366658384.00 ns, 699.3454 ns/op
WorkloadPilot   17: 1048576 op, 111605829.00 ns, 106.4356 ns/op
WorkloadPilot   18: 2097152 op, 974811396.00 ns, 464.8263 ns/op

OverheadWarmup   1: 2097152 op, 5441035.00 ns, 2.5945 ns/op
OverheadWarmup   2: 2097152 op, 5449421.00 ns, 2.5985 ns/op
OverheadWarmup   3: 2097152 op, 5389299.00 ns, 2.5698 ns/op
OverheadWarmup   4: 2097152 op, 5401933.00 ns, 2.5758 ns/op
OverheadWarmup   5: 2097152 op, 5400229.00 ns, 2.5750 ns/op

OverheadActual   1: 2097152 op, 5410708.00 ns, 2.5800 ns/op
OverheadActual   2: 2097152 op, 5408514.00 ns, 2.5790 ns/op
OverheadActual   3: 2097152 op, 5404247.00 ns, 2.5769 ns/op
OverheadActual   4: 2097152 op, 5393196.00 ns, 2.5717 ns/op
OverheadActual   5: 2097152 op, 5505796.00 ns, 2.6254 ns/op
OverheadActual   6: 2097152 op, 5432169.00 ns, 2.5903 ns/op
OverheadActual   7: 2097152 op, 5448990.00 ns, 2.5983 ns/op
OverheadActual   8: 2097152 op, 5435135.00 ns, 2.5917 ns/op
OverheadActual   9: 2097152 op, 5432149.00 ns, 2.5903 ns/op
OverheadActual  10: 2097152 op, 5428261.00 ns, 2.5884 ns/op
OverheadActual  11: 2097152 op, 5410518.00 ns, 2.5799 ns/op
OverheadActual  12: 2097152 op, 5433692.00 ns, 2.5910 ns/op
OverheadActual  13: 2097152 op, 5422891.00 ns, 2.5858 ns/op
OverheadActual  14: 2097152 op, 5451315.00 ns, 2.5994 ns/op
OverheadActual  15: 2097152 op, 5468997.00 ns, 2.6078 ns/op

WorkloadWarmup   1: 2097152 op, 653899146.00 ns, 311.8034 ns/op
WorkloadWarmup   2: 2097152 op, 1150088737.00 ns, 548.4050 ns/op

// BeforeActualRun
WorkloadActual   1: 2097152 op, 1313132961.00 ns, 626.1506 ns/op
WorkloadActual   2: 2097152 op, 1088650907.00 ns, 519.1092 ns/op
WorkloadActual   3: 2097152 op, 1087748912.00 ns, 518.6791 ns/op
WorkloadActual   4: 2097152 op, 1456374817.00 ns, 694.4536 ns/op
WorkloadActual   5: 2097152 op, 1515517660.00 ns, 722.6551 ns/op

// AfterActualRun
WorkloadResult   1: 2097152 op, 1307700812.00 ns, 623.5603 ns/op
WorkloadResult   2: 2097152 op, 1083218758.00 ns, 516.5190 ns/op
WorkloadResult   3: 2097152 op, 1082316763.00 ns, 516.0888 ns/op
WorkloadResult   4: 2097152 op, 1450942668.00 ns, 691.8634 ns/op
WorkloadResult   5: 2097152 op, 1510085511.00 ns, 720.0649 ns/op
// GC:  15 2 0 251658240 2097152
// Threading:  1487 3 2097152

// AfterAll
// Benchmark Process 3428 has exited with code 0.

Mean = 613.619 ns, StdErr = 42.716 ns (6.96%), N = 5, StdDev = 95.515 ns
Min = 516.089 ns, Q1 = 516.519 ns, Median = 623.560 ns, Q3 = 691.863 ns, Max = 720.065 ns
IQR = 175.344 ns, LowerFence = 253.502 ns, UpperFence = 954.880 ns
ConfidenceInterval = [245.826 ns; 981.413 ns] (CI 99.9%), Margin = 367.793 ns (59.94% of Mean)
Skewness = -0.04, Kurtosis = 0.83, MValue = 2

// ** Remained 32 (94.1 %) benchmark(s) to run. Estimated finish 2026-07-31 9:48 (0h 5m from now) **
// **************************
// Benchmark: BufferedLogging.Serilog: Quick(Arguments=/p:MatrixMode=Benchmark, IterationCount=5, WarmupCount=2)
// *** Execute ***
// Launch: 1 / 1
// Execute: dotnet Matrix.Logging-Quick-1.dll --anonymousPipes 180 181 --benchmarkName Matrix.Logging.Benchmarks.BufferedLogging.Serilog --job Quick --benchmarkId 2 in /home/runner/work/dotnet-matrix/dotnet-matrix/src/Matrix.Logging/bin/Benchmark/Release/net10.0/Matrix.Logging-Quick-1/bin/Release/net10.0
// Failed to set up high priority (Permission denied). In order to run benchmarks with high priority, make sure you have the right permissions.
// BeforeAnythingElse

// Benchmark Process Environment Information:
// BenchmarkDotNet v0.15.8
// Runtime=.NET 10.0.10 (10.0.10, 10.0.1026.32716), X64 RyuJIT x86-64-v3
// GC=Concurrent Workstation
// HardwareIntrinsics=AVX2+BMI1+BMI2+F16C+FMA+LZCNT+MOVBE,AVX,SSE3+SSSE3+SSE4.1+SSE4.2+POPCNT,X86Base+SSE+SSE2,AES+PCLMUL VectorSize=256
// Job: Quick(IterationCount=5, WarmupCount=2)

OverheadJitting  1: 1 op, 200303.00 ns, 200.3030 us/op
WorkloadJitting  1: 1 op, 5786591.00 ns, 5.7866 ms/op

OverheadJitting  2: 16 op, 180527.00 ns, 11.2829 us/op
WorkloadJitting  2: 16 op, 296763.00 ns, 18.5477 us/op

WorkloadPilot    1: 16 op, 29816.00 ns, 1.8635 us/op
WorkloadPilot    2: 32 op, 53429.00 ns, 1.6697 us/op
WorkloadPilot    3: 64 op, 95037.00 ns, 1.4850 us/op
WorkloadPilot    4: 128 op, 144690.00 ns, 1.1304 us/op
WorkloadPilot    5: 256 op, 238756.00 ns, 932.6406 ns/op
WorkloadPilot    6: 512 op, 439841.00 ns, 859.0645 ns/op
WorkloadPilot    7: 1024 op, 843242.00 ns, 823.4785 ns/op
WorkloadPilot    8: 2048 op, 1737621.00 ns, 848.4478 ns/op
WorkloadPilot    9: 4096 op, 3397887.00 ns, 829.5623 ns/op
WorkloadPilot   10: 8192 op, 8715442.00 ns, 1.0639 us/op
WorkloadPilot   11: 16384 op, 11175361.00 ns, 682.0899 ns/op
WorkloadPilot   12: 32768 op, 25333663.00 ns, 773.1220 ns/op
WorkloadPilot   13: 65536 op, 69432119.00 ns, 1.0595 us/op
WorkloadPilot   14: 131072 op, 85006603.00 ns, 648.5489 ns/op
WorkloadPilot   15: 262144 op, 150316225.00 ns, 573.4109 ns/op
WorkloadPilot   16: 524288 op, 223985476.00 ns, 427.2184 ns/op
WorkloadPilot   17: 1048576 op, 445923580.00 ns, 425.2659 ns/op
WorkloadPilot   18: 2097152 op, 892375250.00 ns, 425.5177 ns/op

OverheadWarmup   1: 2097152 op, 4756542.00 ns, 2.2681 ns/op
OverheadWarmup   2: 2097152 op, 4801305.00 ns, 2.2894 ns/op
OverheadWarmup   3: 2097152 op, 4730514.00 ns, 2.2557 ns/op
OverheadWarmup   4: 2097152 op, 4766300.00 ns, 2.2727 ns/op
OverheadWarmup   5: 2097152 op, 4746123.00 ns, 2.2631 ns/op

OverheadActual   1: 2097152 op, 4756352.00 ns, 2.2680 ns/op
OverheadActual   2: 2097152 op, 4762223.00 ns, 2.2708 ns/op
OverheadActual   3: 2097152 op, 4742746.00 ns, 2.2615 ns/op
OverheadActual   4: 2097152 op, 4755530.00 ns, 2.2676 ns/op
OverheadActual   5: 2097152 op, 4782711.00 ns, 2.2806 ns/op
OverheadActual   6: 2097152 op, 4749268.00 ns, 2.2646 ns/op
OverheadActual   7: 2097152 op, 4734702.00 ns, 2.2577 ns/op
OverheadActual   8: 2097152 op, 4747194.00 ns, 2.2636 ns/op
OverheadActual   9: 2097152 op, 4745131.00 ns, 2.2627 ns/op
OverheadActual  10: 2097152 op, 4780918.00 ns, 2.2797 ns/op
OverheadActual  11: 2097152 op, 4741725.00 ns, 2.2610 ns/op
OverheadActual  12: 2097152 op, 4758165.00 ns, 2.2689 ns/op
OverheadActual  13: 2097152 op, 4743959.00 ns, 2.2621 ns/op
OverheadActual  14: 2097152 op, 4731084.00 ns, 2.2560 ns/op
OverheadActual  15: 2097152 op, 4743728.00 ns, 2.2620 ns/op

WorkloadWarmup   1: 2097152 op, 901221389.00 ns, 429.7358 ns/op
WorkloadWarmup   2: 2097152 op, 918796321.00 ns, 438.1162 ns/op

// BeforeActualRun
WorkloadActual   1: 2097152 op, 711747896.00 ns, 339.3878 ns/op
WorkloadActual   2: 2097152 op, 703932445.00 ns, 335.6611 ns/op
WorkloadActual   3: 2097152 op, 694810355.00 ns, 331.3114 ns/op
WorkloadActual   4: 2097152 op, 706038998.00 ns, 336.6656 ns/op
WorkloadActual   5: 2097152 op, 709491408.00 ns, 338.3119 ns/op

// AfterActualRun
WorkloadResult   1: 2097152 op, 707000702.00 ns, 337.1242 ns/op
WorkloadResult   2: 2097152 op, 699185251.00 ns, 333.3975 ns/op
WorkloadResult   3: 2097152 op, 690063161.00 ns, 329.0478 ns/op
WorkloadResult   4: 2097152 op, 701291804.00 ns, 334.4020 ns/op
WorkloadResult   5: 2097152 op, 704744214.00 ns, 336.0482 ns/op
// GC:  20 0 0 335544320 2097152
// Threading:  0 9 2097152

// AfterAll
// Benchmark Process 3449 has exited with code 0.

Mean = 334.004 ns, StdErr = 1.397 ns (0.42%), N = 5, StdDev = 3.123 ns
Min = 329.048 ns, Q1 = 333.398 ns, Median = 334.402 ns, Q3 = 336.048 ns, Max = 337.124 ns
IQR = 2.651 ns, LowerFence = 329.421 ns, UpperFence = 340.024 ns
ConfidenceInterval = [321.980 ns; 346.028 ns] (CI 99.9%), Margin = 12.024 ns (3.60% of Mean)
Skewness = -0.55, Kurtosis = 1.51, MValue = 2

// ** Remained 31 (91.2 %) benchmark(s) to run. Estimated finish 2026-07-31 9:47 (0h 5m from now) **
// **************************
// Benchmark: BufferedLogging.ZLogger: Quick(Arguments=/p:MatrixMode=Benchmark, IterationCount=5, WarmupCount=2)
// *** Execute ***
// Launch: 1 / 1
// Execute: dotnet Matrix.Logging-Quick-1.dll --anonymousPipes 180 181 --benchmarkName Matrix.Logging.Benchmarks.BufferedLogging.ZLogger --job Quick --benchmarkId 3 in /home/runner/work/dotnet-matrix/dotnet-matrix/src/Matrix.Logging/bin/Benchmark/Release/net10.0/Matrix.Logging-Quick-1/bin/Release/net10.0
// Failed to set up high priority (Permission denied). In order to run benchmarks with high priority, make sure you have the right permissions.
// BeforeAnythingElse

// Benchmark Process Environment Information:
// BenchmarkDotNet v0.15.8
// Runtime=.NET 10.0.10 (10.0.10, 10.0.1026.32716), X64 RyuJIT x86-64-v3
// GC=Concurrent Workstation
// HardwareIntrinsics=AVX2+BMI1+BMI2+F16C+FMA+LZCNT+MOVBE,AVX,SSE3+SSSE3+SSE4.1+SSE4.2+POPCNT,X86Base+SSE+SSE2,AES+PCLMUL VectorSize=256
// Job: Quick(IterationCount=5, WarmupCount=2)

OverheadJitting  1: 1 op, 193451.00 ns, 193.4510 us/op
WorkloadJitting  1: 1 op, 7847725.00 ns, 7.8477 ms/op

OverheadJitting  2: 16 op, 190465.00 ns, 11.9041 us/op
WorkloadJitting  2: 16 op, 648179.00 ns, 40.5112 us/op

WorkloadPilot    1: 16 op, 50815.00 ns, 3.1759 us/op
WorkloadPilot    2: 32 op, 35206.00 ns, 1.1002 us/op
WorkloadPilot    3: 64 op, 81161.00 ns, 1.2681 us/op
WorkloadPilot    4: 128 op, 164227.00 ns, 1.2830 us/op
WorkloadPilot    5: 256 op, 239446.00 ns, 935.3359 ns/op
WorkloadPilot    6: 512 op, 480336.00 ns, 938.1563 ns/op
WorkloadPilot    7: 1024 op, 920496.00 ns, 898.9219 ns/op
WorkloadPilot    8: 2048 op, 1819473.00 ns, 888.4146 ns/op
WorkloadPilot    9: 4096 op, 3592509.00 ns, 877.0774 ns/op
WorkloadPilot   10: 8192 op, 7543278.00 ns, 920.8103 ns/op
WorkloadPilot   11: 16384 op, 21641900.00 ns, 1.3209 us/op
WorkloadPilot   12: 32768 op, 32484911.00 ns, 991.3608 ns/op
WorkloadPilot   13: 65536 op, 57462483.00 ns, 876.8079 ns/op
WorkloadPilot   14: 131072 op, 55726536.00 ns, 425.1597 ns/op
WorkloadPilot   15: 262144 op, 33879472.00 ns, 129.2399 ns/op
WorkloadPilot   16: 524288 op, 67702148.00 ns, 129.1316 ns/op
WorkloadPilot   17: 1048576 op, 134593975.00 ns, 128.3588 ns/op
WorkloadPilot   18: 2097152 op, 269808579.00 ns, 128.6548 ns/op
WorkloadPilot   19: 4194304 op, 542891517.00 ns, 129.4354 ns/op

OverheadWarmup   1: 4194304 op, 10795383.00 ns, 2.5738 ns/op
OverheadWarmup   2: 4194304 op, 10925826.00 ns, 2.6049 ns/op
OverheadWarmup   3: 4194304 op, 10925275.00 ns, 2.6048 ns/op
OverheadWarmup   4: 4194304 op, 10779463.00 ns, 2.5700 ns/op
OverheadWarmup   5: 4194304 op, 10907732.00 ns, 2.6006 ns/op
OverheadWarmup   6: 4194304 op, 10968375.00 ns, 2.6151 ns/op
OverheadWarmup   7: 4194304 op, 10898345.00 ns, 2.5984 ns/op

OverheadActual   1: 4194304 op, 10960611.00 ns, 2.6132 ns/op
OverheadActual   2: 4194304 op, 11014632.00 ns, 2.6261 ns/op
OverheadActual   3: 4194304 op, 10890972.00 ns, 2.5966 ns/op
OverheadActual   4: 4194304 op, 11027957.00 ns, 2.6293 ns/op
OverheadActual   5: 4194304 op, 10857398.00 ns, 2.5886 ns/op
OverheadActual   6: 4194304 op, 10943088.00 ns, 2.6090 ns/op
OverheadActual   7: 4194304 op, 11067901.00 ns, 2.6388 ns/op
OverheadActual   8: 4194304 op, 10921949.00 ns, 2.6040 ns/op
OverheadActual   9: 4194304 op, 10979216.00 ns, 2.6176 ns/op
OverheadActual  10: 4194304 op, 11273585.00 ns, 2.6878 ns/op
OverheadActual  11: 4194304 op, 10911690.00 ns, 2.6015 ns/op
OverheadActual  12: 4194304 op, 10880582.00 ns, 2.5941 ns/op
OverheadActual  13: 4194304 op, 10784693.00 ns, 2.5713 ns/op
OverheadActual  14: 4194304 op, 11064505.00 ns, 2.6380 ns/op
OverheadActual  15: 4194304 op, 10832372.00 ns, 2.5826 ns/op

WorkloadWarmup   1: 4194304 op, 535712447.00 ns, 127.7238 ns/op
WorkloadWarmup   2: 4194304 op, 538736467.00 ns, 128.4448 ns/op

// BeforeActualRun
WorkloadActual   1: 4194304 op, 535960942.00 ns, 127.7830 ns/op
WorkloadActual   2: 4194304 op, 539539545.00 ns, 128.6363 ns/op
WorkloadActual   3: 4194304 op, 538334058.00 ns, 128.3488 ns/op
WorkloadActual   4: 4194304 op, 535486416.00 ns, 127.6699 ns/op
WorkloadActual   5: 4194304 op, 541528164.00 ns, 129.1104 ns/op

// AfterActualRun
WorkloadResult   1: 4194304 op, 525017854.00 ns, 125.1740 ns/op
WorkloadResult   2: 4194304 op, 528596457.00 ns, 126.0272 ns/op
WorkloadResult   3: 4194304 op, 527390970.00 ns, 125.7398 ns/op
WorkloadResult   4: 4194304 op, 524543328.00 ns, 125.0609 ns/op
WorkloadResult   5: 4194304 op, 530585076.00 ns, 126.5013 ns/op
// GC:  0 0 0 0 4194304
// Threading:  0 0 4194304

// AfterAll
// Benchmark Process 3460 has exited with code 0.

Mean = 125.701 ns, StdErr = 0.268 ns (0.21%), N = 5, StdDev = 0.599 ns
Min = 125.061 ns, Q1 = 125.174 ns, Median = 125.740 ns, Q3 = 126.027 ns, Max = 126.501 ns
IQR = 0.853 ns, LowerFence = 123.894 ns, UpperFence = 127.307 ns
ConfidenceInterval = [123.394 ns; 128.008 ns] (CI 99.9%), Margin = 2.307 ns (1.84% of Mean)
Skewness = 0.13, Kurtosis = 1.03, MValue = 2

// ** Remained 30 (88.2 %) benchmark(s) to run. Estimated finish 2026-07-31 9:47 (0h 4m from now) **
// ***** BenchmarkRunner: Finish  *****

// * Export *
  tmp/dotnet-matrix/Logging/ad2a762b2cfd4ea58cc4f94d66bf2021/results/Matrix.Logging.Benchmarks.BufferedLogging-report.csv
  tmp/dotnet-matrix/Logging/ad2a762b2cfd4ea58cc4f94d66bf2021/results/Matrix.Logging.Benchmarks.BufferedLogging-report-github.md
  tmp/dotnet-matrix/Logging/ad2a762b2cfd4ea58cc4f94d66bf2021/results/Matrix.Logging.Benchmarks.BufferedLogging-report.html
  tmp/dotnet-matrix/Logging/ad2a762b2cfd4ea58cc4f94d66bf2021/results/Matrix.Logging.Benchmarks.BufferedLogging-report-full.json

// * Detailed results *
BufferedLogging.ZLogger: Quick(Arguments=/p:MatrixMode=Benchmark, IterationCount=5, WarmupCount=2)
Runtime = .NET 10.0.10 (10.0.10, 10.0.1026.32716), X64 RyuJIT x86-64-v3; GC = Concurrent Workstation
Mean = 125.701 ns, StdErr = 0.268 ns (0.21%), N = 5, StdDev = 0.599 ns
Min = 125.061 ns, Q1 = 125.174 ns, Median = 125.740 ns, Q3 = 126.027 ns, Max = 126.501 ns
IQR = 0.853 ns, LowerFence = 123.894 ns, UpperFence = 127.307 ns
ConfidenceInterval = [123.394 ns; 128.008 ns] (CI 99.9%), Margin = 2.307 ns (1.84% of Mean)
Skewness = 0.13, Kurtosis = 1.03, MValue = 2
-------------------- Histogram --------------------
[124.601 ns ; 126.961 ns) | @@@@@
---------------------------------------------------

BufferedLogging.Serilog: Quick(Arguments=/p:MatrixMode=Benchmark, IterationCount=5, WarmupCount=2)
Runtime = .NET 10.0.10 (10.0.10, 10.0.1026.32716), X64 RyuJIT x86-64-v3; GC = Concurrent Workstation
Mean = 334.004 ns, StdErr = 1.397 ns (0.42%), N = 5, StdDev = 3.123 ns
Min = 329.048 ns, Q1 = 333.398 ns, Median = 334.402 ns, Q3 = 336.048 ns, Max = 337.124 ns
IQR = 2.651 ns, LowerFence = 329.421 ns, UpperFence = 340.024 ns
ConfidenceInterval = [321.980 ns; 346.028 ns] (CI 99.9%), Margin = 12.024 ns (3.60% of Mean)
Skewness = -0.55, Kurtosis = 1.51, MValue = 2
-------------------- Histogram --------------------
[326.651 ns ; 338.613 ns) | @@@@@
---------------------------------------------------

BufferedLogging.NLog: Quick(Arguments=/p:MatrixMode=Benchmark, IterationCount=5, WarmupCount=2)
Runtime = .NET 10.0.10 (10.0.10, 10.0.1026.32716), X64 RyuJIT x86-64-v3; GC = Concurrent Workstation
Mean = 613.619 ns, StdErr = 42.716 ns (6.96%), N = 5, StdDev = 95.515 ns
Min = 516.089 ns, Q1 = 516.519 ns, Median = 623.560 ns, Q3 = 691.863 ns, Max = 720.065 ns
IQR = 175.344 ns, LowerFence = 253.502 ns, UpperFence = 954.880 ns
ConfidenceInterval = [245.826 ns; 981.413 ns] (CI 99.9%), Margin = 367.793 ns (59.94% of Mean)
Skewness = -0.04, Kurtosis = 0.83, MValue = 2
-------------------- Histogram --------------------
[442.776 ns ; 598.500 ns) | @@
[598.500 ns ; 745.125 ns) | @@@
---------------------------------------------------

BufferedLogging.Log4Net: Quick(Arguments=/p:MatrixMode=Benchmark, IterationCount=5, WarmupCount=2)
Runtime = .NET 10.0.10 (10.0.10, 10.0.1026.32716), X64 RyuJIT x86-64-v3; GC = Concurrent Workstation
Mean = 24.549 μs, StdErr = 0.027 μs (0.11%), N = 5, StdDev = 0.060 μs
Min = 24.489 μs, Q1 = 24.504 μs, Median = 24.549 μs, Q3 = 24.563 μs, Max = 24.641 μs
IQR = 0.059 μs, LowerFence = 24.415 μs, UpperFence = 24.651 μs
ConfidenceInterval = [24.318 μs; 24.780 μs] (CI 99.9%), Margin = 0.231 μs (0.94% of Mean)
Skewness = 0.44, Kurtosis = 1.39, MValue = 2
-------------------- Histogram --------------------
[24.443 μs ; 24.687 μs) | @@@@@
---------------------------------------------------

// * Summary *

BenchmarkDotNet v0.15.8, Linux Ubuntu 24.04.4 LTS (Noble Numbat)
AMD EPYC 7763 3.19GHz, 1 CPU, 4 logical and 2 physical cores
.NET SDK 10.0.302
  [Host] : .NET 10.0.10 (10.0.10, 10.0.1026.32716), X64 RyuJIT x86-64-v3
  Quick  : .NET 10.0.10 (10.0.10, 10.0.1026.32716), X64 RyuJIT x86-64-v3

Job=Quick  Arguments=/p:MatrixMode=Benchmark  IterationCount=5  
WarmupCount=2  

| Method  | Mean        | Error     | StdDev   | Gen0   | Gen1   | Allocated |
|-------- |------------:|----------:|---------:|-------:|-------:|----------:|
| ZLogger |    125.7 ns |   2.31 ns |  0.60 ns |      - |      - |         - |
| Serilog |    334.0 ns |  12.02 ns |  3.12 ns | 0.0095 |      - |     160 B |
| NLog    |    613.6 ns | 367.79 ns | 95.51 ns | 0.0072 | 0.0010 |     120 B |
| Log4Net | 24,549.1 ns | 230.59 ns | 59.88 ns | 0.9460 | 0.2136 |   16155 B |

// * Hints *
Outliers
  BufferedLogging.Serilog: Quick -> 1 outlier  was  detected (331.31 ns)

// * Legends *
  Mean      : Arithmetic mean of all measurements
  Error     : Half of 99.9% confidence interval
  StdDev    : Standard deviation of all measurements
  Gen0      : GC Generation 0 collects per 1000 operations
  Gen1      : GC Generation 1 collects per 1000 operations
  Allocated : Allocated memory per single operation (managed only, inclusive, 1KB = 1024B)
  1 ns      : 1 Nanosecond (0.000000001 sec)

// * Diagnostic Output - MemoryDiagnoser *


// ***** BenchmarkRunner: End *****
Run time: 00:00:35 (35.2 sec), executed benchmarks: 4

// Found 5 benchmarks:
//   DisabledLog.Log4Net: Quick(Arguments=/p:MatrixMode=Benchmark, IterationCount=5, WarmupCount=2)
//   DisabledLog.MicrosoftExtensionsLogging: Quick(Arguments=/p:MatrixMode=Benchmark, IterationCount=5, WarmupCount=2)
//   DisabledLog.NLog: Quick(Arguments=/p:MatrixMode=Benchmark, IterationCount=5, WarmupCount=2)
//   DisabledLog.Serilog: Quick(Arguments=/p:MatrixMode=Benchmark, IterationCount=5, WarmupCount=2)
//   DisabledLog.ZLogger: Quick(Arguments=/p:MatrixMode=Benchmark, IterationCount=5, WarmupCount=2)

// **************************
// Benchmark: DisabledLog.Log4Net: Quick(Arguments=/p:MatrixMode=Benchmark, IterationCount=5, WarmupCount=2)
// *** Execute ***
// Launch: 1 / 1
// Execute: dotnet Matrix.Logging-Quick-1.dll --anonymousPipes 135 136 --benchmarkName Matrix.Logging.Benchmarks.DisabledLog.Log4Net --job Quick --benchmarkId 4 in /home/runner/work/dotnet-matrix/dotnet-matrix/src/Matrix.Logging/bin/Benchmark/Release/net10.0/Matrix.Logging-Quick-1/bin/Release/net10.0
// Failed to set up high priority (Permission denied). In order to run benchmarks with high priority, make sure you have the right permissions.
// BeforeAnythingElse

// Benchmark Process Environment Information:
// BenchmarkDotNet v0.15.8
// Runtime=.NET 10.0.10 (10.0.10, 10.0.1026.32716), X64 RyuJIT x86-64-v3
// GC=Concurrent Workstation
// HardwareIntrinsics=AVX2+BMI1+BMI2+F16C+FMA+LZCNT+MOVBE,AVX,SSE3+SSSE3+SSE4.1+SSE4.2+POPCNT,X86Base+SSE+SSE2,AES+PCLMUL VectorSize=256
// Job: Quick(IterationCount=5, WarmupCount=2)

OverheadJitting  1: 1 op, 177180.00 ns, 177.1800 us/op
WorkloadJitting  1: 1 op, 1055919.00 ns, 1.0559 ms/op

OverheadJitting  2: 16 op, 239417.00 ns, 14.9636 us/op
WorkloadJitting  2: 16 op, 260416.00 ns, 16.2760 us/op

WorkloadPilot    1: 16 op, 5009.00 ns, 313.0625 ns/op
WorkloadPilot    2: 32 op, 7445.00 ns, 232.6563 ns/op
WorkloadPilot    3: 64 op, 12754.00 ns, 199.2813 ns/op
WorkloadPilot    4: 128 op, 23724.00 ns, 185.3438 ns/op
WorkloadPilot    5: 256 op, 40786.00 ns, 159.3203 ns/op
WorkloadPilot    6: 512 op, 71103.00 ns, 138.8730 ns/op
WorkloadPilot    7: 1024 op, 133349.00 ns, 130.2236 ns/op
WorkloadPilot    8: 2048 op, 253753.00 ns, 123.9028 ns/op
WorkloadPilot    9: 4096 op, 499011.00 ns, 121.8289 ns/op
WorkloadPilot   10: 8192 op, 1124558.00 ns, 137.2751 ns/op
WorkloadPilot   11: 16384 op, 2126977.00 ns, 129.8204 ns/op
WorkloadPilot   12: 32768 op, 4225750.00 ns, 128.9597 ns/op
WorkloadPilot   13: 65536 op, 8251839.00 ns, 125.9131 ns/op
WorkloadPilot   14: 131072 op, 16722376.00 ns, 127.5816 ns/op
WorkloadPilot   15: 262144 op, 32790903.00 ns, 125.0874 ns/op
WorkloadPilot   16: 524288 op, 56098762.00 ns, 106.9999 ns/op
WorkloadPilot   17: 1048576 op, 11028699.00 ns, 10.5178 ns/op
WorkloadPilot   18: 2097152 op, 21764249.00 ns, 10.3780 ns/op
WorkloadPilot   19: 4194304 op, 43623355.00 ns, 10.4006 ns/op
WorkloadPilot   20: 8388608 op, 87117370.00 ns, 10.3852 ns/op
WorkloadPilot   21: 16777216 op, 173263348.00 ns, 10.3273 ns/op
WorkloadPilot   22: 33554432 op, 345934922.00 ns, 10.3097 ns/op
WorkloadPilot   23: 67108864 op, 692419279.00 ns, 10.3179 ns/op

OverheadWarmup   1: 67108864 op, 174071986.00 ns, 2.5939 ns/op
OverheadWarmup   2: 67108864 op, 189251615.00 ns, 2.8201 ns/op
OverheadWarmup   3: 67108864 op, 110763077.00 ns, 1.6505 ns/op
OverheadWarmup   4: 67108864 op, 110370515.00 ns, 1.6446 ns/op
OverheadWarmup   5: 67108864 op, 110382098.00 ns, 1.6448 ns/op
OverheadWarmup   6: 67108864 op, 110509495.00 ns, 1.6467 ns/op
OverheadWarmup   7: 67108864 op, 110296397.00 ns, 1.6435 ns/op

OverheadActual   1: 67108864 op, 110228921.00 ns, 1.6425 ns/op
OverheadActual   2: 67108864 op, 110494384.00 ns, 1.6465 ns/op
OverheadActual   3: 67108864 op, 113483669.00 ns, 1.6910 ns/op
OverheadActual   4: 67108864 op, 111309134.00 ns, 1.6586 ns/op
OverheadActual   5: 67108864 op, 110696221.00 ns, 1.6495 ns/op
OverheadActual   6: 67108864 op, 110279784.00 ns, 1.6433 ns/op
OverheadActual   7: 67108864 op, 110498061.00 ns, 1.6465 ns/op
OverheadActual   8: 67108864 op, 110327704.00 ns, 1.6440 ns/op
OverheadActual   9: 67108864 op, 110275607.00 ns, 1.6432 ns/op
OverheadActual  10: 67108864 op, 110421619.00 ns, 1.6454 ns/op
OverheadActual  11: 67108864 op, 110375293.00 ns, 1.6447 ns/op
OverheadActual  12: 67108864 op, 110427580.00 ns, 1.6455 ns/op
OverheadActual  13: 67108864 op, 110415628.00 ns, 1.6453 ns/op
OverheadActual  14: 67108864 op, 110967206.00 ns, 1.6535 ns/op
OverheadActual  15: 67108864 op, 110345597.00 ns, 1.6443 ns/op

WorkloadWarmup   1: 67108864 op, 691950922.00 ns, 10.3109 ns/op
WorkloadWarmup   2: 67108864 op, 692924157.00 ns, 10.3254 ns/op

// BeforeActualRun
WorkloadActual   1: 67108864 op, 692517839.00 ns, 10.3193 ns/op
WorkloadActual   2: 67108864 op, 698757927.00 ns, 10.4123 ns/op
WorkloadActual   3: 67108864 op, 694495057.00 ns, 10.3488 ns/op
WorkloadActual   4: 67108864 op, 694288931.00 ns, 10.3457 ns/op
WorkloadActual   5: 67108864 op, 724015921.00 ns, 10.7887 ns/op

// AfterActualRun
WorkloadResult   1: 67108864 op, 582096220.00 ns, 8.6739 ns/op
WorkloadResult   2: 67108864 op, 588336308.00 ns, 8.7669 ns/op
WorkloadResult   3: 67108864 op, 584073438.00 ns, 8.7034 ns/op
WorkloadResult   4: 67108864 op, 583867312.00 ns, 8.7003 ns/op
// GC:  0 0 0 0 67108864
// Threading:  0 0 67108864

// AfterAll
// Benchmark Process 3475 has exited with code 0.

Mean = 8.711 ns, StdErr = 0.020 ns (0.23%), N = 4, StdDev = 0.039 ns
Min = 8.674 ns, Q1 = 8.694 ns, Median = 8.702 ns, Q3 = 8.719 ns, Max = 8.767 ns
IQR = 0.026 ns, LowerFence = 8.655 ns, UpperFence = 8.758 ns
ConfidenceInterval = [8.456 ns; 8.966 ns] (CI 99.9%), Margin = 0.255 ns (2.93% of Mean)
Skewness = 0.49, Kurtosis = 1.2, MValue = 2

// ** Remained 29 (85.3 %) benchmark(s) to run. Estimated finish 2026-07-31 9:47 (0h 4m from now) **
// **************************
// Benchmark: DisabledLog.MicrosoftExtensionsLogging: Quick(Arguments=/p:MatrixMode=Benchmark, IterationCount=5, WarmupCount=2)
// *** Execute ***
// Launch: 1 / 1
// Execute: dotnet Matrix.Logging-Quick-1.dll --anonymousPipes 137 138 --benchmarkName Matrix.Logging.Benchmarks.DisabledLog.MicrosoftExtensionsLogging --job Quick --benchmarkId 5 in /home/runner/work/dotnet-matrix/dotnet-matrix/src/Matrix.Logging/bin/Benchmark/Release/net10.0/Matrix.Logging-Quick-1/bin/Release/net10.0
// Failed to set up high priority (Permission denied). In order to run benchmarks with high priority, make sure you have the right permissions.
// BeforeAnythingElse

// Benchmark Process Environment Information:
// BenchmarkDotNet v0.15.8
// Runtime=.NET 10.0.10 (10.0.10, 10.0.1026.32716), X64 RyuJIT x86-64-v3
// GC=Concurrent Workstation
// HardwareIntrinsics=AVX2+BMI1+BMI2+F16C+FMA+LZCNT+MOVBE,AVX,SSE3+SSSE3+SSE4.1+SSE4.2+POPCNT,X86Base+SSE+SSE2,AES+PCLMUL VectorSize=256
// Job: Quick(IterationCount=5, WarmupCount=2)

OverheadJitting  1: 1 op, 171570.00 ns, 171.5700 us/op
WorkloadJitting  1: 1 op, 1253166.00 ns, 1.2532 ms/op

OverheadJitting  2: 16 op, 184784.00 ns, 11.5490 us/op
WorkloadJitting  2: 16 op, 184664.00 ns, 11.5415 us/op

WorkloadPilot    1: 16 op, 2815.00 ns, 175.9375 ns/op
WorkloadPilot    2: 32 op, 3737.00 ns, 116.7813 ns/op
WorkloadPilot    3: 64 op, 5941.00 ns, 92.8281 ns/op
WorkloadPilot    4: 128 op, 9678.00 ns, 75.6094 ns/op
WorkloadPilot    5: 256 op, 17483.00 ns, 68.2930 ns/op
WorkloadPilot    6: 512 op, 33633.00 ns, 65.6895 ns/op
WorkloadPilot    7: 1024 op, 64230.00 ns, 62.7246 ns/op
WorkloadPilot    8: 2048 op, 125664.00 ns, 61.3594 ns/op
WorkloadPilot    9: 4096 op, 249886.00 ns, 61.0073 ns/op
WorkloadPilot   10: 8192 op, 659620.00 ns, 80.5200 ns/op
WorkloadPilot   11: 16384 op, 1185041.00 ns, 72.3292 ns/op
WorkloadPilot   12: 32768 op, 2243614.00 ns, 68.4697 ns/op
WorkloadPilot   13: 65536 op, 4366434.00 ns, 66.6265 ns/op
WorkloadPilot   14: 131072 op, 8611770.00 ns, 65.7026 ns/op
WorkloadPilot   15: 262144 op, 21429765.00 ns, 81.7481 ns/op
WorkloadPilot   16: 524288 op, 38340362.00 ns, 73.1284 ns/op
WorkloadPilot   17: 1048576 op, 67680670.00 ns, 64.5453 ns/op
WorkloadPilot   18: 2097152 op, 107980586.00 ns, 51.4892 ns/op
WorkloadPilot   19: 4194304 op, 48160697.00 ns, 11.4824 ns/op
WorkloadPilot   20: 8388608 op, 96722731.00 ns, 11.5302 ns/op
WorkloadPilot   21: 16777216 op, 192866022.00 ns, 11.4957 ns/op
WorkloadPilot   22: 33554432 op, 386503701.00 ns, 11.5187 ns/op
WorkloadPilot   23: 67108864 op, 777180261.00 ns, 11.5809 ns/op

OverheadWarmup   1: 67108864 op, 151709858.00 ns, 2.2607 ns/op
OverheadWarmup   2: 67108864 op, 180792594.00 ns, 2.6940 ns/op
OverheadWarmup   3: 67108864 op, 109618611.00 ns, 1.6334 ns/op
OverheadWarmup   4: 67108864 op, 109821229.00 ns, 1.6365 ns/op
OverheadWarmup   5: 67108864 op, 115136802.00 ns, 1.7157 ns/op
OverheadWarmup   6: 67108864 op, 109827891.00 ns, 1.6366 ns/op

OverheadActual   1: 67108864 op, 110231884.00 ns, 1.6426 ns/op
OverheadActual   2: 67108864 op, 109810578.00 ns, 1.6363 ns/op
OverheadActual   3: 67108864 op, 109672070.00 ns, 1.6342 ns/op
OverheadActual   4: 67108864 op, 109800190.00 ns, 1.6362 ns/op
OverheadActual   5: 67108864 op, 110041800.00 ns, 1.6398 ns/op
OverheadActual   6: 67108864 op, 109603863.00 ns, 1.6332 ns/op
OverheadActual   7: 67108864 op, 109745928.00 ns, 1.6353 ns/op
OverheadActual   8: 67108864 op, 110190848.00 ns, 1.6420 ns/op
OverheadActual   9: 67108864 op, 109730389.00 ns, 1.6351 ns/op
OverheadActual  10: 67108864 op, 109597221.00 ns, 1.6331 ns/op
OverheadActual  11: 67108864 op, 109786283.00 ns, 1.6359 ns/op
OverheadActual  12: 67108864 op, 109961441.00 ns, 1.6386 ns/op
OverheadActual  13: 67108864 op, 109613562.00 ns, 1.6334 ns/op
OverheadActual  14: 67108864 op, 110047150.00 ns, 1.6398 ns/op
OverheadActual  15: 67108864 op, 110599260.00 ns, 1.6481 ns/op

WorkloadWarmup   1: 67108864 op, 770411481.00 ns, 11.4800 ns/op
WorkloadWarmup   2: 67108864 op, 771014216.00 ns, 11.4890 ns/op

// BeforeActualRun
WorkloadActual   1: 67108864 op, 770480921.00 ns, 11.4811 ns/op
WorkloadActual   2: 67108864 op, 771084166.00 ns, 11.4900 ns/op
WorkloadActual   3: 67108864 op, 774571299.00 ns, 11.5420 ns/op
WorkloadActual   4: 67108864 op, 773462801.00 ns, 11.5255 ns/op
WorkloadActual   5: 67108864 op, 771384282.00 ns, 11.4945 ns/op

// AfterActualRun
WorkloadResult   1: 67108864 op, 660680731.00 ns, 9.8449 ns/op
WorkloadResult   2: 67108864 op, 661283976.00 ns, 9.8539 ns/op
WorkloadResult   3: 67108864 op, 664771109.00 ns, 9.9059 ns/op
WorkloadResult   4: 67108864 op, 663662611.00 ns, 9.8893 ns/op
WorkloadResult   5: 67108864 op, 661584092.00 ns, 9.8584 ns/op
// GC:  0 0 0 0 67108864
// Threading:  0 0 67108864

// AfterAll
// Benchmark Process 3487 has exited with code 0.

Mean = 9.870 ns, StdErr = 0.012 ns (0.12%), N = 5, StdDev = 0.026 ns
Min = 9.845 ns, Q1 = 9.854 ns, Median = 9.858 ns, Q3 = 9.889 ns, Max = 9.906 ns
IQR = 0.035 ns, LowerFence = 9.801 ns, UpperFence = 9.943 ns
ConfidenceInterval = [9.771 ns; 9.970 ns] (CI 99.9%), Margin = 0.100 ns (1.01% of Mean)
Skewness = 0.32, Kurtosis = 0.99, MValue = 2

// ** Remained 28 (82.4 %) benchmark(s) to run. Estimated finish 2026-07-31 9:47 (0h 4m from now) **
// **************************
// Benchmark: DisabledLog.NLog: Quick(Arguments=/p:MatrixMode=Benchmark, IterationCount=5, WarmupCount=2)
// *** Execute ***
// Launch: 1 / 1
// Execute: dotnet Matrix.Logging-Quick-1.dll --anonymousPipes 137 138 --benchmarkName Matrix.Logging.Benchmarks.DisabledLog.NLog --job Quick --benchmarkId 6 in /home/runner/work/dotnet-matrix/dotnet-matrix/src/Matrix.Logging/bin/Benchmark/Release/net10.0/Matrix.Logging-Quick-1/bin/Release/net10.0
// Failed to set up high priority (Permission denied). In order to run benchmarks with high priority, make sure you have the right permissions.
// BeforeAnythingElse

// Benchmark Process Environment Information:
// BenchmarkDotNet v0.15.8
// Runtime=.NET 10.0.10 (10.0.10, 10.0.1026.32716), X64 RyuJIT x86-64-v3
// GC=Concurrent Workstation
// HardwareIntrinsics=AVX2+BMI1+BMI2+F16C+FMA+LZCNT+MOVBE,AVX,SSE3+SSSE3+SSE4.1+SSE4.2+POPCNT,X86Base+SSE+SSE2,AES+PCLMUL VectorSize=256
// Job: Quick(IterationCount=5, WarmupCount=2)

OverheadJitting  1: 1 op, 191207.00 ns, 191.2070 us/op
WorkloadJitting  1: 1 op, 569442.00 ns, 569.4420 us/op

OverheadJitting  2: 16 op, 188802.00 ns, 11.8001 us/op
WorkloadJitting  2: 16 op, 182239.00 ns, 11.3899 us/op

WorkloadPilot    1: 16 op, 731.00 ns, 45.6875 ns/op
WorkloadPilot    2: 32 op, 882.00 ns, 27.5625 ns/op
WorkloadPilot    3: 64 op, 1553.00 ns, 24.2656 ns/op
WorkloadPilot    4: 128 op, 2214.00 ns, 17.2969 ns/op
WorkloadPilot    5: 256 op, 3356.00 ns, 13.1094 ns/op
WorkloadPilot    6: 512 op, 6292.00 ns, 12.2891 ns/op
WorkloadPilot    7: 1024 op, 11451.00 ns, 11.1826 ns/op
WorkloadPilot    8: 2048 op, 22572.00 ns, 11.0215 ns/op
WorkloadPilot    9: 4096 op, 39584.00 ns, 9.6641 ns/op
WorkloadPilot   10: 8192 op, 69490.00 ns, 8.4827 ns/op
WorkloadPilot   11: 16384 op, 128820.00 ns, 7.8625 ns/op
WorkloadPilot   12: 32768 op, 275084.00 ns, 8.3949 ns/op
WorkloadPilot   13: 65536 op, 514970.00 ns, 7.8578 ns/op
WorkloadPilot   14: 131072 op, 992942.00 ns, 7.5755 ns/op
WorkloadPilot   15: 262144 op, 1974923.00 ns, 7.5337 ns/op
WorkloadPilot   16: 524288 op, 3942984.00 ns, 7.5206 ns/op
WorkloadPilot   17: 1048576 op, 7863925.00 ns, 7.4996 ns/op
WorkloadPilot   18: 2097152 op, 15621803.00 ns, 7.4491 ns/op
WorkloadPilot   19: 4194304 op, 31248576.00 ns, 7.4502 ns/op
WorkloadPilot   20: 8388608 op, 62361019.00 ns, 7.4340 ns/op
WorkloadPilot   21: 16777216 op, 66012669.00 ns, 3.9347 ns/op
WorkloadPilot   22: 33554432 op, 66388489.00 ns, 1.9785 ns/op
WorkloadPilot   23: 67108864 op, 132479113.00 ns, 1.9741 ns/op
WorkloadPilot   24: 134217728 op, 265611726.00 ns, 1.9790 ns/op
WorkloadPilot   25: 268435456 op, 530014787.00 ns, 1.9745 ns/op

OverheadWarmup   1: 268435456 op, 748554697.00 ns, 2.7886 ns/op
OverheadWarmup   2: 268435456 op, 440070839.00 ns, 1.6394 ns/op
OverheadWarmup   3: 268435456 op, 439188162.00 ns, 1.6361 ns/op
OverheadWarmup   4: 268435456 op, 439201036.00 ns, 1.6362 ns/op
OverheadWarmup   5: 268435456 op, 439311602.00 ns, 1.6366 ns/op
OverheadWarmup   6: 268435456 op, 439105028.00 ns, 1.6358 ns/op
OverheadWarmup   7: 268435456 op, 439189374.00 ns, 1.6361 ns/op
OverheadWarmup   8: 268435456 op, 439039775.00 ns, 1.6356 ns/op

OverheadActual   1: 268435456 op, 439556649.00 ns, 1.6375 ns/op
OverheadActual   2: 268435456 op, 438765042.00 ns, 1.6345 ns/op
OverheadActual   3: 268435456 op, 449688462.00 ns, 1.6752 ns/op
OverheadActual   4: 268435456 op, 438908028.00 ns, 1.6351 ns/op
OverheadActual   5: 268435456 op, 439848082.00 ns, 1.6386 ns/op
OverheadActual   6: 268435456 op, 438893781.00 ns, 1.6350 ns/op
OverheadActual   7: 268435456 op, 440971857.00 ns, 1.6427 ns/op
OverheadActual   8: 268435456 op, 440364434.00 ns, 1.6405 ns/op
OverheadActual   9: 268435456 op, 439221753.00 ns, 1.6362 ns/op
OverheadActual  10: 268435456 op, 439419292.00 ns, 1.6370 ns/op
OverheadActual  11: 268435456 op, 438880858.00 ns, 1.6350 ns/op
OverheadActual  12: 268435456 op, 438613199.00 ns, 1.6340 ns/op
OverheadActual  13: 268435456 op, 438895796.00 ns, 1.6350 ns/op
OverheadActual  14: 268435456 op, 438765662.00 ns, 1.6345 ns/op
OverheadActual  15: 268435456 op, 438687597.00 ns, 1.6342 ns/op

WorkloadWarmup   1: 268435456 op, 530362684.00 ns, 1.9758 ns/op
WorkloadWarmup   2: 268435456 op, 529510394.00 ns, 1.9726 ns/op

// BeforeActualRun
WorkloadActual   1: 268435456 op, 530331356.00 ns, 1.9756 ns/op
WorkloadActual   2: 268435456 op, 530321798.00 ns, 1.9756 ns/op
WorkloadActual   3: 268435456 op, 530278073.00 ns, 1.9754 ns/op
WorkloadActual   4: 268435456 op, 531574961.00 ns, 1.9803 ns/op
WorkloadActual   5: 268435456 op, 529835106.00 ns, 1.9738 ns/op

// AfterActualRun
WorkloadResult   1: 268435456 op, 91423328.00 ns, 0.3406 ns/op
WorkloadResult   2: 268435456 op, 91413770.00 ns, 0.3405 ns/op
WorkloadResult   3: 268435456 op, 91370045.00 ns, 0.3404 ns/op
WorkloadResult   4: 268435456 op, 90927078.00 ns, 0.3387 ns/op
// GC:  0 0 0 0 268435456
// Threading:  0 0 268435456

// AfterAll
// Benchmark Process 3506 has exited with code 0.

Mean = 0.340 ns, StdErr = 0.000 ns (0.13%), N = 4, StdDev = 0.001 ns
Min = 0.339 ns, Q1 = 0.340 ns, Median = 0.340 ns, Q3 = 0.341 ns, Max = 0.341 ns
IQR = 0.001 ns, LowerFence = 0.339 ns, UpperFence = 0.341 ns
ConfidenceInterval = [0.334 ns; 0.346 ns] (CI 99.9%), Margin = 0.006 ns (1.69% of Mean)
Skewness = -0.73, Kurtosis = 1.3, MValue = 2

// ** Remained 27 (79.4 %) benchmark(s) to run. Estimated finish 2026-07-31 9:48 (0h 4m from now) **
// **************************
// Benchmark: DisabledLog.Serilog: Quick(Arguments=/p:MatrixMode=Benchmark, IterationCount=5, WarmupCount=2)
// *** Execute ***
// Launch: 1 / 1
// Execute: dotnet Matrix.Logging-Quick-1.dll --anonymousPipes 137 138 --benchmarkName Matrix.Logging.Benchmarks.DisabledLog.Serilog --job Quick --benchmarkId 7 in /home/runner/work/dotnet-matrix/dotnet-matrix/src/Matrix.Logging/bin/Benchmark/Release/net10.0/Matrix.Logging-Quick-1/bin/Release/net10.0
// Failed to set up high priority (Permission denied). In order to run benchmarks with high priority, make sure you have the right permissions.
// BeforeAnythingElse

// Benchmark Process Environment Information:
// BenchmarkDotNet v0.15.8
// Runtime=.NET 10.0.10 (10.0.10, 10.0.1026.32716), X64 RyuJIT x86-64-v3
// GC=Concurrent Workstation
// HardwareIntrinsics=AVX2+BMI1+BMI2+F16C+FMA+LZCNT+MOVBE,AVX,SSE3+SSSE3+SSE4.1+SSE4.2+POPCNT,X86Base+SSE+SSE2,AES+PCLMUL VectorSize=256
// Job: Quick(IterationCount=5, WarmupCount=2)

OverheadJitting  1: 1 op, 169847.00 ns, 169.8470 us/op
WorkloadJitting  1: 1 op, 1073261.00 ns, 1.0733 ms/op

OverheadJitting  2: 16 op, 180877.00 ns, 11.3048 us/op
WorkloadJitting  2: 16 op, 192629.00 ns, 12.0393 us/op

WorkloadPilot    1: 16 op, 1663.00 ns, 103.9375 ns/op
WorkloadPilot    2: 32 op, 2074.00 ns, 64.8125 ns/op
WorkloadPilot    3: 64 op, 3056.00 ns, 47.7500 ns/op
WorkloadPilot    4: 128 op, 4959.00 ns, 38.7422 ns/op
WorkloadPilot    5: 256 op, 8836.00 ns, 34.5156 ns/op
WorkloadPilot    6: 512 op, 16762.00 ns, 32.7383 ns/op
WorkloadPilot    7: 1024 op, 30757.00 ns, 30.0361 ns/op
WorkloadPilot    8: 2048 op, 46476.00 ns, 22.6934 ns/op
WorkloadPilot    9: 4096 op, 76934.00 ns, 18.7827 ns/op
WorkloadPilot   10: 8192 op, 165067.00 ns, 20.1498 ns/op
WorkloadPilot   11: 16384 op, 263943.00 ns, 16.1098 ns/op
WorkloadPilot   12: 32768 op, 539706.00 ns, 16.4705 ns/op
WorkloadPilot   13: 65536 op, 1042785.00 ns, 15.9116 ns/op
WorkloadPilot   14: 131072 op, 2060593.00 ns, 15.7211 ns/op
WorkloadPilot   15: 262144 op, 4124411.00 ns, 15.7334 ns/op
WorkloadPilot   16: 524288 op, 8201705.00 ns, 15.6435 ns/op
WorkloadPilot   17: 1048576 op, 16398172.00 ns, 15.6385 ns/op
WorkloadPilot   18: 2097152 op, 32512774.00 ns, 15.5033 ns/op
WorkloadPilot   19: 4194304 op, 65071603.00 ns, 15.5143 ns/op
WorkloadPilot   20: 8388608 op, 64464311.00 ns, 7.6847 ns/op
WorkloadPilot   21: 16777216 op, 51973295.00 ns, 3.0978 ns/op
WorkloadPilot   22: 33554432 op, 103725830.00 ns, 3.0913 ns/op
WorkloadPilot   23: 67108864 op, 207925724.00 ns, 3.0983 ns/op
WorkloadPilot   24: 134217728 op, 417248843.00 ns, 3.1087 ns/op
WorkloadPilot   25: 268435456 op, 830139609.00 ns, 3.0925 ns/op

OverheadWarmup   1: 268435456 op, 512463149.00 ns, 1.9091 ns/op
OverheadWarmup   2: 268435456 op, 440528748.00 ns, 1.6411 ns/op
OverheadWarmup   3: 268435456 op, 441137072.00 ns, 1.6434 ns/op
OverheadWarmup   4: 268435456 op, 444648030.00 ns, 1.6564 ns/op
OverheadWarmup   5: 268435456 op, 438615700.00 ns, 1.6340 ns/op
OverheadWarmup   6: 268435456 op, 443989756.00 ns, 1.6540 ns/op
OverheadWarmup   7: 268435456 op, 438709472.00 ns, 1.6343 ns/op

OverheadActual   1: 268435456 op, 439080737.00 ns, 1.6357 ns/op
OverheadActual   2: 268435456 op, 438692082.00 ns, 1.6343 ns/op
OverheadActual   3: 268435456 op, 439156168.00 ns, 1.6360 ns/op
OverheadActual   4: 268435456 op, 439060220.00 ns, 1.6356 ns/op
OverheadActual   5: 268435456 op, 438618956.00 ns, 1.6340 ns/op
OverheadActual   6: 268435456 op, 439026046.00 ns, 1.6355 ns/op
OverheadActual   7: 268435456 op, 438690550.00 ns, 1.6342 ns/op
OverheadActual   8: 268435456 op, 439025755.00 ns, 1.6355 ns/op
OverheadActual   9: 268435456 op, 438678337.00 ns, 1.6342 ns/op
OverheadActual  10: 268435456 op, 438530972.00 ns, 1.6337 ns/op
OverheadActual  11: 268435456 op, 438955715.00 ns, 1.6352 ns/op
OverheadActual  12: 268435456 op, 438653310.00 ns, 1.6341 ns/op
OverheadActual  13: 268435456 op, 440614278.00 ns, 1.6414 ns/op
OverheadActual  14: 268435456 op, 439363054.00 ns, 1.6368 ns/op
OverheadActual  15: 268435456 op, 438852021.00 ns, 1.6349 ns/op

WorkloadWarmup   1: 268435456 op, 830289999.00 ns, 3.0931 ns/op
WorkloadWarmup   2: 268435456 op, 829803131.00 ns, 3.0913 ns/op

// BeforeActualRun
WorkloadActual   1: 268435456 op, 833415529.00 ns, 3.1047 ns/op
WorkloadActual   2: 268435456 op, 829242290.00 ns, 3.0892 ns/op
WorkloadActual   3: 268435456 op, 829580540.00 ns, 3.0904 ns/op
WorkloadActual   4: 268435456 op, 829713218.00 ns, 3.0909 ns/op
WorkloadActual   5: 268435456 op, 829365188.00 ns, 3.0896 ns/op

// AfterActualRun
WorkloadResult   1: 268435456 op, 390286575.00 ns, 1.4539 ns/op
WorkloadResult   2: 268435456 op, 390624825.00 ns, 1.4552 ns/op
WorkloadResult   3: 268435456 op, 390757503.00 ns, 1.4557 ns/op
WorkloadResult   4: 268435456 op, 390409473.00 ns, 1.4544 ns/op
// GC:  0 0 0 0 268435456
// Threading:  0 0 268435456

// AfterAll
// Benchmark Process 3519 has exited with code 0.

Mean = 1.455 ns, StdErr = 0.000 ns (0.03%), N = 4, StdDev = 0.001 ns
Min = 1.454 ns, Q1 = 1.454 ns, Median = 1.455 ns, Q3 = 1.455 ns, Max = 1.456 ns
IQR = 0.001 ns, LowerFence = 1.453 ns, UpperFence = 1.457 ns
ConfidenceInterval = [1.450 ns; 1.460 ns] (CI 99.9%), Margin = 0.005 ns (0.35% of Mean)
Skewness = 0.02, Kurtosis = 0.8, MValue = 2

// ** Remained 26 (76.5 %) benchmark(s) to run. Estimated finish 2026-07-31 9:48 (0h 4m from now) **
// **************************
// Benchmark: DisabledLog.ZLogger: Quick(Arguments=/p:MatrixMode=Benchmark, IterationCount=5, WarmupCount=2)
// *** Execute ***
// Launch: 1 / 1
// Execute: dotnet Matrix.Logging-Quick-1.dll --anonymousPipes 137 138 --benchmarkName Matrix.Logging.Benchmarks.DisabledLog.ZLogger --job Quick --benchmarkId 8 in /home/runner/work/dotnet-matrix/dotnet-matrix/src/Matrix.Logging/bin/Benchmark/Release/net10.0/Matrix.Logging-Quick-1/bin/Release/net10.0
// Failed to set up high priority (Permission denied). In order to run benchmarks with high priority, make sure you have the right permissions.
// BeforeAnythingElse

// Benchmark Process Environment Information:
// BenchmarkDotNet v0.15.8
// Runtime=.NET 10.0.10 (10.0.10, 10.0.1026.32716), X64 RyuJIT x86-64-v3
// GC=Concurrent Workstation
// HardwareIntrinsics=AVX2+BMI1+BMI2+F16C+FMA+LZCNT+MOVBE,AVX,SSE3+SSSE3+SSE4.1+SSE4.2+POPCNT,X86Base+SSE+SSE2,AES+PCLMUL VectorSize=256
// Job: Quick(IterationCount=5, WarmupCount=2)

OverheadJitting  1: 1 op, 169456.00 ns, 169.4560 us/op
WorkloadJitting  1: 1 op, 1418485.00 ns, 1.4185 ms/op

OverheadJitting  2: 16 op, 180336.00 ns, 11.2710 us/op
WorkloadJitting  2: 16 op, 203689.00 ns, 12.7306 us/op

WorkloadPilot    1: 16 op, 1984.00 ns, 124.0000 ns/op
WorkloadPilot    2: 32 op, 2795.00 ns, 87.3438 ns/op
WorkloadPilot    3: 64 op, 20348.00 ns, 317.9375 ns/op
WorkloadPilot    4: 128 op, 8385.00 ns, 65.5078 ns/op
WorkloadPilot    5: 256 op, 15949.00 ns, 62.3008 ns/op
WorkloadPilot    6: 512 op, 30888.00 ns, 60.3281 ns/op
WorkloadPilot    7: 1024 op, 60873.00 ns, 59.4463 ns/op
WorkloadPilot    8: 2048 op, 119884.00 ns, 58.5371 ns/op
WorkloadPilot    9: 4096 op, 271446.00 ns, 66.2710 ns/op
WorkloadPilot   10: 8192 op, 637920.00 ns, 77.8711 ns/op
WorkloadPilot   11: 16384 op, 1119438.00 ns, 68.3251 ns/op
WorkloadPilot   12: 32768 op, 2188481.00 ns, 66.7871 ns/op
WorkloadPilot   13: 65536 op, 4155480.00 ns, 63.4076 ns/op
WorkloadPilot   14: 131072 op, 8243093.00 ns, 62.8898 ns/op
WorkloadPilot   15: 262144 op, 16348789.00 ns, 62.3657 ns/op
WorkloadPilot   16: 524288 op, 32456760.00 ns, 61.9064 ns/op
WorkloadPilot   17: 1048576 op, 65206165.00 ns, 62.1854 ns/op
WorkloadPilot   18: 2097152 op, 106612484.00 ns, 50.8368 ns/op
WorkloadPilot   19: 4194304 op, 24019395.00 ns, 5.7267 ns/op
WorkloadPilot   20: 8388608 op, 47884570.00 ns, 5.7083 ns/op
WorkloadPilot   21: 16777216 op, 95739587.00 ns, 5.7065 ns/op
WorkloadPilot   22: 33554432 op, 191319755.00 ns, 5.7018 ns/op
WorkloadPilot   23: 67108864 op, 383230684.00 ns, 5.7106 ns/op
WorkloadPilot   24: 134217728 op, 765671695.00 ns, 5.7047 ns/op

OverheadWarmup   1: 134217728 op, 362299949.00 ns, 2.6993 ns/op
OverheadWarmup   2: 134217728 op, 219371570.00 ns, 1.6344 ns/op
OverheadWarmup   3: 134217728 op, 221950730.00 ns, 1.6537 ns/op
OverheadWarmup   4: 134217728 op, 219332366.00 ns, 1.6342 ns/op
OverheadWarmup   5: 134217728 op, 219650240.00 ns, 1.6365 ns/op
OverheadWarmup   6: 134217728 op, 219436712.00 ns, 1.6349 ns/op

OverheadActual   1: 134217728 op, 219423507.00 ns, 1.6348 ns/op
OverheadActual   2: 134217728 op, 219700895.00 ns, 1.6369 ns/op
OverheadActual   3: 134217728 op, 230782442.00 ns, 1.7195 ns/op
OverheadActual   4: 134217728 op, 224426038.00 ns, 1.6721 ns/op
OverheadActual   5: 134217728 op, 219777228.00 ns, 1.6375 ns/op
OverheadActual   6: 134217728 op, 219425994.00 ns, 1.6349 ns/op
OverheadActual   7: 134217728 op, 219485104.00 ns, 1.6353 ns/op
OverheadActual   8: 134217728 op, 219709492.00 ns, 1.6370 ns/op
OverheadActual   9: 134217728 op, 219470256.00 ns, 1.6352 ns/op
OverheadActual  10: 134217728 op, 219626497.00 ns, 1.6363 ns/op
OverheadActual  11: 134217728 op, 219435681.00 ns, 1.6349 ns/op
OverheadActual  12: 134217728 op, 219324134.00 ns, 1.6341 ns/op
OverheadActual  13: 134217728 op, 220069132.00 ns, 1.6396 ns/op
OverheadActual  14: 134217728 op, 219483541.00 ns, 1.6353 ns/op
OverheadActual  15: 134217728 op, 219661362.00 ns, 1.6366 ns/op

WorkloadWarmup   1: 134217728 op, 772168987.00 ns, 5.7531 ns/op
WorkloadWarmup   2: 134217728 op, 766369081.00 ns, 5.7099 ns/op

// BeforeActualRun
WorkloadActual   1: 134217728 op, 765492817.00 ns, 5.7034 ns/op
WorkloadActual   2: 134217728 op, 766070454.00 ns, 5.7077 ns/op
WorkloadActual   3: 134217728 op, 766830893.00 ns, 5.7133 ns/op
WorkloadActual   4: 134217728 op, 798104175.00 ns, 5.9463 ns/op
WorkloadActual   5: 134217728 op, 763800737.00 ns, 5.6908 ns/op

// AfterActualRun
WorkloadResult   1: 134217728 op, 545866320.00 ns, 4.0670 ns/op
WorkloadResult   2: 134217728 op, 546443957.00 ns, 4.0713 ns/op
WorkloadResult   3: 134217728 op, 547204396.00 ns, 4.0770 ns/op
WorkloadResult   4: 134217728 op, 544174240.00 ns, 4.0544 ns/op
// GC:  0 0 0 0 134217728
// Threading:  0 0 134217728

// AfterAll
// Benchmark Process 3542 has exited with code 0.

Mean = 4.067 ns, StdErr = 0.005 ns (0.12%), N = 4, StdDev = 0.010 ns
Min = 4.054 ns, Q1 = 4.064 ns, Median = 4.069 ns, Q3 = 4.073 ns, Max = 4.077 ns
IQR = 0.009 ns, LowerFence = 4.051 ns, UpperFence = 4.086 ns
ConfidenceInterval = [4.005 ns; 4.129 ns] (CI 99.9%), Margin = 0.062 ns (1.52% of Mean)
Skewness = -0.36, Kurtosis = 1.1, MValue = 2

// ** Remained 25 (73.5 %) benchmark(s) to run. Estimated finish 2026-07-31 9:48 (0h 4m from now) **
// ***** BenchmarkRunner: Finish  *****

// * Export *
  tmp/dotnet-matrix/Logging/ad2a762b2cfd4ea58cc4f94d66bf2021/results/Matrix.Logging.Benchmarks.DisabledLog-report.csv
  tmp/dotnet-matrix/Logging/ad2a762b2cfd4ea58cc4f94d66bf2021/results/Matrix.Logging.Benchmarks.DisabledLog-report-github.md
  tmp/dotnet-matrix/Logging/ad2a762b2cfd4ea58cc4f94d66bf2021/results/Matrix.Logging.Benchmarks.DisabledLog-report.html
  tmp/dotnet-matrix/Logging/ad2a762b2cfd4ea58cc4f94d66bf2021/results/Matrix.Logging.Benchmarks.DisabledLog-report-full.json

// * Detailed results *
DisabledLog.NLog: Quick(Arguments=/p:MatrixMode=Benchmark, IterationCount=5, WarmupCount=2)
Runtime = .NET 10.0.10 (10.0.10, 10.0.1026.32716), X64 RyuJIT x86-64-v3; GC = Concurrent Workstation
Mean = 0.340 ns, StdErr = 0.000 ns (0.13%), N = 4, StdDev = 0.001 ns
Min = 0.339 ns, Q1 = 0.340 ns, Median = 0.340 ns, Q3 = 0.341 ns, Max = 0.341 ns
IQR = 0.001 ns, LowerFence = 0.339 ns, UpperFence = 0.341 ns
ConfidenceInterval = [0.334 ns; 0.346 ns] (CI 99.9%), Margin = 0.006 ns (1.69% of Mean)
Skewness = -0.73, Kurtosis = 1.3, MValue = 2
-------------------- Histogram --------------------
[0.338 ns ; 0.341 ns) | @@@@
---------------------------------------------------

DisabledLog.Serilog: Quick(Arguments=/p:MatrixMode=Benchmark, IterationCount=5, WarmupCount=2)
Runtime = .NET 10.0.10 (10.0.10, 10.0.1026.32716), X64 RyuJIT x86-64-v3; GC = Concurrent Workstation
Mean = 1.455 ns, StdErr = 0.000 ns (0.03%), N = 4, StdDev = 0.001 ns
Min = 1.454 ns, Q1 = 1.454 ns, Median = 1.455 ns, Q3 = 1.455 ns, Max = 1.456 ns
IQR = 0.001 ns, LowerFence = 1.453 ns, UpperFence = 1.457 ns
ConfidenceInterval = [1.450 ns; 1.460 ns] (CI 99.9%), Margin = 0.005 ns (0.35% of Mean)
Skewness = 0.02, Kurtosis = 0.8, MValue = 2
-------------------- Histogram --------------------
[1.453 ns ; 1.456 ns) | @@@@
---------------------------------------------------

DisabledLog.ZLogger: Quick(Arguments=/p:MatrixMode=Benchmark, IterationCount=5, WarmupCount=2)
Runtime = .NET 10.0.10 (10.0.10, 10.0.1026.32716), X64 RyuJIT x86-64-v3; GC = Concurrent Workstation
Mean = 4.067 ns, StdErr = 0.005 ns (0.12%), N = 4, StdDev = 0.010 ns
Min = 4.054 ns, Q1 = 4.064 ns, Median = 4.069 ns, Q3 = 4.073 ns, Max = 4.077 ns
IQR = 0.009 ns, LowerFence = 4.051 ns, UpperFence = 4.086 ns
ConfidenceInterval = [4.005 ns; 4.129 ns] (CI 99.9%), Margin = 0.062 ns (1.52% of Mean)
Skewness = -0.36, Kurtosis = 1.1, MValue = 2
-------------------- Histogram --------------------
[4.046 ns ; 4.085 ns) | @@@@
---------------------------------------------------

DisabledLog.Log4Net: Quick(Arguments=/p:MatrixMode=Benchmark, IterationCount=5, WarmupCount=2)
Runtime = .NET 10.0.10 (10.0.10, 10.0.1026.32716), X64 RyuJIT x86-64-v3; GC = Concurrent Workstation
Mean = 8.711 ns, StdErr = 0.020 ns (0.23%), N = 4, StdDev = 0.039 ns
Min = 8.674 ns, Q1 = 8.694 ns, Median = 8.702 ns, Q3 = 8.719 ns, Max = 8.767 ns
IQR = 0.026 ns, LowerFence = 8.655 ns, UpperFence = 8.758 ns
ConfidenceInterval = [8.456 ns; 8.966 ns] (CI 99.9%), Margin = 0.255 ns (2.93% of Mean)
Skewness = 0.49, Kurtosis = 1.2, MValue = 2
-------------------- Histogram --------------------
[8.641 ns ; 8.800 ns) | @@@@
---------------------------------------------------

DisabledLog.MicrosoftExtensionsLogging: Quick(Arguments=/p:MatrixMode=Benchmark, IterationCount=5, WarmupCount=2)
Runtime = .NET 10.0.10 (10.0.10, 10.0.1026.32716), X64 RyuJIT x86-64-v3; GC = Concurrent Workstation
Mean = 9.870 ns, StdErr = 0.012 ns (0.12%), N = 5, StdDev = 0.026 ns
Min = 9.845 ns, Q1 = 9.854 ns, Median = 9.858 ns, Q3 = 9.889 ns, Max = 9.906 ns
IQR = 0.035 ns, LowerFence = 9.801 ns, UpperFence = 9.943 ns
ConfidenceInterval = [9.771 ns; 9.970 ns] (CI 99.9%), Margin = 0.100 ns (1.01% of Mean)
Skewness = 0.32, Kurtosis = 0.99, MValue = 2
-------------------- Histogram --------------------
[9.825 ns ; 9.926 ns) | @@@@@
---------------------------------------------------

// * Summary *

BenchmarkDotNet v0.15.8, Linux Ubuntu 24.04.4 LTS (Noble Numbat)
AMD EPYC 7763 3.19GHz, 1 CPU, 4 logical and 2 physical cores
.NET SDK 10.0.302
  [Host] : .NET 10.0.10 (10.0.10, 10.0.1026.32716), X64 RyuJIT x86-64-v3
  Quick  : .NET 10.0.10 (10.0.10, 10.0.1026.32716), X64 RyuJIT x86-64-v3

Job=Quick  Arguments=/p:MatrixMode=Benchmark  IterationCount=5  
WarmupCount=2  

| Method                     | Mean      | Error     | StdDev    | Allocated |
|--------------------------- |----------:|----------:|----------:|----------:|
| NLog                       | 0.3401 ns | 0.0057 ns | 0.0009 ns |         - |
| Serilog                    | 1.4548 ns | 0.0051 ns | 0.0008 ns |         - |
| ZLogger                    | 4.0674 ns | 0.0620 ns | 0.0096 ns |         - |
| Log4Net                    | 8.7111 ns | 0.2550 ns | 0.0395 ns |         - |
| MicrosoftExtensionsLogging | 9.8705 ns | 0.0997 ns | 0.0259 ns |         - |

// * Hints *
Outliers
  DisabledLog.NLog: Quick    -> 1 outlier  was  removed, 2 outliers were detected (1.97 ns, 1.98 ns)
  DisabledLog.Serilog: Quick -> 1 outlier  was  removed (3.10 ns)
  DisabledLog.ZLogger: Quick -> 1 outlier  was  removed (5.95 ns)
  DisabledLog.Log4Net: Quick -> 1 outlier  was  removed (10.79 ns)

// * Legends *
  Mean      : Arithmetic mean of all measurements
  Error     : Half of 99.9% confidence interval
  StdDev    : Standard deviation of all measurements
  Allocated : Allocated memory per single operation (managed only, inclusive, 1KB = 1024B)
  1 ns      : 1 Nanosecond (0.000000001 sec)

// * Diagnostic Output - MemoryDiagnoser *


// ***** BenchmarkRunner: End *****
Run time: 00:01:08 (68.02 sec), executed benchmarks: 5

// Found 4 benchmarks:
//   ExceptionLogging.Log4Net: Quick(Arguments=/p:MatrixMode=Benchmark, IterationCount=5, WarmupCount=2)
//   ExceptionLogging.MicrosoftExtensionsLogging: Quick(Arguments=/p:MatrixMode=Benchmark, IterationCount=5, WarmupCount=2)
//   ExceptionLogging.NLog: Quick(Arguments=/p:MatrixMode=Benchmark, IterationCount=5, WarmupCount=2)
//   ExceptionLogging.Serilog: Quick(Arguments=/p:MatrixMode=Benchmark, IterationCount=5, WarmupCount=2)

// **************************
// Benchmark: ExceptionLogging.Log4Net: Quick(Arguments=/p:MatrixMode=Benchmark, IterationCount=5, WarmupCount=2)
// *** Execute ***
// Launch: 1 / 1
// Execute: dotnet Matrix.Logging-Quick-1.dll --anonymousPipes 137 138 --benchmarkName Matrix.Logging.Benchmarks.ExceptionLogging.Log4Net --job Quick --benchmarkId 9 in /home/runner/work/dotnet-matrix/dotnet-matrix/src/Matrix.Logging/bin/Benchmark/Release/net10.0/Matrix.Logging-Quick-1/bin/Release/net10.0
// Failed to set up high priority (Permission denied). In order to run benchmarks with high priority, make sure you have the right permissions.
// BeforeAnythingElse

// Benchmark Process Environment Information:
// BenchmarkDotNet v0.15.8
// Runtime=.NET 10.0.10 (10.0.10, 10.0.1026.32716), X64 RyuJIT x86-64-v3
// GC=Concurrent Workstation
// HardwareIntrinsics=AVX2+BMI1+BMI2+F16C+FMA+LZCNT+MOVBE,AVX,SSE3+SSSE3+SSE4.1+SSE4.2+POPCNT,X86Base+SSE+SSE2,AES+PCLMUL VectorSize=256
// Job: Quick(IterationCount=5, WarmupCount=2)

OverheadJitting  1: 1 op, 173043.00 ns, 173.0430 us/op
WorkloadJitting  1: 1 op, 2718474.00 ns, 2.7185 ms/op

OverheadJitting  2: 16 op, 210202.00 ns, 13.1376 us/op
WorkloadJitting  2: 16 op, 251790.00 ns, 15.7369 us/op

WorkloadPilot    1: 16 op, 13946.00 ns, 871.6250 ns/op
WorkloadPilot    2: 32 op, 42339.00 ns, 1.3231 us/op
WorkloadPilot    3: 64 op, 58469.00 ns, 913.5781 ns/op
WorkloadPilot    4: 128 op, 100427.00 ns, 784.5859 ns/op
WorkloadPilot    5: 256 op, 167924.00 ns, 655.9531 ns/op
WorkloadPilot    6: 512 op, 320459.00 ns, 625.8965 ns/op
WorkloadPilot    7: 1024 op, 629414.00 ns, 614.6621 ns/op
WorkloadPilot    8: 2048 op, 1159164.00 ns, 565.9980 ns/op
WorkloadPilot    9: 4096 op, 2338224.00 ns, 570.8555 ns/op
WorkloadPilot   10: 8192 op, 5838066.00 ns, 712.6545 ns/op
WorkloadPilot   11: 16384 op, 10628556.00 ns, 648.7156 ns/op
WorkloadPilot   12: 32768 op, 20717255.00 ns, 632.2404 ns/op
WorkloadPilot   13: 65536 op, 40420820.00 ns, 616.7728 ns/op
WorkloadPilot   14: 131072 op, 88019826.00 ns, 671.5380 ns/op
WorkloadPilot   15: 262144 op, 85401600.00 ns, 325.7813 ns/op
WorkloadPilot   16: 524288 op, 60888550.00 ns, 116.1357 ns/op
WorkloadPilot   17: 1048576 op, 120004060.00 ns, 114.4448 ns/op
WorkloadPilot   18: 2097152 op, 235538517.00 ns, 112.3135 ns/op
WorkloadPilot   19: 4194304 op, 469761389.00 ns, 111.9998 ns/op
WorkloadPilot   20: 8388608 op, 947211528.00 ns, 112.9164 ns/op

OverheadWarmup   1: 8388608 op, 21699208.00 ns, 2.5867 ns/op
OverheadWarmup   2: 8388608 op, 21609110.00 ns, 2.5760 ns/op
OverheadWarmup   3: 8388608 op, 21579084.00 ns, 2.5724 ns/op
OverheadWarmup   4: 8388608 op, 24174368.00 ns, 2.8818 ns/op
OverheadWarmup   5: 8388608 op, 21566641.00 ns, 2.5709 ns/op
OverheadWarmup   6: 8388608 op, 21550581.00 ns, 2.5690 ns/op
OverheadWarmup   7: 8388608 op, 21670635.00 ns, 2.5833 ns/op
OverheadWarmup   8: 8388608 op, 21566050.00 ns, 2.5709 ns/op

OverheadActual   1: 8388608 op, 21606615.00 ns, 2.5757 ns/op
OverheadActual   2: 8388608 op, 21531796.00 ns, 2.5668 ns/op
OverheadActual   3: 8388608 op, 21560209.00 ns, 2.5702 ns/op
OverheadActual   4: 8388608 op, 21653904.00 ns, 2.5813 ns/op
OverheadActual   5: 8388608 op, 24155292.00 ns, 2.8795 ns/op
OverheadActual   6: 8388608 op, 21559588.00 ns, 2.5701 ns/op
OverheadActual   7: 8388608 op, 21543789.00 ns, 2.5682 ns/op
OverheadActual   8: 8388608 op, 21620972.00 ns, 2.5774 ns/op
OverheadActual   9: 8388608 op, 21573984.00 ns, 2.5718 ns/op
OverheadActual  10: 8388608 op, 22925728.00 ns, 2.7330 ns/op
OverheadActual  11: 8388608 op, 24153098.00 ns, 2.8793 ns/op
OverheadActual  12: 8388608 op, 21547686.00 ns, 2.5687 ns/op
OverheadActual  13: 8388608 op, 21585827.00 ns, 2.5732 ns/op
OverheadActual  14: 8388608 op, 21549269.00 ns, 2.5689 ns/op
OverheadActual  15: 8388608 op, 21607197.00 ns, 2.5758 ns/op

WorkloadWarmup   1: 8388608 op, 955124893.00 ns, 113.8598 ns/op
WorkloadWarmup   2: 8388608 op, 960936606.00 ns, 114.5526 ns/op

// BeforeActualRun
WorkloadActual   1: 8388608 op, 939422731.00 ns, 111.9879 ns/op
WorkloadActual   2: 8388608 op, 941455000.00 ns, 112.2302 ns/op
WorkloadActual   3: 8388608 op, 941393246.00 ns, 112.2228 ns/op
WorkloadActual   4: 8388608 op, 942256199.00 ns, 112.3257 ns/op
WorkloadActual   5: 8388608 op, 943636335.00 ns, 112.4902 ns/op

// AfterActualRun
WorkloadResult   1: 8388608 op, 917836904.00 ns, 109.4147 ns/op
WorkloadResult   2: 8388608 op, 919869173.00 ns, 109.6570 ns/op
WorkloadResult   3: 8388608 op, 919807419.00 ns, 109.6496 ns/op
WorkloadResult   4: 8388608 op, 920670372.00 ns, 109.7525 ns/op
// GC:  84 0 0 1409286144 8388608
// Threading:  0 0 8388608

// AfterAll
// Benchmark Process 3556 has exited with code 0.

Mean = 109.618 ns, StdErr = 0.072 ns (0.07%), N = 4, StdDev = 0.144 ns
Min = 109.415 ns, Q1 = 109.591 ns, Median = 109.653 ns, Q3 = 109.681 ns, Max = 109.752 ns
IQR = 0.090 ns, LowerFence = 109.456 ns, UpperFence = 109.816 ns
ConfidenceInterval = [108.690 ns; 110.547 ns] (CI 99.9%), Margin = 0.928 ns (0.85% of Mean)
Skewness = -0.5, Kurtosis = 1.2, MValue = 2

// ** Remained 24 (70.6 %) benchmark(s) to run. Estimated finish 2026-07-31 9:48 (0h 4m from now) **
// **************************
// Benchmark: ExceptionLogging.MicrosoftExtensionsLogging: Quick(Arguments=/p:MatrixMode=Benchmark, IterationCount=5, WarmupCount=2)
// *** Execute ***
// Launch: 1 / 1
// Execute: dotnet Matrix.Logging-Quick-1.dll --anonymousPipes 137 138 --benchmarkName Matrix.Logging.Benchmarks.ExceptionLogging.MicrosoftExtensionsLogging --job Quick --benchmarkId 10 in /home/runner/work/dotnet-matrix/dotnet-matrix/src/Matrix.Logging/bin/Benchmark/Release/net10.0/Matrix.Logging-Quick-1/bin/Release/net10.0
// Failed to set up high priority (Permission denied). In order to run benchmarks with high priority, make sure you have the right permissions.
// BeforeAnythingElse

// Benchmark Process Environment Information:
// BenchmarkDotNet v0.15.8
// Runtime=.NET 10.0.10 (10.0.10, 10.0.1026.32716), X64 RyuJIT x86-64-v3
// GC=Concurrent Workstation
// HardwareIntrinsics=AVX2+BMI1+BMI2+F16C+FMA+LZCNT+MOVBE,AVX,SSE3+SSSE3+SSE4.1+SSE4.2+POPCNT,X86Base+SSE+SSE2,AES+PCLMUL VectorSize=256
// Job: Quick(IterationCount=5, WarmupCount=2)

OverheadJitting  1: 1 op, 170308.00 ns, 170.3080 us/op
WorkloadJitting  1: 1 op, 1573437.00 ns, 1.5734 ms/op

OverheadJitting  2: 16 op, 190647.00 ns, 11.9154 us/op
WorkloadJitting  2: 16 op, 185166.00 ns, 11.5729 us/op

WorkloadPilot    1: 16 op, 4679.00 ns, 292.4375 ns/op
WorkloadPilot    2: 32 op, 6021.00 ns, 188.1563 ns/op
WorkloadPilot    3: 64 op, 7504.00 ns, 117.2500 ns/op
WorkloadPilot    4: 128 op, 12954.00 ns, 101.2031 ns/op
WorkloadPilot    5: 256 op, 23734.00 ns, 92.7109 ns/op
WorkloadPilot    6: 512 op, 44833.00 ns, 87.5645 ns/op
WorkloadPilot    7: 1024 op, 87754.00 ns, 85.6973 ns/op
WorkloadPilot    8: 2048 op, 172713.00 ns, 84.3325 ns/op
WorkloadPilot    9: 4096 op, 344132.00 ns, 84.0166 ns/op
WorkloadPilot   10: 8192 op, 900962.00 ns, 109.9807 ns/op
WorkloadPilot   11: 16384 op, 1658647.00 ns, 101.2358 ns/op
WorkloadPilot   12: 32768 op, 3120055.00 ns, 95.2165 ns/op
WorkloadPilot   13: 65536 op, 6123532.00 ns, 93.4377 ns/op
WorkloadPilot   14: 131072 op, 12157817.00 ns, 92.7568 ns/op
WorkloadPilot   15: 262144 op, 24083633.00 ns, 91.8718 ns/op
WorkloadPilot   16: 524288 op, 47828392.00 ns, 91.2254 ns/op
WorkloadPilot   17: 1048576 op, 95609326.00 ns, 91.1802 ns/op
WorkloadPilot   18: 2097152 op, 83507707.00 ns, 39.8196 ns/op
WorkloadPilot   19: 4194304 op, 85543143.00 ns, 20.3951 ns/op
WorkloadPilot   20: 8388608 op, 170801836.00 ns, 20.3612 ns/op
WorkloadPilot   21: 16777216 op, 341519564.00 ns, 20.3562 ns/op
WorkloadPilot   22: 33554432 op, 686220878.00 ns, 20.4510 ns/op

OverheadWarmup   1: 33554432 op, 76141852.00 ns, 2.2692 ns/op
OverheadWarmup   2: 33554432 op, 75798651.00 ns, 2.2590 ns/op
OverheadWarmup   3: 33554432 op, 83490792.00 ns, 2.4882 ns/op
OverheadWarmup   4: 33554432 op, 54982679.00 ns, 1.6386 ns/op
OverheadWarmup   5: 33554432 op, 54932481.00 ns, 1.6371 ns/op
OverheadWarmup   6: 33554432 op, 54827830.00 ns, 1.6340 ns/op
OverheadWarmup   7: 33554432 op, 54801931.00 ns, 1.6332 ns/op
OverheadWarmup   8: 33554432 op, 54907569.00 ns, 1.6364 ns/op
OverheadWarmup   9: 33554432 op, 55082445.00 ns, 1.6416 ns/op
OverheadWarmup  10: 33554432 op, 54781694.00 ns, 1.6326 ns/op

OverheadActual   1: 33554432 op, 54974944.00 ns, 1.6384 ns/op
OverheadActual   2: 33554432 op, 54901056.00 ns, 1.6362 ns/op
OverheadActual   3: 33554432 op, 54854751.00 ns, 1.6348 ns/op
OverheadActual   4: 33554432 op, 54897069.00 ns, 1.6361 ns/op
OverheadActual   5: 33554432 op, 54807462.00 ns, 1.6334 ns/op
OverheadActual   6: 33554432 op, 54930591.00 ns, 1.6371 ns/op
OverheadActual   7: 33554432 op, 54806289.00 ns, 1.6334 ns/op
OverheadActual   8: 33554432 op, 62677800.00 ns, 1.8679 ns/op
OverheadActual   9: 33554432 op, 54898731.00 ns, 1.6361 ns/op
OverheadActual  10: 33554432 op, 55144120.00 ns, 1.6434 ns/op
OverheadActual  11: 33554432 op, 54945999.00 ns, 1.6375 ns/op
OverheadActual  12: 33554432 op, 54886219.00 ns, 1.6357 ns/op
OverheadActual  13: 33554432 op, 54884034.00 ns, 1.6357 ns/op
OverheadActual  14: 33554432 op, 55029876.00 ns, 1.6400 ns/op
OverheadActual  15: 33554432 op, 54802573.00 ns, 1.6332 ns/op

WorkloadWarmup   1: 33554432 op, 681920371.00 ns, 20.3228 ns/op
WorkloadWarmup   2: 33554432 op, 682014876.00 ns, 20.3256 ns/op

// BeforeActualRun
WorkloadActual   1: 33554432 op, 682019748.00 ns, 20.3258 ns/op
WorkloadActual   2: 33554432 op, 682027502.00 ns, 20.3260 ns/op
WorkloadActual   3: 33554432 op, 681732602.00 ns, 20.3172 ns/op
WorkloadActual   4: 33554432 op, 682006814.00 ns, 20.3254 ns/op
WorkloadActual   5: 33554432 op, 681946882.00 ns, 20.3236 ns/op

// AfterActualRun
WorkloadResult   1: 33554432 op, 627121017.00 ns, 18.6897 ns/op
WorkloadResult   2: 33554432 op, 627128771.00 ns, 18.6899 ns/op
WorkloadResult   3: 33554432 op, 626833871.00 ns, 18.6811 ns/op
WorkloadResult   4: 33554432 op, 627108083.00 ns, 18.6893 ns/op
WorkloadResult   5: 33554432 op, 627048151.00 ns, 18.6875 ns/op
// GC:  0 0 0 0 33554432
// Threading:  0 0 33554432

// AfterAll
// Benchmark Process 3571 has exited with code 0.

Mean = 18.687 ns, StdErr = 0.002 ns (0.01%), N = 5, StdDev = 0.004 ns
Min = 18.681 ns, Q1 = 18.687 ns, Median = 18.689 ns, Q3 = 18.690 ns, Max = 18.690 ns
IQR = 0.002 ns, LowerFence = 18.684 ns, UpperFence = 18.693 ns
ConfidenceInterval = [18.673 ns; 18.702 ns] (CI 99.9%), Margin = 0.014 ns (0.08% of Mean)
Skewness = -0.91, Kurtosis = 1.86, MValue = 2

// ** Remained 23 (67.6 %) benchmark(s) to run. Estimated finish 2026-07-31 9:48 (0h 4m from now) **
// **************************
// Benchmark: ExceptionLogging.NLog: Quick(Arguments=/p:MatrixMode=Benchmark, IterationCount=5, WarmupCount=2)
// *** Execute ***
// Launch: 1 / 1
// Execute: dotnet Matrix.Logging-Quick-1.dll --anonymousPipes 137 138 --benchmarkName Matrix.Logging.Benchmarks.ExceptionLogging.NLog --job Quick --benchmarkId 11 in /home/runner/work/dotnet-matrix/dotnet-matrix/src/Matrix.Logging/bin/Benchmark/Release/net10.0/Matrix.Logging-Quick-1/bin/Release/net10.0
// Failed to set up high priority (Permission denied). In order to run benchmarks with high priority, make sure you have the right permissions.
// BeforeAnythingElse

// Benchmark Process Environment Information:
// BenchmarkDotNet v0.15.8
// Runtime=.NET 10.0.10 (10.0.10, 10.0.1026.32716), X64 RyuJIT x86-64-v3
// GC=Concurrent Workstation
// HardwareIntrinsics=AVX2+BMI1+BMI2+F16C+FMA+LZCNT+MOVBE,AVX,SSE3+SSSE3+SSE4.1+SSE4.2+POPCNT,X86Base+SSE+SSE2,AES+PCLMUL VectorSize=256
// Job: Quick(IterationCount=5, WarmupCount=2)

OverheadJitting  1: 1 op, 171720.00 ns, 171.7200 us/op
WorkloadJitting  1: 1 op, 3994855.00 ns, 3.9949 ms/op

OverheadJitting  2: 16 op, 188692.00 ns, 11.7933 us/op
WorkloadJitting  2: 16 op, 243735.00 ns, 15.2334 us/op

WorkloadPilot    1: 16 op, 12583.00 ns, 786.4375 ns/op
WorkloadPilot    2: 32 op, 17543.00 ns, 548.2188 ns/op
WorkloadPilot    3: 64 op, 47950.00 ns, 749.2188 ns/op
WorkloadPilot    4: 128 op, 62516.00 ns, 488.4063 ns/op
WorkloadPilot    5: 256 op, 101590.00 ns, 396.8359 ns/op
WorkloadPilot    6: 512 op, 168024.00 ns, 328.1719 ns/op
WorkloadPilot    7: 1024 op, 318304.00 ns, 310.8438 ns/op
WorkloadPilot    8: 2048 op, 604498.00 ns, 295.1650 ns/op
WorkloadPilot    9: 4096 op, 1088591.00 ns, 265.7693 ns/op
WorkloadPilot   10: 8192 op, 2889893.00 ns, 352.7701 ns/op
WorkloadPilot   11: 16384 op, 5419835.00 ns, 330.8005 ns/op
WorkloadPilot   12: 32768 op, 10473325.00 ns, 319.6205 ns/op
WorkloadPilot   13: 65536 op, 20360838.00 ns, 310.6817 ns/op
WorkloadPilot   14: 131072 op, 40383213.00 ns, 308.0995 ns/op
WorkloadPilot   15: 262144 op, 77934771.00 ns, 297.2976 ns/op
WorkloadPilot   16: 524288 op, 29125603.00 ns, 55.5527 ns/op
WorkloadPilot   17: 1048576 op, 49401042.00 ns, 47.1125 ns/op
WorkloadPilot   18: 2097152 op, 98176977.00 ns, 46.8144 ns/op
WorkloadPilot   19: 4194304 op, 192925075.00 ns, 45.9969 ns/op
WorkloadPilot   20: 8388608 op, 385005544.00 ns, 45.8962 ns/op
WorkloadPilot   21: 16777216 op, 768936401.00 ns, 45.8322 ns/op

OverheadWarmup   1: 16777216 op, 43092669.00 ns, 2.5685 ns/op
OverheadWarmup   2: 16777216 op, 43078863.00 ns, 2.5677 ns/op
OverheadWarmup   3: 16777216 op, 44023019.00 ns, 2.6240 ns/op
OverheadWarmup   4: 16777216 op, 44136262.00 ns, 2.6307 ns/op
OverheadWarmup   5: 16777216 op, 43126508.00 ns, 2.5705 ns/op
OverheadWarmup   6: 16777216 op, 43146346.00 ns, 2.5717 ns/op
OverheadWarmup   7: 16777216 op, 44415432.00 ns, 2.6474 ns/op
OverheadWarmup   8: 16777216 op, 48355851.00 ns, 2.8822 ns/op
OverheadWarmup   9: 16777216 op, 27415238.00 ns, 1.6341 ns/op

OverheadActual   1: 16777216 op, 27463839.00 ns, 1.6370 ns/op
OverheadActual   2: 16777216 op, 27555830.00 ns, 1.6425 ns/op
OverheadActual   3: 16777216 op, 27524081.00 ns, 1.6406 ns/op
OverheadActual   4: 16777216 op, 27509965.00 ns, 1.6397 ns/op
OverheadActual   5: 16777216 op, 27470261.00 ns, 1.6374 ns/op
OverheadActual   6: 16777216 op, 27400681.00 ns, 1.6332 ns/op
OverheadActual   7: 16777216 op, 27389910.00 ns, 1.6326 ns/op
OverheadActual   8: 16777216 op, 27513040.00 ns, 1.6399 ns/op
OverheadActual   9: 16777216 op, 27589994.00 ns, 1.6445 ns/op
OverheadActual  10: 16777216 op, 27443071.00 ns, 1.6357 ns/op
OverheadActual  11: 16777216 op, 27393077.00 ns, 1.6328 ns/op
OverheadActual  12: 16777216 op, 27458910.00 ns, 1.6367 ns/op
OverheadActual  13: 16777216 op, 27459971.00 ns, 1.6367 ns/op
OverheadActual  14: 16777216 op, 27494106.00 ns, 1.6388 ns/op
OverheadActual  15: 16777216 op, 27434233.00 ns, 1.6352 ns/op

WorkloadWarmup   1: 16777216 op, 780857097.00 ns, 46.5427 ns/op
WorkloadWarmup   2: 16777216 op, 776365086.00 ns, 46.2750 ns/op

// BeforeActualRun
WorkloadActual   1: 16777216 op, 767880320.00 ns, 45.7692 ns/op
WorkloadActual   2: 16777216 op, 772331902.00 ns, 46.0346 ns/op
WorkloadActual   3: 16777216 op, 772376435.00 ns, 46.0372 ns/op
WorkloadActual   4: 16777216 op, 769881352.00 ns, 45.8885 ns/op
WorkloadActual   5: 16777216 op, 771096178.00 ns, 45.9609 ns/op

// AfterActualRun
WorkloadResult   1: 16777216 op, 740416481.00 ns, 44.1323 ns/op
WorkloadResult   2: 16777216 op, 744868063.00 ns, 44.3976 ns/op
WorkloadResult   3: 16777216 op, 744912596.00 ns, 44.4003 ns/op
WorkloadResult   4: 16777216 op, 742417513.00 ns, 44.2515 ns/op
WorkloadResult   5: 16777216 op, 743632339.00 ns, 44.3239 ns/op
// GC:  120 0 0 2013265920 16777216
// Threading:  0 0 16777216

// AfterAll
// Benchmark Process 3582 has exited with code 0.

Mean = 44.301 ns, StdErr = 0.050 ns (0.11%), N = 5, StdDev = 0.113 ns
Min = 44.132 ns, Q1 = 44.252 ns, Median = 44.324 ns, Q3 = 44.398 ns, Max = 44.400 ns
IQR = 0.146 ns, LowerFence = 44.032 ns, UpperFence = 44.617 ns
ConfidenceInterval = [43.868 ns; 44.734 ns] (CI 99.9%), Margin = 0.433 ns (0.98% of Mean)
Skewness = -0.43, Kurtosis = 1.25, MValue = 2

// ** Remained 22 (64.7 %) benchmark(s) to run. Estimated finish 2026-07-31 9:48 (0h 4m from now) **
// **************************
// Benchmark: ExceptionLogging.Serilog: Quick(Arguments=/p:MatrixMode=Benchmark, IterationCount=5, WarmupCount=2)
// *** Execute ***
// Launch: 1 / 1
// Execute: dotnet Matrix.Logging-Quick-1.dll --anonymousPipes 137 138 --benchmarkName Matrix.Logging.Benchmarks.ExceptionLogging.Serilog --job Quick --benchmarkId 12 in /home/runner/work/dotnet-matrix/dotnet-matrix/src/Matrix.Logging/bin/Benchmark/Release/net10.0/Matrix.Logging-Quick-1/bin/Release/net10.0
// Failed to set up high priority (Permission denied). In order to run benchmarks with high priority, make sure you have the right permissions.
// BeforeAnythingElse

// Benchmark Process Environment Information:
// BenchmarkDotNet v0.15.8
// Runtime=.NET 10.0.10 (10.0.10, 10.0.1026.32716), X64 RyuJIT x86-64-v3
// GC=Concurrent Workstation
// HardwareIntrinsics=AVX2+BMI1+BMI2+F16C+FMA+LZCNT+MOVBE,AVX,SSE3+SSSE3+SSE4.1+SSE4.2+POPCNT,X86Base+SSE+SSE2,AES+PCLMUL VectorSize=256
// Job: Quick(IterationCount=5, WarmupCount=2)

OverheadJitting  1: 1 op, 171409.00 ns, 171.4090 us/op
WorkloadJitting  1: 1 op, 5644287.00 ns, 5.6443 ms/op

OverheadJitting  2: 16 op, 190585.00 ns, 11.9116 us/op
WorkloadJitting  2: 16 op, 254384.00 ns, 15.8990 us/op

WorkloadPilot    1: 16 op, 12493.00 ns, 780.8125 ns/op
WorkloadPilot    2: 32 op, 27952.00 ns, 873.5000 ns/op
WorkloadPilot    3: 64 op, 35526.00 ns, 555.0938 ns/op
WorkloadPilot    4: 128 op, 63528.00 ns, 496.3125 ns/op
WorkloadPilot    5: 256 op, 142616.00 ns, 557.0938 ns/op
WorkloadPilot    6: 512 op, 213087.00 ns, 416.1855 ns/op
WorkloadPilot    7: 1024 op, 423149.00 ns, 413.2314 ns/op
WorkloadPilot    8: 2048 op, 778061.00 ns, 379.9126 ns/op
WorkloadPilot    9: 4096 op, 1594914.00 ns, 389.3833 ns/op
WorkloadPilot   10: 8192 op, 3502953.00 ns, 427.6066 ns/op
WorkloadPilot   11: 16384 op, 6570725.00 ns, 401.0452 ns/op
WorkloadPilot   12: 32768 op, 12618445.00 ns, 385.0844 ns/op
WorkloadPilot   13: 65536 op, 25761588.00 ns, 393.0906 ns/op
WorkloadPilot   14: 131072 op, 46923868.00 ns, 358.0007 ns/op
WorkloadPilot   15: 262144 op, 85455363.00 ns, 325.9863 ns/op
WorkloadPilot   16: 524288 op, 51743557.00 ns, 98.6930 ns/op
WorkloadPilot   17: 1048576 op, 99110881.00 ns, 94.5195 ns/op
WorkloadPilot   18: 2097152 op, 195956658.00 ns, 93.4394 ns/op
WorkloadPilot   19: 4194304 op, 396119470.00 ns, 94.4422 ns/op
WorkloadPilot   20: 8388608 op, 801879271.00 ns, 95.5915 ns/op

OverheadWarmup   1: 8388608 op, 21634561.00 ns, 2.5790 ns/op
OverheadWarmup   2: 8388608 op, 21629331.00 ns, 2.5784 ns/op
OverheadWarmup   3: 8388608 op, 21700404.00 ns, 2.5869 ns/op
OverheadWarmup   4: 8388608 op, 21603132.00 ns, 2.5753 ns/op
OverheadWarmup   5: 8388608 op, 21658164.00 ns, 2.5819 ns/op
OverheadWarmup   6: 8388608 op, 21994000.00 ns, 2.6219 ns/op
OverheadWarmup   7: 8388608 op, 21533482.00 ns, 2.5670 ns/op

OverheadActual   1: 8388608 op, 21641363.00 ns, 2.5799 ns/op
OverheadActual   2: 8388608 op, 21562436.00 ns, 2.5704 ns/op
OverheadActual   3: 8388608 op, 21571523.00 ns, 2.5715 ns/op
OverheadActual   4: 8388608 op, 21577344.00 ns, 2.5722 ns/op
OverheadActual   5: 8388608 op, 22178966.00 ns, 2.6439 ns/op
OverheadActual   6: 8388608 op, 21593213.00 ns, 2.5741 ns/op
OverheadActual   7: 8388608 op, 21546025.00 ns, 2.5685 ns/op
OverheadActual   8: 8388608 op, 21548480.00 ns, 2.5688 ns/op
OverheadActual   9: 8388608 op, 21649208.00 ns, 2.5808 ns/op
OverheadActual  10: 8388608 op, 21624702.00 ns, 2.5779 ns/op
OverheadActual  11: 8388608 op, 23087690.00 ns, 2.7523 ns/op
OverheadActual  12: 8388608 op, 13815507.00 ns, 1.6469 ns/op
OverheadActual  13: 8388608 op, 13725870.00 ns, 1.6363 ns/op
OverheadActual  14: 8388608 op, 13701775.00 ns, 1.6334 ns/op
OverheadActual  15: 8388608 op, 13706785.00 ns, 1.6340 ns/op
OverheadActual  16: 8388608 op, 13707055.00 ns, 1.6340 ns/op
OverheadActual  17: 8388608 op, 13695393.00 ns, 1.6326 ns/op
OverheadActual  18: 8388608 op, 13764793.00 ns, 1.6409 ns/op
OverheadActual  19: 8388608 op, 13692157.00 ns, 1.6322 ns/op
OverheadActual  20: 8388608 op, 13750115.00 ns, 1.6391 ns/op

WorkloadWarmup   1: 8388608 op, 795411306.00 ns, 94.8204 ns/op
WorkloadWarmup   2: 8388608 op, 796544954.00 ns, 94.9556 ns/op

// BeforeActualRun
WorkloadActual   1: 8388608 op, 787394676.00 ns, 93.8648 ns/op
WorkloadActual   2: 8388608 op, 790832569.00 ns, 94.2746 ns/op
WorkloadActual   3: 8388608 op, 784527788.00 ns, 93.5230 ns/op
WorkloadActual   4: 8388608 op, 784039538.00 ns, 93.4648 ns/op
WorkloadActual   5: 8388608 op, 784413926.00 ns, 93.5094 ns/op

// AfterActualRun
WorkloadResult   1: 8388608 op, 765847423.50 ns, 91.2961 ns/op
WorkloadResult   2: 8388608 op, 769285316.50 ns, 91.7060 ns/op
WorkloadResult   3: 8388608 op, 762980535.50 ns, 90.9544 ns/op
WorkloadResult   4: 8388608 op, 762492285.50 ns, 90.8962 ns/op
WorkloadResult   5: 8388608 op, 762866673.50 ns, 90.9408 ns/op
// GC:  80 0 0 1342177280 8388608
// Threading:  0 0 8388608

// AfterAll
// Benchmark Process 3592 has exited with code 0.

Mean = 91.159 ns, StdErr = 0.154 ns (0.17%), N = 5, StdDev = 0.345 ns
Min = 90.896 ns, Q1 = 90.941 ns, Median = 90.954 ns, Q3 = 91.296 ns, Max = 91.706 ns
IQR = 0.355 ns, LowerFence = 90.408 ns, UpperFence = 91.829 ns
ConfidenceInterval = [89.830 ns; 92.488 ns] (CI 99.9%), Margin = 1.329 ns (1.46% of Mean)
Skewness = 0.63, Kurtosis = 1.39, MValue = 2

// ** Remained 21 (61.8 %) benchmark(s) to run. Estimated finish 2026-07-31 9:48 (0h 3m from now) **
// ***** BenchmarkRunner: Finish  *****

// * Export *
  tmp/dotnet-matrix/Logging/ad2a762b2cfd4ea58cc4f94d66bf2021/results/Matrix.Logging.Benchmarks.ExceptionLogging-report.csv
  tmp/dotnet-matrix/Logging/ad2a762b2cfd4ea58cc4f94d66bf2021/results/Matrix.Logging.Benchmarks.ExceptionLogging-report-github.md
  tmp/dotnet-matrix/Logging/ad2a762b2cfd4ea58cc4f94d66bf2021/results/Matrix.Logging.Benchmarks.ExceptionLogging-report.html
  tmp/dotnet-matrix/Logging/ad2a762b2cfd4ea58cc4f94d66bf2021/results/Matrix.Logging.Benchmarks.ExceptionLogging-report-full.json

// * Detailed results *
ExceptionLogging.MicrosoftExtensionsLogging: Quick(Arguments=/p:MatrixMode=Benchmark, IterationCount=5, WarmupCount=2)
Runtime = .NET 10.0.10 (10.0.10, 10.0.1026.32716), X64 RyuJIT x86-64-v3; GC = Concurrent Workstation
Mean = 18.687 ns, StdErr = 0.002 ns (0.01%), N = 5, StdDev = 0.004 ns
Min = 18.681 ns, Q1 = 18.687 ns, Median = 18.689 ns, Q3 = 18.690 ns, Max = 18.690 ns
IQR = 0.002 ns, LowerFence = 18.684 ns, UpperFence = 18.693 ns
ConfidenceInterval = [18.673 ns; 18.702 ns] (CI 99.9%), Margin = 0.014 ns (0.08% of Mean)
Skewness = -0.91, Kurtosis = 1.86, MValue = 2
-------------------- Histogram --------------------
[18.678 ns ; 18.693 ns) | @@@@@
---------------------------------------------------

ExceptionLogging.NLog: Quick(Arguments=/p:MatrixMode=Benchmark, IterationCount=5, WarmupCount=2)
Runtime = .NET 10.0.10 (10.0.10, 10.0.1026.32716), X64 RyuJIT x86-64-v3; GC = Concurrent Workstation
Mean = 44.301 ns, StdErr = 0.050 ns (0.11%), N = 5, StdDev = 0.113 ns
Min = 44.132 ns, Q1 = 44.252 ns, Median = 44.324 ns, Q3 = 44.398 ns, Max = 44.400 ns
IQR = 0.146 ns, LowerFence = 44.032 ns, UpperFence = 44.617 ns
ConfidenceInterval = [43.868 ns; 44.734 ns] (CI 99.9%), Margin = 0.433 ns (0.98% of Mean)
Skewness = -0.43, Kurtosis = 1.25, MValue = 2
-------------------- Histogram --------------------
[44.046 ns ; 44.487 ns) | @@@@@
---------------------------------------------------

ExceptionLogging.Serilog: Quick(Arguments=/p:MatrixMode=Benchmark, IterationCount=5, WarmupCount=2)
Runtime = .NET 10.0.10 (10.0.10, 10.0.1026.32716), X64 RyuJIT x86-64-v3; GC = Concurrent Workstation
Mean = 91.159 ns, StdErr = 0.154 ns (0.17%), N = 5, StdDev = 0.345 ns
Min = 90.896 ns, Q1 = 90.941 ns, Median = 90.954 ns, Q3 = 91.296 ns, Max = 91.706 ns
IQR = 0.355 ns, LowerFence = 90.408 ns, UpperFence = 91.829 ns
ConfidenceInterval = [89.830 ns; 92.488 ns] (CI 99.9%), Margin = 1.329 ns (1.46% of Mean)
Skewness = 0.63, Kurtosis = 1.39, MValue = 2
-------------------- Histogram --------------------
[90.631 ns ; 91.971 ns) | @@@@@
---------------------------------------------------

ExceptionLogging.Log4Net: Quick(Arguments=/p:MatrixMode=Benchmark, IterationCount=5, WarmupCount=2)
Runtime = .NET 10.0.10 (10.0.10, 10.0.1026.32716), X64 RyuJIT x86-64-v3; GC = Concurrent Workstation
Mean = 109.618 ns, StdErr = 0.072 ns (0.07%), N = 4, StdDev = 0.144 ns
Min = 109.415 ns, Q1 = 109.591 ns, Median = 109.653 ns, Q3 = 109.681 ns, Max = 109.752 ns
IQR = 0.090 ns, LowerFence = 109.456 ns, UpperFence = 109.816 ns
ConfidenceInterval = [108.690 ns; 110.547 ns] (CI 99.9%), Margin = 0.928 ns (0.85% of Mean)
Skewness = -0.5, Kurtosis = 1.2, MValue = 2
-------------------- Histogram --------------------
[109.296 ns ; 109.871 ns) | @@@@
---------------------------------------------------

// * Summary *

BenchmarkDotNet v0.15.8, Linux Ubuntu 24.04.4 LTS (Noble Numbat)
AMD EPYC 7763 3.19GHz, 1 CPU, 4 logical and 2 physical cores
.NET SDK 10.0.302
  [Host] : .NET 10.0.10 (10.0.10, 10.0.1026.32716), X64 RyuJIT x86-64-v3
  Quick  : .NET 10.0.10 (10.0.10, 10.0.1026.32716), X64 RyuJIT x86-64-v3

Job=Quick  Arguments=/p:MatrixMode=Benchmark  IterationCount=5  
WarmupCount=2  

| Method                     | Mean      | Error    | StdDev   | Gen0   | Allocated |
|--------------------------- |----------:|---------:|---------:|-------:|----------:|
| MicrosoftExtensionsLogging |  18.69 ns | 0.014 ns | 0.004 ns |      - |         - |
| NLog                       |  44.30 ns | 0.433 ns | 0.113 ns | 0.0072 |     120 B |
| Serilog                    |  91.16 ns | 1.329 ns | 0.345 ns | 0.0095 |     160 B |
| Log4Net                    | 109.62 ns | 0.928 ns | 0.144 ns | 0.0100 |     168 B |

// * Hints *
Outliers
  ExceptionLogging.MicrosoftExtensionsLogging: Quick -> 1 outlier  was  detected (20.32 ns)
  ExceptionLogging.Log4Net: Quick                    -> 1 outlier  was  removed, 2 outliers were detected (111.99 ns, 112.49 ns)

// * Legends *
  Mean      : Arithmetic mean of all measurements
  Error     : Half of 99.9% confidence interval
  StdDev    : Standard deviation of all measurements
  Gen0      : GC Generation 0 collects per 1000 operations
  Allocated : Allocated memory per single operation (managed only, inclusive, 1KB = 1024B)
  1 ns      : 1 Nanosecond (0.000000001 sec)

// * Diagnostic Output - MemoryDiagnoser *


// ***** BenchmarkRunner: End *****
Run time: 00:00:36 (36.88 sec), executed benchmarks: 4

// Found 5 benchmarks:
//   PrepareLogger.Log4Net: Quick(Arguments=/p:MatrixMode=Benchmark, IterationCount=5, WarmupCount=2)
//   PrepareLogger.MicrosoftExtensionsLogging: Quick(Arguments=/p:MatrixMode=Benchmark, IterationCount=5, WarmupCount=2)
//   PrepareLogger.NLog: Quick(Arguments=/p:MatrixMode=Benchmark, IterationCount=5, WarmupCount=2)
//   PrepareLogger.Serilog: Quick(Arguments=/p:MatrixMode=Benchmark, IterationCount=5, WarmupCount=2)
//   PrepareLogger.ZLogger: Quick(Arguments=/p:MatrixMode=Benchmark, IterationCount=5, WarmupCount=2)

// **************************
// Benchmark: PrepareLogger.Log4Net: Quick(Arguments=/p:MatrixMode=Benchmark, IterationCount=5, WarmupCount=2)
// *** Execute ***
// Launch: 1 / 1
// Execute: dotnet Matrix.Logging-Quick-1.dll --anonymousPipes 137 138 --benchmarkName Matrix.Logging.Benchmarks.PrepareLogger.Log4Net --job Quick --benchmarkId 13 in /home/runner/work/dotnet-matrix/dotnet-matrix/src/Matrix.Logging/bin/Benchmark/Release/net10.0/Matrix.Logging-Quick-1/bin/Release/net10.0
// Failed to set up high priority (Permission denied). In order to run benchmarks with high priority, make sure you have the right permissions.
// BeforeAnythingElse

// Benchmark Process Environment Information:
// BenchmarkDotNet v0.15.8
// Runtime=.NET 10.0.10 (10.0.10, 10.0.1026.32716), X64 RyuJIT x86-64-v3
// GC=Concurrent Workstation
// HardwareIntrinsics=AVX2+BMI1+BMI2+F16C+FMA+LZCNT+MOVBE,AVX,SSE3+SSSE3+SSE4.1+SSE4.2+POPCNT,X86Base+SSE+SSE2,AES+PCLMUL VectorSize=256
// Job: Quick(IterationCount=5, WarmupCount=2)

OverheadJitting  1: 1 op, 218337.00 ns, 218.3370 us/op
WorkloadJitting  1: 1 op, 70102751.00 ns, 70.1028 ms/op

WorkloadPilot    1: 2 op, 202958.00 ns, 101.4790 us/op
WorkloadPilot    2: 3 op, 110997.00 ns, 36.9990 us/op
WorkloadPilot    3: 4 op, 121436.00 ns, 30.3590 us/op
WorkloadPilot    4: 5 op, 126376.00 ns, 25.2752 us/op
WorkloadPilot    5: 6 op, 110706.00 ns, 18.4510 us/op
WorkloadPilot    6: 7 op, 149108.00 ns, 21.3011 us/op
WorkloadPilot    7: 8 op, 194743.00 ns, 24.3429 us/op
WorkloadPilot    8: 9 op, 204712.00 ns, 22.7458 us/op
WorkloadPilot    9: 10 op, 207737.00 ns, 20.7737 us/op
WorkloadPilot   10: 11 op, 263141.00 ns, 23.9219 us/op
WorkloadPilot   11: 12 op, 255386.00 ns, 21.2822 us/op
WorkloadPilot   12: 13 op, 272469.00 ns, 20.9592 us/op
WorkloadPilot   13: 14 op, 266927.00 ns, 19.0662 us/op
WorkloadPilot   14: 15 op, 259303.00 ns, 17.2869 us/op
WorkloadPilot   15: 16 op, 258122.00 ns, 16.1326 us/op
WorkloadPilot   16: 32 op, 533455.00 ns, 16.6705 us/op
WorkloadPilot   17: 64 op, 1162328.00 ns, 18.1614 us/op
WorkloadPilot   18: 128 op, 2265716.00 ns, 17.7009 us/op
WorkloadPilot   19: 256 op, 4248895.00 ns, 16.5972 us/op
WorkloadPilot   20: 512 op, 9075198.00 ns, 17.7250 us/op
WorkloadPilot   21: 1024 op, 17956194.00 ns, 17.5353 us/op
WorkloadPilot   22: 2048 op, 33335209.00 ns, 16.2770 us/op
WorkloadPilot   23: 4096 op, 81581722.00 ns, 19.9174 us/op
WorkloadPilot   24: 8192 op, 203818337.00 ns, 24.8802 us/op
WorkloadPilot   25: 16384 op, 284523815.00 ns, 17.3660 us/op
WorkloadPilot   26: 32768 op, 485769263.00 ns, 14.8245 us/op
WorkloadPilot   27: 65536 op, 1066905434.00 ns, 16.2797 us/op

WorkloadWarmup   1: 65536 op, 927645163.00 ns, 14.1547 us/op
WorkloadWarmup   2: 65536 op, 915328035.00 ns, 13.9668 us/op

// BeforeActualRun
WorkloadActual   1: 65536 op, 919852104.00 ns, 14.0358 us/op
WorkloadActual   2: 65536 op, 935909854.00 ns, 14.2809 us/op
WorkloadActual   3: 65536 op, 922606939.00 ns, 14.0779 us/op
WorkloadActual   4: 65536 op, 917423489.00 ns, 13.9988 us/op
WorkloadActual   5: 65536 op, 961207736.00 ns, 14.6669 us/op

// AfterActualRun
WorkloadResult   1: 65536 op, 919852104.00 ns, 14.0358 us/op
WorkloadResult   2: 65536 op, 935909854.00 ns, 14.2809 us/op
WorkloadResult   3: 65536 op, 922606939.00 ns, 14.0779 us/op
WorkloadResult   4: 65536 op, 917423489.00 ns, 13.9988 us/op
// GC:  27 26 0 455622176 65536
// Threading:  0 0 65536

// AfterAll
// Benchmark Process 3606 has exited with code 0.

Mean = 14.098 μs, StdErr = 0.063 μs (0.45%), N = 4, StdDev = 0.126 μs
Min = 13.999 μs, Q1 = 14.027 μs, Median = 14.057 μs, Q3 = 14.129 μs, Max = 14.281 μs
IQR = 0.102 μs, LowerFence = 13.873 μs, UpperFence = 14.282 μs
ConfidenceInterval = [13.285 μs; 14.912 μs] (CI 99.9%), Margin = 0.814 μs (5.77% of Mean)
Skewness = 0.61, Kurtosis = 1.22, MValue = 2

// ** Remained 20 (58.8 %) benchmark(s) to run. Estimated finish 2026-07-31 9:49 (0h 4m from now) **
// **************************
// Benchmark: PrepareLogger.MicrosoftExtensionsLogging: Quick(Arguments=/p:MatrixMode=Benchmark, IterationCount=5, WarmupCount=2)
// *** Execute ***
// Launch: 1 / 1
// Execute: dotnet Matrix.Logging-Quick-1.dll --anonymousPipes 137 138 --benchmarkName Matrix.Logging.Benchmarks.PrepareLogger.MicrosoftExtensionsLogging --job Quick --benchmarkId 14 in /home/runner/work/dotnet-matrix/dotnet-matrix/src/Matrix.Logging/bin/Benchmark/Release/net10.0/Matrix.Logging-Quick-1/bin/Release/net10.0
// Failed to set up high priority (Permission denied). In order to run benchmarks with high priority, make sure you have the right permissions.
// BeforeAnythingElse

// Benchmark Process Environment Information:
// BenchmarkDotNet v0.15.8
// Runtime=.NET 10.0.10 (10.0.10, 10.0.1026.32716), X64 RyuJIT x86-64-v3
// GC=Concurrent Workstation
// HardwareIntrinsics=AVX2+BMI1+BMI2+F16C+FMA+LZCNT+MOVBE,AVX,SSE3+SSSE3+SSE4.1+SSE4.2+POPCNT,X86Base+SSE+SSE2,AES+PCLMUL VectorSize=256
// Job: Quick(IterationCount=5, WarmupCount=2)

OverheadJitting  1: 1 op, 221663.00 ns, 221.6630 us/op
WorkloadJitting  1: 1 op, 39252685.00 ns, 39.2527 ms/op

WorkloadPilot    1: 2 op, 1494348.00 ns, 747.1740 us/op
WorkloadPilot    2: 3 op, 1319251.00 ns, 439.7503 us/op
WorkloadPilot    3: 4 op, 1418547.00 ns, 354.6368 us/op
WorkloadPilot    4: 5 op, 1557705.00 ns, 311.5410 us/op
WorkloadPilot    5: 6 op, 1509085.00 ns, 251.5142 us/op
WorkloadPilot    6: 7 op, 1620372.00 ns, 231.4817 us/op
WorkloadPilot    7: 8 op, 1816188.00 ns, 227.0235 us/op
WorkloadPilot    8: 9 op, 1912448.00 ns, 212.4942 us/op
WorkloadPilot    9: 10 op, 1887822.00 ns, 188.7822 us/op
WorkloadPilot   10: 11 op, 2034035.00 ns, 184.9123 us/op
WorkloadPilot   11: 12 op, 2067526.00 ns, 172.2938 us/op
WorkloadPilot   12: 13 op, 2178063.00 ns, 167.5433 us/op
WorkloadPilot   13: 14 op, 2353160.00 ns, 168.0829 us/op
WorkloadPilot   14: 15 op, 2338292.00 ns, 155.8861 us/op
WorkloadPilot   15: 16 op, 2477141.00 ns, 154.8213 us/op
WorkloadPilot   16: 32 op, 4416328.00 ns, 138.0103 us/op
WorkloadPilot   17: 64 op, 7734419.00 ns, 120.8503 us/op
WorkloadPilot   18: 128 op, 14555633.00 ns, 113.7159 us/op
WorkloadPilot   19: 256 op, 28427591.00 ns, 111.0453 us/op
WorkloadPilot   20: 512 op, 61330922.00 ns, 119.7870 us/op
WorkloadPilot   21: 1024 op, 135989275.00 ns, 132.8020 us/op
WorkloadPilot   22: 2048 op, 240384241.00 ns, 117.3751 us/op
WorkloadPilot   23: 4096 op, 497626354.00 ns, 121.4908 us/op
WorkloadPilot   24: 8192 op, 885043586.00 ns, 108.0375 us/op

WorkloadWarmup   1: 8192 op, 539439696.00 ns, 65.8496 us/op
WorkloadWarmup   2: 8192 op, 344737276.00 ns, 42.0822 us/op

// BeforeActualRun
WorkloadActual   1: 8192 op, 306090615.00 ns, 37.3646 us/op
WorkloadActual   2: 8192 op, 232161640.00 ns, 28.3400 us/op
WorkloadActual   3: 8192 op, 218431116.00 ns, 26.6640 us/op
WorkloadActual   4: 8192 op, 215815334.00 ns, 26.3446 us/op
WorkloadActual   5: 8192 op, 215990093.00 ns, 26.3660 us/op

// AfterActualRun
WorkloadResult   1: 8192 op, 232161640.00 ns, 28.3400 us/op
WorkloadResult   2: 8192 op, 218431116.00 ns, 26.6640 us/op
WorkloadResult   3: 8192 op, 215815334.00 ns, 26.3446 us/op
WorkloadResult   4: 8192 op, 215990093.00 ns, 26.3660 us/op
// GC:  10 0 0 177689808 8192
// Threading:  0 0 8192

// AfterAll
// Benchmark Process 3637 has exited with code 0.

Mean = 26.929 μs, StdErr = 0.476 μs (1.77%), N = 4, StdDev = 0.952 μs
Min = 26.345 μs, Q1 = 26.361 μs, Median = 26.515 μs, Q3 = 27.083 μs, Max = 28.340 μs
IQR = 0.722 μs, LowerFence = 25.277 μs, UpperFence = 28.166 μs
ConfidenceInterval = [20.776 μs; 33.081 μs] (CI 99.9%), Margin = 6.153 μs (22.85% of Mean)
Skewness = 0.7, Kurtosis = 1.27, MValue = 2

// ** Remained 19 (55.9 %) benchmark(s) to run. Estimated finish 2026-07-31 9:49 (0h 3m from now) **
// **************************
// Benchmark: PrepareLogger.NLog: Quick(Arguments=/p:MatrixMode=Benchmark, IterationCount=5, WarmupCount=2)
// *** Execute ***
// Launch: 1 / 1
// Execute: dotnet Matrix.Logging-Quick-1.dll --anonymousPipes 137 138 --benchmarkName Matrix.Logging.Benchmarks.PrepareLogger.NLog --job Quick --benchmarkId 15 in /home/runner/work/dotnet-matrix/dotnet-matrix/src/Matrix.Logging/bin/Benchmark/Release/net10.0/Matrix.Logging-Quick-1/bin/Release/net10.0
// Failed to set up high priority (Permission denied). In order to run benchmarks with high priority, make sure you have the right permissions.
// BeforeAnythingElse

// Benchmark Process Environment Information:
// BenchmarkDotNet v0.15.8
// Runtime=.NET 10.0.10 (10.0.10, 10.0.1026.32716), X64 RyuJIT x86-64-v3
// GC=Concurrent Workstation
// HardwareIntrinsics=AVX2+BMI1+BMI2+F16C+FMA+LZCNT+MOVBE,AVX,SSE3+SSSE3+SSE4.1+SSE4.2+POPCNT,X86Base+SSE+SSE2,AES+PCLMUL VectorSize=256
// Job: Quick(IterationCount=5, WarmupCount=2)

OverheadJitting  1: 1 op, 214159.00 ns, 214.1590 us/op
WorkloadJitting  1: 1 op, 32345445.00 ns, 32.3454 ms/op

OverheadJitting  2: 16 op, 329594.00 ns, 20.5996 us/op
WorkloadJitting  2: 16 op, 1287458.00 ns, 80.4661 us/op

WorkloadPilot    1: 16 op, 597103.00 ns, 37.3189 us/op
WorkloadPilot    2: 32 op, 852237.00 ns, 26.6324 us/op
WorkloadPilot    3: 64 op, 1900039.00 ns, 29.6881 us/op
WorkloadPilot    4: 128 op, 3735838.00 ns, 29.1862 us/op
WorkloadPilot    5: 256 op, 7341544.00 ns, 28.6779 us/op
WorkloadPilot    6: 512 op, 14375605.00 ns, 28.0774 us/op
WorkloadPilot    7: 1024 op, 20867838.00 ns, 20.3787 us/op
WorkloadPilot    8: 2048 op, 34843918.00 ns, 17.0136 us/op
WorkloadPilot    9: 4096 op, 72125516.00 ns, 17.6088 us/op
WorkloadPilot   10: 8192 op, 174250749.00 ns, 21.2708 us/op
WorkloadPilot   11: 16384 op, 302962599.00 ns, 18.4914 us/op
WorkloadPilot   12: 32768 op, 342857050.00 ns, 10.4632 us/op
WorkloadPilot   13: 65536 op, 364402076.00 ns, 5.5603 us/op
WorkloadPilot   14: 131072 op, 654898912.00 ns, 4.9965 us/op

OverheadWarmup   1: 131072 op, 301352.00 ns, 2.2991 ns/op
OverheadWarmup   2: 131072 op, 335025.00 ns, 2.5560 ns/op
OverheadWarmup   3: 131072 op, 335677.00 ns, 2.5610 ns/op
OverheadWarmup   4: 131072 op, 336438.00 ns, 2.5668 ns/op
OverheadWarmup   5: 131072 op, 334715.00 ns, 2.5537 ns/op
OverheadWarmup   6: 131072 op, 335607.00 ns, 2.5605 ns/op
OverheadWarmup   7: 131072 op, 333763.00 ns, 2.5464 ns/op

OverheadActual   1: 131072 op, 325647.00 ns, 2.4845 ns/op
OverheadActual   2: 131072 op, 320248.00 ns, 2.4433 ns/op
OverheadActual   3: 131072 op, 320428.00 ns, 2.4447 ns/op
OverheadActual   4: 131072 op, 335366.00 ns, 2.5586 ns/op
OverheadActual   5: 131072 op, 320017.00 ns, 2.4415 ns/op
OverheadActual   6: 131072 op, 319566.00 ns, 2.4381 ns/op
OverheadActual   7: 131072 op, 321690.00 ns, 2.4543 ns/op
OverheadActual   8: 131072 op, 319155.00 ns, 2.4350 ns/op
OverheadActual   9: 131072 op, 311822.00 ns, 2.3790 ns/op
OverheadActual  10: 131072 op, 328893.00 ns, 2.5093 ns/op
OverheadActual  11: 131072 op, 334023.00 ns, 2.5484 ns/op
OverheadActual  12: 131072 op, 334684.00 ns, 2.5534 ns/op
OverheadActual  13: 131072 op, 335125.00 ns, 2.5568 ns/op
OverheadActual  14: 131072 op, 334254.00 ns, 2.5502 ns/op
OverheadActual  15: 131072 op, 335786.00 ns, 2.5618 ns/op

WorkloadWarmup   1: 131072 op, 670334675.00 ns, 5.1142 us/op
WorkloadWarmup   2: 131072 op, 668858339.00 ns, 5.1030 us/op

// BeforeActualRun
WorkloadActual   1: 131072 op, 668957074.00 ns, 5.1037 us/op
WorkloadActual   2: 131072 op, 656483644.00 ns, 5.0086 us/op
WorkloadActual   3: 131072 op, 659055190.00 ns, 5.0282 us/op
WorkloadActual   4: 131072 op, 657457419.00 ns, 5.0160 us/op
WorkloadActual   5: 131072 op, 657986215.00 ns, 5.0200 us/op

// AfterActualRun
WorkloadResult   1: 131072 op, 656157997.00 ns, 5.0061 us/op
WorkloadResult   2: 131072 op, 658729543.00 ns, 5.0257 us/op
WorkloadResult   3: 131072 op, 657131772.00 ns, 5.0135 us/op
WorkloadResult   4: 131072 op, 657660568.00 ns, 5.0176 us/op
// GC:  196 13 0 3282340744 131072
// Threading:  0 0 131072

// AfterAll
// Benchmark Process 3646 has exited with code 0.

Mean = 5.016 μs, StdErr = 0.004 μs (0.08%), N = 4, StdDev = 0.008 μs
Min = 5.006 μs, Q1 = 5.012 μs, Median = 5.016 μs, Q3 = 5.020 μs, Max = 5.026 μs
IQR = 0.008 μs, LowerFence = 5.000 μs, UpperFence = 5.031 μs
ConfidenceInterval = [4.963 μs; 5.069 μs] (CI 99.9%), Margin = 0.053 μs (1.05% of Mean)
Skewness = 0.05, Kurtosis = 1.04, MValue = 2

// ** Remained 18 (52.9 %) benchmark(s) to run. Estimated finish 2026-07-31 9:49 (0h 3m from now) **
// **************************
// Benchmark: PrepareLogger.Serilog: Quick(Arguments=/p:MatrixMode=Benchmark, IterationCount=5, WarmupCount=2)
// *** Execute ***
// Launch: 1 / 1
// Execute: dotnet Matrix.Logging-Quick-1.dll --anonymousPipes 137 138 --benchmarkName Matrix.Logging.Benchmarks.PrepareLogger.Serilog --job Quick --benchmarkId 16 in /home/runner/work/dotnet-matrix/dotnet-matrix/src/Matrix.Logging/bin/Benchmark/Release/net10.0/Matrix.Logging-Quick-1/bin/Release/net10.0
// Failed to set up high priority (Permission denied). In order to run benchmarks with high priority, make sure you have the right permissions.
// BeforeAnythingElse

// Benchmark Process Environment Information:
// BenchmarkDotNet v0.15.8
// Runtime=.NET 10.0.10 (10.0.10, 10.0.1026.32716), X64 RyuJIT x86-64-v3
// GC=Concurrent Workstation
// HardwareIntrinsics=AVX2+BMI1+BMI2+F16C+FMA+LZCNT+MOVBE,AVX,SSE3+SSSE3+SSE4.1+SSE4.2+POPCNT,X86Base+SSE+SSE2,AES+PCLMUL VectorSize=256
// Job: Quick(IterationCount=5, WarmupCount=2)

OverheadJitting  1: 1 op, 243725.00 ns, 243.7250 us/op
WorkloadJitting  1: 1 op, 8999321.00 ns, 8.9993 ms/op

OverheadJitting  2: 16 op, 398644.00 ns, 24.9153 us/op
WorkloadJitting  2: 16 op, 538976.00 ns, 33.6860 us/op

WorkloadPilot    1: 16 op, 118531.00 ns, 7.4082 us/op
WorkloadPilot    2: 32 op, 212687.00 ns, 6.6465 us/op
WorkloadPilot    3: 64 op, 394526.00 ns, 6.1645 us/op
WorkloadPilot    4: 128 op, 602985.00 ns, 4.7108 us/op
WorkloadPilot    5: 256 op, 1249601.00 ns, 4.8813 us/op
WorkloadPilot    6: 512 op, 2489475.00 ns, 4.8623 us/op
WorkloadPilot    7: 1024 op, 5012963.00 ns, 4.8955 us/op
WorkloadPilot    8: 2048 op, 9878612.00 ns, 4.8235 us/op
WorkloadPilot    9: 4096 op, 19631799.00 ns, 4.7929 us/op
WorkloadPilot   10: 8192 op, 31427418.00 ns, 3.8364 us/op
WorkloadPilot   11: 16384 op, 58707718.00 ns, 3.5832 us/op
WorkloadPilot   12: 32768 op, 109545492.00 ns, 3.3431 us/op
WorkloadPilot   13: 65536 op, 78925391.00 ns, 1.2043 us/op
WorkloadPilot   14: 131072 op, 140845332.00 ns, 1.0746 us/op
WorkloadPilot   15: 262144 op, 277412342.00 ns, 1.0582 us/op
WorkloadPilot   16: 524288 op, 548266087.00 ns, 1.0457 us/op

OverheadWarmup   1: 524288 op, 1203436.00 ns, 2.2954 ns/op
OverheadWarmup   2: 524288 op, 1245634.00 ns, 2.3759 ns/op
OverheadWarmup   3: 524288 op, 1220317.00 ns, 2.3276 ns/op
OverheadWarmup   4: 524288 op, 1229985.00 ns, 2.3460 ns/op
OverheadWarmup   5: 524288 op, 1228111.00 ns, 2.3424 ns/op

OverheadActual   1: 524288 op, 1234283.00 ns, 2.3542 ns/op
OverheadActual   2: 524288 op, 1217963.00 ns, 2.3231 ns/op
OverheadActual   3: 524288 op, 1419048.00 ns, 2.7066 ns/op
OverheadActual   4: 524288 op, 1379543.00 ns, 2.6313 ns/op
OverheadActual   5: 524288 op, 1232400.00 ns, 2.3506 ns/op
OverheadActual   6: 524288 op, 1217201.00 ns, 2.3216 ns/op
OverheadActual   7: 524288 op, 1230666.00 ns, 2.3473 ns/op
OverheadActual   8: 524288 op, 1220066.00 ns, 2.3271 ns/op
OverheadActual   9: 524288 op, 1401085.00 ns, 2.6724 ns/op
OverheadActual  10: 524288 op, 1234283.00 ns, 2.3542 ns/op
OverheadActual  11: 524288 op, 1216930.00 ns, 2.3211 ns/op
OverheadActual  12: 524288 op, 1219134.00 ns, 2.3253 ns/op
OverheadActual  13: 524288 op, 1299114.00 ns, 2.4779 ns/op
OverheadActual  14: 524288 op, 1200660.00 ns, 2.2901 ns/op
OverheadActual  15: 524288 op, 1218523.00 ns, 2.3241 ns/op

WorkloadWarmup   1: 524288 op, 571667239.00 ns, 1.0904 us/op
WorkloadWarmup   2: 524288 op, 551133858.00 ns, 1.0512 us/op

// BeforeActualRun
WorkloadActual   1: 524288 op, 552094190.00 ns, 1.0530 us/op
WorkloadActual   2: 524288 op, 564630900.00 ns, 1.0769 us/op
WorkloadActual   3: 524288 op, 551030895.00 ns, 1.0510 us/op
WorkloadActual   4: 524288 op, 550260538.00 ns, 1.0495 us/op
WorkloadActual   5: 524288 op, 550321013.00 ns, 1.0497 us/op

// AfterActualRun
WorkloadResult   1: 524288 op, 550863524.00 ns, 1.0507 us/op
WorkloadResult   2: 524288 op, 549800229.00 ns, 1.0487 us/op
WorkloadResult   3: 524288 op, 549029872.00 ns, 1.0472 us/op
WorkloadResult   4: 524288 op, 549090347.00 ns, 1.0473 us/op
// GC:  98 0 0 1648383648 524288
// Threading:  0 0 524288

// AfterAll
// Benchmark Process 3655 has exited with code 0.

Mean = 1.048 μs, StdErr = 0.001 μs (0.08%), N = 4, StdDev = 0.002 μs
Min = 1.047 μs, Q1 = 1.047 μs, Median = 1.048 μs, Q3 = 1.049 μs, Max = 1.051 μs
IQR = 0.002 μs, LowerFence = 1.044 μs, UpperFence = 1.052 μs
ConfidenceInterval = [1.038 μs; 1.059 μs] (CI 99.9%), Margin = 0.011 μs (1.00% of Mean)
Skewness = 0.43, Kurtosis = 1.03, MValue = 2

// ** Remained 17 (50.0 %) benchmark(s) to run. Estimated finish 2026-07-31 9:48 (0h 3m from now) **
// **************************
// Benchmark: PrepareLogger.ZLogger: Quick(Arguments=/p:MatrixMode=Benchmark, IterationCount=5, WarmupCount=2)
// *** Execute ***
// Launch: 1 / 1
// Execute: dotnet Matrix.Logging-Quick-1.dll --anonymousPipes 137 138 --benchmarkName Matrix.Logging.Benchmarks.PrepareLogger.ZLogger --job Quick --benchmarkId 17 in /home/runner/work/dotnet-matrix/dotnet-matrix/src/Matrix.Logging/bin/Benchmark/Release/net10.0/Matrix.Logging-Quick-1/bin/Release/net10.0
// Failed to set up high priority (Permission denied). In order to run benchmarks with high priority, make sure you have the right permissions.
// BeforeAnythingElse

// Benchmark Process Environment Information:
// BenchmarkDotNet v0.15.8
// Runtime=.NET 10.0.10 (10.0.10, 10.0.1026.32716), X64 RyuJIT x86-64-v3
// GC=Concurrent Workstation
// HardwareIntrinsics=AVX2+BMI1+BMI2+F16C+FMA+LZCNT+MOVBE,AVX,SSE3+SSSE3+SSE4.1+SSE4.2+POPCNT,X86Base+SSE+SSE2,AES+PCLMUL VectorSize=256
// Job: Quick(IterationCount=5, WarmupCount=2)

OverheadJitting  1: 1 op, 215372.00 ns, 215.3720 us/op
WorkloadJitting  1: 1 op, 44255760.00 ns, 44.2558 ms/op

WorkloadPilot    1: 2 op, 1464072.00 ns, 732.0360 us/op
WorkloadPilot    2: 3 op, 1313540.00 ns, 437.8467 us/op
WorkloadPilot    3: 4 op, 1371609.00 ns, 342.9023 us/op
WorkloadPilot    4: 5 op, 1491223.00 ns, 298.2446 us/op
WorkloadPilot    5: 6 op, 1554911.00 ns, 259.1518 us/op
WorkloadPilot    6: 7 op, 1684123.00 ns, 240.5890 us/op
WorkloadPilot    7: 8 op, 1982088.00 ns, 247.7610 us/op
WorkloadPilot    8: 9 op, 1999290.00 ns, 222.1433 us/op
WorkloadPilot    9: 10 op, 1970296.00 ns, 197.0296 us/op
WorkloadPilot   10: 11 op, 2052089.00 ns, 186.5535 us/op
WorkloadPilot   11: 12 op, 2111600.00 ns, 175.9667 us/op
WorkloadPilot   12: 13 op, 2195086.00 ns, 168.8528 us/op
WorkloadPilot   13: 14 op, 2309309.00 ns, 164.9506 us/op
WorkloadPilot   14: 15 op, 2431096.00 ns, 162.0731 us/op
WorkloadPilot   15: 16 op, 2513389.00 ns, 157.0868 us/op
WorkloadPilot   16: 32 op, 4427230.00 ns, 138.3509 us/op
WorkloadPilot   17: 64 op, 7962947.00 ns, 124.4210 us/op
WorkloadPilot   18: 128 op, 15026426.00 ns, 117.3940 us/op
WorkloadPilot   19: 256 op, 29228302.00 ns, 114.1731 us/op
WorkloadPilot   20: 512 op, 68332541.00 ns, 133.4620 us/op
WorkloadPilot   21: 1024 op, 140630271.00 ns, 137.3342 us/op
WorkloadPilot   22: 2048 op, 259482419.00 ns, 126.7004 us/op
WorkloadPilot   23: 4096 op, 541320711.00 ns, 132.1584 us/op

WorkloadWarmup   1: 4096 op, 478249115.00 ns, 116.7600 us/op
WorkloadWarmup   2: 4096 op, 435418613.00 ns, 106.3034 us/op

// BeforeActualRun
WorkloadActual   1: 4096 op, 308548936.00 ns, 75.3293 us/op
WorkloadActual   2: 4096 op, 199681767.00 ns, 48.7504 us/op
WorkloadActual   3: 4096 op, 186029325.00 ns, 45.4173 us/op
WorkloadActual   4: 4096 op, 160066314.00 ns, 39.0787 us/op
WorkloadActual   5: 4096 op, 148391141.00 ns, 36.2283 us/op

// AfterActualRun
WorkloadResult   1: 4096 op, 199681767.00 ns, 48.7504 us/op
WorkloadResult   2: 4096 op, 186029325.00 ns, 45.4173 us/op
WorkloadResult   3: 4096 op, 160066314.00 ns, 39.0787 us/op
WorkloadResult   4: 4096 op, 148391141.00 ns, 36.2283 us/op
// GC:  5 0 0 88923256 4096
// Threading:  0 0 4096

// AfterAll
// Benchmark Process 3667 has exited with code 0.

Mean = 42.369 μs, StdErr = 2.866 μs (6.76%), N = 4, StdDev = 5.731 μs
Min = 36.228 μs, Q1 = 38.366 μs, Median = 42.248 μs, Q3 = 46.251 μs, Max = 48.750 μs
IQR = 7.885 μs, LowerFence = 26.539 μs, UpperFence = 58.077 μs
ConfidenceInterval = [5.332 μs; 79.405 μs] (CI 99.9%), Margin = 37.037 μs (87.42% of Mean)
Skewness = 0.03, Kurtosis = 0.76, MValue = 2

// ** Remained 16 (47.1 %) benchmark(s) to run. Estimated finish 2026-07-31 9:48 (0h 3m from now) **
// ***** BenchmarkRunner: Finish  *****

// * Export *
  tmp/dotnet-matrix/Logging/ad2a762b2cfd4ea58cc4f94d66bf2021/results/Matrix.Logging.Benchmarks.PrepareLogger-report.csv
  tmp/dotnet-matrix/Logging/ad2a762b2cfd4ea58cc4f94d66bf2021/results/Matrix.Logging.Benchmarks.PrepareLogger-report-github.md
  tmp/dotnet-matrix/Logging/ad2a762b2cfd4ea58cc4f94d66bf2021/results/Matrix.Logging.Benchmarks.PrepareLogger-report.html
  tmp/dotnet-matrix/Logging/ad2a762b2cfd4ea58cc4f94d66bf2021/results/Matrix.Logging.Benchmarks.PrepareLogger-report-full.json

// * Detailed results *
PrepareLogger.Serilog: Quick(Arguments=/p:MatrixMode=Benchmark, IterationCount=5, WarmupCount=2)
Runtime = .NET 10.0.10 (10.0.10, 10.0.1026.32716), X64 RyuJIT x86-64-v3; GC = Concurrent Workstation
Mean = 1.048 μs, StdErr = 0.001 μs (0.08%), N = 4, StdDev = 0.002 μs
Min = 1.047 μs, Q1 = 1.047 μs, Median = 1.048 μs, Q3 = 1.049 μs, Max = 1.051 μs
IQR = 0.002 μs, LowerFence = 1.044 μs, UpperFence = 1.052 μs
ConfidenceInterval = [1.038 μs; 1.059 μs] (CI 99.9%), Margin = 0.011 μs (1.00% of Mean)
Skewness = 0.43, Kurtosis = 1.03, MValue = 2
-------------------- Histogram --------------------
[1.046 μs ; 1.052 μs) | @@@@
---------------------------------------------------

PrepareLogger.NLog: Quick(Arguments=/p:MatrixMode=Benchmark, IterationCount=5, WarmupCount=2)
Runtime = .NET 10.0.10 (10.0.10, 10.0.1026.32716), X64 RyuJIT x86-64-v3; GC = Concurrent Workstation
Mean = 5.016 μs, StdErr = 0.004 μs (0.08%), N = 4, StdDev = 0.008 μs
Min = 5.006 μs, Q1 = 5.012 μs, Median = 5.016 μs, Q3 = 5.020 μs, Max = 5.026 μs
IQR = 0.008 μs, LowerFence = 5.000 μs, UpperFence = 5.031 μs
ConfidenceInterval = [4.963 μs; 5.069 μs] (CI 99.9%), Margin = 0.053 μs (1.05% of Mean)
Skewness = 0.05, Kurtosis = 1.04, MValue = 2
-------------------- Histogram --------------------
[4.999 μs ; 5.032 μs) | @@@@
---------------------------------------------------

PrepareLogger.Log4Net: Quick(Arguments=/p:MatrixMode=Benchmark, IterationCount=5, WarmupCount=2)
Runtime = .NET 10.0.10 (10.0.10, 10.0.1026.32716), X64 RyuJIT x86-64-v3; GC = Concurrent Workstation
Mean = 14.098 μs, StdErr = 0.063 μs (0.45%), N = 4, StdDev = 0.126 μs
Min = 13.999 μs, Q1 = 14.027 μs, Median = 14.057 μs, Q3 = 14.129 μs, Max = 14.281 μs
IQR = 0.102 μs, LowerFence = 13.873 μs, UpperFence = 14.282 μs
ConfidenceInterval = [13.285 μs; 14.912 μs] (CI 99.9%), Margin = 0.814 μs (5.77% of Mean)
Skewness = 0.61, Kurtosis = 1.22, MValue = 2
-------------------- Histogram --------------------
[13.895 μs ; 14.385 μs) | @@@@
---------------------------------------------------

PrepareLogger.MicrosoftExtensionsLogging: Quick(Arguments=/p:MatrixMode=Benchmark, IterationCount=5, WarmupCount=2)
Runtime = .NET 10.0.10 (10.0.10, 10.0.1026.32716), X64 RyuJIT x86-64-v3; GC = Concurrent Workstation
Mean = 26.929 μs, StdErr = 0.476 μs (1.77%), N = 4, StdDev = 0.952 μs
Min = 26.345 μs, Q1 = 26.361 μs, Median = 26.515 μs, Q3 = 27.083 μs, Max = 28.340 μs
IQR = 0.722 μs, LowerFence = 25.277 μs, UpperFence = 28.166 μs
ConfidenceInterval = [20.776 μs; 33.081 μs] (CI 99.9%), Margin = 6.153 μs (22.85% of Mean)
Skewness = 0.7, Kurtosis = 1.27, MValue = 2
-------------------- Histogram --------------------
[25.717 μs ; 27.292 μs) | @@@
[27.292 μs ; 29.127 μs) | @
---------------------------------------------------

PrepareLogger.ZLogger: Quick(Arguments=/p:MatrixMode=Benchmark, IterationCount=5, WarmupCount=2)
Runtime = .NET 10.0.10 (10.0.10, 10.0.1026.32716), X64 RyuJIT x86-64-v3; GC = Concurrent Workstation
Mean = 42.369 μs, StdErr = 2.866 μs (6.76%), N = 4, StdDev = 5.731 μs
Min = 36.228 μs, Q1 = 38.366 μs, Median = 42.248 μs, Q3 = 46.251 μs, Max = 48.750 μs
IQR = 7.885 μs, LowerFence = 26.539 μs, UpperFence = 58.077 μs
ConfidenceInterval = [5.332 μs; 79.405 μs] (CI 99.9%), Margin = 37.037 μs (87.42% of Mean)
Skewness = 0.03, Kurtosis = 0.76, MValue = 2
-------------------- Histogram --------------------
[36.084 μs ; 45.562 μs) | @@@
[45.562 μs ; 53.489 μs) | @
---------------------------------------------------

// * Summary *

BenchmarkDotNet v0.15.8, Linux Ubuntu 24.04.4 LTS (Noble Numbat)
AMD EPYC 7763 3.19GHz, 1 CPU, 4 logical and 2 physical cores
.NET SDK 10.0.302
  [Host] : .NET 10.0.10 (10.0.10, 10.0.1026.32716), X64 RyuJIT x86-64-v3
  Quick  : .NET 10.0.10 (10.0.10, 10.0.1026.32716), X64 RyuJIT x86-64-v3

Job=Quick  Arguments=/p:MatrixMode=Benchmark  IterationCount=5  
WarmupCount=2  

| Method                     | Mean      | Error      | StdDev    | Gen0   | Gen1   | Allocated |
|--------------------------- |----------:|-----------:|----------:|-------:|-------:|----------:|
| Serilog                    |  1.048 μs |  0.0105 μs | 0.0016 μs | 0.1869 |      - |   3.07 KB |
| NLog                       |  5.016 μs |  0.0529 μs | 0.0082 μs | 1.4954 | 0.0992 |  24.46 KB |
| Log4Net                    | 14.098 μs |  0.8136 μs | 0.1259 μs | 0.4120 | 0.3967 |   6.79 KB |
| MicrosoftExtensionsLogging | 26.929 μs |  6.1528 μs | 0.9521 μs | 1.2207 |      - |  21.18 KB |
| ZLogger                    | 42.369 μs | 37.0367 μs | 5.7315 μs | 1.2207 |      - |   21.2 KB |

// * Hints *
Outliers
  PrepareLogger.Serilog: Quick                    -> 1 outlier  was  removed (1.08 μs)
  PrepareLogger.NLog: Quick                       -> 1 outlier  was  removed (5.10 μs)
  PrepareLogger.Log4Net: Quick                    -> 1 outlier  was  removed (14.67 μs)
  PrepareLogger.MicrosoftExtensionsLogging: Quick -> 1 outlier  was  removed (37.36 μs)
  PrepareLogger.ZLogger: Quick                    -> 1 outlier  was  removed (75.33 μs)

// * Legends *
  Mean      : Arithmetic mean of all measurements
  Error     : Half of 99.9% confidence interval
  StdDev    : Standard deviation of all measurements
  Gen0      : GC Generation 0 collects per 1000 operations
  Gen1      : GC Generation 1 collects per 1000 operations
  Allocated : Allocated memory per single operation (managed only, inclusive, 1KB = 1024B)
  1 μs      : 1 Microsecond (0.000001 sec)

// * Diagnostic Output - MemoryDiagnoser *


// ***** BenchmarkRunner: End *****
Run time: 00:01:02 (62.32 sec), executed benchmarks: 5

// Found 4 benchmarks:
//   ScopeOrContext.Log4Net: Quick(Arguments=/p:MatrixMode=Benchmark, IterationCount=5, WarmupCount=2)
//   ScopeOrContext.MicrosoftExtensionsLogging: Quick(Arguments=/p:MatrixMode=Benchmark, IterationCount=5, WarmupCount=2)
//   ScopeOrContext.NLog: Quick(Arguments=/p:MatrixMode=Benchmark, IterationCount=5, WarmupCount=2)
//   ScopeOrContext.Serilog: Quick(Arguments=/p:MatrixMode=Benchmark, IterationCount=5, WarmupCount=2)

// **************************
// Benchmark: ScopeOrContext.Log4Net: Quick(Arguments=/p:MatrixMode=Benchmark, IterationCount=5, WarmupCount=2)
// *** Execute ***
// Launch: 1 / 1
// Execute: dotnet Matrix.Logging-Quick-1.dll --anonymousPipes 137 138 --benchmarkName Matrix.Logging.Benchmarks.ScopeOrContext.Log4Net --job Quick --benchmarkId 18 in /home/runner/work/dotnet-matrix/dotnet-matrix/src/Matrix.Logging/bin/Benchmark/Release/net10.0/Matrix.Logging-Quick-1/bin/Release/net10.0
// Failed to set up high priority (Permission denied). In order to run benchmarks with high priority, make sure you have the right permissions.
// BeforeAnythingElse

// Benchmark Process Environment Information:
// BenchmarkDotNet v0.15.8
// Runtime=.NET 10.0.10 (10.0.10, 10.0.1026.32716), X64 RyuJIT x86-64-v3
// GC=Concurrent Workstation
// HardwareIntrinsics=AVX2+BMI1+BMI2+F16C+FMA+LZCNT+MOVBE,AVX,SSE3+SSSE3+SSE4.1+SSE4.2+POPCNT,X86Base+SSE+SSE2,AES+PCLMUL VectorSize=256
// Job: Quick(IterationCount=5, WarmupCount=2)

OverheadJitting  1: 1 op, 171149.00 ns, 171.1490 us/op
WorkloadJitting  1: 1 op, 3939731.00 ns, 3.9397 ms/op

OverheadJitting  2: 16 op, 181559.00 ns, 11.3474 us/op
WorkloadJitting  2: 16 op, 288679.00 ns, 18.0424 us/op

WorkloadPilot    1: 16 op, 70051.00 ns, 4.3782 us/op
WorkloadPilot    2: 32 op, 108833.00 ns, 3.4010 us/op
WorkloadPilot    3: 64 op, 144049.00 ns, 2.2508 us/op
WorkloadPilot    4: 128 op, 283128.00 ns, 2.2119 us/op
WorkloadPilot    5: 256 op, 542673.00 ns, 2.1198 us/op
WorkloadPilot    6: 512 op, 895661.00 ns, 1.7493 us/op
WorkloadPilot    7: 1024 op, 1857175.00 ns, 1.8136 us/op
WorkloadPilot    8: 2048 op, 3766929.00 ns, 1.8393 us/op
WorkloadPilot    9: 4096 op, 7538375.00 ns, 1.8404 us/op
WorkloadPilot   10: 8192 op, 15569318.00 ns, 1.9006 us/op
WorkloadPilot   11: 16384 op, 30459209.00 ns, 1.8591 us/op
WorkloadPilot   12: 32768 op, 53251144.00 ns, 1.6251 us/op
WorkloadPilot   13: 65536 op, 80350394.00 ns, 1.2260 us/op
WorkloadPilot   14: 131072 op, 96345267.00 ns, 735.0561 ns/op
WorkloadPilot   15: 262144 op, 108107161.00 ns, 412.3961 ns/op
WorkloadPilot   16: 524288 op, 189812103.00 ns, 362.0379 ns/op
WorkloadPilot   17: 1048576 op, 383562724.00 ns, 365.7939 ns/op
WorkloadPilot   18: 2097152 op, 763319595.00 ns, 363.9791 ns/op

OverheadWarmup   1: 2097152 op, 4758979.00 ns, 2.2693 ns/op
OverheadWarmup   2: 2097152 op, 4749031.00 ns, 2.2645 ns/op
OverheadWarmup   3: 2097152 op, 4755112.00 ns, 2.2674 ns/op
OverheadWarmup   4: 2097152 op, 4792001.00 ns, 2.2850 ns/op
OverheadWarmup   5: 2097152 op, 4789426.00 ns, 2.2838 ns/op
OverheadWarmup   6: 2097152 op, 4737298.00 ns, 2.2589 ns/op
OverheadWarmup   7: 2097152 op, 4791089.00 ns, 2.2846 ns/op
OverheadWarmup   8: 2097152 op, 4729103.00 ns, 2.2550 ns/op

OverheadActual   1: 2097152 op, 4751205.00 ns, 2.2656 ns/op
OverheadActual   2: 2097152 op, 4751094.00 ns, 2.2655 ns/op
OverheadActual   3: 2097152 op, 4740895.00 ns, 2.2606 ns/op
OverheadActual   4: 2097152 op, 4754300.00 ns, 2.2670 ns/op
OverheadActual   5: 2097152 op, 4754501.00 ns, 2.2671 ns/op
OverheadActual   6: 2097152 op, 4751245.00 ns, 2.2656 ns/op
OverheadActual   7: 2097152 op, 4754090.00 ns, 2.2669 ns/op
OverheadActual   8: 2097152 op, 4737950.00 ns, 2.2592 ns/op
OverheadActual   9: 2097152 op, 4745424.00 ns, 2.2628 ns/op
OverheadActual  10: 2097152 op, 4782543.00 ns, 2.2805 ns/op
OverheadActual  11: 2097152 op, 4743070.00 ns, 2.2617 ns/op
OverheadActual  12: 2097152 op, 4766724.00 ns, 2.2730 ns/op
OverheadActual  13: 2097152 op, 4754711.00 ns, 2.2672 ns/op
OverheadActual  14: 2097152 op, 4764129.00 ns, 2.2717 ns/op
OverheadActual  15: 2097152 op, 4765250.00 ns, 2.2722 ns/op

WorkloadWarmup   1: 2097152 op, 766522230.00 ns, 365.5063 ns/op
WorkloadWarmup   2: 2097152 op, 765713582.00 ns, 365.1207 ns/op

// BeforeActualRun
WorkloadActual   1: 2097152 op, 761083748.00 ns, 362.9130 ns/op
WorkloadActual   2: 2097152 op, 768756431.00 ns, 366.5716 ns/op
WorkloadActual   3: 2097152 op, 764508133.00 ns, 364.5459 ns/op
WorkloadActual   4: 2097152 op, 766385337.00 ns, 365.4410 ns/op
WorkloadActual   5: 2097152 op, 763323312.00 ns, 363.9809 ns/op

// AfterActualRun
WorkloadResult   1: 2097152 op, 756329658.00 ns, 360.6461 ns/op
WorkloadResult   2: 2097152 op, 764002341.00 ns, 364.3047 ns/op
WorkloadResult   3: 2097152 op, 759754043.00 ns, 362.2790 ns/op
WorkloadResult   4: 2097152 op, 761631247.00 ns, 363.1741 ns/op
WorkloadResult   5: 2097152 op, 758569222.00 ns, 361.7140 ns/op
// GC:  106 0 0 1778384896 2097152
// Threading:  0 0 2097152

// AfterAll
// Benchmark Process 3675 has exited with code 0.

Mean = 362.424 ns, StdErr = 0.624 ns (0.17%), N = 5, StdDev = 1.395 ns
Min = 360.646 ns, Q1 = 361.714 ns, Median = 362.279 ns, Q3 = 363.174 ns, Max = 364.305 ns
IQR = 1.460 ns, LowerFence = 359.524 ns, UpperFence = 365.364 ns
ConfidenceInterval = [357.051 ns; 367.796 ns] (CI 99.9%), Margin = 5.372 ns (1.48% of Mean)
Skewness = 0.08, Kurtosis = 1.22, MValue = 2

// ** Remained 15 (44.1 %) benchmark(s) to run. Estimated finish 2026-07-31 9:48 (0h 2m from now) **
// **************************
// Benchmark: ScopeOrContext.MicrosoftExtensionsLogging: Quick(Arguments=/p:MatrixMode=Benchmark, IterationCount=5, WarmupCount=2)
// *** Execute ***
// Launch: 1 / 1
// Execute: dotnet Matrix.Logging-Quick-1.dll --anonymousPipes 137 138 --benchmarkName Matrix.Logging.Benchmarks.ScopeOrContext.MicrosoftExtensionsLogging --job Quick --benchmarkId 19 in /home/runner/work/dotnet-matrix/dotnet-matrix/src/Matrix.Logging/bin/Benchmark/Release/net10.0/Matrix.Logging-Quick-1/bin/Release/net10.0
// Failed to set up high priority (Permission denied). In order to run benchmarks with high priority, make sure you have the right permissions.
// BeforeAnythingElse

// Benchmark Process Environment Information:
// BenchmarkDotNet v0.15.8
// Runtime=.NET 10.0.10 (10.0.10, 10.0.1026.32716), X64 RyuJIT x86-64-v3
// GC=Concurrent Workstation
// HardwareIntrinsics=AVX2+BMI1+BMI2+F16C+FMA+LZCNT+MOVBE,AVX,SSE3+SSSE3+SSE4.1+SSE4.2+POPCNT,X86Base+SSE+SSE2,AES+PCLMUL VectorSize=256
// Job: Quick(IterationCount=5, WarmupCount=2)

OverheadJitting  1: 1 op, 169676.00 ns, 169.6760 us/op
WorkloadJitting  1: 1 op, 2429133.00 ns, 2.4291 ms/op

OverheadJitting  2: 16 op, 180537.00 ns, 11.2836 us/op
WorkloadJitting  2: 16 op, 238706.00 ns, 14.9191 us/op

WorkloadPilot    1: 16 op, 11622.00 ns, 726.3750 ns/op
WorkloadPilot    2: 32 op, 16721.00 ns, 522.5313 ns/op
WorkloadPilot    3: 64 op, 45755.00 ns, 714.9219 ns/op
WorkloadPilot    4: 128 op, 60523.00 ns, 472.8359 ns/op
WorkloadPilot    5: 256 op, 94416.00 ns, 368.8125 ns/op
WorkloadPilot    6: 512 op, 161352.00 ns, 315.1406 ns/op
WorkloadPilot    7: 1024 op, 305150.00 ns, 297.9980 ns/op
WorkloadPilot    8: 2048 op, 585202.00 ns, 285.7432 ns/op
WorkloadPilot    9: 4096 op, 1024071.00 ns, 250.0173 ns/op
WorkloadPilot   10: 8192 op, 2452016.00 ns, 299.3184 ns/op
WorkloadPilot   11: 16384 op, 4770262.00 ns, 291.1537 ns/op
WorkloadPilot   12: 32768 op, 9094351.00 ns, 277.5376 ns/op
WorkloadPilot   13: 65536 op, 17896427.00 ns, 273.0778 ns/op
WorkloadPilot   14: 131072 op, 35342052.00 ns, 269.6385 ns/op
WorkloadPilot   15: 262144 op, 58804356.00 ns, 224.3208 ns/op
WorkloadPilot   16: 524288 op, 57073455.00 ns, 108.8590 ns/op
WorkloadPilot   17: 1048576 op, 72185366.00 ns, 68.8413 ns/op
WorkloadPilot   18: 2097152 op, 143227596.00 ns, 68.2962 ns/op
WorkloadPilot   19: 4194304 op, 284875241.00 ns, 67.9196 ns/op
WorkloadPilot   20: 8388608 op, 569691812.00 ns, 67.9126 ns/op

OverheadWarmup   1: 8388608 op, 21647296.00 ns, 2.5806 ns/op
OverheadWarmup   2: 8388608 op, 21600339.00 ns, 2.5750 ns/op
OverheadWarmup   3: 8388608 op, 21566675.00 ns, 2.5709 ns/op
OverheadWarmup   4: 8388608 op, 21531030.00 ns, 2.5667 ns/op
OverheadWarmup   5: 8388608 op, 21550225.00 ns, 2.5690 ns/op
OverheadWarmup   6: 8388608 op, 21670570.00 ns, 2.5833 ns/op
OverheadWarmup   7: 8388608 op, 21542360.00 ns, 2.5680 ns/op
OverheadWarmup   8: 8388608 op, 21523916.00 ns, 2.5659 ns/op
OverheadWarmup   9: 8388608 op, 21517644.00 ns, 2.5651 ns/op
OverheadWarmup  10: 8388608 op, 23853313.00 ns, 2.8435 ns/op

OverheadActual   1: 8388608 op, 13729621.00 ns, 1.6367 ns/op
OverheadActual   2: 8388608 op, 13845818.00 ns, 1.6506 ns/op
OverheadActual   3: 8388608 op, 13760619.00 ns, 1.6404 ns/op
OverheadActual   4: 8388608 op, 13807266.00 ns, 1.6460 ns/op
OverheadActual   5: 8388608 op, 13730112.00 ns, 1.6368 ns/op
OverheadActual   6: 8388608 op, 13702370.00 ns, 1.6334 ns/op
OverheadActual   7: 8388608 op, 13711046.00 ns, 1.6345 ns/op
OverheadActual   8: 8388608 op, 13691319.00 ns, 1.6321 ns/op
OverheadActual   9: 8388608 op, 13714233.00 ns, 1.6349 ns/op
OverheadActual  10: 8388608 op, 13730273.00 ns, 1.6368 ns/op
OverheadActual  11: 8388608 op, 13702641.00 ns, 1.6335 ns/op
OverheadActual  12: 8388608 op, 13707370.00 ns, 1.6340 ns/op
OverheadActual  13: 8388608 op, 13719823.00 ns, 1.6355 ns/op
OverheadActual  14: 8388608 op, 13774805.00 ns, 1.6421 ns/op
OverheadActual  15: 8388608 op, 13889340.00 ns, 1.6557 ns/op

WorkloadWarmup   1: 8388608 op, 582316532.00 ns, 69.4175 ns/op
WorkloadWarmup   2: 8388608 op, 581536487.00 ns, 69.3246 ns/op

// BeforeActualRun
WorkloadActual   1: 8388608 op, 584599654.00 ns, 69.6897 ns/op
WorkloadActual   2: 8388608 op, 577094035.00 ns, 68.7950 ns/op
WorkloadActual   3: 8388608 op, 570629024.00 ns, 68.0243 ns/op
WorkloadActual   4: 8388608 op, 571208145.00 ns, 68.0933 ns/op
WorkloadActual   5: 8388608 op, 570702262.00 ns, 68.0330 ns/op

// AfterActualRun
WorkloadResult   1: 8388608 op, 570870033.00 ns, 68.0530 ns/op
WorkloadResult   2: 8388608 op, 563364414.00 ns, 67.1583 ns/op
WorkloadResult   3: 8388608 op, 556899403.00 ns, 66.3876 ns/op
WorkloadResult   4: 8388608 op, 557478524.00 ns, 66.4566 ns/op
WorkloadResult   5: 8388608 op, 556972641.00 ns, 66.3963 ns/op
// GC:  60 0 0 1006632960 8388608
// Threading:  0 0 8388608

// AfterAll
// Benchmark Process 3686 has exited with code 0.

Mean = 66.890 ns, StdErr = 0.325 ns (0.49%), N = 5, StdDev = 0.726 ns
Min = 66.388 ns, Q1 = 66.396 ns, Median = 66.457 ns, Q3 = 67.158 ns, Max = 68.053 ns
IQR = 0.762 ns, LowerFence = 65.253 ns, UpperFence = 68.301 ns
ConfidenceInterval = [64.095 ns; 69.686 ns] (CI 99.9%), Margin = 2.796 ns (4.18% of Mean)
Skewness = 0.66, Kurtosis = 1.43, MValue = 2

// ** Remained 14 (41.2 %) benchmark(s) to run. Estimated finish 2026-07-31 9:48 (0h 2m from now) **
// **************************
// Benchmark: ScopeOrContext.NLog: Quick(Arguments=/p:MatrixMode=Benchmark, IterationCount=5, WarmupCount=2)
// *** Execute ***
// Launch: 1 / 1
// Execute: dotnet Matrix.Logging-Quick-1.dll --anonymousPipes 137 138 --benchmarkName Matrix.Logging.Benchmarks.ScopeOrContext.NLog --job Quick --benchmarkId 20 in /home/runner/work/dotnet-matrix/dotnet-matrix/src/Matrix.Logging/bin/Benchmark/Release/net10.0/Matrix.Logging-Quick-1/bin/Release/net10.0
// Failed to set up high priority (Permission denied). In order to run benchmarks with high priority, make sure you have the right permissions.
// BeforeAnythingElse

// Benchmark Process Environment Information:
// BenchmarkDotNet v0.15.8
// Runtime=.NET 10.0.10 (10.0.10, 10.0.1026.32716), X64 RyuJIT x86-64-v3
// GC=Concurrent Workstation
// HardwareIntrinsics=AVX2+BMI1+BMI2+F16C+FMA+LZCNT+MOVBE,AVX,SSE3+SSSE3+SSE4.1+SSE4.2+POPCNT,X86Base+SSE+SSE2,AES+PCLMUL VectorSize=256
// Job: Quick(IterationCount=5, WarmupCount=2)

OverheadJitting  1: 1 op, 174295.00 ns, 174.2950 us/op
WorkloadJitting  1: 1 op, 5024223.00 ns, 5.0242 ms/op

OverheadJitting  2: 16 op, 212296.00 ns, 13.2685 us/op
WorkloadJitting  2: 16 op, 294039.00 ns, 18.3774 us/op

WorkloadPilot    1: 16 op, 18345.00 ns, 1.1466 us/op
WorkloadPilot    2: 32 op, 48530.00 ns, 1.5166 us/op
WorkloadPilot    3: 64 op, 66494.00 ns, 1.0390 us/op
WorkloadPilot    4: 128 op, 96810.00 ns, 756.3281 ns/op
WorkloadPilot    5: 256 op, 163014.00 ns, 636.7734 ns/op
WorkloadPilot    6: 512 op, 295141.00 ns, 576.4473 ns/op
WorkloadPilot    7: 1024 op, 562289.00 ns, 549.1104 ns/op
WorkloadPilot    8: 2048 op, 1017047.00 ns, 496.6050 ns/op
WorkloadPilot    9: 4096 op, 2103254.00 ns, 513.4897 ns/op
WorkloadPilot   10: 8192 op, 4558243.00 ns, 556.4261 ns/op
WorkloadPilot   11: 16384 op, 8747629.00 ns, 533.9129 ns/op
WorkloadPilot   12: 32768 op, 17307048.00 ns, 528.1692 ns/op
WorkloadPilot   13: 65536 op, 34755548.00 ns, 530.3276 ns/op
WorkloadPilot   14: 131072 op, 63967094.00 ns, 488.0302 ns/op
WorkloadPilot   15: 262144 op, 66169166.00 ns, 252.4153 ns/op
WorkloadPilot   16: 524288 op, 48803396.00 ns, 93.0851 ns/op
WorkloadPilot   17: 1048576 op, 98171635.00 ns, 93.6238 ns/op
WorkloadPilot   18: 2097152 op, 192681450.00 ns, 91.8777 ns/op
WorkloadPilot   19: 4194304 op, 382665707.00 ns, 91.2346 ns/op
WorkloadPilot   20: 8388608 op, 770966446.00 ns, 91.9064 ns/op

OverheadWarmup   1: 8388608 op, 19002600.00 ns, 2.2653 ns/op
OverheadWarmup   2: 8388608 op, 19009263.00 ns, 2.2661 ns/op
OverheadWarmup   3: 8388608 op, 19000306.00 ns, 2.2650 ns/op
OverheadWarmup   4: 8388608 op, 18979718.00 ns, 2.2626 ns/op
OverheadWarmup   5: 8388608 op, 18963949.00 ns, 2.2607 ns/op
OverheadWarmup   6: 8388608 op, 18958859.00 ns, 2.2601 ns/op
OverheadWarmup   7: 8388608 op, 18947538.00 ns, 2.2587 ns/op
OverheadWarmup   8: 8388608 op, 18959851.00 ns, 2.2602 ns/op
OverheadWarmup   9: 8388608 op, 18943751.00 ns, 2.2583 ns/op

OverheadActual   1: 8388608 op, 19026675.00 ns, 2.2682 ns/op
OverheadActual   2: 8388608 op, 18986010.00 ns, 2.2633 ns/op
OverheadActual   3: 8388608 op, 19062242.00 ns, 2.2724 ns/op
OverheadActual   4: 8388608 op, 19035562.00 ns, 2.2692 ns/op
OverheadActual   5: 8388608 op, 18979477.00 ns, 2.2625 ns/op
OverheadActual   6: 8388608 op, 18951265.00 ns, 2.2592 ns/op
OverheadActual   7: 8388608 op, 18931789.00 ns, 2.2568 ns/op
OverheadActual   8: 8388608 op, 18942358.00 ns, 2.2581 ns/op
OverheadActual   9: 8388608 op, 19016086.00 ns, 2.2669 ns/op
OverheadActual  10: 8388608 op, 19000036.00 ns, 2.2650 ns/op
OverheadActual  11: 8388608 op, 20014599.00 ns, 2.3859 ns/op
OverheadActual  12: 8388608 op, 13820063.00 ns, 1.6475 ns/op
OverheadActual  13: 8388608 op, 13703856.00 ns, 1.6336 ns/op
OverheadActual  14: 8388608 op, 13704496.00 ns, 1.6337 ns/op
OverheadActual  15: 8388608 op, 13749962.00 ns, 1.6391 ns/op
OverheadActual  16: 8388608 op, 13887969.00 ns, 1.6556 ns/op
OverheadActual  17: 8388608 op, 13704396.00 ns, 1.6337 ns/op
OverheadActual  18: 8388608 op, 13730525.00 ns, 1.6368 ns/op
OverheadActual  19: 8388608 op, 13757025.00 ns, 1.6400 ns/op
OverheadActual  20: 8388608 op, 13707162.00 ns, 1.6340 ns/op

WorkloadWarmup   1: 8388608 op, 830215529.00 ns, 98.9694 ns/op
WorkloadWarmup   2: 8388608 op, 784341459.00 ns, 93.5008 ns/op

// BeforeActualRun
WorkloadActual   1: 8388608 op, 773367145.00 ns, 92.1925 ns/op
WorkloadActual   2: 8388608 op, 782958663.00 ns, 93.3359 ns/op
WorkloadActual   3: 8388608 op, 779134709.00 ns, 92.8801 ns/op
WorkloadActual   4: 8388608 op, 772489331.00 ns, 92.0879 ns/op
WorkloadActual   5: 8388608 op, 774828836.00 ns, 92.3668 ns/op

// AfterActualRun
WorkloadResult   1: 8388608 op, 754430071.50 ns, 89.9351 ns/op
WorkloadResult   2: 8388608 op, 764021589.50 ns, 91.0785 ns/op
WorkloadResult   3: 8388608 op, 760197635.50 ns, 90.6226 ns/op
WorkloadResult   4: 8388608 op, 753552257.50 ns, 89.8304 ns/op
WorkloadResult   5: 8388608 op, 755891762.50 ns, 90.1093 ns/op
// GC:  124 0 0 2080374784 8388608
// Threading:  0 0 8388608

// AfterAll
// Benchmark Process 3699 has exited with code 0.

Mean = 90.315 ns, StdErr = 0.234 ns (0.26%), N = 5, StdDev = 0.524 ns
Min = 89.830 ns, Q1 = 89.935 ns, Median = 90.109 ns, Q3 = 90.623 ns, Max = 91.078 ns
IQR = 0.688 ns, LowerFence = 88.904 ns, UpperFence = 91.654 ns
ConfidenceInterval = [88.297 ns; 92.334 ns] (CI 99.9%), Margin = 2.018 ns (2.23% of Mean)
Skewness = 0.41, Kurtosis = 1.13, MValue = 2

// ** Remained 13 (38.2 %) benchmark(s) to run. Estimated finish 2026-07-31 9:48 (0h 2m from now) **
// **************************
// Benchmark: ScopeOrContext.Serilog: Quick(Arguments=/p:MatrixMode=Benchmark, IterationCount=5, WarmupCount=2)
// *** Execute ***
// Launch: 1 / 1
// Execute: dotnet Matrix.Logging-Quick-1.dll --anonymousPipes 137 138 --benchmarkName Matrix.Logging.Benchmarks.ScopeOrContext.Serilog --job Quick --benchmarkId 21 in /home/runner/work/dotnet-matrix/dotnet-matrix/src/Matrix.Logging/bin/Benchmark/Release/net10.0/Matrix.Logging-Quick-1/bin/Release/net10.0
// Failed to set up high priority (Permission denied). In order to run benchmarks with high priority, make sure you have the right permissions.
// BeforeAnythingElse

// Benchmark Process Environment Information:
// BenchmarkDotNet v0.15.8
// Runtime=.NET 10.0.10 (10.0.10, 10.0.1026.32716), X64 RyuJIT x86-64-v3
// GC=Concurrent Workstation
// HardwareIntrinsics=AVX2+BMI1+BMI2+F16C+FMA+LZCNT+MOVBE,AVX,SSE3+SSSE3+SSE4.1+SSE4.2+POPCNT,X86Base+SSE+SSE2,AES+PCLMUL VectorSize=256
// Job: Quick(IterationCount=5, WarmupCount=2)

OverheadJitting  1: 1 op, 170819.00 ns, 170.8190 us/op
WorkloadJitting  1: 1 op, 7280002.00 ns, 7.2800 ms/op

OverheadJitting  2: 16 op, 181799.00 ns, 11.3624 us/op
WorkloadJitting  2: 16 op, 295041.00 ns, 18.4401 us/op

WorkloadPilot    1: 16 op, 47599.00 ns, 2.9749 us/op
WorkloadPilot    2: 32 op, 69870.00 ns, 2.1834 us/op
WorkloadPilot    3: 64 op, 81943.00 ns, 1.2804 us/op
WorkloadPilot    4: 128 op, 162012.00 ns, 1.2657 us/op
WorkloadPilot    5: 256 op, 301743.00 ns, 1.1787 us/op
WorkloadPilot    6: 512 op, 559214.00 ns, 1.0922 us/op
WorkloadPilot    7: 1024 op, 1142411.00 ns, 1.1156 us/op
WorkloadPilot    8: 2048 op, 2124635.00 ns, 1.0374 us/op
WorkloadPilot    9: 4096 op, 4229641.00 ns, 1.0326 us/op
WorkloadPilot   10: 8192 op, 8778488.00 ns, 1.0716 us/op
WorkloadPilot   11: 16384 op, 17160748.00 ns, 1.0474 us/op
WorkloadPilot   12: 32768 op, 32587880.00 ns, 994.5032 ns/op
WorkloadPilot   13: 65536 op, 55117384.00 ns, 841.0245 ns/op
WorkloadPilot   14: 131072 op, 101606060.00 ns, 775.1927 ns/op
WorkloadPilot   15: 262144 op, 60402595.00 ns, 230.4176 ns/op
WorkloadPilot   16: 524288 op, 113890559.00 ns, 217.2290 ns/op
WorkloadPilot   17: 1048576 op, 237086640.00 ns, 226.1034 ns/op
WorkloadPilot   18: 2097152 op, 465869620.00 ns, 222.1439 ns/op
WorkloadPilot   19: 4194304 op, 909149973.00 ns, 216.7582 ns/op

OverheadWarmup   1: 4194304 op, 9579313.00 ns, 2.2839 ns/op
OverheadWarmup   2: 4194304 op, 9473104.00 ns, 2.2586 ns/op
OverheadWarmup   3: 4194304 op, 9523669.00 ns, 2.2706 ns/op
OverheadWarmup   4: 4194304 op, 9484105.00 ns, 2.2612 ns/op
OverheadWarmup   5: 4194304 op, 9507719.00 ns, 2.2668 ns/op
OverheadWarmup   6: 4194304 op, 9487201.00 ns, 2.2619 ns/op

OverheadActual   1: 4194304 op, 9490006.00 ns, 2.2626 ns/op
OverheadActual   2: 4194304 op, 9491218.00 ns, 2.2629 ns/op
OverheadActual   3: 4194304 op, 9480688.00 ns, 2.2604 ns/op
OverheadActual   4: 4194304 op, 9497429.00 ns, 2.2644 ns/op
OverheadActual   5: 4194304 op, 9494234.00 ns, 2.2636 ns/op
OverheadActual   6: 4194304 op, 9481410.00 ns, 2.2605 ns/op
OverheadActual   7: 4194304 op, 9470780.00 ns, 2.2580 ns/op
OverheadActual   8: 4194304 op, 9477622.00 ns, 2.2596 ns/op
OverheadActual   9: 4194304 op, 9475679.00 ns, 2.2592 ns/op
OverheadActual  10: 4194304 op, 9476941.00 ns, 2.2595 ns/op
OverheadActual  11: 4194304 op, 9551861.00 ns, 2.2773 ns/op
OverheadActual  12: 4194304 op, 9484586.00 ns, 2.2613 ns/op
OverheadActual  13: 4194304 op, 9481270.00 ns, 2.2605 ns/op
OverheadActual  14: 4194304 op, 9493452.00 ns, 2.2634 ns/op
OverheadActual  15: 4194304 op, 9479977.00 ns, 2.2602 ns/op

WorkloadWarmup   1: 4194304 op, 920437162.00 ns, 219.4493 ns/op
WorkloadWarmup   2: 4194304 op, 915176828.00 ns, 218.1952 ns/op

// BeforeActualRun
WorkloadActual   1: 4194304 op, 913139177.00 ns, 217.7093 ns/op
WorkloadActual   2: 4194304 op, 913378784.00 ns, 217.7665 ns/op
WorkloadActual   3: 4194304 op, 919002486.00 ns, 219.1073 ns/op
WorkloadActual   4: 4194304 op, 911017097.00 ns, 217.2034 ns/op
WorkloadActual   5: 4194304 op, 917955232.00 ns, 218.8576 ns/op

// AfterActualRun
WorkloadResult   1: 4194304 op, 903657767.00 ns, 215.4488 ns/op
WorkloadResult   2: 4194304 op, 903897374.00 ns, 215.5059 ns/op
WorkloadResult   3: 4194304 op, 909521076.00 ns, 216.8467 ns/op
WorkloadResult   4: 4194304 op, 901535687.00 ns, 214.9429 ns/op
WorkloadResult   5: 4194304 op, 908473822.00 ns, 216.5970 ns/op
// GC:  136 0 0 2281701376 4194304
// Threading:  0 0 4194304

// AfterAll
// Benchmark Process 3709 has exited with code 0.

Mean = 215.868 ns, StdErr = 0.364 ns (0.17%), N = 5, StdDev = 0.814 ns
Min = 214.943 ns, Q1 = 215.449 ns, Median = 215.506 ns, Q3 = 216.597 ns, Max = 216.847 ns
IQR = 1.148 ns, LowerFence = 213.726 ns, UpperFence = 218.319 ns
ConfidenceInterval = [212.733 ns; 219.004 ns] (CI 99.9%), Margin = 3.135 ns (1.45% of Mean)
Skewness = 0.15, Kurtosis = 0.9, MValue = 2

// ** Remained 12 (35.3 %) benchmark(s) to run. Estimated finish 2026-07-31 9:48 (0h 2m from now) **
// ***** BenchmarkRunner: Finish  *****

// * Export *
  tmp/dotnet-matrix/Logging/ad2a762b2cfd4ea58cc4f94d66bf2021/results/Matrix.Logging.Benchmarks.ScopeOrContext-report.csv
  tmp/dotnet-matrix/Logging/ad2a762b2cfd4ea58cc4f94d66bf2021/results/Matrix.Logging.Benchmarks.ScopeOrContext-report-github.md
  tmp/dotnet-matrix/Logging/ad2a762b2cfd4ea58cc4f94d66bf2021/results/Matrix.Logging.Benchmarks.ScopeOrContext-report.html
  tmp/dotnet-matrix/Logging/ad2a762b2cfd4ea58cc4f94d66bf2021/results/Matrix.Logging.Benchmarks.ScopeOrContext-report-full.json

// * Detailed results *
ScopeOrContext.MicrosoftExtensionsLogging: Quick(Arguments=/p:MatrixMode=Benchmark, IterationCount=5, WarmupCount=2)
Runtime = .NET 10.0.10 (10.0.10, 10.0.1026.32716), X64 RyuJIT x86-64-v3; GC = Concurrent Workstation
Mean = 66.890 ns, StdErr = 0.325 ns (0.49%), N = 5, StdDev = 0.726 ns
Min = 66.388 ns, Q1 = 66.396 ns, Median = 66.457 ns, Q3 = 67.158 ns, Max = 68.053 ns
IQR = 0.762 ns, LowerFence = 65.253 ns, UpperFence = 68.301 ns
ConfidenceInterval = [64.095 ns; 69.686 ns] (CI 99.9%), Margin = 2.796 ns (4.18% of Mean)
Skewness = 0.66, Kurtosis = 1.43, MValue = 2
-------------------- Histogram --------------------
[66.105 ns ; 68.610 ns) | @@@@@
---------------------------------------------------

ScopeOrContext.NLog: Quick(Arguments=/p:MatrixMode=Benchmark, IterationCount=5, WarmupCount=2)
Runtime = .NET 10.0.10 (10.0.10, 10.0.1026.32716), X64 RyuJIT x86-64-v3; GC = Concurrent Workstation
Mean = 90.315 ns, StdErr = 0.234 ns (0.26%), N = 5, StdDev = 0.524 ns
Min = 89.830 ns, Q1 = 89.935 ns, Median = 90.109 ns, Q3 = 90.623 ns, Max = 91.078 ns
IQR = 0.688 ns, LowerFence = 88.904 ns, UpperFence = 91.654 ns
ConfidenceInterval = [88.297 ns; 92.334 ns] (CI 99.9%), Margin = 2.018 ns (2.23% of Mean)
Skewness = 0.41, Kurtosis = 1.13, MValue = 2
-------------------- Histogram --------------------
[89.428 ns ; 91.129 ns) | @@@@@
---------------------------------------------------

ScopeOrContext.Serilog: Quick(Arguments=/p:MatrixMode=Benchmark, IterationCount=5, WarmupCount=2)
Runtime = .NET 10.0.10 (10.0.10, 10.0.1026.32716), X64 RyuJIT x86-64-v3; GC = Concurrent Workstation
Mean = 215.868 ns, StdErr = 0.364 ns (0.17%), N = 5, StdDev = 0.814 ns
Min = 214.943 ns, Q1 = 215.449 ns, Median = 215.506 ns, Q3 = 216.597 ns, Max = 216.847 ns
IQR = 1.148 ns, LowerFence = 213.726 ns, UpperFence = 218.319 ns
ConfidenceInterval = [212.733 ns; 219.004 ns] (CI 99.9%), Margin = 3.135 ns (1.45% of Mean)
Skewness = 0.15, Kurtosis = 0.9, MValue = 2
-------------------- Histogram --------------------
[214.318 ns ; 217.472 ns) | @@@@@
---------------------------------------------------

ScopeOrContext.Log4Net: Quick(Arguments=/p:MatrixMode=Benchmark, IterationCount=5, WarmupCount=2)
Runtime = .NET 10.0.10 (10.0.10, 10.0.1026.32716), X64 RyuJIT x86-64-v3; GC = Concurrent Workstation
Mean = 362.424 ns, StdErr = 0.624 ns (0.17%), N = 5, StdDev = 1.395 ns
Min = 360.646 ns, Q1 = 361.714 ns, Median = 362.279 ns, Q3 = 363.174 ns, Max = 364.305 ns
IQR = 1.460 ns, LowerFence = 359.524 ns, UpperFence = 365.364 ns
ConfidenceInterval = [357.051 ns; 367.796 ns] (CI 99.9%), Margin = 5.372 ns (1.48% of Mean)
Skewness = 0.08, Kurtosis = 1.22, MValue = 2
-------------------- Histogram --------------------
[359.575 ns ; 365.376 ns) | @@@@@
---------------------------------------------------

// * Summary *

BenchmarkDotNet v0.15.8, Linux Ubuntu 24.04.4 LTS (Noble Numbat)
AMD EPYC 7763 3.19GHz, 1 CPU, 4 logical and 2 physical cores
.NET SDK 10.0.302
  [Host] : .NET 10.0.10 (10.0.10, 10.0.1026.32716), X64 RyuJIT x86-64-v3
  Quick  : .NET 10.0.10 (10.0.10, 10.0.1026.32716), X64 RyuJIT x86-64-v3

Job=Quick  Arguments=/p:MatrixMode=Benchmark  IterationCount=5  
WarmupCount=2  

| Method                     | Mean      | Error    | StdDev   | Gen0   | Allocated |
|--------------------------- |----------:|---------:|---------:|-------:|----------:|
| MicrosoftExtensionsLogging |  66.89 ns | 2.796 ns | 0.726 ns | 0.0072 |     120 B |
| NLog                       |  90.32 ns | 2.018 ns | 0.524 ns | 0.0148 |     248 B |
| Serilog                    | 215.87 ns | 3.135 ns | 0.814 ns | 0.0324 |     544 B |
| Log4Net                    | 362.42 ns | 5.372 ns | 1.395 ns | 0.0505 |     848 B |

// * Legends *
  Mean      : Arithmetic mean of all measurements
  Error     : Half of 99.9% confidence interval
  StdDev    : Standard deviation of all measurements
  Gen0      : GC Generation 0 collects per 1000 operations
  Allocated : Allocated memory per single operation (managed only, inclusive, 1KB = 1024B)
  1 ns      : 1 Nanosecond (0.000000001 sec)

// * Diagnostic Output - MemoryDiagnoser *


// ***** BenchmarkRunner: End *****
Run time: 00:00:33 (33.3 sec), executed benchmarks: 4

// Found 4 benchmarks:
//   SimpleMessage.Log4Net: Quick(Arguments=/p:MatrixMode=Benchmark, IterationCount=5, WarmupCount=2)
//   SimpleMessage.MicrosoftExtensionsLogging: Quick(Arguments=/p:MatrixMode=Benchmark, IterationCount=5, WarmupCount=2)
//   SimpleMessage.NLog: Quick(Arguments=/p:MatrixMode=Benchmark, IterationCount=5, WarmupCount=2)
//   SimpleMessage.Serilog: Quick(Arguments=/p:MatrixMode=Benchmark, IterationCount=5, WarmupCount=2)

// **************************
// Benchmark: SimpleMessage.Log4Net: Quick(Arguments=/p:MatrixMode=Benchmark, IterationCount=5, WarmupCount=2)
// *** Execute ***
// Launch: 1 / 1
// Execute: dotnet Matrix.Logging-Quick-1.dll --anonymousPipes 137 138 --benchmarkName Matrix.Logging.Benchmarks.SimpleMessage.Log4Net --job Quick --benchmarkId 22 in /home/runner/work/dotnet-matrix/dotnet-matrix/src/Matrix.Logging/bin/Benchmark/Release/net10.0/Matrix.Logging-Quick-1/bin/Release/net10.0
// Failed to set up high priority (Permission denied). In order to run benchmarks with high priority, make sure you have the right permissions.
// BeforeAnythingElse

// Benchmark Process Environment Information:
// BenchmarkDotNet v0.15.8
// Runtime=.NET 10.0.10 (10.0.10, 10.0.1026.32716), X64 RyuJIT x86-64-v3
// GC=Concurrent Workstation
// HardwareIntrinsics=AVX2+BMI1+BMI2+F16C+FMA+LZCNT+MOVBE,AVX,SSE3+SSSE3+SSE4.1+SSE4.2+POPCNT,X86Base+SSE+SSE2,AES+PCLMUL VectorSize=256
// Job: Quick(IterationCount=5, WarmupCount=2)

OverheadJitting  1: 1 op, 172562.00 ns, 172.5620 us/op
WorkloadJitting  1: 1 op, 2752095.00 ns, 2.7521 ms/op

OverheadJitting  2: 16 op, 180777.00 ns, 11.2986 us/op
WorkloadJitting  2: 16 op, 267289.00 ns, 16.7056 us/op

WorkloadPilot    1: 16 op, 17723.00 ns, 1.1077 us/op
WorkloadPilot    2: 32 op, 42840.00 ns, 1.3388 us/op
WorkloadPilot    3: 64 op, 60894.00 ns, 951.4688 ns/op
WorkloadPilot    4: 128 op, 136114.00 ns, 1.0634 us/op
WorkloadPilot    5: 256 op, 216364.00 ns, 845.1719 ns/op
WorkloadPilot    6: 512 op, 489854.00 ns, 956.7461 ns/op
WorkloadPilot    7: 1024 op, 918244.00 ns, 896.7227 ns/op
WorkloadPilot    8: 2048 op, 1698689.00 ns, 829.4380 ns/op
WorkloadPilot    9: 4096 op, 3511833.00 ns, 857.3811 ns/op
WorkloadPilot   10: 8192 op, 8141129.00 ns, 993.7902 ns/op
WorkloadPilot   11: 16384 op, 16103976.00 ns, 982.9087 ns/op
WorkloadPilot   12: 32768 op, 20991014.00 ns, 640.5949 ns/op
WorkloadPilot   13: 65536 op, 40319355.00 ns, 615.2245 ns/op
WorkloadPilot   14: 131072 op, 82418711.00 ns, 628.8049 ns/op
WorkloadPilot   15: 262144 op, 69231798.00 ns, 264.0984 ns/op
WorkloadPilot   16: 524288 op, 59305989.00 ns, 113.1172 ns/op
WorkloadPilot   17: 1048576 op, 118106115.00 ns, 112.6348 ns/op
WorkloadPilot   18: 2097152 op, 234534310.00 ns, 111.8347 ns/op
WorkloadPilot   19: 4194304 op, 468887129.00 ns, 111.7914 ns/op
WorkloadPilot   20: 8388608 op, 944880648.00 ns, 112.6386 ns/op

OverheadWarmup   1: 8388608 op, 21576886.00 ns, 2.5722 ns/op
OverheadWarmup   2: 8388608 op, 21562239.00 ns, 2.5704 ns/op
OverheadWarmup   3: 8388608 op, 21622762.00 ns, 2.5776 ns/op
OverheadWarmup   4: 8388608 op, 21539156.00 ns, 2.5677 ns/op
OverheadWarmup   5: 8388608 op, 21571627.00 ns, 2.5715 ns/op
OverheadWarmup   6: 8388608 op, 21629379.00 ns, 2.5784 ns/op
OverheadWarmup   7: 8388608 op, 21535094.00 ns, 2.5672 ns/op

OverheadActual   1: 8388608 op, 21572323.00 ns, 2.5716 ns/op
OverheadActual   2: 8388608 op, 21568376.00 ns, 2.5712 ns/op
OverheadActual   3: 8388608 op, 21547206.00 ns, 2.5686 ns/op
OverheadActual   4: 8388608 op, 21554179.00 ns, 2.5695 ns/op
OverheadActual   5: 8388608 op, 21538540.00 ns, 2.5676 ns/op
OverheadActual   6: 8388608 op, 21565109.00 ns, 2.5708 ns/op
OverheadActual   7: 8388608 op, 21568367.00 ns, 2.5711 ns/op
OverheadActual   8: 8388608 op, 21557516.00 ns, 2.5699 ns/op
OverheadActual   9: 8388608 op, 21562385.00 ns, 2.5704 ns/op
OverheadActual  10: 8388608 op, 21637846.00 ns, 2.5794 ns/op
OverheadActual  11: 8388608 op, 24023037.00 ns, 2.8638 ns/op
OverheadActual  12: 8388608 op, 16415298.00 ns, 1.9569 ns/op
OverheadActual  13: 8388608 op, 16321854.00 ns, 1.9457 ns/op
OverheadActual  14: 8388608 op, 16321223.00 ns, 1.9456 ns/op
OverheadActual  15: 8388608 op, 16321382.00 ns, 1.9457 ns/op
OverheadActual  16: 8388608 op, 16325120.00 ns, 1.9461 ns/op
OverheadActual  17: 8388608 op, 16342702.00 ns, 1.9482 ns/op
OverheadActual  18: 8388608 op, 16462777.00 ns, 1.9625 ns/op
OverheadActual  19: 8388608 op, 16332484.00 ns, 1.9470 ns/op
OverheadActual  20: 8388608 op, 16642993.00 ns, 1.9840 ns/op

WorkloadWarmup   1: 8388608 op, 948232924.00 ns, 113.0382 ns/op
WorkloadWarmup   2: 8388608 op, 945891964.00 ns, 112.7591 ns/op

// BeforeActualRun
WorkloadActual   1: 8388608 op, 943117547.00 ns, 112.4284 ns/op
WorkloadActual   2: 8388608 op, 940243121.00 ns, 112.0857 ns/op
WorkloadActual   3: 8388608 op, 943895879.00 ns, 112.5212 ns/op
WorkloadActual   4: 8388608 op, 941817851.00 ns, 112.2734 ns/op
WorkloadActual   5: 8388608 op, 943465385.00 ns, 112.4698 ns/op

// AfterActualRun
WorkloadResult   1: 8388608 op, 921574674.00 ns, 109.8603 ns/op
WorkloadResult   2: 8388608 op, 918700248.00 ns, 109.5176 ns/op
WorkloadResult   3: 8388608 op, 922353006.00 ns, 109.9530 ns/op
WorkloadResult   4: 8388608 op, 920274978.00 ns, 109.7053 ns/op
WorkloadResult   5: 8388608 op, 921922512.00 ns, 109.9017 ns/op
// GC:  84 0 0 1409286144 8388608
// Threading:  0 0 8388608

// AfterAll
// Benchmark Process 3723 has exited with code 0.

Mean = 109.788 ns, StdErr = 0.079 ns (0.07%), N = 5, StdDev = 0.177 ns
Min = 109.518 ns, Q1 = 109.705 ns, Median = 109.860 ns, Q3 = 109.902 ns, Max = 109.953 ns
IQR = 0.196 ns, LowerFence = 109.411 ns, UpperFence = 110.196 ns
ConfidenceInterval = [109.106 ns; 110.469 ns] (CI 99.9%), Margin = 0.682 ns (0.62% of Mean)
Skewness = -0.5, Kurtosis = 1.28, MValue = 2

// ** Remained 11 (32.4 %) benchmark(s) to run. Estimated finish 2026-07-31 9:48 (0h 1m from now) **
// **************************
// Benchmark: SimpleMessage.MicrosoftExtensionsLogging: Quick(Arguments=/p:MatrixMode=Benchmark, IterationCount=5, WarmupCount=2)
// *** Execute ***
// Launch: 1 / 1
// Execute: dotnet Matrix.Logging-Quick-1.dll --anonymousPipes 137 138 --benchmarkName Matrix.Logging.Benchmarks.SimpleMessage.MicrosoftExtensionsLogging --job Quick --benchmarkId 23 in /home/runner/work/dotnet-matrix/dotnet-matrix/src/Matrix.Logging/bin/Benchmark/Release/net10.0/Matrix.Logging-Quick-1/bin/Release/net10.0
// Failed to set up high priority (Permission denied). In order to run benchmarks with high priority, make sure you have the right permissions.
// BeforeAnythingElse

// Benchmark Process Environment Information:
// BenchmarkDotNet v0.15.8
// Runtime=.NET 10.0.10 (10.0.10, 10.0.1026.32716), X64 RyuJIT x86-64-v3
// GC=Concurrent Workstation
// HardwareIntrinsics=AVX2+BMI1+BMI2+F16C+FMA+LZCNT+MOVBE,AVX,SSE3+SSSE3+SSE4.1+SSE4.2+POPCNT,X86Base+SSE+SSE2,AES+PCLMUL VectorSize=256
// Job: Quick(IterationCount=5, WarmupCount=2)

OverheadJitting  1: 1 op, 174285.00 ns, 174.2850 us/op
WorkloadJitting  1: 1 op, 1534032.00 ns, 1.5340 ms/op

OverheadJitting  2: 16 op, 220431.00 ns, 13.7769 us/op
WorkloadJitting  2: 16 op, 185236.00 ns, 11.5773 us/op

WorkloadPilot    1: 16 op, 4508.00 ns, 281.7500 ns/op
WorkloadPilot    2: 32 op, 6633.00 ns, 207.2813 ns/op
WorkloadPilot    3: 64 op, 10189.00 ns, 159.2031 ns/op
WorkloadPilot    4: 128 op, 19006.00 ns, 148.4844 ns/op
WorkloadPilot    5: 256 op, 33232.00 ns, 129.8125 ns/op
WorkloadPilot    6: 512 op, 54622.00 ns, 106.6836 ns/op
WorkloadPilot    7: 1024 op, 96180.00 ns, 93.9258 ns/op
WorkloadPilot    8: 2048 op, 181388.00 ns, 88.5684 ns/op
WorkloadPilot    9: 4096 op, 373337.00 ns, 91.1467 ns/op
WorkloadPilot   10: 8192 op, 914927.00 ns, 111.6854 ns/op
WorkloadPilot   11: 16384 op, 1709539.00 ns, 104.3420 ns/op
WorkloadPilot   12: 32768 op, 3141181.00 ns, 95.8612 ns/op
WorkloadPilot   13: 65536 op, 6076638.00 ns, 92.7221 ns/op
WorkloadPilot   14: 131072 op, 11935900.00 ns, 91.0637 ns/op
WorkloadPilot   15: 262144 op, 23506118.00 ns, 89.6687 ns/op
WorkloadPilot   16: 524288 op, 47008849.00 ns, 89.6623 ns/op
WorkloadPilot   17: 1048576 op, 56986867.00 ns, 54.3469 ns/op
WorkloadPilot   18: 2097152 op, 43116156.00 ns, 20.5594 ns/op
WorkloadPilot   19: 4194304 op, 86505802.00 ns, 20.6246 ns/op
WorkloadPilot   20: 8388608 op, 172143426.00 ns, 20.5211 ns/op
WorkloadPilot   21: 16777216 op, 344282554.00 ns, 20.5208 ns/op
WorkloadPilot   22: 33554432 op, 688838829.00 ns, 20.5290 ns/op

OverheadWarmup   1: 33554432 op, 75952253.00 ns, 2.2636 ns/op
OverheadWarmup   2: 33554432 op, 75893132.00 ns, 2.2618 ns/op
OverheadWarmup   3: 33554432 op, 84005017.00 ns, 2.5035 ns/op
OverheadWarmup   4: 33554432 op, 55014877.00 ns, 1.6396 ns/op
OverheadWarmup   5: 33554432 op, 54872311.00 ns, 1.6353 ns/op
OverheadWarmup   6: 33554432 op, 54885355.00 ns, 1.6357 ns/op
OverheadWarmup   7: 33554432 op, 56384402.00 ns, 1.6804 ns/op
OverheadWarmup   8: 33554432 op, 54947753.00 ns, 1.6376 ns/op

OverheadActual   1: 33554432 op, 54835382.00 ns, 1.6342 ns/op
OverheadActual   2: 33554432 op, 54875467.00 ns, 1.6354 ns/op
OverheadActual   3: 33554432 op, 54876168.00 ns, 1.6354 ns/op
OverheadActual   4: 33554432 op, 55231542.00 ns, 1.6460 ns/op
OverheadActual   5: 33554432 op, 55035215.00 ns, 1.6402 ns/op
OverheadActual   6: 33554432 op, 55064460.00 ns, 1.6410 ns/op
OverheadActual   7: 33554432 op, 54961728.00 ns, 1.6380 ns/op
OverheadActual   8: 33554432 op, 55196356.00 ns, 1.6450 ns/op
OverheadActual   9: 33554432 op, 54909741.00 ns, 1.6364 ns/op
OverheadActual  10: 33554432 op, 54912176.00 ns, 1.6365 ns/op
OverheadActual  11: 33554432 op, 54831755.00 ns, 1.6341 ns/op
OverheadActual  12: 33554432 op, 54862793.00 ns, 1.6350 ns/op
OverheadActual  13: 33554432 op, 54854437.00 ns, 1.6348 ns/op
OverheadActual  14: 33554432 op, 54877811.00 ns, 1.6355 ns/op
OverheadActual  15: 33554432 op, 55027811.00 ns, 1.6400 ns/op

WorkloadWarmup   1: 33554432 op, 688616204.00 ns, 20.5224 ns/op
WorkloadWarmup   2: 33554432 op, 689282046.00 ns, 20.5422 ns/op

// BeforeActualRun
WorkloadActual   1: 33554432 op, 688535333.00 ns, 20.5200 ns/op
WorkloadActual   2: 33554432 op, 688598110.00 ns, 20.5218 ns/op
WorkloadActual   3: 33554432 op, 688283153.00 ns, 20.5124 ns/op
WorkloadActual   4: 33554432 op, 691547343.00 ns, 20.6097 ns/op
WorkloadActual   5: 33554432 op, 689004588.00 ns, 20.5339 ns/op

// AfterActualRun
WorkloadResult   1: 33554432 op, 633625592.00 ns, 18.8835 ns/op
WorkloadResult   2: 33554432 op, 633688369.00 ns, 18.8854 ns/op
WorkloadResult   3: 33554432 op, 633373412.00 ns, 18.8760 ns/op
WorkloadResult   4: 33554432 op, 634094847.00 ns, 18.8975 ns/op
// GC:  0 0 0 0 33554432
// Threading:  0 0 33554432

// AfterAll
// Benchmark Process 3734 has exited with code 0.

Mean = 18.886 ns, StdErr = 0.004 ns (0.02%), N = 4, StdDev = 0.009 ns
Min = 18.876 ns, Q1 = 18.882 ns, Median = 18.884 ns, Q3 = 18.888 ns, Max = 18.897 ns
IQR = 0.007 ns, LowerFence = 18.871 ns, UpperFence = 18.899 ns
ConfidenceInterval = [18.828 ns; 18.943 ns] (CI 99.9%), Margin = 0.058 ns (0.30% of Mean)
Skewness = 0.28, Kurtosis = 1.13, MValue = 2

// ** Remained 10 (29.4 %) benchmark(s) to run. Estimated finish 2026-07-31 9:48 (0h 1m from now) **
// **************************
// Benchmark: SimpleMessage.NLog: Quick(Arguments=/p:MatrixMode=Benchmark, IterationCount=5, WarmupCount=2)
// *** Execute ***
// Launch: 1 / 1
// Execute: dotnet Matrix.Logging-Quick-1.dll --anonymousPipes 137 138 --benchmarkName Matrix.Logging.Benchmarks.SimpleMessage.NLog --job Quick --benchmarkId 24 in /home/runner/work/dotnet-matrix/dotnet-matrix/src/Matrix.Logging/bin/Benchmark/Release/net10.0/Matrix.Logging-Quick-1/bin/Release/net10.0
// Failed to set up high priority (Permission denied). In order to run benchmarks with high priority, make sure you have the right permissions.
// BeforeAnythingElse

// Benchmark Process Environment Information:
// BenchmarkDotNet v0.15.8
// Runtime=.NET 10.0.10 (10.0.10, 10.0.1026.32716), X64 RyuJIT x86-64-v3
// GC=Concurrent Workstation
// HardwareIntrinsics=AVX2+BMI1+BMI2+F16C+FMA+LZCNT+MOVBE,AVX,SSE3+SSSE3+SSE4.1+SSE4.2+POPCNT,X86Base+SSE+SSE2,AES+PCLMUL VectorSize=256
// Job: Quick(IterationCount=5, WarmupCount=2)

OverheadJitting  1: 1 op, 173934.00 ns, 173.9340 us/op
WorkloadJitting  1: 1 op, 3963535.00 ns, 3.9635 ms/op

OverheadJitting  2: 16 op, 191267.00 ns, 11.9542 us/op
WorkloadJitting  2: 16 op, 242993.00 ns, 15.1871 us/op

WorkloadPilot    1: 16 op, 11992.00 ns, 749.5000 ns/op
WorkloadPilot    2: 32 op, 17112.00 ns, 534.7500 ns/op
WorkloadPilot    3: 64 op, 41938.00 ns, 655.2813 ns/op
WorkloadPilot    4: 128 op, 62957.00 ns, 491.8516 ns/op
WorkloadPilot    5: 256 op, 115826.00 ns, 452.4453 ns/op
WorkloadPilot    6: 512 op, 206015.00 ns, 402.3730 ns/op
WorkloadPilot    7: 1024 op, 368778.00 ns, 360.1348 ns/op
WorkloadPilot    8: 2048 op, 691029.00 ns, 337.4165 ns/op
WorkloadPilot    9: 4096 op, 1226709.00 ns, 299.4895 ns/op
WorkloadPilot   10: 8192 op, 3091619.00 ns, 377.3949 ns/op
WorkloadPilot   11: 16384 op, 5827674.00 ns, 355.6930 ns/op
WorkloadPilot   12: 32768 op, 11384973.00 ns, 347.4418 ns/op
WorkloadPilot   13: 65536 op, 22015238.00 ns, 335.9259 ns/op
WorkloadPilot   14: 131072 op, 43189967.00 ns, 329.5133 ns/op
WorkloadPilot   15: 262144 op, 74562695.00 ns, 284.4341 ns/op
WorkloadPilot   16: 524288 op, 28143002.00 ns, 53.6785 ns/op
WorkloadPilot   17: 1048576 op, 49248762.00 ns, 46.9673 ns/op
WorkloadPilot   18: 2097152 op, 94609250.00 ns, 45.1132 ns/op
WorkloadPilot   19: 4194304 op, 190754877.00 ns, 45.4795 ns/op
WorkloadPilot   20: 8388608 op, 382513997.00 ns, 45.5992 ns/op
WorkloadPilot   21: 16777216 op, 764432199.00 ns, 45.5637 ns/op

OverheadWarmup   1: 16777216 op, 46338383.00 ns, 2.7620 ns/op
OverheadWarmup   2: 16777216 op, 43103546.00 ns, 2.5692 ns/op
OverheadWarmup   3: 16777216 op, 43222368.00 ns, 2.5763 ns/op
OverheadWarmup   4: 16777216 op, 49949541.00 ns, 2.9772 ns/op
OverheadWarmup   5: 16777216 op, 43089229.00 ns, 2.5683 ns/op
OverheadWarmup   6: 16777216 op, 43129835.00 ns, 2.5707 ns/op
OverheadWarmup   7: 16777216 op, 42604615.00 ns, 2.5394 ns/op

OverheadActual   1: 16777216 op, 32805211.00 ns, 1.9553 ns/op
OverheadActual   2: 16777216 op, 32623281.00 ns, 1.9445 ns/op
OverheadActual   3: 16777216 op, 32586583.00 ns, 1.9423 ns/op
OverheadActual   4: 16777216 op, 31989148.00 ns, 1.9067 ns/op
OverheadActual   5: 16777216 op, 32226100.00 ns, 1.9208 ns/op
OverheadActual   6: 16777216 op, 32643860.00 ns, 1.9457 ns/op
OverheadActual   7: 16777216 op, 32632158.00 ns, 1.9450 ns/op
OverheadActual   8: 16777216 op, 32627679.00 ns, 1.9448 ns/op
OverheadActual   9: 16777216 op, 35270932.00 ns, 2.1023 ns/op
OverheadActual  10: 16777216 op, 37778840.00 ns, 2.2518 ns/op
OverheadActual  11: 16777216 op, 32658347.00 ns, 1.9466 ns/op
OverheadActual  12: 16777216 op, 32679727.00 ns, 1.9479 ns/op
OverheadActual  13: 16777216 op, 31346369.00 ns, 1.8684 ns/op
OverheadActual  14: 16777216 op, 32683674.00 ns, 1.9481 ns/op
OverheadActual  15: 16777216 op, 32651013.00 ns, 1.9462 ns/op

WorkloadWarmup   1: 16777216 op, 767635350.00 ns, 45.7546 ns/op
WorkloadWarmup   2: 16777216 op, 755219052.00 ns, 45.0146 ns/op

// BeforeActualRun
WorkloadActual   1: 16777216 op, 747605446.00 ns, 44.5608 ns/op
WorkloadActual   2: 16777216 op, 750384261.00 ns, 44.7264 ns/op
WorkloadActual   3: 16777216 op, 749651133.00 ns, 44.6827 ns/op
WorkloadActual   4: 16777216 op, 749461129.00 ns, 44.6714 ns/op
WorkloadActual   5: 16777216 op, 751527329.00 ns, 44.7945 ns/op

// AfterActualRun
WorkloadResult   1: 16777216 op, 714961586.00 ns, 42.6150 ns/op
WorkloadResult   2: 16777216 op, 717740401.00 ns, 42.7807 ns/op
WorkloadResult   3: 16777216 op, 717007273.00 ns, 42.7370 ns/op
WorkloadResult   4: 16777216 op, 716817269.00 ns, 42.7256 ns/op
WorkloadResult   5: 16777216 op, 718883469.00 ns, 42.8488 ns/op
// GC:  120 0 0 2013265920 16777216
// Threading:  0 0 16777216

// AfterAll
// Benchmark Process 3746 has exited with code 0.

Mean = 42.741 ns, StdErr = 0.038 ns (0.09%), N = 5, StdDev = 0.086 ns
Min = 42.615 ns, Q1 = 42.726 ns, Median = 42.737 ns, Q3 = 42.781 ns, Max = 42.849 ns
IQR = 0.055 ns, LowerFence = 42.643 ns, UpperFence = 42.863 ns
ConfidenceInterval = [42.412 ns; 43.071 ns] (CI 99.9%), Margin = 0.330 ns (0.77% of Mean)
Skewness = -0.23, Kurtosis = 1.45, MValue = 2

// ** Remained 9 (26.5 %) benchmark(s) to run. Estimated finish 2026-07-31 9:48 (0h 1m from now) **
// **************************
// Benchmark: SimpleMessage.Serilog: Quick(Arguments=/p:MatrixMode=Benchmark, IterationCount=5, WarmupCount=2)
// *** Execute ***
// Launch: 1 / 1
// Execute: dotnet Matrix.Logging-Quick-1.dll --anonymousPipes 137 138 --benchmarkName Matrix.Logging.Benchmarks.SimpleMessage.Serilog --job Quick --benchmarkId 25 in /home/runner/work/dotnet-matrix/dotnet-matrix/src/Matrix.Logging/bin/Benchmark/Release/net10.0/Matrix.Logging-Quick-1/bin/Release/net10.0
// Failed to set up high priority (Permission denied). In order to run benchmarks with high priority, make sure you have the right permissions.
// BeforeAnythingElse

// Benchmark Process Environment Information:
// BenchmarkDotNet v0.15.8
// Runtime=.NET 10.0.10 (10.0.10, 10.0.1026.32716), X64 RyuJIT x86-64-v3
// GC=Concurrent Workstation
// HardwareIntrinsics=AVX2+BMI1+BMI2+F16C+FMA+LZCNT+MOVBE,AVX,SSE3+SSSE3+SSE4.1+SSE4.2+POPCNT,X86Base+SSE+SSE2,AES+PCLMUL VectorSize=256
// Job: Quick(IterationCount=5, WarmupCount=2)

OverheadJitting  1: 1 op, 200333.00 ns, 200.3330 us/op
WorkloadJitting  1: 1 op, 5669308.00 ns, 5.6693 ms/op

OverheadJitting  2: 16 op, 196246.00 ns, 12.2654 us/op
WorkloadJitting  2: 16 op, 254715.00 ns, 15.9197 us/op

WorkloadPilot    1: 16 op, 12052.00 ns, 753.2500 ns/op
WorkloadPilot    2: 32 op, 25487.00 ns, 796.4688 ns/op
WorkloadPilot    3: 64 op, 60002.00 ns, 937.5313 ns/op
WorkloadPilot    4: 128 op, 68178.00 ns, 532.6406 ns/op
WorkloadPilot    5: 256 op, 111659.00 ns, 436.1680 ns/op
WorkloadPilot    6: 512 op, 239177.00 ns, 467.1426 ns/op
WorkloadPilot    7: 1024 op, 446874.00 ns, 436.4004 ns/op
WorkloadPilot    8: 2048 op, 751453.00 ns, 366.9204 ns/op
WorkloadPilot    9: 4096 op, 1504868.00 ns, 367.3994 ns/op
WorkloadPilot   10: 8192 op, 3479743.00 ns, 424.7733 ns/op
WorkloadPilot   11: 16384 op, 6656710.00 ns, 406.2933 ns/op
WorkloadPilot   12: 32768 op, 12944714.00 ns, 395.0413 ns/op
WorkloadPilot   13: 65536 op, 25758234.00 ns, 393.0395 ns/op
WorkloadPilot   14: 131072 op, 47760077.00 ns, 364.3805 ns/op
WorkloadPilot   15: 262144 op, 100232958.00 ns, 382.3584 ns/op
WorkloadPilot   16: 524288 op, 53665056.00 ns, 102.3580 ns/op
WorkloadPilot   17: 1048576 op, 96469837.00 ns, 92.0008 ns/op
WorkloadPilot   18: 2097152 op, 195758364.00 ns, 93.3449 ns/op
WorkloadPilot   19: 4194304 op, 383544423.00 ns, 91.4441 ns/op
WorkloadPilot   20: 8388608 op, 766494786.00 ns, 91.3733 ns/op

OverheadWarmup   1: 8388608 op, 21662211.00 ns, 2.5823 ns/op
OverheadWarmup   2: 8388608 op, 21557034.00 ns, 2.5698 ns/op
OverheadWarmup   3: 8388608 op, 21550081.00 ns, 2.5690 ns/op
OverheadWarmup   4: 8388608 op, 21534522.00 ns, 2.5671 ns/op
OverheadWarmup   5: 8388608 op, 21531767.00 ns, 2.5668 ns/op
OverheadWarmup   6: 8388608 op, 21559850.00 ns, 2.5701 ns/op
OverheadWarmup   7: 8388608 op, 21586319.00 ns, 2.5733 ns/op
OverheadWarmup   8: 8388608 op, 21533210.00 ns, 2.5670 ns/op
OverheadWarmup   9: 8388608 op, 21678932.00 ns, 2.5843 ns/op
OverheadWarmup  10: 8388608 op, 21543690.00 ns, 2.5682 ns/op

OverheadActual   1: 8388608 op, 21834111.00 ns, 2.6028 ns/op
OverheadActual   2: 8388608 op, 21623458.00 ns, 2.5777 ns/op
OverheadActual   3: 8388608 op, 21643165.00 ns, 2.5801 ns/op
OverheadActual   4: 8388608 op, 21662711.00 ns, 2.5824 ns/op
OverheadActual   5: 8388608 op, 21576090.00 ns, 2.5721 ns/op
OverheadActual   6: 8388608 op, 21543769.00 ns, 2.5682 ns/op
OverheadActual   7: 8388608 op, 21723425.00 ns, 2.5896 ns/op
OverheadActual   8: 8388608 op, 21600746.00 ns, 2.5750 ns/op
OverheadActual   9: 8388608 op, 21546886.00 ns, 2.5686 ns/op
OverheadActual  10: 8388608 op, 21553438.00 ns, 2.5694 ns/op
OverheadActual  11: 8388608 op, 21545192.00 ns, 2.5684 ns/op
OverheadActual  12: 8388608 op, 21544862.00 ns, 2.5683 ns/op
OverheadActual  13: 8388608 op, 24215314.00 ns, 2.8867 ns/op
OverheadActual  14: 8388608 op, 13790613.00 ns, 1.6440 ns/op
OverheadActual  15: 8388608 op, 13711575.00 ns, 1.6345 ns/op
OverheadActual  16: 8388608 op, 13702207.00 ns, 1.6334 ns/op
OverheadActual  17: 8388608 op, 13727775.00 ns, 1.6365 ns/op
OverheadActual  18: 8388608 op, 13706456.00 ns, 1.6339 ns/op
OverheadActual  19: 8388608 op, 13706676.00 ns, 1.6340 ns/op
OverheadActual  20: 8388608 op, 13705343.00 ns, 1.6338 ns/op

WorkloadWarmup   1: 8388608 op, 776353541.00 ns, 92.5486 ns/op
WorkloadWarmup   2: 8388608 op, 774138659.00 ns, 92.2845 ns/op

// BeforeActualRun
WorkloadActual   1: 8388608 op, 769717990.00 ns, 91.7575 ns/op
WorkloadActual   2: 8388608 op, 770380576.00 ns, 91.8365 ns/op
WorkloadActual   3: 8388608 op, 765472898.00 ns, 91.2515 ns/op
WorkloadActual   4: 8388608 op, 764913580.00 ns, 91.1848 ns/op
WorkloadActual   5: 8388608 op, 765127484.00 ns, 91.2103 ns/op

// AfterActualRun
WorkloadResult   1: 8388608 op, 748171951.00 ns, 89.1890 ns/op
WorkloadResult   2: 8388608 op, 748834537.00 ns, 89.2680 ns/op
WorkloadResult   3: 8388608 op, 743926859.00 ns, 88.6830 ns/op
WorkloadResult   4: 8388608 op, 743367541.00 ns, 88.6163 ns/op
WorkloadResult   5: 8388608 op, 743581445.00 ns, 88.6418 ns/op
// GC:  80 0 0 1342177280 8388608
// Threading:  0 0 8388608

// AfterAll
// Benchmark Process 3764 has exited with code 0.

Mean = 88.880 ns, StdErr = 0.143 ns (0.16%), N = 5, StdDev = 0.321 ns
Min = 88.616 ns, Q1 = 88.642 ns, Median = 88.683 ns, Q3 = 89.189 ns, Max = 89.268 ns
IQR = 0.547 ns, LowerFence = 87.821 ns, UpperFence = 90.010 ns
ConfidenceInterval = [87.645 ns; 90.114 ns] (CI 99.9%), Margin = 1.235 ns (1.39% of Mean)
Skewness = 0.3, Kurtosis = 0.78, MValue = 2

// ** Remained 8 (23.5 %) benchmark(s) to run. Estimated finish 2026-07-31 9:48 (0h 1m from now) **
// ***** BenchmarkRunner: Finish  *****

// * Export *
  tmp/dotnet-matrix/Logging/ad2a762b2cfd4ea58cc4f94d66bf2021/results/Matrix.Logging.Benchmarks.SimpleMessage-report.csv
  tmp/dotnet-matrix/Logging/ad2a762b2cfd4ea58cc4f94d66bf2021/results/Matrix.Logging.Benchmarks.SimpleMessage-report-github.md
  tmp/dotnet-matrix/Logging/ad2a762b2cfd4ea58cc4f94d66bf2021/results/Matrix.Logging.Benchmarks.SimpleMessage-report.html
  tmp/dotnet-matrix/Logging/ad2a762b2cfd4ea58cc4f94d66bf2021/results/Matrix.Logging.Benchmarks.SimpleMessage-report-full.json

// * Detailed results *
SimpleMessage.MicrosoftExtensionsLogging: Quick(Arguments=/p:MatrixMode=Benchmark, IterationCount=5, WarmupCount=2)
Runtime = .NET 10.0.10 (10.0.10, 10.0.1026.32716), X64 RyuJIT x86-64-v3; GC = Concurrent Workstation
Mean = 18.886 ns, StdErr = 0.004 ns (0.02%), N = 4, StdDev = 0.009 ns
Min = 18.876 ns, Q1 = 18.882 ns, Median = 18.884 ns, Q3 = 18.888 ns, Max = 18.897 ns
IQR = 0.007 ns, LowerFence = 18.871 ns, UpperFence = 18.899 ns
ConfidenceInterval = [18.828 ns; 18.943 ns] (CI 99.9%), Margin = 0.058 ns (0.30% of Mean)
Skewness = 0.28, Kurtosis = 1.13, MValue = 2
-------------------- Histogram --------------------
[18.869 ns ; 18.905 ns) | @@@@
---------------------------------------------------

SimpleMessage.NLog: Quick(Arguments=/p:MatrixMode=Benchmark, IterationCount=5, WarmupCount=2)
Runtime = .NET 10.0.10 (10.0.10, 10.0.1026.32716), X64 RyuJIT x86-64-v3; GC = Concurrent Workstation
Mean = 42.741 ns, StdErr = 0.038 ns (0.09%), N = 5, StdDev = 0.086 ns
Min = 42.615 ns, Q1 = 42.726 ns, Median = 42.737 ns, Q3 = 42.781 ns, Max = 42.849 ns
IQR = 0.055 ns, LowerFence = 42.643 ns, UpperFence = 42.863 ns
ConfidenceInterval = [42.412 ns; 43.071 ns] (CI 99.9%), Margin = 0.330 ns (0.77% of Mean)
Skewness = -0.23, Kurtosis = 1.45, MValue = 2
-------------------- Histogram --------------------
[42.549 ns ; 42.915 ns) | @@@@@
---------------------------------------------------

SimpleMessage.Serilog: Quick(Arguments=/p:MatrixMode=Benchmark, IterationCount=5, WarmupCount=2)
Runtime = .NET 10.0.10 (10.0.10, 10.0.1026.32716), X64 RyuJIT x86-64-v3; GC = Concurrent Workstation
Mean = 88.880 ns, StdErr = 0.143 ns (0.16%), N = 5, StdDev = 0.321 ns
Min = 88.616 ns, Q1 = 88.642 ns, Median = 88.683 ns, Q3 = 89.189 ns, Max = 89.268 ns
IQR = 0.547 ns, LowerFence = 87.821 ns, UpperFence = 90.010 ns
ConfidenceInterval = [87.645 ns; 90.114 ns] (CI 99.9%), Margin = 1.235 ns (1.39% of Mean)
Skewness = 0.3, Kurtosis = 0.78, MValue = 2
-------------------- Histogram --------------------
[88.370 ns ; 89.514 ns) | @@@@@
---------------------------------------------------

SimpleMessage.Log4Net: Quick(Arguments=/p:MatrixMode=Benchmark, IterationCount=5, WarmupCount=2)
Runtime = .NET 10.0.10 (10.0.10, 10.0.1026.32716), X64 RyuJIT x86-64-v3; GC = Concurrent Workstation
Mean = 109.788 ns, StdErr = 0.079 ns (0.07%), N = 5, StdDev = 0.177 ns
Min = 109.518 ns, Q1 = 109.705 ns, Median = 109.860 ns, Q3 = 109.902 ns, Max = 109.953 ns
IQR = 0.196 ns, LowerFence = 109.411 ns, UpperFence = 110.196 ns
ConfidenceInterval = [109.106 ns; 110.469 ns] (CI 99.9%), Margin = 0.682 ns (0.62% of Mean)
Skewness = -0.5, Kurtosis = 1.28, MValue = 2
-------------------- Histogram --------------------
[109.382 ns ; 110.089 ns) | @@@@@
---------------------------------------------------

// * Summary *

BenchmarkDotNet v0.15.8, Linux Ubuntu 24.04.4 LTS (Noble Numbat)
AMD EPYC 7763 3.19GHz, 1 CPU, 4 logical and 2 physical cores
.NET SDK 10.0.302
  [Host] : .NET 10.0.10 (10.0.10, 10.0.1026.32716), X64 RyuJIT x86-64-v3
  Quick  : .NET 10.0.10 (10.0.10, 10.0.1026.32716), X64 RyuJIT x86-64-v3

Job=Quick  Arguments=/p:MatrixMode=Benchmark  IterationCount=5  
WarmupCount=2  

| Method                     | Mean      | Error    | StdDev   | Gen0   | Allocated |
|--------------------------- |----------:|---------:|---------:|-------:|----------:|
| MicrosoftExtensionsLogging |  18.89 ns | 0.058 ns | 0.009 ns |      - |         - |
| NLog                       |  42.74 ns | 0.330 ns | 0.086 ns | 0.0072 |     120 B |
| Serilog                    |  88.88 ns | 1.235 ns | 0.321 ns | 0.0095 |     160 B |
| Log4Net                    | 109.79 ns | 0.682 ns | 0.177 ns | 0.0100 |     168 B |

// * Hints *
Outliers
  SimpleMessage.MicrosoftExtensionsLogging: Quick -> 1 outlier  was  removed (20.61 ns)
  SimpleMessage.NLog: Quick                       -> 1 outlier  was  detected (44.56 ns)

// * Legends *
  Mean      : Arithmetic mean of all measurements
  Error     : Half of 99.9% confidence interval
  StdDev    : Standard deviation of all measurements
  Gen0      : GC Generation 0 collects per 1000 operations
  Allocated : Allocated memory per single operation (managed only, inclusive, 1KB = 1024B)
  1 ns      : 1 Nanosecond (0.000000001 sec)

// * Diagnostic Output - MemoryDiagnoser *


// ***** BenchmarkRunner: End *****
Run time: 00:00:36 (36.5 sec), executed benchmarks: 4

// Found 4 benchmarks:
//   StructuredProperties.Log4Net: Quick(Arguments=/p:MatrixMode=Benchmark, IterationCount=5, WarmupCount=2)
//   StructuredProperties.MicrosoftExtensionsLogging: Quick(Arguments=/p:MatrixMode=Benchmark, IterationCount=5, WarmupCount=2)
//   StructuredProperties.NLog: Quick(Arguments=/p:MatrixMode=Benchmark, IterationCount=5, WarmupCount=2)
//   StructuredProperties.Serilog: Quick(Arguments=/p:MatrixMode=Benchmark, IterationCount=5, WarmupCount=2)

// **************************
// Benchmark: StructuredProperties.Log4Net: Quick(Arguments=/p:MatrixMode=Benchmark, IterationCount=5, WarmupCount=2)
// *** Execute ***
// Launch: 1 / 1
// Execute: dotnet Matrix.Logging-Quick-1.dll --anonymousPipes 137 138 --benchmarkName Matrix.Logging.Benchmarks.StructuredProperties.Log4Net --job Quick --benchmarkId 26 in /home/runner/work/dotnet-matrix/dotnet-matrix/src/Matrix.Logging/bin/Benchmark/Release/net10.0/Matrix.Logging-Quick-1/bin/Release/net10.0
// Failed to set up high priority (Permission denied). In order to run benchmarks with high priority, make sure you have the right permissions.
// BeforeAnythingElse

// Benchmark Process Environment Information:
// BenchmarkDotNet v0.15.8
// Runtime=.NET 10.0.10 (10.0.10, 10.0.1026.32716), X64 RyuJIT x86-64-v3
// GC=Concurrent Workstation
// HardwareIntrinsics=AVX2+BMI1+BMI2+F16C+FMA+LZCNT+MOVBE,AVX,SSE3+SSSE3+SSE4.1+SSE4.2+POPCNT,X86Base+SSE+SSE2,AES+PCLMUL VectorSize=256
// Job: Quick(IterationCount=5, WarmupCount=2)

OverheadJitting  1: 1 op, 173564.00 ns, 173.5640 us/op
WorkloadJitting  1: 1 op, 4137260.00 ns, 4.1373 ms/op

OverheadJitting  2: 16 op, 181158.00 ns, 11.3224 us/op
WorkloadJitting  2: 16 op, 301974.00 ns, 18.8734 us/op

WorkloadPilot    1: 16 op, 74699.00 ns, 4.6687 us/op
WorkloadPilot    2: 32 op, 133319.00 ns, 4.1662 us/op
WorkloadPilot    3: 64 op, 290693.00 ns, 4.5421 us/op
WorkloadPilot    4: 128 op, 491457.00 ns, 3.8395 us/op
WorkloadPilot    5: 256 op, 789344.00 ns, 3.0834 us/op
WorkloadPilot    6: 512 op, 1668343.00 ns, 3.2585 us/op
WorkloadPilot    7: 1024 op, 3398722.00 ns, 3.3191 us/op
WorkloadPilot    8: 2048 op, 6984162.00 ns, 3.4102 us/op
WorkloadPilot    9: 4096 op, 14077507.00 ns, 3.4369 us/op
WorkloadPilot   10: 8192 op, 28271051.00 ns, 3.4511 us/op
WorkloadPilot   11: 16384 op, 44741483.00 ns, 2.7308 us/op
WorkloadPilot   12: 32768 op, 77024118.00 ns, 2.3506 us/op
WorkloadPilot   13: 65536 op, 94888130.00 ns, 1.4479 us/op
WorkloadPilot   14: 131072 op, 92418252.00 ns, 705.0953 ns/op
WorkloadPilot   15: 262144 op, 186115611.00 ns, 709.9747 ns/op
WorkloadPilot   16: 524288 op, 366169345.00 ns, 698.4126 ns/op
WorkloadPilot   17: 1048576 op, 729548117.00 ns, 695.7513 ns/op

OverheadWarmup   1: 1048576 op, 2730284.00 ns, 2.6038 ns/op
OverheadWarmup   2: 1048576 op, 2705649.00 ns, 2.5803 ns/op
OverheadWarmup   3: 1048576 op, 2695880.00 ns, 2.5710 ns/op
OverheadWarmup   4: 1048576 op, 2729292.00 ns, 2.6029 ns/op
OverheadWarmup   5: 1048576 op, 2726046.00 ns, 2.5998 ns/op
OverheadWarmup   6: 1048576 op, 2718893.00 ns, 2.5929 ns/op
OverheadWarmup   7: 1048576 op, 2725335.00 ns, 2.5991 ns/op
OverheadWarmup   8: 1048576 op, 2707101.00 ns, 2.5817 ns/op

OverheadActual   1: 1048576 op, 2717070.00 ns, 2.5912 ns/op
OverheadActual   2: 1048576 op, 2713763.00 ns, 2.5880 ns/op
OverheadActual   3: 1048576 op, 2690490.00 ns, 2.5659 ns/op
OverheadActual   4: 1048576 op, 2712952.00 ns, 2.5873 ns/op
OverheadActual   5: 1048576 op, 2721487.00 ns, 2.5954 ns/op
OverheadActual   6: 1048576 op, 2781350.00 ns, 2.6525 ns/op
OverheadActual   7: 1048576 op, 2706229.00 ns, 2.5809 ns/op
OverheadActual   8: 1048576 op, 2704637.00 ns, 2.5793 ns/op
OverheadActual   9: 1048576 op, 2705898.00 ns, 2.5805 ns/op
OverheadActual  10: 1048576 op, 2716779.00 ns, 2.5909 ns/op
OverheadActual  11: 1048576 op, 2713753.00 ns, 2.5880 ns/op
OverheadActual  12: 1048576 op, 2725745.00 ns, 2.5995 ns/op
OverheadActual  13: 1048576 op, 2715347.00 ns, 2.5896 ns/op
OverheadActual  14: 1048576 op, 2714635.00 ns, 2.5889 ns/op
OverheadActual  15: 1048576 op, 2705408.00 ns, 2.5801 ns/op

WorkloadWarmup   1: 1048576 op, 730392712.00 ns, 696.5568 ns/op
WorkloadWarmup   2: 1048576 op, 728455458.00 ns, 694.7093 ns/op

// BeforeActualRun
WorkloadActual   1: 1048576 op, 721079825.00 ns, 687.6753 ns/op
WorkloadActual   2: 1048576 op, 723732164.00 ns, 690.2048 ns/op
WorkloadActual   3: 1048576 op, 727754580.00 ns, 694.0409 ns/op
WorkloadActual   4: 1048576 op, 726062643.00 ns, 692.4273 ns/op
WorkloadActual   5: 1048576 op, 727743036.00 ns, 694.0298 ns/op

// AfterActualRun
WorkloadResult   1: 1048576 op, 718366062.00 ns, 685.0873 ns/op
WorkloadResult   2: 1048576 op, 721018401.00 ns, 687.6167 ns/op
WorkloadResult   3: 1048576 op, 725040817.00 ns, 691.4528 ns/op
WorkloadResult   4: 1048576 op, 723348880.00 ns, 689.8392 ns/op
WorkloadResult   5: 1048576 op, 725029273.00 ns, 691.4418 ns/op
// GC:  113 0 0 1904214016 1048576
// Threading:  0 0 1048576

// AfterAll
// Benchmark Process 3778 has exited with code 0.

Mean = 689.088 ns, StdErr = 1.222 ns (0.18%), N = 5, StdDev = 2.733 ns
Min = 685.087 ns, Q1 = 687.617 ns, Median = 689.839 ns, Q3 = 691.442 ns, Max = 691.453 ns
IQR = 3.825 ns, LowerFence = 681.879 ns, UpperFence = 697.179 ns
ConfidenceInterval = [678.565 ns; 699.610 ns] (CI 99.9%), Margin = 10.522 ns (1.53% of Mean)
Skewness = -0.4, Kurtosis = 1.16, MValue = 2

// ** Remained 7 (20.6 %) benchmark(s) to run. Estimated finish 2026-07-31 9:48 (0h 1m from now) **
// **************************
// Benchmark: StructuredProperties.MicrosoftExtensionsLogging: Quick(Arguments=/p:MatrixMode=Benchmark, IterationCount=5, WarmupCount=2)
// *** Execute ***
// Launch: 1 / 1
// Execute: dotnet Matrix.Logging-Quick-1.dll --anonymousPipes 137 138 --benchmarkName Matrix.Logging.Benchmarks.StructuredProperties.MicrosoftExtensionsLogging --job Quick --benchmarkId 27 in /home/runner/work/dotnet-matrix/dotnet-matrix/src/Matrix.Logging/bin/Benchmark/Release/net10.0/Matrix.Logging-Quick-1/bin/Release/net10.0
// Failed to set up high priority (Permission denied). In order to run benchmarks with high priority, make sure you have the right permissions.
// BeforeAnythingElse

// Benchmark Process Environment Information:
// BenchmarkDotNet v0.15.8
// Runtime=.NET 10.0.10 (10.0.10, 10.0.1026.32716), X64 RyuJIT x86-64-v3
// GC=Concurrent Workstation
// HardwareIntrinsics=AVX2+BMI1+BMI2+F16C+FMA+LZCNT+MOVBE,AVX,SSE3+SSSE3+SSE4.1+SSE4.2+POPCNT,X86Base+SSE+SSE2,AES+PCLMUL VectorSize=256
// Job: Quick(IterationCount=5, WarmupCount=2)

OverheadJitting  1: 1 op, 171370.00 ns, 171.3700 us/op
WorkloadJitting  1: 1 op, 5230390.00 ns, 5.2304 ms/op

OverheadJitting  2: 16 op, 178824.00 ns, 11.1765 us/op
WorkloadJitting  2: 16 op, 266257.00 ns, 16.6411 us/op

WorkloadPilot    1: 16 op, 6743.00 ns, 421.4375 ns/op
WorkloadPilot    2: 32 op, 9146.00 ns, 285.8125 ns/op
WorkloadPilot    3: 64 op, 24846.00 ns, 388.2188 ns/op
WorkloadPilot    4: 128 op, 33743.00 ns, 263.6172 ns/op
WorkloadPilot    5: 256 op, 57738.00 ns, 225.5391 ns/op
WorkloadPilot    6: 512 op, 97542.00 ns, 190.5117 ns/op
WorkloadPilot    7: 1024 op, 199513.00 ns, 194.8369 ns/op
WorkloadPilot    8: 2048 op, 380971.00 ns, 186.0210 ns/op
WorkloadPilot    9: 4096 op, 691130.00 ns, 168.7329 ns/op
WorkloadPilot   10: 8192 op, 1632136.00 ns, 199.2354 ns/op
WorkloadPilot   11: 16384 op, 3158254.00 ns, 192.7645 ns/op
WorkloadPilot   12: 32768 op, 6089353.00 ns, 185.8323 ns/op
WorkloadPilot   13: 65536 op, 11938017.00 ns, 182.1597 ns/op
WorkloadPilot   14: 131072 op, 23857930.00 ns, 182.0216 ns/op
WorkloadPilot   15: 262144 op, 41864902.00 ns, 159.7019 ns/op
WorkloadPilot   16: 524288 op, 63255959.00 ns, 120.6512 ns/op
WorkloadPilot   17: 1048576 op, 51582917.00 ns, 49.1933 ns/op
WorkloadPilot   18: 2097152 op, 101993666.00 ns, 48.6344 ns/op
WorkloadPilot   19: 4194304 op, 204197133.00 ns, 48.6844 ns/op
WorkloadPilot   20: 8388608 op, 406155547.00 ns, 48.4175 ns/op
WorkloadPilot   21: 16777216 op, 810207609.00 ns, 48.2921 ns/op

OverheadWarmup   1: 16777216 op, 48234848.00 ns, 2.8750 ns/op
OverheadWarmup   2: 16777216 op, 48691852.00 ns, 2.9023 ns/op
OverheadWarmup   3: 16777216 op, 49564830.00 ns, 2.9543 ns/op
OverheadWarmup   4: 16777216 op, 49500510.00 ns, 2.9505 ns/op
OverheadWarmup   5: 16777216 op, 49807654.00 ns, 2.9688 ns/op
OverheadWarmup   6: 16777216 op, 49279659.00 ns, 2.9373 ns/op

OverheadActual   1: 16777216 op, 43195595.00 ns, 2.5747 ns/op
OverheadActual   2: 16777216 op, 43227294.00 ns, 2.5765 ns/op
OverheadActual   3: 16777216 op, 43261498.00 ns, 2.5786 ns/op
OverheadActual   4: 16777216 op, 43196558.00 ns, 2.5747 ns/op
OverheadActual   5: 16777216 op, 43122018.00 ns, 2.5703 ns/op
OverheadActual   6: 16777216 op, 43099616.00 ns, 2.5689 ns/op
OverheadActual   7: 16777216 op, 40757535.00 ns, 2.4293 ns/op
OverheadActual   8: 16777216 op, 27600494.00 ns, 1.6451 ns/op
OverheadActual   9: 16777216 op, 27471122.00 ns, 1.6374 ns/op
OverheadActual  10: 16777216 op, 27430507.00 ns, 1.6350 ns/op
OverheadActual  11: 16777216 op, 27806979.00 ns, 1.6574 ns/op
OverheadActual  12: 16777216 op, 27618447.00 ns, 1.6462 ns/op
OverheadActual  13: 16777216 op, 27419526.00 ns, 1.6343 ns/op
OverheadActual  14: 16777216 op, 27463078.00 ns, 1.6369 ns/op
OverheadActual  15: 16777216 op, 27439724.00 ns, 1.6355 ns/op
OverheadActual  16: 16777216 op, 27594152.00 ns, 1.6447 ns/op
OverheadActual  17: 16777216 op, 27562573.00 ns, 1.6429 ns/op
OverheadActual  18: 16777216 op, 27463758.00 ns, 1.6370 ns/op
OverheadActual  19: 16777216 op, 27452779.00 ns, 1.6363 ns/op
OverheadActual  20: 16777216 op, 28150611.00 ns, 1.6779 ns/op

WorkloadWarmup   1: 16777216 op, 816698191.00 ns, 48.6790 ns/op
WorkloadWarmup   2: 16777216 op, 813723179.00 ns, 48.5017 ns/op

// BeforeActualRun
WorkloadActual   1: 16777216 op, 807322506.00 ns, 48.1202 ns/op
WorkloadActual   2: 16777216 op, 807904150.00 ns, 48.1548 ns/op
WorkloadActual   3: 16777216 op, 816222775.00 ns, 48.6507 ns/op
WorkloadActual   4: 16777216 op, 820443055.00 ns, 48.9022 ns/op
WorkloadActual   5: 16777216 op, 810795848.00 ns, 48.3272 ns/op

// AfterActualRun
WorkloadResult   1: 16777216 op, 779713035.50 ns, 46.4745 ns/op
WorkloadResult   2: 16777216 op, 780294679.50 ns, 46.5092 ns/op
WorkloadResult   3: 16777216 op, 788613304.50 ns, 47.0050 ns/op
WorkloadResult   4: 16777216 op, 792833584.50 ns, 47.2566 ns/op
WorkloadResult   5: 16777216 op, 783186377.50 ns, 46.6815 ns/op
// GC:  88 0 0 1476395008 16777216
// Threading:  0 0 16777216

// AfterAll
// Benchmark Process 3790 has exited with code 0.

Mean = 46.785 ns, StdErr = 0.151 ns (0.32%), N = 5, StdDev = 0.337 ns
Min = 46.475 ns, Q1 = 46.509 ns, Median = 46.682 ns, Q3 = 47.005 ns, Max = 47.257 ns
IQR = 0.496 ns, LowerFence = 45.765 ns, UpperFence = 47.749 ns
ConfidenceInterval = [45.488 ns; 48.083 ns] (CI 99.9%), Margin = 1.297 ns (2.77% of Mean)
Skewness = 0.33, Kurtosis = 1.04, MValue = 2

// ** Remained 6 (17.6 %) benchmark(s) to run. Estimated finish 2026-07-31 9:48 (0h 1m from now) **
// **************************
// Benchmark: StructuredProperties.NLog: Quick(Arguments=/p:MatrixMode=Benchmark, IterationCount=5, WarmupCount=2)
// *** Execute ***
// Launch: 1 / 1
// Execute: dotnet Matrix.Logging-Quick-1.dll --anonymousPipes 137 138 --benchmarkName Matrix.Logging.Benchmarks.StructuredProperties.NLog --job Quick --benchmarkId 28 in /home/runner/work/dotnet-matrix/dotnet-matrix/src/Matrix.Logging/bin/Benchmark/Release/net10.0/Matrix.Logging-Quick-1/bin/Release/net10.0
// Failed to set up high priority (Permission denied). In order to run benchmarks with high priority, make sure you have the right permissions.
// BeforeAnythingElse

// Benchmark Process Environment Information:
// BenchmarkDotNet v0.15.8
// Runtime=.NET 10.0.10 (10.0.10, 10.0.1026.32716), X64 RyuJIT x86-64-v3
// GC=Concurrent Workstation
// HardwareIntrinsics=AVX2+BMI1+BMI2+F16C+FMA+LZCNT+MOVBE,AVX,SSE3+SSSE3+SSE4.1+SSE4.2+POPCNT,X86Base+SSE+SSE2,AES+PCLMUL VectorSize=256
// Job: Quick(IterationCount=5, WarmupCount=2)

OverheadJitting  1: 1 op, 169396.00 ns, 169.3960 us/op
WorkloadJitting  1: 1 op, 4616645.00 ns, 4.6166 ms/op

OverheadJitting  2: 16 op, 221914.00 ns, 13.8696 us/op
WorkloadJitting  2: 16 op, 288328.00 ns, 18.0205 us/op

WorkloadPilot    1: 16 op, 47188.00 ns, 2.9493 us/op
WorkloadPilot    2: 32 op, 43471.00 ns, 1.3585 us/op
WorkloadPilot    3: 64 op, 64932.00 ns, 1.0146 us/op
WorkloadPilot    4: 128 op, 98874.00 ns, 772.4531 ns/op
WorkloadPilot    5: 256 op, 186578.00 ns, 728.8203 ns/op
WorkloadPilot    6: 512 op, 326519.00 ns, 637.7324 ns/op
WorkloadPilot    7: 1024 op, 639864.00 ns, 624.8672 ns/op
WorkloadPilot    8: 2048 op, 1147111.00 ns, 560.1128 ns/op
WorkloadPilot    9: 4096 op, 2439993.00 ns, 595.7014 ns/op
WorkloadPilot   10: 8192 op, 5416216.00 ns, 661.1592 ns/op
WorkloadPilot   11: 16384 op, 10098173.00 ns, 616.3436 ns/op
WorkloadPilot   12: 32768 op, 20307874.00 ns, 619.7471 ns/op
WorkloadPilot   13: 65536 op, 38806372.00 ns, 592.1382 ns/op
WorkloadPilot   14: 131072 op, 67479295.00 ns, 514.8262 ns/op
WorkloadPilot   15: 262144 op, 44414467.00 ns, 169.4277 ns/op
WorkloadPilot   16: 524288 op, 43636104.00 ns, 83.2293 ns/op
WorkloadPilot   17: 1048576 op, 86224513.00 ns, 82.2301 ns/op
WorkloadPilot   18: 2097152 op, 171399538.00 ns, 81.7297 ns/op
WorkloadPilot   19: 4194304 op, 343004590.00 ns, 81.7787 ns/op
WorkloadPilot   20: 8388608 op, 684754278.00 ns, 81.6291 ns/op

OverheadWarmup   1: 8388608 op, 21605726.00 ns, 2.5756 ns/op
OverheadWarmup   2: 8388608 op, 21556414.00 ns, 2.5697 ns/op
OverheadWarmup   3: 8388608 op, 21555041.00 ns, 2.5696 ns/op
OverheadWarmup   4: 8388608 op, 21614442.00 ns, 2.5766 ns/op
OverheadWarmup   5: 8388608 op, 21547407.00 ns, 2.5687 ns/op
OverheadWarmup   6: 8388608 op, 21563797.00 ns, 2.5706 ns/op
OverheadWarmup   7: 8388608 op, 21641122.00 ns, 2.5798 ns/op
OverheadWarmup   8: 8388608 op, 21552096.00 ns, 2.5692 ns/op

OverheadActual   1: 8388608 op, 21566222.00 ns, 2.5709 ns/op
OverheadActual   2: 8388608 op, 21576431.00 ns, 2.5721 ns/op
OverheadActual   3: 8388608 op, 21543930.00 ns, 2.5682 ns/op
OverheadActual   4: 8388608 op, 21589666.00 ns, 2.5737 ns/op
OverheadActual   5: 8388608 op, 21578656.00 ns, 2.5724 ns/op
OverheadActual   6: 8388608 op, 21544652.00 ns, 2.5683 ns/op
OverheadActual   7: 8388608 op, 21601378.00 ns, 2.5751 ns/op
OverheadActual   8: 8388608 op, 21584867.00 ns, 2.5731 ns/op
OverheadActual   9: 8388608 op, 21546555.00 ns, 2.5685 ns/op
OverheadActual  10: 8388608 op, 22998615.00 ns, 2.7416 ns/op
OverheadActual  11: 8388608 op, 13768842.00 ns, 1.6414 ns/op
OverheadActual  12: 8388608 op, 13714331.00 ns, 1.6349 ns/op
OverheadActual  13: 8388608 op, 13703711.00 ns, 1.6336 ns/op
OverheadActual  14: 8388608 op, 13716474.00 ns, 1.6351 ns/op
OverheadActual  15: 8388608 op, 13785774.00 ns, 1.6434 ns/op
OverheadActual  16: 8388608 op, 13909385.00 ns, 1.6581 ns/op
OverheadActual  17: 8388608 op, 13734579.00 ns, 1.6373 ns/op
OverheadActual  18: 8388608 op, 13751960.00 ns, 1.6394 ns/op
OverheadActual  19: 8388608 op, 13704131.00 ns, 1.6337 ns/op
OverheadActual  20: 8388608 op, 13746431.00 ns, 1.6387 ns/op

WorkloadWarmup   1: 8388608 op, 689622902.00 ns, 82.2095 ns/op
WorkloadWarmup   2: 8388608 op, 691653557.00 ns, 82.4515 ns/op

// BeforeActualRun
WorkloadActual   1: 8388608 op, 681187452.00 ns, 81.2039 ns/op
WorkloadActual   2: 8388608 op, 684946512.00 ns, 81.6520 ns/op
WorkloadActual   3: 8388608 op, 685296583.00 ns, 81.6937 ns/op
WorkloadActual   4: 8388608 op, 686916866.00 ns, 81.8869 ns/op
WorkloadActual   5: 8388608 op, 690034184.00 ns, 82.2585 ns/op

// AfterActualRun
WorkloadResult   1: 8388608 op, 663460794.50 ns, 79.0907 ns/op
WorkloadResult   2: 8388608 op, 667219854.50 ns, 79.5388 ns/op
WorkloadResult   3: 8388608 op, 667569925.50 ns, 79.5805 ns/op
WorkloadResult   4: 8388608 op, 669190208.50 ns, 79.7737 ns/op
// GC:  124 0 0 2080374784 8388608
// Threading:  0 0 8388608

// AfterAll
// Benchmark Process 3803 has exited with code 0.

Mean = 79.496 ns, StdErr = 0.144 ns (0.18%), N = 4, StdDev = 0.289 ns
Min = 79.091 ns, Q1 = 79.427 ns, Median = 79.560 ns, Q3 = 79.629 ns, Max = 79.774 ns
IQR = 0.202 ns, LowerFence = 79.124 ns, UpperFence = 79.932 ns
ConfidenceInterval = [77.629 ns; 81.363 ns] (CI 99.9%), Margin = 1.867 ns (2.35% of Mean)
Skewness = -0.46, Kurtosis = 1.18, MValue = 2

// ** Remained 5 (14.7 %) benchmark(s) to run. Estimated finish 2026-07-31 9:48 (0h 0m from now) **
// **************************
// Benchmark: StructuredProperties.Serilog: Quick(Arguments=/p:MatrixMode=Benchmark, IterationCount=5, WarmupCount=2)
// *** Execute ***
// Launch: 1 / 1
// Execute: dotnet Matrix.Logging-Quick-1.dll --anonymousPipes 137 138 --benchmarkName Matrix.Logging.Benchmarks.StructuredProperties.Serilog --job Quick --benchmarkId 29 in /home/runner/work/dotnet-matrix/dotnet-matrix/src/Matrix.Logging/bin/Benchmark/Release/net10.0/Matrix.Logging-Quick-1/bin/Release/net10.0
// Failed to set up high priority (Permission denied). In order to run benchmarks with high priority, make sure you have the right permissions.
// BeforeAnythingElse

// Benchmark Process Environment Information:
// BenchmarkDotNet v0.15.8
// Runtime=.NET 10.0.10 (10.0.10, 10.0.1026.32716), X64 RyuJIT x86-64-v3
// GC=Concurrent Workstation
// HardwareIntrinsics=AVX2+BMI1+BMI2+F16C+FMA+LZCNT+MOVBE,AVX,SSE3+SSSE3+SSE4.1+SSE4.2+POPCNT,X86Base+SSE+SSE2,AES+PCLMUL VectorSize=256
// Job: Quick(IterationCount=5, WarmupCount=2)

OverheadJitting  1: 1 op, 199001.00 ns, 199.0010 us/op
WorkloadJitting  1: 1 op, 7337364.00 ns, 7.3374 ms/op

OverheadJitting  2: 16 op, 203239.00 ns, 12.7024 us/op
WorkloadJitting  2: 16 op, 310069.00 ns, 19.3793 us/op

WorkloadPilot    1: 16 op, 52989.00 ns, 3.3118 us/op
WorkloadPilot    2: 32 op, 65412.00 ns, 2.0441 us/op
WorkloadPilot    3: 64 op, 98895.00 ns, 1.5452 us/op
WorkloadPilot    4: 128 op, 152865.00 ns, 1.1943 us/op
WorkloadPilot    5: 256 op, 321199.00 ns, 1.2547 us/op
WorkloadPilot    6: 512 op, 576967.00 ns, 1.1269 us/op
WorkloadPilot    7: 1024 op, 961485.00 ns, 938.9502 ns/op
WorkloadPilot    8: 2048 op, 2025189.00 ns, 988.8618 ns/op
WorkloadPilot    9: 4096 op, 4147009.00 ns, 1.0125 us/op
WorkloadPilot   10: 8192 op, 8489202.00 ns, 1.0363 us/op
WorkloadPilot   11: 16384 op, 16653929.00 ns, 1.0165 us/op
WorkloadPilot   12: 32768 op, 32630775.00 ns, 995.8122 ns/op
WorkloadPilot   13: 65536 op, 54642244.00 ns, 833.7745 ns/op
WorkloadPilot   14: 131072 op, 92808780.00 ns, 708.0748 ns/op
WorkloadPilot   15: 262144 op, 54924410.00 ns, 209.5200 ns/op
WorkloadPilot   16: 524288 op, 103901912.00 ns, 198.1772 ns/op
WorkloadPilot   17: 1048576 op, 207463440.00 ns, 197.8526 ns/op
WorkloadPilot   18: 2097152 op, 412581932.00 ns, 196.7344 ns/op
WorkloadPilot   19: 4194304 op, 822405947.00 ns, 196.0769 ns/op

OverheadWarmup   1: 4194304 op, 10783754.00 ns, 2.5710 ns/op
OverheadWarmup   2: 4194304 op, 10791048.00 ns, 2.5728 ns/op
OverheadWarmup   3: 4194304 op, 10786730.00 ns, 2.5718 ns/op
OverheadWarmup   4: 4194304 op, 10787803.00 ns, 2.5720 ns/op
OverheadWarmup   5: 4194304 op, 10811997.00 ns, 2.5778 ns/op
OverheadWarmup   6: 4194304 op, 10787742.00 ns, 2.5720 ns/op

OverheadActual   1: 4194304 op, 10774428.00 ns, 2.5688 ns/op
OverheadActual   2: 4194304 op, 10798342.00 ns, 2.5745 ns/op
OverheadActual   3: 4194304 op, 10790277.00 ns, 2.5726 ns/op
OverheadActual   4: 4194304 op, 10894150.00 ns, 2.5974 ns/op
OverheadActual   5: 4194304 op, 10761213.00 ns, 2.5657 ns/op
OverheadActual   6: 4194304 op, 10782672.00 ns, 2.5708 ns/op
OverheadActual   7: 4194304 op, 10797771.00 ns, 2.5744 ns/op
OverheadActual   8: 4194304 op, 10788323.00 ns, 2.5721 ns/op
OverheadActual   9: 4194304 op, 10799103.00 ns, 2.5747 ns/op
OverheadActual  10: 4194304 op, 10779496.00 ns, 2.5700 ns/op
OverheadActual  11: 4194304 op, 10822437.00 ns, 2.5803 ns/op
OverheadActual  12: 4194304 op, 10784897.00 ns, 2.5713 ns/op
OverheadActual  13: 4194304 op, 10796628.00 ns, 2.5741 ns/op
OverheadActual  14: 4194304 op, 10786479.00 ns, 2.5717 ns/op
OverheadActual  15: 4194304 op, 10771903.00 ns, 2.5682 ns/op

WorkloadWarmup   1: 4194304 op, 831353655.00 ns, 198.2102 ns/op
WorkloadWarmup   2: 4194304 op, 829372267.00 ns, 197.7378 ns/op

// BeforeActualRun
WorkloadActual   1: 4194304 op, 827464468.00 ns, 197.2829 ns/op
WorkloadActual   2: 4194304 op, 832933976.00 ns, 198.5869 ns/op
WorkloadActual   3: 4194304 op, 831551612.00 ns, 198.2574 ns/op
WorkloadActual   4: 4194304 op, 825833129.00 ns, 196.8940 ns/op
WorkloadActual   5: 4194304 op, 827365358.00 ns, 197.2593 ns/op

// AfterActualRun
WorkloadResult   1: 4194304 op, 816676145.00 ns, 194.7108 ns/op
WorkloadResult   2: 4194304 op, 822145653.00 ns, 196.0148 ns/op
WorkloadResult   3: 4194304 op, 820763289.00 ns, 195.6852 ns/op
WorkloadResult   4: 4194304 op, 815044806.00 ns, 194.3218 ns/op
WorkloadResult   5: 4194304 op, 816577035.00 ns, 194.6871 ns/op
// GC:  112 0 0 1879048192 4194304
// Threading:  0 0 4194304

// AfterAll
// Benchmark Process 3812 has exited with code 0.

Mean = 195.084 ns, StdErr = 0.324 ns (0.17%), N = 5, StdDev = 0.726 ns
Min = 194.322 ns, Q1 = 194.687 ns, Median = 194.711 ns, Q3 = 195.685 ns, Max = 196.015 ns
IQR = 0.998 ns, LowerFence = 193.190 ns, UpperFence = 197.182 ns
ConfidenceInterval = [192.290 ns; 197.878 ns] (CI 99.9%), Margin = 2.794 ns (1.43% of Mean)
Skewness = 0.24, Kurtosis = 0.91, MValue = 2

// ** Remained 4 (11.8 %) benchmark(s) to run. Estimated finish 2026-07-31 9:47 (0h 0m from now) **
// ***** BenchmarkRunner: Finish  *****

// * Export *
  tmp/dotnet-matrix/Logging/ad2a762b2cfd4ea58cc4f94d66bf2021/results/Matrix.Logging.Benchmarks.StructuredProperties-report.csv
  tmp/dotnet-matrix/Logging/ad2a762b2cfd4ea58cc4f94d66bf2021/results/Matrix.Logging.Benchmarks.StructuredProperties-report-github.md
  tmp/dotnet-matrix/Logging/ad2a762b2cfd4ea58cc4f94d66bf2021/results/Matrix.Logging.Benchmarks.StructuredProperties-report.html
  tmp/dotnet-matrix/Logging/ad2a762b2cfd4ea58cc4f94d66bf2021/results/Matrix.Logging.Benchmarks.StructuredProperties-report-full.json

// * Detailed results *
StructuredProperties.MicrosoftExtensionsLogging: Quick(Arguments=/p:MatrixMode=Benchmark, IterationCount=5, WarmupCount=2)
Runtime = .NET 10.0.10 (10.0.10, 10.0.1026.32716), X64 RyuJIT x86-64-v3; GC = Concurrent Workstation
Mean = 46.785 ns, StdErr = 0.151 ns (0.32%), N = 5, StdDev = 0.337 ns
Min = 46.475 ns, Q1 = 46.509 ns, Median = 46.682 ns, Q3 = 47.005 ns, Max = 47.257 ns
IQR = 0.496 ns, LowerFence = 45.765 ns, UpperFence = 47.749 ns
ConfidenceInterval = [45.488 ns; 48.083 ns] (CI 99.9%), Margin = 1.297 ns (2.77% of Mean)
Skewness = 0.33, Kurtosis = 1.04, MValue = 2
-------------------- Histogram --------------------
[46.216 ns ; 47.515 ns) | @@@@@
---------------------------------------------------

StructuredProperties.NLog: Quick(Arguments=/p:MatrixMode=Benchmark, IterationCount=5, WarmupCount=2)
Runtime = .NET 10.0.10 (10.0.10, 10.0.1026.32716), X64 RyuJIT x86-64-v3; GC = Concurrent Workstation
Mean = 79.496 ns, StdErr = 0.144 ns (0.18%), N = 4, StdDev = 0.289 ns
Min = 79.091 ns, Q1 = 79.427 ns, Median = 79.560 ns, Q3 = 79.629 ns, Max = 79.774 ns
IQR = 0.202 ns, LowerFence = 79.124 ns, UpperFence = 79.932 ns
ConfidenceInterval = [77.629 ns; 81.363 ns] (CI 99.9%), Margin = 1.867 ns (2.35% of Mean)
Skewness = -0.46, Kurtosis = 1.18, MValue = 2
-------------------- Histogram --------------------
[78.852 ns ; 80.013 ns) | @@@@
---------------------------------------------------

StructuredProperties.Serilog: Quick(Arguments=/p:MatrixMode=Benchmark, IterationCount=5, WarmupCount=2)
Runtime = .NET 10.0.10 (10.0.10, 10.0.1026.32716), X64 RyuJIT x86-64-v3; GC = Concurrent Workstation
Mean = 195.084 ns, StdErr = 0.324 ns (0.17%), N = 5, StdDev = 0.726 ns
Min = 194.322 ns, Q1 = 194.687 ns, Median = 194.711 ns, Q3 = 195.685 ns, Max = 196.015 ns
IQR = 0.998 ns, LowerFence = 193.190 ns, UpperFence = 197.182 ns
ConfidenceInterval = [192.290 ns; 197.878 ns] (CI 99.9%), Margin = 2.794 ns (1.43% of Mean)
Skewness = 0.24, Kurtosis = 0.91, MValue = 2
-------------------- Histogram --------------------
[193.765 ns ; 196.572 ns) | @@@@@
---------------------------------------------------

StructuredProperties.Log4Net: Quick(Arguments=/p:MatrixMode=Benchmark, IterationCount=5, WarmupCount=2)
Runtime = .NET 10.0.10 (10.0.10, 10.0.1026.32716), X64 RyuJIT x86-64-v3; GC = Concurrent Workstation
Mean = 689.088 ns, StdErr = 1.222 ns (0.18%), N = 5, StdDev = 2.733 ns
Min = 685.087 ns, Q1 = 687.617 ns, Median = 689.839 ns, Q3 = 691.442 ns, Max = 691.453 ns
IQR = 3.825 ns, LowerFence = 681.879 ns, UpperFence = 697.179 ns
ConfidenceInterval = [678.565 ns; 699.610 ns] (CI 99.9%), Margin = 10.522 ns (1.53% of Mean)
Skewness = -0.4, Kurtosis = 1.16, MValue = 2
-------------------- Histogram --------------------
[682.990 ns ; 693.550 ns) | @@@@@
---------------------------------------------------

// * Summary *

BenchmarkDotNet v0.15.8, Linux Ubuntu 24.04.4 LTS (Noble Numbat)
AMD EPYC 7763 3.19GHz, 1 CPU, 4 logical and 2 physical cores
.NET SDK 10.0.302
  [Host] : .NET 10.0.10 (10.0.10, 10.0.1026.32716), X64 RyuJIT x86-64-v3
  Quick  : .NET 10.0.10 (10.0.10, 10.0.1026.32716), X64 RyuJIT x86-64-v3

Job=Quick  Arguments=/p:MatrixMode=Benchmark  IterationCount=5  
WarmupCount=2  

| Method                     | Mean      | Error     | StdDev   | Gen0   | Allocated |
|--------------------------- |----------:|----------:|---------:|-------:|----------:|
| MicrosoftExtensionsLogging |  46.79 ns |  1.297 ns | 0.337 ns | 0.0052 |      88 B |
| NLog                       |  79.50 ns |  1.867 ns | 0.289 ns | 0.0148 |     248 B |
| Serilog                    | 195.08 ns |  2.794 ns | 0.726 ns | 0.0267 |     448 B |
| Log4Net                    | 689.09 ns | 10.522 ns | 2.733 ns | 0.1078 |    1816 B |

// * Hints *
Outliers
  StructuredProperties.NLog: Quick -> 1 outlier  was  removed, 2 outliers were detected (81.20 ns, 82.26 ns)

// * Legends *
  Mean      : Arithmetic mean of all measurements
  Error     : Half of 99.9% confidence interval
  StdDev    : Standard deviation of all measurements
  Gen0      : GC Generation 0 collects per 1000 operations
  Allocated : Allocated memory per single operation (managed only, inclusive, 1KB = 1024B)
  1 ns      : 1 Nanosecond (0.000000001 sec)

// * Diagnostic Output - MemoryDiagnoser *


// ***** BenchmarkRunner: End *****
Run time: 00:00:33 (33.99 sec), executed benchmarks: 4

// Found 4 benchmarks:
//   TemplateRendering.Log4Net: Quick(Arguments=/p:MatrixMode=Benchmark, IterationCount=5, WarmupCount=2)
//   TemplateRendering.MicrosoftExtensionsLogging: Quick(Arguments=/p:MatrixMode=Benchmark, IterationCount=5, WarmupCount=2)
//   TemplateRendering.NLog: Quick(Arguments=/p:MatrixMode=Benchmark, IterationCount=5, WarmupCount=2)
//   TemplateRendering.Serilog: Quick(Arguments=/p:MatrixMode=Benchmark, IterationCount=5, WarmupCount=2)

// **************************
// Benchmark: TemplateRendering.Log4Net: Quick(Arguments=/p:MatrixMode=Benchmark, IterationCount=5, WarmupCount=2)
// *** Execute ***
// Launch: 1 / 1
// Execute: dotnet Matrix.Logging-Quick-1.dll --anonymousPipes 133 134 --benchmarkName Matrix.Logging.Benchmarks.TemplateRendering.Log4Net --job Quick --benchmarkId 30 in /home/runner/work/dotnet-matrix/dotnet-matrix/src/Matrix.Logging/bin/Benchmark/Release/net10.0/Matrix.Logging-Quick-1/bin/Release/net10.0
// Failed to set up high priority (Permission denied). In order to run benchmarks with high priority, make sure you have the right permissions.
// BeforeAnythingElse

// Benchmark Process Environment Information:
// BenchmarkDotNet v0.15.8
// Runtime=.NET 10.0.10 (10.0.10, 10.0.1026.32716), X64 RyuJIT x86-64-v3
// GC=Concurrent Workstation
// HardwareIntrinsics=AVX2+BMI1+BMI2+F16C+FMA+LZCNT+MOVBE,AVX,SSE3+SSSE3+SSE4.1+SSE4.2+POPCNT,X86Base+SSE+SSE2,AES+PCLMUL VectorSize=256
// Job: Quick(IterationCount=5, WarmupCount=2)

OverheadJitting  1: 1 op, 170668.00 ns, 170.6680 us/op
WorkloadJitting  1: 1 op, 2948964.00 ns, 2.9490 ms/op

OverheadJitting  2: 16 op, 178503.00 ns, 11.1564 us/op
WorkloadJitting  2: 16 op, 268050.00 ns, 16.7531 us/op

WorkloadPilot    1: 16 op, 27652.00 ns, 1.7283 us/op
WorkloadPilot    2: 32 op, 38322.00 ns, 1.1976 us/op
WorkloadPilot    3: 64 op, 77976.00 ns, 1.2184 us/op
WorkloadPilot    4: 128 op, 134361.00 ns, 1.0497 us/op
WorkloadPilot    5: 256 op, 280333.00 ns, 1.0951 us/op
WorkloadPilot    6: 512 op, 504903.00 ns, 986.1387 ns/op
WorkloadPilot    7: 1024 op, 861248.00 ns, 841.0625 ns/op
WorkloadPilot    8: 2048 op, 1704551.00 ns, 832.3003 ns/op
WorkloadPilot    9: 4096 op, 3680129.00 ns, 898.4690 ns/op
WorkloadPilot   10: 8192 op, 7843379.00 ns, 957.4437 ns/op
WorkloadPilot   11: 16384 op, 15267695.00 ns, 931.8661 ns/op
WorkloadPilot   12: 32768 op, 29981315.00 ns, 914.9571 ns/op
WorkloadPilot   13: 65536 op, 62512008.00 ns, 953.8575 ns/op
WorkloadPilot   14: 131072 op, 86209787.00 ns, 657.7285 ns/op
WorkloadPilot   15: 262144 op, 59158539.00 ns, 225.6719 ns/op
WorkloadPilot   16: 524288 op, 77117287.00 ns, 147.0896 ns/op
WorkloadPilot   17: 1048576 op, 155447076.00 ns, 148.2459 ns/op
WorkloadPilot   18: 2097152 op, 322024976.00 ns, 153.5535 ns/op
WorkloadPilot   19: 4194304 op, 621817728.00 ns, 148.2529 ns/op

OverheadWarmup   1: 4194304 op, 10862874.00 ns, 2.5899 ns/op
OverheadWarmup   2: 4194304 op, 10829061.00 ns, 2.5818 ns/op
OverheadWarmup   3: 4194304 op, 10791010.00 ns, 2.5728 ns/op
OverheadWarmup   4: 4194304 op, 10802951.00 ns, 2.5756 ns/op
OverheadWarmup   5: 4194304 op, 10783686.00 ns, 2.5710 ns/op
OverheadWarmup   6: 4194304 op, 10784347.00 ns, 2.5712 ns/op
OverheadWarmup   7: 4194304 op, 10802391.00 ns, 2.5755 ns/op
OverheadWarmup   8: 4194304 op, 10786442.00 ns, 2.5717 ns/op

OverheadActual   1: 4194304 op, 10764350.00 ns, 2.5664 ns/op
OverheadActual   2: 4194304 op, 10797311.00 ns, 2.5743 ns/op
OverheadActual   3: 4194304 op, 10789076.00 ns, 2.5723 ns/op
OverheadActual   4: 4194304 op, 10796460.00 ns, 2.5741 ns/op
OverheadActual   5: 4194304 op, 10785329.00 ns, 2.5714 ns/op
OverheadActual   6: 4194304 op, 10785520.00 ns, 2.5715 ns/op
OverheadActual   7: 4194304 op, 10783325.00 ns, 2.5709 ns/op
OverheadActual   8: 4194304 op, 10788414.00 ns, 2.5722 ns/op
OverheadActual   9: 4194304 op, 10858505.00 ns, 2.5889 ns/op
OverheadActual  10: 4194304 op, 10784738.00 ns, 2.5713 ns/op
OverheadActual  11: 4194304 op, 10770431.00 ns, 2.5679 ns/op
OverheadActual  12: 4194304 op, 10793614.00 ns, 2.5734 ns/op
OverheadActual  13: 4194304 op, 10784958.00 ns, 2.5713 ns/op
OverheadActual  14: 4194304 op, 10785459.00 ns, 2.5715 ns/op
OverheadActual  15: 4194304 op, 10845291.00 ns, 2.5857 ns/op

WorkloadWarmup   1: 4194304 op, 627555797.00 ns, 149.6210 ns/op
WorkloadWarmup   2: 4194304 op, 623900225.00 ns, 148.7494 ns/op

// BeforeActualRun
WorkloadActual   1: 4194304 op, 606677071.00 ns, 144.6431 ns/op
WorkloadActual   2: 4194304 op, 611177311.00 ns, 145.7160 ns/op
WorkloadActual   3: 4194304 op, 607048630.00 ns, 144.7317 ns/op
WorkloadActual   4: 4194304 op, 607563802.00 ns, 144.8545 ns/op
WorkloadActual   5: 4194304 op, 607468273.00 ns, 144.8317 ns/op

// AfterActualRun
WorkloadResult   1: 4194304 op, 595891551.00 ns, 142.0716 ns/op
WorkloadResult   2: 4194304 op, 596263110.00 ns, 142.1602 ns/op
WorkloadResult   3: 4194304 op, 596778282.00 ns, 142.2830 ns/op
WorkloadResult   4: 4194304 op, 596682753.00 ns, 142.2603 ns/op
// GC:  70 0 0 1174405120 4194304
// Threading:  0 0 4194304

// AfterAll
// Benchmark Process 3822 has exited with code 0.

Mean = 142.194 ns, StdErr = 0.049 ns (0.03%), N = 4, StdDev = 0.097 ns
Min = 142.072 ns, Q1 = 142.138 ns, Median = 142.210 ns, Q3 = 142.266 ns, Max = 142.283 ns
IQR = 0.128 ns, LowerFence = 141.946 ns, UpperFence = 142.458 ns
ConfidenceInterval = [141.565 ns; 142.823 ns] (CI 99.9%), Margin = 0.629 ns (0.44% of Mean)
Skewness = -0.23, Kurtosis = 0.85, MValue = 2

// ** Remained 3 (8.8 %) benchmark(s) to run. Estimated finish 2026-07-31 9:47 (0h 0m from now) **
// **************************
// Benchmark: TemplateRendering.MicrosoftExtensionsLogging: Quick(Arguments=/p:MatrixMode=Benchmark, IterationCount=5, WarmupCount=2)
// *** Execute ***
// Launch: 1 / 1
// Execute: dotnet Matrix.Logging-Quick-1.dll --anonymousPipes 133 134 --benchmarkName Matrix.Logging.Benchmarks.TemplateRendering.MicrosoftExtensionsLogging --job Quick --benchmarkId 31 in /home/runner/work/dotnet-matrix/dotnet-matrix/src/Matrix.Logging/bin/Benchmark/Release/net10.0/Matrix.Logging-Quick-1/bin/Release/net10.0
// Failed to set up high priority (Permission denied). In order to run benchmarks with high priority, make sure you have the right permissions.
// BeforeAnythingElse

// Benchmark Process Environment Information:
// BenchmarkDotNet v0.15.8
// Runtime=.NET 10.0.10 (10.0.10, 10.0.1026.32716), X64 RyuJIT x86-64-v3
// GC=Concurrent Workstation
// HardwareIntrinsics=AVX2+BMI1+BMI2+F16C+FMA+LZCNT+MOVBE,AVX,SSE3+SSSE3+SSE4.1+SSE4.2+POPCNT,X86Base+SSE+SSE2,AES+PCLMUL VectorSize=256
// Job: Quick(IterationCount=5, WarmupCount=2)

OverheadJitting  1: 1 op, 176038.00 ns, 176.0380 us/op
WorkloadJitting  1: 1 op, 6349281.00 ns, 6.3493 ms/op

OverheadJitting  2: 16 op, 188843.00 ns, 11.8027 us/op
WorkloadJitting  2: 16 op, 215011.00 ns, 13.4382 us/op

WorkloadPilot    1: 16 op, 5791.00 ns, 361.9375 ns/op
WorkloadPilot    2: 32 op, 9177.00 ns, 286.7813 ns/op
WorkloadPilot    3: 64 op, 16111.00 ns, 251.7344 ns/op
WorkloadPilot    4: 128 op, 29144.00 ns, 227.6875 ns/op
WorkloadPilot    5: 256 op, 50214.00 ns, 196.1484 ns/op
WorkloadPilot    6: 512 op, 110897.00 ns, 216.5957 ns/op
WorkloadPilot    7: 1024 op, 156953.00 ns, 153.2744 ns/op
WorkloadPilot    8: 2048 op, 303256.00 ns, 148.0742 ns/op
WorkloadPilot    9: 4096 op, 633993.00 ns, 154.7834 ns/op
WorkloadPilot   10: 8192 op, 1539784.00 ns, 187.9619 ns/op
WorkloadPilot   11: 16384 op, 2831676.00 ns, 172.8318 ns/op
WorkloadPilot   12: 32768 op, 5454140.00 ns, 166.4471 ns/op
WorkloadPilot   13: 65536 op, 10661669.00 ns, 162.6842 ns/op
WorkloadPilot   14: 131072 op, 20843162.00 ns, 159.0207 ns/op
WorkloadPilot   15: 262144 op, 41654484.00 ns, 158.8992 ns/op
WorkloadPilot   16: 524288 op, 64056145.00 ns, 122.1774 ns/op
WorkloadPilot   17: 1048576 op, 39949051.00 ns, 38.0984 ns/op
WorkloadPilot   18: 2097152 op, 80040137.00 ns, 38.1661 ns/op
WorkloadPilot   19: 4194304 op, 160326705.00 ns, 38.2249 ns/op
WorkloadPilot   20: 8388608 op, 320118301.00 ns, 38.1611 ns/op
WorkloadPilot   21: 16777216 op, 638513246.00 ns, 38.0584 ns/op

OverheadWarmup   1: 16777216 op, 38452588.00 ns, 2.2920 ns/op
OverheadWarmup   2: 16777216 op, 37962534.00 ns, 2.2627 ns/op
OverheadWarmup   3: 16777216 op, 37990847.00 ns, 2.2644 ns/op
OverheadWarmup   4: 16777216 op, 37966671.00 ns, 2.2630 ns/op
OverheadWarmup   5: 16777216 op, 37898774.00 ns, 2.2589 ns/op
OverheadWarmup   6: 16777216 op, 37901610.00 ns, 2.2591 ns/op
OverheadWarmup   7: 16777216 op, 37884398.00 ns, 2.2581 ns/op

OverheadActual   1: 16777216 op, 37930844.00 ns, 2.2609 ns/op
OverheadActual   2: 16777216 op, 37878837.00 ns, 2.2578 ns/op
OverheadActual   3: 16777216 op, 37930444.00 ns, 2.2608 ns/op
OverheadActual   4: 16777216 op, 38032524.00 ns, 2.2669 ns/op
OverheadActual   5: 16777216 op, 37900698.00 ns, 2.2591 ns/op
OverheadActual   6: 16777216 op, 37945281.00 ns, 2.2617 ns/op
OverheadActual   7: 16777216 op, 37899587.00 ns, 2.2590 ns/op
OverheadActual   8: 16777216 op, 37907090.00 ns, 2.2594 ns/op
OverheadActual   9: 16777216 op, 38117141.00 ns, 2.2720 ns/op
OverheadActual  10: 16777216 op, 27521196.00 ns, 1.6404 ns/op
OverheadActual  11: 16777216 op, 27504724.00 ns, 1.6394 ns/op
OverheadActual  12: 16777216 op, 27429284.00 ns, 1.6349 ns/op
OverheadActual  13: 16777216 op, 27600022.00 ns, 1.6451 ns/op
OverheadActual  14: 16777216 op, 27562803.00 ns, 1.6429 ns/op
OverheadActual  15: 16777216 op, 27414126.00 ns, 1.6340 ns/op
OverheadActual  16: 16777216 op, 27383128.00 ns, 1.6322 ns/op
OverheadActual  17: 16777216 op, 29506160.00 ns, 1.7587 ns/op
OverheadActual  18: 16777216 op, 27768357.00 ns, 1.6551 ns/op
OverheadActual  19: 16777216 op, 29714520.00 ns, 1.7711 ns/op
OverheadActual  20: 16777216 op, 27493133.00 ns, 1.6387 ns/op

WorkloadWarmup   1: 16777216 op, 638717557.00 ns, 38.0705 ns/op
WorkloadWarmup   2: 16777216 op, 644390331.00 ns, 38.4087 ns/op

// BeforeActualRun
WorkloadActual   1: 16777216 op, 638189632.00 ns, 38.0391 ns/op
WorkloadActual   2: 16777216 op, 642214484.00 ns, 38.2790 ns/op
WorkloadActual   3: 16777216 op, 638820834.00 ns, 38.0767 ns/op
WorkloadActual   4: 16777216 op, 637816499.00 ns, 38.0168 ns/op
WorkloadActual   5: 16777216 op, 638945742.00 ns, 38.0841 ns/op

// AfterActualRun
WorkloadResult   1: 16777216 op, 608579292.00 ns, 36.2742 ns/op
WorkloadResult   2: 16777216 op, 609210494.00 ns, 36.3118 ns/op
WorkloadResult   3: 16777216 op, 608206159.00 ns, 36.2519 ns/op
WorkloadResult   4: 16777216 op, 609335402.00 ns, 36.3192 ns/op
// GC:  0 0 0 0 16777216
// Threading:  0 0 16777216

// AfterAll
// Benchmark Process 3831 has exited with code 0.

Mean = 36.289 ns, StdErr = 0.016 ns (0.04%), N = 4, StdDev = 0.032 ns
Min = 36.252 ns, Q1 = 36.269 ns, Median = 36.293 ns, Q3 = 36.314 ns, Max = 36.319 ns
IQR = 0.045 ns, LowerFence = 36.201 ns, UpperFence = 36.381 ns
ConfidenceInterval = [36.084 ns; 36.495 ns] (CI 99.9%), Margin = 0.205 ns (0.57% of Mean)
Skewness = -0.13, Kurtosis = 0.75, MValue = 2

// ** Remained 2 (5.9 %) benchmark(s) to run. Estimated finish 2026-07-31 9:47 (0h 0m from now) **
// **************************
// Benchmark: TemplateRendering.NLog: Quick(Arguments=/p:MatrixMode=Benchmark, IterationCount=5, WarmupCount=2)
// *** Execute ***
// Launch: 1 / 1
// Execute: dotnet Matrix.Logging-Quick-1.dll --anonymousPipes 133 134 --benchmarkName Matrix.Logging.Benchmarks.TemplateRendering.NLog --job Quick --benchmarkId 32 in /home/runner/work/dotnet-matrix/dotnet-matrix/src/Matrix.Logging/bin/Benchmark/Release/net10.0/Matrix.Logging-Quick-1/bin/Release/net10.0
// Failed to set up high priority (Permission denied). In order to run benchmarks with high priority, make sure you have the right permissions.
// BeforeAnythingElse

// Benchmark Process Environment Information:
// BenchmarkDotNet v0.15.8
// Runtime=.NET 10.0.10 (10.0.10, 10.0.1026.32716), X64 RyuJIT x86-64-v3
// GC=Concurrent Workstation
// HardwareIntrinsics=AVX2+BMI1+BMI2+F16C+FMA+LZCNT+MOVBE,AVX,SSE3+SSSE3+SSE4.1+SSE4.2+POPCNT,X86Base+SSE+SSE2,AES+PCLMUL VectorSize=256
// Job: Quick(IterationCount=5, WarmupCount=2)

OverheadJitting  1: 1 op, 170378.00 ns, 170.3780 us/op
WorkloadJitting  1: 1 op, 4528842.00 ns, 4.5288 ms/op

OverheadJitting  2: 16 op, 220080.00 ns, 13.7550 us/op
WorkloadJitting  2: 16 op, 279291.00 ns, 17.4557 us/op

WorkloadPilot    1: 16 op, 21440.00 ns, 1.3400 us/op
WorkloadPilot    2: 32 op, 52438.00 ns, 1.6387 us/op
WorkloadPilot    3: 64 op, 73447.00 ns, 1.1476 us/op
WorkloadPilot    4: 128 op, 102602.00 ns, 801.5781 ns/op
WorkloadPilot    5: 256 op, 171741.00 ns, 670.8633 ns/op
WorkloadPilot    6: 512 op, 355213.00 ns, 693.7754 ns/op
WorkloadPilot    7: 1024 op, 663388.00 ns, 647.8398 ns/op
WorkloadPilot    8: 2048 op, 1138104.00 ns, 555.7148 ns/op
WorkloadPilot    9: 4096 op, 2565578.00 ns, 626.3618 ns/op
WorkloadPilot   10: 8192 op, 5348170.00 ns, 652.8528 ns/op
WorkloadPilot   11: 16384 op, 10035166.00 ns, 612.4979 ns/op
WorkloadPilot   12: 32768 op, 19402276.00 ns, 592.1105 ns/op
WorkloadPilot   13: 65536 op, 37695091.00 ns, 575.1814 ns/op
WorkloadPilot   14: 131072 op, 64731773.00 ns, 493.8642 ns/op
WorkloadPilot   15: 262144 op, 48861698.00 ns, 186.3926 ns/op
WorkloadPilot   16: 524288 op, 46119311.00 ns, 87.9656 ns/op
WorkloadPilot   17: 1048576 op, 89484643.00 ns, 85.3392 ns/op
WorkloadPilot   18: 2097152 op, 177137487.00 ns, 84.4657 ns/op
WorkloadPilot   19: 4194304 op, 354201847.00 ns, 84.4483 ns/op
WorkloadPilot   20: 8388608 op, 707366529.00 ns, 84.3247 ns/op

OverheadWarmup   1: 8388608 op, 21688742.00 ns, 2.5855 ns/op
OverheadWarmup   2: 8388608 op, 21803626.00 ns, 2.5992 ns/op
OverheadWarmup   3: 8388608 op, 21625694.00 ns, 2.5780 ns/op
OverheadWarmup   4: 8388608 op, 21586832.00 ns, 2.5734 ns/op
OverheadWarmup   5: 8388608 op, 21773010.00 ns, 2.5955 ns/op
OverheadWarmup   6: 8388608 op, 22652520.00 ns, 2.7004 ns/op
OverheadWarmup   7: 8388608 op, 21593615.00 ns, 2.5742 ns/op

OverheadActual   1: 8388608 op, 22583973.00 ns, 2.6922 ns/op
OverheadActual   2: 8388608 op, 34799046.00 ns, 4.1484 ns/op
OverheadActual   3: 8388608 op, 21604505.00 ns, 2.5755 ns/op
OverheadActual   4: 8388608 op, 21547649.00 ns, 2.5687 ns/op
OverheadActual   5: 8388608 op, 21682000.00 ns, 2.5847 ns/op
OverheadActual   6: 8388608 op, 21539995.00 ns, 2.5678 ns/op
OverheadActual   7: 8388608 op, 21559020.00 ns, 2.5700 ns/op
OverheadActual   8: 8388608 op, 21597211.00 ns, 2.5746 ns/op
OverheadActual   9: 8388608 op, 21542068.00 ns, 2.5680 ns/op
OverheadActual  10: 8388608 op, 22461906.00 ns, 2.6777 ns/op
OverheadActual  11: 8388608 op, 13785544.00 ns, 1.6434 ns/op
OverheadActual  12: 8388608 op, 14986035.00 ns, 1.7865 ns/op
OverheadActual  13: 8388608 op, 13780265.00 ns, 1.6427 ns/op
OverheadActual  14: 8388608 op, 13727596.00 ns, 1.6365 ns/op
OverheadActual  15: 8388608 op, 13727005.00 ns, 1.6364 ns/op
OverheadActual  16: 8388608 op, 13704323.00 ns, 1.6337 ns/op
OverheadActual  17: 8388608 op, 13724050.00 ns, 1.6360 ns/op
OverheadActual  18: 8388608 op, 13778521.00 ns, 1.6425 ns/op
OverheadActual  19: 8388608 op, 13713880.00 ns, 1.6348 ns/op
OverheadActual  20: 8388608 op, 13727967.00 ns, 1.6365 ns/op

WorkloadWarmup   1: 8388608 op, 718709706.00 ns, 85.6769 ns/op
WorkloadWarmup   2: 8388608 op, 717018721.00 ns, 85.4753 ns/op

// BeforeActualRun
WorkloadActual   1: 8388608 op, 707805869.00 ns, 84.3770 ns/op
WorkloadActual   2: 8388608 op, 709906289.00 ns, 84.6274 ns/op
WorkloadActual   3: 8388608 op, 711303138.00 ns, 84.7939 ns/op
WorkloadActual   4: 8388608 op, 710834229.00 ns, 84.7380 ns/op
WorkloadActual   5: 8388608 op, 710572031.00 ns, 84.7068 ns/op

// AfterActualRun
WorkloadResult   1: 8388608 op, 689542854.00 ns, 82.1999 ns/op
WorkloadResult   2: 8388608 op, 691643274.00 ns, 82.4503 ns/op
WorkloadResult   3: 8388608 op, 693040123.00 ns, 82.6168 ns/op
WorkloadResult   4: 8388608 op, 692571214.00 ns, 82.5609 ns/op
WorkloadResult   5: 8388608 op, 692309016.00 ns, 82.5297 ns/op
// GC:  116 0 0 1946157056 8388608
// Threading:  0 0 8388608

// AfterAll
// Benchmark Process 3843 has exited with code 0.

Mean = 82.472 ns, StdErr = 0.073 ns (0.09%), N = 5, StdDev = 0.163 ns
Min = 82.200 ns, Q1 = 82.450 ns, Median = 82.530 ns, Q3 = 82.561 ns, Max = 82.617 ns
IQR = 0.111 ns, LowerFence = 82.284 ns, UpperFence = 82.727 ns
ConfidenceInterval = [81.843 ns; 83.100 ns] (CI 99.9%), Margin = 0.629 ns (0.76% of Mean)
Skewness = -0.74, Kurtosis = 1.68, MValue = 2

// ** Remained 1 (2.9 %) benchmark(s) to run. Estimated finish 2026-07-31 9:47 (0h 0m from now) **
// **************************
// Benchmark: TemplateRendering.Serilog: Quick(Arguments=/p:MatrixMode=Benchmark, IterationCount=5, WarmupCount=2)
// *** Execute ***
// Launch: 1 / 1
// Execute: dotnet Matrix.Logging-Quick-1.dll --anonymousPipes 133 134 --benchmarkName Matrix.Logging.Benchmarks.TemplateRendering.Serilog --job Quick --benchmarkId 33 in /home/runner/work/dotnet-matrix/dotnet-matrix/src/Matrix.Logging/bin/Benchmark/Release/net10.0/Matrix.Logging-Quick-1/bin/Release/net10.0
// Failed to set up high priority (Permission denied). In order to run benchmarks with high priority, make sure you have the right permissions.
// BeforeAnythingElse

// Benchmark Process Environment Information:
// BenchmarkDotNet v0.15.8
// Runtime=.NET 10.0.10 (10.0.10, 10.0.1026.32716), X64 RyuJIT x86-64-v3
// GC=Concurrent Workstation
// HardwareIntrinsics=AVX2+BMI1+BMI2+F16C+FMA+LZCNT+MOVBE,AVX,SSE3+SSSE3+SSE4.1+SSE4.2+POPCNT,X86Base+SSE+SSE2,AES+PCLMUL VectorSize=256
// Job: Quick(IterationCount=5, WarmupCount=2)

OverheadJitting  1: 1 op, 171550.00 ns, 171.5500 us/op
WorkloadJitting  1: 1 op, 7545752.00 ns, 7.5458 ms/op

OverheadJitting  2: 16 op, 190225.00 ns, 11.8891 us/op
WorkloadJitting  2: 16 op, 272208.00 ns, 17.0130 us/op

WorkloadPilot    1: 16 op, 33883.00 ns, 2.1177 us/op
WorkloadPilot    2: 32 op, 52879.00 ns, 1.6525 us/op
WorkloadPilot    3: 64 op, 73276.00 ns, 1.1449 us/op
WorkloadPilot    4: 128 op, 139460.00 ns, 1.0895 us/op
WorkloadPilot    5: 256 op, 278591.00 ns, 1.0882 us/op
WorkloadPilot    6: 512 op, 541340.00 ns, 1.0573 us/op
WorkloadPilot    7: 1024 op, 923844.00 ns, 902.1914 ns/op
WorkloadPilot    8: 2048 op, 1950861.00 ns, 952.5688 ns/op
WorkloadPilot    9: 4096 op, 4022778.00 ns, 982.1235 ns/op
WorkloadPilot   10: 8192 op, 8715725.00 ns, 1.0639 us/op
WorkloadPilot   11: 16384 op, 16821061.00 ns, 1.0267 us/op
WorkloadPilot   12: 32768 op, 33099279.00 ns, 1.0101 us/op
WorkloadPilot   13: 65536 op, 56341183.00 ns, 859.6982 ns/op
WorkloadPilot   14: 131072 op, 135503994.00 ns, 1.0338 us/op
WorkloadPilot   15: 262144 op, 145388260.00 ns, 554.6122 ns/op
WorkloadPilot   16: 524288 op, 127230915.00 ns, 242.6737 ns/op
WorkloadPilot   17: 1048576 op, 222697883.00 ns, 212.3813 ns/op
WorkloadPilot   18: 2097152 op, 437674928.00 ns, 208.6997 ns/op
WorkloadPilot   19: 4194304 op, 876677062.00 ns, 209.0161 ns/op

OverheadWarmup   1: 4194304 op, 10822928.00 ns, 2.5804 ns/op
OverheadWarmup   2: 4194304 op, 10789114.00 ns, 2.5723 ns/op
OverheadWarmup   3: 4194304 op, 10779046.00 ns, 2.5699 ns/op
OverheadWarmup   4: 4194304 op, 10845079.00 ns, 2.5857 ns/op
OverheadWarmup   5: 4194304 op, 10776110.00 ns, 2.5692 ns/op
OverheadWarmup   6: 4194304 op, 10761132.00 ns, 2.5657 ns/op
OverheadWarmup   7: 4194304 op, 10784225.00 ns, 2.5712 ns/op
OverheadWarmup   8: 4194304 op, 10792250.00 ns, 2.5731 ns/op
OverheadWarmup   9: 4194304 op, 10785237.00 ns, 2.5714 ns/op

OverheadActual   1: 4194304 op, 10796529.00 ns, 2.5741 ns/op
OverheadActual   2: 4194304 op, 10777763.00 ns, 2.5696 ns/op
OverheadActual   3: 4194304 op, 10791118.00 ns, 2.5728 ns/op
OverheadActual   4: 4194304 op, 10788964.00 ns, 2.5723 ns/op
OverheadActual   5: 4194304 op, 10763436.00 ns, 2.5662 ns/op
OverheadActual   6: 4194304 op, 10784366.00 ns, 2.5712 ns/op
OverheadActual   7: 4194304 op, 10826464.00 ns, 2.5812 ns/op
OverheadActual   8: 4194304 op, 10791469.00 ns, 2.5729 ns/op
OverheadActual   9: 4194304 op, 10777924.00 ns, 2.5697 ns/op
OverheadActual  10: 4194304 op, 10767945.00 ns, 2.5673 ns/op
OverheadActual  11: 4194304 op, 10776461.00 ns, 2.5693 ns/op
OverheadActual  12: 4194304 op, 10779296.00 ns, 2.5700 ns/op
OverheadActual  13: 4194304 op, 10768876.00 ns, 2.5675 ns/op
OverheadActual  14: 4194304 op, 10789606.00 ns, 2.5724 ns/op
OverheadActual  15: 4194304 op, 10766963.00 ns, 2.5670 ns/op

WorkloadWarmup   1: 4194304 op, 889644591.00 ns, 212.1078 ns/op
WorkloadWarmup   2: 4194304 op, 884635042.00 ns, 210.9134 ns/op

// BeforeActualRun
WorkloadActual   1: 4194304 op, 883983817.00 ns, 210.7582 ns/op
WorkloadActual   2: 4194304 op, 895234748.00 ns, 213.4406 ns/op
WorkloadActual   3: 4194304 op, 888503203.00 ns, 211.8357 ns/op
WorkloadActual   4: 4194304 op, 888373931.00 ns, 211.8049 ns/op
WorkloadActual   5: 4194304 op, 888047432.00 ns, 211.7270 ns/op

// AfterActualRun
WorkloadResult   1: 4194304 op, 873204521.00 ns, 208.1882 ns/op
WorkloadResult   2: 4194304 op, 877723907.00 ns, 209.2657 ns/op
WorkloadResult   3: 4194304 op, 877594635.00 ns, 209.2349 ns/op
WorkloadResult   4: 4194304 op, 877268136.00 ns, 209.1570 ns/op
// GC:  108 0 0 1811939328 4194304
// Threading:  0 0 4194304

// AfterAll
// Benchmark Process 3852 has exited with code 0.

Mean = 208.961 ns, StdErr = 0.259 ns (0.12%), N = 4, StdDev = 0.518 ns
Min = 208.188 ns, Q1 = 208.915 ns, Median = 209.196 ns, Q3 = 209.243 ns, Max = 209.266 ns
IQR = 0.328 ns, LowerFence = 208.423 ns, UpperFence = 209.734 ns
ConfidenceInterval = [205.617 ns; 212.306 ns] (CI 99.9%), Margin = 3.344 ns (1.60% of Mean)
Skewness = -0.73, Kurtosis = 1.3, MValue = 2

// ** Remained 0 (0.0 %) benchmark(s) to run. Estimated finish 2026-07-31 9:47 (0h 0m from now) **
// ***** BenchmarkRunner: Finish  *****

// * Export *
  tmp/dotnet-matrix/Logging/ad2a762b2cfd4ea58cc4f94d66bf2021/results/Matrix.Logging.Benchmarks.TemplateRendering-report.csv
  tmp/dotnet-matrix/Logging/ad2a762b2cfd4ea58cc4f94d66bf2021/results/Matrix.Logging.Benchmarks.TemplateRendering-report-github.md
  tmp/dotnet-matrix/Logging/ad2a762b2cfd4ea58cc4f94d66bf2021/results/Matrix.Logging.Benchmarks.TemplateRendering-report.html
  tmp/dotnet-matrix/Logging/ad2a762b2cfd4ea58cc4f94d66bf2021/results/Matrix.Logging.Benchmarks.TemplateRendering-report-full.json

// * Detailed results *
TemplateRendering.MicrosoftExtensionsLogging: Quick(Arguments=/p:MatrixMode=Benchmark, IterationCount=5, WarmupCount=2)
Runtime = .NET 10.0.10 (10.0.10, 10.0.1026.32716), X64 RyuJIT x86-64-v3; GC = Concurrent Workstation
Mean = 36.289 ns, StdErr = 0.016 ns (0.04%), N = 4, StdDev = 0.032 ns
Min = 36.252 ns, Q1 = 36.269 ns, Median = 36.293 ns, Q3 = 36.314 ns, Max = 36.319 ns
IQR = 0.045 ns, LowerFence = 36.201 ns, UpperFence = 36.381 ns
ConfidenceInterval = [36.084 ns; 36.495 ns] (CI 99.9%), Margin = 0.205 ns (0.57% of Mean)
Skewness = -0.13, Kurtosis = 0.75, MValue = 2
-------------------- Histogram --------------------
[36.226 ns ; 36.346 ns) | @@@@
---------------------------------------------------

TemplateRendering.NLog: Quick(Arguments=/p:MatrixMode=Benchmark, IterationCount=5, WarmupCount=2)
Runtime = .NET 10.0.10 (10.0.10, 10.0.1026.32716), X64 RyuJIT x86-64-v3; GC = Concurrent Workstation
Mean = 82.472 ns, StdErr = 0.073 ns (0.09%), N = 5, StdDev = 0.163 ns
Min = 82.200 ns, Q1 = 82.450 ns, Median = 82.530 ns, Q3 = 82.561 ns, Max = 82.617 ns
IQR = 0.111 ns, LowerFence = 82.284 ns, UpperFence = 82.727 ns
ConfidenceInterval = [81.843 ns; 83.100 ns] (CI 99.9%), Margin = 0.629 ns (0.76% of Mean)
Skewness = -0.74, Kurtosis = 1.68, MValue = 2
-------------------- Histogram --------------------
[82.075 ns ; 82.742 ns) | @@@@@
---------------------------------------------------

TemplateRendering.Log4Net: Quick(Arguments=/p:MatrixMode=Benchmark, IterationCount=5, WarmupCount=2)
Runtime = .NET 10.0.10 (10.0.10, 10.0.1026.32716), X64 RyuJIT x86-64-v3; GC = Concurrent Workstation
Mean = 142.194 ns, StdErr = 0.049 ns (0.03%), N = 4, StdDev = 0.097 ns
Min = 142.072 ns, Q1 = 142.138 ns, Median = 142.210 ns, Q3 = 142.266 ns, Max = 142.283 ns
IQR = 0.128 ns, LowerFence = 141.946 ns, UpperFence = 142.458 ns
ConfidenceInterval = [141.565 ns; 142.823 ns] (CI 99.9%), Margin = 0.629 ns (0.44% of Mean)
Skewness = -0.23, Kurtosis = 0.85, MValue = 2
-------------------- Histogram --------------------
[141.991 ns ; 142.364 ns) | @@@@
---------------------------------------------------

TemplateRendering.Serilog: Quick(Arguments=/p:MatrixMode=Benchmark, IterationCount=5, WarmupCount=2)
Runtime = .NET 10.0.10 (10.0.10, 10.0.1026.32716), X64 RyuJIT x86-64-v3; GC = Concurrent Workstation
Mean = 208.961 ns, StdErr = 0.259 ns (0.12%), N = 4, StdDev = 0.518 ns
Min = 208.188 ns, Q1 = 208.915 ns, Median = 209.196 ns, Q3 = 209.243 ns, Max = 209.266 ns
IQR = 0.328 ns, LowerFence = 208.423 ns, UpperFence = 209.734 ns
ConfidenceInterval = [205.617 ns; 212.306 ns] (CI 99.9%), Margin = 3.344 ns (1.60% of Mean)
Skewness = -0.73, Kurtosis = 1.3, MValue = 2
-------------------- Histogram --------------------
[207.760 ns ; 209.694 ns) | @@@@
---------------------------------------------------

// * Summary *

BenchmarkDotNet v0.15.8, Linux Ubuntu 24.04.4 LTS (Noble Numbat)
AMD EPYC 7763 3.19GHz, 1 CPU, 4 logical and 2 physical cores
.NET SDK 10.0.302
  [Host] : .NET 10.0.10 (10.0.10, 10.0.1026.32716), X64 RyuJIT x86-64-v3
  Quick  : .NET 10.0.10 (10.0.10, 10.0.1026.32716), X64 RyuJIT x86-64-v3

Job=Quick  Arguments=/p:MatrixMode=Benchmark  IterationCount=5  
WarmupCount=2  

| Method                     | Mean      | Error    | StdDev   | Gen0   | Allocated |
|--------------------------- |----------:|---------:|---------:|-------:|----------:|
| MicrosoftExtensionsLogging |  36.29 ns | 0.205 ns | 0.032 ns |      - |         - |
| NLog                       |  82.47 ns | 0.629 ns | 0.163 ns | 0.0138 |     232 B |
| Log4Net                    | 142.19 ns | 0.629 ns | 0.097 ns | 0.0167 |     280 B |
| Serilog                    | 208.96 ns | 3.344 ns | 0.518 ns | 0.0257 |     432 B |

// * Hints *
Outliers
  TemplateRendering.MicrosoftExtensionsLogging: Quick -> 1 outlier  was  removed (38.28 ns)
  TemplateRendering.NLog: Quick                       -> 1 outlier  was  detected (84.38 ns)
  TemplateRendering.Log4Net: Quick                    -> 1 outlier  was  removed (145.72 ns)
  TemplateRendering.Serilog: Quick                    -> 1 outlier  was  removed, 2 outliers were detected (210.76 ns, 213.44 ns)

// * Legends *
  Mean      : Arithmetic mean of all measurements
  Error     : Half of 99.9% confidence interval
  StdDev    : Standard deviation of all measurements
  Gen0      : GC Generation 0 collects per 1000 operations
  Allocated : Allocated memory per single operation (managed only, inclusive, 1KB = 1024B)
  1 ns      : 1 Nanosecond (0.000000001 sec)

// * Diagnostic Output - MemoryDiagnoser *


// ***** BenchmarkRunner: End *****
Run time: 00:00:32 (32.31 sec), executed benchmarks: 4

Global total time: 00:05:51 (351.14 sec), executed benchmarks: 34
// * Artifacts cleanup *
Artifacts cleanup is finished
