// Validating benchmarks:
// ***** BenchmarkRunner: Start   *****
// ***** Found 94 benchmark(s) in total *****
// ***** Building 1 exe(s) in Parallel: Start   *****
// start dotnet  restore /p:MatrixMode=Benchmark --nodeReuse:false /p:UseSharedCompilation=false /p:Deterministic=true /p:Optimize=true /p:ArtifactsPath="/home/runner/work/dotnet-matrix/dotnet-matrix/src/Matrix.LinqQueries/bin/Benchmark/Release/net10.0/Matrix.LinqQueries-Quick-1/" /p:OutDir="/home/runner/work/dotnet-matrix/dotnet-matrix/src/Matrix.LinqQueries/bin/Benchmark/Release/net10.0/Matrix.LinqQueries-Quick-1/bin/Release/net10.0/" /p:OutputPath="/home/runner/work/dotnet-matrix/dotnet-matrix/src/Matrix.LinqQueries/bin/Benchmark/Release/net10.0/Matrix.LinqQueries-Quick-1/bin/Release/net10.0/" /p:PublishDir="/home/runner/work/dotnet-matrix/dotnet-matrix/src/Matrix.LinqQueries/bin/Benchmark/Release/net10.0/Matrix.LinqQueries-Quick-1/publish/" in /home/runner/work/dotnet-matrix/dotnet-matrix/src/Matrix.LinqQueries/bin/Benchmark/Release/net10.0/Matrix.LinqQueries-Quick-1
// command took 1.55 sec and exited with 0
// start dotnet  build -c Release /p:MatrixMode=Benchmark --no-restore --nodeReuse:false /p:UseSharedCompilation=false /p:Deterministic=true /p:Optimize=true /p:ArtifactsPath="/home/runner/work/dotnet-matrix/dotnet-matrix/src/Matrix.LinqQueries/bin/Benchmark/Release/net10.0/Matrix.LinqQueries-Quick-1/" /p:OutDir="/home/runner/work/dotnet-matrix/dotnet-matrix/src/Matrix.LinqQueries/bin/Benchmark/Release/net10.0/Matrix.LinqQueries-Quick-1/bin/Release/net10.0/" /p:OutputPath="/home/runner/work/dotnet-matrix/dotnet-matrix/src/Matrix.LinqQueries/bin/Benchmark/Release/net10.0/Matrix.LinqQueries-Quick-1/bin/Release/net10.0/" /p:PublishDir="/home/runner/work/dotnet-matrix/dotnet-matrix/src/Matrix.LinqQueries/bin/Benchmark/Release/net10.0/Matrix.LinqQueries-Quick-1/publish/" --output "/home/runner/work/dotnet-matrix/dotnet-matrix/src/Matrix.LinqQueries/bin/Benchmark/Release/net10.0/Matrix.LinqQueries-Quick-1/bin/Release/net10.0/" in /home/runner/work/dotnet-matrix/dotnet-matrix/src/Matrix.LinqQueries/bin/Benchmark/Release/net10.0/Matrix.LinqQueries-Quick-1
// command took 13.01 sec and exited with 0
// ***** Done, took 00:00:14 (14.69 sec)   *****
// Found 5 benchmarks:
//   Aggregate.HandCoded: Quick(MaxRelativeError=0.05, Arguments=/p:MatrixMode=Benchmark, IterationTime=250ms, MaxIterationCount=12, MaxWarmupIterationCount=5, MinIterationCount=8, MinWarmupIterationCount=3)
//   Aggregate.LinqAF: Quick(MaxRelativeError=0.05, Arguments=/p:MatrixMode=Benchmark, IterationTime=250ms, MaxIterationCount=12, MaxWarmupIterationCount=5, MinIterationCount=8, MinWarmupIterationCount=3)
//   Aggregate.StructLinq: Quick(MaxRelativeError=0.05, Arguments=/p:MatrixMode=Benchmark, IterationTime=250ms, MaxIterationCount=12, MaxWarmupIterationCount=5, MinIterationCount=8, MinWarmupIterationCount=3)
//   Aggregate.SystemLinq: Quick(MaxRelativeError=0.05, Arguments=/p:MatrixMode=Benchmark, IterationTime=250ms, MaxIterationCount=12, MaxWarmupIterationCount=5, MinIterationCount=8, MinWarmupIterationCount=3)
//   Aggregate.ZLinq: Quick(MaxRelativeError=0.05, Arguments=/p:MatrixMode=Benchmark, IterationTime=250ms, MaxIterationCount=12, MaxWarmupIterationCount=5, MinIterationCount=8, MinWarmupIterationCount=3)

// **************************
// Benchmark: Aggregate.HandCoded: Quick(MaxRelativeError=0.05, Arguments=/p:MatrixMode=Benchmark, IterationTime=250ms, MaxIterationCount=12, MaxWarmupIterationCount=5, MinIterationCount=8, MinWarmupIterationCount=3)
// *** Execute ***
// Launch: 1 / 1
// Execute: dotnet Matrix.LinqQueries-Quick-1.dll --anonymousPipes 124 126 --benchmarkName Matrix.LinqQueries.Benchmarks.Aggregate.HandCoded --job Quick --benchmarkId 0 in /home/runner/work/dotnet-matrix/dotnet-matrix/src/Matrix.LinqQueries/bin/Benchmark/Release/net10.0/Matrix.LinqQueries-Quick-1/bin/Release/net10.0
// Failed to set up high priority (Permission denied). In order to run benchmarks with high priority, make sure you have the right permissions.
// BeforeAnythingElse

// Benchmark Process Environment Information:
// BenchmarkDotNet v0.15.8
// Runtime=.NET 10.0.10 (10.0.10, 10.0.1026.32716), X64 RyuJIT x86-64-v3
// GC=Concurrent Workstation
// HardwareIntrinsics=AVX2+BMI1+BMI2+F16C+FMA+LZCNT+MOVBE,AVX,SSE3+SSSE3+SSE4.1+SSE4.2+POPCNT,X86Base+SSE+SSE2,AES+PCLMUL VectorSize=256
// Job: Quick(MaxRelativeError=0.05, IterationTime=250ms, MaxIterationCount=12, MaxWarmupIterationCount=5, MinIterationCount=8, MinWarmupIterationCount=3)

OverheadJitting  1: 1 op, 212530.00 ns, 212.5300 us/op
WorkloadJitting  1: 1 op, 505532.00 ns, 505.5320 us/op

OverheadJitting  2: 16 op, 348075.00 ns, 21.7547 us/op
WorkloadJitting  2: 16 op, 618512.00 ns, 38.6570 us/op

WorkloadPilot    1: 16 op, 208434.00 ns, 13.0271 us/op
WorkloadPilot    2: 19200 op, 190022784.00 ns, 9.8970 us/op
WorkloadPilot    3: 25264 op, 133827939.00 ns, 5.2972 us/op
WorkloadPilot    4: 47200 op, 250706995.00 ns, 5.3116 us/op
WorkloadPilot    5: 47072 op, 249572976.00 ns, 5.3019 us/op
WorkloadPilot    6: 47168 op, 252672928.00 ns, 5.3569 us/op
WorkloadPilot    7: 46672 op, 248905159.00 ns, 5.3331 us/op
WorkloadPilot    8: 46880 op, 250285820.00 ns, 5.3389 us/op

OverheadWarmup   1: 46880 op, 136766.00 ns, 2.9174 ns/op
OverheadWarmup   2: 46880 op, 126140.00 ns, 2.6907 ns/op
OverheadWarmup   3: 46880 op, 130657.00 ns, 2.7871 ns/op
OverheadWarmup   4: 46880 op, 104568.00 ns, 2.2305 ns/op
OverheadWarmup   5: 46880 op, 118178.00 ns, 2.5209 ns/op
OverheadWarmup   6: 46880 op, 111758.00 ns, 2.3839 ns/op

OverheadActual   1: 46880 op, 105889.00 ns, 2.2587 ns/op
OverheadActual   2: 46880 op, 104708.00 ns, 2.2335 ns/op
OverheadActual   3: 46880 op, 115313.00 ns, 2.4597 ns/op
OverheadActual   4: 46880 op, 108684.00 ns, 2.3183 ns/op
OverheadActual   5: 46880 op, 104598.00 ns, 2.2312 ns/op
OverheadActual   6: 46880 op, 118498.00 ns, 2.5277 ns/op
OverheadActual   7: 46880 op, 112079.00 ns, 2.3908 ns/op
OverheadActual   8: 46880 op, 105459.00 ns, 2.2496 ns/op
OverheadActual   9: 46880 op, 104577.00 ns, 2.2307 ns/op
OverheadActual  10: 46880 op, 115324.00 ns, 2.4600 ns/op
OverheadActual  11: 46880 op, 108774.00 ns, 2.3203 ns/op
OverheadActual  12: 46880 op, 104528.00 ns, 2.2297 ns/op

WorkloadWarmup   1: 46880 op, 269882312.00 ns, 5.7569 us/op
WorkloadWarmup   2: 46880 op, 278250021.00 ns, 5.9354 us/op
WorkloadWarmup   3: 46880 op, 251449554.00 ns, 5.3637 us/op
WorkloadWarmup   4: 46880 op, 251445928.00 ns, 5.3636 us/op
WorkloadWarmup   5: 46880 op, 249056267.00 ns, 5.3126 us/op

// BeforeActualRun
WorkloadActual   1: 46880 op, 257874110.00 ns, 5.5007 us/op
WorkloadActual   2: 46880 op, 249378052.00 ns, 5.3195 us/op
WorkloadActual   3: 46880 op, 249664834.00 ns, 5.3256 us/op
WorkloadActual   4: 46880 op, 248496012.00 ns, 5.3007 us/op
WorkloadActual   5: 46880 op, 249216568.00 ns, 5.3161 us/op
WorkloadActual   6: 46880 op, 248978980.00 ns, 5.3110 us/op
WorkloadActual   7: 46880 op, 248361770.00 ns, 5.2978 us/op
WorkloadActual   8: 46880 op, 248208639.00 ns, 5.2946 us/op

// AfterActualRun
WorkloadResult   1: 46880 op, 249270765.50 ns, 5.3172 us/op
WorkloadResult   2: 46880 op, 249557547.50 ns, 5.3233 us/op
WorkloadResult   3: 46880 op, 248388725.50 ns, 5.2984 us/op
WorkloadResult   4: 46880 op, 249109281.50 ns, 5.3138 us/op
WorkloadResult   5: 46880 op, 248871693.50 ns, 5.3087 us/op
WorkloadResult   6: 46880 op, 248254483.50 ns, 5.2955 us/op
WorkloadResult   7: 46880 op, 248101352.50 ns, 5.2923 us/op
// GC:  0 0 0 0 46880
// Threading:  0 0 46880

// AfterAll
// Benchmark Process 3641 has exited with code 0.

Mean = 5.307 μs, StdErr = 0.004 μs (0.08%), N = 7, StdDev = 0.012 μs
Min = 5.292 μs, Q1 = 5.297 μs, Median = 5.309 μs, Q3 = 5.315 μs, Max = 5.323 μs
IQR = 0.019 μs, LowerFence = 5.269 μs, UpperFence = 5.343 μs
ConfidenceInterval = [5.280 μs; 5.334 μs] (CI 99.9%), Margin = 0.027 μs (0.50% of Mean)
Skewness = 0.03, Kurtosis = 1.12, MValue = 2

// ** Remained 93 (98.9 %) benchmark(s) to run. Estimated finish 2026-08-11 9:36 (0h 8m from now) **
// **************************
// Benchmark: Aggregate.LinqAF: Quick(MaxRelativeError=0.05, Arguments=/p:MatrixMode=Benchmark, IterationTime=250ms, MaxIterationCount=12, MaxWarmupIterationCount=5, MinIterationCount=8, MinWarmupIterationCount=3)
// *** Execute ***
// Launch: 1 / 1
// Execute: dotnet Matrix.LinqQueries-Quick-1.dll --anonymousPipes 124 126 --benchmarkName Matrix.LinqQueries.Benchmarks.Aggregate.LinqAF --job Quick --benchmarkId 1 in /home/runner/work/dotnet-matrix/dotnet-matrix/src/Matrix.LinqQueries/bin/Benchmark/Release/net10.0/Matrix.LinqQueries-Quick-1/bin/Release/net10.0
// Failed to set up high priority (Permission denied). In order to run benchmarks with high priority, make sure you have the right permissions.
// BeforeAnythingElse

// Benchmark Process Environment Information:
// BenchmarkDotNet v0.15.8
// Runtime=.NET 10.0.10 (10.0.10, 10.0.1026.32716), X64 RyuJIT x86-64-v3
// GC=Concurrent Workstation
// HardwareIntrinsics=AVX2+BMI1+BMI2+F16C+FMA+LZCNT+MOVBE,AVX,SSE3+SSSE3+SSE4.1+SSE4.2+POPCNT,X86Base+SSE+SSE2,AES+PCLMUL VectorSize=256
// Job: Quick(MaxRelativeError=0.05, IterationTime=250ms, MaxIterationCount=12, MaxWarmupIterationCount=5, MinIterationCount=8, MinWarmupIterationCount=3)

OverheadJitting  1: 1 op, 215484.00 ns, 215.4840 us/op
WorkloadJitting  1: 1 op, 53597341.00 ns, 53.5973 ms/op

WorkloadPilot    1: 4 op, 189746.00 ns, 47.4365 us/op
WorkloadPilot    2: 5270 op, 143389868.00 ns, 27.2087 us/op
WorkloadPilot    3: 9188 op, 33283027.00 ns, 3.6224 us/op
WorkloadPilot    4: 69014 op, 245492056.00 ns, 3.5571 us/op
WorkloadPilot    5: 70281 op, 249806237.00 ns, 3.5544 us/op
WorkloadPilot    6: 70336 op, 250748277.00 ns, 3.5650 us/op
WorkloadPilot    7: 70126 op, 249329008.00 ns, 3.5554 us/op
WorkloadPilot    8: 70315 op, 249784745.00 ns, 3.5524 us/op
WorkloadPilot    9: 70376 op, 252194736.00 ns, 3.5835 us/op
WorkloadPilot   10: 69764 op, 248585938.00 ns, 3.5632 us/op
WorkloadPilot   11: 70161 op, 249995452.00 ns, 3.5632 us/op

WorkloadWarmup   1: 70161 op, 249204290.00 ns, 3.5519 us/op
WorkloadWarmup   2: 70161 op, 249280244.00 ns, 3.5530 us/op
WorkloadWarmup   3: 70161 op, 249102877.00 ns, 3.5504 us/op
WorkloadWarmup   4: 70161 op, 249461447.00 ns, 3.5556 us/op
WorkloadWarmup   5: 70161 op, 249854980.00 ns, 3.5612 us/op

// BeforeActualRun
WorkloadActual   1: 70161 op, 267584619.00 ns, 3.8139 us/op
WorkloadActual   2: 70161 op, 249449449.00 ns, 3.5554 us/op
WorkloadActual   3: 70161 op, 249746537.00 ns, 3.5596 us/op
WorkloadActual   4: 70161 op, 253179114.00 ns, 3.6085 us/op
WorkloadActual   5: 70161 op, 249536525.00 ns, 3.5566 us/op
WorkloadActual   6: 70161 op, 249295763.00 ns, 3.5532 us/op
WorkloadActual   7: 70161 op, 249650847.00 ns, 3.5583 us/op
WorkloadActual   8: 70161 op, 249194441.00 ns, 3.5518 us/op

// AfterActualRun
WorkloadResult   1: 70161 op, 249449449.00 ns, 3.5554 us/op
WorkloadResult   2: 70161 op, 249746537.00 ns, 3.5596 us/op
WorkloadResult   3: 70161 op, 249536525.00 ns, 3.5566 us/op
WorkloadResult   4: 70161 op, 249295763.00 ns, 3.5532 us/op
WorkloadResult   5: 70161 op, 249650847.00 ns, 3.5583 us/op
WorkloadResult   6: 70161 op, 249194441.00 ns, 3.5518 us/op
// GC:  0 0 0 0 70161
// Threading:  0 0 70161

// AfterAll
// Benchmark Process 3653 has exited with code 0.

Mean = 3.556 μs, StdErr = 0.001 μs (0.03%), N = 6, StdDev = 0.003 μs
Min = 3.552 μs, Q1 = 3.554 μs, Median = 3.556 μs, Q3 = 3.558 μs, Max = 3.560 μs
IQR = 0.004 μs, LowerFence = 3.548 μs, UpperFence = 3.564 μs
ConfidenceInterval = [3.547 μs; 3.564 μs] (CI 99.9%), Margin = 0.008 μs (0.24% of Mean)
Skewness = -0.09, Kurtosis = 1.18, MValue = 2

// ** Remained 92 (97.9 %) benchmark(s) to run. Estimated finish 2026-08-11 9:36 (0h 8m from now) **
// **************************
// Benchmark: Aggregate.StructLinq: Quick(MaxRelativeError=0.05, Arguments=/p:MatrixMode=Benchmark, IterationTime=250ms, MaxIterationCount=12, MaxWarmupIterationCount=5, MinIterationCount=8, MinWarmupIterationCount=3)
// *** Execute ***
// Launch: 1 / 1
// Execute: dotnet Matrix.LinqQueries-Quick-1.dll --anonymousPipes 124 126 --benchmarkName Matrix.LinqQueries.Benchmarks.Aggregate.StructLinq --job Quick --benchmarkId 2 in /home/runner/work/dotnet-matrix/dotnet-matrix/src/Matrix.LinqQueries/bin/Benchmark/Release/net10.0/Matrix.LinqQueries-Quick-1/bin/Release/net10.0
// Failed to set up high priority (Permission denied). In order to run benchmarks with high priority, make sure you have the right permissions.
// BeforeAnythingElse

// Benchmark Process Environment Information:
// BenchmarkDotNet v0.15.8
// Runtime=.NET 10.0.10 (10.0.10, 10.0.1026.32716), X64 RyuJIT x86-64-v3
// GC=Concurrent Workstation
// HardwareIntrinsics=AVX2+BMI1+BMI2+F16C+FMA+LZCNT+MOVBE,AVX,SSE3+SSSE3+SSE4.1+SSE4.2+POPCNT,X86Base+SSE+SSE2,AES+PCLMUL VectorSize=256
// Job: Quick(MaxRelativeError=0.05, IterationTime=250ms, MaxIterationCount=12, MaxWarmupIterationCount=5, MinIterationCount=8, MinWarmupIterationCount=3)

OverheadJitting  1: 1 op, 222745.00 ns, 222.7450 us/op
WorkloadJitting  1: 1 op, 3536138.00 ns, 3.5361 ms/op

OverheadJitting  2: 16 op, 350298.00 ns, 21.8936 us/op
WorkloadJitting  2: 16 op, 1102931.00 ns, 68.9332 us/op

WorkloadPilot    1: 16 op, 667135.00 ns, 41.6959 us/op
WorkloadPilot    2: 6000 op, 191687154.00 ns, 31.9479 us/op
WorkloadPilot    3: 7840 op, 55814335.00 ns, 7.1192 us/op
WorkloadPilot    4: 35120 op, 251337779.00 ns, 7.1565 us/op
WorkloadPilot    5: 34944 op, 260034112.00 ns, 7.4415 us/op
WorkloadPilot    6: 33600 op, 239150296.00 ns, 7.1176 us/op
WorkloadPilot    7: 35136 op, 248643440.00 ns, 7.0766 us/op
WorkloadPilot    8: 35328 op, 250315379.00 ns, 7.0855 us/op

OverheadWarmup   1: 35328 op, 104357.00 ns, 2.9539 ns/op
OverheadWarmup   2: 35328 op, 92479.00 ns, 2.6177 ns/op
OverheadWarmup   3: 35328 op, 101663.00 ns, 2.8777 ns/op
OverheadWarmup   4: 35328 op, 118919.00 ns, 3.3661 ns/op
OverheadWarmup   5: 35328 op, 118669.00 ns, 3.3591 ns/op
OverheadWarmup   6: 35328 op, 116846.00 ns, 3.3075 ns/op
OverheadWarmup   7: 35328 op, 101463.00 ns, 2.8720 ns/op
OverheadWarmup   8: 35328 op, 101944.00 ns, 2.8856 ns/op
OverheadWarmup   9: 35328 op, 101363.00 ns, 2.8692 ns/op

OverheadActual   1: 35328 op, 102875.00 ns, 2.9120 ns/op
OverheadActual   2: 35328 op, 90366.00 ns, 2.5579 ns/op
OverheadActual   3: 35328 op, 102955.00 ns, 2.9143 ns/op
OverheadActual   4: 35328 op, 90587.00 ns, 2.5642 ns/op
OverheadActual   5: 35328 op, 92459.00 ns, 2.6172 ns/op
OverheadActual   6: 35328 op, 102164.00 ns, 2.8919 ns/op
OverheadActual   7: 35328 op, 113772.00 ns, 3.2204 ns/op
OverheadActual   8: 35328 op, 114963.00 ns, 3.2542 ns/op
OverheadActual   9: 35328 op, 101393.00 ns, 2.8700 ns/op
OverheadActual  10: 35328 op, 95504.00 ns, 2.7034 ns/op
OverheadActual  11: 35328 op, 101222.00 ns, 2.8652 ns/op
OverheadActual  12: 35328 op, 104327.00 ns, 2.9531 ns/op

WorkloadWarmup   1: 35328 op, 251379253.00 ns, 7.1156 us/op
WorkloadWarmup   2: 35328 op, 250095107.00 ns, 7.0792 us/op
WorkloadWarmup   3: 35328 op, 250732688.00 ns, 7.0973 us/op
WorkloadWarmup   4: 35328 op, 277390208.00 ns, 7.8519 us/op
WorkloadWarmup   5: 35328 op, 250044982.00 ns, 7.0778 us/op

// BeforeActualRun
WorkloadActual   1: 35328 op, 252513972.00 ns, 7.1477 us/op
WorkloadActual   2: 35328 op, 250789964.00 ns, 7.0989 us/op
WorkloadActual   3: 35328 op, 249869507.00 ns, 7.0728 us/op
WorkloadActual   4: 35328 op, 256270952.00 ns, 7.2540 us/op
WorkloadActual   5: 35328 op, 253128408.00 ns, 7.1651 us/op
WorkloadActual   6: 35328 op, 252020699.00 ns, 7.1337 us/op
WorkloadActual   7: 35328 op, 250393878.00 ns, 7.0877 us/op
WorkloadActual   8: 35328 op, 251192030.00 ns, 7.1103 us/op

// AfterActualRun
WorkloadResult   1: 35328 op, 252412193.50 ns, 7.1448 us/op
WorkloadResult   2: 35328 op, 250688185.50 ns, 7.0960 us/op
WorkloadResult   3: 35328 op, 249767728.50 ns, 7.0700 us/op
WorkloadResult   4: 35328 op, 253026629.50 ns, 7.1622 us/op
WorkloadResult   5: 35328 op, 251918920.50 ns, 7.1309 us/op
WorkloadResult   6: 35328 op, 250292099.50 ns, 7.0848 us/op
WorkloadResult   7: 35328 op, 251090251.50 ns, 7.1074 us/op
// GC:  0 0 0 1130496 35328
// Threading:  0 0 35328

// AfterAll
// Benchmark Process 3664 has exited with code 0.

Mean = 7.114 μs, StdErr = 0.013 μs (0.18%), N = 7, StdDev = 0.033 μs
Min = 7.070 μs, Q1 = 7.090 μs, Median = 7.107 μs, Q3 = 7.138 μs, Max = 7.162 μs
IQR = 0.047 μs, LowerFence = 7.019 μs, UpperFence = 7.209 μs
ConfidenceInterval = [7.038 μs; 7.189 μs] (CI 99.9%), Margin = 0.075 μs (1.06% of Mean)
Skewness = 0.13, Kurtosis = 1.26, MValue = 2

// ** Remained 91 (96.8 %) benchmark(s) to run. Estimated finish 2026-08-11 9:36 (0h 8m from now) **
// **************************
// Benchmark: Aggregate.SystemLinq: Quick(MaxRelativeError=0.05, Arguments=/p:MatrixMode=Benchmark, IterationTime=250ms, MaxIterationCount=12, MaxWarmupIterationCount=5, MinIterationCount=8, MinWarmupIterationCount=3)
// *** Execute ***
// Launch: 1 / 1
// Execute: dotnet Matrix.LinqQueries-Quick-1.dll --anonymousPipes 124 126 --benchmarkName Matrix.LinqQueries.Benchmarks.Aggregate.SystemLinq --job Quick --benchmarkId 3 in /home/runner/work/dotnet-matrix/dotnet-matrix/src/Matrix.LinqQueries/bin/Benchmark/Release/net10.0/Matrix.LinqQueries-Quick-1/bin/Release/net10.0
// Failed to set up high priority (Permission denied). In order to run benchmarks with high priority, make sure you have the right permissions.
// BeforeAnythingElse

// Benchmark Process Environment Information:
// BenchmarkDotNet v0.15.8
// Runtime=.NET 10.0.10 (10.0.10, 10.0.1026.32716), X64 RyuJIT x86-64-v3
// GC=Concurrent Workstation
// HardwareIntrinsics=AVX2+BMI1+BMI2+F16C+FMA+LZCNT+MOVBE,AVX,SSE3+SSSE3+SSE4.1+SSE4.2+POPCNT,X86Base+SSE+SSE2,AES+PCLMUL VectorSize=256
// Job: Quick(MaxRelativeError=0.05, IterationTime=250ms, MaxIterationCount=12, MaxWarmupIterationCount=5, MinIterationCount=8, MinWarmupIterationCount=3)

OverheadJitting  1: 1 op, 247182.00 ns, 247.1820 us/op
WorkloadJitting  1: 1 op, 1677047.00 ns, 1.6770 ms/op

OverheadJitting  2: 16 op, 381255.00 ns, 23.8284 us/op
WorkloadJitting  2: 16 op, 996842.00 ns, 62.3026 us/op

WorkloadPilot    1: 16 op, 569418.00 ns, 35.5886 us/op
WorkloadPilot    2: 7040 op, 192506159.00 ns, 27.3446 us/op
WorkloadPilot    3: 9152 op, 32904968.00 ns, 3.5954 us/op
WorkloadPilot    4: 69536 op, 250251853.00 ns, 3.5989 us/op
WorkloadPilot    5: 69472 op, 249561483.00 ns, 3.5923 us/op
WorkloadPilot    6: 69600 op, 250861932.00 ns, 3.6043 us/op
WorkloadPilot    7: 69376 op, 250838359.00 ns, 3.6156 us/op

OverheadWarmup   1: 69376 op, 200351.00 ns, 2.8879 ns/op
OverheadWarmup   2: 69376 op, 191939.00 ns, 2.7666 ns/op
OverheadWarmup   3: 69376 op, 190497.00 ns, 2.7459 ns/op
OverheadWarmup   4: 69376 op, 190997.00 ns, 2.7531 ns/op
OverheadWarmup   5: 69376 op, 174933.00 ns, 2.5215 ns/op
OverheadWarmup   6: 69376 op, 176216.00 ns, 2.5400 ns/op
OverheadWarmup   7: 69376 op, 162444.00 ns, 2.3415 ns/op

OverheadActual   1: 69376 op, 163746.00 ns, 2.3603 ns/op
OverheadActual   2: 69376 op, 188103.00 ns, 2.7114 ns/op
OverheadActual   3: 69376 op, 167122.00 ns, 2.4089 ns/op
OverheadActual   4: 69376 op, 168374.00 ns, 2.4270 ns/op
OverheadActual   5: 69376 op, 169475.00 ns, 2.4428 ns/op
OverheadActual   6: 69376 op, 169976.00 ns, 2.4501 ns/op
OverheadActual   7: 69376 op, 171788.00 ns, 2.4762 ns/op
OverheadActual   8: 69376 op, 172891.00 ns, 2.4921 ns/op

WorkloadWarmup   1: 69376 op, 255508830.00 ns, 3.6830 us/op
WorkloadWarmup   2: 69376 op, 248781193.00 ns, 3.5860 us/op
WorkloadWarmup   3: 69376 op, 249125832.00 ns, 3.5910 us/op
WorkloadWarmup   4: 69376 op, 249571293.00 ns, 3.5974 us/op
WorkloadWarmup   5: 69376 op, 248768394.00 ns, 3.5858 us/op

// BeforeActualRun
WorkloadActual   1: 69376 op, 255134445.00 ns, 3.6776 us/op
WorkloadActual   2: 69376 op, 249080444.00 ns, 3.5903 us/op
WorkloadActual   3: 69376 op, 249005541.00 ns, 3.5892 us/op
WorkloadActual   4: 69376 op, 249722801.00 ns, 3.5996 us/op
WorkloadActual   5: 69376 op, 249208998.00 ns, 3.5921 us/op
WorkloadActual   6: 69376 op, 259852746.00 ns, 3.7456 us/op
WorkloadActual   7: 69376 op, 249034104.00 ns, 3.5896 us/op
WorkloadActual   8: 69376 op, 249644553.00 ns, 3.5984 us/op

// AfterActualRun
WorkloadResult   1: 69376 op, 248910718.50 ns, 3.5879 us/op
WorkloadResult   2: 69376 op, 248835815.50 ns, 3.5868 us/op
WorkloadResult   3: 69376 op, 249553075.50 ns, 3.5971 us/op
WorkloadResult   4: 69376 op, 249039272.50 ns, 3.5897 us/op
WorkloadResult   5: 69376 op, 248864378.50 ns, 3.5872 us/op
WorkloadResult   6: 69376 op, 249474827.50 ns, 3.5960 us/op
// GC:  0 0 0 0 69376
// Threading:  0 0 69376

// AfterAll
// Benchmark Process 3676 has exited with code 0.

Mean = 3.591 μs, StdErr = 0.002 μs (0.05%), N = 6, StdDev = 0.005 μs
Min = 3.587 μs, Q1 = 3.587 μs, Median = 3.589 μs, Q3 = 3.594 μs, Max = 3.597 μs
IQR = 0.007 μs, LowerFence = 3.577 μs, UpperFence = 3.605 μs
ConfidenceInterval = [3.578 μs; 3.604 μs] (CI 99.9%), Margin = 0.013 μs (0.36% of Mean)
Skewness = 0.45, Kurtosis = 1.06, MValue = 2

// ** Remained 90 (95.7 %) benchmark(s) to run. Estimated finish 2026-08-11 9:36 (0h 8m from now) **
// **************************
// Benchmark: Aggregate.ZLinq: Quick(MaxRelativeError=0.05, Arguments=/p:MatrixMode=Benchmark, IterationTime=250ms, MaxIterationCount=12, MaxWarmupIterationCount=5, MinIterationCount=8, MinWarmupIterationCount=3)
// *** Execute ***
// Launch: 1 / 1
// Execute: dotnet Matrix.LinqQueries-Quick-1.dll --anonymousPipes 124 126 --benchmarkName Matrix.LinqQueries.Benchmarks.Aggregate.ZLinq --job Quick --benchmarkId 4 in /home/runner/work/dotnet-matrix/dotnet-matrix/src/Matrix.LinqQueries/bin/Benchmark/Release/net10.0/Matrix.LinqQueries-Quick-1/bin/Release/net10.0
// Failed to set up high priority (Permission denied). In order to run benchmarks with high priority, make sure you have the right permissions.
// BeforeAnythingElse

// Benchmark Process Environment Information:
// BenchmarkDotNet v0.15.8
// Runtime=.NET 10.0.10 (10.0.10, 10.0.1026.32716), X64 RyuJIT x86-64-v3
// GC=Concurrent Workstation
// HardwareIntrinsics=AVX2+BMI1+BMI2+F16C+FMA+LZCNT+MOVBE,AVX,SSE3+SSSE3+SSE4.1+SSE4.2+POPCNT,X86Base+SSE+SSE2,AES+PCLMUL VectorSize=256
// Job: Quick(MaxRelativeError=0.05, IterationTime=250ms, MaxIterationCount=12, MaxWarmupIterationCount=5, MinIterationCount=8, MinWarmupIterationCount=3)

OverheadJitting  1: 1 op, 207332.00 ns, 207.3320 us/op
WorkloadJitting  1: 1 op, 2876372.00 ns, 2.8764 ms/op

OverheadJitting  2: 16 op, 390878.00 ns, 24.4299 us/op
WorkloadJitting  2: 16 op, 932915.00 ns, 58.3072 us/op

WorkloadPilot    1: 16 op, 526563.00 ns, 32.9102 us/op
WorkloadPilot    2: 7600 op, 186734148.00 ns, 24.5703 us/op
WorkloadPilot    3: 10176 op, 37581673.00 ns, 3.6932 us/op
WorkloadPilot    4: 67696 op, 250061622.00 ns, 3.6939 us/op
WorkloadPilot    5: 67680 op, 250169985.00 ns, 3.6964 us/op
WorkloadPilot    6: 67648 op, 251494159.00 ns, 3.7177 us/op

OverheadWarmup   1: 67648 op, 190207.00 ns, 2.8117 ns/op
OverheadWarmup   2: 67648 op, 164819.00 ns, 2.4364 ns/op
OverheadWarmup   3: 67648 op, 164168.00 ns, 2.4268 ns/op
OverheadWarmup   4: 67648 op, 165249.00 ns, 2.4428 ns/op
OverheadWarmup   5: 67648 op, 185269.00 ns, 2.7387 ns/op
OverheadWarmup   6: 67648 op, 185650.00 ns, 2.7444 ns/op
OverheadWarmup   7: 67648 op, 185049.00 ns, 2.7355 ns/op
OverheadWarmup   8: 67648 op, 167402.00 ns, 2.4746 ns/op
OverheadWarmup   9: 67648 op, 168263.00 ns, 2.4873 ns/op
OverheadWarmup  10: 67648 op, 168975.00 ns, 2.4979 ns/op

OverheadActual   1: 67648 op, 185019.00 ns, 2.7350 ns/op
OverheadActual   2: 67648 op, 171599.00 ns, 2.5366 ns/op
OverheadActual   3: 67648 op, 187071.00 ns, 2.7654 ns/op
OverheadActual   4: 67648 op, 170166.00 ns, 2.5155 ns/op
OverheadActual   5: 67648 op, 170827.00 ns, 2.5252 ns/op
OverheadActual   6: 67648 op, 170887.00 ns, 2.5261 ns/op
OverheadActual   7: 67648 op, 171408.00 ns, 2.5338 ns/op
OverheadActual   8: 67648 op, 189446.00 ns, 2.8005 ns/op
OverheadActual   9: 67648 op, 190327.00 ns, 2.8135 ns/op
OverheadActual  10: 67648 op, 194593.00 ns, 2.8766 ns/op
OverheadActual  11: 67648 op, 198178.00 ns, 2.9295 ns/op
OverheadActual  12: 67648 op, 190797.00 ns, 2.8204 ns/op

WorkloadWarmup   1: 67648 op, 257517359.00 ns, 3.8067 us/op
WorkloadWarmup   2: 67648 op, 249983144.00 ns, 3.6954 us/op
WorkloadWarmup   3: 67648 op, 249727959.00 ns, 3.6916 us/op
WorkloadWarmup   4: 67648 op, 249848741.00 ns, 3.6934 us/op
WorkloadWarmup   5: 67648 op, 251073681.00 ns, 3.7115 us/op

// BeforeActualRun
WorkloadActual   1: 67648 op, 254562811.00 ns, 3.7631 us/op
WorkloadActual   2: 67648 op, 251218140.00 ns, 3.7136 us/op
WorkloadActual   3: 67648 op, 251276277.00 ns, 3.7145 us/op
WorkloadActual   4: 67648 op, 250358945.00 ns, 3.7009 us/op
WorkloadActual   5: 67648 op, 250073746.00 ns, 3.6967 us/op
WorkloadActual   6: 67648 op, 249905342.00 ns, 3.6942 us/op
WorkloadActual   7: 67648 op, 250051822.00 ns, 3.6964 us/op
WorkloadActual   8: 67648 op, 250535203.00 ns, 3.7035 us/op

// AfterActualRun
WorkloadResult   1: 67648 op, 251032095.00 ns, 3.7109 us/op
WorkloadResult   2: 67648 op, 251090232.00 ns, 3.7117 us/op
WorkloadResult   3: 67648 op, 250172900.00 ns, 3.6982 us/op
WorkloadResult   4: 67648 op, 249887701.00 ns, 3.6939 us/op
WorkloadResult   5: 67648 op, 249719297.00 ns, 3.6915 us/op
WorkloadResult   6: 67648 op, 249865777.00 ns, 3.6936 us/op
WorkloadResult   7: 67648 op, 250349158.00 ns, 3.7008 us/op
// GC:  0 0 0 0 67648
// Threading:  0 0 67648

// AfterAll
// Benchmark Process 3686 has exited with code 0.

Mean = 3.700 μs, StdErr = 0.003 μs (0.08%), N = 7, StdDev = 0.008 μs
Min = 3.691 μs, Q1 = 3.694 μs, Median = 3.698 μs, Q3 = 3.706 μs, Max = 3.712 μs
IQR = 0.012 μs, LowerFence = 3.676 μs, UpperFence = 3.724 μs
ConfidenceInterval = [3.681 μs; 3.719 μs] (CI 99.9%), Margin = 0.019 μs (0.50% of Mean)
Skewness = 0.43, Kurtosis = 1.24, MValue = 2

// ** Remained 89 (94.7 %) benchmark(s) to run. Estimated finish 2026-08-11 9:36 (0h 7m from now) **
// ***** BenchmarkRunner: Finish  *****

// * Export *
  tmp/dotnet-matrix/LinqQueries/4112bfa66d854e1a9cc414e42f130abf/results/Matrix.LinqQueries.Benchmarks.Aggregate-report.csv
  tmp/dotnet-matrix/LinqQueries/4112bfa66d854e1a9cc414e42f130abf/results/Matrix.LinqQueries.Benchmarks.Aggregate-report-github.md
  tmp/dotnet-matrix/LinqQueries/4112bfa66d854e1a9cc414e42f130abf/results/Matrix.LinqQueries.Benchmarks.Aggregate-report.html
  tmp/dotnet-matrix/LinqQueries/4112bfa66d854e1a9cc414e42f130abf/results/Matrix.LinqQueries.Benchmarks.Aggregate-report-full.json

// * Detailed results *
Aggregate.LinqAF: Quick(MaxRelativeError=0.05, Arguments=/p:MatrixMode=Benchmark, IterationTime=250ms, MaxIterationCount=12, MaxWarmupIterationCount=5, MinIterationCount=8, MinWarmupIterationCount=3)
Runtime = .NET 10.0.10 (10.0.10, 10.0.1026.32716), X64 RyuJIT x86-64-v3; GC = Concurrent Workstation
Mean = 3.556 μs, StdErr = 0.001 μs (0.03%), N = 6, StdDev = 0.003 μs
Min = 3.552 μs, Q1 = 3.554 μs, Median = 3.556 μs, Q3 = 3.558 μs, Max = 3.560 μs
IQR = 0.004 μs, LowerFence = 3.548 μs, UpperFence = 3.564 μs
ConfidenceInterval = [3.547 μs; 3.564 μs] (CI 99.9%), Margin = 0.008 μs (0.24% of Mean)
Skewness = -0.09, Kurtosis = 1.18, MValue = 2
-------------------- Histogram --------------------
[3.550 μs ; 3.562 μs) | @@@@@@
---------------------------------------------------

Aggregate.SystemLinq: Quick(MaxRelativeError=0.05, Arguments=/p:MatrixMode=Benchmark, IterationTime=250ms, MaxIterationCount=12, MaxWarmupIterationCount=5, MinIterationCount=8, MinWarmupIterationCount=3)
Runtime = .NET 10.0.10 (10.0.10, 10.0.1026.32716), X64 RyuJIT x86-64-v3; GC = Concurrent Workstation
Mean = 3.591 μs, StdErr = 0.002 μs (0.05%), N = 6, StdDev = 0.005 μs
Min = 3.587 μs, Q1 = 3.587 μs, Median = 3.589 μs, Q3 = 3.594 μs, Max = 3.597 μs
IQR = 0.007 μs, LowerFence = 3.577 μs, UpperFence = 3.605 μs
ConfidenceInterval = [3.578 μs; 3.604 μs] (CI 99.9%), Margin = 0.013 μs (0.36% of Mean)
Skewness = 0.45, Kurtosis = 1.06, MValue = 2
-------------------- Histogram --------------------
[3.583 μs ; 3.600 μs) | @@@@@@
---------------------------------------------------

Aggregate.ZLinq: Quick(MaxRelativeError=0.05, Arguments=/p:MatrixMode=Benchmark, IterationTime=250ms, MaxIterationCount=12, MaxWarmupIterationCount=5, MinIterationCount=8, MinWarmupIterationCount=3)
Runtime = .NET 10.0.10 (10.0.10, 10.0.1026.32716), X64 RyuJIT x86-64-v3; GC = Concurrent Workstation
Mean = 3.700 μs, StdErr = 0.003 μs (0.08%), N = 7, StdDev = 0.008 μs
Min = 3.691 μs, Q1 = 3.694 μs, Median = 3.698 μs, Q3 = 3.706 μs, Max = 3.712 μs
IQR = 0.012 μs, LowerFence = 3.676 μs, UpperFence = 3.724 μs
ConfidenceInterval = [3.681 μs; 3.719 μs] (CI 99.9%), Margin = 0.019 μs (0.50% of Mean)
Skewness = 0.43, Kurtosis = 1.24, MValue = 2
-------------------- Histogram --------------------
[3.686 μs ; 3.717 μs) | @@@@@@@
---------------------------------------------------

Aggregate.HandCoded: Quick(MaxRelativeError=0.05, Arguments=/p:MatrixMode=Benchmark, IterationTime=250ms, MaxIterationCount=12, MaxWarmupIterationCount=5, MinIterationCount=8, MinWarmupIterationCount=3)
Runtime = .NET 10.0.10 (10.0.10, 10.0.1026.32716), X64 RyuJIT x86-64-v3; GC = Concurrent Workstation
Mean = 5.307 μs, StdErr = 0.004 μs (0.08%), N = 7, StdDev = 0.012 μs
Min = 5.292 μs, Q1 = 5.297 μs, Median = 5.309 μs, Q3 = 5.315 μs, Max = 5.323 μs
IQR = 0.019 μs, LowerFence = 5.269 μs, UpperFence = 5.343 μs
ConfidenceInterval = [5.280 μs; 5.334 μs] (CI 99.9%), Margin = 0.027 μs (0.50% of Mean)
Skewness = 0.03, Kurtosis = 1.12, MValue = 2
-------------------- Histogram --------------------
[5.284 μs ; 5.331 μs) | @@@@@@@
---------------------------------------------------

Aggregate.StructLinq: Quick(MaxRelativeError=0.05, Arguments=/p:MatrixMode=Benchmark, IterationTime=250ms, MaxIterationCount=12, MaxWarmupIterationCount=5, MinIterationCount=8, MinWarmupIterationCount=3)
Runtime = .NET 10.0.10 (10.0.10, 10.0.1026.32716), X64 RyuJIT x86-64-v3; GC = Concurrent Workstation
Mean = 7.114 μs, StdErr = 0.013 μs (0.18%), N = 7, StdDev = 0.033 μs
Min = 7.070 μs, Q1 = 7.090 μs, Median = 7.107 μs, Q3 = 7.138 μs, Max = 7.162 μs
IQR = 0.047 μs, LowerFence = 7.019 μs, UpperFence = 7.209 μs
ConfidenceInterval = [7.038 μs; 7.189 μs] (CI 99.9%), Margin = 0.075 μs (1.06% of Mean)
Skewness = 0.13, Kurtosis = 1.26, MValue = 2
-------------------- Histogram --------------------
[7.047 μs ; 7.185 μs) | @@@@@@@
---------------------------------------------------

// * Summary *

BenchmarkDotNet v0.15.8, Linux Ubuntu 24.04.4 LTS (Noble Numbat)
AMD EPYC 9V74 2.60GHz, 1 CPU, 4 logical and 2 physical cores
.NET SDK 10.0.302
  [Host] : .NET 10.0.10 (10.0.10, 10.0.1026.32716), X64 RyuJIT x86-64-v3
  Quick  : .NET 10.0.10 (10.0.10, 10.0.1026.32716), X64 RyuJIT x86-64-v3

Job=Quick  MaxRelativeError=0.05  Arguments=/p:MatrixMode=Benchmark  
IterationTime=250ms  MaxIterationCount=12  MaxWarmupIterationCount=5  
MinIterationCount=8  MinWarmupIterationCount=3  

| Method     | Mean     | Error     | StdDev    | Ratio | Allocated | Alloc Ratio |
|----------- |---------:|----------:|----------:|------:|----------:|------------:|
| LinqAF     | 3.556 μs | 0.0084 μs | 0.0030 μs |  0.67 |         - |          NA |
| SystemLinq | 3.591 μs | 0.0129 μs | 0.0046 μs |  0.68 |         - |          NA |
| ZLinq      | 3.700 μs | 0.0186 μs | 0.0083 μs |  0.70 |         - |          NA |
| HandCoded  | 5.307 μs | 0.0267 μs | 0.0118 μs |  1.00 |         - |          NA |
| StructLinq | 7.114 μs | 0.0754 μs | 0.0335 μs |  1.34 |      32 B |          NA |

// * Hints *
Outliers
  Aggregate.LinqAF: Quick     -> 2 outliers were removed (3.61 μs, 3.81 μs)
  Aggregate.SystemLinq: Quick -> 2 outliers were removed (3.68 μs, 3.75 μs)
  Aggregate.ZLinq: Quick      -> 1 outlier  was  removed (3.76 μs)
  Aggregate.HandCoded: Quick  -> 1 outlier  was  removed (5.50 μs)
  Aggregate.StructLinq: Quick -> 1 outlier  was  removed (7.25 μs)

// * Legends *
  Mean        : Arithmetic mean of all measurements
  Error       : Half of 99.9% confidence interval
  StdDev      : Standard deviation of all measurements
  Ratio       : Mean of the ratio distribution ([Current]/[Baseline])
  Allocated   : Allocated memory per single operation (managed only, inclusive, 1KB = 1024B)
  Alloc Ratio : Allocated memory ratio distribution ([Current]/[Baseline])
  1 μs        : 1 Microsecond (0.000001 sec)

// * Diagnostic Output - MemoryDiagnoser *


// ***** BenchmarkRunner: End *****
Run time: 00:00:26 (26.31 sec), executed benchmarks: 5

// Found 6 benchmarks:
//   AnyMatch.HandCoded: Quick(MaxRelativeError=0.05, Arguments=/p:MatrixMode=Benchmark, IterationTime=250ms, MaxIterationCount=12, MaxWarmupIterationCount=5, MinIterationCount=8, MinWarmupIterationCount=3)
//   AnyMatch.Hyperlinq: Quick(MaxRelativeError=0.05, Arguments=/p:MatrixMode=Benchmark, IterationTime=250ms, MaxIterationCount=12, MaxWarmupIterationCount=5, MinIterationCount=8, MinWarmupIterationCount=3)
//   AnyMatch.LinqAF: Quick(MaxRelativeError=0.05, Arguments=/p:MatrixMode=Benchmark, IterationTime=250ms, MaxIterationCount=12, MaxWarmupIterationCount=5, MinIterationCount=8, MinWarmupIterationCount=3)
//   AnyMatch.StructLinq: Quick(MaxRelativeError=0.05, Arguments=/p:MatrixMode=Benchmark, IterationTime=250ms, MaxIterationCount=12, MaxWarmupIterationCount=5, MinIterationCount=8, MinWarmupIterationCount=3)
//   AnyMatch.SystemLinq: Quick(MaxRelativeError=0.05, Arguments=/p:MatrixMode=Benchmark, IterationTime=250ms, MaxIterationCount=12, MaxWarmupIterationCount=5, MinIterationCount=8, MinWarmupIterationCount=3)
//   AnyMatch.ZLinq: Quick(MaxRelativeError=0.05, Arguments=/p:MatrixMode=Benchmark, IterationTime=250ms, MaxIterationCount=12, MaxWarmupIterationCount=5, MinIterationCount=8, MinWarmupIterationCount=3)

// **************************
// Benchmark: AnyMatch.HandCoded: Quick(MaxRelativeError=0.05, Arguments=/p:MatrixMode=Benchmark, IterationTime=250ms, MaxIterationCount=12, MaxWarmupIterationCount=5, MinIterationCount=8, MinWarmupIterationCount=3)
// *** Execute ***
// Launch: 1 / 1
// Execute: dotnet Matrix.LinqQueries-Quick-1.dll --anonymousPipes 131 132 --benchmarkName Matrix.LinqQueries.Benchmarks.AnyMatch.HandCoded --job Quick --benchmarkId 5 in /home/runner/work/dotnet-matrix/dotnet-matrix/src/Matrix.LinqQueries/bin/Benchmark/Release/net10.0/Matrix.LinqQueries-Quick-1/bin/Release/net10.0
// Failed to set up high priority (Permission denied). In order to run benchmarks with high priority, make sure you have the right permissions.
// BeforeAnythingElse

// Benchmark Process Environment Information:
// BenchmarkDotNet v0.15.8
// Runtime=.NET 10.0.10 (10.0.10, 10.0.1026.32716), X64 RyuJIT x86-64-v3
// GC=Concurrent Workstation
// HardwareIntrinsics=AVX2+BMI1+BMI2+F16C+FMA+LZCNT+MOVBE,AVX,SSE3+SSSE3+SSE4.1+SSE4.2+POPCNT,X86Base+SSE+SSE2,AES+PCLMUL VectorSize=256
// Job: Quick(MaxRelativeError=0.05, IterationTime=250ms, MaxIterationCount=12, MaxWarmupIterationCount=5, MinIterationCount=8, MinWarmupIterationCount=3)

OverheadJitting  1: 1 op, 211960.00 ns, 211.9600 us/op
WorkloadJitting  1: 1 op, 323127.00 ns, 323.1270 us/op

OverheadJitting  2: 16 op, 357208.00 ns, 22.3255 us/op
WorkloadJitting  2: 16 op, 841488.00 ns, 52.5930 us/op

WorkloadPilot    1: 16 op, 251789.00 ns, 15.7368 us/op
WorkloadPilot    2: 15888 op, 187099665.00 ns, 11.7762 us/op
WorkloadPilot    3: 21232 op, 143258051.00 ns, 6.7473 us/op
WorkloadPilot    4: 37056 op, 248537927.00 ns, 6.7071 us/op
WorkloadPilot    5: 37280 op, 251288202.00 ns, 6.7406 us/op
WorkloadPilot    6: 37104 op, 249452585.00 ns, 6.7231 us/op
WorkloadPilot    7: 37200 op, 250242816.00 ns, 6.7270 us/op
WorkloadPilot    8: 37168 op, 248940524.00 ns, 6.6977 us/op
WorkloadPilot    9: 37328 op, 249870886.00 ns, 6.6939 us/op
WorkloadPilot   10: 37360 op, 252586619.00 ns, 6.7609 us/op

OverheadWarmup   1: 37360 op, 98789.00 ns, 2.6442 ns/op
OverheadWarmup   2: 37360 op, 97076.00 ns, 2.5984 ns/op
OverheadWarmup   3: 37360 op, 110116.00 ns, 2.9474 ns/op
OverheadWarmup   4: 37360 op, 119720.00 ns, 3.2045 ns/op
OverheadWarmup   5: 37360 op, 96425.00 ns, 2.5810 ns/op
OverheadWarmup   6: 37360 op, 97006.00 ns, 2.5965 ns/op
OverheadWarmup   7: 37360 op, 96415.00 ns, 2.5807 ns/op

OverheadActual   1: 37360 op, 97026.00 ns, 2.5971 ns/op
OverheadActual   2: 37360 op, 87151.00 ns, 2.3327 ns/op
OverheadActual   3: 37360 op, 83586.00 ns, 2.2373 ns/op
OverheadActual   4: 37360 op, 90527.00 ns, 2.4231 ns/op
OverheadActual   5: 37360 op, 83476.00 ns, 2.2344 ns/op
OverheadActual   6: 37360 op, 93611.00 ns, 2.5056 ns/op
OverheadActual   7: 37360 op, 83816.00 ns, 2.2435 ns/op
OverheadActual   8: 37360 op, 96576.00 ns, 2.5850 ns/op
OverheadActual   9: 37360 op, 97076.00 ns, 2.5984 ns/op
OverheadActual  10: 37360 op, 96445.00 ns, 2.5815 ns/op
OverheadActual  11: 37360 op, 89966.00 ns, 2.4081 ns/op
OverheadActual  12: 37360 op, 96486.00 ns, 2.5826 ns/op

WorkloadWarmup   1: 37360 op, 259051221.00 ns, 6.9339 us/op
WorkloadWarmup   2: 37360 op, 250210978.00 ns, 6.6973 us/op
WorkloadWarmup   3: 37360 op, 257884703.00 ns, 6.9027 us/op
WorkloadWarmup   4: 37360 op, 250204829.00 ns, 6.6971 us/op
WorkloadWarmup   5: 37360 op, 250125380.00 ns, 6.6950 us/op

// BeforeActualRun
WorkloadActual   1: 37360 op, 250420534.00 ns, 6.7029 us/op
WorkloadActual   2: 37360 op, 250125740.00 ns, 6.6950 us/op
WorkloadActual   3: 37360 op, 250125940.00 ns, 6.6950 us/op
WorkloadActual   4: 37360 op, 250585653.00 ns, 6.7073 us/op
WorkloadActual   5: 37360 op, 250352511.00 ns, 6.7011 us/op
WorkloadActual   6: 37360 op, 250253923.00 ns, 6.6984 us/op
WorkloadActual   7: 37360 op, 250186311.00 ns, 6.6966 us/op
WorkloadActual   8: 37360 op, 250909651.00 ns, 6.7160 us/op

// AfterActualRun
WorkloadResult   1: 37360 op, 250328465.00 ns, 6.7004 us/op
WorkloadResult   2: 37360 op, 250033671.00 ns, 6.6926 us/op
WorkloadResult   3: 37360 op, 250033871.00 ns, 6.6926 us/op
WorkloadResult   4: 37360 op, 250493584.00 ns, 6.7049 us/op
WorkloadResult   5: 37360 op, 250260442.00 ns, 6.6986 us/op
WorkloadResult   6: 37360 op, 250161854.00 ns, 6.6960 us/op
WorkloadResult   7: 37360 op, 250094242.00 ns, 6.6942 us/op
// GC:  0 0 0 0 37360
// Threading:  0 0 37360

// AfterAll
// Benchmark Process 3700 has exited with code 0.

Mean = 6.697 μs, StdErr = 0.002 μs (0.03%), N = 7, StdDev = 0.005 μs
Min = 6.693 μs, Q1 = 6.693 μs, Median = 6.696 μs, Q3 = 6.700 μs, Max = 6.705 μs
IQR = 0.006 μs, LowerFence = 6.684 μs, UpperFence = 6.709 μs
ConfidenceInterval = [6.687 μs; 6.707 μs] (CI 99.9%), Margin = 0.010 μs (0.15% of Mean)
Skewness = 0.48, Kurtosis = 1.58, MValue = 2

// ** Remained 88 (93.6 %) benchmark(s) to run. Estimated finish 2026-08-11 9:36 (0h 7m from now) **
// **************************
// Benchmark: AnyMatch.Hyperlinq: Quick(MaxRelativeError=0.05, Arguments=/p:MatrixMode=Benchmark, IterationTime=250ms, MaxIterationCount=12, MaxWarmupIterationCount=5, MinIterationCount=8, MinWarmupIterationCount=3)
// *** Execute ***
// Launch: 1 / 1
// Execute: dotnet Matrix.LinqQueries-Quick-1.dll --anonymousPipes 131 132 --benchmarkName Matrix.LinqQueries.Benchmarks.AnyMatch.Hyperlinq --job Quick --benchmarkId 6 in /home/runner/work/dotnet-matrix/dotnet-matrix/src/Matrix.LinqQueries/bin/Benchmark/Release/net10.0/Matrix.LinqQueries-Quick-1/bin/Release/net10.0
// Failed to set up high priority (Permission denied). In order to run benchmarks with high priority, make sure you have the right permissions.
// BeforeAnythingElse

// Benchmark Process Environment Information:
// BenchmarkDotNet v0.15.8
// Runtime=.NET 10.0.10 (10.0.10, 10.0.1026.32716), X64 RyuJIT x86-64-v3
// GC=Concurrent Workstation
// HardwareIntrinsics=AVX2+BMI1+BMI2+F16C+FMA+LZCNT+MOVBE,AVX,SSE3+SSSE3+SSE4.1+SSE4.2+POPCNT,X86Base+SSE+SSE2,AES+PCLMUL VectorSize=256
// Job: Quick(MaxRelativeError=0.05, IterationTime=250ms, MaxIterationCount=12, MaxWarmupIterationCount=5, MinIterationCount=8, MinWarmupIterationCount=3)

OverheadJitting  1: 1 op, 214613.00 ns, 214.6130 us/op
WorkloadJitting  1: 1 op, 2470142.00 ns, 2.4701 ms/op

OverheadJitting  2: 16 op, 359722.00 ns, 22.4826 us/op
WorkloadJitting  2: 16 op, 1797910.00 ns, 112.3694 us/op

WorkloadPilot    1: 16 op, 1001279.00 ns, 62.5799 us/op
WorkloadPilot    2: 4000 op, 188909041.00 ns, 47.2273 us/op
WorkloadPilot    3: 5296 op, 35602746.00 ns, 6.7226 us/op
WorkloadPilot    4: 37200 op, 250303488.00 ns, 6.7286 us/op
WorkloadPilot    5: 37168 op, 249427888.00 ns, 6.7108 us/op
WorkloadPilot    6: 37264 op, 252576584.00 ns, 6.7780 us/op
WorkloadPilot    7: 36896 op, 248615244.00 ns, 6.7383 us/op
WorkloadPilot    8: 37104 op, 249887431.00 ns, 6.7348 us/op
WorkloadPilot    9: 37136 op, 248889957.00 ns, 6.7021 us/op
WorkloadPilot   10: 37312 op, 254206347.00 ns, 6.8130 us/op

OverheadWarmup   1: 37312 op, 97277.00 ns, 2.6071 ns/op
OverheadWarmup   2: 37312 op, 110377.00 ns, 2.9582 ns/op
OverheadWarmup   3: 37312 op, 94603.00 ns, 2.5355 ns/op
OverheadWarmup   4: 37312 op, 95323.00 ns, 2.5548 ns/op
OverheadWarmup   5: 37312 op, 82705.00 ns, 2.2166 ns/op

OverheadActual   1: 37312 op, 92229.00 ns, 2.4718 ns/op
OverheadActual   2: 37312 op, 83386.00 ns, 2.2348 ns/op
OverheadActual   3: 37312 op, 95204.00 ns, 2.5516 ns/op
OverheadActual   4: 37312 op, 86100.00 ns, 2.3076 ns/op
OverheadActual   5: 37312 op, 83065.00 ns, 2.2262 ns/op
OverheadActual   6: 37312 op, 116766.00 ns, 3.1294 ns/op
OverheadActual   7: 37312 op, 100942.00 ns, 2.7053 ns/op
OverheadActual   8: 37312 op, 106841.00 ns, 2.8634 ns/op
OverheadActual   9: 37312 op, 94783.00 ns, 2.5403 ns/op
OverheadActual  10: 37312 op, 94903.00 ns, 2.5435 ns/op
OverheadActual  11: 37312 op, 85809.00 ns, 2.2998 ns/op
OverheadActual  12: 37312 op, 83185.00 ns, 2.2294 ns/op

WorkloadWarmup   1: 37312 op, 257734444.00 ns, 6.9075 us/op
WorkloadWarmup   2: 37312 op, 250532321.00 ns, 6.7145 us/op
WorkloadWarmup   3: 37312 op, 266856199.00 ns, 7.1520 us/op
WorkloadWarmup   4: 37312 op, 249978617.00 ns, 6.6997 us/op
WorkloadWarmup   5: 37312 op, 249970514.00 ns, 6.6995 us/op

// BeforeActualRun
WorkloadActual   1: 37312 op, 251261099.00 ns, 6.7341 us/op
WorkloadActual   2: 37312 op, 249826478.00 ns, 6.6956 us/op
WorkloadActual   3: 37312 op, 249967610.00 ns, 6.6994 us/op
WorkloadActual   4: 37312 op, 250173390.00 ns, 6.7049 us/op
WorkloadActual   5: 37312 op, 250506622.00 ns, 6.7138 us/op
WorkloadActual   6: 37312 op, 250531931.00 ns, 6.7145 us/op
WorkloadActual   7: 37312 op, 261659879.00 ns, 7.0128 us/op
WorkloadActual   8: 37312 op, 250505731.00 ns, 6.7138 us/op

// AfterActualRun
WorkloadResult   1: 37312 op, 251167593.00 ns, 6.7315 us/op
WorkloadResult   2: 37312 op, 249732972.00 ns, 6.6931 us/op
WorkloadResult   3: 37312 op, 249874104.00 ns, 6.6969 us/op
WorkloadResult   4: 37312 op, 250079884.00 ns, 6.7024 us/op
WorkloadResult   5: 37312 op, 250413116.00 ns, 6.7113 us/op
WorkloadResult   6: 37312 op, 250438425.00 ns, 6.7120 us/op
WorkloadResult   7: 37312 op, 250412225.00 ns, 6.7113 us/op
// GC:  0 0 0 0 37312
// Threading:  0 0 37312

// AfterAll
// Benchmark Process 3710 has exited with code 0.

Mean = 6.708 μs, StdErr = 0.005 μs (0.07%), N = 7, StdDev = 0.013 μs
Min = 6.693 μs, Q1 = 6.700 μs, Median = 6.711 μs, Q3 = 6.712 μs, Max = 6.732 μs
IQR = 0.012 μs, LowerFence = 6.682 μs, UpperFence = 6.730 μs
ConfidenceInterval = [6.680 μs; 6.737 μs] (CI 99.9%), Margin = 0.029 μs (0.43% of Mean)
Skewness = 0.51, Kurtosis = 1.98, MValue = 2

// ** Remained 87 (92.6 %) benchmark(s) to run. Estimated finish 2026-08-11 9:36 (0h 7m from now) **
// **************************
// Benchmark: AnyMatch.LinqAF: Quick(MaxRelativeError=0.05, Arguments=/p:MatrixMode=Benchmark, IterationTime=250ms, MaxIterationCount=12, MaxWarmupIterationCount=5, MinIterationCount=8, MinWarmupIterationCount=3)
// *** Execute ***
// Launch: 1 / 1
// Execute: dotnet Matrix.LinqQueries-Quick-1.dll --anonymousPipes 131 132 --benchmarkName Matrix.LinqQueries.Benchmarks.AnyMatch.LinqAF --job Quick --benchmarkId 7 in /home/runner/work/dotnet-matrix/dotnet-matrix/src/Matrix.LinqQueries/bin/Benchmark/Release/net10.0/Matrix.LinqQueries-Quick-1/bin/Release/net10.0
// Failed to set up high priority (Permission denied). In order to run benchmarks with high priority, make sure you have the right permissions.
// BeforeAnythingElse

// Benchmark Process Environment Information:
// BenchmarkDotNet v0.15.8
// Runtime=.NET 10.0.10 (10.0.10, 10.0.1026.32716), X64 RyuJIT x86-64-v3
// GC=Concurrent Workstation
// HardwareIntrinsics=AVX2+BMI1+BMI2+F16C+FMA+LZCNT+MOVBE,AVX,SSE3+SSSE3+SSE4.1+SSE4.2+POPCNT,X86Base+SSE+SSE2,AES+PCLMUL VectorSize=256
// Job: Quick(MaxRelativeError=0.05, IterationTime=250ms, MaxIterationCount=12, MaxWarmupIterationCount=5, MinIterationCount=8, MinWarmupIterationCount=3)

OverheadJitting  1: 1 op, 217217.00 ns, 217.2170 us/op
WorkloadJitting  1: 1 op, 48758713.00 ns, 48.7587 ms/op

WorkloadPilot    1: 4 op, 693575.00 ns, 173.3938 us/op
WorkloadPilot    2: 1442 op, 56275890.00 ns, 39.0263 us/op
WorkloadPilot    3: 6406 op, 100836478.00 ns, 15.7409 us/op
WorkloadPilot    4: 15882 op, 53534880.00 ns, 3.3708 us/op
WorkloadPilot    5: 74167 op, 250786093.00 ns, 3.3814 us/op
WorkloadPilot    6: 73935 op, 253972726.00 ns, 3.4351 us/op
WorkloadPilot    7: 72778 op, 247213530.00 ns, 3.3968 us/op
WorkloadPilot    8: 73598 op, 249754850.00 ns, 3.3935 us/op
WorkloadPilot    9: 73670 op, 248439708.00 ns, 3.3723 us/op
WorkloadPilot   10: 74133 op, 250321283.00 ns, 3.3767 us/op

WorkloadWarmup   1: 74133 op, 250024816.00 ns, 3.3727 us/op
WorkloadWarmup   2: 74133 op, 250033990.00 ns, 3.3728 us/op
WorkloadWarmup   3: 74133 op, 252437301.00 ns, 3.4052 us/op
WorkloadWarmup   4: 74133 op, 250240982.00 ns, 3.3756 us/op
WorkloadWarmup   5: 74133 op, 249906528.00 ns, 3.3711 us/op

// BeforeActualRun
WorkloadActual   1: 74133 op, 250170837.00 ns, 3.3746 us/op
WorkloadActual   2: 74133 op, 250163325.00 ns, 3.3745 us/op
WorkloadActual   3: 74133 op, 268800308.00 ns, 3.6259 us/op
WorkloadActual   4: 74133 op, 254258679.00 ns, 3.4298 us/op
WorkloadActual   5: 74133 op, 250632155.00 ns, 3.3808 us/op
WorkloadActual   6: 74133 op, 250271190.00 ns, 3.3760 us/op
WorkloadActual   7: 74133 op, 251220080.00 ns, 3.3888 us/op
WorkloadActual   8: 74133 op, 251166390.00 ns, 3.3881 us/op

// AfterActualRun
WorkloadResult   1: 74133 op, 250170837.00 ns, 3.3746 us/op
WorkloadResult   2: 74133 op, 250163325.00 ns, 3.3745 us/op
WorkloadResult   3: 74133 op, 254258679.00 ns, 3.4298 us/op
WorkloadResult   4: 74133 op, 250632155.00 ns, 3.3808 us/op
WorkloadResult   5: 74133 op, 250271190.00 ns, 3.3760 us/op
WorkloadResult   6: 74133 op, 251220080.00 ns, 3.3888 us/op
WorkloadResult   7: 74133 op, 251166390.00 ns, 3.3881 us/op
// GC:  0 0 0 0 74133
// Threading:  0 0 74133

// AfterAll
// Benchmark Process 3723 has exited with code 0.

Mean = 3.388 μs, StdErr = 0.007 μs (0.22%), N = 7, StdDev = 0.020 μs
Min = 3.375 μs, Q1 = 3.375 μs, Median = 3.381 μs, Q3 = 3.388 μs, Max = 3.430 μs
IQR = 0.013 μs, LowerFence = 3.356 μs, UpperFence = 3.408 μs
ConfidenceInterval = [3.343 μs; 3.432 μs] (CI 99.9%), Margin = 0.044 μs (1.30% of Mean)
Skewness = 1.32, Kurtosis = 3.17, MValue = 2

// ** Remained 86 (91.5 %) benchmark(s) to run. Estimated finish 2026-08-11 9:36 (0h 7m from now) **
// **************************
// Benchmark: AnyMatch.StructLinq: Quick(MaxRelativeError=0.05, Arguments=/p:MatrixMode=Benchmark, IterationTime=250ms, MaxIterationCount=12, MaxWarmupIterationCount=5, MinIterationCount=8, MinWarmupIterationCount=3)
// *** Execute ***
// Launch: 1 / 1
// Execute: dotnet Matrix.LinqQueries-Quick-1.dll --anonymousPipes 131 132 --benchmarkName Matrix.LinqQueries.Benchmarks.AnyMatch.StructLinq --job Quick --benchmarkId 8 in /home/runner/work/dotnet-matrix/dotnet-matrix/src/Matrix.LinqQueries/bin/Benchmark/Release/net10.0/Matrix.LinqQueries-Quick-1/bin/Release/net10.0
// Failed to set up high priority (Permission denied). In order to run benchmarks with high priority, make sure you have the right permissions.
// BeforeAnythingElse

// Benchmark Process Environment Information:
// BenchmarkDotNet v0.15.8
// Runtime=.NET 10.0.10 (10.0.10, 10.0.1026.32716), X64 RyuJIT x86-64-v3
// GC=Concurrent Workstation
// HardwareIntrinsics=AVX2+BMI1+BMI2+F16C+FMA+LZCNT+MOVBE,AVX,SSE3+SSSE3+SSE4.1+SSE4.2+POPCNT,X86Base+SSE+SSE2,AES+PCLMUL VectorSize=256
// Job: Quick(MaxRelativeError=0.05, IterationTime=250ms, MaxIterationCount=12, MaxWarmupIterationCount=5, MinIterationCount=8, MinWarmupIterationCount=3)

OverheadJitting  1: 1 op, 233472.00 ns, 233.4720 us/op
WorkloadJitting  1: 1 op, 3550419.00 ns, 3.5504 ms/op

OverheadJitting  2: 16 op, 368174.00 ns, 23.0109 us/op
WorkloadJitting  2: 16 op, 1563115.00 ns, 97.6947 us/op

WorkloadPilot    1: 16 op, 690050.00 ns, 43.1281 us/op
WorkloadPilot    2: 5808 op, 190017241.00 ns, 32.7165 us/op
WorkloadPilot    3: 7648 op, 65951223.00 ns, 8.6233 us/op
WorkloadPilot    4: 28992 op, 258811618.00 ns, 8.9270 us/op
WorkloadPilot    5: 28016 op, 242249305.00 ns, 8.6468 us/op
WorkloadPilot    6: 28912 op, 252993061.00 ns, 8.7505 us/op
WorkloadPilot    7: 28576 op, 247039442.00 ns, 8.6450 us/op
WorkloadPilot    8: 28928 op, 249438596.00 ns, 8.6227 us/op
WorkloadPilot    9: 29008 op, 250698284.00 ns, 8.6424 us/op

OverheadWarmup   1: 29008 op, 76936.00 ns, 2.6522 ns/op
OverheadWarmup   2: 29008 op, 64858.00 ns, 2.2359 ns/op
OverheadWarmup   3: 29008 op, 73010.00 ns, 2.5169 ns/op
OverheadWarmup   4: 29008 op, 64777.00 ns, 2.2331 ns/op
OverheadWarmup   5: 29008 op, 70236.00 ns, 2.4213 ns/op
OverheadWarmup   6: 29008 op, 64998.00 ns, 2.2407 ns/op

OverheadActual   1: 29008 op, 68013.00 ns, 2.3446 ns/op
OverheadActual   2: 29008 op, 64938.00 ns, 2.2386 ns/op
OverheadActual   3: 29008 op, 64917.00 ns, 2.2379 ns/op
OverheadActual   4: 29008 op, 75464.00 ns, 2.6015 ns/op
OverheadActual   5: 29008 op, 65128.00 ns, 2.2452 ns/op
OverheadActual   6: 29008 op, 72589.00 ns, 2.5024 ns/op
OverheadActual   7: 29008 op, 64847.00 ns, 2.2355 ns/op
OverheadActual   8: 29008 op, 70015.00 ns, 2.4136 ns/op
OverheadActual   9: 29008 op, 64868.00 ns, 2.2362 ns/op
OverheadActual  10: 29008 op, 67411.00 ns, 2.3239 ns/op
OverheadActual  11: 29008 op, 64867.00 ns, 2.2362 ns/op
OverheadActual  12: 29008 op, 64828.00 ns, 2.2348 ns/op

WorkloadWarmup   1: 29008 op, 256499144.00 ns, 8.8424 us/op
WorkloadWarmup   2: 29008 op, 256042646.00 ns, 8.8266 us/op
WorkloadWarmup   3: 29008 op, 249617746.00 ns, 8.6051 us/op
WorkloadWarmup   4: 29008 op, 249738799.00 ns, 8.6093 us/op
WorkloadWarmup   5: 29008 op, 250005230.00 ns, 8.6185 us/op

// BeforeActualRun
WorkloadActual   1: 29008 op, 250554127.00 ns, 8.6374 us/op
WorkloadActual   2: 29008 op, 249679499.00 ns, 8.6073 us/op
WorkloadActual   3: 29008 op, 249681061.00 ns, 8.6073 us/op
WorkloadActual   4: 29008 op, 250400856.00 ns, 8.6321 us/op
WorkloadActual   5: 29008 op, 260262233.00 ns, 8.9721 us/op
WorkloadActual   6: 29008 op, 249796114.00 ns, 8.6113 us/op
WorkloadActual   7: 29008 op, 249576554.00 ns, 8.6037 us/op
WorkloadActual   8: 29008 op, 249989156.00 ns, 8.6179 us/op

// AfterActualRun
WorkloadResult   1: 29008 op, 250489094.00 ns, 8.6352 us/op
WorkloadResult   2: 29008 op, 249614466.00 ns, 8.6050 us/op
WorkloadResult   3: 29008 op, 249616028.00 ns, 8.6051 us/op
WorkloadResult   4: 29008 op, 250335823.00 ns, 8.6299 us/op
WorkloadResult   5: 29008 op, 249731081.00 ns, 8.6090 us/op
WorkloadResult   6: 29008 op, 249511521.00 ns, 8.6015 us/op
WorkloadResult   7: 29008 op, 249924123.00 ns, 8.6157 us/op
// GC:  0 0 0 928256 29008
// Threading:  0 0 29008

// AfterAll
// Benchmark Process 3731 has exited with code 0.

Mean = 8.614 μs, StdErr = 0.005 μs (0.06%), N = 7, StdDev = 0.013 μs
Min = 8.601 μs, Q1 = 8.605 μs, Median = 8.609 μs, Q3 = 8.623 μs, Max = 8.635 μs
IQR = 0.018 μs, LowerFence = 8.578 μs, UpperFence = 8.649 μs
ConfidenceInterval = [8.585 μs; 8.644 μs] (CI 99.9%), Margin = 0.030 μs (0.34% of Mean)
Skewness = 0.53, Kurtosis = 1.35, MValue = 2

// ** Remained 85 (90.4 %) benchmark(s) to run. Estimated finish 2026-08-11 9:36 (0h 7m from now) **
// **************************
// Benchmark: AnyMatch.SystemLinq: Quick(MaxRelativeError=0.05, Arguments=/p:MatrixMode=Benchmark, IterationTime=250ms, MaxIterationCount=12, MaxWarmupIterationCount=5, MinIterationCount=8, MinWarmupIterationCount=3)
// *** Execute ***
// Launch: 1 / 1
// Execute: dotnet Matrix.LinqQueries-Quick-1.dll --anonymousPipes 131 132 --benchmarkName Matrix.LinqQueries.Benchmarks.AnyMatch.SystemLinq --job Quick --benchmarkId 9 in /home/runner/work/dotnet-matrix/dotnet-matrix/src/Matrix.LinqQueries/bin/Benchmark/Release/net10.0/Matrix.LinqQueries-Quick-1/bin/Release/net10.0
// Failed to set up high priority (Permission denied). In order to run benchmarks with high priority, make sure you have the right permissions.
// BeforeAnythingElse

// Benchmark Process Environment Information:
// BenchmarkDotNet v0.15.8
// Runtime=.NET 10.0.10 (10.0.10, 10.0.1026.32716), X64 RyuJIT x86-64-v3
// GC=Concurrent Workstation
// HardwareIntrinsics=AVX2+BMI1+BMI2+F16C+FMA+LZCNT+MOVBE,AVX,SSE3+SSSE3+SSE4.1+SSE4.2+POPCNT,X86Base+SSE+SSE2,AES+PCLMUL VectorSize=256
// Job: Quick(MaxRelativeError=0.05, IterationTime=250ms, MaxIterationCount=12, MaxWarmupIterationCount=5, MinIterationCount=8, MinWarmupIterationCount=3)

OverheadJitting  1: 1 op, 209987.00 ns, 209.9870 us/op
WorkloadJitting  1: 1 op, 990602.00 ns, 990.6020 us/op

OverheadJitting  2: 16 op, 361204.00 ns, 22.5753 us/op
WorkloadJitting  2: 16 op, 1594843.00 ns, 99.6777 us/op

WorkloadPilot    1: 16 op, 532963.00 ns, 33.3102 us/op
WorkloadPilot    2: 7520 op, 191751214.00 ns, 25.4988 us/op
WorkloadPilot    3: 9808 op, 33234271.00 ns, 3.3885 us/op
WorkloadPilot    4: 73792 op, 250435458.00 ns, 3.3938 us/op
WorkloadPilot    5: 73664 op, 250283880.00 ns, 3.3976 us/op
WorkloadPilot    6: 73584 op, 248755845.00 ns, 3.3806 us/op
WorkloadPilot    7: 73952 op, 249333957.00 ns, 3.3716 us/op
WorkloadPilot    8: 74160 op, 250509599.00 ns, 3.3780 us/op

OverheadWarmup   1: 74160 op, 190036.00 ns, 2.5625 ns/op
OverheadWarmup   2: 74160 op, 170767.00 ns, 2.3027 ns/op
OverheadWarmup   3: 74160 op, 172721.00 ns, 2.3290 ns/op
OverheadWarmup   4: 74160 op, 175774.00 ns, 2.3702 ns/op
OverheadWarmup   5: 74160 op, 178219.00 ns, 2.4032 ns/op
OverheadWarmup   6: 74160 op, 181033.00 ns, 2.4411 ns/op
OverheadWarmup   7: 74160 op, 183857.00 ns, 2.4792 ns/op
OverheadWarmup   8: 74160 op, 188424.00 ns, 2.5408 ns/op
OverheadWarmup   9: 74160 op, 188274.00 ns, 2.5388 ns/op
OverheadWarmup  10: 74160 op, 175275.00 ns, 2.3635 ns/op

OverheadActual   1: 74160 op, 173922.00 ns, 2.3452 ns/op
OverheadActual   2: 74160 op, 177147.00 ns, 2.3887 ns/op
OverheadActual   3: 74160 op, 179891.00 ns, 2.4257 ns/op
OverheadActual   4: 74160 op, 182075.00 ns, 2.4552 ns/op
OverheadActual   5: 74160 op, 185390.00 ns, 2.4999 ns/op
OverheadActual   6: 74160 op, 187813.00 ns, 2.5325 ns/op
OverheadActual   7: 74160 op, 170397.00 ns, 2.2977 ns/op
OverheadActual   8: 74160 op, 188294.00 ns, 2.5390 ns/op
OverheadActual   9: 74160 op, 188314.00 ns, 2.5393 ns/op
OverheadActual  10: 74160 op, 188424.00 ns, 2.5408 ns/op
OverheadActual  11: 74160 op, 188323.00 ns, 2.5394 ns/op

WorkloadWarmup   1: 74160 op, 283222346.00 ns, 3.8191 us/op
WorkloadWarmup   2: 74160 op, 250196197.00 ns, 3.3737 us/op
WorkloadWarmup   3: 74160 op, 263630252.00 ns, 3.5549 us/op
WorkloadWarmup   4: 74160 op, 250190648.00 ns, 3.3737 us/op
WorkloadWarmup   5: 74160 op, 253268786.00 ns, 3.4152 us/op

// BeforeActualRun
WorkloadActual   1: 74160 op, 250367715.00 ns, 3.3760 us/op
WorkloadActual   2: 74160 op, 250041103.00 ns, 3.3716 us/op
WorkloadActual   3: 74160 op, 251405559.00 ns, 3.3900 us/op
WorkloadActual   4: 74160 op, 251260240.00 ns, 3.3881 us/op
WorkloadActual   5: 74160 op, 251499620.00 ns, 3.3913 us/op
WorkloadActual   6: 74160 op, 250402067.00 ns, 3.3765 us/op
WorkloadActual   7: 74160 op, 250424240.00 ns, 3.3768 us/op
WorkloadActual   8: 74160 op, 250846697.00 ns, 3.3825 us/op

// AfterActualRun
WorkloadResult   1: 74160 op, 250182325.00 ns, 3.3735 us/op
WorkloadResult   2: 74160 op, 249855713.00 ns, 3.3691 us/op
WorkloadResult   3: 74160 op, 251220169.00 ns, 3.3875 us/op
WorkloadResult   4: 74160 op, 251074850.00 ns, 3.3856 us/op
WorkloadResult   5: 74160 op, 251314230.00 ns, 3.3888 us/op
WorkloadResult   6: 74160 op, 250216677.00 ns, 3.3740 us/op
WorkloadResult   7: 74160 op, 250238850.00 ns, 3.3743 us/op
WorkloadResult   8: 74160 op, 250661307.00 ns, 3.3800 us/op
// GC:  0 0 0 0 74160
// Threading:  0 0 74160

// AfterAll
// Benchmark Process 3743 has exited with code 0.

Mean = 3.379 μs, StdErr = 0.003 μs (0.08%), N = 8, StdDev = 0.007 μs
Min = 3.369 μs, Q1 = 3.374 μs, Median = 3.377 μs, Q3 = 3.386 μs, Max = 3.389 μs
IQR = 0.012 μs, LowerFence = 3.356 μs, UpperFence = 3.404 μs
ConfidenceInterval = [3.365 μs; 3.393 μs] (CI 99.9%), Margin = 0.014 μs (0.42% of Mean)
Skewness = 0.11, Kurtosis = 1.13, MValue = 2

// ** Remained 84 (89.4 %) benchmark(s) to run. Estimated finish 2026-08-11 9:36 (0h 7m from now) **
// **************************
// Benchmark: AnyMatch.ZLinq: Quick(MaxRelativeError=0.05, Arguments=/p:MatrixMode=Benchmark, IterationTime=250ms, MaxIterationCount=12, MaxWarmupIterationCount=5, MinIterationCount=8, MinWarmupIterationCount=3)
// *** Execute ***
// Launch: 1 / 1
// Execute: dotnet Matrix.LinqQueries-Quick-1.dll --anonymousPipes 131 132 --benchmarkName Matrix.LinqQueries.Benchmarks.AnyMatch.ZLinq --job Quick --benchmarkId 10 in /home/runner/work/dotnet-matrix/dotnet-matrix/src/Matrix.LinqQueries/bin/Benchmark/Release/net10.0/Matrix.LinqQueries-Quick-1/bin/Release/net10.0
// Failed to set up high priority (Permission denied). In order to run benchmarks with high priority, make sure you have the right permissions.
// BeforeAnythingElse

// Benchmark Process Environment Information:
// BenchmarkDotNet v0.15.8
// Runtime=.NET 10.0.10 (10.0.10, 10.0.1026.32716), X64 RyuJIT x86-64-v3
// GC=Concurrent Workstation
// HardwareIntrinsics=AVX2+BMI1+BMI2+F16C+FMA+LZCNT+MOVBE,AVX,SSE3+SSSE3+SSE4.1+SSE4.2+POPCNT,X86Base+SSE+SSE2,AES+PCLMUL VectorSize=256
// Job: Quick(MaxRelativeError=0.05, IterationTime=250ms, MaxIterationCount=12, MaxWarmupIterationCount=5, MinIterationCount=8, MinWarmupIterationCount=3)

OverheadJitting  1: 1 op, 229105.00 ns, 229.1050 us/op
WorkloadJitting  1: 1 op, 1957269.00 ns, 1.9573 ms/op

OverheadJitting  2: 16 op, 393643.00 ns, 24.6027 us/op
WorkloadJitting  2: 16 op, 1401833.00 ns, 87.6146 us/op

WorkloadPilot    1: 16 op, 550049.00 ns, 34.3781 us/op
WorkloadPilot    2: 7280 op, 191996899.00 ns, 26.3732 us/op
WorkloadPilot    3: 9488 op, 32963836.00 ns, 3.4743 us/op
WorkloadPilot    4: 71968 op, 243911866.00 ns, 3.3892 us/op
WorkloadPilot    5: 73776 op, 250602258.00 ns, 3.3968 us/op
WorkloadPilot    6: 73600 op, 250056626.00 ns, 3.3975 us/op
WorkloadPilot    7: 73584 op, 248108390.00 ns, 3.3718 us/op
WorkloadPilot    8: 74160 op, 250874248.00 ns, 3.3829 us/op

OverheadWarmup   1: 74160 op, 209325.00 ns, 2.8226 ns/op
OverheadWarmup   2: 74160 op, 170638.00 ns, 2.3009 ns/op
OverheadWarmup   3: 74160 op, 174453.00 ns, 2.3524 ns/op
OverheadWarmup   4: 74160 op, 176065.00 ns, 2.3741 ns/op
OverheadWarmup   5: 74160 op, 178569.00 ns, 2.4079 ns/op
OverheadWarmup   6: 74160 op, 188344.00 ns, 2.5397 ns/op
OverheadWarmup   7: 74160 op, 188273.00 ns, 2.5387 ns/op
OverheadWarmup   8: 74160 op, 202285.00 ns, 2.7277 ns/op
OverheadWarmup   9: 74160 op, 188264.00 ns, 2.5386 ns/op

OverheadActual   1: 74160 op, 172540.00 ns, 2.3266 ns/op
OverheadActual   2: 74160 op, 191649.00 ns, 2.5843 ns/op
OverheadActual   3: 74160 op, 176756.00 ns, 2.3834 ns/op
OverheadActual   4: 74160 op, 194633.00 ns, 2.6245 ns/op
OverheadActual   5: 74160 op, 183126.00 ns, 2.4693 ns/op
OverheadActual   6: 74160 op, 185029.00 ns, 2.4950 ns/op
OverheadActual   7: 74160 op, 187893.00 ns, 2.5336 ns/op
OverheadActual   8: 74160 op, 170908.00 ns, 2.3046 ns/op
OverheadActual   9: 74160 op, 172230.00 ns, 2.3224 ns/op
OverheadActual  10: 74160 op, 176036.00 ns, 2.3737 ns/op
OverheadActual  11: 74160 op, 177858.00 ns, 2.3983 ns/op
OverheadActual  12: 74160 op, 188814.00 ns, 2.5460 ns/op

WorkloadWarmup   1: 74160 op, 250238560.00 ns, 3.3743 us/op
WorkloadWarmup   2: 74160 op, 250767787.00 ns, 3.3814 us/op
WorkloadWarmup   3: 74160 op, 272824287.00 ns, 3.6789 us/op
WorkloadWarmup   4: 74160 op, 254541354.00 ns, 3.4323 us/op
WorkloadWarmup   5: 74160 op, 250183798.00 ns, 3.3736 us/op

// BeforeActualRun
WorkloadActual   1: 74160 op, 252835954.00 ns, 3.4093 us/op
WorkloadActual   2: 74160 op, 257046740.00 ns, 3.4661 us/op
WorkloadActual   3: 74160 op, 253264701.00 ns, 3.4151 us/op
WorkloadActual   4: 74160 op, 251213632.00 ns, 3.3875 us/op
WorkloadActual   5: 74160 op, 250527737.00 ns, 3.3782 us/op
WorkloadActual   6: 74160 op, 250232261.00 ns, 3.3742 us/op
WorkloadActual   7: 74160 op, 252391145.00 ns, 3.4033 us/op
WorkloadActual   8: 74160 op, 251301553.00 ns, 3.3886 us/op

// AfterActualRun
WorkloadResult   1: 74160 op, 252655462.00 ns, 3.4069 us/op
WorkloadResult   2: 74160 op, 253084209.00 ns, 3.4127 us/op
WorkloadResult   3: 74160 op, 251033140.00 ns, 3.3850 us/op
WorkloadResult   4: 74160 op, 250347245.00 ns, 3.3758 us/op
WorkloadResult   5: 74160 op, 250051769.00 ns, 3.3718 us/op
WorkloadResult   6: 74160 op, 252210653.00 ns, 3.4009 us/op
WorkloadResult   7: 74160 op, 251121061.00 ns, 3.3862 us/op
// GC:  0 0 0 0 74160
// Threading:  0 0 74160

// AfterAll
// Benchmark Process 3754 has exited with code 0.

Mean = 3.391 μs, StdErr = 0.006 μs (0.18%), N = 7, StdDev = 0.016 μs
Min = 3.372 μs, Q1 = 3.380 μs, Median = 3.386 μs, Q3 = 3.404 μs, Max = 3.413 μs
IQR = 0.024 μs, LowerFence = 3.345 μs, UpperFence = 3.439 μs
ConfidenceInterval = [3.356 μs; 3.427 μs] (CI 99.9%), Margin = 0.035 μs (1.04% of Mean)
Skewness = 0.1, Kurtosis = 1.13, MValue = 2

// ** Remained 83 (88.3 %) benchmark(s) to run. Estimated finish 2026-08-11 9:36 (0h 7m from now) **
// ***** BenchmarkRunner: Finish  *****

// * Export *
  tmp/dotnet-matrix/LinqQueries/4112bfa66d854e1a9cc414e42f130abf/results/Matrix.LinqQueries.Benchmarks.AnyMatch-report.csv
  tmp/dotnet-matrix/LinqQueries/4112bfa66d854e1a9cc414e42f130abf/results/Matrix.LinqQueries.Benchmarks.AnyMatch-report-github.md
  tmp/dotnet-matrix/LinqQueries/4112bfa66d854e1a9cc414e42f130abf/results/Matrix.LinqQueries.Benchmarks.AnyMatch-report.html
  tmp/dotnet-matrix/LinqQueries/4112bfa66d854e1a9cc414e42f130abf/results/Matrix.LinqQueries.Benchmarks.AnyMatch-report-full.json

// * Detailed results *
AnyMatch.SystemLinq: Quick(MaxRelativeError=0.05, Arguments=/p:MatrixMode=Benchmark, IterationTime=250ms, MaxIterationCount=12, MaxWarmupIterationCount=5, MinIterationCount=8, MinWarmupIterationCount=3)
Runtime = .NET 10.0.10 (10.0.10, 10.0.1026.32716), X64 RyuJIT x86-64-v3; GC = Concurrent Workstation
Mean = 3.379 μs, StdErr = 0.003 μs (0.08%), N = 8, StdDev = 0.007 μs
Min = 3.369 μs, Q1 = 3.374 μs, Median = 3.377 μs, Q3 = 3.386 μs, Max = 3.389 μs
IQR = 0.012 μs, LowerFence = 3.356 μs, UpperFence = 3.404 μs
ConfidenceInterval = [3.365 μs; 3.393 μs] (CI 99.9%), Margin = 0.014 μs (0.42% of Mean)
Skewness = 0.11, Kurtosis = 1.13, MValue = 2
-------------------- Histogram --------------------
[3.364 μs ; 3.394 μs) | @@@@@@@@
---------------------------------------------------

AnyMatch.LinqAF: Quick(MaxRelativeError=0.05, Arguments=/p:MatrixMode=Benchmark, IterationTime=250ms, MaxIterationCount=12, MaxWarmupIterationCount=5, MinIterationCount=8, MinWarmupIterationCount=3)
Runtime = .NET 10.0.10 (10.0.10, 10.0.1026.32716), X64 RyuJIT x86-64-v3; GC = Concurrent Workstation
Mean = 3.388 μs, StdErr = 0.007 μs (0.22%), N = 7, StdDev = 0.020 μs
Min = 3.375 μs, Q1 = 3.375 μs, Median = 3.381 μs, Q3 = 3.388 μs, Max = 3.430 μs
IQR = 0.013 μs, LowerFence = 3.356 μs, UpperFence = 3.408 μs
ConfidenceInterval = [3.343 μs; 3.432 μs] (CI 99.9%), Margin = 0.044 μs (1.30% of Mean)
Skewness = 1.32, Kurtosis = 3.17, MValue = 2
-------------------- Histogram --------------------
[3.361 μs ; 3.443 μs) | @@@@@@@
---------------------------------------------------

AnyMatch.ZLinq: Quick(MaxRelativeError=0.05, Arguments=/p:MatrixMode=Benchmark, IterationTime=250ms, MaxIterationCount=12, MaxWarmupIterationCount=5, MinIterationCount=8, MinWarmupIterationCount=3)
Runtime = .NET 10.0.10 (10.0.10, 10.0.1026.32716), X64 RyuJIT x86-64-v3; GC = Concurrent Workstation
Mean = 3.391 μs, StdErr = 0.006 μs (0.18%), N = 7, StdDev = 0.016 μs
Min = 3.372 μs, Q1 = 3.380 μs, Median = 3.386 μs, Q3 = 3.404 μs, Max = 3.413 μs
IQR = 0.024 μs, LowerFence = 3.345 μs, UpperFence = 3.439 μs
ConfidenceInterval = [3.356 μs; 3.427 μs] (CI 99.9%), Margin = 0.035 μs (1.04% of Mean)
Skewness = 0.1, Kurtosis = 1.13, MValue = 2
-------------------- Histogram --------------------
[3.361 μs ; 3.423 μs) | @@@@@@@
---------------------------------------------------

AnyMatch.HandCoded: Quick(MaxRelativeError=0.05, Arguments=/p:MatrixMode=Benchmark, IterationTime=250ms, MaxIterationCount=12, MaxWarmupIterationCount=5, MinIterationCount=8, MinWarmupIterationCount=3)
Runtime = .NET 10.0.10 (10.0.10, 10.0.1026.32716), X64 RyuJIT x86-64-v3; GC = Concurrent Workstation
Mean = 6.697 μs, StdErr = 0.002 μs (0.03%), N = 7, StdDev = 0.005 μs
Min = 6.693 μs, Q1 = 6.693 μs, Median = 6.696 μs, Q3 = 6.700 μs, Max = 6.705 μs
IQR = 0.006 μs, LowerFence = 6.684 μs, UpperFence = 6.709 μs
ConfidenceInterval = [6.687 μs; 6.707 μs] (CI 99.9%), Margin = 0.010 μs (0.15% of Mean)
Skewness = 0.48, Kurtosis = 1.58, MValue = 2
-------------------- Histogram --------------------
[6.689 μs ; 6.708 μs) | @@@@@@@
---------------------------------------------------

AnyMatch.Hyperlinq: Quick(MaxRelativeError=0.05, Arguments=/p:MatrixMode=Benchmark, IterationTime=250ms, MaxIterationCount=12, MaxWarmupIterationCount=5, MinIterationCount=8, MinWarmupIterationCount=3)
Runtime = .NET 10.0.10 (10.0.10, 10.0.1026.32716), X64 RyuJIT x86-64-v3; GC = Concurrent Workstation
Mean = 6.708 μs, StdErr = 0.005 μs (0.07%), N = 7, StdDev = 0.013 μs
Min = 6.693 μs, Q1 = 6.700 μs, Median = 6.711 μs, Q3 = 6.712 μs, Max = 6.732 μs
IQR = 0.012 μs, LowerFence = 6.682 μs, UpperFence = 6.730 μs
ConfidenceInterval = [6.680 μs; 6.737 μs] (CI 99.9%), Margin = 0.029 μs (0.43% of Mean)
Skewness = 0.51, Kurtosis = 1.98, MValue = 2
-------------------- Histogram --------------------
[6.684 μs ; 6.740 μs) | @@@@@@@
---------------------------------------------------

AnyMatch.StructLinq: Quick(MaxRelativeError=0.05, Arguments=/p:MatrixMode=Benchmark, IterationTime=250ms, MaxIterationCount=12, MaxWarmupIterationCount=5, MinIterationCount=8, MinWarmupIterationCount=3)
Runtime = .NET 10.0.10 (10.0.10, 10.0.1026.32716), X64 RyuJIT x86-64-v3; GC = Concurrent Workstation
Mean = 8.614 μs, StdErr = 0.005 μs (0.06%), N = 7, StdDev = 0.013 μs
Min = 8.601 μs, Q1 = 8.605 μs, Median = 8.609 μs, Q3 = 8.623 μs, Max = 8.635 μs
IQR = 0.018 μs, LowerFence = 8.578 μs, UpperFence = 8.649 μs
ConfidenceInterval = [8.585 μs; 8.644 μs] (CI 99.9%), Margin = 0.030 μs (0.34% of Mean)
Skewness = 0.53, Kurtosis = 1.35, MValue = 2
-------------------- Histogram --------------------
[8.592 μs ; 8.644 μs) | @@@@@@@
---------------------------------------------------

// * Summary *

BenchmarkDotNet v0.15.8, Linux Ubuntu 24.04.4 LTS (Noble Numbat)
AMD EPYC 9V74 2.60GHz, 1 CPU, 4 logical and 2 physical cores
.NET SDK 10.0.302
  [Host] : .NET 10.0.10 (10.0.10, 10.0.1026.32716), X64 RyuJIT x86-64-v3
  Quick  : .NET 10.0.10 (10.0.10, 10.0.1026.32716), X64 RyuJIT x86-64-v3

Job=Quick  MaxRelativeError=0.05  Arguments=/p:MatrixMode=Benchmark  
IterationTime=250ms  MaxIterationCount=12  MaxWarmupIterationCount=5  
MinIterationCount=8  MinWarmupIterationCount=3  

| Method     | Mean     | Error     | StdDev    | Ratio | Allocated | Alloc Ratio |
|----------- |---------:|----------:|----------:|------:|----------:|------------:|
| SystemLinq | 3.379 μs | 0.0142 μs | 0.0074 μs |  0.50 |         - |          NA |
| LinqAF     | 3.388 μs | 0.0441 μs | 0.0196 μs |  0.51 |         - |          NA |
| ZLinq      | 3.391 μs | 0.0354 μs | 0.0157 μs |  0.51 |         - |          NA |
| HandCoded  | 6.697 μs | 0.0103 μs | 0.0046 μs |  1.00 |         - |          NA |
| Hyperlinq  | 6.708 μs | 0.0286 μs | 0.0127 μs |  1.00 |         - |          NA |
| StructLinq | 8.614 μs | 0.0297 μs | 0.0132 μs |  1.29 |      32 B |          NA |

// * Hints *
Outliers
  AnyMatch.LinqAF: Quick     -> 1 outlier  was  removed (3.63 μs)
  AnyMatch.ZLinq: Quick      -> 1 outlier  was  removed (3.47 μs)
  AnyMatch.HandCoded: Quick  -> 1 outlier  was  removed (6.72 μs)
  AnyMatch.Hyperlinq: Quick  -> 1 outlier  was  removed (7.01 μs)
  AnyMatch.StructLinq: Quick -> 1 outlier  was  removed (8.97 μs)

// * Legends *
  Mean        : Arithmetic mean of all measurements
  Error       : Half of 99.9% confidence interval
  StdDev      : Standard deviation of all measurements
  Ratio       : Mean of the ratio distribution ([Current]/[Baseline])
  Allocated   : Allocated memory per single operation (managed only, inclusive, 1KB = 1024B)
  Alloc Ratio : Allocated memory ratio distribution ([Current]/[Baseline])
  1 μs        : 1 Microsecond (0.000001 sec)

// * Diagnostic Output - MemoryDiagnoser *


// ***** BenchmarkRunner: End *****
Run time: 00:00:33 (33.07 sec), executed benchmarks: 6

// Found 6 benchmarks:
//   ChainedPipeline.HandCoded: Quick(MaxRelativeError=0.05, Arguments=/p:MatrixMode=Benchmark, IterationTime=250ms, MaxIterationCount=12, MaxWarmupIterationCount=5, MinIterationCount=8, MinWarmupIterationCount=3)
//   ChainedPipeline.Hyperlinq: Quick(MaxRelativeError=0.05, Arguments=/p:MatrixMode=Benchmark, IterationTime=250ms, MaxIterationCount=12, MaxWarmupIterationCount=5, MinIterationCount=8, MinWarmupIterationCount=3)
//   ChainedPipeline.LinqAF: Quick(MaxRelativeError=0.05, Arguments=/p:MatrixMode=Benchmark, IterationTime=250ms, MaxIterationCount=12, MaxWarmupIterationCount=5, MinIterationCount=8, MinWarmupIterationCount=3)
//   ChainedPipeline.StructLinq: Quick(MaxRelativeError=0.05, Arguments=/p:MatrixMode=Benchmark, IterationTime=250ms, MaxIterationCount=12, MaxWarmupIterationCount=5, MinIterationCount=8, MinWarmupIterationCount=3)
//   ChainedPipeline.SystemLinq: Quick(MaxRelativeError=0.05, Arguments=/p:MatrixMode=Benchmark, IterationTime=250ms, MaxIterationCount=12, MaxWarmupIterationCount=5, MinIterationCount=8, MinWarmupIterationCount=3)
//   ChainedPipeline.ZLinq: Quick(MaxRelativeError=0.05, Arguments=/p:MatrixMode=Benchmark, IterationTime=250ms, MaxIterationCount=12, MaxWarmupIterationCount=5, MinIterationCount=8, MinWarmupIterationCount=3)

// **************************
// Benchmark: ChainedPipeline.HandCoded: Quick(MaxRelativeError=0.05, Arguments=/p:MatrixMode=Benchmark, IterationTime=250ms, MaxIterationCount=12, MaxWarmupIterationCount=5, MinIterationCount=8, MinWarmupIterationCount=3)
// *** Execute ***
// Launch: 1 / 1
// Execute: dotnet Matrix.LinqQueries-Quick-1.dll --anonymousPipes 129 130 --benchmarkName Matrix.LinqQueries.Benchmarks.ChainedPipeline.HandCoded --job Quick --benchmarkId 11 in /home/runner/work/dotnet-matrix/dotnet-matrix/src/Matrix.LinqQueries/bin/Benchmark/Release/net10.0/Matrix.LinqQueries-Quick-1/bin/Release/net10.0
// Failed to set up high priority (Permission denied). In order to run benchmarks with high priority, make sure you have the right permissions.
// BeforeAnythingElse

// Benchmark Process Environment Information:
// BenchmarkDotNet v0.15.8
// Runtime=.NET 10.0.10 (10.0.10, 10.0.1026.32716), X64 RyuJIT x86-64-v3
// GC=Concurrent Workstation
// HardwareIntrinsics=AVX2+BMI1+BMI2+F16C+FMA+LZCNT+MOVBE,AVX,SSE3+SSSE3+SSE4.1+SSE4.2+POPCNT,X86Base+SSE+SSE2,AES+PCLMUL VectorSize=256
// Job: Quick(MaxRelativeError=0.05, IterationTime=250ms, MaxIterationCount=12, MaxWarmupIterationCount=5, MinIterationCount=8, MinWarmupIterationCount=3)

OverheadJitting  1: 1 op, 239651.00 ns, 239.6510 us/op
WorkloadJitting  1: 1 op, 429928.00 ns, 429.9280 us/op

OverheadJitting  2: 16 op, 498622.00 ns, 31.1639 us/op
WorkloadJitting  2: 16 op, 1334250.00 ns, 83.3906 us/op

WorkloadPilot    1: 16 op, 366292.00 ns, 22.8933 us/op
WorkloadPilot    2: 10928 op, 187243936.00 ns, 17.1343 us/op
WorkloadPilot    3: 14592 op, 134119732.00 ns, 9.1913 us/op
WorkloadPilot    4: 27200 op, 233335112.00 ns, 8.5785 us/op
WorkloadPilot    5: 29152 op, 247032610.00 ns, 8.4740 us/op
WorkloadPilot    6: 29504 op, 255860301.00 ns, 8.6721 us/op
WorkloadPilot    7: 28832 op, 247401947.00 ns, 8.5808 us/op
WorkloadPilot    8: 29136 op, 247408216.00 ns, 8.4915 us/op
WorkloadPilot    9: 29456 op, 249854853.00 ns, 8.4823 us/op
WorkloadPilot   10: 29488 op, 252307598.00 ns, 8.5563 us/op
WorkloadPilot   11: 29232 op, 247879296.00 ns, 8.4797 us/op
WorkloadPilot   12: 29488 op, 250132090.00 ns, 8.4825 us/op

OverheadWarmup   1: 29488 op, 195524.00 ns, 6.6306 ns/op
OverheadWarmup   2: 29488 op, 129024.00 ns, 4.3755 ns/op
OverheadWarmup   3: 29488 op, 137607.00 ns, 4.6665 ns/op
OverheadWarmup   4: 29488 op, 139160.00 ns, 4.7192 ns/op
OverheadWarmup   5: 29488 op, 135364.00 ns, 4.5905 ns/op
OverheadWarmup   6: 29488 op, 139240.00 ns, 4.7219 ns/op
OverheadWarmup   7: 29488 op, 132930.00 ns, 4.5079 ns/op

OverheadActual   1: 29488 op, 129035.00 ns, 4.3758 ns/op
OverheadActual   2: 29488 op, 137908.00 ns, 4.6767 ns/op
OverheadActual   3: 29488 op, 118759.00 ns, 4.0274 ns/op
OverheadActual   4: 29488 op, 118759.00 ns, 4.0274 ns/op
OverheadActual   5: 29488 op, 128714.00 ns, 4.3650 ns/op
OverheadActual   6: 29488 op, 149455.00 ns, 5.0683 ns/op
OverheadActual   7: 29488 op, 150297.00 ns, 5.0969 ns/op
OverheadActual   8: 29488 op, 139210.00 ns, 4.7209 ns/op
OverheadActual   9: 29488 op, 140041.00 ns, 4.7491 ns/op
OverheadActual  10: 29488 op, 139240.00 ns, 4.7219 ns/op
OverheadActual  11: 29488 op, 140132.00 ns, 4.7522 ns/op
OverheadActual  12: 29488 op, 139159.00 ns, 4.7192 ns/op

WorkloadWarmup   1: 29488 op, 258003005.00 ns, 8.7494 us/op
WorkloadWarmup   2: 29488 op, 252134107.00 ns, 8.5504 us/op
WorkloadWarmup   3: 29488 op, 249692578.00 ns, 8.4676 us/op
WorkloadWarmup   4: 29488 op, 249706159.00 ns, 8.4681 us/op
WorkloadWarmup   5: 29488 op, 250901790.00 ns, 8.5086 us/op

// BeforeActualRun
WorkloadActual   1: 29488 op, 251614834.00 ns, 8.5328 us/op
WorkloadActual   2: 29488 op, 250325962.00 ns, 8.4891 us/op
WorkloadActual   3: 29488 op, 249706279.00 ns, 8.4681 us/op
WorkloadActual   4: 29488 op, 249904287.00 ns, 8.4748 us/op
WorkloadActual   5: 29488 op, 250153602.00 ns, 8.4832 us/op
WorkloadActual   6: 29488 op, 250003506.00 ns, 8.4781 us/op
WorkloadActual   7: 29488 op, 252589343.00 ns, 8.5658 us/op
WorkloadActual   8: 29488 op, 250312482.00 ns, 8.4886 us/op

// AfterActualRun
WorkloadResult   1: 29488 op, 251475649.50 ns, 8.5281 us/op
WorkloadResult   2: 29488 op, 250186777.50 ns, 8.4844 us/op
WorkloadResult   3: 29488 op, 249567094.50 ns, 8.4633 us/op
WorkloadResult   4: 29488 op, 249765102.50 ns, 8.4701 us/op
WorkloadResult   5: 29488 op, 250014417.50 ns, 8.4785 us/op
WorkloadResult   6: 29488 op, 249864321.50 ns, 8.4734 us/op
WorkloadResult   7: 29488 op, 250173297.50 ns, 8.4839 us/op
// GC:  7 0 0 118659712 29488
// Threading:  0 0 29488

// AfterAll
// Benchmark Process 3766 has exited with code 0.

Mean = 8.483 μs, StdErr = 0.008 μs (0.09%), N = 7, StdDev = 0.021 μs
Min = 8.463 μs, Q1 = 8.472 μs, Median = 8.479 μs, Q3 = 8.484 μs, Max = 8.528 μs
IQR = 0.012 μs, LowerFence = 8.453 μs, UpperFence = 8.503 μs
ConfidenceInterval = [8.435 μs; 8.531 μs] (CI 99.9%), Margin = 0.048 μs (0.56% of Mean)
Skewness = 1.2, Kurtosis = 3.02, MValue = 2

// ** Remained 82 (87.2 %) benchmark(s) to run. Estimated finish 2026-08-11 9:36 (0h 7m from now) **
// **************************
// Benchmark: ChainedPipeline.Hyperlinq: Quick(MaxRelativeError=0.05, Arguments=/p:MatrixMode=Benchmark, IterationTime=250ms, MaxIterationCount=12, MaxWarmupIterationCount=5, MinIterationCount=8, MinWarmupIterationCount=3)
// *** Execute ***
// Launch: 1 / 1
// Execute: dotnet Matrix.LinqQueries-Quick-1.dll --anonymousPipes 129 130 --benchmarkName Matrix.LinqQueries.Benchmarks.ChainedPipeline.Hyperlinq --job Quick --benchmarkId 12 in /home/runner/work/dotnet-matrix/dotnet-matrix/src/Matrix.LinqQueries/bin/Benchmark/Release/net10.0/Matrix.LinqQueries-Quick-1/bin/Release/net10.0
// Failed to set up high priority (Permission denied). In order to run benchmarks with high priority, make sure you have the right permissions.
// BeforeAnythingElse

// Benchmark Process Environment Information:
// BenchmarkDotNet v0.15.8
// Runtime=.NET 10.0.10 (10.0.10, 10.0.1026.32716), X64 RyuJIT x86-64-v3
// GC=Concurrent Workstation
// HardwareIntrinsics=AVX2+BMI1+BMI2+F16C+FMA+LZCNT+MOVBE,AVX,SSE3+SSSE3+SSE4.1+SSE4.2+POPCNT,X86Base+SSE+SSE2,AES+PCLMUL VectorSize=256
// Job: Quick(MaxRelativeError=0.05, IterationTime=250ms, MaxIterationCount=12, MaxWarmupIterationCount=5, MinIterationCount=8, MinWarmupIterationCount=3)

OverheadJitting  1: 1 op, 269456.00 ns, 269.4560 us/op
WorkloadJitting  1: 1 op, 6871513.00 ns, 6.8715 ms/op

OverheadJitting  2: 16 op, 528076.00 ns, 33.0048 us/op
WorkloadJitting  2: 16 op, 7664809.00 ns, 479.0506 us/op

WorkloadPilot    1: 16 op, 5836465.00 ns, 364.7791 us/op
WorkloadPilot    2: 688 op, 171075694.00 ns, 248.6565 us/op
WorkloadPilot    3: 1008 op, 18102390.00 ns, 17.9587 us/op
WorkloadPilot    4: 13936 op, 171895880.00 ns, 12.3347 us/op
WorkloadPilot    5: 20272 op, 234402434.00 ns, 11.5629 us/op
WorkloadPilot    6: 21632 op, 253635497.00 ns, 11.7250 us/op
WorkloadPilot    7: 21328 op, 247215783.00 ns, 11.5911 us/op
WorkloadPilot    8: 21568 op, 250781697.00 ns, 11.6275 us/op
WorkloadPilot    9: 21504 op, 248694912.00 ns, 11.5651 us/op
WorkloadPilot   10: 21632 op, 253629008.00 ns, 11.7247 us/op

OverheadWarmup   1: 21632 op, 113030.00 ns, 5.2251 ns/op
OverheadWarmup   2: 21632 op, 101864.00 ns, 4.7089 ns/op
OverheadWarmup   3: 21632 op, 110617.00 ns, 5.1136 ns/op
OverheadWarmup   4: 21632 op, 103046.00 ns, 4.7636 ns/op
OverheadWarmup   5: 21632 op, 119501.00 ns, 5.5243 ns/op
OverheadWarmup   6: 21632 op, 111538.00 ns, 5.1562 ns/op

OverheadActual   1: 21632 op, 103386.00 ns, 4.7793 ns/op
OverheadActual   2: 21632 op, 105809.00 ns, 4.8913 ns/op
OverheadActual   3: 21632 op, 87793.00 ns, 4.0585 ns/op
OverheadActual   4: 21632 op, 95233.00 ns, 4.4024 ns/op
OverheadActual   5: 21632 op, 87742.00 ns, 4.0561 ns/op
OverheadActual   6: 21632 op, 88243.00 ns, 4.0793 ns/op
OverheadActual   7: 21632 op, 94802.00 ns, 4.3825 ns/op
OverheadActual   8: 21632 op, 88193.00 ns, 4.0770 ns/op
OverheadActual   9: 21632 op, 88163.00 ns, 4.0756 ns/op
OverheadActual  10: 21632 op, 108594.00 ns, 5.0201 ns/op
OverheadActual  11: 21632 op, 88193.00 ns, 4.0770 ns/op
OverheadActual  12: 21632 op, 87743.00 ns, 4.0562 ns/op

WorkloadWarmup   1: 21632 op, 262152913.00 ns, 12.1188 us/op
WorkloadWarmup   2: 21632 op, 255958918.00 ns, 11.8324 us/op
WorkloadWarmup   3: 21632 op, 250134311.00 ns, 11.5632 us/op
WorkloadWarmup   4: 21632 op, 252245473.00 ns, 11.6608 us/op
WorkloadWarmup   5: 21632 op, 250359100.00 ns, 11.5736 us/op

// BeforeActualRun
WorkloadActual   1: 21632 op, 257707765.00 ns, 11.9133 us/op
WorkloadActual   2: 21632 op, 251362182.00 ns, 11.6199 us/op
WorkloadActual   3: 21632 op, 252100334.00 ns, 11.6540 us/op
WorkloadActual   4: 21632 op, 251556374.00 ns, 11.6289 us/op
WorkloadActual   5: 21632 op, 251515953.00 ns, 11.6270 us/op
WorkloadActual   6: 21632 op, 252202749.00 ns, 11.6588 us/op
WorkloadActual   7: 21632 op, 252556602.00 ns, 11.6751 us/op
WorkloadActual   8: 21632 op, 251354801.00 ns, 11.6196 us/op

// AfterActualRun
WorkloadResult   1: 21632 op, 251273964.00 ns, 11.6158 us/op
WorkloadResult   2: 21632 op, 252012116.00 ns, 11.6500 us/op
WorkloadResult   3: 21632 op, 251468156.00 ns, 11.6248 us/op
WorkloadResult   4: 21632 op, 251427735.00 ns, 11.6230 us/op
WorkloadResult   5: 21632 op, 252114531.00 ns, 11.6547 us/op
WorkloadResult   6: 21632 op, 252468384.00 ns, 11.6711 us/op
WorkloadResult   7: 21632 op, 251266583.00 ns, 11.6155 us/op
// GC:  10 0 0 183785472 21632
// Threading:  0 0 21632

// AfterAll
// Benchmark Process 3775 has exited with code 0.

Mean = 11.636 μs, StdErr = 0.008 μs (0.07%), N = 7, StdDev = 0.022 μs
Min = 11.616 μs, Q1 = 11.619 μs, Median = 11.625 μs, Q3 = 11.652 μs, Max = 11.671 μs
IQR = 0.033 μs, LowerFence = 11.570 μs, UpperFence = 11.702 μs
ConfidenceInterval = [11.587 μs; 11.686 μs] (CI 99.9%), Margin = 0.049 μs (0.43% of Mean)
Skewness = 0.38, Kurtosis = 1.23, MValue = 2

// ** Remained 81 (86.2 %) benchmark(s) to run. Estimated finish 2026-08-11 9:36 (0h 7m from now) **
// **************************
// Benchmark: ChainedPipeline.LinqAF: Quick(MaxRelativeError=0.05, Arguments=/p:MatrixMode=Benchmark, IterationTime=250ms, MaxIterationCount=12, MaxWarmupIterationCount=5, MinIterationCount=8, MinWarmupIterationCount=3)
// *** Execute ***
// Launch: 1 / 1
// Execute: dotnet Matrix.LinqQueries-Quick-1.dll --anonymousPipes 129 130 --benchmarkName Matrix.LinqQueries.Benchmarks.ChainedPipeline.LinqAF --job Quick --benchmarkId 13 in /home/runner/work/dotnet-matrix/dotnet-matrix/src/Matrix.LinqQueries/bin/Benchmark/Release/net10.0/Matrix.LinqQueries-Quick-1/bin/Release/net10.0
// Failed to set up high priority (Permission denied). In order to run benchmarks with high priority, make sure you have the right permissions.
// BeforeAnythingElse

// Benchmark Process Environment Information:
// BenchmarkDotNet v0.15.8
// Runtime=.NET 10.0.10 (10.0.10, 10.0.1026.32716), X64 RyuJIT x86-64-v3
// GC=Concurrent Workstation
// HardwareIntrinsics=AVX2+BMI1+BMI2+F16C+FMA+LZCNT+MOVBE,AVX,SSE3+SSSE3+SSE4.1+SSE4.2+POPCNT,X86Base+SSE+SSE2,AES+PCLMUL VectorSize=256
// Job: Quick(MaxRelativeError=0.05, IterationTime=250ms, MaxIterationCount=12, MaxWarmupIterationCount=5, MinIterationCount=8, MinWarmupIterationCount=3)

OverheadJitting  1: 1 op, 242435.00 ns, 242.4350 us/op
WorkloadJitting  1: 1 op, 163146124.00 ns, 163.1461 ms/op

WorkloadPilot    1: 4 op, 911723.00 ns, 227.9308 us/op
WorkloadPilot    2: 1097 op, 133683966.00 ns, 121.8632 us/op
WorkloadPilot    3: 2051 op, 21660452.00 ns, 10.5609 us/op
WorkloadPilot    4: 23672 op, 237507278.00 ns, 10.0333 us/op
WorkloadPilot    5: 24917 op, 233039330.00 ns, 9.3526 us/op
WorkloadPilot    6: 26730 op, 252733007.00 ns, 9.4550 us/op
WorkloadPilot    7: 26441 op, 248558506.00 ns, 9.4005 us/op
WorkloadPilot    8: 26594 op, 249353194.00 ns, 9.3763 us/op
WorkloadPilot    9: 26663 op, 249861631.00 ns, 9.3711 us/op
WorkloadPilot   10: 26678 op, 249685064.00 ns, 9.3592 us/op
WorkloadPilot   11: 26712 op, 251192596.00 ns, 9.4037 us/op
WorkloadPilot   12: 26585 op, 253596073.00 ns, 9.5391 us/op

WorkloadWarmup   1: 26585 op, 248222027.00 ns, 9.3369 us/op
WorkloadWarmup   2: 26585 op, 249273912.00 ns, 9.3765 us/op
WorkloadWarmup   3: 26585 op, 249524309.00 ns, 9.3859 us/op
WorkloadWarmup   4: 26585 op, 249419221.00 ns, 9.3820 us/op
WorkloadWarmup   5: 26585 op, 250089821.00 ns, 9.4072 us/op

// BeforeActualRun
WorkloadActual   1: 26585 op, 248578353.00 ns, 9.3503 us/op
WorkloadActual   2: 26585 op, 249910541.00 ns, 9.4004 us/op
WorkloadActual   3: 26585 op, 248502008.00 ns, 9.3475 us/op
WorkloadActual   4: 26585 op, 249782648.00 ns, 9.3956 us/op
WorkloadActual   5: 26585 op, 250402993.00 ns, 9.4190 us/op
WorkloadActual   6: 26585 op, 249699332.00 ns, 9.3925 us/op
WorkloadActual   7: 26585 op, 249781116.00 ns, 9.3956 us/op
WorkloadActual   8: 26585 op, 249408664.00 ns, 9.3816 us/op

// AfterActualRun
WorkloadResult   1: 26585 op, 248578353.00 ns, 9.3503 us/op
WorkloadResult   2: 26585 op, 249910541.00 ns, 9.4004 us/op
WorkloadResult   3: 26585 op, 248502008.00 ns, 9.3475 us/op
WorkloadResult   4: 26585 op, 249782648.00 ns, 9.3956 us/op
WorkloadResult   5: 26585 op, 250402993.00 ns, 9.4190 us/op
WorkloadResult   6: 26585 op, 249699332.00 ns, 9.3925 us/op
WorkloadResult   7: 26585 op, 249781116.00 ns, 9.3956 us/op
WorkloadResult   8: 26585 op, 249408664.00 ns, 9.3816 us/op
// GC:  6 0 0 106978040 26585
// Threading:  0 0 26585

// AfterAll
// Benchmark Process 3784 has exited with code 0.

Mean = 9.385 μs, StdErr = 0.009 μs (0.09%), N = 8, StdDev = 0.025 μs
Min = 9.347 μs, Q1 = 9.374 μs, Median = 9.394 μs, Q3 = 9.397 μs, Max = 9.419 μs
IQR = 0.023 μs, LowerFence = 9.339 μs, UpperFence = 9.431 μs
ConfidenceInterval = [9.338 μs; 9.433 μs] (CI 99.9%), Margin = 0.047 μs (0.50% of Mean)
Skewness = -0.44, Kurtosis = 1.63, MValue = 2

// ** Remained 80 (85.1 %) benchmark(s) to run. Estimated finish 2026-08-11 9:36 (0h 7m from now) **
// **************************
// Benchmark: ChainedPipeline.StructLinq: Quick(MaxRelativeError=0.05, Arguments=/p:MatrixMode=Benchmark, IterationTime=250ms, MaxIterationCount=12, MaxWarmupIterationCount=5, MinIterationCount=8, MinWarmupIterationCount=3)
// *** Execute ***
// Launch: 1 / 1
// Execute: dotnet Matrix.LinqQueries-Quick-1.dll --anonymousPipes 129 130 --benchmarkName Matrix.LinqQueries.Benchmarks.ChainedPipeline.StructLinq --job Quick --benchmarkId 14 in /home/runner/work/dotnet-matrix/dotnet-matrix/src/Matrix.LinqQueries/bin/Benchmark/Release/net10.0/Matrix.LinqQueries-Quick-1/bin/Release/net10.0
// Failed to set up high priority (Permission denied). In order to run benchmarks with high priority, make sure you have the right permissions.
// BeforeAnythingElse

// Benchmark Process Environment Information:
// BenchmarkDotNet v0.15.8
// Runtime=.NET 10.0.10 (10.0.10, 10.0.1026.32716), X64 RyuJIT x86-64-v3
// GC=Concurrent Workstation
// HardwareIntrinsics=AVX2+BMI1+BMI2+F16C+FMA+LZCNT+MOVBE,AVX,SSE3+SSSE3+SSE4.1+SSE4.2+POPCNT,X86Base+SSE+SSE2,AES+PCLMUL VectorSize=256
// Job: Quick(MaxRelativeError=0.05, IterationTime=250ms, MaxIterationCount=12, MaxWarmupIterationCount=5, MinIterationCount=8, MinWarmupIterationCount=3)

OverheadJitting  1: 1 op, 235705.00 ns, 235.7050 us/op
WorkloadJitting  1: 1 op, 6145460.00 ns, 6.1455 ms/op

OverheadJitting  2: 16 op, 526694.00 ns, 32.9184 us/op
WorkloadJitting  2: 16 op, 7099058.00 ns, 443.6911 us/op

WorkloadPilot    1: 16 op, 5359316.00 ns, 334.9573 us/op
WorkloadPilot    2: 752 op, 181251749.00 ns, 241.0263 us/op
WorkloadPilot    3: 1040 op, 26149645.00 ns, 25.1439 us/op
WorkloadPilot    4: 9952 op, 179565428.00 ns, 18.0431 us/op
WorkloadPilot    5: 13856 op, 174303378.00 ns, 12.5796 us/op
WorkloadPilot    6: 19888 op, 249766594.00 ns, 12.5587 us/op
WorkloadPilot    7: 19920 op, 249185404.00 ns, 12.5093 us/op
WorkloadPilot    8: 20000 op, 248055716.00 ns, 12.4028 us/op
WorkloadPilot    9: 20160 op, 250121869.00 ns, 12.4068 us/op

OverheadWarmup   1: 20160 op, 108183.00 ns, 5.3662 ns/op
OverheadWarmup   2: 20160 op, 97687.00 ns, 4.8456 ns/op
OverheadWarmup   3: 20160 op, 97787.00 ns, 4.8505 ns/op
OverheadWarmup   4: 20160 op, 109585.00 ns, 5.4358 ns/op
OverheadWarmup   5: 20160 op, 104037.00 ns, 5.1606 ns/op
OverheadWarmup   6: 20160 op, 107011.00 ns, 5.3081 ns/op
OverheadWarmup   7: 20160 op, 108944.00 ns, 5.4040 ns/op
OverheadWarmup   8: 20160 op, 99390.00 ns, 4.9301 ns/op

OverheadActual   1: 20160 op, 105168.00 ns, 5.2167 ns/op
OverheadActual   2: 20160 op, 100712.00 ns, 4.9956 ns/op
OverheadActual   3: 20160 op, 99951.00 ns, 4.9579 ns/op
OverheadActual   4: 20160 op, 114482.00 ns, 5.6787 ns/op
OverheadActual   5: 20160 op, 104377.00 ns, 5.1774 ns/op
OverheadActual   6: 20160 op, 104738.00 ns, 5.1953 ns/op
OverheadActual   7: 20160 op, 97607.00 ns, 4.8416 ns/op
OverheadActual   8: 20160 op, 99780.00 ns, 4.9494 ns/op
OverheadActual   9: 20160 op, 110326.00 ns, 5.4725 ns/op
OverheadActual  10: 20160 op, 91958.00 ns, 4.5614 ns/op
OverheadActual  11: 20160 op, 104928.00 ns, 5.2048 ns/op
OverheadActual  12: 20160 op, 105779.00 ns, 5.2470 ns/op

WorkloadWarmup   1: 20160 op, 256200359.00 ns, 12.7084 us/op
WorkloadWarmup   2: 20160 op, 253462733.00 ns, 12.5726 us/op
WorkloadWarmup   3: 20160 op, 250231915.00 ns, 12.4123 us/op
WorkloadWarmup   4: 20160 op, 249818983.00 ns, 12.3918 us/op
WorkloadWarmup   5: 20160 op, 249787276.00 ns, 12.3902 us/op

// BeforeActualRun
WorkloadActual   1: 20160 op, 252965294.00 ns, 12.5479 us/op
WorkloadActual   2: 20160 op, 250721733.00 ns, 12.4366 us/op
WorkloadActual   3: 20160 op, 250960684.00 ns, 12.4484 us/op
WorkloadActual   4: 20160 op, 250576384.00 ns, 12.4294 us/op
WorkloadActual   5: 20160 op, 250893522.00 ns, 12.4451 us/op
WorkloadActual   6: 20160 op, 250339069.00 ns, 12.4176 us/op
WorkloadActual   7: 20160 op, 250177916.00 ns, 12.4096 us/op
WorkloadActual   8: 20160 op, 250774515.00 ns, 12.4392 us/op

// AfterActualRun
WorkloadResult   1: 20160 op, 250617175.50 ns, 12.4314 us/op
WorkloadResult   2: 20160 op, 250856126.50 ns, 12.4433 us/op
WorkloadResult   3: 20160 op, 250471826.50 ns, 12.4242 us/op
WorkloadResult   4: 20160 op, 250788964.50 ns, 12.4399 us/op
WorkloadResult   5: 20160 op, 250234511.50 ns, 12.4124 us/op
WorkloadResult   6: 20160 op, 250073358.50 ns, 12.4044 us/op
WorkloadResult   7: 20160 op, 250669957.50 ns, 12.4340 us/op
// GC:  5 0 0 83865600 20160
// Threading:  0 0 20160

// AfterAll
// Benchmark Process 3798 has exited with code 0.

Mean = 12.427 μs, StdErr = 0.005 μs (0.04%), N = 7, StdDev = 0.014 μs
Min = 12.404 μs, Q1 = 12.418 μs, Median = 12.431 μs, Q3 = 12.437 μs, Max = 12.443 μs
IQR = 0.019 μs, LowerFence = 12.390 μs, UpperFence = 12.465 μs
ConfidenceInterval = [12.395 μs; 12.459 μs] (CI 99.9%), Margin = 0.032 μs (0.26% of Mean)
Skewness = -0.39, Kurtosis = 1.39, MValue = 2

// ** Remained 79 (84.0 %) benchmark(s) to run. Estimated finish 2026-08-11 9:36 (0h 7m from now) **
// **************************
// Benchmark: ChainedPipeline.SystemLinq: Quick(MaxRelativeError=0.05, Arguments=/p:MatrixMode=Benchmark, IterationTime=250ms, MaxIterationCount=12, MaxWarmupIterationCount=5, MinIterationCount=8, MinWarmupIterationCount=3)
// *** Execute ***
// Launch: 1 / 1
// Execute: dotnet Matrix.LinqQueries-Quick-1.dll --anonymousPipes 129 130 --benchmarkName Matrix.LinqQueries.Benchmarks.ChainedPipeline.SystemLinq --job Quick --benchmarkId 15 in /home/runner/work/dotnet-matrix/dotnet-matrix/src/Matrix.LinqQueries/bin/Benchmark/Release/net10.0/Matrix.LinqQueries-Quick-1/bin/Release/net10.0
// Failed to set up high priority (Permission denied). In order to run benchmarks with high priority, make sure you have the right permissions.
// BeforeAnythingElse

// Benchmark Process Environment Information:
// BenchmarkDotNet v0.15.8
// Runtime=.NET 10.0.10 (10.0.10, 10.0.1026.32716), X64 RyuJIT x86-64-v3
// GC=Concurrent Workstation
// HardwareIntrinsics=AVX2+BMI1+BMI2+F16C+FMA+LZCNT+MOVBE,AVX,SSE3+SSSE3+SSE4.1+SSE4.2+POPCNT,X86Base+SSE+SSE2,AES+PCLMUL VectorSize=256
// Job: Quick(MaxRelativeError=0.05, IterationTime=250ms, MaxIterationCount=12, MaxWarmupIterationCount=5, MinIterationCount=8, MinWarmupIterationCount=3)

OverheadJitting  1: 1 op, 234053.00 ns, 234.0530 us/op
WorkloadJitting  1: 1 op, 3363358.00 ns, 3.3634 ms/op

OverheadJitting  2: 16 op, 497870.00 ns, 31.1169 us/op
WorkloadJitting  2: 16 op, 4918362.00 ns, 307.3976 us/op

WorkloadPilot    1: 16 op, 4198246.00 ns, 262.3904 us/op
WorkloadPilot    2: 960 op, 186117901.00 ns, 193.8728 us/op
WorkloadPilot    3: 1296 op, 60810538.00 ns, 46.9217 us/op
WorkloadPilot    4: 5328 op, 131045014.00 ns, 24.5955 us/op
WorkloadPilot    5: 10176 op, 159029900.00 ns, 15.6279 us/op
WorkloadPilot    6: 16000 op, 245897015.00 ns, 15.3686 us/op
WorkloadPilot    7: 16272 op, 269392912.00 ns, 16.5556 us/op
WorkloadPilot    8: 15104 op, 229473215.00 ns, 15.1929 us/op
WorkloadPilot    9: 16464 op, 250084175.00 ns, 15.1898 us/op

OverheadWarmup   1: 16464 op, 104518.00 ns, 6.3483 ns/op
OverheadWarmup   2: 16464 op, 66971.00 ns, 4.0677 ns/op
OverheadWarmup   3: 16464 op, 66881.00 ns, 4.0623 ns/op
OverheadWarmup   4: 16464 op, 67932.00 ns, 4.1261 ns/op
OverheadWarmup   5: 16464 op, 66891.00 ns, 4.0629 ns/op
OverheadWarmup   6: 16464 op, 66920.00 ns, 4.0646 ns/op
OverheadWarmup   7: 16464 op, 66921.00 ns, 4.0647 ns/op
OverheadWarmup   8: 16464 op, 67912.00 ns, 4.1249 ns/op
OverheadWarmup   9: 16464 op, 80782.00 ns, 4.9066 ns/op
OverheadWarmup  10: 16464 op, 66911.00 ns, 4.0641 ns/op

OverheadActual   1: 16464 op, 67121.00 ns, 4.0768 ns/op
OverheadActual   2: 16464 op, 68152.00 ns, 4.1395 ns/op
OverheadActual   3: 16464 op, 67041.00 ns, 4.0720 ns/op
OverheadActual   4: 16464 op, 66980.00 ns, 4.0683 ns/op
OverheadActual   5: 16464 op, 66981.00 ns, 4.0683 ns/op
OverheadActual   6: 16464 op, 68413.00 ns, 4.1553 ns/op
OverheadActual   7: 16464 op, 66931.00 ns, 4.0653 ns/op
OverheadActual   8: 16464 op, 67131.00 ns, 4.0774 ns/op

WorkloadWarmup   1: 16464 op, 255818446.00 ns, 15.5380 us/op
WorkloadWarmup   2: 16464 op, 253284618.00 ns, 15.3841 us/op
WorkloadWarmup   3: 16464 op, 250072347.00 ns, 15.1890 us/op
WorkloadWarmup   4: 16464 op, 250862838.00 ns, 15.2371 us/op
WorkloadWarmup   5: 16464 op, 270437146.00 ns, 16.4260 us/op

// BeforeActualRun
WorkloadActual   1: 16464 op, 254106586.00 ns, 15.4341 us/op
WorkloadActual   2: 16464 op, 250460362.00 ns, 15.2126 us/op
WorkloadActual   3: 16464 op, 249691293.00 ns, 15.1659 us/op
WorkloadActual   4: 16464 op, 250507073.00 ns, 15.2154 us/op
WorkloadActual   5: 16464 op, 250249615.00 ns, 15.1998 us/op
WorkloadActual   6: 16464 op, 251438055.00 ns, 15.2720 us/op
WorkloadActual   7: 16464 op, 249857964.00 ns, 15.1760 us/op
WorkloadActual   8: 16464 op, 249959677.00 ns, 15.1822 us/op

// AfterActualRun
WorkloadResult   1: 16464 op, 250393281.00 ns, 15.2085 us/op
WorkloadResult   2: 16464 op, 249624212.00 ns, 15.1618 us/op
WorkloadResult   3: 16464 op, 250439992.00 ns, 15.2114 us/op
WorkloadResult   4: 16464 op, 250182534.00 ns, 15.1957 us/op
WorkloadResult   5: 16464 op, 251370974.00 ns, 15.2679 us/op
WorkloadResult   6: 16464 op, 249790883.00 ns, 15.1719 us/op
WorkloadResult   7: 16464 op, 249892596.00 ns, 15.1781 us/op
// GC:  4 0 0 69807360 16464
// Threading:  0 0 16464

// AfterAll
// Benchmark Process 3809 has exited with code 0.

Mean = 15.199 μs, StdErr = 0.013 μs (0.09%), N = 7, StdDev = 0.035 μs
Min = 15.162 μs, Q1 = 15.175 μs, Median = 15.196 μs, Q3 = 15.210 μs, Max = 15.268 μs
IQR = 0.035 μs, LowerFence = 15.123 μs, UpperFence = 15.262 μs
ConfidenceInterval = [15.119 μs; 15.279 μs] (CI 99.9%), Margin = 0.080 μs (0.53% of Mean)
Skewness = 0.77, Kurtosis = 2.24, MValue = 2

// ** Remained 78 (83.0 %) benchmark(s) to run. Estimated finish 2026-08-11 9:36 (0h 7m from now) **
// **************************
// Benchmark: ChainedPipeline.ZLinq: Quick(MaxRelativeError=0.05, Arguments=/p:MatrixMode=Benchmark, IterationTime=250ms, MaxIterationCount=12, MaxWarmupIterationCount=5, MinIterationCount=8, MinWarmupIterationCount=3)
// *** Execute ***
// Launch: 1 / 1
// Execute: dotnet Matrix.LinqQueries-Quick-1.dll --anonymousPipes 129 130 --benchmarkName Matrix.LinqQueries.Benchmarks.ChainedPipeline.ZLinq --job Quick --benchmarkId 16 in /home/runner/work/dotnet-matrix/dotnet-matrix/src/Matrix.LinqQueries/bin/Benchmark/Release/net10.0/Matrix.LinqQueries-Quick-1/bin/Release/net10.0
// Failed to set up high priority (Permission denied). In order to run benchmarks with high priority, make sure you have the right permissions.
// BeforeAnythingElse

// Benchmark Process Environment Information:
// BenchmarkDotNet v0.15.8
// Runtime=.NET 10.0.10 (10.0.10, 10.0.1026.32716), X64 RyuJIT x86-64-v3
// GC=Concurrent Workstation
// HardwareIntrinsics=AVX2+BMI1+BMI2+F16C+FMA+LZCNT+MOVBE,AVX,SSE3+SSSE3+SSE4.1+SSE4.2+POPCNT,X86Base+SSE+SSE2,AES+PCLMUL VectorSize=256
// Job: Quick(MaxRelativeError=0.05, IterationTime=250ms, MaxIterationCount=12, MaxWarmupIterationCount=5, MinIterationCount=8, MinWarmupIterationCount=3)

OverheadJitting  1: 1 op, 237498.00 ns, 237.4980 us/op
WorkloadJitting  1: 1 op, 5290042.00 ns, 5.2900 ms/op

OverheadJitting  2: 16 op, 523559.00 ns, 32.7224 us/op
WorkloadJitting  2: 16 op, 11316484.00 ns, 707.2803 us/op

WorkloadPilot    1: 16 op, 5524135.00 ns, 345.2584 us/op
WorkloadPilot    2: 736 op, 169830316.00 ns, 230.7477 us/op
WorkloadPilot    3: 1088 op, 23119781.00 ns, 21.2498 us/op
WorkloadPilot    4: 11776 op, 195079520.00 ns, 16.5659 us/op
WorkloadPilot    5: 15104 op, 188387942.00 ns, 12.4727 us/op
WorkloadPilot    6: 20048 op, 251856486.00 ns, 12.5627 us/op
WorkloadPilot    7: 19904 op, 244195471.00 ns, 12.2687 us/op
WorkloadPilot    8: 20384 op, 249355097.00 ns, 12.2329 us/op
WorkloadPilot    9: 20448 op, 250330113.00 ns, 12.2423 us/op
WorkloadPilot   10: 20432 op, 249687457.00 ns, 12.2204 us/op
WorkloadPilot   11: 20464 op, 250207360.00 ns, 12.2267 us/op

OverheadWarmup   1: 20464 op, 91748.00 ns, 4.4834 ns/op
OverheadWarmup   2: 20464 op, 90456.00 ns, 4.4203 ns/op
OverheadWarmup   3: 20464 op, 83105.00 ns, 4.0610 ns/op
OverheadWarmup   4: 20464 op, 89434.00 ns, 4.3703 ns/op
OverheadWarmup   5: 20464 op, 90145.00 ns, 4.4051 ns/op
OverheadWarmup   6: 20464 op, 90266.00 ns, 4.4110 ns/op
OverheadWarmup   7: 20464 op, 87842.00 ns, 4.2925 ns/op
OverheadWarmup   8: 20464 op, 90216.00 ns, 4.4085 ns/op
OverheadWarmup   9: 20464 op, 107271.00 ns, 5.2419 ns/op
OverheadWarmup  10: 20464 op, 112660.00 ns, 5.5053 ns/op

OverheadActual   1: 20464 op, 83085.00 ns, 4.0601 ns/op
OverheadActual   2: 20464 op, 83075.00 ns, 4.0596 ns/op
OverheadActual   3: 20464 op, 85079.00 ns, 4.1575 ns/op
OverheadActual   4: 20464 op, 83045.00 ns, 4.0581 ns/op
OverheadActual   5: 20464 op, 83055.00 ns, 4.0586 ns/op
OverheadActual   6: 20464 op, 90206.00 ns, 4.4080 ns/op
OverheadActual   7: 20464 op, 90737.00 ns, 4.4340 ns/op
OverheadActual   8: 20464 op, 90146.00 ns, 4.4051 ns/op
OverheadActual   9: 20464 op, 90126.00 ns, 4.4041 ns/op
OverheadActual  10: 20464 op, 96305.00 ns, 4.7061 ns/op
OverheadActual  11: 20464 op, 90186.00 ns, 4.4071 ns/op
OverheadActual  12: 20464 op, 90175.00 ns, 4.4065 ns/op

WorkloadWarmup   1: 20464 op, 255565580.00 ns, 12.4885 us/op
WorkloadWarmup   2: 20464 op, 252428313.00 ns, 12.3352 us/op
WorkloadWarmup   3: 20464 op, 249207925.00 ns, 12.1779 us/op
WorkloadWarmup   4: 20464 op, 249248145.00 ns, 12.1798 us/op
WorkloadWarmup   5: 20464 op, 249641168.00 ns, 12.1990 us/op

// BeforeActualRun
WorkloadActual   1: 20464 op, 252336039.00 ns, 12.3307 us/op
WorkloadActual   2: 20464 op, 251056040.00 ns, 12.2682 us/op
WorkloadActual   3: 20464 op, 249517892.00 ns, 12.1930 us/op
WorkloadActual   4: 20464 op, 250026699.00 ns, 12.2179 us/op
WorkloadActual   5: 20464 op, 249587206.00 ns, 12.1964 us/op
WorkloadActual   6: 20464 op, 251417183.00 ns, 12.2858 us/op
WorkloadActual   7: 20464 op, 249431671.00 ns, 12.1888 us/op
WorkloadActual   8: 20464 op, 250121331.00 ns, 12.2225 us/op

// AfterActualRun
WorkloadResult   1: 20464 op, 252245903.00 ns, 12.3263 us/op
WorkloadResult   2: 20464 op, 250965904.00 ns, 12.2638 us/op
WorkloadResult   3: 20464 op, 249427756.00 ns, 12.1886 us/op
WorkloadResult   4: 20464 op, 249936563.00 ns, 12.2135 us/op
WorkloadResult   5: 20464 op, 249497070.00 ns, 12.1920 us/op
WorkloadResult   6: 20464 op, 251327047.00 ns, 12.2814 us/op
WorkloadResult   7: 20464 op, 249341535.00 ns, 12.1844 us/op
WorkloadResult   8: 20464 op, 250031195.00 ns, 12.2181 us/op
// GC:  4 0 0 82347136 20464
// Threading:  0 0 20464

// AfterAll
// Benchmark Process 3820 has exited with code 0.

Mean = 12.234 μs, StdErr = 0.018 μs (0.15%), N = 8, StdDev = 0.052 μs
Min = 12.184 μs, Q1 = 12.191 μs, Median = 12.216 μs, Q3 = 12.268 μs, Max = 12.326 μs
IQR = 0.077 μs, LowerFence = 12.076 μs, UpperFence = 12.384 μs
ConfidenceInterval = [12.135 μs; 12.332 μs] (CI 99.9%), Margin = 0.099 μs (0.81% of Mean)
Skewness = 0.59, Kurtosis = 1.65, MValue = 2

// ** Remained 77 (81.9 %) benchmark(s) to run. Estimated finish 2026-08-11 9:36 (0h 7m from now) **
// ***** BenchmarkRunner: Finish  *****

// * Export *
  tmp/dotnet-matrix/LinqQueries/4112bfa66d854e1a9cc414e42f130abf/results/Matrix.LinqQueries.Benchmarks.ChainedPipeline-report.csv
  tmp/dotnet-matrix/LinqQueries/4112bfa66d854e1a9cc414e42f130abf/results/Matrix.LinqQueries.Benchmarks.ChainedPipeline-report-github.md
  tmp/dotnet-matrix/LinqQueries/4112bfa66d854e1a9cc414e42f130abf/results/Matrix.LinqQueries.Benchmarks.ChainedPipeline-report.html
  tmp/dotnet-matrix/LinqQueries/4112bfa66d854e1a9cc414e42f130abf/results/Matrix.LinqQueries.Benchmarks.ChainedPipeline-report-full.json

// * Detailed results *
ChainedPipeline.HandCoded: Quick(MaxRelativeError=0.05, Arguments=/p:MatrixMode=Benchmark, IterationTime=250ms, MaxIterationCount=12, MaxWarmupIterationCount=5, MinIterationCount=8, MinWarmupIterationCount=3)
Runtime = .NET 10.0.10 (10.0.10, 10.0.1026.32716), X64 RyuJIT x86-64-v3; GC = Concurrent Workstation
Mean = 8.483 μs, StdErr = 0.008 μs (0.09%), N = 7, StdDev = 0.021 μs
Min = 8.463 μs, Q1 = 8.472 μs, Median = 8.479 μs, Q3 = 8.484 μs, Max = 8.528 μs
IQR = 0.012 μs, LowerFence = 8.453 μs, UpperFence = 8.503 μs
ConfidenceInterval = [8.435 μs; 8.531 μs] (CI 99.9%), Margin = 0.048 μs (0.56% of Mean)
Skewness = 1.2, Kurtosis = 3.02, MValue = 2
-------------------- Histogram --------------------
[8.449 μs ; 8.543 μs) | @@@@@@@
---------------------------------------------------

ChainedPipeline.LinqAF: Quick(MaxRelativeError=0.05, Arguments=/p:MatrixMode=Benchmark, IterationTime=250ms, MaxIterationCount=12, MaxWarmupIterationCount=5, MinIterationCount=8, MinWarmupIterationCount=3)
Runtime = .NET 10.0.10 (10.0.10, 10.0.1026.32716), X64 RyuJIT x86-64-v3; GC = Concurrent Workstation
Mean = 9.385 μs, StdErr = 0.009 μs (0.09%), N = 8, StdDev = 0.025 μs
Min = 9.347 μs, Q1 = 9.374 μs, Median = 9.394 μs, Q3 = 9.397 μs, Max = 9.419 μs
IQR = 0.023 μs, LowerFence = 9.339 μs, UpperFence = 9.431 μs
ConfidenceInterval = [9.338 μs; 9.433 μs] (CI 99.9%), Margin = 0.047 μs (0.50% of Mean)
Skewness = -0.44, Kurtosis = 1.63, MValue = 2
-------------------- Histogram --------------------
[9.331 μs ; 9.435 μs) | @@@@@@@@
---------------------------------------------------

ChainedPipeline.Hyperlinq: Quick(MaxRelativeError=0.05, Arguments=/p:MatrixMode=Benchmark, IterationTime=250ms, MaxIterationCount=12, MaxWarmupIterationCount=5, MinIterationCount=8, MinWarmupIterationCount=3)
Runtime = .NET 10.0.10 (10.0.10, 10.0.1026.32716), X64 RyuJIT x86-64-v3; GC = Concurrent Workstation
Mean = 11.636 μs, StdErr = 0.008 μs (0.07%), N = 7, StdDev = 0.022 μs
Min = 11.616 μs, Q1 = 11.619 μs, Median = 11.625 μs, Q3 = 11.652 μs, Max = 11.671 μs
IQR = 0.033 μs, LowerFence = 11.570 μs, UpperFence = 11.702 μs
ConfidenceInterval = [11.587 μs; 11.686 μs] (CI 99.9%), Margin = 0.049 μs (0.43% of Mean)
Skewness = 0.38, Kurtosis = 1.23, MValue = 2
-------------------- Histogram --------------------
[11.600 μs ; 11.686 μs) | @@@@@@@
---------------------------------------------------

ChainedPipeline.ZLinq: Quick(MaxRelativeError=0.05, Arguments=/p:MatrixMode=Benchmark, IterationTime=250ms, MaxIterationCount=12, MaxWarmupIterationCount=5, MinIterationCount=8, MinWarmupIterationCount=3)
Runtime = .NET 10.0.10 (10.0.10, 10.0.1026.32716), X64 RyuJIT x86-64-v3; GC = Concurrent Workstation
Mean = 12.234 μs, StdErr = 0.018 μs (0.15%), N = 8, StdDev = 0.052 μs
Min = 12.184 μs, Q1 = 12.191 μs, Median = 12.216 μs, Q3 = 12.268 μs, Max = 12.326 μs
IQR = 0.077 μs, LowerFence = 12.076 μs, UpperFence = 12.384 μs
ConfidenceInterval = [12.135 μs; 12.332 μs] (CI 99.9%), Margin = 0.099 μs (0.81% of Mean)
Skewness = 0.59, Kurtosis = 1.65, MValue = 2
-------------------- Histogram --------------------
[12.151 μs ; 12.360 μs) | @@@@@@@@
---------------------------------------------------

ChainedPipeline.StructLinq: Quick(MaxRelativeError=0.05, Arguments=/p:MatrixMode=Benchmark, IterationTime=250ms, MaxIterationCount=12, MaxWarmupIterationCount=5, MinIterationCount=8, MinWarmupIterationCount=3)
Runtime = .NET 10.0.10 (10.0.10, 10.0.1026.32716), X64 RyuJIT x86-64-v3; GC = Concurrent Workstation
Mean = 12.427 μs, StdErr = 0.005 μs (0.04%), N = 7, StdDev = 0.014 μs
Min = 12.404 μs, Q1 = 12.418 μs, Median = 12.431 μs, Q3 = 12.437 μs, Max = 12.443 μs
IQR = 0.019 μs, LowerFence = 12.390 μs, UpperFence = 12.465 μs
ConfidenceInterval = [12.395 μs; 12.459 μs] (CI 99.9%), Margin = 0.032 μs (0.26% of Mean)
Skewness = -0.39, Kurtosis = 1.39, MValue = 2
-------------------- Histogram --------------------
[12.395 μs ; 12.453 μs) | @@@@@@@
---------------------------------------------------

ChainedPipeline.SystemLinq: Quick(MaxRelativeError=0.05, Arguments=/p:MatrixMode=Benchmark, IterationTime=250ms, MaxIterationCount=12, MaxWarmupIterationCount=5, MinIterationCount=8, MinWarmupIterationCount=3)
Runtime = .NET 10.0.10 (10.0.10, 10.0.1026.32716), X64 RyuJIT x86-64-v3; GC = Concurrent Workstation
Mean = 15.199 μs, StdErr = 0.013 μs (0.09%), N = 7, StdDev = 0.035 μs
Min = 15.162 μs, Q1 = 15.175 μs, Median = 15.196 μs, Q3 = 15.210 μs, Max = 15.268 μs
IQR = 0.035 μs, LowerFence = 15.123 μs, UpperFence = 15.262 μs
ConfidenceInterval = [15.119 μs; 15.279 μs] (CI 99.9%), Margin = 0.080 μs (0.53% of Mean)
Skewness = 0.77, Kurtosis = 2.24, MValue = 2
-------------------- Histogram --------------------
[15.137 μs ; 15.292 μs) | @@@@@@@
---------------------------------------------------

// * Summary *

BenchmarkDotNet v0.15.8, Linux Ubuntu 24.04.4 LTS (Noble Numbat)
AMD EPYC 9V74 2.60GHz, 1 CPU, 4 logical and 2 physical cores
.NET SDK 10.0.302
  [Host] : .NET 10.0.10 (10.0.10, 10.0.1026.32716), X64 RyuJIT x86-64-v3
  Quick  : .NET 10.0.10 (10.0.10, 10.0.1026.32716), X64 RyuJIT x86-64-v3

Job=Quick  MaxRelativeError=0.05  Arguments=/p:MatrixMode=Benchmark  
IterationTime=250ms  MaxIterationCount=12  MaxWarmupIterationCount=5  
MinIterationCount=8  MinWarmupIterationCount=3  

| Method     | Mean      | Error     | StdDev    | Ratio | Gen0   | Allocated | Alloc Ratio |
|----------- |----------:|----------:|----------:|------:|-------:|----------:|------------:|
| HandCoded  |  8.483 μs | 0.0478 μs | 0.0212 μs |  1.00 | 0.2374 |   3.93 KB |        1.00 |
| LinqAF     |  9.385 μs | 0.0474 μs | 0.0248 μs |  1.11 | 0.2257 |   3.93 KB |        1.00 |
| Hyperlinq  | 11.636 μs | 0.0495 μs | 0.0220 μs |  1.37 | 0.4623 |    8.3 KB |        2.11 |
| ZLinq      | 12.234 μs | 0.0986 μs | 0.0516 μs |  1.44 | 0.1955 |   3.93 KB |        1.00 |
| StructLinq | 12.427 μs | 0.0322 μs | 0.0143 μs |  1.46 | 0.2480 |   4.06 KB |        1.03 |
| SystemLinq | 15.199 μs | 0.0799 μs | 0.0355 μs |  1.79 | 0.2430 |   4.14 KB |        1.05 |

// * Hints *
Outliers
  ChainedPipeline.HandCoded: Quick  -> 1 outlier  was  removed (8.57 μs)
  ChainedPipeline.Hyperlinq: Quick  -> 1 outlier  was  removed (11.91 μs)
  ChainedPipeline.StructLinq: Quick -> 1 outlier  was  removed (12.55 μs)
  ChainedPipeline.SystemLinq: Quick -> 1 outlier  was  removed (15.43 μs)

// * Legends *
  Mean        : Arithmetic mean of all measurements
  Error       : Half of 99.9% confidence interval
  StdDev      : Standard deviation of all measurements
  Ratio       : Mean of the ratio distribution ([Current]/[Baseline])
  Gen0        : GC Generation 0 collects per 1000 operations
  Allocated   : Allocated memory per single operation (managed only, inclusive, 1KB = 1024B)
  Alloc Ratio : Allocated memory ratio distribution ([Current]/[Baseline])
  1 μs        : 1 Microsecond (0.000001 sec)

// * Diagnostic Output - MemoryDiagnoser *


// ***** BenchmarkRunner: End *****
Run time: 00:00:34 (34.66 sec), executed benchmarks: 6

// Found 6 benchmarks:
//   DistinctValues.HandCoded: Quick(MaxRelativeError=0.05, Arguments=/p:MatrixMode=Benchmark, IterationTime=250ms, MaxIterationCount=12, MaxWarmupIterationCount=5, MinIterationCount=8, MinWarmupIterationCount=3)
//   DistinctValues.Hyperlinq: Quick(MaxRelativeError=0.05, Arguments=/p:MatrixMode=Benchmark, IterationTime=250ms, MaxIterationCount=12, MaxWarmupIterationCount=5, MinIterationCount=8, MinWarmupIterationCount=3)
//   DistinctValues.LinqAF: Quick(MaxRelativeError=0.05, Arguments=/p:MatrixMode=Benchmark, IterationTime=250ms, MaxIterationCount=12, MaxWarmupIterationCount=5, MinIterationCount=8, MinWarmupIterationCount=3)
//   DistinctValues.StructLinq: Quick(MaxRelativeError=0.05, Arguments=/p:MatrixMode=Benchmark, IterationTime=250ms, MaxIterationCount=12, MaxWarmupIterationCount=5, MinIterationCount=8, MinWarmupIterationCount=3)
//   DistinctValues.SystemLinq: Quick(MaxRelativeError=0.05, Arguments=/p:MatrixMode=Benchmark, IterationTime=250ms, MaxIterationCount=12, MaxWarmupIterationCount=5, MinIterationCount=8, MinWarmupIterationCount=3)
//   DistinctValues.ZLinq: Quick(MaxRelativeError=0.05, Arguments=/p:MatrixMode=Benchmark, IterationTime=250ms, MaxIterationCount=12, MaxWarmupIterationCount=5, MinIterationCount=8, MinWarmupIterationCount=3)

// **************************
// Benchmark: DistinctValues.HandCoded: Quick(MaxRelativeError=0.05, Arguments=/p:MatrixMode=Benchmark, IterationTime=250ms, MaxIterationCount=12, MaxWarmupIterationCount=5, MinIterationCount=8, MinWarmupIterationCount=3)
// *** Execute ***
// Launch: 1 / 1
// Execute: dotnet Matrix.LinqQueries-Quick-1.dll --anonymousPipes 129 130 --benchmarkName Matrix.LinqQueries.Benchmarks.DistinctValues.HandCoded --job Quick --benchmarkId 17 in /home/runner/work/dotnet-matrix/dotnet-matrix/src/Matrix.LinqQueries/bin/Benchmark/Release/net10.0/Matrix.LinqQueries-Quick-1/bin/Release/net10.0
// Failed to set up high priority (Permission denied). In order to run benchmarks with high priority, make sure you have the right permissions.
// BeforeAnythingElse

// Benchmark Process Environment Information:
// BenchmarkDotNet v0.15.8
// Runtime=.NET 10.0.10 (10.0.10, 10.0.1026.32716), X64 RyuJIT x86-64-v3
// GC=Concurrent Workstation
// HardwareIntrinsics=AVX2+BMI1+BMI2+F16C+FMA+LZCNT+MOVBE,AVX,SSE3+SSSE3+SSE4.1+SSE4.2+POPCNT,X86Base+SSE+SSE2,AES+PCLMUL VectorSize=256
// Job: Quick(MaxRelativeError=0.05, IterationTime=250ms, MaxIterationCount=12, MaxWarmupIterationCount=5, MinIterationCount=8, MinWarmupIterationCount=3)

OverheadJitting  1: 1 op, 236076.00 ns, 236.0760 us/op
WorkloadJitting  1: 1 op, 2997037.00 ns, 2.9970 ms/op

OverheadJitting  2: 16 op, 519804.00 ns, 32.4878 us/op
WorkloadJitting  2: 16 op, 2237372.00 ns, 139.8358 us/op

WorkloadPilot    1: 16 op, 1657868.00 ns, 103.6168 us/op
WorkloadPilot    2: 2416 op, 140889458.00 ns, 58.3152 us/op
WorkloadPilot    3: 4288 op, 227141723.00 ns, 52.9715 us/op
WorkloadPilot    4: 4720 op, 198770170.00 ns, 42.1123 us/op
WorkloadPilot    5: 5952 op, 251379117.00 ns, 42.2344 us/op
WorkloadPilot    6: 5920 op, 252883203.00 ns, 42.7168 us/op
WorkloadPilot    7: 5856 op, 248979039.00 ns, 42.5169 us/op
WorkloadPilot    8: 5888 op, 251619198.00 ns, 42.7342 us/op

OverheadWarmup   1: 5888 op, 28333.00 ns, 4.8120 ns/op
OverheadWarmup   2: 5888 op, 28483.00 ns, 4.8375 ns/op
OverheadWarmup   3: 5888 op, 28453.00 ns, 4.8324 ns/op
OverheadWarmup   4: 5888 op, 26380.00 ns, 4.4803 ns/op
OverheadWarmup   5: 5888 op, 26400.00 ns, 4.4837 ns/op
OverheadWarmup   6: 5888 op, 26430.00 ns, 4.4888 ns/op
OverheadWarmup   7: 5888 op, 26350.00 ns, 4.4752 ns/op

OverheadActual   1: 5888 op, 24327.00 ns, 4.1316 ns/op
OverheadActual   2: 5888 op, 53200.00 ns, 9.0353 ns/op
OverheadActual   3: 5888 op, 24457.00 ns, 4.1537 ns/op
OverheadActual   4: 5888 op, 24537.00 ns, 4.1673 ns/op
OverheadActual   5: 5888 op, 27051.00 ns, 4.5943 ns/op
OverheadActual   6: 5888 op, 24337.00 ns, 4.1333 ns/op
OverheadActual   7: 5888 op, 28473.00 ns, 4.8358 ns/op
OverheadActual   8: 5888 op, 26360.00 ns, 4.4769 ns/op
OverheadActual   9: 5888 op, 26350.00 ns, 4.4752 ns/op
OverheadActual  10: 5888 op, 26370.00 ns, 4.4786 ns/op
OverheadActual  11: 5888 op, 26370.00 ns, 4.4786 ns/op
OverheadActual  12: 5888 op, 26369.00 ns, 4.4784 ns/op

WorkloadWarmup   1: 5888 op, 258873870.00 ns, 43.9664 us/op
WorkloadWarmup   2: 5888 op, 249768499.00 ns, 42.4199 us/op
WorkloadWarmup   3: 5888 op, 247837499.00 ns, 42.0920 us/op
WorkloadWarmup   4: 5888 op, 247830128.00 ns, 42.0907 us/op
WorkloadWarmup   5: 5888 op, 247560311.00 ns, 42.0449 us/op

// BeforeActualRun
WorkloadActual   1: 5888 op, 250822127.00 ns, 42.5989 us/op
WorkloadActual   2: 5888 op, 246706095.00 ns, 41.8998 us/op
WorkloadActual   3: 5888 op, 248007986.00 ns, 42.1209 us/op
WorkloadActual   4: 5888 op, 248228554.00 ns, 42.1584 us/op
WorkloadActual   5: 5888 op, 247965011.00 ns, 42.1136 us/op
WorkloadActual   6: 5888 op, 248091712.00 ns, 42.1351 us/op
WorkloadActual   7: 5888 op, 248659538.00 ns, 42.2316 us/op
WorkloadActual   8: 5888 op, 248731146.00 ns, 42.2437 us/op

// AfterActualRun
WorkloadResult   1: 5888 op, 246679730.50 ns, 41.8953 us/op
WorkloadResult   2: 5888 op, 247981621.50 ns, 42.1164 us/op
WorkloadResult   3: 5888 op, 248202189.50 ns, 42.1539 us/op
WorkloadResult   4: 5888 op, 247938646.50 ns, 42.1091 us/op
WorkloadResult   5: 5888 op, 248065347.50 ns, 42.1307 us/op
WorkloadResult   6: 5888 op, 248633173.50 ns, 42.2271 us/op
WorkloadResult   7: 5888 op, 248704781.50 ns, 42.2393 us/op
// GC:  25 2 0 418330624 5888
// Threading:  0 0 5888

// AfterAll
// Benchmark Process 3830 has exited with code 0.

Mean = 42.125 μs, StdErr = 0.043 μs (0.10%), N = 7, StdDev = 0.114 μs
Min = 41.895 μs, Q1 = 42.113 μs, Median = 42.131 μs, Q3 = 42.191 μs, Max = 42.239 μs
IQR = 0.078 μs, LowerFence = 41.996 μs, UpperFence = 42.307 μs
ConfidenceInterval = [41.869 μs; 42.380 μs] (CI 99.9%), Margin = 0.256 μs (0.61% of Mean)
Skewness = -0.92, Kurtosis = 2.61, MValue = 2

// ** Remained 76 (80.9 %) benchmark(s) to run. Estimated finish 2026-08-11 9:36 (0h 7m from now) **
// **************************
// Benchmark: DistinctValues.Hyperlinq: Quick(MaxRelativeError=0.05, Arguments=/p:MatrixMode=Benchmark, IterationTime=250ms, MaxIterationCount=12, MaxWarmupIterationCount=5, MinIterationCount=8, MinWarmupIterationCount=3)
// *** Execute ***
// Launch: 1 / 1
// Execute: dotnet Matrix.LinqQueries-Quick-1.dll --anonymousPipes 129 130 --benchmarkName Matrix.LinqQueries.Benchmarks.DistinctValues.Hyperlinq --job Quick --benchmarkId 18 in /home/runner/work/dotnet-matrix/dotnet-matrix/src/Matrix.LinqQueries/bin/Benchmark/Release/net10.0/Matrix.LinqQueries-Quick-1/bin/Release/net10.0
// Failed to set up high priority (Permission denied). In order to run benchmarks with high priority, make sure you have the right permissions.
// BeforeAnythingElse

// Benchmark Process Environment Information:
// BenchmarkDotNet v0.15.8
// Runtime=.NET 10.0.10 (10.0.10, 10.0.1026.32716), X64 RyuJIT x86-64-v3
// GC=Concurrent Workstation
// HardwareIntrinsics=AVX2+BMI1+BMI2+F16C+FMA+LZCNT+MOVBE,AVX,SSE3+SSSE3+SSE4.1+SSE4.2+POPCNT,X86Base+SSE+SSE2,AES+PCLMUL VectorSize=256
// Job: Quick(MaxRelativeError=0.05, IterationTime=250ms, MaxIterationCount=12, MaxWarmupIterationCount=5, MinIterationCount=8, MinWarmupIterationCount=3)

OverheadJitting  1: 1 op, 239651.00 ns, 239.6510 us/op
WorkloadJitting  1: 1 op, 4743027.00 ns, 4.7430 ms/op

OverheadJitting  2: 16 op, 567505.00 ns, 35.4691 us/op
WorkloadJitting  2: 16 op, 6118970.00 ns, 382.4356 us/op

WorkloadPilot    1: 16 op, 4789477.00 ns, 299.3423 us/op
WorkloadPilot    2: 848 op, 304310695.00 ns, 358.8570 us/op
WorkloadPilot    3: 704 op, 49960943.00 ns, 70.9672 us/op
WorkloadPilot    4: 3536 op, 239683543.00 ns, 67.7838 us/op
WorkloadPilot    5: 3696 op, 250509576.00 ns, 67.7786 us/op

OverheadWarmup   1: 3696 op, 18438.00 ns, 4.9886 ns/op
OverheadWarmup   2: 3696 op, 16686.00 ns, 4.5146 ns/op
OverheadWarmup   3: 3696 op, 16685.00 ns, 4.5143 ns/op
OverheadWarmup   4: 3696 op, 15383.00 ns, 4.1621 ns/op
OverheadWarmup   5: 3696 op, 15423.00 ns, 4.1729 ns/op
OverheadWarmup   6: 3696 op, 15394.00 ns, 4.1650 ns/op
OverheadWarmup   7: 3696 op, 17997.00 ns, 4.8693 ns/op
OverheadWarmup   8: 3696 op, 17957.00 ns, 4.8585 ns/op

OverheadActual   1: 3696 op, 15424.00 ns, 4.1732 ns/op
OverheadActual   2: 3696 op, 16835.00 ns, 4.5549 ns/op
OverheadActual   3: 3696 op, 24466.00 ns, 6.6196 ns/op
OverheadActual   4: 3696 op, 23916.00 ns, 6.4708 ns/op
OverheadActual   5: 3696 op, 22774.00 ns, 6.1618 ns/op
OverheadActual   6: 3696 op, 22333.00 ns, 6.0425 ns/op
OverheadActual   7: 3696 op, 22154.00 ns, 5.9940 ns/op
OverheadActual   8: 3696 op, 22434.00 ns, 6.0698 ns/op
OverheadActual   9: 3696 op, 22625.00 ns, 6.1215 ns/op
OverheadActual  10: 3696 op, 23516.00 ns, 6.3626 ns/op
OverheadActual  11: 3696 op, 21833.00 ns, 5.9072 ns/op
OverheadActual  12: 3696 op, 21973.00 ns, 5.9451 ns/op

WorkloadWarmup   1: 3696 op, 254466678.00 ns, 68.8492 us/op
WorkloadWarmup   2: 3696 op, 250527473.00 ns, 67.7834 us/op
WorkloadWarmup   3: 3696 op, 249763452.00 ns, 67.5767 us/op
WorkloadWarmup   4: 3696 op, 253663508.00 ns, 68.6319 us/op
WorkloadWarmup   5: 3696 op, 253683378.00 ns, 68.6373 us/op

// BeforeActualRun
WorkloadActual   1: 3696 op, 255306163.00 ns, 69.0763 us/op
WorkloadActual   2: 3696 op, 252679986.00 ns, 68.3658 us/op
WorkloadActual   3: 3696 op, 254060657.00 ns, 68.7394 us/op
WorkloadActual   4: 3696 op, 254825800.00 ns, 68.9464 us/op
WorkloadActual   5: 3696 op, 252513536.00 ns, 68.3208 us/op
WorkloadActual   6: 3696 op, 252413825.00 ns, 68.2938 us/op
WorkloadActual   7: 3696 op, 249820918.00 ns, 67.5922 us/op
WorkloadActual   8: 3696 op, 248798558.00 ns, 67.3156 us/op

// AfterActualRun
WorkloadResult   1: 3696 op, 255283779.50 ns, 69.0703 us/op
WorkloadResult   2: 3696 op, 252657602.50 ns, 68.3597 us/op
WorkloadResult   3: 3696 op, 254038273.50 ns, 68.7333 us/op
WorkloadResult   4: 3696 op, 254803416.50 ns, 68.9403 us/op
WorkloadResult   5: 3696 op, 252491152.50 ns, 68.3147 us/op
WorkloadResult   6: 3696 op, 252391441.50 ns, 68.2877 us/op
WorkloadResult   7: 3696 op, 249798534.50 ns, 67.5862 us/op
WorkloadResult   8: 3696 op, 248776174.50 ns, 67.3096 us/op
// GC:  142 142 142 678248928 3696
// Threading:  0 0 3696

// AfterAll
// Benchmark Process 3840 has exited with code 0.

Mean = 68.325 μs, StdErr = 0.219 μs (0.32%), N = 8, StdDev = 0.619 μs
Min = 67.310 μs, Q1 = 68.112 μs, Median = 68.337 μs, Q3 = 68.785 μs, Max = 69.070 μs
IQR = 0.673 μs, LowerFence = 67.103 μs, UpperFence = 69.794 μs
ConfidenceInterval = [67.142 μs; 69.508 μs] (CI 99.9%), Margin = 1.183 μs (1.73% of Mean)
Skewness = -0.39, Kurtosis = 1.57, MValue = 2

// ** Remained 75 (79.8 %) benchmark(s) to run. Estimated finish 2026-08-11 9:36 (0h 6m from now) **
// **************************
// Benchmark: DistinctValues.LinqAF: Quick(MaxRelativeError=0.05, Arguments=/p:MatrixMode=Benchmark, IterationTime=250ms, MaxIterationCount=12, MaxWarmupIterationCount=5, MinIterationCount=8, MinWarmupIterationCount=3)
// *** Execute ***
// Launch: 1 / 1
// Execute: dotnet Matrix.LinqQueries-Quick-1.dll --anonymousPipes 129 130 --benchmarkName Matrix.LinqQueries.Benchmarks.DistinctValues.LinqAF --job Quick --benchmarkId 19 in /home/runner/work/dotnet-matrix/dotnet-matrix/src/Matrix.LinqQueries/bin/Benchmark/Release/net10.0/Matrix.LinqQueries-Quick-1/bin/Release/net10.0
// Failed to set up high priority (Permission denied). In order to run benchmarks with high priority, make sure you have the right permissions.
// BeforeAnythingElse

// Benchmark Process Environment Information:
// BenchmarkDotNet v0.15.8
// Runtime=.NET 10.0.10 (10.0.10, 10.0.1026.32716), X64 RyuJIT x86-64-v3
// GC=Concurrent Workstation
// HardwareIntrinsics=AVX2+BMI1+BMI2+F16C+FMA+LZCNT+MOVBE,AVX,SSE3+SSSE3+SSE4.1+SSE4.2+POPCNT,X86Base+SSE+SSE2,AES+PCLMUL VectorSize=256
// Job: Quick(MaxRelativeError=0.05, IterationTime=250ms, MaxIterationCount=12, MaxWarmupIterationCount=5, MinIterationCount=8, MinWarmupIterationCount=3)

OverheadJitting  1: 1 op, 236907.00 ns, 236.9070 us/op
WorkloadJitting  1: 1 op, 88608658.00 ns, 88.6087 ms/op

WorkloadPilot    1: 4 op, 8156170.00 ns, 2.0390 ms/op
WorkloadPilot    2: 123 op, 200628984.00 ns, 1.6311 ms/op
WorkloadPilot    3: 153 op, 45671960.00 ns, 298.5095 us/op
WorkloadPilot    4: 837 op, 205364810.00 ns, 245.3582 us/op
WorkloadPilot    5: 1019 op, 250563276.00 ns, 245.8913 us/op
WorkloadPilot    6: 1017 op, 252862892.00 ns, 248.6361 us/op
WorkloadPilot    7: 1005 op, 249024297.00 ns, 247.7854 us/op
WorkloadPilot    8: 1009 op, 248700279.00 ns, 246.4819 us/op
WorkloadPilot    9: 1014 op, 251795914.00 ns, 248.3194 us/op

WorkloadWarmup   1: 1014 op, 250872921.00 ns, 247.4092 us/op
WorkloadWarmup   2: 1014 op, 249389546.00 ns, 245.9463 us/op
WorkloadWarmup   3: 1014 op, 249599171.00 ns, 246.1530 us/op
WorkloadWarmup   4: 1014 op, 249838562.00 ns, 246.3891 us/op
WorkloadWarmup   5: 1014 op, 249682237.00 ns, 246.2349 us/op

// BeforeActualRun
WorkloadActual   1: 1014 op, 249442465.00 ns, 245.9985 us/op
WorkloadActual   2: 1014 op, 261762240.00 ns, 258.1482 us/op
WorkloadActual   3: 1014 op, 250115169.00 ns, 246.6619 us/op
WorkloadActual   4: 1014 op, 250885220.00 ns, 247.4213 us/op
WorkloadActual   5: 1014 op, 250514391.00 ns, 247.0556 us/op
WorkloadActual   6: 1014 op, 250442142.00 ns, 246.9844 us/op
WorkloadActual   7: 1014 op, 251658295.00 ns, 248.1837 us/op
WorkloadActual   8: 1014 op, 250134939.00 ns, 246.6814 us/op

// AfterActualRun
WorkloadResult   1: 1014 op, 249442465.00 ns, 245.9985 us/op
WorkloadResult   2: 1014 op, 250115169.00 ns, 246.6619 us/op
WorkloadResult   3: 1014 op, 250885220.00 ns, 247.4213 us/op
WorkloadResult   4: 1014 op, 250514391.00 ns, 247.0556 us/op
WorkloadResult   5: 1014 op, 250442142.00 ns, 246.9844 us/op
WorkloadResult   6: 1014 op, 251658295.00 ns, 248.1837 us/op
WorkloadResult   7: 1014 op, 250134939.00 ns, 246.6814 us/op
// GC:  15 0 0 256176960 1014
// Threading:  0 0 1014

// AfterAll
// Benchmark Process 3852 has exited with code 0.

Mean = 246.998 μs, StdErr = 0.258 μs (0.10%), N = 7, StdDev = 0.683 μs
Min = 245.998 μs, Q1 = 246.672 μs, Median = 246.984 μs, Q3 = 247.238 μs, Max = 248.184 μs
IQR = 0.567 μs, LowerFence = 245.821 μs, UpperFence = 248.089 μs
ConfidenceInterval = [245.459 μs; 248.537 μs] (CI 99.9%), Margin = 1.539 μs (0.62% of Mean)
Skewness = 0.3, Kurtosis = 1.99, MValue = 2

// ** Remained 74 (78.7 %) benchmark(s) to run. Estimated finish 2026-08-11 9:36 (0h 6m from now) **
// **************************
// Benchmark: DistinctValues.StructLinq: Quick(MaxRelativeError=0.05, Arguments=/p:MatrixMode=Benchmark, IterationTime=250ms, MaxIterationCount=12, MaxWarmupIterationCount=5, MinIterationCount=8, MinWarmupIterationCount=3)
// *** Execute ***
// Launch: 1 / 1
// Execute: dotnet Matrix.LinqQueries-Quick-1.dll --anonymousPipes 129 130 --benchmarkName Matrix.LinqQueries.Benchmarks.DistinctValues.StructLinq --job Quick --benchmarkId 20 in /home/runner/work/dotnet-matrix/dotnet-matrix/src/Matrix.LinqQueries/bin/Benchmark/Release/net10.0/Matrix.LinqQueries-Quick-1/bin/Release/net10.0
// Failed to set up high priority (Permission denied). In order to run benchmarks with high priority, make sure you have the right permissions.
// BeforeAnythingElse

// Benchmark Process Environment Information:
// BenchmarkDotNet v0.15.8
// Runtime=.NET 10.0.10 (10.0.10, 10.0.1026.32716), X64 RyuJIT x86-64-v3
// GC=Concurrent Workstation
// HardwareIntrinsics=AVX2+BMI1+BMI2+F16C+FMA+LZCNT+MOVBE,AVX,SSE3+SSSE3+SSE4.1+SSE4.2+POPCNT,X86Base+SSE+SSE2,AES+PCLMUL VectorSize=256
// Job: Quick(MaxRelativeError=0.05, IterationTime=250ms, MaxIterationCount=12, MaxWarmupIterationCount=5, MinIterationCount=8, MinWarmupIterationCount=3)

OverheadJitting  1: 1 op, 239822.00 ns, 239.8220 us/op
WorkloadJitting  1: 1 op, 8217673.00 ns, 8.2177 ms/op

OverheadJitting  2: 16 op, 486874.00 ns, 30.4296 us/op
WorkloadJitting  2: 16 op, 2106985.00 ns, 131.6866 us/op

WorkloadPilot    1: 16 op, 1600932.00 ns, 100.0583 us/op
WorkloadPilot    2: 2512 op, 226009855.00 ns, 89.9721 us/op
WorkloadPilot    3: 2784 op, 140971470.00 ns, 50.6363 us/op
WorkloadPilot    4: 4944 op, 169394892.00 ns, 34.2627 us/op
WorkloadPilot    5: 7312 op, 247304834.00 ns, 33.8218 us/op
WorkloadPilot    6: 7392 op, 250133247.00 ns, 33.8384 us/op

OverheadWarmup   1: 7392 op, 34482.00 ns, 4.6648 ns/op
OverheadWarmup   2: 7392 op, 35343.00 ns, 4.7813 ns/op
OverheadWarmup   3: 7392 op, 30175.00 ns, 4.0821 ns/op
OverheadWarmup   4: 7392 op, 30365.00 ns, 4.1078 ns/op
OverheadWarmup   5: 7392 op, 30245.00 ns, 4.0916 ns/op

OverheadActual   1: 7392 op, 30255.00 ns, 4.0929 ns/op
OverheadActual   2: 7392 op, 32809.00 ns, 4.4384 ns/op
OverheadActual   3: 7392 op, 30276.00 ns, 4.0958 ns/op
OverheadActual   4: 7392 op, 33751.00 ns, 4.5659 ns/op
OverheadActual   5: 7392 op, 30236.00 ns, 4.0904 ns/op
OverheadActual   6: 7392 op, 30356.00 ns, 4.1066 ns/op
OverheadActual   7: 7392 op, 30215.00 ns, 4.0875 ns/op
OverheadActual   8: 7392 op, 35364.00 ns, 4.7841 ns/op
OverheadActual   9: 7392 op, 30205.00 ns, 4.0862 ns/op
OverheadActual  10: 7392 op, 35383.00 ns, 4.7867 ns/op
OverheadActual  11: 7392 op, 35354.00 ns, 4.7827 ns/op
OverheadActual  12: 7392 op, 30276.00 ns, 4.0958 ns/op

WorkloadWarmup   1: 7392 op, 259379669.00 ns, 35.0892 us/op
WorkloadWarmup   2: 7392 op, 249197687.00 ns, 33.7118 us/op
WorkloadWarmup   3: 7392 op, 250187158.00 ns, 33.8457 us/op
WorkloadWarmup   4: 7392 op, 246377276.00 ns, 33.3303 us/op
WorkloadWarmup   5: 7392 op, 246322244.00 ns, 33.3228 us/op

// BeforeActualRun
WorkloadActual   1: 7392 op, 249168382.00 ns, 33.7078 us/op
WorkloadActual   2: 7392 op, 257964688.00 ns, 34.8978 us/op
WorkloadActual   3: 7392 op, 247450493.00 ns, 33.4754 us/op
WorkloadActual   4: 7392 op, 246311428.00 ns, 33.3214 us/op
WorkloadActual   5: 7392 op, 246495915.00 ns, 33.3463 us/op
WorkloadActual   6: 7392 op, 248732635.00 ns, 33.6489 us/op
WorkloadActual   7: 7392 op, 260945480.00 ns, 35.3011 us/op
WorkloadActual   8: 7392 op, 246266951.00 ns, 33.3153 us/op

// AfterActualRun
WorkloadResult   1: 7392 op, 249138066.00 ns, 33.7037 us/op
WorkloadResult   2: 7392 op, 257934372.00 ns, 34.8937 us/op
WorkloadResult   3: 7392 op, 247420177.00 ns, 33.4713 us/op
WorkloadResult   4: 7392 op, 246281112.00 ns, 33.3173 us/op
WorkloadResult   5: 7392 op, 246465599.00 ns, 33.3422 us/op
WorkloadResult   6: 7392 op, 248702319.00 ns, 33.6448 us/op
WorkloadResult   7: 7392 op, 246236635.00 ns, 33.3112 us/op
// GC:  1 0 0 30336768 7392
// Threading:  0 0 7392

// AfterAll
// Benchmark Process 3862 has exited with code 0.

Mean = 33.669 μs, StdErr = 0.213 μs (0.63%), N = 7, StdDev = 0.563 μs
Min = 33.311 μs, Q1 = 33.330 μs, Median = 33.471 μs, Q3 = 33.674 μs, Max = 34.894 μs
IQR = 0.345 μs, LowerFence = 32.813 μs, UpperFence = 34.191 μs
ConfidenceInterval = [32.402 μs; 34.936 μs] (CI 99.9%), Margin = 1.267 μs (3.76% of Mean)
Skewness = 1.37, Kurtosis = 3.27, MValue = 2

// ** Remained 73 (77.7 %) benchmark(s) to run. Estimated finish 2026-08-11 9:36 (0h 6m from now) **
// **************************
// Benchmark: DistinctValues.SystemLinq: Quick(MaxRelativeError=0.05, Arguments=/p:MatrixMode=Benchmark, IterationTime=250ms, MaxIterationCount=12, MaxWarmupIterationCount=5, MinIterationCount=8, MinWarmupIterationCount=3)
// *** Execute ***
// Launch: 1 / 1
// Execute: dotnet Matrix.LinqQueries-Quick-1.dll --anonymousPipes 129 130 --benchmarkName Matrix.LinqQueries.Benchmarks.DistinctValues.SystemLinq --job Quick --benchmarkId 21 in /home/runner/work/dotnet-matrix/dotnet-matrix/src/Matrix.LinqQueries/bin/Benchmark/Release/net10.0/Matrix.LinqQueries-Quick-1/bin/Release/net10.0
// Failed to set up high priority (Permission denied). In order to run benchmarks with high priority, make sure you have the right permissions.
// BeforeAnythingElse

// Benchmark Process Environment Information:
// BenchmarkDotNet v0.15.8
// Runtime=.NET 10.0.10 (10.0.10, 10.0.1026.32716), X64 RyuJIT x86-64-v3
// GC=Concurrent Workstation
// HardwareIntrinsics=AVX2+BMI1+BMI2+F16C+FMA+LZCNT+MOVBE,AVX,SSE3+SSSE3+SSE4.1+SSE4.2+POPCNT,X86Base+SSE+SSE2,AES+PCLMUL VectorSize=256
// Job: Quick(MaxRelativeError=0.05, IterationTime=250ms, MaxIterationCount=12, MaxWarmupIterationCount=5, MinIterationCount=8, MinWarmupIterationCount=3)

OverheadJitting  1: 1 op, 237356.00 ns, 237.3560 us/op
WorkloadJitting  1: 1 op, 1303737.00 ns, 1.3037 ms/op

OverheadJitting  2: 16 op, 500502.00 ns, 31.2814 us/op
WorkloadJitting  2: 16 op, 4064199.00 ns, 254.0124 us/op

WorkloadPilot    1: 16 op, 2688714.00 ns, 168.0446 us/op
WorkloadPilot    2: 1488 op, 286885823.00 ns, 192.7996 us/op
WorkloadPilot    3: 1312 op, 125220059.00 ns, 95.4421 us/op
WorkloadPilot    4: 2624 op, 249845646.00 ns, 95.2156 us/op
WorkloadPilot    5: 2640 op, 236043733.00 ns, 89.4105 us/op
WorkloadPilot    6: 2800 op, 250735322.00 ns, 89.5483 us/op

OverheadWarmup   1: 2800 op, 14592.00 ns, 5.2114 ns/op
OverheadWarmup   2: 2800 op, 12749.00 ns, 4.5532 ns/op
OverheadWarmup   3: 2800 op, 12709.00 ns, 4.5389 ns/op
OverheadWarmup   4: 2800 op, 12729.00 ns, 4.5461 ns/op
OverheadWarmup   5: 2800 op, 11818.00 ns, 4.2207 ns/op
OverheadWarmup   6: 2800 op, 13700.00 ns, 4.8929 ns/op
OverheadWarmup   7: 2800 op, 13711.00 ns, 4.8968 ns/op
OverheadWarmup   8: 2800 op, 13701.00 ns, 4.8932 ns/op

OverheadActual   1: 2800 op, 11828.00 ns, 4.2243 ns/op
OverheadActual   2: 2800 op, 11838.00 ns, 4.2279 ns/op
OverheadActual   3: 2800 op, 11868.00 ns, 4.2386 ns/op
OverheadActual   4: 2800 op, 11798.00 ns, 4.2136 ns/op
OverheadActual   5: 2800 op, 11818.00 ns, 4.2207 ns/op
OverheadActual   6: 2800 op, 28863.00 ns, 10.3082 ns/op
OverheadActual   7: 2800 op, 12729.00 ns, 4.5461 ns/op
OverheadActual   8: 2800 op, 12709.00 ns, 4.5389 ns/op
OverheadActual   9: 2800 op, 12710.00 ns, 4.5393 ns/op
OverheadActual  10: 2800 op, 12719.00 ns, 4.5425 ns/op
OverheadActual  11: 2800 op, 12729.00 ns, 4.5461 ns/op
OverheadActual  12: 2800 op, 12689.00 ns, 4.5318 ns/op

WorkloadWarmup   1: 2800 op, 248325896.00 ns, 88.6878 us/op
WorkloadWarmup   2: 2800 op, 248486877.00 ns, 88.7453 us/op
WorkloadWarmup   3: 2800 op, 256413822.00 ns, 91.5764 us/op
WorkloadWarmup   4: 2800 op, 247210391.00 ns, 88.2894 us/op
WorkloadWarmup   5: 2800 op, 248025050.00 ns, 88.5804 us/op

// BeforeActualRun
WorkloadActual   1: 2800 op, 249137271.00 ns, 88.9776 us/op
WorkloadActual   2: 2800 op, 248162212.00 ns, 88.6294 us/op
WorkloadActual   3: 2800 op, 248111961.00 ns, 88.6114 us/op
WorkloadActual   4: 2800 op, 251960883.00 ns, 89.9860 us/op
WorkloadActual   5: 2800 op, 247557350.00 ns, 88.4133 us/op
WorkloadActual   6: 2800 op, 248157039.00 ns, 88.6275 us/op
WorkloadActual   7: 2800 op, 249032594.00 ns, 88.9402 us/op
WorkloadActual   8: 2800 op, 249392507.00 ns, 89.0688 us/op

// AfterActualRun
WorkloadResult   1: 2800 op, 249124572.00 ns, 88.9731 us/op
WorkloadResult   2: 2800 op, 248149513.00 ns, 88.6248 us/op
WorkloadResult   3: 2800 op, 248099262.00 ns, 88.6069 us/op
WorkloadResult   4: 2800 op, 247544651.00 ns, 88.4088 us/op
WorkloadResult   5: 2800 op, 248144340.00 ns, 88.6230 us/op
WorkloadResult   6: 2800 op, 249019895.00 ns, 88.9357 us/op
WorkloadResult   7: 2800 op, 249379808.00 ns, 89.0642 us/op
// GC:  107 107 107 514093552 2800
// Threading:  0 0 2800

// AfterAll
// Benchmark Process 3872 has exited with code 0.

Mean = 88.748 μs, StdErr = 0.092 μs (0.10%), N = 7, StdDev = 0.242 μs
Min = 88.409 μs, Q1 = 88.615 μs, Median = 88.625 μs, Q3 = 88.954 μs, Max = 89.064 μs
IQR = 0.339 μs, LowerFence = 88.106 μs, UpperFence = 89.464 μs
ConfidenceInterval = [88.203 μs; 89.293 μs] (CI 99.9%), Margin = 0.545 μs (0.61% of Mean)
Skewness = 0.04, Kurtosis = 1.16, MValue = 2

// ** Remained 72 (76.6 %) benchmark(s) to run. Estimated finish 2026-08-11 9:36 (0h 6m from now) **
// **************************
// Benchmark: DistinctValues.ZLinq: Quick(MaxRelativeError=0.05, Arguments=/p:MatrixMode=Benchmark, IterationTime=250ms, MaxIterationCount=12, MaxWarmupIterationCount=5, MinIterationCount=8, MinWarmupIterationCount=3)
// *** Execute ***
// Launch: 1 / 1
// Execute: dotnet Matrix.LinqQueries-Quick-1.dll --anonymousPipes 129 130 --benchmarkName Matrix.LinqQueries.Benchmarks.DistinctValues.ZLinq --job Quick --benchmarkId 22 in /home/runner/work/dotnet-matrix/dotnet-matrix/src/Matrix.LinqQueries/bin/Benchmark/Release/net10.0/Matrix.LinqQueries-Quick-1/bin/Release/net10.0
// Failed to set up high priority (Permission denied). In order to run benchmarks with high priority, make sure you have the right permissions.
// BeforeAnythingElse

// Benchmark Process Environment Information:
// BenchmarkDotNet v0.15.8
// Runtime=.NET 10.0.10 (10.0.10, 10.0.1026.32716), X64 RyuJIT x86-64-v3
// GC=Concurrent Workstation
// HardwareIntrinsics=AVX2+BMI1+BMI2+F16C+FMA+LZCNT+MOVBE,AVX,SSE3+SSSE3+SSE4.1+SSE4.2+POPCNT,X86Base+SSE+SSE2,AES+PCLMUL VectorSize=256
// Job: Quick(MaxRelativeError=0.05, IterationTime=250ms, MaxIterationCount=12, MaxWarmupIterationCount=5, MinIterationCount=8, MinWarmupIterationCount=3)

OverheadJitting  1: 1 op, 239050.00 ns, 239.0500 us/op
WorkloadJitting  1: 1 op, 6899106.00 ns, 6.8991 ms/op

OverheadJitting  2: 16 op, 497440.00 ns, 31.0900 us/op
WorkloadJitting  2: 16 op, 9430220.00 ns, 589.3888 us/op

WorkloadPilot    1: 16 op, 1786241.00 ns, 111.6401 us/op
WorkloadPilot    2: 2240 op, 213804648.00 ns, 95.4485 us/op
WorkloadPilot    3: 2624 op, 152933359.00 ns, 58.2825 us/op
WorkloadPilot    4: 4304 op, 187890808.00 ns, 43.6549 us/op
WorkloadPilot    5: 5728 op, 246362540.00 ns, 43.0102 us/op
WorkloadPilot    6: 5824 op, 250266743.00 ns, 42.9716 us/op

OverheadWarmup   1: 5824 op, 27681.00 ns, 4.7529 ns/op
OverheadWarmup   2: 5824 op, 28183.00 ns, 4.8391 ns/op
OverheadWarmup   3: 5824 op, 27781.00 ns, 4.7701 ns/op
OverheadWarmup   4: 5824 op, 27822.00 ns, 4.7771 ns/op
OverheadWarmup   5: 5824 op, 25879.00 ns, 4.4435 ns/op

OverheadActual   1: 5824 op, 23926.00 ns, 4.1082 ns/op
OverheadActual   2: 5824 op, 23996.00 ns, 4.1202 ns/op
OverheadActual   3: 5824 op, 23986.00 ns, 4.1185 ns/op
OverheadActual   4: 5824 op, 23996.00 ns, 4.1202 ns/op
OverheadActual   5: 5824 op, 23946.00 ns, 4.1116 ns/op
OverheadActual   6: 5824 op, 27892.00 ns, 4.7891 ns/op
OverheadActual   7: 5824 op, 29755.00 ns, 5.1090 ns/op
OverheadActual   8: 5824 op, 29855.00 ns, 5.1262 ns/op
OverheadActual   9: 5824 op, 42384.00 ns, 7.2775 ns/op
OverheadActual  10: 5824 op, 29785.00 ns, 5.1142 ns/op
OverheadActual  11: 5824 op, 27852.00 ns, 4.7823 ns/op
OverheadActual  12: 5824 op, 27842.00 ns, 4.7806 ns/op

WorkloadWarmup   1: 5824 op, 257095218.00 ns, 44.1441 us/op
WorkloadWarmup   2: 5824 op, 250591217.00 ns, 43.0273 us/op
WorkloadWarmup   3: 5824 op, 247213193.00 ns, 42.4473 us/op
WorkloadWarmup   4: 5824 op, 247513675.00 ns, 42.4989 us/op
WorkloadWarmup   5: 5824 op, 248767664.00 ns, 42.7142 us/op

// BeforeActualRun
WorkloadActual   1: 5824 op, 249881212.00 ns, 42.9054 us/op
WorkloadActual   2: 5824 op, 247402435.00 ns, 42.4798 us/op
WorkloadActual   3: 5824 op, 247338994.00 ns, 42.4689 us/op
WorkloadActual   4: 5824 op, 247844545.00 ns, 42.5557 us/op
WorkloadActual   5: 5824 op, 247242168.00 ns, 42.4523 us/op
WorkloadActual   6: 5824 op, 247293395.00 ns, 42.4611 us/op
WorkloadActual   7: 5824 op, 247697343.00 ns, 42.5305 us/op
WorkloadActual   8: 5824 op, 247661119.00 ns, 42.5242 us/op

// AfterActualRun
WorkloadResult   1: 5824 op, 247374588.00 ns, 42.4750 us/op
WorkloadResult   2: 5824 op, 247311147.00 ns, 42.4641 us/op
WorkloadResult   3: 5824 op, 247816698.00 ns, 42.5509 us/op
WorkloadResult   4: 5824 op, 247214321.00 ns, 42.4475 us/op
WorkloadResult   5: 5824 op, 247265548.00 ns, 42.4563 us/op
WorkloadResult   6: 5824 op, 247669496.00 ns, 42.5257 us/op
WorkloadResult   7: 5824 op, 247633272.00 ns, 42.5194 us/op
// GC:  1 0 0 23761920 5824
// Threading:  0 0 5824

// AfterAll
// Benchmark Process 3880 has exited with code 0.

Mean = 42.491 μs, StdErr = 0.015 μs (0.04%), N = 7, StdDev = 0.040 μs
Min = 42.448 μs, Q1 = 42.460 μs, Median = 42.475 μs, Q3 = 42.523 μs, Max = 42.551 μs
IQR = 0.062 μs, LowerFence = 42.367 μs, UpperFence = 42.616 μs
ConfidenceInterval = [42.401 μs; 42.582 μs] (CI 99.9%), Margin = 0.090 μs (0.21% of Mean)
Skewness = 0.27, Kurtosis = 1.12, MValue = 2

// ** Remained 71 (75.5 %) benchmark(s) to run. Estimated finish 2026-08-11 9:36 (0h 6m from now) **
// ***** BenchmarkRunner: Finish  *****

// * Export *
  tmp/dotnet-matrix/LinqQueries/4112bfa66d854e1a9cc414e42f130abf/results/Matrix.LinqQueries.Benchmarks.DistinctValues-report.csv
  tmp/dotnet-matrix/LinqQueries/4112bfa66d854e1a9cc414e42f130abf/results/Matrix.LinqQueries.Benchmarks.DistinctValues-report-github.md
  tmp/dotnet-matrix/LinqQueries/4112bfa66d854e1a9cc414e42f130abf/results/Matrix.LinqQueries.Benchmarks.DistinctValues-report.html
  tmp/dotnet-matrix/LinqQueries/4112bfa66d854e1a9cc414e42f130abf/results/Matrix.LinqQueries.Benchmarks.DistinctValues-report-full.json

// * Detailed results *
DistinctValues.StructLinq: Quick(MaxRelativeError=0.05, Arguments=/p:MatrixMode=Benchmark, IterationTime=250ms, MaxIterationCount=12, MaxWarmupIterationCount=5, MinIterationCount=8, MinWarmupIterationCount=3)
Runtime = .NET 10.0.10 (10.0.10, 10.0.1026.32716), X64 RyuJIT x86-64-v3; GC = Concurrent Workstation
Mean = 33.669 μs, StdErr = 0.213 μs (0.63%), N = 7, StdDev = 0.563 μs
Min = 33.311 μs, Q1 = 33.330 μs, Median = 33.471 μs, Q3 = 33.674 μs, Max = 34.894 μs
IQR = 0.345 μs, LowerFence = 32.813 μs, UpperFence = 34.191 μs
ConfidenceInterval = [32.402 μs; 34.936 μs] (CI 99.9%), Margin = 1.267 μs (3.76% of Mean)
Skewness = 1.37, Kurtosis = 3.27, MValue = 2
-------------------- Histogram --------------------
[33.121 μs ; 34.508 μs) | @@@@@@
[34.508 μs ; 35.280 μs) | @
---------------------------------------------------

DistinctValues.HandCoded: Quick(MaxRelativeError=0.05, Arguments=/p:MatrixMode=Benchmark, IterationTime=250ms, MaxIterationCount=12, MaxWarmupIterationCount=5, MinIterationCount=8, MinWarmupIterationCount=3)
Runtime = .NET 10.0.10 (10.0.10, 10.0.1026.32716), X64 RyuJIT x86-64-v3; GC = Concurrent Workstation
Mean = 42.125 μs, StdErr = 0.043 μs (0.10%), N = 7, StdDev = 0.114 μs
Min = 41.895 μs, Q1 = 42.113 μs, Median = 42.131 μs, Q3 = 42.191 μs, Max = 42.239 μs
IQR = 0.078 μs, LowerFence = 41.996 μs, UpperFence = 42.307 μs
ConfidenceInterval = [41.869 μs; 42.380 μs] (CI 99.9%), Margin = 0.256 μs (0.61% of Mean)
Skewness = -0.92, Kurtosis = 2.61, MValue = 2
-------------------- Histogram --------------------
[41.817 μs ; 42.317 μs) | @@@@@@@
---------------------------------------------------

DistinctValues.ZLinq: Quick(MaxRelativeError=0.05, Arguments=/p:MatrixMode=Benchmark, IterationTime=250ms, MaxIterationCount=12, MaxWarmupIterationCount=5, MinIterationCount=8, MinWarmupIterationCount=3)
Runtime = .NET 10.0.10 (10.0.10, 10.0.1026.32716), X64 RyuJIT x86-64-v3; GC = Concurrent Workstation
Mean = 42.491 μs, StdErr = 0.015 μs (0.04%), N = 7, StdDev = 0.040 μs
Min = 42.448 μs, Q1 = 42.460 μs, Median = 42.475 μs, Q3 = 42.523 μs, Max = 42.551 μs
IQR = 0.062 μs, LowerFence = 42.367 μs, UpperFence = 42.616 μs
ConfidenceInterval = [42.401 μs; 42.582 μs] (CI 99.9%), Margin = 0.090 μs (0.21% of Mean)
Skewness = 0.27, Kurtosis = 1.12, MValue = 2
-------------------- Histogram --------------------
[42.420 μs ; 42.578 μs) | @@@@@@@
---------------------------------------------------

DistinctValues.Hyperlinq: Quick(MaxRelativeError=0.05, Arguments=/p:MatrixMode=Benchmark, IterationTime=250ms, MaxIterationCount=12, MaxWarmupIterationCount=5, MinIterationCount=8, MinWarmupIterationCount=3)
Runtime = .NET 10.0.10 (10.0.10, 10.0.1026.32716), X64 RyuJIT x86-64-v3; GC = Concurrent Workstation
Mean = 68.325 μs, StdErr = 0.219 μs (0.32%), N = 8, StdDev = 0.619 μs
Min = 67.310 μs, Q1 = 68.112 μs, Median = 68.337 μs, Q3 = 68.785 μs, Max = 69.070 μs
IQR = 0.673 μs, LowerFence = 67.103 μs, UpperFence = 69.794 μs
ConfidenceInterval = [67.142 μs; 69.508 μs] (CI 99.9%), Margin = 1.183 μs (1.73% of Mean)
Skewness = -0.39, Kurtosis = 1.57, MValue = 2
-------------------- Histogram --------------------
[66.903 μs ; 69.366 μs) | @@@@@@@@
---------------------------------------------------

DistinctValues.SystemLinq: Quick(MaxRelativeError=0.05, Arguments=/p:MatrixMode=Benchmark, IterationTime=250ms, MaxIterationCount=12, MaxWarmupIterationCount=5, MinIterationCount=8, MinWarmupIterationCount=3)
Runtime = .NET 10.0.10 (10.0.10, 10.0.1026.32716), X64 RyuJIT x86-64-v3; GC = Concurrent Workstation
Mean = 88.748 μs, StdErr = 0.092 μs (0.10%), N = 7, StdDev = 0.242 μs
Min = 88.409 μs, Q1 = 88.615 μs, Median = 88.625 μs, Q3 = 88.954 μs, Max = 89.064 μs
IQR = 0.339 μs, LowerFence = 88.106 μs, UpperFence = 89.464 μs
ConfidenceInterval = [88.203 μs; 89.293 μs] (CI 99.9%), Margin = 0.545 μs (0.61% of Mean)
Skewness = 0.04, Kurtosis = 1.16, MValue = 2
-------------------- Histogram --------------------
[88.243 μs ; 89.230 μs) | @@@@@@@
---------------------------------------------------

DistinctValues.LinqAF: Quick(MaxRelativeError=0.05, Arguments=/p:MatrixMode=Benchmark, IterationTime=250ms, MaxIterationCount=12, MaxWarmupIterationCount=5, MinIterationCount=8, MinWarmupIterationCount=3)
Runtime = .NET 10.0.10 (10.0.10, 10.0.1026.32716), X64 RyuJIT x86-64-v3; GC = Concurrent Workstation
Mean = 246.998 μs, StdErr = 0.258 μs (0.10%), N = 7, StdDev = 0.683 μs
Min = 245.998 μs, Q1 = 246.672 μs, Median = 246.984 μs, Q3 = 247.238 μs, Max = 248.184 μs
IQR = 0.567 μs, LowerFence = 245.821 μs, UpperFence = 248.089 μs
ConfidenceInterval = [245.459 μs; 248.537 μs] (CI 99.9%), Margin = 1.539 μs (0.62% of Mean)
Skewness = 0.3, Kurtosis = 1.99, MValue = 2
-------------------- Histogram --------------------
[245.530 μs ; 248.653 μs) | @@@@@@@
---------------------------------------------------

// * Summary *

BenchmarkDotNet v0.15.8, Linux Ubuntu 24.04.4 LTS (Noble Numbat)
AMD EPYC 9V74 2.60GHz, 1 CPU, 4 logical and 2 physical cores
.NET SDK 10.0.302
  [Host] : .NET 10.0.10 (10.0.10, 10.0.1026.32716), X64 RyuJIT x86-64-v3
  Quick  : .NET 10.0.10 (10.0.10, 10.0.1026.32716), X64 RyuJIT x86-64-v3

Job=Quick  MaxRelativeError=0.05  Arguments=/p:MatrixMode=Benchmark  
IterationTime=250ms  MaxIterationCount=12  MaxWarmupIterationCount=5  
MinIterationCount=8  MinWarmupIterationCount=3  

| Method     | Mean      | Error    | StdDev   | Ratio | RatioSD | Gen0    | Gen1    | Gen2    | Allocated | Alloc Ratio |
|----------- |----------:|---------:|---------:|------:|--------:|--------:|--------:|--------:|----------:|------------:|
| StructLinq |  33.67 μs | 1.267 μs | 0.563 μs |  0.80 |    0.01 |  0.1353 |       - |       - |   4.01 KB |        0.06 |
| HandCoded  |  42.12 μs | 0.256 μs | 0.114 μs |  1.00 |    0.00 |  4.2459 |  0.3397 |       - |  69.38 KB |        1.00 |
| ZLinq      |  42.49 μs | 0.090 μs | 0.040 μs |  1.01 |    0.00 |  0.1717 |       - |       - |   3.98 KB |        0.06 |
| Hyperlinq  |  68.33 μs | 1.183 μs | 0.619 μs |  1.62 |    0.01 | 38.4199 | 38.4199 | 38.4199 | 179.21 KB |        2.58 |
| SystemLinq |  88.75 μs | 0.545 μs | 0.242 μs |  2.11 |    0.01 | 38.2143 | 38.2143 | 38.2143 |  179.3 KB |        2.58 |
| LinqAF     | 247.00 μs | 1.539 μs | 0.683 μs |  5.86 |    0.02 | 14.7929 |       - |       - | 246.72 KB |        3.56 |

// * Hints *
Outliers
  DistinctValues.StructLinq: Quick -> 1 outlier  was  removed (35.30 μs)
  DistinctValues.HandCoded: Quick  -> 1 outlier  was  removed, 2 outliers were detected (41.90 μs, 42.60 μs)
  DistinctValues.ZLinq: Quick      -> 1 outlier  was  removed (42.91 μs)
  DistinctValues.SystemLinq: Quick -> 1 outlier  was  removed (89.99 μs)
  DistinctValues.LinqAF: Quick     -> 1 outlier  was  removed (258.15 μs)

// * Legends *
  Mean        : Arithmetic mean of all measurements
  Error       : Half of 99.9% confidence interval
  StdDev      : Standard deviation of all measurements
  Ratio       : Mean of the ratio distribution ([Current]/[Baseline])
  RatioSD     : Standard deviation of the ratio distribution ([Current]/[Baseline])
  Gen0        : GC Generation 0 collects per 1000 operations
  Gen1        : GC Generation 1 collects per 1000 operations
  Gen2        : GC Generation 2 collects per 1000 operations
  Allocated   : Allocated memory per single operation (managed only, inclusive, 1KB = 1024B)
  Alloc Ratio : Allocated memory ratio distribution ([Current]/[Baseline])
  1 μs        : 1 Microsecond (0.000001 sec)

// * Diagnostic Output - MemoryDiagnoser *


// ***** BenchmarkRunner: End *****
Run time: 00:00:29 (29.83 sec), executed benchmarks: 6

// Found 6 benchmarks:
//   FilterCount.HandCoded: Quick(MaxRelativeError=0.05, Arguments=/p:MatrixMode=Benchmark, IterationTime=250ms, MaxIterationCount=12, MaxWarmupIterationCount=5, MinIterationCount=8, MinWarmupIterationCount=3)
//   FilterCount.Hyperlinq: Quick(MaxRelativeError=0.05, Arguments=/p:MatrixMode=Benchmark, IterationTime=250ms, MaxIterationCount=12, MaxWarmupIterationCount=5, MinIterationCount=8, MinWarmupIterationCount=3)
//   FilterCount.LinqAF: Quick(MaxRelativeError=0.05, Arguments=/p:MatrixMode=Benchmark, IterationTime=250ms, MaxIterationCount=12, MaxWarmupIterationCount=5, MinIterationCount=8, MinWarmupIterationCount=3)
//   FilterCount.StructLinq: Quick(MaxRelativeError=0.05, Arguments=/p:MatrixMode=Benchmark, IterationTime=250ms, MaxIterationCount=12, MaxWarmupIterationCount=5, MinIterationCount=8, MinWarmupIterationCount=3)
//   FilterCount.SystemLinq: Quick(MaxRelativeError=0.05, Arguments=/p:MatrixMode=Benchmark, IterationTime=250ms, MaxIterationCount=12, MaxWarmupIterationCount=5, MinIterationCount=8, MinWarmupIterationCount=3)
//   FilterCount.ZLinq: Quick(MaxRelativeError=0.05, Arguments=/p:MatrixMode=Benchmark, IterationTime=250ms, MaxIterationCount=12, MaxWarmupIterationCount=5, MinIterationCount=8, MinWarmupIterationCount=3)

// **************************
// Benchmark: FilterCount.HandCoded: Quick(MaxRelativeError=0.05, Arguments=/p:MatrixMode=Benchmark, IterationTime=250ms, MaxIterationCount=12, MaxWarmupIterationCount=5, MinIterationCount=8, MinWarmupIterationCount=3)
// *** Execute ***
// Launch: 1 / 1
// Execute: dotnet Matrix.LinqQueries-Quick-1.dll --anonymousPipes 129 130 --benchmarkName Matrix.LinqQueries.Benchmarks.FilterCount.HandCoded --job Quick --benchmarkId 23 in /home/runner/work/dotnet-matrix/dotnet-matrix/src/Matrix.LinqQueries/bin/Benchmark/Release/net10.0/Matrix.LinqQueries-Quick-1/bin/Release/net10.0
// Failed to set up high priority (Permission denied). In order to run benchmarks with high priority, make sure you have the right permissions.
// BeforeAnythingElse

// Benchmark Process Environment Information:
// BenchmarkDotNet v0.15.8
// Runtime=.NET 10.0.10 (10.0.10, 10.0.1026.32716), X64 RyuJIT x86-64-v3
// GC=Concurrent Workstation
// HardwareIntrinsics=AVX2+BMI1+BMI2+F16C+FMA+LZCNT+MOVBE,AVX,SSE3+SSSE3+SSE4.1+SSE4.2+POPCNT,X86Base+SSE+SSE2,AES+PCLMUL VectorSize=256
// Job: Quick(MaxRelativeError=0.05, IterationTime=250ms, MaxIterationCount=12, MaxWarmupIterationCount=5, MinIterationCount=8, MinWarmupIterationCount=3)

OverheadJitting  1: 1 op, 207794.00 ns, 207.7940 us/op
WorkloadJitting  1: 1 op, 576369.00 ns, 576.3690 us/op

OverheadJitting  2: 16 op, 368625.00 ns, 23.0391 us/op
WorkloadJitting  2: 16 op, 724461.00 ns, 45.2788 us/op

WorkloadPilot    1: 16 op, 364469.00 ns, 22.7793 us/op
WorkloadPilot    2: 10976 op, 189419590.00 ns, 17.2576 us/op
WorkloadPilot    3: 14496 op, 154773154.00 ns, 10.6770 us/op
WorkloadPilot    4: 23424 op, 250088006.00 ns, 10.6766 us/op

OverheadWarmup   1: 23424 op, 72480.00 ns, 3.0943 ns/op
OverheadWarmup   2: 23424 op, 62775.00 ns, 2.6799 ns/op
OverheadWarmup   3: 23424 op, 65739.00 ns, 2.8065 ns/op
OverheadWarmup   4: 23424 op, 61673.00 ns, 2.6329 ns/op
OverheadWarmup   5: 23424 op, 60351.00 ns, 2.5765 ns/op
OverheadWarmup   6: 23424 op, 66470.00 ns, 2.8377 ns/op
OverheadWarmup   7: 23424 op, 62844.00 ns, 2.6829 ns/op

OverheadActual   1: 23424 op, 64787.00 ns, 2.7658 ns/op
OverheadActual   2: 23424 op, 65909.00 ns, 2.8137 ns/op
OverheadActual   3: 23424 op, 60862.00 ns, 2.5983 ns/op
OverheadActual   4: 23424 op, 59770.00 ns, 2.5517 ns/op
OverheadActual   5: 23424 op, 67261.00 ns, 2.8715 ns/op
OverheadActual   6: 23424 op, 60732.00 ns, 2.5927 ns/op
OverheadActual   7: 23424 op, 61563.00 ns, 2.6282 ns/op
OverheadActual   8: 23424 op, 59800.00 ns, 2.5529 ns/op
OverheadActual   9: 23424 op, 76566.00 ns, 3.2687 ns/op
OverheadActual  10: 23424 op, 61953.00 ns, 2.6449 ns/op
OverheadActual  11: 23424 op, 59650.00 ns, 2.5465 ns/op
OverheadActual  12: 23424 op, 59320.00 ns, 2.5324 ns/op

WorkloadWarmup   1: 23424 op, 251302726.00 ns, 10.7284 us/op
WorkloadWarmup   2: 23424 op, 250271972.00 ns, 10.6844 us/op
WorkloadWarmup   3: 23424 op, 250143019.00 ns, 10.6789 us/op
WorkloadWarmup   4: 23424 op, 250502440.00 ns, 10.6943 us/op
WorkloadWarmup   5: 23424 op, 250615891.00 ns, 10.6991 us/op

// BeforeActualRun
WorkloadActual   1: 23424 op, 250459726.00 ns, 10.6924 us/op
WorkloadActual   2: 23424 op, 250323120.00 ns, 10.6866 us/op
WorkloadActual   3: 23424 op, 250199114.00 ns, 10.6813 us/op
WorkloadActual   4: 23424 op, 251290547.00 ns, 10.7279 us/op
WorkloadActual   5: 23424 op, 250228928.00 ns, 10.6826 us/op
WorkloadActual   6: 23424 op, 250319644.00 ns, 10.6865 us/op
WorkloadActual   7: 23424 op, 251721406.00 ns, 10.7463 us/op
WorkloadActual   8: 23424 op, 251607425.00 ns, 10.7414 us/op

// AfterActualRun
WorkloadResult   1: 23424 op, 250398513.50 ns, 10.6898 us/op
WorkloadResult   2: 23424 op, 250261907.50 ns, 10.6840 us/op
WorkloadResult   3: 23424 op, 250137901.50 ns, 10.6787 us/op
WorkloadResult   4: 23424 op, 251229334.50 ns, 10.7253 us/op
WorkloadResult   5: 23424 op, 250167715.50 ns, 10.6800 us/op
WorkloadResult   6: 23424 op, 250258431.50 ns, 10.6838 us/op
WorkloadResult   7: 23424 op, 251660193.50 ns, 10.7437 us/op
WorkloadResult   8: 23424 op, 251546212.50 ns, 10.7388 us/op
// GC:  0 0 0 0 23424
// Threading:  0 0 23424

// AfterAll
// Benchmark Process 3890 has exited with code 0.

Mean = 10.703 μs, StdErr = 0.010 μs (0.09%), N = 8, StdDev = 0.028 μs
Min = 10.679 μs, Q1 = 10.683 μs, Median = 10.687 μs, Q3 = 10.729 μs, Max = 10.744 μs
IQR = 0.046 μs, LowerFence = 10.614 μs, UpperFence = 10.797 μs
ConfidenceInterval = [10.650 μs; 10.756 μs] (CI 99.9%), Margin = 0.053 μs (0.50% of Mean)
Skewness = 0.47, Kurtosis = 1.14, MValue = 2

// ** Remained 70 (74.5 %) benchmark(s) to run. Estimated finish 2026-08-11 9:36 (0h 6m from now) **
// **************************
// Benchmark: FilterCount.Hyperlinq: Quick(MaxRelativeError=0.05, Arguments=/p:MatrixMode=Benchmark, IterationTime=250ms, MaxIterationCount=12, MaxWarmupIterationCount=5, MinIterationCount=8, MinWarmupIterationCount=3)
// *** Execute ***
// Launch: 1 / 1
// Execute: dotnet Matrix.LinqQueries-Quick-1.dll --anonymousPipes 129 130 --benchmarkName Matrix.LinqQueries.Benchmarks.FilterCount.Hyperlinq --job Quick --benchmarkId 24 in /home/runner/work/dotnet-matrix/dotnet-matrix/src/Matrix.LinqQueries/bin/Benchmark/Release/net10.0/Matrix.LinqQueries-Quick-1/bin/Release/net10.0
// Failed to set up high priority (Permission denied). In order to run benchmarks with high priority, make sure you have the right permissions.
// BeforeAnythingElse

// Benchmark Process Environment Information:
// BenchmarkDotNet v0.15.8
// Runtime=.NET 10.0.10 (10.0.10, 10.0.1026.32716), X64 RyuJIT x86-64-v3
// GC=Concurrent Workstation
// HardwareIntrinsics=AVX2+BMI1+BMI2+F16C+FMA+LZCNT+MOVBE,AVX,SSE3+SSSE3+SSE4.1+SSE4.2+POPCNT,X86Base+SSE+SSE2,AES+PCLMUL VectorSize=256
// Job: Quick(MaxRelativeError=0.05, IterationTime=250ms, MaxIterationCount=12, MaxWarmupIterationCount=5, MinIterationCount=8, MinWarmupIterationCount=3)

OverheadJitting  1: 1 op, 209235.00 ns, 209.2350 us/op
WorkloadJitting  1: 1 op, 3646564.00 ns, 3.6466 ms/op

OverheadJitting  2: 16 op, 369096.00 ns, 23.0685 us/op
WorkloadJitting  2: 16 op, 1553261.00 ns, 97.0788 us/op

WorkloadPilot    1: 16 op, 1198486.00 ns, 74.9054 us/op
WorkloadPilot    2: 3344 op, 192449686.00 ns, 57.5507 us/op
WorkloadPilot    3: 4352 op, 63902269.00 ns, 14.6834 us/op
WorkloadPilot    4: 17040 op, 251656699.00 ns, 14.7686 us/op
WorkloadPilot    5: 16928 op, 248783300.00 ns, 14.6966 us/op
WorkloadPilot    6: 17024 op, 251211789.00 ns, 14.7563 us/op
WorkloadPilot    7: 16944 op, 249364866.00 ns, 14.7170 us/op
WorkloadPilot    8: 16992 op, 249680902.00 ns, 14.6940 us/op
WorkloadPilot    9: 17024 op, 250037088.00 ns, 14.6873 us/op

OverheadWarmup   1: 17024 op, 61032.00 ns, 3.5851 ns/op
OverheadWarmup   2: 17024 op, 48823.00 ns, 2.8679 ns/op
OverheadWarmup   3: 17024 op, 49254.00 ns, 2.8932 ns/op
OverheadWarmup   4: 17024 op, 50696.00 ns, 2.9779 ns/op
OverheadWarmup   5: 17024 op, 48823.00 ns, 2.8679 ns/op
OverheadWarmup   6: 17024 op, 48243.00 ns, 2.8338 ns/op
OverheadWarmup   7: 17024 op, 48233.00 ns, 2.8332 ns/op
OverheadWarmup   8: 17024 op, 51528.00 ns, 3.0268 ns/op
OverheadWarmup   9: 17024 op, 48463.00 ns, 2.8467 ns/op

OverheadActual   1: 17024 op, 38298.00 ns, 2.2496 ns/op
OverheadActual   2: 17024 op, 38578.00 ns, 2.2661 ns/op
OverheadActual   3: 17024 op, 41843.00 ns, 2.4579 ns/op
OverheadActual   4: 17024 op, 38338.00 ns, 2.2520 ns/op
OverheadActual   5: 17024 op, 55344.00 ns, 3.2509 ns/op
OverheadActual   6: 17024 op, 38278.00 ns, 2.2485 ns/op
OverheadActual   7: 17024 op, 42585.00 ns, 2.5015 ns/op
OverheadActual   8: 17024 op, 38328.00 ns, 2.2514 ns/op
OverheadActual   9: 17024 op, 38318.00 ns, 2.2508 ns/op
OverheadActual  10: 17024 op, 38297.00 ns, 2.2496 ns/op
OverheadActual  11: 17024 op, 43435.00 ns, 2.5514 ns/op
OverheadActual  12: 17024 op, 38328.00 ns, 2.2514 ns/op

WorkloadWarmup   1: 17024 op, 250264521.00 ns, 14.7007 us/op
WorkloadWarmup   2: 17024 op, 256499766.00 ns, 15.0670 us/op
WorkloadWarmup   3: 17024 op, 250087975.00 ns, 14.6903 us/op
WorkloadWarmup   4: 17024 op, 250098240.00 ns, 14.6909 us/op
WorkloadWarmup   5: 17024 op, 250062717.00 ns, 14.6888 us/op

// BeforeActualRun
WorkloadActual   1: 17024 op, 252686761.00 ns, 14.8430 us/op
WorkloadActual   2: 17024 op, 250982763.00 ns, 14.7429 us/op
WorkloadActual   3: 17024 op, 253043198.00 ns, 14.8639 us/op
WorkloadActual   4: 17024 op, 250063218.00 ns, 14.6889 us/op
WorkloadActual   5: 17024 op, 250027484.00 ns, 14.6868 us/op
WorkloadActual   6: 17024 op, 250298873.00 ns, 14.7027 us/op
WorkloadActual   7: 17024 op, 249922666.00 ns, 14.6806 us/op
WorkloadActual   8: 17024 op, 250227064.00 ns, 14.6985 us/op

// AfterActualRun
WorkloadResult   1: 17024 op, 252648428.00 ns, 14.8407 us/op
WorkloadResult   2: 17024 op, 250944430.00 ns, 14.7406 us/op
WorkloadResult   3: 17024 op, 253004865.00 ns, 14.8617 us/op
WorkloadResult   4: 17024 op, 250024885.00 ns, 14.6866 us/op
WorkloadResult   5: 17024 op, 249989151.00 ns, 14.6845 us/op
WorkloadResult   6: 17024 op, 250260540.00 ns, 14.7005 us/op
WorkloadResult   7: 17024 op, 249884333.00 ns, 14.6784 us/op
WorkloadResult   8: 17024 op, 250188731.00 ns, 14.6962 us/op
// GC:  0 0 0 0 17024
// Threading:  0 0 17024

// AfterAll
// Benchmark Process 3903 has exited with code 0.

Mean = 14.736 μs, StdErr = 0.026 μs (0.18%), N = 8, StdDev = 0.074 μs
Min = 14.678 μs, Q1 = 14.686 μs, Median = 14.698 μs, Q3 = 14.766 μs, Max = 14.862 μs
IQR = 0.080 μs, LowerFence = 14.567 μs, UpperFence = 14.885 μs
ConfidenceInterval = [14.595 μs; 14.877 μs] (CI 99.9%), Margin = 0.141 μs (0.96% of Mean)
Skewness = 0.8, Kurtosis = 1.68, MValue = 2

// ** Remained 69 (73.4 %) benchmark(s) to run. Estimated finish 2026-08-11 9:36 (0h 6m from now) **
// **************************
// Benchmark: FilterCount.LinqAF: Quick(MaxRelativeError=0.05, Arguments=/p:MatrixMode=Benchmark, IterationTime=250ms, MaxIterationCount=12, MaxWarmupIterationCount=5, MinIterationCount=8, MinWarmupIterationCount=3)
// *** Execute ***
// Launch: 1 / 1
// Execute: dotnet Matrix.LinqQueries-Quick-1.dll --anonymousPipes 129 130 --benchmarkName Matrix.LinqQueries.Benchmarks.FilterCount.LinqAF --job Quick --benchmarkId 25 in /home/runner/work/dotnet-matrix/dotnet-matrix/src/Matrix.LinqQueries/bin/Benchmark/Release/net10.0/Matrix.LinqQueries-Quick-1/bin/Release/net10.0
// Failed to set up high priority (Permission denied). In order to run benchmarks with high priority, make sure you have the right permissions.
// BeforeAnythingElse

// Benchmark Process Environment Information:
// BenchmarkDotNet v0.15.8
// Runtime=.NET 10.0.10 (10.0.10, 10.0.1026.32716), X64 RyuJIT x86-64-v3
// GC=Concurrent Workstation
// HardwareIntrinsics=AVX2+BMI1+BMI2+F16C+FMA+LZCNT+MOVBE,AVX,SSE3+SSSE3+SSE4.1+SSE4.2+POPCNT,X86Base+SSE+SSE2,AES+PCLMUL VectorSize=256
// Job: Quick(MaxRelativeError=0.05, IterationTime=250ms, MaxIterationCount=12, MaxWarmupIterationCount=5, MinIterationCount=8, MinWarmupIterationCount=3)

OverheadJitting  1: 1 op, 213892.00 ns, 213.8920 us/op
WorkloadJitting  1: 1 op, 83813611.00 ns, 83.8136 ms/op

WorkloadPilot    1: 4 op, 1675575.00 ns, 418.8938 us/op
WorkloadPilot    2: 597 op, 74831687.00 ns, 125.3462 us/op
WorkloadPilot    3: 1994 op, 131741289.00 ns, 66.0689 us/op
WorkloadPilot    4: 3784 op, 42641743.00 ns, 11.2690 us/op
WorkloadPilot    5: 22185 op, 249954764.00 ns, 11.2668 us/op
WorkloadPilot    6: 22189 op, 249539043.00 ns, 11.2461 us/op
WorkloadPilot    7: 22230 op, 250231772.00 ns, 11.2565 us/op
WorkloadPilot    8: 22209 op, 249790637.00 ns, 11.2473 us/op
WorkloadPilot    9: 22228 op, 250026432.00 ns, 11.2483 us/op
WorkloadPilot   10: 22226 op, 250002166.00 ns, 11.2482 us/op

WorkloadWarmup   1: 22226 op, 250310080.00 ns, 11.2620 us/op
WorkloadWarmup   2: 22226 op, 250778646.00 ns, 11.2831 us/op
WorkloadWarmup   3: 22226 op, 250062257.00 ns, 11.2509 us/op
WorkloadWarmup   4: 22226 op, 249951299.00 ns, 11.2459 us/op
WorkloadWarmup   5: 22226 op, 250084610.00 ns, 11.2519 us/op

// BeforeActualRun
WorkloadActual   1: 22226 op, 249938911.00 ns, 11.2453 us/op
WorkloadActual   2: 22226 op, 249626650.00 ns, 11.2313 us/op
WorkloadActual   3: 22226 op, 249975806.00 ns, 11.2470 us/op
WorkloadActual   4: 22226 op, 250651056.00 ns, 11.2774 us/op
WorkloadActual   5: 22226 op, 249900194.00 ns, 11.2436 us/op
WorkloadActual   6: 22226 op, 250190191.00 ns, 11.2566 us/op
WorkloadActual   7: 22226 op, 252458909.00 ns, 11.3587 us/op
WorkloadActual   8: 22226 op, 260534516.00 ns, 11.7221 us/op

// AfterActualRun
WorkloadResult   1: 22226 op, 249938911.00 ns, 11.2453 us/op
WorkloadResult   2: 22226 op, 249626650.00 ns, 11.2313 us/op
WorkloadResult   3: 22226 op, 249975806.00 ns, 11.2470 us/op
WorkloadResult   4: 22226 op, 250651056.00 ns, 11.2774 us/op
WorkloadResult   5: 22226 op, 249900194.00 ns, 11.2436 us/op
WorkloadResult   6: 22226 op, 250190191.00 ns, 11.2566 us/op
WorkloadResult   7: 22226 op, 252458909.00 ns, 11.3587 us/op
// GC:  0 0 0 0 22226
// Threading:  0 0 22226

// AfterAll
// Benchmark Process 3912 has exited with code 0.

Mean = 11.266 μs, StdErr = 0.016 μs (0.15%), N = 7, StdDev = 0.043 μs
Min = 11.231 μs, Q1 = 11.244 μs, Median = 11.247 μs, Q3 = 11.267 μs, Max = 11.359 μs
IQR = 0.023 μs, LowerFence = 11.211 μs, UpperFence = 11.301 μs
ConfidenceInterval = [11.168 μs; 11.363 μs] (CI 99.9%), Margin = 0.098 μs (0.87% of Mean)
Skewness = 1.29, Kurtosis = 3.09, MValue = 2

// ** Remained 68 (72.3 %) benchmark(s) to run. Estimated finish 2026-08-11 9:36 (0h 6m from now) **
// **************************
// Benchmark: FilterCount.StructLinq: Quick(MaxRelativeError=0.05, Arguments=/p:MatrixMode=Benchmark, IterationTime=250ms, MaxIterationCount=12, MaxWarmupIterationCount=5, MinIterationCount=8, MinWarmupIterationCount=3)
// *** Execute ***
// Launch: 1 / 1
// Execute: dotnet Matrix.LinqQueries-Quick-1.dll --anonymousPipes 129 130 --benchmarkName Matrix.LinqQueries.Benchmarks.FilterCount.StructLinq --job Quick --benchmarkId 26 in /home/runner/work/dotnet-matrix/dotnet-matrix/src/Matrix.LinqQueries/bin/Benchmark/Release/net10.0/Matrix.LinqQueries-Quick-1/bin/Release/net10.0
// Failed to set up high priority (Permission denied). In order to run benchmarks with high priority, make sure you have the right permissions.
// BeforeAnythingElse

// Benchmark Process Environment Information:
// BenchmarkDotNet v0.15.8
// Runtime=.NET 10.0.10 (10.0.10, 10.0.1026.32716), X64 RyuJIT x86-64-v3
// GC=Concurrent Workstation
// HardwareIntrinsics=AVX2+BMI1+BMI2+F16C+FMA+LZCNT+MOVBE,AVX,SSE3+SSSE3+SSE4.1+SSE4.2+POPCNT,X86Base+SSE+SSE2,AES+PCLMUL VectorSize=256
// Job: Quick(MaxRelativeError=0.05, IterationTime=250ms, MaxIterationCount=12, MaxWarmupIterationCount=5, MinIterationCount=8, MinWarmupIterationCount=3)

OverheadJitting  1: 1 op, 232500.00 ns, 232.5000 us/op
WorkloadJitting  1: 1 op, 3792605.00 ns, 3.7926 ms/op

OverheadJitting  2: 16 op, 377539.00 ns, 23.5962 us/op
WorkloadJitting  2: 16 op, 1096372.00 ns, 68.5233 us/op

WorkloadPilot    1: 16 op, 671642.00 ns, 41.9776 us/op
WorkloadPilot    2: 5968 op, 195206158.00 ns, 32.7088 us/op
WorkloadPilot    3: 7648 op, 96179320.00 ns, 12.5757 us/op
WorkloadPilot    4: 19888 op, 250573518.00 ns, 12.5992 us/op
WorkloadPilot    5: 19856 op, 249295323.00 ns, 12.5552 us/op
WorkloadPilot    6: 19920 op, 251147794.00 ns, 12.6078 us/op
WorkloadPilot    7: 19840 op, 249034880.00 ns, 12.5522 us/op
WorkloadPilot    8: 19920 op, 250254127.00 ns, 12.5630 us/op

OverheadWarmup   1: 19920 op, 53631.00 ns, 2.6923 ns/op
OverheadWarmup   2: 19920 op, 44747.00 ns, 2.2463 ns/op
OverheadWarmup   3: 19920 op, 44658.00 ns, 2.2419 ns/op
OverheadWarmup   4: 19920 op, 50166.00 ns, 2.5184 ns/op
OverheadWarmup   5: 19920 op, 58458.00 ns, 2.9346 ns/op
OverheadWarmup   6: 19920 op, 44627.00 ns, 2.2403 ns/op
OverheadWarmup   7: 19920 op, 48152.00 ns, 2.4173 ns/op
OverheadWarmup   8: 19920 op, 44677.00 ns, 2.2428 ns/op

OverheadActual   1: 19920 op, 44738.00 ns, 2.2459 ns/op
OverheadActual   2: 19920 op, 46380.00 ns, 2.3283 ns/op
OverheadActual   3: 19920 op, 44848.00 ns, 2.2514 ns/op
OverheadActual   4: 19920 op, 44737.00 ns, 2.2458 ns/op
OverheadActual   5: 19920 op, 44717.00 ns, 2.2448 ns/op
OverheadActual   6: 19920 op, 51077.00 ns, 2.5641 ns/op
OverheadActual   7: 19920 op, 44637.00 ns, 2.2408 ns/op
OverheadActual   8: 19920 op, 44677.00 ns, 2.2428 ns/op

WorkloadWarmup   1: 19920 op, 251343789.00 ns, 12.6177 us/op
WorkloadWarmup   2: 19920 op, 250051092.00 ns, 12.5528 us/op
WorkloadWarmup   3: 19920 op, 249960755.00 ns, 12.5482 us/op
WorkloadWarmup   4: 19920 op, 251095024.00 ns, 12.6052 us/op
WorkloadWarmup   5: 19920 op, 270780403.00 ns, 13.5934 us/op

// BeforeActualRun
WorkloadActual   1: 19920 op, 252388513.00 ns, 12.6701 us/op
WorkloadActual   2: 19920 op, 252301892.00 ns, 12.6658 us/op
WorkloadActual   3: 19920 op, 273350325.00 ns, 13.7224 us/op
WorkloadActual   4: 19920 op, 253109860.00 ns, 12.7063 us/op
WorkloadActual   5: 19920 op, 250628792.00 ns, 12.5818 us/op
WorkloadActual   6: 19920 op, 271252334.00 ns, 13.6171 us/op
WorkloadActual   7: 19920 op, 250709403.00 ns, 12.5858 us/op
WorkloadActual   8: 19920 op, 254957910.00 ns, 12.7991 us/op
WorkloadActual   9: 19920 op, 250369531.00 ns, 12.5688 us/op

// AfterActualRun
WorkloadResult   1: 19920 op, 252343775.50 ns, 12.6679 us/op
WorkloadResult   2: 19920 op, 252257154.50 ns, 12.6635 us/op
WorkloadResult   3: 19920 op, 253065122.50 ns, 12.7041 us/op
WorkloadResult   4: 19920 op, 250584054.50 ns, 12.5795 us/op
WorkloadResult   5: 19920 op, 250664665.50 ns, 12.5836 us/op
WorkloadResult   6: 19920 op, 254913172.50 ns, 12.7968 us/op
WorkloadResult   7: 19920 op, 250324793.50 ns, 12.5665 us/op
// GC:  0 0 0 1274880 19920
// Threading:  0 0 19920

// AfterAll
// Benchmark Process 3924 has exited with code 0.

Mean = 12.652 μs, StdErr = 0.031 μs (0.25%), N = 7, StdDev = 0.083 μs
Min = 12.567 μs, Q1 = 12.582 μs, Median = 12.664 μs, Q3 = 12.686 μs, Max = 12.797 μs
IQR = 0.104 μs, LowerFence = 12.425 μs, UpperFence = 12.843 μs
ConfidenceInterval = [12.465 μs; 12.839 μs] (CI 99.9%), Margin = 0.187 μs (1.48% of Mean)
Skewness = 0.47, Kurtosis = 1.67, MValue = 2

// ** Remained 67 (71.3 %) benchmark(s) to run. Estimated finish 2026-08-11 9:36 (0h 5m from now) **
// **************************
// Benchmark: FilterCount.SystemLinq: Quick(MaxRelativeError=0.05, Arguments=/p:MatrixMode=Benchmark, IterationTime=250ms, MaxIterationCount=12, MaxWarmupIterationCount=5, MinIterationCount=8, MinWarmupIterationCount=3)
// *** Execute ***
// Launch: 1 / 1
// Execute: dotnet Matrix.LinqQueries-Quick-1.dll --anonymousPipes 129 130 --benchmarkName Matrix.LinqQueries.Benchmarks.FilterCount.SystemLinq --job Quick --benchmarkId 27 in /home/runner/work/dotnet-matrix/dotnet-matrix/src/Matrix.LinqQueries/bin/Benchmark/Release/net10.0/Matrix.LinqQueries-Quick-1/bin/Release/net10.0
// Failed to set up high priority (Permission denied). In order to run benchmarks with high priority, make sure you have the right permissions.
// BeforeAnythingElse

// Benchmark Process Environment Information:
// BenchmarkDotNet v0.15.8
// Runtime=.NET 10.0.10 (10.0.10, 10.0.1026.32716), X64 RyuJIT x86-64-v3
// GC=Concurrent Workstation
// HardwareIntrinsics=AVX2+BMI1+BMI2+F16C+FMA+LZCNT+MOVBE,AVX,SSE3+SSSE3+SSE4.1+SSE4.2+POPCNT,X86Base+SSE+SSE2,AES+PCLMUL VectorSize=256
// Job: Quick(MaxRelativeError=0.05, IterationTime=250ms, MaxIterationCount=12, MaxWarmupIterationCount=5, MinIterationCount=8, MinWarmupIterationCount=3)

OverheadJitting  1: 1 op, 208755.00 ns, 208.7550 us/op
WorkloadJitting  1: 1 op, 1530616.00 ns, 1.5306 ms/op

OverheadJitting  2: 16 op, 359241.00 ns, 22.4526 us/op
WorkloadJitting  2: 16 op, 1096833.00 ns, 68.5521 us/op

WorkloadPilot    1: 16 op, 696620.00 ns, 43.5388 us/op
WorkloadPilot    2: 5744 op, 197327991.00 ns, 34.3538 us/op
WorkloadPilot    3: 7280 op, 74237961.00 ns, 10.1975 us/op
WorkloadPilot    4: 24528 op, 250419096.00 ns, 10.2095 us/op
WorkloadPilot    5: 24496 op, 249225337.00 ns, 10.1741 us/op
WorkloadPilot    6: 24576 op, 253585834.00 ns, 10.3184 us/op
WorkloadPilot    7: 24240 op, 247151809.00 ns, 10.1960 us/op
WorkloadPilot    8: 24528 op, 249724045.00 ns, 10.1812 us/op
WorkloadPilot    9: 24560 op, 254304767.00 ns, 10.3544 us/op

OverheadWarmup   1: 24560 op, 68874.00 ns, 2.8043 ns/op
OverheadWarmup   2: 24560 op, 70336.00 ns, 2.8638 ns/op
OverheadWarmup   3: 24560 op, 58298.00 ns, 2.3737 ns/op
OverheadWarmup   4: 24560 op, 55153.00 ns, 2.2456 ns/op
OverheadWarmup   5: 24560 op, 54993.00 ns, 2.2391 ns/op
OverheadWarmup   6: 24560 op, 61172.00 ns, 2.4907 ns/op
OverheadWarmup   7: 24560 op, 55093.00 ns, 2.2432 ns/op

OverheadActual   1: 24560 op, 55093.00 ns, 2.2432 ns/op
OverheadActual   2: 24560 op, 64598.00 ns, 2.6302 ns/op
OverheadActual   3: 24560 op, 55103.00 ns, 2.2436 ns/op
OverheadActual   4: 24560 op, 58839.00 ns, 2.3957 ns/op
OverheadActual   5: 24560 op, 55043.00 ns, 2.2412 ns/op
OverheadActual   6: 24560 op, 76926.00 ns, 3.1322 ns/op
OverheadActual   7: 24560 op, 61243.00 ns, 2.4936 ns/op
OverheadActual   8: 24560 op, 54933.00 ns, 2.2367 ns/op
OverheadActual   9: 24560 op, 54923.00 ns, 2.2363 ns/op
OverheadActual  10: 24560 op, 63886.00 ns, 2.6012 ns/op
OverheadActual  11: 24560 op, 55013.00 ns, 2.2399 ns/op
OverheadActual  12: 24560 op, 58308.00 ns, 2.3741 ns/op

WorkloadWarmup   1: 24560 op, 251510838.00 ns, 10.2407 us/op
WorkloadWarmup   2: 24560 op, 251493601.00 ns, 10.2400 us/op
WorkloadWarmup   3: 24560 op, 254337487.00 ns, 10.3558 us/op
WorkloadWarmup   4: 24560 op, 250779095.00 ns, 10.2109 us/op
WorkloadWarmup   5: 24560 op, 249963165.00 ns, 10.1777 us/op

// BeforeActualRun
WorkloadActual   1: 24560 op, 251444467.00 ns, 10.2380 us/op
WorkloadActual   2: 24560 op, 250013271.00 ns, 10.1797 us/op
WorkloadActual   3: 24560 op, 250492794.00 ns, 10.1992 us/op
WorkloadActual   4: 24560 op, 250132741.00 ns, 10.1846 us/op
WorkloadActual   5: 24560 op, 250091649.00 ns, 10.1829 us/op
WorkloadActual   6: 24560 op, 250272372.00 ns, 10.1902 us/op
WorkloadActual   7: 24560 op, 249971818.00 ns, 10.1780 us/op
WorkloadActual   8: 24560 op, 249896185.00 ns, 10.1749 us/op

// AfterActualRun
WorkloadResult   1: 24560 op, 249956565.50 ns, 10.1774 us/op
WorkloadResult   2: 24560 op, 250436088.50 ns, 10.1969 us/op
WorkloadResult   3: 24560 op, 250076035.50 ns, 10.1822 us/op
WorkloadResult   4: 24560 op, 250034943.50 ns, 10.1806 us/op
WorkloadResult   5: 24560 op, 250215666.50 ns, 10.1879 us/op
WorkloadResult   6: 24560 op, 249915112.50 ns, 10.1757 us/op
WorkloadResult   7: 24560 op, 249839479.50 ns, 10.1726 us/op
// GC:  0 0 0 1178880 24560
// Threading:  0 0 24560

// AfterAll
// Benchmark Process 3935 has exited with code 0.

Mean = 10.182 μs, StdErr = 0.003 μs (0.03%), N = 7, StdDev = 0.008 μs
Min = 10.173 μs, Q1 = 10.177 μs, Median = 10.181 μs, Q3 = 10.185 μs, Max = 10.197 μs
IQR = 0.009 μs, LowerFence = 10.164 μs, UpperFence = 10.198 μs
ConfidenceInterval = [10.163 μs; 10.200 μs] (CI 99.9%), Margin = 0.019 μs (0.18% of Mean)
Skewness = 0.62, Kurtosis = 1.89, MValue = 2

// ** Remained 66 (70.2 %) benchmark(s) to run. Estimated finish 2026-08-11 9:36 (0h 5m from now) **
// **************************
// Benchmark: FilterCount.ZLinq: Quick(MaxRelativeError=0.05, Arguments=/p:MatrixMode=Benchmark, IterationTime=250ms, MaxIterationCount=12, MaxWarmupIterationCount=5, MinIterationCount=8, MinWarmupIterationCount=3)
// *** Execute ***
// Launch: 1 / 1
// Execute: dotnet Matrix.LinqQueries-Quick-1.dll --anonymousPipes 129 130 --benchmarkName Matrix.LinqQueries.Benchmarks.FilterCount.ZLinq --job Quick --benchmarkId 28 in /home/runner/work/dotnet-matrix/dotnet-matrix/src/Matrix.LinqQueries/bin/Benchmark/Release/net10.0/Matrix.LinqQueries-Quick-1/bin/Release/net10.0
// Failed to set up high priority (Permission denied). In order to run benchmarks with high priority, make sure you have the right permissions.
// BeforeAnythingElse

// Benchmark Process Environment Information:
// BenchmarkDotNet v0.15.8
// Runtime=.NET 10.0.10 (10.0.10, 10.0.1026.32716), X64 RyuJIT x86-64-v3
// GC=Concurrent Workstation
// HardwareIntrinsics=AVX2+BMI1+BMI2+F16C+FMA+LZCNT+MOVBE,AVX,SSE3+SSSE3+SSE4.1+SSE4.2+POPCNT,X86Base+SSE+SSE2,AES+PCLMUL VectorSize=256
// Job: Quick(MaxRelativeError=0.05, IterationTime=250ms, MaxIterationCount=12, MaxWarmupIterationCount=5, MinIterationCount=8, MinWarmupIterationCount=3)

OverheadJitting  1: 1 op, 220512.00 ns, 220.5120 us/op
WorkloadJitting  1: 1 op, 2781130.00 ns, 2.7811 ms/op

OverheadJitting  2: 16 op, 351690.00 ns, 21.9806 us/op
WorkloadJitting  2: 16 op, 1065475.00 ns, 66.5922 us/op

WorkloadPilot    1: 16 op, 730921.00 ns, 45.6826 us/op
WorkloadPilot    2: 5488 op, 194145239.00 ns, 35.3763 us/op
WorkloadPilot    3: 7072 op, 77467759.00 ns, 10.9542 us/op
WorkloadPilot    4: 22832 op, 251043233.00 ns, 10.9952 us/op
WorkloadPilot    5: 22752 op, 250156296.00 ns, 10.9949 us/op

OverheadWarmup   1: 22752 op, 71568.00 ns, 3.1456 ns/op
OverheadWarmup   2: 22752 op, 62574.00 ns, 2.7503 ns/op
OverheadWarmup   3: 22752 op, 63916.00 ns, 2.8092 ns/op
OverheadWarmup   4: 22752 op, 62805.00 ns, 2.7604 ns/op
OverheadWarmup   5: 22752 op, 62965.00 ns, 2.7674 ns/op
OverheadWarmup   6: 22752 op, 64928.00 ns, 2.8537 ns/op
OverheadWarmup   7: 22752 op, 80041.00 ns, 3.5180 ns/op
OverheadWarmup   8: 22752 op, 62064.00 ns, 2.7278 ns/op

OverheadActual   1: 22752 op, 70276.00 ns, 3.0888 ns/op
OverheadActual   2: 22752 op, 64908.00 ns, 2.8528 ns/op
OverheadActual   3: 22752 op, 63346.00 ns, 2.7842 ns/op
OverheadActual   4: 22752 op, 63897.00 ns, 2.8084 ns/op
OverheadActual   5: 22752 op, 59620.00 ns, 2.6204 ns/op
OverheadActual   6: 22752 op, 58839.00 ns, 2.5861 ns/op
OverheadActual   7: 22752 op, 63866.00 ns, 2.8070 ns/op
OverheadActual   8: 22752 op, 59349.00 ns, 2.6085 ns/op
OverheadActual   9: 22752 op, 59490.00 ns, 2.6147 ns/op
OverheadActual  10: 22752 op, 64367.00 ns, 2.8291 ns/op
OverheadActual  11: 22752 op, 58698.00 ns, 2.5799 ns/op
OverheadActual  12: 22752 op, 58609.00 ns, 2.5760 ns/op

WorkloadWarmup   1: 22752 op, 260890741.00 ns, 11.4667 us/op
WorkloadWarmup   2: 22752 op, 249732378.00 ns, 10.9763 us/op
WorkloadWarmup   3: 22752 op, 249361199.00 ns, 10.9600 us/op
WorkloadWarmup   4: 22752 op, 249724626.00 ns, 10.9759 us/op
WorkloadWarmup   5: 22752 op, 249568962.00 ns, 10.9691 us/op

// BeforeActualRun
WorkloadActual   1: 22752 op, 249690685.00 ns, 10.9744 us/op
WorkloadActual   2: 22752 op, 249713609.00 ns, 10.9755 us/op
WorkloadActual   3: 22752 op, 249810015.00 ns, 10.9797 us/op
WorkloadActual   4: 22752 op, 249717585.00 ns, 10.9756 us/op
WorkloadActual   5: 22752 op, 250054193.00 ns, 10.9904 us/op
WorkloadActual   6: 22752 op, 250577121.00 ns, 11.0134 us/op
WorkloadActual   7: 22752 op, 249645046.00 ns, 10.9724 us/op
WorkloadActual   8: 22752 op, 249792308.00 ns, 10.9789 us/op

// AfterActualRun
WorkloadResult   1: 22752 op, 249629202.00 ns, 10.9717 us/op
WorkloadResult   2: 22752 op, 249652126.00 ns, 10.9728 us/op
WorkloadResult   3: 22752 op, 249748532.00 ns, 10.9770 us/op
WorkloadResult   4: 22752 op, 249656102.00 ns, 10.9729 us/op
WorkloadResult   5: 22752 op, 249992710.00 ns, 10.9877 us/op
WorkloadResult   6: 22752 op, 249583563.00 ns, 10.9697 us/op
WorkloadResult   7: 22752 op, 249730825.00 ns, 10.9762 us/op
// GC:  0 0 0 0 22752
// Threading:  0 0 22752

// AfterAll
// Benchmark Process 3945 has exited with code 0.

Mean = 10.975 μs, StdErr = 0.002 μs (0.02%), N = 7, StdDev = 0.006 μs
Min = 10.970 μs, Q1 = 10.972 μs, Median = 10.973 μs, Q3 = 10.977 μs, Max = 10.988 μs
IQR = 0.004 μs, LowerFence = 10.966 μs, UpperFence = 10.983 μs
ConfidenceInterval = [10.962 μs; 10.989 μs] (CI 99.9%), Margin = 0.013 μs (0.12% of Mean)
Skewness = 1.07, Kurtosis = 2.72, MValue = 2

// ** Remained 65 (69.1 %) benchmark(s) to run. Estimated finish 2026-08-11 9:36 (0h 5m from now) **
// ***** BenchmarkRunner: Finish  *****

// * Export *
  tmp/dotnet-matrix/LinqQueries/4112bfa66d854e1a9cc414e42f130abf/results/Matrix.LinqQueries.Benchmarks.FilterCount-report.csv
  tmp/dotnet-matrix/LinqQueries/4112bfa66d854e1a9cc414e42f130abf/results/Matrix.LinqQueries.Benchmarks.FilterCount-report-github.md
  tmp/dotnet-matrix/LinqQueries/4112bfa66d854e1a9cc414e42f130abf/results/Matrix.LinqQueries.Benchmarks.FilterCount-report.html
  tmp/dotnet-matrix/LinqQueries/4112bfa66d854e1a9cc414e42f130abf/results/Matrix.LinqQueries.Benchmarks.FilterCount-report-full.json

// * Detailed results *
FilterCount.SystemLinq: Quick(MaxRelativeError=0.05, Arguments=/p:MatrixMode=Benchmark, IterationTime=250ms, MaxIterationCount=12, MaxWarmupIterationCount=5, MinIterationCount=8, MinWarmupIterationCount=3)
Runtime = .NET 10.0.10 (10.0.10, 10.0.1026.32716), X64 RyuJIT x86-64-v3; GC = Concurrent Workstation
Mean = 10.182 μs, StdErr = 0.003 μs (0.03%), N = 7, StdDev = 0.008 μs
Min = 10.173 μs, Q1 = 10.177 μs, Median = 10.181 μs, Q3 = 10.185 μs, Max = 10.197 μs
IQR = 0.009 μs, LowerFence = 10.164 μs, UpperFence = 10.198 μs
ConfidenceInterval = [10.163 μs; 10.200 μs] (CI 99.9%), Margin = 0.019 μs (0.18% of Mean)
Skewness = 0.62, Kurtosis = 1.89, MValue = 2
-------------------- Histogram --------------------
[10.167 μs ; 10.203 μs) | @@@@@@@
---------------------------------------------------

FilterCount.HandCoded: Quick(MaxRelativeError=0.05, Arguments=/p:MatrixMode=Benchmark, IterationTime=250ms, MaxIterationCount=12, MaxWarmupIterationCount=5, MinIterationCount=8, MinWarmupIterationCount=3)
Runtime = .NET 10.0.10 (10.0.10, 10.0.1026.32716), X64 RyuJIT x86-64-v3; GC = Concurrent Workstation
Mean = 10.703 μs, StdErr = 0.010 μs (0.09%), N = 8, StdDev = 0.028 μs
Min = 10.679 μs, Q1 = 10.683 μs, Median = 10.687 μs, Q3 = 10.729 μs, Max = 10.744 μs
IQR = 0.046 μs, LowerFence = 10.614 μs, UpperFence = 10.797 μs
ConfidenceInterval = [10.650 μs; 10.756 μs] (CI 99.9%), Margin = 0.053 μs (0.50% of Mean)
Skewness = 0.47, Kurtosis = 1.14, MValue = 2
-------------------- Histogram --------------------
[10.660 μs ; 10.762 μs) | @@@@@@@@
---------------------------------------------------

FilterCount.ZLinq: Quick(MaxRelativeError=0.05, Arguments=/p:MatrixMode=Benchmark, IterationTime=250ms, MaxIterationCount=12, MaxWarmupIterationCount=5, MinIterationCount=8, MinWarmupIterationCount=3)
Runtime = .NET 10.0.10 (10.0.10, 10.0.1026.32716), X64 RyuJIT x86-64-v3; GC = Concurrent Workstation
Mean = 10.975 μs, StdErr = 0.002 μs (0.02%), N = 7, StdDev = 0.006 μs
Min = 10.970 μs, Q1 = 10.972 μs, Median = 10.973 μs, Q3 = 10.977 μs, Max = 10.988 μs
IQR = 0.004 μs, LowerFence = 10.966 μs, UpperFence = 10.983 μs
ConfidenceInterval = [10.962 μs; 10.989 μs] (CI 99.9%), Margin = 0.013 μs (0.12% of Mean)
Skewness = 1.07, Kurtosis = 2.72, MValue = 2
-------------------- Histogram --------------------
[10.966 μs ; 10.992 μs) | @@@@@@@
---------------------------------------------------

FilterCount.LinqAF: Quick(MaxRelativeError=0.05, Arguments=/p:MatrixMode=Benchmark, IterationTime=250ms, MaxIterationCount=12, MaxWarmupIterationCount=5, MinIterationCount=8, MinWarmupIterationCount=3)
Runtime = .NET 10.0.10 (10.0.10, 10.0.1026.32716), X64 RyuJIT x86-64-v3; GC = Concurrent Workstation
Mean = 11.266 μs, StdErr = 0.016 μs (0.15%), N = 7, StdDev = 0.043 μs
Min = 11.231 μs, Q1 = 11.244 μs, Median = 11.247 μs, Q3 = 11.267 μs, Max = 11.359 μs
IQR = 0.023 μs, LowerFence = 11.211 μs, UpperFence = 11.301 μs
ConfidenceInterval = [11.168 μs; 11.363 μs] (CI 99.9%), Margin = 0.098 μs (0.87% of Mean)
Skewness = 1.29, Kurtosis = 3.09, MValue = 2
-------------------- Histogram --------------------
[11.202 μs ; 11.389 μs) | @@@@@@@
---------------------------------------------------

FilterCount.StructLinq: Quick(MaxRelativeError=0.05, Arguments=/p:MatrixMode=Benchmark, IterationTime=250ms, MaxIterationCount=12, MaxWarmupIterationCount=5, MinIterationCount=8, MinWarmupIterationCount=3)
Runtime = .NET 10.0.10 (10.0.10, 10.0.1026.32716), X64 RyuJIT x86-64-v3; GC = Concurrent Workstation
Mean = 12.652 μs, StdErr = 0.031 μs (0.25%), N = 7, StdDev = 0.083 μs
Min = 12.567 μs, Q1 = 12.582 μs, Median = 12.664 μs, Q3 = 12.686 μs, Max = 12.797 μs
IQR = 0.104 μs, LowerFence = 12.425 μs, UpperFence = 12.843 μs
ConfidenceInterval = [12.465 μs; 12.839 μs] (CI 99.9%), Margin = 0.187 μs (1.48% of Mean)
Skewness = 0.47, Kurtosis = 1.67, MValue = 2
-------------------- Histogram --------------------
[12.510 μs ; 12.854 μs) | @@@@@@@
---------------------------------------------------

FilterCount.Hyperlinq: Quick(MaxRelativeError=0.05, Arguments=/p:MatrixMode=Benchmark, IterationTime=250ms, MaxIterationCount=12, MaxWarmupIterationCount=5, MinIterationCount=8, MinWarmupIterationCount=3)
Runtime = .NET 10.0.10 (10.0.10, 10.0.1026.32716), X64 RyuJIT x86-64-v3; GC = Concurrent Workstation
Mean = 14.736 μs, StdErr = 0.026 μs (0.18%), N = 8, StdDev = 0.074 μs
Min = 14.678 μs, Q1 = 14.686 μs, Median = 14.698 μs, Q3 = 14.766 μs, Max = 14.862 μs
IQR = 0.080 μs, LowerFence = 14.567 μs, UpperFence = 14.885 μs
ConfidenceInterval = [14.595 μs; 14.877 μs] (CI 99.9%), Margin = 0.141 μs (0.96% of Mean)
Skewness = 0.8, Kurtosis = 1.68, MValue = 2
-------------------- Histogram --------------------
[14.630 μs ; 14.910 μs) | @@@@@@@@
---------------------------------------------------

// * Summary *

BenchmarkDotNet v0.15.8, Linux Ubuntu 24.04.4 LTS (Noble Numbat)
AMD EPYC 9V74 2.60GHz, 1 CPU, 4 logical and 2 physical cores
.NET SDK 10.0.302
  [Host] : .NET 10.0.10 (10.0.10, 10.0.1026.32716), X64 RyuJIT x86-64-v3
  Quick  : .NET 10.0.10 (10.0.10, 10.0.1026.32716), X64 RyuJIT x86-64-v3

Job=Quick  MaxRelativeError=0.05  Arguments=/p:MatrixMode=Benchmark  
IterationTime=250ms  MaxIterationCount=12  MaxWarmupIterationCount=5  
MinIterationCount=8  MinWarmupIterationCount=3  

| Method     | Mean     | Error    | StdDev   | Ratio | Allocated | Alloc Ratio |
|----------- |---------:|---------:|---------:|------:|----------:|------------:|
| SystemLinq | 10.18 μs | 0.019 μs | 0.008 μs |  0.95 |      48 B |          NA |
| HandCoded  | 10.70 μs | 0.053 μs | 0.028 μs |  1.00 |         - |          NA |
| ZLinq      | 10.98 μs | 0.013 μs | 0.006 μs |  1.03 |         - |          NA |
| LinqAF     | 11.27 μs | 0.098 μs | 0.043 μs |  1.05 |         - |          NA |
| StructLinq | 12.65 μs | 0.187 μs | 0.083 μs |  1.18 |      64 B |          NA |
| Hyperlinq  | 14.74 μs | 0.141 μs | 0.074 μs |  1.38 |         - |          NA |

// * Hints *
Outliers
  FilterCount.SystemLinq: Quick -> 1 outlier  was  removed (10.24 μs)
  FilterCount.ZLinq: Quick      -> 1 outlier  was  removed (11.01 μs)
  FilterCount.LinqAF: Quick     -> 1 outlier  was  removed (11.72 μs)
  FilterCount.StructLinq: Quick -> 2 outliers were removed (13.62 μs, 13.72 μs)

// * Legends *
  Mean        : Arithmetic mean of all measurements
  Error       : Half of 99.9% confidence interval
  StdDev      : Standard deviation of all measurements
  Ratio       : Mean of the ratio distribution ([Current]/[Baseline])
  Allocated   : Allocated memory per single operation (managed only, inclusive, 1KB = 1024B)
  Alloc Ratio : Allocated memory ratio distribution ([Current]/[Baseline])
  1 μs        : 1 Microsecond (0.000001 sec)

// * Diagnostic Output - MemoryDiagnoser *


// ***** BenchmarkRunner: End *****
Run time: 00:00:31 (31.02 sec), executed benchmarks: 6

// Found 6 benchmarks:
//   FilterProjectToList.HandCoded: Quick(MaxRelativeError=0.05, Arguments=/p:MatrixMode=Benchmark, IterationTime=250ms, MaxIterationCount=12, MaxWarmupIterationCount=5, MinIterationCount=8, MinWarmupIterationCount=3)
//   FilterProjectToList.Hyperlinq: Quick(MaxRelativeError=0.05, Arguments=/p:MatrixMode=Benchmark, IterationTime=250ms, MaxIterationCount=12, MaxWarmupIterationCount=5, MinIterationCount=8, MinWarmupIterationCount=3)
//   FilterProjectToList.LinqAF: Quick(MaxRelativeError=0.05, Arguments=/p:MatrixMode=Benchmark, IterationTime=250ms, MaxIterationCount=12, MaxWarmupIterationCount=5, MinIterationCount=8, MinWarmupIterationCount=3)
//   FilterProjectToList.StructLinq: Quick(MaxRelativeError=0.05, Arguments=/p:MatrixMode=Benchmark, IterationTime=250ms, MaxIterationCount=12, MaxWarmupIterationCount=5, MinIterationCount=8, MinWarmupIterationCount=3)
//   FilterProjectToList.SystemLinq: Quick(MaxRelativeError=0.05, Arguments=/p:MatrixMode=Benchmark, IterationTime=250ms, MaxIterationCount=12, MaxWarmupIterationCount=5, MinIterationCount=8, MinWarmupIterationCount=3)
//   FilterProjectToList.ZLinq: Quick(MaxRelativeError=0.05, Arguments=/p:MatrixMode=Benchmark, IterationTime=250ms, MaxIterationCount=12, MaxWarmupIterationCount=5, MinIterationCount=8, MinWarmupIterationCount=3)

// **************************
// Benchmark: FilterProjectToList.HandCoded: Quick(MaxRelativeError=0.05, Arguments=/p:MatrixMode=Benchmark, IterationTime=250ms, MaxIterationCount=12, MaxWarmupIterationCount=5, MinIterationCount=8, MinWarmupIterationCount=3)
// *** Execute ***
// Launch: 1 / 1
// Execute: dotnet Matrix.LinqQueries-Quick-1.dll --anonymousPipes 129 130 --benchmarkName Matrix.LinqQueries.Benchmarks.FilterProjectToList.HandCoded --job Quick --benchmarkId 29 in /home/runner/work/dotnet-matrix/dotnet-matrix/src/Matrix.LinqQueries/bin/Benchmark/Release/net10.0/Matrix.LinqQueries-Quick-1/bin/Release/net10.0
// Failed to set up high priority (Permission denied). In order to run benchmarks with high priority, make sure you have the right permissions.
// BeforeAnythingElse

// Benchmark Process Environment Information:
// BenchmarkDotNet v0.15.8
// Runtime=.NET 10.0.10 (10.0.10, 10.0.1026.32716), X64 RyuJIT x86-64-v3
// GC=Concurrent Workstation
// HardwareIntrinsics=AVX2+BMI1+BMI2+F16C+FMA+LZCNT+MOVBE,AVX,SSE3+SSSE3+SSE4.1+SSE4.2+POPCNT,X86Base+SSE+SSE2,AES+PCLMUL VectorSize=256
// Job: Quick(MaxRelativeError=0.05, IterationTime=250ms, MaxIterationCount=12, MaxWarmupIterationCount=5, MinIterationCount=8, MinWarmupIterationCount=3)

OverheadJitting  1: 1 op, 249105.00 ns, 249.1050 us/op
WorkloadJitting  1: 1 op, 462137.00 ns, 462.1370 us/op

OverheadJitting  2: 16 op, 507926.00 ns, 31.7454 us/op
WorkloadJitting  2: 16 op, 1741805.00 ns, 108.8628 us/op

WorkloadPilot    1: 16 op, 724601.00 ns, 45.2876 us/op
WorkloadPilot    2: 5520 op, 122514125.00 ns, 22.1946 us/op
WorkloadPilot    3: 11264 op, 144947298.00 ns, 12.8682 us/op
WorkloadPilot    4: 19440 op, 185204267.00 ns, 9.5270 us/op
WorkloadPilot    5: 26256 op, 254740444.00 ns, 9.7022 us/op
WorkloadPilot    6: 25776 op, 251812803.00 ns, 9.7693 us/op
WorkloadPilot    7: 25600 op, 258938129.00 ns, 10.1148 us/op

OverheadWarmup   1: 25600 op, 139530.00 ns, 5.4504 ns/op
OverheadWarmup   2: 25600 op, 121453.00 ns, 4.7443 ns/op
OverheadWarmup   3: 25600 op, 122004.00 ns, 4.7658 ns/op
OverheadWarmup   4: 25600 op, 121373.00 ns, 4.7411 ns/op
OverheadWarmup   5: 25600 op, 121534.00 ns, 4.7474 ns/op
OverheadWarmup   6: 25600 op, 136666.00 ns, 5.3385 ns/op
OverheadWarmup   7: 25600 op, 121372.00 ns, 4.7411 ns/op

OverheadActual   1: 25600 op, 107422.00 ns, 4.1962 ns/op
OverheadActual   2: 25600 op, 104016.00 ns, 4.0631 ns/op
OverheadActual   3: 25600 op, 103777.00 ns, 4.0538 ns/op
OverheadActual   4: 25600 op, 124468.00 ns, 4.8620 ns/op
OverheadActual   5: 25600 op, 103707.00 ns, 4.0511 ns/op
OverheadActual   6: 25600 op, 106090.00 ns, 4.1441 ns/op
OverheadActual   7: 25600 op, 112579.00 ns, 4.3976 ns/op
OverheadActual   8: 25600 op, 112640.00 ns, 4.4000 ns/op
OverheadActual   9: 25600 op, 118880.00 ns, 4.6438 ns/op
OverheadActual  10: 25600 op, 112569.00 ns, 4.3972 ns/op
OverheadActual  11: 25600 op, 113961.00 ns, 4.4516 ns/op
OverheadActual  12: 25600 op, 112630.00 ns, 4.3996 ns/op

WorkloadWarmup   1: 25600 op, 258423920.00 ns, 10.0947 us/op
WorkloadWarmup   2: 25600 op, 245745470.00 ns, 9.5994 us/op
WorkloadWarmup   3: 25600 op, 242340230.00 ns, 9.4664 us/op
WorkloadWarmup   4: 25600 op, 243670814.00 ns, 9.5184 us/op
WorkloadWarmup   5: 25600 op, 245199157.00 ns, 9.5781 us/op

// BeforeActualRun
WorkloadActual   1: 25600 op, 250795810.00 ns, 9.7967 us/op
WorkloadActual   2: 25600 op, 249536032.00 ns, 9.7475 us/op
WorkloadActual   3: 25600 op, 250870593.00 ns, 9.7996 us/op
WorkloadActual   4: 25600 op, 249518967.00 ns, 9.7468 us/op
WorkloadActual   5: 25600 op, 255298595.00 ns, 9.9726 us/op
WorkloadActual   6: 25600 op, 259507196.00 ns, 10.1370 us/op
WorkloadActual   7: 25600 op, 255685759.00 ns, 9.9877 us/op
WorkloadActual   8: 25600 op, 255125264.00 ns, 9.9658 us/op

// AfterActualRun
WorkloadResult   1: 25600 op, 250683236.00 ns, 9.7923 us/op
WorkloadResult   2: 25600 op, 249423458.00 ns, 9.7431 us/op
WorkloadResult   3: 25600 op, 250758019.00 ns, 9.7952 us/op
WorkloadResult   4: 25600 op, 249406393.00 ns, 9.7424 us/op
WorkloadResult   5: 25600 op, 255186021.00 ns, 9.9682 us/op
WorkloadResult   6: 25600 op, 259394622.00 ns, 10.1326 us/op
WorkloadResult   7: 25600 op, 255573185.00 ns, 9.9833 us/op
WorkloadResult   8: 25600 op, 255012690.00 ns, 9.9614 us/op
// GC:  50 3 0 846028800 25600
// Threading:  0 0 25600

// AfterAll
// Benchmark Process 3955 has exited with code 0.

Mean = 9.890 μs, StdErr = 0.050 μs (0.51%), N = 8, StdDev = 0.142 μs
Min = 9.742 μs, Q1 = 9.780 μs, Median = 9.878 μs, Q3 = 9.972 μs, Max = 10.133 μs
IQR = 0.192 μs, LowerFence = 9.492 μs, UpperFence = 10.260 μs
ConfidenceInterval = [9.619 μs; 10.161 μs] (CI 99.9%), Margin = 0.271 μs (2.74% of Mean)
Skewness = 0.34, Kurtosis = 1.46, MValue = 2

// ** Remained 64 (68.1 %) benchmark(s) to run. Estimated finish 2026-08-11 9:36 (0h 5m from now) **
// **************************
// Benchmark: FilterProjectToList.Hyperlinq: Quick(MaxRelativeError=0.05, Arguments=/p:MatrixMode=Benchmark, IterationTime=250ms, MaxIterationCount=12, MaxWarmupIterationCount=5, MinIterationCount=8, MinWarmupIterationCount=3)
// *** Execute ***
// Launch: 1 / 1
// Execute: dotnet Matrix.LinqQueries-Quick-1.dll --anonymousPipes 129 130 --benchmarkName Matrix.LinqQueries.Benchmarks.FilterProjectToList.Hyperlinq --job Quick --benchmarkId 30 in /home/runner/work/dotnet-matrix/dotnet-matrix/src/Matrix.LinqQueries/bin/Benchmark/Release/net10.0/Matrix.LinqQueries-Quick-1/bin/Release/net10.0
// Failed to set up high priority (Permission denied). In order to run benchmarks with high priority, make sure you have the right permissions.
// BeforeAnythingElse

// Benchmark Process Environment Information:
// BenchmarkDotNet v0.15.8
// Runtime=.NET 10.0.10 (10.0.10, 10.0.1026.32716), X64 RyuJIT x86-64-v3
// GC=Concurrent Workstation
// HardwareIntrinsics=AVX2+BMI1+BMI2+F16C+FMA+LZCNT+MOVBE,AVX,SSE3+SSSE3+SSE4.1+SSE4.2+POPCNT,X86Base+SSE+SSE2,AES+PCLMUL VectorSize=256
// Job: Quick(MaxRelativeError=0.05, IterationTime=250ms, MaxIterationCount=12, MaxWarmupIterationCount=5, MinIterationCount=8, MinWarmupIterationCount=3)

OverheadJitting  1: 1 op, 244599.00 ns, 244.5990 us/op
WorkloadJitting  1: 1 op, 4342874.00 ns, 4.3429 ms/op

OverheadJitting  2: 16 op, 547886.00 ns, 34.2429 us/op
WorkloadJitting  2: 16 op, 3204168.00 ns, 200.2605 us/op

WorkloadPilot    1: 16 op, 1754724.00 ns, 109.6703 us/op
WorkloadPilot    2: 2288 op, 184586546.00 ns, 80.6759 us/op
WorkloadPilot    3: 3104 op, 29921566.00 ns, 9.6397 us/op
WorkloadPilot    4: 25936 op, 223035602.00 ns, 8.5995 us/op
WorkloadPilot    5: 29072 op, 250135645.00 ns, 8.6040 us/op
WorkloadPilot    6: 29056 op, 254952133.00 ns, 8.7745 us/op
WorkloadPilot    7: 28496 op, 254859193.00 ns, 8.9437 us/op

OverheadWarmup   1: 28496 op, 137678.00 ns, 4.8315 ns/op
OverheadWarmup   2: 28496 op, 125319.00 ns, 4.3978 ns/op
OverheadWarmup   3: 28496 op, 133512.00 ns, 4.6853 ns/op
OverheadWarmup   4: 28496 op, 125900.00 ns, 4.4182 ns/op
OverheadWarmup   5: 28496 op, 129855.00 ns, 4.5570 ns/op
OverheadWarmup   6: 28496 op, 131548.00 ns, 4.6164 ns/op
OverheadWarmup   7: 28496 op, 133531.00 ns, 4.6860 ns/op
OverheadWarmup   8: 28496 op, 131008.00 ns, 4.5974 ns/op

OverheadActual   1: 28496 op, 135955.00 ns, 4.7710 ns/op
OverheadActual   2: 28496 op, 162425.00 ns, 5.6999 ns/op
OverheadActual   3: 28496 op, 136316.00 ns, 4.7837 ns/op
OverheadActual   4: 28496 op, 140091.00 ns, 4.9162 ns/op
OverheadActual   5: 28496 op, 133371.00 ns, 4.6803 ns/op
OverheadActual   6: 28496 op, 149695.00 ns, 5.2532 ns/op
OverheadActual   7: 28496 op, 151338.00 ns, 5.3109 ns/op
OverheadActual   8: 28496 op, 133501.00 ns, 4.6849 ns/op
OverheadActual   9: 28496 op, 143326.00 ns, 5.0297 ns/op
OverheadActual  10: 28496 op, 134142.00 ns, 4.7074 ns/op
OverheadActual  11: 28496 op, 140522.00 ns, 4.9313 ns/op
OverheadActual  12: 28496 op, 133872.00 ns, 4.6979 ns/op

WorkloadWarmup   1: 28496 op, 250364521.00 ns, 8.7860 us/op
WorkloadWarmup   2: 28496 op, 250900438.00 ns, 8.8048 us/op
WorkloadWarmup   3: 28496 op, 254455605.00 ns, 8.9295 us/op
WorkloadWarmup   4: 28496 op, 262746147.00 ns, 9.2205 us/op
WorkloadWarmup   5: 28496 op, 258776506.00 ns, 9.0812 us/op

// BeforeActualRun
WorkloadActual   1: 28496 op, 255298715.00 ns, 8.9591 us/op
WorkloadActual   2: 28496 op, 252090461.00 ns, 8.8465 us/op
WorkloadActual   3: 28496 op, 255976987.00 ns, 8.9829 us/op
WorkloadActual   4: 28496 op, 249749654.00 ns, 8.7644 us/op
WorkloadActual   5: 28496 op, 252787542.00 ns, 8.8710 us/op
WorkloadActual   6: 28496 op, 261509374.00 ns, 9.1771 us/op
WorkloadActual   7: 28496 op, 247730451.00 ns, 8.6935 us/op
WorkloadActual   8: 28496 op, 247748709.00 ns, 8.6942 us/op

// AfterActualRun
WorkloadResult   1: 28496 op, 255160511.50 ns, 8.9543 us/op
WorkloadResult   2: 28496 op, 251952257.50 ns, 8.8417 us/op
WorkloadResult   3: 28496 op, 255838783.50 ns, 8.9781 us/op
WorkloadResult   4: 28496 op, 249611450.50 ns, 8.7595 us/op
WorkloadResult   5: 28496 op, 252649338.50 ns, 8.8661 us/op
WorkloadResult   6: 28496 op, 261371170.50 ns, 9.1722 us/op
WorkloadResult   7: 28496 op, 247592247.50 ns, 8.6887 us/op
WorkloadResult   8: 28496 op, 247610505.50 ns, 8.6893 us/op
// GC:  56 3 0 941735808 28496
// Threading:  0 0 28496

// AfterAll
// Benchmark Process 3965 has exited with code 0.

Mean = 8.869 μs, StdErr = 0.058 μs (0.65%), N = 8, StdDev = 0.164 μs
Min = 8.689 μs, Q1 = 8.742 μs, Median = 8.854 μs, Q3 = 8.960 μs, Max = 9.172 μs
IQR = 0.218 μs, LowerFence = 8.415 μs, UpperFence = 9.288 μs
ConfidenceInterval = [8.555 μs; 9.183 μs] (CI 99.9%), Margin = 0.314 μs (3.54% of Mean)
Skewness = 0.48, Kurtosis = 1.88, MValue = 2

// ** Remained 63 (67.0 %) benchmark(s) to run. Estimated finish 2026-08-11 9:36 (0h 5m from now) **
// **************************
// Benchmark: FilterProjectToList.LinqAF: Quick(MaxRelativeError=0.05, Arguments=/p:MatrixMode=Benchmark, IterationTime=250ms, MaxIterationCount=12, MaxWarmupIterationCount=5, MinIterationCount=8, MinWarmupIterationCount=3)
// *** Execute ***
// Launch: 1 / 1
// Execute: dotnet Matrix.LinqQueries-Quick-1.dll --anonymousPipes 129 130 --benchmarkName Matrix.LinqQueries.Benchmarks.FilterProjectToList.LinqAF --job Quick --benchmarkId 31 in /home/runner/work/dotnet-matrix/dotnet-matrix/src/Matrix.LinqQueries/bin/Benchmark/Release/net10.0/Matrix.LinqQueries-Quick-1/bin/Release/net10.0
// Failed to set up high priority (Permission denied). In order to run benchmarks with high priority, make sure you have the right permissions.
// BeforeAnythingElse

// Benchmark Process Environment Information:
// BenchmarkDotNet v0.15.8
// Runtime=.NET 10.0.10 (10.0.10, 10.0.1026.32716), X64 RyuJIT x86-64-v3
// GC=Concurrent Workstation
// HardwareIntrinsics=AVX2+BMI1+BMI2+F16C+FMA+LZCNT+MOVBE,AVX,SSE3+SSSE3+SSE4.1+SSE4.2+POPCNT,X86Base+SSE+SSE2,AES+PCLMUL VectorSize=256
// Job: Quick(MaxRelativeError=0.05, IterationTime=250ms, MaxIterationCount=12, MaxWarmupIterationCount=5, MinIterationCount=8, MinWarmupIterationCount=3)

OverheadJitting  1: 1 op, 241043.00 ns, 241.0430 us/op
WorkloadJitting  1: 1 op, 120132135.00 ns, 120.1321 ms/op

WorkloadPilot    1: 4 op, 1348982.00 ns, 337.2455 us/op
WorkloadPilot    2: 741 op, 131041263.00 ns, 176.8438 us/op
WorkloadPilot    3: 1414 op, 62303799.00 ns, 44.0621 us/op
WorkloadPilot    4: 5674 op, 48848866.00 ns, 8.6092 us/op
WorkloadPilot    5: 29039 op, 251236144.00 ns, 8.6517 us/op
WorkloadPilot    6: 28896 op, 250439543.00 ns, 8.6669 us/op
WorkloadPilot    7: 28845 op, 251525380.00 ns, 8.7199 us/op

WorkloadWarmup   1: 28845 op, 249041267.00 ns, 8.6338 us/op
WorkloadWarmup   2: 28845 op, 250675559.00 ns, 8.6904 us/op
WorkloadWarmup   3: 28845 op, 251150575.00 ns, 8.7069 us/op
WorkloadWarmup   4: 28845 op, 254828767.00 ns, 8.8344 us/op
WorkloadWarmup   5: 28845 op, 254278267.00 ns, 8.8153 us/op

// BeforeActualRun
WorkloadActual   1: 28845 op, 251860565.00 ns, 8.7315 us/op
WorkloadActual   2: 28845 op, 251744340.00 ns, 8.7275 us/op
WorkloadActual   3: 28845 op, 247530000.00 ns, 8.5814 us/op
WorkloadActual   4: 28845 op, 256892157.00 ns, 8.9060 us/op
WorkloadActual   5: 28845 op, 256490892.00 ns, 8.8920 us/op
WorkloadActual   6: 28845 op, 269058148.00 ns, 9.3277 us/op
WorkloadActual   7: 28845 op, 253455407.00 ns, 8.7868 us/op
WorkloadActual   8: 28845 op, 257388925.00 ns, 8.9232 us/op

// AfterActualRun
WorkloadResult   1: 28845 op, 251860565.00 ns, 8.7315 us/op
WorkloadResult   2: 28845 op, 251744340.00 ns, 8.7275 us/op
WorkloadResult   3: 28845 op, 247530000.00 ns, 8.5814 us/op
WorkloadResult   4: 28845 op, 256892157.00 ns, 8.9060 us/op
WorkloadResult   5: 28845 op, 256490892.00 ns, 8.8920 us/op
WorkloadResult   6: 28845 op, 253455407.00 ns, 8.7868 us/op
WorkloadResult   7: 28845 op, 257388925.00 ns, 8.9232 us/op
// GC:  56 3 0 953269560 28845
// Threading:  0 0 28845

// AfterAll
// Benchmark Process 3977 has exited with code 0.

Mean = 8.793 μs, StdErr = 0.047 μs (0.53%), N = 7, StdDev = 0.124 μs
Min = 8.581 μs, Q1 = 8.730 μs, Median = 8.787 μs, Q3 = 8.899 μs, Max = 8.923 μs
IQR = 0.169 μs, LowerFence = 8.475 μs, UpperFence = 9.153 μs
ConfidenceInterval = [8.513 μs; 9.072 μs] (CI 99.9%), Margin = 0.279 μs (3.18% of Mean)
Skewness = -0.39, Kurtosis = 1.55, MValue = 2

// ** Remained 62 (66.0 %) benchmark(s) to run. Estimated finish 2026-08-11 9:36 (0h 5m from now) **
// **************************
// Benchmark: FilterProjectToList.StructLinq: Quick(MaxRelativeError=0.05, Arguments=/p:MatrixMode=Benchmark, IterationTime=250ms, MaxIterationCount=12, MaxWarmupIterationCount=5, MinIterationCount=8, MinWarmupIterationCount=3)
// *** Execute ***
// Launch: 1 / 1
// Execute: dotnet Matrix.LinqQueries-Quick-1.dll --anonymousPipes 129 130 --benchmarkName Matrix.LinqQueries.Benchmarks.FilterProjectToList.StructLinq --job Quick --benchmarkId 32 in /home/runner/work/dotnet-matrix/dotnet-matrix/src/Matrix.LinqQueries/bin/Benchmark/Release/net10.0/Matrix.LinqQueries-Quick-1/bin/Release/net10.0
// Failed to set up high priority (Permission denied). In order to run benchmarks with high priority, make sure you have the right permissions.
// BeforeAnythingElse

// Benchmark Process Environment Information:
// BenchmarkDotNet v0.15.8
// Runtime=.NET 10.0.10 (10.0.10, 10.0.1026.32716), X64 RyuJIT x86-64-v3
// GC=Concurrent Workstation
// HardwareIntrinsics=AVX2+BMI1+BMI2+F16C+FMA+LZCNT+MOVBE,AVX,SSE3+SSSE3+SSE4.1+SSE4.2+POPCNT,X86Base+SSE+SSE2,AES+PCLMUL VectorSize=256
// Job: Quick(MaxRelativeError=0.05, IterationTime=250ms, MaxIterationCount=12, MaxWarmupIterationCount=5, MinIterationCount=8, MinWarmupIterationCount=3)

OverheadJitting  1: 1 op, 246041.00 ns, 246.0410 us/op
WorkloadJitting  1: 1 op, 5931328.00 ns, 5.9313 ms/op

OverheadJitting  2: 16 op, 553344.00 ns, 34.5840 us/op
WorkloadJitting  2: 16 op, 2333457.00 ns, 145.8411 us/op

WorkloadPilot    1: 16 op, 1359849.00 ns, 84.9906 us/op
WorkloadPilot    2: 2944 op, 217582335.00 ns, 73.9070 us/op
WorkloadPilot    3: 3392 op, 115632486.00 ns, 34.0898 us/op
WorkloadPilot    4: 7344 op, 185824486.00 ns, 25.3029 us/op
WorkloadPilot    5: 9888 op, 250090578.00 ns, 25.2923 us/op

OverheadWarmup   1: 9888 op, 76655.00 ns, 7.7523 ns/op
OverheadWarmup   2: 9888 op, 53520.00 ns, 5.4126 ns/op
OverheadWarmup   3: 9888 op, 53120.00 ns, 5.3722 ns/op
OverheadWarmup   4: 9888 op, 52970.00 ns, 5.3570 ns/op
OverheadWarmup   5: 9888 op, 52580.00 ns, 5.3176 ns/op
OverheadWarmup   6: 9888 op, 55353.00 ns, 5.5980 ns/op
OverheadWarmup   7: 9888 op, 54952.00 ns, 5.5574 ns/op
OverheadWarmup   8: 9888 op, 53000.00 ns, 5.3600 ns/op
OverheadWarmup   9: 9888 op, 53070.00 ns, 5.3671 ns/op
OverheadWarmup  10: 9888 op, 53079.00 ns, 5.3680 ns/op

OverheadActual   1: 9888 op, 58178.00 ns, 5.8837 ns/op
OverheadActual   2: 9888 op, 54021.00 ns, 5.4633 ns/op
OverheadActual   3: 9888 op, 57717.00 ns, 5.8371 ns/op
OverheadActual   4: 9888 op, 55895.00 ns, 5.6528 ns/op
OverheadActual   5: 9888 op, 72589.00 ns, 7.3411 ns/op
OverheadActual   6: 9888 op, 52549.00 ns, 5.3144 ns/op
OverheadActual   7: 9888 op, 52689.00 ns, 5.3286 ns/op
OverheadActual   8: 9888 op, 52509.00 ns, 5.3104 ns/op
OverheadActual   9: 9888 op, 52500.00 ns, 5.3095 ns/op
OverheadActual  10: 9888 op, 54141.00 ns, 5.4754 ns/op
OverheadActual  11: 9888 op, 52779.00 ns, 5.3377 ns/op
OverheadActual  12: 9888 op, 52409.00 ns, 5.3003 ns/op

WorkloadWarmup   1: 9888 op, 265702162.00 ns, 26.8712 us/op
WorkloadWarmup   2: 9888 op, 253884966.00 ns, 25.6761 us/op
WorkloadWarmup   3: 9888 op, 255992841.00 ns, 25.8892 us/op
WorkloadWarmup   4: 9888 op, 250693036.00 ns, 25.3533 us/op
WorkloadWarmup   5: 9888 op, 250692205.00 ns, 25.3532 us/op

// BeforeActualRun
WorkloadActual   1: 9888 op, 252403614.00 ns, 25.5263 us/op
WorkloadActual   2: 9888 op, 253743362.00 ns, 25.6617 us/op
WorkloadActual   3: 9888 op, 250204620.00 ns, 25.3039 us/op
WorkloadActual   4: 9888 op, 253410791.00 ns, 25.6281 us/op
WorkloadActual   5: 9888 op, 249330974.00 ns, 25.2155 us/op
WorkloadActual   6: 9888 op, 250716361.00 ns, 25.3556 us/op
WorkloadActual   7: 9888 op, 251513372.00 ns, 25.4362 us/op
WorkloadActual   8: 9888 op, 250708218.00 ns, 25.3548 us/op

// AfterActualRun
WorkloadResult   1: 9888 op, 252350214.00 ns, 25.5209 us/op
WorkloadResult   2: 9888 op, 253689962.00 ns, 25.6563 us/op
WorkloadResult   3: 9888 op, 250151220.00 ns, 25.2985 us/op
WorkloadResult   4: 9888 op, 253357391.00 ns, 25.6227 us/op
WorkloadResult   5: 9888 op, 249277574.00 ns, 25.2101 us/op
WorkloadResult   6: 9888 op, 250662961.00 ns, 25.3502 us/op
WorkloadResult   7: 9888 op, 251459972.00 ns, 25.4308 us/op
WorkloadResult   8: 9888 op, 250654818.00 ns, 25.3494 us/op
// GC:  5 0 0 100224768 9888
// Threading:  0 0 9888

// AfterAll
// Benchmark Process 3985 has exited with code 0.

Mean = 25.430 μs, StdErr = 0.056 μs (0.22%), N = 8, StdDev = 0.158 μs
Min = 25.210 μs, Q1 = 25.337 μs, Median = 25.391 μs, Q3 = 25.546 μs, Max = 25.656 μs
IQR = 0.210 μs, LowerFence = 25.022 μs, UpperFence = 25.861 μs
ConfidenceInterval = [25.127 μs; 25.732 μs] (CI 99.9%), Margin = 0.302 μs (1.19% of Mean)
Skewness = 0.18, Kurtosis = 1.36, MValue = 2

// ** Remained 61 (64.9 %) benchmark(s) to run. Estimated finish 2026-08-11 9:36 (0h 5m from now) **
// **************************
// Benchmark: FilterProjectToList.SystemLinq: Quick(MaxRelativeError=0.05, Arguments=/p:MatrixMode=Benchmark, IterationTime=250ms, MaxIterationCount=12, MaxWarmupIterationCount=5, MinIterationCount=8, MinWarmupIterationCount=3)
// *** Execute ***
// Launch: 1 / 1
// Execute: dotnet Matrix.LinqQueries-Quick-1.dll --anonymousPipes 129 130 --benchmarkName Matrix.LinqQueries.Benchmarks.FilterProjectToList.SystemLinq --job Quick --benchmarkId 33 in /home/runner/work/dotnet-matrix/dotnet-matrix/src/Matrix.LinqQueries/bin/Benchmark/Release/net10.0/Matrix.LinqQueries-Quick-1/bin/Release/net10.0
// Failed to set up high priority (Permission denied). In order to run benchmarks with high priority, make sure you have the right permissions.
// BeforeAnythingElse

// Benchmark Process Environment Information:
// BenchmarkDotNet v0.15.8
// Runtime=.NET 10.0.10 (10.0.10, 10.0.1026.32716), X64 RyuJIT x86-64-v3
// GC=Concurrent Workstation
// HardwareIntrinsics=AVX2+BMI1+BMI2+F16C+FMA+LZCNT+MOVBE,AVX,SSE3+SSSE3+SSE4.1+SSE4.2+POPCNT,X86Base+SSE+SSE2,AES+PCLMUL VectorSize=256
// Job: Quick(MaxRelativeError=0.05, IterationTime=250ms, MaxIterationCount=12, MaxWarmupIterationCount=5, MinIterationCount=8, MinWarmupIterationCount=3)

OverheadJitting  1: 1 op, 260933.00 ns, 260.9330 us/op
WorkloadJitting  1: 1 op, 2289099.00 ns, 2.2891 ms/op

OverheadJitting  2: 16 op, 544410.00 ns, 34.0256 us/op
WorkloadJitting  2: 16 op, 3925435.00 ns, 245.3397 us/op

WorkloadPilot    1: 16 op, 1053988.00 ns, 65.8743 us/op
WorkloadPilot    2: 3808 op, 207129053.00 ns, 54.3931 us/op
WorkloadPilot    3: 4608 op, 31695759.00 ns, 6.8784 us/op
WorkloadPilot    4: 36352 op, 204898242.00 ns, 5.6365 us/op
WorkloadPilot    5: 44368 op, 255489854.00 ns, 5.7584 us/op
WorkloadPilot    6: 43424 op, 250960138.00 ns, 5.7793 us/op
WorkloadPilot    7: 43264 op, 254838452.00 ns, 5.8903 us/op

OverheadWarmup   1: 43264 op, 191018.00 ns, 4.4152 ns/op
OverheadWarmup   2: 43264 op, 211689.00 ns, 4.8930 ns/op
OverheadWarmup   3: 43264 op, 218019.00 ns, 5.0393 ns/op
OverheadWarmup   4: 43264 op, 202986.00 ns, 4.6918 ns/op
OverheadWarmup   5: 43264 op, 181273.00 ns, 4.1899 ns/op
OverheadWarmup   6: 43264 op, 203587.00 ns, 4.7057 ns/op
OverheadWarmup   7: 43264 op, 202275.00 ns, 4.6754 ns/op

OverheadActual   1: 43264 op, 196597.00 ns, 4.5441 ns/op
OverheadActual   2: 43264 op, 189185.00 ns, 4.3728 ns/op
OverheadActual   3: 43264 op, 188294.00 ns, 4.3522 ns/op
OverheadActual   4: 43264 op, 180873.00 ns, 4.1807 ns/op
OverheadActual   5: 43264 op, 189004.00 ns, 4.3686 ns/op
OverheadActual   6: 43264 op, 187873.00 ns, 4.3425 ns/op
OverheadActual   7: 43264 op, 189535.00 ns, 4.3809 ns/op
OverheadActual   8: 43264 op, 204037.00 ns, 4.7161 ns/op
OverheadActual   9: 43264 op, 204639.00 ns, 4.7300 ns/op
OverheadActual  10: 43264 op, 204578.00 ns, 4.7286 ns/op
OverheadActual  11: 43264 op, 204007.00 ns, 4.7154 ns/op
OverheadActual  12: 43264 op, 202185.00 ns, 4.6733 ns/op

WorkloadWarmup   1: 43264 op, 283413789.00 ns, 6.5508 us/op
WorkloadWarmup   2: 43264 op, 254909439.00 ns, 5.8920 us/op
WorkloadWarmup   3: 43264 op, 255668057.00 ns, 5.9095 us/op
WorkloadWarmup   4: 43264 op, 245455504.00 ns, 5.6734 us/op
WorkloadWarmup   5: 43264 op, 250658204.00 ns, 5.7937 us/op

// BeforeActualRun
WorkloadActual   1: 43264 op, 261248370.00 ns, 6.0385 us/op
WorkloadActual   2: 43264 op, 250110669.00 ns, 5.7810 us/op
WorkloadActual   3: 43264 op, 250993469.00 ns, 5.8014 us/op
WorkloadActual   4: 43264 op, 256180785.00 ns, 5.9213 us/op
WorkloadActual   5: 43264 op, 249323421.00 ns, 5.7628 us/op
WorkloadActual   6: 43264 op, 251230054.00 ns, 5.8069 us/op
WorkloadActual   7: 43264 op, 250330828.00 ns, 5.7861 us/op
WorkloadActual   8: 43264 op, 266987707.00 ns, 6.1711 us/op

// AfterActualRun
WorkloadResult   1: 43264 op, 261055304.00 ns, 6.0340 us/op
WorkloadResult   2: 43264 op, 249917603.00 ns, 5.7766 us/op
WorkloadResult   3: 43264 op, 250800403.00 ns, 5.7970 us/op
WorkloadResult   4: 43264 op, 255987719.00 ns, 5.9169 us/op
WorkloadResult   5: 43264 op, 249130355.00 ns, 5.7584 us/op
WorkloadResult   6: 43264 op, 251036988.00 ns, 5.8024 us/op
WorkloadResult   7: 43264 op, 250137762.00 ns, 5.7817 us/op
WorkloadResult   8: 43264 op, 266794641.00 ns, 6.1667 us/op
// GC:  26 0 0 439908352 43264
// Threading:  0 0 43264

// AfterAll
// Benchmark Process 3995 has exited with code 0.

Mean = 5.879 μs, StdErr = 0.053 μs (0.90%), N = 8, StdDev = 0.149 μs
Min = 5.758 μs, Q1 = 5.780 μs, Median = 5.800 μs, Q3 = 5.946 μs, Max = 6.167 μs
IQR = 0.166 μs, LowerFence = 5.532 μs, UpperFence = 6.195 μs
ConfidenceInterval = [5.594 μs; 6.164 μs] (CI 99.9%), Margin = 0.285 μs (4.84% of Mean)
Skewness = 0.86, Kurtosis = 2.01, MValue = 2

// ** Remained 60 (63.8 %) benchmark(s) to run. Estimated finish 2026-08-11 9:36 (0h 5m from now) **
// **************************
// Benchmark: FilterProjectToList.ZLinq: Quick(MaxRelativeError=0.05, Arguments=/p:MatrixMode=Benchmark, IterationTime=250ms, MaxIterationCount=12, MaxWarmupIterationCount=5, MinIterationCount=8, MinWarmupIterationCount=3)
// *** Execute ***
// Launch: 1 / 1
// Execute: dotnet Matrix.LinqQueries-Quick-1.dll --anonymousPipes 129 130 --benchmarkName Matrix.LinqQueries.Benchmarks.FilterProjectToList.ZLinq --job Quick --benchmarkId 34 in /home/runner/work/dotnet-matrix/dotnet-matrix/src/Matrix.LinqQueries/bin/Benchmark/Release/net10.0/Matrix.LinqQueries-Quick-1/bin/Release/net10.0
// Failed to set up high priority (Permission denied). In order to run benchmarks with high priority, make sure you have the right permissions.
// BeforeAnythingElse

// Benchmark Process Environment Information:
// BenchmarkDotNet v0.15.8
// Runtime=.NET 10.0.10 (10.0.10, 10.0.1026.32716), X64 RyuJIT x86-64-v3
// GC=Concurrent Workstation
// HardwareIntrinsics=AVX2+BMI1+BMI2+F16C+FMA+LZCNT+MOVBE,AVX,SSE3+SSSE3+SSE4.1+SSE4.2+POPCNT,X86Base+SSE+SSE2,AES+PCLMUL VectorSize=256
// Job: Quick(MaxRelativeError=0.05, IterationTime=250ms, MaxIterationCount=12, MaxWarmupIterationCount=5, MinIterationCount=8, MinWarmupIterationCount=3)

OverheadJitting  1: 1 op, 247693.00 ns, 247.6930 us/op
WorkloadJitting  1: 1 op, 5062468.00 ns, 5.0625 ms/op

OverheadJitting  2: 16 op, 515387.00 ns, 32.2117 us/op
WorkloadJitting  2: 16 op, 9845645.00 ns, 615.3528 us/op

WorkloadPilot    1: 16 op, 3777952.00 ns, 236.1220 us/op
WorkloadPilot    2: 1072 op, 188506561.00 ns, 175.8457 us/op
WorkloadPilot    3: 1424 op, 15646917.00 ns, 10.9880 us/op
WorkloadPilot    4: 22752 op, 175324238.00 ns, 7.7059 us/op
WorkloadPilot    5: 32448 op, 249319505.00 ns, 7.6837 us/op
WorkloadPilot    6: 32544 op, 252891998.00 ns, 7.7708 us/op
WorkloadPilot    7: 32176 op, 250941729.00 ns, 7.7990 us/op
WorkloadPilot    8: 32064 op, 249427418.00 ns, 7.7790 us/op
WorkloadPilot    9: 32144 op, 250781848.00 ns, 7.8018 us/op

OverheadWarmup   1: 32144 op, 142455.00 ns, 4.4318 ns/op
OverheadWarmup   2: 32144 op, 144027.00 ns, 4.4807 ns/op
OverheadWarmup   3: 32144 op, 164317.00 ns, 5.1119 ns/op
OverheadWarmup   4: 32144 op, 164248.00 ns, 5.1098 ns/op
OverheadWarmup   5: 32144 op, 140181.00 ns, 4.3610 ns/op
OverheadWarmup   6: 32144 op, 153471.00 ns, 4.7745 ns/op
OverheadWarmup   7: 32144 op, 166321.00 ns, 5.1742 ns/op
OverheadWarmup   8: 32144 op, 166370.00 ns, 5.1758 ns/op
OverheadWarmup   9: 32144 op, 165750.00 ns, 5.1565 ns/op

OverheadActual   1: 32144 op, 129385.00 ns, 4.0252 ns/op
OverheadActual   2: 32144 op, 139119.00 ns, 4.3280 ns/op
OverheadActual   3: 32144 op, 129505.00 ns, 4.0289 ns/op
OverheadActual   4: 32144 op, 138619.00 ns, 4.3124 ns/op
OverheadActual   5: 32144 op, 129606.00 ns, 4.0320 ns/op
OverheadActual   6: 32144 op, 149285.00 ns, 4.6443 ns/op
OverheadActual   7: 32144 op, 140472.00 ns, 4.3701 ns/op
OverheadActual   8: 32144 op, 137627.00 ns, 4.2816 ns/op
OverheadActual   9: 32144 op, 140492.00 ns, 4.3707 ns/op
OverheadActual  10: 32144 op, 148313.00 ns, 4.6140 ns/op
OverheadActual  11: 32144 op, 140502.00 ns, 4.3710 ns/op
OverheadActual  12: 32144 op, 147953.00 ns, 4.6028 ns/op

WorkloadWarmup   1: 32144 op, 257329234.00 ns, 8.0055 us/op
WorkloadWarmup   2: 32144 op, 251160308.00 ns, 7.8136 us/op
WorkloadWarmup   3: 32144 op, 249958097.00 ns, 7.7762 us/op
WorkloadWarmup   4: 32144 op, 246517242.00 ns, 7.6692 us/op
WorkloadWarmup   5: 32144 op, 247462657.00 ns, 7.6986 us/op

// BeforeActualRun
WorkloadActual   1: 32144 op, 249533477.00 ns, 7.7630 us/op
WorkloadActual   2: 32144 op, 252319515.00 ns, 7.8497 us/op
WorkloadActual   3: 32144 op, 257223825.00 ns, 8.0022 us/op
WorkloadActual   4: 32144 op, 252032132.00 ns, 7.8407 us/op
WorkloadActual   5: 32144 op, 252558455.00 ns, 7.8571 us/op
WorkloadActual   6: 32144 op, 249748972.00 ns, 7.7697 us/op
WorkloadActual   7: 32144 op, 250394104.00 ns, 7.7898 us/op
WorkloadActual   8: 32144 op, 249657934.00 ns, 7.7669 us/op

// AfterActualRun
WorkloadResult   1: 32144 op, 249393681.50 ns, 7.7586 us/op
WorkloadResult   2: 32144 op, 252179719.50 ns, 7.8453 us/op
WorkloadResult   3: 32144 op, 251892336.50 ns, 7.8364 us/op
WorkloadResult   4: 32144 op, 252418659.50 ns, 7.8527 us/op
WorkloadResult   5: 32144 op, 249609176.50 ns, 7.7653 us/op
WorkloadResult   6: 32144 op, 250254308.50 ns, 7.7854 us/op
WorkloadResult   7: 32144 op, 249518138.50 ns, 7.7625 us/op
// GC:  19 0 0 323497216 32144
// Threading:  0 0 32144

// AfterAll
// Benchmark Process 4004 has exited with code 0.

Mean = 7.801 μs, StdErr = 0.016 μs (0.20%), N = 7, StdDev = 0.042 μs
Min = 7.759 μs, Q1 = 7.764 μs, Median = 7.785 μs, Q3 = 7.841 μs, Max = 7.853 μs
IQR = 0.077 μs, LowerFence = 7.649 μs, UpperFence = 7.956 μs
ConfidenceInterval = [7.706 μs; 7.896 μs] (CI 99.9%), Margin = 0.095 μs (1.22% of Mean)
Skewness = 0.17, Kurtosis = 0.89, MValue = 2

// ** Remained 59 (62.8 %) benchmark(s) to run. Estimated finish 2026-08-11 9:36 (0h 5m from now) **
// ***** BenchmarkRunner: Finish  *****

// * Export *
  tmp/dotnet-matrix/LinqQueries/4112bfa66d854e1a9cc414e42f130abf/results/Matrix.LinqQueries.Benchmarks.FilterProjectToList-report.csv
  tmp/dotnet-matrix/LinqQueries/4112bfa66d854e1a9cc414e42f130abf/results/Matrix.LinqQueries.Benchmarks.FilterProjectToList-report-github.md
  tmp/dotnet-matrix/LinqQueries/4112bfa66d854e1a9cc414e42f130abf/results/Matrix.LinqQueries.Benchmarks.FilterProjectToList-report.html
  tmp/dotnet-matrix/LinqQueries/4112bfa66d854e1a9cc414e42f130abf/results/Matrix.LinqQueries.Benchmarks.FilterProjectToList-report-full.json

// * Detailed results *
FilterProjectToList.SystemLinq: Quick(MaxRelativeError=0.05, Arguments=/p:MatrixMode=Benchmark, IterationTime=250ms, MaxIterationCount=12, MaxWarmupIterationCount=5, MinIterationCount=8, MinWarmupIterationCount=3)
Runtime = .NET 10.0.10 (10.0.10, 10.0.1026.32716), X64 RyuJIT x86-64-v3; GC = Concurrent Workstation
Mean = 5.879 μs, StdErr = 0.053 μs (0.90%), N = 8, StdDev = 0.149 μs
Min = 5.758 μs, Q1 = 5.780 μs, Median = 5.800 μs, Q3 = 5.946 μs, Max = 6.167 μs
IQR = 0.166 μs, LowerFence = 5.532 μs, UpperFence = 6.195 μs
ConfidenceInterval = [5.594 μs; 6.164 μs] (CI 99.9%), Margin = 0.285 μs (4.84% of Mean)
Skewness = 0.86, Kurtosis = 2.01, MValue = 2
-------------------- Histogram --------------------
[5.740 μs ; 6.003 μs) | @@@@@@
[6.003 μs ; 6.198 μs) | @@
---------------------------------------------------

FilterProjectToList.ZLinq: Quick(MaxRelativeError=0.05, Arguments=/p:MatrixMode=Benchmark, IterationTime=250ms, MaxIterationCount=12, MaxWarmupIterationCount=5, MinIterationCount=8, MinWarmupIterationCount=3)
Runtime = .NET 10.0.10 (10.0.10, 10.0.1026.32716), X64 RyuJIT x86-64-v3; GC = Concurrent Workstation
Mean = 7.801 μs, StdErr = 0.016 μs (0.20%), N = 7, StdDev = 0.042 μs
Min = 7.759 μs, Q1 = 7.764 μs, Median = 7.785 μs, Q3 = 7.841 μs, Max = 7.853 μs
IQR = 0.077 μs, LowerFence = 7.649 μs, UpperFence = 7.956 μs
ConfidenceInterval = [7.706 μs; 7.896 μs] (CI 99.9%), Margin = 0.095 μs (1.22% of Mean)
Skewness = 0.17, Kurtosis = 0.89, MValue = 2
-------------------- Histogram --------------------
[7.730 μs ; 7.882 μs) | @@@@@@@
---------------------------------------------------

FilterProjectToList.LinqAF: Quick(MaxRelativeError=0.05, Arguments=/p:MatrixMode=Benchmark, IterationTime=250ms, MaxIterationCount=12, MaxWarmupIterationCount=5, MinIterationCount=8, MinWarmupIterationCount=3)
Runtime = .NET 10.0.10 (10.0.10, 10.0.1026.32716), X64 RyuJIT x86-64-v3; GC = Concurrent Workstation
Mean = 8.793 μs, StdErr = 0.047 μs (0.53%), N = 7, StdDev = 0.124 μs
Min = 8.581 μs, Q1 = 8.730 μs, Median = 8.787 μs, Q3 = 8.899 μs, Max = 8.923 μs
IQR = 0.169 μs, LowerFence = 8.475 μs, UpperFence = 9.153 μs
ConfidenceInterval = [8.513 μs; 9.072 μs] (CI 99.9%), Margin = 0.279 μs (3.18% of Mean)
Skewness = -0.39, Kurtosis = 1.55, MValue = 2
-------------------- Histogram --------------------
[8.570 μs ; 8.944 μs) | @@@@@@@
---------------------------------------------------

FilterProjectToList.Hyperlinq: Quick(MaxRelativeError=0.05, Arguments=/p:MatrixMode=Benchmark, IterationTime=250ms, MaxIterationCount=12, MaxWarmupIterationCount=5, MinIterationCount=8, MinWarmupIterationCount=3)
Runtime = .NET 10.0.10 (10.0.10, 10.0.1026.32716), X64 RyuJIT x86-64-v3; GC = Concurrent Workstation
Mean = 8.869 μs, StdErr = 0.058 μs (0.65%), N = 8, StdDev = 0.164 μs
Min = 8.689 μs, Q1 = 8.742 μs, Median = 8.854 μs, Q3 = 8.960 μs, Max = 9.172 μs
IQR = 0.218 μs, LowerFence = 8.415 μs, UpperFence = 9.288 μs
ConfidenceInterval = [8.555 μs; 9.183 μs] (CI 99.9%), Margin = 0.314 μs (3.54% of Mean)
Skewness = 0.48, Kurtosis = 1.88, MValue = 2
-------------------- Histogram --------------------
[8.670 μs ; 8.885 μs) | @@@@@
[8.885 μs ; 9.074 μs) | @@
[9.074 μs ; 9.280 μs) | @
---------------------------------------------------

FilterProjectToList.HandCoded: Quick(MaxRelativeError=0.05, Arguments=/p:MatrixMode=Benchmark, IterationTime=250ms, MaxIterationCount=12, MaxWarmupIterationCount=5, MinIterationCount=8, MinWarmupIterationCount=3)
Runtime = .NET 10.0.10 (10.0.10, 10.0.1026.32716), X64 RyuJIT x86-64-v3; GC = Concurrent Workstation
Mean = 9.890 μs, StdErr = 0.050 μs (0.51%), N = 8, StdDev = 0.142 μs
Min = 9.742 μs, Q1 = 9.780 μs, Median = 9.878 μs, Q3 = 9.972 μs, Max = 10.133 μs
IQR = 0.192 μs, LowerFence = 9.492 μs, UpperFence = 10.260 μs
ConfidenceInterval = [9.619 μs; 10.161 μs] (CI 99.9%), Margin = 0.271 μs (2.74% of Mean)
Skewness = 0.34, Kurtosis = 1.46, MValue = 2
-------------------- Histogram --------------------
[9.671 μs ; 10.147 μs) | @@@@@@@@
---------------------------------------------------

FilterProjectToList.StructLinq: Quick(MaxRelativeError=0.05, Arguments=/p:MatrixMode=Benchmark, IterationTime=250ms, MaxIterationCount=12, MaxWarmupIterationCount=5, MinIterationCount=8, MinWarmupIterationCount=3)
Runtime = .NET 10.0.10 (10.0.10, 10.0.1026.32716), X64 RyuJIT x86-64-v3; GC = Concurrent Workstation
Mean = 25.430 μs, StdErr = 0.056 μs (0.22%), N = 8, StdDev = 0.158 μs
Min = 25.210 μs, Q1 = 25.337 μs, Median = 25.391 μs, Q3 = 25.546 μs, Max = 25.656 μs
IQR = 0.210 μs, LowerFence = 25.022 μs, UpperFence = 25.861 μs
ConfidenceInterval = [25.127 μs; 25.732 μs] (CI 99.9%), Margin = 0.302 μs (1.19% of Mean)
Skewness = 0.18, Kurtosis = 1.36, MValue = 2
-------------------- Histogram --------------------
[25.106 μs ; 25.760 μs) | @@@@@@@@
---------------------------------------------------

// * Summary *

BenchmarkDotNet v0.15.8, Linux Ubuntu 24.04.4 LTS (Noble Numbat)
AMD EPYC 9V74 2.60GHz, 1 CPU, 4 logical and 2 physical cores
.NET SDK 10.0.302
  [Host] : .NET 10.0.10 (10.0.10, 10.0.1026.32716), X64 RyuJIT x86-64-v3
  Quick  : .NET 10.0.10 (10.0.10, 10.0.1026.32716), X64 RyuJIT x86-64-v3

Job=Quick  MaxRelativeError=0.05  Arguments=/p:MatrixMode=Benchmark  
IterationTime=250ms  MaxIterationCount=12  MaxWarmupIterationCount=5  
MinIterationCount=8  MinWarmupIterationCount=3  

| Method     | Mean      | Error     | StdDev    | Ratio | RatioSD | Gen0   | Gen1   | Allocated | Alloc Ratio |
|----------- |----------:|----------:|----------:|------:|--------:|-------:|-------:|----------:|------------:|
| SystemLinq |  5.879 μs | 0.2848 μs | 0.1490 μs |  0.59 |    0.02 | 0.6010 |      - |   9.93 KB |        0.31 |
| ZLinq      |  7.801 μs | 0.0950 μs | 0.0422 μs |  0.79 |    0.01 | 0.5911 |      - |   9.83 KB |        0.30 |
| LinqAF     |  8.793 μs | 0.2795 μs | 0.1241 μs |  0.89 |    0.02 | 1.9414 | 0.1040 |  32.27 KB |        1.00 |
| Hyperlinq  |  8.869 μs | 0.3139 μs | 0.1642 μs |  0.90 |    0.02 | 1.9652 | 0.1053 |  32.27 KB |        1.00 |
| HandCoded  |  9.890 μs | 0.2710 μs | 0.1418 μs |  1.00 |    0.02 | 1.9531 | 0.1172 |  32.27 KB |        1.00 |
| StructLinq | 25.430 μs | 0.3024 μs | 0.1582 μs |  2.57 |    0.04 | 0.5057 |      - |    9.9 KB |        0.31 |

// * Hints *
Outliers
  FilterProjectToList.ZLinq: Quick  -> 1 outlier  was  removed (8.00 μs)
  FilterProjectToList.LinqAF: Quick -> 1 outlier  was  removed (9.33 μs)

// * Legends *
  Mean        : Arithmetic mean of all measurements
  Error       : Half of 99.9% confidence interval
  StdDev      : Standard deviation of all measurements
  Ratio       : Mean of the ratio distribution ([Current]/[Baseline])
  RatioSD     : Standard deviation of the ratio distribution ([Current]/[Baseline])
  Gen0        : GC Generation 0 collects per 1000 operations
  Gen1        : GC Generation 1 collects per 1000 operations
  Allocated   : Allocated memory per single operation (managed only, inclusive, 1KB = 1024B)
  Alloc Ratio : Allocated memory ratio distribution ([Current]/[Baseline])
  1 μs        : 1 Microsecond (0.000001 sec)

// * Diagnostic Output - MemoryDiagnoser *


// ***** BenchmarkRunner: End *****
Run time: 00:00:29 (29.76 sec), executed benchmarks: 6

// Found 6 benchmarks:
//   FirstMatch.HandCoded: Quick(MaxRelativeError=0.05, Arguments=/p:MatrixMode=Benchmark, IterationTime=250ms, MaxIterationCount=12, MaxWarmupIterationCount=5, MinIterationCount=8, MinWarmupIterationCount=3)
//   FirstMatch.Hyperlinq: Quick(MaxRelativeError=0.05, Arguments=/p:MatrixMode=Benchmark, IterationTime=250ms, MaxIterationCount=12, MaxWarmupIterationCount=5, MinIterationCount=8, MinWarmupIterationCount=3)
//   FirstMatch.LinqAF: Quick(MaxRelativeError=0.05, Arguments=/p:MatrixMode=Benchmark, IterationTime=250ms, MaxIterationCount=12, MaxWarmupIterationCount=5, MinIterationCount=8, MinWarmupIterationCount=3)
//   FirstMatch.StructLinq: Quick(MaxRelativeError=0.05, Arguments=/p:MatrixMode=Benchmark, IterationTime=250ms, MaxIterationCount=12, MaxWarmupIterationCount=5, MinIterationCount=8, MinWarmupIterationCount=3)
//   FirstMatch.SystemLinq: Quick(MaxRelativeError=0.05, Arguments=/p:MatrixMode=Benchmark, IterationTime=250ms, MaxIterationCount=12, MaxWarmupIterationCount=5, MinIterationCount=8, MinWarmupIterationCount=3)
//   FirstMatch.ZLinq: Quick(MaxRelativeError=0.05, Arguments=/p:MatrixMode=Benchmark, IterationTime=250ms, MaxIterationCount=12, MaxWarmupIterationCount=5, MinIterationCount=8, MinWarmupIterationCount=3)

// **************************
// Benchmark: FirstMatch.HandCoded: Quick(MaxRelativeError=0.05, Arguments=/p:MatrixMode=Benchmark, IterationTime=250ms, MaxIterationCount=12, MaxWarmupIterationCount=5, MinIterationCount=8, MinWarmupIterationCount=3)
// *** Execute ***
// Launch: 1 / 1
// Execute: dotnet Matrix.LinqQueries-Quick-1.dll --anonymousPipes 129 130 --benchmarkName Matrix.LinqQueries.Benchmarks.FirstMatch.HandCoded --job Quick --benchmarkId 35 in /home/runner/work/dotnet-matrix/dotnet-matrix/src/Matrix.LinqQueries/bin/Benchmark/Release/net10.0/Matrix.LinqQueries-Quick-1/bin/Release/net10.0
// Failed to set up high priority (Permission denied). In order to run benchmarks with high priority, make sure you have the right permissions.
// BeforeAnythingElse

// Benchmark Process Environment Information:
// BenchmarkDotNet v0.15.8
// Runtime=.NET 10.0.10 (10.0.10, 10.0.1026.32716), X64 RyuJIT x86-64-v3
// GC=Concurrent Workstation
// HardwareIntrinsics=AVX2+BMI1+BMI2+F16C+FMA+LZCNT+MOVBE,AVX,SSE3+SSSE3+SSE4.1+SSE4.2+POPCNT,X86Base+SSE+SSE2,AES+PCLMUL VectorSize=256
// Job: Quick(MaxRelativeError=0.05, IterationTime=250ms, MaxIterationCount=12, MaxWarmupIterationCount=5, MinIterationCount=8, MinWarmupIterationCount=3)

OverheadJitting  1: 1 op, 245249.00 ns, 245.2490 us/op
WorkloadJitting  1: 1 op, 410889.00 ns, 410.8890 us/op

OverheadJitting  2: 16 op, 487475.00 ns, 30.4672 us/op
WorkloadJitting  2: 16 op, 1070804.00 ns, 66.9253 us/op

WorkloadPilot    1: 16 op, 212760.00 ns, 13.2975 us/op
WorkloadPilot    2: 18816 op, 183805929.00 ns, 9.7686 us/op
WorkloadPilot    3: 25600 op, 87021684.00 ns, 3.3993 us/op
WorkloadPilot    4: 73552 op, 250313282.00 ns, 3.4032 us/op
WorkloadPilot    5: 73472 op, 249908672.00 ns, 3.4014 us/op
WorkloadPilot    6: 73504 op, 250561236.00 ns, 3.4088 us/op
WorkloadPilot    7: 73344 op, 250507174.00 ns, 3.4155 us/op

OverheadWarmup   1: 73344 op, 349727.00 ns, 4.7683 ns/op
OverheadWarmup   2: 73344 op, 329246.00 ns, 4.4891 ns/op
OverheadWarmup   3: 73344 op, 349156.00 ns, 4.7605 ns/op
OverheadWarmup   4: 73344 op, 349136.00 ns, 4.7603 ns/op
OverheadWarmup   5: 73344 op, 352140.00 ns, 4.8012 ns/op
OverheadWarmup   6: 73344 op, 362396.00 ns, 4.9410 ns/op
OverheadWarmup   7: 73344 op, 362907.00 ns, 4.9480 ns/op
OverheadWarmup   8: 73344 op, 349136.00 ns, 4.7603 ns/op

OverheadActual   1: 73344 op, 337028.00 ns, 4.5952 ns/op
OverheadActual   2: 73344 op, 326853.00 ns, 4.4564 ns/op
OverheadActual   3: 73344 op, 331270.00 ns, 4.5167 ns/op
OverheadActual   4: 73344 op, 333662.00 ns, 4.5493 ns/op
OverheadActual   5: 73344 op, 313072.00 ns, 4.2685 ns/op
OverheadActual   6: 73344 op, 364539.00 ns, 4.9703 ns/op
OverheadActual   7: 73344 op, 365550.00 ns, 4.9840 ns/op
OverheadActual   8: 73344 op, 386482.00 ns, 5.2694 ns/op
OverheadActual   9: 73344 op, 387454.00 ns, 5.2827 ns/op
OverheadActual  10: 73344 op, 373102.00 ns, 5.0870 ns/op
OverheadActual  11: 73344 op, 353773.00 ns, 4.8235 ns/op
OverheadActual  12: 73344 op, 357839.00 ns, 4.8789 ns/op

WorkloadWarmup   1: 73344 op, 254609179.00 ns, 3.4714 us/op
WorkloadWarmup   2: 73344 op, 249527948.00 ns, 3.4022 us/op
WorkloadWarmup   3: 73344 op, 249632505.00 ns, 3.4036 us/op
WorkloadWarmup   4: 73344 op, 249339735.00 ns, 3.3996 us/op
WorkloadWarmup   5: 73344 op, 258000134.00 ns, 3.5177 us/op

// BeforeActualRun
WorkloadActual   1: 73344 op, 250062274.00 ns, 3.4094 us/op
WorkloadActual   2: 73344 op, 251830317.00 ns, 3.4336 us/op
WorkloadActual   3: 73344 op, 249539525.00 ns, 3.4023 us/op
WorkloadActual   4: 73344 op, 249737393.00 ns, 3.4050 us/op
WorkloadActual   5: 73344 op, 249177170.00 ns, 3.3974 us/op
WorkloadActual   6: 73344 op, 251285467.00 ns, 3.4261 us/op
WorkloadActual   7: 73344 op, 252024625.00 ns, 3.4362 us/op
WorkloadActual   8: 73344 op, 249448769.00 ns, 3.4011 us/op

// AfterActualRun
WorkloadResult   1: 73344 op, 249706468.00 ns, 3.4046 us/op
WorkloadResult   2: 73344 op, 251474511.00 ns, 3.4287 us/op
WorkloadResult   3: 73344 op, 249183719.00 ns, 3.3975 us/op
WorkloadResult   4: 73344 op, 249381587.00 ns, 3.4002 us/op
WorkloadResult   5: 73344 op, 248821364.00 ns, 3.3925 us/op
WorkloadResult   6: 73344 op, 250929661.00 ns, 3.4213 us/op
WorkloadResult   7: 73344 op, 251668819.00 ns, 3.4313 us/op
WorkloadResult   8: 73344 op, 249092963.00 ns, 3.3962 us/op
// GC:  0 0 0 0 73344
// Threading:  0 0 73344

// AfterAll
// Benchmark Process 4018 has exited with code 0.

Mean = 3.409 μs, StdErr = 0.006 μs (0.16%), N = 8, StdDev = 0.016 μs
Min = 3.393 μs, Q1 = 3.397 μs, Median = 3.402 μs, Q3 = 3.423 μs, Max = 3.431 μs
IQR = 0.026 μs, LowerFence = 3.358 μs, UpperFence = 3.462 μs
ConfidenceInterval = [3.379 μs; 3.439 μs] (CI 99.9%), Margin = 0.030 μs (0.87% of Mean)
Skewness = 0.38, Kurtosis = 1.15, MValue = 2

// ** Remained 58 (61.7 %) benchmark(s) to run. Estimated finish 2026-08-11 9:36 (0h 5m from now) **
// **************************
// Benchmark: FirstMatch.Hyperlinq: Quick(MaxRelativeError=0.05, Arguments=/p:MatrixMode=Benchmark, IterationTime=250ms, MaxIterationCount=12, MaxWarmupIterationCount=5, MinIterationCount=8, MinWarmupIterationCount=3)
// *** Execute ***
// Launch: 1 / 1
// Execute: dotnet Matrix.LinqQueries-Quick-1.dll --anonymousPipes 129 130 --benchmarkName Matrix.LinqQueries.Benchmarks.FirstMatch.Hyperlinq --job Quick --benchmarkId 36 in /home/runner/work/dotnet-matrix/dotnet-matrix/src/Matrix.LinqQueries/bin/Benchmark/Release/net10.0/Matrix.LinqQueries-Quick-1/bin/Release/net10.0
// Failed to set up high priority (Permission denied). In order to run benchmarks with high priority, make sure you have the right permissions.
// BeforeAnythingElse

// Benchmark Process Environment Information:
// BenchmarkDotNet v0.15.8
// Runtime=.NET 10.0.10 (10.0.10, 10.0.1026.32716), X64 RyuJIT x86-64-v3
// GC=Concurrent Workstation
// HardwareIntrinsics=AVX2+BMI1+BMI2+F16C+FMA+LZCNT+MOVBE,AVX,SSE3+SSSE3+SSE4.1+SSE4.2+POPCNT,X86Base+SSE+SSE2,AES+PCLMUL VectorSize=256
// Job: Quick(MaxRelativeError=0.05, IterationTime=250ms, MaxIterationCount=12, MaxWarmupIterationCount=5, MinIterationCount=8, MinWarmupIterationCount=3)

OverheadJitting  1: 1 op, 239461.00 ns, 239.4610 us/op
WorkloadJitting  1: 1 op, 3211359.00 ns, 3.2114 ms/op

OverheadJitting  2: 16 op, 518551.00 ns, 32.4094 us/op
WorkloadJitting  2: 16 op, 2107525.00 ns, 131.7203 us/op

WorkloadPilot    1: 16 op, 945505.00 ns, 59.0941 us/op
WorkloadPilot    2: 4240 op, 192142120.00 ns, 45.3165 us/op
WorkloadPilot    3: 5520 op, 17755544.00 ns, 3.2166 us/op
WorkloadPilot    4: 77728 op, 248227398.00 ns, 3.1935 us/op
WorkloadPilot    5: 78288 op, 249947951.00 ns, 3.1927 us/op
WorkloadPilot    6: 78304 op, 250019829.00 ns, 3.1929 us/op

OverheadWarmup   1: 78304 op, 369326.00 ns, 4.7166 ns/op
OverheadWarmup   2: 78304 op, 411691.00 ns, 5.2576 ns/op
OverheadWarmup   3: 78304 op, 396808.00 ns, 5.0675 ns/op
OverheadWarmup   4: 78304 op, 396768.00 ns, 5.0670 ns/op
OverheadWarmup   5: 78304 op, 379752.00 ns, 4.8497 ns/op
OverheadWarmup   6: 78304 op, 383348.00 ns, 4.8956 ns/op
OverheadWarmup   7: 78304 op, 350538.00 ns, 4.4766 ns/op

OverheadActual   1: 78304 op, 343177.00 ns, 4.3826 ns/op
OverheadActual   2: 78304 op, 332431.00 ns, 4.2454 ns/op
OverheadActual   3: 78304 op, 337189.00 ns, 4.3062 ns/op
OverheadActual   4: 78304 op, 368825.00 ns, 4.7102 ns/op
OverheadActual   5: 78304 op, 322917.00 ns, 4.1239 ns/op
OverheadActual   6: 78304 op, 381695.00 ns, 4.8745 ns/op
OverheadActual   7: 78304 op, 382726.00 ns, 4.8877 ns/op
OverheadActual   8: 78304 op, 385361.00 ns, 4.9213 ns/op
OverheadActual   9: 78304 op, 381986.00 ns, 4.8782 ns/op
OverheadActual  10: 78304 op, 349477.00 ns, 4.4631 ns/op
OverheadActual  11: 78304 op, 353843.00 ns, 4.5188 ns/op
OverheadActual  12: 78304 op, 358250.00 ns, 4.5751 ns/op

WorkloadWarmup   1: 78304 op, 250990532.00 ns, 3.2053 us/op
WorkloadWarmup   2: 78304 op, 250035793.00 ns, 3.1931 us/op
WorkloadWarmup   3: 78304 op, 250201994.00 ns, 3.1953 us/op
WorkloadWarmup   4: 78304 op, 250303917.00 ns, 3.1966 us/op
WorkloadWarmup   5: 78304 op, 250390868.00 ns, 3.1977 us/op

// BeforeActualRun
WorkloadActual   1: 78304 op, 249981201.00 ns, 3.1924 us/op
WorkloadActual   2: 78304 op, 250463427.00 ns, 3.1986 us/op
WorkloadActual   3: 78304 op, 250021772.00 ns, 3.1930 us/op
WorkloadActual   4: 78304 op, 250382646.00 ns, 3.1976 us/op
WorkloadActual   5: 78304 op, 250054091.00 ns, 3.1934 us/op
WorkloadActual   6: 78304 op, 250208434.00 ns, 3.1953 us/op
WorkloadActual   7: 78304 op, 256332066.00 ns, 3.2736 us/op
WorkloadActual   8: 78304 op, 250411190.00 ns, 3.1979 us/op

// AfterActualRun
WorkloadResult   1: 78304 op, 249625154.50 ns, 3.1879 us/op
WorkloadResult   2: 78304 op, 250107380.50 ns, 3.1941 us/op
WorkloadResult   3: 78304 op, 249665725.50 ns, 3.1884 us/op
WorkloadResult   4: 78304 op, 250026599.50 ns, 3.1930 us/op
WorkloadResult   5: 78304 op, 249698044.50 ns, 3.1888 us/op
WorkloadResult   6: 78304 op, 249852387.50 ns, 3.1908 us/op
WorkloadResult   7: 78304 op, 250055143.50 ns, 3.1934 us/op
// GC:  0 0 0 0 78304
// Threading:  0 0 78304

// AfterAll
// Benchmark Process 4027 has exited with code 0.

Mean = 3.191 μs, StdErr = 0.001 μs (0.03%), N = 7, StdDev = 0.003 μs
Min = 3.188 μs, Q1 = 3.189 μs, Median = 3.191 μs, Q3 = 3.193 μs, Max = 3.194 μs
IQR = 0.005 μs, LowerFence = 3.182 μs, UpperFence = 3.200 μs
ConfidenceInterval = [3.185 μs; 3.197 μs] (CI 99.9%), Margin = 0.006 μs (0.18% of Mean)
Skewness = 0.03, Kurtosis = 0.94, MValue = 2

// ** Remained 57 (60.6 %) benchmark(s) to run. Estimated finish 2026-08-11 9:36 (0h 4m from now) **
// **************************
// Benchmark: FirstMatch.LinqAF: Quick(MaxRelativeError=0.05, Arguments=/p:MatrixMode=Benchmark, IterationTime=250ms, MaxIterationCount=12, MaxWarmupIterationCount=5, MinIterationCount=8, MinWarmupIterationCount=3)
// *** Execute ***
// Launch: 1 / 1
// Execute: dotnet Matrix.LinqQueries-Quick-1.dll --anonymousPipes 129 130 --benchmarkName Matrix.LinqQueries.Benchmarks.FirstMatch.LinqAF --job Quick --benchmarkId 37 in /home/runner/work/dotnet-matrix/dotnet-matrix/src/Matrix.LinqQueries/bin/Benchmark/Release/net10.0/Matrix.LinqQueries-Quick-1/bin/Release/net10.0
// Failed to set up high priority (Permission denied). In order to run benchmarks with high priority, make sure you have the right permissions.
// BeforeAnythingElse

// Benchmark Process Environment Information:
// BenchmarkDotNet v0.15.8
// Runtime=.NET 10.0.10 (10.0.10, 10.0.1026.32716), X64 RyuJIT x86-64-v3
// GC=Concurrent Workstation
// HardwareIntrinsics=AVX2+BMI1+BMI2+F16C+FMA+LZCNT+MOVBE,AVX,SSE3+SSSE3+SSE4.1+SSE4.2+POPCNT,X86Base+SSE+SSE2,AES+PCLMUL VectorSize=256
// Job: Quick(MaxRelativeError=0.05, IterationTime=250ms, MaxIterationCount=12, MaxWarmupIterationCount=5, MinIterationCount=8, MinWarmupIterationCount=3)

OverheadJitting  1: 1 op, 267483.00 ns, 267.4830 us/op
WorkloadJitting  1: 1 op, 48654733.00 ns, 48.6547 ms/op

WorkloadPilot    1: 4 op, 1000798.00 ns, 250.1995 us/op
WorkloadPilot    2: 999 op, 70255731.00 ns, 70.3261 us/op
WorkloadPilot    3: 3555 op, 78200944.00 ns, 21.9975 us/op
WorkloadPilot    4: 11365 op, 31999136.00 ns, 2.8156 us/op
WorkloadPilot    5: 88791 op, 250831063.00 ns, 2.8250 us/op
WorkloadPilot    6: 88497 op, 249624325.00 ns, 2.8207 us/op
WorkloadPilot    7: 88630 op, 250677131.00 ns, 2.8284 us/op
WorkloadPilot    8: 88391 op, 249379585.00 ns, 2.8213 us/op
WorkloadPilot    9: 88611 op, 250419594.00 ns, 2.8261 us/op

WorkloadWarmup   1: 88611 op, 249320017.00 ns, 2.8136 us/op
WorkloadWarmup   2: 88611 op, 251699972.00 ns, 2.8405 us/op
WorkloadWarmup   3: 88611 op, 249638887.00 ns, 2.8172 us/op
WorkloadWarmup   4: 88611 op, 250407275.00 ns, 2.8259 us/op
WorkloadWarmup   5: 88611 op, 249797316.00 ns, 2.8190 us/op

// BeforeActualRun
WorkloadActual   1: 88611 op, 249833480.00 ns, 2.8194 us/op
WorkloadActual   2: 88611 op, 249754331.00 ns, 2.8185 us/op
WorkloadActual   3: 88611 op, 249794942.00 ns, 2.8190 us/op
WorkloadActual   4: 88611 op, 249753960.00 ns, 2.8185 us/op
WorkloadActual   5: 88611 op, 250313103.00 ns, 2.8249 us/op
WorkloadActual   6: 88611 op, 249708091.00 ns, 2.8180 us/op
WorkloadActual   7: 88611 op, 250407525.00 ns, 2.8259 us/op
WorkloadActual   8: 88611 op, 249936015.00 ns, 2.8206 us/op

// AfterActualRun
WorkloadResult   1: 88611 op, 249833480.00 ns, 2.8194 us/op
WorkloadResult   2: 88611 op, 249754331.00 ns, 2.8185 us/op
WorkloadResult   3: 88611 op, 249794942.00 ns, 2.8190 us/op
WorkloadResult   4: 88611 op, 249753960.00 ns, 2.8185 us/op
WorkloadResult   5: 88611 op, 250313103.00 ns, 2.8249 us/op
WorkloadResult   6: 88611 op, 249708091.00 ns, 2.8180 us/op
WorkloadResult   7: 88611 op, 250407525.00 ns, 2.8259 us/op
WorkloadResult   8: 88611 op, 249936015.00 ns, 2.8206 us/op
// GC:  0 0 0 0 88611
// Threading:  0 0 88611

// AfterAll
// Benchmark Process 4037 has exited with code 0.

Mean = 2.821 μs, StdErr = 0.001 μs (0.04%), N = 8, StdDev = 0.003 μs
Min = 2.818 μs, Q1 = 2.819 μs, Median = 2.819 μs, Q3 = 2.822 μs, Max = 2.826 μs
IQR = 0.003 μs, LowerFence = 2.814 μs, UpperFence = 2.826 μs
ConfidenceInterval = [2.815 μs; 2.826 μs] (CI 99.9%), Margin = 0.006 μs (0.21% of Mean)
Skewness = 0.81, Kurtosis = 1.73, MValue = 2

// ** Remained 56 (59.6 %) benchmark(s) to run. Estimated finish 2026-08-11 9:36 (0h 4m from now) **
// **************************
// Benchmark: FirstMatch.StructLinq: Quick(MaxRelativeError=0.05, Arguments=/p:MatrixMode=Benchmark, IterationTime=250ms, MaxIterationCount=12, MaxWarmupIterationCount=5, MinIterationCount=8, MinWarmupIterationCount=3)
// *** Execute ***
// Launch: 1 / 1
// Execute: dotnet Matrix.LinqQueries-Quick-1.dll --anonymousPipes 129 130 --benchmarkName Matrix.LinqQueries.Benchmarks.FirstMatch.StructLinq --job Quick --benchmarkId 38 in /home/runner/work/dotnet-matrix/dotnet-matrix/src/Matrix.LinqQueries/bin/Benchmark/Release/net10.0/Matrix.LinqQueries-Quick-1/bin/Release/net10.0
// Failed to set up high priority (Permission denied). In order to run benchmarks with high priority, make sure you have the right permissions.
// BeforeAnythingElse

// Benchmark Process Environment Information:
// BenchmarkDotNet v0.15.8
// Runtime=.NET 10.0.10 (10.0.10, 10.0.1026.32716), X64 RyuJIT x86-64-v3
// GC=Concurrent Workstation
// HardwareIntrinsics=AVX2+BMI1+BMI2+F16C+FMA+LZCNT+MOVBE,AVX,SSE3+SSSE3+SSE4.1+SSE4.2+POPCNT,X86Base+SSE+SSE2,AES+PCLMUL VectorSize=256
// Job: Quick(MaxRelativeError=0.05, IterationTime=250ms, MaxIterationCount=12, MaxWarmupIterationCount=5, MinIterationCount=8, MinWarmupIterationCount=3)

OverheadJitting  1: 1 op, 276286.00 ns, 276.2860 us/op
WorkloadJitting  1: 1 op, 3372432.00 ns, 3.3724 ms/op

OverheadJitting  2: 16 op, 501866.00 ns, 31.3666 us/op
WorkloadJitting  2: 16 op, 2792658.00 ns, 174.5411 us/op

WorkloadPilot    1: 16 op, 1208731.00 ns, 75.5457 us/op
WorkloadPilot    2: 3312 op, 183591836.00 ns, 55.4323 us/op
WorkloadPilot    3: 4512 op, 23650187.00 ns, 5.2416 us/op
WorkloadPilot    4: 47696 op, 247570270.00 ns, 5.1906 us/op
WorkloadPilot    5: 48176 op, 247753786.00 ns, 5.1427 us/op
WorkloadPilot    6: 48624 op, 252626038.00 ns, 5.1955 us/op
WorkloadPilot    7: 48128 op, 247313383.00 ns, 5.1387 us/op
WorkloadPilot    8: 48656 op, 250126872.00 ns, 5.1407 us/op
WorkloadPilot    9: 48640 op, 249812779.00 ns, 5.1360 us/op
WorkloadPilot   10: 48688 op, 251932462.00 ns, 5.1744 us/op

OverheadWarmup   1: 48688 op, 215946.00 ns, 4.4353 ns/op
OverheadWarmup   2: 48688 op, 241384.00 ns, 4.9578 ns/op
OverheadWarmup   3: 48688 op, 260994.00 ns, 5.3605 ns/op
OverheadWarmup   4: 48688 op, 229606.00 ns, 4.7159 ns/op
OverheadWarmup   5: 48688 op, 213482.00 ns, 4.3847 ns/op
OverheadWarmup   6: 48688 op, 206982.00 ns, 4.2512 ns/op
OverheadWarmup   7: 48688 op, 247212.00 ns, 5.0775 ns/op
OverheadWarmup   8: 48688 op, 246571.00 ns, 5.0643 ns/op

OverheadActual   1: 48688 op, 212350.00 ns, 4.3614 ns/op
OverheadActual   2: 48688 op, 206371.00 ns, 4.2386 ns/op
OverheadActual   3: 48688 op, 200483.00 ns, 4.1177 ns/op
OverheadActual   4: 48688 op, 195655.00 ns, 4.0185 ns/op
OverheadActual   5: 48688 op, 211529.00 ns, 4.3446 ns/op
OverheadActual   6: 48688 op, 205460.00 ns, 4.2199 ns/op
OverheadActual   7: 48688 op, 216827.00 ns, 4.4534 ns/op
OverheadActual   8: 48688 op, 212590.00 ns, 4.3664 ns/op
OverheadActual   9: 48688 op, 244729.00 ns, 5.0265 ns/op
OverheadActual  10: 48688 op, 221775.00 ns, 4.5550 ns/op
OverheadActual  11: 48688 op, 233653.00 ns, 4.7990 ns/op
OverheadActual  12: 48688 op, 227563.00 ns, 4.6739 ns/op

WorkloadWarmup   1: 48688 op, 253446564.00 ns, 5.2055 us/op
WorkloadWarmup   2: 48688 op, 250239652.00 ns, 5.1397 us/op
WorkloadWarmup   3: 48688 op, 250210739.00 ns, 5.1391 us/op
WorkloadWarmup   4: 48688 op, 250251670.00 ns, 5.1399 us/op
WorkloadWarmup   5: 48688 op, 250456430.00 ns, 5.1441 us/op

// BeforeActualRun
WorkloadActual   1: 48688 op, 252250253.00 ns, 5.1810 us/op
WorkloadActual   2: 48688 op, 250176548.00 ns, 5.1384 us/op
WorkloadActual   3: 48688 op, 249980753.00 ns, 5.1343 us/op
WorkloadActual   4: 48688 op, 250315948.00 ns, 5.1412 us/op
WorkloadActual   5: 48688 op, 254909199.00 ns, 5.2356 us/op
WorkloadActual   6: 48688 op, 249858419.00 ns, 5.1318 us/op
WorkloadActual   7: 48688 op, 250278902.00 ns, 5.1405 us/op
WorkloadActual   8: 48688 op, 250449168.00 ns, 5.1440 us/op

// AfterActualRun
WorkloadResult   1: 48688 op, 249964078.00 ns, 5.1340 us/op
WorkloadResult   2: 48688 op, 249768283.00 ns, 5.1300 us/op
WorkloadResult   3: 48688 op, 250103478.00 ns, 5.1369 us/op
WorkloadResult   4: 48688 op, 249645949.00 ns, 5.1275 us/op
WorkloadResult   5: 48688 op, 250066432.00 ns, 5.1361 us/op
WorkloadResult   6: 48688 op, 250236698.00 ns, 5.1396 us/op
// GC:  0 0 0 1558016 48688
// Threading:  0 0 48688

// AfterAll
// Benchmark Process 4046 has exited with code 0.

Mean = 5.134 μs, StdErr = 0.002 μs (0.04%), N = 6, StdDev = 0.005 μs
Min = 5.127 μs, Q1 = 5.131 μs, Median = 5.135 μs, Q3 = 5.137 μs, Max = 5.140 μs
IQR = 0.006 μs, LowerFence = 5.122 μs, UpperFence = 5.145 μs
ConfidenceInterval = [5.121 μs; 5.147 μs] (CI 99.9%), Margin = 0.013 μs (0.25% of Mean)
Skewness = -0.24, Kurtosis = 1.24, MValue = 2

// ** Remained 55 (58.5 %) benchmark(s) to run. Estimated finish 2026-08-11 9:36 (0h 4m from now) **
// **************************
// Benchmark: FirstMatch.SystemLinq: Quick(MaxRelativeError=0.05, Arguments=/p:MatrixMode=Benchmark, IterationTime=250ms, MaxIterationCount=12, MaxWarmupIterationCount=5, MinIterationCount=8, MinWarmupIterationCount=3)
// *** Execute ***
// Launch: 1 / 1
// Execute: dotnet Matrix.LinqQueries-Quick-1.dll --anonymousPipes 129 130 --benchmarkName Matrix.LinqQueries.Benchmarks.FirstMatch.SystemLinq --job Quick --benchmarkId 39 in /home/runner/work/dotnet-matrix/dotnet-matrix/src/Matrix.LinqQueries/bin/Benchmark/Release/net10.0/Matrix.LinqQueries-Quick-1/bin/Release/net10.0
// Failed to set up high priority (Permission denied). In order to run benchmarks with high priority, make sure you have the right permissions.
// BeforeAnythingElse

// Benchmark Process Environment Information:
// BenchmarkDotNet v0.15.8
// Runtime=.NET 10.0.10 (10.0.10, 10.0.1026.32716), X64 RyuJIT x86-64-v3
// GC=Concurrent Workstation
// HardwareIntrinsics=AVX2+BMI1+BMI2+F16C+FMA+LZCNT+MOVBE,AVX,SSE3+SSSE3+SSE4.1+SSE4.2+POPCNT,X86Base+SSE+SSE2,AES+PCLMUL VectorSize=256
// Job: Quick(MaxRelativeError=0.05, IterationTime=250ms, MaxIterationCount=12, MaxWarmupIterationCount=5, MinIterationCount=8, MinWarmupIterationCount=3)

OverheadJitting  1: 1 op, 257318.00 ns, 257.3180 us/op
WorkloadJitting  1: 1 op, 494536.00 ns, 494.5360 us/op

OverheadJitting  2: 16 op, 499633.00 ns, 31.2271 us/op
WorkloadJitting  2: 16 op, 767687.00 ns, 47.9804 us/op

WorkloadPilot    1: 16 op, 308134.00 ns, 19.2584 us/op
WorkloadPilot    2: 12992 op, 198478629.00 ns, 15.2770 us/op
WorkloadPilot    3: 16368 op, 45398066.00 ns, 2.7736 us/op
WorkloadPilot    4: 90144 op, 249754462.00 ns, 2.7706 us/op
WorkloadPilot    5: 90240 op, 250153624.00 ns, 2.7721 us/op
WorkloadPilot    6: 90192 op, 250825916.00 ns, 2.7810 us/op
WorkloadPilot    7: 89904 op, 249694772.00 ns, 2.7773 us/op
WorkloadPilot    8: 90016 op, 249479398.00 ns, 2.7715 us/op
WorkloadPilot    9: 90208 op, 249872350.00 ns, 2.7700 us/op
WorkloadPilot   10: 90256 op, 250033652.00 ns, 2.7703 us/op

OverheadWarmup   1: 90256 op, 466173.00 ns, 5.1650 ns/op
OverheadWarmup   2: 90256 op, 434785.00 ns, 4.8172 ns/op
OverheadWarmup   3: 90256 op, 426763.00 ns, 4.7284 ns/op
OverheadWarmup   4: 90256 op, 414444.00 ns, 4.5919 ns/op
OverheadWarmup   5: 90256 op, 452341.00 ns, 5.0118 ns/op
OverheadWarmup   6: 90256 op, 428035.00 ns, 4.7425 ns/op
OverheadWarmup   7: 90256 op, 414724.00 ns, 4.5950 ns/op
OverheadWarmup   8: 90256 op, 441555.00 ns, 4.8923 ns/op
OverheadWarmup   9: 90256 op, 425661.00 ns, 4.7162 ns/op

OverheadActual   1: 90256 op, 441064.00 ns, 4.8868 ns/op
OverheadActual   2: 90256 op, 429478.00 ns, 4.7584 ns/op
OverheadActual   3: 90256 op, 429838.00 ns, 4.7624 ns/op
OverheadActual   4: 90256 op, 430208.00 ns, 4.7665 ns/op
OverheadActual   5: 90256 op, 430318.00 ns, 4.7677 ns/op
OverheadActual   6: 90256 op, 415125.00 ns, 4.5994 ns/op
OverheadActual   7: 90256 op, 441986.00 ns, 4.8970 ns/op
OverheadActual   8: 90256 op, 412041.00 ns, 4.5652 ns/op

WorkloadWarmup   1: 90256 op, 250602239.00 ns, 2.7766 us/op
WorkloadWarmup   2: 90256 op, 264806142.00 ns, 2.9339 us/op
WorkloadWarmup   3: 90256 op, 249841694.00 ns, 2.7681 us/op
WorkloadWarmup   4: 90256 op, 250095646.00 ns, 2.7710 us/op
WorkloadWarmup   5: 90256 op, 249836145.00 ns, 2.7681 us/op

// BeforeActualRun
WorkloadActual   1: 90256 op, 250630893.00 ns, 2.7769 us/op
WorkloadActual   2: 90256 op, 249909966.00 ns, 2.7689 us/op
WorkloadActual   3: 90256 op, 250636821.00 ns, 2.7770 us/op
WorkloadActual   4: 90256 op, 249878639.00 ns, 2.7686 us/op
WorkloadActual   5: 90256 op, 249974333.00 ns, 2.7696 us/op
WorkloadActual   6: 90256 op, 249796516.00 ns, 2.7676 us/op
WorkloadActual   7: 90256 op, 250370850.00 ns, 2.7740 us/op
WorkloadActual   8: 90256 op, 259028466.00 ns, 2.8699 us/op

// AfterActualRun
WorkloadResult   1: 90256 op, 250200870.00 ns, 2.7721 us/op
WorkloadResult   2: 90256 op, 249479943.00 ns, 2.7641 us/op
WorkloadResult   3: 90256 op, 250206798.00 ns, 2.7722 us/op
WorkloadResult   4: 90256 op, 249448616.00 ns, 2.7638 us/op
WorkloadResult   5: 90256 op, 249544310.00 ns, 2.7649 us/op
WorkloadResult   6: 90256 op, 249366493.00 ns, 2.7629 us/op
WorkloadResult   7: 90256 op, 249940827.00 ns, 2.7692 us/op
// GC:  0 0 0 0 90256
// Threading:  0 0 90256

// AfterAll
// Benchmark Process 4059 has exited with code 0.

Mean = 2.767 μs, StdErr = 0.002 μs (0.06%), N = 7, StdDev = 0.004 μs
Min = 2.763 μs, Q1 = 2.764 μs, Median = 2.765 μs, Q3 = 2.771 μs, Max = 2.772 μs
IQR = 0.007 μs, LowerFence = 2.754 μs, UpperFence = 2.781 μs
ConfidenceInterval = [2.758 μs; 2.776 μs] (CI 99.9%), Margin = 0.009 μs (0.33% of Mean)
Skewness = 0.3, Kurtosis = 1.01, MValue = 2

// ** Remained 54 (57.4 %) benchmark(s) to run. Estimated finish 2026-08-11 9:36 (0h 4m from now) **
// **************************
// Benchmark: FirstMatch.ZLinq: Quick(MaxRelativeError=0.05, Arguments=/p:MatrixMode=Benchmark, IterationTime=250ms, MaxIterationCount=12, MaxWarmupIterationCount=5, MinIterationCount=8, MinWarmupIterationCount=3)
// *** Execute ***
// Launch: 1 / 1
// Execute: dotnet Matrix.LinqQueries-Quick-1.dll --anonymousPipes 129 130 --benchmarkName Matrix.LinqQueries.Benchmarks.FirstMatch.ZLinq --job Quick --benchmarkId 40 in /home/runner/work/dotnet-matrix/dotnet-matrix/src/Matrix.LinqQueries/bin/Benchmark/Release/net10.0/Matrix.LinqQueries-Quick-1/bin/Release/net10.0
// Failed to set up high priority (Permission denied). In order to run benchmarks with high priority, make sure you have the right permissions.
// BeforeAnythingElse

// Benchmark Process Environment Information:
// BenchmarkDotNet v0.15.8
// Runtime=.NET 10.0.10 (10.0.10, 10.0.1026.32716), X64 RyuJIT x86-64-v3
// GC=Concurrent Workstation
// HardwareIntrinsics=AVX2+BMI1+BMI2+F16C+FMA+LZCNT+MOVBE,AVX,SSE3+SSSE3+SSE4.1+SSE4.2+POPCNT,X86Base+SSE+SSE2,AES+PCLMUL VectorSize=256
// Job: Quick(MaxRelativeError=0.05, IterationTime=250ms, MaxIterationCount=12, MaxWarmupIterationCount=5, MinIterationCount=8, MinWarmupIterationCount=3)

OverheadJitting  1: 1 op, 260272.00 ns, 260.2720 us/op
WorkloadJitting  1: 1 op, 2431163.00 ns, 2.4312 ms/op

OverheadJitting  2: 16 op, 528446.00 ns, 33.0279 us/op
WorkloadJitting  2: 16 op, 1681153.00 ns, 105.0721 us/op

WorkloadPilot    1: 16 op, 524170.00 ns, 32.7606 us/op
WorkloadPilot    2: 7632 op, 187444402.00 ns, 24.5603 us/op
WorkloadPilot    3: 10192 op, 28536168.00 ns, 2.7999 us/op
WorkloadPilot    4: 89296 op, 250119602.00 ns, 2.8010 us/op
WorkloadPilot    5: 89264 op, 249463083.00 ns, 2.7947 us/op
WorkloadPilot    6: 89456 op, 254907777.00 ns, 2.8495 us/op
WorkloadPilot    7: 87744 op, 246113175.00 ns, 2.8049 us/op
WorkloadPilot    8: 89136 op, 248710649.00 ns, 2.7902 us/op
WorkloadPilot    9: 89600 op, 250407706.00 ns, 2.7947 us/op

OverheadWarmup   1: 89600 op, 447565.00 ns, 4.9951 ns/op
OverheadWarmup   2: 89600 op, 377208.00 ns, 4.2099 ns/op
OverheadWarmup   3: 89600 op, 391610.00 ns, 4.3706 ns/op
OverheadWarmup   4: 89600 op, 422977.00 ns, 4.7207 ns/op
OverheadWarmup   5: 89600 op, 426693.00 ns, 4.7622 ns/op
OverheadWarmup   6: 89600 op, 422797.00 ns, 4.7187 ns/op
OverheadWarmup   7: 89600 op, 373422.00 ns, 4.1677 ns/op
OverheadWarmup   8: 89600 op, 437629.00 ns, 4.8843 ns/op
OverheadWarmup   9: 89600 op, 442276.00 ns, 4.9361 ns/op
OverheadWarmup  10: 89600 op, 422737.00 ns, 4.7180 ns/op

OverheadActual   1: 89600 op, 384449.00 ns, 4.2907 ns/op
OverheadActual   2: 89600 op, 388516.00 ns, 4.3361 ns/op
OverheadActual   3: 89600 op, 426492.00 ns, 4.7600 ns/op
OverheadActual   4: 89600 op, 417770.00 ns, 4.6626 ns/op
OverheadActual   5: 89600 op, 403318.00 ns, 4.5013 ns/op
OverheadActual   6: 89600 op, 380253.00 ns, 4.2439 ns/op
OverheadActual   7: 89600 op, 412822.00 ns, 4.6074 ns/op
OverheadActual   8: 89600 op, 405461.00 ns, 4.5252 ns/op
OverheadActual   9: 89600 op, 413743.00 ns, 4.6177 ns/op
OverheadActual  10: 89600 op, 405812.00 ns, 4.5292 ns/op
OverheadActual  11: 89600 op, 400734.00 ns, 4.4725 ns/op

WorkloadWarmup   1: 89600 op, 253366750.00 ns, 2.8278 us/op
WorkloadWarmup   2: 89600 op, 250275056.00 ns, 2.7932 us/op
WorkloadWarmup   3: 89600 op, 250193873.00 ns, 2.7923 us/op
WorkloadWarmup   4: 89600 op, 250381046.00 ns, 2.7944 us/op
WorkloadWarmup   5: 89600 op, 250730272.00 ns, 2.7983 us/op

// BeforeActualRun
WorkloadActual   1: 89600 op, 250120784.00 ns, 2.7915 us/op
WorkloadActual   2: 89600 op, 249947132.00 ns, 2.7896 us/op
WorkloadActual   3: 89600 op, 250665605.00 ns, 2.7976 us/op
WorkloadActual   4: 89600 op, 252666349.00 ns, 2.8199 us/op
WorkloadActual   5: 89600 op, 250364801.00 ns, 2.7943 us/op
WorkloadActual   6: 89600 op, 250826697.00 ns, 2.7994 us/op
WorkloadActual   7: 89600 op, 250896683.00 ns, 2.8002 us/op
WorkloadActual   8: 89600 op, 249992250.00 ns, 2.7901 us/op

// AfterActualRun
WorkloadResult   1: 89600 op, 249715323.00 ns, 2.7870 us/op
WorkloadResult   2: 89600 op, 249541671.00 ns, 2.7851 us/op
WorkloadResult   3: 89600 op, 250260144.00 ns, 2.7931 us/op
WorkloadResult   4: 89600 op, 249959340.00 ns, 2.7897 us/op
WorkloadResult   5: 89600 op, 250421236.00 ns, 2.7949 us/op
WorkloadResult   6: 89600 op, 250491222.00 ns, 2.7957 us/op
WorkloadResult   7: 89600 op, 249586789.00 ns, 2.7856 us/op
// GC:  0 0 0 0 89600
// Threading:  0 0 89600

// AfterAll
// Benchmark Process 4067 has exited with code 0.

Mean = 2.790 μs, StdErr = 0.002 μs (0.06%), N = 7, StdDev = 0.004 μs
Min = 2.785 μs, Q1 = 2.786 μs, Median = 2.790 μs, Q3 = 2.794 μs, Max = 2.796 μs
IQR = 0.008 μs, LowerFence = 2.775 μs, UpperFence = 2.806 μs
ConfidenceInterval = [2.780 μs; 2.800 μs] (CI 99.9%), Margin = 0.010 μs (0.36% of Mean)
Skewness = 0.07, Kurtosis = 0.99, MValue = 2

// ** Remained 53 (56.4 %) benchmark(s) to run. Estimated finish 2026-08-11 9:36 (0h 4m from now) **
// ***** BenchmarkRunner: Finish  *****

// * Export *
  tmp/dotnet-matrix/LinqQueries/4112bfa66d854e1a9cc414e42f130abf/results/Matrix.LinqQueries.Benchmarks.FirstMatch-report.csv
  tmp/dotnet-matrix/LinqQueries/4112bfa66d854e1a9cc414e42f130abf/results/Matrix.LinqQueries.Benchmarks.FirstMatch-report-github.md
  tmp/dotnet-matrix/LinqQueries/4112bfa66d854e1a9cc414e42f130abf/results/Matrix.LinqQueries.Benchmarks.FirstMatch-report.html
  tmp/dotnet-matrix/LinqQueries/4112bfa66d854e1a9cc414e42f130abf/results/Matrix.LinqQueries.Benchmarks.FirstMatch-report-full.json

// * Detailed results *
FirstMatch.SystemLinq: Quick(MaxRelativeError=0.05, Arguments=/p:MatrixMode=Benchmark, IterationTime=250ms, MaxIterationCount=12, MaxWarmupIterationCount=5, MinIterationCount=8, MinWarmupIterationCount=3)
Runtime = .NET 10.0.10 (10.0.10, 10.0.1026.32716), X64 RyuJIT x86-64-v3; GC = Concurrent Workstation
Mean = 2.767 μs, StdErr = 0.002 μs (0.06%), N = 7, StdDev = 0.004 μs
Min = 2.763 μs, Q1 = 2.764 μs, Median = 2.765 μs, Q3 = 2.771 μs, Max = 2.772 μs
IQR = 0.007 μs, LowerFence = 2.754 μs, UpperFence = 2.781 μs
ConfidenceInterval = [2.758 μs; 2.776 μs] (CI 99.9%), Margin = 0.009 μs (0.33% of Mean)
Skewness = 0.3, Kurtosis = 1.01, MValue = 2
-------------------- Histogram --------------------
[2.760 μs ; 2.775 μs) | @@@@@@@
---------------------------------------------------

FirstMatch.ZLinq: Quick(MaxRelativeError=0.05, Arguments=/p:MatrixMode=Benchmark, IterationTime=250ms, MaxIterationCount=12, MaxWarmupIterationCount=5, MinIterationCount=8, MinWarmupIterationCount=3)
Runtime = .NET 10.0.10 (10.0.10, 10.0.1026.32716), X64 RyuJIT x86-64-v3; GC = Concurrent Workstation
Mean = 2.790 μs, StdErr = 0.002 μs (0.06%), N = 7, StdDev = 0.004 μs
Min = 2.785 μs, Q1 = 2.786 μs, Median = 2.790 μs, Q3 = 2.794 μs, Max = 2.796 μs
IQR = 0.008 μs, LowerFence = 2.775 μs, UpperFence = 2.806 μs
ConfidenceInterval = [2.780 μs; 2.800 μs] (CI 99.9%), Margin = 0.010 μs (0.36% of Mean)
Skewness = 0.07, Kurtosis = 0.99, MValue = 2
-------------------- Histogram --------------------
[2.782 μs ; 2.799 μs) | @@@@@@@
---------------------------------------------------

FirstMatch.LinqAF: Quick(MaxRelativeError=0.05, Arguments=/p:MatrixMode=Benchmark, IterationTime=250ms, MaxIterationCount=12, MaxWarmupIterationCount=5, MinIterationCount=8, MinWarmupIterationCount=3)
Runtime = .NET 10.0.10 (10.0.10, 10.0.1026.32716), X64 RyuJIT x86-64-v3; GC = Concurrent Workstation
Mean = 2.821 μs, StdErr = 0.001 μs (0.04%), N = 8, StdDev = 0.003 μs
Min = 2.818 μs, Q1 = 2.819 μs, Median = 2.819 μs, Q3 = 2.822 μs, Max = 2.826 μs
IQR = 0.003 μs, LowerFence = 2.814 μs, UpperFence = 2.826 μs
ConfidenceInterval = [2.815 μs; 2.826 μs] (CI 99.9%), Margin = 0.006 μs (0.21% of Mean)
Skewness = 0.81, Kurtosis = 1.73, MValue = 2
-------------------- Histogram --------------------
[2.816 μs ; 2.828 μs) | @@@@@@@@
---------------------------------------------------

FirstMatch.Hyperlinq: Quick(MaxRelativeError=0.05, Arguments=/p:MatrixMode=Benchmark, IterationTime=250ms, MaxIterationCount=12, MaxWarmupIterationCount=5, MinIterationCount=8, MinWarmupIterationCount=3)
Runtime = .NET 10.0.10 (10.0.10, 10.0.1026.32716), X64 RyuJIT x86-64-v3; GC = Concurrent Workstation
Mean = 3.191 μs, StdErr = 0.001 μs (0.03%), N = 7, StdDev = 0.003 μs
Min = 3.188 μs, Q1 = 3.189 μs, Median = 3.191 μs, Q3 = 3.193 μs, Max = 3.194 μs
IQR = 0.005 μs, LowerFence = 3.182 μs, UpperFence = 3.200 μs
ConfidenceInterval = [3.185 μs; 3.197 μs] (CI 99.9%), Margin = 0.006 μs (0.18% of Mean)
Skewness = 0.03, Kurtosis = 0.94, MValue = 2
-------------------- Histogram --------------------
[3.186 μs ; 3.196 μs) | @@@@@@@
---------------------------------------------------

FirstMatch.HandCoded: Quick(MaxRelativeError=0.05, Arguments=/p:MatrixMode=Benchmark, IterationTime=250ms, MaxIterationCount=12, MaxWarmupIterationCount=5, MinIterationCount=8, MinWarmupIterationCount=3)
Runtime = .NET 10.0.10 (10.0.10, 10.0.1026.32716), X64 RyuJIT x86-64-v3; GC = Concurrent Workstation
Mean = 3.409 μs, StdErr = 0.006 μs (0.16%), N = 8, StdDev = 0.016 μs
Min = 3.393 μs, Q1 = 3.397 μs, Median = 3.402 μs, Q3 = 3.423 μs, Max = 3.431 μs
IQR = 0.026 μs, LowerFence = 3.358 μs, UpperFence = 3.462 μs
ConfidenceInterval = [3.379 μs; 3.439 μs] (CI 99.9%), Margin = 0.030 μs (0.87% of Mean)
Skewness = 0.38, Kurtosis = 1.15, MValue = 2
-------------------- Histogram --------------------
[3.382 μs ; 3.442 μs) | @@@@@@@@
---------------------------------------------------

FirstMatch.StructLinq: Quick(MaxRelativeError=0.05, Arguments=/p:MatrixMode=Benchmark, IterationTime=250ms, MaxIterationCount=12, MaxWarmupIterationCount=5, MinIterationCount=8, MinWarmupIterationCount=3)
Runtime = .NET 10.0.10 (10.0.10, 10.0.1026.32716), X64 RyuJIT x86-64-v3; GC = Concurrent Workstation
Mean = 5.134 μs, StdErr = 0.002 μs (0.04%), N = 6, StdDev = 0.005 μs
Min = 5.127 μs, Q1 = 5.131 μs, Median = 5.135 μs, Q3 = 5.137 μs, Max = 5.140 μs
IQR = 0.006 μs, LowerFence = 5.122 μs, UpperFence = 5.145 μs
ConfidenceInterval = [5.121 μs; 5.147 μs] (CI 99.9%), Margin = 0.013 μs (0.25% of Mean)
Skewness = -0.24, Kurtosis = 1.24, MValue = 2
-------------------- Histogram --------------------
[5.124 μs ; 5.143 μs) | @@@@@@
---------------------------------------------------

// * Summary *

BenchmarkDotNet v0.15.8, Linux Ubuntu 24.04.4 LTS (Noble Numbat)
AMD EPYC 9V74 2.60GHz, 1 CPU, 4 logical and 2 physical cores
.NET SDK 10.0.302
  [Host] : .NET 10.0.10 (10.0.10, 10.0.1026.32716), X64 RyuJIT x86-64-v3
  Quick  : .NET 10.0.10 (10.0.10, 10.0.1026.32716), X64 RyuJIT x86-64-v3

Job=Quick  MaxRelativeError=0.05  Arguments=/p:MatrixMode=Benchmark  
IterationTime=250ms  MaxIterationCount=12  MaxWarmupIterationCount=5  
MinIterationCount=8  MinWarmupIterationCount=3  

| Method     | Mean     | Error     | StdDev    | Ratio | Allocated | Alloc Ratio |
|----------- |---------:|----------:|----------:|------:|----------:|------------:|
| SystemLinq | 2.767 μs | 0.0091 μs | 0.0040 μs |  0.81 |         - |          NA |
| ZLinq      | 2.790 μs | 0.0100 μs | 0.0044 μs |  0.82 |         - |          NA |
| LinqAF     | 2.821 μs | 0.0058 μs | 0.0031 μs |  0.83 |         - |          NA |
| Hyperlinq  | 3.191 μs | 0.0058 μs | 0.0026 μs |  0.94 |         - |          NA |
| HandCoded  | 3.409 μs | 0.0298 μs | 0.0156 μs |  1.00 |         - |          NA |
| StructLinq | 5.134 μs | 0.0127 μs | 0.0045 μs |  1.51 |      32 B |          NA |

// * Hints *
Outliers
  FirstMatch.SystemLinq: Quick -> 1 outlier  was  removed (2.87 μs)
  FirstMatch.ZLinq: Quick      -> 1 outlier  was  removed (2.82 μs)
  FirstMatch.Hyperlinq: Quick  -> 1 outlier  was  removed (3.27 μs)
  FirstMatch.StructLinq: Quick -> 2 outliers were removed (5.18 μs, 5.24 μs)

// * Legends *
  Mean        : Arithmetic mean of all measurements
  Error       : Half of 99.9% confidence interval
  StdDev      : Standard deviation of all measurements
  Ratio       : Mean of the ratio distribution ([Current]/[Baseline])
  Allocated   : Allocated memory per single operation (managed only, inclusive, 1KB = 1024B)
  Alloc Ratio : Allocated memory ratio distribution ([Current]/[Baseline])
  1 μs        : 1 Microsecond (0.000001 sec)

// * Diagnostic Output - MemoryDiagnoser *


// ***** BenchmarkRunner: End *****
Run time: 00:00:31 (31.81 sec), executed benchmarks: 6

// Found 6 benchmarks:
//   FlattenSelectMany.HandCoded: Quick(MaxRelativeError=0.05, Arguments=/p:MatrixMode=Benchmark, IterationTime=250ms, MaxIterationCount=12, MaxWarmupIterationCount=5, MinIterationCount=8, MinWarmupIterationCount=3)
//   FlattenSelectMany.Hyperlinq: Quick(MaxRelativeError=0.05, Arguments=/p:MatrixMode=Benchmark, IterationTime=250ms, MaxIterationCount=12, MaxWarmupIterationCount=5, MinIterationCount=8, MinWarmupIterationCount=3)
//   FlattenSelectMany.LinqAF: Quick(MaxRelativeError=0.05, Arguments=/p:MatrixMode=Benchmark, IterationTime=250ms, MaxIterationCount=12, MaxWarmupIterationCount=5, MinIterationCount=8, MinWarmupIterationCount=3)
//   FlattenSelectMany.StructLinq: Quick(MaxRelativeError=0.05, Arguments=/p:MatrixMode=Benchmark, IterationTime=250ms, MaxIterationCount=12, MaxWarmupIterationCount=5, MinIterationCount=8, MinWarmupIterationCount=3)
//   FlattenSelectMany.SystemLinq: Quick(MaxRelativeError=0.05, Arguments=/p:MatrixMode=Benchmark, IterationTime=250ms, MaxIterationCount=12, MaxWarmupIterationCount=5, MinIterationCount=8, MinWarmupIterationCount=3)
//   FlattenSelectMany.ZLinq: Quick(MaxRelativeError=0.05, Arguments=/p:MatrixMode=Benchmark, IterationTime=250ms, MaxIterationCount=12, MaxWarmupIterationCount=5, MinIterationCount=8, MinWarmupIterationCount=3)

// **************************
// Benchmark: FlattenSelectMany.HandCoded: Quick(MaxRelativeError=0.05, Arguments=/p:MatrixMode=Benchmark, IterationTime=250ms, MaxIterationCount=12, MaxWarmupIterationCount=5, MinIterationCount=8, MinWarmupIterationCount=3)
// *** Execute ***
// Launch: 1 / 1
// Execute: dotnet Matrix.LinqQueries-Quick-1.dll --anonymousPipes 129 130 --benchmarkName Matrix.LinqQueries.Benchmarks.FlattenSelectMany.HandCoded --job Quick --benchmarkId 41 in /home/runner/work/dotnet-matrix/dotnet-matrix/src/Matrix.LinqQueries/bin/Benchmark/Release/net10.0/Matrix.LinqQueries-Quick-1/bin/Release/net10.0
// Failed to set up high priority (Permission denied). In order to run benchmarks with high priority, make sure you have the right permissions.
// BeforeAnythingElse

// Benchmark Process Environment Information:
// BenchmarkDotNet v0.15.8
// Runtime=.NET 10.0.10 (10.0.10, 10.0.1026.32716), X64 RyuJIT x86-64-v3
// GC=Concurrent Workstation
// HardwareIntrinsics=AVX2+BMI1+BMI2+F16C+FMA+LZCNT+MOVBE,AVX,SSE3+SSSE3+SSE4.1+SSE4.2+POPCNT,X86Base+SSE+SSE2,AES+PCLMUL VectorSize=256
// Job: Quick(MaxRelativeError=0.05, IterationTime=250ms, MaxIterationCount=12, MaxWarmupIterationCount=5, MinIterationCount=8, MinWarmupIterationCount=3)

OverheadJitting  1: 1 op, 272270.00 ns, 272.2700 us/op
WorkloadJitting  1: 1 op, 703440.00 ns, 703.4400 us/op

OverheadJitting  2: 16 op, 529018.00 ns, 33.0636 us/op
WorkloadJitting  2: 16 op, 1225777.00 ns, 76.6111 us/op

WorkloadPilot    1: 16 op, 647606.00 ns, 40.4754 us/op
WorkloadPilot    2: 6192 op, 109511824.00 ns, 17.6860 us/op
WorkloadPilot    3: 14144 op, 151655786.00 ns, 10.7223 us/op
WorkloadPilot    4: 23328 op, 193467278.00 ns, 8.2934 us/op
WorkloadPilot    5: 30160 op, 251965974.00 ns, 8.3543 us/op
WorkloadPilot    6: 29936 op, 251026628.00 ns, 8.3854 us/op
WorkloadPilot    7: 29824 op, 249250312.00 ns, 8.3574 us/op
WorkloadPilot    8: 29920 op, 252243480.00 ns, 8.4306 us/op

OverheadWarmup   1: 29920 op, 143356.00 ns, 4.7913 ns/op
OverheadWarmup   2: 29920 op, 130858.00 ns, 4.3736 ns/op
OverheadWarmup   3: 29920 op, 144417.00 ns, 4.8268 ns/op
OverheadWarmup   4: 29920 op, 145830.00 ns, 4.8740 ns/op
OverheadWarmup   5: 29920 op, 142675.00 ns, 4.7685 ns/op
OverheadWarmup   6: 29920 op, 130817.00 ns, 4.3722 ns/op
OverheadWarmup   7: 29920 op, 125439.00 ns, 4.1925 ns/op
OverheadWarmup   8: 29920 op, 130867.00 ns, 4.3739 ns/op
OverheadWarmup   9: 29920 op, 133931.00 ns, 4.4763 ns/op
OverheadWarmup  10: 29920 op, 130868.00 ns, 4.3739 ns/op

OverheadActual   1: 29920 op, 121864.00 ns, 4.0730 ns/op
OverheadActual   2: 29920 op, 130927.00 ns, 4.3759 ns/op
OverheadActual   3: 29920 op, 131158.00 ns, 4.3836 ns/op
OverheadActual   4: 29920 op, 130106.00 ns, 4.3485 ns/op
OverheadActual   5: 29920 op, 120482.00 ns, 4.0268 ns/op
OverheadActual   6: 29920 op, 128183.00 ns, 4.2842 ns/op
OverheadActual   7: 29920 op, 131498.00 ns, 4.3950 ns/op
OverheadActual   8: 29920 op, 150296.00 ns, 5.0233 ns/op
OverheadActual   9: 29920 op, 130827.00 ns, 4.3726 ns/op
OverheadActual  10: 29920 op, 134383.00 ns, 4.4914 ns/op
OverheadActual  11: 29920 op, 123657.00 ns, 4.1329 ns/op
OverheadActual  12: 29920 op, 132389.00 ns, 4.4248 ns/op

WorkloadWarmup   1: 29920 op, 265926542.00 ns, 8.8879 us/op
WorkloadWarmup   2: 29920 op, 260078005.00 ns, 8.6924 us/op
WorkloadWarmup   3: 29920 op, 257130595.00 ns, 8.5939 us/op
WorkloadWarmup   4: 29920 op, 247621348.00 ns, 8.2761 us/op
WorkloadWarmup   5: 29920 op, 243030181.00 ns, 8.1227 us/op

// BeforeActualRun
WorkloadActual   1: 29920 op, 249767642.00 ns, 8.3478 us/op
WorkloadActual   2: 29920 op, 252752499.00 ns, 8.4476 us/op
WorkloadActual   3: 29920 op, 251213290.00 ns, 8.3962 us/op
WorkloadActual   4: 29920 op, 248624099.00 ns, 8.3096 us/op
WorkloadActual   5: 29920 op, 247734198.00 ns, 8.2799 us/op
WorkloadActual   6: 29920 op, 250003527.00 ns, 8.3557 us/op
WorkloadActual   7: 29920 op, 248290657.00 ns, 8.2985 us/op
WorkloadActual   8: 29920 op, 247744343.00 ns, 8.2802 us/op

// AfterActualRun
WorkloadResult   1: 29920 op, 249636765.00 ns, 8.3435 us/op
WorkloadResult   2: 29920 op, 252621622.00 ns, 8.4432 us/op
WorkloadResult   3: 29920 op, 251082413.00 ns, 8.3918 us/op
WorkloadResult   4: 29920 op, 248493222.00 ns, 8.3053 us/op
WorkloadResult   5: 29920 op, 247603321.00 ns, 8.2755 us/op
WorkloadResult   6: 29920 op, 249872650.00 ns, 8.3514 us/op
WorkloadResult   7: 29920 op, 248159780.00 ns, 8.2941 us/op
WorkloadResult   8: 29920 op, 247613466.00 ns, 8.2759 us/op
// GC:  71 0 0 1197518080 29920
// Threading:  0 0 29920

// AfterAll
// Benchmark Process 4076 has exited with code 0.

Mean = 8.335 μs, StdErr = 0.021 μs (0.25%), N = 8, StdDev = 0.060 μs
Min = 8.276 μs, Q1 = 8.290 μs, Median = 8.324 μs, Q3 = 8.361 μs, Max = 8.443 μs
IQR = 0.072 μs, LowerFence = 8.182 μs, UpperFence = 8.469 μs
ConfidenceInterval = [8.221 μs; 8.449 μs] (CI 99.9%), Margin = 0.114 μs (1.37% of Mean)
Skewness = 0.55, Kurtosis = 1.74, MValue = 2

// ** Remained 52 (55.3 %) benchmark(s) to run. Estimated finish 2026-08-11 9:36 (0h 4m from now) **
// **************************
// Benchmark: FlattenSelectMany.Hyperlinq: Quick(MaxRelativeError=0.05, Arguments=/p:MatrixMode=Benchmark, IterationTime=250ms, MaxIterationCount=12, MaxWarmupIterationCount=5, MinIterationCount=8, MinWarmupIterationCount=3)
// *** Execute ***
// Launch: 1 / 1
// Execute: dotnet Matrix.LinqQueries-Quick-1.dll --anonymousPipes 129 130 --benchmarkName Matrix.LinqQueries.Benchmarks.FlattenSelectMany.Hyperlinq --job Quick --benchmarkId 42 in /home/runner/work/dotnet-matrix/dotnet-matrix/src/Matrix.LinqQueries/bin/Benchmark/Release/net10.0/Matrix.LinqQueries-Quick-1/bin/Release/net10.0
// Failed to set up high priority (Permission denied). In order to run benchmarks with high priority, make sure you have the right permissions.
// BeforeAnythingElse

// Benchmark Process Environment Information:
// BenchmarkDotNet v0.15.8
// Runtime=.NET 10.0.10 (10.0.10, 10.0.1026.32716), X64 RyuJIT x86-64-v3
// GC=Concurrent Workstation
// HardwareIntrinsics=AVX2+BMI1+BMI2+F16C+FMA+LZCNT+MOVBE,AVX,SSE3+SSSE3+SSE4.1+SSE4.2+POPCNT,X86Base+SSE+SSE2,AES+PCLMUL VectorSize=256
// Job: Quick(MaxRelativeError=0.05, IterationTime=250ms, MaxIterationCount=12, MaxWarmupIterationCount=5, MinIterationCount=8, MinWarmupIterationCount=3)

OverheadJitting  1: 1 op, 280944.00 ns, 280.9440 us/op
WorkloadJitting  1: 1 op, 6487745.00 ns, 6.4877 ms/op

OverheadJitting  2: 16 op, 518571.00 ns, 32.4107 us/op
WorkloadJitting  2: 16 op, 6623049.00 ns, 413.9406 us/op

WorkloadPilot    1: 16 op, 5875623.00 ns, 367.2264 us/op
WorkloadPilot    2: 688 op, 187152012.00 ns, 272.0233 us/op
WorkloadPilot    3: 928 op, 33503117.00 ns, 36.1025 us/op
WorkloadPilot    4: 6928 op, 234105935.00 ns, 33.7913 us/op
WorkloadPilot    5: 7408 op, 248709548.00 ns, 33.5731 us/op
WorkloadPilot    6: 7456 op, 254785912.00 ns, 34.1719 us/op
WorkloadPilot    7: 7328 op, 247115516.00 ns, 33.7221 us/op
WorkloadPilot    8: 7424 op, 249817386.00 ns, 33.6500 us/op
WorkloadPilot    9: 7440 op, 253961881.00 ns, 34.1347 us/op
WorkloadPilot   10: 7328 op, 246270543.00 ns, 33.6068 us/op
WorkloadPilot   11: 7440 op, 259777748.00 ns, 34.9164 us/op

OverheadWarmup   1: 7440 op, 48733.00 ns, 6.5501 ns/op
OverheadWarmup   2: 7440 op, 41913.00 ns, 5.6335 ns/op
OverheadWarmup   3: 7440 op, 41432.00 ns, 5.5688 ns/op
OverheadWarmup   4: 7440 op, 41443.00 ns, 5.5703 ns/op
OverheadWarmup   5: 7440 op, 41723.00 ns, 5.6079 ns/op
OverheadWarmup   6: 7440 op, 41473.00 ns, 5.5743 ns/op
OverheadWarmup   7: 7440 op, 41503.00 ns, 5.5784 ns/op
OverheadWarmup   8: 7440 op, 41453.00 ns, 5.5716 ns/op

OverheadActual   1: 7440 op, 43626.00 ns, 5.8637 ns/op
OverheadActual   2: 7440 op, 41903.00 ns, 5.6321 ns/op
OverheadActual   3: 7440 op, 43515.00 ns, 5.8488 ns/op
OverheadActual   4: 7440 op, 41823.00 ns, 5.6214 ns/op
OverheadActual   5: 7440 op, 41793.00 ns, 5.6173 ns/op
OverheadActual   6: 7440 op, 42685.00 ns, 5.7372 ns/op
OverheadActual   7: 7440 op, 41913.00 ns, 5.6335 ns/op
OverheadActual   8: 7440 op, 41523.00 ns, 5.5810 ns/op

WorkloadWarmup   1: 7440 op, 263810259.00 ns, 35.4584 us/op
WorkloadWarmup   2: 7440 op, 262513185.00 ns, 35.2840 us/op
WorkloadWarmup   3: 7440 op, 263230826.00 ns, 35.3805 us/op
WorkloadWarmup   4: 7440 op, 279029749.00 ns, 37.5040 us/op
WorkloadWarmup   5: 7440 op, 264024376.00 ns, 35.4871 us/op

// BeforeActualRun
WorkloadActual   1: 7440 op, 264612738.00 ns, 35.5662 us/op
WorkloadActual   2: 7440 op, 265091329.00 ns, 35.6306 us/op
WorkloadActual   3: 7440 op, 267269541.00 ns, 35.9233 us/op
WorkloadActual   4: 7440 op, 263295237.00 ns, 35.3891 us/op
WorkloadActual   5: 7440 op, 261375273.00 ns, 35.1311 us/op
WorkloadActual   6: 7440 op, 262073015.00 ns, 35.2249 us/op
WorkloadActual   7: 7440 op, 256207067.00 ns, 34.4364 us/op
WorkloadActual   8: 7440 op, 262036139.00 ns, 35.2199 us/op

// AfterActualRun
WorkloadResult   1: 7440 op, 264570830.00 ns, 35.5606 us/op
WorkloadResult   2: 7440 op, 265049421.00 ns, 35.6249 us/op
WorkloadResult   3: 7440 op, 267227633.00 ns, 35.9177 us/op
WorkloadResult   4: 7440 op, 263253329.00 ns, 35.3835 us/op
WorkloadResult   5: 7440 op, 261333365.00 ns, 35.1255 us/op
WorkloadResult   6: 7440 op, 262031107.00 ns, 35.2192 us/op
WorkloadResult   7: 7440 op, 256165159.00 ns, 34.4308 us/op
WorkloadResult   8: 7440 op, 261994231.00 ns, 35.2143 us/op
// GC:  47 0 0 790008960 7440
// Threading:  0 0 7440

// AfterAll
// Benchmark Process 4086 has exited with code 0.

Mean = 35.310 μs, StdErr = 0.156 μs (0.44%), N = 8, StdDev = 0.441 μs
Min = 34.431 μs, Q1 = 35.192 μs, Median = 35.301 μs, Q3 = 35.577 μs, Max = 35.918 μs
IQR = 0.385 μs, LowerFence = 34.615 μs, UpperFence = 36.154 μs
ConfidenceInterval = [34.466 μs; 36.153 μs] (CI 99.9%), Margin = 0.843 μs (2.39% of Mean)
Skewness = -0.6, Kurtosis = 2.47, MValue = 2

// ** Remained 51 (54.3 %) benchmark(s) to run. Estimated finish 2026-08-11 9:36 (0h 4m from now) **
// **************************
// Benchmark: FlattenSelectMany.LinqAF: Quick(MaxRelativeError=0.05, Arguments=/p:MatrixMode=Benchmark, IterationTime=250ms, MaxIterationCount=12, MaxWarmupIterationCount=5, MinIterationCount=8, MinWarmupIterationCount=3)
// *** Execute ***
// Launch: 1 / 1
// Execute: dotnet Matrix.LinqQueries-Quick-1.dll --anonymousPipes 129 130 --benchmarkName Matrix.LinqQueries.Benchmarks.FlattenSelectMany.LinqAF --job Quick --benchmarkId 43 in /home/runner/work/dotnet-matrix/dotnet-matrix/src/Matrix.LinqQueries/bin/Benchmark/Release/net10.0/Matrix.LinqQueries-Quick-1/bin/Release/net10.0
// Failed to set up high priority (Permission denied). In order to run benchmarks with high priority, make sure you have the right permissions.
// BeforeAnythingElse

// Benchmark Process Environment Information:
// BenchmarkDotNet v0.15.8
// Runtime=.NET 10.0.10 (10.0.10, 10.0.1026.32716), X64 RyuJIT x86-64-v3
// GC=Concurrent Workstation
// HardwareIntrinsics=AVX2+BMI1+BMI2+F16C+FMA+LZCNT+MOVBE,AVX,SSE3+SSSE3+SSE4.1+SSE4.2+POPCNT,X86Base+SSE+SSE2,AES+PCLMUL VectorSize=256
// Job: Quick(MaxRelativeError=0.05, IterationTime=250ms, MaxIterationCount=12, MaxWarmupIterationCount=5, MinIterationCount=8, MinWarmupIterationCount=3)

OverheadJitting  1: 1 op, 242375.00 ns, 242.3750 us/op
WorkloadJitting  1: 1 op, 88270477.00 ns, 88.2705 ms/op

WorkloadPilot    1: 4 op, 1762045.00 ns, 440.5113 us/op
WorkloadPilot    2: 568 op, 178981862.00 ns, 315.1089 us/op
WorkloadPilot    3: 793 op, 89185576.00 ns, 112.4660 us/op
WorkloadPilot    4: 2223 op, 178254196.00 ns, 80.1863 us/op
WorkloadPilot    5: 3118 op, 259248590.00 ns, 83.1458 us/op
WorkloadPilot    6: 3007 op, 249365599.00 ns, 82.9284 us/op
WorkloadPilot    7: 3015 op, 257578193.00 ns, 85.4322 us/op
WorkloadPilot    8: 2926 op, 248414085.00 ns, 84.8989 us/op
WorkloadPilot    9: 2945 op, 251311871.00 ns, 85.3351 us/op

WorkloadWarmup   1: 2945 op, 237695786.00 ns, 80.7116 us/op
WorkloadWarmup   2: 2945 op, 244069820.00 ns, 82.8760 us/op
WorkloadWarmup   3: 2945 op, 246093970.00 ns, 83.5633 us/op
WorkloadWarmup   4: 2945 op, 247725608.00 ns, 84.1174 us/op
WorkloadWarmup   5: 2945 op, 236716450.00 ns, 80.3791 us/op

// BeforeActualRun
WorkloadActual   1: 2945 op, 235789955.00 ns, 80.0645 us/op
WorkloadActual   2: 2945 op, 242016196.00 ns, 82.1787 us/op
WorkloadActual   3: 2945 op, 251093542.00 ns, 85.2610 us/op
WorkloadActual   4: 2945 op, 240049222.00 ns, 81.5108 us/op
WorkloadActual   5: 2945 op, 246890740.00 ns, 83.8339 us/op
WorkloadActual   6: 2945 op, 244627540.00 ns, 83.0654 us/op
WorkloadActual   7: 2945 op, 237037044.00 ns, 80.4880 us/op
WorkloadActual   8: 2945 op, 249247280.00 ns, 84.6341 us/op

// AfterActualRun
WorkloadResult   1: 2945 op, 235789955.00 ns, 80.0645 us/op
WorkloadResult   2: 2945 op, 242016196.00 ns, 82.1787 us/op
WorkloadResult   3: 2945 op, 251093542.00 ns, 85.2610 us/op
WorkloadResult   4: 2945 op, 240049222.00 ns, 81.5108 us/op
WorkloadResult   5: 2945 op, 246890740.00 ns, 83.8339 us/op
WorkloadResult   6: 2945 op, 244627540.00 ns, 83.0654 us/op
WorkloadResult   7: 2945 op, 237037044.00 ns, 80.4880 us/op
WorkloadResult   8: 2945 op, 249247280.00 ns, 84.6341 us/op
// GC:  27 2 0 456498560 2945
// Threading:  0 0 2945

// AfterAll
// Benchmark Process 4101 has exited with code 0.

Mean = 82.630 μs, StdErr = 0.671 μs (0.81%), N = 8, StdDev = 1.897 μs
Min = 80.065 μs, Q1 = 81.255 μs, Median = 82.622 μs, Q3 = 84.034 μs, Max = 85.261 μs
IQR = 2.779 μs, LowerFence = 77.087 μs, UpperFence = 88.202 μs
ConfidenceInterval = [79.002 μs; 86.257 μs] (CI 99.9%), Margin = 3.628 μs (4.39% of Mean)
Skewness = -0, Kurtosis = 1.27, MValue = 2

// ** Remained 50 (53.2 %) benchmark(s) to run. Estimated finish 2026-08-11 9:36 (0h 4m from now) **
// **************************
// Benchmark: FlattenSelectMany.StructLinq: Quick(MaxRelativeError=0.05, Arguments=/p:MatrixMode=Benchmark, IterationTime=250ms, MaxIterationCount=12, MaxWarmupIterationCount=5, MinIterationCount=8, MinWarmupIterationCount=3)
// *** Execute ***
// Launch: 1 / 1
// Execute: dotnet Matrix.LinqQueries-Quick-1.dll --anonymousPipes 131 132 --benchmarkName Matrix.LinqQueries.Benchmarks.FlattenSelectMany.StructLinq --job Quick --benchmarkId 44 in /home/runner/work/dotnet-matrix/dotnet-matrix/src/Matrix.LinqQueries/bin/Benchmark/Release/net10.0/Matrix.LinqQueries-Quick-1/bin/Release/net10.0
// Failed to set up high priority (Permission denied). In order to run benchmarks with high priority, make sure you have the right permissions.
// BeforeAnythingElse

// Benchmark Process Environment Information:
// BenchmarkDotNet v0.15.8
// Runtime=.NET 10.0.10 (10.0.10, 10.0.1026.32716), X64 RyuJIT x86-64-v3
// GC=Concurrent Workstation
// HardwareIntrinsics=AVX2+BMI1+BMI2+F16C+FMA+LZCNT+MOVBE,AVX,SSE3+SSSE3+SSE4.1+SSE4.2+POPCNT,X86Base+SSE+SSE2,AES+PCLMUL VectorSize=256
// Job: Quick(MaxRelativeError=0.05, IterationTime=250ms, MaxIterationCount=12, MaxWarmupIterationCount=5, MinIterationCount=8, MinWarmupIterationCount=3)

OverheadJitting  1: 1 op, 238339.00 ns, 238.3390 us/op
WorkloadJitting  1: 1 op, 5591375.00 ns, 5.5914 ms/op

OverheadJitting  2: 16 op, 513884.00 ns, 32.1178 us/op
WorkloadJitting  2: 16 op, 4797568.00 ns, 299.8480 us/op

WorkloadPilot    1: 16 op, 4200960.00 ns, 262.5600 us/op
WorkloadPilot    2: 960 op, 190696207.00 ns, 198.6419 us/op
WorkloadPilot    3: 1264 op, 52871611.00 ns, 41.8288 us/op
WorkloadPilot    4: 5984 op, 265671958.00 ns, 44.3971 us/op
WorkloadPilot    5: 5632 op, 257542702.00 ns, 45.7285 us/op
WorkloadPilot    6: 5472 op, 257106817.00 ns, 46.9859 us/op

OverheadWarmup   1: 5472 op, 26310.00 ns, 4.8081 ns/op
OverheadWarmup   2: 5472 op, 26650.00 ns, 4.8702 ns/op
OverheadWarmup   3: 5472 op, 26290.00 ns, 4.8045 ns/op
OverheadWarmup   4: 5472 op, 22513.00 ns, 4.1142 ns/op
OverheadWarmup   5: 5472 op, 24477.00 ns, 4.4731 ns/op
OverheadWarmup   6: 5472 op, 24437.00 ns, 4.4658 ns/op

OverheadActual   1: 5472 op, 22604.00 ns, 4.1308 ns/op
OverheadActual   2: 5472 op, 22534.00 ns, 4.1181 ns/op
OverheadActual   3: 5472 op, 22564.00 ns, 4.1235 ns/op
OverheadActual   4: 5472 op, 22524.00 ns, 4.1162 ns/op
OverheadActual   5: 5472 op, 22544.00 ns, 4.1199 ns/op
OverheadActual   6: 5472 op, 27442.00 ns, 5.0150 ns/op
OverheadActual   7: 5472 op, 22584.00 ns, 4.1272 ns/op
OverheadActual   8: 5472 op, 22504.00 ns, 4.1126 ns/op

WorkloadWarmup   1: 5472 op, 262037347.00 ns, 47.8869 us/op
WorkloadWarmup   2: 5472 op, 259338671.00 ns, 47.3938 us/op
WorkloadWarmup   3: 5472 op, 255543853.00 ns, 46.7003 us/op
WorkloadWarmup   4: 5472 op, 253509908.00 ns, 46.3286 us/op
WorkloadWarmup   5: 5472 op, 256167743.00 ns, 46.8143 us/op

// BeforeActualRun
WorkloadActual   1: 5472 op, 261417553.00 ns, 47.7737 us/op
WorkloadActual   2: 5472 op, 259006851.00 ns, 47.3331 us/op
WorkloadActual   3: 5472 op, 267266406.00 ns, 48.8425 us/op
WorkloadActual   4: 5472 op, 256435336.00 ns, 46.8632 us/op
WorkloadActual   5: 5472 op, 269541533.00 ns, 49.2583 us/op
WorkloadActual   6: 5472 op, 255718676.00 ns, 46.7322 us/op
WorkloadActual   7: 5472 op, 256036705.00 ns, 46.7903 us/op
WorkloadActual   8: 5472 op, 254052867.00 ns, 46.4278 us/op

// AfterActualRun
WorkloadResult   1: 5472 op, 261394999.00 ns, 47.7696 us/op
WorkloadResult   2: 5472 op, 258984297.00 ns, 47.3290 us/op
WorkloadResult   3: 5472 op, 267243852.00 ns, 48.8384 us/op
WorkloadResult   4: 5472 op, 256412782.00 ns, 46.8591 us/op
WorkloadResult   5: 5472 op, 269518979.00 ns, 49.2542 us/op
WorkloadResult   6: 5472 op, 255696122.00 ns, 46.7281 us/op
WorkloadResult   7: 5472 op, 256014151.00 ns, 46.7862 us/op
WorkloadResult   8: 5472 op, 254030313.00 ns, 46.4237 us/op
// GC:  18 0 0 306913536 5472
// Threading:  0 0 5472

// AfterAll
// Benchmark Process 4111 has exited with code 0.

Mean = 47.499 μs, StdErr = 0.369 μs (0.78%), N = 8, StdDev = 1.045 μs
Min = 46.424 μs, Q1 = 46.772 μs, Median = 47.094 μs, Q3 = 48.037 μs, Max = 49.254 μs
IQR = 1.265 μs, LowerFence = 44.874 μs, UpperFence = 49.934 μs
ConfidenceInterval = [45.500 μs; 49.497 μs] (CI 99.9%), Margin = 1.998 μs (4.21% of Mean)
Skewness = 0.6, Kurtosis = 1.56, MValue = 2

// ** Remained 49 (52.1 %) benchmark(s) to run. Estimated finish 2026-08-11 9:36 (0h 4m from now) **
// **************************
// Benchmark: FlattenSelectMany.SystemLinq: Quick(MaxRelativeError=0.05, Arguments=/p:MatrixMode=Benchmark, IterationTime=250ms, MaxIterationCount=12, MaxWarmupIterationCount=5, MinIterationCount=8, MinWarmupIterationCount=3)
// *** Execute ***
// Launch: 1 / 1
// Execute: dotnet Matrix.LinqQueries-Quick-1.dll --anonymousPipes 129 130 --benchmarkName Matrix.LinqQueries.Benchmarks.FlattenSelectMany.SystemLinq --job Quick --benchmarkId 45 in /home/runner/work/dotnet-matrix/dotnet-matrix/src/Matrix.LinqQueries/bin/Benchmark/Release/net10.0/Matrix.LinqQueries-Quick-1/bin/Release/net10.0
// Failed to set up high priority (Permission denied). In order to run benchmarks with high priority, make sure you have the right permissions.
// BeforeAnythingElse

// Benchmark Process Environment Information:
// BenchmarkDotNet v0.15.8
// Runtime=.NET 10.0.10 (10.0.10, 10.0.1026.32716), X64 RyuJIT x86-64-v3
// GC=Concurrent Workstation
// HardwareIntrinsics=AVX2+BMI1+BMI2+F16C+FMA+LZCNT+MOVBE,AVX,SSE3+SSSE3+SSE4.1+SSE4.2+POPCNT,X86Base+SSE+SSE2,AES+PCLMUL VectorSize=256
// Job: Quick(MaxRelativeError=0.05, IterationTime=250ms, MaxIterationCount=12, MaxWarmupIterationCount=5, MinIterationCount=8, MinWarmupIterationCount=3)

OverheadJitting  1: 1 op, 276116.00 ns, 276.1160 us/op
WorkloadJitting  1: 1 op, 2393406.00 ns, 2.3934 ms/op

OverheadJitting  2: 16 op, 534165.00 ns, 33.3853 us/op
WorkloadJitting  2: 16 op, 1727703.00 ns, 107.9814 us/op

WorkloadPilot    1: 16 op, 1121099.00 ns, 70.0687 us/op
WorkloadPilot    2: 3568 op, 202520312.00 ns, 56.7602 us/op
WorkloadPilot    3: 4416 op, 226751636.00 ns, 51.3477 us/op
WorkloadPilot    4: 4880 op, 33247495.00 ns, 6.8130 us/op
WorkloadPilot    5: 36704 op, 242826291.00 ns, 6.6158 us/op
WorkloadPilot    6: 37792 op, 252102107.00 ns, 6.6708 us/op
WorkloadPilot    7: 37488 op, 245280899.00 ns, 6.5429 us/op
WorkloadPilot    8: 38224 op, 250428485.00 ns, 6.5516 us/op
WorkloadPilot    9: 38160 op, 250185359.00 ns, 6.5562 us/op

OverheadWarmup   1: 38160 op, 206942.00 ns, 5.4230 ns/op
OverheadWarmup   2: 38160 op, 198248.00 ns, 5.1952 ns/op
OverheadWarmup   3: 38160 op, 190467.00 ns, 4.9913 ns/op
OverheadWarmup   4: 38160 op, 185390.00 ns, 4.8582 ns/op
OverheadWarmup   5: 38160 op, 177317.00 ns, 4.6467 ns/op
OverheadWarmup   6: 38160 op, 189375.00 ns, 4.9627 ns/op
OverheadWarmup   7: 38160 op, 179540.00 ns, 4.7049 ns/op
OverheadWarmup   8: 38160 op, 177047.00 ns, 4.6396 ns/op
OverheadWarmup   9: 38160 op, 182685.00 ns, 4.7873 ns/op
OverheadWarmup  10: 38160 op, 176997.00 ns, 4.6383 ns/op

OverheadActual   1: 38160 op, 189025.00 ns, 4.9535 ns/op
OverheadActual   2: 38160 op, 190427.00 ns, 4.9902 ns/op
OverheadActual   3: 38160 op, 196316.00 ns, 5.1445 ns/op
OverheadActual   4: 38160 op, 181534.00 ns, 4.7572 ns/op
OverheadActual   5: 38160 op, 176766.00 ns, 4.6322 ns/op
OverheadActual   6: 38160 op, 185028.00 ns, 4.8487 ns/op
OverheadActual   7: 38160 op, 177147.00 ns, 4.6422 ns/op
OverheadActual   8: 38160 op, 188854.00 ns, 4.9490 ns/op
OverheadActual   9: 38160 op, 179119.00 ns, 4.6939 ns/op
OverheadActual  10: 38160 op, 191469.00 ns, 5.0175 ns/op
OverheadActual  11: 38160 op, 183286.00 ns, 4.8031 ns/op

WorkloadWarmup   1: 38160 op, 255416521.00 ns, 6.6933 us/op
WorkloadWarmup   2: 38160 op, 245967013.00 ns, 6.4457 us/op
WorkloadWarmup   3: 38160 op, 240501739.00 ns, 6.3025 us/op
WorkloadWarmup   4: 38160 op, 241701676.00 ns, 6.3339 us/op
WorkloadWarmup   5: 38160 op, 242309983.00 ns, 6.3498 us/op

// BeforeActualRun
WorkloadActual   1: 38160 op, 243988943.00 ns, 6.3938 us/op
WorkloadActual   2: 38160 op, 243450271.00 ns, 6.3797 us/op
WorkloadActual   3: 38160 op, 240447597.00 ns, 6.3010 us/op
WorkloadActual   4: 38160 op, 242071712.00 ns, 6.3436 us/op
WorkloadActual   5: 38160 op, 253408540.00 ns, 6.6407 us/op
WorkloadActual   6: 38160 op, 245738503.00 ns, 6.4397 us/op
WorkloadActual   7: 38160 op, 249445819.00 ns, 6.5368 us/op
WorkloadActual   8: 38160 op, 243410485.00 ns, 6.3787 us/op

// AfterActualRun
WorkloadResult   1: 38160 op, 243803915.00 ns, 6.3890 us/op
WorkloadResult   2: 38160 op, 243265243.00 ns, 6.3749 us/op
WorkloadResult   3: 38160 op, 240262569.00 ns, 6.2962 us/op
WorkloadResult   4: 38160 op, 241886684.00 ns, 6.3387 us/op
WorkloadResult   5: 38160 op, 245553475.00 ns, 6.4348 us/op
WorkloadResult   6: 38160 op, 249260791.00 ns, 6.5320 us/op
WorkloadResult   7: 38160 op, 243225457.00 ns, 6.3738 us/op
// GC:  91 0 0 1530979200 38160
// Threading:  0 0 38160

// AfterAll
// Benchmark Process 4120 has exited with code 0.

Mean = 6.391 μs, StdErr = 0.028 μs (0.45%), N = 7, StdDev = 0.075 μs
Min = 6.296 μs, Q1 = 6.356 μs, Median = 6.375 μs, Q3 = 6.412 μs, Max = 6.532 μs
IQR = 0.056 μs, LowerFence = 6.273 μs, UpperFence = 6.495 μs
ConfidenceInterval = [6.222 μs; 6.561 μs] (CI 99.9%), Margin = 0.170 μs (2.66% of Mean)
Skewness = 0.62, Kurtosis = 2.15, MValue = 2

// ** Remained 48 (51.1 %) benchmark(s) to run. Estimated finish 2026-08-11 9:36 (0h 4m from now) **
// **************************
// Benchmark: FlattenSelectMany.ZLinq: Quick(MaxRelativeError=0.05, Arguments=/p:MatrixMode=Benchmark, IterationTime=250ms, MaxIterationCount=12, MaxWarmupIterationCount=5, MinIterationCount=8, MinWarmupIterationCount=3)
// *** Execute ***
// Launch: 1 / 1
// Execute: dotnet Matrix.LinqQueries-Quick-1.dll --anonymousPipes 129 130 --benchmarkName Matrix.LinqQueries.Benchmarks.FlattenSelectMany.ZLinq --job Quick --benchmarkId 46 in /home/runner/work/dotnet-matrix/dotnet-matrix/src/Matrix.LinqQueries/bin/Benchmark/Release/net10.0/Matrix.LinqQueries-Quick-1/bin/Release/net10.0
// Failed to set up high priority (Permission denied). In order to run benchmarks with high priority, make sure you have the right permissions.
// BeforeAnythingElse

// Benchmark Process Environment Information:
// BenchmarkDotNet v0.15.8
// Runtime=.NET 10.0.10 (10.0.10, 10.0.1026.32716), X64 RyuJIT x86-64-v3
// GC=Concurrent Workstation
// HardwareIntrinsics=AVX2+BMI1+BMI2+F16C+FMA+LZCNT+MOVBE,AVX,SSE3+SSSE3+SSE4.1+SSE4.2+POPCNT,X86Base+SSE+SSE2,AES+PCLMUL VectorSize=256
// Job: Quick(MaxRelativeError=0.05, IterationTime=250ms, MaxIterationCount=12, MaxWarmupIterationCount=5, MinIterationCount=8, MinWarmupIterationCount=3)

OverheadJitting  1: 1 op, 238650.00 ns, 238.6500 us/op
WorkloadJitting  1: 1 op, 5854051.00 ns, 5.8541 ms/op

OverheadJitting  2: 16 op, 495416.00 ns, 30.9635 us/op
WorkloadJitting  2: 16 op, 3705313.00 ns, 231.5821 us/op

WorkloadPilot    1: 16 op, 2941502.00 ns, 183.8439 us/op
WorkloadPilot    2: 1360 op, 195539024.00 ns, 143.7787 us/op
WorkloadPilot    3: 1744 op, 101097781.00 ns, 57.9689 us/op
WorkloadPilot    4: 4320 op, 123264522.00 ns, 28.5335 us/op
WorkloadPilot    5: 8768 op, 248868339.00 ns, 28.3837 us/op
WorkloadPilot    6: 8816 op, 255582770.00 ns, 28.9908 us/op
WorkloadPilot    7: 8624 op, 242710420.00 ns, 28.1436 us/op
WorkloadPilot    8: 8896 op, 250590204.00 ns, 28.1689 us/op
WorkloadPilot    9: 8880 op, 248046271.00 ns, 27.9331 us/op
WorkloadPilot   10: 8960 op, 253623363.00 ns, 28.3062 us/op

OverheadWarmup   1: 8960 op, 42233.00 ns, 4.7135 ns/op
OverheadWarmup   2: 8960 op, 39820.00 ns, 4.4442 ns/op
OverheadWarmup   3: 8960 op, 39729.00 ns, 4.4340 ns/op
OverheadWarmup   4: 8960 op, 39770.00 ns, 4.4386 ns/op
OverheadWarmup   5: 8960 op, 36645.00 ns, 4.0898 ns/op
OverheadWarmup   6: 8960 op, 40010.00 ns, 4.4654 ns/op
OverheadWarmup   7: 8960 op, 39720.00 ns, 4.4330 ns/op

OverheadActual   1: 8960 op, 39800.00 ns, 4.4420 ns/op
OverheadActual   2: 8960 op, 39850.00 ns, 4.4475 ns/op
OverheadActual   3: 8960 op, 36765.00 ns, 4.1032 ns/op
OverheadActual   4: 8960 op, 45829.00 ns, 5.1148 ns/op
OverheadActual   5: 8960 op, 36695.00 ns, 4.0954 ns/op
OverheadActual   6: 8960 op, 39760.00 ns, 4.4375 ns/op
OverheadActual   7: 8960 op, 39759.00 ns, 4.4374 ns/op
OverheadActual   8: 8960 op, 41753.00 ns, 4.6599 ns/op
OverheadActual   9: 8960 op, 39760.00 ns, 4.4375 ns/op
OverheadActual  10: 8960 op, 39770.00 ns, 4.4386 ns/op
OverheadActual  11: 8960 op, 44437.00 ns, 4.9595 ns/op
OverheadActual  12: 8960 op, 39870.00 ns, 4.4498 ns/op

WorkloadWarmup   1: 8960 op, 263706447.00 ns, 29.4315 us/op
WorkloadWarmup   2: 8960 op, 260220394.00 ns, 29.0425 us/op
WorkloadWarmup   3: 8960 op, 260425994.00 ns, 29.0654 us/op
WorkloadWarmup   4: 8960 op, 252647543.00 ns, 28.1973 us/op
WorkloadWarmup   5: 8960 op, 247157642.00 ns, 27.5846 us/op

// BeforeActualRun
WorkloadActual   1: 8960 op, 254578623.00 ns, 28.4128 us/op
WorkloadActual   2: 8960 op, 247624655.00 ns, 27.6367 us/op
WorkloadActual   3: 8960 op, 247119754.00 ns, 27.5803 us/op
WorkloadActual   4: 8960 op, 249481083.00 ns, 27.8439 us/op
WorkloadActual   5: 8960 op, 255854615.00 ns, 28.5552 us/op
WorkloadActual   6: 8960 op, 253238043.00 ns, 28.2632 us/op
WorkloadActual   7: 8960 op, 250644826.00 ns, 27.9738 us/op
WorkloadActual   8: 8960 op, 251862951.00 ns, 28.1097 us/op

// AfterActualRun
WorkloadResult   1: 8960 op, 254538838.00 ns, 28.4084 us/op
WorkloadResult   2: 8960 op, 247584870.00 ns, 27.6322 us/op
WorkloadResult   3: 8960 op, 247079969.00 ns, 27.5759 us/op
WorkloadResult   4: 8960 op, 249441298.00 ns, 27.8394 us/op
WorkloadResult   5: 8960 op, 255814830.00 ns, 28.5508 us/op
WorkloadResult   6: 8960 op, 253198258.00 ns, 28.2587 us/op
WorkloadResult   7: 8960 op, 250605041.00 ns, 27.9693 us/op
WorkloadResult   8: 8960 op, 251823166.00 ns, 28.1053 us/op
// GC:  21 0 0 358615040 8960
// Threading:  0 0 8960

// AfterAll
// Benchmark Process 4132 has exited with code 0.

Mean = 28.042 μs, StdErr = 0.125 μs (0.45%), N = 8, StdDev = 0.354 μs
Min = 27.576 μs, Q1 = 27.788 μs, Median = 28.037 μs, Q3 = 28.296 μs, Max = 28.551 μs
IQR = 0.509 μs, LowerFence = 27.025 μs, UpperFence = 29.059 μs
ConfidenceInterval = [27.366 μs; 28.719 μs] (CI 99.9%), Margin = 0.676 μs (2.41% of Mean)
Skewness = 0.03, Kurtosis = 1.31, MValue = 2

// ** Remained 47 (50.0 %) benchmark(s) to run. Estimated finish 2026-08-11 9:36 (0h 4m from now) **
// ***** BenchmarkRunner: Finish  *****

// * Export *
  tmp/dotnet-matrix/LinqQueries/4112bfa66d854e1a9cc414e42f130abf/results/Matrix.LinqQueries.Benchmarks.FlattenSelectMany-report.csv
  tmp/dotnet-matrix/LinqQueries/4112bfa66d854e1a9cc414e42f130abf/results/Matrix.LinqQueries.Benchmarks.FlattenSelectMany-report-github.md
  tmp/dotnet-matrix/LinqQueries/4112bfa66d854e1a9cc414e42f130abf/results/Matrix.LinqQueries.Benchmarks.FlattenSelectMany-report.html
  tmp/dotnet-matrix/LinqQueries/4112bfa66d854e1a9cc414e42f130abf/results/Matrix.LinqQueries.Benchmarks.FlattenSelectMany-report-full.json

// * Detailed results *
FlattenSelectMany.SystemLinq: Quick(MaxRelativeError=0.05, Arguments=/p:MatrixMode=Benchmark, IterationTime=250ms, MaxIterationCount=12, MaxWarmupIterationCount=5, MinIterationCount=8, MinWarmupIterationCount=3)
Runtime = .NET 10.0.10 (10.0.10, 10.0.1026.32716), X64 RyuJIT x86-64-v3; GC = Concurrent Workstation
Mean = 6.391 μs, StdErr = 0.028 μs (0.45%), N = 7, StdDev = 0.075 μs
Min = 6.296 μs, Q1 = 6.356 μs, Median = 6.375 μs, Q3 = 6.412 μs, Max = 6.532 μs
IQR = 0.056 μs, LowerFence = 6.273 μs, UpperFence = 6.495 μs
ConfidenceInterval = [6.222 μs; 6.561 μs] (CI 99.9%), Margin = 0.170 μs (2.66% of Mean)
Skewness = 0.62, Kurtosis = 2.15, MValue = 2
-------------------- Histogram --------------------
[6.279 μs ; 6.548 μs) | @@@@@@@
---------------------------------------------------

FlattenSelectMany.HandCoded: Quick(MaxRelativeError=0.05, Arguments=/p:MatrixMode=Benchmark, IterationTime=250ms, MaxIterationCount=12, MaxWarmupIterationCount=5, MinIterationCount=8, MinWarmupIterationCount=3)
Runtime = .NET 10.0.10 (10.0.10, 10.0.1026.32716), X64 RyuJIT x86-64-v3; GC = Concurrent Workstation
Mean = 8.335 μs, StdErr = 0.021 μs (0.25%), N = 8, StdDev = 0.060 μs
Min = 8.276 μs, Q1 = 8.290 μs, Median = 8.324 μs, Q3 = 8.361 μs, Max = 8.443 μs
IQR = 0.072 μs, LowerFence = 8.182 μs, UpperFence = 8.469 μs
ConfidenceInterval = [8.221 μs; 8.449 μs] (CI 99.9%), Margin = 0.114 μs (1.37% of Mean)
Skewness = 0.55, Kurtosis = 1.74, MValue = 2
-------------------- Histogram --------------------
[8.236 μs ; 8.482 μs) | @@@@@@@@
---------------------------------------------------

FlattenSelectMany.ZLinq: Quick(MaxRelativeError=0.05, Arguments=/p:MatrixMode=Benchmark, IterationTime=250ms, MaxIterationCount=12, MaxWarmupIterationCount=5, MinIterationCount=8, MinWarmupIterationCount=3)
Runtime = .NET 10.0.10 (10.0.10, 10.0.1026.32716), X64 RyuJIT x86-64-v3; GC = Concurrent Workstation
Mean = 28.042 μs, StdErr = 0.125 μs (0.45%), N = 8, StdDev = 0.354 μs
Min = 27.576 μs, Q1 = 27.788 μs, Median = 28.037 μs, Q3 = 28.296 μs, Max = 28.551 μs
IQR = 0.509 μs, LowerFence = 27.025 μs, UpperFence = 29.059 μs
ConfidenceInterval = [27.366 μs; 28.719 μs] (CI 99.9%), Margin = 0.676 μs (2.41% of Mean)
Skewness = 0.03, Kurtosis = 1.31, MValue = 2
-------------------- Histogram --------------------
[27.495 μs ; 28.611 μs) | @@@@@@@@
---------------------------------------------------

FlattenSelectMany.Hyperlinq: Quick(MaxRelativeError=0.05, Arguments=/p:MatrixMode=Benchmark, IterationTime=250ms, MaxIterationCount=12, MaxWarmupIterationCount=5, MinIterationCount=8, MinWarmupIterationCount=3)
Runtime = .NET 10.0.10 (10.0.10, 10.0.1026.32716), X64 RyuJIT x86-64-v3; GC = Concurrent Workstation
Mean = 35.310 μs, StdErr = 0.156 μs (0.44%), N = 8, StdDev = 0.441 μs
Min = 34.431 μs, Q1 = 35.192 μs, Median = 35.301 μs, Q3 = 35.577 μs, Max = 35.918 μs
IQR = 0.385 μs, LowerFence = 34.615 μs, UpperFence = 36.154 μs
ConfidenceInterval = [34.466 μs; 36.153 μs] (CI 99.9%), Margin = 0.843 μs (2.39% of Mean)
Skewness = -0.6, Kurtosis = 2.47, MValue = 2
-------------------- Histogram --------------------
[34.141 μs ; 35.021 μs) | @
[35.021 μs ; 36.207 μs) | @@@@@@@
---------------------------------------------------

FlattenSelectMany.StructLinq: Quick(MaxRelativeError=0.05, Arguments=/p:MatrixMode=Benchmark, IterationTime=250ms, MaxIterationCount=12, MaxWarmupIterationCount=5, MinIterationCount=8, MinWarmupIterationCount=3)
Runtime = .NET 10.0.10 (10.0.10, 10.0.1026.32716), X64 RyuJIT x86-64-v3; GC = Concurrent Workstation
Mean = 47.499 μs, StdErr = 0.369 μs (0.78%), N = 8, StdDev = 1.045 μs
Min = 46.424 μs, Q1 = 46.772 μs, Median = 47.094 μs, Q3 = 48.037 μs, Max = 49.254 μs
IQR = 1.265 μs, LowerFence = 44.874 μs, UpperFence = 49.934 μs
ConfidenceInterval = [45.500 μs; 49.497 μs] (CI 99.9%), Margin = 1.998 μs (4.21% of Mean)
Skewness = 0.6, Kurtosis = 1.56, MValue = 2
-------------------- Histogram --------------------
[46.411 μs ; 48.360 μs) | @@@@@@
[48.360 μs ; 49.940 μs) | @@
---------------------------------------------------

FlattenSelectMany.LinqAF: Quick(MaxRelativeError=0.05, Arguments=/p:MatrixMode=Benchmark, IterationTime=250ms, MaxIterationCount=12, MaxWarmupIterationCount=5, MinIterationCount=8, MinWarmupIterationCount=3)
Runtime = .NET 10.0.10 (10.0.10, 10.0.1026.32716), X64 RyuJIT x86-64-v3; GC = Concurrent Workstation
Mean = 82.630 μs, StdErr = 0.671 μs (0.81%), N = 8, StdDev = 1.897 μs
Min = 80.065 μs, Q1 = 81.255 μs, Median = 82.622 μs, Q3 = 84.034 μs, Max = 85.261 μs
IQR = 2.779 μs, LowerFence = 77.087 μs, UpperFence = 88.202 μs
ConfidenceInterval = [79.002 μs; 86.257 μs] (CI 99.9%), Margin = 3.628 μs (4.39% of Mean)
Skewness = -0, Kurtosis = 1.27, MValue = 2
-------------------- Histogram --------------------
[79.876 μs ; 82.367 μs) | @@@@
[82.367 μs ; 85.408 μs) | @@@@
---------------------------------------------------

// * Summary *

BenchmarkDotNet v0.15.8, Linux Ubuntu 24.04.4 LTS (Noble Numbat)
AMD EPYC 9V74 2.60GHz, 1 CPU, 4 logical and 2 physical cores
.NET SDK 10.0.302
  [Host] : .NET 10.0.10 (10.0.10, 10.0.1026.32716), X64 RyuJIT x86-64-v3
  Quick  : .NET 10.0.10 (10.0.10, 10.0.1026.32716), X64 RyuJIT x86-64-v3

Job=Quick  MaxRelativeError=0.05  Arguments=/p:MatrixMode=Benchmark  
IterationTime=250ms  MaxIterationCount=12  MaxWarmupIterationCount=5  
MinIterationCount=8  MinWarmupIterationCount=3  

| Method     | Mean      | Error     | StdDev    | Ratio | RatioSD | Gen0   | Gen1   | Allocated | Alloc Ratio |
|----------- |----------:|----------:|----------:|------:|--------:|-------:|-------:|----------:|------------:|
| SystemLinq |  6.391 μs | 0.1697 μs | 0.0754 μs |  0.77 |    0.01 | 2.3847 |      - |  39.18 KB |        1.00 |
| HandCoded  |  8.335 μs | 0.1140 μs | 0.0596 μs |  1.00 |    0.01 | 2.3730 |      - |  39.09 KB |        1.00 |
| ZLinq      | 28.042 μs | 0.6762 μs | 0.3537 μs |  3.36 |    0.05 | 2.3438 |      - |  39.09 KB |        1.00 |
| Hyperlinq  | 35.310 μs | 0.8431 μs | 0.4410 μs |  4.24 |    0.06 | 6.3172 |      - |  103.7 KB |        2.65 |
| StructLinq | 47.499 μs | 1.9981 μs | 1.0451 μs |  5.70 |    0.12 | 3.2895 |      - |  54.77 KB |        1.40 |
| LinqAF     | 82.630 μs | 3.6280 μs | 1.8975 μs |  9.91 |    0.22 | 9.1681 | 0.6791 | 151.38 KB |        3.87 |

// * Hints *
Outliers
  FlattenSelectMany.SystemLinq: Quick -> 1 outlier  was  removed (6.64 μs)
  FlattenSelectMany.Hyperlinq: Quick  -> 1 outlier  was  detected (34.44 μs)

// * Legends *
  Mean        : Arithmetic mean of all measurements
  Error       : Half of 99.9% confidence interval
  StdDev      : Standard deviation of all measurements
  Ratio       : Mean of the ratio distribution ([Current]/[Baseline])
  RatioSD     : Standard deviation of the ratio distribution ([Current]/[Baseline])
  Gen0        : GC Generation 0 collects per 1000 operations
  Gen1        : GC Generation 1 collects per 1000 operations
  Allocated   : Allocated memory per single operation (managed only, inclusive, 1KB = 1024B)
  Alloc Ratio : Allocated memory ratio distribution ([Current]/[Baseline])
  1 μs        : 1 Microsecond (0.000001 sec)

// * Diagnostic Output - MemoryDiagnoser *


// ***** BenchmarkRunner: End *****
Run time: 00:00:32 (32.7 sec), executed benchmarks: 6

// Found 4 benchmarks:
//   GroupByAggregate.HandCoded: Quick(MaxRelativeError=0.05, Arguments=/p:MatrixMode=Benchmark, IterationTime=250ms, MaxIterationCount=12, MaxWarmupIterationCount=5, MinIterationCount=8, MinWarmupIterationCount=3)
//   GroupByAggregate.LinqAF: Quick(MaxRelativeError=0.05, Arguments=/p:MatrixMode=Benchmark, IterationTime=250ms, MaxIterationCount=12, MaxWarmupIterationCount=5, MinIterationCount=8, MinWarmupIterationCount=3)
//   GroupByAggregate.SystemLinq: Quick(MaxRelativeError=0.05, Arguments=/p:MatrixMode=Benchmark, IterationTime=250ms, MaxIterationCount=12, MaxWarmupIterationCount=5, MinIterationCount=8, MinWarmupIterationCount=3)
//   GroupByAggregate.ZLinq: Quick(MaxRelativeError=0.05, Arguments=/p:MatrixMode=Benchmark, IterationTime=250ms, MaxIterationCount=12, MaxWarmupIterationCount=5, MinIterationCount=8, MinWarmupIterationCount=3)

// **************************
// Benchmark: GroupByAggregate.HandCoded: Quick(MaxRelativeError=0.05, Arguments=/p:MatrixMode=Benchmark, IterationTime=250ms, MaxIterationCount=12, MaxWarmupIterationCount=5, MinIterationCount=8, MinWarmupIterationCount=3)
// *** Execute ***
// Launch: 1 / 1
// Execute: dotnet Matrix.LinqQueries-Quick-1.dll --anonymousPipes 129 130 --benchmarkName Matrix.LinqQueries.Benchmarks.GroupByAggregate.HandCoded --job Quick --benchmarkId 47 in /home/runner/work/dotnet-matrix/dotnet-matrix/src/Matrix.LinqQueries/bin/Benchmark/Release/net10.0/Matrix.LinqQueries-Quick-1/bin/Release/net10.0
// Failed to set up high priority (Permission denied). In order to run benchmarks with high priority, make sure you have the right permissions.
// BeforeAnythingElse

// Benchmark Process Environment Information:
// BenchmarkDotNet v0.15.8
// Runtime=.NET 10.0.10 (10.0.10, 10.0.1026.32716), X64 RyuJIT x86-64-v3
// GC=Concurrent Workstation
// HardwareIntrinsics=AVX2+BMI1+BMI2+F16C+FMA+LZCNT+MOVBE,AVX,SSE3+SSSE3+SSE4.1+SSE4.2+POPCNT,X86Base+SSE+SSE2,AES+PCLMUL VectorSize=256
// Job: Quick(MaxRelativeError=0.05, IterationTime=250ms, MaxIterationCount=12, MaxWarmupIterationCount=5, MinIterationCount=8, MinWarmupIterationCount=3)

OverheadJitting  1: 1 op, 250056.00 ns, 250.0560 us/op
WorkloadJitting  1: 1 op, 1217885.00 ns, 1.2179 ms/op

OverheadJitting  2: 16 op, 523920.00 ns, 32.7450 us/op
WorkloadJitting  2: 16 op, 5939159.00 ns, 371.1974 us/op

WorkloadPilot    1: 16 op, 2234547.00 ns, 139.6592 us/op
WorkloadPilot    2: 1792 op, 306350422.00 ns, 170.9545 us/op
WorkloadPilot    3: 1472 op, 103282714.00 ns, 70.1649 us/op
WorkloadPilot    4: 3568 op, 253171323.00 ns, 70.9561 us/op
WorkloadPilot    5: 3536 op, 248614287.00 ns, 70.3095 us/op
WorkloadPilot    6: 3568 op, 254547188.00 ns, 71.3417 us/op

OverheadWarmup   1: 3568 op, 18418.00 ns, 5.1620 ns/op
OverheadWarmup   2: 3568 op, 16185.00 ns, 4.5362 ns/op
OverheadWarmup   3: 3568 op, 16144.00 ns, 4.5247 ns/op
OverheadWarmup   4: 3568 op, 14922.00 ns, 4.1822 ns/op
OverheadWarmup   5: 3568 op, 14972.00 ns, 4.1962 ns/op
OverheadWarmup   6: 3568 op, 14863.00 ns, 4.1656 ns/op
OverheadWarmup   7: 3568 op, 15153.00 ns, 4.2469 ns/op
OverheadWarmup   8: 3568 op, 17396.00 ns, 4.8756 ns/op
OverheadWarmup   9: 3568 op, 17376.00 ns, 4.8700 ns/op

OverheadActual   1: 3568 op, 29906.00 ns, 8.3817 ns/op
OverheadActual   2: 3568 op, 14982.00 ns, 4.1990 ns/op
OverheadActual   3: 3568 op, 16284.00 ns, 4.5639 ns/op
OverheadActual   4: 3568 op, 16204.00 ns, 4.5415 ns/op
OverheadActual   5: 3568 op, 14982.00 ns, 4.1990 ns/op
OverheadActual   6: 3568 op, 17377.00 ns, 4.8702 ns/op
OverheadActual   7: 3568 op, 14843.00 ns, 4.1600 ns/op
OverheadActual   8: 3568 op, 17376.00 ns, 4.8700 ns/op
OverheadActual   9: 3568 op, 17396.00 ns, 4.8756 ns/op
OverheadActual  10: 3568 op, 18768.00 ns, 5.2601 ns/op
OverheadActual  11: 3568 op, 16225.00 ns, 4.5474 ns/op
OverheadActual  12: 3568 op, 16094.00 ns, 4.5107 ns/op

WorkloadWarmup   1: 3568 op, 267198380.00 ns, 74.8874 us/op
WorkloadWarmup   2: 3568 op, 250680941.00 ns, 70.2581 us/op
WorkloadWarmup   3: 3568 op, 250242130.00 ns, 70.1351 us/op
WorkloadWarmup   4: 3568 op, 250187618.00 ns, 70.1198 us/op
WorkloadWarmup   5: 3568 op, 250611437.00 ns, 70.2386 us/op

// BeforeActualRun
WorkloadActual   1: 3568 op, 254073393.00 ns, 71.2089 us/op
WorkloadActual   2: 3568 op, 250188099.00 ns, 70.1200 us/op
WorkloadActual   3: 3568 op, 250367299.00 ns, 70.1702 us/op
WorkloadActual   4: 3568 op, 253247564.00 ns, 70.9775 us/op
WorkloadActual   5: 3568 op, 250747051.00 ns, 70.2766 us/op
WorkloadActual   6: 3568 op, 253076611.00 ns, 70.9295 us/op
WorkloadActual   7: 3568 op, 250882235.00 ns, 70.3145 us/op
WorkloadActual   8: 3568 op, 257212644.00 ns, 72.0887 us/op

// AfterActualRun
WorkloadResult   1: 3568 op, 254057138.50 ns, 71.2044 us/op
WorkloadResult   2: 3568 op, 250171844.50 ns, 70.1154 us/op
WorkloadResult   3: 3568 op, 250351044.50 ns, 70.1657 us/op
WorkloadResult   4: 3568 op, 253231309.50 ns, 70.9729 us/op
WorkloadResult   5: 3568 op, 250730796.50 ns, 70.2721 us/op
WorkloadResult   6: 3568 op, 253060356.50 ns, 70.9250 us/op
WorkloadResult   7: 3568 op, 250865980.50 ns, 70.3100 us/op
WorkloadResult   8: 3568 op, 257196389.50 ns, 72.0842 us/op
// GC:  0 0 0 4081792 3568
// Threading:  0 0 3568

// AfterAll
// Benchmark Process 4145 has exited with code 0.

Mean = 70.756 μs, StdErr = 0.240 μs (0.34%), N = 8, StdDev = 0.680 μs
Min = 70.115 μs, Q1 = 70.245 μs, Median = 70.617 μs, Q3 = 71.031 μs, Max = 72.084 μs
IQR = 0.785 μs, LowerFence = 69.068 μs, UpperFence = 72.209 μs
ConfidenceInterval = [69.457 μs; 72.056 μs] (CI 99.9%), Margin = 1.299 μs (1.84% of Mean)
Skewness = 0.71, Kurtosis = 2.07, MValue = 2

// ** Remained 46 (48.9 %) benchmark(s) to run. Estimated finish 2026-08-11 9:36 (0h 4m from now) **
// **************************
// Benchmark: GroupByAggregate.LinqAF: Quick(MaxRelativeError=0.05, Arguments=/p:MatrixMode=Benchmark, IterationTime=250ms, MaxIterationCount=12, MaxWarmupIterationCount=5, MinIterationCount=8, MinWarmupIterationCount=3)
// *** Execute ***
// Launch: 1 / 1
// Execute: dotnet Matrix.LinqQueries-Quick-1.dll --anonymousPipes 129 130 --benchmarkName Matrix.LinqQueries.Benchmarks.GroupByAggregate.LinqAF --job Quick --benchmarkId 48 in /home/runner/work/dotnet-matrix/dotnet-matrix/src/Matrix.LinqQueries/bin/Benchmark/Release/net10.0/Matrix.LinqQueries-Quick-1/bin/Release/net10.0
// Failed to set up high priority (Permission denied). In order to run benchmarks with high priority, make sure you have the right permissions.
// BeforeAnythingElse

// Benchmark Process Environment Information:
// BenchmarkDotNet v0.15.8
// Runtime=.NET 10.0.10 (10.0.10, 10.0.1026.32716), X64 RyuJIT x86-64-v3
// GC=Concurrent Workstation
// HardwareIntrinsics=AVX2+BMI1+BMI2+F16C+FMA+LZCNT+MOVBE,AVX,SSE3+SSSE3+SSE4.1+SSE4.2+POPCNT,X86Base+SSE+SSE2,AES+PCLMUL VectorSize=256
// Job: Quick(MaxRelativeError=0.05, IterationTime=250ms, MaxIterationCount=12, MaxWarmupIterationCount=5, MinIterationCount=8, MinWarmupIterationCount=3)

OverheadJitting  1: 1 op, 252631.00 ns, 252.6310 us/op
WorkloadJitting  1: 1 op, 282928822.00 ns, 282.9288 ms/op

OverheadJitting  2: 1 op, 211.00 ns, 211.0000 ns/op
WorkloadJitting  2: 1 op, 3431431.00 ns, 3.4314 ms/op

OverheadJitting  3: 16 op, 552753.00 ns, 34.5471 us/op
WorkloadJitting  3: 16 op, 14348641.00 ns, 896.7901 us/op

WorkloadPilot    1: 16 op, 12946558.00 ns, 809.1599 us/op
WorkloadPilot    2: 320 op, 207672968.00 ns, 648.9780 us/op
WorkloadPilot    3: 400 op, 99988090.00 ns, 249.9702 us/op
WorkloadPilot    4: 1008 op, 249364188.00 ns, 247.3851 us/op
WorkloadPilot    5: 1024 op, 252755487.00 ns, 246.8315 us/op

OverheadWarmup   1: 1024 op, 7051.00 ns, 6.8857 ns/op
OverheadWarmup   2: 1024 op, 4657.00 ns, 4.5479 ns/op
OverheadWarmup   3: 1024 op, 5128.00 ns, 5.0078 ns/op
OverheadWarmup   4: 1024 op, 4707.00 ns, 4.5967 ns/op
OverheadWarmup   5: 1024 op, 4798.00 ns, 4.6855 ns/op
OverheadWarmup   6: 1024 op, 5038.00 ns, 4.9199 ns/op
OverheadWarmup   7: 1024 op, 5017.00 ns, 4.8994 ns/op

OverheadActual   1: 1024 op, 5098.00 ns, 4.9785 ns/op
OverheadActual   2: 1024 op, 4837.00 ns, 4.7236 ns/op
OverheadActual   3: 1024 op, 4757.00 ns, 4.6455 ns/op
OverheadActual   4: 1024 op, 5097.00 ns, 4.9775 ns/op
OverheadActual   5: 1024 op, 4727.00 ns, 4.6162 ns/op
OverheadActual   6: 1024 op, 5057.00 ns, 4.9385 ns/op
OverheadActual   7: 1024 op, 5048.00 ns, 4.9297 ns/op
OverheadActual   8: 1024 op, 5028.00 ns, 4.9102 ns/op
OverheadActual   9: 1024 op, 5048.00 ns, 4.9297 ns/op
OverheadActual  10: 1024 op, 5037.00 ns, 4.9189 ns/op

WorkloadWarmup   1: 1024 op, 261677977.00 ns, 255.5449 us/op
WorkloadWarmup   2: 1024 op, 255072779.00 ns, 249.0945 us/op
WorkloadWarmup   3: 1024 op, 252147441.00 ns, 246.2377 us/op
WorkloadWarmup   4: 1024 op, 252386361.00 ns, 246.4711 us/op
WorkloadWarmup   5: 1024 op, 252981057.00 ns, 247.0518 us/op

// BeforeActualRun
WorkloadActual   1: 1024 op, 261158459.00 ns, 255.0376 us/op
WorkloadActual   2: 1024 op, 254249779.00 ns, 248.2908 us/op
WorkloadActual   3: 1024 op, 253121589.00 ns, 247.1891 us/op
WorkloadActual   4: 1024 op, 256009661.00 ns, 250.0094 us/op
WorkloadActual   5: 1024 op, 259323544.00 ns, 253.2456 us/op
WorkloadActual   6: 1024 op, 253203180.00 ns, 247.2687 us/op
WorkloadActual   7: 1024 op, 251459571.00 ns, 245.5660 us/op
WorkloadActual   8: 1024 op, 253229218.00 ns, 247.2942 us/op

// AfterActualRun
WorkloadResult   1: 1024 op, 261153416.50 ns, 255.0326 us/op
WorkloadResult   2: 1024 op, 254244736.50 ns, 248.2859 us/op
WorkloadResult   3: 1024 op, 253116546.50 ns, 247.1841 us/op
WorkloadResult   4: 1024 op, 256004618.50 ns, 250.0045 us/op
WorkloadResult   5: 1024 op, 259318501.50 ns, 253.2407 us/op
WorkloadResult   6: 1024 op, 253198137.50 ns, 247.2638 us/op
WorkloadResult   7: 1024 op, 251454528.50 ns, 245.5611 us/op
WorkloadResult   8: 1024 op, 253224175.50 ns, 247.2892 us/op
// GC:  12 1 0 204161024 1024
// Threading:  0 0 1024

// AfterAll
// Benchmark Process 4159 has exited with code 0.

Mean = 249.233 μs, StdErr = 1.169 μs (0.47%), N = 8, StdDev = 3.306 μs
Min = 245.561 μs, Q1 = 247.244 μs, Median = 247.788 μs, Q3 = 250.814 μs, Max = 255.033 μs
IQR = 3.570 μs, LowerFence = 241.889 μs, UpperFence = 256.168 μs
ConfidenceInterval = [242.911 μs; 255.555 μs] (CI 99.9%), Margin = 6.322 μs (2.54% of Mean)
Skewness = 0.64, Kurtosis = 1.69, MValue = 2

// ** Remained 45 (47.9 %) benchmark(s) to run. Estimated finish 2026-08-11 9:36 (0h 3m from now) **
// **************************
// Benchmark: GroupByAggregate.SystemLinq: Quick(MaxRelativeError=0.05, Arguments=/p:MatrixMode=Benchmark, IterationTime=250ms, MaxIterationCount=12, MaxWarmupIterationCount=5, MinIterationCount=8, MinWarmupIterationCount=3)
// *** Execute ***
// Launch: 1 / 1
// Execute: dotnet Matrix.LinqQueries-Quick-1.dll --anonymousPipes 129 130 --benchmarkName Matrix.LinqQueries.Benchmarks.GroupByAggregate.SystemLinq --job Quick --benchmarkId 49 in /home/runner/work/dotnet-matrix/dotnet-matrix/src/Matrix.LinqQueries/bin/Benchmark/Release/net10.0/Matrix.LinqQueries-Quick-1/bin/Release/net10.0
// Failed to set up high priority (Permission denied). In order to run benchmarks with high priority, make sure you have the right permissions.
// BeforeAnythingElse

// Benchmark Process Environment Information:
// BenchmarkDotNet v0.15.8
// Runtime=.NET 10.0.10 (10.0.10, 10.0.1026.32716), X64 RyuJIT x86-64-v3
// GC=Concurrent Workstation
// HardwareIntrinsics=AVX2+BMI1+BMI2+F16C+FMA+LZCNT+MOVBE,AVX,SSE3+SSSE3+SSE4.1+SSE4.2+POPCNT,X86Base+SSE+SSE2,AES+PCLMUL VectorSize=256
// Job: Quick(MaxRelativeError=0.05, IterationTime=250ms, MaxIterationCount=12, MaxWarmupIterationCount=5, MinIterationCount=8, MinWarmupIterationCount=3)

OverheadJitting  1: 1 op, 246271.00 ns, 246.2710 us/op
WorkloadJitting  1: 1 op, 5649813.00 ns, 5.6498 ms/op

OverheadJitting  2: 16 op, 506763.00 ns, 31.6727 us/op
WorkloadJitting  2: 16 op, 9349467.00 ns, 584.3417 us/op

WorkloadPilot    1: 16 op, 8472105.00 ns, 529.5066 us/op
WorkloadPilot    2: 480 op, 278433785.00 ns, 580.0704 us/op
WorkloadPilot    3: 432 op, 128617346.00 ns, 297.7253 us/op
WorkloadPilot    4: 848 op, 127314744.00 ns, 150.1353 us/op
WorkloadPilot    5: 1680 op, 180823950.00 ns, 107.6333 us/op
WorkloadPilot    6: 2336 op, 256569931.00 ns, 109.8330 us/op
WorkloadPilot    7: 2288 op, 248750739.00 ns, 108.7197 us/op
WorkloadPilot    8: 2304 op, 249104042.00 ns, 108.1181 us/op
WorkloadPilot    9: 2320 op, 251144306.00 ns, 108.2519 us/op

OverheadWarmup   1: 2320 op, 12819.00 ns, 5.5254 ns/op
OverheadWarmup   2: 2320 op, 10756.00 ns, 4.6362 ns/op
OverheadWarmup   3: 2320 op, 10686.00 ns, 4.6060 ns/op
OverheadWarmup   4: 2320 op, 10666.00 ns, 4.5974 ns/op
OverheadWarmup   5: 2320 op, 9945.00 ns, 4.2866 ns/op
OverheadWarmup   6: 2320 op, 11487.00 ns, 4.9513 ns/op
OverheadWarmup   7: 2320 op, 11528.00 ns, 4.9690 ns/op
OverheadWarmup   8: 2320 op, 11508.00 ns, 4.9603 ns/op
OverheadWarmup   9: 2320 op, 9885.00 ns, 4.2608 ns/op
OverheadWarmup  10: 2320 op, 11477.00 ns, 4.9470 ns/op

OverheadActual   1: 2320 op, 9995.00 ns, 4.3082 ns/op
OverheadActual   2: 2320 op, 9975.00 ns, 4.2996 ns/op
OverheadActual   3: 2320 op, 28923.00 ns, 12.4668 ns/op
OverheadActual   4: 2320 op, 9945.00 ns, 4.2866 ns/op
OverheadActual   5: 2320 op, 9955.00 ns, 4.2909 ns/op
OverheadActual   6: 2320 op, 10676.00 ns, 4.6017 ns/op
OverheadActual   7: 2320 op, 10696.00 ns, 4.6103 ns/op
OverheadActual   8: 2320 op, 10626.00 ns, 4.5802 ns/op
OverheadActual   9: 2320 op, 9915.00 ns, 4.2737 ns/op
OverheadActual  10: 2320 op, 10716.00 ns, 4.6190 ns/op
OverheadActual  11: 2320 op, 9945.00 ns, 4.2866 ns/op
OverheadActual  12: 2320 op, 11547.00 ns, 4.9772 ns/op

WorkloadWarmup   1: 2320 op, 257868999.00 ns, 111.1504 us/op
WorkloadWarmup   2: 2320 op, 256188977.00 ns, 110.4263 us/op
WorkloadWarmup   3: 2320 op, 252953431.00 ns, 109.0317 us/op
WorkloadWarmup   4: 2320 op, 250171560.00 ns, 107.8326 us/op
WorkloadWarmup   5: 2320 op, 248651490.00 ns, 107.1774 us/op

// BeforeActualRun
WorkloadActual   1: 2320 op, 252589133.00 ns, 108.8746 us/op
WorkloadActual   2: 2320 op, 249240126.00 ns, 107.4311 us/op
WorkloadActual   3: 2320 op, 250652315.00 ns, 108.0398 us/op
WorkloadActual   4: 2320 op, 251680875.00 ns, 108.4831 us/op
WorkloadActual   5: 2320 op, 251372100.00 ns, 108.3500 us/op
WorkloadActual   6: 2320 op, 250615599.00 ns, 108.0240 us/op
WorkloadActual   7: 2320 op, 248802347.00 ns, 107.2424 us/op
WorkloadActual   8: 2320 op, 251227902.00 ns, 108.2879 us/op

// AfterActualRun
WorkloadResult   1: 2320 op, 252578822.50 ns, 108.8702 us/op
WorkloadResult   2: 2320 op, 249229815.50 ns, 107.4266 us/op
WorkloadResult   3: 2320 op, 250642004.50 ns, 108.0353 us/op
WorkloadResult   4: 2320 op, 251670564.50 ns, 108.4787 us/op
WorkloadResult   5: 2320 op, 251361789.50 ns, 108.3456 us/op
WorkloadResult   6: 2320 op, 250605288.50 ns, 108.0195 us/op
WorkloadResult   7: 2320 op, 248792036.50 ns, 107.2379 us/op
WorkloadResult   8: 2320 op, 251217591.50 ns, 108.2834 us/op
// GC:  18 3 0 311845120 2320
// Threading:  0 0 2320

// AfterAll
// Benchmark Process 4168 has exited with code 0.

Mean = 108.087 μs, StdErr = 0.191 μs (0.18%), N = 8, StdDev = 0.539 μs
Min = 107.238 μs, Q1 = 107.871 μs, Median = 108.159 μs, Q3 = 108.379 μs, Max = 108.870 μs
IQR = 0.508 μs, LowerFence = 107.110 μs, UpperFence = 109.140 μs
ConfidenceInterval = [107.056 μs; 109.118 μs] (CI 99.9%), Margin = 1.031 μs (0.95% of Mean)
Skewness = -0.27, Kurtosis = 1.65, MValue = 2

// ** Remained 44 (46.8 %) benchmark(s) to run. Estimated finish 2026-08-11 9:36 (0h 3m from now) **
// **************************
// Benchmark: GroupByAggregate.ZLinq: Quick(MaxRelativeError=0.05, Arguments=/p:MatrixMode=Benchmark, IterationTime=250ms, MaxIterationCount=12, MaxWarmupIterationCount=5, MinIterationCount=8, MinWarmupIterationCount=3)
// *** Execute ***
// Launch: 1 / 1
// Execute: dotnet Matrix.LinqQueries-Quick-1.dll --anonymousPipes 131 132 --benchmarkName Matrix.LinqQueries.Benchmarks.GroupByAggregate.ZLinq --job Quick --benchmarkId 50 in /home/runner/work/dotnet-matrix/dotnet-matrix/src/Matrix.LinqQueries/bin/Benchmark/Release/net10.0/Matrix.LinqQueries-Quick-1/bin/Release/net10.0
// Failed to set up high priority (Permission denied). In order to run benchmarks with high priority, make sure you have the right permissions.
// BeforeAnythingElse

// Benchmark Process Environment Information:
// BenchmarkDotNet v0.15.8
// Runtime=.NET 10.0.10 (10.0.10, 10.0.1026.32716), X64 RyuJIT x86-64-v3
// GC=Concurrent Workstation
// HardwareIntrinsics=AVX2+BMI1+BMI2+F16C+FMA+LZCNT+MOVBE,AVX,SSE3+SSSE3+SSE4.1+SSE4.2+POPCNT,X86Base+SSE+SSE2,AES+PCLMUL VectorSize=256
// Job: Quick(MaxRelativeError=0.05, IterationTime=250ms, MaxIterationCount=12, MaxWarmupIterationCount=5, MinIterationCount=8, MinWarmupIterationCount=3)

OverheadJitting  1: 1 op, 256907.00 ns, 256.9070 us/op
WorkloadJitting  1: 1 op, 9983993.00 ns, 9.9840 ms/op

OverheadJitting  2: 16 op, 535867.00 ns, 33.4917 us/op
WorkloadJitting  2: 16 op, 13083073.00 ns, 817.6921 us/op

WorkloadPilot    1: 16 op, 8970667.00 ns, 560.6667 us/op
WorkloadPilot    2: 448 op, 252751107.00 ns, 564.1766 us/op

OverheadWarmup   1: 448 op, 4657.00 ns, 10.3951 ns/op
OverheadWarmup   2: 448 op, 2494.00 ns, 5.5670 ns/op
OverheadWarmup   3: 448 op, 2353.00 ns, 5.2522 ns/op
OverheadWarmup   4: 448 op, 2423.00 ns, 5.4085 ns/op
OverheadWarmup   5: 448 op, 2514.00 ns, 5.6116 ns/op
OverheadWarmup   6: 448 op, 2524.00 ns, 5.6339 ns/op
OverheadWarmup   7: 448 op, 2433.00 ns, 5.4308 ns/op
OverheadWarmup   8: 448 op, 2503.00 ns, 5.5871 ns/op
OverheadWarmup   9: 448 op, 2474.00 ns, 5.5223 ns/op

OverheadActual   1: 448 op, 2714.00 ns, 6.0580 ns/op
OverheadActual   2: 448 op, 2554.00 ns, 5.7009 ns/op
OverheadActual   3: 448 op, 2904.00 ns, 6.4821 ns/op
OverheadActual   4: 448 op, 2464.00 ns, 5.5000 ns/op
OverheadActual   5: 448 op, 2564.00 ns, 5.7232 ns/op
OverheadActual   6: 448 op, 2504.00 ns, 5.5893 ns/op
OverheadActual   7: 448 op, 2524.00 ns, 5.6339 ns/op
OverheadActual   8: 448 op, 2503.00 ns, 5.5871 ns/op
OverheadActual   9: 448 op, 2524.00 ns, 5.6339 ns/op

WorkloadWarmup   1: 448 op, 257785413.00 ns, 575.4139 us/op
WorkloadWarmup   2: 448 op, 51394189.00 ns, 114.7192 us/op
WorkloadWarmup   3: 448 op, 48204303.00 ns, 107.5989 us/op
WorkloadWarmup   4: 448 op, 48275691.00 ns, 107.7582 us/op
WorkloadWarmup   5: 448 op, 47731390.00 ns, 106.5433 us/op

// BeforeActualRun
WorkloadActual   1: 448 op, 50902318.00 ns, 113.6212 us/op
WorkloadActual   2: 448 op, 48322020.00 ns, 107.8617 us/op
WorkloadActual   3: 448 op, 49022756.00 ns, 109.4258 us/op
WorkloadActual   4: 448 op, 48764707.00 ns, 108.8498 us/op
WorkloadActual   5: 448 op, 48553729.00 ns, 108.3789 us/op
WorkloadActual   6: 448 op, 48097893.00 ns, 107.3614 us/op
WorkloadActual   7: 448 op, 48001427.00 ns, 107.1460 us/op
WorkloadActual   8: 448 op, 48640030.00 ns, 108.5715 us/op

// AfterActualRun
WorkloadResult   1: 448 op, 48319496.00 ns, 107.8560 us/op
WorkloadResult   2: 448 op, 49020232.00 ns, 109.4202 us/op
WorkloadResult   3: 448 op, 48762183.00 ns, 108.8442 us/op
WorkloadResult   4: 448 op, 48551205.00 ns, 108.3732 us/op
WorkloadResult   5: 448 op, 48095369.00 ns, 107.3557 us/op
WorkloadResult   6: 448 op, 47998903.00 ns, 107.1404 us/op
WorkloadResult   7: 448 op, 48637506.00 ns, 108.5659 us/op
// GC:  3 0 0 59906560 448
// Threading:  0 0 448

// AfterAll
// Benchmark Process 4179 has exited with code 0.

Mean = 108.222 μs, StdErr = 0.309 μs (0.29%), N = 7, StdDev = 0.818 μs
Min = 107.140 μs, Q1 = 107.606 μs, Median = 108.373 μs, Q3 = 108.705 μs, Max = 109.420 μs
IQR = 1.099 μs, LowerFence = 105.957 μs, UpperFence = 110.354 μs
ConfidenceInterval = [106.379 μs; 110.065 μs] (CI 99.9%), Margin = 1.843 μs (1.70% of Mean)
Skewness = 0.01, Kurtosis = 1.33, MValue = 2

// ** Remained 43 (45.7 %) benchmark(s) to run. Estimated finish 2026-08-11 9:36 (0h 3m from now) **
// ***** BenchmarkRunner: Finish  *****

// * Export *
  tmp/dotnet-matrix/LinqQueries/4112bfa66d854e1a9cc414e42f130abf/results/Matrix.LinqQueries.Benchmarks.GroupByAggregate-report.csv
  tmp/dotnet-matrix/LinqQueries/4112bfa66d854e1a9cc414e42f130abf/results/Matrix.LinqQueries.Benchmarks.GroupByAggregate-report-github.md
  tmp/dotnet-matrix/LinqQueries/4112bfa66d854e1a9cc414e42f130abf/results/Matrix.LinqQueries.Benchmarks.GroupByAggregate-report.html
  tmp/dotnet-matrix/LinqQueries/4112bfa66d854e1a9cc414e42f130abf/results/Matrix.LinqQueries.Benchmarks.GroupByAggregate-report-full.json

// * Detailed results *
GroupByAggregate.HandCoded: Quick(MaxRelativeError=0.05, Arguments=/p:MatrixMode=Benchmark, IterationTime=250ms, MaxIterationCount=12, MaxWarmupIterationCount=5, MinIterationCount=8, MinWarmupIterationCount=3)
Runtime = .NET 10.0.10 (10.0.10, 10.0.1026.32716), X64 RyuJIT x86-64-v3; GC = Concurrent Workstation
Mean = 70.756 μs, StdErr = 0.240 μs (0.34%), N = 8, StdDev = 0.680 μs
Min = 70.115 μs, Q1 = 70.245 μs, Median = 70.617 μs, Q3 = 71.031 μs, Max = 72.084 μs
IQR = 0.785 μs, LowerFence = 69.068 μs, UpperFence = 72.209 μs
ConfidenceInterval = [69.457 μs; 72.056 μs] (CI 99.9%), Margin = 1.299 μs (1.84% of Mean)
Skewness = 0.71, Kurtosis = 2.07, MValue = 2
-------------------- Histogram --------------------
[69.839 μs ; 72.530 μs) | @@@@@@@@
---------------------------------------------------

GroupByAggregate.SystemLinq: Quick(MaxRelativeError=0.05, Arguments=/p:MatrixMode=Benchmark, IterationTime=250ms, MaxIterationCount=12, MaxWarmupIterationCount=5, MinIterationCount=8, MinWarmupIterationCount=3)
Runtime = .NET 10.0.10 (10.0.10, 10.0.1026.32716), X64 RyuJIT x86-64-v3; GC = Concurrent Workstation
Mean = 108.087 μs, StdErr = 0.191 μs (0.18%), N = 8, StdDev = 0.539 μs
Min = 107.238 μs, Q1 = 107.871 μs, Median = 108.159 μs, Q3 = 108.379 μs, Max = 108.870 μs
IQR = 0.508 μs, LowerFence = 107.110 μs, UpperFence = 109.140 μs
ConfidenceInterval = [107.056 μs; 109.118 μs] (CI 99.9%), Margin = 1.031 μs (0.95% of Mean)
Skewness = -0.27, Kurtosis = 1.65, MValue = 2
-------------------- Histogram --------------------
[107.167 μs ; 109.224 μs) | @@@@@@@@
---------------------------------------------------

GroupByAggregate.ZLinq: Quick(MaxRelativeError=0.05, Arguments=/p:MatrixMode=Benchmark, IterationTime=250ms, MaxIterationCount=12, MaxWarmupIterationCount=5, MinIterationCount=8, MinWarmupIterationCount=3)
Runtime = .NET 10.0.10 (10.0.10, 10.0.1026.32716), X64 RyuJIT x86-64-v3; GC = Concurrent Workstation
Mean = 108.222 μs, StdErr = 0.309 μs (0.29%), N = 7, StdDev = 0.818 μs
Min = 107.140 μs, Q1 = 107.606 μs, Median = 108.373 μs, Q3 = 108.705 μs, Max = 109.420 μs
IQR = 1.099 μs, LowerFence = 105.957 μs, UpperFence = 110.354 μs
ConfidenceInterval = [106.379 μs; 110.065 μs] (CI 99.9%), Margin = 1.843 μs (1.70% of Mean)
Skewness = 0.01, Kurtosis = 1.33, MValue = 2
-------------------- Histogram --------------------
[106.579 μs ; 109.434 μs) | @@@@@@@
---------------------------------------------------

GroupByAggregate.LinqAF: Quick(MaxRelativeError=0.05, Arguments=/p:MatrixMode=Benchmark, IterationTime=250ms, MaxIterationCount=12, MaxWarmupIterationCount=5, MinIterationCount=8, MinWarmupIterationCount=3)
Runtime = .NET 10.0.10 (10.0.10, 10.0.1026.32716), X64 RyuJIT x86-64-v3; GC = Concurrent Workstation
Mean = 249.233 μs, StdErr = 1.169 μs (0.47%), N = 8, StdDev = 3.306 μs
Min = 245.561 μs, Q1 = 247.244 μs, Median = 247.788 μs, Q3 = 250.814 μs, Max = 255.033 μs
IQR = 3.570 μs, LowerFence = 241.889 μs, UpperFence = 256.168 μs
ConfidenceInterval = [242.911 μs; 255.555 μs] (CI 99.9%), Margin = 6.322 μs (2.54% of Mean)
Skewness = 0.64, Kurtosis = 1.69, MValue = 2
-------------------- Histogram --------------------
[244.454 μs ; 256.678 μs) | @@@@@@@@
---------------------------------------------------

// * Summary *

BenchmarkDotNet v0.15.8, Linux Ubuntu 24.04.4 LTS (Noble Numbat)
AMD EPYC 9V74 2.60GHz, 1 CPU, 4 logical and 2 physical cores
.NET SDK 10.0.302
  [Host] : .NET 10.0.10 (10.0.10, 10.0.1026.32716), X64 RyuJIT x86-64-v3
  Quick  : .NET 10.0.10 (10.0.10, 10.0.1026.32716), X64 RyuJIT x86-64-v3

Job=Quick  MaxRelativeError=0.05  Arguments=/p:MatrixMode=Benchmark  
IterationTime=250ms  MaxIterationCount=12  MaxWarmupIterationCount=5  
MinIterationCount=8  MinWarmupIterationCount=3  

| Method     | Mean      | Error    | StdDev   | Ratio | RatioSD | Gen0    | Gen1   | Allocated | Alloc Ratio |
|----------- |----------:|---------:|---------:|------:|--------:|--------:|-------:|----------:|------------:|
| HandCoded  |  70.76 μs | 1.299 μs | 0.680 μs |  1.00 |    0.01 |       - |      - |   1.12 KB |        1.00 |
| SystemLinq | 108.09 μs | 1.031 μs | 0.539 μs |  1.53 |    0.02 |  7.7586 | 1.2931 | 131.27 KB |      117.50 |
| ZLinq      | 108.22 μs | 1.843 μs | 0.818 μs |  1.53 |    0.02 |  6.6964 |      - | 130.59 KB |      116.89 |
| LinqAF     | 249.23 μs | 6.322 μs | 3.306 μs |  3.52 |    0.05 | 11.7188 | 0.9766 |  194.7 KB |      174.28 |

// * Warnings *
MinIterationTime
  GroupByAggregate.ZLinq: Quick -> The minimum observed iteration time is 48.001ms which is very small. It's recommended to increase it to at least 100ms using more operations.

// * Hints *
Outliers
  GroupByAggregate.ZLinq: Quick -> 1 outlier  was  removed (113.62 μs)

// * Legends *
  Mean        : Arithmetic mean of all measurements
  Error       : Half of 99.9% confidence interval
  StdDev      : Standard deviation of all measurements
  Ratio       : Mean of the ratio distribution ([Current]/[Baseline])
  RatioSD     : Standard deviation of the ratio distribution ([Current]/[Baseline])
  Gen0        : GC Generation 0 collects per 1000 operations
  Gen1        : GC Generation 1 collects per 1000 operations
  Allocated   : Allocated memory per single operation (managed only, inclusive, 1KB = 1024B)
  Alloc Ratio : Allocated memory ratio distribution ([Current]/[Baseline])
  1 μs        : 1 Microsecond (0.000001 sec)

// * Diagnostic Output - MemoryDiagnoser *


// ***** BenchmarkRunner: End *****
Run time: 00:00:16 (16.73 sec), executed benchmarks: 4

// Found 4 benchmarks:
//   JoinLookup.HandCoded: Quick(MaxRelativeError=0.05, Arguments=/p:MatrixMode=Benchmark, IterationTime=250ms, MaxIterationCount=12, MaxWarmupIterationCount=5, MinIterationCount=8, MinWarmupIterationCount=3)
//   JoinLookup.LinqAF: Quick(MaxRelativeError=0.05, Arguments=/p:MatrixMode=Benchmark, IterationTime=250ms, MaxIterationCount=12, MaxWarmupIterationCount=5, MinIterationCount=8, MinWarmupIterationCount=3)
//   JoinLookup.SystemLinq: Quick(MaxRelativeError=0.05, Arguments=/p:MatrixMode=Benchmark, IterationTime=250ms, MaxIterationCount=12, MaxWarmupIterationCount=5, MinIterationCount=8, MinWarmupIterationCount=3)
//   JoinLookup.ZLinq: Quick(MaxRelativeError=0.05, Arguments=/p:MatrixMode=Benchmark, IterationTime=250ms, MaxIterationCount=12, MaxWarmupIterationCount=5, MinIterationCount=8, MinWarmupIterationCount=3)

// **************************
// Benchmark: JoinLookup.HandCoded: Quick(MaxRelativeError=0.05, Arguments=/p:MatrixMode=Benchmark, IterationTime=250ms, MaxIterationCount=12, MaxWarmupIterationCount=5, MinIterationCount=8, MinWarmupIterationCount=3)
// *** Execute ***
// Launch: 1 / 1
// Execute: dotnet Matrix.LinqQueries-Quick-1.dll --anonymousPipes 129 130 --benchmarkName Matrix.LinqQueries.Benchmarks.JoinLookup.HandCoded --job Quick --benchmarkId 51 in /home/runner/work/dotnet-matrix/dotnet-matrix/src/Matrix.LinqQueries/bin/Benchmark/Release/net10.0/Matrix.LinqQueries-Quick-1/bin/Release/net10.0
// Failed to set up high priority (Permission denied). In order to run benchmarks with high priority, make sure you have the right permissions.
// BeforeAnythingElse

// Benchmark Process Environment Information:
// BenchmarkDotNet v0.15.8
// Runtime=.NET 10.0.10 (10.0.10, 10.0.1026.32716), X64 RyuJIT x86-64-v3
// GC=Concurrent Workstation
// HardwareIntrinsics=AVX2+BMI1+BMI2+F16C+FMA+LZCNT+MOVBE,AVX,SSE3+SSSE3+SSE4.1+SSE4.2+POPCNT,X86Base+SSE+SSE2,AES+PCLMUL VectorSize=256
// Job: Quick(MaxRelativeError=0.05, IterationTime=250ms, MaxIterationCount=12, MaxWarmupIterationCount=5, MinIterationCount=8, MinWarmupIterationCount=3)

OverheadJitting  1: 1 op, 270417.00 ns, 270.4170 us/op
WorkloadJitting  1: 1 op, 978605.00 ns, 978.6050 us/op

OverheadJitting  2: 16 op, 514996.00 ns, 32.1873 us/op
WorkloadJitting  2: 16 op, 3653976.00 ns, 228.3735 us/op

WorkloadPilot    1: 16 op, 1885351.00 ns, 117.8344 us/op
WorkloadPilot    2: 2128 op, 134110667.00 ns, 63.0219 us/op
WorkloadPilot    3: 3968 op, 329695663.00 ns, 83.0886 us/op
WorkloadPilot    4: 3024 op, 89573439.00 ns, 29.6208 us/op
WorkloadPilot    5: 8448 op, 242296451.00 ns, 28.6809 us/op
WorkloadPilot    6: 8720 op, 258417922.00 ns, 29.6351 us/op
WorkloadPilot    7: 8448 op, 243874768.00 ns, 28.8678 us/op
WorkloadPilot    8: 8672 op, 250195683.00 ns, 28.8510 us/op

OverheadWarmup   1: 8672 op, 39970.00 ns, 4.6091 ns/op
OverheadWarmup   2: 8672 op, 41382.00 ns, 4.7719 ns/op
OverheadWarmup   3: 8672 op, 41312.00 ns, 4.7638 ns/op
OverheadWarmup   4: 8672 op, 41403.00 ns, 4.7743 ns/op
OverheadWarmup   5: 8672 op, 38358.00 ns, 4.4232 ns/op

OverheadActual   1: 8672 op, 35393.00 ns, 4.0813 ns/op
OverheadActual   2: 8672 op, 35353.00 ns, 4.0767 ns/op
OverheadActual   3: 8672 op, 38017.00 ns, 4.3839 ns/op
OverheadActual   4: 8672 op, 38358.00 ns, 4.4232 ns/op
OverheadActual   5: 8672 op, 53451.00 ns, 6.1636 ns/op
OverheadActual   6: 8672 op, 38428.00 ns, 4.4313 ns/op
OverheadActual   7: 8672 op, 38348.00 ns, 4.4220 ns/op
OverheadActual   8: 8672 op, 38328.00 ns, 4.4197 ns/op
OverheadActual   9: 8672 op, 38328.00 ns, 4.4197 ns/op
OverheadActual  10: 8672 op, 38348.00 ns, 4.4220 ns/op
OverheadActual  11: 8672 op, 41923.00 ns, 4.8343 ns/op
OverheadActual  12: 8672 op, 38347.00 ns, 4.4219 ns/op

WorkloadWarmup   1: 8672 op, 254879340.00 ns, 29.3911 us/op
WorkloadWarmup   2: 8672 op, 253525371.00 ns, 29.2349 us/op
WorkloadWarmup   3: 8672 op, 248717515.00 ns, 28.6805 us/op
WorkloadWarmup   4: 8672 op, 248391795.00 ns, 28.6430 us/op
WorkloadWarmup   5: 8672 op, 254133226.00 ns, 29.3050 us/op

// BeforeActualRun
WorkloadActual   1: 8672 op, 253744480.00 ns, 29.2602 us/op
WorkloadActual   2: 8672 op, 250103214.00 ns, 28.8403 us/op
WorkloadActual   3: 8672 op, 258682291.00 ns, 29.8296 us/op
WorkloadActual   4: 8672 op, 254485251.00 ns, 29.3456 us/op
WorkloadActual   5: 8672 op, 252983103.00 ns, 29.1724 us/op
WorkloadActual   6: 8672 op, 255395818.00 ns, 29.4506 us/op
WorkloadActual   7: 8672 op, 255648470.00 ns, 29.4798 us/op
WorkloadActual   8: 8672 op, 253897691.00 ns, 29.2779 us/op

// AfterActualRun
WorkloadResult   1: 8672 op, 253706132.50 ns, 29.2558 us/op
WorkloadResult   2: 8672 op, 250064866.50 ns, 28.8359 us/op
WorkloadResult   3: 8672 op, 254446903.50 ns, 29.3412 us/op
WorkloadResult   4: 8672 op, 252944755.50 ns, 29.1680 us/op
WorkloadResult   5: 8672 op, 255357470.50 ns, 29.4462 us/op
WorkloadResult   6: 8672 op, 255610122.50 ns, 29.4753 us/op
WorkloadResult   7: 8672 op, 253859343.50 ns, 29.2734 us/op
// GC:  48 0 0 820926208 8672
// Threading:  0 0 8672

// AfterAll
// Benchmark Process 4186 has exited with code 0.

Mean = 29.257 μs, StdErr = 0.081 μs (0.28%), N = 7, StdDev = 0.215 μs
Min = 28.836 μs, Q1 = 29.212 μs, Median = 29.273 μs, Q3 = 29.394 μs, Max = 29.475 μs
IQR = 0.182 μs, LowerFence = 28.939 μs, UpperFence = 29.666 μs
ConfidenceInterval = [28.773 μs; 29.740 μs] (CI 99.9%), Margin = 0.483 μs (1.65% of Mean)
Skewness = -0.83, Kurtosis = 2.36, MValue = 2

// ** Remained 42 (44.7 %) benchmark(s) to run. Estimated finish 2026-08-11 9:36 (0h 3m from now) **
// **************************
// Benchmark: JoinLookup.LinqAF: Quick(MaxRelativeError=0.05, Arguments=/p:MatrixMode=Benchmark, IterationTime=250ms, MaxIterationCount=12, MaxWarmupIterationCount=5, MinIterationCount=8, MinWarmupIterationCount=3)
// *** Execute ***
// Launch: 1 / 1
// Execute: dotnet Matrix.LinqQueries-Quick-1.dll --anonymousPipes 129 130 --benchmarkName Matrix.LinqQueries.Benchmarks.JoinLookup.LinqAF --job Quick --benchmarkId 52 in /home/runner/work/dotnet-matrix/dotnet-matrix/src/Matrix.LinqQueries/bin/Benchmark/Release/net10.0/Matrix.LinqQueries-Quick-1/bin/Release/net10.0
// Failed to set up high priority (Permission denied). In order to run benchmarks with high priority, make sure you have the right permissions.
// BeforeAnythingElse

// Benchmark Process Environment Information:
// BenchmarkDotNet v0.15.8
// Runtime=.NET 10.0.10 (10.0.10, 10.0.1026.32716), X64 RyuJIT x86-64-v3
// GC=Concurrent Workstation
// HardwareIntrinsics=AVX2+BMI1+BMI2+F16C+FMA+LZCNT+MOVBE,AVX,SSE3+SSSE3+SSE4.1+SSE4.2+POPCNT,X86Base+SSE+SSE2,AES+PCLMUL VectorSize=256
// Job: Quick(MaxRelativeError=0.05, IterationTime=250ms, MaxIterationCount=12, MaxWarmupIterationCount=5, MinIterationCount=8, MinWarmupIterationCount=3)

OverheadJitting  1: 1 op, 285170.00 ns, 285.1700 us/op
WorkloadJitting  1: 1 op, 450385157.00 ns, 450.3852 ms/op

OverheadJitting  2: 1 op, 420.00 ns, 420.0000 ns/op
WorkloadJitting  2: 1 op, 2130340.00 ns, 2.1303 ms/op

OverheadJitting  3: 16 op, 517870.00 ns, 32.3669 us/op
WorkloadJitting  3: 16 op, 25764963.00 ns, 1.6103 ms/op

WorkloadPilot    1: 16 op, 24061445.00 ns, 1.5038 ms/op
WorkloadPilot    2: 176 op, 172770209.00 ns, 981.6489 us/op
WorkloadPilot    3: 256 op, 64322330.00 ns, 251.2591 us/op
WorkloadPilot    4: 1008 op, 261335358.00 ns, 259.2613 us/op
WorkloadPilot    5: 976 op, 252062806.00 ns, 258.2611 us/op

OverheadWarmup   1: 976 op, 9804.00 ns, 10.0451 ns/op
OverheadWarmup   2: 976 op, 6680.00 ns, 6.8443 ns/op
OverheadWarmup   3: 976 op, 6770.00 ns, 6.9365 ns/op
OverheadWarmup   4: 976 op, 7291.00 ns, 7.4703 ns/op
OverheadWarmup   5: 976 op, 7251.00 ns, 7.4293 ns/op
OverheadWarmup   6: 976 op, 7040.00 ns, 7.2131 ns/op
OverheadWarmup   7: 976 op, 6791.00 ns, 6.9580 ns/op
OverheadWarmup   8: 976 op, 7121.00 ns, 7.2961 ns/op
OverheadWarmup   9: 976 op, 7271.00 ns, 7.4498 ns/op
OverheadWarmup  10: 976 op, 6690.00 ns, 6.8545 ns/op

OverheadActual   1: 976 op, 6970.00 ns, 7.1414 ns/op
OverheadActual   2: 976 op, 6880.00 ns, 7.0492 ns/op
OverheadActual   3: 976 op, 9044.00 ns, 9.2664 ns/op
OverheadActual   4: 976 op, 6530.00 ns, 6.6906 ns/op
OverheadActual   5: 976 op, 7221.00 ns, 7.3986 ns/op
OverheadActual   6: 976 op, 6841.00 ns, 7.0092 ns/op
OverheadActual   7: 976 op, 7131.00 ns, 7.3064 ns/op
OverheadActual   8: 976 op, 6881.00 ns, 7.0502 ns/op
OverheadActual   9: 976 op, 4507.00 ns, 4.6178 ns/op
OverheadActual  10: 976 op, 4527.00 ns, 4.6383 ns/op
OverheadActual  11: 976 op, 4527.00 ns, 4.6383 ns/op
OverheadActual  12: 976 op, 4507.00 ns, 4.6178 ns/op

WorkloadWarmup   1: 976 op, 252195677.00 ns, 258.3972 us/op
WorkloadWarmup   2: 976 op, 253618220.00 ns, 259.8547 us/op
WorkloadWarmup   3: 976 op, 252029957.00 ns, 258.2274 us/op
WorkloadWarmup   4: 976 op, 252672505.00 ns, 258.8858 us/op
WorkloadWarmup   5: 976 op, 253731210.00 ns, 259.9705 us/op

// BeforeActualRun
WorkloadActual   1: 976 op, 256534786.00 ns, 262.8430 us/op
WorkloadActual   2: 976 op, 253994830.00 ns, 260.2406 us/op
WorkloadActual   3: 976 op, 253166772.00 ns, 259.3922 us/op
WorkloadActual   4: 976 op, 252448449.00 ns, 258.6562 us/op
WorkloadActual   5: 976 op, 252590363.00 ns, 258.8016 us/op
WorkloadActual   6: 976 op, 252187276.00 ns, 258.3886 us/op
WorkloadActual   7: 976 op, 249504975.00 ns, 255.6403 us/op
WorkloadActual   8: 976 op, 250945285.00 ns, 257.1161 us/op

// AfterActualRun
WorkloadResult   1: 976 op, 253987969.50 ns, 260.2336 us/op
WorkloadResult   2: 976 op, 253159911.50 ns, 259.3852 us/op
WorkloadResult   3: 976 op, 252441588.50 ns, 258.6492 us/op
WorkloadResult   4: 976 op, 252583502.50 ns, 258.7946 us/op
WorkloadResult   5: 976 op, 252180415.50 ns, 258.3816 us/op
WorkloadResult   6: 976 op, 249498114.50 ns, 255.6333 us/op
WorkloadResult   7: 976 op, 250938424.50 ns, 257.1090 us/op
// GC:  40 40 40 374344576 976
// Threading:  0 0 976

// AfterAll
// Benchmark Process 4194 has exited with code 0.

Mean = 258.312 μs, StdErr = 0.574 μs (0.22%), N = 7, StdDev = 1.518 μs
Min = 255.633 μs, Q1 = 257.745 μs, Median = 258.649 μs, Q3 = 259.090 μs, Max = 260.234 μs
IQR = 1.345 μs, LowerFence = 255.728 μs, UpperFence = 261.107 μs
ConfidenceInterval = [254.894 μs; 261.730 μs] (CI 99.9%), Margin = 3.418 μs (1.32% of Mean)
Skewness = -0.51, Kurtosis = 1.85, MValue = 2

// ** Remained 41 (43.6 %) benchmark(s) to run. Estimated finish 2026-08-11 9:36 (0h 3m from now) **
// **************************
// Benchmark: JoinLookup.SystemLinq: Quick(MaxRelativeError=0.05, Arguments=/p:MatrixMode=Benchmark, IterationTime=250ms, MaxIterationCount=12, MaxWarmupIterationCount=5, MinIterationCount=8, MinWarmupIterationCount=3)
// *** Execute ***
// Launch: 1 / 1
// Execute: dotnet Matrix.LinqQueries-Quick-1.dll --anonymousPipes 129 130 --benchmarkName Matrix.LinqQueries.Benchmarks.JoinLookup.SystemLinq --job Quick --benchmarkId 53 in /home/runner/work/dotnet-matrix/dotnet-matrix/src/Matrix.LinqQueries/bin/Benchmark/Release/net10.0/Matrix.LinqQueries-Quick-1/bin/Release/net10.0
// Failed to set up high priority (Permission denied). In order to run benchmarks with high priority, make sure you have the right permissions.
// BeforeAnythingElse

// Benchmark Process Environment Information:
// BenchmarkDotNet v0.15.8
// Runtime=.NET 10.0.10 (10.0.10, 10.0.1026.32716), X64 RyuJIT x86-64-v3
// GC=Concurrent Workstation
// HardwareIntrinsics=AVX2+BMI1+BMI2+F16C+FMA+LZCNT+MOVBE,AVX,SSE3+SSSE3+SSE4.1+SSE4.2+POPCNT,X86Base+SSE+SSE2,AES+PCLMUL VectorSize=256
// Job: Quick(MaxRelativeError=0.05, IterationTime=250ms, MaxIterationCount=12, MaxWarmupIterationCount=5, MinIterationCount=8, MinWarmupIterationCount=3)

OverheadJitting  1: 1 op, 253071.00 ns, 253.0710 us/op
WorkloadJitting  1: 1 op, 7533551.00 ns, 7.5336 ms/op

OverheadJitting  2: 16 op, 564390.00 ns, 35.2744 us/op
WorkloadJitting  2: 16 op, 17557725.00 ns, 1.0974 ms/op

WorkloadPilot    1: 16 op, 13447252.00 ns, 840.4533 us/op
WorkloadPilot    2: 304 op, 174092915.00 ns, 572.6741 us/op
WorkloadPilot    3: 448 op, 82724042.00 ns, 184.6519 us/op
WorkloadPilot    4: 1360 op, 169820672.00 ns, 124.8681 us/op
WorkloadPilot    5: 2016 op, 234204441.00 ns, 116.1728 us/op
WorkloadPilot    6: 2160 op, 253152971.00 ns, 117.2004 us/op
WorkloadPilot    7: 2144 op, 248421482.00 ns, 115.8682 us/op
WorkloadPilot    8: 2160 op, 251440862.00 ns, 116.4078 us/op

OverheadWarmup   1: 2160 op, 12529.00 ns, 5.8005 ns/op
OverheadWarmup   2: 2160 op, 10095.00 ns, 4.6736 ns/op
OverheadWarmup   3: 2160 op, 10115.00 ns, 4.6829 ns/op
OverheadWarmup   4: 2160 op, 10125.00 ns, 4.6875 ns/op
OverheadWarmup   5: 2160 op, 9384.00 ns, 4.3444 ns/op
OverheadWarmup   6: 2160 op, 9965.00 ns, 4.6134 ns/op
OverheadWarmup   7: 2160 op, 9996.00 ns, 4.6278 ns/op
OverheadWarmup   8: 2160 op, 10105.00 ns, 4.6782 ns/op
OverheadWarmup   9: 2160 op, 9995.00 ns, 4.6273 ns/op

OverheadActual   1: 2160 op, 9424.00 ns, 4.3630 ns/op
OverheadActual   2: 2160 op, 10205.00 ns, 4.7245 ns/op
OverheadActual   3: 2160 op, 9414.00 ns, 4.3583 ns/op
OverheadActual   4: 2160 op, 9304.00 ns, 4.3074 ns/op
OverheadActual   5: 2160 op, 9264.00 ns, 4.2889 ns/op
OverheadActual   6: 2160 op, 10886.00 ns, 5.0398 ns/op
OverheadActual   7: 2160 op, 10025.00 ns, 4.6412 ns/op
OverheadActual   8: 2160 op, 9975.00 ns, 4.6181 ns/op
OverheadActual   9: 2160 op, 9996.00 ns, 4.6278 ns/op
OverheadActual  10: 2160 op, 9995.00 ns, 4.6273 ns/op
OverheadActual  11: 2160 op, 9965.00 ns, 4.6134 ns/op
OverheadActual  12: 2160 op, 10005.00 ns, 4.6319 ns/op

WorkloadWarmup   1: 2160 op, 259064168.00 ns, 119.9371 us/op
WorkloadWarmup   2: 2160 op, 250619935.00 ns, 116.0277 us/op
WorkloadWarmup   3: 2160 op, 250731683.00 ns, 116.0795 us/op
WorkloadWarmup   4: 2160 op, 251731440.00 ns, 116.5423 us/op
WorkloadWarmup   5: 2160 op, 250912365.00 ns, 116.1631 us/op

// BeforeActualRun
WorkloadActual   1: 2160 op, 252184482.00 ns, 116.7521 us/op
WorkloadActual   2: 2160 op, 253015544.00 ns, 117.1368 us/op
WorkloadActual   3: 2160 op, 251227810.00 ns, 116.3092 us/op
WorkloadActual   4: 2160 op, 252664165.00 ns, 116.9742 us/op
WorkloadActual   5: 2160 op, 252421920.00 ns, 116.8620 us/op
WorkloadActual   6: 2160 op, 253021533.00 ns, 117.1396 us/op
WorkloadActual   7: 2160 op, 252428610.00 ns, 116.8651 us/op
WorkloadActual   8: 2160 op, 252065613.00 ns, 116.6970 us/op

// AfterActualRun
WorkloadResult   1: 2160 op, 252174497.00 ns, 116.7475 us/op
WorkloadResult   2: 2160 op, 253005559.00 ns, 117.1322 us/op
WorkloadResult   3: 2160 op, 251217825.00 ns, 116.3045 us/op
WorkloadResult   4: 2160 op, 252654180.00 ns, 116.9695 us/op
WorkloadResult   5: 2160 op, 252411935.00 ns, 116.8574 us/op
WorkloadResult   6: 2160 op, 253011548.00 ns, 117.1350 us/op
WorkloadResult   7: 2160 op, 252418625.00 ns, 116.8605 us/op
WorkloadResult   8: 2160 op, 252055628.00 ns, 116.6924 us/op
// GC:  17 2 0 286312320 2160
// Threading:  0 0 2160

// AfterAll
// Benchmark Process 4203 has exited with code 0.

Mean = 116.837 μs, StdErr = 0.095 μs (0.08%), N = 8, StdDev = 0.269 μs
Min = 116.305 μs, Q1 = 116.734 μs, Median = 116.859 μs, Q3 = 117.010 μs, Max = 117.135 μs
IQR = 0.277 μs, LowerFence = 116.319 μs, UpperFence = 117.425 μs
ConfidenceInterval = [116.323 μs; 117.352 μs] (CI 99.9%), Margin = 0.515 μs (0.44% of Mean)
Skewness = -0.65, Kurtosis = 2.31, MValue = 2

// ** Remained 40 (42.6 %) benchmark(s) to run. Estimated finish 2026-08-11 9:36 (0h 3m from now) **
// **************************
// Benchmark: JoinLookup.ZLinq: Quick(MaxRelativeError=0.05, Arguments=/p:MatrixMode=Benchmark, IterationTime=250ms, MaxIterationCount=12, MaxWarmupIterationCount=5, MinIterationCount=8, MinWarmupIterationCount=3)
// *** Execute ***
// Launch: 1 / 1
// Execute: dotnet Matrix.LinqQueries-Quick-1.dll --anonymousPipes 129 130 --benchmarkName Matrix.LinqQueries.Benchmarks.JoinLookup.ZLinq --job Quick --benchmarkId 54 in /home/runner/work/dotnet-matrix/dotnet-matrix/src/Matrix.LinqQueries/bin/Benchmark/Release/net10.0/Matrix.LinqQueries-Quick-1/bin/Release/net10.0
// Failed to set up high priority (Permission denied). In order to run benchmarks with high priority, make sure you have the right permissions.
// BeforeAnythingElse

// Benchmark Process Environment Information:
// BenchmarkDotNet v0.15.8
// Runtime=.NET 10.0.10 (10.0.10, 10.0.1026.32716), X64 RyuJIT x86-64-v3
// GC=Concurrent Workstation
// HardwareIntrinsics=AVX2+BMI1+BMI2+F16C+FMA+LZCNT+MOVBE,AVX,SSE3+SSSE3+SSE4.1+SSE4.2+POPCNT,X86Base+SSE+SSE2,AES+PCLMUL VectorSize=256
// Job: Quick(MaxRelativeError=0.05, IterationTime=250ms, MaxIterationCount=12, MaxWarmupIterationCount=5, MinIterationCount=8, MinWarmupIterationCount=3)

OverheadJitting  1: 1 op, 333683.00 ns, 333.6830 us/op
WorkloadJitting  1: 1 op, 11338264.00 ns, 11.3383 ms/op

OverheadJitting  2: 16 op, 585662.00 ns, 36.6039 us/op
WorkloadJitting  2: 16 op, 22488194.00 ns, 1.4055 ms/op

WorkloadPilot    1: 16 op, 14845258.00 ns, 927.8286 us/op
WorkloadPilot    2: 272 op, 168432195.00 ns, 619.2360 us/op
WorkloadPilot    3: 416 op, 43207572.00 ns, 103.8644 us/op
WorkloadPilot    4: 2416 op, 204640417.00 ns, 84.7022 us/op
WorkloadPilot    5: 2960 op, 253503969.00 ns, 85.6432 us/op
WorkloadPilot    6: 2928 op, 251641854.00 ns, 85.9433 us/op
WorkloadPilot    7: 2912 op, 246823714.00 ns, 84.7609 us/op
WorkloadPilot    8: 2960 op, 253388055.00 ns, 85.6041 us/op

OverheadWarmup   1: 2960 op, 22514.00 ns, 7.6061 ns/op
OverheadWarmup   2: 2960 op, 18838.00 ns, 6.3642 ns/op
OverheadWarmup   3: 2960 op, 18277.00 ns, 6.1747 ns/op
OverheadWarmup   4: 2960 op, 18548.00 ns, 6.2662 ns/op
OverheadWarmup   5: 2960 op, 18669.00 ns, 6.3071 ns/op
OverheadWarmup   6: 2960 op, 18708.00 ns, 6.3203 ns/op
OverheadWarmup   7: 2960 op, 18468.00 ns, 6.2392 ns/op
OverheadWarmup   8: 2960 op, 18508.00 ns, 6.2527 ns/op
OverheadWarmup   9: 2960 op, 12589.00 ns, 4.2530 ns/op

OverheadActual   1: 2960 op, 12589.00 ns, 4.2530 ns/op
OverheadActual   2: 2960 op, 12489.00 ns, 4.2193 ns/op
OverheadActual   3: 2960 op, 13651.00 ns, 4.6118 ns/op
OverheadActual   4: 2960 op, 13460.00 ns, 4.5473 ns/op
OverheadActual   5: 2960 op, 12469.00 ns, 4.2125 ns/op
OverheadActual   6: 2960 op, 13491.00 ns, 4.5578 ns/op
OverheadActual   7: 2960 op, 13480.00 ns, 4.5541 ns/op
OverheadActual   8: 2960 op, 13430.00 ns, 4.5372 ns/op
OverheadActual   9: 2960 op, 13441.00 ns, 4.5409 ns/op
OverheadActual  10: 2960 op, 13451.00 ns, 4.5443 ns/op
OverheadActual  11: 2960 op, 13430.00 ns, 4.5372 ns/op

WorkloadWarmup   1: 2960 op, 256011067.00 ns, 86.4902 us/op
WorkloadWarmup   2: 2960 op, 245340039.00 ns, 82.8851 us/op
WorkloadWarmup   3: 2960 op, 257342478.00 ns, 86.9400 us/op
WorkloadWarmup   4: 2960 op, 252760675.00 ns, 85.3921 us/op
WorkloadWarmup   5: 2960 op, 247906536.00 ns, 83.7522 us/op

// BeforeActualRun
WorkloadActual   1: 2960 op, 254889247.00 ns, 86.1112 us/op
WorkloadActual   2: 2960 op, 247613574.00 ns, 83.6532 us/op
WorkloadActual   3: 2960 op, 252091621.00 ns, 85.1661 us/op
WorkloadActual   4: 2960 op, 273755915.00 ns, 92.4851 us/op
WorkloadActual   5: 2960 op, 253640085.00 ns, 85.6892 us/op
WorkloadActual   6: 2960 op, 249936414.00 ns, 84.4380 us/op
WorkloadActual   7: 2960 op, 245506379.00 ns, 82.9413 us/op
WorkloadActual   8: 2960 op, 248692670.00 ns, 84.0178 us/op

// AfterActualRun
WorkloadResult   1: 2960 op, 254875806.00 ns, 86.1067 us/op
WorkloadResult   2: 2960 op, 247600133.00 ns, 83.6487 us/op
WorkloadResult   3: 2960 op, 252078180.00 ns, 85.1615 us/op
WorkloadResult   4: 2960 op, 253626644.00 ns, 85.6847 us/op
WorkloadResult   5: 2960 op, 249922973.00 ns, 84.4334 us/op
WorkloadResult   6: 2960 op, 245492938.00 ns, 82.9368 us/op
WorkloadResult   7: 2960 op, 248679229.00 ns, 84.0133 us/op
// GC:  23 3 0 391572480 2960
// Threading:  0 0 2960

// AfterAll
// Benchmark Process 4211 has exited with code 0.

Mean = 84.569 μs, StdErr = 0.431 μs (0.51%), N = 7, StdDev = 1.140 μs
Min = 82.937 μs, Q1 = 83.831 μs, Median = 84.433 μs, Q3 = 85.423 μs, Max = 86.107 μs
IQR = 1.592 μs, LowerFence = 81.443 μs, UpperFence = 87.811 μs
ConfidenceInterval = [82.002 μs; 87.137 μs] (CI 99.9%), Margin = 2.568 μs (3.04% of Mean)
Skewness = -0.01, Kurtosis = 1.28, MValue = 2

// ** Remained 39 (41.5 %) benchmark(s) to run. Estimated finish 2026-08-11 9:36 (0h 3m from now) **
// ***** BenchmarkRunner: Finish  *****

// * Export *
  tmp/dotnet-matrix/LinqQueries/4112bfa66d854e1a9cc414e42f130abf/results/Matrix.LinqQueries.Benchmarks.JoinLookup-report.csv
  tmp/dotnet-matrix/LinqQueries/4112bfa66d854e1a9cc414e42f130abf/results/Matrix.LinqQueries.Benchmarks.JoinLookup-report-github.md
  tmp/dotnet-matrix/LinqQueries/4112bfa66d854e1a9cc414e42f130abf/results/Matrix.LinqQueries.Benchmarks.JoinLookup-report.html
  tmp/dotnet-matrix/LinqQueries/4112bfa66d854e1a9cc414e42f130abf/results/Matrix.LinqQueries.Benchmarks.JoinLookup-report-full.json

// * Detailed results *
JoinLookup.HandCoded: Quick(MaxRelativeError=0.05, Arguments=/p:MatrixMode=Benchmark, IterationTime=250ms, MaxIterationCount=12, MaxWarmupIterationCount=5, MinIterationCount=8, MinWarmupIterationCount=3)
Runtime = .NET 10.0.10 (10.0.10, 10.0.1026.32716), X64 RyuJIT x86-64-v3; GC = Concurrent Workstation
Mean = 29.257 μs, StdErr = 0.081 μs (0.28%), N = 7, StdDev = 0.215 μs
Min = 28.836 μs, Q1 = 29.212 μs, Median = 29.273 μs, Q3 = 29.394 μs, Max = 29.475 μs
IQR = 0.182 μs, LowerFence = 28.939 μs, UpperFence = 29.666 μs
ConfidenceInterval = [28.773 μs; 29.740 μs] (CI 99.9%), Margin = 0.483 μs (1.65% of Mean)
Skewness = -0.83, Kurtosis = 2.36, MValue = 2
-------------------- Histogram --------------------
[28.689 μs ; 29.623 μs) | @@@@@@@
---------------------------------------------------

JoinLookup.ZLinq: Quick(MaxRelativeError=0.05, Arguments=/p:MatrixMode=Benchmark, IterationTime=250ms, MaxIterationCount=12, MaxWarmupIterationCount=5, MinIterationCount=8, MinWarmupIterationCount=3)
Runtime = .NET 10.0.10 (10.0.10, 10.0.1026.32716), X64 RyuJIT x86-64-v3; GC = Concurrent Workstation
Mean = 84.569 μs, StdErr = 0.431 μs (0.51%), N = 7, StdDev = 1.140 μs
Min = 82.937 μs, Q1 = 83.831 μs, Median = 84.433 μs, Q3 = 85.423 μs, Max = 86.107 μs
IQR = 1.592 μs, LowerFence = 81.443 μs, UpperFence = 87.811 μs
ConfidenceInterval = [82.002 μs; 87.137 μs] (CI 99.9%), Margin = 2.568 μs (3.04% of Mean)
Skewness = -0.01, Kurtosis = 1.28, MValue = 2
-------------------- Histogram --------------------
[82.848 μs ; 86.490 μs) | @@@@@@@
---------------------------------------------------

JoinLookup.SystemLinq: Quick(MaxRelativeError=0.05, Arguments=/p:MatrixMode=Benchmark, IterationTime=250ms, MaxIterationCount=12, MaxWarmupIterationCount=5, MinIterationCount=8, MinWarmupIterationCount=3)
Runtime = .NET 10.0.10 (10.0.10, 10.0.1026.32716), X64 RyuJIT x86-64-v3; GC = Concurrent Workstation
Mean = 116.837 μs, StdErr = 0.095 μs (0.08%), N = 8, StdDev = 0.269 μs
Min = 116.305 μs, Q1 = 116.734 μs, Median = 116.859 μs, Q3 = 117.010 μs, Max = 117.135 μs
IQR = 0.277 μs, LowerFence = 116.319 μs, UpperFence = 117.425 μs
ConfidenceInterval = [116.323 μs; 117.352 μs] (CI 99.9%), Margin = 0.515 μs (0.44% of Mean)
Skewness = -0.65, Kurtosis = 2.31, MValue = 2
-------------------- Histogram --------------------
[116.128 μs ; 117.312 μs) | @@@@@@@@
---------------------------------------------------

JoinLookup.LinqAF: Quick(MaxRelativeError=0.05, Arguments=/p:MatrixMode=Benchmark, IterationTime=250ms, MaxIterationCount=12, MaxWarmupIterationCount=5, MinIterationCount=8, MinWarmupIterationCount=3)
Runtime = .NET 10.0.10 (10.0.10, 10.0.1026.32716), X64 RyuJIT x86-64-v3; GC = Concurrent Workstation
Mean = 258.312 μs, StdErr = 0.574 μs (0.22%), N = 7, StdDev = 1.518 μs
Min = 255.633 μs, Q1 = 257.745 μs, Median = 258.649 μs, Q3 = 259.090 μs, Max = 260.234 μs
IQR = 1.345 μs, LowerFence = 255.728 μs, UpperFence = 261.107 μs
ConfidenceInterval = [254.894 μs; 261.730 μs] (CI 99.9%), Margin = 3.418 μs (1.32% of Mean)
Skewness = -0.51, Kurtosis = 1.85, MValue = 2
-------------------- Histogram --------------------
[254.592 μs ; 261.275 μs) | @@@@@@@
---------------------------------------------------

// * Summary *

BenchmarkDotNet v0.15.8, Linux Ubuntu 24.04.4 LTS (Noble Numbat)
AMD EPYC 9V74 2.60GHz, 1 CPU, 4 logical and 2 physical cores
.NET SDK 10.0.302
  [Host] : .NET 10.0.10 (10.0.10, 10.0.1026.32716), X64 RyuJIT x86-64-v3
  Quick  : .NET 10.0.10 (10.0.10, 10.0.1026.32716), X64 RyuJIT x86-64-v3

Job=Quick  MaxRelativeError=0.05  Arguments=/p:MatrixMode=Benchmark  
IterationTime=250ms  MaxIterationCount=12  MaxWarmupIterationCount=5  
MinIterationCount=8  MinWarmupIterationCount=3  

| Method     | Mean      | Error    | StdDev   | Ratio | RatioSD | Gen0    | Gen1    | Gen2    | Allocated | Alloc Ratio |
|----------- |----------:|---------:|---------:|------:|--------:|--------:|--------:|--------:|----------:|------------:|
| HandCoded  |  29.26 μs | 0.483 μs | 0.215 μs |  1.00 |    0.01 |  5.5351 |       - |       - |  92.45 KB |        1.00 |
| ZLinq      |  84.57 μs | 2.568 μs | 1.140 μs |  2.89 |    0.04 |  7.7703 |  1.0135 |       - | 129.19 KB |        1.40 |
| SystemLinq | 116.84 μs | 0.515 μs | 0.269 μs |  3.99 |    0.03 |  7.8704 |  0.9259 |       - | 129.45 KB |        1.40 |
| LinqAF     | 258.31 μs | 3.418 μs | 1.518 μs |  8.83 |    0.08 | 40.9836 | 40.9836 | 40.9836 | 374.56 KB |        4.05 |

// * Hints *
Outliers
  JoinLookup.HandCoded: Quick  -> 1 outlier  was  removed, 2 outliers were detected (28.84 μs, 29.83 μs)
  JoinLookup.ZLinq: Quick      -> 1 outlier  was  removed (92.49 μs)
  JoinLookup.SystemLinq: Quick -> 1 outlier  was  detected (116.31 μs)
  JoinLookup.LinqAF: Quick     -> 1 outlier  was  removed, 2 outliers were detected (255.64 μs, 262.84 μs)

// * Legends *
  Mean        : Arithmetic mean of all measurements
  Error       : Half of 99.9% confidence interval
  StdDev      : Standard deviation of all measurements
  Ratio       : Mean of the ratio distribution ([Current]/[Baseline])
  RatioSD     : Standard deviation of the ratio distribution ([Current]/[Baseline])
  Gen0        : GC Generation 0 collects per 1000 operations
  Gen1        : GC Generation 1 collects per 1000 operations
  Gen2        : GC Generation 2 collects per 1000 operations
  Allocated   : Allocated memory per single operation (managed only, inclusive, 1KB = 1024B)
  Alloc Ratio : Allocated memory ratio distribution ([Current]/[Baseline])
  1 μs        : 1 Microsecond (0.000001 sec)

// * Diagnostic Output - MemoryDiagnoser *


// ***** BenchmarkRunner: End *****
Run time: 00:00:20 (20.81 sec), executed benchmarks: 4

// Found 6 benchmarks:
//   ListSource.HandCoded: Quick(MaxRelativeError=0.05, Arguments=/p:MatrixMode=Benchmark, IterationTime=250ms, MaxIterationCount=12, MaxWarmupIterationCount=5, MinIterationCount=8, MinWarmupIterationCount=3)
//   ListSource.Hyperlinq: Quick(MaxRelativeError=0.05, Arguments=/p:MatrixMode=Benchmark, IterationTime=250ms, MaxIterationCount=12, MaxWarmupIterationCount=5, MinIterationCount=8, MinWarmupIterationCount=3)
//   ListSource.LinqAF: Quick(MaxRelativeError=0.05, Arguments=/p:MatrixMode=Benchmark, IterationTime=250ms, MaxIterationCount=12, MaxWarmupIterationCount=5, MinIterationCount=8, MinWarmupIterationCount=3)
//   ListSource.StructLinq: Quick(MaxRelativeError=0.05, Arguments=/p:MatrixMode=Benchmark, IterationTime=250ms, MaxIterationCount=12, MaxWarmupIterationCount=5, MinIterationCount=8, MinWarmupIterationCount=3)
//   ListSource.SystemLinq: Quick(MaxRelativeError=0.05, Arguments=/p:MatrixMode=Benchmark, IterationTime=250ms, MaxIterationCount=12, MaxWarmupIterationCount=5, MinIterationCount=8, MinWarmupIterationCount=3)
//   ListSource.ZLinq: Quick(MaxRelativeError=0.05, Arguments=/p:MatrixMode=Benchmark, IterationTime=250ms, MaxIterationCount=12, MaxWarmupIterationCount=5, MinIterationCount=8, MinWarmupIterationCount=3)

// **************************
// Benchmark: ListSource.HandCoded: Quick(MaxRelativeError=0.05, Arguments=/p:MatrixMode=Benchmark, IterationTime=250ms, MaxIterationCount=12, MaxWarmupIterationCount=5, MinIterationCount=8, MinWarmupIterationCount=3)
// *** Execute ***
// Launch: 1 / 1
// Execute: dotnet Matrix.LinqQueries-Quick-1.dll --anonymousPipes 129 130 --benchmarkName Matrix.LinqQueries.Benchmarks.ListSource.HandCoded --job Quick --benchmarkId 55 in /home/runner/work/dotnet-matrix/dotnet-matrix/src/Matrix.LinqQueries/bin/Benchmark/Release/net10.0/Matrix.LinqQueries-Quick-1/bin/Release/net10.0
// Failed to set up high priority (Permission denied). In order to run benchmarks with high priority, make sure you have the right permissions.
// BeforeAnythingElse

// Benchmark Process Environment Information:
// BenchmarkDotNet v0.15.8
// Runtime=.NET 10.0.10 (10.0.10, 10.0.1026.32716), X64 RyuJIT x86-64-v3
// GC=Concurrent Workstation
// HardwareIntrinsics=AVX2+BMI1+BMI2+F16C+FMA+LZCNT+MOVBE,AVX,SSE3+SSSE3+SSE4.1+SSE4.2+POPCNT,X86Base+SSE+SSE2,AES+PCLMUL VectorSize=256
// Job: Quick(MaxRelativeError=0.05, IterationTime=250ms, MaxIterationCount=12, MaxWarmupIterationCount=5, MinIterationCount=8, MinWarmupIterationCount=3)

OverheadJitting  1: 1 op, 275726.00 ns, 275.7260 us/op
WorkloadJitting  1: 1 op, 1044764.00 ns, 1.0448 ms/op

OverheadJitting  2: 16 op, 493704.00 ns, 30.8565 us/op
WorkloadJitting  2: 16 op, 1570637.00 ns, 98.1648 us/op

WorkloadPilot    1: 16 op, 1019075.00 ns, 63.6922 us/op
WorkloadPilot    2: 3936 op, 126925236.00 ns, 32.2473 us/op
WorkloadPilot    3: 7760 op, 170654685.00 ns, 21.9916 us/op
WorkloadPilot    4: 11376 op, 214324395.00 ns, 18.8400 us/op
WorkloadPilot    5: 13280 op, 248471146.00 ns, 18.7102 us/op
WorkloadPilot    6: 13376 op, 254065937.00 ns, 18.9942 us/op
WorkloadPilot    7: 13168 op, 252082207.00 ns, 19.1435 us/op
WorkloadPilot    8: 13072 op, 253881699.00 ns, 19.4218 us/op

OverheadWarmup   1: 13072 op, 74403.00 ns, 5.6918 ns/op
OverheadWarmup   2: 13072 op, 66250.00 ns, 5.0681 ns/op
OverheadWarmup   3: 13072 op, 66370.00 ns, 5.0773 ns/op
OverheadWarmup   4: 13072 op, 66119.00 ns, 5.0581 ns/op
OverheadWarmup   5: 13072 op, 66820.00 ns, 5.1117 ns/op
OverheadWarmup   6: 13072 op, 71587.00 ns, 5.4764 ns/op
OverheadWarmup   7: 13072 op, 72079.00 ns, 5.5140 ns/op
OverheadWarmup   8: 13072 op, 68643.00 ns, 5.2511 ns/op

OverheadActual   1: 13072 op, 89154.00 ns, 6.8202 ns/op
OverheadActual   2: 13072 op, 67232.00 ns, 5.1432 ns/op
OverheadActual   3: 13072 op, 69385.00 ns, 5.3079 ns/op
OverheadActual   4: 13072 op, 64137.00 ns, 4.9064 ns/op
OverheadActual   5: 13072 op, 63966.00 ns, 4.8934 ns/op
OverheadActual   6: 13072 op, 64267.00 ns, 4.9164 ns/op
OverheadActual   7: 13072 op, 66841.00 ns, 5.1133 ns/op
OverheadActual   8: 13072 op, 71828.00 ns, 5.4948 ns/op
OverheadActual   9: 13072 op, 66350.00 ns, 5.0757 ns/op
OverheadActual  10: 13072 op, 65729.00 ns, 5.0282 ns/op
OverheadActual  11: 13072 op, 66380.00 ns, 5.0780 ns/op
OverheadActual  12: 13072 op, 66250.00 ns, 5.0681 ns/op

WorkloadWarmup   1: 13072 op, 260104670.00 ns, 19.8978 us/op
WorkloadWarmup   2: 13072 op, 253763916.00 ns, 19.4128 us/op
WorkloadWarmup   3: 13072 op, 253396738.00 ns, 19.3847 us/op
WorkloadWarmup   4: 13072 op, 254839872.00 ns, 19.4951 us/op
WorkloadWarmup   5: 13072 op, 252406586.00 ns, 19.3089 us/op

// BeforeActualRun
WorkloadActual   1: 13072 op, 255852918.00 ns, 19.5726 us/op
WorkloadActual   2: 13072 op, 256221904.00 ns, 19.6008 us/op
WorkloadActual   3: 13072 op, 253946673.00 ns, 19.4268 us/op
WorkloadActual   4: 13072 op, 250641053.00 ns, 19.1739 us/op
WorkloadActual   5: 13072 op, 245800729.00 ns, 18.8036 us/op
WorkloadActual   6: 13072 op, 249233472.00 ns, 19.0662 us/op
WorkloadActual   7: 13072 op, 261519463.00 ns, 20.0061 us/op
WorkloadActual   8: 13072 op, 256191886.00 ns, 19.5985 us/op

// AfterActualRun
WorkloadResult   1: 13072 op, 255786553.00 ns, 19.5675 us/op
WorkloadResult   2: 13072 op, 256155539.00 ns, 19.5957 us/op
WorkloadResult   3: 13072 op, 253880308.00 ns, 19.4217 us/op
WorkloadResult   4: 13072 op, 250574688.00 ns, 19.1688 us/op
WorkloadResult   5: 13072 op, 245734364.00 ns, 18.7985 us/op
WorkloadResult   6: 13072 op, 249167107.00 ns, 19.0611 us/op
WorkloadResult   7: 13072 op, 261453098.00 ns, 20.0010 us/op
WorkloadResult   8: 13072 op, 256125521.00 ns, 19.5934 us/op
// GC:  36 1 0 606959104 13072
// Threading:  0 0 13072

// AfterAll
// Benchmark Process 4223 has exited with code 0.

Mean = 19.401 μs, StdErr = 0.133 μs (0.69%), N = 8, StdDev = 0.377 μs
Min = 18.799 μs, Q1 = 19.142 μs, Median = 19.495 μs, Q3 = 19.594 μs, Max = 20.001 μs
IQR = 0.452 μs, LowerFence = 18.464 μs, UpperFence = 20.272 μs
ConfidenceInterval = [18.680 μs; 20.122 μs] (CI 99.9%), Margin = 0.721 μs (3.72% of Mean)
Skewness = -0.08, Kurtosis = 1.74, MValue = 2

// ** Remained 38 (40.4 %) benchmark(s) to run. Estimated finish 2026-08-11 9:36 (0h 3m from now) **
// **************************
// Benchmark: ListSource.Hyperlinq: Quick(MaxRelativeError=0.05, Arguments=/p:MatrixMode=Benchmark, IterationTime=250ms, MaxIterationCount=12, MaxWarmupIterationCount=5, MinIterationCount=8, MinWarmupIterationCount=3)
// *** Execute ***
// Launch: 1 / 1
// Execute: dotnet Matrix.LinqQueries-Quick-1.dll --anonymousPipes 131 132 --benchmarkName Matrix.LinqQueries.Benchmarks.ListSource.Hyperlinq --job Quick --benchmarkId 56 in /home/runner/work/dotnet-matrix/dotnet-matrix/src/Matrix.LinqQueries/bin/Benchmark/Release/net10.0/Matrix.LinqQueries-Quick-1/bin/Release/net10.0
// Failed to set up high priority (Permission denied). In order to run benchmarks with high priority, make sure you have the right permissions.
// BeforeAnythingElse

// Benchmark Process Environment Information:
// BenchmarkDotNet v0.15.8
// Runtime=.NET 10.0.10 (10.0.10, 10.0.1026.32716), X64 RyuJIT x86-64-v3
// GC=Concurrent Workstation
// HardwareIntrinsics=AVX2+BMI1+BMI2+F16C+FMA+LZCNT+MOVBE,AVX,SSE3+SSSE3+SSE4.1+SSE4.2+POPCNT,X86Base+SSE+SSE2,AES+PCLMUL VectorSize=256
// Job: Quick(MaxRelativeError=0.05, IterationTime=250ms, MaxIterationCount=12, MaxWarmupIterationCount=5, MinIterationCount=8, MinWarmupIterationCount=3)

OverheadJitting  1: 1 op, 249866.00 ns, 249.8660 us/op
WorkloadJitting  1: 1 op, 5795373.00 ns, 5.7954 ms/op

OverheadJitting  2: 16 op, 514515.00 ns, 32.1572 us/op
WorkloadJitting  2: 16 op, 1924420.00 ns, 120.2763 us/op

WorkloadPilot    1: 16 op, 1405538.00 ns, 87.8461 us/op
WorkloadPilot    2: 2848 op, 187546485.00 ns, 65.8520 us/op
WorkloadPilot    3: 3808 op, 77750641.00 ns, 20.4177 us/op
WorkloadPilot    4: 12256 op, 246474945.00 ns, 20.1106 us/op
WorkloadPilot    5: 12432 op, 237869519.00 ns, 19.1336 us/op
WorkloadPilot    6: 13072 op, 268160139.00 ns, 20.5141 us/op
WorkloadPilot    7: 12192 op, 239728350.00 ns, 19.6628 us/op
WorkloadPilot    8: 12720 op, 249042935.00 ns, 19.5788 us/op
WorkloadPilot    9: 12784 op, 258729360.00 ns, 20.2385 us/op
WorkloadPilot   10: 12368 op, 244321931.00 ns, 19.7544 us/op
WorkloadPilot   11: 12656 op, 250555784.00 ns, 19.7974 us/op

OverheadWarmup   1: 12656 op, 59049.00 ns, 4.6657 ns/op
OverheadWarmup   2: 12656 op, 61022.00 ns, 4.8216 ns/op
OverheadWarmup   3: 12656 op, 60561.00 ns, 4.7852 ns/op
OverheadWarmup   4: 12656 op, 60541.00 ns, 4.7836 ns/op
OverheadWarmup   5: 12656 op, 60541.00 ns, 4.7836 ns/op
OverheadWarmup   6: 12656 op, 58468.00 ns, 4.6198 ns/op

OverheadActual   1: 12656 op, 56445.00 ns, 4.4599 ns/op
OverheadActual   2: 12656 op, 51578.00 ns, 4.0754 ns/op
OverheadActual   3: 12656 op, 56054.00 ns, 4.4290 ns/op
OverheadActual   4: 12656 op, 55984.00 ns, 4.4235 ns/op
OverheadActual   5: 12656 op, 71357.00 ns, 5.6382 ns/op
OverheadActual   6: 12656 op, 60451.00 ns, 4.7765 ns/op
OverheadActual   7: 12656 op, 56214.00 ns, 4.4417 ns/op
OverheadActual   8: 12656 op, 56245.00 ns, 4.4441 ns/op
OverheadActual   9: 12656 op, 60391.00 ns, 4.7717 ns/op
OverheadActual  10: 12656 op, 57346.00 ns, 4.5311 ns/op
OverheadActual  11: 12656 op, 64758.00 ns, 5.1168 ns/op
OverheadActual  12: 12656 op, 60331.00 ns, 4.7670 ns/op

WorkloadWarmup   1: 12656 op, 277271017.00 ns, 21.9083 us/op
WorkloadWarmup   2: 12656 op, 248253165.00 ns, 19.6155 us/op
WorkloadWarmup   3: 12656 op, 248956414.00 ns, 19.6710 us/op
WorkloadWarmup   4: 12656 op, 246813415.00 ns, 19.5017 us/op
WorkloadWarmup   5: 12656 op, 243316065.00 ns, 19.2254 us/op

// BeforeActualRun
WorkloadActual   1: 12656 op, 246742749.00 ns, 19.4961 us/op
WorkloadActual   2: 12656 op, 245670844.00 ns, 19.4114 us/op
WorkloadActual   3: 12656 op, 263401539.00 ns, 20.8124 us/op
WorkloadActual   4: 12656 op, 246950202.00 ns, 19.5125 us/op
WorkloadActual   5: 12656 op, 246151428.00 ns, 19.4494 us/op
WorkloadActual   6: 12656 op, 246072179.00 ns, 19.4431 us/op
WorkloadActual   7: 12656 op, 246393793.00 ns, 19.4685 us/op
WorkloadActual   8: 12656 op, 255755940.00 ns, 20.2083 us/op

// AfterActualRun
WorkloadResult   1: 12656 op, 246685853.50 ns, 19.4916 us/op
WorkloadResult   2: 12656 op, 245613948.50 ns, 19.4069 us/op
WorkloadResult   3: 12656 op, 246893306.50 ns, 19.5080 us/op
WorkloadResult   4: 12656 op, 246094532.50 ns, 19.4449 us/op
WorkloadResult   5: 12656 op, 246015283.50 ns, 19.4386 us/op
WorkloadResult   6: 12656 op, 246336897.50 ns, 19.4640 us/op
// GC:  22 0 0 382109952 12656
// Threading:  0 0 12656

// AfterAll
// Benchmark Process 4233 has exited with code 0.

Mean = 19.459 μs, StdErr = 0.015 μs (0.08%), N = 6, StdDev = 0.037 μs
Min = 19.407 μs, Q1 = 19.440 μs, Median = 19.454 μs, Q3 = 19.485 μs, Max = 19.508 μs
IQR = 0.045 μs, LowerFence = 19.373 μs, UpperFence = 19.552 μs
ConfidenceInterval = [19.355 μs; 19.563 μs] (CI 99.9%), Margin = 0.104 μs (0.53% of Mean)
Skewness = -0, Kurtosis = 1.3, MValue = 2

// ** Remained 37 (39.4 %) benchmark(s) to run. Estimated finish 2026-08-11 9:36 (0h 3m from now) **
// **************************
// Benchmark: ListSource.LinqAF: Quick(MaxRelativeError=0.05, Arguments=/p:MatrixMode=Benchmark, IterationTime=250ms, MaxIterationCount=12, MaxWarmupIterationCount=5, MinIterationCount=8, MinWarmupIterationCount=3)
// *** Execute ***
// Launch: 1 / 1
// Execute: dotnet Matrix.LinqQueries-Quick-1.dll --anonymousPipes 129 130 --benchmarkName Matrix.LinqQueries.Benchmarks.ListSource.LinqAF --job Quick --benchmarkId 57 in /home/runner/work/dotnet-matrix/dotnet-matrix/src/Matrix.LinqQueries/bin/Benchmark/Release/net10.0/Matrix.LinqQueries-Quick-1/bin/Release/net10.0
// Failed to set up high priority (Permission denied). In order to run benchmarks with high priority, make sure you have the right permissions.
// BeforeAnythingElse

// Benchmark Process Environment Information:
// BenchmarkDotNet v0.15.8
// Runtime=.NET 10.0.10 (10.0.10, 10.0.1026.32716), X64 RyuJIT x86-64-v3
// GC=Concurrent Workstation
// HardwareIntrinsics=AVX2+BMI1+BMI2+F16C+FMA+LZCNT+MOVBE,AVX,SSE3+SSSE3+SSE4.1+SSE4.2+POPCNT,X86Base+SSE+SSE2,AES+PCLMUL VectorSize=256
// Job: Quick(MaxRelativeError=0.05, IterationTime=250ms, MaxIterationCount=12, MaxWarmupIterationCount=5, MinIterationCount=8, MinWarmupIterationCount=3)

OverheadJitting  1: 1 op, 246211.00 ns, 246.2110 us/op
WorkloadJitting  1: 1 op, 120920706.00 ns, 120.9207 ms/op

WorkloadPilot    1: 4 op, 2041686.00 ns, 510.4215 us/op
WorkloadPilot    2: 490 op, 70926014.00 ns, 144.7470 us/op
WorkloadPilot    3: 1727 op, 118730275.00 ns, 68.7494 us/op
WorkloadPilot    4: 3636 op, 91248982.00 ns, 25.0960 us/op
WorkloadPilot    5: 9962 op, 251162364.00 ns, 25.2120 us/op
WorkloadPilot    6: 9916 op, 252431946.00 ns, 25.4570 us/op
WorkloadPilot    7: 9820 op, 249183151.00 ns, 25.3751 us/op
WorkloadPilot    8: 9852 op, 251058347.00 ns, 25.4830 us/op

WorkloadWarmup   1: 9852 op, 248865653.00 ns, 25.2604 us/op
WorkloadWarmup   2: 9852 op, 247150069.00 ns, 25.0863 us/op
WorkloadWarmup   3: 9852 op, 252909796.00 ns, 25.6709 us/op
WorkloadWarmup   4: 9852 op, 246545157.00 ns, 25.0249 us/op
WorkloadWarmup   5: 9852 op, 244991947.00 ns, 24.8672 us/op

// BeforeActualRun
WorkloadActual   1: 9852 op, 237925962.00 ns, 24.1500 us/op
WorkloadActual   2: 9852 op, 240682655.00 ns, 24.4298 us/op
WorkloadActual   3: 9852 op, 245256676.00 ns, 24.8941 us/op
WorkloadActual   4: 9852 op, 243392598.00 ns, 24.7049 us/op
WorkloadActual   5: 9852 op, 248024491.00 ns, 25.1750 us/op
WorkloadActual   6: 9852 op, 243409954.00 ns, 24.7067 us/op
WorkloadActual   7: 9852 op, 243487040.00 ns, 24.7145 us/op
WorkloadActual   8: 9852 op, 244562340.00 ns, 24.8236 us/op

// AfterActualRun
WorkloadResult   1: 9852 op, 237925962.00 ns, 24.1500 us/op
WorkloadResult   2: 9852 op, 240682655.00 ns, 24.4298 us/op
WorkloadResult   3: 9852 op, 245256676.00 ns, 24.8941 us/op
WorkloadResult   4: 9852 op, 243392598.00 ns, 24.7049 us/op
WorkloadResult   5: 9852 op, 243409954.00 ns, 24.7067 us/op
WorkloadResult   6: 9852 op, 243487040.00 ns, 24.7145 us/op
WorkloadResult   7: 9852 op, 244562340.00 ns, 24.8236 us/op
// GC:  27 0 0 457132800 9852
// Threading:  0 0 9852

// AfterAll
// Benchmark Process 4243 has exited with code 0.

Mean = 24.632 μs, StdErr = 0.097 μs (0.39%), N = 7, StdDev = 0.257 μs
Min = 24.150 μs, Q1 = 24.567 μs, Median = 24.707 μs, Q3 = 24.769 μs, Max = 24.894 μs
IQR = 0.202 μs, LowerFence = 24.265 μs, UpperFence = 25.072 μs
ConfidenceInterval = [24.053 μs; 25.211 μs] (CI 99.9%), Margin = 0.579 μs (2.35% of Mean)
Skewness = -0.79, Kurtosis = 2.02, MValue = 2

// ** Remained 36 (38.3 %) benchmark(s) to run. Estimated finish 2026-08-11 9:36 (0h 3m from now) **
// **************************
// Benchmark: ListSource.StructLinq: Quick(MaxRelativeError=0.05, Arguments=/p:MatrixMode=Benchmark, IterationTime=250ms, MaxIterationCount=12, MaxWarmupIterationCount=5, MinIterationCount=8, MinWarmupIterationCount=3)
// *** Execute ***
// Launch: 1 / 1
// Execute: dotnet Matrix.LinqQueries-Quick-1.dll --anonymousPipes 129 130 --benchmarkName Matrix.LinqQueries.Benchmarks.ListSource.StructLinq --job Quick --benchmarkId 58 in /home/runner/work/dotnet-matrix/dotnet-matrix/src/Matrix.LinqQueries/bin/Benchmark/Release/net10.0/Matrix.LinqQueries-Quick-1/bin/Release/net10.0
// Failed to set up high priority (Permission denied). In order to run benchmarks with high priority, make sure you have the right permissions.
// BeforeAnythingElse

// Benchmark Process Environment Information:
// BenchmarkDotNet v0.15.8
// Runtime=.NET 10.0.10 (10.0.10, 10.0.1026.32716), X64 RyuJIT x86-64-v3
// GC=Concurrent Workstation
// HardwareIntrinsics=AVX2+BMI1+BMI2+F16C+FMA+LZCNT+MOVBE,AVX,SSE3+SSSE3+SSE4.1+SSE4.2+POPCNT,X86Base+SSE+SSE2,AES+PCLMUL VectorSize=256
// Job: Quick(MaxRelativeError=0.05, IterationTime=250ms, MaxIterationCount=12, MaxWarmupIterationCount=5, MinIterationCount=8, MinWarmupIterationCount=3)

OverheadJitting  1: 1 op, 253392.00 ns, 253.3920 us/op
WorkloadJitting  1: 1 op, 5761551.00 ns, 5.7616 ms/op

OverheadJitting  2: 16 op, 526493.00 ns, 32.9058 us/op
WorkloadJitting  2: 16 op, 1613861.00 ns, 100.8663 us/op

WorkloadPilot    1: 16 op, 1016100.00 ns, 63.5063 us/op
WorkloadPilot    2: 3952 op, 233661187.00 ns, 59.1248 us/op
WorkloadPilot    3: 4240 op, 115789465.00 ns, 27.3088 us/op
WorkloadPilot    4: 9168 op, 191326046.00 ns, 20.8689 us/op
WorkloadPilot    5: 11984 op, 222757579.00 ns, 18.5879 us/op
WorkloadPilot    6: 13456 op, 253922252.00 ns, 18.8706 us/op
WorkloadPilot    7: 13248 op, 248818242.00 ns, 18.7816 us/op
WorkloadPilot    8: 13312 op, 263204666.00 ns, 19.7720 us/op
WorkloadPilot    9: 12656 op, 235591314.00 ns, 18.6150 us/op
WorkloadPilot   10: 13440 op, 250764975.00 ns, 18.6581 us/op

OverheadWarmup   1: 13440 op, 61693.00 ns, 4.5903 ns/op
OverheadWarmup   2: 13440 op, 73370.00 ns, 5.4591 ns/op
OverheadWarmup   3: 13440 op, 59680.00 ns, 4.4405 ns/op
OverheadWarmup   4: 13440 op, 59660.00 ns, 4.4390 ns/op
OverheadWarmup   5: 13440 op, 61052.00 ns, 4.5426 ns/op
OverheadWarmup   6: 13440 op, 59680.00 ns, 4.4405 ns/op

OverheadActual   1: 13440 op, 54782.00 ns, 4.0760 ns/op
OverheadActual   2: 13440 op, 54742.00 ns, 4.0731 ns/op
OverheadActual   3: 13440 op, 54752.00 ns, 4.0738 ns/op
OverheadActual   4: 13440 op, 61383.00 ns, 4.5672 ns/op
OverheadActual   5: 13440 op, 54752.00 ns, 4.0738 ns/op
OverheadActual   6: 13440 op, 59700.00 ns, 4.4420 ns/op
OverheadActual   7: 13440 op, 59710.00 ns, 4.4427 ns/op
OverheadActual   8: 13440 op, 59379.00 ns, 4.4181 ns/op
OverheadActual   9: 13440 op, 62214.00 ns, 4.6290 ns/op
OverheadActual  10: 13440 op, 59680.00 ns, 4.4405 ns/op
OverheadActual  11: 13440 op, 59620.00 ns, 4.4360 ns/op
OverheadActual  12: 13440 op, 59620.00 ns, 4.4360 ns/op

WorkloadWarmup   1: 13440 op, 254189063.00 ns, 18.9129 us/op
WorkloadWarmup   2: 13440 op, 250295568.00 ns, 18.6232 us/op
WorkloadWarmup   3: 13440 op, 246781193.00 ns, 18.3617 us/op
WorkloadWarmup   4: 13440 op, 246881676.00 ns, 18.3692 us/op
WorkloadWarmup   5: 13440 op, 261126090.00 ns, 19.4290 us/op

// BeforeActualRun
WorkloadActual   1: 13440 op, 251732285.00 ns, 18.7301 us/op
WorkloadActual   2: 13440 op, 249728796.00 ns, 18.5810 us/op
WorkloadActual   3: 13440 op, 261679193.00 ns, 19.4702 us/op
WorkloadActual   4: 13440 op, 249811030.00 ns, 18.5871 us/op
WorkloadActual   5: 13440 op, 250213887.00 ns, 18.6171 us/op
WorkloadActual   6: 13440 op, 250348901.00 ns, 18.6272 us/op
WorkloadActual   7: 13440 op, 254275007.00 ns, 18.9193 us/op
WorkloadActual   8: 13440 op, 250619008.00 ns, 18.6472 us/op

// AfterActualRun
WorkloadResult   1: 13440 op, 251672665.00 ns, 18.7256 us/op
WorkloadResult   2: 13440 op, 249669176.00 ns, 18.5766 us/op
WorkloadResult   3: 13440 op, 249751410.00 ns, 18.5827 us/op
WorkloadResult   4: 13440 op, 250154267.00 ns, 18.6127 us/op
WorkloadResult   5: 13440 op, 250289281.00 ns, 18.6227 us/op
WorkloadResult   6: 13440 op, 254215387.00 ns, 18.9148 us/op
WorkloadResult   7: 13440 op, 250559388.00 ns, 18.6428 us/op
// GC:  10 0 0 180848640 13440
// Threading:  0 0 13440

// AfterAll
// Benchmark Process 4251 has exited with code 0.

Mean = 18.668 μs, StdErr = 0.045 μs (0.24%), N = 7, StdDev = 0.119 μs
Min = 18.577 μs, Q1 = 18.598 μs, Median = 18.623 μs, Q3 = 18.684 μs, Max = 18.915 μs
IQR = 0.087 μs, LowerFence = 18.468 μs, UpperFence = 18.814 μs
ConfidenceInterval = [18.399 μs; 18.937 μs] (CI 99.9%), Margin = 0.269 μs (1.44% of Mean)
Skewness = 1.13, Kurtosis = 2.7, MValue = 2

// ** Remained 35 (37.2 %) benchmark(s) to run. Estimated finish 2026-08-11 9:36 (0h 3m from now) **
// **************************
// Benchmark: ListSource.SystemLinq: Quick(MaxRelativeError=0.05, Arguments=/p:MatrixMode=Benchmark, IterationTime=250ms, MaxIterationCount=12, MaxWarmupIterationCount=5, MinIterationCount=8, MinWarmupIterationCount=3)
// *** Execute ***
// Launch: 1 / 1
// Execute: dotnet Matrix.LinqQueries-Quick-1.dll --anonymousPipes 129 130 --benchmarkName Matrix.LinqQueries.Benchmarks.ListSource.SystemLinq --job Quick --benchmarkId 59 in /home/runner/work/dotnet-matrix/dotnet-matrix/src/Matrix.LinqQueries/bin/Benchmark/Release/net10.0/Matrix.LinqQueries-Quick-1/bin/Release/net10.0
// Failed to set up high priority (Permission denied). In order to run benchmarks with high priority, make sure you have the right permissions.
// BeforeAnythingElse

// Benchmark Process Environment Information:
// BenchmarkDotNet v0.15.8
// Runtime=.NET 10.0.10 (10.0.10, 10.0.1026.32716), X64 RyuJIT x86-64-v3
// GC=Concurrent Workstation
// HardwareIntrinsics=AVX2+BMI1+BMI2+F16C+FMA+LZCNT+MOVBE,AVX,SSE3+SSSE3+SSE4.1+SSE4.2+POPCNT,X86Base+SSE+SSE2,AES+PCLMUL VectorSize=256
// Job: Quick(MaxRelativeError=0.05, IterationTime=250ms, MaxIterationCount=12, MaxWarmupIterationCount=5, MinIterationCount=8, MinWarmupIterationCount=3)

OverheadJitting  1: 1 op, 403508.00 ns, 403.5080 us/op
WorkloadJitting  1: 1 op, 5064011.00 ns, 5.0640 ms/op

OverheadJitting  2: 16 op, 497059.00 ns, 31.0662 us/op
WorkloadJitting  2: 16 op, 1609836.00 ns, 100.6148 us/op

WorkloadPilot    1: 16 op, 988659.00 ns, 61.7912 us/op
WorkloadPilot    2: 4048 op, 218453451.00 ns, 53.9658 us/op
WorkloadPilot    3: 4640 op, 119568073.00 ns, 25.7690 us/op
WorkloadPilot    4: 9712 op, 137843550.00 ns, 14.1931 us/op
WorkloadPilot    5: 17616 op, 249454182.00 ns, 14.1607 us/op
WorkloadPilot    6: 17664 op, 247926241.00 ns, 14.0357 us/op
WorkloadPilot    7: 17824 op, 246266109.00 ns, 13.8165 us/op
WorkloadPilot    8: 18096 op, 245113873.00 ns, 13.5452 us/op
WorkloadPilot    9: 18464 op, 249629036.00 ns, 13.5198 us/op
WorkloadPilot   10: 18496 op, 250760120.00 ns, 13.5575 us/op
WorkloadPilot   11: 18448 op, 250783446.00 ns, 13.5941 us/op
WorkloadPilot   12: 18400 op, 245225951.00 ns, 13.3275 us/op
WorkloadPilot   13: 18768 op, 254898647.00 ns, 13.5816 us/op

OverheadWarmup   1: 18768 op, 91998.00 ns, 4.9019 ns/op
OverheadWarmup   2: 18768 op, 89275.00 ns, 4.7568 ns/op
OverheadWarmup   3: 18768 op, 89265.00 ns, 4.7562 ns/op
OverheadWarmup   4: 18768 op, 90406.00 ns, 4.8170 ns/op
OverheadWarmup   5: 18768 op, 89244.00 ns, 4.7551 ns/op
OverheadWarmup   6: 18768 op, 89244.00 ns, 4.7551 ns/op
OverheadWarmup   7: 18768 op, 106000.00 ns, 5.6479 ns/op

OverheadActual   1: 18768 op, 82775.00 ns, 4.4104 ns/op
OverheadActual   2: 18768 op, 91578.00 ns, 4.8795 ns/op
OverheadActual   3: 18768 op, 76235.00 ns, 4.0620 ns/op
OverheadActual   4: 18768 op, 94353.00 ns, 5.0273 ns/op
OverheadActual   5: 18768 op, 76295.00 ns, 4.0652 ns/op
OverheadActual   6: 18768 op, 83135.00 ns, 4.4296 ns/op
OverheadActual   7: 18768 op, 84677.00 ns, 4.5118 ns/op
OverheadActual   8: 18768 op, 89696.00 ns, 4.7792 ns/op
OverheadActual   9: 18768 op, 82715.00 ns, 4.4072 ns/op
OverheadActual  10: 18768 op, 83085.00 ns, 4.4270 ns/op
OverheadActual  11: 18768 op, 87853.00 ns, 4.6810 ns/op
OverheadActual  12: 18768 op, 83056.00 ns, 4.4254 ns/op

WorkloadWarmup   1: 18768 op, 281051823.00 ns, 14.9751 us/op
WorkloadWarmup   2: 18768 op, 260552115.00 ns, 13.8828 us/op
WorkloadWarmup   3: 18768 op, 251282087.00 ns, 13.3889 us/op
WorkloadWarmup   4: 18768 op, 250744948.00 ns, 13.3602 us/op
WorkloadWarmup   5: 18768 op, 251032821.00 ns, 13.3756 us/op

// BeforeActualRun
WorkloadActual   1: 18768 op, 250212646.00 ns, 13.3319 us/op
WorkloadActual   2: 18768 op, 256242321.00 ns, 13.6532 us/op
WorkloadActual   3: 18768 op, 261872024.00 ns, 13.9531 us/op
WorkloadActual   4: 18768 op, 260718760.00 ns, 13.8917 us/op
WorkloadActual   5: 18768 op, 257972965.00 ns, 13.7454 us/op
WorkloadActual   6: 18768 op, 257814056.00 ns, 13.7369 us/op
WorkloadActual   7: 18768 op, 260014441.00 ns, 13.8541 us/op
WorkloadActual   8: 18768 op, 280123911.00 ns, 14.9256 us/op

// AfterActualRun
WorkloadResult   1: 18768 op, 250129536.00 ns, 13.3274 us/op
WorkloadResult   2: 18768 op, 256159211.00 ns, 13.6487 us/op
WorkloadResult   3: 18768 op, 261788914.00 ns, 13.9487 us/op
WorkloadResult   4: 18768 op, 260635650.00 ns, 13.8872 us/op
WorkloadResult   5: 18768 op, 257889855.00 ns, 13.7409 us/op
WorkloadResult   6: 18768 op, 257730946.00 ns, 13.7325 us/op
WorkloadResult   7: 18768 op, 259931331.00 ns, 13.8497 us/op
// GC:  15 0 0 254043648 18768
// Threading:  0 0 18768

// AfterAll
// Benchmark Process 4261 has exited with code 0.

Mean = 13.734 μs, StdErr = 0.078 μs (0.57%), N = 7, StdDev = 0.206 μs
Min = 13.327 μs, Q1 = 13.691 μs, Median = 13.741 μs, Q3 = 13.868 μs, Max = 13.949 μs
IQR = 0.178 μs, LowerFence = 13.424 μs, UpperFence = 14.135 μs
ConfidenceInterval = [13.269 μs; 14.198 μs] (CI 99.9%), Margin = 0.465 μs (3.38% of Mean)
Skewness = -0.85, Kurtosis = 2.37, MValue = 2

// ** Remained 34 (36.2 %) benchmark(s) to run. Estimated finish 2026-08-11 9:36 (0h 2m from now) **
// **************************
// Benchmark: ListSource.ZLinq: Quick(MaxRelativeError=0.05, Arguments=/p:MatrixMode=Benchmark, IterationTime=250ms, MaxIterationCount=12, MaxWarmupIterationCount=5, MinIterationCount=8, MinWarmupIterationCount=3)
// *** Execute ***
// Launch: 1 / 1
// Execute: dotnet Matrix.LinqQueries-Quick-1.dll --anonymousPipes 129 130 --benchmarkName Matrix.LinqQueries.Benchmarks.ListSource.ZLinq --job Quick --benchmarkId 60 in /home/runner/work/dotnet-matrix/dotnet-matrix/src/Matrix.LinqQueries/bin/Benchmark/Release/net10.0/Matrix.LinqQueries-Quick-1/bin/Release/net10.0
// Failed to set up high priority (Permission denied). In order to run benchmarks with high priority, make sure you have the right permissions.
// BeforeAnythingElse

// Benchmark Process Environment Information:
// BenchmarkDotNet v0.15.8
// Runtime=.NET 10.0.10 (10.0.10, 10.0.1026.32716), X64 RyuJIT x86-64-v3
// GC=Concurrent Workstation
// HardwareIntrinsics=AVX2+BMI1+BMI2+F16C+FMA+LZCNT+MOVBE,AVX,SSE3+SSSE3+SSE4.1+SSE4.2+POPCNT,X86Base+SSE+SSE2,AES+PCLMUL VectorSize=256
// Job: Quick(MaxRelativeError=0.05, IterationTime=250ms, MaxIterationCount=12, MaxWarmupIterationCount=5, MinIterationCount=8, MinWarmupIterationCount=3)

OverheadJitting  1: 1 op, 243226.00 ns, 243.2260 us/op
WorkloadJitting  1: 1 op, 5802533.00 ns, 5.8025 ms/op

OverheadJitting  2: 16 op, 494946.00 ns, 30.9341 us/op
WorkloadJitting  2: 16 op, 1603066.00 ns, 100.1916 us/op

WorkloadPilot    1: 16 op, 980758.00 ns, 61.2974 us/op
WorkloadPilot    2: 4080 op, 221496353.00 ns, 54.2883 us/op
WorkloadPilot    3: 4608 op, 130851403.00 ns, 28.3966 us/op
WorkloadPilot    4: 8816 op, 161167972.00 ns, 18.2813 us/op
WorkloadPilot    5: 13680 op, 247136217.00 ns, 18.0655 us/op
WorkloadPilot    6: 13840 op, 255219978.00 ns, 18.4407 us/op
WorkloadPilot    7: 13568 op, 246586829.00 ns, 18.1741 us/op
WorkloadPilot    8: 13760 op, 249925599.00 ns, 18.1632 us/op
WorkloadPilot    9: 13776 op, 250074194.00 ns, 18.1529 us/op

OverheadWarmup   1: 13776 op, 77347.00 ns, 5.6146 ns/op
OverheadWarmup   2: 13776 op, 70116.00 ns, 5.0897 ns/op
OverheadWarmup   3: 13776 op, 70135.00 ns, 5.0911 ns/op
OverheadWarmup   4: 13776 op, 69315.00 ns, 5.0316 ns/op
OverheadWarmup   5: 13776 op, 69475.00 ns, 5.0432 ns/op
OverheadWarmup   6: 13776 op, 71819.00 ns, 5.2133 ns/op
OverheadWarmup   7: 13776 op, 74452.00 ns, 5.4045 ns/op
OverheadWarmup   8: 13776 op, 69605.00 ns, 5.0526 ns/op

OverheadActual   1: 13776 op, 71477.00 ns, 5.1885 ns/op
OverheadActual   2: 13776 op, 73892.00 ns, 5.3638 ns/op
OverheadActual   3: 13776 op, 71778.00 ns, 5.2104 ns/op
OverheadActual   4: 13776 op, 71157.00 ns, 5.1653 ns/op
OverheadActual   5: 13776 op, 86280.00 ns, 6.2631 ns/op
OverheadActual   6: 13776 op, 86831.00 ns, 6.3031 ns/op
OverheadActual   7: 13776 op, 96315.00 ns, 6.9915 ns/op
OverheadActual   8: 13776 op, 91829.00 ns, 6.6659 ns/op
OverheadActual   9: 13776 op, 87953.00 ns, 6.3845 ns/op
OverheadActual  10: 13776 op, 86240.00 ns, 6.2602 ns/op
OverheadActual  11: 13776 op, 71608.00 ns, 5.1980 ns/op
OverheadActual  12: 13776 op, 72429.00 ns, 5.2576 ns/op

WorkloadWarmup   1: 13776 op, 260781326.00 ns, 18.9301 us/op
WorkloadWarmup   2: 13776 op, 254203556.00 ns, 18.4526 us/op
WorkloadWarmup   3: 13776 op, 248743899.00 ns, 18.0563 us/op
WorkloadWarmup   4: 13776 op, 247366264.00 ns, 17.9563 us/op
WorkloadWarmup   5: 13776 op, 248594554.00 ns, 18.0455 us/op

// BeforeActualRun
WorkloadActual   1: 13776 op, 264272497.00 ns, 19.1835 us/op
WorkloadActual   2: 13776 op, 249679670.00 ns, 18.1243 us/op
WorkloadActual   3: 13776 op, 249081828.00 ns, 18.0809 us/op
WorkloadActual   4: 13776 op, 253694879.00 ns, 18.4157 us/op
WorkloadActual   5: 13776 op, 250525153.00 ns, 18.1856 us/op
WorkloadActual   6: 13776 op, 250358472.00 ns, 18.1735 us/op
WorkloadActual   7: 13776 op, 268564544.00 ns, 19.4951 us/op
WorkloadActual   8: 13776 op, 249139275.00 ns, 18.0850 us/op
WorkloadActual   9: 13776 op, 245434332.00 ns, 17.8161 us/op

// AfterActualRun
WorkloadResult   1: 13776 op, 249599604.00 ns, 18.1184 us/op
WorkloadResult   2: 13776 op, 249001762.00 ns, 18.0750 us/op
WorkloadResult   3: 13776 op, 253614813.00 ns, 18.4099 us/op
WorkloadResult   4: 13776 op, 250445087.00 ns, 18.1798 us/op
WorkloadResult   5: 13776 op, 250278406.00 ns, 18.1677 us/op
WorkloadResult   6: 13776 op, 249059209.00 ns, 18.0792 us/op
WorkloadResult   7: 13776 op, 245354266.00 ns, 17.8103 us/op
// GC:  10 0 0 184377984 13776
// Threading:  0 0 13776

// AfterAll
// Benchmark Process 4271 has exited with code 0.

Mean = 18.120 μs, StdErr = 0.067 μs (0.37%), N = 7, StdDev = 0.178 μs
Min = 17.810 μs, Q1 = 18.077 μs, Median = 18.118 μs, Q3 = 18.174 μs, Max = 18.410 μs
IQR = 0.097 μs, LowerFence = 17.932 μs, UpperFence = 18.319 μs
ConfidenceInterval = [17.720 μs; 18.520 μs] (CI 99.9%), Margin = 0.400 μs (2.21% of Mean)
Skewness = -0.13, Kurtosis = 2.33, MValue = 2

// ** Remained 33 (35.1 %) benchmark(s) to run. Estimated finish 2026-08-11 9:36 (0h 2m from now) **
// ***** BenchmarkRunner: Finish  *****

// * Export *
  tmp/dotnet-matrix/LinqQueries/4112bfa66d854e1a9cc414e42f130abf/results/Matrix.LinqQueries.Benchmarks.ListSource-report.csv
  tmp/dotnet-matrix/LinqQueries/4112bfa66d854e1a9cc414e42f130abf/results/Matrix.LinqQueries.Benchmarks.ListSource-report-github.md
  tmp/dotnet-matrix/LinqQueries/4112bfa66d854e1a9cc414e42f130abf/results/Matrix.LinqQueries.Benchmarks.ListSource-report.html
  tmp/dotnet-matrix/LinqQueries/4112bfa66d854e1a9cc414e42f130abf/results/Matrix.LinqQueries.Benchmarks.ListSource-report-full.json

// * Detailed results *
ListSource.SystemLinq: Quick(MaxRelativeError=0.05, Arguments=/p:MatrixMode=Benchmark, IterationTime=250ms, MaxIterationCount=12, MaxWarmupIterationCount=5, MinIterationCount=8, MinWarmupIterationCount=3)
Runtime = .NET 10.0.10 (10.0.10, 10.0.1026.32716), X64 RyuJIT x86-64-v3; GC = Concurrent Workstation
Mean = 13.734 μs, StdErr = 0.078 μs (0.57%), N = 7, StdDev = 0.206 μs
Min = 13.327 μs, Q1 = 13.691 μs, Median = 13.741 μs, Q3 = 13.868 μs, Max = 13.949 μs
IQR = 0.178 μs, LowerFence = 13.424 μs, UpperFence = 14.135 μs
ConfidenceInterval = [13.269 μs; 14.198 μs] (CI 99.9%), Margin = 0.465 μs (3.38% of Mean)
Skewness = -0.85, Kurtosis = 2.37, MValue = 2
-------------------- Histogram --------------------
[13.186 μs ; 13.469 μs) | @
[13.469 μs ; 13.982 μs) | @@@@@@
---------------------------------------------------

ListSource.ZLinq: Quick(MaxRelativeError=0.05, Arguments=/p:MatrixMode=Benchmark, IterationTime=250ms, MaxIterationCount=12, MaxWarmupIterationCount=5, MinIterationCount=8, MinWarmupIterationCount=3)
Runtime = .NET 10.0.10 (10.0.10, 10.0.1026.32716), X64 RyuJIT x86-64-v3; GC = Concurrent Workstation
Mean = 18.120 μs, StdErr = 0.067 μs (0.37%), N = 7, StdDev = 0.178 μs
Min = 17.810 μs, Q1 = 18.077 μs, Median = 18.118 μs, Q3 = 18.174 μs, Max = 18.410 μs
IQR = 0.097 μs, LowerFence = 17.932 μs, UpperFence = 18.319 μs
ConfidenceInterval = [17.720 μs; 18.520 μs] (CI 99.9%), Margin = 0.400 μs (2.21% of Mean)
Skewness = -0.13, Kurtosis = 2.33, MValue = 2
-------------------- Histogram --------------------
[17.688 μs ; 18.532 μs) | @@@@@@@
---------------------------------------------------

ListSource.StructLinq: Quick(MaxRelativeError=0.05, Arguments=/p:MatrixMode=Benchmark, IterationTime=250ms, MaxIterationCount=12, MaxWarmupIterationCount=5, MinIterationCount=8, MinWarmupIterationCount=3)
Runtime = .NET 10.0.10 (10.0.10, 10.0.1026.32716), X64 RyuJIT x86-64-v3; GC = Concurrent Workstation
Mean = 18.668 μs, StdErr = 0.045 μs (0.24%), N = 7, StdDev = 0.119 μs
Min = 18.577 μs, Q1 = 18.598 μs, Median = 18.623 μs, Q3 = 18.684 μs, Max = 18.915 μs
IQR = 0.087 μs, LowerFence = 18.468 μs, UpperFence = 18.814 μs
ConfidenceInterval = [18.399 μs; 18.937 μs] (CI 99.9%), Margin = 0.269 μs (1.44% of Mean)
Skewness = 1.13, Kurtosis = 2.7, MValue = 2
-------------------- Histogram --------------------
[18.495 μs ; 18.997 μs) | @@@@@@@
---------------------------------------------------

ListSource.HandCoded: Quick(MaxRelativeError=0.05, Arguments=/p:MatrixMode=Benchmark, IterationTime=250ms, MaxIterationCount=12, MaxWarmupIterationCount=5, MinIterationCount=8, MinWarmupIterationCount=3)
Runtime = .NET 10.0.10 (10.0.10, 10.0.1026.32716), X64 RyuJIT x86-64-v3; GC = Concurrent Workstation
Mean = 19.401 μs, StdErr = 0.133 μs (0.69%), N = 8, StdDev = 0.377 μs
Min = 18.799 μs, Q1 = 19.142 μs, Median = 19.495 μs, Q3 = 19.594 μs, Max = 20.001 μs
IQR = 0.452 μs, LowerFence = 18.464 μs, UpperFence = 20.272 μs
ConfidenceInterval = [18.680 μs; 20.122 μs] (CI 99.9%), Margin = 0.721 μs (3.72% of Mean)
Skewness = -0.08, Kurtosis = 1.74, MValue = 2
-------------------- Histogram --------------------
[18.551 μs ; 19.135 μs) | @@
[19.135 μs ; 19.754 μs) | @@@@@
[19.754 μs ; 20.248 μs) | @
---------------------------------------------------

ListSource.Hyperlinq: Quick(MaxRelativeError=0.05, Arguments=/p:MatrixMode=Benchmark, IterationTime=250ms, MaxIterationCount=12, MaxWarmupIterationCount=5, MinIterationCount=8, MinWarmupIterationCount=3)
Runtime = .NET 10.0.10 (10.0.10, 10.0.1026.32716), X64 RyuJIT x86-64-v3; GC = Concurrent Workstation
Mean = 19.459 μs, StdErr = 0.015 μs (0.08%), N = 6, StdDev = 0.037 μs
Min = 19.407 μs, Q1 = 19.440 μs, Median = 19.454 μs, Q3 = 19.485 μs, Max = 19.508 μs
IQR = 0.045 μs, LowerFence = 19.373 μs, UpperFence = 19.552 μs
ConfidenceInterval = [19.355 μs; 19.563 μs] (CI 99.9%), Margin = 0.104 μs (0.53% of Mean)
Skewness = -0, Kurtosis = 1.3, MValue = 2
-------------------- Histogram --------------------
[19.380 μs ; 19.535 μs) | @@@@@@
---------------------------------------------------

ListSource.LinqAF: Quick(MaxRelativeError=0.05, Arguments=/p:MatrixMode=Benchmark, IterationTime=250ms, MaxIterationCount=12, MaxWarmupIterationCount=5, MinIterationCount=8, MinWarmupIterationCount=3)
Runtime = .NET 10.0.10 (10.0.10, 10.0.1026.32716), X64 RyuJIT x86-64-v3; GC = Concurrent Workstation
Mean = 24.632 μs, StdErr = 0.097 μs (0.39%), N = 7, StdDev = 0.257 μs
Min = 24.150 μs, Q1 = 24.567 μs, Median = 24.707 μs, Q3 = 24.769 μs, Max = 24.894 μs
IQR = 0.202 μs, LowerFence = 24.265 μs, UpperFence = 25.072 μs
ConfidenceInterval = [24.053 μs; 25.211 μs] (CI 99.9%), Margin = 0.579 μs (2.35% of Mean)
Skewness = -0.79, Kurtosis = 2.02, MValue = 2
-------------------- Histogram --------------------
[24.047 μs ; 24.552 μs) | @@
[24.552 μs ; 25.070 μs) | @@@@@
---------------------------------------------------

// * Summary *

BenchmarkDotNet v0.15.8, Linux Ubuntu 24.04.4 LTS (Noble Numbat)
AMD EPYC 9V74 2.60GHz, 1 CPU, 4 logical and 2 physical cores
.NET SDK 10.0.302
  [Host] : .NET 10.0.10 (10.0.10, 10.0.1026.32716), X64 RyuJIT x86-64-v3
  Quick  : .NET 10.0.10 (10.0.10, 10.0.1026.32716), X64 RyuJIT x86-64-v3

Job=Quick  MaxRelativeError=0.05  Arguments=/p:MatrixMode=Benchmark  
IterationTime=250ms  MaxIterationCount=12  MaxWarmupIterationCount=5  
MinIterationCount=8  MinWarmupIterationCount=3  

| Method     | Mean     | Error    | StdDev   | Ratio | RatioSD | Gen0   | Gen1   | Allocated | Alloc Ratio |
|----------- |---------:|---------:|---------:|------:|--------:|-------:|-------:|----------:|------------:|
| SystemLinq | 13.73 μs | 0.465 μs | 0.206 μs |  0.71 |    0.02 | 0.7992 |      - |  13.22 KB |        0.29 |
| ZLinq      | 18.12 μs | 0.400 μs | 0.178 μs |  0.93 |    0.02 | 0.7259 |      - |  13.07 KB |        0.29 |
| StructLinq | 18.67 μs | 0.269 μs | 0.119 μs |  0.96 |    0.02 | 0.7440 |      - |  13.14 KB |        0.29 |
| HandCoded  | 19.40 μs | 0.721 μs | 0.377 μs |  1.00 |    0.03 | 2.7540 | 0.0765 |  45.34 KB |        1.00 |
| Hyperlinq  | 19.46 μs | 0.104 μs | 0.037 μs |  1.00 |    0.02 | 1.7383 |      - |  29.48 KB |        0.65 |
| LinqAF     | 24.63 μs | 0.579 μs | 0.257 μs |  1.27 |    0.03 | 2.7406 |      - |  45.31 KB |        1.00 |

// * Hints *
Outliers
  ListSource.SystemLinq: Quick -> 1 outlier  was  removed, 2 outliers were detected (13.33 μs, 14.93 μs)
  ListSource.ZLinq: Quick      -> 2 outliers were removed (19.18 μs, 19.50 μs)
  ListSource.StructLinq: Quick -> 1 outlier  was  removed (19.47 μs)
  ListSource.Hyperlinq: Quick  -> 2 outliers were removed (20.21 μs, 20.81 μs)
  ListSource.LinqAF: Quick     -> 1 outlier  was  removed, 2 outliers were detected (24.15 μs, 25.18 μs)

// * Legends *
  Mean        : Arithmetic mean of all measurements
  Error       : Half of 99.9% confidence interval
  StdDev      : Standard deviation of all measurements
  Ratio       : Mean of the ratio distribution ([Current]/[Baseline])
  RatioSD     : Standard deviation of the ratio distribution ([Current]/[Baseline])
  Gen0        : GC Generation 0 collects per 1000 operations
  Gen1        : GC Generation 1 collects per 1000 operations
  Allocated   : Allocated memory per single operation (managed only, inclusive, 1KB = 1024B)
  Alloc Ratio : Allocated memory ratio distribution ([Current]/[Baseline])
  1 μs        : 1 Microsecond (0.000001 sec)

// * Diagnostic Output - MemoryDiagnoser *


// ***** BenchmarkRunner: End *****
Run time: 00:00:34 (34.54 sec), executed benchmarks: 6

// Found 6 benchmarks:
//   OpaqueSource.HandCoded: Quick(MaxRelativeError=0.05, Arguments=/p:MatrixMode=Benchmark, IterationTime=250ms, MaxIterationCount=12, MaxWarmupIterationCount=5, MinIterationCount=8, MinWarmupIterationCount=3)
//   OpaqueSource.Hyperlinq: Quick(MaxRelativeError=0.05, Arguments=/p:MatrixMode=Benchmark, IterationTime=250ms, MaxIterationCount=12, MaxWarmupIterationCount=5, MinIterationCount=8, MinWarmupIterationCount=3)
//   OpaqueSource.LinqAF: Quick(MaxRelativeError=0.05, Arguments=/p:MatrixMode=Benchmark, IterationTime=250ms, MaxIterationCount=12, MaxWarmupIterationCount=5, MinIterationCount=8, MinWarmupIterationCount=3)
//   OpaqueSource.StructLinq: Quick(MaxRelativeError=0.05, Arguments=/p:MatrixMode=Benchmark, IterationTime=250ms, MaxIterationCount=12, MaxWarmupIterationCount=5, MinIterationCount=8, MinWarmupIterationCount=3)
//   OpaqueSource.SystemLinq: Quick(MaxRelativeError=0.05, Arguments=/p:MatrixMode=Benchmark, IterationTime=250ms, MaxIterationCount=12, MaxWarmupIterationCount=5, MinIterationCount=8, MinWarmupIterationCount=3)
//   OpaqueSource.ZLinq: Quick(MaxRelativeError=0.05, Arguments=/p:MatrixMode=Benchmark, IterationTime=250ms, MaxIterationCount=12, MaxWarmupIterationCount=5, MinIterationCount=8, MinWarmupIterationCount=3)

// **************************
// Benchmark: OpaqueSource.HandCoded: Quick(MaxRelativeError=0.05, Arguments=/p:MatrixMode=Benchmark, IterationTime=250ms, MaxIterationCount=12, MaxWarmupIterationCount=5, MinIterationCount=8, MinWarmupIterationCount=3)
// *** Execute ***
// Launch: 1 / 1
// Execute: dotnet Matrix.LinqQueries-Quick-1.dll --anonymousPipes 129 130 --benchmarkName Matrix.LinqQueries.Benchmarks.OpaqueSource.HandCoded --job Quick --benchmarkId 61 in /home/runner/work/dotnet-matrix/dotnet-matrix/src/Matrix.LinqQueries/bin/Benchmark/Release/net10.0/Matrix.LinqQueries-Quick-1/bin/Release/net10.0
// Failed to set up high priority (Permission denied). In order to run benchmarks with high priority, make sure you have the right permissions.
// BeforeAnythingElse

// Benchmark Process Environment Information:
// BenchmarkDotNet v0.15.8
// Runtime=.NET 10.0.10 (10.0.10, 10.0.1026.32716), X64 RyuJIT x86-64-v3
// GC=Concurrent Workstation
// HardwareIntrinsics=AVX2+BMI1+BMI2+F16C+FMA+LZCNT+MOVBE,AVX,SSE3+SSSE3+SSE4.1+SSE4.2+POPCNT,X86Base+SSE+SSE2,AES+PCLMUL VectorSize=256
// Job: Quick(MaxRelativeError=0.05, IterationTime=250ms, MaxIterationCount=12, MaxWarmupIterationCount=5, MinIterationCount=8, MinWarmupIterationCount=3)

OverheadJitting  1: 1 op, 240863.00 ns, 240.8630 us/op
WorkloadJitting  1: 1 op, 6765454.00 ns, 6.7655 ms/op

OverheadJitting  2: 16 op, 519863.00 ns, 32.4914 us/op
WorkloadJitting  2: 16 op, 2338223.00 ns, 146.1389 us/op

WorkloadPilot    1: 16 op, 1419349.00 ns, 88.7093 us/op
WorkloadPilot    2: 2832 op, 200474027.00 ns, 70.7889 us/op
WorkloadPilot    3: 3536 op, 108211139.00 ns, 30.6027 us/op
WorkloadPilot    4: 8176 op, 242972834.00 ns, 29.7178 us/op
WorkloadPilot    5: 8416 op, 250971611.00 ns, 29.8208 us/op
WorkloadPilot    6: 8384 op, 253274951.00 ns, 30.2093 us/op
WorkloadPilot    7: 8288 op, 250495653.00 ns, 30.2239 us/op

OverheadWarmup   1: 8288 op, 39049.00 ns, 4.7115 ns/op
OverheadWarmup   2: 8288 op, 40081.00 ns, 4.8360 ns/op
OverheadWarmup   3: 8288 op, 39710.00 ns, 4.7913 ns/op
OverheadWarmup   4: 8288 op, 39820.00 ns, 4.8045 ns/op
OverheadWarmup   5: 8288 op, 36866.00 ns, 4.4481 ns/op

OverheadActual   1: 8288 op, 36935.00 ns, 4.4564 ns/op
OverheadActual   2: 8288 op, 34221.00 ns, 4.1290 ns/op
OverheadActual   3: 8288 op, 50976.00 ns, 6.1506 ns/op
OverheadActual   4: 8288 op, 39800.00 ns, 4.8021 ns/op
OverheadActual   5: 8288 op, 34021.00 ns, 4.1049 ns/op
OverheadActual   6: 8288 op, 39679.00 ns, 4.7875 ns/op
OverheadActual   7: 8288 op, 39920.00 ns, 4.8166 ns/op
OverheadActual   8: 8288 op, 36805.00 ns, 4.4408 ns/op
OverheadActual   9: 8288 op, 36795.00 ns, 4.4396 ns/op
OverheadActual  10: 8288 op, 36825.00 ns, 4.4432 ns/op
OverheadActual  11: 8288 op, 38308.00 ns, 4.6221 ns/op
OverheadActual  12: 8288 op, 36876.00 ns, 4.4493 ns/op

WorkloadWarmup   1: 8288 op, 257870510.00 ns, 31.1137 us/op
WorkloadWarmup   2: 8288 op, 250419198.00 ns, 30.2147 us/op
WorkloadWarmup   3: 8288 op, 247180137.00 ns, 29.8239 us/op
WorkloadWarmup   4: 8288 op, 248202728.00 ns, 29.9472 us/op
WorkloadWarmup   5: 8288 op, 247474540.00 ns, 29.8594 us/op

// BeforeActualRun
WorkloadActual   1: 8288 op, 259537687.00 ns, 31.3149 us/op
WorkloadActual   2: 8288 op, 250786481.00 ns, 30.2590 us/op
WorkloadActual   3: 8288 op, 249295945.00 ns, 30.0791 us/op
WorkloadActual   4: 8288 op, 248293614.00 ns, 29.9582 us/op
WorkloadActual   5: 8288 op, 248285763.00 ns, 29.9573 us/op
WorkloadActual   6: 8288 op, 246449736.00 ns, 29.7357 us/op
WorkloadActual   7: 8288 op, 247997108.00 ns, 29.9224 us/op
WorkloadActual   8: 8288 op, 250395853.00 ns, 30.2119 us/op

// AfterActualRun
WorkloadResult   1: 8288 op, 250749575.50 ns, 30.2545 us/op
WorkloadResult   2: 8288 op, 249259039.50 ns, 30.0747 us/op
WorkloadResult   3: 8288 op, 248256708.50 ns, 29.9538 us/op
WorkloadResult   4: 8288 op, 248248857.50 ns, 29.9528 us/op
WorkloadResult   5: 8288 op, 246412830.50 ns, 29.7313 us/op
WorkloadResult   6: 8288 op, 247960202.50 ns, 29.9180 us/op
WorkloadResult   7: 8288 op, 250358947.50 ns, 30.2074 us/op
// GC:  23 1 0 385093632 8288
// Threading:  0 0 8288

// AfterAll
// Benchmark Process 4279 has exited with code 0.

Mean = 30.013 μs, StdErr = 0.068 μs (0.23%), N = 7, StdDev = 0.180 μs
Min = 29.731 μs, Q1 = 29.935 μs, Median = 29.954 μs, Q3 = 30.141 μs, Max = 30.255 μs
IQR = 0.206 μs, LowerFence = 29.627 μs, UpperFence = 30.450 μs
ConfidenceInterval = [29.607 μs; 30.420 μs] (CI 99.9%), Margin = 0.407 μs (1.35% of Mean)
Skewness = -0.05, Kurtosis = 1.51, MValue = 2

// ** Remained 32 (34.0 %) benchmark(s) to run. Estimated finish 2026-08-11 9:36 (0h 2m from now) **
// **************************
// Benchmark: OpaqueSource.Hyperlinq: Quick(MaxRelativeError=0.05, Arguments=/p:MatrixMode=Benchmark, IterationTime=250ms, MaxIterationCount=12, MaxWarmupIterationCount=5, MinIterationCount=8, MinWarmupIterationCount=3)
// *** Execute ***
// Launch: 1 / 1
// Execute: dotnet Matrix.LinqQueries-Quick-1.dll --anonymousPipes 129 130 --benchmarkName Matrix.LinqQueries.Benchmarks.OpaqueSource.Hyperlinq --job Quick --benchmarkId 62 in /home/runner/work/dotnet-matrix/dotnet-matrix/src/Matrix.LinqQueries/bin/Benchmark/Release/net10.0/Matrix.LinqQueries-Quick-1/bin/Release/net10.0
// Failed to set up high priority (Permission denied). In order to run benchmarks with high priority, make sure you have the right permissions.
// BeforeAnythingElse

// Benchmark Process Environment Information:
// BenchmarkDotNet v0.15.8
// Runtime=.NET 10.0.10 (10.0.10, 10.0.1026.32716), X64 RyuJIT x86-64-v3
// GC=Concurrent Workstation
// HardwareIntrinsics=AVX2+BMI1+BMI2+F16C+FMA+LZCNT+MOVBE,AVX,SSE3+SSSE3+SSE4.1+SSE4.2+POPCNT,X86Base+SSE+SSE2,AES+PCLMUL VectorSize=256
// Job: Quick(MaxRelativeError=0.05, IterationTime=250ms, MaxIterationCount=12, MaxWarmupIterationCount=5, MinIterationCount=8, MinWarmupIterationCount=3)

OverheadJitting  1: 1 op, 242486.00 ns, 242.4860 us/op
WorkloadJitting  1: 1 op, 10269415.00 ns, 10.2694 ms/op

OverheadJitting  2: 16 op, 500745.00 ns, 31.2966 us/op
WorkloadJitting  2: 16 op, 3951935.00 ns, 246.9959 us/op

WorkloadPilot    1: 16 op, 2874591.00 ns, 179.6619 us/op
WorkloadPilot    2: 1392 op, 198974860.00 ns, 142.9417 us/op
WorkloadPilot    3: 1760 op, 54461294.00 ns, 30.9439 us/op
WorkloadPilot    4: 8080 op, 238183040.00 ns, 29.4781 us/op
WorkloadPilot    5: 8496 op, 250681372.00 ns, 29.5058 us/op
WorkloadPilot    6: 8480 op, 254107595.00 ns, 29.9655 us/op
WorkloadPilot    7: 8352 op, 247438336.00 ns, 29.6262 us/op
WorkloadPilot    8: 8448 op, 250491176.00 ns, 29.6509 us/op

OverheadWarmup   1: 8448 op, 46150.00 ns, 5.4628 ns/op
OverheadWarmup   2: 8448 op, 40491.00 ns, 4.7930 ns/op
OverheadWarmup   3: 8448 op, 37506.00 ns, 4.4396 ns/op
OverheadWarmup   4: 8448 op, 37527.00 ns, 4.4421 ns/op
OverheadWarmup   5: 8448 op, 37587.00 ns, 4.4492 ns/op
OverheadWarmup   6: 8448 op, 37527.00 ns, 4.4421 ns/op
OverheadWarmup   7: 8448 op, 37547.00 ns, 4.4445 ns/op
OverheadWarmup   8: 8448 op, 38969.00 ns, 4.6128 ns/op
OverheadWarmup   9: 8448 op, 37536.00 ns, 4.4432 ns/op

OverheadActual   1: 8448 op, 34682.00 ns, 4.1054 ns/op
OverheadActual   2: 8448 op, 34643.00 ns, 4.1007 ns/op
OverheadActual   3: 8448 op, 37656.00 ns, 4.4574 ns/op
OverheadActual   4: 8448 op, 37647.00 ns, 4.4563 ns/op
OverheadActual   5: 8448 op, 34652.00 ns, 4.1018 ns/op
OverheadActual   6: 8448 op, 37557.00 ns, 4.4457 ns/op
OverheadActual   7: 8448 op, 39800.00 ns, 4.7112 ns/op
OverheadActual   8: 8448 op, 37687.00 ns, 4.4611 ns/op
OverheadActual   9: 8448 op, 37667.00 ns, 4.4587 ns/op
OverheadActual  10: 8448 op, 37667.00 ns, 4.4587 ns/op
OverheadActual  11: 8448 op, 37496.00 ns, 4.4384 ns/op
OverheadActual  12: 8448 op, 62123.00 ns, 7.3536 ns/op

WorkloadWarmup   1: 8448 op, 254397762.00 ns, 30.1134 us/op
WorkloadWarmup   2: 8448 op, 253243153.00 ns, 29.9767 us/op
WorkloadWarmup   3: 8448 op, 253629004.00 ns, 30.0224 us/op
WorkloadWarmup   4: 8448 op, 252429547.00 ns, 29.8804 us/op
WorkloadWarmup   5: 8448 op, 250128910.00 ns, 29.6081 us/op

// BeforeActualRun
WorkloadActual   1: 8448 op, 252152059.00 ns, 29.8475 us/op
WorkloadActual   2: 8448 op, 250211744.00 ns, 29.6179 us/op
WorkloadActual   3: 8448 op, 249816329.00 ns, 29.5711 us/op
WorkloadActual   4: 8448 op, 251585076.00 ns, 29.7804 us/op
WorkloadActual   5: 8448 op, 251299617.00 ns, 29.7466 us/op
WorkloadActual   6: 8448 op, 252081425.00 ns, 29.8392 us/op
WorkloadActual   7: 8448 op, 253559632.00 ns, 30.0142 us/op
WorkloadActual   8: 8448 op, 249265292.00 ns, 29.5058 us/op

// AfterActualRun
WorkloadResult   1: 8448 op, 252114407.50 ns, 29.8431 us/op
WorkloadResult   2: 8448 op, 250174092.50 ns, 29.6134 us/op
WorkloadResult   3: 8448 op, 249778677.50 ns, 29.5666 us/op
WorkloadResult   4: 8448 op, 251547424.50 ns, 29.7760 us/op
WorkloadResult   5: 8448 op, 251261965.50 ns, 29.7422 us/op
WorkloadResult   6: 8448 op, 252043773.50 ns, 29.8347 us/op
WorkloadResult   7: 8448 op, 253521980.50 ns, 30.0097 us/op
WorkloadResult   8: 8448 op, 249227640.50 ns, 29.5014 us/op
// GC:  15 0 0 255332352 8448
// Threading:  0 0 8448

// AfterAll
// Benchmark Process 4288 has exited with code 0.

Mean = 29.736 μs, StdErr = 0.059 μs (0.20%), N = 8, StdDev = 0.168 μs
Min = 29.501 μs, Q1 = 29.602 μs, Median = 29.759 μs, Q3 = 29.837 μs, Max = 30.010 μs
IQR = 0.235 μs, LowerFence = 29.249 μs, UpperFence = 30.189 μs
ConfidenceInterval = [29.416 μs; 30.056 μs] (CI 99.9%), Margin = 0.320 μs (1.08% of Mean)
Skewness = 0.09, Kurtosis = 1.57, MValue = 2

// ** Remained 31 (33.0 %) benchmark(s) to run. Estimated finish 2026-08-11 9:36 (0h 2m from now) **
// **************************
// Benchmark: OpaqueSource.LinqAF: Quick(MaxRelativeError=0.05, Arguments=/p:MatrixMode=Benchmark, IterationTime=250ms, MaxIterationCount=12, MaxWarmupIterationCount=5, MinIterationCount=8, MinWarmupIterationCount=3)
// *** Execute ***
// Launch: 1 / 1
// Execute: dotnet Matrix.LinqQueries-Quick-1.dll --anonymousPipes 129 130 --benchmarkName Matrix.LinqQueries.Benchmarks.OpaqueSource.LinqAF --job Quick --benchmarkId 63 in /home/runner/work/dotnet-matrix/dotnet-matrix/src/Matrix.LinqQueries/bin/Benchmark/Release/net10.0/Matrix.LinqQueries-Quick-1/bin/Release/net10.0
// Failed to set up high priority (Permission denied). In order to run benchmarks with high priority, make sure you have the right permissions.
// BeforeAnythingElse

// Benchmark Process Environment Information:
// BenchmarkDotNet v0.15.8
// Runtime=.NET 10.0.10 (10.0.10, 10.0.1026.32716), X64 RyuJIT x86-64-v3
// GC=Concurrent Workstation
// HardwareIntrinsics=AVX2+BMI1+BMI2+F16C+FMA+LZCNT+MOVBE,AVX,SSE3+SSSE3+SSE4.1+SSE4.2+POPCNT,X86Base+SSE+SSE2,AES+PCLMUL VectorSize=256
// Job: Quick(MaxRelativeError=0.05, IterationTime=250ms, MaxIterationCount=12, MaxWarmupIterationCount=5, MinIterationCount=8, MinWarmupIterationCount=3)

OverheadJitting  1: 1 op, 279021.00 ns, 279.0210 us/op
WorkloadJitting  1: 1 op, 124856668.00 ns, 124.8567 ms/op

WorkloadPilot    1: 4 op, 2178102.00 ns, 544.5255 us/op
WorkloadPilot    2: 459 op, 102494212.00 ns, 223.2989 us/op
WorkloadPilot    3: 1120 op, 108363336.00 ns, 96.7530 us/op
WorkloadPilot    4: 2584 op, 104230388.00 ns, 40.3368 us/op
WorkloadPilot    5: 6198 op, 249889072.00 ns, 40.3177 us/op
WorkloadPilot    6: 6201 op, 252815772.00 ns, 40.7702 us/op
WorkloadPilot    7: 6132 op, 248336863.00 ns, 40.4985 us/op
WorkloadPilot    8: 6173 op, 249878045.00 ns, 40.4792 us/op
WorkloadPilot    9: 6176 op, 247811381.00 ns, 40.1249 us/op
WorkloadPilot   10: 6231 op, 247508956.00 ns, 39.7222 us/op
WorkloadPilot   11: 6294 op, 258933831.00 ns, 41.1398 us/op
WorkloadPilot   12: 6077 op, 245742654.00 ns, 40.4382 us/op
WorkloadPilot   13: 6182 op, 249257300.00 ns, 40.3198 us/op
WorkloadPilot   14: 6200 op, 248956577.00 ns, 40.1543 us/op
WorkloadPilot   15: 6226 op, 248826611.00 ns, 39.9657 us/op
WorkloadPilot   16: 6255 op, 254582283.00 ns, 40.7006 us/op

WorkloadWarmup   1: 6255 op, 251367820.00 ns, 40.1867 us/op
WorkloadWarmup   2: 6255 op, 256767922.00 ns, 41.0500 us/op
WorkloadWarmup   3: 6255 op, 254090202.00 ns, 40.6219 us/op
WorkloadWarmup   4: 6255 op, 253319260.00 ns, 40.4987 us/op
WorkloadWarmup   5: 6255 op, 254808084.00 ns, 40.7367 us/op

// BeforeActualRun
WorkloadActual   1: 6255 op, 253987668.00 ns, 40.6055 us/op
WorkloadActual   2: 6255 op, 259086301.00 ns, 41.4207 us/op
WorkloadActual   3: 6255 op, 255731375.00 ns, 40.8843 us/op
WorkloadActual   4: 6255 op, 255074004.00 ns, 40.7792 us/op
WorkloadActual   5: 6255 op, 257259307.00 ns, 41.1286 us/op
WorkloadActual   6: 6255 op, 256867988.00 ns, 41.0660 us/op
WorkloadActual   7: 6255 op, 257219743.00 ns, 41.1223 us/op
WorkloadActual   8: 6255 op, 254591935.00 ns, 40.7021 us/op

// AfterActualRun
WorkloadResult   1: 6255 op, 253987668.00 ns, 40.6055 us/op
WorkloadResult   2: 6255 op, 259086301.00 ns, 41.4207 us/op
WorkloadResult   3: 6255 op, 255731375.00 ns, 40.8843 us/op
WorkloadResult   4: 6255 op, 255074004.00 ns, 40.7792 us/op
WorkloadResult   5: 6255 op, 257259307.00 ns, 41.1286 us/op
WorkloadResult   6: 6255 op, 256867988.00 ns, 41.0660 us/op
WorkloadResult   7: 6255 op, 257219743.00 ns, 41.1223 us/op
WorkloadResult   8: 6255 op, 254591935.00 ns, 40.7021 us/op
// GC:  17 0 0 290432160 6255
// Threading:  0 0 6255

// AfterAll
// Benchmark Process 4295 has exited with code 0.

Mean = 40.964 μs, StdErr = 0.095 μs (0.23%), N = 8, StdDev = 0.270 μs
Min = 40.606 μs, Q1 = 40.760 μs, Median = 40.975 μs, Q3 = 41.124 μs, Max = 41.421 μs
IQR = 0.364 μs, LowerFence = 40.214 μs, UpperFence = 41.670 μs
ConfidenceInterval = [40.448 μs; 41.479 μs] (CI 99.9%), Margin = 0.515 μs (1.26% of Mean)
Skewness = 0.22, Kurtosis = 1.6, MValue = 2

// ** Remained 30 (31.9 %) benchmark(s) to run. Estimated finish 2026-08-11 9:36 (0h 2m from now) **
// **************************
// Benchmark: OpaqueSource.StructLinq: Quick(MaxRelativeError=0.05, Arguments=/p:MatrixMode=Benchmark, IterationTime=250ms, MaxIterationCount=12, MaxWarmupIterationCount=5, MinIterationCount=8, MinWarmupIterationCount=3)
// *** Execute ***
// Launch: 1 / 1
// Execute: dotnet Matrix.LinqQueries-Quick-1.dll --anonymousPipes 129 130 --benchmarkName Matrix.LinqQueries.Benchmarks.OpaqueSource.StructLinq --job Quick --benchmarkId 64 in /home/runner/work/dotnet-matrix/dotnet-matrix/src/Matrix.LinqQueries/bin/Benchmark/Release/net10.0/Matrix.LinqQueries-Quick-1/bin/Release/net10.0
// Failed to set up high priority (Permission denied). In order to run benchmarks with high priority, make sure you have the right permissions.
// BeforeAnythingElse

// Benchmark Process Environment Information:
// BenchmarkDotNet v0.15.8
// Runtime=.NET 10.0.10 (10.0.10, 10.0.1026.32716), X64 RyuJIT x86-64-v3
// GC=Concurrent Workstation
// HardwareIntrinsics=AVX2+BMI1+BMI2+F16C+FMA+LZCNT+MOVBE,AVX,SSE3+SSSE3+SSE4.1+SSE4.2+POPCNT,X86Base+SSE+SSE2,AES+PCLMUL VectorSize=256
// Job: Quick(MaxRelativeError=0.05, IterationTime=250ms, MaxIterationCount=12, MaxWarmupIterationCount=5, MinIterationCount=8, MinWarmupIterationCount=3)

OverheadJitting  1: 1 op, 243167.00 ns, 243.1670 us/op
WorkloadJitting  1: 1 op, 10840795.00 ns, 10.8408 ms/op

OverheadJitting  2: 16 op, 539984.00 ns, 33.7490 us/op
WorkloadJitting  2: 16 op, 3774918.00 ns, 235.9324 us/op

WorkloadPilot    1: 16 op, 2803404.00 ns, 175.2128 us/op
WorkloadPilot    2: 1440 op, 219297163.00 ns, 152.2897 us/op
WorkloadPilot    3: 1648 op, 101512858.00 ns, 61.5976 us/op
WorkloadPilot    4: 4064 op, 125895577.00 ns, 30.9782 us/op
WorkloadPilot    5: 8080 op, 250514991.00 ns, 31.0043 us/op
WorkloadPilot    6: 8064 op, 253451897.00 ns, 31.4300 us/op
WorkloadPilot    7: 7968 op, 248092040.00 ns, 31.1360 us/op
WorkloadPilot    8: 8032 op, 249504799.00 ns, 31.0638 us/op
WorkloadPilot    9: 8048 op, 249792943.00 ns, 31.0379 us/op
WorkloadPilot   10: 8064 op, 250277603.00 ns, 31.0364 us/op

OverheadWarmup   1: 8064 op, 47762.00 ns, 5.9229 ns/op
OverheadWarmup   2: 8064 op, 42514.00 ns, 5.2721 ns/op
OverheadWarmup   3: 8064 op, 42163.00 ns, 5.2285 ns/op
OverheadWarmup   4: 8064 op, 42234.00 ns, 5.2374 ns/op
OverheadWarmup   5: 8064 op, 42063.00 ns, 5.2161 ns/op
OverheadWarmup   6: 8064 op, 61253.00 ns, 7.5959 ns/op
OverheadWarmup   7: 8064 op, 44377.00 ns, 5.5031 ns/op

OverheadActual   1: 8064 op, 49184.00 ns, 6.0992 ns/op
OverheadActual   2: 8064 op, 69365.00 ns, 8.6018 ns/op
OverheadActual   3: 8064 op, 46830.00 ns, 5.8073 ns/op
OverheadActual   4: 8064 op, 44778.00 ns, 5.5528 ns/op
OverheadActual   5: 8064 op, 44807.00 ns, 5.5564 ns/op
OverheadActual   6: 8064 op, 44667.00 ns, 5.5391 ns/op
OverheadActual   7: 8064 op, 47392.00 ns, 5.8770 ns/op
OverheadActual   8: 8064 op, 44197.00 ns, 5.4808 ns/op
OverheadActual   9: 8064 op, 44457.00 ns, 5.5130 ns/op
OverheadActual  10: 8064 op, 47422.00 ns, 5.8807 ns/op
OverheadActual  11: 8064 op, 45789.00 ns, 5.6782 ns/op
OverheadActual  12: 8064 op, 42153.00 ns, 5.2273 ns/op

WorkloadWarmup   1: 8064 op, 257095646.00 ns, 31.8819 us/op
WorkloadWarmup   2: 8064 op, 255497579.00 ns, 31.6837 us/op
WorkloadWarmup   3: 8064 op, 249099839.00 ns, 30.8904 us/op
WorkloadWarmup   4: 8064 op, 249053149.00 ns, 30.8846 us/op
WorkloadWarmup   5: 8064 op, 248980409.00 ns, 30.8755 us/op

// BeforeActualRun
WorkloadActual   1: 8064 op, 253172495.00 ns, 31.3954 us/op
WorkloadActual   2: 8064 op, 250014828.00 ns, 31.0038 us/op
WorkloadActual   3: 8064 op, 248818165.00 ns, 30.8554 us/op
WorkloadActual   4: 8064 op, 249327441.00 ns, 30.9186 us/op
WorkloadActual   5: 8064 op, 249713434.00 ns, 30.9664 us/op
WorkloadActual   6: 8064 op, 263082157.00 ns, 32.6243 us/op
WorkloadActual   7: 8064 op, 253628953.00 ns, 31.4520 us/op
WorkloadActual   8: 8064 op, 248453865.00 ns, 30.8103 us/op

// AfterActualRun
WorkloadResult   1: 8064 op, 253127197.00 ns, 31.3898 us/op
WorkloadResult   2: 8064 op, 249969530.00 ns, 30.9982 us/op
WorkloadResult   3: 8064 op, 248772867.00 ns, 30.8498 us/op
WorkloadResult   4: 8064 op, 249282143.00 ns, 30.9130 us/op
WorkloadResult   5: 8064 op, 249668136.00 ns, 30.9608 us/op
WorkloadResult   6: 8064 op, 253583655.00 ns, 31.4464 us/op
WorkloadResult   7: 8064 op, 248408567.00 ns, 30.8046 us/op
// GC:  6 0 0 108702720 8064
// Threading:  0 0 8064

// AfterAll
// Benchmark Process 4306 has exited with code 0.

Mean = 31.052 μs, StdErr = 0.098 μs (0.32%), N = 7, StdDev = 0.259 μs
Min = 30.805 μs, Q1 = 30.881 μs, Median = 30.961 μs, Q3 = 31.194 μs, Max = 31.446 μs
IQR = 0.313 μs, LowerFence = 30.412 μs, UpperFence = 31.663 μs
ConfidenceInterval = [30.469 μs; 31.635 μs] (CI 99.9%), Margin = 0.583 μs (1.88% of Mean)
Skewness = 0.6, Kurtosis = 1.37, MValue = 2

// ** Remained 29 (30.9 %) benchmark(s) to run. Estimated finish 2026-08-11 9:36 (0h 2m from now) **
// **************************
// Benchmark: OpaqueSource.SystemLinq: Quick(MaxRelativeError=0.05, Arguments=/p:MatrixMode=Benchmark, IterationTime=250ms, MaxIterationCount=12, MaxWarmupIterationCount=5, MinIterationCount=8, MinWarmupIterationCount=3)
// *** Execute ***
// Launch: 1 / 1
// Execute: dotnet Matrix.LinqQueries-Quick-1.dll --anonymousPipes 129 130 --benchmarkName Matrix.LinqQueries.Benchmarks.OpaqueSource.SystemLinq --job Quick --benchmarkId 65 in /home/runner/work/dotnet-matrix/dotnet-matrix/src/Matrix.LinqQueries/bin/Benchmark/Release/net10.0/Matrix.LinqQueries-Quick-1/bin/Release/net10.0
// Failed to set up high priority (Permission denied). In order to run benchmarks with high priority, make sure you have the right permissions.
// BeforeAnythingElse

// Benchmark Process Environment Information:
// BenchmarkDotNet v0.15.8
// Runtime=.NET 10.0.10 (10.0.10, 10.0.1026.32716), X64 RyuJIT x86-64-v3
// GC=Concurrent Workstation
// HardwareIntrinsics=AVX2+BMI1+BMI2+F16C+FMA+LZCNT+MOVBE,AVX,SSE3+SSSE3+SSE4.1+SSE4.2+POPCNT,X86Base+SSE+SSE2,AES+PCLMUL VectorSize=256
// Job: Quick(MaxRelativeError=0.05, IterationTime=250ms, MaxIterationCount=12, MaxWarmupIterationCount=5, MinIterationCount=8, MinWarmupIterationCount=3)

OverheadJitting  1: 1 op, 239441.00 ns, 239.4410 us/op
WorkloadJitting  1: 1 op, 10208672.00 ns, 10.2087 ms/op

OverheadJitting  2: 16 op, 520144.00 ns, 32.5090 us/op
WorkloadJitting  2: 16 op, 2598024.00 ns, 162.3765 us/op

WorkloadPilot    1: 16 op, 1835506.00 ns, 114.7191 us/op
WorkloadPilot    2: 2192 op, 233619203.00 ns, 106.5781 us/op
WorkloadPilot    3: 2352 op, 113377665.00 ns, 48.2048 us/op
WorkloadPilot    4: 5200 op, 149065910.00 ns, 28.6665 us/op
WorkloadPilot    5: 8736 op, 258015782.00 ns, 29.5348 us/op
WorkloadPilot    6: 8480 op, 244107176.00 ns, 28.7862 us/op
WorkloadPilot    7: 8688 op, 253827212.00 ns, 29.2158 us/op
WorkloadPilot    8: 8560 op, 249499732.00 ns, 29.1472 us/op
WorkloadPilot    9: 8592 op, 252258128.00 ns, 29.3597 us/op

OverheadWarmup   1: 8592 op, 43015.00 ns, 5.0064 ns/op
OverheadWarmup   2: 8592 op, 38077.00 ns, 4.4317 ns/op
OverheadWarmup   3: 8592 op, 38077.00 ns, 4.4317 ns/op
OverheadWarmup   4: 8592 op, 38107.00 ns, 4.4352 ns/op
OverheadWarmup   5: 8592 op, 37997.00 ns, 4.4224 ns/op
OverheadWarmup   6: 8592 op, 37957.00 ns, 4.4177 ns/op
OverheadWarmup   7: 8592 op, 37967.00 ns, 4.4189 ns/op

OverheadActual   1: 8592 op, 37106.00 ns, 4.3187 ns/op
OverheadActual   2: 8592 op, 35032.00 ns, 4.0773 ns/op
OverheadActual   3: 8592 op, 38077.00 ns, 4.4317 ns/op
OverheadActual   4: 8592 op, 38008.00 ns, 4.4236 ns/op
OverheadActual   5: 8592 op, 35053.00 ns, 4.0797 ns/op
OverheadActual   6: 8592 op, 41012.00 ns, 4.7733 ns/op
OverheadActual   7: 8592 op, 40972.00 ns, 4.7686 ns/op
OverheadActual   8: 8592 op, 34992.00 ns, 4.0726 ns/op
OverheadActual   9: 8592 op, 57276.00 ns, 6.6662 ns/op
OverheadActual  10: 8592 op, 40942.00 ns, 4.7651 ns/op
OverheadActual  11: 8592 op, 40992.00 ns, 4.7709 ns/op
OverheadActual  12: 8592 op, 38047.00 ns, 4.4282 ns/op

WorkloadWarmup   1: 8592 op, 259243083.00 ns, 30.1726 us/op
WorkloadWarmup   2: 8592 op, 253332107.00 ns, 29.4846 us/op
WorkloadWarmup   3: 8592 op, 247898328.00 ns, 28.8522 us/op
WorkloadWarmup   4: 8592 op, 243401613.00 ns, 28.3289 us/op
WorkloadWarmup   5: 8592 op, 250070382.00 ns, 29.1050 us/op

// BeforeActualRun
WorkloadActual   1: 8592 op, 243974046.00 ns, 28.3955 us/op
WorkloadActual   2: 8592 op, 246341333.00 ns, 28.6710 us/op
WorkloadActual   3: 8592 op, 250202360.00 ns, 29.1204 us/op
WorkloadActual   4: 8592 op, 251747890.00 ns, 29.3003 us/op
WorkloadActual   5: 8592 op, 248676532.00 ns, 28.9428 us/op
WorkloadActual   6: 8592 op, 261307354.00 ns, 30.4129 us/op
WorkloadActual   7: 8592 op, 254152728.00 ns, 29.5802 us/op
WorkloadActual   8: 8592 op, 249961257.00 ns, 29.0923 us/op

// AfterActualRun
WorkloadResult   1: 8592 op, 243935984.00 ns, 28.3911 us/op
WorkloadResult   2: 8592 op, 246303271.00 ns, 28.6666 us/op
WorkloadResult   3: 8592 op, 250164298.00 ns, 29.1160 us/op
WorkloadResult   4: 8592 op, 251709828.00 ns, 29.2958 us/op
WorkloadResult   5: 8592 op, 248638470.00 ns, 28.9384 us/op
WorkloadResult   6: 8592 op, 254114666.00 ns, 29.5757 us/op
WorkloadResult   7: 8592 op, 249923195.00 ns, 29.0879 us/op
// GC:  6 0 0 116301312 8592
// Threading:  0 0 8592

// AfterAll
// Benchmark Process 4316 has exited with code 0.

Mean = 29.010 μs, StdErr = 0.148 μs (0.51%), N = 7, StdDev = 0.393 μs
Min = 28.391 μs, Q1 = 28.802 μs, Median = 29.088 μs, Q3 = 29.206 μs, Max = 29.576 μs
IQR = 0.403 μs, LowerFence = 28.197 μs, UpperFence = 29.811 μs
ConfidenceInterval = [28.126 μs; 29.895 μs] (CI 99.9%), Margin = 0.884 μs (3.05% of Mean)
Skewness = -0.17, Kurtosis = 1.62, MValue = 2

// ** Remained 28 (29.8 %) benchmark(s) to run. Estimated finish 2026-08-11 9:36 (0h 2m from now) **
// **************************
// Benchmark: OpaqueSource.ZLinq: Quick(MaxRelativeError=0.05, Arguments=/p:MatrixMode=Benchmark, IterationTime=250ms, MaxIterationCount=12, MaxWarmupIterationCount=5, MinIterationCount=8, MinWarmupIterationCount=3)
// *** Execute ***
// Launch: 1 / 1
// Execute: dotnet Matrix.LinqQueries-Quick-1.dll --anonymousPipes 129 130 --benchmarkName Matrix.LinqQueries.Benchmarks.OpaqueSource.ZLinq --job Quick --benchmarkId 66 in /home/runner/work/dotnet-matrix/dotnet-matrix/src/Matrix.LinqQueries/bin/Benchmark/Release/net10.0/Matrix.LinqQueries-Quick-1/bin/Release/net10.0
// Failed to set up high priority (Permission denied). In order to run benchmarks with high priority, make sure you have the right permissions.
// BeforeAnythingElse

// Benchmark Process Environment Information:
// BenchmarkDotNet v0.15.8
// Runtime=.NET 10.0.10 (10.0.10, 10.0.1026.32716), X64 RyuJIT x86-64-v3
// GC=Concurrent Workstation
// HardwareIntrinsics=AVX2+BMI1+BMI2+F16C+FMA+LZCNT+MOVBE,AVX,SSE3+SSSE3+SSE4.1+SSE4.2+POPCNT,X86Base+SSE+SSE2,AES+PCLMUL VectorSize=256
// Job: Quick(MaxRelativeError=0.05, IterationTime=250ms, MaxIterationCount=12, MaxWarmupIterationCount=5, MinIterationCount=8, MinWarmupIterationCount=3)

OverheadJitting  1: 1 op, 249506.00 ns, 249.5060 us/op
WorkloadJitting  1: 1 op, 14116260.00 ns, 14.1163 ms/op

OverheadJitting  2: 16 op, 527615.00 ns, 32.9759 us/op
WorkloadJitting  2: 16 op, 4182051.00 ns, 261.3782 us/op

WorkloadPilot    1: 16 op, 3269016.00 ns, 204.3135 us/op
WorkloadPilot    2: 1232 op, 213213276.00 ns, 173.0627 us/op
WorkloadPilot    3: 1456 op, 109423888.00 ns, 75.1538 us/op
WorkloadPilot    4: 3328 op, 150021029.00 ns, 45.0784 us/op
WorkloadPilot    5: 5552 op, 185903867.00 ns, 33.4841 us/op
WorkloadPilot    6: 7472 op, 247797767.00 ns, 33.1635 us/op
WorkloadPilot    7: 7552 op, 253094699.00 ns, 33.5136 us/op
WorkloadPilot    8: 7472 op, 250464405.00 ns, 33.5204 us/op

OverheadWarmup   1: 7472 op, 49745.00 ns, 6.6575 ns/op
OverheadWarmup   2: 7472 op, 42904.00 ns, 5.7420 ns/op
OverheadWarmup   3: 7472 op, 44718.00 ns, 5.9847 ns/op
OverheadWarmup   4: 7472 op, 58728.00 ns, 7.8597 ns/op
OverheadWarmup   5: 7472 op, 59099.00 ns, 7.9094 ns/op
OverheadWarmup   6: 7472 op, 42183.00 ns, 5.6455 ns/op
OverheadWarmup   7: 7472 op, 42725.00 ns, 5.7180 ns/op
OverheadWarmup   8: 7472 op, 41943.00 ns, 5.6134 ns/op

OverheadActual   1: 7472 op, 45920.00 ns, 6.1456 ns/op
OverheadActual   2: 7472 op, 44978.00 ns, 6.0195 ns/op
OverheadActual   3: 7472 op, 44597.00 ns, 5.9685 ns/op
OverheadActual   4: 7472 op, 42364.00 ns, 5.6697 ns/op
OverheadActual   5: 7472 op, 44106.00 ns, 5.9028 ns/op
OverheadActual   6: 7472 op, 41633.00 ns, 5.5719 ns/op
OverheadActual   7: 7472 op, 41562.00 ns, 5.5624 ns/op
OverheadActual   8: 7472 op, 41983.00 ns, 5.6187 ns/op
OverheadActual   9: 7472 op, 42303.00 ns, 5.6615 ns/op
OverheadActual  10: 7472 op, 45519.00 ns, 6.0919 ns/op
OverheadActual  11: 7472 op, 42074.00 ns, 5.6309 ns/op
OverheadActual  12: 7472 op, 44146.00 ns, 5.9082 ns/op

WorkloadWarmup   1: 7472 op, 249226400.00 ns, 33.3547 us/op
WorkloadWarmup   2: 7472 op, 252720855.00 ns, 33.8224 us/op
WorkloadWarmup   3: 7472 op, 246141301.00 ns, 32.9418 us/op
WorkloadWarmup   4: 7472 op, 246973476.00 ns, 33.0532 us/op
WorkloadWarmup   5: 7472 op, 243716848.00 ns, 32.6174 us/op

// BeforeActualRun
WorkloadActual   1: 7472 op, 251848421.00 ns, 33.7056 us/op
WorkloadActual   2: 7472 op, 246383536.00 ns, 32.9742 us/op
WorkloadActual   3: 7472 op, 251362058.00 ns, 33.6405 us/op
WorkloadActual   4: 7472 op, 249819994.00 ns, 33.4342 us/op
WorkloadActual   5: 7472 op, 252865303.00 ns, 33.8417 us/op
WorkloadActual   6: 7472 op, 251280366.00 ns, 33.6296 us/op
WorkloadActual   7: 7472 op, 253028547.00 ns, 33.8636 us/op
WorkloadActual   8: 7472 op, 244718426.00 ns, 32.7514 us/op

// AfterActualRun
WorkloadResult   1: 7472 op, 251805186.00 ns, 33.6998 us/op
WorkloadResult   2: 7472 op, 246340301.00 ns, 32.9685 us/op
WorkloadResult   3: 7472 op, 251318823.00 ns, 33.6347 us/op
WorkloadResult   4: 7472 op, 249776759.00 ns, 33.4284 us/op
WorkloadResult   5: 7472 op, 252822068.00 ns, 33.8359 us/op
WorkloadResult   6: 7472 op, 251237131.00 ns, 33.6238 us/op
WorkloadResult   7: 7472 op, 252985312.00 ns, 33.8578 us/op
WorkloadResult   8: 7472 op, 244675191.00 ns, 32.7456 us/op
// GC:  5 0 0 100244352 7472
// Threading:  0 0 7472

// AfterAll
// Benchmark Process 4326 has exited with code 0.

Mean = 33.474 μs, StdErr = 0.144 μs (0.43%), N = 8, StdDev = 0.408 μs
Min = 32.746 μs, Q1 = 33.313 μs, Median = 33.629 μs, Q3 = 33.734 μs, Max = 33.858 μs
IQR = 0.420 μs, LowerFence = 32.683 μs, UpperFence = 34.365 μs
ConfidenceInterval = [32.694 μs; 34.255 μs] (CI 99.9%), Margin = 0.780 μs (2.33% of Mean)
Skewness = -0.72, Kurtosis = 1.76, MValue = 2

// ** Remained 27 (28.7 %) benchmark(s) to run. Estimated finish 2026-08-11 9:36 (0h 2m from now) **
// ***** BenchmarkRunner: Finish  *****

// * Export *
  tmp/dotnet-matrix/LinqQueries/4112bfa66d854e1a9cc414e42f130abf/results/Matrix.LinqQueries.Benchmarks.OpaqueSource-report.csv
  tmp/dotnet-matrix/LinqQueries/4112bfa66d854e1a9cc414e42f130abf/results/Matrix.LinqQueries.Benchmarks.OpaqueSource-report-github.md
  tmp/dotnet-matrix/LinqQueries/4112bfa66d854e1a9cc414e42f130abf/results/Matrix.LinqQueries.Benchmarks.OpaqueSource-report.html
  tmp/dotnet-matrix/LinqQueries/4112bfa66d854e1a9cc414e42f130abf/results/Matrix.LinqQueries.Benchmarks.OpaqueSource-report-full.json

// * Detailed results *
OpaqueSource.SystemLinq: Quick(MaxRelativeError=0.05, Arguments=/p:MatrixMode=Benchmark, IterationTime=250ms, MaxIterationCount=12, MaxWarmupIterationCount=5, MinIterationCount=8, MinWarmupIterationCount=3)
Runtime = .NET 10.0.10 (10.0.10, 10.0.1026.32716), X64 RyuJIT x86-64-v3; GC = Concurrent Workstation
Mean = 29.010 μs, StdErr = 0.148 μs (0.51%), N = 7, StdDev = 0.393 μs
Min = 28.391 μs, Q1 = 28.802 μs, Median = 29.088 μs, Q3 = 29.206 μs, Max = 29.576 μs
IQR = 0.403 μs, LowerFence = 28.197 μs, UpperFence = 29.811 μs
ConfidenceInterval = [28.126 μs; 29.895 μs] (CI 99.9%), Margin = 0.884 μs (3.05% of Mean)
Skewness = -0.17, Kurtosis = 1.62, MValue = 2
-------------------- Histogram --------------------
[28.244 μs ; 28.826 μs) | @@
[28.826 μs ; 29.845 μs) | @@@@@
---------------------------------------------------

OpaqueSource.Hyperlinq: Quick(MaxRelativeError=0.05, Arguments=/p:MatrixMode=Benchmark, IterationTime=250ms, MaxIterationCount=12, MaxWarmupIterationCount=5, MinIterationCount=8, MinWarmupIterationCount=3)
Runtime = .NET 10.0.10 (10.0.10, 10.0.1026.32716), X64 RyuJIT x86-64-v3; GC = Concurrent Workstation
Mean = 29.736 μs, StdErr = 0.059 μs (0.20%), N = 8, StdDev = 0.168 μs
Min = 29.501 μs, Q1 = 29.602 μs, Median = 29.759 μs, Q3 = 29.837 μs, Max = 30.010 μs
IQR = 0.235 μs, LowerFence = 29.249 μs, UpperFence = 30.189 μs
ConfidenceInterval = [29.416 μs; 30.056 μs] (CI 99.9%), Margin = 0.320 μs (1.08% of Mean)
Skewness = 0.09, Kurtosis = 1.57, MValue = 2
-------------------- Histogram --------------------
[29.495 μs ; 30.091 μs) | @@@@@@@@
---------------------------------------------------

OpaqueSource.HandCoded: Quick(MaxRelativeError=0.05, Arguments=/p:MatrixMode=Benchmark, IterationTime=250ms, MaxIterationCount=12, MaxWarmupIterationCount=5, MinIterationCount=8, MinWarmupIterationCount=3)
Runtime = .NET 10.0.10 (10.0.10, 10.0.1026.32716), X64 RyuJIT x86-64-v3; GC = Concurrent Workstation
Mean = 30.013 μs, StdErr = 0.068 μs (0.23%), N = 7, StdDev = 0.180 μs
Min = 29.731 μs, Q1 = 29.935 μs, Median = 29.954 μs, Q3 = 30.141 μs, Max = 30.255 μs
IQR = 0.206 μs, LowerFence = 29.627 μs, UpperFence = 30.450 μs
ConfidenceInterval = [29.607 μs; 30.420 μs] (CI 99.9%), Margin = 0.407 μs (1.35% of Mean)
Skewness = -0.05, Kurtosis = 1.51, MValue = 2
-------------------- Histogram --------------------
[29.696 μs ; 30.296 μs) | @@@@@@@
---------------------------------------------------

OpaqueSource.StructLinq: Quick(MaxRelativeError=0.05, Arguments=/p:MatrixMode=Benchmark, IterationTime=250ms, MaxIterationCount=12, MaxWarmupIterationCount=5, MinIterationCount=8, MinWarmupIterationCount=3)
Runtime = .NET 10.0.10 (10.0.10, 10.0.1026.32716), X64 RyuJIT x86-64-v3; GC = Concurrent Workstation
Mean = 31.052 μs, StdErr = 0.098 μs (0.32%), N = 7, StdDev = 0.259 μs
Min = 30.805 μs, Q1 = 30.881 μs, Median = 30.961 μs, Q3 = 31.194 μs, Max = 31.446 μs
IQR = 0.313 μs, LowerFence = 30.412 μs, UpperFence = 31.663 μs
ConfidenceInterval = [30.469 μs; 31.635 μs] (CI 99.9%), Margin = 0.583 μs (1.88% of Mean)
Skewness = 0.6, Kurtosis = 1.37, MValue = 2
-------------------- Histogram --------------------
[30.627 μs ; 31.624 μs) | @@@@@@@
---------------------------------------------------

OpaqueSource.ZLinq: Quick(MaxRelativeError=0.05, Arguments=/p:MatrixMode=Benchmark, IterationTime=250ms, MaxIterationCount=12, MaxWarmupIterationCount=5, MinIterationCount=8, MinWarmupIterationCount=3)
Runtime = .NET 10.0.10 (10.0.10, 10.0.1026.32716), X64 RyuJIT x86-64-v3; GC = Concurrent Workstation
Mean = 33.474 μs, StdErr = 0.144 μs (0.43%), N = 8, StdDev = 0.408 μs
Min = 32.746 μs, Q1 = 33.313 μs, Median = 33.629 μs, Q3 = 33.734 μs, Max = 33.858 μs
IQR = 0.420 μs, LowerFence = 32.683 μs, UpperFence = 34.365 μs
ConfidenceInterval = [32.694 μs; 34.255 μs] (CI 99.9%), Margin = 0.780 μs (2.33% of Mean)
Skewness = -0.72, Kurtosis = 1.76, MValue = 2
-------------------- Histogram --------------------
[32.478 μs ; 33.186 μs) | @@
[33.186 μs ; 33.980 μs) | @@@@@@
---------------------------------------------------

OpaqueSource.LinqAF: Quick(MaxRelativeError=0.05, Arguments=/p:MatrixMode=Benchmark, IterationTime=250ms, MaxIterationCount=12, MaxWarmupIterationCount=5, MinIterationCount=8, MinWarmupIterationCount=3)
Runtime = .NET 10.0.10 (10.0.10, 10.0.1026.32716), X64 RyuJIT x86-64-v3; GC = Concurrent Workstation
Mean = 40.964 μs, StdErr = 0.095 μs (0.23%), N = 8, StdDev = 0.270 μs
Min = 40.606 μs, Q1 = 40.760 μs, Median = 40.975 μs, Q3 = 41.124 μs, Max = 41.421 μs
IQR = 0.364 μs, LowerFence = 40.214 μs, UpperFence = 41.670 μs
ConfidenceInterval = [40.448 μs; 41.479 μs] (CI 99.9%), Margin = 0.515 μs (1.26% of Mean)
Skewness = 0.22, Kurtosis = 1.6, MValue = 2
-------------------- Histogram --------------------
[40.544 μs ; 41.598 μs) | @@@@@@@@
---------------------------------------------------

// * Summary *

BenchmarkDotNet v0.15.8, Linux Ubuntu 24.04.4 LTS (Noble Numbat)
AMD EPYC 9V74 2.60GHz, 1 CPU, 4 logical and 2 physical cores
.NET SDK 10.0.302
  [Host] : .NET 10.0.10 (10.0.10, 10.0.1026.32716), X64 RyuJIT x86-64-v3
  Quick  : .NET 10.0.10 (10.0.10, 10.0.1026.32716), X64 RyuJIT x86-64-v3

Job=Quick  MaxRelativeError=0.05  Arguments=/p:MatrixMode=Benchmark  
IterationTime=250ms  MaxIterationCount=12  MaxWarmupIterationCount=5  
MinIterationCount=8  MinWarmupIterationCount=3  

| Method     | Mean     | Error    | StdDev   | Ratio | Gen0   | Gen1   | Allocated | Alloc Ratio |
|----------- |---------:|---------:|---------:|------:|-------:|-------:|----------:|------------:|
| SystemLinq | 29.01 μs | 0.884 μs | 0.393 μs |  0.97 | 0.6983 |      - |  13.22 KB |        0.29 |
| Hyperlinq  | 29.74 μs | 0.320 μs | 0.168 μs |  0.99 | 1.7756 |      - |  29.52 KB |        0.65 |
| HandCoded  | 30.01 μs | 0.407 μs | 0.180 μs |  1.00 | 2.7751 | 0.1207 |  45.38 KB |        1.00 |
| StructLinq | 31.05 μs | 0.583 μs | 0.259 μs |  1.03 | 0.7440 |      - |  13.16 KB |        0.29 |
| ZLinq      | 33.47 μs | 0.780 μs | 0.408 μs |  1.12 | 0.6692 |      - |   13.1 KB |        0.29 |
| LinqAF     | 40.96 μs | 0.515 μs | 0.270 μs |  1.36 | 2.7178 |      - |  45.34 KB |        1.00 |

// * Hints *
Outliers
  OpaqueSource.SystemLinq: Quick -> 1 outlier  was  removed (30.41 μs)
  OpaqueSource.HandCoded: Quick  -> 1 outlier  was  removed (31.31 μs)
  OpaqueSource.StructLinq: Quick -> 1 outlier  was  removed (32.62 μs)

// * Legends *
  Mean        : Arithmetic mean of all measurements
  Error       : Half of 99.9% confidence interval
  StdDev      : Standard deviation of all measurements
  Ratio       : Mean of the ratio distribution ([Current]/[Baseline])
  Gen0        : GC Generation 0 collects per 1000 operations
  Gen1        : GC Generation 1 collects per 1000 operations
  Allocated   : Allocated memory per single operation (managed only, inclusive, 1KB = 1024B)
  Alloc Ratio : Allocated memory ratio distribution ([Current]/[Baseline])
  1 μs        : 1 Microsecond (0.000001 sec)

// * Diagnostic Output - MemoryDiagnoser *


// ***** BenchmarkRunner: End *****
Run time: 00:00:33 (33.86 sec), executed benchmarks: 6

// Found 5 benchmarks:
//   OrderedTopN.HandCoded: Quick(MaxRelativeError=0.05, Arguments=/p:MatrixMode=Benchmark, IterationTime=250ms, MaxIterationCount=12, MaxWarmupIterationCount=5, MinIterationCount=8, MinWarmupIterationCount=3)
//   OrderedTopN.LinqAF: Quick(MaxRelativeError=0.05, Arguments=/p:MatrixMode=Benchmark, IterationTime=250ms, MaxIterationCount=12, MaxWarmupIterationCount=5, MinIterationCount=8, MinWarmupIterationCount=3)
//   OrderedTopN.StructLinq: Quick(MaxRelativeError=0.05, Arguments=/p:MatrixMode=Benchmark, IterationTime=250ms, MaxIterationCount=12, MaxWarmupIterationCount=5, MinIterationCount=8, MinWarmupIterationCount=3)
//   OrderedTopN.SystemLinq: Quick(MaxRelativeError=0.05, Arguments=/p:MatrixMode=Benchmark, IterationTime=250ms, MaxIterationCount=12, MaxWarmupIterationCount=5, MinIterationCount=8, MinWarmupIterationCount=3)
//   OrderedTopN.ZLinq: Quick(MaxRelativeError=0.05, Arguments=/p:MatrixMode=Benchmark, IterationTime=250ms, MaxIterationCount=12, MaxWarmupIterationCount=5, MinIterationCount=8, MinWarmupIterationCount=3)

// **************************
// Benchmark: OrderedTopN.HandCoded: Quick(MaxRelativeError=0.05, Arguments=/p:MatrixMode=Benchmark, IterationTime=250ms, MaxIterationCount=12, MaxWarmupIterationCount=5, MinIterationCount=8, MinWarmupIterationCount=3)
// *** Execute ***
// Launch: 1 / 1
// Execute: dotnet Matrix.LinqQueries-Quick-1.dll --anonymousPipes 129 130 --benchmarkName Matrix.LinqQueries.Benchmarks.OrderedTopN.HandCoded --job Quick --benchmarkId 67 in /home/runner/work/dotnet-matrix/dotnet-matrix/src/Matrix.LinqQueries/bin/Benchmark/Release/net10.0/Matrix.LinqQueries-Quick-1/bin/Release/net10.0
// Failed to set up high priority (Permission denied). In order to run benchmarks with high priority, make sure you have the right permissions.
// BeforeAnythingElse

// Benchmark Process Environment Information:
// BenchmarkDotNet v0.15.8
// Runtime=.NET 10.0.10 (10.0.10, 10.0.1026.32716), X64 RyuJIT x86-64-v3
// GC=Concurrent Workstation
// HardwareIntrinsics=AVX2+BMI1+BMI2+F16C+FMA+LZCNT+MOVBE,AVX,SSE3+SSSE3+SSE4.1+SSE4.2+POPCNT,X86Base+SSE+SSE2,AES+PCLMUL VectorSize=256
// Job: Quick(MaxRelativeError=0.05, IterationTime=250ms, MaxIterationCount=12, MaxWarmupIterationCount=5, MinIterationCount=8, MinWarmupIterationCount=3)

OverheadJitting  1: 1 op, 243667.00 ns, 243.6670 us/op
WorkloadJitting  1: 1 op, 1657037.00 ns, 1.6570 ms/op

OverheadJitting  2: 16 op, 492512.00 ns, 30.7820 us/op
WorkloadJitting  2: 16 op, 12590650.00 ns, 786.9156 us/op

WorkloadPilot    1: 16 op, 11120826.00 ns, 695.0516 us/op
WorkloadPilot    2: 368 op, 194464927.00 ns, 528.4373 us/op
WorkloadPilot    3: 480 op, 136463595.00 ns, 284.2992 us/op
WorkloadPilot    4: 880 op, 197254090.00 ns, 224.1524 us/op
WorkloadPilot    5: 1120 op, 306806766.00 ns, 273.9346 us/op
WorkloadPilot    6: 928 op, 266614478.00 ns, 287.3001 us/op
WorkloadPilot    7: 880 op, 205353343.00 ns, 233.3561 us/op
WorkloadPilot    8: 1072 op, 259669914.00 ns, 242.2294 us/op

OverheadWarmup   1: 1072 op, 10626.00 ns, 9.9123 ns/op
OverheadWarmup   2: 1072 op, 8723.00 ns, 8.1371 ns/op
OverheadWarmup   3: 1072 op, 8322.00 ns, 7.7631 ns/op
OverheadWarmup   4: 1072 op, 8443.00 ns, 7.8759 ns/op
OverheadWarmup   5: 1072 op, 7962.00 ns, 7.4272 ns/op
OverheadWarmup   6: 1072 op, 8543.00 ns, 7.9692 ns/op
OverheadWarmup   7: 1072 op, 8443.00 ns, 7.8759 ns/op

OverheadActual   1: 1072 op, 7862.00 ns, 7.3340 ns/op
OverheadActual   2: 1072 op, 7892.00 ns, 7.3619 ns/op
OverheadActual   3: 1072 op, 8032.00 ns, 7.4925 ns/op
OverheadActual   4: 1072 op, 7401.00 ns, 6.9039 ns/op
OverheadActual   5: 1072 op, 7681.00 ns, 7.1651 ns/op
OverheadActual   6: 1072 op, 7692.00 ns, 7.1754 ns/op
OverheadActual   7: 1072 op, 9935.00 ns, 9.2677 ns/op
OverheadActual   8: 1072 op, 7351.00 ns, 6.8573 ns/op
OverheadActual   9: 1072 op, 7751.00 ns, 7.2304 ns/op
OverheadActual  10: 1072 op, 7601.00 ns, 7.0905 ns/op

WorkloadWarmup   1: 1072 op, 268203452.00 ns, 250.1898 us/op
WorkloadWarmup   2: 1072 op, 251446934.00 ns, 234.5587 us/op
WorkloadWarmup   3: 1072 op, 246563095.00 ns, 230.0029 us/op
WorkloadWarmup   4: 1072 op, 247907030.00 ns, 231.2566 us/op
WorkloadWarmup   5: 1072 op, 244754109.00 ns, 228.3154 us/op

// BeforeActualRun
WorkloadActual   1: 1072 op, 252572710.00 ns, 235.6089 us/op
WorkloadActual   2: 1072 op, 261809908.00 ns, 244.2257 us/op
WorkloadActual   3: 1072 op, 263552364.00 ns, 245.8511 us/op
WorkloadActual   4: 1072 op, 270549857.00 ns, 252.3786 us/op
WorkloadActual   5: 1072 op, 264247081.00 ns, 246.4991 us/op
WorkloadActual   6: 1072 op, 263378201.00 ns, 245.6886 us/op
WorkloadActual   7: 1072 op, 265172715.00 ns, 247.3626 us/op
WorkloadActual   8: 1072 op, 271482342.00 ns, 253.2485 us/op

// AfterActualRun
WorkloadResult   1: 1072 op, 252564988.50 ns, 235.6017 us/op
WorkloadResult   2: 1072 op, 261802186.50 ns, 244.2185 us/op
WorkloadResult   3: 1072 op, 263544642.50 ns, 245.8439 us/op
WorkloadResult   4: 1072 op, 270542135.50 ns, 252.3714 us/op
WorkloadResult   5: 1072 op, 264239359.50 ns, 246.4919 us/op
WorkloadResult   6: 1072 op, 263370479.50 ns, 245.6814 us/op
WorkloadResult   7: 1072 op, 265164993.50 ns, 247.3554 us/op
WorkloadResult   8: 1072 op, 271474620.50 ns, 253.2413 us/op
// GC:  2 0 0 43017216 1072
// Threading:  0 0 1072

// AfterAll
// Benchmark Process 4337 has exited with code 0.

Mean = 246.351 μs, StdErr = 1.916 μs (0.78%), N = 8, StdDev = 5.419 μs
Min = 235.602 μs, Q1 = 245.316 μs, Median = 246.168 μs, Q3 = 248.609 μs, Max = 253.241 μs
IQR = 3.294 μs, LowerFence = 240.375 μs, UpperFence = 253.550 μs
ConfidenceInterval = [235.990 μs; 256.711 μs] (CI 99.9%), Margin = 10.361 μs (4.21% of Mean)
Skewness = -0.55, Kurtosis = 2.46, MValue = 2

// ** Remained 26 (27.7 %) benchmark(s) to run. Estimated finish 2026-08-11 9:36 (0h 2m from now) **
// **************************
// Benchmark: OrderedTopN.LinqAF: Quick(MaxRelativeError=0.05, Arguments=/p:MatrixMode=Benchmark, IterationTime=250ms, MaxIterationCount=12, MaxWarmupIterationCount=5, MinIterationCount=8, MinWarmupIterationCount=3)
// *** Execute ***
// Launch: 1 / 1
// Execute: dotnet Matrix.LinqQueries-Quick-1.dll --anonymousPipes 129 130 --benchmarkName Matrix.LinqQueries.Benchmarks.OrderedTopN.LinqAF --job Quick --benchmarkId 68 in /home/runner/work/dotnet-matrix/dotnet-matrix/src/Matrix.LinqQueries/bin/Benchmark/Release/net10.0/Matrix.LinqQueries-Quick-1/bin/Release/net10.0
// Failed to set up high priority (Permission denied). In order to run benchmarks with high priority, make sure you have the right permissions.
// BeforeAnythingElse

// Benchmark Process Environment Information:
// BenchmarkDotNet v0.15.8
// Runtime=.NET 10.0.10 (10.0.10, 10.0.1026.32716), X64 RyuJIT x86-64-v3
// GC=Concurrent Workstation
// HardwareIntrinsics=AVX2+BMI1+BMI2+F16C+FMA+LZCNT+MOVBE,AVX,SSE3+SSSE3+SSE4.1+SSE4.2+POPCNT,X86Base+SSE+SSE2,AES+PCLMUL VectorSize=256
// Job: Quick(MaxRelativeError=0.05, IterationTime=250ms, MaxIterationCount=12, MaxWarmupIterationCount=5, MinIterationCount=8, MinWarmupIterationCount=3)

OverheadJitting  1: 1 op, 271439.00 ns, 271.4390 us/op
WorkloadJitting  1: 1 op, 172367632.00 ns, 172.3676 ms/op

OverheadJitting  2: 1 op, 271.00 ns, 271.0000 ns/op
WorkloadJitting  2: 1 op, 1402223.00 ns, 1.4022 ms/op

OverheadJitting  3: 16 op, 506573.00 ns, 31.6608 us/op
WorkloadJitting  3: 16 op, 11709653.00 ns, 731.8533 us/op

WorkloadPilot    1: 16 op, 10638099.00 ns, 664.8812 us/op
WorkloadPilot    2: 384 op, 220339123.00 ns, 573.7998 us/op
WorkloadPilot    3: 448 op, 135421885.00 ns, 302.2810 us/op
WorkloadPilot    4: 832 op, 260895711.00 ns, 313.5766 us/op
WorkloadPilot    5: 800 op, 240860533.00 ns, 301.0757 us/op
WorkloadPilot    6: 832 op, 252737959.00 ns, 303.7716 us/op

OverheadWarmup   1: 832 op, 8433.00 ns, 10.1358 ns/op
OverheadWarmup   2: 832 op, 6309.00 ns, 7.5829 ns/op
OverheadWarmup   3: 832 op, 6479.00 ns, 7.7873 ns/op
OverheadWarmup   4: 832 op, 5879.00 ns, 7.0661 ns/op
OverheadWarmup   5: 832 op, 5589.00 ns, 6.7175 ns/op
OverheadWarmup   6: 832 op, 5929.00 ns, 7.1262 ns/op
OverheadWarmup   7: 832 op, 6180.00 ns, 7.4279 ns/op
OverheadWarmup   8: 832 op, 5228.00 ns, 6.2837 ns/op

OverheadActual   1: 832 op, 6169.00 ns, 7.4147 ns/op
OverheadActual   2: 832 op, 5989.00 ns, 7.1983 ns/op
OverheadActual   3: 832 op, 6179.00 ns, 7.4267 ns/op
OverheadActual   4: 832 op, 5589.00 ns, 6.7175 ns/op
OverheadActual   5: 832 op, 3966.00 ns, 4.7668 ns/op
OverheadActual   6: 832 op, 3886.00 ns, 4.6707 ns/op
OverheadActual   7: 832 op, 4146.00 ns, 4.9832 ns/op
OverheadActual   8: 832 op, 4116.00 ns, 4.9471 ns/op
OverheadActual   9: 832 op, 3845.00 ns, 4.6214 ns/op
OverheadActual  10: 832 op, 4137.00 ns, 4.9724 ns/op
OverheadActual  11: 832 op, 3845.00 ns, 4.6214 ns/op
OverheadActual  12: 832 op, 3876.00 ns, 4.6587 ns/op

WorkloadWarmup   1: 832 op, 256428384.00 ns, 308.2072 us/op
WorkloadWarmup   2: 832 op, 266938786.00 ns, 320.8399 us/op
WorkloadWarmup   3: 832 op, 260922452.00 ns, 313.6087 us/op
WorkloadWarmup   4: 832 op, 269204841.00 ns, 323.5635 us/op
WorkloadWarmup   5: 832 op, 260443841.00 ns, 313.0335 us/op

// BeforeActualRun
WorkloadActual   1: 832 op, 254718536.00 ns, 306.1521 us/op
WorkloadActual   2: 832 op, 260696462.00 ns, 313.3371 us/op
WorkloadActual   3: 832 op, 251345484.00 ns, 302.0979 us/op
WorkloadActual   4: 832 op, 257862903.00 ns, 309.9314 us/op
WorkloadActual   5: 832 op, 251786678.00 ns, 302.6282 us/op
WorkloadActual   6: 832 op, 272696191.00 ns, 327.7598 us/op
WorkloadActual   7: 832 op, 251360817.00 ns, 302.1164 us/op
WorkloadActual   8: 832 op, 256603025.00 ns, 308.4171 us/op

// AfterActualRun
WorkloadResult   1: 832 op, 254714409.50 ns, 306.1471 us/op
WorkloadResult   2: 832 op, 260692335.50 ns, 313.3321 us/op
WorkloadResult   3: 832 op, 251341357.50 ns, 302.0930 us/op
WorkloadResult   4: 832 op, 257858776.50 ns, 309.9264 us/op
WorkloadResult   5: 832 op, 251782551.50 ns, 302.6233 us/op
WorkloadResult   6: 832 op, 251356690.50 ns, 302.1114 us/op
WorkloadResult   7: 832 op, 256598898.50 ns, 308.4121 us/op
// GC:  34 34 34 219073696 832
// Threading:  0 0 832

// AfterAll
// Benchmark Process 4345 has exited with code 0.

Mean = 306.378 μs, StdErr = 1.661 μs (0.54%), N = 7, StdDev = 4.393 μs
Min = 302.093 μs, Q1 = 302.367 μs, Median = 306.147 μs, Q3 = 309.169 μs, Max = 313.332 μs
IQR = 6.802 μs, LowerFence = 292.164 μs, UpperFence = 319.372 μs
ConfidenceInterval = [296.483 μs; 316.273 μs] (CI 99.9%), Margin = 9.895 μs (3.23% of Mean)
Skewness = 0.3, Kurtosis = 1.3, MValue = 2

// ** Remained 25 (26.6 %) benchmark(s) to run. Estimated finish 2026-08-11 9:36 (0h 2m from now) **
// **************************
// Benchmark: OrderedTopN.StructLinq: Quick(MaxRelativeError=0.05, Arguments=/p:MatrixMode=Benchmark, IterationTime=250ms, MaxIterationCount=12, MaxWarmupIterationCount=5, MinIterationCount=8, MinWarmupIterationCount=3)
// *** Execute ***
// Launch: 1 / 1
// Execute: dotnet Matrix.LinqQueries-Quick-1.dll --anonymousPipes 129 130 --benchmarkName Matrix.LinqQueries.Benchmarks.OrderedTopN.StructLinq --job Quick --benchmarkId 69 in /home/runner/work/dotnet-matrix/dotnet-matrix/src/Matrix.LinqQueries/bin/Benchmark/Release/net10.0/Matrix.LinqQueries-Quick-1/bin/Release/net10.0
// Failed to set up high priority (Permission denied). In order to run benchmarks with high priority, make sure you have the right permissions.
// BeforeAnythingElse

// Benchmark Process Environment Information:
// BenchmarkDotNet v0.15.8
// Runtime=.NET 10.0.10 (10.0.10, 10.0.1026.32716), X64 RyuJIT x86-64-v3
// GC=Concurrent Workstation
// HardwareIntrinsics=AVX2+BMI1+BMI2+F16C+FMA+LZCNT+MOVBE,AVX,SSE3+SSSE3+SSE4.1+SSE4.2+POPCNT,X86Base+SSE+SSE2,AES+PCLMUL VectorSize=256
// Job: Quick(MaxRelativeError=0.05, IterationTime=250ms, MaxIterationCount=12, MaxWarmupIterationCount=5, MinIterationCount=8, MinWarmupIterationCount=3)

OverheadJitting  1: 1 op, 244138.00 ns, 244.1380 us/op
WorkloadJitting  1: 1 op, 15737911.00 ns, 15.7379 ms/op

OverheadJitting  2: 16 op, 548236.00 ns, 34.2648 us/op
WorkloadJitting  2: 16 op, 26434767.00 ns, 1.6522 ms/op

WorkloadPilot    1: 16 op, 19623466.00 ns, 1.2265 ms/op
WorkloadPilot    2: 208 op, 179735123.00 ns, 864.1112 us/op
WorkloadPilot    3: 304 op, 131173990.00 ns, 431.4934 us/op
WorkloadPilot    4: 592 op, 203775454.00 ns, 344.2153 us/op
WorkloadPilot    5: 736 op, 243113852.00 ns, 330.3177 us/op
WorkloadPilot    6: 768 op, 245904616.00 ns, 320.1883 us/op
WorkloadPilot    7: 784 op, 253214649.00 ns, 322.9779 us/op

OverheadWarmup   1: 784 op, 6070.00 ns, 7.7423 ns/op
OverheadWarmup   2: 784 op, 3736.00 ns, 4.7653 ns/op
OverheadWarmup   3: 784 op, 4227.00 ns, 5.3916 ns/op
OverheadWarmup   4: 784 op, 4217.00 ns, 5.3788 ns/op
OverheadWarmup   5: 784 op, 3755.00 ns, 4.7895 ns/op
OverheadWarmup   6: 784 op, 4236.00 ns, 5.4031 ns/op
OverheadWarmup   7: 784 op, 4236.00 ns, 5.4031 ns/op

OverheadActual   1: 784 op, 3746.00 ns, 4.7781 ns/op
OverheadActual   2: 784 op, 3746.00 ns, 4.7781 ns/op
OverheadActual   3: 784 op, 3735.00 ns, 4.7640 ns/op
OverheadActual   4: 784 op, 3726.00 ns, 4.7526 ns/op
OverheadActual   5: 784 op, 3765.00 ns, 4.8023 ns/op
OverheadActual   6: 784 op, 5008.00 ns, 6.3878 ns/op
OverheadActual   7: 784 op, 3736.00 ns, 4.7653 ns/op
OverheadActual   8: 784 op, 3735.00 ns, 4.7640 ns/op

WorkloadWarmup   1: 784 op, 252315054.00 ns, 321.8304 us/op
WorkloadWarmup   2: 784 op, 258607605.00 ns, 329.8566 us/op
WorkloadWarmup   3: 784 op, 246293231.00 ns, 314.1495 us/op
WorkloadWarmup   4: 784 op, 246893606.00 ns, 314.9153 us/op
WorkloadWarmup   5: 784 op, 244556204.00 ns, 311.9339 us/op

// BeforeActualRun
WorkloadActual   1: 784 op, 251506356.00 ns, 320.7989 us/op
WorkloadActual   2: 784 op, 259453920.00 ns, 330.9361 us/op
WorkloadActual   3: 784 op, 252402035.00 ns, 321.9414 us/op
WorkloadActual   4: 784 op, 247570035.00 ns, 315.7781 us/op
WorkloadActual   5: 784 op, 246397078.00 ns, 314.2820 us/op
WorkloadActual   6: 784 op, 247650937.00 ns, 315.8813 us/op
WorkloadActual   7: 784 op, 247822712.00 ns, 316.1004 us/op
WorkloadActual   8: 784 op, 246549666.00 ns, 314.4766 us/op

// AfterActualRun
WorkloadResult   1: 784 op, 251502615.00 ns, 320.7942 us/op
WorkloadResult   2: 784 op, 252398294.00 ns, 321.9366 us/op
WorkloadResult   3: 784 op, 247566294.00 ns, 315.7733 us/op
WorkloadResult   4: 784 op, 246393337.00 ns, 314.2772 us/op
WorkloadResult   5: 784 op, 247647196.00 ns, 315.8765 us/op
WorkloadResult   6: 784 op, 247818971.00 ns, 316.0956 us/op
WorkloadResult   7: 784 op, 246545925.00 ns, 314.4718 us/op
// GC:  0 0 0 194432 784
// Threading:  0 0 784

// AfterAll
// Benchmark Process 4353 has exited with code 0.

Mean = 317.032 μs, StdErr = 1.156 μs (0.36%), N = 7, StdDev = 3.059 μs
Min = 314.277 μs, Q1 = 315.123 μs, Median = 315.877 μs, Q3 = 318.445 μs, Max = 321.937 μs
IQR = 3.322 μs, LowerFence = 310.139 μs, UpperFence = 323.428 μs
ConfidenceInterval = [310.142 μs; 323.922 μs] (CI 99.9%), Margin = 6.890 μs (2.17% of Mean)
Skewness = 0.64, Kurtosis = 1.44, MValue = 2

// ** Remained 24 (25.5 %) benchmark(s) to run. Estimated finish 2026-08-11 9:36 (0h 2m from now) **
// **************************
// Benchmark: OrderedTopN.SystemLinq: Quick(MaxRelativeError=0.05, Arguments=/p:MatrixMode=Benchmark, IterationTime=250ms, MaxIterationCount=12, MaxWarmupIterationCount=5, MinIterationCount=8, MinWarmupIterationCount=3)
// *** Execute ***
// Launch: 1 / 1
// Execute: dotnet Matrix.LinqQueries-Quick-1.dll --anonymousPipes 129 130 --benchmarkName Matrix.LinqQueries.Benchmarks.OrderedTopN.SystemLinq --job Quick --benchmarkId 70 in /home/runner/work/dotnet-matrix/dotnet-matrix/src/Matrix.LinqQueries/bin/Benchmark/Release/net10.0/Matrix.LinqQueries-Quick-1/bin/Release/net10.0
// Failed to set up high priority (Permission denied). In order to run benchmarks with high priority, make sure you have the right permissions.
// BeforeAnythingElse

// Benchmark Process Environment Information:
// BenchmarkDotNet v0.15.8
// Runtime=.NET 10.0.10 (10.0.10, 10.0.1026.32716), X64 RyuJIT x86-64-v3
// GC=Concurrent Workstation
// HardwareIntrinsics=AVX2+BMI1+BMI2+F16C+FMA+LZCNT+MOVBE,AVX,SSE3+SSSE3+SSE4.1+SSE4.2+POPCNT,X86Base+SSE+SSE2,AES+PCLMUL VectorSize=256
// Job: Quick(MaxRelativeError=0.05, IterationTime=250ms, MaxIterationCount=12, MaxWarmupIterationCount=5, MinIterationCount=8, MinWarmupIterationCount=3)

OverheadJitting  1: 1 op, 239250.00 ns, 239.2500 us/op
WorkloadJitting  1: 1 op, 2503302.00 ns, 2.5033 ms/op

OverheadJitting  2: 16 op, 570169.00 ns, 35.6356 us/op
WorkloadJitting  2: 16 op, 5069148.00 ns, 316.8218 us/op

WorkloadPilot    1: 16 op, 2052693.00 ns, 128.2933 us/op
WorkloadPilot    2: 1952 op, 155723475.00 ns, 79.7764 us/op
WorkloadPilot    3: 3136 op, 262197613.00 ns, 83.6089 us/op
WorkloadPilot    4: 2992 op, 110143848.00 ns, 36.8128 us/op
WorkloadPilot    5: 6800 op, 248477571.00 ns, 36.5408 us/op
WorkloadPilot    6: 6848 op, 250091783.00 ns, 36.5204 us/op

OverheadWarmup   1: 6848 op, 32569.00 ns, 4.7560 ns/op
OverheadWarmup   2: 6848 op, 33030.00 ns, 4.8233 ns/op
OverheadWarmup   3: 6848 op, 30626.00 ns, 4.4723 ns/op
OverheadWarmup   4: 6848 op, 30656.00 ns, 4.4766 ns/op
OverheadWarmup   5: 6848 op, 30626.00 ns, 4.4723 ns/op

OverheadActual   1: 6848 op, 28383.00 ns, 4.1447 ns/op
OverheadActual   2: 6848 op, 28473.00 ns, 4.1579 ns/op
OverheadActual   3: 6848 op, 28392.00 ns, 4.1460 ns/op
OverheadActual   4: 6848 op, 28343.00 ns, 4.1389 ns/op
OverheadActual   5: 6848 op, 29975.00 ns, 4.3772 ns/op
OverheadActual   6: 6848 op, 33089.00 ns, 4.8319 ns/op
OverheadActual   7: 6848 op, 30686.00 ns, 4.4810 ns/op
OverheadActual   8: 6848 op, 30656.00 ns, 4.4766 ns/op
OverheadActual   9: 6848 op, 30797.00 ns, 4.4972 ns/op
OverheadActual  10: 6848 op, 28273.00 ns, 4.1287 ns/op
OverheadActual  11: 6848 op, 30576.00 ns, 4.4650 ns/op
OverheadActual  12: 6848 op, 30626.00 ns, 4.4723 ns/op

WorkloadWarmup   1: 6848 op, 272406836.00 ns, 39.7790 us/op
WorkloadWarmup   2: 6848 op, 248129957.00 ns, 36.2339 us/op
WorkloadWarmup   3: 6848 op, 250978269.00 ns, 36.6499 us/op
WorkloadWarmup   4: 6848 op, 248159982.00 ns, 36.2383 us/op
WorkloadWarmup   5: 6848 op, 248770923.00 ns, 36.3275 us/op

// BeforeActualRun
WorkloadActual   1: 6848 op, 256390714.00 ns, 37.4402 us/op
WorkloadActual   2: 6848 op, 246496907.00 ns, 35.9955 us/op
WorkloadActual   3: 6848 op, 253592388.00 ns, 37.0316 us/op
WorkloadActual   4: 6848 op, 253836095.00 ns, 37.0672 us/op
WorkloadActual   5: 6848 op, 254129496.00 ns, 37.1100 us/op
WorkloadActual   6: 6848 op, 245831494.00 ns, 35.8983 us/op
WorkloadActual   7: 6848 op, 246634143.00 ns, 36.0155 us/op
WorkloadActual   8: 6848 op, 246255853.00 ns, 35.9603 us/op

// AfterActualRun
WorkloadResult   1: 6848 op, 256360438.50 ns, 37.4358 us/op
WorkloadResult   2: 6848 op, 246466631.50 ns, 35.9910 us/op
WorkloadResult   3: 6848 op, 253562112.50 ns, 37.0272 us/op
WorkloadResult   4: 6848 op, 253805819.50 ns, 37.0628 us/op
WorkloadResult   5: 6848 op, 254099220.50 ns, 37.1056 us/op
WorkloadResult   6: 6848 op, 245801218.50 ns, 35.8939 us/op
WorkloadResult   7: 6848 op, 246603867.50 ns, 36.0111 us/op
WorkloadResult   8: 6848 op, 246225577.50 ns, 35.9558 us/op
// GC:  32 5 0 550907904 6848
// Threading:  0 0 6848

// AfterAll
// Benchmark Process 4360 has exited with code 0.

Mean = 36.560 μs, StdErr = 0.230 μs (0.63%), N = 8, StdDev = 0.651 μs
Min = 35.894 μs, Q1 = 35.982 μs, Median = 36.519 μs, Q3 = 37.073 μs, Max = 37.436 μs
IQR = 1.091 μs, LowerFence = 34.345 μs, UpperFence = 38.710 μs
ConfidenceInterval = [35.315 μs; 37.806 μs] (CI 99.9%), Margin = 1.245 μs (3.41% of Mean)
Skewness = 0.09, Kurtosis = 0.91, MValue = 2

// ** Remained 23 (24.5 %) benchmark(s) to run. Estimated finish 2026-08-11 9:36 (0h 2m from now) **
// **************************
// Benchmark: OrderedTopN.ZLinq: Quick(MaxRelativeError=0.05, Arguments=/p:MatrixMode=Benchmark, IterationTime=250ms, MaxIterationCount=12, MaxWarmupIterationCount=5, MinIterationCount=8, MinWarmupIterationCount=3)
// *** Execute ***
// Launch: 1 / 1
// Execute: dotnet Matrix.LinqQueries-Quick-1.dll --anonymousPipes 129 130 --benchmarkName Matrix.LinqQueries.Benchmarks.OrderedTopN.ZLinq --job Quick --benchmarkId 71 in /home/runner/work/dotnet-matrix/dotnet-matrix/src/Matrix.LinqQueries/bin/Benchmark/Release/net10.0/Matrix.LinqQueries-Quick-1/bin/Release/net10.0
// Failed to set up high priority (Permission denied). In order to run benchmarks with high priority, make sure you have the right permissions.
// BeforeAnythingElse

// Benchmark Process Environment Information:
// BenchmarkDotNet v0.15.8
// Runtime=.NET 10.0.10 (10.0.10, 10.0.1026.32716), X64 RyuJIT x86-64-v3
// GC=Concurrent Workstation
// HardwareIntrinsics=AVX2+BMI1+BMI2+F16C+FMA+LZCNT+MOVBE,AVX,SSE3+SSSE3+SSE4.1+SSE4.2+POPCNT,X86Base+SSE+SSE2,AES+PCLMUL VectorSize=256
// Job: Quick(MaxRelativeError=0.05, IterationTime=250ms, MaxIterationCount=12, MaxWarmupIterationCount=5, MinIterationCount=8, MinWarmupIterationCount=3)

OverheadJitting  1: 1 op, 258670.00 ns, 258.6700 us/op
WorkloadJitting  1: 1 op, 10309964.00 ns, 10.3100 ms/op

OverheadJitting  2: 16 op, 546223.00 ns, 34.1389 us/op
WorkloadJitting  2: 16 op, 6315366.00 ns, 394.7104 us/op

WorkloadPilot    1: 16 op, 1801985.00 ns, 112.6241 us/op
WorkloadPilot    2: 2224 op, 222735784.00 ns, 100.1510 us/op
WorkloadPilot    3: 2496 op, 171424893.00 ns, 68.6798 us/op
WorkloadPilot    4: 3648 op, 154666803.00 ns, 42.3977 us/op
WorkloadPilot    5: 5904 op, 250738748.00 ns, 42.4693 us/op
WorkloadPilot    6: 5888 op, 249961767.00 ns, 42.4527 us/op
WorkloadPilot    7: 5904 op, 247723004.00 ns, 41.9585 us/op
WorkloadPilot    8: 5968 op, 250774351.00 ns, 42.0198 us/op
WorkloadPilot    9: 5952 op, 249802036.00 ns, 41.9694 us/op
WorkloadPilot   10: 5968 op, 250547410.00 ns, 41.9818 us/op

OverheadWarmup   1: 5968 op, 40431.00 ns, 6.7746 ns/op
OverheadWarmup   2: 5968 op, 33841.00 ns, 5.6704 ns/op
OverheadWarmup   3: 5968 op, 33550.00 ns, 5.6216 ns/op
OverheadWarmup   4: 5968 op, 33430.00 ns, 5.6015 ns/op
OverheadWarmup   5: 5968 op, 33670.00 ns, 5.6418 ns/op
OverheadWarmup   6: 5968 op, 33571.00 ns, 5.6252 ns/op
OverheadWarmup   7: 5968 op, 33691.00 ns, 5.6453 ns/op
OverheadWarmup   8: 5968 op, 33210.00 ns, 5.5647 ns/op

OverheadActual   1: 5968 op, 35313.00 ns, 5.9171 ns/op
OverheadActual   2: 5968 op, 36765.00 ns, 6.1604 ns/op
OverheadActual   3: 5968 op, 32599.00 ns, 5.4623 ns/op
OverheadActual   4: 5968 op, 39951.00 ns, 6.6942 ns/op
OverheadActual   5: 5968 op, 36275.00 ns, 6.0783 ns/op
OverheadActual   6: 5968 op, 35894.00 ns, 6.0144 ns/op
OverheadActual   7: 5968 op, 35644.00 ns, 5.9725 ns/op
OverheadActual   8: 5968 op, 35774.00 ns, 5.9943 ns/op
OverheadActual   9: 5968 op, 35704.00 ns, 5.9826 ns/op
OverheadActual  10: 5968 op, 35133.00 ns, 5.8869 ns/op
OverheadActual  11: 5968 op, 37476.00 ns, 6.2795 ns/op
OverheadActual  12: 5968 op, 35423.00 ns, 5.9355 ns/op

WorkloadWarmup   1: 5968 op, 252161492.00 ns, 42.2523 us/op
WorkloadWarmup   2: 5968 op, 250565437.00 ns, 41.9848 us/op
WorkloadWarmup   3: 5968 op, 250358891.00 ns, 41.9502 us/op
WorkloadWarmup   4: 5968 op, 250221574.00 ns, 41.9272 us/op
WorkloadWarmup   5: 5968 op, 251527922.00 ns, 42.1461 us/op

// BeforeActualRun
WorkloadActual   1: 5968 op, 265872794.00 ns, 44.5497 us/op
WorkloadActual   2: 5968 op, 250610310.00 ns, 41.9923 us/op
WorkloadActual   3: 5968 op, 250098558.00 ns, 41.9066 us/op
WorkloadActual   4: 5968 op, 250649259.00 ns, 41.9989 us/op
WorkloadActual   5: 5968 op, 250760676.00 ns, 42.0175 us/op
WorkloadActual   6: 5968 op, 250442046.00 ns, 41.9641 us/op
WorkloadActual   7: 5968 op, 250137938.00 ns, 41.9132 us/op
WorkloadActual   8: 5968 op, 250364058.00 ns, 41.9511 us/op

// AfterActualRun
WorkloadResult   1: 5968 op, 250574571.00 ns, 41.9864 us/op
WorkloadResult   2: 5968 op, 250062819.00 ns, 41.9006 us/op
WorkloadResult   3: 5968 op, 250613520.00 ns, 41.9929 us/op
WorkloadResult   4: 5968 op, 250724937.00 ns, 42.0116 us/op
WorkloadResult   5: 5968 op, 250406307.00 ns, 41.9582 us/op
WorkloadResult   6: 5968 op, 250102199.00 ns, 41.9072 us/op
WorkloadResult   7: 5968 op, 250328319.00 ns, 41.9451 us/op
// GC:  0 0 0 1575552 5968
// Threading:  0 0 5968

// AfterAll
// Benchmark Process 4369 has exited with code 0.

Mean = 41.957 μs, StdErr = 0.016 μs (0.04%), N = 7, StdDev = 0.043 μs
Min = 41.901 μs, Q1 = 41.926 μs, Median = 41.958 μs, Q3 = 41.990 μs, Max = 42.012 μs
IQR = 0.063 μs, LowerFence = 41.831 μs, UpperFence = 42.085 μs
ConfidenceInterval = [41.861 μs; 42.054 μs] (CI 99.9%), Margin = 0.096 μs (0.23% of Mean)
Skewness = -0.15, Kurtosis = 1.19, MValue = 2

// ** Remained 22 (23.4 %) benchmark(s) to run. Estimated finish 2026-08-11 9:36 (0h 1m from now) **
// ***** BenchmarkRunner: Finish  *****

// * Export *
  tmp/dotnet-matrix/LinqQueries/4112bfa66d854e1a9cc414e42f130abf/results/Matrix.LinqQueries.Benchmarks.OrderedTopN-report.csv
  tmp/dotnet-matrix/LinqQueries/4112bfa66d854e1a9cc414e42f130abf/results/Matrix.LinqQueries.Benchmarks.OrderedTopN-report-github.md
  tmp/dotnet-matrix/LinqQueries/4112bfa66d854e1a9cc414e42f130abf/results/Matrix.LinqQueries.Benchmarks.OrderedTopN-report.html
  tmp/dotnet-matrix/LinqQueries/4112bfa66d854e1a9cc414e42f130abf/results/Matrix.LinqQueries.Benchmarks.OrderedTopN-report-full.json

// * Detailed results *
OrderedTopN.SystemLinq: Quick(MaxRelativeError=0.05, Arguments=/p:MatrixMode=Benchmark, IterationTime=250ms, MaxIterationCount=12, MaxWarmupIterationCount=5, MinIterationCount=8, MinWarmupIterationCount=3)
Runtime = .NET 10.0.10 (10.0.10, 10.0.1026.32716), X64 RyuJIT x86-64-v3; GC = Concurrent Workstation
Mean = 36.560 μs, StdErr = 0.230 μs (0.63%), N = 8, StdDev = 0.651 μs
Min = 35.894 μs, Q1 = 35.982 μs, Median = 36.519 μs, Q3 = 37.073 μs, Max = 37.436 μs
IQR = 1.091 μs, LowerFence = 34.345 μs, UpperFence = 38.710 μs
ConfidenceInterval = [35.315 μs; 37.806 μs] (CI 99.9%), Margin = 1.245 μs (3.41% of Mean)
Skewness = 0.09, Kurtosis = 0.91, MValue = 2
-------------------- Histogram --------------------
[35.466 μs ; 36.380 μs) | @@@@
[36.380 μs ; 37.659 μs) | @@@@
---------------------------------------------------

OrderedTopN.ZLinq: Quick(MaxRelativeError=0.05, Arguments=/p:MatrixMode=Benchmark, IterationTime=250ms, MaxIterationCount=12, MaxWarmupIterationCount=5, MinIterationCount=8, MinWarmupIterationCount=3)
Runtime = .NET 10.0.10 (10.0.10, 10.0.1026.32716), X64 RyuJIT x86-64-v3; GC = Concurrent Workstation
Mean = 41.957 μs, StdErr = 0.016 μs (0.04%), N = 7, StdDev = 0.043 μs
Min = 41.901 μs, Q1 = 41.926 μs, Median = 41.958 μs, Q3 = 41.990 μs, Max = 42.012 μs
IQR = 0.063 μs, LowerFence = 41.831 μs, UpperFence = 42.085 μs
ConfidenceInterval = [41.861 μs; 42.054 μs] (CI 99.9%), Margin = 0.096 μs (0.23% of Mean)
Skewness = -0.15, Kurtosis = 1.19, MValue = 2
-------------------- Histogram --------------------
[41.871 μs ; 42.041 μs) | @@@@@@@
---------------------------------------------------

OrderedTopN.HandCoded: Quick(MaxRelativeError=0.05, Arguments=/p:MatrixMode=Benchmark, IterationTime=250ms, MaxIterationCount=12, MaxWarmupIterationCount=5, MinIterationCount=8, MinWarmupIterationCount=3)
Runtime = .NET 10.0.10 (10.0.10, 10.0.1026.32716), X64 RyuJIT x86-64-v3; GC = Concurrent Workstation
Mean = 246.351 μs, StdErr = 1.916 μs (0.78%), N = 8, StdDev = 5.419 μs
Min = 235.602 μs, Q1 = 245.316 μs, Median = 246.168 μs, Q3 = 248.609 μs, Max = 253.241 μs
IQR = 3.294 μs, LowerFence = 240.375 μs, UpperFence = 253.550 μs
ConfidenceInterval = [235.990 μs; 256.711 μs] (CI 99.9%), Margin = 10.361 μs (4.21% of Mean)
Skewness = -0.55, Kurtosis = 2.46, MValue = 2
-------------------- Histogram --------------------
[232.046 μs ; 239.158 μs) | @
[239.158 μs ; 249.343 μs) | @@@@@
[249.343 μs ; 256.797 μs) | @@
---------------------------------------------------

OrderedTopN.LinqAF: Quick(MaxRelativeError=0.05, Arguments=/p:MatrixMode=Benchmark, IterationTime=250ms, MaxIterationCount=12, MaxWarmupIterationCount=5, MinIterationCount=8, MinWarmupIterationCount=3)
Runtime = .NET 10.0.10 (10.0.10, 10.0.1026.32716), X64 RyuJIT x86-64-v3; GC = Concurrent Workstation
Mean = 306.378 μs, StdErr = 1.661 μs (0.54%), N = 7, StdDev = 4.393 μs
Min = 302.093 μs, Q1 = 302.367 μs, Median = 306.147 μs, Q3 = 309.169 μs, Max = 313.332 μs
IQR = 6.802 μs, LowerFence = 292.164 μs, UpperFence = 319.372 μs
ConfidenceInterval = [296.483 μs; 316.273 μs] (CI 99.9%), Margin = 9.895 μs (3.23% of Mean)
Skewness = 0.3, Kurtosis = 1.3, MValue = 2
-------------------- Histogram --------------------
[301.079 μs ; 313.981 μs) | @@@@@@@
---------------------------------------------------

OrderedTopN.StructLinq: Quick(MaxRelativeError=0.05, Arguments=/p:MatrixMode=Benchmark, IterationTime=250ms, MaxIterationCount=12, MaxWarmupIterationCount=5, MinIterationCount=8, MinWarmupIterationCount=3)
Runtime = .NET 10.0.10 (10.0.10, 10.0.1026.32716), X64 RyuJIT x86-64-v3; GC = Concurrent Workstation
Mean = 317.032 μs, StdErr = 1.156 μs (0.36%), N = 7, StdDev = 3.059 μs
Min = 314.277 μs, Q1 = 315.123 μs, Median = 315.877 μs, Q3 = 318.445 μs, Max = 321.937 μs
IQR = 3.322 μs, LowerFence = 310.139 μs, UpperFence = 323.428 μs
ConfidenceInterval = [310.142 μs; 323.922 μs] (CI 99.9%), Margin = 6.890 μs (2.17% of Mean)
Skewness = 0.64, Kurtosis = 1.44, MValue = 2
-------------------- Histogram --------------------
[312.178 μs ; 324.036 μs) | @@@@@@@
---------------------------------------------------

// * Summary *

BenchmarkDotNet v0.15.8, Linux Ubuntu 24.04.4 LTS (Noble Numbat)
AMD EPYC 9V74 2.60GHz, 1 CPU, 4 logical and 2 physical cores
.NET SDK 10.0.302
  [Host] : .NET 10.0.10 (10.0.10, 10.0.1026.32716), X64 RyuJIT x86-64-v3
  Quick  : .NET 10.0.10 (10.0.10, 10.0.1026.32716), X64 RyuJIT x86-64-v3

Job=Quick  MaxRelativeError=0.05  Arguments=/p:MatrixMode=Benchmark  
IterationTime=250ms  MaxIterationCount=12  MaxWarmupIterationCount=5  
MinIterationCount=8  MinWarmupIterationCount=3  

| Method     | Mean      | Error     | StdDev   | Ratio | RatioSD | Gen0    | Gen1    | Gen2    | Allocated | Alloc Ratio |
|----------- |----------:|----------:|---------:|------:|--------:|--------:|--------:|--------:|----------:|------------:|
| SystemLinq |  36.56 μs |  1.245 μs | 0.651 μs |  0.15 |    0.00 |  4.6729 |  0.7301 |       - |   80448 B |       2.005 |
| ZLinq      |  41.96 μs |  0.096 μs | 0.043 μs |  0.17 |    0.00 |       - |       - |       - |     264 B |       0.007 |
| HandCoded  | 246.35 μs | 10.361 μs | 5.419 μs |  1.00 |    0.03 |  1.8657 |       - |       - |   40128 B |       1.000 |
| LinqAF     | 306.38 μs |  9.895 μs | 4.393 μs |  1.24 |    0.03 | 40.8654 | 40.8654 | 40.8654 |  263310 B |       6.562 |
| StructLinq | 317.03 μs |  6.890 μs | 3.059 μs |  1.29 |    0.03 |       - |       - |       - |     248 B |       0.006 |

// * Hints *
Outliers
  OrderedTopN.ZLinq: Quick      -> 1 outlier  was  removed (44.55 μs)
  OrderedTopN.HandCoded: Quick  -> 1 outlier  was  detected (235.61 μs)
  OrderedTopN.LinqAF: Quick     -> 1 outlier  was  removed (327.76 μs)
  OrderedTopN.StructLinq: Quick -> 1 outlier  was  removed (330.94 μs)

// * Legends *
  Mean        : Arithmetic mean of all measurements
  Error       : Half of 99.9% confidence interval
  StdDev      : Standard deviation of all measurements
  Ratio       : Mean of the ratio distribution ([Current]/[Baseline])
  RatioSD     : Standard deviation of the ratio distribution ([Current]/[Baseline])
  Gen0        : GC Generation 0 collects per 1000 operations
  Gen1        : GC Generation 1 collects per 1000 operations
  Gen2        : GC Generation 2 collects per 1000 operations
  Allocated   : Allocated memory per single operation (managed only, inclusive, 1KB = 1024B)
  Alloc Ratio : Allocated memory ratio distribution ([Current]/[Baseline])
  1 μs        : 1 Microsecond (0.000001 sec)

// * Diagnostic Output - MemoryDiagnoser *


// ***** BenchmarkRunner: End *****
Run time: 00:00:26 (26.21 sec), executed benchmarks: 5

// Found 6 benchmarks:
//   PagedSlice.HandCoded: Quick(MaxRelativeError=0.05, Arguments=/p:MatrixMode=Benchmark, IterationTime=250ms, MaxIterationCount=12, MaxWarmupIterationCount=5, MinIterationCount=8, MinWarmupIterationCount=3)
//   PagedSlice.Hyperlinq: Quick(MaxRelativeError=0.05, Arguments=/p:MatrixMode=Benchmark, IterationTime=250ms, MaxIterationCount=12, MaxWarmupIterationCount=5, MinIterationCount=8, MinWarmupIterationCount=3)
//   PagedSlice.LinqAF: Quick(MaxRelativeError=0.05, Arguments=/p:MatrixMode=Benchmark, IterationTime=250ms, MaxIterationCount=12, MaxWarmupIterationCount=5, MinIterationCount=8, MinWarmupIterationCount=3)
//   PagedSlice.StructLinq: Quick(MaxRelativeError=0.05, Arguments=/p:MatrixMode=Benchmark, IterationTime=250ms, MaxIterationCount=12, MaxWarmupIterationCount=5, MinIterationCount=8, MinWarmupIterationCount=3)
//   PagedSlice.SystemLinq: Quick(MaxRelativeError=0.05, Arguments=/p:MatrixMode=Benchmark, IterationTime=250ms, MaxIterationCount=12, MaxWarmupIterationCount=5, MinIterationCount=8, MinWarmupIterationCount=3)
//   PagedSlice.ZLinq: Quick(MaxRelativeError=0.05, Arguments=/p:MatrixMode=Benchmark, IterationTime=250ms, MaxIterationCount=12, MaxWarmupIterationCount=5, MinIterationCount=8, MinWarmupIterationCount=3)

// **************************
// Benchmark: PagedSlice.HandCoded: Quick(MaxRelativeError=0.05, Arguments=/p:MatrixMode=Benchmark, IterationTime=250ms, MaxIterationCount=12, MaxWarmupIterationCount=5, MinIterationCount=8, MinWarmupIterationCount=3)
// *** Execute ***
// Launch: 1 / 1
// Execute: dotnet Matrix.LinqQueries-Quick-1.dll --anonymousPipes 129 130 --benchmarkName Matrix.LinqQueries.Benchmarks.PagedSlice.HandCoded --job Quick --benchmarkId 72 in /home/runner/work/dotnet-matrix/dotnet-matrix/src/Matrix.LinqQueries/bin/Benchmark/Release/net10.0/Matrix.LinqQueries-Quick-1/bin/Release/net10.0
// Failed to set up high priority (Permission denied). In order to run benchmarks with high priority, make sure you have the right permissions.
// BeforeAnythingElse

// Benchmark Process Environment Information:
// BenchmarkDotNet v0.15.8
// Runtime=.NET 10.0.10 (10.0.10, 10.0.1026.32716), X64 RyuJIT x86-64-v3
// GC=Concurrent Workstation
// HardwareIntrinsics=AVX2+BMI1+BMI2+F16C+FMA+LZCNT+MOVBE,AVX,SSE3+SSSE3+SSE4.1+SSE4.2+POPCNT,X86Base+SSE+SSE2,AES+PCLMUL VectorSize=256
// Job: Quick(MaxRelativeError=0.05, IterationTime=250ms, MaxIterationCount=12, MaxWarmupIterationCount=5, MinIterationCount=8, MinWarmupIterationCount=3)

OverheadJitting  1: 1 op, 242395.00 ns, 242.3950 us/op
WorkloadJitting  1: 1 op, 314794.00 ns, 314.7940 us/op

OverheadJitting  2: 16 op, 505622.00 ns, 31.6014 us/op
WorkloadJitting  2: 16 op, 949311.00 ns, 59.3319 us/op

WorkloadPilot    1: 16 op, 219080.00 ns, 13.6925 us/op
WorkloadPilot    2: 18272 op, 131125484.00 ns, 7.1763 us/op
WorkloadPilot    3: 34848 op, 78623574.00 ns, 2.2562 us/op
WorkloadPilot    4: 110816 op, 97305800.00 ns, 878.0844 ns/op
WorkloadPilot    5: 284720 op, 249822943.00 ns, 877.4338 ns/op
WorkloadPilot    6: 284928 op, 251295372.00 ns, 881.9610 ns/op
WorkloadPilot    7: 283472 op, 249012702.00 ns, 878.4384 ns/op
WorkloadPilot    8: 284608 op, 249022708.00 ns, 874.9674 ns/op
WorkloadPilot    9: 285728 op, 253855038.00 ns, 888.4500 ns/op
WorkloadPilot   10: 281392 op, 248408954.00 ns, 882.7861 ns/op
WorkloadPilot   11: 283200 op, 250190386.00 ns, 883.4406 ns/op

OverheadWarmup   1: 283200 op, 1361451.00 ns, 4.8074 ns/op
OverheadWarmup   2: 283200 op, 1283955.00 ns, 4.5337 ns/op
OverheadWarmup   3: 283200 op, 1440761.00 ns, 5.0874 ns/op
OverheadWarmup   4: 283200 op, 1356775.00 ns, 4.7909 ns/op
OverheadWarmup   5: 283200 op, 1228651.00 ns, 4.3385 ns/op
OverheadWarmup   6: 283200 op, 1335823.00 ns, 4.7169 ns/op
OverheadWarmup   7: 283200 op, 1346889.00 ns, 4.7560 ns/op
OverheadWarmup   8: 283200 op, 1331937.00 ns, 4.7032 ns/op

OverheadActual   1: 283200 op, 1338987.00 ns, 4.7281 ns/op
OverheadActual   2: 283200 op, 1347380.00 ns, 4.7577 ns/op
OverheadActual   3: 283200 op, 1331546.00 ns, 4.7018 ns/op
OverheadActual   4: 283200 op, 1340530.00 ns, 4.7335 ns/op
OverheadActual   5: 283200 op, 1342633.00 ns, 4.7409 ns/op
OverheadActual   6: 283200 op, 1330605.00 ns, 4.6985 ns/op
OverheadActual   7: 283200 op, 1345287.00 ns, 4.7503 ns/op
OverheadActual   8: 283200 op, 1258275.00 ns, 4.4431 ns/op

WorkloadWarmup   1: 283200 op, 258231462.00 ns, 911.8343 ns/op
WorkloadWarmup   2: 283200 op, 250667025.00 ns, 885.1237 ns/op
WorkloadWarmup   3: 283200 op, 251649665.00 ns, 888.5934 ns/op
WorkloadWarmup   4: 283200 op, 249788912.00 ns, 882.0230 ns/op
WorkloadWarmup   5: 283200 op, 248658610.00 ns, 878.0318 ns/op

// BeforeActualRun
WorkloadActual   1: 283200 op, 254407340.00 ns, 898.3310 ns/op
WorkloadActual   2: 283200 op, 251493470.00 ns, 888.0419 ns/op
WorkloadActual   3: 283200 op, 252432375.00 ns, 891.3573 ns/op
WorkloadActual   4: 283200 op, 265485871.00 ns, 937.4501 ns/op
WorkloadActual   5: 283200 op, 255796023.00 ns, 903.2345 ns/op
WorkloadActual   6: 283200 op, 256255253.00 ns, 904.8561 ns/op
WorkloadActual   7: 283200 op, 252248393.00 ns, 890.7076 ns/op
WorkloadActual   8: 283200 op, 250312576.00 ns, 883.8721 ns/op

// AfterActualRun
WorkloadResult   1: 283200 op, 253067581.50 ns, 893.6002 ns/op
WorkloadResult   2: 283200 op, 250153711.50 ns, 883.3111 ns/op
WorkloadResult   3: 283200 op, 251092616.50 ns, 886.6265 ns/op
WorkloadResult   4: 283200 op, 254456264.50 ns, 898.5038 ns/op
WorkloadResult   5: 283200 op, 254915494.50 ns, 900.1253 ns/op
WorkloadResult   6: 283200 op, 250908634.50 ns, 885.9768 ns/op
WorkloadResult   7: 283200 op, 248972817.50 ns, 879.1413 ns/op
// GC:  68 0 0 1139596800 283200
// Threading:  0 0 283200

// AfterAll
// Benchmark Process 4380 has exited with code 0.

Mean = 889.612 ns, StdErr = 2.996 ns (0.34%), N = 7, StdDev = 7.926 ns
Min = 879.141 ns, Q1 = 884.644 ns, Median = 886.626 ns, Q3 = 896.052 ns, Max = 900.125 ns
IQR = 11.408 ns, LowerFence = 867.532 ns, UpperFence = 913.164 ns
ConfidenceInterval = [871.760 ns; 907.464 ns] (CI 99.9%), Margin = 17.852 ns (2.01% of Mean)
Skewness = 0.13, Kurtosis = 1.18, MValue = 2

// ** Remained 21 (22.3 %) benchmark(s) to run. Estimated finish 2026-08-11 9:36 (0h 1m from now) **
// **************************
// Benchmark: PagedSlice.Hyperlinq: Quick(MaxRelativeError=0.05, Arguments=/p:MatrixMode=Benchmark, IterationTime=250ms, MaxIterationCount=12, MaxWarmupIterationCount=5, MinIterationCount=8, MinWarmupIterationCount=3)
// *** Execute ***
// Launch: 1 / 1
// Execute: dotnet Matrix.LinqQueries-Quick-1.dll --anonymousPipes 129 130 --benchmarkName Matrix.LinqQueries.Benchmarks.PagedSlice.Hyperlinq --job Quick --benchmarkId 73 in /home/runner/work/dotnet-matrix/dotnet-matrix/src/Matrix.LinqQueries/bin/Benchmark/Release/net10.0/Matrix.LinqQueries-Quick-1/bin/Release/net10.0
// Failed to set up high priority (Permission denied). In order to run benchmarks with high priority, make sure you have the right permissions.
// BeforeAnythingElse

// Benchmark Process Environment Information:
// BenchmarkDotNet v0.15.8
// Runtime=.NET 10.0.10 (10.0.10, 10.0.1026.32716), X64 RyuJIT x86-64-v3
// GC=Concurrent Workstation
// HardwareIntrinsics=AVX2+BMI1+BMI2+F16C+FMA+LZCNT+MOVBE,AVX,SSE3+SSSE3+SSE4.1+SSE4.2+POPCNT,X86Base+SSE+SSE2,AES+PCLMUL VectorSize=256
// Job: Quick(MaxRelativeError=0.05, IterationTime=250ms, MaxIterationCount=12, MaxWarmupIterationCount=5, MinIterationCount=8, MinWarmupIterationCount=3)

OverheadJitting  1: 1 op, 237658.00 ns, 237.6580 us/op
WorkloadJitting  1: 1 op, 3065098.00 ns, 3.0651 ms/op

OverheadJitting  2: 16 op, 500254.00 ns, 31.2659 us/op
WorkloadJitting  2: 16 op, 1094589.00 ns, 68.4118 us/op

WorkloadPilot    1: 16 op, 319281.00 ns, 19.9551 us/op
WorkloadPilot    2: 12528 op, 167064463.00 ns, 13.3353 us/op
WorkloadPilot    3: 18752 op, 45491334.00 ns, 2.4259 us/op
WorkloadPilot    4: 103056 op, 92103677.00 ns, 893.7245 ns/op
WorkloadPilot    5: 279728 op, 253844638.00 ns, 907.4695 ns/op
WorkloadPilot    6: 275504 op, 255156195.00 ns, 926.1433 ns/op
WorkloadPilot    7: 269952 op, 255045087.00 ns, 944.7794 ns/op

OverheadWarmup   1: 269952 op, 1198626.00 ns, 4.4401 ns/op
OverheadWarmup   2: 269952 op, 1379759.00 ns, 5.1111 ns/op
OverheadWarmup   3: 269952 op, 1380470.00 ns, 5.1138 ns/op
OverheadWarmup   4: 269952 op, 1371647.00 ns, 5.0811 ns/op
OverheadWarmup   5: 269952 op, 1280679.00 ns, 4.7441 ns/op
OverheadWarmup   6: 269952 op, 1294711.00 ns, 4.7961 ns/op
OverheadWarmup   7: 269952 op, 1286989.00 ns, 4.7675 ns/op

OverheadActual   1: 269952 op, 1194449.00 ns, 4.4247 ns/op
OverheadActual   2: 269952 op, 1196142.00 ns, 4.4309 ns/op
OverheadActual   3: 269952 op, 1280960.00 ns, 4.7451 ns/op
OverheadActual   4: 269952 op, 1273238.00 ns, 4.7165 ns/op
OverheadActual   5: 269952 op, 1183924.00 ns, 4.3857 ns/op
OverheadActual   6: 269952 op, 1195071.00 ns, 4.4270 ns/op
OverheadActual   7: 269952 op, 1376865.00 ns, 5.1004 ns/op
OverheadActual   8: 269952 op, 1284836.00 ns, 4.7595 ns/op
OverheadActual   9: 269952 op, 1296904.00 ns, 4.8042 ns/op
OverheadActual  10: 269952 op, 1284145.00 ns, 4.7569 ns/op
OverheadActual  11: 269952 op, 1171715.00 ns, 4.3405 ns/op
OverheadActual  12: 269952 op, 1271937.00 ns, 4.7117 ns/op

WorkloadWarmup   1: 269952 op, 277934615.00 ns, 1.0296 us/op
WorkloadWarmup   2: 269952 op, 246382554.00 ns, 912.6902 ns/op
WorkloadWarmup   3: 269952 op, 238107516.00 ns, 882.0365 ns/op
WorkloadWarmup   4: 269952 op, 245571568.00 ns, 909.6860 ns/op
WorkloadWarmup   5: 269952 op, 240714705.00 ns, 891.6945 ns/op

// BeforeActualRun
WorkloadActual   1: 269952 op, 249316666.00 ns, 923.5592 ns/op
WorkloadActual   2: 269952 op, 252949449.00 ns, 937.0164 ns/op
WorkloadActual   3: 269952 op, 253272756.00 ns, 938.2140 ns/op
WorkloadActual   4: 269952 op, 249361103.00 ns, 923.7239 ns/op
WorkloadActual   5: 269952 op, 245661528.00 ns, 910.0193 ns/op
WorkloadActual   6: 269952 op, 250084051.00 ns, 926.4019 ns/op
WorkloadActual   7: 269952 op, 250849575.00 ns, 929.2377 ns/op
WorkloadActual   8: 269952 op, 252594124.00 ns, 935.7001 ns/op

// AfterActualRun
WorkloadResult   1: 269952 op, 248044078.50 ns, 918.8451 ns/op
WorkloadResult   2: 269952 op, 251676861.50 ns, 932.3023 ns/op
WorkloadResult   3: 269952 op, 252000168.50 ns, 933.4999 ns/op
WorkloadResult   4: 269952 op, 248088515.50 ns, 919.0097 ns/op
WorkloadResult   5: 269952 op, 244388940.50 ns, 905.3052 ns/op
WorkloadResult   6: 269952 op, 248811463.50 ns, 921.6878 ns/op
WorkloadResult   7: 269952 op, 249576987.50 ns, 924.5236 ns/op
WorkloadResult   8: 269952 op, 251321536.50 ns, 930.9860 ns/op
// GC:  64 0 0 1086286848 269952
// Threading:  0 0 269952

// AfterAll
// Benchmark Process 4388 has exited with code 0.

Mean = 923.270 ns, StdErr = 3.301 ns (0.36%), N = 8, StdDev = 9.337 ns
Min = 905.305 ns, Q1 = 918.969 ns, Median = 923.106 ns, Q3 = 931.315 ns, Max = 933.500 ns
IQR = 12.346 ns, LowerFence = 900.449 ns, UpperFence = 949.835 ns
ConfidenceInterval = [905.417 ns; 941.123 ns] (CI 99.9%), Margin = 17.853 ns (1.93% of Mean)
Skewness = -0.57, Kurtosis = 2.07, MValue = 2

// ** Remained 20 (21.3 %) benchmark(s) to run. Estimated finish 2026-08-11 9:36 (0h 1m from now) **
// **************************
// Benchmark: PagedSlice.LinqAF: Quick(MaxRelativeError=0.05, Arguments=/p:MatrixMode=Benchmark, IterationTime=250ms, MaxIterationCount=12, MaxWarmupIterationCount=5, MinIterationCount=8, MinWarmupIterationCount=3)
// *** Execute ***
// Launch: 1 / 1
// Execute: dotnet Matrix.LinqQueries-Quick-1.dll --anonymousPipes 129 130 --benchmarkName Matrix.LinqQueries.Benchmarks.PagedSlice.LinqAF --job Quick --benchmarkId 74 in /home/runner/work/dotnet-matrix/dotnet-matrix/src/Matrix.LinqQueries/bin/Benchmark/Release/net10.0/Matrix.LinqQueries-Quick-1/bin/Release/net10.0
// Failed to set up high priority (Permission denied). In order to run benchmarks with high priority, make sure you have the right permissions.
// BeforeAnythingElse

// Benchmark Process Environment Information:
// BenchmarkDotNet v0.15.8
// Runtime=.NET 10.0.10 (10.0.10, 10.0.1026.32716), X64 RyuJIT x86-64-v3
// GC=Concurrent Workstation
// HardwareIntrinsics=AVX2+BMI1+BMI2+F16C+FMA+LZCNT+MOVBE,AVX,SSE3+SSSE3+SSE4.1+SSE4.2+POPCNT,X86Base+SSE+SSE2,AES+PCLMUL VectorSize=256
// Job: Quick(MaxRelativeError=0.05, IterationTime=250ms, MaxIterationCount=12, MaxWarmupIterationCount=5, MinIterationCount=8, MinWarmupIterationCount=3)

OverheadJitting  1: 1 op, 244719.00 ns, 244.7190 us/op
WorkloadJitting  1: 1 op, 118618438.00 ns, 118.6184 ms/op

WorkloadPilot    1: 4 op, 639674.00 ns, 159.9185 us/op
WorkloadPilot    2: 1563 op, 75809245.00 ns, 48.5024 us/op
WorkloadPilot    3: 5154 op, 111904982.00 ns, 21.7123 us/op
WorkloadPilot    4: 11514 op, 36893970.00 ns, 3.2043 us/op
WorkloadPilot    5: 78021 op, 207134859.00 ns, 2.6549 us/op
WorkloadPilot    6: 94167 op, 250325445.00 ns, 2.6583 us/op
WorkloadPilot    7: 94045 op, 249160050.00 ns, 2.6494 us/op
WorkloadPilot    8: 94362 op, 249567764.00 ns, 2.6448 us/op
WorkloadPilot    9: 94525 op, 249278337.00 ns, 2.6372 us/op
WorkloadPilot   10: 94799 op, 254116398.00 ns, 2.6806 us/op
WorkloadPilot   11: 93263 op, 251138962.00 ns, 2.6928 us/op

WorkloadWarmup   1: 93263 op, 248401853.00 ns, 2.6635 us/op
WorkloadWarmup   2: 93263 op, 252466607.00 ns, 2.7070 us/op
WorkloadWarmup   3: 93263 op, 247226412.00 ns, 2.6509 us/op
WorkloadWarmup   4: 93263 op, 246638706.00 ns, 2.6446 us/op
WorkloadWarmup   5: 93263 op, 249705738.00 ns, 2.6774 us/op

// BeforeActualRun
WorkloadActual   1: 93263 op, 245236242.00 ns, 2.6295 us/op
WorkloadActual   2: 93263 op, 250392102.00 ns, 2.6848 us/op
WorkloadActual   3: 93263 op, 247752294.00 ns, 2.6565 us/op
WorkloadActual   4: 93263 op, 244133392.00 ns, 2.6177 us/op
WorkloadActual   5: 93263 op, 246683444.00 ns, 2.6450 us/op
WorkloadActual   6: 93263 op, 250042264.00 ns, 2.6810 us/op
WorkloadActual   7: 93263 op, 246282639.00 ns, 2.6407 us/op
WorkloadActual   8: 93263 op, 246248898.00 ns, 2.6404 us/op

// AfterActualRun
WorkloadResult   1: 93263 op, 245236242.00 ns, 2.6295 us/op
WorkloadResult   2: 93263 op, 250392102.00 ns, 2.6848 us/op
WorkloadResult   3: 93263 op, 247752294.00 ns, 2.6565 us/op
WorkloadResult   4: 93263 op, 244133392.00 ns, 2.6177 us/op
WorkloadResult   5: 93263 op, 246683444.00 ns, 2.6450 us/op
WorkloadResult   6: 93263 op, 250042264.00 ns, 2.6810 us/op
WorkloadResult   7: 93263 op, 246282639.00 ns, 2.6407 us/op
WorkloadResult   8: 93263 op, 246248898.00 ns, 2.6404 us/op
// GC:  22 0 0 375290312 93263
// Threading:  0 0 93263

// AfterAll
// Benchmark Process 4396 has exited with code 0.

Mean = 2.649 μs, StdErr = 0.008 μs (0.31%), N = 8, StdDev = 0.024 μs
Min = 2.618 μs, Q1 = 2.638 μs, Median = 2.643 μs, Q3 = 2.663 μs, Max = 2.685 μs
IQR = 0.025 μs, LowerFence = 2.600 μs, UpperFence = 2.700 μs
ConfidenceInterval = [2.604 μs; 2.694 μs] (CI 99.9%), Margin = 0.045 μs (1.70% of Mean)
Skewness = 0.33, Kurtosis = 1.52, MValue = 2

// ** Remained 19 (20.2 %) benchmark(s) to run. Estimated finish 2026-08-11 9:36 (0h 1m from now) **
// **************************
// Benchmark: PagedSlice.StructLinq: Quick(MaxRelativeError=0.05, Arguments=/p:MatrixMode=Benchmark, IterationTime=250ms, MaxIterationCount=12, MaxWarmupIterationCount=5, MinIterationCount=8, MinWarmupIterationCount=3)
// *** Execute ***
// Launch: 1 / 1
// Execute: dotnet Matrix.LinqQueries-Quick-1.dll --anonymousPipes 129 130 --benchmarkName Matrix.LinqQueries.Benchmarks.PagedSlice.StructLinq --job Quick --benchmarkId 75 in /home/runner/work/dotnet-matrix/dotnet-matrix/src/Matrix.LinqQueries/bin/Benchmark/Release/net10.0/Matrix.LinqQueries-Quick-1/bin/Release/net10.0
// Failed to set up high priority (Permission denied). In order to run benchmarks with high priority, make sure you have the right permissions.
// BeforeAnythingElse

// Benchmark Process Environment Information:
// BenchmarkDotNet v0.15.8
// Runtime=.NET 10.0.10 (10.0.10, 10.0.1026.32716), X64 RyuJIT x86-64-v3
// GC=Concurrent Workstation
// HardwareIntrinsics=AVX2+BMI1+BMI2+F16C+FMA+LZCNT+MOVBE,AVX,SSE3+SSSE3+SSE4.1+SSE4.2+POPCNT,X86Base+SSE+SSE2,AES+PCLMUL VectorSize=256
// Job: Quick(MaxRelativeError=0.05, IterationTime=250ms, MaxIterationCount=12, MaxWarmupIterationCount=5, MinIterationCount=8, MinWarmupIterationCount=3)

OverheadJitting  1: 1 op, 271789.00 ns, 271.7890 us/op
WorkloadJitting  1: 1 op, 3428205.00 ns, 3.4282 ms/op

OverheadJitting  2: 16 op, 526042.00 ns, 32.8776 us/op
WorkloadJitting  2: 16 op, 1148130.00 ns, 71.7581 us/op

WorkloadPilot    1: 16 op, 284078.00 ns, 17.7549 us/op
WorkloadPilot    2: 14096 op, 134028960.00 ns, 9.5083 us/op
WorkloadPilot    3: 26304 op, 160328236.00 ns, 6.0952 us/op
WorkloadPilot    4: 41024 op, 40238970.00 ns, 980.8641 ns/op
WorkloadPilot    5: 254880 op, 232625251.00 ns, 912.6854 ns/op
WorkloadPilot    6: 273920 op, 255555041.00 ns, 932.9550 ns/op
WorkloadPilot    7: 267968 op, 252937006.00 ns, 943.9075 ns/op
WorkloadPilot    8: 264864 op, 245716846.00 ns, 927.7095 ns/op
WorkloadPilot    9: 269488 op, 247785925.00 ns, 919.4692 ns/op
WorkloadPilot   10: 271904 op, 246806349.00 ns, 907.6966 ns/op
WorkloadPilot   11: 275424 op, 253573746.00 ns, 920.6668 ns/op

OverheadWarmup   1: 275424 op, 1220599.00 ns, 4.4317 ns/op
OverheadWarmup   2: 275424 op, 1215221.00 ns, 4.4122 ns/op
OverheadWarmup   3: 275424 op, 1320059.00 ns, 4.7928 ns/op
OverheadWarmup   4: 275424 op, 1210674.00 ns, 4.3957 ns/op
OverheadWarmup   5: 275424 op, 1212757.00 ns, 4.4032 ns/op
OverheadWarmup   6: 275424 op, 1218616.00 ns, 4.4245 ns/op
OverheadWarmup   7: 275424 op, 1224495.00 ns, 4.4459 ns/op
OverheadWarmup   8: 275424 op, 1312318.00 ns, 4.7647 ns/op
OverheadWarmup   9: 275424 op, 1218035.00 ns, 4.4224 ns/op

OverheadActual   1: 275424 op, 1212427.00 ns, 4.4020 ns/op
OverheadActual   2: 275424 op, 1190704.00 ns, 4.3232 ns/op
OverheadActual   3: 275424 op, 1197724.00 ns, 4.3487 ns/op
OverheadActual   4: 275424 op, 1201611.00 ns, 4.3628 ns/op
OverheadActual   5: 275424 op, 1219047.00 ns, 4.4261 ns/op
OverheadActual   6: 275424 op, 1228210.00 ns, 4.4593 ns/op
OverheadActual   7: 275424 op, 1217635.00 ns, 4.4209 ns/op
OverheadActual   8: 275424 op, 1312467.00 ns, 4.7653 ns/op

WorkloadWarmup   1: 275424 op, 261818979.00 ns, 950.6034 ns/op
WorkloadWarmup   2: 275424 op, 252482862.00 ns, 916.7061 ns/op
WorkloadWarmup   3: 275424 op, 253657651.00 ns, 920.9715 ns/op
WorkloadWarmup   4: 275424 op, 254501824.00 ns, 924.0365 ns/op
WorkloadWarmup   5: 275424 op, 254118506.00 ns, 922.6447 ns/op

// BeforeActualRun
WorkloadActual   1: 275424 op, 254551198.00 ns, 924.2157 ns/op
WorkloadActual   2: 275424 op, 276122661.00 ns, 1.0025 us/op
WorkloadActual   3: 275424 op, 275370889.00 ns, 999.8072 ns/op
WorkloadActual   4: 275424 op, 253772308.00 ns, 921.3878 ns/op
WorkloadActual   5: 275424 op, 252318062.00 ns, 916.1078 ns/op
WorkloadActual   6: 275424 op, 252855471.00 ns, 918.0590 ns/op
WorkloadActual   7: 275424 op, 253332371.00 ns, 919.7905 ns/op
WorkloadActual   8: 275424 op, 255111291.00 ns, 926.2493 ns/op
WorkloadActual   9: 275424 op, 253705222.00 ns, 921.1442 ns/op

// AfterActualRun
WorkloadResult   1: 275424 op, 253336167.00 ns, 919.8043 ns/op
WorkloadResult   2: 275424 op, 252557277.00 ns, 916.9763 ns/op
WorkloadResult   3: 275424 op, 251103031.00 ns, 911.6963 ns/op
WorkloadResult   4: 275424 op, 251640440.00 ns, 913.6475 ns/op
WorkloadResult   5: 275424 op, 252117340.00 ns, 915.3790 ns/op
WorkloadResult   6: 275424 op, 253896260.00 ns, 921.8378 ns/op
WorkloadResult   7: 275424 op, 252490191.00 ns, 916.7327 ns/op
// GC:  67 0 0 1125933312 275424
// Threading:  0 0 275424

// AfterAll
// Benchmark Process 4404 has exited with code 0.

Mean = 916.582 ns, StdErr = 1.310 ns (0.14%), N = 7, StdDev = 3.467 ns
Min = 911.696 ns, Q1 = 914.513 ns, Median = 916.733 ns, Q3 = 918.390 ns, Max = 921.838 ns
IQR = 3.877 ns, LowerFence = 908.698 ns, UpperFence = 924.206 ns
ConfidenceInterval = [908.774 ns; 924.390 ns] (CI 99.9%), Margin = 7.808 ns (0.85% of Mean)
Skewness = 0.12, Kurtosis = 1.5, MValue = 2

// ** Remained 18 (19.1 %) benchmark(s) to run. Estimated finish 2026-08-11 9:36 (0h 1m from now) **
// **************************
// Benchmark: PagedSlice.SystemLinq: Quick(MaxRelativeError=0.05, Arguments=/p:MatrixMode=Benchmark, IterationTime=250ms, MaxIterationCount=12, MaxWarmupIterationCount=5, MinIterationCount=8, MinWarmupIterationCount=3)
// *** Execute ***
// Launch: 1 / 1
// Execute: dotnet Matrix.LinqQueries-Quick-1.dll --anonymousPipes 129 130 --benchmarkName Matrix.LinqQueries.Benchmarks.PagedSlice.SystemLinq --job Quick --benchmarkId 76 in /home/runner/work/dotnet-matrix/dotnet-matrix/src/Matrix.LinqQueries/bin/Benchmark/Release/net10.0/Matrix.LinqQueries-Quick-1/bin/Release/net10.0
// Failed to set up high priority (Permission denied). In order to run benchmarks with high priority, make sure you have the right permissions.
// BeforeAnythingElse

// Benchmark Process Environment Information:
// BenchmarkDotNet v0.15.8
// Runtime=.NET 10.0.10 (10.0.10, 10.0.1026.32716), X64 RyuJIT x86-64-v3
// GC=Concurrent Workstation
// HardwareIntrinsics=AVX2+BMI1+BMI2+F16C+FMA+LZCNT+MOVBE,AVX,SSE3+SSSE3+SSE4.1+SSE4.2+POPCNT,X86Base+SSE+SSE2,AES+PCLMUL VectorSize=256
// Job: Quick(MaxRelativeError=0.05, IterationTime=250ms, MaxIterationCount=12, MaxWarmupIterationCount=5, MinIterationCount=8, MinWarmupIterationCount=3)

OverheadJitting  1: 1 op, 242275.00 ns, 242.2750 us/op
WorkloadJitting  1: 1 op, 1850148.00 ns, 1.8501 ms/op

OverheadJitting  2: 16 op, 521326.00 ns, 32.5829 us/op
WorkloadJitting  2: 16 op, 595888.00 ns, 37.2430 us/op

WorkloadPilot    1: 16 op, 79380.00 ns, 4.9613 us/op
WorkloadPilot    2: 50400 op, 28985227.00 ns, 575.1037 ns/op
WorkloadPilot    3: 434704 op, 164613242.00 ns, 378.6789 ns/op
WorkloadPilot    4: 660192 op, 151120239.00 ns, 228.9035 ns/op
WorkloadPilot    5: 1092176 op, 246235045.00 ns, 225.4536 ns/op
WorkloadPilot    6: 1108880 op, 251029150.00 ns, 226.3808 ns/op
WorkloadPilot    7: 1104336 op, 254877087.00 ns, 230.7967 ns/op
WorkloadPilot    8: 1083216 op, 249021955.00 ns, 229.8913 ns/op
WorkloadPilot    9: 1087472 op, 255229649.00 ns, 234.7000 ns/op

OverheadWarmup   1: 1087472 op, 4776678.00 ns, 4.3925 ns/op
OverheadWarmup   2: 1087472 op, 5179055.00 ns, 4.7625 ns/op
OverheadWarmup   3: 1087472 op, 4781345.00 ns, 4.3968 ns/op
OverheadWarmup   4: 1087472 op, 5156621.00 ns, 4.7418 ns/op
OverheadWarmup   5: 1087472 op, 5154257.00 ns, 4.7397 ns/op

OverheadActual   1: 1087472 op, 4775827.00 ns, 4.3917 ns/op
OverheadActual   2: 1087472 op, 5058632.00 ns, 4.6517 ns/op
OverheadActual   3: 1087472 op, 5152614.00 ns, 4.7382 ns/op
OverheadActual   4: 1087472 op, 4802656.00 ns, 4.4163 ns/op
OverheadActual   5: 1087472 op, 4774895.00 ns, 4.3908 ns/op
OverheadActual   6: 1087472 op, 4792792.00 ns, 4.4073 ns/op
OverheadActual   7: 1087472 op, 4777909.00 ns, 4.3936 ns/op
OverheadActual   8: 1087472 op, 4763748.00 ns, 4.3806 ns/op
OverheadActual   9: 1087472 op, 4782426.00 ns, 4.3977 ns/op

WorkloadWarmup   1: 1087472 op, 269489027.00 ns, 247.8124 ns/op
WorkloadWarmup   2: 1087472 op, 246435608.00 ns, 226.6133 ns/op
WorkloadWarmup   3: 1087472 op, 244972342.00 ns, 225.2677 ns/op
WorkloadWarmup   4: 1087472 op, 243035515.00 ns, 223.4867 ns/op
WorkloadWarmup   5: 1087472 op, 244702746.00 ns, 225.0198 ns/op

// BeforeActualRun
WorkloadActual   1: 1087472 op, 255645846.00 ns, 235.0827 ns/op
WorkloadActual   2: 1087472 op, 256838744.00 ns, 236.1796 ns/op
WorkloadActual   3: 1087472 op, 247841336.00 ns, 227.9059 ns/op
WorkloadActual   4: 1087472 op, 253682518.00 ns, 233.2773 ns/op
WorkloadActual   5: 1087472 op, 268656472.00 ns, 247.0468 ns/op
WorkloadActual   6: 1087472 op, 251386438.00 ns, 231.1659 ns/op
WorkloadActual   7: 1087472 op, 256888760.00 ns, 236.2256 ns/op
WorkloadActual   8: 1087472 op, 252436661.00 ns, 232.1316 ns/op

// AfterActualRun
WorkloadResult   1: 1087472 op, 250863420.00 ns, 230.6849 ns/op
WorkloadResult   2: 1087472 op, 252056318.00 ns, 231.7819 ns/op
WorkloadResult   3: 1087472 op, 243058910.00 ns, 223.5082 ns/op
WorkloadResult   4: 1087472 op, 248900092.00 ns, 228.8795 ns/op
WorkloadResult   5: 1087472 op, 246604012.00 ns, 226.7681 ns/op
WorkloadResult   6: 1087472 op, 252106334.00 ns, 231.8279 ns/op
WorkloadResult   7: 1087472 op, 247654235.00 ns, 227.7339 ns/op
// GC:  267 0 0 4480384640 1087472
// Threading:  0 0 1087472

// AfterAll
// Benchmark Process 4414 has exited with code 0.

Mean = 228.741 ns, StdErr = 1.143 ns (0.50%), N = 7, StdDev = 3.024 ns
Min = 223.508 ns, Q1 = 227.251 ns, Median = 228.880 ns, Q3 = 231.233 ns, Max = 231.828 ns
IQR = 3.982 ns, LowerFence = 221.277 ns, UpperFence = 237.207 ns
ConfidenceInterval = [221.930 ns; 235.551 ns] (CI 99.9%), Margin = 6.810 ns (2.98% of Mean)
Skewness = -0.45, Kurtosis = 1.63, MValue = 2

// ** Remained 17 (18.1 %) benchmark(s) to run. Estimated finish 2026-08-11 9:36 (0h 1m from now) **
// **************************
// Benchmark: PagedSlice.ZLinq: Quick(MaxRelativeError=0.05, Arguments=/p:MatrixMode=Benchmark, IterationTime=250ms, MaxIterationCount=12, MaxWarmupIterationCount=5, MinIterationCount=8, MinWarmupIterationCount=3)
// *** Execute ***
// Launch: 1 / 1
// Execute: dotnet Matrix.LinqQueries-Quick-1.dll --anonymousPipes 129 130 --benchmarkName Matrix.LinqQueries.Benchmarks.PagedSlice.ZLinq --job Quick --benchmarkId 77 in /home/runner/work/dotnet-matrix/dotnet-matrix/src/Matrix.LinqQueries/bin/Benchmark/Release/net10.0/Matrix.LinqQueries-Quick-1/bin/Release/net10.0
// Failed to set up high priority (Permission denied). In order to run benchmarks with high priority, make sure you have the right permissions.
// BeforeAnythingElse

// Benchmark Process Environment Information:
// BenchmarkDotNet v0.15.8
// Runtime=.NET 10.0.10 (10.0.10, 10.0.1026.32716), X64 RyuJIT x86-64-v3
// GC=Concurrent Workstation
// HardwareIntrinsics=AVX2+BMI1+BMI2+F16C+FMA+LZCNT+MOVBE,AVX,SSE3+SSSE3+SSE4.1+SSE4.2+POPCNT,X86Base+SSE+SSE2,AES+PCLMUL VectorSize=256
// Job: Quick(MaxRelativeError=0.05, IterationTime=250ms, MaxIterationCount=12, MaxWarmupIterationCount=5, MinIterationCount=8, MinWarmupIterationCount=3)

OverheadJitting  1: 1 op, 256336.00 ns, 256.3360 us/op
WorkloadJitting  1: 1 op, 3174644.00 ns, 3.1746 ms/op

OverheadJitting  2: 16 op, 498712.00 ns, 31.1695 us/op
WorkloadJitting  2: 16 op, 559653.00 ns, 34.9783 us/op

WorkloadPilot    1: 16 op, 67762.00 ns, 4.2351 us/op
WorkloadPilot    2: 59040 op, 39713734.00 ns, 672.6581 ns/op
WorkloadPilot    3: 371664 op, 195353403.00 ns, 525.6183 ns/op
WorkloadPilot    4: 475632 op, 147086110.00 ns, 309.2435 ns/op
WorkloadPilot    5: 808432 op, 212566341.00 ns, 262.9366 ns/op
WorkloadPilot    6: 950800 op, 265165234.00 ns, 278.8864 ns/op
WorkloadPilot    7: 896432 op, 297796133.00 ns, 332.2016 ns/op
WorkloadPilot    8: 752560 op, 195497008.00 ns, 259.7760 ns/op
WorkloadPilot    9: 962368 op, 247098311.00 ns, 256.7607 ns/op
WorkloadPilot   10: 973680 op, 237819620.00 ns, 244.2482 ns/op
WorkloadPilot   11: 1023552 op, 265599959.00 ns, 259.4885 ns/op

OverheadWarmup   1: 1023552 op, 4527432.00 ns, 4.4233 ns/op
OverheadWarmup   2: 1023552 op, 5249590.00 ns, 5.1288 ns/op
OverheadWarmup   3: 1023552 op, 4506961.00 ns, 4.4033 ns/op
OverheadWarmup   4: 1023552 op, 4880204.00 ns, 4.7679 ns/op
OverheadWarmup   5: 1023552 op, 4490396.00 ns, 4.3871 ns/op

OverheadActual   1: 1023552 op, 4496646.00 ns, 4.3932 ns/op
OverheadActual   2: 1023552 op, 4509675.00 ns, 4.4059 ns/op
OverheadActual   3: 1023552 op, 4502043.00 ns, 4.3985 ns/op
OverheadActual   4: 1023552 op, 4523245.00 ns, 4.4192 ns/op
OverheadActual   5: 1023552 op, 4507732.00 ns, 4.4040 ns/op
OverheadActual   6: 1023552 op, 4508964.00 ns, 4.4052 ns/op
OverheadActual   7: 1023552 op, 5230692.00 ns, 5.1103 ns/op
OverheadActual   8: 1023552 op, 4504317.00 ns, 4.4007 ns/op

WorkloadWarmup   1: 1023552 op, 264916920.00 ns, 258.8212 ns/op
WorkloadWarmup   2: 1023552 op, 255605219.00 ns, 249.7237 ns/op
WorkloadWarmup   3: 1023552 op, 244143217.00 ns, 238.5255 ns/op
WorkloadWarmup   4: 1023552 op, 272914210.00 ns, 266.6344 ns/op
WorkloadWarmup   5: 1023552 op, 277190454.00 ns, 270.8123 ns/op

// BeforeActualRun
WorkloadActual   1: 1023552 op, 258039517.00 ns, 252.1020 ns/op
WorkloadActual   2: 1023552 op, 288273574.00 ns, 281.6404 ns/op
WorkloadActual   3: 1023552 op, 263482348.00 ns, 257.4196 ns/op
WorkloadActual   4: 1023552 op, 257552904.00 ns, 251.6266 ns/op
WorkloadActual   5: 1023552 op, 289155332.00 ns, 282.5018 ns/op
WorkloadActual   6: 1023552 op, 286279930.00 ns, 279.6926 ns/op
WorkloadActual   7: 1023552 op, 263297980.00 ns, 257.2395 ns/op
WorkloadActual   8: 1023552 op, 256118112.00 ns, 250.2248 ns/op
WorkloadActual   9: 1023552 op, 251176456.00 ns, 245.3969 ns/op
WorkloadActual  10: 1023552 op, 280733783.00 ns, 274.2741 ns/op
WorkloadActual  11: 1023552 op, 289047800.00 ns, 282.3968 ns/op
WorkloadActual  12: 1023552 op, 273227423.00 ns, 266.9404 ns/op

// AfterActualRun
WorkloadResult   1: 1023552 op, 253531169.00 ns, 247.6974 ns/op
WorkloadResult   2: 1023552 op, 283765226.00 ns, 277.2358 ns/op
WorkloadResult   3: 1023552 op, 258974000.00 ns, 253.0150 ns/op
WorkloadResult   4: 1023552 op, 253044556.00 ns, 247.2220 ns/op
WorkloadResult   5: 1023552 op, 284646984.00 ns, 278.0972 ns/op
WorkloadResult   6: 1023552 op, 281771582.00 ns, 275.2880 ns/op
WorkloadResult   7: 1023552 op, 258789632.00 ns, 252.8349 ns/op
WorkloadResult   8: 1023552 op, 251609764.00 ns, 245.8202 ns/op
WorkloadResult   9: 1023552 op, 246668108.00 ns, 240.9923 ns/op
WorkloadResult  10: 1023552 op, 276225435.00 ns, 269.8695 ns/op
WorkloadResult  11: 1023552 op, 284539452.00 ns, 277.9922 ns/op
WorkloadResult  12: 1023552 op, 268719075.00 ns, 262.5358 ns/op
// GC:  245 0 0 4118773248 1023552
// Threading:  0 0 1023552

// AfterAll
// Benchmark Process 4422 has exited with code 0.

Mean = 260.717 ns, StdErr = 4.135 ns (1.59%), N = 12, StdDev = 14.324 ns
Min = 240.992 ns, Q1 = 247.579 ns, Median = 257.775 ns, Q3 = 275.775 ns, Max = 278.097 ns
IQR = 28.196 ns, LowerFence = 205.284 ns, UpperFence = 318.070 ns
ConfidenceInterval = [242.370 ns; 279.063 ns] (CI 99.9%), Margin = 18.346 ns (7.04% of Mean)
Skewness = 0.06, Kurtosis = 1.14, MValue = 4

// ** Remained 16 (17.0 %) benchmark(s) to run. Estimated finish 2026-08-11 9:36 (0h 1m from now) **
// ***** BenchmarkRunner: Finish  *****

// * Export *
  tmp/dotnet-matrix/LinqQueries/4112bfa66d854e1a9cc414e42f130abf/results/Matrix.LinqQueries.Benchmarks.PagedSlice-report.csv
  tmp/dotnet-matrix/LinqQueries/4112bfa66d854e1a9cc414e42f130abf/results/Matrix.LinqQueries.Benchmarks.PagedSlice-report-github.md
  tmp/dotnet-matrix/LinqQueries/4112bfa66d854e1a9cc414e42f130abf/results/Matrix.LinqQueries.Benchmarks.PagedSlice-report.html
  tmp/dotnet-matrix/LinqQueries/4112bfa66d854e1a9cc414e42f130abf/results/Matrix.LinqQueries.Benchmarks.PagedSlice-report-full.json

// * Detailed results *
PagedSlice.SystemLinq: Quick(MaxRelativeError=0.05, Arguments=/p:MatrixMode=Benchmark, IterationTime=250ms, MaxIterationCount=12, MaxWarmupIterationCount=5, MinIterationCount=8, MinWarmupIterationCount=3)
Runtime = .NET 10.0.10 (10.0.10, 10.0.1026.32716), X64 RyuJIT x86-64-v3; GC = Concurrent Workstation
Mean = 228.741 ns, StdErr = 1.143 ns (0.50%), N = 7, StdDev = 3.024 ns
Min = 223.508 ns, Q1 = 227.251 ns, Median = 228.880 ns, Q3 = 231.233 ns, Max = 231.828 ns
IQR = 3.982 ns, LowerFence = 221.277 ns, UpperFence = 237.207 ns
ConfidenceInterval = [221.930 ns; 235.551 ns] (CI 99.9%), Margin = 6.810 ns (2.98% of Mean)
Skewness = -0.45, Kurtosis = 1.63, MValue = 2
-------------------- Histogram --------------------
[222.887 ns ; 232.079 ns) | @@@@@@@
---------------------------------------------------

PagedSlice.ZLinq: Quick(MaxRelativeError=0.05, Arguments=/p:MatrixMode=Benchmark, IterationTime=250ms, MaxIterationCount=12, MaxWarmupIterationCount=5, MinIterationCount=8, MinWarmupIterationCount=3)
Runtime = .NET 10.0.10 (10.0.10, 10.0.1026.32716), X64 RyuJIT x86-64-v3; GC = Concurrent Workstation
Mean = 260.717 ns, StdErr = 4.135 ns (1.59%), N = 12, StdDev = 14.324 ns
Min = 240.992 ns, Q1 = 247.579 ns, Median = 257.775 ns, Q3 = 275.775 ns, Max = 278.097 ns
IQR = 28.196 ns, LowerFence = 205.284 ns, UpperFence = 318.070 ns
ConfidenceInterval = [242.370 ns; 279.063 ns] (CI 99.9%), Margin = 18.346 ns (7.04% of Mean)
Skewness = 0.06, Kurtosis = 1.14, MValue = 4
-------------------- Histogram --------------------
[238.792 ns ; 255.215 ns) | @@@@@@
[255.215 ns ; 262.105 ns) | 
[262.105 ns ; 278.528 ns) | @@@@@@
---------------------------------------------------

PagedSlice.HandCoded: Quick(MaxRelativeError=0.05, Arguments=/p:MatrixMode=Benchmark, IterationTime=250ms, MaxIterationCount=12, MaxWarmupIterationCount=5, MinIterationCount=8, MinWarmupIterationCount=3)
Runtime = .NET 10.0.10 (10.0.10, 10.0.1026.32716), X64 RyuJIT x86-64-v3; GC = Concurrent Workstation
Mean = 889.612 ns, StdErr = 2.996 ns (0.34%), N = 7, StdDev = 7.926 ns
Min = 879.141 ns, Q1 = 884.644 ns, Median = 886.626 ns, Q3 = 896.052 ns, Max = 900.125 ns
IQR = 11.408 ns, LowerFence = 867.532 ns, UpperFence = 913.164 ns
ConfidenceInterval = [871.760 ns; 907.464 ns] (CI 99.9%), Margin = 17.852 ns (2.01% of Mean)
Skewness = 0.13, Kurtosis = 1.18, MValue = 2
-------------------- Histogram --------------------
[873.703 ns ; 905.564 ns) | @@@@@@@
---------------------------------------------------

PagedSlice.StructLinq: Quick(MaxRelativeError=0.05, Arguments=/p:MatrixMode=Benchmark, IterationTime=250ms, MaxIterationCount=12, MaxWarmupIterationCount=5, MinIterationCount=8, MinWarmupIterationCount=3)
Runtime = .NET 10.0.10 (10.0.10, 10.0.1026.32716), X64 RyuJIT x86-64-v3; GC = Concurrent Workstation
Mean = 916.582 ns, StdErr = 1.310 ns (0.14%), N = 7, StdDev = 3.467 ns
Min = 911.696 ns, Q1 = 914.513 ns, Median = 916.733 ns, Q3 = 918.390 ns, Max = 921.838 ns
IQR = 3.877 ns, LowerFence = 908.698 ns, UpperFence = 924.206 ns
ConfidenceInterval = [908.774 ns; 924.390 ns] (CI 99.9%), Margin = 7.808 ns (0.85% of Mean)
Skewness = 0.12, Kurtosis = 1.5, MValue = 2
-------------------- Histogram --------------------
[909.317 ns ; 924.217 ns) | @@@@@@@
---------------------------------------------------

PagedSlice.Hyperlinq: Quick(MaxRelativeError=0.05, Arguments=/p:MatrixMode=Benchmark, IterationTime=250ms, MaxIterationCount=12, MaxWarmupIterationCount=5, MinIterationCount=8, MinWarmupIterationCount=3)
Runtime = .NET 10.0.10 (10.0.10, 10.0.1026.32716), X64 RyuJIT x86-64-v3; GC = Concurrent Workstation
Mean = 923.270 ns, StdErr = 3.301 ns (0.36%), N = 8, StdDev = 9.337 ns
Min = 905.305 ns, Q1 = 918.969 ns, Median = 923.106 ns, Q3 = 931.315 ns, Max = 933.500 ns
IQR = 12.346 ns, LowerFence = 900.449 ns, UpperFence = 949.835 ns
ConfidenceInterval = [905.417 ns; 941.123 ns] (CI 99.9%), Margin = 17.853 ns (1.93% of Mean)
Skewness = -0.57, Kurtosis = 2.07, MValue = 2
-------------------- Histogram --------------------
[899.177 ns ; 936.870 ns) | @@@@@@@@
---------------------------------------------------

PagedSlice.LinqAF: Quick(MaxRelativeError=0.05, Arguments=/p:MatrixMode=Benchmark, IterationTime=250ms, MaxIterationCount=12, MaxWarmupIterationCount=5, MinIterationCount=8, MinWarmupIterationCount=3)
Runtime = .NET 10.0.10 (10.0.10, 10.0.1026.32716), X64 RyuJIT x86-64-v3; GC = Concurrent Workstation
Mean = 2.649 μs, StdErr = 0.008 μs (0.31%), N = 8, StdDev = 0.024 μs
Min = 2.618 μs, Q1 = 2.638 μs, Median = 2.643 μs, Q3 = 2.663 μs, Max = 2.685 μs
IQR = 0.025 μs, LowerFence = 2.600 μs, UpperFence = 2.700 μs
ConfidenceInterval = [2.604 μs; 2.694 μs] (CI 99.9%), Margin = 0.045 μs (1.70% of Mean)
Skewness = 0.33, Kurtosis = 1.52, MValue = 2
-------------------- Histogram --------------------
[2.617 μs ; 2.700 μs) | @@@@@@@@
---------------------------------------------------

// * Summary *

BenchmarkDotNet v0.15.8, Linux Ubuntu 24.04.4 LTS (Noble Numbat)
AMD EPYC 9V74 2.60GHz, 1 CPU, 4 logical and 2 physical cores
.NET SDK 10.0.302
  [Host] : .NET 10.0.10 (10.0.10, 10.0.1026.32716), X64 RyuJIT x86-64-v3
  Quick  : .NET 10.0.10 (10.0.10, 10.0.1026.32716), X64 RyuJIT x86-64-v3

Job=Quick  MaxRelativeError=0.05  Arguments=/p:MatrixMode=Benchmark  
IterationTime=250ms  MaxIterationCount=12  MaxWarmupIterationCount=5  
MinIterationCount=8  MinWarmupIterationCount=3  

| Method     | Mean       | Error    | StdDev   | Ratio | RatioSD | Gen0   | Allocated | Alloc Ratio |
|----------- |-----------:|---------:|---------:|------:|--------:|-------:|----------:|------------:|
| SystemLinq |   228.7 ns |  6.81 ns |  3.02 ns |  0.26 |    0.00 | 0.2455 |   4.02 KB |        1.02 |
| ZLinq      |   260.7 ns | 18.35 ns | 14.32 ns |  0.29 |    0.02 | 0.2394 |   3.93 KB |        1.00 |
| HandCoded  |   889.6 ns | 17.85 ns |  7.93 ns |  1.00 |    0.01 | 0.2401 |   3.93 KB |        1.00 |
| StructLinq |   916.6 ns |  7.81 ns |  3.47 ns |  1.03 |    0.01 | 0.2433 |   3.99 KB |        1.02 |
| Hyperlinq  |   923.3 ns | 17.85 ns |  9.34 ns |  1.04 |    0.01 | 0.2371 |   3.93 KB |        1.00 |
| LinqAF     | 2,649.5 ns | 45.02 ns | 23.55 ns |  2.98 |    0.04 | 0.2359 |   3.93 KB |        1.00 |

// * Hints *
Outliers
  PagedSlice.SystemLinq: Quick -> 1 outlier  was  removed (247.05 ns)
  PagedSlice.HandCoded: Quick  -> 1 outlier  was  removed (937.45 ns)
  PagedSlice.StructLinq: Quick -> 2 outliers were removed (999.81 ns, 1.00 μs)

// * Legends *
  Mean        : Arithmetic mean of all measurements
  Error       : Half of 99.9% confidence interval
  StdDev      : Standard deviation of all measurements
  Ratio       : Mean of the ratio distribution ([Current]/[Baseline])
  RatioSD     : Standard deviation of the ratio distribution ([Current]/[Baseline])
  Gen0        : GC Generation 0 collects per 1000 operations
  Allocated   : Allocated memory per single operation (managed only, inclusive, 1KB = 1024B)
  Alloc Ratio : Allocated memory ratio distribution ([Current]/[Baseline])
  1 ns        : 1 Nanosecond (0.000000001 sec)

// * Diagnostic Output - MemoryDiagnoser *


// ***** BenchmarkRunner: End *****
Run time: 00:00:35 (35.25 sec), executed benchmarks: 6

// Found 6 benchmarks:
//   ProjectToArray.HandCoded: Quick(MaxRelativeError=0.05, Arguments=/p:MatrixMode=Benchmark, IterationTime=250ms, MaxIterationCount=12, MaxWarmupIterationCount=5, MinIterationCount=8, MinWarmupIterationCount=3)
//   ProjectToArray.Hyperlinq: Quick(MaxRelativeError=0.05, Arguments=/p:MatrixMode=Benchmark, IterationTime=250ms, MaxIterationCount=12, MaxWarmupIterationCount=5, MinIterationCount=8, MinWarmupIterationCount=3)
//   ProjectToArray.LinqAF: Quick(MaxRelativeError=0.05, Arguments=/p:MatrixMode=Benchmark, IterationTime=250ms, MaxIterationCount=12, MaxWarmupIterationCount=5, MinIterationCount=8, MinWarmupIterationCount=3)
//   ProjectToArray.StructLinq: Quick(MaxRelativeError=0.05, Arguments=/p:MatrixMode=Benchmark, IterationTime=250ms, MaxIterationCount=12, MaxWarmupIterationCount=5, MinIterationCount=8, MinWarmupIterationCount=3)
//   ProjectToArray.SystemLinq: Quick(MaxRelativeError=0.05, Arguments=/p:MatrixMode=Benchmark, IterationTime=250ms, MaxIterationCount=12, MaxWarmupIterationCount=5, MinIterationCount=8, MinWarmupIterationCount=3)
//   ProjectToArray.ZLinq: Quick(MaxRelativeError=0.05, Arguments=/p:MatrixMode=Benchmark, IterationTime=250ms, MaxIterationCount=12, MaxWarmupIterationCount=5, MinIterationCount=8, MinWarmupIterationCount=3)

// **************************
// Benchmark: ProjectToArray.HandCoded: Quick(MaxRelativeError=0.05, Arguments=/p:MatrixMode=Benchmark, IterationTime=250ms, MaxIterationCount=12, MaxWarmupIterationCount=5, MinIterationCount=8, MinWarmupIterationCount=3)
// *** Execute ***
// Launch: 1 / 1
// Execute: dotnet Matrix.LinqQueries-Quick-1.dll --anonymousPipes 129 130 --benchmarkName Matrix.LinqQueries.Benchmarks.ProjectToArray.HandCoded --job Quick --benchmarkId 78 in /home/runner/work/dotnet-matrix/dotnet-matrix/src/Matrix.LinqQueries/bin/Benchmark/Release/net10.0/Matrix.LinqQueries-Quick-1/bin/Release/net10.0
// Failed to set up high priority (Permission denied). In order to run benchmarks with high priority, make sure you have the right permissions.
// BeforeAnythingElse

// Benchmark Process Environment Information:
// BenchmarkDotNet v0.15.8
// Runtime=.NET 10.0.10 (10.0.10, 10.0.1026.32716), X64 RyuJIT x86-64-v3
// GC=Concurrent Workstation
// HardwareIntrinsics=AVX2+BMI1+BMI2+F16C+FMA+LZCNT+MOVBE,AVX,SSE3+SSSE3+SSE4.1+SSE4.2+POPCNT,X86Base+SSE+SSE2,AES+PCLMUL VectorSize=256
// Job: Quick(MaxRelativeError=0.05, IterationTime=250ms, MaxIterationCount=12, MaxWarmupIterationCount=5, MinIterationCount=8, MinWarmupIterationCount=3)

OverheadJitting  1: 1 op, 268204.00 ns, 268.2040 us/op
WorkloadJitting  1: 1 op, 626585.00 ns, 626.5850 us/op

OverheadJitting  2: 16 op, 515968.00 ns, 32.2480 us/op
WorkloadJitting  2: 16 op, 1195841.00 ns, 74.7401 us/op

WorkloadPilot    1: 16 op, 612953.00 ns, 38.3096 us/op
WorkloadPilot    2: 6528 op, 110073530.00 ns, 16.8618 us/op
WorkloadPilot    3: 14832 op, 184698777.00 ns, 12.4527 us/op
WorkloadPilot    4: 20080 op, 188622599.00 ns, 9.3936 us/op
WorkloadPilot    5: 26624 op, 249190163.00 ns, 9.3596 us/op
WorkloadPilot    6: 26720 op, 255260640.00 ns, 9.5532 us/op
WorkloadPilot    7: 26176 op, 250068426.00 ns, 9.5533 us/op

OverheadWarmup   1: 26176 op, 117417.00 ns, 4.4857 ns/op
OverheadWarmup   2: 26176 op, 133341.00 ns, 5.0940 ns/op
OverheadWarmup   3: 26176 op, 133862.00 ns, 5.1139 ns/op
OverheadWarmup   4: 26176 op, 133361.00 ns, 5.0948 ns/op
OverheadWarmup   5: 26176 op, 124257.00 ns, 4.7470 ns/op
OverheadWarmup   6: 26176 op, 133811.00 ns, 5.1120 ns/op
OverheadWarmup   7: 26176 op, 133391.00 ns, 5.0959 ns/op

OverheadActual   1: 26176 op, 120291.00 ns, 4.5955 ns/op
OverheadActual   2: 26176 op, 106049.00 ns, 4.0514 ns/op
OverheadActual   3: 26176 op, 106710.00 ns, 4.0766 ns/op
OverheadActual   4: 26176 op, 115774.00 ns, 4.4229 ns/op
OverheadActual   5: 26176 op, 106030.00 ns, 4.0507 ns/op
OverheadActual   6: 26176 op, 111067.00 ns, 4.2431 ns/op
OverheadActual   7: 26176 op, 106040.00 ns, 4.0510 ns/op
OverheadActual   8: 26176 op, 109165.00 ns, 4.1704 ns/op
OverheadActual   9: 26176 op, 116065.00 ns, 4.4340 ns/op
OverheadActual  10: 26176 op, 124278.00 ns, 4.7478 ns/op
OverheadActual  11: 26176 op, 120251.00 ns, 4.5939 ns/op
OverheadActual  12: 26176 op, 115174.00 ns, 4.4000 ns/op

WorkloadWarmup   1: 26176 op, 263738653.00 ns, 10.0756 us/op
WorkloadWarmup   2: 26176 op, 248195010.00 ns, 9.4818 us/op
WorkloadWarmup   3: 26176 op, 244726869.00 ns, 9.3493 us/op
WorkloadWarmup   4: 26176 op, 250785609.00 ns, 9.5807 us/op
WorkloadWarmup   5: 26176 op, 254135728.00 ns, 9.7087 us/op

// BeforeActualRun
WorkloadActual   1: 26176 op, 254126233.00 ns, 9.7084 us/op
WorkloadActual   2: 26176 op, 252770900.00 ns, 9.6566 us/op
WorkloadActual   3: 26176 op, 251625705.00 ns, 9.6128 us/op
WorkloadActual   4: 26176 op, 252314793.00 ns, 9.6392 us/op
WorkloadActual   5: 26176 op, 251576601.00 ns, 9.6110 us/op
WorkloadActual   6: 26176 op, 252106339.00 ns, 9.6312 us/op
WorkloadActual   7: 26176 op, 254113644.00 ns, 9.7079 us/op
WorkloadActual   8: 26176 op, 253942566.00 ns, 9.7014 us/op

// AfterActualRun
WorkloadResult   1: 26176 op, 254013112.50 ns, 9.7040 us/op
WorkloadResult   2: 26176 op, 252657779.50 ns, 9.6523 us/op
WorkloadResult   3: 26176 op, 251512584.50 ns, 9.6085 us/op
WorkloadResult   4: 26176 op, 252201672.50 ns, 9.6348 us/op
WorkloadResult   5: 26176 op, 251463480.50 ns, 9.6066 us/op
WorkloadResult   6: 26176 op, 251993218.50 ns, 9.6269 us/op
WorkloadResult   7: 26176 op, 254000523.50 ns, 9.7036 us/op
WorkloadResult   8: 26176 op, 253829445.50 ns, 9.6970 us/op
// GC:  62 0 0 1047668224 26176
// Threading:  0 0 26176

// AfterAll
// Benchmark Process 4431 has exited with code 0.

Mean = 9.654 μs, StdErr = 0.015 μs (0.15%), N = 8, StdDev = 0.042 μs
Min = 9.607 μs, Q1 = 9.622 μs, Median = 9.644 μs, Q3 = 9.699 μs, Max = 9.704 μs
IQR = 0.076 μs, LowerFence = 9.508 μs, UpperFence = 9.813 μs
ConfidenceInterval = [9.574 μs; 9.734 μs] (CI 99.9%), Margin = 0.080 μs (0.83% of Mean)
Skewness = 0.16, Kurtosis = 1.05, MValue = 2

// ** Remained 15 (16.0 %) benchmark(s) to run. Estimated finish 2026-08-11 9:36 (0h 1m from now) **
// **************************
// Benchmark: ProjectToArray.Hyperlinq: Quick(MaxRelativeError=0.05, Arguments=/p:MatrixMode=Benchmark, IterationTime=250ms, MaxIterationCount=12, MaxWarmupIterationCount=5, MinIterationCount=8, MinWarmupIterationCount=3)
// *** Execute ***
// Launch: 1 / 1
// Execute: dotnet Matrix.LinqQueries-Quick-1.dll --anonymousPipes 129 130 --benchmarkName Matrix.LinqQueries.Benchmarks.ProjectToArray.Hyperlinq --job Quick --benchmarkId 79 in /home/runner/work/dotnet-matrix/dotnet-matrix/src/Matrix.LinqQueries/bin/Benchmark/Release/net10.0/Matrix.LinqQueries-Quick-1/bin/Release/net10.0
// Failed to set up high priority (Permission denied). In order to run benchmarks with high priority, make sure you have the right permissions.
// BeforeAnythingElse

// Benchmark Process Environment Information:
// BenchmarkDotNet v0.15.8
// Runtime=.NET 10.0.10 (10.0.10, 10.0.1026.32716), X64 RyuJIT x86-64-v3
// GC=Concurrent Workstation
// HardwareIntrinsics=AVX2+BMI1+BMI2+F16C+FMA+LZCNT+MOVBE,AVX,SSE3+SSSE3+SSE4.1+SSE4.2+POPCNT,X86Base+SSE+SSE2,AES+PCLMUL VectorSize=256
// Job: Quick(MaxRelativeError=0.05, IterationTime=250ms, MaxIterationCount=12, MaxWarmupIterationCount=5, MinIterationCount=8, MinWarmupIterationCount=3)

OverheadJitting  1: 1 op, 247132.00 ns, 247.1320 us/op
WorkloadJitting  1: 1 op, 4199408.00 ns, 4.1994 ms/op

OverheadJitting  2: 16 op, 529438.00 ns, 33.0899 us/op
WorkloadJitting  2: 16 op, 2404643.00 ns, 150.2902 us/op

WorkloadPilot    1: 16 op, 1890158.00 ns, 118.1349 us/op
WorkloadPilot    2: 2128 op, 184281023.00 ns, 86.5982 us/op
WorkloadPilot    3: 2896 op, 43363505.00 ns, 14.9736 us/op
WorkloadPilot    4: 16704 op, 169964309.00 ns, 10.1751 us/op
WorkloadPilot    5: 24576 op, 237504235.00 ns, 9.6641 us/op
WorkloadPilot    6: 25872 op, 265550488.00 ns, 10.2640 us/op
WorkloadPilot    7: 24368 op, 244221888.00 ns, 10.0222 us/op
WorkloadPilot    8: 24960 op, 266618968.00 ns, 10.6818 us/op
WorkloadPilot    9: 23408 op, 233247912.00 ns, 9.9645 us/op
WorkloadPilot   10: 25104 op, 264416349.00 ns, 10.5328 us/op

OverheadWarmup   1: 25104 op, 113110.00 ns, 4.5057 ns/op
OverheadWarmup   2: 25104 op, 109936.00 ns, 4.3792 ns/op
OverheadWarmup   3: 25104 op, 114032.00 ns, 4.5424 ns/op
OverheadWarmup   4: 25104 op, 118569.00 ns, 4.7231 ns/op
OverheadWarmup   5: 25104 op, 109895.00 ns, 4.3776 ns/op
OverheadWarmup   6: 25104 op, 110467.00 ns, 4.4004 ns/op
OverheadWarmup   7: 25104 op, 127292.00 ns, 5.0706 ns/op
OverheadWarmup   8: 25104 op, 127993.00 ns, 5.0985 ns/op
OverheadWarmup   9: 25104 op, 118549.00 ns, 4.7223 ns/op

OverheadActual   1: 25104 op, 101252.00 ns, 4.0333 ns/op
OverheadActual   2: 25104 op, 107051.00 ns, 4.2643 ns/op
OverheadActual   3: 25104 op, 101303.00 ns, 4.0353 ns/op
OverheadActual   4: 25104 op, 101222.00 ns, 4.0321 ns/op
OverheadActual   5: 25104 op, 110286.00 ns, 4.3932 ns/op
OverheadActual   6: 25104 op, 127261.00 ns, 5.0694 ns/op
OverheadActual   7: 25104 op, 127872.00 ns, 5.0937 ns/op
OverheadActual   8: 25104 op, 109945.00 ns, 4.3796 ns/op
OverheadActual   9: 25104 op, 118939.00 ns, 4.7379 ns/op
OverheadActual  10: 25104 op, 119300.00 ns, 4.7522 ns/op
OverheadActual  11: 25104 op, 118569.00 ns, 4.7231 ns/op
OverheadActual  12: 25104 op, 119360.00 ns, 4.7546 ns/op

WorkloadWarmup   1: 25104 op, 269392919.00 ns, 10.7311 us/op
WorkloadWarmup   2: 25104 op, 254271762.00 ns, 10.1287 us/op
WorkloadWarmup   3: 25104 op, 287266342.00 ns, 11.4431 us/op
WorkloadWarmup   4: 25104 op, 249932584.00 ns, 9.9559 us/op
WorkloadWarmup   5: 25104 op, 238904766.00 ns, 9.5166 us/op

// BeforeActualRun
WorkloadActual   1: 25104 op, 280579085.00 ns, 11.1767 us/op
WorkloadActual   2: 25104 op, 254592466.00 ns, 10.1415 us/op
WorkloadActual   3: 25104 op, 254308548.00 ns, 10.1302 us/op
WorkloadActual   4: 25104 op, 255780636.00 ns, 10.1888 us/op
WorkloadActual   5: 25104 op, 255293437.00 ns, 10.1694 us/op
WorkloadActual   6: 25104 op, 241612243.00 ns, 9.6245 us/op
WorkloadActual   7: 25104 op, 263938720.00 ns, 10.5138 us/op
WorkloadActual   8: 25104 op, 255146359.00 ns, 10.1636 us/op
WorkloadActual   9: 25104 op, 255003594.00 ns, 10.1579 us/op

// AfterActualRun
WorkloadResult   1: 25104 op, 254478038.50 ns, 10.1370 us/op
WorkloadResult   2: 25104 op, 254194120.50 ns, 10.1256 us/op
WorkloadResult   3: 25104 op, 255666208.50 ns, 10.1843 us/op
WorkloadResult   4: 25104 op, 255179009.50 ns, 10.1649 us/op
WorkloadResult   5: 25104 op, 241497815.50 ns, 9.6199 us/op
WorkloadResult   6: 25104 op, 255031931.50 ns, 10.1590 us/op
WorkloadResult   7: 25104 op, 254889166.50 ns, 10.1533 us/op
// GC:  59 0 0 1004762496 25104
// Threading:  0 0 25104

// AfterAll
// Benchmark Process 4441 has exited with code 0.

Mean = 10.078 μs, StdErr = 0.077 μs (0.76%), N = 7, StdDev = 0.203 μs
Min = 9.620 μs, Q1 = 10.131 μs, Median = 10.153 μs, Q3 = 10.162 μs, Max = 10.184 μs
IQR = 0.031 μs, LowerFence = 10.085 μs, UpperFence = 10.208 μs
ConfidenceInterval = [9.621 μs; 10.534 μs] (CI 99.9%), Margin = 0.457 μs (4.53% of Mean)
Skewness = -1.59, Kurtosis = 3.74, MValue = 2

// ** Remained 14 (14.9 %) benchmark(s) to run. Estimated finish 2026-08-11 9:36 (0h 1m from now) **
// **************************
// Benchmark: ProjectToArray.LinqAF: Quick(MaxRelativeError=0.05, Arguments=/p:MatrixMode=Benchmark, IterationTime=250ms, MaxIterationCount=12, MaxWarmupIterationCount=5, MinIterationCount=8, MinWarmupIterationCount=3)
// *** Execute ***
// Launch: 1 / 1
// Execute: dotnet Matrix.LinqQueries-Quick-1.dll --anonymousPipes 129 130 --benchmarkName Matrix.LinqQueries.Benchmarks.ProjectToArray.LinqAF --job Quick --benchmarkId 80 in /home/runner/work/dotnet-matrix/dotnet-matrix/src/Matrix.LinqQueries/bin/Benchmark/Release/net10.0/Matrix.LinqQueries-Quick-1/bin/Release/net10.0
// Failed to set up high priority (Permission denied). In order to run benchmarks with high priority, make sure you have the right permissions.
// BeforeAnythingElse

// Benchmark Process Environment Information:
// BenchmarkDotNet v0.15.8
// Runtime=.NET 10.0.10 (10.0.10, 10.0.1026.32716), X64 RyuJIT x86-64-v3
// GC=Concurrent Workstation
// HardwareIntrinsics=AVX2+BMI1+BMI2+F16C+FMA+LZCNT+MOVBE,AVX,SSE3+SSSE3+SSE4.1+SSE4.2+POPCNT,X86Base+SSE+SSE2,AES+PCLMUL VectorSize=256
// Job: Quick(MaxRelativeError=0.05, IterationTime=250ms, MaxIterationCount=12, MaxWarmupIterationCount=5, MinIterationCount=8, MinWarmupIterationCount=3)

OverheadJitting  1: 1 op, 259341.00 ns, 259.3410 us/op
WorkloadJitting  1: 1 op, 84887277.00 ns, 84.8873 ms/op

WorkloadPilot    1: 4 op, 636859.00 ns, 159.2148 us/op
WorkloadPilot    2: 1570 op, 97573344.00 ns, 62.1486 us/op
WorkloadPilot    3: 4023 op, 167576951.00 ns, 41.6547 us/op
WorkloadPilot    4: 6002 op, 164364400.00 ns, 27.3849 us/op
WorkloadPilot    5: 9129 op, 246980243.00 ns, 27.0545 us/op
WorkloadPilot    6: 9241 op, 253351915.00 ns, 27.4161 us/op
WorkloadPilot    7: 9119 op, 281980509.00 ns, 30.9223 us/op
WorkloadPilot    8: 8085 op, 223648481.00 ns, 27.6621 us/op
WorkloadPilot    9: 9038 op, 246432327.00 ns, 27.2662 us/op
WorkloadPilot   10: 9169 op, 246407139.00 ns, 26.8739 us/op
WorkloadPilot   11: 9303 op, 254104078.00 ns, 27.3142 us/op

WorkloadWarmup   1: 9303 op, 252083523.00 ns, 27.0970 us/op
WorkloadWarmup   2: 9303 op, 254200043.00 ns, 27.3245 us/op
WorkloadWarmup   3: 9303 op, 253090120.00 ns, 27.2052 us/op
WorkloadWarmup   4: 9303 op, 252449315.00 ns, 27.1363 us/op
WorkloadWarmup   5: 9303 op, 252680423.00 ns, 27.1612 us/op

// BeforeActualRun
WorkloadActual   1: 9303 op, 252883709.00 ns, 27.1830 us/op
WorkloadActual   2: 9303 op, 254651464.00 ns, 27.3730 us/op
WorkloadActual   3: 9303 op, 250616402.00 ns, 26.9393 us/op
WorkloadActual   4: 9303 op, 257106623.00 ns, 27.6370 us/op
WorkloadActual   5: 9303 op, 254614628.00 ns, 27.3691 us/op
WorkloadActual   6: 9303 op, 252387932.00 ns, 27.1297 us/op
WorkloadActual   7: 9303 op, 252796248.00 ns, 27.1736 us/op
WorkloadActual   8: 9303 op, 253003200.00 ns, 27.1959 us/op

// AfterActualRun
WorkloadResult   1: 9303 op, 252883709.00 ns, 27.1830 us/op
WorkloadResult   2: 9303 op, 254651464.00 ns, 27.3730 us/op
WorkloadResult   3: 9303 op, 250616402.00 ns, 26.9393 us/op
WorkloadResult   4: 9303 op, 257106623.00 ns, 27.6370 us/op
WorkloadResult   5: 9303 op, 254614628.00 ns, 27.3691 us/op
WorkloadResult   6: 9303 op, 252387932.00 ns, 27.1297 us/op
WorkloadResult   7: 9303 op, 252796248.00 ns, 27.1736 us/op
WorkloadResult   8: 9303 op, 253003200.00 ns, 27.1959 us/op
// GC:  85 6 0 1442039424 9303
// Threading:  0 0 9303

// AfterAll
// Benchmark Process 4449 has exited with code 0.

Mean = 27.250 μs, StdErr = 0.074 μs (0.27%), N = 8, StdDev = 0.208 μs
Min = 26.939 μs, Q1 = 27.163 μs, Median = 27.189 μs, Q3 = 27.370 μs, Max = 27.637 μs
IQR = 0.207 μs, LowerFence = 26.852 μs, UpperFence = 27.681 μs
ConfidenceInterval = [26.852 μs; 27.648 μs] (CI 99.9%), Margin = 0.398 μs (1.46% of Mean)
Skewness = 0.4, Kurtosis = 2.16, MValue = 2

// ** Remained 13 (13.8 %) benchmark(s) to run. Estimated finish 2026-08-11 9:36 (0h 1m from now) **
// **************************
// Benchmark: ProjectToArray.StructLinq: Quick(MaxRelativeError=0.05, Arguments=/p:MatrixMode=Benchmark, IterationTime=250ms, MaxIterationCount=12, MaxWarmupIterationCount=5, MinIterationCount=8, MinWarmupIterationCount=3)
// *** Execute ***
// Launch: 1 / 1
// Execute: dotnet Matrix.LinqQueries-Quick-1.dll --anonymousPipes 131 132 --benchmarkName Matrix.LinqQueries.Benchmarks.ProjectToArray.StructLinq --job Quick --benchmarkId 81 in /home/runner/work/dotnet-matrix/dotnet-matrix/src/Matrix.LinqQueries/bin/Benchmark/Release/net10.0/Matrix.LinqQueries-Quick-1/bin/Release/net10.0
// Failed to set up high priority (Permission denied). In order to run benchmarks with high priority, make sure you have the right permissions.
// BeforeAnythingElse

// Benchmark Process Environment Information:
// BenchmarkDotNet v0.15.8
// Runtime=.NET 10.0.10 (10.0.10, 10.0.1026.32716), X64 RyuJIT x86-64-v3
// GC=Concurrent Workstation
// HardwareIntrinsics=AVX2+BMI1+BMI2+F16C+FMA+LZCNT+MOVBE,AVX,SSE3+SSSE3+SSE4.1+SSE4.2+POPCNT,X86Base+SSE+SSE2,AES+PCLMUL VectorSize=256
// Job: Quick(MaxRelativeError=0.05, IterationTime=250ms, MaxIterationCount=12, MaxWarmupIterationCount=5, MinIterationCount=8, MinWarmupIterationCount=3)

OverheadJitting  1: 1 op, 241054.00 ns, 241.0540 us/op
WorkloadJitting  1: 1 op, 4136093.00 ns, 4.1361 ms/op

OverheadJitting  2: 16 op, 520064.00 ns, 32.5040 us/op
WorkloadJitting  2: 16 op, 1712140.00 ns, 107.0088 us/op

WorkloadPilot    1: 16 op, 1022080.00 ns, 63.8800 us/op
WorkloadPilot    2: 3920 op, 172108776.00 ns, 43.9053 us/op
WorkloadPilot    3: 5696 op, 114059950.00 ns, 20.0246 us/op
WorkloadPilot    4: 12496 op, 137583080.00 ns, 11.0102 us/op
WorkloadPilot    5: 22720 op, 250469975.00 ns, 11.0242 us/op
WorkloadPilot    6: 22688 op, 251791921.00 ns, 11.0980 us/op
WorkloadPilot    7: 22528 op, 249338264.00 ns, 11.0679 us/op
WorkloadPilot    8: 22592 op, 249184782.00 ns, 11.0298 us/op
WorkloadPilot    9: 22672 op, 249430713.00 ns, 11.0017 us/op
WorkloadPilot   10: 22736 op, 250327224.00 ns, 11.0102 us/op

OverheadWarmup   1: 22736 op, 124117.00 ns, 5.4591 ns/op
OverheadWarmup   2: 22736 op, 108163.00 ns, 4.7573 ns/op
OverheadWarmup   3: 22736 op, 108233.00 ns, 4.7604 ns/op
OverheadWarmup   4: 22736 op, 107212.00 ns, 4.7155 ns/op
OverheadWarmup   5: 22736 op, 108353.00 ns, 4.7657 ns/op
OverheadWarmup   6: 22736 op, 111237.00 ns, 4.8925 ns/op
OverheadWarmup   7: 22736 op, 107883.00 ns, 4.7450 ns/op

OverheadActual   1: 22736 op, 111628.00 ns, 4.9097 ns/op
OverheadActual   2: 22736 op, 115154.00 ns, 5.0648 ns/op
OverheadActual   3: 22736 op, 112619.00 ns, 4.9533 ns/op
OverheadActual   4: 22736 op, 107623.00 ns, 4.7336 ns/op
OverheadActual   5: 22736 op, 127322.00 ns, 5.6000 ns/op
OverheadActual   6: 22736 op, 108073.00 ns, 4.7534 ns/op
OverheadActual   7: 22736 op, 108423.00 ns, 4.7688 ns/op
OverheadActual   8: 22736 op, 116275.00 ns, 5.1141 ns/op
OverheadActual   9: 22736 op, 108413.00 ns, 4.7683 ns/op
OverheadActual  10: 22736 op, 108463.00 ns, 4.7705 ns/op
OverheadActual  11: 22736 op, 114943.00 ns, 5.0556 ns/op

WorkloadWarmup   1: 22736 op, 255341440.00 ns, 11.2307 us/op
WorkloadWarmup   2: 22736 op, 252866650.00 ns, 11.1219 us/op
WorkloadWarmup   3: 22736 op, 249732808.00 ns, 10.9840 us/op
WorkloadWarmup   4: 22736 op, 250013302.00 ns, 10.9964 us/op
WorkloadWarmup   5: 22736 op, 250535728.00 ns, 11.0193 us/op

// BeforeActualRun
WorkloadActual   1: 22736 op, 252822184.00 ns, 11.1199 us/op
WorkloadActual   2: 22736 op, 251189173.00 ns, 11.0481 us/op
WorkloadActual   3: 22736 op, 251383145.00 ns, 11.0566 us/op
WorkloadActual   4: 22736 op, 250135185.00 ns, 11.0017 us/op
WorkloadActual   5: 22736 op, 250775509.00 ns, 11.0299 us/op
WorkloadActual   6: 22736 op, 251047489.00 ns, 11.0418 us/op
WorkloadActual   7: 22736 op, 250048985.00 ns, 10.9979 us/op
WorkloadActual   8: 22736 op, 251551169.00 ns, 11.0640 us/op

// AfterActualRun
WorkloadResult   1: 22736 op, 251077545.00 ns, 11.0432 us/op
WorkloadResult   2: 22736 op, 251271517.00 ns, 11.0517 us/op
WorkloadResult   3: 22736 op, 250023557.00 ns, 10.9968 us/op
WorkloadResult   4: 22736 op, 250663881.00 ns, 11.0250 us/op
WorkloadResult   5: 22736 op, 250935861.00 ns, 11.0369 us/op
WorkloadResult   6: 22736 op, 249937357.00 ns, 10.9930 us/op
WorkloadResult   7: 22736 op, 251439541.00 ns, 11.0591 us/op
// GC:  54 0 0 909985664 22736
// Threading:  0 0 22736

// AfterAll
// Benchmark Process 4458 has exited with code 0.

Mean = 11.029 μs, StdErr = 0.010 μs (0.09%), N = 7, StdDev = 0.026 μs
Min = 10.993 μs, Q1 = 11.011 μs, Median = 11.037 μs, Q3 = 11.047 μs, Max = 11.059 μs
IQR = 0.037 μs, LowerFence = 10.956 μs, UpperFence = 11.102 μs
ConfidenceInterval = [10.971 μs; 11.088 μs] (CI 99.9%), Margin = 0.058 μs (0.53% of Mean)
Skewness = -0.35, Kurtosis = 1.25, MValue = 2

// ** Remained 12 (12.8 %) benchmark(s) to run. Estimated finish 2026-08-11 9:36 (0h 1m from now) **
// **************************
// Benchmark: ProjectToArray.SystemLinq: Quick(MaxRelativeError=0.05, Arguments=/p:MatrixMode=Benchmark, IterationTime=250ms, MaxIterationCount=12, MaxWarmupIterationCount=5, MinIterationCount=8, MinWarmupIterationCount=3)
// *** Execute ***
// Launch: 1 / 1
// Execute: dotnet Matrix.LinqQueries-Quick-1.dll --anonymousPipes 129 130 --benchmarkName Matrix.LinqQueries.Benchmarks.ProjectToArray.SystemLinq --job Quick --benchmarkId 82 in /home/runner/work/dotnet-matrix/dotnet-matrix/src/Matrix.LinqQueries/bin/Benchmark/Release/net10.0/Matrix.LinqQueries-Quick-1/bin/Release/net10.0
// Failed to set up high priority (Permission denied). In order to run benchmarks with high priority, make sure you have the right permissions.
// BeforeAnythingElse

// Benchmark Process Environment Information:
// BenchmarkDotNet v0.15.8
// Runtime=.NET 10.0.10 (10.0.10, 10.0.1026.32716), X64 RyuJIT x86-64-v3
// GC=Concurrent Workstation
// HardwareIntrinsics=AVX2+BMI1+BMI2+F16C+FMA+LZCNT+MOVBE,AVX,SSE3+SSSE3+SSE4.1+SSE4.2+POPCNT,X86Base+SSE+SSE2,AES+PCLMUL VectorSize=256
// Job: Quick(MaxRelativeError=0.05, IterationTime=250ms, MaxIterationCount=12, MaxWarmupIterationCount=5, MinIterationCount=8, MinWarmupIterationCount=3)

OverheadJitting  1: 1 op, 241975.00 ns, 241.9750 us/op
WorkloadJitting  1: 1 op, 2289931.00 ns, 2.2899 ms/op

OverheadJitting  2: 16 op, 524650.00 ns, 32.7906 us/op
WorkloadJitting  2: 16 op, 1538758.00 ns, 96.1724 us/op

WorkloadPilot    1: 16 op, 952445.00 ns, 59.5278 us/op
WorkloadPilot    2: 4208 op, 154698713.00 ns, 36.7630 us/op
WorkloadPilot    3: 6800 op, 63285905.00 ns, 9.3068 us/op
WorkloadPilot    4: 26864 op, 126664058.00 ns, 4.7150 us/op
WorkloadPilot    5: 53024 op, 249689863.00 ns, 4.7090 us/op
WorkloadPilot    6: 53104 op, 256426836.00 ns, 4.8288 us/op
WorkloadPilot    7: 51776 op, 248897079.00 ns, 4.8072 us/op
WorkloadPilot    8: 52016 op, 248928346.00 ns, 4.7856 us/op
WorkloadPilot    9: 52240 op, 250541236.00 ns, 4.7960 us/op
WorkloadPilot   10: 52128 op, 247832565.00 ns, 4.7543 us/op
WorkloadPilot   11: 52592 op, 252245155.00 ns, 4.7963 us/op

OverheadWarmup   1: 52592 op, 252721.00 ns, 4.8053 ns/op
OverheadWarmup   2: 52592 op, 245380.00 ns, 4.6657 ns/op
OverheadWarmup   3: 52592 op, 241805.00 ns, 4.5978 ns/op
OverheadWarmup   4: 52592 op, 252410.00 ns, 4.7994 ns/op
OverheadWarmup   5: 52592 op, 245439.00 ns, 4.6669 ns/op
OverheadWarmup   6: 52592 op, 233091.00 ns, 4.4321 ns/op
OverheadWarmup   7: 52592 op, 246942.00 ns, 4.6954 ns/op
OverheadWarmup   8: 52592 op, 242004.00 ns, 4.6015 ns/op

OverheadActual   1: 52592 op, 236707.00 ns, 4.5008 ns/op
OverheadActual   2: 52592 op, 213672.00 ns, 4.0628 ns/op
OverheadActual   3: 52592 op, 230848.00 ns, 4.3894 ns/op
OverheadActual   4: 52592 op, 245961.00 ns, 4.6768 ns/op
OverheadActual   5: 52592 op, 223016.00 ns, 4.2405 ns/op
OverheadActual   6: 52592 op, 269265.00 ns, 5.1199 ns/op
OverheadActual   7: 52592 op, 268775.00 ns, 5.1106 ns/op
OverheadActual   8: 52592 op, 265781.00 ns, 5.0536 ns/op
OverheadActual   9: 52592 op, 278930.00 ns, 5.3037 ns/op
OverheadActual  10: 52592 op, 272851.00 ns, 5.1881 ns/op
OverheadActual  11: 52592 op, 256367.00 ns, 4.8746 ns/op
OverheadActual  12: 52592 op, 232390.00 ns, 4.4187 ns/op

WorkloadWarmup   1: 52592 op, 254957973.00 ns, 4.8478 us/op
WorkloadWarmup   2: 52592 op, 254519842.00 ns, 4.8395 us/op
WorkloadWarmup   3: 52592 op, 249052518.00 ns, 4.7356 us/op
WorkloadWarmup   4: 52592 op, 249217396.00 ns, 4.7387 us/op
WorkloadWarmup   5: 52592 op, 248727899.00 ns, 4.7294 us/op

// BeforeActualRun
WorkloadActual   1: 52592 op, 254584744.00 ns, 4.8408 us/op
WorkloadActual   2: 52592 op, 253261590.00 ns, 4.8156 us/op
WorkloadActual   3: 52592 op, 253024724.00 ns, 4.8111 us/op
WorkloadActual   4: 52592 op, 253211074.00 ns, 4.8146 us/op
WorkloadActual   5: 52592 op, 252985445.00 ns, 4.8103 us/op
WorkloadActual   6: 52592 op, 254349259.00 ns, 4.8363 us/op
WorkloadActual   7: 52592 op, 255516338.00 ns, 4.8585 us/op
WorkloadActual   8: 52592 op, 252990622.00 ns, 4.8104 us/op

// AfterActualRun
WorkloadResult   1: 52592 op, 254333580.00 ns, 4.8360 us/op
WorkloadResult   2: 52592 op, 253010426.00 ns, 4.8108 us/op
WorkloadResult   3: 52592 op, 252773560.00 ns, 4.8063 us/op
WorkloadResult   4: 52592 op, 252959910.00 ns, 4.8099 us/op
WorkloadResult   5: 52592 op, 252734281.00 ns, 4.8056 us/op
WorkloadResult   6: 52592 op, 254098095.00 ns, 4.8315 us/op
WorkloadResult   7: 52592 op, 255265174.00 ns, 4.8537 us/op
WorkloadResult   8: 52592 op, 252739458.00 ns, 4.8057 us/op
// GC:  125 0 0 2107466624 52592
// Threading:  0 0 52592

// AfterAll
// Benchmark Process 4469 has exited with code 0.

Mean = 4.820 μs, StdErr = 0.006 μs (0.13%), N = 8, StdDev = 0.018 μs
Min = 4.806 μs, Q1 = 4.806 μs, Median = 4.810 μs, Q3 = 4.833 μs, Max = 4.854 μs
IQR = 0.026 μs, LowerFence = 4.766 μs, UpperFence = 4.872 μs
ConfidenceInterval = [4.785 μs; 4.855 μs] (CI 99.9%), Margin = 0.035 μs (0.72% of Mean)
Skewness = 0.71, Kurtosis = 1.74, MValue = 2

// ** Remained 11 (11.7 %) benchmark(s) to run. Estimated finish 2026-08-11 9:36 (0h 0m from now) **
// **************************
// Benchmark: ProjectToArray.ZLinq: Quick(MaxRelativeError=0.05, Arguments=/p:MatrixMode=Benchmark, IterationTime=250ms, MaxIterationCount=12, MaxWarmupIterationCount=5, MinIterationCount=8, MinWarmupIterationCount=3)
// *** Execute ***
// Launch: 1 / 1
// Execute: dotnet Matrix.LinqQueries-Quick-1.dll --anonymousPipes 129 130 --benchmarkName Matrix.LinqQueries.Benchmarks.ProjectToArray.ZLinq --job Quick --benchmarkId 83 in /home/runner/work/dotnet-matrix/dotnet-matrix/src/Matrix.LinqQueries/bin/Benchmark/Release/net10.0/Matrix.LinqQueries-Quick-1/bin/Release/net10.0
// Failed to set up high priority (Permission denied). In order to run benchmarks with high priority, make sure you have the right permissions.
// BeforeAnythingElse

// Benchmark Process Environment Information:
// BenchmarkDotNet v0.15.8
// Runtime=.NET 10.0.10 (10.0.10, 10.0.1026.32716), X64 RyuJIT x86-64-v3
// GC=Concurrent Workstation
// HardwareIntrinsics=AVX2+BMI1+BMI2+F16C+FMA+LZCNT+MOVBE,AVX,SSE3+SSSE3+SSE4.1+SSE4.2+POPCNT,X86Base+SSE+SSE2,AES+PCLMUL VectorSize=256
// Job: Quick(MaxRelativeError=0.05, IterationTime=250ms, MaxIterationCount=12, MaxWarmupIterationCount=5, MinIterationCount=8, MinWarmupIterationCount=3)

OverheadJitting  1: 1 op, 243357.00 ns, 243.3570 us/op
WorkloadJitting  1: 1 op, 2883535.00 ns, 2.8835 ms/op

OverheadJitting  2: 16 op, 518672.00 ns, 32.4170 us/op
WorkloadJitting  2: 16 op, 1741074.00 ns, 108.8171 us/op

WorkloadPilot    1: 16 op, 924353.00 ns, 57.7721 us/op
WorkloadPilot    2: 4336 op, 156481288.00 ns, 36.0889 us/op
WorkloadPilot    3: 6928 op, 141783790.00 ns, 20.4653 us/op
WorkloadPilot    4: 12224 op, 62925365.00 ns, 5.1477 us/op
WorkloadPilot    5: 48576 op, 254001035.00 ns, 5.2289 us/op
WorkloadPilot    6: 47824 op, 247985069.00 ns, 5.1854 us/op
WorkloadPilot    7: 48224 op, 250628613.00 ns, 5.1972 us/op
WorkloadPilot    8: 48112 op, 247031772.00 ns, 5.1345 us/op
WorkloadPilot    9: 48704 op, 248255636.00 ns, 5.0972 us/op
WorkloadPilot   10: 49056 op, 248847678.00 ns, 5.0727 us/op
WorkloadPilot   11: 49296 op, 258566775.00 ns, 5.2452 us/op

OverheadWarmup   1: 49296 op, 219291.00 ns, 4.4485 ns/op
OverheadWarmup   2: 49296 op, 211278.00 ns, 4.2859 ns/op
OverheadWarmup   3: 49296 op, 223787.00 ns, 4.5397 ns/op
OverheadWarmup   4: 49296 op, 200923.00 ns, 4.0758 ns/op
OverheadWarmup   5: 49296 op, 216276.00 ns, 4.3873 ns/op
OverheadWarmup   6: 49296 op, 212490.00 ns, 4.3105 ns/op

OverheadActual   1: 49296 op, 206131.00 ns, 4.1815 ns/op
OverheadActual   2: 49296 op, 215945.00 ns, 4.3806 ns/op
OverheadActual   3: 49296 op, 216206.00 ns, 4.3859 ns/op
OverheadActual   4: 49296 op, 212090.00 ns, 4.3024 ns/op
OverheadActual   5: 49296 op, 222986.00 ns, 4.5234 ns/op
OverheadActual   6: 49296 op, 236286.00 ns, 4.7932 ns/op
OverheadActual   7: 49296 op, 199330.00 ns, 4.0435 ns/op
OverheadActual   8: 49296 op, 213031.00 ns, 4.3215 ns/op
OverheadActual   9: 49296 op, 207353.00 ns, 4.2063 ns/op
OverheadActual  10: 49296 op, 200662.00 ns, 4.0706 ns/op
OverheadActual  11: 49296 op, 199210.00 ns, 4.0411 ns/op
OverheadActual  12: 49296 op, 212170.00 ns, 4.3040 ns/op

WorkloadWarmup   1: 49296 op, 277604659.00 ns, 5.6314 us/op
WorkloadWarmup   2: 49296 op, 252797071.00 ns, 5.1281 us/op
WorkloadWarmup   3: 49296 op, 256756447.00 ns, 5.2085 us/op
WorkloadWarmup   4: 49296 op, 255004727.00 ns, 5.1729 us/op
WorkloadWarmup   5: 49296 op, 250638017.00 ns, 5.0843 us/op

// BeforeActualRun
WorkloadActual   1: 49296 op, 255784713.00 ns, 5.1888 us/op
WorkloadActual   2: 49296 op, 252353232.00 ns, 5.1191 us/op
WorkloadActual   3: 49296 op, 254500528.00 ns, 5.1627 us/op
WorkloadActual   4: 49296 op, 251905016.00 ns, 5.1100 us/op
WorkloadActual   5: 49296 op, 252254272.00 ns, 5.1171 us/op
WorkloadActual   6: 49296 op, 252514882.00 ns, 5.1224 us/op
WorkloadActual   7: 49296 op, 252699224.00 ns, 5.1262 us/op
WorkloadActual   8: 49296 op, 250461673.00 ns, 5.0808 us/op

// AfterActualRun
WorkloadResult   1: 49296 op, 252141102.00 ns, 5.1148 us/op
WorkloadResult   2: 49296 op, 254288398.00 ns, 5.1584 us/op
WorkloadResult   3: 49296 op, 251692886.00 ns, 5.1057 us/op
WorkloadResult   4: 49296 op, 252042142.00 ns, 5.1128 us/op
WorkloadResult   5: 49296 op, 252302752.00 ns, 5.1181 us/op
WorkloadResult   6: 49296 op, 252487094.00 ns, 5.1219 us/op
WorkloadResult   7: 49296 op, 250249543.00 ns, 5.0765 us/op
// GC:  117 0 0 1973023104 49296
// Threading:  0 0 49296

// AfterAll
// Benchmark Process 4478 has exited with code 0.

Mean = 5.115 μs, StdErr = 0.009 μs (0.18%), N = 7, StdDev = 0.024 μs
Min = 5.076 μs, Q1 = 5.109 μs, Median = 5.115 μs, Q3 = 5.120 μs, Max = 5.158 μs
IQR = 0.011 μs, LowerFence = 5.093 μs, UpperFence = 5.136 μs
ConfidenceInterval = [5.061 μs; 5.170 μs] (CI 99.9%), Margin = 0.055 μs (1.07% of Mean)
Skewness = 0.19, Kurtosis = 2.38, MValue = 2

// ** Remained 10 (10.6 %) benchmark(s) to run. Estimated finish 2026-08-11 9:36 (0h 0m from now) **
// ***** BenchmarkRunner: Finish  *****

// * Export *
  tmp/dotnet-matrix/LinqQueries/4112bfa66d854e1a9cc414e42f130abf/results/Matrix.LinqQueries.Benchmarks.ProjectToArray-report.csv
  tmp/dotnet-matrix/LinqQueries/4112bfa66d854e1a9cc414e42f130abf/results/Matrix.LinqQueries.Benchmarks.ProjectToArray-report-github.md
  tmp/dotnet-matrix/LinqQueries/4112bfa66d854e1a9cc414e42f130abf/results/Matrix.LinqQueries.Benchmarks.ProjectToArray-report.html
  tmp/dotnet-matrix/LinqQueries/4112bfa66d854e1a9cc414e42f130abf/results/Matrix.LinqQueries.Benchmarks.ProjectToArray-report-full.json

// * Detailed results *
ProjectToArray.SystemLinq: Quick(MaxRelativeError=0.05, Arguments=/p:MatrixMode=Benchmark, IterationTime=250ms, MaxIterationCount=12, MaxWarmupIterationCount=5, MinIterationCount=8, MinWarmupIterationCount=3)
Runtime = .NET 10.0.10 (10.0.10, 10.0.1026.32716), X64 RyuJIT x86-64-v3; GC = Concurrent Workstation
Mean = 4.820 μs, StdErr = 0.006 μs (0.13%), N = 8, StdDev = 0.018 μs
Min = 4.806 μs, Q1 = 4.806 μs, Median = 4.810 μs, Q3 = 4.833 μs, Max = 4.854 μs
IQR = 0.026 μs, LowerFence = 4.766 μs, UpperFence = 4.872 μs
ConfidenceInterval = [4.785 μs; 4.855 μs] (CI 99.9%), Margin = 0.035 μs (0.72% of Mean)
Skewness = 0.71, Kurtosis = 1.74, MValue = 2
-------------------- Histogram --------------------
[4.794 μs ; 4.866 μs) | @@@@@@@@
---------------------------------------------------

ProjectToArray.ZLinq: Quick(MaxRelativeError=0.05, Arguments=/p:MatrixMode=Benchmark, IterationTime=250ms, MaxIterationCount=12, MaxWarmupIterationCount=5, MinIterationCount=8, MinWarmupIterationCount=3)
Runtime = .NET 10.0.10 (10.0.10, 10.0.1026.32716), X64 RyuJIT x86-64-v3; GC = Concurrent Workstation
Mean = 5.115 μs, StdErr = 0.009 μs (0.18%), N = 7, StdDev = 0.024 μs
Min = 5.076 μs, Q1 = 5.109 μs, Median = 5.115 μs, Q3 = 5.120 μs, Max = 5.158 μs
IQR = 0.011 μs, LowerFence = 5.093 μs, UpperFence = 5.136 μs
ConfidenceInterval = [5.061 μs; 5.170 μs] (CI 99.9%), Margin = 0.055 μs (1.07% of Mean)
Skewness = 0.19, Kurtosis = 2.38, MValue = 2
-------------------- Histogram --------------------
[5.060 μs ; 5.165 μs) | @@@@@@@
---------------------------------------------------

ProjectToArray.HandCoded: Quick(MaxRelativeError=0.05, Arguments=/p:MatrixMode=Benchmark, IterationTime=250ms, MaxIterationCount=12, MaxWarmupIterationCount=5, MinIterationCount=8, MinWarmupIterationCount=3)
Runtime = .NET 10.0.10 (10.0.10, 10.0.1026.32716), X64 RyuJIT x86-64-v3; GC = Concurrent Workstation
Mean = 9.654 μs, StdErr = 0.015 μs (0.15%), N = 8, StdDev = 0.042 μs
Min = 9.607 μs, Q1 = 9.622 μs, Median = 9.644 μs, Q3 = 9.699 μs, Max = 9.704 μs
IQR = 0.076 μs, LowerFence = 9.508 μs, UpperFence = 9.813 μs
ConfidenceInterval = [9.574 μs; 9.734 μs] (CI 99.9%), Margin = 0.080 μs (0.83% of Mean)
Skewness = 0.16, Kurtosis = 1.05, MValue = 2
-------------------- Histogram --------------------
[9.579 μs ; 9.731 μs) | @@@@@@@@
---------------------------------------------------

ProjectToArray.Hyperlinq: Quick(MaxRelativeError=0.05, Arguments=/p:MatrixMode=Benchmark, IterationTime=250ms, MaxIterationCount=12, MaxWarmupIterationCount=5, MinIterationCount=8, MinWarmupIterationCount=3)
Runtime = .NET 10.0.10 (10.0.10, 10.0.1026.32716), X64 RyuJIT x86-64-v3; GC = Concurrent Workstation
Mean = 10.078 μs, StdErr = 0.077 μs (0.76%), N = 7, StdDev = 0.203 μs
Min = 9.620 μs, Q1 = 10.131 μs, Median = 10.153 μs, Q3 = 10.162 μs, Max = 10.184 μs
IQR = 0.031 μs, LowerFence = 10.085 μs, UpperFence = 10.208 μs
ConfidenceInterval = [9.621 μs; 10.534 μs] (CI 99.9%), Margin = 0.457 μs (4.53% of Mean)
Skewness = -1.59, Kurtosis = 3.74, MValue = 2
-------------------- Histogram --------------------
[ 9.481 μs ;  9.759 μs) | @
[ 9.759 μs ; 10.016 μs) | 
[10.016 μs ; 10.323 μs) | @@@@@@
---------------------------------------------------

ProjectToArray.StructLinq: Quick(MaxRelativeError=0.05, Arguments=/p:MatrixMode=Benchmark, IterationTime=250ms, MaxIterationCount=12, MaxWarmupIterationCount=5, MinIterationCount=8, MinWarmupIterationCount=3)
Runtime = .NET 10.0.10 (10.0.10, 10.0.1026.32716), X64 RyuJIT x86-64-v3; GC = Concurrent Workstation
Mean = 11.029 μs, StdErr = 0.010 μs (0.09%), N = 7, StdDev = 0.026 μs
Min = 10.993 μs, Q1 = 11.011 μs, Median = 11.037 μs, Q3 = 11.047 μs, Max = 11.059 μs
IQR = 0.037 μs, LowerFence = 10.956 μs, UpperFence = 11.102 μs
ConfidenceInterval = [10.971 μs; 11.088 μs] (CI 99.9%), Margin = 0.058 μs (0.53% of Mean)
Skewness = -0.35, Kurtosis = 1.25, MValue = 2
-------------------- Histogram --------------------
[10.975 μs ; 11.077 μs) | @@@@@@@
---------------------------------------------------

ProjectToArray.LinqAF: Quick(MaxRelativeError=0.05, Arguments=/p:MatrixMode=Benchmark, IterationTime=250ms, MaxIterationCount=12, MaxWarmupIterationCount=5, MinIterationCount=8, MinWarmupIterationCount=3)
Runtime = .NET 10.0.10 (10.0.10, 10.0.1026.32716), X64 RyuJIT x86-64-v3; GC = Concurrent Workstation
Mean = 27.250 μs, StdErr = 0.074 μs (0.27%), N = 8, StdDev = 0.208 μs
Min = 26.939 μs, Q1 = 27.163 μs, Median = 27.189 μs, Q3 = 27.370 μs, Max = 27.637 μs
IQR = 0.207 μs, LowerFence = 26.852 μs, UpperFence = 27.681 μs
ConfidenceInterval = [26.852 μs; 27.648 μs] (CI 99.9%), Margin = 0.398 μs (1.46% of Mean)
Skewness = 0.4, Kurtosis = 2.16, MValue = 2
-------------------- Histogram --------------------
[26.803 μs ; 27.774 μs) | @@@@@@@@
---------------------------------------------------

// * Summary *

BenchmarkDotNet v0.15.8, Linux Ubuntu 24.04.4 LTS (Noble Numbat)
AMD EPYC 9V74 2.60GHz, 1 CPU, 4 logical and 2 physical cores
.NET SDK 10.0.302
  [Host] : .NET 10.0.10 (10.0.10, 10.0.1026.32716), X64 RyuJIT x86-64-v3
  Quick  : .NET 10.0.10 (10.0.10, 10.0.1026.32716), X64 RyuJIT x86-64-v3

Job=Quick  MaxRelativeError=0.05  Arguments=/p:MatrixMode=Benchmark  
IterationTime=250ms  MaxIterationCount=12  MaxWarmupIterationCount=5  
MinIterationCount=8  MinWarmupIterationCount=3  

| Method     | Mean      | Error     | StdDev    | Ratio | RatioSD | Gen0   | Gen1   | Allocated | Alloc Ratio |
|----------- |----------:|----------:|----------:|------:|--------:|-------:|-------:|----------:|------------:|
| SystemLinq |  4.820 μs | 0.0347 μs | 0.0182 μs |  0.50 |    0.00 | 2.3768 |      - |  39.13 KB |        1.00 |
| ZLinq      |  5.115 μs | 0.0545 μs | 0.0242 μs |  0.53 |    0.00 | 2.3734 |      - |  39.09 KB |        1.00 |
| HandCoded  |  9.654 μs | 0.0799 μs | 0.0418 μs |  1.00 |    0.01 | 2.3686 |      - |  39.09 KB |        1.00 |
| Hyperlinq  | 10.078 μs | 0.4567 μs | 0.2028 μs |  1.04 |    0.02 | 2.3502 |      - |  39.09 KB |        1.00 |
| StructLinq | 11.029 μs | 0.0584 μs | 0.0259 μs |  1.14 |    0.01 | 2.3751 |      - |  39.09 KB |        1.00 |
| LinqAF     | 27.250 μs | 0.3980 μs | 0.2082 μs |  2.82 |    0.02 | 9.1368 | 0.6450 | 151.38 KB |        3.87 |

// * Hints *
Outliers
  ProjectToArray.ZLinq: Quick      -> 1 outlier  was  removed, 2 outliers were detected (5.08 μs, 5.19 μs)
  ProjectToArray.Hyperlinq: Quick  -> 2 outliers were removed, 3 outliers were detected (9.62 μs, 10.51 μs, 11.18 μs)
  ProjectToArray.StructLinq: Quick -> 1 outlier  was  removed (11.12 μs)

// * Legends *
  Mean        : Arithmetic mean of all measurements
  Error       : Half of 99.9% confidence interval
  StdDev      : Standard deviation of all measurements
  Ratio       : Mean of the ratio distribution ([Current]/[Baseline])
  RatioSD     : Standard deviation of the ratio distribution ([Current]/[Baseline])
  Gen0        : GC Generation 0 collects per 1000 operations
  Gen1        : GC Generation 1 collects per 1000 operations
  Allocated   : Allocated memory per single operation (managed only, inclusive, 1KB = 1024B)
  Alloc Ratio : Allocated memory ratio distribution ([Current]/[Baseline])
  1 μs        : 1 Microsecond (0.000001 sec)

// * Diagnostic Output - MemoryDiagnoser *


// ***** BenchmarkRunner: End *****
Run time: 00:00:34 (34.51 sec), executed benchmarks: 6

// Found 3 benchmarks:
//   SpanSource.HandCoded: Quick(MaxRelativeError=0.05, Arguments=/p:MatrixMode=Benchmark, IterationTime=250ms, MaxIterationCount=12, MaxWarmupIterationCount=5, MinIterationCount=8, MinWarmupIterationCount=3)
//   SpanSource.Hyperlinq: Quick(MaxRelativeError=0.05, Arguments=/p:MatrixMode=Benchmark, IterationTime=250ms, MaxIterationCount=12, MaxWarmupIterationCount=5, MinIterationCount=8, MinWarmupIterationCount=3)
//   SpanSource.ZLinq: Quick(MaxRelativeError=0.05, Arguments=/p:MatrixMode=Benchmark, IterationTime=250ms, MaxIterationCount=12, MaxWarmupIterationCount=5, MinIterationCount=8, MinWarmupIterationCount=3)

// **************************
// Benchmark: SpanSource.HandCoded: Quick(MaxRelativeError=0.05, Arguments=/p:MatrixMode=Benchmark, IterationTime=250ms, MaxIterationCount=12, MaxWarmupIterationCount=5, MinIterationCount=8, MinWarmupIterationCount=3)
// *** Execute ***
// Launch: 1 / 1
// Execute: dotnet Matrix.LinqQueries-Quick-1.dll --anonymousPipes 129 130 --benchmarkName Matrix.LinqQueries.Benchmarks.SpanSource.HandCoded --job Quick --benchmarkId 84 in /home/runner/work/dotnet-matrix/dotnet-matrix/src/Matrix.LinqQueries/bin/Benchmark/Release/net10.0/Matrix.LinqQueries-Quick-1/bin/Release/net10.0
// Failed to set up high priority (Permission denied). In order to run benchmarks with high priority, make sure you have the right permissions.
// BeforeAnythingElse

// Benchmark Process Environment Information:
// BenchmarkDotNet v0.15.8
// Runtime=.NET 10.0.10 (10.0.10, 10.0.1026.32716), X64 RyuJIT x86-64-v3
// GC=Concurrent Workstation
// HardwareIntrinsics=AVX2+BMI1+BMI2+F16C+FMA+LZCNT+MOVBE,AVX,SSE3+SSSE3+SSE4.1+SSE4.2+POPCNT,X86Base+SSE+SSE2,AES+PCLMUL VectorSize=256
// Job: Quick(MaxRelativeError=0.05, IterationTime=250ms, MaxIterationCount=12, MaxWarmupIterationCount=5, MinIterationCount=8, MinWarmupIterationCount=3)

OverheadJitting  1: 1 op, 242025.00 ns, 242.0250 us/op
WorkloadJitting  1: 1 op, 1078796.00 ns, 1.0788 ms/op

OverheadJitting  2: 16 op, 572333.00 ns, 35.7708 us/op
WorkloadJitting  2: 16 op, 1472899.00 ns, 92.0562 us/op

WorkloadPilot    1: 16 op, 871423.00 ns, 54.4639 us/op
WorkloadPilot    2: 4592 op, 117963190.00 ns, 25.6888 us/op
WorkloadPilot    3: 9744 op, 173362738.00 ns, 17.7917 us/op
WorkloadPilot    4: 14064 op, 215439001.00 ns, 15.3185 us/op
WorkloadPilot    5: 16320 op, 244297765.00 ns, 14.9692 us/op
WorkloadPilot    6: 16704 op, 254410514.00 ns, 15.2305 us/op
WorkloadPilot    7: 16416 op, 251816896.00 ns, 15.3397 us/op
WorkloadPilot    8: 16304 op, 254656574.00 ns, 15.6193 us/op

OverheadWarmup   1: 16304 op, 74392.00 ns, 4.5628 ns/op
OverheadWarmup   2: 16304 op, 66320.00 ns, 4.0677 ns/op
OverheadWarmup   3: 16304 op, 66259.00 ns, 4.0640 ns/op
OverheadWarmup   4: 16304 op, 71958.00 ns, 4.4135 ns/op
OverheadWarmup   5: 16304 op, 72539.00 ns, 4.4492 ns/op
OverheadWarmup   6: 16304 op, 77667.00 ns, 4.7637 ns/op
OverheadWarmup   7: 16304 op, 77708.00 ns, 4.7662 ns/op
OverheadWarmup   8: 16304 op, 71988.00 ns, 4.4154 ns/op
OverheadWarmup   9: 16304 op, 72349.00 ns, 4.4375 ns/op
OverheadWarmup  10: 16304 op, 71938.00 ns, 4.4123 ns/op

OverheadActual   1: 16304 op, 66280.00 ns, 4.0653 ns/op
OverheadActual   2: 16304 op, 66280.00 ns, 4.0653 ns/op
OverheadActual   3: 16304 op, 78298.00 ns, 4.8024 ns/op
OverheadActual   4: 16304 op, 77647.00 ns, 4.7625 ns/op
OverheadActual   5: 16304 op, 81223.00 ns, 4.9818 ns/op
OverheadActual   6: 16304 op, 77677.00 ns, 4.7643 ns/op
OverheadActual   7: 16304 op, 78057.00 ns, 4.7876 ns/op
OverheadActual   8: 16304 op, 72319.00 ns, 4.4357 ns/op
OverheadActual   9: 16304 op, 77767.00 ns, 4.7698 ns/op
OverheadActual  10: 16304 op, 77637.00 ns, 4.7618 ns/op
OverheadActual  11: 16304 op, 78398.00 ns, 4.8085 ns/op
OverheadActual  12: 16304 op, 77787.00 ns, 4.7710 ns/op

WorkloadWarmup   1: 16304 op, 262821628.00 ns, 16.1201 us/op
WorkloadWarmup   2: 16304 op, 253863639.00 ns, 15.5706 us/op
WorkloadWarmup   3: 16304 op, 248052944.00 ns, 15.2142 us/op
WorkloadWarmup   4: 16304 op, 241403434.00 ns, 14.8064 us/op
WorkloadWarmup   5: 16304 op, 244243283.00 ns, 14.9806 us/op

// BeforeActualRun
WorkloadActual   1: 16304 op, 257738408.00 ns, 15.8083 us/op
WorkloadActual   2: 16304 op, 251413538.00 ns, 15.4204 us/op
WorkloadActual   3: 16304 op, 243944343.00 ns, 14.9622 us/op
WorkloadActual   4: 16304 op, 247940104.00 ns, 15.2073 us/op
WorkloadActual   5: 16304 op, 255078290.00 ns, 15.6451 us/op
WorkloadActual   6: 16304 op, 251785398.00 ns, 15.4432 us/op
WorkloadActual   7: 16304 op, 249907148.00 ns, 15.3280 us/op
WorkloadActual   8: 16304 op, 252636831.00 ns, 15.4954 us/op

// AfterActualRun
WorkloadResult   1: 16304 op, 257660686.00 ns, 15.8035 us/op
WorkloadResult   2: 16304 op, 251335816.00 ns, 15.4156 us/op
WorkloadResult   3: 16304 op, 243866621.00 ns, 14.9575 us/op
WorkloadResult   4: 16304 op, 247862382.00 ns, 15.2026 us/op
WorkloadResult   5: 16304 op, 255000568.00 ns, 15.6404 us/op
WorkloadResult   6: 16304 op, 251707676.00 ns, 15.4384 us/op
WorkloadResult   7: 16304 op, 249829426.00 ns, 15.3232 us/op
WorkloadResult   8: 16304 op, 252559109.00 ns, 15.4906 us/op
// GC:  45 1 0 757027328 16304
// Threading:  0 0 16304

// AfterAll
// Benchmark Process 4486 has exited with code 0.

Mean = 15.409 μs, StdErr = 0.092 μs (0.59%), N = 8, StdDev = 0.259 μs
Min = 14.957 μs, Q1 = 15.293 μs, Median = 15.427 μs, Q3 = 15.528 μs, Max = 15.804 μs
IQR = 0.235 μs, LowerFence = 14.941 μs, UpperFence = 15.881 μs
ConfidenceInterval = [14.913 μs; 15.905 μs] (CI 99.9%), Margin = 0.496 μs (3.22% of Mean)
Skewness = -0.19, Kurtosis = 1.95, MValue = 2

// ** Remained 9 (9.6 %) benchmark(s) to run. Estimated finish 2026-08-11 9:36 (0h 0m from now) **
// **************************
// Benchmark: SpanSource.Hyperlinq: Quick(MaxRelativeError=0.05, Arguments=/p:MatrixMode=Benchmark, IterationTime=250ms, MaxIterationCount=12, MaxWarmupIterationCount=5, MinIterationCount=8, MinWarmupIterationCount=3)
// *** Execute ***
// Launch: 1 / 1
// Execute: dotnet Matrix.LinqQueries-Quick-1.dll --anonymousPipes 129 130 --benchmarkName Matrix.LinqQueries.Benchmarks.SpanSource.Hyperlinq --job Quick --benchmarkId 85 in /home/runner/work/dotnet-matrix/dotnet-matrix/src/Matrix.LinqQueries/bin/Benchmark/Release/net10.0/Matrix.LinqQueries-Quick-1/bin/Release/net10.0
// Failed to set up high priority (Permission denied). In order to run benchmarks with high priority, make sure you have the right permissions.
// BeforeAnythingElse

// Benchmark Process Environment Information:
// BenchmarkDotNet v0.15.8
// Runtime=.NET 10.0.10 (10.0.10, 10.0.1026.32716), X64 RyuJIT x86-64-v3
// GC=Concurrent Workstation
// HardwareIntrinsics=AVX2+BMI1+BMI2+F16C+FMA+LZCNT+MOVBE,AVX,SSE3+SSSE3+SSE4.1+SSE4.2+POPCNT,X86Base+SSE+SSE2,AES+PCLMUL VectorSize=256
// Job: Quick(MaxRelativeError=0.05, IterationTime=250ms, MaxIterationCount=12, MaxWarmupIterationCount=5, MinIterationCount=8, MinWarmupIterationCount=3)

OverheadJitting  1: 1 op, 245861.00 ns, 245.8610 us/op
WorkloadJitting  1: 1 op, 4306419.00 ns, 4.3064 ms/op

OverheadJitting  2: 16 op, 495566.00 ns, 30.9729 us/op
WorkloadJitting  2: 16 op, 1812862.00 ns, 113.3039 us/op

WorkloadPilot    1: 16 op, 1294290.00 ns, 80.8931 us/op
WorkloadPilot    2: 3104 op, 186159951.00 ns, 59.9742 us/op
WorkloadPilot    3: 4176 op, 72479394.00 ns, 17.3562 us/op
WorkloadPilot    4: 14416 op, 206111791.00 ns, 14.2974 us/op
WorkloadPilot    5: 17488 op, 250863188.00 ns, 14.3449 us/op
WorkloadPilot    6: 17440 op, 254621953.00 ns, 14.5999 us/op
WorkloadPilot    7: 17136 op, 252092340.00 ns, 14.7113 us/op

OverheadWarmup   1: 17136 op, 101253.00 ns, 5.9088 ns/op
OverheadWarmup   2: 17136 op, 76095.00 ns, 4.4407 ns/op
OverheadWarmup   3: 17136 op, 69795.00 ns, 4.0730 ns/op
OverheadWarmup   4: 17136 op, 105359.00 ns, 6.1484 ns/op
OverheadWarmup   5: 17136 op, 75914.00 ns, 4.4301 ns/op
OverheadWarmup   6: 17136 op, 75414.00 ns, 4.4009 ns/op
OverheadWarmup   7: 17136 op, 75493.00 ns, 4.4055 ns/op
OverheadWarmup   8: 17136 op, 78208.00 ns, 4.5640 ns/op
OverheadWarmup   9: 17136 op, 70035.00 ns, 4.0870 ns/op

OverheadActual   1: 17136 op, 75614.00 ns, 4.4126 ns/op
OverheadActual   2: 17136 op, 69665.00 ns, 4.0654 ns/op
OverheadActual   3: 17136 op, 79801.00 ns, 4.6569 ns/op
OverheadActual   4: 17136 op, 69945.00 ns, 4.0818 ns/op
OverheadActual   5: 17136 op, 69615.00 ns, 4.0625 ns/op
OverheadActual   6: 17136 op, 69975.00 ns, 4.0835 ns/op
OverheadActual   7: 17136 op, 80772.00 ns, 4.7136 ns/op
OverheadActual   8: 17136 op, 75494.00 ns, 4.4056 ns/op
OverheadActual   9: 17136 op, 69995.00 ns, 4.0847 ns/op
OverheadActual  10: 17136 op, 69925.00 ns, 4.0806 ns/op
OverheadActual  11: 17136 op, 81192.00 ns, 4.7381 ns/op
OverheadActual  12: 17136 op, 75574.00 ns, 4.4102 ns/op

WorkloadWarmup   1: 17136 op, 254459968.00 ns, 14.8494 us/op
WorkloadWarmup   2: 17136 op, 251101667.00 ns, 14.6535 us/op
WorkloadWarmup   3: 17136 op, 246197960.00 ns, 14.3673 us/op
WorkloadWarmup   4: 17136 op, 247572062.00 ns, 14.4475 us/op
WorkloadWarmup   5: 17136 op, 245919120.00 ns, 14.3510 us/op

// BeforeActualRun
WorkloadActual   1: 17136 op, 248754603.00 ns, 14.5165 us/op
WorkloadActual   2: 17136 op, 247735738.00 ns, 14.4570 us/op
WorkloadActual   3: 17136 op, 248438026.00 ns, 14.4980 us/op
WorkloadActual   4: 17136 op, 249520648.00 ns, 14.5612 us/op
WorkloadActual   5: 17136 op, 250923943.00 ns, 14.6431 us/op
WorkloadActual   6: 17136 op, 247147301.00 ns, 14.4227 us/op
WorkloadActual   7: 17136 op, 248314430.00 ns, 14.4908 us/op
WorkloadActual   8: 17136 op, 248855666.00 ns, 14.5224 us/op

// AfterActualRun
WorkloadResult   1: 17136 op, 248681858.50 ns, 14.5122 us/op
WorkloadResult   2: 17136 op, 247662993.50 ns, 14.4528 us/op
WorkloadResult   3: 17136 op, 248365281.50 ns, 14.4938 us/op
WorkloadResult   4: 17136 op, 249447903.50 ns, 14.5570 us/op
WorkloadResult   5: 17136 op, 247074556.50 ns, 14.4184 us/op
WorkloadResult   6: 17136 op, 248241685.50 ns, 14.4866 us/op
WorkloadResult   7: 17136 op, 248782921.50 ns, 14.5181 us/op
// GC:  30 0 0 517370112 17136
// Threading:  0 0 17136

// AfterAll
// Benchmark Process 4494 has exited with code 0.

Mean = 14.491 μs, StdErr = 0.017 μs (0.12%), N = 7, StdDev = 0.045 μs
Min = 14.418 μs, Q1 = 14.470 μs, Median = 14.494 μs, Q3 = 14.515 μs, Max = 14.557 μs
IQR = 0.046 μs, LowerFence = 14.401 μs, UpperFence = 14.583 μs
ConfidenceInterval = [14.389 μs; 14.593 μs] (CI 99.9%), Margin = 0.102 μs (0.70% of Mean)
Skewness = -0.2, Kurtosis = 1.69, MValue = 2

// ** Remained 8 (8.5 %) benchmark(s) to run. Estimated finish 2026-08-11 9:36 (0h 0m from now) **
// **************************
// Benchmark: SpanSource.ZLinq: Quick(MaxRelativeError=0.05, Arguments=/p:MatrixMode=Benchmark, IterationTime=250ms, MaxIterationCount=12, MaxWarmupIterationCount=5, MinIterationCount=8, MinWarmupIterationCount=3)
// *** Execute ***
// Launch: 1 / 1
// Execute: dotnet Matrix.LinqQueries-Quick-1.dll --anonymousPipes 129 130 --benchmarkName Matrix.LinqQueries.Benchmarks.SpanSource.ZLinq --job Quick --benchmarkId 86 in /home/runner/work/dotnet-matrix/dotnet-matrix/src/Matrix.LinqQueries/bin/Benchmark/Release/net10.0/Matrix.LinqQueries-Quick-1/bin/Release/net10.0
// Failed to set up high priority (Permission denied). In order to run benchmarks with high priority, make sure you have the right permissions.
// BeforeAnythingElse

// Benchmark Process Environment Information:
// BenchmarkDotNet v0.15.8
// Runtime=.NET 10.0.10 (10.0.10, 10.0.1026.32716), X64 RyuJIT x86-64-v3
// GC=Concurrent Workstation
// HardwareIntrinsics=AVX2+BMI1+BMI2+F16C+FMA+LZCNT+MOVBE,AVX,SSE3+SSSE3+SSE4.1+SSE4.2+POPCNT,X86Base+SSE+SSE2,AES+PCLMUL VectorSize=256
// Job: Quick(MaxRelativeError=0.05, IterationTime=250ms, MaxIterationCount=12, MaxWarmupIterationCount=5, MinIterationCount=8, MinWarmupIterationCount=3)

OverheadJitting  1: 1 op, 243367.00 ns, 243.3670 us/op
WorkloadJitting  1: 1 op, 7950440.00 ns, 7.9504 ms/op

OverheadJitting  2: 16 op, 526544.00 ns, 32.9090 us/op
WorkloadJitting  2: 16 op, 1552700.00 ns, 97.0438 us/op

WorkloadPilot    1: 16 op, 956992.00 ns, 59.8120 us/op
WorkloadPilot    2: 4192 op, 234956717.00 ns, 56.0488 us/op
WorkloadPilot    3: 4464 op, 180529647.00 ns, 40.4412 us/op
WorkloadPilot    4: 6192 op, 90870011.00 ns, 14.6754 us/op
WorkloadPilot    5: 17040 op, 244703009.00 ns, 14.3605 us/op
WorkloadPilot    6: 17424 op, 254255833.00 ns, 14.5923 us/op
WorkloadPilot    7: 17136 op, 248129782.00 ns, 14.4800 us/op
WorkloadPilot    8: 17280 op, 248972972.00 ns, 14.4082 us/op
WorkloadPilot    9: 17360 op, 248189281.00 ns, 14.2966 us/op
WorkloadPilot   10: 17488 op, 262871687.00 ns, 15.0315 us/op
WorkloadPilot   11: 16640 op, 239825378.00 ns, 14.4126 us/op
WorkloadPilot   12: 17360 op, 263829018.00 ns, 15.1975 us/op

OverheadWarmup   1: 17360 op, 95053.00 ns, 5.4754 ns/op
OverheadWarmup   2: 17360 op, 85469.00 ns, 4.9233 ns/op
OverheadWarmup   3: 17360 op, 85569.00 ns, 4.9291 ns/op
OverheadWarmup   4: 17360 op, 92820.00 ns, 5.3468 ns/op
OverheadWarmup   5: 17360 op, 85019.00 ns, 4.8974 ns/op
OverheadWarmup   6: 17360 op, 84387.00 ns, 4.8610 ns/op
OverheadWarmup   7: 17360 op, 84457.00 ns, 4.8650 ns/op
OverheadWarmup   8: 17360 op, 88513.00 ns, 5.0987 ns/op
OverheadWarmup   9: 17360 op, 84377.00 ns, 4.8604 ns/op

OverheadActual   1: 17360 op, 104237.00 ns, 6.0044 ns/op
OverheadActual   2: 17360 op, 85248.00 ns, 4.9106 ns/op
OverheadActual   3: 17360 op, 91738.00 ns, 5.2844 ns/op
OverheadActual   4: 17360 op, 101102.00 ns, 5.8238 ns/op
OverheadActual   5: 17360 op, 85179.00 ns, 4.9066 ns/op
OverheadActual   6: 17360 op, 84547.00 ns, 4.8702 ns/op
OverheadActual   7: 17360 op, 90997.00 ns, 5.2418 ns/op
OverheadActual   8: 17360 op, 84698.00 ns, 4.8789 ns/op
OverheadActual   9: 17360 op, 85519.00 ns, 4.9262 ns/op
OverheadActual  10: 17360 op, 86130.00 ns, 4.9614 ns/op
OverheadActual  11: 17360 op, 91147.00 ns, 5.2504 ns/op
OverheadActual  12: 17360 op, 91298.00 ns, 5.2591 ns/op

WorkloadWarmup   1: 17360 op, 263663425.00 ns, 15.1880 us/op
WorkloadWarmup   2: 17360 op, 252926049.00 ns, 14.5695 us/op
WorkloadWarmup   3: 17360 op, 269306212.00 ns, 15.5130 us/op
WorkloadWarmup   4: 17360 op, 246985919.00 ns, 14.2273 us/op
WorkloadWarmup   5: 17360 op, 253110157.00 ns, 14.5801 us/op

// BeforeActualRun
WorkloadActual   1: 17360 op, 248411797.00 ns, 14.3094 us/op
WorkloadActual   2: 17360 op, 246184341.00 ns, 14.1811 us/op
WorkloadActual   3: 17360 op, 249450502.00 ns, 14.3693 us/op
WorkloadActual   4: 17360 op, 246335795.00 ns, 14.1898 us/op
WorkloadActual   5: 17360 op, 251900933.00 ns, 14.5104 us/op
WorkloadActual   6: 17360 op, 248351611.00 ns, 14.3060 us/op
WorkloadActual   7: 17360 op, 250933198.00 ns, 14.4547 us/op
WorkloadActual   8: 17360 op, 250685954.00 ns, 14.4404 us/op

// AfterActualRun
WorkloadResult   1: 17360 op, 248323233.50 ns, 14.3043 us/op
WorkloadResult   2: 17360 op, 246095777.50 ns, 14.1760 us/op
WorkloadResult   3: 17360 op, 249361938.50 ns, 14.3642 us/op
WorkloadResult   4: 17360 op, 246247231.50 ns, 14.1847 us/op
WorkloadResult   5: 17360 op, 251812369.50 ns, 14.5053 us/op
WorkloadResult   6: 17360 op, 248263047.50 ns, 14.3009 us/op
WorkloadResult   7: 17360 op, 250844634.50 ns, 14.4496 us/op
WorkloadResult   8: 17360 op, 250597390.50 ns, 14.4353 us/op
// GC:  13 0 0 232346240 17360
// Threading:  0 0 17360

// AfterAll
// Benchmark Process 4502 has exited with code 0.

Mean = 14.340 μs, StdErr = 0.043 μs (0.30%), N = 8, StdDev = 0.121 μs
Min = 14.176 μs, Q1 = 14.272 μs, Median = 14.334 μs, Q3 = 14.439 μs, Max = 14.505 μs
IQR = 0.167 μs, LowerFence = 14.021 μs, UpperFence = 14.689 μs
ConfidenceInterval = [14.108 μs; 14.572 μs] (CI 99.9%), Margin = 0.232 μs (1.62% of Mean)
Skewness = -0.11, Kurtosis = 1.32, MValue = 2

// ** Remained 7 (7.4 %) benchmark(s) to run. Estimated finish 2026-08-11 9:36 (0h 0m from now) **
// ***** BenchmarkRunner: Finish  *****

// * Export *
  tmp/dotnet-matrix/LinqQueries/4112bfa66d854e1a9cc414e42f130abf/results/Matrix.LinqQueries.Benchmarks.SpanSource-report.csv
  tmp/dotnet-matrix/LinqQueries/4112bfa66d854e1a9cc414e42f130abf/results/Matrix.LinqQueries.Benchmarks.SpanSource-report-github.md
  tmp/dotnet-matrix/LinqQueries/4112bfa66d854e1a9cc414e42f130abf/results/Matrix.LinqQueries.Benchmarks.SpanSource-report.html
  tmp/dotnet-matrix/LinqQueries/4112bfa66d854e1a9cc414e42f130abf/results/Matrix.LinqQueries.Benchmarks.SpanSource-report-full.json

// * Detailed results *
SpanSource.ZLinq: Quick(MaxRelativeError=0.05, Arguments=/p:MatrixMode=Benchmark, IterationTime=250ms, MaxIterationCount=12, MaxWarmupIterationCount=5, MinIterationCount=8, MinWarmupIterationCount=3)
Runtime = .NET 10.0.10 (10.0.10, 10.0.1026.32716), X64 RyuJIT x86-64-v3; GC = Concurrent Workstation
Mean = 14.340 μs, StdErr = 0.043 μs (0.30%), N = 8, StdDev = 0.121 μs
Min = 14.176 μs, Q1 = 14.272 μs, Median = 14.334 μs, Q3 = 14.439 μs, Max = 14.505 μs
IQR = 0.167 μs, LowerFence = 14.021 μs, UpperFence = 14.689 μs
ConfidenceInterval = [14.108 μs; 14.572 μs] (CI 99.9%), Margin = 0.232 μs (1.62% of Mean)
Skewness = -0.11, Kurtosis = 1.32, MValue = 2
-------------------- Histogram --------------------
[14.096 μs ; 14.519 μs) | @@@@@@@@
---------------------------------------------------

SpanSource.Hyperlinq: Quick(MaxRelativeError=0.05, Arguments=/p:MatrixMode=Benchmark, IterationTime=250ms, MaxIterationCount=12, MaxWarmupIterationCount=5, MinIterationCount=8, MinWarmupIterationCount=3)
Runtime = .NET 10.0.10 (10.0.10, 10.0.1026.32716), X64 RyuJIT x86-64-v3; GC = Concurrent Workstation
Mean = 14.491 μs, StdErr = 0.017 μs (0.12%), N = 7, StdDev = 0.045 μs
Min = 14.418 μs, Q1 = 14.470 μs, Median = 14.494 μs, Q3 = 14.515 μs, Max = 14.557 μs
IQR = 0.046 μs, LowerFence = 14.401 μs, UpperFence = 14.583 μs
ConfidenceInterval = [14.389 μs; 14.593 μs] (CI 99.9%), Margin = 0.102 μs (0.70% of Mean)
Skewness = -0.2, Kurtosis = 1.69, MValue = 2
-------------------- Histogram --------------------
[14.387 μs ; 14.588 μs) | @@@@@@@
---------------------------------------------------

SpanSource.HandCoded: Quick(MaxRelativeError=0.05, Arguments=/p:MatrixMode=Benchmark, IterationTime=250ms, MaxIterationCount=12, MaxWarmupIterationCount=5, MinIterationCount=8, MinWarmupIterationCount=3)
Runtime = .NET 10.0.10 (10.0.10, 10.0.1026.32716), X64 RyuJIT x86-64-v3; GC = Concurrent Workstation
Mean = 15.409 μs, StdErr = 0.092 μs (0.59%), N = 8, StdDev = 0.259 μs
Min = 14.957 μs, Q1 = 15.293 μs, Median = 15.427 μs, Q3 = 15.528 μs, Max = 15.804 μs
IQR = 0.235 μs, LowerFence = 14.941 μs, UpperFence = 15.881 μs
ConfidenceInterval = [14.913 μs; 15.905 μs] (CI 99.9%), Margin = 0.496 μs (3.22% of Mean)
Skewness = -0.19, Kurtosis = 1.95, MValue = 2
-------------------- Histogram --------------------
[14.787 μs ; 15.176 μs) | @
[15.176 μs ; 15.517 μs) | @@@@@
[15.517 μs ; 15.892 μs) | @@
---------------------------------------------------

// * Summary *

BenchmarkDotNet v0.15.8, Linux Ubuntu 24.04.4 LTS (Noble Numbat)
AMD EPYC 9V74 2.60GHz, 1 CPU, 4 logical and 2 physical cores
.NET SDK 10.0.302
  [Host] : .NET 10.0.10 (10.0.10, 10.0.1026.32716), X64 RyuJIT x86-64-v3
  Quick  : .NET 10.0.10 (10.0.10, 10.0.1026.32716), X64 RyuJIT x86-64-v3

Job=Quick  MaxRelativeError=0.05  Arguments=/p:MatrixMode=Benchmark  
IterationTime=250ms  MaxIterationCount=12  MaxWarmupIterationCount=5  
MinIterationCount=8  MinWarmupIterationCount=3  

| Method    | Mean     | Error    | StdDev   | Ratio | RatioSD | Gen0   | Gen1   | Allocated | Alloc Ratio |
|---------- |---------:|---------:|---------:|------:|--------:|-------:|-------:|----------:|------------:|
| ZLinq     | 14.34 μs | 0.232 μs | 0.121 μs |  0.93 |    0.02 | 0.7488 |      - |  13.07 KB |        0.29 |
| Hyperlinq | 14.49 μs | 0.102 μs | 0.045 μs |  0.94 |    0.02 | 1.7507 |      - |  29.48 KB |        0.65 |
| HandCoded | 15.41 μs | 0.496 μs | 0.259 μs |  1.00 |    0.02 | 2.7601 | 0.0613 |  45.34 KB |        1.00 |

// * Hints *
Outliers
  SpanSource.Hyperlinq: Quick -> 1 outlier  was  removed (14.64 μs)

// * Legends *
  Mean        : Arithmetic mean of all measurements
  Error       : Half of 99.9% confidence interval
  StdDev      : Standard deviation of all measurements
  Ratio       : Mean of the ratio distribution ([Current]/[Baseline])
  RatioSD     : Standard deviation of the ratio distribution ([Current]/[Baseline])
  Gen0        : GC Generation 0 collects per 1000 operations
  Gen1        : GC Generation 1 collects per 1000 operations
  Allocated   : Allocated memory per single operation (managed only, inclusive, 1KB = 1024B)
  Alloc Ratio : Allocated memory ratio distribution ([Current]/[Baseline])
  1 μs        : 1 Microsecond (0.000001 sec)

// * Diagnostic Output - MemoryDiagnoser *


// ***** BenchmarkRunner: End *****
Run time: 00:00:16 (16.49 sec), executed benchmarks: 3

// Found 2 benchmarks:
//   ValueDelegateFilter.HandCoded: Quick(MaxRelativeError=0.05, Arguments=/p:MatrixMode=Benchmark, IterationTime=250ms, MaxIterationCount=12, MaxWarmupIterationCount=5, MinIterationCount=8, MinWarmupIterationCount=3)
//   ValueDelegateFilter.StructLinq: Quick(MaxRelativeError=0.05, Arguments=/p:MatrixMode=Benchmark, IterationTime=250ms, MaxIterationCount=12, MaxWarmupIterationCount=5, MinIterationCount=8, MinWarmupIterationCount=3)

// **************************
// Benchmark: ValueDelegateFilter.HandCoded: Quick(MaxRelativeError=0.05, Arguments=/p:MatrixMode=Benchmark, IterationTime=250ms, MaxIterationCount=12, MaxWarmupIterationCount=5, MinIterationCount=8, MinWarmupIterationCount=3)
// *** Execute ***
// Launch: 1 / 1
// Execute: dotnet Matrix.LinqQueries-Quick-1.dll --anonymousPipes 129 130 --benchmarkName Matrix.LinqQueries.Benchmarks.ValueDelegateFilter.HandCoded --job Quick --benchmarkId 87 in /home/runner/work/dotnet-matrix/dotnet-matrix/src/Matrix.LinqQueries/bin/Benchmark/Release/net10.0/Matrix.LinqQueries-Quick-1/bin/Release/net10.0
// Failed to set up high priority (Permission denied). In order to run benchmarks with high priority, make sure you have the right permissions.
// BeforeAnythingElse

// Benchmark Process Environment Information:
// BenchmarkDotNet v0.15.8
// Runtime=.NET 10.0.10 (10.0.10, 10.0.1026.32716), X64 RyuJIT x86-64-v3
// GC=Concurrent Workstation
// HardwareIntrinsics=AVX2+BMI1+BMI2+F16C+FMA+LZCNT+MOVBE,AVX,SSE3+SSSE3+SSE4.1+SSE4.2+POPCNT,X86Base+SSE+SSE2,AES+PCLMUL VectorSize=256
// Job: Quick(MaxRelativeError=0.05, IterationTime=250ms, MaxIterationCount=12, MaxWarmupIterationCount=5, MinIterationCount=8, MinWarmupIterationCount=3)

OverheadJitting  1: 1 op, 234515.00 ns, 234.5150 us/op
WorkloadJitting  1: 1 op, 950368.00 ns, 950.3680 us/op

OverheadJitting  2: 16 op, 374096.00 ns, 23.3810 us/op
WorkloadJitting  2: 16 op, 767552.00 ns, 47.9720 us/op

WorkloadPilot    1: 16 op, 448789.00 ns, 28.0493 us/op
WorkloadPilot    2: 8928 op, 185962208.00 ns, 20.8291 us/op
WorkloadPilot    3: 12016 op, 131586731.00 ns, 10.9510 us/op
WorkloadPilot    4: 22832 op, 250494594.00 ns, 10.9712 us/op
WorkloadPilot    5: 22800 op, 252511036.00 ns, 11.0750 us/op
WorkloadPilot    6: 22576 op, 248491314.00 ns, 11.0069 us/op
WorkloadPilot    7: 22720 op, 250426061.00 ns, 11.0223 us/op

OverheadWarmup   1: 22720 op, 60782.00 ns, 2.6753 ns/op
OverheadWarmup   2: 22720 op, 50857.00 ns, 2.2384 ns/op
OverheadWarmup   3: 22720 op, 52419.00 ns, 2.3072 ns/op
OverheadWarmup   4: 22720 op, 50927.00 ns, 2.2415 ns/op
OverheadWarmup   5: 22720 op, 77086.00 ns, 3.3929 ns/op
OverheadWarmup   6: 22720 op, 53481.00 ns, 2.3539 ns/op

OverheadActual   1: 22720 op, 50957.00 ns, 2.2428 ns/op
OverheadActual   2: 22720 op, 50957.00 ns, 2.2428 ns/op
OverheadActual   3: 22720 op, 54522.00 ns, 2.3997 ns/op
OverheadActual   4: 22720 op, 50927.00 ns, 2.2415 ns/op
OverheadActual   5: 22720 op, 50957.00 ns, 2.2428 ns/op
OverheadActual   6: 22720 op, 55273.00 ns, 2.4328 ns/op
OverheadActual   7: 22720 op, 50897.00 ns, 2.2402 ns/op
OverheadActual   8: 22720 op, 50917.00 ns, 2.2411 ns/op
OverheadActual   9: 22720 op, 56225.00 ns, 2.4747 ns/op
OverheadActual  10: 22720 op, 50897.00 ns, 2.2402 ns/op
OverheadActual  11: 22720 op, 63687.00 ns, 2.8031 ns/op
OverheadActual  12: 22720 op, 56846.00 ns, 2.5020 ns/op

WorkloadWarmup   1: 22720 op, 257534047.00 ns, 11.3351 us/op
WorkloadWarmup   2: 22720 op, 249075327.00 ns, 10.9628 us/op
WorkloadWarmup   3: 22720 op, 248696113.00 ns, 10.9461 us/op
WorkloadWarmup   4: 22720 op, 248834303.00 ns, 10.9522 us/op
WorkloadWarmup   5: 22720 op, 249152391.00 ns, 10.9662 us/op

// BeforeActualRun
WorkloadActual   1: 22720 op, 249004229.00 ns, 10.9597 us/op
WorkloadActual   2: 22720 op, 248918489.00 ns, 10.9559 us/op
WorkloadActual   3: 22720 op, 248926883.00 ns, 10.9563 us/op
WorkloadActual   4: 22720 op, 249319874.00 ns, 10.9736 us/op
WorkloadActual   5: 22720 op, 248901694.00 ns, 10.9552 us/op
WorkloadActual   6: 22720 op, 248850427.00 ns, 10.9529 us/op
WorkloadActual   7: 22720 op, 249035146.00 ns, 10.9611 us/op
WorkloadActual   8: 22720 op, 249068846.00 ns, 10.9625 us/op

// AfterActualRun
WorkloadResult   1: 22720 op, 248953272.00 ns, 10.9575 us/op
WorkloadResult   2: 22720 op, 248867532.00 ns, 10.9537 us/op
WorkloadResult   3: 22720 op, 248875926.00 ns, 10.9540 us/op
WorkloadResult   4: 22720 op, 248850737.00 ns, 10.9529 us/op
WorkloadResult   5: 22720 op, 248799470.00 ns, 10.9507 us/op
WorkloadResult   6: 22720 op, 248984189.00 ns, 10.9588 us/op
WorkloadResult   7: 22720 op, 249017889.00 ns, 10.9603 us/op
// GC:  0 0 0 0 22720
// Threading:  0 0 22720

// AfterAll
// Benchmark Process 4513 has exited with code 0.

Mean = 10.955 μs, StdErr = 0.001 μs (0.01%), N = 7, StdDev = 0.003 μs
Min = 10.951 μs, Q1 = 10.953 μs, Median = 10.954 μs, Q3 = 10.958 μs, Max = 10.960 μs
IQR = 0.005 μs, LowerFence = 10.946 μs, UpperFence = 10.965 μs
ConfidenceInterval = [10.948 μs; 10.963 μs] (CI 99.9%), Margin = 0.008 μs (0.07% of Mean)
Skewness = 0.12, Kurtosis = 1.23, MValue = 2

// ** Remained 6 (6.4 %) benchmark(s) to run. Estimated finish 2026-08-11 9:36 (0h 0m from now) **
// **************************
// Benchmark: ValueDelegateFilter.StructLinq: Quick(MaxRelativeError=0.05, Arguments=/p:MatrixMode=Benchmark, IterationTime=250ms, MaxIterationCount=12, MaxWarmupIterationCount=5, MinIterationCount=8, MinWarmupIterationCount=3)
// *** Execute ***
// Launch: 1 / 1
// Execute: dotnet Matrix.LinqQueries-Quick-1.dll --anonymousPipes 129 130 --benchmarkName Matrix.LinqQueries.Benchmarks.ValueDelegateFilter.StructLinq --job Quick --benchmarkId 88 in /home/runner/work/dotnet-matrix/dotnet-matrix/src/Matrix.LinqQueries/bin/Benchmark/Release/net10.0/Matrix.LinqQueries-Quick-1/bin/Release/net10.0
// Failed to set up high priority (Permission denied). In order to run benchmarks with high priority, make sure you have the right permissions.
// BeforeAnythingElse

// Benchmark Process Environment Information:
// BenchmarkDotNet v0.15.8
// Runtime=.NET 10.0.10 (10.0.10, 10.0.1026.32716), X64 RyuJIT x86-64-v3
// GC=Concurrent Workstation
// HardwareIntrinsics=AVX2+BMI1+BMI2+F16C+FMA+LZCNT+MOVBE,AVX,SSE3+SSSE3+SSE4.1+SSE4.2+POPCNT,X86Base+SSE+SSE2,AES+PCLMUL VectorSize=256
// Job: Quick(MaxRelativeError=0.05, IterationTime=250ms, MaxIterationCount=12, MaxWarmupIterationCount=5, MinIterationCount=8, MinWarmupIterationCount=3)

OverheadJitting  1: 1 op, 239220.00 ns, 239.2200 us/op
WorkloadJitting  1: 1 op, 3826967.00 ns, 3.8270 ms/op

OverheadJitting  2: 16 op, 383448.00 ns, 23.9655 us/op
WorkloadJitting  2: 16 op, 875539.00 ns, 54.7212 us/op

WorkloadPilot    1: 16 op, 453573.00 ns, 28.3483 us/op
WorkloadPilot    2: 8832 op, 198246246.00 ns, 22.4464 us/op
WorkloadPilot    3: 11152 op, 123553911.00 ns, 11.0791 us/op
WorkloadPilot    4: 22576 op, 252302198.00 ns, 11.1757 us/op
WorkloadPilot    5: 22384 op, 251323613.00 ns, 11.2278 us/op
WorkloadPilot    6: 22272 op, 248894654.00 ns, 11.1752 us/op
WorkloadPilot    7: 22384 op, 248800291.00 ns, 11.1151 us/op
WorkloadPilot    8: 22496 op, 249287531.00 ns, 11.0814 us/op
WorkloadPilot    9: 22560 op, 250144494.00 ns, 11.0880 us/op

OverheadWarmup   1: 22560 op, 92770.00 ns, 4.1121 ns/op
OverheadWarmup   2: 22560 op, 60962.00 ns, 2.7022 ns/op
OverheadWarmup   3: 22560 op, 59790.00 ns, 2.6503 ns/op
OverheadWarmup   4: 22560 op, 69144.00 ns, 3.0649 ns/op
OverheadWarmup   5: 22560 op, 61272.00 ns, 2.7160 ns/op
OverheadWarmup   6: 22560 op, 63486.00 ns, 2.8141 ns/op
OverheadWarmup   7: 22560 op, 69295.00 ns, 3.0716 ns/op
OverheadWarmup   8: 22560 op, 68824.00 ns, 3.0507 ns/op

OverheadActual   1: 22560 op, 69185.00 ns, 3.0667 ns/op
OverheadActual   2: 22560 op, 61814.00 ns, 2.7400 ns/op
OverheadActual   3: 22560 op, 62003.00 ns, 2.7484 ns/op
OverheadActual   4: 22560 op, 65198.00 ns, 2.8900 ns/op
OverheadActual   5: 22560 op, 61783.00 ns, 2.7386 ns/op
OverheadActual   6: 22560 op, 61422.00 ns, 2.7226 ns/op
OverheadActual   7: 22560 op, 65488.00 ns, 2.9028 ns/op
OverheadActual   8: 22560 op, 66410.00 ns, 2.9437 ns/op
OverheadActual   9: 22560 op, 68923.00 ns, 3.0551 ns/op
OverheadActual  10: 22560 op, 69735.00 ns, 3.0911 ns/op
OverheadActual  11: 22560 op, 69024.00 ns, 3.0596 ns/op
OverheadActual  12: 22560 op, 66531.00 ns, 2.9491 ns/op

WorkloadWarmup   1: 22560 op, 250638758.00 ns, 11.1099 us/op
WorkloadWarmup   2: 22560 op, 250139707.00 ns, 11.0878 us/op
WorkloadWarmup   3: 22560 op, 250291245.00 ns, 11.0945 us/op
WorkloadWarmup   4: 22560 op, 250125084.00 ns, 11.0871 us/op
WorkloadWarmup   5: 22560 op, 249928909.00 ns, 11.0784 us/op

// BeforeActualRun
WorkloadActual   1: 22560 op, 245220574.00 ns, 10.8697 us/op
WorkloadActual   2: 22560 op, 250257604.00 ns, 11.0930 us/op
WorkloadActual   3: 22560 op, 249866595.00 ns, 11.0756 us/op
WorkloadActual   4: 22560 op, 252945916.00 ns, 11.2121 us/op
WorkloadActual   5: 22560 op, 253700803.00 ns, 11.2456 us/op
WorkloadActual   6: 22560 op, 262002763.00 ns, 11.6136 us/op
WorkloadActual   7: 22560 op, 249672953.00 ns, 11.0671 us/op
WorkloadActual   8: 22560 op, 250050111.00 ns, 11.0838 us/op

// AfterActualRun
WorkloadResult   1: 22560 op, 245154625.00 ns, 10.8668 us/op
WorkloadResult   2: 22560 op, 250191655.00 ns, 11.0901 us/op
WorkloadResult   3: 22560 op, 249800646.00 ns, 11.0727 us/op
WorkloadResult   4: 22560 op, 252879967.00 ns, 11.2092 us/op
WorkloadResult   5: 22560 op, 253634854.00 ns, 11.2427 us/op
WorkloadResult   6: 22560 op, 249607004.00 ns, 11.0641 us/op
WorkloadResult   7: 22560 op, 249984162.00 ns, 11.0809 us/op
// GC:  0 0 0 902400 22560
// Threading:  0 0 22560

// AfterAll
// Benchmark Process 4521 has exited with code 0.

Mean = 11.089 μs, StdErr = 0.046 μs (0.41%), N = 7, StdDev = 0.121 μs
Min = 10.867 μs, Q1 = 11.068 μs, Median = 11.081 μs, Q3 = 11.150 μs, Max = 11.243 μs
IQR = 0.081 μs, LowerFence = 10.947 μs, UpperFence = 11.271 μs
ConfidenceInterval = [10.816 μs; 11.363 μs] (CI 99.9%), Margin = 0.273 μs (2.47% of Mean)
Skewness = -0.46, Kurtosis = 2.12, MValue = 2

// ** Remained 5 (5.3 %) benchmark(s) to run. Estimated finish 2026-08-11 9:36 (0h 0m from now) **
// ***** BenchmarkRunner: Finish  *****

// * Export *
  tmp/dotnet-matrix/LinqQueries/4112bfa66d854e1a9cc414e42f130abf/results/Matrix.LinqQueries.Benchmarks.ValueDelegateFilter-report.csv
  tmp/dotnet-matrix/LinqQueries/4112bfa66d854e1a9cc414e42f130abf/results/Matrix.LinqQueries.Benchmarks.ValueDelegateFilter-report-github.md
  tmp/dotnet-matrix/LinqQueries/4112bfa66d854e1a9cc414e42f130abf/results/Matrix.LinqQueries.Benchmarks.ValueDelegateFilter-report.html
  tmp/dotnet-matrix/LinqQueries/4112bfa66d854e1a9cc414e42f130abf/results/Matrix.LinqQueries.Benchmarks.ValueDelegateFilter-report-full.json

// * Detailed results *
ValueDelegateFilter.HandCoded: Quick(MaxRelativeError=0.05, Arguments=/p:MatrixMode=Benchmark, IterationTime=250ms, MaxIterationCount=12, MaxWarmupIterationCount=5, MinIterationCount=8, MinWarmupIterationCount=3)
Runtime = .NET 10.0.10 (10.0.10, 10.0.1026.32716), X64 RyuJIT x86-64-v3; GC = Concurrent Workstation
Mean = 10.955 μs, StdErr = 0.001 μs (0.01%), N = 7, StdDev = 0.003 μs
Min = 10.951 μs, Q1 = 10.953 μs, Median = 10.954 μs, Q3 = 10.958 μs, Max = 10.960 μs
IQR = 0.005 μs, LowerFence = 10.946 μs, UpperFence = 10.965 μs
ConfidenceInterval = [10.948 μs; 10.963 μs] (CI 99.9%), Margin = 0.008 μs (0.07% of Mean)
Skewness = 0.12, Kurtosis = 1.23, MValue = 2
-------------------- Histogram --------------------
[10.948 μs ; 10.963 μs) | @@@@@@@
---------------------------------------------------

ValueDelegateFilter.StructLinq: Quick(MaxRelativeError=0.05, Arguments=/p:MatrixMode=Benchmark, IterationTime=250ms, MaxIterationCount=12, MaxWarmupIterationCount=5, MinIterationCount=8, MinWarmupIterationCount=3)
Runtime = .NET 10.0.10 (10.0.10, 10.0.1026.32716), X64 RyuJIT x86-64-v3; GC = Concurrent Workstation
Mean = 11.089 μs, StdErr = 0.046 μs (0.41%), N = 7, StdDev = 0.121 μs
Min = 10.867 μs, Q1 = 11.068 μs, Median = 11.081 μs, Q3 = 11.150 μs, Max = 11.243 μs
IQR = 0.081 μs, LowerFence = 10.947 μs, UpperFence = 11.271 μs
ConfidenceInterval = [10.816 μs; 11.363 μs] (CI 99.9%), Margin = 0.273 μs (2.47% of Mean)
Skewness = -0.46, Kurtosis = 2.12, MValue = 2
-------------------- Histogram --------------------
[10.784 μs ; 11.248 μs) | @@@@@@@
---------------------------------------------------

// * Summary *

BenchmarkDotNet v0.15.8, Linux Ubuntu 24.04.4 LTS (Noble Numbat)
AMD EPYC 9V74 2.60GHz, 1 CPU, 4 logical and 2 physical cores
.NET SDK 10.0.302
  [Host] : .NET 10.0.10 (10.0.10, 10.0.1026.32716), X64 RyuJIT x86-64-v3
  Quick  : .NET 10.0.10 (10.0.10, 10.0.1026.32716), X64 RyuJIT x86-64-v3

Job=Quick  MaxRelativeError=0.05  Arguments=/p:MatrixMode=Benchmark  
IterationTime=250ms  MaxIterationCount=12  MaxWarmupIterationCount=5  
MinIterationCount=8  MinWarmupIterationCount=3  

| Method     | Mean     | Error    | StdDev   | Ratio | Allocated | Alloc Ratio |
|----------- |---------:|---------:|---------:|------:|----------:|------------:|
| HandCoded  | 10.96 μs | 0.008 μs | 0.003 μs |  1.00 |         - |          NA |
| StructLinq | 11.09 μs | 0.273 μs | 0.121 μs |  1.01 |      40 B |          NA |

// * Hints *
Outliers
  ValueDelegateFilter.HandCoded: Quick  -> 1 outlier  was  removed (10.97 μs)
  ValueDelegateFilter.StructLinq: Quick -> 1 outlier  was  removed (11.61 μs)

// * Legends *
  Mean        : Arithmetic mean of all measurements
  Error       : Half of 99.9% confidence interval
  StdDev      : Standard deviation of all measurements
  Ratio       : Mean of the ratio distribution ([Current]/[Baseline])
  Allocated   : Allocated memory per single operation (managed only, inclusive, 1KB = 1024B)
  Alloc Ratio : Allocated memory ratio distribution ([Current]/[Baseline])
  1 μs        : 1 Microsecond (0.000001 sec)

// * Diagnostic Output - MemoryDiagnoser *


// ***** BenchmarkRunner: End *****
Run time: 00:00:10 (10.61 sec), executed benchmarks: 2

// Found 5 benchmarks:
//   ZipPairs.HandCoded: Quick(MaxRelativeError=0.05, Arguments=/p:MatrixMode=Benchmark, IterationTime=250ms, MaxIterationCount=12, MaxWarmupIterationCount=5, MinIterationCount=8, MinWarmupIterationCount=3)
//   ZipPairs.LinqAF: Quick(MaxRelativeError=0.05, Arguments=/p:MatrixMode=Benchmark, IterationTime=250ms, MaxIterationCount=12, MaxWarmupIterationCount=5, MinIterationCount=8, MinWarmupIterationCount=3)
//   ZipPairs.StructLinq: Quick(MaxRelativeError=0.05, Arguments=/p:MatrixMode=Benchmark, IterationTime=250ms, MaxIterationCount=12, MaxWarmupIterationCount=5, MinIterationCount=8, MinWarmupIterationCount=3)
//   ZipPairs.SystemLinq: Quick(MaxRelativeError=0.05, Arguments=/p:MatrixMode=Benchmark, IterationTime=250ms, MaxIterationCount=12, MaxWarmupIterationCount=5, MinIterationCount=8, MinWarmupIterationCount=3)
//   ZipPairs.ZLinq: Quick(MaxRelativeError=0.05, Arguments=/p:MatrixMode=Benchmark, IterationTime=250ms, MaxIterationCount=12, MaxWarmupIterationCount=5, MinIterationCount=8, MinWarmupIterationCount=3)

// **************************
// Benchmark: ZipPairs.HandCoded: Quick(MaxRelativeError=0.05, Arguments=/p:MatrixMode=Benchmark, IterationTime=250ms, MaxIterationCount=12, MaxWarmupIterationCount=5, MinIterationCount=8, MinWarmupIterationCount=3)
// *** Execute ***
// Launch: 1 / 1
// Execute: dotnet Matrix.LinqQueries-Quick-1.dll --anonymousPipes 129 130 --benchmarkName Matrix.LinqQueries.Benchmarks.ZipPairs.HandCoded --job Quick --benchmarkId 89 in /home/runner/work/dotnet-matrix/dotnet-matrix/src/Matrix.LinqQueries/bin/Benchmark/Release/net10.0/Matrix.LinqQueries-Quick-1/bin/Release/net10.0
// Failed to set up high priority (Permission denied). In order to run benchmarks with high priority, make sure you have the right permissions.
// BeforeAnythingElse

// Benchmark Process Environment Information:
// BenchmarkDotNet v0.15.8
// Runtime=.NET 10.0.10 (10.0.10, 10.0.1026.32716), X64 RyuJIT x86-64-v3
// GC=Concurrent Workstation
// HardwareIntrinsics=AVX2+BMI1+BMI2+F16C+FMA+LZCNT+MOVBE,AVX,SSE3+SSSE3+SSE4.1+SSE4.2+POPCNT,X86Base+SSE+SSE2,AES+PCLMUL VectorSize=256
// Job: Quick(MaxRelativeError=0.05, IterationTime=250ms, MaxIterationCount=12, MaxWarmupIterationCount=5, MinIterationCount=8, MinWarmupIterationCount=3)

OverheadJitting  1: 1 op, 232020.00 ns, 232.0200 us/op
WorkloadJitting  1: 1 op, 667706.00 ns, 667.7060 us/op

OverheadJitting  2: 16 op, 486273.00 ns, 30.3921 us/op
WorkloadJitting  2: 16 op, 1262702.00 ns, 78.9189 us/op

WorkloadPilot    1: 16 op, 732744.00 ns, 45.7965 us/op
WorkloadPilot    2: 5472 op, 110817521.00 ns, 20.2517 us/op
WorkloadPilot    3: 12352 op, 158030727.00 ns, 12.7939 us/op
WorkloadPilot    4: 19552 op, 195337666.00 ns, 9.9907 us/op
WorkloadPilot    5: 25024 op, 252730350.00 ns, 10.0995 us/op
WorkloadPilot    6: 24768 op, 249156305.00 ns, 10.0596 us/op
WorkloadPilot    7: 24864 op, 248450982.00 ns, 9.9924 us/op
WorkloadPilot    8: 25024 op, 249426863.00 ns, 9.9675 us/op
WorkloadPilot    9: 25088 op, 250825561.00 ns, 9.9978 us/op
WorkloadPilot   10: 25008 op, 249654946.00 ns, 9.9830 us/op
WorkloadPilot   11: 25056 op, 253451337.00 ns, 10.1154 us/op

OverheadWarmup   1: 25056 op, 135665.00 ns, 5.4145 ns/op
OverheadWarmup   2: 25056 op, 124738.00 ns, 4.9784 ns/op
OverheadWarmup   3: 25056 op, 128614.00 ns, 5.1331 ns/op
OverheadWarmup   4: 25056 op, 124507.00 ns, 4.9691 ns/op
OverheadWarmup   5: 25056 op, 124568.00 ns, 4.9716 ns/op
OverheadWarmup   6: 25056 op, 132660.00 ns, 5.2945 ns/op
OverheadWarmup   7: 25056 op, 125099.00 ns, 4.9928 ns/op

OverheadActual   1: 25056 op, 126180.00 ns, 5.0359 ns/op
OverheadActual   2: 25056 op, 118649.00 ns, 4.7354 ns/op
OverheadActual   3: 25056 op, 120161.00 ns, 4.7957 ns/op
OverheadActual   4: 25056 op, 140702.00 ns, 5.6155 ns/op
OverheadActual   5: 25056 op, 118158.00 ns, 4.7158 ns/op
OverheadActual   6: 25056 op, 118058.00 ns, 4.7118 ns/op
OverheadActual   7: 25056 op, 126531.00 ns, 5.0499 ns/op
OverheadActual   8: 25056 op, 117818.00 ns, 4.7022 ns/op
OverheadActual   9: 25056 op, 121073.00 ns, 4.8321 ns/op
OverheadActual  10: 25056 op, 118068.00 ns, 4.7122 ns/op

WorkloadWarmup   1: 25056 op, 256455414.00 ns, 10.2353 us/op
WorkloadWarmup   2: 25056 op, 252119470.00 ns, 10.0622 us/op
WorkloadWarmup   3: 25056 op, 252540505.00 ns, 10.0790 us/op
WorkloadWarmup   4: 25056 op, 256514673.00 ns, 10.2377 us/op
WorkloadWarmup   5: 25056 op, 254978118.00 ns, 10.1763 us/op

// BeforeActualRun
WorkloadActual   1: 25056 op, 259591850.00 ns, 10.3605 us/op
WorkloadActual   2: 25056 op, 256200858.00 ns, 10.2251 us/op
WorkloadActual   3: 25056 op, 259617969.00 ns, 10.3615 us/op
WorkloadActual   4: 25056 op, 256373367.00 ns, 10.2320 us/op
WorkloadActual   5: 25056 op, 256390513.00 ns, 10.2327 us/op
WorkloadActual   6: 25056 op, 256045735.00 ns, 10.2189 us/op
WorkloadActual   7: 25056 op, 256310512.00 ns, 10.2295 us/op
WorkloadActual   8: 25056 op, 256755192.00 ns, 10.2473 us/op

// AfterActualRun
WorkloadResult   1: 25056 op, 256081453.00 ns, 10.2204 us/op
WorkloadResult   2: 25056 op, 256253962.00 ns, 10.2272 us/op
WorkloadResult   3: 25056 op, 256271108.00 ns, 10.2279 us/op
WorkloadResult   4: 25056 op, 255926330.00 ns, 10.2142 us/op
WorkloadResult   5: 25056 op, 256191107.00 ns, 10.2247 us/op
WorkloadResult   6: 25056 op, 256635787.00 ns, 10.2425 us/op
// GC:  59 0 0 1002841344 25056
// Threading:  0 0 25056

// AfterAll
// Benchmark Process 4529 has exited with code 0.

Mean = 10.226 μs, StdErr = 0.004 μs (0.04%), N = 6, StdDev = 0.009 μs
Min = 10.214 μs, Q1 = 10.221 μs, Median = 10.226 μs, Q3 = 10.228 μs, Max = 10.242 μs
IQR = 0.006 μs, LowerFence = 10.212 μs, UpperFence = 10.237 μs
ConfidenceInterval = [10.200 μs; 10.253 μs] (CI 99.9%), Margin = 0.027 μs (0.26% of Mean)
Skewness = 0.48, Kurtosis = 1.91, MValue = 2

// ** Remained 4 (4.3 %) benchmark(s) to run. Estimated finish 2026-08-11 9:36 (0h 0m from now) **
// **************************
// Benchmark: ZipPairs.LinqAF: Quick(MaxRelativeError=0.05, Arguments=/p:MatrixMode=Benchmark, IterationTime=250ms, MaxIterationCount=12, MaxWarmupIterationCount=5, MinIterationCount=8, MinWarmupIterationCount=3)
// *** Execute ***
// Launch: 1 / 1
// Execute: dotnet Matrix.LinqQueries-Quick-1.dll --anonymousPipes 129 130 --benchmarkName Matrix.LinqQueries.Benchmarks.ZipPairs.LinqAF --job Quick --benchmarkId 90 in /home/runner/work/dotnet-matrix/dotnet-matrix/src/Matrix.LinqQueries/bin/Benchmark/Release/net10.0/Matrix.LinqQueries-Quick-1/bin/Release/net10.0
// Failed to set up high priority (Permission denied). In order to run benchmarks with high priority, make sure you have the right permissions.
// BeforeAnythingElse

// Benchmark Process Environment Information:
// BenchmarkDotNet v0.15.8
// Runtime=.NET 10.0.10 (10.0.10, 10.0.1026.32716), X64 RyuJIT x86-64-v3
// GC=Concurrent Workstation
// HardwareIntrinsics=AVX2+BMI1+BMI2+F16C+FMA+LZCNT+MOVBE,AVX,SSE3+SSSE3+SSE4.1+SSE4.2+POPCNT,X86Base+SSE+SSE2,AES+PCLMUL VectorSize=256
// Job: Quick(MaxRelativeError=0.05, IterationTime=250ms, MaxIterationCount=12, MaxWarmupIterationCount=5, MinIterationCount=8, MinWarmupIterationCount=3)

OverheadJitting  1: 1 op, 239350.00 ns, 239.3500 us/op
WorkloadJitting  1: 1 op, 94714541.00 ns, 94.7145 ms/op

WorkloadPilot    1: 4 op, 713664.00 ns, 178.4160 us/op
WorkloadPilot    2: 1401 op, 108615659.00 ns, 77.5272 us/op
WorkloadPilot    3: 3225 op, 159938036.00 ns, 49.5932 us/op
WorkloadPilot    4: 5041 op, 171696350.00 ns, 34.0600 us/op
WorkloadPilot    5: 7340 op, 251422818.00 ns, 34.2538 us/op
WorkloadPilot    6: 7298 op, 253827416.00 ns, 34.7804 us/op
WorkloadPilot    7: 7188 op, 249824653.00 ns, 34.7558 us/op
WorkloadPilot    8: 7193 op, 244504948.00 ns, 33.9921 us/op
WorkloadPilot    9: 7355 op, 248228952.00 ns, 33.7497 us/op
WorkloadPilot   10: 7407 op, 248692520.00 ns, 33.5753 us/op
WorkloadPilot   11: 7446 op, 254117512.00 ns, 34.1281 us/op

WorkloadWarmup   1: 7446 op, 249166452.00 ns, 33.4631 us/op
WorkloadWarmup   2: 7446 op, 251777992.00 ns, 33.8139 us/op
WorkloadWarmup   3: 7446 op, 251720095.00 ns, 33.8061 us/op
WorkloadWarmup   4: 7446 op, 251911513.00 ns, 33.8318 us/op
WorkloadWarmup   5: 7446 op, 251407705.00 ns, 33.7641 us/op

// BeforeActualRun
WorkloadActual   1: 7446 op, 248667469.00 ns, 33.3961 us/op
WorkloadActual   2: 7446 op, 255468249.00 ns, 34.3095 us/op
WorkloadActual   3: 7446 op, 249513336.00 ns, 33.5097 us/op
WorkloadActual   4: 7446 op, 252961411.00 ns, 33.9728 us/op
WorkloadActual   5: 7446 op, 260887965.00 ns, 35.0373 us/op
WorkloadActual   6: 7446 op, 251532689.00 ns, 33.7809 us/op
WorkloadActual   7: 7446 op, 250550489.00 ns, 33.6490 us/op
WorkloadActual   8: 7446 op, 250979555.00 ns, 33.7066 us/op

// AfterActualRun
WorkloadResult   1: 7446 op, 248667469.00 ns, 33.3961 us/op
WorkloadResult   2: 7446 op, 255468249.00 ns, 34.3095 us/op
WorkloadResult   3: 7446 op, 249513336.00 ns, 33.5097 us/op
WorkloadResult   4: 7446 op, 252961411.00 ns, 33.9728 us/op
WorkloadResult   5: 7446 op, 251532689.00 ns, 33.7809 us/op
WorkloadResult   6: 7446 op, 250550489.00 ns, 33.6490 us/op
WorkloadResult   7: 7446 op, 250979555.00 ns, 33.7066 us/op
// GC:  68 5 0 1154189568 7446
// Threading:  0 0 7446

// AfterAll
// Benchmark Process 4539 has exited with code 0.

Mean = 33.761 μs, StdErr = 0.115 μs (0.34%), N = 7, StdDev = 0.305 μs
Min = 33.396 μs, Q1 = 33.579 μs, Median = 33.707 μs, Q3 = 33.877 μs, Max = 34.309 μs
IQR = 0.297 μs, LowerFence = 33.133 μs, UpperFence = 34.323 μs
ConfidenceInterval = [33.074 μs; 34.447 μs] (CI 99.9%), Margin = 0.687 μs (2.03% of Mean)
Skewness = 0.55, Kurtosis = 1.89, MValue = 2

// ** Remained 3 (3.2 %) benchmark(s) to run. Estimated finish 2026-08-11 9:36 (0h 0m from now) **
// **************************
// Benchmark: ZipPairs.StructLinq: Quick(MaxRelativeError=0.05, Arguments=/p:MatrixMode=Benchmark, IterationTime=250ms, MaxIterationCount=12, MaxWarmupIterationCount=5, MinIterationCount=8, MinWarmupIterationCount=3)
// *** Execute ***
// Launch: 1 / 1
// Execute: dotnet Matrix.LinqQueries-Quick-1.dll --anonymousPipes 129 130 --benchmarkName Matrix.LinqQueries.Benchmarks.ZipPairs.StructLinq --job Quick --benchmarkId 91 in /home/runner/work/dotnet-matrix/dotnet-matrix/src/Matrix.LinqQueries/bin/Benchmark/Release/net10.0/Matrix.LinqQueries-Quick-1/bin/Release/net10.0
// Failed to set up high priority (Permission denied). In order to run benchmarks with high priority, make sure you have the right permissions.
// BeforeAnythingElse

// Benchmark Process Environment Information:
// BenchmarkDotNet v0.15.8
// Runtime=.NET 10.0.10 (10.0.10, 10.0.1026.32716), X64 RyuJIT x86-64-v3
// GC=Concurrent Workstation
// HardwareIntrinsics=AVX2+BMI1+BMI2+F16C+FMA+LZCNT+MOVBE,AVX,SSE3+SSSE3+SSE4.1+SSE4.2+POPCNT,X86Base+SSE+SSE2,AES+PCLMUL VectorSize=256
// Job: Quick(MaxRelativeError=0.05, IterationTime=250ms, MaxIterationCount=12, MaxWarmupIterationCount=5, MinIterationCount=8, MinWarmupIterationCount=3)

OverheadJitting  1: 1 op, 241043.00 ns, 241.0430 us/op
WorkloadJitting  1: 1 op, 6292529.00 ns, 6.2925 ms/op

OverheadJitting  2: 16 op, 512211.00 ns, 32.0132 us/op
WorkloadJitting  2: 16 op, 2187325.00 ns, 136.7078 us/op

WorkloadPilot    1: 16 op, 1558898.00 ns, 97.4311 us/op
WorkloadPilot    2: 2576 op, 198890370.00 ns, 77.2090 us/op
WorkloadPilot    3: 3248 op, 139705504.00 ns, 43.0128 us/op
WorkloadPilot    4: 5824 op, 169137650.00 ns, 29.0415 us/op
WorkloadPilot    5: 8608 op, 249399376.00 ns, 28.9730 us/op
WorkloadPilot    6: 8640 op, 254547722.00 ns, 29.4615 us/op
WorkloadPilot    7: 8496 op, 249389772.00 ns, 29.3538 us/op
WorkloadPilot    8: 8528 op, 249730035.00 ns, 29.2835 us/op
WorkloadPilot    9: 8544 op, 253345711.00 ns, 29.6519 us/op
WorkloadPilot   10: 8432 op, 247509910.00 ns, 29.3536 us/op
WorkloadPilot   11: 8528 op, 252079764.00 ns, 29.5591 us/op

OverheadWarmup   1: 8528 op, 42664.00 ns, 5.0028 ns/op
OverheadWarmup   2: 8528 op, 37727.00 ns, 4.4239 ns/op
OverheadWarmup   3: 8528 op, 37807.00 ns, 4.4333 ns/op
OverheadWarmup   4: 8528 op, 37717.00 ns, 4.4227 ns/op
OverheadWarmup   5: 8528 op, 34752.00 ns, 4.0750 ns/op
OverheadWarmup   6: 8528 op, 37737.00 ns, 4.4251 ns/op
OverheadWarmup   7: 8528 op, 37677.00 ns, 4.4180 ns/op

OverheadActual   1: 8528 op, 39569.00 ns, 4.6399 ns/op
OverheadActual   2: 8528 op, 34782.00 ns, 4.0786 ns/op
OverheadActual   3: 8528 op, 37797.00 ns, 4.4321 ns/op
OverheadActual   4: 8528 op, 37746.00 ns, 4.4261 ns/op
OverheadActual   5: 8528 op, 34792.00 ns, 4.0797 ns/op
OverheadActual   6: 8528 op, 37677.00 ns, 4.4180 ns/op
OverheadActual   7: 8528 op, 37666.00 ns, 4.4167 ns/op
OverheadActual   8: 8528 op, 37767.00 ns, 4.4286 ns/op
OverheadActual   9: 8528 op, 37356.00 ns, 4.3804 ns/op
OverheadActual  10: 8528 op, 34752.00 ns, 4.0750 ns/op
OverheadActual  11: 8528 op, 34752.00 ns, 4.0750 ns/op
OverheadActual  12: 8528 op, 34772.00 ns, 4.0774 ns/op

WorkloadWarmup   1: 8528 op, 254387891.00 ns, 29.8297 us/op
WorkloadWarmup   2: 8528 op, 251220249.00 ns, 29.4583 us/op
WorkloadWarmup   3: 8528 op, 247691975.00 ns, 29.0446 us/op
WorkloadWarmup   4: 8528 op, 247575609.00 ns, 29.0309 us/op
WorkloadWarmup   5: 8528 op, 254049802.00 ns, 29.7901 us/op

// BeforeActualRun
WorkloadActual   1: 8528 op, 251693573.00 ns, 29.5138 us/op
WorkloadActual   2: 8528 op, 251505819.00 ns, 29.4918 us/op
WorkloadActual   3: 8528 op, 251649536.00 ns, 29.5086 us/op
WorkloadActual   4: 8528 op, 250498582.00 ns, 29.3737 us/op
WorkloadActual   5: 8528 op, 250230339.00 ns, 29.3422 us/op
WorkloadActual   6: 8528 op, 247835631.00 ns, 29.0614 us/op
WorkloadActual   7: 8528 op, 250214815.00 ns, 29.3404 us/op
WorkloadActual   8: 8528 op, 248663498.00 ns, 29.1585 us/op

// AfterActualRun
WorkloadResult   1: 8528 op, 251656062.00 ns, 29.5094 us/op
WorkloadResult   2: 8528 op, 251468308.00 ns, 29.4874 us/op
WorkloadResult   3: 8528 op, 251612025.00 ns, 29.5042 us/op
WorkloadResult   4: 8528 op, 250461071.00 ns, 29.3693 us/op
WorkloadResult   5: 8528 op, 250192828.00 ns, 29.3378 us/op
WorkloadResult   6: 8528 op, 247798120.00 ns, 29.0570 us/op
WorkloadResult   7: 8528 op, 250177304.00 ns, 29.3360 us/op
WorkloadResult   8: 8528 op, 248625987.00 ns, 29.1541 us/op
// GC:  20 0 0 342211584 8528
// Threading:  0 0 8528

// AfterAll
// Benchmark Process 4548 has exited with code 0.

Mean = 29.344 μs, StdErr = 0.059 μs (0.20%), N = 8, StdDev = 0.166 μs
Min = 29.057 μs, Q1 = 29.291 μs, Median = 29.354 μs, Q3 = 29.492 μs, Max = 29.509 μs
IQR = 0.201 μs, LowerFence = 28.989 μs, UpperFence = 29.793 μs
ConfidenceInterval = [29.027 μs; 29.662 μs] (CI 99.9%), Margin = 0.317 μs (1.08% of Mean)
Skewness = -0.52, Kurtosis = 1.64, MValue = 2

// ** Remained 2 (2.1 %) benchmark(s) to run. Estimated finish 2026-08-11 9:36 (0h 0m from now) **
// **************************
// Benchmark: ZipPairs.SystemLinq: Quick(MaxRelativeError=0.05, Arguments=/p:MatrixMode=Benchmark, IterationTime=250ms, MaxIterationCount=12, MaxWarmupIterationCount=5, MinIterationCount=8, MinWarmupIterationCount=3)
// *** Execute ***
// Launch: 1 / 1
// Execute: dotnet Matrix.LinqQueries-Quick-1.dll --anonymousPipes 129 130 --benchmarkName Matrix.LinqQueries.Benchmarks.ZipPairs.SystemLinq --job Quick --benchmarkId 92 in /home/runner/work/dotnet-matrix/dotnet-matrix/src/Matrix.LinqQueries/bin/Benchmark/Release/net10.0/Matrix.LinqQueries-Quick-1/bin/Release/net10.0
// Failed to set up high priority (Permission denied). In order to run benchmarks with high priority, make sure you have the right permissions.
// BeforeAnythingElse

// Benchmark Process Environment Information:
// BenchmarkDotNet v0.15.8
// Runtime=.NET 10.0.10 (10.0.10, 10.0.1026.32716), X64 RyuJIT x86-64-v3
// GC=Concurrent Workstation
// HardwareIntrinsics=AVX2+BMI1+BMI2+F16C+FMA+LZCNT+MOVBE,AVX,SSE3+SSSE3+SSE4.1+SSE4.2+POPCNT,X86Base+SSE+SSE2,AES+PCLMUL VectorSize=256
// Job: Quick(MaxRelativeError=0.05, IterationTime=250ms, MaxIterationCount=12, MaxWarmupIterationCount=5, MinIterationCount=8, MinWarmupIterationCount=3)

OverheadJitting  1: 1 op, 242105.00 ns, 242.1050 us/op
WorkloadJitting  1: 1 op, 2899398.00 ns, 2.8994 ms/op

OverheadJitting  2: 16 op, 514896.00 ns, 32.1810 us/op
WorkloadJitting  2: 16 op, 16703452.00 ns, 1.0440 ms/op

WorkloadPilot    1: 16 op, 15823998.00 ns, 988.9999 us/op
WorkloadPilot    2: 256 op, 170372200.00 ns, 665.5164 us/op
WorkloadPilot    3: 384 op, 39779063.00 ns, 103.5913 us/op
WorkloadPilot    4: 2416 op, 213167686.00 ns, 88.2317 us/op
WorkloadPilot    5: 2848 op, 235469452.00 ns, 82.6789 us/op
WorkloadPilot    6: 3024 op, 253762910.00 ns, 83.9163 us/op
WorkloadPilot    7: 2992 op, 247346484.00 ns, 82.6693 us/op
WorkloadPilot    8: 3024 op, 250252442.00 ns, 82.7554 us/op

OverheadWarmup   1: 3024 op, 15563.00 ns, 5.1465 ns/op
OverheadWarmup   2: 3024 op, 13911.00 ns, 4.6002 ns/op
OverheadWarmup   3: 3024 op, 13811.00 ns, 4.5671 ns/op
OverheadWarmup   4: 3024 op, 12770.00 ns, 4.2229 ns/op
OverheadWarmup   5: 3024 op, 13801.00 ns, 4.5638 ns/op
OverheadWarmup   6: 3024 op, 12840.00 ns, 4.2460 ns/op
OverheadWarmup   7: 3024 op, 12819.00 ns, 4.2391 ns/op
OverheadWarmup   8: 3024 op, 13791.00 ns, 4.5605 ns/op
OverheadWarmup   9: 3024 op, 13951.00 ns, 4.6134 ns/op
OverheadWarmup  10: 3024 op, 13821.00 ns, 4.5704 ns/op

OverheadActual   1: 3024 op, 12819.00 ns, 4.2391 ns/op
OverheadActual   2: 3024 op, 12789.00 ns, 4.2292 ns/op
OverheadActual   3: 3024 op, 13911.00 ns, 4.6002 ns/op
OverheadActual   4: 3024 op, 12799.00 ns, 4.2325 ns/op
OverheadActual   5: 3024 op, 12829.00 ns, 4.2424 ns/op
OverheadActual   6: 3024 op, 12819.00 ns, 4.2391 ns/op
OverheadActual   7: 3024 op, 12779.00 ns, 4.2259 ns/op
OverheadActual   8: 3024 op, 12920.00 ns, 4.2725 ns/op

WorkloadWarmup   1: 3024 op, 276532921.00 ns, 91.4461 us/op
WorkloadWarmup   2: 3024 op, 250602481.00 ns, 82.8712 us/op
WorkloadWarmup   3: 3024 op, 259720924.00 ns, 85.8865 us/op
WorkloadWarmup   4: 3024 op, 251774643.00 ns, 83.2588 us/op
WorkloadWarmup   5: 3024 op, 250956320.00 ns, 82.9882 us/op

// BeforeActualRun
WorkloadActual   1: 3024 op, 252972546.00 ns, 83.6549 us/op
WorkloadActual   2: 3024 op, 251032555.00 ns, 83.0134 us/op
WorkloadActual   3: 3024 op, 250471109.00 ns, 82.8277 us/op
WorkloadActual   4: 3024 op, 250315194.00 ns, 82.7762 us/op
WorkloadActual   5: 3024 op, 250932844.00 ns, 82.9804 us/op
WorkloadActual   6: 3024 op, 251166316.00 ns, 83.0576 us/op
WorkloadActual   7: 3024 op, 251373057.00 ns, 83.1260 us/op
WorkloadActual   8: 3024 op, 251572387.00 ns, 83.1919 us/op

// AfterActualRun
WorkloadResult   1: 3024 op, 251019736.00 ns, 83.0092 us/op
WorkloadResult   2: 3024 op, 250458290.00 ns, 82.8235 us/op
WorkloadResult   3: 3024 op, 250302375.00 ns, 82.7719 us/op
WorkloadResult   4: 3024 op, 250920025.00 ns, 82.9762 us/op
WorkloadResult   5: 3024 op, 251153497.00 ns, 83.0534 us/op
WorkloadResult   6: 3024 op, 251360238.00 ns, 83.1218 us/op
WorkloadResult   7: 3024 op, 251559568.00 ns, 83.1877 us/op
// GC:  7 0 0 121516416 3024
// Threading:  0 0 3024

// AfterAll
// Benchmark Process 4559 has exited with code 0.

Mean = 82.992 μs, StdErr = 0.057 μs (0.07%), N = 7, StdDev = 0.151 μs
Min = 82.772 μs, Q1 = 82.900 μs, Median = 83.009 μs, Q3 = 83.088 μs, Max = 83.188 μs
IQR = 0.188 μs, LowerFence = 82.618 μs, UpperFence = 83.369 μs
ConfidenceInterval = [82.653 μs; 83.331 μs] (CI 99.9%), Margin = 0.339 μs (0.41% of Mean)
Skewness = -0.23, Kurtosis = 1.36, MValue = 2

// ** Remained 1 (1.1 %) benchmark(s) to run. Estimated finish 2026-08-11 9:36 (0h 0m from now) **
// **************************
// Benchmark: ZipPairs.ZLinq: Quick(MaxRelativeError=0.05, Arguments=/p:MatrixMode=Benchmark, IterationTime=250ms, MaxIterationCount=12, MaxWarmupIterationCount=5, MinIterationCount=8, MinWarmupIterationCount=3)
// *** Execute ***
// Launch: 1 / 1
// Execute: dotnet Matrix.LinqQueries-Quick-1.dll --anonymousPipes 129 130 --benchmarkName Matrix.LinqQueries.Benchmarks.ZipPairs.ZLinq --job Quick --benchmarkId 93 in /home/runner/work/dotnet-matrix/dotnet-matrix/src/Matrix.LinqQueries/bin/Benchmark/Release/net10.0/Matrix.LinqQueries-Quick-1/bin/Release/net10.0
// Failed to set up high priority (Permission denied). In order to run benchmarks with high priority, make sure you have the right permissions.
// BeforeAnythingElse

// Benchmark Process Environment Information:
// BenchmarkDotNet v0.15.8
// Runtime=.NET 10.0.10 (10.0.10, 10.0.1026.32716), X64 RyuJIT x86-64-v3
// GC=Concurrent Workstation
// HardwareIntrinsics=AVX2+BMI1+BMI2+F16C+FMA+LZCNT+MOVBE,AVX,SSE3+SSSE3+SSE4.1+SSE4.2+POPCNT,X86Base+SSE+SSE2,AES+PCLMUL VectorSize=256
// Job: Quick(MaxRelativeError=0.05, IterationTime=250ms, MaxIterationCount=12, MaxWarmupIterationCount=5, MinIterationCount=8, MinWarmupIterationCount=3)

OverheadJitting  1: 1 op, 246571.00 ns, 246.5710 us/op
WorkloadJitting  1: 1 op, 4263540.00 ns, 4.2635 ms/op

OverheadJitting  2: 16 op, 523328.00 ns, 32.7080 us/op
WorkloadJitting  2: 16 op, 1687872.00 ns, 105.4920 us/op

WorkloadPilot    1: 16 op, 1164734.00 ns, 72.7959 us/op
WorkloadPilot    2: 3440 op, 174419875.00 ns, 50.7035 us/op
WorkloadPilot    3: 4944 op, 115923687.00 ns, 23.4473 us/op
WorkloadPilot    4: 10672 op, 159406407.00 ns, 14.9369 us/op
WorkloadPilot    5: 16752 op, 249577484.00 ns, 14.8984 us/op
WorkloadPilot    6: 16784 op, 252945085.00 ns, 15.0706 us/op
WorkloadPilot    7: 16592 op, 247899116.00 ns, 14.9409 us/op
WorkloadPilot    8: 16736 op, 249984616.00 ns, 14.9369 us/op
WorkloadPilot    9: 16752 op, 250403337.00 ns, 14.9477 us/op
WorkloadPilot   10: 16736 op, 251265486.00 ns, 15.0135 us/op

OverheadWarmup   1: 16736 op, 92840.00 ns, 5.5473 ns/op
OverheadWarmup   2: 16736 op, 83095.00 ns, 4.9650 ns/op
OverheadWarmup   3: 16736 op, 82324.00 ns, 4.9190 ns/op
OverheadWarmup   4: 16736 op, 83636.00 ns, 4.9974 ns/op
OverheadWarmup   5: 16736 op, 83125.00 ns, 4.9668 ns/op
OverheadWarmup   6: 16736 op, 82975.00 ns, 4.9579 ns/op
OverheadWarmup   7: 16736 op, 84647.00 ns, 5.0578 ns/op
OverheadWarmup   8: 16736 op, 83987.00 ns, 5.0183 ns/op

OverheadActual   1: 16736 op, 84638.00 ns, 5.0572 ns/op
OverheadActual   2: 16736 op, 83215.00 ns, 4.9722 ns/op
OverheadActual   3: 16736 op, 86060.00 ns, 5.1422 ns/op
OverheadActual   4: 16736 op, 70326.00 ns, 4.2021 ns/op
OverheadActual   5: 16736 op, 68072.00 ns, 4.0674 ns/op
OverheadActual   6: 16736 op, 79710.00 ns, 4.7628 ns/op
OverheadActual   7: 16736 op, 73961.00 ns, 4.4193 ns/op
OverheadActual   8: 16736 op, 76396.00 ns, 4.5648 ns/op
OverheadActual   9: 16736 op, 68053.00 ns, 4.0663 ns/op
OverheadActual  10: 16736 op, 81323.00 ns, 4.8592 ns/op
OverheadActual  11: 16736 op, 68043.00 ns, 4.0657 ns/op
OverheadActual  12: 16736 op, 76836.00 ns, 4.5911 ns/op

WorkloadWarmup   1: 16736 op, 256295370.00 ns, 15.3140 us/op
WorkloadWarmup   2: 16736 op, 253894936.00 ns, 15.1706 us/op
WorkloadWarmup   3: 16736 op, 251680110.00 ns, 15.0382 us/op
WorkloadWarmup   4: 16736 op, 249481669.00 ns, 14.9069 us/op
WorkloadWarmup   5: 16736 op, 249338224.00 ns, 14.8983 us/op

// BeforeActualRun
WorkloadActual   1: 16736 op, 252312242.00 ns, 15.0760 us/op
WorkloadActual   2: 16736 op, 249963405.00 ns, 14.9357 us/op
WorkloadActual   3: 16736 op, 250820876.00 ns, 14.9869 us/op
WorkloadActual   4: 16736 op, 250869259.00 ns, 14.9898 us/op
WorkloadActual   5: 16736 op, 251148970.00 ns, 15.0065 us/op
WorkloadActual   6: 16736 op, 250143055.00 ns, 14.9464 us/op
WorkloadActual   7: 16736 op, 249624591.00 ns, 14.9154 us/op
WorkloadActual   8: 16736 op, 249418340.00 ns, 14.9031 us/op

// AfterActualRun
WorkloadResult   1: 16736 op, 252235626.00 ns, 15.0714 us/op
WorkloadResult   2: 16736 op, 249886789.00 ns, 14.9311 us/op
WorkloadResult   3: 16736 op, 250744260.00 ns, 14.9823 us/op
WorkloadResult   4: 16736 op, 250792643.00 ns, 14.9852 us/op
WorkloadResult   5: 16736 op, 251072354.00 ns, 15.0019 us/op
WorkloadResult   6: 16736 op, 250066439.00 ns, 14.9418 us/op
WorkloadResult   7: 16736 op, 249547975.00 ns, 14.9108 us/op
WorkloadResult   8: 16736 op, 249341724.00 ns, 14.8985 us/op
// GC:  39 0 0 669841664 16736
// Threading:  0 0 16736

// AfterAll
// Benchmark Process 4566 has exited with code 0.

Mean = 14.965 μs, StdErr = 0.020 μs (0.13%), N = 8, StdDev = 0.057 μs
Min = 14.899 μs, Q1 = 14.926 μs, Median = 14.962 μs, Q3 = 14.989 μs, Max = 15.071 μs
IQR = 0.063 μs, LowerFence = 14.831 μs, UpperFence = 15.084 μs
ConfidenceInterval = [14.857 μs; 15.074 μs] (CI 99.9%), Margin = 0.108 μs (0.72% of Mean)
Skewness = 0.51, Kurtosis = 1.93, MValue = 2

// ** Remained 0 (0.0 %) benchmark(s) to run. Estimated finish 2026-08-11 9:36 (0h 0m from now) **
// ***** BenchmarkRunner: Finish  *****

// * Export *
  tmp/dotnet-matrix/LinqQueries/4112bfa66d854e1a9cc414e42f130abf/results/Matrix.LinqQueries.Benchmarks.ZipPairs-report.csv
  tmp/dotnet-matrix/LinqQueries/4112bfa66d854e1a9cc414e42f130abf/results/Matrix.LinqQueries.Benchmarks.ZipPairs-report-github.md
  tmp/dotnet-matrix/LinqQueries/4112bfa66d854e1a9cc414e42f130abf/results/Matrix.LinqQueries.Benchmarks.ZipPairs-report.html
  tmp/dotnet-matrix/LinqQueries/4112bfa66d854e1a9cc414e42f130abf/results/Matrix.LinqQueries.Benchmarks.ZipPairs-report-full.json

// * Detailed results *
ZipPairs.HandCoded: Quick(MaxRelativeError=0.05, Arguments=/p:MatrixMode=Benchmark, IterationTime=250ms, MaxIterationCount=12, MaxWarmupIterationCount=5, MinIterationCount=8, MinWarmupIterationCount=3)
Runtime = .NET 10.0.10 (10.0.10, 10.0.1026.32716), X64 RyuJIT x86-64-v3; GC = Concurrent Workstation
Mean = 10.226 μs, StdErr = 0.004 μs (0.04%), N = 6, StdDev = 0.009 μs
Min = 10.214 μs, Q1 = 10.221 μs, Median = 10.226 μs, Q3 = 10.228 μs, Max = 10.242 μs
IQR = 0.006 μs, LowerFence = 10.212 μs, UpperFence = 10.237 μs
ConfidenceInterval = [10.200 μs; 10.253 μs] (CI 99.9%), Margin = 0.027 μs (0.26% of Mean)
Skewness = 0.48, Kurtosis = 1.91, MValue = 2
-------------------- Histogram --------------------
[10.207 μs ; 10.249 μs) | @@@@@@
---------------------------------------------------

ZipPairs.ZLinq: Quick(MaxRelativeError=0.05, Arguments=/p:MatrixMode=Benchmark, IterationTime=250ms, MaxIterationCount=12, MaxWarmupIterationCount=5, MinIterationCount=8, MinWarmupIterationCount=3)
Runtime = .NET 10.0.10 (10.0.10, 10.0.1026.32716), X64 RyuJIT x86-64-v3; GC = Concurrent Workstation
Mean = 14.965 μs, StdErr = 0.020 μs (0.13%), N = 8, StdDev = 0.057 μs
Min = 14.899 μs, Q1 = 14.926 μs, Median = 14.962 μs, Q3 = 14.989 μs, Max = 15.071 μs
IQR = 0.063 μs, LowerFence = 14.831 μs, UpperFence = 15.084 μs
ConfidenceInterval = [14.857 μs; 15.074 μs] (CI 99.9%), Margin = 0.108 μs (0.72% of Mean)
Skewness = 0.51, Kurtosis = 1.93, MValue = 2
-------------------- Histogram --------------------
[14.861 μs ; 15.109 μs) | @@@@@@@@
---------------------------------------------------

ZipPairs.StructLinq: Quick(MaxRelativeError=0.05, Arguments=/p:MatrixMode=Benchmark, IterationTime=250ms, MaxIterationCount=12, MaxWarmupIterationCount=5, MinIterationCount=8, MinWarmupIterationCount=3)
Runtime = .NET 10.0.10 (10.0.10, 10.0.1026.32716), X64 RyuJIT x86-64-v3; GC = Concurrent Workstation
Mean = 29.344 μs, StdErr = 0.059 μs (0.20%), N = 8, StdDev = 0.166 μs
Min = 29.057 μs, Q1 = 29.291 μs, Median = 29.354 μs, Q3 = 29.492 μs, Max = 29.509 μs
IQR = 0.201 μs, LowerFence = 28.989 μs, UpperFence = 29.793 μs
ConfidenceInterval = [29.027 μs; 29.662 μs] (CI 99.9%), Margin = 0.317 μs (1.08% of Mean)
Skewness = -0.52, Kurtosis = 1.64, MValue = 2
-------------------- Histogram --------------------
[28.948 μs ; 29.618 μs) | @@@@@@@@
---------------------------------------------------

ZipPairs.LinqAF: Quick(MaxRelativeError=0.05, Arguments=/p:MatrixMode=Benchmark, IterationTime=250ms, MaxIterationCount=12, MaxWarmupIterationCount=5, MinIterationCount=8, MinWarmupIterationCount=3)
Runtime = .NET 10.0.10 (10.0.10, 10.0.1026.32716), X64 RyuJIT x86-64-v3; GC = Concurrent Workstation
Mean = 33.761 μs, StdErr = 0.115 μs (0.34%), N = 7, StdDev = 0.305 μs
Min = 33.396 μs, Q1 = 33.579 μs, Median = 33.707 μs, Q3 = 33.877 μs, Max = 34.309 μs
IQR = 0.297 μs, LowerFence = 33.133 μs, UpperFence = 34.323 μs
ConfidenceInterval = [33.074 μs; 34.447 μs] (CI 99.9%), Margin = 0.687 μs (2.03% of Mean)
Skewness = 0.55, Kurtosis = 1.89, MValue = 2
-------------------- Histogram --------------------
[33.253 μs ; 34.519 μs) | @@@@@@@
---------------------------------------------------

ZipPairs.SystemLinq: Quick(MaxRelativeError=0.05, Arguments=/p:MatrixMode=Benchmark, IterationTime=250ms, MaxIterationCount=12, MaxWarmupIterationCount=5, MinIterationCount=8, MinWarmupIterationCount=3)
Runtime = .NET 10.0.10 (10.0.10, 10.0.1026.32716), X64 RyuJIT x86-64-v3; GC = Concurrent Workstation
Mean = 82.992 μs, StdErr = 0.057 μs (0.07%), N = 7, StdDev = 0.151 μs
Min = 82.772 μs, Q1 = 82.900 μs, Median = 83.009 μs, Q3 = 83.088 μs, Max = 83.188 μs
IQR = 0.188 μs, LowerFence = 82.618 μs, UpperFence = 83.369 μs
ConfidenceInterval = [82.653 μs; 83.331 μs] (CI 99.9%), Margin = 0.339 μs (0.41% of Mean)
Skewness = -0.23, Kurtosis = 1.36, MValue = 2
-------------------- Histogram --------------------
[82.669 μs ; 83.291 μs) | @@@@@@@
---------------------------------------------------

// * Summary *

BenchmarkDotNet v0.15.8, Linux Ubuntu 24.04.4 LTS (Noble Numbat)
AMD EPYC 9V74 2.60GHz, 1 CPU, 4 logical and 2 physical cores
.NET SDK 10.0.302
  [Host] : .NET 10.0.10 (10.0.10, 10.0.1026.32716), X64 RyuJIT x86-64-v3
  Quick  : .NET 10.0.10 (10.0.10, 10.0.1026.32716), X64 RyuJIT x86-64-v3

Job=Quick  MaxRelativeError=0.05  Arguments=/p:MatrixMode=Benchmark  
IterationTime=250ms  MaxIterationCount=12  MaxWarmupIterationCount=5  
MinIterationCount=8  MinWarmupIterationCount=3  

| Method     | Mean     | Error    | StdDev   | Ratio | RatioSD | Gen0   | Gen1   | Allocated | Alloc Ratio |
|----------- |---------:|---------:|---------:|------:|--------:|-------:|-------:|----------:|------------:|
| HandCoded  | 10.23 μs | 0.027 μs | 0.009 μs |  1.00 |    0.00 | 2.3547 |      - |  39.09 KB |        1.00 |
| ZLinq      | 14.97 μs | 0.108 μs | 0.057 μs |  1.46 |    0.01 | 2.3303 |      - |  39.09 KB |        1.00 |
| StructLinq | 29.34 μs | 0.317 μs | 0.166 μs |  2.87 |    0.02 | 2.3452 |      - |  39.19 KB |        1.00 |
| LinqAF     | 33.76 μs | 0.687 μs | 0.305 μs |  3.30 |    0.03 | 9.1324 | 0.6715 | 151.38 KB |        3.87 |
| SystemLinq | 82.99 μs | 0.339 μs | 0.151 μs |  8.12 |    0.02 | 2.3148 |      - |  39.24 KB |        1.00 |

// * Hints *
Outliers
  ZipPairs.HandCoded: Quick  -> 2 outliers were removed (10.36 μs, 10.36 μs)
  ZipPairs.LinqAF: Quick     -> 1 outlier  was  removed (35.04 μs)
  ZipPairs.SystemLinq: Quick -> 1 outlier  was  removed (83.65 μs)

// * Legends *
  Mean        : Arithmetic mean of all measurements
  Error       : Half of 99.9% confidence interval
  StdDev      : Standard deviation of all measurements
  Ratio       : Mean of the ratio distribution ([Current]/[Baseline])
  RatioSD     : Standard deviation of the ratio distribution ([Current]/[Baseline])
  Gen0        : GC Generation 0 collects per 1000 operations
  Gen1        : GC Generation 1 collects per 1000 operations
  Allocated   : Allocated memory per single operation (managed only, inclusive, 1KB = 1024B)
  Alloc Ratio : Allocated memory ratio distribution ([Current]/[Baseline])
  1 μs        : 1 Microsecond (0.000001 sec)

// * Diagnostic Output - MemoryDiagnoser *


// ***** BenchmarkRunner: End *****
Run time: 00:00:28 (28.96 sec), executed benchmarks: 5

Global total time: 00:08:42 (522.18 sec), executed benchmarks: 94
// * Artifacts cleanup *
Artifacts cleanup is finished
