// Validating benchmarks:
// ***** BenchmarkRunner: Start   *****
// ***** Found 38 benchmark(s) in total *****
// ***** Building 1 exe(s) in Parallel: Start   *****
// start dotnet  restore /p:MatrixMode=Benchmark --nodeReuse:false /p:UseSharedCompilation=false /p:Deterministic=true /p:Optimize=true /p:ArtifactsPath="/home/runner/work/dotnet-matrix/dotnet-matrix/src/Matrix.JsonSerialization/bin/Benchmark/Release/net10.0/Matrix.JsonSerialization-Quick-1/" /p:OutDir="/home/runner/work/dotnet-matrix/dotnet-matrix/src/Matrix.JsonSerialization/bin/Benchmark/Release/net10.0/Matrix.JsonSerialization-Quick-1/bin/Release/net10.0/" /p:OutputPath="/home/runner/work/dotnet-matrix/dotnet-matrix/src/Matrix.JsonSerialization/bin/Benchmark/Release/net10.0/Matrix.JsonSerialization-Quick-1/bin/Release/net10.0/" /p:PublishDir="/home/runner/work/dotnet-matrix/dotnet-matrix/src/Matrix.JsonSerialization/bin/Benchmark/Release/net10.0/Matrix.JsonSerialization-Quick-1/publish/" in /home/runner/work/dotnet-matrix/dotnet-matrix/src/Matrix.JsonSerialization/bin/Benchmark/Release/net10.0/Matrix.JsonSerialization-Quick-1
// command took 1.31 sec and exited with 0
// start dotnet  build -c Release /p:MatrixMode=Benchmark --no-restore --nodeReuse:false /p:UseSharedCompilation=false /p:Deterministic=true /p:Optimize=true /p:ArtifactsPath="/home/runner/work/dotnet-matrix/dotnet-matrix/src/Matrix.JsonSerialization/bin/Benchmark/Release/net10.0/Matrix.JsonSerialization-Quick-1/" /p:OutDir="/home/runner/work/dotnet-matrix/dotnet-matrix/src/Matrix.JsonSerialization/bin/Benchmark/Release/net10.0/Matrix.JsonSerialization-Quick-1/bin/Release/net10.0/" /p:OutputPath="/home/runner/work/dotnet-matrix/dotnet-matrix/src/Matrix.JsonSerialization/bin/Benchmark/Release/net10.0/Matrix.JsonSerialization-Quick-1/bin/Release/net10.0/" /p:PublishDir="/home/runner/work/dotnet-matrix/dotnet-matrix/src/Matrix.JsonSerialization/bin/Benchmark/Release/net10.0/Matrix.JsonSerialization-Quick-1/publish/" --output "/home/runner/work/dotnet-matrix/dotnet-matrix/src/Matrix.JsonSerialization/bin/Benchmark/Release/net10.0/Matrix.JsonSerialization-Quick-1/bin/Release/net10.0/" in /home/runner/work/dotnet-matrix/dotnet-matrix/src/Matrix.JsonSerialization/bin/Benchmark/Release/net10.0/Matrix.JsonSerialization-Quick-1
// command took 10.45 sec and exited with 0
// ***** Done, took 00:00:11 (11.88 sec)   *****
// Found 3 benchmarks:
//   CustomConverterRoundTrip.NewtonsoftJson: Quick(MaxRelativeError=0.05, Arguments=/p:MatrixMode=Benchmark, IterationTime=250ms, MaxIterationCount=12, MaxWarmupIterationCount=5, MinIterationCount=8, MinWarmupIterationCount=3)
//   CustomConverterRoundTrip.ServiceStackText: Quick(MaxRelativeError=0.05, Arguments=/p:MatrixMode=Benchmark, IterationTime=250ms, MaxIterationCount=12, MaxWarmupIterationCount=5, MinIterationCount=8, MinWarmupIterationCount=3)
//   CustomConverterRoundTrip.SystemTextJson: Quick(MaxRelativeError=0.05, Arguments=/p:MatrixMode=Benchmark, IterationTime=250ms, MaxIterationCount=12, MaxWarmupIterationCount=5, MinIterationCount=8, MinWarmupIterationCount=3)

// **************************
// Benchmark: CustomConverterRoundTrip.NewtonsoftJson: Quick(MaxRelativeError=0.05, Arguments=/p:MatrixMode=Benchmark, IterationTime=250ms, MaxIterationCount=12, MaxWarmupIterationCount=5, MinIterationCount=8, MinWarmupIterationCount=3)
// *** Execute ***
// Launch: 1 / 1
// Execute: dotnet Matrix.JsonSerialization-Quick-1.dll --anonymousPipes 121 122 --benchmarkName Matrix.JsonSerialization.Benchmarks.CustomConverterRoundTrip.NewtonsoftJson --job Quick --benchmarkId 0 in /home/runner/work/dotnet-matrix/dotnet-matrix/src/Matrix.JsonSerialization/bin/Benchmark/Release/net10.0/Matrix.JsonSerialization-Quick-1/bin/Release/net10.0
// Failed to set up high priority (Permission denied). In order to run benchmarks with high priority, make sure you have the right permissions.
// BeforeAnythingElse

// Benchmark Process Environment Information:
// BenchmarkDotNet v0.15.8
// Runtime=.NET 10.0.11 (10.0.11, 10.0.1126.37416), X64 RyuJIT x86-64-v3
// GC=Concurrent Workstation
// HardwareIntrinsics=AVX2+BMI1+BMI2+F16C+FMA+LZCNT+MOVBE,AVX,SSE3+SSSE3+SSE4.1+SSE4.2+POPCNT,X86Base+SSE+SSE2,AES+PCLMUL VectorSize=256
// Job: Quick(MaxRelativeError=0.05, IterationTime=250ms, MaxIterationCount=12, MaxWarmupIterationCount=5, MinIterationCount=8, MinWarmupIterationCount=3)

OverheadJitting  1: 1 op, 264089.00 ns, 264.0890 us/op
WorkloadJitting  1: 1 op, 65650447.00 ns, 65.6504 ms/op

WorkloadPilot    1: 4 op, 144868.00 ns, 36.2170 us/op
WorkloadPilot    2: 6903 op, 44485078.00 ns, 6.4443 us/op
WorkloadPilot    3: 38794 op, 261263389.00 ns, 6.7346 us/op
WorkloadPilot    4: 37122 op, 172560506.00 ns, 4.6485 us/op
WorkloadPilot    5: 53781 op, 68016526.00 ns, 1.2647 us/op
WorkloadPilot    6: 197676 op, 172922993.00 ns, 874.7799 ns/op
WorkloadPilot    7: 285786 op, 244110814.00 ns, 854.1735 ns/op
WorkloadPilot    8: 292681 op, 261495339.00 ns, 893.4483 ns/op
WorkloadPilot    9: 279815 op, 241609965.00 ns, 863.4632 ns/op
WorkloadPilot   10: 289532 op, 243013056.00 ns, 839.3306 ns/op
WorkloadPilot   11: 297856 op, 254233979.00 ns, 853.5466 ns/op

WorkloadWarmup   1: 297856 op, 249671268.00 ns, 838.2281 ns/op
WorkloadWarmup   2: 297856 op, 254374331.00 ns, 854.0178 ns/op
WorkloadWarmup   3: 297856 op, 252654748.00 ns, 848.2446 ns/op
WorkloadWarmup   4: 297856 op, 253364337.00 ns, 850.6269 ns/op
WorkloadWarmup   5: 297856 op, 253644741.00 ns, 851.5683 ns/op

// BeforeActualRun
WorkloadActual   1: 297856 op, 257506625.00 ns, 864.5340 ns/op
WorkloadActual   2: 297856 op, 249733602.00 ns, 838.4374 ns/op
WorkloadActual   3: 297856 op, 251425784.00 ns, 844.1186 ns/op
WorkloadActual   4: 297856 op, 255031121.00 ns, 856.2229 ns/op
WorkloadActual   5: 297856 op, 254108630.00 ns, 853.1258 ns/op
WorkloadActual   6: 297856 op, 252031247.00 ns, 846.1513 ns/op
WorkloadActual   7: 297856 op, 253945725.00 ns, 852.5788 ns/op
WorkloadActual   8: 297856 op, 255454881.00 ns, 857.6456 ns/op

// AfterActualRun
WorkloadResult   1: 297856 op, 257506625.00 ns, 864.5340 ns/op
WorkloadResult   2: 297856 op, 249733602.00 ns, 838.4374 ns/op
WorkloadResult   3: 297856 op, 251425784.00 ns, 844.1186 ns/op
WorkloadResult   4: 297856 op, 255031121.00 ns, 856.2229 ns/op
WorkloadResult   5: 297856 op, 254108630.00 ns, 853.1258 ns/op
WorkloadResult   6: 297856 op, 252031247.00 ns, 846.1513 ns/op
WorkloadResult   7: 297856 op, 253945725.00 ns, 852.5788 ns/op
WorkloadResult   8: 297856 op, 255454881.00 ns, 857.6456 ns/op
// GC:  85 0 0 1427325952 297856
// Threading:  0 0 297856

// AfterAll
// Benchmark Process 3741 has exited with code 0.

Mean = 851.602 ns, StdErr = 2.950 ns (0.35%), N = 8, StdDev = 8.344 ns
Min = 838.437 ns, Q1 = 845.643 ns, Median = 852.852 ns, Q3 = 856.579 ns, Max = 864.534 ns
IQR = 10.935 ns, LowerFence = 829.240 ns, UpperFence = 872.982 ns
ConfidenceInterval = [835.647 ns; 867.556 ns] (CI 99.9%), Margin = 15.954 ns (1.87% of Mean)
Skewness = -0.08, Kurtosis = 1.65, MValue = 2

// ** Remained 37 (97.4 %) benchmark(s) to run. Estimated finish 2026-08-28 9:43 (0h 3m from now) **
// **************************
// Benchmark: CustomConverterRoundTrip.ServiceStackText: Quick(MaxRelativeError=0.05, Arguments=/p:MatrixMode=Benchmark, IterationTime=250ms, MaxIterationCount=12, MaxWarmupIterationCount=5, MinIterationCount=8, MinWarmupIterationCount=3)
// *** Execute ***
// Launch: 1 / 1
// Execute: dotnet Matrix.JsonSerialization-Quick-1.dll --anonymousPipes 121 122 --benchmarkName Matrix.JsonSerialization.Benchmarks.CustomConverterRoundTrip.ServiceStackText --job Quick --benchmarkId 1 in /home/runner/work/dotnet-matrix/dotnet-matrix/src/Matrix.JsonSerialization/bin/Benchmark/Release/net10.0/Matrix.JsonSerialization-Quick-1/bin/Release/net10.0
// Failed to set up high priority (Permission denied). In order to run benchmarks with high priority, make sure you have the right permissions.
// BeforeAnythingElse

// Benchmark Process Environment Information:
// BenchmarkDotNet v0.15.8
// Runtime=.NET 10.0.11 (10.0.11, 10.0.1126.37416), X64 RyuJIT x86-64-v3
// GC=Concurrent Workstation
// HardwareIntrinsics=AVX2+BMI1+BMI2+F16C+FMA+LZCNT+MOVBE,AVX,SSE3+SSSE3+SSE4.1+SSE4.2+POPCNT,X86Base+SSE+SSE2,AES+PCLMUL VectorSize=256
// Job: Quick(MaxRelativeError=0.05, IterationTime=250ms, MaxIterationCount=12, MaxWarmupIterationCount=5, MinIterationCount=8, MinWarmupIterationCount=3)

OverheadJitting  1: 1 op, 237348.00 ns, 237.3480 us/op
WorkloadJitting  1: 1 op, 57144494.00 ns, 57.1445 ms/op

WorkloadPilot    1: 4 op, 284939.00 ns, 71.2348 us/op
WorkloadPilot    2: 3510 op, 7637479.00 ns, 2.1759 us/op
WorkloadPilot    3: 114894 op, 279245521.00 ns, 2.4305 us/op
WorkloadPilot    4: 102861 op, 60802311.00 ns, 591.1114 ns/op
WorkloadPilot    5: 422932 op, 116257517.00 ns, 274.8847 ns/op
WorkloadPilot    6: 909472 op, 253984693.00 ns, 279.2661 ns/op
WorkloadPilot    7: 895204 op, 246046521.00 ns, 274.8497 ns/op
WorkloadPilot    8: 909588 op, 250676885.00 ns, 275.5939 ns/op

WorkloadWarmup   1: 909588 op, 250349130.00 ns, 275.2335 ns/op
WorkloadWarmup   2: 909588 op, 247623078.00 ns, 272.2365 ns/op
WorkloadWarmup   3: 909588 op, 253448074.00 ns, 278.6405 ns/op
WorkloadWarmup   4: 909588 op, 250121187.00 ns, 274.9829 ns/op
WorkloadWarmup   5: 909588 op, 249092395.00 ns, 273.8519 ns/op

// BeforeActualRun
WorkloadActual   1: 909588 op, 247927979.00 ns, 272.5717 ns/op
WorkloadActual   2: 909588 op, 248442024.00 ns, 273.1369 ns/op
WorkloadActual   3: 909588 op, 248198918.00 ns, 272.8696 ns/op
WorkloadActual   4: 909588 op, 249740953.00 ns, 274.5649 ns/op
WorkloadActual   5: 909588 op, 249129910.00 ns, 273.8931 ns/op
WorkloadActual   6: 909588 op, 249492022.00 ns, 274.2912 ns/op
WorkloadActual   7: 909588 op, 249047552.00 ns, 273.8026 ns/op
WorkloadActual   8: 909588 op, 249729981.00 ns, 274.5529 ns/op

// AfterActualRun
WorkloadResult   1: 909588 op, 247927979.00 ns, 272.5717 ns/op
WorkloadResult   2: 909588 op, 248442024.00 ns, 273.1369 ns/op
WorkloadResult   3: 909588 op, 248198918.00 ns, 272.8696 ns/op
WorkloadResult   4: 909588 op, 249740953.00 ns, 274.5649 ns/op
WorkloadResult   5: 909588 op, 249129910.00 ns, 273.8931 ns/op
WorkloadResult   6: 909588 op, 249492022.00 ns, 274.2912 ns/op
WorkloadResult   7: 909588 op, 249047552.00 ns, 273.8026 ns/op
WorkloadResult   8: 909588 op, 249729981.00 ns, 274.5529 ns/op
// GC:  21 0 0 356558496 909588
// Threading:  0 0 909588

// AfterAll
// Benchmark Process 3752 has exited with code 0.

Mean = 273.710 ns, StdErr = 0.272 ns (0.10%), N = 8, StdDev = 0.770 ns
Min = 272.572 ns, Q1 = 273.070 ns, Median = 273.848 ns, Q3 = 274.357 ns, Max = 274.565 ns
IQR = 1.287 ns, LowerFence = 271.140 ns, UpperFence = 276.287 ns
ConfidenceInterval = [272.238 ns; 275.183 ns] (CI 99.9%), Margin = 1.472 ns (0.54% of Mean)
Skewness = -0.23, Kurtosis = 1.22, MValue = 2

// ** Remained 36 (94.7 %) benchmark(s) to run. Estimated finish 2026-08-28 9:43 (0h 3m from now) **
// **************************
// Benchmark: CustomConverterRoundTrip.SystemTextJson: Quick(MaxRelativeError=0.05, Arguments=/p:MatrixMode=Benchmark, IterationTime=250ms, MaxIterationCount=12, MaxWarmupIterationCount=5, MinIterationCount=8, MinWarmupIterationCount=3)
// *** Execute ***
// Launch: 1 / 1
// Execute: dotnet Matrix.JsonSerialization-Quick-1.dll --anonymousPipes 121 122 --benchmarkName Matrix.JsonSerialization.Benchmarks.CustomConverterRoundTrip.SystemTextJson --job Quick --benchmarkId 2 in /home/runner/work/dotnet-matrix/dotnet-matrix/src/Matrix.JsonSerialization/bin/Benchmark/Release/net10.0/Matrix.JsonSerialization-Quick-1/bin/Release/net10.0
// Failed to set up high priority (Permission denied). In order to run benchmarks with high priority, make sure you have the right permissions.
// BeforeAnythingElse

// Benchmark Process Environment Information:
// BenchmarkDotNet v0.15.8
// Runtime=.NET 10.0.11 (10.0.11, 10.0.1126.37416), X64 RyuJIT x86-64-v3
// GC=Concurrent Workstation
// HardwareIntrinsics=AVX2+BMI1+BMI2+F16C+FMA+LZCNT+MOVBE,AVX,SSE3+SSSE3+SSE4.1+SSE4.2+POPCNT,X86Base+SSE+SSE2,AES+PCLMUL VectorSize=256
// Job: Quick(MaxRelativeError=0.05, IterationTime=250ms, MaxIterationCount=12, MaxWarmupIterationCount=5, MinIterationCount=8, MinWarmupIterationCount=3)

OverheadJitting  1: 1 op, 234554.00 ns, 234.5540 us/op
WorkloadJitting  1: 1 op, 28801935.00 ns, 28.8019 ms/op

WorkloadPilot    1: 4 op, 122114.00 ns, 30.5285 us/op
WorkloadPilot    2: 8189 op, 9825511.00 ns, 1.1998 us/op
WorkloadPilot    3: 208361 op, 249603811.00 ns, 1.1979 us/op
WorkloadPilot    4: 208692 op, 276288967.00 ns, 1.3239 us/op
WorkloadPilot    5: 188835 op, 174862171.00 ns, 926.0051 ns/op
WorkloadPilot    6: 269977 op, 83911361.00 ns, 310.8093 ns/op
WorkloadPilot    7: 804352 op, 226447122.00 ns, 281.5274 ns/op
WorkloadPilot    8: 888013 op, 250288925.00 ns, 281.8528 ns/op
WorkloadPilot    9: 886988 op, 249553255.00 ns, 281.3491 ns/op
WorkloadPilot   10: 888576 op, 250330998.00 ns, 281.7215 ns/op

WorkloadWarmup   1: 888576 op, 249981510.00 ns, 281.3282 ns/op
WorkloadWarmup   2: 888576 op, 249828600.00 ns, 281.1561 ns/op
WorkloadWarmup   3: 888576 op, 249975331.00 ns, 281.3213 ns/op
WorkloadWarmup   4: 888576 op, 253877076.00 ns, 285.7123 ns/op
WorkloadWarmup   5: 888576 op, 249999808.00 ns, 281.3488 ns/op

// BeforeActualRun
WorkloadActual   1: 888576 op, 250471279.00 ns, 281.8794 ns/op
WorkloadActual   2: 888576 op, 250387944.00 ns, 281.7856 ns/op
WorkloadActual   3: 888576 op, 249928781.00 ns, 281.2689 ns/op
WorkloadActual   4: 888576 op, 250104246.00 ns, 281.4664 ns/op
WorkloadActual   5: 888576 op, 249721489.00 ns, 281.0356 ns/op
WorkloadActual   6: 888576 op, 254219573.00 ns, 286.0977 ns/op
WorkloadActual   7: 888576 op, 256346261.00 ns, 288.4911 ns/op
WorkloadActual   8: 888576 op, 250221463.00 ns, 281.5983 ns/op

// AfterActualRun
WorkloadResult   1: 888576 op, 250471279.00 ns, 281.8794 ns/op
WorkloadResult   2: 888576 op, 250387944.00 ns, 281.7856 ns/op
WorkloadResult   3: 888576 op, 249928781.00 ns, 281.2689 ns/op
WorkloadResult   4: 888576 op, 250104246.00 ns, 281.4664 ns/op
WorkloadResult   5: 888576 op, 249721489.00 ns, 281.0356 ns/op
WorkloadResult   6: 888576 op, 250221463.00 ns, 281.5983 ns/op
// GC:  6 0 0 106629120 888576
// Threading:  0 0 888576

// AfterAll
// Benchmark Process 3761 has exited with code 0.

Mean = 281.506 ns, StdErr = 0.130 ns (0.05%), N = 6, StdDev = 0.318 ns
Min = 281.036 ns, Q1 = 281.318 ns, Median = 281.532 ns, Q3 = 281.739 ns, Max = 281.879 ns
IQR = 0.421 ns, LowerFence = 280.687 ns, UpperFence = 282.370 ns
ConfidenceInterval = [280.614 ns; 282.397 ns] (CI 99.9%), Margin = 0.891 ns (0.32% of Mean)
Skewness = -0.22, Kurtosis = 1.27, MValue = 2

// ** Remained 35 (92.1 %) benchmark(s) to run. Estimated finish 2026-08-28 9:43 (0h 3m from now) **
// ***** BenchmarkRunner: Finish  *****

// * Export *
  tmp/dotnet-matrix/JsonSerialization/a5cf7d52a15c448f9385f0251b69bef8/results/Matrix.JsonSerialization.Benchmarks.CustomConverterRoundTrip-report.csv
  tmp/dotnet-matrix/JsonSerialization/a5cf7d52a15c448f9385f0251b69bef8/results/Matrix.JsonSerialization.Benchmarks.CustomConverterRoundTrip-report-github.md
  tmp/dotnet-matrix/JsonSerialization/a5cf7d52a15c448f9385f0251b69bef8/results/Matrix.JsonSerialization.Benchmarks.CustomConverterRoundTrip-report.html
  tmp/dotnet-matrix/JsonSerialization/a5cf7d52a15c448f9385f0251b69bef8/results/Matrix.JsonSerialization.Benchmarks.CustomConverterRoundTrip-report-full.json

// * Detailed results *
CustomConverterRoundTrip.ServiceStackText: Quick(MaxRelativeError=0.05, Arguments=/p:MatrixMode=Benchmark, IterationTime=250ms, MaxIterationCount=12, MaxWarmupIterationCount=5, MinIterationCount=8, MinWarmupIterationCount=3)
Runtime = .NET 10.0.11 (10.0.11, 10.0.1126.37416), X64 RyuJIT x86-64-v3; GC = Concurrent Workstation
Mean = 273.710 ns, StdErr = 0.272 ns (0.10%), N = 8, StdDev = 0.770 ns
Min = 272.572 ns, Q1 = 273.070 ns, Median = 273.848 ns, Q3 = 274.357 ns, Max = 274.565 ns
IQR = 1.287 ns, LowerFence = 271.140 ns, UpperFence = 276.287 ns
ConfidenceInterval = [272.238 ns; 275.183 ns] (CI 99.9%), Margin = 1.472 ns (0.54% of Mean)
Skewness = -0.23, Kurtosis = 1.22, MValue = 2
-------------------- Histogram --------------------
[272.066 ns ; 275.070 ns) | @@@@@@@@
---------------------------------------------------

CustomConverterRoundTrip.SystemTextJson: Quick(MaxRelativeError=0.05, Arguments=/p:MatrixMode=Benchmark, IterationTime=250ms, MaxIterationCount=12, MaxWarmupIterationCount=5, MinIterationCount=8, MinWarmupIterationCount=3)
Runtime = .NET 10.0.11 (10.0.11, 10.0.1126.37416), X64 RyuJIT x86-64-v3; GC = Concurrent Workstation
Mean = 281.506 ns, StdErr = 0.130 ns (0.05%), N = 6, StdDev = 0.318 ns
Min = 281.036 ns, Q1 = 281.318 ns, Median = 281.532 ns, Q3 = 281.739 ns, Max = 281.879 ns
IQR = 0.421 ns, LowerFence = 280.687 ns, UpperFence = 282.370 ns
ConfidenceInterval = [280.614 ns; 282.397 ns] (CI 99.9%), Margin = 0.891 ns (0.32% of Mean)
Skewness = -0.22, Kurtosis = 1.27, MValue = 2
-------------------- Histogram --------------------
[280.806 ns ; 282.109 ns) | @@@@@@
---------------------------------------------------

CustomConverterRoundTrip.NewtonsoftJson: Quick(MaxRelativeError=0.05, Arguments=/p:MatrixMode=Benchmark, IterationTime=250ms, MaxIterationCount=12, MaxWarmupIterationCount=5, MinIterationCount=8, MinWarmupIterationCount=3)
Runtime = .NET 10.0.11 (10.0.11, 10.0.1126.37416), X64 RyuJIT x86-64-v3; GC = Concurrent Workstation
Mean = 851.602 ns, StdErr = 2.950 ns (0.35%), N = 8, StdDev = 8.344 ns
Min = 838.437 ns, Q1 = 845.643 ns, Median = 852.852 ns, Q3 = 856.579 ns, Max = 864.534 ns
IQR = 10.935 ns, LowerFence = 829.240 ns, UpperFence = 872.982 ns
ConfidenceInterval = [835.647 ns; 867.556 ns] (CI 99.9%), Margin = 15.954 ns (1.87% of Mean)
Skewness = -0.08, Kurtosis = 1.65, MValue = 2
-------------------- Histogram --------------------
[832.961 ns ; 870.010 ns) | @@@@@@@@
---------------------------------------------------

// * Summary *

BenchmarkDotNet v0.15.8, Linux Ubuntu 24.04.4 LTS (Noble Numbat)
AMD EPYC 9V74 2.60GHz, 1 CPU, 4 logical and 2 physical cores
.NET SDK 10.0.400
  [Host] : .NET 10.0.11 (10.0.11, 10.0.1126.37416), X64 RyuJIT x86-64-v3
  Quick  : .NET 10.0.11 (10.0.11, 10.0.1126.37416), X64 RyuJIT x86-64-v3

Job=Quick  MaxRelativeError=0.05  Arguments=/p:MatrixMode=Benchmark  
IterationTime=250ms  MaxIterationCount=12  MaxWarmupIterationCount=5  
MinIterationCount=8  MinWarmupIterationCount=3  

| Method           | Mean     | Error    | StdDev  | Gen0   | Allocated |
|----------------- |---------:|---------:|--------:|-------:|----------:|
| ServiceStackText | 273.7 ns |  1.47 ns | 0.77 ns | 0.0231 |     392 B |
| SystemTextJson   | 281.5 ns |  0.89 ns | 0.32 ns | 0.0068 |     120 B |
| NewtonsoftJson   | 851.6 ns | 15.95 ns | 8.34 ns | 0.2854 |    4792 B |

// * Hints *
Outliers
  CustomConverterRoundTrip.SystemTextJson: Quick -> 2 outliers were removed (286.10 ns, 288.49 ns)

// * Legends *
  Mean      : Arithmetic mean of all measurements
  Error     : Half of 99.9% confidence interval
  StdDev    : Standard deviation of all measurements
  Gen0      : GC Generation 0 collects per 1000 operations
  Allocated : Allocated memory per single operation (managed only, inclusive, 1KB = 1024B)
  1 ns      : 1 Nanosecond (0.000000001 sec)

// * Diagnostic Output - MemoryDiagnoser *


// ***** BenchmarkRunner: End *****
Run time: 00:00:16 (16.32 sec), executed benchmarks: 3

// Found 3 benchmarks:
//   DeserializeCollection.NewtonsoftJson: Quick(MaxRelativeError=0.05, Arguments=/p:MatrixMode=Benchmark, IterationTime=250ms, MaxIterationCount=12, MaxWarmupIterationCount=5, MinIterationCount=8, MinWarmupIterationCount=3)
//   DeserializeCollection.ServiceStackText: Quick(MaxRelativeError=0.05, Arguments=/p:MatrixMode=Benchmark, IterationTime=250ms, MaxIterationCount=12, MaxWarmupIterationCount=5, MinIterationCount=8, MinWarmupIterationCount=3)
//   DeserializeCollection.SystemTextJson: Quick(MaxRelativeError=0.05, Arguments=/p:MatrixMode=Benchmark, IterationTime=250ms, MaxIterationCount=12, MaxWarmupIterationCount=5, MinIterationCount=8, MinWarmupIterationCount=3)

// **************************
// Benchmark: DeserializeCollection.NewtonsoftJson: Quick(MaxRelativeError=0.05, Arguments=/p:MatrixMode=Benchmark, IterationTime=250ms, MaxIterationCount=12, MaxWarmupIterationCount=5, MinIterationCount=8, MinWarmupIterationCount=3)
// *** Execute ***
// Launch: 1 / 1
// Execute: dotnet Matrix.JsonSerialization-Quick-1.dll --anonymousPipes 127 128 --benchmarkName Matrix.JsonSerialization.Benchmarks.DeserializeCollection.NewtonsoftJson --job Quick --benchmarkId 3 in /home/runner/work/dotnet-matrix/dotnet-matrix/src/Matrix.JsonSerialization/bin/Benchmark/Release/net10.0/Matrix.JsonSerialization-Quick-1/bin/Release/net10.0
// Failed to set up high priority (Permission denied). In order to run benchmarks with high priority, make sure you have the right permissions.
// BeforeAnythingElse

// Benchmark Process Environment Information:
// BenchmarkDotNet v0.15.8
// Runtime=.NET 10.0.11 (10.0.11, 10.0.1126.37416), X64 RyuJIT x86-64-v3
// GC=Concurrent Workstation
// HardwareIntrinsics=AVX2+BMI1+BMI2+F16C+FMA+LZCNT+MOVBE,AVX,SSE3+SSSE3+SSE4.1+SSE4.2+POPCNT,X86Base+SSE+SSE2,AES+PCLMUL VectorSize=256
// Job: Quick(MaxRelativeError=0.05, IterationTime=250ms, MaxIterationCount=12, MaxWarmupIterationCount=5, MinIterationCount=8, MinWarmupIterationCount=3)

OverheadJitting  1: 1 op, 239992.00 ns, 239.9920 us/op
WorkloadJitting  1: 1 op, 62128905.00 ns, 62.1289 ms/op

WorkloadPilot    1: 4 op, 149926.00 ns, 37.4815 us/op
WorkloadPilot    2: 6670 op, 81503109.00 ns, 12.2194 us/op
WorkloadPilot    3: 20459 op, 339740192.00 ns, 16.6059 us/op
WorkloadPilot    4: 15055 op, 70935809.00 ns, 4.7118 us/op
WorkloadPilot    5: 53059 op, 100182645.00 ns, 1.8881 us/op
WorkloadPilot    6: 132406 op, 207469867.00 ns, 1.5669 us/op
WorkloadPilot    7: 159548 op, 242437061.00 ns, 1.5195 us/op
WorkloadPilot    8: 164525 op, 249594770.00 ns, 1.5171 us/op
WorkloadPilot    9: 164792 op, 251148907.00 ns, 1.5240 us/op
WorkloadPilot   10: 164038 op, 247554183.00 ns, 1.5091 us/op
WorkloadPilot   11: 165659 op, 252762700.00 ns, 1.5258 us/op

WorkloadWarmup   1: 165659 op, 250446267.00 ns, 1.5118 us/op
WorkloadWarmup   2: 165659 op, 254479461.00 ns, 1.5362 us/op
WorkloadWarmup   3: 165659 op, 252242115.00 ns, 1.5227 us/op
WorkloadWarmup   4: 165659 op, 254555696.00 ns, 1.5366 us/op
WorkloadWarmup   5: 165659 op, 251988203.00 ns, 1.5211 us/op

// BeforeActualRun
WorkloadActual   1: 165659 op, 250743094.00 ns, 1.5136 us/op
WorkloadActual   2: 165659 op, 250579368.00 ns, 1.5126 us/op
WorkloadActual   3: 165659 op, 254086899.00 ns, 1.5338 us/op
WorkloadActual   4: 165659 op, 255173026.00 ns, 1.5404 us/op
WorkloadActual   5: 165659 op, 253505852.00 ns, 1.5303 us/op
WorkloadActual   6: 165659 op, 254004985.00 ns, 1.5333 us/op
WorkloadActual   7: 165659 op, 255804460.00 ns, 1.5442 us/op
WorkloadActual   8: 165659 op, 255314069.00 ns, 1.5412 us/op

// AfterActualRun
WorkloadResult   1: 165659 op, 250743094.00 ns, 1.5136 us/op
WorkloadResult   2: 165659 op, 250579368.00 ns, 1.5126 us/op
WorkloadResult   3: 165659 op, 254086899.00 ns, 1.5338 us/op
WorkloadResult   4: 165659 op, 255173026.00 ns, 1.5404 us/op
WorkloadResult   5: 165659 op, 253505852.00 ns, 1.5303 us/op
WorkloadResult   6: 165659 op, 254004985.00 ns, 1.5333 us/op
WorkloadResult   7: 165659 op, 255804460.00 ns, 1.5442 us/op
WorkloadResult   8: 165659 op, 255314069.00 ns, 1.5412 us/op
// GC:  30 0 0 507579176 165659
// Threading:  0 0 165659

// AfterAll
// Benchmark Process 3774 has exited with code 0.

Mean = 1.531 μs, StdErr = 0.004 μs (0.28%), N = 8, StdDev = 0.012 μs
Min = 1.513 μs, Q1 = 1.526 μs, Median = 1.534 μs, Q3 = 1.541 μs, Max = 1.544 μs
IQR = 0.014 μs, LowerFence = 1.504 μs, UpperFence = 1.562 μs
ConfidenceInterval = [1.508 μs; 1.554 μs] (CI 99.9%), Margin = 0.023 μs (1.51% of Mean)
Skewness = -0.55, Kurtosis = 1.53, MValue = 2

// ** Remained 34 (89.5 %) benchmark(s) to run. Estimated finish 2026-08-28 9:43 (0h 3m from now) **
// **************************
// Benchmark: DeserializeCollection.ServiceStackText: Quick(MaxRelativeError=0.05, Arguments=/p:MatrixMode=Benchmark, IterationTime=250ms, MaxIterationCount=12, MaxWarmupIterationCount=5, MinIterationCount=8, MinWarmupIterationCount=3)
// *** Execute ***
// Launch: 1 / 1
// Execute: dotnet Matrix.JsonSerialization-Quick-1.dll --anonymousPipes 127 128 --benchmarkName Matrix.JsonSerialization.Benchmarks.DeserializeCollection.ServiceStackText --job Quick --benchmarkId 4 in /home/runner/work/dotnet-matrix/dotnet-matrix/src/Matrix.JsonSerialization/bin/Benchmark/Release/net10.0/Matrix.JsonSerialization-Quick-1/bin/Release/net10.0
// Failed to set up high priority (Permission denied). In order to run benchmarks with high priority, make sure you have the right permissions.
// BeforeAnythingElse

// Benchmark Process Environment Information:
// BenchmarkDotNet v0.15.8
// Runtime=.NET 10.0.11 (10.0.11, 10.0.1126.37416), X64 RyuJIT x86-64-v3
// GC=Concurrent Workstation
// HardwareIntrinsics=AVX2+BMI1+BMI2+F16C+FMA+LZCNT+MOVBE,AVX,SSE3+SSSE3+SSE4.1+SSE4.2+POPCNT,X86Base+SSE+SSE2,AES+PCLMUL VectorSize=256
// Job: Quick(MaxRelativeError=0.05, IterationTime=250ms, MaxIterationCount=12, MaxWarmupIterationCount=5, MinIterationCount=8, MinWarmupIterationCount=3)

OverheadJitting  1: 1 op, 271199.00 ns, 271.1990 us/op
WorkloadJitting  1: 1 op, 50145404.00 ns, 50.1454 ms/op

WorkloadPilot    1: 4 op, 42484.00 ns, 10.6210 us/op
WorkloadPilot    2: 23538 op, 155764841.00 ns, 6.6176 us/op
WorkloadPilot    3: 37778 op, 71808833.00 ns, 1.9008 us/op
WorkloadPilot    4: 131523 op, 92895101.00 ns, 706.3031 ns/op
WorkloadPilot    5: 353956 op, 244157770.00 ns, 689.7970 ns/op
WorkloadPilot    6: 362425 op, 250233305.00 ns, 690.4416 ns/op
WorkloadPilot    7: 362087 op, 247208452.00 ns, 682.7322 ns/op
WorkloadPilot    8: 366176 op, 250384022.00 ns, 683.7805 ns/op
WorkloadPilot    9: 365614 op, 249270112.00 ns, 681.7849 ns/op
WorkloadPilot   10: 366685 op, 252438842.00 ns, 688.4351 ns/op

WorkloadWarmup   1: 366685 op, 249753752.00 ns, 681.1125 ns/op
WorkloadWarmup   2: 366685 op, 250914263.00 ns, 684.2774 ns/op
WorkloadWarmup   3: 366685 op, 250003759.00 ns, 681.7943 ns/op
WorkloadWarmup   4: 366685 op, 249525377.00 ns, 680.4897 ns/op
WorkloadWarmup   5: 366685 op, 250556198.00 ns, 683.3009 ns/op

// BeforeActualRun
WorkloadActual   1: 366685 op, 254429422.00 ns, 693.8637 ns/op
WorkloadActual   2: 366685 op, 249448696.00 ns, 680.2806 ns/op
WorkloadActual   3: 366685 op, 249824163.00 ns, 681.3046 ns/op
WorkloadActual   4: 366685 op, 250139869.00 ns, 682.1655 ns/op
WorkloadActual   5: 366685 op, 249859436.00 ns, 681.4008 ns/op
WorkloadActual   6: 366685 op, 249617602.00 ns, 680.7412 ns/op
WorkloadActual   7: 366685 op, 250565451.00 ns, 683.3262 ns/op
WorkloadActual   8: 366685 op, 250190546.00 ns, 682.3037 ns/op

// AfterActualRun
WorkloadResult   1: 366685 op, 249448696.00 ns, 680.2806 ns/op
WorkloadResult   2: 366685 op, 249824163.00 ns, 681.3046 ns/op
WorkloadResult   3: 366685 op, 250139869.00 ns, 682.1655 ns/op
WorkloadResult   4: 366685 op, 249859436.00 ns, 681.4008 ns/op
WorkloadResult   5: 366685 op, 249617602.00 ns, 680.7412 ns/op
WorkloadResult   6: 366685 op, 250565451.00 ns, 683.3262 ns/op
WorkloadResult   7: 366685 op, 250190546.00 ns, 682.3037 ns/op
// GC:  10 0 0 173075320 366685
// Threading:  0 0 366685

// AfterAll
// Benchmark Process 3783 has exited with code 0.

Mean = 681.646 ns, StdErr = 0.390 ns (0.06%), N = 7, StdDev = 1.032 ns
Min = 680.281 ns, Q1 = 681.023 ns, Median = 681.401 ns, Q3 = 682.235 ns, Max = 683.326 ns
IQR = 1.212 ns, LowerFence = 679.205 ns, UpperFence = 684.052 ns
ConfidenceInterval = [679.323 ns; 683.969 ns] (CI 99.9%), Margin = 2.323 ns (0.34% of Mean)
Skewness = 0.24, Kurtosis = 1.56, MValue = 2

// ** Remained 33 (86.8 %) benchmark(s) to run. Estimated finish 2026-08-28 9:43 (0h 3m from now) **
// **************************
// Benchmark: DeserializeCollection.SystemTextJson: Quick(MaxRelativeError=0.05, Arguments=/p:MatrixMode=Benchmark, IterationTime=250ms, MaxIterationCount=12, MaxWarmupIterationCount=5, MinIterationCount=8, MinWarmupIterationCount=3)
// *** Execute ***
// Launch: 1 / 1
// Execute: dotnet Matrix.JsonSerialization-Quick-1.dll --anonymousPipes 127 128 --benchmarkName Matrix.JsonSerialization.Benchmarks.DeserializeCollection.SystemTextJson --job Quick --benchmarkId 5 in /home/runner/work/dotnet-matrix/dotnet-matrix/src/Matrix.JsonSerialization/bin/Benchmark/Release/net10.0/Matrix.JsonSerialization-Quick-1/bin/Release/net10.0
// Failed to set up high priority (Permission denied). In order to run benchmarks with high priority, make sure you have the right permissions.
// BeforeAnythingElse

// Benchmark Process Environment Information:
// BenchmarkDotNet v0.15.8
// Runtime=.NET 10.0.11 (10.0.11, 10.0.1126.37416), X64 RyuJIT x86-64-v3
// GC=Concurrent Workstation
// HardwareIntrinsics=AVX2+BMI1+BMI2+F16C+FMA+LZCNT+MOVBE,AVX,SSE3+SSSE3+SSE4.1+SSE4.2+POPCNT,X86Base+SSE+SSE2,AES+PCLMUL VectorSize=256
// Job: Quick(MaxRelativeError=0.05, IterationTime=250ms, MaxIterationCount=12, MaxWarmupIterationCount=5, MinIterationCount=8, MinWarmupIterationCount=3)

OverheadJitting  1: 1 op, 260282.00 ns, 260.2820 us/op
WorkloadJitting  1: 1 op, 28709565.00 ns, 28.7096 ms/op

WorkloadPilot    1: 4 op, 69495.00 ns, 17.3738 us/op
WorkloadPilot    2: 14390 op, 46134557.00 ns, 3.2060 us/op
WorkloadPilot    3: 77978 op, 253153835.00 ns, 3.2465 us/op
WorkloadPilot    4: 77007 op, 282946438.00 ns, 3.6743 us/op
WorkloadPilot    5: 68040 op, 139692976.00 ns, 2.0531 us/op
WorkloadPilot    6: 121767 op, 100990640.00 ns, 829.3761 ns/op
WorkloadPilot    7: 301431 op, 242230430.00 ns, 803.6016 ns/op
WorkloadPilot    8: 311099 op, 250955109.00 ns, 806.6728 ns/op

WorkloadWarmup   1: 311099 op, 252114849.00 ns, 810.4007 ns/op
WorkloadWarmup   2: 311099 op, 251206508.00 ns, 807.4809 ns/op
WorkloadWarmup   3: 311099 op, 254774630.00 ns, 818.9503 ns/op
WorkloadWarmup   4: 311099 op, 250634045.00 ns, 805.6408 ns/op
WorkloadWarmup   5: 311099 op, 253900272.00 ns, 816.1398 ns/op

// BeforeActualRun
WorkloadActual   1: 311099 op, 250975219.00 ns, 806.7375 ns/op
WorkloadActual   2: 311099 op, 250175563.00 ns, 804.1670 ns/op
WorkloadActual   3: 311099 op, 250439521.00 ns, 805.0155 ns/op
WorkloadActual   4: 311099 op, 251799963.00 ns, 809.3885 ns/op
WorkloadActual   5: 311099 op, 252021257.00 ns, 810.0999 ns/op
WorkloadActual   6: 311099 op, 251449324.00 ns, 808.2614 ns/op
WorkloadActual   7: 311099 op, 251224255.00 ns, 807.5380 ns/op
WorkloadActual   8: 311099 op, 251794836.00 ns, 809.3721 ns/op

// AfterActualRun
WorkloadResult   1: 311099 op, 250975219.00 ns, 806.7375 ns/op
WorkloadResult   2: 311099 op, 250175563.00 ns, 804.1670 ns/op
WorkloadResult   3: 311099 op, 250439521.00 ns, 805.0155 ns/op
WorkloadResult   4: 311099 op, 251799963.00 ns, 809.3885 ns/op
WorkloadResult   5: 311099 op, 252021257.00 ns, 810.0999 ns/op
WorkloadResult   6: 311099 op, 251449324.00 ns, 808.2614 ns/op
WorkloadResult   7: 311099 op, 251224255.00 ns, 807.5380 ns/op
WorkloadResult   8: 311099 op, 251794836.00 ns, 809.3721 ns/op
// GC:  14 0 0 248879200 311099
// Threading:  0 0 311099

// AfterAll
// Benchmark Process 3794 has exited with code 0.

Mean = 807.572 ns, StdErr = 0.759 ns (0.09%), N = 8, StdDev = 2.146 ns
Min = 804.167 ns, Q1 = 806.307 ns, Median = 807.900 ns, Q3 = 809.376 ns, Max = 810.100 ns
IQR = 3.069 ns, LowerFence = 801.703 ns, UpperFence = 813.980 ns
ConfidenceInterval = [803.470 ns; 811.675 ns] (CI 99.9%), Margin = 4.103 ns (0.51% of Mean)
Skewness = -0.36, Kurtosis = 1.42, MValue = 2

// ** Remained 32 (84.2 %) benchmark(s) to run. Estimated finish 2026-08-28 9:43 (0h 2m from now) **
// ***** BenchmarkRunner: Finish  *****

// * Export *
  tmp/dotnet-matrix/JsonSerialization/a5cf7d52a15c448f9385f0251b69bef8/results/Matrix.JsonSerialization.Benchmarks.DeserializeCollection-report.csv
  tmp/dotnet-matrix/JsonSerialization/a5cf7d52a15c448f9385f0251b69bef8/results/Matrix.JsonSerialization.Benchmarks.DeserializeCollection-report-github.md
  tmp/dotnet-matrix/JsonSerialization/a5cf7d52a15c448f9385f0251b69bef8/results/Matrix.JsonSerialization.Benchmarks.DeserializeCollection-report.html
  tmp/dotnet-matrix/JsonSerialization/a5cf7d52a15c448f9385f0251b69bef8/results/Matrix.JsonSerialization.Benchmarks.DeserializeCollection-report-full.json

// * Detailed results *
DeserializeCollection.ServiceStackText: Quick(MaxRelativeError=0.05, Arguments=/p:MatrixMode=Benchmark, IterationTime=250ms, MaxIterationCount=12, MaxWarmupIterationCount=5, MinIterationCount=8, MinWarmupIterationCount=3)
Runtime = .NET 10.0.11 (10.0.11, 10.0.1126.37416), X64 RyuJIT x86-64-v3; GC = Concurrent Workstation
Mean = 681.646 ns, StdErr = 0.390 ns (0.06%), N = 7, StdDev = 1.032 ns
Min = 680.281 ns, Q1 = 681.023 ns, Median = 681.401 ns, Q3 = 682.235 ns, Max = 683.326 ns
IQR = 1.212 ns, LowerFence = 679.205 ns, UpperFence = 684.052 ns
ConfidenceInterval = [679.323 ns; 683.969 ns] (CI 99.9%), Margin = 2.323 ns (0.34% of Mean)
Skewness = 0.24, Kurtosis = 1.56, MValue = 2
-------------------- Histogram --------------------
[679.573 ns ; 684.034 ns) | @@@@@@@
---------------------------------------------------

DeserializeCollection.SystemTextJson: Quick(MaxRelativeError=0.05, Arguments=/p:MatrixMode=Benchmark, IterationTime=250ms, MaxIterationCount=12, MaxWarmupIterationCount=5, MinIterationCount=8, MinWarmupIterationCount=3)
Runtime = .NET 10.0.11 (10.0.11, 10.0.1126.37416), X64 RyuJIT x86-64-v3; GC = Concurrent Workstation
Mean = 807.572 ns, StdErr = 0.759 ns (0.09%), N = 8, StdDev = 2.146 ns
Min = 804.167 ns, Q1 = 806.307 ns, Median = 807.900 ns, Q3 = 809.376 ns, Max = 810.100 ns
IQR = 3.069 ns, LowerFence = 801.703 ns, UpperFence = 813.980 ns
ConfidenceInterval = [803.470 ns; 811.675 ns] (CI 99.9%), Margin = 4.103 ns (0.51% of Mean)
Skewness = -0.36, Kurtosis = 1.42, MValue = 2
-------------------- Histogram --------------------
[802.759 ns ; 811.508 ns) | @@@@@@@@
---------------------------------------------------

DeserializeCollection.NewtonsoftJson: Quick(MaxRelativeError=0.05, Arguments=/p:MatrixMode=Benchmark, IterationTime=250ms, MaxIterationCount=12, MaxWarmupIterationCount=5, MinIterationCount=8, MinWarmupIterationCount=3)
Runtime = .NET 10.0.11 (10.0.11, 10.0.1126.37416), X64 RyuJIT x86-64-v3; GC = Concurrent Workstation
Mean = 1.531 μs, StdErr = 0.004 μs (0.28%), N = 8, StdDev = 0.012 μs
Min = 1.513 μs, Q1 = 1.526 μs, Median = 1.534 μs, Q3 = 1.541 μs, Max = 1.544 μs
IQR = 0.014 μs, LowerFence = 1.504 μs, UpperFence = 1.562 μs
ConfidenceInterval = [1.508 μs; 1.554 μs] (CI 99.9%), Margin = 0.023 μs (1.51% of Mean)
Skewness = -0.55, Kurtosis = 1.53, MValue = 2
-------------------- Histogram --------------------
[1.505 μs ; 1.552 μs) | @@@@@@@@
---------------------------------------------------

// * Summary *

BenchmarkDotNet v0.15.8, Linux Ubuntu 24.04.4 LTS (Noble Numbat)
AMD EPYC 9V74 2.60GHz, 1 CPU, 4 logical and 2 physical cores
.NET SDK 10.0.400
  [Host] : .NET 10.0.11 (10.0.11, 10.0.1126.37416), X64 RyuJIT x86-64-v3
  Quick  : .NET 10.0.11 (10.0.11, 10.0.1126.37416), X64 RyuJIT x86-64-v3

Job=Quick  MaxRelativeError=0.05  Arguments=/p:MatrixMode=Benchmark  
IterationTime=250ms  MaxIterationCount=12  MaxWarmupIterationCount=5  
MinIterationCount=8  MinWarmupIterationCount=3  

| Method           | Mean       | Error    | StdDev   | Gen0   | Allocated |
|----------------- |-----------:|---------:|---------:|-------:|----------:|
| ServiceStackText |   681.6 ns |  2.32 ns |  1.03 ns | 0.0273 |     472 B |
| SystemTextJson   |   807.6 ns |  4.10 ns |  2.15 ns | 0.0450 |     800 B |
| NewtonsoftJson   | 1,531.2 ns | 23.06 ns | 12.06 ns | 0.1811 |    3064 B |

// * Hints *
Outliers
  DeserializeCollection.ServiceStackText: Quick -> 1 outlier  was  removed (693.86 ns)

// * Legends *
  Mean      : Arithmetic mean of all measurements
  Error     : Half of 99.9% confidence interval
  StdDev    : Standard deviation of all measurements
  Gen0      : GC Generation 0 collects per 1000 operations
  Allocated : Allocated memory per single operation (managed only, inclusive, 1KB = 1024B)
  1 ns      : 1 Nanosecond (0.000000001 sec)

// * Diagnostic Output - MemoryDiagnoser *


// ***** BenchmarkRunner: End *****
Run time: 00:00:16 (16.49 sec), executed benchmarks: 3

// Found 3 benchmarks:
//   DeserializeDictionary.NewtonsoftJson: Quick(MaxRelativeError=0.05, Arguments=/p:MatrixMode=Benchmark, IterationTime=250ms, MaxIterationCount=12, MaxWarmupIterationCount=5, MinIterationCount=8, MinWarmupIterationCount=3)
//   DeserializeDictionary.ServiceStackText: Quick(MaxRelativeError=0.05, Arguments=/p:MatrixMode=Benchmark, IterationTime=250ms, MaxIterationCount=12, MaxWarmupIterationCount=5, MinIterationCount=8, MinWarmupIterationCount=3)
//   DeserializeDictionary.SystemTextJson: Quick(MaxRelativeError=0.05, Arguments=/p:MatrixMode=Benchmark, IterationTime=250ms, MaxIterationCount=12, MaxWarmupIterationCount=5, MinIterationCount=8, MinWarmupIterationCount=3)

// **************************
// Benchmark: DeserializeDictionary.NewtonsoftJson: Quick(MaxRelativeError=0.05, Arguments=/p:MatrixMode=Benchmark, IterationTime=250ms, MaxIterationCount=12, MaxWarmupIterationCount=5, MinIterationCount=8, MinWarmupIterationCount=3)
// *** Execute ***
// Launch: 1 / 1
// Execute: dotnet Matrix.JsonSerialization-Quick-1.dll --anonymousPipes 127 128 --benchmarkName Matrix.JsonSerialization.Benchmarks.DeserializeDictionary.NewtonsoftJson --job Quick --benchmarkId 6 in /home/runner/work/dotnet-matrix/dotnet-matrix/src/Matrix.JsonSerialization/bin/Benchmark/Release/net10.0/Matrix.JsonSerialization-Quick-1/bin/Release/net10.0
// Failed to set up high priority (Permission denied). In order to run benchmarks with high priority, make sure you have the right permissions.
// BeforeAnythingElse

// Benchmark Process Environment Information:
// BenchmarkDotNet v0.15.8
// Runtime=.NET 10.0.11 (10.0.11, 10.0.1126.37416), X64 RyuJIT x86-64-v3
// GC=Concurrent Workstation
// HardwareIntrinsics=AVX2+BMI1+BMI2+F16C+FMA+LZCNT+MOVBE,AVX,SSE3+SSSE3+SSE4.1+SSE4.2+POPCNT,X86Base+SSE+SSE2,AES+PCLMUL VectorSize=256
// Job: Quick(MaxRelativeError=0.05, IterationTime=250ms, MaxIterationCount=12, MaxWarmupIterationCount=5, MinIterationCount=8, MinWarmupIterationCount=3)

OverheadJitting  1: 1 op, 243718.00 ns, 243.7180 us/op
WorkloadJitting  1: 1 op, 41938853.00 ns, 41.9389 ms/op

WorkloadPilot    1: 4 op, 81753.00 ns, 20.4383 us/op
WorkloadPilot    2: 12232 op, 53077750.00 ns, 4.3393 us/op
WorkloadPilot    3: 57614 op, 261382877.00 ns, 4.5368 us/op
WorkloadPilot    4: 55105 op, 140220272.00 ns, 2.5446 us/op
WorkloadPilot    5: 98247 op, 56363917.00 ns, 573.6961 ns/op
WorkloadPilot    6: 435771 op, 239736475.00 ns, 550.1433 ns/op
WorkloadPilot    7: 454427 op, 245976672.00 ns, 541.2897 ns/op
WorkloadPilot    8: 461860 op, 248985561.00 ns, 539.0931 ns/op
WorkloadPilot    9: 463742 op, 255100927.00 ns, 550.0924 ns/op
WorkloadPilot   10: 454469 op, 244914531.00 ns, 538.9026 ns/op
WorkloadPilot   11: 463906 op, 249779158.00 ns, 538.4262 ns/op
WorkloadPilot   12: 464316 op, 251168976.00 ns, 540.9440 ns/op

WorkloadWarmup   1: 464316 op, 250207795.00 ns, 538.8739 ns/op
WorkloadWarmup   2: 464316 op, 253579521.00 ns, 546.1357 ns/op
WorkloadWarmup   3: 464316 op, 252914779.00 ns, 544.7040 ns/op
WorkloadWarmup   4: 464316 op, 252894948.00 ns, 544.6613 ns/op
WorkloadWarmup   5: 464316 op, 252375405.00 ns, 543.5423 ns/op

// BeforeActualRun
WorkloadActual   1: 464316 op, 251224248.00 ns, 541.0631 ns/op
WorkloadActual   2: 464316 op, 252435485.00 ns, 543.6717 ns/op
WorkloadActual   3: 464316 op, 251364099.00 ns, 541.3643 ns/op
WorkloadActual   4: 464316 op, 251756371.00 ns, 542.2091 ns/op
WorkloadActual   5: 464316 op, 252987178.00 ns, 544.8599 ns/op
WorkloadActual   6: 464316 op, 252655728.00 ns, 544.1461 ns/op
WorkloadActual   7: 464316 op, 258716220.00 ns, 557.1986 ns/op
WorkloadActual   8: 464316 op, 254174249.00 ns, 547.4165 ns/op

// AfterActualRun
WorkloadResult   1: 464316 op, 251224248.00 ns, 541.0631 ns/op
WorkloadResult   2: 464316 op, 252435485.00 ns, 543.6717 ns/op
WorkloadResult   3: 464316 op, 251364099.00 ns, 541.3643 ns/op
WorkloadResult   4: 464316 op, 251756371.00 ns, 542.2091 ns/op
WorkloadResult   5: 464316 op, 252987178.00 ns, 544.8599 ns/op
WorkloadResult   6: 464316 op, 252655728.00 ns, 544.1461 ns/op
WorkloadResult   7: 464316 op, 254174249.00 ns, 547.4165 ns/op
// GC:  80 0 0 1344659136 464316
// Threading:  0 0 464316

// AfterAll
// Benchmark Process 3802 has exited with code 0.

Mean = 543.533 ns, StdErr = 0.842 ns (0.15%), N = 7, StdDev = 2.228 ns
Min = 541.063 ns, Q1 = 541.787 ns, Median = 543.672 ns, Q3 = 544.503 ns, Max = 547.417 ns
IQR = 2.716 ns, LowerFence = 537.712 ns, UpperFence = 548.577 ns
ConfidenceInterval = [538.514 ns; 548.552 ns] (CI 99.9%), Margin = 5.019 ns (0.92% of Mean)
Skewness = 0.43, Kurtosis = 1.7, MValue = 2

// ** Remained 31 (81.6 %) benchmark(s) to run. Estimated finish 2026-08-28 9:43 (0h 2m from now) **
// **************************
// Benchmark: DeserializeDictionary.ServiceStackText: Quick(MaxRelativeError=0.05, Arguments=/p:MatrixMode=Benchmark, IterationTime=250ms, MaxIterationCount=12, MaxWarmupIterationCount=5, MinIterationCount=8, MinWarmupIterationCount=3)
// *** Execute ***
// Launch: 1 / 1
// Execute: dotnet Matrix.JsonSerialization-Quick-1.dll --anonymousPipes 127 128 --benchmarkName Matrix.JsonSerialization.Benchmarks.DeserializeDictionary.ServiceStackText --job Quick --benchmarkId 7 in /home/runner/work/dotnet-matrix/dotnet-matrix/src/Matrix.JsonSerialization/bin/Benchmark/Release/net10.0/Matrix.JsonSerialization-Quick-1/bin/Release/net10.0
// Failed to set up high priority (Permission denied). In order to run benchmarks with high priority, make sure you have the right permissions.
// BeforeAnythingElse

// Benchmark Process Environment Information:
// BenchmarkDotNet v0.15.8
// Runtime=.NET 10.0.11 (10.0.11, 10.0.1126.37416), X64 RyuJIT x86-64-v3
// GC=Concurrent Workstation
// HardwareIntrinsics=AVX2+BMI1+BMI2+F16C+FMA+LZCNT+MOVBE,AVX,SSE3+SSSE3+SSE4.1+SSE4.2+POPCNT,X86Base+SSE+SSE2,AES+PCLMUL VectorSize=256
// Job: Quick(MaxRelativeError=0.05, IterationTime=250ms, MaxIterationCount=12, MaxWarmupIterationCount=5, MinIterationCount=8, MinWarmupIterationCount=3)

OverheadJitting  1: 1 op, 245651.00 ns, 245.6510 us/op
WorkloadJitting  1: 1 op, 44449431.00 ns, 44.4494 ms/op

WorkloadPilot    1: 4 op, 429468.00 ns, 107.3670 us/op
WorkloadPilot    2: 2328 op, 5423341.00 ns, 2.3296 us/op
WorkloadPilot    3: 107314 op, 204053302.00 ns, 1.9015 us/op
WorkloadPilot    4: 131478 op, 31077440.00 ns, 236.3699 ns/op
WorkloadPilot    5: 1057664 op, 229937988.00 ns, 217.4017 ns/op
WorkloadPilot    6: 1149945 op, 252806275.00 ns, 219.8421 ns/op
WorkloadPilot    7: 1137180 op, 246820886.00 ns, 217.0465 ns/op
WorkloadPilot    8: 1151827 op, 250248877.00 ns, 217.2626 ns/op
WorkloadPilot    9: 1150681 op, 250803413.00 ns, 217.9609 ns/op

WorkloadWarmup   1: 1150681 op, 249708302.00 ns, 217.0091 ns/op
WorkloadWarmup   2: 1150681 op, 252973647.00 ns, 219.8469 ns/op
WorkloadWarmup   3: 1150681 op, 249997919.00 ns, 217.2608 ns/op
WorkloadWarmup   4: 1150681 op, 251056196.00 ns, 218.1805 ns/op
WorkloadWarmup   5: 1150681 op, 249647923.00 ns, 216.9567 ns/op

// BeforeActualRun
WorkloadActual   1: 1150681 op, 249507767.00 ns, 216.8349 ns/op
WorkloadActual   2: 1150681 op, 251031936.00 ns, 218.1595 ns/op
WorkloadActual   3: 1150681 op, 250964926.00 ns, 218.1012 ns/op
WorkloadActual   4: 1150681 op, 250820587.00 ns, 217.9758 ns/op
WorkloadActual   5: 1150681 op, 249140162.00 ns, 216.5154 ns/op
WorkloadActual   6: 1150681 op, 249885597.00 ns, 217.1632 ns/op
WorkloadActual   7: 1150681 op, 252076302.00 ns, 219.0671 ns/op
WorkloadActual   8: 1150681 op, 257674626.00 ns, 223.9323 ns/op

// AfterActualRun
WorkloadResult   1: 1150681 op, 249507767.00 ns, 216.8349 ns/op
WorkloadResult   2: 1150681 op, 251031936.00 ns, 218.1595 ns/op
WorkloadResult   3: 1150681 op, 250964926.00 ns, 218.1012 ns/op
WorkloadResult   4: 1150681 op, 250820587.00 ns, 217.9758 ns/op
WorkloadResult   5: 1150681 op, 249140162.00 ns, 216.5154 ns/op
WorkloadResult   6: 1150681 op, 249885597.00 ns, 217.1632 ns/op
WorkloadResult   7: 1150681 op, 252076302.00 ns, 219.0671 ns/op
// GC:  29 0 0 487888744 1150681
// Threading:  0 0 1150681

// AfterAll
// Benchmark Process 3813 has exited with code 0.

Mean = 217.688 ns, StdErr = 0.337 ns (0.15%), N = 7, StdDev = 0.890 ns
Min = 216.515 ns, Q1 = 216.999 ns, Median = 217.976 ns, Q3 = 218.130 ns, Max = 219.067 ns
IQR = 1.131 ns, LowerFence = 215.302 ns, UpperFence = 219.827 ns
ConfidenceInterval = [215.683 ns; 219.693 ns] (CI 99.9%), Margin = 2.005 ns (0.92% of Mean)
Skewness = 0.09, Kurtosis = 1.41, MValue = 2

// ** Remained 30 (78.9 %) benchmark(s) to run. Estimated finish 2026-08-28 9:43 (0h 2m from now) **
// **************************
// Benchmark: DeserializeDictionary.SystemTextJson: Quick(MaxRelativeError=0.05, Arguments=/p:MatrixMode=Benchmark, IterationTime=250ms, MaxIterationCount=12, MaxWarmupIterationCount=5, MinIterationCount=8, MinWarmupIterationCount=3)
// *** Execute ***
// Launch: 1 / 1
// Execute: dotnet Matrix.JsonSerialization-Quick-1.dll --anonymousPipes 127 128 --benchmarkName Matrix.JsonSerialization.Benchmarks.DeserializeDictionary.SystemTextJson --job Quick --benchmarkId 8 in /home/runner/work/dotnet-matrix/dotnet-matrix/src/Matrix.JsonSerialization/bin/Benchmark/Release/net10.0/Matrix.JsonSerialization-Quick-1/bin/Release/net10.0
// Failed to set up high priority (Permission denied). In order to run benchmarks with high priority, make sure you have the right permissions.
// BeforeAnythingElse

// Benchmark Process Environment Information:
// BenchmarkDotNet v0.15.8
// Runtime=.NET 10.0.11 (10.0.11, 10.0.1126.37416), X64 RyuJIT x86-64-v3
// GC=Concurrent Workstation
// HardwareIntrinsics=AVX2+BMI1+BMI2+F16C+FMA+LZCNT+MOVBE,AVX,SSE3+SSSE3+SSE4.1+SSE4.2+POPCNT,X86Base+SSE+SSE2,AES+PCLMUL VectorSize=256
// Job: Quick(MaxRelativeError=0.05, IterationTime=250ms, MaxIterationCount=12, MaxWarmupIterationCount=5, MinIterationCount=8, MinWarmupIterationCount=3)

OverheadJitting  1: 1 op, 232701.00 ns, 232.7010 us/op
WorkloadJitting  1: 1 op, 24115545.00 ns, 24.1155 ms/op

WorkloadPilot    1: 4 op, 57327.00 ns, 14.3318 us/op
WorkloadPilot    2: 17444 op, 24438101.00 ns, 1.4009 us/op
WorkloadPilot    3: 178451 op, 242311874.00 ns, 1.3579 us/op
WorkloadPilot    4: 184113 op, 216650527.00 ns, 1.1767 us/op
WorkloadPilot    5: 212454 op, 62794176.00 ns, 295.5660 ns/op
WorkloadPilot    6: 845835 op, 250666675.00 ns, 296.3541 ns/op
WorkloadPilot    7: 843585 op, 247316833.00 ns, 293.1736 ns/op
WorkloadPilot    8: 852737 op, 250556018.00 ns, 293.8257 ns/op
WorkloadPilot    9: 850845 op, 250672033.00 ns, 294.6154 ns/op

WorkloadWarmup   1: 850845 op, 249665164.00 ns, 293.4320 ns/op
WorkloadWarmup   2: 850845 op, 249695941.00 ns, 293.4682 ns/op
WorkloadWarmup   3: 850845 op, 251252208.00 ns, 295.2973 ns/op
WorkloadWarmup   4: 850845 op, 250128113.00 ns, 293.9761 ns/op
WorkloadWarmup   5: 850845 op, 249761300.00 ns, 293.5450 ns/op

// BeforeActualRun
WorkloadActual   1: 850845 op, 254118001.00 ns, 298.6654 ns/op
WorkloadActual   2: 850845 op, 250311940.00 ns, 294.1922 ns/op
WorkloadActual   3: 850845 op, 250005117.00 ns, 293.8316 ns/op
WorkloadActual   4: 850845 op, 250138569.00 ns, 293.9884 ns/op
WorkloadActual   5: 850845 op, 249837885.00 ns, 293.6350 ns/op
WorkloadActual   6: 850845 op, 250075864.00 ns, 293.9147 ns/op
WorkloadActual   7: 850845 op, 251029172.00 ns, 295.0351 ns/op
WorkloadActual   8: 850845 op, 250191779.00 ns, 294.0509 ns/op

// AfterActualRun
WorkloadResult   1: 850845 op, 250311940.00 ns, 294.1922 ns/op
WorkloadResult   2: 850845 op, 250005117.00 ns, 293.8316 ns/op
WorkloadResult   3: 850845 op, 250138569.00 ns, 293.9884 ns/op
WorkloadResult   4: 850845 op, 249837885.00 ns, 293.6350 ns/op
WorkloadResult   5: 850845 op, 250075864.00 ns, 293.9147 ns/op
WorkloadResult   6: 850845 op, 251029172.00 ns, 295.0351 ns/op
WorkloadResult   7: 850845 op, 250191779.00 ns, 294.0509 ns/op
// GC:  15 0 0 265463640 850845
// Threading:  0 0 850845

// AfterAll
// Benchmark Process 3824 has exited with code 0.

Mean = 294.093 ns, StdErr = 0.170 ns (0.06%), N = 7, StdDev = 0.451 ns
Min = 293.635 ns, Q1 = 293.873 ns, Median = 293.988 ns, Q3 = 294.122 ns, Max = 295.035 ns
IQR = 0.248 ns, LowerFence = 293.501 ns, UpperFence = 294.494 ns
ConfidenceInterval = [293.077 ns; 295.108 ns] (CI 99.9%), Margin = 1.016 ns (0.35% of Mean)
Skewness = 1.12, Kurtosis = 2.9, MValue = 2

// ** Remained 29 (76.3 %) benchmark(s) to run. Estimated finish 2026-08-28 9:43 (0h 2m from now) **
// ***** BenchmarkRunner: Finish  *****

// * Export *
  tmp/dotnet-matrix/JsonSerialization/a5cf7d52a15c448f9385f0251b69bef8/results/Matrix.JsonSerialization.Benchmarks.DeserializeDictionary-report.csv
  tmp/dotnet-matrix/JsonSerialization/a5cf7d52a15c448f9385f0251b69bef8/results/Matrix.JsonSerialization.Benchmarks.DeserializeDictionary-report-github.md
  tmp/dotnet-matrix/JsonSerialization/a5cf7d52a15c448f9385f0251b69bef8/results/Matrix.JsonSerialization.Benchmarks.DeserializeDictionary-report.html
  tmp/dotnet-matrix/JsonSerialization/a5cf7d52a15c448f9385f0251b69bef8/results/Matrix.JsonSerialization.Benchmarks.DeserializeDictionary-report-full.json

// * Detailed results *
DeserializeDictionary.ServiceStackText: Quick(MaxRelativeError=0.05, Arguments=/p:MatrixMode=Benchmark, IterationTime=250ms, MaxIterationCount=12, MaxWarmupIterationCount=5, MinIterationCount=8, MinWarmupIterationCount=3)
Runtime = .NET 10.0.11 (10.0.11, 10.0.1126.37416), X64 RyuJIT x86-64-v3; GC = Concurrent Workstation
Mean = 217.688 ns, StdErr = 0.337 ns (0.15%), N = 7, StdDev = 0.890 ns
Min = 216.515 ns, Q1 = 216.999 ns, Median = 217.976 ns, Q3 = 218.130 ns, Max = 219.067 ns
IQR = 1.131 ns, LowerFence = 215.302 ns, UpperFence = 219.827 ns
ConfidenceInterval = [215.683 ns; 219.693 ns] (CI 99.9%), Margin = 2.005 ns (0.92% of Mean)
Skewness = 0.09, Kurtosis = 1.41, MValue = 2
-------------------- Histogram --------------------
[215.905 ns ; 219.678 ns) | @@@@@@@
---------------------------------------------------

DeserializeDictionary.SystemTextJson: Quick(MaxRelativeError=0.05, Arguments=/p:MatrixMode=Benchmark, IterationTime=250ms, MaxIterationCount=12, MaxWarmupIterationCount=5, MinIterationCount=8, MinWarmupIterationCount=3)
Runtime = .NET 10.0.11 (10.0.11, 10.0.1126.37416), X64 RyuJIT x86-64-v3; GC = Concurrent Workstation
Mean = 294.093 ns, StdErr = 0.170 ns (0.06%), N = 7, StdDev = 0.451 ns
Min = 293.635 ns, Q1 = 293.873 ns, Median = 293.988 ns, Q3 = 294.122 ns, Max = 295.035 ns
IQR = 0.248 ns, LowerFence = 293.501 ns, UpperFence = 294.494 ns
ConfidenceInterval = [293.077 ns; 295.108 ns] (CI 99.9%), Margin = 1.016 ns (0.35% of Mean)
Skewness = 1.12, Kurtosis = 2.9, MValue = 2
-------------------- Histogram --------------------
[293.326 ns ; 295.345 ns) | @@@@@@@
---------------------------------------------------

DeserializeDictionary.NewtonsoftJson: Quick(MaxRelativeError=0.05, Arguments=/p:MatrixMode=Benchmark, IterationTime=250ms, MaxIterationCount=12, MaxWarmupIterationCount=5, MinIterationCount=8, MinWarmupIterationCount=3)
Runtime = .NET 10.0.11 (10.0.11, 10.0.1126.37416), X64 RyuJIT x86-64-v3; GC = Concurrent Workstation
Mean = 543.533 ns, StdErr = 0.842 ns (0.15%), N = 7, StdDev = 2.228 ns
Min = 541.063 ns, Q1 = 541.787 ns, Median = 543.672 ns, Q3 = 544.503 ns, Max = 547.417 ns
IQR = 2.716 ns, LowerFence = 537.712 ns, UpperFence = 548.577 ns
ConfidenceInterval = [538.514 ns; 548.552 ns] (CI 99.9%), Margin = 5.019 ns (0.92% of Mean)
Skewness = 0.43, Kurtosis = 1.7, MValue = 2
-------------------- Histogram --------------------
[539.534 ns ; 548.946 ns) | @@@@@@@
---------------------------------------------------

// * Summary *

BenchmarkDotNet v0.15.8, Linux Ubuntu 24.04.4 LTS (Noble Numbat)
AMD EPYC 9V74 2.60GHz, 1 CPU, 4 logical and 2 physical cores
.NET SDK 10.0.400
  [Host] : .NET 10.0.11 (10.0.11, 10.0.1126.37416), X64 RyuJIT x86-64-v3
  Quick  : .NET 10.0.11 (10.0.11, 10.0.1126.37416), X64 RyuJIT x86-64-v3

Job=Quick  MaxRelativeError=0.05  Arguments=/p:MatrixMode=Benchmark  
IterationTime=250ms  MaxIterationCount=12  MaxWarmupIterationCount=5  
MinIterationCount=8  MinWarmupIterationCount=3  

| Method           | Mean     | Error   | StdDev  | Gen0   | Allocated |
|----------------- |---------:|--------:|--------:|-------:|----------:|
| ServiceStackText | 217.7 ns | 2.01 ns | 0.89 ns | 0.0252 |     424 B |
| SystemTextJson   | 294.1 ns | 1.02 ns | 0.45 ns | 0.0176 |     312 B |
| NewtonsoftJson   | 543.5 ns | 5.02 ns | 2.23 ns | 0.1723 |    2896 B |

// * Hints *
Outliers
  DeserializeDictionary.ServiceStackText: Quick -> 1 outlier  was  removed (223.93 ns)
  DeserializeDictionary.SystemTextJson: Quick   -> 1 outlier  was  removed (298.67 ns)
  DeserializeDictionary.NewtonsoftJson: Quick   -> 1 outlier  was  removed (557.20 ns)

// * Legends *
  Mean      : Arithmetic mean of all measurements
  Error     : Half of 99.9% confidence interval
  StdDev    : Standard deviation of all measurements
  Gen0      : GC Generation 0 collects per 1000 operations
  Allocated : Allocated memory per single operation (managed only, inclusive, 1KB = 1024B)
  1 ns      : 1 Nanosecond (0.000000001 sec)

// * Diagnostic Output - MemoryDiagnoser *


// ***** BenchmarkRunner: End *****
Run time: 00:00:16 (16.52 sec), executed benchmarks: 3

// Found 3 benchmarks:
//   DeserializeNestedObject.NewtonsoftJson: Quick(MaxRelativeError=0.05, Arguments=/p:MatrixMode=Benchmark, IterationTime=250ms, MaxIterationCount=12, MaxWarmupIterationCount=5, MinIterationCount=8, MinWarmupIterationCount=3)
//   DeserializeNestedObject.ServiceStackText: Quick(MaxRelativeError=0.05, Arguments=/p:MatrixMode=Benchmark, IterationTime=250ms, MaxIterationCount=12, MaxWarmupIterationCount=5, MinIterationCount=8, MinWarmupIterationCount=3)
//   DeserializeNestedObject.SystemTextJson: Quick(MaxRelativeError=0.05, Arguments=/p:MatrixMode=Benchmark, IterationTime=250ms, MaxIterationCount=12, MaxWarmupIterationCount=5, MinIterationCount=8, MinWarmupIterationCount=3)

// **************************
// Benchmark: DeserializeNestedObject.NewtonsoftJson: Quick(MaxRelativeError=0.05, Arguments=/p:MatrixMode=Benchmark, IterationTime=250ms, MaxIterationCount=12, MaxWarmupIterationCount=5, MinIterationCount=8, MinWarmupIterationCount=3)
// *** Execute ***
// Launch: 1 / 1
// Execute: dotnet Matrix.JsonSerialization-Quick-1.dll --anonymousPipes 127 128 --benchmarkName Matrix.JsonSerialization.Benchmarks.DeserializeNestedObject.NewtonsoftJson --job Quick --benchmarkId 9 in /home/runner/work/dotnet-matrix/dotnet-matrix/src/Matrix.JsonSerialization/bin/Benchmark/Release/net10.0/Matrix.JsonSerialization-Quick-1/bin/Release/net10.0
// Failed to set up high priority (Permission denied). In order to run benchmarks with high priority, make sure you have the right permissions.
// BeforeAnythingElse

// Benchmark Process Environment Information:
// BenchmarkDotNet v0.15.8
// Runtime=.NET 10.0.11 (10.0.11, 10.0.1126.37416), X64 RyuJIT x86-64-v3
// GC=Concurrent Workstation
// HardwareIntrinsics=AVX2+BMI1+BMI2+F16C+FMA+LZCNT+MOVBE,AVX,SSE3+SSSE3+SSE4.1+SSE4.2+POPCNT,X86Base+SSE+SSE2,AES+PCLMUL VectorSize=256
// Job: Quick(MaxRelativeError=0.05, IterationTime=250ms, MaxIterationCount=12, MaxWarmupIterationCount=5, MinIterationCount=8, MinWarmupIterationCount=3)

OverheadJitting  1: 1 op, 269166.00 ns, 269.1660 us/op
WorkloadJitting  1: 1 op, 59173945.00 ns, 59.1739 ms/op

WorkloadPilot    1: 4 op, 69615.00 ns, 17.4038 us/op
WorkloadPilot    2: 14365 op, 112042242.00 ns, 7.7997 us/op
WorkloadPilot    3: 32053 op, 303791245.00 ns, 9.4778 us/op
WorkloadPilot    4: 26377 op, 39002884.00 ns, 1.4787 us/op
WorkloadPilot    5: 169071 op, 172762985.00 ns, 1.0218 us/op
WorkloadPilot    6: 244657 op, 252179812.00 ns, 1.0307 us/op
WorkloadPilot    7: 242542 op, 248247199.00 ns, 1.0235 us/op
WorkloadPilot    8: 244255 op, 250814612.00 ns, 1.0269 us/op

WorkloadWarmup   1: 244255 op, 248302743.00 ns, 1.0166 us/op
WorkloadWarmup   2: 244255 op, 250323361.00 ns, 1.0248 us/op
WorkloadWarmup   3: 244255 op, 254845472.00 ns, 1.0434 us/op
WorkloadWarmup   4: 244255 op, 256571095.00 ns, 1.0504 us/op
WorkloadWarmup   5: 244255 op, 253905084.00 ns, 1.0395 us/op

// BeforeActualRun
WorkloadActual   1: 244255 op, 251567428.00 ns, 1.0299 us/op
WorkloadActual   2: 244255 op, 252707056.00 ns, 1.0346 us/op
WorkloadActual   3: 244255 op, 249633681.00 ns, 1.0220 us/op
WorkloadActual   4: 244255 op, 251626186.00 ns, 1.0302 us/op
WorkloadActual   5: 244255 op, 252890503.00 ns, 1.0354 us/op
WorkloadActual   6: 244255 op, 252883433.00 ns, 1.0353 us/op
WorkloadActual   7: 244255 op, 259853817.00 ns, 1.0639 us/op
WorkloadActual   8: 244255 op, 258961841.00 ns, 1.0602 us/op

// AfterActualRun
WorkloadResult   1: 244255 op, 251567428.00 ns, 1.0299 us/op
WorkloadResult   2: 244255 op, 252707056.00 ns, 1.0346 us/op
WorkloadResult   3: 244255 op, 249633681.00 ns, 1.0220 us/op
WorkloadResult   4: 244255 op, 251626186.00 ns, 1.0302 us/op
WorkloadResult   5: 244255 op, 252890503.00 ns, 1.0354 us/op
WorkloadResult   6: 244255 op, 252883433.00 ns, 1.0353 us/op
// GC:  43 0 0 722994800 244255
// Threading:  0 0 244255

// AfterAll
// Benchmark Process 3837 has exited with code 0.

Mean = 1.031 μs, StdErr = 0.002 μs (0.20%), N = 6, StdDev = 0.005 μs
Min = 1.022 μs, Q1 = 1.030 μs, Median = 1.032 μs, Q3 = 1.035 μs, Max = 1.035 μs
IQR = 0.005 μs, LowerFence = 1.022 μs, UpperFence = 1.043 μs
ConfidenceInterval = [1.017 μs; 1.046 μs] (CI 99.9%), Margin = 0.014 μs (1.40% of Mean)
Skewness = -0.74, Kurtosis = 1.87, MValue = 2

// ** Remained 28 (73.7 %) benchmark(s) to run. Estimated finish 2026-08-28 9:43 (0h 2m from now) **
// **************************
// Benchmark: DeserializeNestedObject.ServiceStackText: Quick(MaxRelativeError=0.05, Arguments=/p:MatrixMode=Benchmark, IterationTime=250ms, MaxIterationCount=12, MaxWarmupIterationCount=5, MinIterationCount=8, MinWarmupIterationCount=3)
// *** Execute ***
// Launch: 1 / 1
// Execute: dotnet Matrix.JsonSerialization-Quick-1.dll --anonymousPipes 127 128 --benchmarkName Matrix.JsonSerialization.Benchmarks.DeserializeNestedObject.ServiceStackText --job Quick --benchmarkId 10 in /home/runner/work/dotnet-matrix/dotnet-matrix/src/Matrix.JsonSerialization/bin/Benchmark/Release/net10.0/Matrix.JsonSerialization-Quick-1/bin/Release/net10.0
// Failed to set up high priority (Permission denied). In order to run benchmarks with high priority, make sure you have the right permissions.
// BeforeAnythingElse

// Benchmark Process Environment Information:
// BenchmarkDotNet v0.15.8
// Runtime=.NET 10.0.11 (10.0.11, 10.0.1126.37416), X64 RyuJIT x86-64-v3
// GC=Concurrent Workstation
// HardwareIntrinsics=AVX2+BMI1+BMI2+F16C+FMA+LZCNT+MOVBE,AVX,SSE3+SSSE3+SSE4.1+SSE4.2+POPCNT,X86Base+SSE+SSE2,AES+PCLMUL VectorSize=256
// Job: Quick(MaxRelativeError=0.05, IterationTime=250ms, MaxIterationCount=12, MaxWarmupIterationCount=5, MinIterationCount=8, MinWarmupIterationCount=3)

OverheadJitting  1: 1 op, 234764.00 ns, 234.7640 us/op
WorkloadJitting  1: 1 op, 45804284.00 ns, 45.8043 ms/op

WorkloadPilot    1: 4 op, 56706.00 ns, 14.1765 us/op
WorkloadPilot    2: 17635 op, 73727500.00 ns, 4.1807 us/op
WorkloadPilot    3: 59798 op, 132507552.00 ns, 2.2159 us/op
WorkloadPilot    4: 112820 op, 55605363.00 ns, 492.8680 ns/op
WorkloadPilot    5: 507235 op, 235933475.00 ns, 465.1364 ns/op
WorkloadPilot    6: 537477 op, 253328855.00 ns, 471.3297 ns/op
WorkloadPilot    7: 530414 op, 247439551.00 ns, 466.5027 ns/op
WorkloadPilot    8: 535903 op, 249748854.00 ns, 466.0337 ns/op
WorkloadPilot    9: 536442 op, 250127726.00 ns, 466.2717 ns/op
WorkloadPilot   10: 536168 op, 249817568.00 ns, 465.9315 ns/op
WorkloadPilot   11: 536560 op, 249633540.00 ns, 465.2481 ns/op
WorkloadPilot   12: 537348 op, 249796427.00 ns, 464.8690 ns/op
WorkloadPilot   13: 537786 op, 250591686.00 ns, 465.9692 ns/op

WorkloadWarmup   1: 537786 op, 250959100.00 ns, 466.6523 ns/op
WorkloadWarmup   2: 537786 op, 250633993.00 ns, 466.0478 ns/op
WorkloadWarmup   3: 537786 op, 250827752.00 ns, 466.4081 ns/op
WorkloadWarmup   4: 537786 op, 250524223.00 ns, 465.8437 ns/op
WorkloadWarmup   5: 537786 op, 253225688.00 ns, 470.8670 ns/op

// BeforeActualRun
WorkloadActual   1: 537786 op, 250337812.00 ns, 465.4971 ns/op
WorkloadActual   2: 537786 op, 250531314.00 ns, 465.8569 ns/op
WorkloadActual   3: 537786 op, 250829754.00 ns, 466.4118 ns/op
WorkloadActual   4: 537786 op, 251743673.00 ns, 468.1112 ns/op
WorkloadActual   5: 537786 op, 250464544.00 ns, 465.7327 ns/op
WorkloadActual   6: 537786 op, 250380907.00 ns, 465.5772 ns/op
WorkloadActual   7: 537786 op, 250913140.00 ns, 466.5669 ns/op
WorkloadActual   8: 537786 op, 251269247.00 ns, 467.2291 ns/op

// AfterActualRun
WorkloadResult   1: 537786 op, 250337812.00 ns, 465.4971 ns/op
WorkloadResult   2: 537786 op, 250531314.00 ns, 465.8569 ns/op
WorkloadResult   3: 537786 op, 250829754.00 ns, 466.4118 ns/op
WorkloadResult   4: 537786 op, 251743673.00 ns, 468.1112 ns/op
WorkloadResult   5: 537786 op, 250464544.00 ns, 465.7327 ns/op
WorkloadResult   6: 537786 op, 250380907.00 ns, 465.5772 ns/op
WorkloadResult   7: 537786 op, 250913140.00 ns, 466.5669 ns/op
WorkloadResult   8: 537786 op, 251269247.00 ns, 467.2291 ns/op
// GC:  10 0 0 172091520 537786
// Threading:  0 0 537786

// AfterAll
// Benchmark Process 3847 has exited with code 0.

Mean = 466.373 ns, StdErr = 0.324 ns (0.07%), N = 8, StdDev = 0.916 ns
Min = 465.497 ns, Q1 = 465.694 ns, Median = 466.134 ns, Q3 = 466.732 ns, Max = 468.111 ns
IQR = 1.039 ns, LowerFence = 464.136 ns, UpperFence = 468.290 ns
ConfidenceInterval = [464.622 ns; 468.124 ns] (CI 99.9%), Margin = 1.751 ns (0.38% of Mean)
Skewness = 0.7, Kurtosis = 1.94, MValue = 2

// ** Remained 27 (71.1 %) benchmark(s) to run. Estimated finish 2026-08-28 9:43 (0h 2m from now) **
// **************************
// Benchmark: DeserializeNestedObject.SystemTextJson: Quick(MaxRelativeError=0.05, Arguments=/p:MatrixMode=Benchmark, IterationTime=250ms, MaxIterationCount=12, MaxWarmupIterationCount=5, MinIterationCount=8, MinWarmupIterationCount=3)
// *** Execute ***
// Launch: 1 / 1
// Execute: dotnet Matrix.JsonSerialization-Quick-1.dll --anonymousPipes 127 128 --benchmarkName Matrix.JsonSerialization.Benchmarks.DeserializeNestedObject.SystemTextJson --job Quick --benchmarkId 11 in /home/runner/work/dotnet-matrix/dotnet-matrix/src/Matrix.JsonSerialization/bin/Benchmark/Release/net10.0/Matrix.JsonSerialization-Quick-1/bin/Release/net10.0
// Failed to set up high priority (Permission denied). In order to run benchmarks with high priority, make sure you have the right permissions.
// BeforeAnythingElse

// Benchmark Process Environment Information:
// BenchmarkDotNet v0.15.8
// Runtime=.NET 10.0.11 (10.0.11, 10.0.1126.37416), X64 RyuJIT x86-64-v3
// GC=Concurrent Workstation
// HardwareIntrinsics=AVX2+BMI1+BMI2+F16C+FMA+LZCNT+MOVBE,AVX,SSE3+SSSE3+SSE4.1+SSE4.2+POPCNT,X86Base+SSE+SSE2,AES+PCLMUL VectorSize=256
// Job: Quick(MaxRelativeError=0.05, IterationTime=250ms, MaxIterationCount=12, MaxWarmupIterationCount=5, MinIterationCount=8, MinWarmupIterationCount=3)

OverheadJitting  1: 1 op, 239602.00 ns, 239.6020 us/op
WorkloadJitting  1: 1 op, 27028732.00 ns, 27.0287 ms/op

WorkloadPilot    1: 4 op, 83967.00 ns, 20.9918 us/op
WorkloadPilot    2: 11909 op, 26152991.00 ns, 2.1961 us/op
WorkloadPilot    3: 113840 op, 214309137.00 ns, 1.8825 us/op
WorkloadPilot    4: 132799 op, 247963851.00 ns, 1.8672 us/op
WorkloadPilot    5: 133889 op, 75718791.00 ns, 565.5341 ns/op
WorkloadPilot    6: 442060 op, 249367138.00 ns, 564.1025 ns/op
WorkloadPilot    7: 443182 op, 246526473.00 ns, 556.2646 ns/op
WorkloadPilot    8: 449426 op, 251594668.00 ns, 559.8133 ns/op
WorkloadPilot    9: 446577 op, 249664537.00 ns, 559.0627 ns/op
WorkloadPilot   10: 447177 op, 251698305.00 ns, 562.8606 ns/op
WorkloadPilot   11: 444160 op, 248131303.00 ns, 558.6530 ns/op
WorkloadPilot   12: 447505 op, 252467055.00 ns, 564.1659 ns/op

WorkloadWarmup   1: 447505 op, 250008335.00 ns, 558.6716 ns/op
WorkloadWarmup   2: 447505 op, 260871652.00 ns, 582.9469 ns/op
WorkloadWarmup   3: 447505 op, 251126101.00 ns, 561.1694 ns/op
WorkloadWarmup   4: 447505 op, 251349053.00 ns, 561.6676 ns/op
WorkloadWarmup   5: 447505 op, 255903868.00 ns, 571.8458 ns/op

// BeforeActualRun
WorkloadActual   1: 447505 op, 252827357.00 ns, 564.9710 ns/op
WorkloadActual   2: 447505 op, 251194525.00 ns, 561.3223 ns/op
WorkloadActual   3: 447505 op, 249857007.00 ns, 558.3334 ns/op
WorkloadActual   4: 447505 op, 250699608.00 ns, 560.2163 ns/op
WorkloadActual   5: 447505 op, 252167759.00 ns, 563.4971 ns/op
WorkloadActual   6: 447505 op, 251700077.00 ns, 562.4520 ns/op
WorkloadActual   7: 447505 op, 251533866.00 ns, 562.0806 ns/op
WorkloadActual   8: 447505 op, 253395454.00 ns, 566.2405 ns/op

// AfterActualRun
WorkloadResult   1: 447505 op, 252827357.00 ns, 564.9710 ns/op
WorkloadResult   2: 447505 op, 251194525.00 ns, 561.3223 ns/op
WorkloadResult   3: 447505 op, 249857007.00 ns, 558.3334 ns/op
WorkloadResult   4: 447505 op, 250699608.00 ns, 560.2163 ns/op
WorkloadResult   5: 447505 op, 252167759.00 ns, 563.4971 ns/op
WorkloadResult   6: 447505 op, 251700077.00 ns, 562.4520 ns/op
WorkloadResult   7: 447505 op, 251533866.00 ns, 562.0806 ns/op
WorkloadResult   8: 447505 op, 253395454.00 ns, 566.2405 ns/op
// GC:  20 0 0 343683840 447505
// Threading:  0 0 447505

// AfterAll
// Benchmark Process 3861 has exited with code 0.

Mean = 562.389 ns, StdErr = 0.898 ns (0.16%), N = 8, StdDev = 2.539 ns
Min = 558.333 ns, Q1 = 561.046 ns, Median = 562.266 ns, Q3 = 563.866 ns, Max = 566.240 ns
IQR = 2.820 ns, LowerFence = 556.816 ns, UpperFence = 568.095 ns
ConfidenceInterval = [557.534 ns; 567.244 ns] (CI 99.9%), Margin = 4.855 ns (0.86% of Mean)
Skewness = -0.02, Kurtosis = 1.68, MValue = 2

// ** Remained 26 (68.4 %) benchmark(s) to run. Estimated finish 2026-08-28 9:43 (0h 2m from now) **
// ***** BenchmarkRunner: Finish  *****

// * Export *
  tmp/dotnet-matrix/JsonSerialization/a5cf7d52a15c448f9385f0251b69bef8/results/Matrix.JsonSerialization.Benchmarks.DeserializeNestedObject-report.csv
  tmp/dotnet-matrix/JsonSerialization/a5cf7d52a15c448f9385f0251b69bef8/results/Matrix.JsonSerialization.Benchmarks.DeserializeNestedObject-report-github.md
  tmp/dotnet-matrix/JsonSerialization/a5cf7d52a15c448f9385f0251b69bef8/results/Matrix.JsonSerialization.Benchmarks.DeserializeNestedObject-report.html
  tmp/dotnet-matrix/JsonSerialization/a5cf7d52a15c448f9385f0251b69bef8/results/Matrix.JsonSerialization.Benchmarks.DeserializeNestedObject-report-full.json

// * Detailed results *
DeserializeNestedObject.ServiceStackText: Quick(MaxRelativeError=0.05, Arguments=/p:MatrixMode=Benchmark, IterationTime=250ms, MaxIterationCount=12, MaxWarmupIterationCount=5, MinIterationCount=8, MinWarmupIterationCount=3)
Runtime = .NET 10.0.11 (10.0.11, 10.0.1126.37416), X64 RyuJIT x86-64-v3; GC = Concurrent Workstation
Mean = 466.373 ns, StdErr = 0.324 ns (0.07%), N = 8, StdDev = 0.916 ns
Min = 465.497 ns, Q1 = 465.694 ns, Median = 466.134 ns, Q3 = 466.732 ns, Max = 468.111 ns
IQR = 1.039 ns, LowerFence = 464.136 ns, UpperFence = 468.290 ns
ConfidenceInterval = [464.622 ns; 468.124 ns] (CI 99.9%), Margin = 1.751 ns (0.38% of Mean)
Skewness = 0.7, Kurtosis = 1.94, MValue = 2
-------------------- Histogram --------------------
[464.896 ns ; 468.712 ns) | @@@@@@@@
---------------------------------------------------

DeserializeNestedObject.SystemTextJson: Quick(MaxRelativeError=0.05, Arguments=/p:MatrixMode=Benchmark, IterationTime=250ms, MaxIterationCount=12, MaxWarmupIterationCount=5, MinIterationCount=8, MinWarmupIterationCount=3)
Runtime = .NET 10.0.11 (10.0.11, 10.0.1126.37416), X64 RyuJIT x86-64-v3; GC = Concurrent Workstation
Mean = 562.389 ns, StdErr = 0.898 ns (0.16%), N = 8, StdDev = 2.539 ns
Min = 558.333 ns, Q1 = 561.046 ns, Median = 562.266 ns, Q3 = 563.866 ns, Max = 566.240 ns
IQR = 2.820 ns, LowerFence = 556.816 ns, UpperFence = 568.095 ns
ConfidenceInterval = [557.534 ns; 567.244 ns] (CI 99.9%), Margin = 4.855 ns (0.86% of Mean)
Skewness = -0.02, Kurtosis = 1.68, MValue = 2
-------------------- Histogram --------------------
[556.667 ns ; 567.907 ns) | @@@@@@@@
---------------------------------------------------

DeserializeNestedObject.NewtonsoftJson: Quick(MaxRelativeError=0.05, Arguments=/p:MatrixMode=Benchmark, IterationTime=250ms, MaxIterationCount=12, MaxWarmupIterationCount=5, MinIterationCount=8, MinWarmupIterationCount=3)
Runtime = .NET 10.0.11 (10.0.11, 10.0.1126.37416), X64 RyuJIT x86-64-v3; GC = Concurrent Workstation
Mean = 1.031 μs, StdErr = 0.002 μs (0.20%), N = 6, StdDev = 0.005 μs
Min = 1.022 μs, Q1 = 1.030 μs, Median = 1.032 μs, Q3 = 1.035 μs, Max = 1.035 μs
IQR = 0.005 μs, LowerFence = 1.022 μs, UpperFence = 1.043 μs
ConfidenceInterval = [1.017 μs; 1.046 μs] (CI 99.9%), Margin = 0.014 μs (1.40% of Mean)
Skewness = -0.74, Kurtosis = 1.87, MValue = 2
-------------------- Histogram --------------------
[1.018 μs ; 1.039 μs) | @@@@@@
---------------------------------------------------

// * Summary *

BenchmarkDotNet v0.15.8, Linux Ubuntu 24.04.4 LTS (Noble Numbat)
AMD EPYC 9V74 2.60GHz, 1 CPU, 4 logical and 2 physical cores
.NET SDK 10.0.400
  [Host] : .NET 10.0.11 (10.0.11, 10.0.1126.37416), X64 RyuJIT x86-64-v3
  Quick  : .NET 10.0.11 (10.0.11, 10.0.1126.37416), X64 RyuJIT x86-64-v3

Job=Quick  MaxRelativeError=0.05  Arguments=/p:MatrixMode=Benchmark  
IterationTime=250ms  MaxIterationCount=12  MaxWarmupIterationCount=5  
MinIterationCount=8  MinWarmupIterationCount=3  

| Method           | Mean       | Error    | StdDev  | Gen0   | Allocated |
|----------------- |-----------:|---------:|--------:|-------:|----------:|
| ServiceStackText |   466.4 ns |  1.75 ns | 0.92 ns | 0.0186 |     320 B |
| SystemTextJson   |   562.4 ns |  4.85 ns | 2.54 ns | 0.0447 |     768 B |
| NewtonsoftJson   | 1,031.2 ns | 14.45 ns | 5.15 ns | 0.1760 |    2960 B |

// * Hints *
Outliers
  DeserializeNestedObject.NewtonsoftJson: Quick -> 2 outliers were removed (1.06 μs, 1.06 μs)

// * Legends *
  Mean      : Arithmetic mean of all measurements
  Error     : Half of 99.9% confidence interval
  StdDev    : Standard deviation of all measurements
  Gen0      : GC Generation 0 collects per 1000 operations
  Allocated : Allocated memory per single operation (managed only, inclusive, 1KB = 1024B)
  1 ns      : 1 Nanosecond (0.000000001 sec)

// * Diagnostic Output - MemoryDiagnoser *


// ***** BenchmarkRunner: End *****
Run time: 00:00:17 (17.52 sec), executed benchmarks: 3

// Found 3 benchmarks:
//   DeserializeSimpleObject.NewtonsoftJson: Quick(MaxRelativeError=0.05, Arguments=/p:MatrixMode=Benchmark, IterationTime=250ms, MaxIterationCount=12, MaxWarmupIterationCount=5, MinIterationCount=8, MinWarmupIterationCount=3)
//   DeserializeSimpleObject.ServiceStackText: Quick(MaxRelativeError=0.05, Arguments=/p:MatrixMode=Benchmark, IterationTime=250ms, MaxIterationCount=12, MaxWarmupIterationCount=5, MinIterationCount=8, MinWarmupIterationCount=3)
//   DeserializeSimpleObject.SystemTextJson: Quick(MaxRelativeError=0.05, Arguments=/p:MatrixMode=Benchmark, IterationTime=250ms, MaxIterationCount=12, MaxWarmupIterationCount=5, MinIterationCount=8, MinWarmupIterationCount=3)

// **************************
// Benchmark: DeserializeSimpleObject.NewtonsoftJson: Quick(MaxRelativeError=0.05, Arguments=/p:MatrixMode=Benchmark, IterationTime=250ms, MaxIterationCount=12, MaxWarmupIterationCount=5, MinIterationCount=8, MinWarmupIterationCount=3)
// *** Execute ***
// Launch: 1 / 1
// Execute: dotnet Matrix.JsonSerialization-Quick-1.dll --anonymousPipes 127 128 --benchmarkName Matrix.JsonSerialization.Benchmarks.DeserializeSimpleObject.NewtonsoftJson --job Quick --benchmarkId 12 in /home/runner/work/dotnet-matrix/dotnet-matrix/src/Matrix.JsonSerialization/bin/Benchmark/Release/net10.0/Matrix.JsonSerialization-Quick-1/bin/Release/net10.0
// Failed to set up high priority (Permission denied). In order to run benchmarks with high priority, make sure you have the right permissions.
// BeforeAnythingElse

// Benchmark Process Environment Information:
// BenchmarkDotNet v0.15.8
// Runtime=.NET 10.0.11 (10.0.11, 10.0.1126.37416), X64 RyuJIT x86-64-v3
// GC=Concurrent Workstation
// HardwareIntrinsics=AVX2+BMI1+BMI2+F16C+FMA+LZCNT+MOVBE,AVX,SSE3+SSSE3+SSE4.1+SSE4.2+POPCNT,X86Base+SSE+SSE2,AES+PCLMUL VectorSize=256
// Job: Quick(MaxRelativeError=0.05, IterationTime=250ms, MaxIterationCount=12, MaxWarmupIterationCount=5, MinIterationCount=8, MinWarmupIterationCount=3)

OverheadJitting  1: 1 op, 237188.00 ns, 237.1880 us/op
WorkloadJitting  1: 1 op, 58248633.00 ns, 58.2486 ms/op

WorkloadPilot    1: 4 op, 71608.00 ns, 17.9020 us/op
WorkloadPilot    2: 13965 op, 62398422.00 ns, 4.4682 us/op
WorkloadPilot    3: 55951 op, 299436563.00 ns, 5.3518 us/op
WorkloadPilot    4: 46714 op, 92584786.00 ns, 1.9819 us/op
WorkloadPilot    5: 126138 op, 65658230.00 ns, 520.5270 ns/op
WorkloadPilot    6: 480283 op, 250437953.00 ns, 521.4383 ns/op
WorkloadPilot    7: 479443 op, 247669677.00 ns, 516.5779 ns/op
WorkloadPilot    8: 483954 op, 249488832.00 ns, 515.5218 ns/op
WorkloadPilot    9: 484946 op, 252490720.00 ns, 520.6574 ns/op

WorkloadWarmup   1: 484946 op, 250154225.00 ns, 515.8393 ns/op
WorkloadWarmup   2: 484946 op, 252799335.00 ns, 521.2938 ns/op
WorkloadWarmup   3: 484946 op, 250477623.00 ns, 516.5062 ns/op
WorkloadWarmup   4: 484946 op, 251533456.00 ns, 518.6834 ns/op
WorkloadWarmup   5: 484946 op, 259737310.00 ns, 535.6005 ns/op

// BeforeActualRun
WorkloadActual   1: 484946 op, 250782753.00 ns, 517.1354 ns/op
WorkloadActual   2: 484946 op, 252422286.00 ns, 520.5163 ns/op
WorkloadActual   3: 484946 op, 253536507.00 ns, 522.8139 ns/op
WorkloadActual   4: 484946 op, 253510057.00 ns, 522.7594 ns/op
WorkloadActual   5: 484946 op, 253573203.00 ns, 522.8896 ns/op
WorkloadActual   6: 484946 op, 252900187.00 ns, 521.5017 ns/op
WorkloadActual   7: 484946 op, 251616631.00 ns, 518.8549 ns/op
WorkloadActual   8: 484946 op, 252650260.00 ns, 520.9864 ns/op

// AfterActualRun
WorkloadResult   1: 484946 op, 250782753.00 ns, 517.1354 ns/op
WorkloadResult   2: 484946 op, 252422286.00 ns, 520.5163 ns/op
WorkloadResult   3: 484946 op, 253536507.00 ns, 522.8139 ns/op
WorkloadResult   4: 484946 op, 253510057.00 ns, 522.7594 ns/op
WorkloadResult   5: 484946 op, 253573203.00 ns, 522.8896 ns/op
WorkloadResult   6: 484946 op, 252900187.00 ns, 521.5017 ns/op
WorkloadResult   7: 484946 op, 251616631.00 ns, 518.8549 ns/op
WorkloadResult   8: 484946 op, 252650260.00 ns, 520.9864 ns/op
// GC:  77 0 0 1295775712 484946
// Threading:  0 0 484946

// AfterAll
// Benchmark Process 3873 has exited with code 0.

Mean = 520.932 ns, StdErr = 0.731 ns (0.14%), N = 8, StdDev = 2.068 ns
Min = 517.135 ns, Q1 = 520.101 ns, Median = 521.244 ns, Q3 = 522.773 ns, Max = 522.890 ns
IQR = 2.672 ns, LowerFence = 516.093 ns, UpperFence = 526.781 ns
ConfidenceInterval = [516.978 ns; 524.886 ns] (CI 99.9%), Margin = 3.954 ns (0.76% of Mean)
Skewness = -0.61, Kurtosis = 1.81, MValue = 2

// ** Remained 25 (65.8 %) benchmark(s) to run. Estimated finish 2026-08-28 9:43 (0h 2m from now) **
// **************************
// Benchmark: DeserializeSimpleObject.ServiceStackText: Quick(MaxRelativeError=0.05, Arguments=/p:MatrixMode=Benchmark, IterationTime=250ms, MaxIterationCount=12, MaxWarmupIterationCount=5, MinIterationCount=8, MinWarmupIterationCount=3)
// *** Execute ***
// Launch: 1 / 1
// Execute: dotnet Matrix.JsonSerialization-Quick-1.dll --anonymousPipes 127 128 --benchmarkName Matrix.JsonSerialization.Benchmarks.DeserializeSimpleObject.ServiceStackText --job Quick --benchmarkId 13 in /home/runner/work/dotnet-matrix/dotnet-matrix/src/Matrix.JsonSerialization/bin/Benchmark/Release/net10.0/Matrix.JsonSerialization-Quick-1/bin/Release/net10.0
// Failed to set up high priority (Permission denied). In order to run benchmarks with high priority, make sure you have the right permissions.
// BeforeAnythingElse

// Benchmark Process Environment Information:
// BenchmarkDotNet v0.15.8
// Runtime=.NET 10.0.11 (10.0.11, 10.0.1126.37416), X64 RyuJIT x86-64-v3
// GC=Concurrent Workstation
// HardwareIntrinsics=AVX2+BMI1+BMI2+F16C+FMA+LZCNT+MOVBE,AVX,SSE3+SSSE3+SSE4.1+SSE4.2+POPCNT,X86Base+SSE+SSE2,AES+PCLMUL VectorSize=256
// Job: Quick(MaxRelativeError=0.05, IterationTime=250ms, MaxIterationCount=12, MaxWarmupIterationCount=5, MinIterationCount=8, MinWarmupIterationCount=3)

OverheadJitting  1: 1 op, 243267.00 ns, 243.2670 us/op
WorkloadJitting  1: 1 op, 47951681.00 ns, 47.9517 ms/op

WorkloadPilot    1: 4 op, 20911.00 ns, 5.2278 us/op
WorkloadPilot    2: 47822 op, 72527401.00 ns, 1.5166 us/op
WorkloadPilot    3: 164841 op, 137169958.00 ns, 832.1350 ns/op
WorkloadPilot    4: 300432 op, 56407906.00 ns, 187.7560 ns/op
WorkloadPilot    5: 1331515 op, 237918930.00 ns, 178.6829 ns/op
WorkloadPilot    6: 1399127 op, 251961442.00 ns, 180.0848 ns/op
WorkloadPilot    7: 1388235 op, 247092086.00 ns, 177.9901 ns/op
WorkloadPilot    8: 1404573 op, 250875363.00 ns, 178.6133 ns/op
WorkloadPilot    9: 1399672 op, 249813550.00 ns, 178.4801 ns/op
WorkloadPilot   10: 1400717 op, 250053366.00 ns, 178.5181 ns/op

WorkloadWarmup   1: 1400717 op, 249805532.00 ns, 178.3412 ns/op
WorkloadWarmup   2: 1400717 op, 250586681.00 ns, 178.8989 ns/op
WorkloadWarmup   3: 1400717 op, 250611018.00 ns, 178.9162 ns/op
WorkloadWarmup   4: 1400717 op, 252515190.00 ns, 180.2757 ns/op
WorkloadWarmup   5: 1400717 op, 252060804.00 ns, 179.9513 ns/op

// BeforeActualRun
WorkloadActual   1: 1400717 op, 249965864.00 ns, 178.4557 ns/op
WorkloadActual   2: 1400717 op, 250753762.00 ns, 179.0181 ns/op
WorkloadActual   3: 1400717 op, 253042215.00 ns, 180.6519 ns/op
WorkloadActual   4: 1400717 op, 254089625.00 ns, 181.3997 ns/op
WorkloadActual   5: 1400717 op, 250741123.00 ns, 179.0091 ns/op
WorkloadActual   6: 1400717 op, 249973245.00 ns, 178.4609 ns/op
WorkloadActual   7: 1400717 op, 253606887.00 ns, 181.0551 ns/op
WorkloadActual   8: 1400717 op, 250715796.00 ns, 178.9910 ns/op

// AfterActualRun
WorkloadResult   1: 1400717 op, 249965864.00 ns, 178.4557 ns/op
WorkloadResult   2: 1400717 op, 250753762.00 ns, 179.0181 ns/op
WorkloadResult   3: 1400717 op, 253042215.00 ns, 180.6519 ns/op
WorkloadResult   4: 1400717 op, 254089625.00 ns, 181.3997 ns/op
WorkloadResult   5: 1400717 op, 250741123.00 ns, 179.0091 ns/op
WorkloadResult   6: 1400717 op, 249973245.00 ns, 178.4609 ns/op
WorkloadResult   7: 1400717 op, 253606887.00 ns, 181.0551 ns/op
WorkloadResult   8: 1400717 op, 250715796.00 ns, 178.9910 ns/op
// GC:  9 0 0 156880304 1400717
// Threading:  0 0 1400717

// AfterAll
// Benchmark Process 3881 has exited with code 0.

Mean = 179.630 ns, StdErr = 0.425 ns (0.24%), N = 8, StdDev = 1.202 ns
Min = 178.456 ns, Q1 = 178.859 ns, Median = 179.014 ns, Q3 = 180.753 ns, Max = 181.400 ns
IQR = 1.894 ns, LowerFence = 176.017 ns, UpperFence = 183.594 ns
ConfidenceInterval = [177.331 ns; 181.929 ns] (CI 99.9%), Margin = 2.299 ns (1.28% of Mean)
Skewness = 0.4, Kurtosis = 1.15, MValue = 2

// ** Remained 24 (63.2 %) benchmark(s) to run. Estimated finish 2026-08-28 9:43 (0h 2m from now) **
// **************************
// Benchmark: DeserializeSimpleObject.SystemTextJson: Quick(MaxRelativeError=0.05, Arguments=/p:MatrixMode=Benchmark, IterationTime=250ms, MaxIterationCount=12, MaxWarmupIterationCount=5, MinIterationCount=8, MinWarmupIterationCount=3)
// *** Execute ***
// Launch: 1 / 1
// Execute: dotnet Matrix.JsonSerialization-Quick-1.dll --anonymousPipes 127 128 --benchmarkName Matrix.JsonSerialization.Benchmarks.DeserializeSimpleObject.SystemTextJson --job Quick --benchmarkId 14 in /home/runner/work/dotnet-matrix/dotnet-matrix/src/Matrix.JsonSerialization/bin/Benchmark/Release/net10.0/Matrix.JsonSerialization-Quick-1/bin/Release/net10.0
// Failed to set up high priority (Permission denied). In order to run benchmarks with high priority, make sure you have the right permissions.
// BeforeAnythingElse

// Benchmark Process Environment Information:
// BenchmarkDotNet v0.15.8
// Runtime=.NET 10.0.11 (10.0.11, 10.0.1126.37416), X64 RyuJIT x86-64-v3
// GC=Concurrent Workstation
// HardwareIntrinsics=AVX2+BMI1+BMI2+F16C+FMA+LZCNT+MOVBE,AVX,SSE3+SSSE3+SSE4.1+SSE4.2+POPCNT,X86Base+SSE+SSE2,AES+PCLMUL VectorSize=256
// Job: Quick(MaxRelativeError=0.05, IterationTime=250ms, MaxIterationCount=12, MaxWarmupIterationCount=5, MinIterationCount=8, MinWarmupIterationCount=3)

OverheadJitting  1: 1 op, 246041.00 ns, 246.0410 us/op
WorkloadJitting  1: 1 op, 26025540.00 ns, 26.0255 ms/op

WorkloadPilot    1: 4 op, 67121.00 ns, 16.7803 us/op
WorkloadPilot    2: 14898 op, 12168206.00 ns, 816.7678 ns/op
WorkloadPilot    3: 306085 op, 280428387.00 ns, 916.1781 ns/op
WorkloadPilot    4: 272873 op, 267781579.00 ns, 981.3414 ns/op
WorkloadPilot    5: 254753 op, 76949829.00 ns, 302.0566 ns/op
WorkloadPilot    6: 827659 op, 189804741.00 ns, 229.3272 ns/op
WorkloadPilot    7: 1090145 op, 246020843.00 ns, 225.6772 ns/op
WorkloadPilot    8: 1107777 op, 249860475.00 ns, 225.5512 ns/op
WorkloadPilot    9: 1108396 op, 250223452.00 ns, 225.7528 ns/op

WorkloadWarmup   1: 1108396 op, 250426639.00 ns, 225.9361 ns/op
WorkloadWarmup   2: 1108396 op, 250319167.00 ns, 225.8391 ns/op
WorkloadWarmup   3: 1108396 op, 250086085.00 ns, 225.6288 ns/op
WorkloadWarmup   4: 1108396 op, 251394880.00 ns, 226.8096 ns/op
WorkloadWarmup   5: 1108396 op, 250524386.00 ns, 226.0243 ns/op

// BeforeActualRun
WorkloadActual   1: 1108396 op, 250166337.00 ns, 225.7012 ns/op
WorkloadActual   2: 1108396 op, 250410835.00 ns, 225.9218 ns/op
WorkloadActual   3: 1108396 op, 250204164.00 ns, 225.7354 ns/op
WorkloadActual   4: 1108396 op, 250425280.00 ns, 225.9348 ns/op
WorkloadActual   5: 1108396 op, 250089631.00 ns, 225.6320 ns/op
WorkloadActual   6: 1108396 op, 250233648.00 ns, 225.7620 ns/op
WorkloadActual   7: 1108396 op, 251146696.00 ns, 226.5857 ns/op
WorkloadActual   8: 1108396 op, 250701063.00 ns, 226.1837 ns/op

// AfterActualRun
WorkloadResult   1: 1108396 op, 250166337.00 ns, 225.7012 ns/op
WorkloadResult   2: 1108396 op, 250410835.00 ns, 225.9218 ns/op
WorkloadResult   3: 1108396 op, 250204164.00 ns, 225.7354 ns/op
WorkloadResult   4: 1108396 op, 250425280.00 ns, 225.9348 ns/op
WorkloadResult   5: 1108396 op, 250089631.00 ns, 225.6320 ns/op
WorkloadResult   6: 1108396 op, 250233648.00 ns, 225.7620 ns/op
WorkloadResult   7: 1108396 op, 250701063.00 ns, 226.1837 ns/op
// GC:  4 0 0 70937344 1108396
// Threading:  0 0 1108396

// AfterAll
// Benchmark Process 3897 has exited with code 0.

Mean = 225.839 ns, StdErr = 0.071 ns (0.03%), N = 7, StdDev = 0.189 ns
Min = 225.632 ns, Q1 = 225.718 ns, Median = 225.762 ns, Q3 = 225.928 ns, Max = 226.184 ns
IQR = 0.210 ns, LowerFence = 225.403 ns, UpperFence = 226.243 ns
ConfidenceInterval = [225.414 ns; 226.263 ns] (CI 99.9%), Margin = 0.425 ns (0.19% of Mean)
Skewness = 0.63, Kurtosis = 1.88, MValue = 2

// ** Remained 23 (60.5 %) benchmark(s) to run. Estimated finish 2026-08-28 9:43 (0h 2m from now) **
// ***** BenchmarkRunner: Finish  *****

// * Export *
  tmp/dotnet-matrix/JsonSerialization/a5cf7d52a15c448f9385f0251b69bef8/results/Matrix.JsonSerialization.Benchmarks.DeserializeSimpleObject-report.csv
  tmp/dotnet-matrix/JsonSerialization/a5cf7d52a15c448f9385f0251b69bef8/results/Matrix.JsonSerialization.Benchmarks.DeserializeSimpleObject-report-github.md
  tmp/dotnet-matrix/JsonSerialization/a5cf7d52a15c448f9385f0251b69bef8/results/Matrix.JsonSerialization.Benchmarks.DeserializeSimpleObject-report.html
  tmp/dotnet-matrix/JsonSerialization/a5cf7d52a15c448f9385f0251b69bef8/results/Matrix.JsonSerialization.Benchmarks.DeserializeSimpleObject-report-full.json

// * Detailed results *
DeserializeSimpleObject.ServiceStackText: Quick(MaxRelativeError=0.05, Arguments=/p:MatrixMode=Benchmark, IterationTime=250ms, MaxIterationCount=12, MaxWarmupIterationCount=5, MinIterationCount=8, MinWarmupIterationCount=3)
Runtime = .NET 10.0.11 (10.0.11, 10.0.1126.37416), X64 RyuJIT x86-64-v3; GC = Concurrent Workstation
Mean = 179.630 ns, StdErr = 0.425 ns (0.24%), N = 8, StdDev = 1.202 ns
Min = 178.456 ns, Q1 = 178.859 ns, Median = 179.014 ns, Q3 = 180.753 ns, Max = 181.400 ns
IQR = 1.894 ns, LowerFence = 176.017 ns, UpperFence = 183.594 ns
ConfidenceInterval = [177.331 ns; 181.929 ns] (CI 99.9%), Margin = 2.299 ns (1.28% of Mean)
Skewness = 0.4, Kurtosis = 1.15, MValue = 2
-------------------- Histogram --------------------
[177.667 ns ; 182.189 ns) | @@@@@@@@
---------------------------------------------------

DeserializeSimpleObject.SystemTextJson: Quick(MaxRelativeError=0.05, Arguments=/p:MatrixMode=Benchmark, IterationTime=250ms, MaxIterationCount=12, MaxWarmupIterationCount=5, MinIterationCount=8, MinWarmupIterationCount=3)
Runtime = .NET 10.0.11 (10.0.11, 10.0.1126.37416), X64 RyuJIT x86-64-v3; GC = Concurrent Workstation
Mean = 225.839 ns, StdErr = 0.071 ns (0.03%), N = 7, StdDev = 0.189 ns
Min = 225.632 ns, Q1 = 225.718 ns, Median = 225.762 ns, Q3 = 225.928 ns, Max = 226.184 ns
IQR = 0.210 ns, LowerFence = 225.403 ns, UpperFence = 226.243 ns
ConfidenceInterval = [225.414 ns; 226.263 ns] (CI 99.9%), Margin = 0.425 ns (0.19% of Mean)
Skewness = 0.63, Kurtosis = 1.88, MValue = 2
-------------------- Histogram --------------------
[225.503 ns ; 226.313 ns) | @@@@@@@
---------------------------------------------------

DeserializeSimpleObject.NewtonsoftJson: Quick(MaxRelativeError=0.05, Arguments=/p:MatrixMode=Benchmark, IterationTime=250ms, MaxIterationCount=12, MaxWarmupIterationCount=5, MinIterationCount=8, MinWarmupIterationCount=3)
Runtime = .NET 10.0.11 (10.0.11, 10.0.1126.37416), X64 RyuJIT x86-64-v3; GC = Concurrent Workstation
Mean = 520.932 ns, StdErr = 0.731 ns (0.14%), N = 8, StdDev = 2.068 ns
Min = 517.135 ns, Q1 = 520.101 ns, Median = 521.244 ns, Q3 = 522.773 ns, Max = 522.890 ns
IQR = 2.672 ns, LowerFence = 516.093 ns, UpperFence = 526.781 ns
ConfidenceInterval = [516.978 ns; 524.886 ns] (CI 99.9%), Margin = 3.954 ns (0.76% of Mean)
Skewness = -0.61, Kurtosis = 1.81, MValue = 2
-------------------- Histogram --------------------
[515.778 ns ; 524.247 ns) | @@@@@@@@
---------------------------------------------------

// * Summary *

BenchmarkDotNet v0.15.8, Linux Ubuntu 24.04.4 LTS (Noble Numbat)
AMD EPYC 9V74 2.60GHz, 1 CPU, 4 logical and 2 physical cores
.NET SDK 10.0.400
  [Host] : .NET 10.0.11 (10.0.11, 10.0.1126.37416), X64 RyuJIT x86-64-v3
  Quick  : .NET 10.0.11 (10.0.11, 10.0.1126.37416), X64 RyuJIT x86-64-v3

Job=Quick  MaxRelativeError=0.05  Arguments=/p:MatrixMode=Benchmark  
IterationTime=250ms  MaxIterationCount=12  MaxWarmupIterationCount=5  
MinIterationCount=8  MinWarmupIterationCount=3  

| Method           | Mean     | Error   | StdDev  | Gen0   | Allocated |
|----------------- |---------:|--------:|--------:|-------:|----------:|
| ServiceStackText | 179.6 ns | 2.30 ns | 1.20 ns | 0.0064 |     112 B |
| SystemTextJson   | 225.8 ns | 0.42 ns | 0.19 ns | 0.0036 |      64 B |
| NewtonsoftJson   | 520.9 ns | 3.95 ns | 2.07 ns | 0.1588 |    2672 B |

// * Hints *
Outliers
  DeserializeSimpleObject.SystemTextJson: Quick -> 1 outlier  was  removed (226.59 ns)

// * Legends *
  Mean      : Arithmetic mean of all measurements
  Error     : Half of 99.9% confidence interval
  StdDev    : Standard deviation of all measurements
  Gen0      : GC Generation 0 collects per 1000 operations
  Allocated : Allocated memory per single operation (managed only, inclusive, 1KB = 1024B)
  1 ns      : 1 Nanosecond (0.000000001 sec)

// * Diagnostic Output - MemoryDiagnoser *


// ***** BenchmarkRunner: End *****
Run time: 00:00:16 (16.12 sec), executed benchmarks: 3

// Found 3 benchmarks:
//   EnumRoundTrip.NewtonsoftJson: Quick(MaxRelativeError=0.05, Arguments=/p:MatrixMode=Benchmark, IterationTime=250ms, MaxIterationCount=12, MaxWarmupIterationCount=5, MinIterationCount=8, MinWarmupIterationCount=3)
//   EnumRoundTrip.ServiceStackText: Quick(MaxRelativeError=0.05, Arguments=/p:MatrixMode=Benchmark, IterationTime=250ms, MaxIterationCount=12, MaxWarmupIterationCount=5, MinIterationCount=8, MinWarmupIterationCount=3)
//   EnumRoundTrip.SystemTextJson: Quick(MaxRelativeError=0.05, Arguments=/p:MatrixMode=Benchmark, IterationTime=250ms, MaxIterationCount=12, MaxWarmupIterationCount=5, MinIterationCount=8, MinWarmupIterationCount=3)

// **************************
// Benchmark: EnumRoundTrip.NewtonsoftJson: Quick(MaxRelativeError=0.05, Arguments=/p:MatrixMode=Benchmark, IterationTime=250ms, MaxIterationCount=12, MaxWarmupIterationCount=5, MinIterationCount=8, MinWarmupIterationCount=3)
// *** Execute ***
// Launch: 1 / 1
// Execute: dotnet Matrix.JsonSerialization-Quick-1.dll --anonymousPipes 127 128 --benchmarkName Matrix.JsonSerialization.Benchmarks.EnumRoundTrip.NewtonsoftJson --job Quick --benchmarkId 15 in /home/runner/work/dotnet-matrix/dotnet-matrix/src/Matrix.JsonSerialization/bin/Benchmark/Release/net10.0/Matrix.JsonSerialization-Quick-1/bin/Release/net10.0
// Failed to set up high priority (Permission denied). In order to run benchmarks with high priority, make sure you have the right permissions.
// BeforeAnythingElse

// Benchmark Process Environment Information:
// BenchmarkDotNet v0.15.8
// Runtime=.NET 10.0.11 (10.0.11, 10.0.1126.37416), X64 RyuJIT x86-64-v3
// GC=Concurrent Workstation
// HardwareIntrinsics=AVX2+BMI1+BMI2+F16C+FMA+LZCNT+MOVBE,AVX,SSE3+SSSE3+SSE4.1+SSE4.2+POPCNT,X86Base+SSE+SSE2,AES+PCLMUL VectorSize=256
// Job: Quick(MaxRelativeError=0.05, IterationTime=250ms, MaxIterationCount=12, MaxWarmupIterationCount=5, MinIterationCount=8, MinWarmupIterationCount=3)

OverheadJitting  1: 1 op, 229596.00 ns, 229.5960 us/op
WorkloadJitting  1: 1 op, 65516476.00 ns, 65.5165 ms/op

WorkloadPilot    1: 4 op, 142836.00 ns, 35.7090 us/op
WorkloadPilot    2: 7001 op, 50292774.00 ns, 7.1837 us/op
WorkloadPilot    3: 34801 op, 250114569.00 ns, 7.1870 us/op
WorkloadPilot    4: 34785 op, 265438020.00 ns, 7.6308 us/op
WorkloadPilot    5: 32762 op, 70053880.00 ns, 2.1383 us/op
WorkloadPilot    6: 116917 op, 112094087.00 ns, 958.7493 ns/op
WorkloadPilot    7: 260756 op, 246009467.00 ns, 943.4470 ns/op
WorkloadPilot    8: 264986 op, 249917321.00 ns, 943.1341 ns/op
WorkloadPilot    9: 265074 op, 248789911.00 ns, 938.5678 ns/op
WorkloadPilot   10: 266363 op, 251677356.00 ns, 944.8661 ns/op

WorkloadWarmup   1: 266363 op, 252502250.00 ns, 947.9629 ns/op
WorkloadWarmup   2: 266363 op, 254167582.00 ns, 954.2150 ns/op
WorkloadWarmup   3: 266363 op, 272986155.00 ns, 1.0249 us/op
WorkloadWarmup   4: 266363 op, 261404848.00 ns, 981.3857 ns/op
WorkloadWarmup   5: 266363 op, 254450909.00 ns, 955.2787 ns/op

// BeforeActualRun
WorkloadActual   1: 266363 op, 252613628.00 ns, 948.3811 ns/op
WorkloadActual   2: 266363 op, 257688352.00 ns, 967.4330 ns/op
WorkloadActual   3: 266363 op, 267764950.00 ns, 1.0053 us/op
WorkloadActual   4: 266363 op, 267999374.00 ns, 1.0061 us/op
WorkloadActual   5: 266363 op, 257666740.00 ns, 967.3518 ns/op
WorkloadActual   6: 266363 op, 262309672.00 ns, 984.7827 ns/op
WorkloadActual   7: 266363 op, 254212469.00 ns, 954.3836 ns/op
WorkloadActual   8: 266363 op, 254977494.00 ns, 957.2557 ns/op

// AfterActualRun
WorkloadResult   1: 266363 op, 252613628.00 ns, 948.3811 ns/op
WorkloadResult   2: 266363 op, 257688352.00 ns, 967.4330 ns/op
WorkloadResult   3: 266363 op, 267764950.00 ns, 1.0053 us/op
WorkloadResult   4: 266363 op, 267999374.00 ns, 1.0061 us/op
WorkloadResult   5: 266363 op, 257666740.00 ns, 967.3518 ns/op
WorkloadResult   6: 266363 op, 262309672.00 ns, 984.7827 ns/op
WorkloadResult   7: 266363 op, 254212469.00 ns, 954.3836 ns/op
WorkloadResult   8: 266363 op, 254977494.00 ns, 957.2557 ns/op
// GC:  76 0 0 1276428128 266363
// Threading:  0 0 266363

// AfterAll
// Benchmark Process 3906 has exited with code 0.

Mean = 973.874 ns, StdErr = 7.946 ns (0.82%), N = 8, StdDev = 22.474 ns
Min = 948.381 ns, Q1 = 956.538 ns, Median = 967.392 ns, Q3 = 989.903 ns, Max = 1,006.143 ns
IQR = 33.365 ns, LowerFence = 906.490 ns, UpperFence = 1,039.951 ns
ConfidenceInterval = [930.905 ns; 1,016.844 ns] (CI 99.9%), Margin = 42.970 ns (4.41% of Mean)
Skewness = 0.4, Kurtosis = 1.33, MValue = 2

// ** Remained 22 (57.9 %) benchmark(s) to run. Estimated finish 2026-08-28 9:43 (0h 2m from now) **
// **************************
// Benchmark: EnumRoundTrip.ServiceStackText: Quick(MaxRelativeError=0.05, Arguments=/p:MatrixMode=Benchmark, IterationTime=250ms, MaxIterationCount=12, MaxWarmupIterationCount=5, MinIterationCount=8, MinWarmupIterationCount=3)
// *** Execute ***
// Launch: 1 / 1
// Execute: dotnet Matrix.JsonSerialization-Quick-1.dll --anonymousPipes 127 128 --benchmarkName Matrix.JsonSerialization.Benchmarks.EnumRoundTrip.ServiceStackText --job Quick --benchmarkId 16 in /home/runner/work/dotnet-matrix/dotnet-matrix/src/Matrix.JsonSerialization/bin/Benchmark/Release/net10.0/Matrix.JsonSerialization-Quick-1/bin/Release/net10.0
// Failed to set up high priority (Permission denied). In order to run benchmarks with high priority, make sure you have the right permissions.
// BeforeAnythingElse

// Benchmark Process Environment Information:
// BenchmarkDotNet v0.15.8
// Runtime=.NET 10.0.11 (10.0.11, 10.0.1126.37416), X64 RyuJIT x86-64-v3
// GC=Concurrent Workstation
// HardwareIntrinsics=AVX2+BMI1+BMI2+F16C+FMA+LZCNT+MOVBE,AVX,SSE3+SSSE3+SSE4.1+SSE4.2+POPCNT,X86Base+SSE+SSE2,AES+PCLMUL VectorSize=256
// Job: Quick(MaxRelativeError=0.05, IterationTime=250ms, MaxIterationCount=12, MaxWarmupIterationCount=5, MinIterationCount=8, MinWarmupIterationCount=3)

OverheadJitting  1: 1 op, 252280.00 ns, 252.2800 us/op
WorkloadJitting  1: 1 op, 55326497.00 ns, 55.3265 ms/op

WorkloadPilot    1: 4 op, 65428.00 ns, 16.3570 us/op
WorkloadPilot    2: 15284 op, 35134452.00 ns, 2.2988 us/op
WorkloadPilot    3: 108754 op, 274879871.00 ns, 2.5275 us/op
WorkloadPilot    4: 98910 op, 118843317.00 ns, 1.2015 us/op
WorkloadPilot    5: 208068 op, 62258743.00 ns, 299.2231 ns/op
WorkloadPilot    6: 835497 op, 258085030.00 ns, 308.9000 ns/op
WorkloadPilot    7: 809323 op, 244796033.00 ns, 302.4701 ns/op
WorkloadPilot    8: 826528 op, 252051180.00 ns, 304.9518 ns/op

WorkloadWarmup   1: 826528 op, 250128359.00 ns, 302.6254 ns/op
WorkloadWarmup   2: 826528 op, 255206720.00 ns, 308.7696 ns/op
WorkloadWarmup   3: 826528 op, 253581879.00 ns, 306.8037 ns/op
WorkloadWarmup   4: 826528 op, 252257771.00 ns, 305.2017 ns/op
WorkloadWarmup   5: 826528 op, 251988716.00 ns, 304.8762 ns/op

// BeforeActualRun
WorkloadActual   1: 826528 op, 246140383.00 ns, 297.8004 ns/op
WorkloadActual   2: 826528 op, 250876258.00 ns, 303.5303 ns/op
WorkloadActual   3: 826528 op, 246536732.00 ns, 298.2800 ns/op
WorkloadActual   4: 826528 op, 246176949.00 ns, 297.8447 ns/op
WorkloadActual   5: 826528 op, 247642740.00 ns, 299.6181 ns/op
WorkloadActual   6: 826528 op, 247293823.00 ns, 299.1959 ns/op
WorkloadActual   7: 826528 op, 245784477.00 ns, 297.3698 ns/op
WorkloadActual   8: 826528 op, 246127123.00 ns, 297.7844 ns/op

// AfterActualRun
WorkloadResult   1: 826528 op, 246140383.00 ns, 297.8004 ns/op
WorkloadResult   2: 826528 op, 246536732.00 ns, 298.2800 ns/op
WorkloadResult   3: 826528 op, 246176949.00 ns, 297.8447 ns/op
WorkloadResult   4: 826528 op, 247642740.00 ns, 299.6181 ns/op
WorkloadResult   5: 826528 op, 247293823.00 ns, 299.1959 ns/op
WorkloadResult   6: 826528 op, 245784477.00 ns, 297.3698 ns/op
WorkloadResult   7: 826528 op, 246127123.00 ns, 297.7844 ns/op
// GC:  16 0 0 277722384 826528
// Threading:  0 0 826528

// AfterAll
// Benchmark Process 3924 has exited with code 0.

Mean = 298.270 ns, StdErr = 0.313 ns (0.11%), N = 7, StdDev = 0.829 ns
Min = 297.370 ns, Q1 = 297.792 ns, Median = 297.845 ns, Q3 = 298.738 ns, Max = 299.618 ns
IQR = 0.946 ns, LowerFence = 296.374 ns, UpperFence = 300.156 ns
ConfidenceInterval = [296.404 ns; 300.137 ns] (CI 99.9%), Margin = 1.867 ns (0.63% of Mean)
Skewness = 0.56, Kurtosis = 1.46, MValue = 2

// ** Remained 21 (55.3 %) benchmark(s) to run. Estimated finish 2026-08-28 9:43 (0h 1m from now) **
// **************************
// Benchmark: EnumRoundTrip.SystemTextJson: Quick(MaxRelativeError=0.05, Arguments=/p:MatrixMode=Benchmark, IterationTime=250ms, MaxIterationCount=12, MaxWarmupIterationCount=5, MinIterationCount=8, MinWarmupIterationCount=3)
// *** Execute ***
// Launch: 1 / 1
// Execute: dotnet Matrix.JsonSerialization-Quick-1.dll --anonymousPipes 127 128 --benchmarkName Matrix.JsonSerialization.Benchmarks.EnumRoundTrip.SystemTextJson --job Quick --benchmarkId 17 in /home/runner/work/dotnet-matrix/dotnet-matrix/src/Matrix.JsonSerialization/bin/Benchmark/Release/net10.0/Matrix.JsonSerialization-Quick-1/bin/Release/net10.0
// Failed to set up high priority (Permission denied). In order to run benchmarks with high priority, make sure you have the right permissions.
// BeforeAnythingElse

// Benchmark Process Environment Information:
// BenchmarkDotNet v0.15.8
// Runtime=.NET 10.0.11 (10.0.11, 10.0.1126.37416), X64 RyuJIT x86-64-v3
// GC=Concurrent Workstation
// HardwareIntrinsics=AVX2+BMI1+BMI2+F16C+FMA+LZCNT+MOVBE,AVX,SSE3+SSSE3+SSE4.1+SSE4.2+POPCNT,X86Base+SSE+SSE2,AES+PCLMUL VectorSize=256
// Job: Quick(MaxRelativeError=0.05, IterationTime=250ms, MaxIterationCount=12, MaxWarmupIterationCount=5, MinIterationCount=8, MinWarmupIterationCount=3)

OverheadJitting  1: 1 op, 267333.00 ns, 267.3330 us/op
WorkloadJitting  1: 1 op, 36086655.00 ns, 36.0867 ms/op

WorkloadPilot    1: 4 op, 113651.00 ns, 28.4128 us/op
WorkloadPilot    2: 8799 op, 10731338.00 ns, 1.2196 us/op
WorkloadPilot    3: 204984 op, 274732173.00 ns, 1.3403 us/op
WorkloadPilot    4: 186531 op, 260718354.00 ns, 1.3977 us/op
WorkloadPilot    5: 178863 op, 196513073.00 ns, 1.0987 us/op
WorkloadPilot    6: 227546 op, 74187640.00 ns, 326.0336 ns/op
WorkloadPilot    7: 766792 op, 236326791.00 ns, 308.2020 ns/op
WorkloadPilot    8: 811156 op, 247683902.00 ns, 305.3468 ns/op
WorkloadPilot    9: 818741 op, 253178180.00 ns, 309.2287 ns/op

WorkloadWarmup   1: 818741 op, 248951494.00 ns, 304.0662 ns/op
WorkloadWarmup   2: 818741 op, 251802295.00 ns, 307.5482 ns/op
WorkloadWarmup   3: 818741 op, 249061169.00 ns, 304.2002 ns/op
WorkloadWarmup   4: 818741 op, 251590885.00 ns, 307.2900 ns/op
WorkloadWarmup   5: 818741 op, 249510147.00 ns, 304.7486 ns/op

// BeforeActualRun
WorkloadActual   1: 818741 op, 250748255.00 ns, 306.2608 ns/op
WorkloadActual   2: 818741 op, 249074600.00 ns, 304.2166 ns/op
WorkloadActual   3: 818741 op, 251049529.00 ns, 306.6287 ns/op
WorkloadActual   4: 818741 op, 249557488.00 ns, 304.8064 ns/op
WorkloadActual   5: 818741 op, 251150825.00 ns, 306.7525 ns/op
WorkloadActual   6: 818741 op, 248804959.00 ns, 303.8873 ns/op
WorkloadActual   7: 818741 op, 250962933.00 ns, 306.5230 ns/op
WorkloadActual   8: 818741 op, 247743106.00 ns, 302.5903 ns/op

// AfterActualRun
WorkloadResult   1: 818741 op, 250748255.00 ns, 306.2608 ns/op
WorkloadResult   2: 818741 op, 249074600.00 ns, 304.2166 ns/op
WorkloadResult   3: 818741 op, 251049529.00 ns, 306.6287 ns/op
WorkloadResult   4: 818741 op, 249557488.00 ns, 304.8064 ns/op
WorkloadResult   5: 818741 op, 251150825.00 ns, 306.7525 ns/op
WorkloadResult   6: 818741 op, 248804959.00 ns, 303.8873 ns/op
WorkloadResult   7: 818741 op, 250962933.00 ns, 306.5230 ns/op
WorkloadResult   8: 818741 op, 247743106.00 ns, 302.5903 ns/op
// GC:  4 0 0 72049208 818741
// Threading:  0 0 818741

// AfterAll
// Benchmark Process 3950 has exited with code 0.

Mean = 305.208 ns, StdErr = 0.551 ns (0.18%), N = 8, StdDev = 1.558 ns
Min = 302.590 ns, Q1 = 304.134 ns, Median = 305.534 ns, Q3 = 306.549 ns, Max = 306.752 ns
IQR = 2.415 ns, LowerFence = 300.512 ns, UpperFence = 310.172 ns
ConfidenceInterval = [302.230 ns; 308.186 ns] (CI 99.9%), Margin = 2.978 ns (0.98% of Mean)
Skewness = -0.37, Kurtosis = 1.38, MValue = 2

// ** Remained 20 (52.6 %) benchmark(s) to run. Estimated finish 2026-08-28 9:43 (0h 1m from now) **
// ***** BenchmarkRunner: Finish  *****

// * Export *
  tmp/dotnet-matrix/JsonSerialization/a5cf7d52a15c448f9385f0251b69bef8/results/Matrix.JsonSerialization.Benchmarks.EnumRoundTrip-report.csv
  tmp/dotnet-matrix/JsonSerialization/a5cf7d52a15c448f9385f0251b69bef8/results/Matrix.JsonSerialization.Benchmarks.EnumRoundTrip-report-github.md
  tmp/dotnet-matrix/JsonSerialization/a5cf7d52a15c448f9385f0251b69bef8/results/Matrix.JsonSerialization.Benchmarks.EnumRoundTrip-report.html
  tmp/dotnet-matrix/JsonSerialization/a5cf7d52a15c448f9385f0251b69bef8/results/Matrix.JsonSerialization.Benchmarks.EnumRoundTrip-report-full.json

// * Detailed results *
EnumRoundTrip.ServiceStackText: Quick(MaxRelativeError=0.05, Arguments=/p:MatrixMode=Benchmark, IterationTime=250ms, MaxIterationCount=12, MaxWarmupIterationCount=5, MinIterationCount=8, MinWarmupIterationCount=3)
Runtime = .NET 10.0.11 (10.0.11, 10.0.1126.37416), X64 RyuJIT x86-64-v3; GC = Concurrent Workstation
Mean = 298.270 ns, StdErr = 0.313 ns (0.11%), N = 7, StdDev = 0.829 ns
Min = 297.370 ns, Q1 = 297.792 ns, Median = 297.845 ns, Q3 = 298.738 ns, Max = 299.618 ns
IQR = 0.946 ns, LowerFence = 296.374 ns, UpperFence = 300.156 ns
ConfidenceInterval = [296.404 ns; 300.137 ns] (CI 99.9%), Margin = 1.867 ns (0.63% of Mean)
Skewness = 0.56, Kurtosis = 1.46, MValue = 2
-------------------- Histogram --------------------
[296.801 ns ; 300.187 ns) | @@@@@@@
---------------------------------------------------

EnumRoundTrip.SystemTextJson: Quick(MaxRelativeError=0.05, Arguments=/p:MatrixMode=Benchmark, IterationTime=250ms, MaxIterationCount=12, MaxWarmupIterationCount=5, MinIterationCount=8, MinWarmupIterationCount=3)
Runtime = .NET 10.0.11 (10.0.11, 10.0.1126.37416), X64 RyuJIT x86-64-v3; GC = Concurrent Workstation
Mean = 305.208 ns, StdErr = 0.551 ns (0.18%), N = 8, StdDev = 1.558 ns
Min = 302.590 ns, Q1 = 304.134 ns, Median = 305.534 ns, Q3 = 306.549 ns, Max = 306.752 ns
IQR = 2.415 ns, LowerFence = 300.512 ns, UpperFence = 310.172 ns
ConfidenceInterval = [302.230 ns; 308.186 ns] (CI 99.9%), Margin = 2.978 ns (0.98% of Mean)
Skewness = -0.37, Kurtosis = 1.38, MValue = 2
-------------------- Histogram --------------------
[301.568 ns ; 307.775 ns) | @@@@@@@@
---------------------------------------------------

EnumRoundTrip.NewtonsoftJson: Quick(MaxRelativeError=0.05, Arguments=/p:MatrixMode=Benchmark, IterationTime=250ms, MaxIterationCount=12, MaxWarmupIterationCount=5, MinIterationCount=8, MinWarmupIterationCount=3)
Runtime = .NET 10.0.11 (10.0.11, 10.0.1126.37416), X64 RyuJIT x86-64-v3; GC = Concurrent Workstation
Mean = 973.874 ns, StdErr = 7.946 ns (0.82%), N = 8, StdDev = 22.474 ns
Min = 948.381 ns, Q1 = 956.538 ns, Median = 967.392 ns, Q3 = 989.903 ns, Max = 1,006.143 ns
IQR = 33.365 ns, LowerFence = 906.490 ns, UpperFence = 1,039.951 ns
ConfidenceInterval = [930.905 ns; 1,016.844 ns] (CI 99.9%), Margin = 42.970 ns (4.41% of Mean)
Skewness = 0.4, Kurtosis = 1.33, MValue = 2
-------------------- Histogram --------------------
[943.158 ns ;   972.656 ns) | @@@@@
[972.656 ns ; 1,010.212 ns) | @@@
---------------------------------------------------

// * Summary *

BenchmarkDotNet v0.15.8, Linux Ubuntu 24.04.4 LTS (Noble Numbat)
AMD EPYC 9V74 2.60GHz, 1 CPU, 4 logical and 2 physical cores
.NET SDK 10.0.400
  [Host] : .NET 10.0.11 (10.0.11, 10.0.1126.37416), X64 RyuJIT x86-64-v3
  Quick  : .NET 10.0.11 (10.0.11, 10.0.1126.37416), X64 RyuJIT x86-64-v3

Job=Quick  MaxRelativeError=0.05  Arguments=/p:MatrixMode=Benchmark  
IterationTime=250ms  MaxIterationCount=12  MaxWarmupIterationCount=5  
MinIterationCount=8  MinWarmupIterationCount=3  

| Method           | Mean     | Error    | StdDev   | Gen0   | Allocated |
|----------------- |---------:|---------:|---------:|-------:|----------:|
| ServiceStackText | 298.3 ns |  1.87 ns |  0.83 ns | 0.0194 |     336 B |
| SystemTextJson   | 305.2 ns |  2.98 ns |  1.56 ns | 0.0049 |      88 B |
| NewtonsoftJson   | 973.9 ns | 42.97 ns | 22.47 ns | 0.2853 |    4792 B |

// * Hints *
Outliers
  EnumRoundTrip.ServiceStackText: Quick -> 1 outlier  was  removed (303.53 ns)

// * Legends *
  Mean      : Arithmetic mean of all measurements
  Error     : Half of 99.9% confidence interval
  StdDev    : Standard deviation of all measurements
  Gen0      : GC Generation 0 collects per 1000 operations
  Allocated : Allocated memory per single operation (managed only, inclusive, 1KB = 1024B)
  1 ns      : 1 Nanosecond (0.000000001 sec)

// * Diagnostic Output - MemoryDiagnoser *


// ***** BenchmarkRunner: End *****
Run time: 00:00:15 (15.9 sec), executed benchmarks: 3

// Found 2 benchmarks:
//   PolymorphicRoundTrip.NewtonsoftJson: Quick(MaxRelativeError=0.05, Arguments=/p:MatrixMode=Benchmark, IterationTime=250ms, MaxIterationCount=12, MaxWarmupIterationCount=5, MinIterationCount=8, MinWarmupIterationCount=3)
//   PolymorphicRoundTrip.SystemTextJson: Quick(MaxRelativeError=0.05, Arguments=/p:MatrixMode=Benchmark, IterationTime=250ms, MaxIterationCount=12, MaxWarmupIterationCount=5, MinIterationCount=8, MinWarmupIterationCount=3)

// **************************
// Benchmark: PolymorphicRoundTrip.NewtonsoftJson: Quick(MaxRelativeError=0.05, Arguments=/p:MatrixMode=Benchmark, IterationTime=250ms, MaxIterationCount=12, MaxWarmupIterationCount=5, MinIterationCount=8, MinWarmupIterationCount=3)
// *** Execute ***
// Launch: 1 / 1
// Execute: dotnet Matrix.JsonSerialization-Quick-1.dll --anonymousPipes 127 128 --benchmarkName Matrix.JsonSerialization.Benchmarks.PolymorphicRoundTrip.NewtonsoftJson --job Quick --benchmarkId 18 in /home/runner/work/dotnet-matrix/dotnet-matrix/src/Matrix.JsonSerialization/bin/Benchmark/Release/net10.0/Matrix.JsonSerialization-Quick-1/bin/Release/net10.0
// Failed to set up high priority (Permission denied). In order to run benchmarks with high priority, make sure you have the right permissions.
// BeforeAnythingElse

// Benchmark Process Environment Information:
// BenchmarkDotNet v0.15.8
// Runtime=.NET 10.0.11 (10.0.11, 10.0.1126.37416), X64 RyuJIT x86-64-v3
// GC=Concurrent Workstation
// HardwareIntrinsics=AVX2+BMI1+BMI2+F16C+FMA+LZCNT+MOVBE,AVX,SSE3+SSSE3+SSE4.1+SSE4.2+POPCNT,X86Base+SSE+SSE2,AES+PCLMUL VectorSize=256
// Job: Quick(MaxRelativeError=0.05, IterationTime=250ms, MaxIterationCount=12, MaxWarmupIterationCount=5, MinIterationCount=8, MinWarmupIterationCount=3)

OverheadJitting  1: 1 op, 234725.00 ns, 234.7250 us/op
WorkloadJitting  1: 1 op, 79625624.00 ns, 79.6256 ms/op

WorkloadPilot    1: 4 op, 198189.00 ns, 49.5473 us/op
WorkloadPilot    2: 5046 op, 124062907.00 ns, 24.5864 us/op
WorkloadPilot    3: 10168 op, 318026318.00 ns, 31.2772 us/op
WorkloadPilot    4: 7993 op, 88784590.00 ns, 11.1078 us/op
WorkloadPilot    5: 22507 op, 114134480.00 ns, 5.0711 us/op
WorkloadPilot    6: 49299 op, 177004889.00 ns, 3.5904 us/op
WorkloadPilot    7: 69629 op, 244807147.00 ns, 3.5159 us/op
WorkloadPilot    8: 71106 op, 251699936.00 ns, 3.5398 us/op
WorkloadPilot    9: 70626 op, 254196010.00 ns, 3.5992 us/op

WorkloadWarmup   1: 70626 op, 255827802.00 ns, 3.6223 us/op
WorkloadWarmup   2: 70626 op, 253296454.00 ns, 3.5864 us/op
WorkloadWarmup   3: 70626 op, 261739720.00 ns, 3.7060 us/op
WorkloadWarmup   4: 70626 op, 253554152.00 ns, 3.5901 us/op
WorkloadWarmup   5: 70626 op, 252377928.00 ns, 3.5734 us/op

// BeforeActualRun
WorkloadActual   1: 70626 op, 247982187.00 ns, 3.5112 us/op
WorkloadActual   2: 70626 op, 255059243.00 ns, 3.6114 us/op
WorkloadActual   3: 70626 op, 257468417.00 ns, 3.6455 us/op
WorkloadActual   4: 70626 op, 249951277.00 ns, 3.5391 us/op
WorkloadActual   5: 70626 op, 250556971.00 ns, 3.5477 us/op
WorkloadActual   6: 70626 op, 250131719.00 ns, 3.5416 us/op
WorkloadActual   7: 70626 op, 251779335.00 ns, 3.5650 us/op
WorkloadActual   8: 70626 op, 251963263.00 ns, 3.5676 us/op

// AfterActualRun
WorkloadResult   1: 70626 op, 247982187.00 ns, 3.5112 us/op
WorkloadResult   2: 70626 op, 255059243.00 ns, 3.6114 us/op
WorkloadResult   3: 70626 op, 249951277.00 ns, 3.5391 us/op
WorkloadResult   4: 70626 op, 250556971.00 ns, 3.5477 us/op
WorkloadResult   5: 70626 op, 250131719.00 ns, 3.5416 us/op
WorkloadResult   6: 70626 op, 251779335.00 ns, 3.5650 us/op
WorkloadResult   7: 70626 op, 251963263.00 ns, 3.5676 us/op
// GC:  33 0 0 563312976 70626
// Threading:  0 0 70626

// AfterAll
// Benchmark Process 3964 has exited with code 0.

Mean = 3.555 μs, StdErr = 0.012 μs (0.33%), N = 7, StdDev = 0.031 μs
Min = 3.511 μs, Q1 = 3.540 μs, Median = 3.548 μs, Q3 = 3.566 μs, Max = 3.611 μs
IQR = 0.026 μs, LowerFence = 3.501 μs, UpperFence = 3.605 μs
ConfidenceInterval = [3.485 μs; 3.625 μs] (CI 99.9%), Margin = 0.070 μs (1.98% of Mean)
Skewness = 0.45, Kurtosis = 2.11, MValue = 2

// ** Remained 19 (50.0 %) benchmark(s) to run. Estimated finish 2026-08-28 9:43 (0h 1m from now) **
// **************************
// Benchmark: PolymorphicRoundTrip.SystemTextJson: Quick(MaxRelativeError=0.05, Arguments=/p:MatrixMode=Benchmark, IterationTime=250ms, MaxIterationCount=12, MaxWarmupIterationCount=5, MinIterationCount=8, MinWarmupIterationCount=3)
// *** Execute ***
// Launch: 1 / 1
// Execute: dotnet Matrix.JsonSerialization-Quick-1.dll --anonymousPipes 127 128 --benchmarkName Matrix.JsonSerialization.Benchmarks.PolymorphicRoundTrip.SystemTextJson --job Quick --benchmarkId 19 in /home/runner/work/dotnet-matrix/dotnet-matrix/src/Matrix.JsonSerialization/bin/Benchmark/Release/net10.0/Matrix.JsonSerialization-Quick-1/bin/Release/net10.0
// Failed to set up high priority (Permission denied). In order to run benchmarks with high priority, make sure you have the right permissions.
// BeforeAnythingElse

// Benchmark Process Environment Information:
// BenchmarkDotNet v0.15.8
// Runtime=.NET 10.0.11 (10.0.11, 10.0.1126.37416), X64 RyuJIT x86-64-v3
// GC=Concurrent Workstation
// HardwareIntrinsics=AVX2+BMI1+BMI2+F16C+FMA+LZCNT+MOVBE,AVX,SSE3+SSSE3+SSE4.1+SSE4.2+POPCNT,X86Base+SSE+SSE2,AES+PCLMUL VectorSize=256
// Job: Quick(MaxRelativeError=0.05, IterationTime=250ms, MaxIterationCount=12, MaxWarmupIterationCount=5, MinIterationCount=8, MinWarmupIterationCount=3)

OverheadJitting  1: 1 op, 238410.00 ns, 238.4100 us/op
WorkloadJitting  1: 1 op, 36726111.00 ns, 36.7261 ms/op

WorkloadPilot    1: 4 op, 170568.00 ns, 42.6420 us/op
WorkloadPilot    2: 5863 op, 31417022.00 ns, 5.3585 us/op
WorkloadPilot    3: 46655 op, 234023792.00 ns, 5.0160 us/op
WorkloadPilot    4: 49840 op, 302183629.00 ns, 6.0631 us/op
WorkloadPilot    5: 41233 op, 255694912.00 ns, 6.2012 us/op
WorkloadPilot    6: 40315 op, 284564321.00 ns, 7.0585 us/op

WorkloadWarmup   1: 40315 op, 206133210.00 ns, 5.1131 us/op
WorkloadWarmup   2: 40315 op, 115142873.00 ns, 2.8561 us/op
WorkloadWarmup   3: 40315 op, 70213788.00 ns, 1.7416 us/op
WorkloadWarmup   4: 40315 op, 69554544.00 ns, 1.7253 us/op
WorkloadWarmup   5: 40315 op, 69485139.00 ns, 1.7236 us/op

// BeforeActualRun
WorkloadActual   1: 40315 op, 68977112.00 ns, 1.7110 us/op
WorkloadActual   2: 40315 op, 70581943.00 ns, 1.7508 us/op
WorkloadActual   3: 40315 op, 69417236.00 ns, 1.7219 us/op
WorkloadActual   4: 40315 op, 69409354.00 ns, 1.7217 us/op
WorkloadActual   5: 40315 op, 69368402.00 ns, 1.7207 us/op
WorkloadActual   6: 40315 op, 69862518.00 ns, 1.7329 us/op
WorkloadActual   7: 40315 op, 70911820.00 ns, 1.7589 us/op
WorkloadActual   8: 40315 op, 71092553.00 ns, 1.7634 us/op

// AfterActualRun
WorkloadResult   1: 40315 op, 68977112.00 ns, 1.7110 us/op
WorkloadResult   2: 40315 op, 70581943.00 ns, 1.7508 us/op
WorkloadResult   3: 40315 op, 69417236.00 ns, 1.7219 us/op
WorkloadResult   4: 40315 op, 69409354.00 ns, 1.7217 us/op
WorkloadResult   5: 40315 op, 69368402.00 ns, 1.7207 us/op
WorkloadResult   6: 40315 op, 69862518.00 ns, 1.7329 us/op
WorkloadResult   7: 40315 op, 70911820.00 ns, 1.7589 us/op
WorkloadResult   8: 40315 op, 71092553.00 ns, 1.7634 us/op
// GC:  3 0 0 54505880 40315
// Threading:  0 0 40315

// AfterAll
// Benchmark Process 3975 has exited with code 0.

Mean = 1.735 μs, StdErr = 0.007 μs (0.41%), N = 8, StdDev = 0.020 μs
Min = 1.711 μs, Q1 = 1.721 μs, Median = 1.727 μs, Q3 = 1.753 μs, Max = 1.763 μs
IQR = 0.031 μs, LowerFence = 1.674 μs, UpperFence = 1.800 μs
ConfidenceInterval = [1.697 μs; 1.773 μs] (CI 99.9%), Margin = 0.038 μs (2.19% of Mean)
Skewness = 0.28, Kurtosis = 1.18, MValue = 2

// ** Remained 18 (47.4 %) benchmark(s) to run. Estimated finish 2026-08-28 9:43 (0h 1m from now) **
// ***** BenchmarkRunner: Finish  *****

// * Export *
  tmp/dotnet-matrix/JsonSerialization/a5cf7d52a15c448f9385f0251b69bef8/results/Matrix.JsonSerialization.Benchmarks.PolymorphicRoundTrip-report.csv
  tmp/dotnet-matrix/JsonSerialization/a5cf7d52a15c448f9385f0251b69bef8/results/Matrix.JsonSerialization.Benchmarks.PolymorphicRoundTrip-report-github.md
  tmp/dotnet-matrix/JsonSerialization/a5cf7d52a15c448f9385f0251b69bef8/results/Matrix.JsonSerialization.Benchmarks.PolymorphicRoundTrip-report.html
  tmp/dotnet-matrix/JsonSerialization/a5cf7d52a15c448f9385f0251b69bef8/results/Matrix.JsonSerialization.Benchmarks.PolymorphicRoundTrip-report-full.json

// * Detailed results *
PolymorphicRoundTrip.SystemTextJson: Quick(MaxRelativeError=0.05, Arguments=/p:MatrixMode=Benchmark, IterationTime=250ms, MaxIterationCount=12, MaxWarmupIterationCount=5, MinIterationCount=8, MinWarmupIterationCount=3)
Runtime = .NET 10.0.11 (10.0.11, 10.0.1126.37416), X64 RyuJIT x86-64-v3; GC = Concurrent Workstation
Mean = 1.735 μs, StdErr = 0.007 μs (0.41%), N = 8, StdDev = 0.020 μs
Min = 1.711 μs, Q1 = 1.721 μs, Median = 1.727 μs, Q3 = 1.753 μs, Max = 1.763 μs
IQR = 0.031 μs, LowerFence = 1.674 μs, UpperFence = 1.800 μs
ConfidenceInterval = [1.697 μs; 1.773 μs] (CI 99.9%), Margin = 0.038 μs (2.19% of Mean)
Skewness = 0.28, Kurtosis = 1.18, MValue = 2
-------------------- Histogram --------------------
[1.705 μs ; 1.776 μs) | @@@@@@@@
---------------------------------------------------

PolymorphicRoundTrip.NewtonsoftJson: Quick(MaxRelativeError=0.05, Arguments=/p:MatrixMode=Benchmark, IterationTime=250ms, MaxIterationCount=12, MaxWarmupIterationCount=5, MinIterationCount=8, MinWarmupIterationCount=3)
Runtime = .NET 10.0.11 (10.0.11, 10.0.1126.37416), X64 RyuJIT x86-64-v3; GC = Concurrent Workstation
Mean = 3.555 μs, StdErr = 0.012 μs (0.33%), N = 7, StdDev = 0.031 μs
Min = 3.511 μs, Q1 = 3.540 μs, Median = 3.548 μs, Q3 = 3.566 μs, Max = 3.611 μs
IQR = 0.026 μs, LowerFence = 3.501 μs, UpperFence = 3.605 μs
ConfidenceInterval = [3.485 μs; 3.625 μs] (CI 99.9%), Margin = 0.070 μs (1.98% of Mean)
Skewness = 0.45, Kurtosis = 2.11, MValue = 2
-------------------- Histogram --------------------
[3.490 μs ; 3.633 μs) | @@@@@@@
---------------------------------------------------

// * Summary *

BenchmarkDotNet v0.15.8, Linux Ubuntu 24.04.4 LTS (Noble Numbat)
AMD EPYC 9V74 2.60GHz, 1 CPU, 4 logical and 2 physical cores
.NET SDK 10.0.400
  [Host] : .NET 10.0.11 (10.0.11, 10.0.1126.37416), X64 RyuJIT x86-64-v3
  Quick  : .NET 10.0.11 (10.0.11, 10.0.1126.37416), X64 RyuJIT x86-64-v3

Job=Quick  MaxRelativeError=0.05  Arguments=/p:MatrixMode=Benchmark  
IterationTime=250ms  MaxIterationCount=12  MaxWarmupIterationCount=5  
MinIterationCount=8  MinWarmupIterationCount=3  

| Method         | Mean     | Error     | StdDev    | Gen0   | Allocated |
|--------------- |---------:|----------:|----------:|-------:|----------:|
| SystemTextJson | 1.735 μs | 0.0380 μs | 0.0199 μs | 0.0744 |   1.32 KB |
| NewtonsoftJson | 3.555 μs | 0.0703 μs | 0.0312 μs | 0.4673 |   7.79 KB |

// * Warnings *
MinIterationTime
  PolymorphicRoundTrip.SystemTextJson: Quick -> The minimum observed iteration time is 68.977ms which is very small. It's recommended to increase it to at least 100ms using more operations.

// * Hints *
Outliers
  PolymorphicRoundTrip.NewtonsoftJson: Quick -> 1 outlier  was  removed (3.65 μs)

// * Legends *
  Mean      : Arithmetic mean of all measurements
  Error     : Half of 99.9% confidence interval
  StdDev    : Standard deviation of all measurements
  Gen0      : GC Generation 0 collects per 1000 operations
  Allocated : Allocated memory per single operation (managed only, inclusive, 1KB = 1024B)
  1 μs      : 1 Microsecond (0.000001 sec)

// * Diagnostic Output - MemoryDiagnoser *


// ***** BenchmarkRunner: End *****
Run time: 00:00:07 (7.9 sec), executed benchmarks: 2

// Found 2 benchmarks:
//   PrepareSerializer.NewtonsoftJson: Quick(MaxRelativeError=0.05, Arguments=/p:MatrixMode=Benchmark, IterationTime=250ms, MaxIterationCount=12, MaxWarmupIterationCount=5, MinIterationCount=8, MinWarmupIterationCount=3)
//   PrepareSerializer.SystemTextJson: Quick(MaxRelativeError=0.05, Arguments=/p:MatrixMode=Benchmark, IterationTime=250ms, MaxIterationCount=12, MaxWarmupIterationCount=5, MinIterationCount=8, MinWarmupIterationCount=3)

// **************************
// Benchmark: PrepareSerializer.NewtonsoftJson: Quick(MaxRelativeError=0.05, Arguments=/p:MatrixMode=Benchmark, IterationTime=250ms, MaxIterationCount=12, MaxWarmupIterationCount=5, MinIterationCount=8, MinWarmupIterationCount=3)
// *** Execute ***
// Launch: 1 / 1
// Execute: dotnet Matrix.JsonSerialization-Quick-1.dll --anonymousPipes 127 128 --benchmarkName Matrix.JsonSerialization.Benchmarks.PrepareSerializer.NewtonsoftJson --job Quick --benchmarkId 20 in /home/runner/work/dotnet-matrix/dotnet-matrix/src/Matrix.JsonSerialization/bin/Benchmark/Release/net10.0/Matrix.JsonSerialization-Quick-1/bin/Release/net10.0
// Failed to set up high priority (Permission denied). In order to run benchmarks with high priority, make sure you have the right permissions.
// BeforeAnythingElse

// Benchmark Process Environment Information:
// BenchmarkDotNet v0.15.8
// Runtime=.NET 10.0.11 (10.0.11, 10.0.1126.37416), X64 RyuJIT x86-64-v3
// GC=Concurrent Workstation
// HardwareIntrinsics=AVX2+BMI1+BMI2+F16C+FMA+LZCNT+MOVBE,AVX,SSE3+SSSE3+SSE4.1+SSE4.2+POPCNT,X86Base+SSE+SSE2,AES+PCLMUL VectorSize=256
// Job: Quick(MaxRelativeError=0.05, IterationTime=250ms, MaxIterationCount=12, MaxWarmupIterationCount=5, MinIterationCount=8, MinWarmupIterationCount=3)

OverheadJitting  1: 1 op, 264429.00 ns, 264.4290 us/op
WorkloadJitting  1: 1 op, 32235637.00 ns, 32.2356 ms/op

WorkloadPilot    1: 4 op, 547336.00 ns, 136.8340 us/op
WorkloadPilot    2: 1827 op, 118482751.00 ns, 64.8510 us/op
WorkloadPilot    3: 3855 op, 272023719.00 ns, 70.5639 us/op
WorkloadPilot    4: 3543 op, 261036445.00 ns, 73.6767 us/op
WorkloadPilot    5: 3393 op, 287987000.00 ns, 84.8768 us/op

WorkloadWarmup   1: 3393 op, 284527521.00 ns, 83.8572 us/op
WorkloadWarmup   2: 3393 op, 276796935.00 ns, 81.5788 us/op
WorkloadWarmup   3: 3393 op, 272678557.00 ns, 80.3650 us/op
WorkloadWarmup   4: 3393 op, 268651922.00 ns, 79.1783 us/op
WorkloadWarmup   5: 3393 op, 263722477.00 ns, 77.7255 us/op

// BeforeActualRun
WorkloadActual   1: 3393 op, 265012472.00 ns, 78.1057 us/op
WorkloadActual   2: 3393 op, 259808462.00 ns, 76.5719 us/op
WorkloadActual   3: 3393 op, 248628908.00 ns, 73.2770 us/op
WorkloadActual   4: 3393 op, 193944636.00 ns, 57.1602 us/op
WorkloadActual   5: 3393 op, 163530967.00 ns, 48.1966 us/op
WorkloadActual   6: 3393 op, 143304245.00 ns, 42.2353 us/op
WorkloadActual   7: 3393 op, 123267470.00 ns, 36.3299 us/op
WorkloadActual   8: 3393 op, 103280209.00 ns, 30.4392 us/op
WorkloadActual   9: 3393 op, 96950881.00 ns, 28.5738 us/op
WorkloadActual  10: 3393 op, 92879109.00 ns, 27.3737 us/op
WorkloadActual  11: 3393 op, 89984662.00 ns, 26.5207 us/op
WorkloadActual  12: 3393 op, 90405006.00 ns, 26.6446 us/op

// AfterActualRun
WorkloadResult   1: 3393 op, 265012472.00 ns, 78.1057 us/op
WorkloadResult   2: 3393 op, 259808462.00 ns, 76.5719 us/op
WorkloadResult   3: 3393 op, 248628908.00 ns, 73.2770 us/op
WorkloadResult   4: 3393 op, 193944636.00 ns, 57.1602 us/op
WorkloadResult   5: 3393 op, 163530967.00 ns, 48.1966 us/op
WorkloadResult   6: 3393 op, 143304245.00 ns, 42.2353 us/op
WorkloadResult   7: 3393 op, 123267470.00 ns, 36.3299 us/op
WorkloadResult   8: 3393 op, 103280209.00 ns, 30.4392 us/op
WorkloadResult   9: 3393 op, 96950881.00 ns, 28.5738 us/op
WorkloadResult  10: 3393 op, 92879109.00 ns, 27.3737 us/op
WorkloadResult  11: 3393 op, 89984662.00 ns, 26.5207 us/op
WorkloadResult  12: 3393 op, 90405006.00 ns, 26.6446 us/op
// GC:  2 1 0 40197744 3393
// Threading:  0 0 3393

// AfterAll
// Benchmark Process 3984 has exited with code 0.

Mean = 45.952 μs, StdErr = 5.899 μs (12.84%), N = 12, StdDev = 20.435 μs
Min = 26.521 μs, Q1 = 28.274 μs, Median = 39.283 μs, Q3 = 61.189 μs, Max = 78.106 μs
IQR = 32.916 μs, LowerFence = -21.100 μs, UpperFence = 110.563 μs
ConfidenceInterval = [19.779 μs; 72.126 μs] (CI 99.9%), Margin = 26.174 μs (56.96% of Mean)
Skewness = 0.52, Kurtosis = 1.47, MValue = 2

// ** Remained 17 (44.7 %) benchmark(s) to run. Estimated finish 2026-08-28 9:43 (0h 1m from now) **
// **************************
// Benchmark: PrepareSerializer.SystemTextJson: Quick(MaxRelativeError=0.05, Arguments=/p:MatrixMode=Benchmark, IterationTime=250ms, MaxIterationCount=12, MaxWarmupIterationCount=5, MinIterationCount=8, MinWarmupIterationCount=3)
// *** Execute ***
// Launch: 1 / 1
// Execute: dotnet Matrix.JsonSerialization-Quick-1.dll --anonymousPipes 127 128 --benchmarkName Matrix.JsonSerialization.Benchmarks.PrepareSerializer.SystemTextJson --job Quick --benchmarkId 21 in /home/runner/work/dotnet-matrix/dotnet-matrix/src/Matrix.JsonSerialization/bin/Benchmark/Release/net10.0/Matrix.JsonSerialization-Quick-1/bin/Release/net10.0
// Failed to set up high priority (Permission denied). In order to run benchmarks with high priority, make sure you have the right permissions.
// BeforeAnythingElse

// Benchmark Process Environment Information:
// BenchmarkDotNet v0.15.8
// Runtime=.NET 10.0.11 (10.0.11, 10.0.1126.37416), X64 RyuJIT x86-64-v3
// GC=Concurrent Workstation
// HardwareIntrinsics=AVX2+BMI1+BMI2+F16C+FMA+LZCNT+MOVBE,AVX,SSE3+SSSE3+SSE4.1+SSE4.2+POPCNT,X86Base+SSE+SSE2,AES+PCLMUL VectorSize=256
// Job: Quick(MaxRelativeError=0.05, IterationTime=250ms, MaxIterationCount=12, MaxWarmupIterationCount=5, MinIterationCount=8, MinWarmupIterationCount=3)

OverheadJitting  1: 1 op, 242656.00 ns, 242.6560 us/op
WorkloadJitting  1: 1 op, 14036103.00 ns, 14.0361 ms/op

OverheadJitting  2: 16 op, 513755.00 ns, 32.1097 us/op
WorkloadJitting  2: 16 op, 2272779.00 ns, 142.0487 us/op

WorkloadPilot    1: 16 op, 1255394.00 ns, 78.4621 us/op
WorkloadPilot    2: 3200 op, 92503161.00 ns, 28.9072 us/op
WorkloadPilot    3: 8656 op, 261867418.00 ns, 30.2527 us/op
WorkloadPilot    4: 8272 op, 295103830.00 ns, 35.6750 us/op
WorkloadPilot    5: 7008 op, 261605553.00 ns, 37.3296 us/op

OverheadWarmup   1: 7008 op, 32859.00 ns, 4.6888 ns/op
OverheadWarmup   2: 7008 op, 31087.00 ns, 4.4359 ns/op
OverheadWarmup   3: 7008 op, 42995.00 ns, 6.1351 ns/op
OverheadWarmup   4: 7008 op, 42363.00 ns, 6.0449 ns/op
OverheadWarmup   5: 7008 op, 39109.00 ns, 5.5806 ns/op
OverheadWarmup   6: 7008 op, 37376.00 ns, 5.3333 ns/op
OverheadWarmup   7: 7008 op, 37106.00 ns, 5.2948 ns/op
OverheadWarmup   8: 7008 op, 40701.00 ns, 5.8078 ns/op
OverheadWarmup   9: 7008 op, 41002.00 ns, 5.8507 ns/op
OverheadWarmup  10: 7008 op, 42854.00 ns, 6.1150 ns/op

OverheadActual   1: 7008 op, 42064.00 ns, 6.0023 ns/op
OverheadActual   2: 7008 op, 39099.00 ns, 5.5792 ns/op
OverheadActual   3: 7008 op, 39349.00 ns, 5.6149 ns/op
OverheadActual   4: 7008 op, 40982.00 ns, 5.8479 ns/op
OverheadActual   5: 7008 op, 40141.00 ns, 5.7279 ns/op
OverheadActual   6: 7008 op, 39310.00 ns, 5.6093 ns/op
OverheadActual   7: 7008 op, 39199.00 ns, 5.5935 ns/op
OverheadActual   8: 7008 op, 39259.00 ns, 5.6020 ns/op
OverheadActual   9: 7008 op, 40732.00 ns, 5.8122 ns/op

WorkloadWarmup   1: 7008 op, 279161346.00 ns, 39.8347 us/op
WorkloadWarmup   2: 7008 op, 282299720.00 ns, 40.2825 us/op
WorkloadWarmup   3: 7008 op, 274210237.00 ns, 39.1282 us/op
WorkloadWarmup   4: 7008 op, 269067880.00 ns, 38.3944 us/op
WorkloadWarmup   5: 7008 op, 250938253.00 ns, 35.8074 us/op

// BeforeActualRun
WorkloadActual   1: 7008 op, 174120065.00 ns, 24.8459 us/op
WorkloadActual   2: 7008 op, 166443895.00 ns, 23.7506 us/op
WorkloadActual   3: 7008 op, 164797222.00 ns, 23.5156 us/op
WorkloadActual   4: 7008 op, 152921766.00 ns, 21.8210 us/op
WorkloadActual   5: 7008 op, 141765988.00 ns, 20.2292 us/op
WorkloadActual   6: 7008 op, 125687824.00 ns, 17.9349 us/op
WorkloadActual   7: 7008 op, 117800195.00 ns, 16.8094 us/op
WorkloadActual   8: 7008 op, 117896881.00 ns, 16.8232 us/op
WorkloadActual   9: 7008 op, 105836958.00 ns, 15.1023 us/op
WorkloadActual  10: 7008 op, 103635467.00 ns, 14.7882 us/op
WorkloadActual  11: 7008 op, 113489377.00 ns, 16.1943 us/op
WorkloadActual  12: 7008 op, 103949812.00 ns, 14.8330 us/op

// AfterActualRun
WorkloadResult   1: 7008 op, 174080716.00 ns, 24.8403 us/op
WorkloadResult   2: 7008 op, 166404546.00 ns, 23.7449 us/op
WorkloadResult   3: 7008 op, 164757873.00 ns, 23.5100 us/op
WorkloadResult   4: 7008 op, 152882417.00 ns, 21.8154 us/op
WorkloadResult   5: 7008 op, 141726639.00 ns, 20.2236 us/op
WorkloadResult   6: 7008 op, 125648475.00 ns, 17.9293 us/op
WorkloadResult   7: 7008 op, 117760846.00 ns, 16.8038 us/op
WorkloadResult   8: 7008 op, 117857532.00 ns, 16.8176 us/op
WorkloadResult   9: 7008 op, 105797609.00 ns, 15.0967 us/op
WorkloadResult  10: 7008 op, 103596118.00 ns, 14.7826 us/op
WorkloadResult  11: 7008 op, 113450028.00 ns, 16.1886 us/op
WorkloadResult  12: 7008 op, 103910463.00 ns, 14.8274 us/op
// GC:  3 0 0 53486712 7008
// Threading:  0 0 7008

// AfterAll
// Benchmark Process 3996 has exited with code 0.

Mean = 18.882 μs, StdErr = 1.085 μs (5.74%), N = 12, StdDev = 3.757 μs
Min = 14.783 μs, Q1 = 15.916 μs, Median = 17.373 μs, Q3 = 22.239 μs, Max = 24.840 μs
IQR = 6.323 μs, LowerFence = 6.431 μs, UpperFence = 31.724 μs
ConfidenceInterval = [14.069 μs; 23.694 μs] (CI 99.9%), Margin = 4.812 μs (25.49% of Mean)
Skewness = 0.35, Kurtosis = 1.34, MValue = 2.86

// ** Remained 16 (42.1 %) benchmark(s) to run. Estimated finish 2026-08-28 9:43 (0h 1m from now) **
// ***** BenchmarkRunner: Finish  *****

// * Export *
  tmp/dotnet-matrix/JsonSerialization/a5cf7d52a15c448f9385f0251b69bef8/results/Matrix.JsonSerialization.Benchmarks.PrepareSerializer-report.csv
  tmp/dotnet-matrix/JsonSerialization/a5cf7d52a15c448f9385f0251b69bef8/results/Matrix.JsonSerialization.Benchmarks.PrepareSerializer-report-github.md
  tmp/dotnet-matrix/JsonSerialization/a5cf7d52a15c448f9385f0251b69bef8/results/Matrix.JsonSerialization.Benchmarks.PrepareSerializer-report.html
  tmp/dotnet-matrix/JsonSerialization/a5cf7d52a15c448f9385f0251b69bef8/results/Matrix.JsonSerialization.Benchmarks.PrepareSerializer-report-full.json

// * Detailed results *
PrepareSerializer.SystemTextJson: Quick(MaxRelativeError=0.05, Arguments=/p:MatrixMode=Benchmark, IterationTime=250ms, MaxIterationCount=12, MaxWarmupIterationCount=5, MinIterationCount=8, MinWarmupIterationCount=3)
Runtime = .NET 10.0.11 (10.0.11, 10.0.1126.37416), X64 RyuJIT x86-64-v3; GC = Concurrent Workstation
Mean = 18.882 μs, StdErr = 1.085 μs (5.74%), N = 12, StdDev = 3.757 μs
Min = 14.783 μs, Q1 = 15.916 μs, Median = 17.373 μs, Q3 = 22.239 μs, Max = 24.840 μs
IQR = 6.323 μs, LowerFence = 6.431 μs, UpperFence = 31.724 μs
ConfidenceInterval = [14.069 μs; 23.694 μs] (CI 99.9%), Margin = 4.812 μs (25.49% of Mean)
Skewness = 0.35, Kurtosis = 1.34, MValue = 2.86
-------------------- Histogram --------------------
[14.202 μs ; 18.510 μs) | @@@@@@@
[18.510 μs ; 21.174 μs) | @
[21.174 μs ; 25.482 μs) | @@@@
---------------------------------------------------

PrepareSerializer.NewtonsoftJson: Quick(MaxRelativeError=0.05, Arguments=/p:MatrixMode=Benchmark, IterationTime=250ms, MaxIterationCount=12, MaxWarmupIterationCount=5, MinIterationCount=8, MinWarmupIterationCount=3)
Runtime = .NET 10.0.11 (10.0.11, 10.0.1126.37416), X64 RyuJIT x86-64-v3; GC = Concurrent Workstation
Mean = 45.952 μs, StdErr = 5.899 μs (12.84%), N = 12, StdDev = 20.435 μs
Min = 26.521 μs, Q1 = 28.274 μs, Median = 39.283 μs, Q3 = 61.189 μs, Max = 78.106 μs
IQR = 32.916 μs, LowerFence = -21.100 μs, UpperFence = 110.563 μs
ConfidenceInterval = [19.779 μs; 72.126 μs] (CI 99.9%), Margin = 26.174 μs (56.96% of Mean)
Skewness = 0.52, Kurtosis = 1.47, MValue = 2
-------------------- Histogram --------------------
[25.644 μs ; 55.918 μs) | @@@@@@@@
[55.918 μs ; 79.348 μs) | @@@@
---------------------------------------------------

// * Summary *

BenchmarkDotNet v0.15.8, Linux Ubuntu 24.04.4 LTS (Noble Numbat)
AMD EPYC 9V74 2.60GHz, 1 CPU, 4 logical and 2 physical cores
.NET SDK 10.0.400
  [Host] : .NET 10.0.11 (10.0.11, 10.0.1126.37416), X64 RyuJIT x86-64-v3
  Quick  : .NET 10.0.11 (10.0.11, 10.0.1126.37416), X64 RyuJIT x86-64-v3

Job=Quick  MaxRelativeError=0.05  Arguments=/p:MatrixMode=Benchmark  
IterationTime=250ms  MaxIterationCount=12  MaxWarmupIterationCount=5  
MinIterationCount=8  MinWarmupIterationCount=3  

| Method         | Mean     | Error     | StdDev    | Gen0   | Gen1   | Allocated |
|--------------- |---------:|----------:|----------:|-------:|-------:|----------:|
| SystemTextJson | 18.88 μs |  4.812 μs |  3.757 μs | 0.4281 |      - |   7.45 KB |
| NewtonsoftJson | 45.95 μs | 26.174 μs | 20.435 μs | 0.5894 | 0.2947 |  11.57 KB |

// * Warnings *
MinIterationTime
  PrepareSerializer.NewtonsoftJson: Quick -> The minimum observed iteration time is 89.985ms which is very small. It's recommended to increase it to at least 100ms using more operations.

// * Legends *
  Mean      : Arithmetic mean of all measurements
  Error     : Half of 99.9% confidence interval
  StdDev    : Standard deviation of all measurements
  Gen0      : GC Generation 0 collects per 1000 operations
  Gen1      : GC Generation 1 collects per 1000 operations
  Allocated : Allocated memory per single operation (managed only, inclusive, 1KB = 1024B)
  1 μs      : 1 Microsecond (0.000001 sec)

// * Diagnostic Output - MemoryDiagnoser *


// ***** BenchmarkRunner: End *****
Run time: 00:00:08 (8.74 sec), executed benchmarks: 2

// Found 3 benchmarks:
//   SerializeCollection.NewtonsoftJson: Quick(MaxRelativeError=0.05, Arguments=/p:MatrixMode=Benchmark, IterationTime=250ms, MaxIterationCount=12, MaxWarmupIterationCount=5, MinIterationCount=8, MinWarmupIterationCount=3)
//   SerializeCollection.ServiceStackText: Quick(MaxRelativeError=0.05, Arguments=/p:MatrixMode=Benchmark, IterationTime=250ms, MaxIterationCount=12, MaxWarmupIterationCount=5, MinIterationCount=8, MinWarmupIterationCount=3)
//   SerializeCollection.SystemTextJson: Quick(MaxRelativeError=0.05, Arguments=/p:MatrixMode=Benchmark, IterationTime=250ms, MaxIterationCount=12, MaxWarmupIterationCount=5, MinIterationCount=8, MinWarmupIterationCount=3)

// **************************
// Benchmark: SerializeCollection.NewtonsoftJson: Quick(MaxRelativeError=0.05, Arguments=/p:MatrixMode=Benchmark, IterationTime=250ms, MaxIterationCount=12, MaxWarmupIterationCount=5, MinIterationCount=8, MinWarmupIterationCount=3)
// *** Execute ***
// Launch: 1 / 1
// Execute: dotnet Matrix.JsonSerialization-Quick-1.dll --anonymousPipes 127 128 --benchmarkName Matrix.JsonSerialization.Benchmarks.SerializeCollection.NewtonsoftJson --job Quick --benchmarkId 22 in /home/runner/work/dotnet-matrix/dotnet-matrix/src/Matrix.JsonSerialization/bin/Benchmark/Release/net10.0/Matrix.JsonSerialization-Quick-1/bin/Release/net10.0
// Failed to set up high priority (Permission denied). In order to run benchmarks with high priority, make sure you have the right permissions.
// BeforeAnythingElse

// Benchmark Process Environment Information:
// BenchmarkDotNet v0.15.8
// Runtime=.NET 10.0.11 (10.0.11, 10.0.1126.37416), X64 RyuJIT x86-64-v3
// GC=Concurrent Workstation
// HardwareIntrinsics=AVX2+BMI1+BMI2+F16C+FMA+LZCNT+MOVBE,AVX,SSE3+SSSE3+SSE4.1+SSE4.2+POPCNT,X86Base+SSE+SSE2,AES+PCLMUL VectorSize=256
// Job: Quick(MaxRelativeError=0.05, IterationTime=250ms, MaxIterationCount=12, MaxWarmupIterationCount=5, MinIterationCount=8, MinWarmupIterationCount=3)

OverheadJitting  1: 1 op, 228495.00 ns, 228.4950 us/op
WorkloadJitting  1: 1 op, 57331025.00 ns, 57.3310 ms/op

WorkloadPilot    1: 4 op, 85599.00 ns, 21.3998 us/op
WorkloadPilot    2: 11682 op, 81612454.00 ns, 6.9862 us/op
WorkloadPilot    3: 35785 op, 248852711.00 ns, 6.9541 us/op
WorkloadPilot    4: 35950 op, 39832298.00 ns, 1.1080 us/op
WorkloadPilot    5: 225633 op, 197918275.00 ns, 877.1690 ns/op
WorkloadPilot    6: 285008 op, 254912953.00 ns, 894.4063 ns/op
WorkloadPilot    7: 279515 op, 245829020.00 ns, 879.4842 ns/op
WorkloadPilot    8: 284258 op, 248939883.00 ns, 875.7533 ns/op
WorkloadPilot    9: 285469 op, 257094414.00 ns, 900.6036 ns/op
WorkloadPilot   10: 277592 op, 248175760.00 ns, 894.0307 ns/op
WorkloadPilot   11: 279632 op, 246317567.00 ns, 880.8633 ns/op
WorkloadPilot   12: 283812 op, 250166413.00 ns, 881.4511 ns/op

WorkloadWarmup   1: 283812 op, 249387137.00 ns, 878.7054 ns/op
WorkloadWarmup   2: 283812 op, 250523962.00 ns, 882.7110 ns/op
WorkloadWarmup   3: 283812 op, 251705335.00 ns, 886.8735 ns/op
WorkloadWarmup   4: 283812 op, 250497382.00 ns, 882.6173 ns/op
WorkloadWarmup   5: 283812 op, 249957307.00 ns, 880.7144 ns/op

// BeforeActualRun
WorkloadActual   1: 283812 op, 249287798.00 ns, 878.3554 ns/op
WorkloadActual   2: 283812 op, 251206882.00 ns, 885.1172 ns/op
WorkloadActual   3: 283812 op, 248796296.00 ns, 876.6236 ns/op
WorkloadActual   4: 283812 op, 249911428.00 ns, 880.5527 ns/op
WorkloadActual   5: 283812 op, 251020842.00 ns, 884.4617 ns/op
WorkloadActual   6: 283812 op, 251233042.00 ns, 885.2094 ns/op
WorkloadActual   7: 283812 op, 251346043.00 ns, 885.6075 ns/op
WorkloadActual   8: 283812 op, 249736886.00 ns, 879.9377 ns/op

// AfterActualRun
WorkloadResult   1: 283812 op, 249287798.00 ns, 878.3554 ns/op
WorkloadResult   2: 283812 op, 251206882.00 ns, 885.1172 ns/op
WorkloadResult   3: 283812 op, 248796296.00 ns, 876.6236 ns/op
WorkloadResult   4: 283812 op, 249911428.00 ns, 880.5527 ns/op
WorkloadResult   5: 283812 op, 251020842.00 ns, 884.4617 ns/op
WorkloadResult   6: 283812 op, 251233042.00 ns, 885.2094 ns/op
WorkloadResult   7: 283812 op, 251346043.00 ns, 885.6075 ns/op
WorkloadResult   8: 283812 op, 249736886.00 ns, 879.9377 ns/op
// GC:  31 0 0 531296064 283812
// Threading:  0 0 283812

// AfterAll
// Benchmark Process 4009 has exited with code 0.

Mean = 881.983 ns, StdErr = 1.251 ns (0.14%), N = 8, StdDev = 3.538 ns
Min = 876.624 ns, Q1 = 879.542 ns, Median = 882.507 ns, Q3 = 885.140 ns, Max = 885.608 ns
IQR = 5.598 ns, LowerFence = 871.145 ns, UpperFence = 893.537 ns
ConfidenceInterval = [875.218 ns; 888.748 ns] (CI 99.9%), Margin = 6.765 ns (0.77% of Mean)
Skewness = -0.24, Kurtosis = 1.14, MValue = 2

// ** Remained 15 (39.5 %) benchmark(s) to run. Estimated finish 2026-08-28 9:43 (0h 1m from now) **
// **************************
// Benchmark: SerializeCollection.ServiceStackText: Quick(MaxRelativeError=0.05, Arguments=/p:MatrixMode=Benchmark, IterationTime=250ms, MaxIterationCount=12, MaxWarmupIterationCount=5, MinIterationCount=8, MinWarmupIterationCount=3)
// *** Execute ***
// Launch: 1 / 1
// Execute: dotnet Matrix.JsonSerialization-Quick-1.dll --anonymousPipes 127 128 --benchmarkName Matrix.JsonSerialization.Benchmarks.SerializeCollection.ServiceStackText --job Quick --benchmarkId 23 in /home/runner/work/dotnet-matrix/dotnet-matrix/src/Matrix.JsonSerialization/bin/Benchmark/Release/net10.0/Matrix.JsonSerialization-Quick-1/bin/Release/net10.0
// Failed to set up high priority (Permission denied). In order to run benchmarks with high priority, make sure you have the right permissions.
// BeforeAnythingElse

// Benchmark Process Environment Information:
// BenchmarkDotNet v0.15.8
// Runtime=.NET 10.0.11 (10.0.11, 10.0.1126.37416), X64 RyuJIT x86-64-v3
// GC=Concurrent Workstation
// HardwareIntrinsics=AVX2+BMI1+BMI2+F16C+FMA+LZCNT+MOVBE,AVX,SSE3+SSSE3+SSE4.1+SSE4.2+POPCNT,X86Base+SSE+SSE2,AES+PCLMUL VectorSize=256
// Job: Quick(MaxRelativeError=0.05, IterationTime=250ms, MaxIterationCount=12, MaxWarmupIterationCount=5, MinIterationCount=8, MinWarmupIterationCount=3)

OverheadJitting  1: 1 op, 235365.00 ns, 235.3650 us/op
WorkloadJitting  1: 1 op, 44972226.00 ns, 44.9722 ms/op

WorkloadPilot    1: 4 op, 82274.00 ns, 20.5685 us/op
WorkloadPilot    2: 12155 op, 76138418.00 ns, 6.2640 us/op
WorkloadPilot    3: 39911 op, 220867018.00 ns, 5.5340 us/op
WorkloadPilot    4: 45175 op, 36747971.00 ns, 813.4581 ns/op
WorkloadPilot    5: 307330 op, 246959206.00 ns, 803.5636 ns/op
WorkloadPilot    6: 311114 op, 256171041.00 ns, 823.3993 ns/op
WorkloadPilot    7: 303619 op, 244210069.00 ns, 804.3307 ns/op
WorkloadPilot    8: 310817 op, 249118743.00 ns, 801.4965 ns/op
WorkloadPilot    9: 311917 op, 250826189.00 ns, 804.1440 ns/op
WorkloadPilot   10: 310890 op, 249328741.00 ns, 801.9838 ns/op
WorkloadPilot   11: 311727 op, 253179289.00 ns, 812.1827 ns/op

WorkloadWarmup   1: 311727 op, 250130079.00 ns, 802.4011 ns/op
WorkloadWarmup   2: 311727 op, 252050345.00 ns, 808.5612 ns/op
WorkloadWarmup   3: 311727 op, 251562319.00 ns, 806.9956 ns/op
WorkloadWarmup   4: 311727 op, 252265279.00 ns, 809.2507 ns/op
WorkloadWarmup   5: 311727 op, 250599127.00 ns, 803.9057 ns/op

// BeforeActualRun
WorkloadActual   1: 311727 op, 250477383.00 ns, 803.5152 ns/op
WorkloadActual   2: 311727 op, 251643872.00 ns, 807.2572 ns/op
WorkloadActual   3: 311727 op, 250332524.00 ns, 803.0505 ns/op
WorkloadActual   4: 311727 op, 251268096.00 ns, 806.0518 ns/op
WorkloadActual   5: 311727 op, 250997428.00 ns, 805.1835 ns/op
WorkloadActual   6: 311727 op, 251031579.00 ns, 805.2930 ns/op
WorkloadActual   7: 311727 op, 251401086.00 ns, 806.4784 ns/op
WorkloadActual   8: 311727 op, 250409611.00 ns, 803.2978 ns/op

// AfterActualRun
WorkloadResult   1: 311727 op, 250477383.00 ns, 803.5152 ns/op
WorkloadResult   2: 311727 op, 251643872.00 ns, 807.2572 ns/op
WorkloadResult   3: 311727 op, 250332524.00 ns, 803.0505 ns/op
WorkloadResult   4: 311727 op, 251268096.00 ns, 806.0518 ns/op
WorkloadResult   5: 311727 op, 250997428.00 ns, 805.1835 ns/op
WorkloadResult   6: 311727 op, 251031579.00 ns, 805.2930 ns/op
WorkloadResult   7: 311727 op, 251401086.00 ns, 806.4784 ns/op
WorkloadResult   8: 311727 op, 250409611.00 ns, 803.2978 ns/op
// GC:  18 0 0 311735360 311727
// Threading:  0 0 311727

// AfterAll
// Benchmark Process 4018 has exited with code 0.

Mean = 805.016 ns, StdErr = 0.558 ns (0.07%), N = 8, StdDev = 1.577 ns
Min = 803.051 ns, Q1 = 803.461 ns, Median = 805.238 ns, Q3 = 806.158 ns, Max = 807.257 ns
IQR = 2.698 ns, LowerFence = 799.415 ns, UpperFence = 810.205 ns
ConfidenceInterval = [802.001 ns; 808.031 ns] (CI 99.9%), Margin = 3.015 ns (0.37% of Mean)
Skewness = -0.02, Kurtosis = 1.21, MValue = 2

// ** Remained 14 (36.8 %) benchmark(s) to run. Estimated finish 2026-08-28 9:43 (0h 1m from now) **
// **************************
// Benchmark: SerializeCollection.SystemTextJson: Quick(MaxRelativeError=0.05, Arguments=/p:MatrixMode=Benchmark, IterationTime=250ms, MaxIterationCount=12, MaxWarmupIterationCount=5, MinIterationCount=8, MinWarmupIterationCount=3)
// *** Execute ***
// Launch: 1 / 1
// Execute: dotnet Matrix.JsonSerialization-Quick-1.dll --anonymousPipes 127 128 --benchmarkName Matrix.JsonSerialization.Benchmarks.SerializeCollection.SystemTextJson --job Quick --benchmarkId 24 in /home/runner/work/dotnet-matrix/dotnet-matrix/src/Matrix.JsonSerialization/bin/Benchmark/Release/net10.0/Matrix.JsonSerialization-Quick-1/bin/Release/net10.0
// Failed to set up high priority (Permission denied). In order to run benchmarks with high priority, make sure you have the right permissions.
// BeforeAnythingElse

// Benchmark Process Environment Information:
// BenchmarkDotNet v0.15.8
// Runtime=.NET 10.0.11 (10.0.11, 10.0.1126.37416), X64 RyuJIT x86-64-v3
// GC=Concurrent Workstation
// HardwareIntrinsics=AVX2+BMI1+BMI2+F16C+FMA+LZCNT+MOVBE,AVX,SSE3+SSSE3+SSE4.1+SSE4.2+POPCNT,X86Base+SSE+SSE2,AES+PCLMUL VectorSize=256
// Job: Quick(MaxRelativeError=0.05, IterationTime=250ms, MaxIterationCount=12, MaxWarmupIterationCount=5, MinIterationCount=8, MinWarmupIterationCount=3)

OverheadJitting  1: 1 op, 264188.00 ns, 264.1880 us/op
WorkloadJitting  1: 1 op, 25900298.00 ns, 25.9003 ms/op

WorkloadPilot    1: 4 op, 106521.00 ns, 26.6303 us/op
WorkloadPilot    2: 9388 op, 15398638.00 ns, 1.6402 us/op
WorkloadPilot    3: 152416 op, 233381255.00 ns, 1.5312 us/op
WorkloadPilot    4: 163269 op, 323648184.00 ns, 1.9823 us/op
WorkloadPilot    5: 126116 op, 69840298.00 ns, 553.7783 ns/op
WorkloadPilot    6: 451444 op, 215006939.00 ns, 476.2649 ns/op
WorkloadPilot    7: 524918 op, 246622448.00 ns, 469.8304 ns/op
WorkloadPilot    8: 532107 op, 251182456.00 ns, 472.0525 ns/op
WorkloadPilot    9: 529602 op, 249071853.00 ns, 470.3001 ns/op
WorkloadPilot   10: 531576 op, 250125502.00 ns, 470.5357 ns/op

WorkloadWarmup   1: 531576 op, 250315058.00 ns, 470.8923 ns/op
WorkloadWarmup   2: 531576 op, 251210262.00 ns, 472.5764 ns/op
WorkloadWarmup   3: 531576 op, 250838360.00 ns, 471.8768 ns/op
WorkloadWarmup   4: 531576 op, 251165604.00 ns, 472.4924 ns/op
WorkloadWarmup   5: 531576 op, 252672918.00 ns, 475.3279 ns/op

// BeforeActualRun
WorkloadActual   1: 531576 op, 250841014.00 ns, 471.8818 ns/op
WorkloadActual   2: 531576 op, 250574312.00 ns, 471.3800 ns/op
WorkloadActual   3: 531576 op, 251178012.00 ns, 472.5157 ns/op
WorkloadActual   4: 531576 op, 251393548.00 ns, 472.9212 ns/op
WorkloadActual   5: 531576 op, 250966834.00 ns, 472.1184 ns/op
WorkloadActual   6: 531576 op, 250876428.00 ns, 471.9484 ns/op
WorkloadActual   7: 531576 op, 253293354.00 ns, 476.4951 ns/op
WorkloadActual   8: 531576 op, 251368259.00 ns, 472.8736 ns/op

// AfterActualRun
WorkloadResult   1: 531576 op, 250841014.00 ns, 471.8818 ns/op
WorkloadResult   2: 531576 op, 250574312.00 ns, 471.3800 ns/op
WorkloadResult   3: 531576 op, 251178012.00 ns, 472.5157 ns/op
WorkloadResult   4: 531576 op, 251393548.00 ns, 472.9212 ns/op
WorkloadResult   5: 531576 op, 250966834.00 ns, 472.1184 ns/op
WorkloadResult   6: 531576 op, 250876428.00 ns, 471.9484 ns/op
WorkloadResult   7: 531576 op, 251368259.00 ns, 472.8736 ns/op
// GC:  17 0 0 297682560 531576
// Threading:  0 0 531576

// AfterAll
// Benchmark Process 4028 has exited with code 0.

Mean = 472.234 ns, StdErr = 0.213 ns (0.05%), N = 7, StdDev = 0.564 ns
Min = 471.380 ns, Q1 = 471.915 ns, Median = 472.118 ns, Q3 = 472.695 ns, Max = 472.921 ns
IQR = 0.780 ns, LowerFence = 470.746 ns, UpperFence = 473.864 ns
ConfidenceInterval = [470.964 ns; 473.505 ns] (CI 99.9%), Margin = 1.270 ns (0.27% of Mean)
Skewness = -0.07, Kurtosis = 1.34, MValue = 2

// ** Remained 13 (34.2 %) benchmark(s) to run. Estimated finish 2026-08-28 9:43 (0h 1m from now) **
// ***** BenchmarkRunner: Finish  *****

// * Export *
  tmp/dotnet-matrix/JsonSerialization/a5cf7d52a15c448f9385f0251b69bef8/results/Matrix.JsonSerialization.Benchmarks.SerializeCollection-report.csv
  tmp/dotnet-matrix/JsonSerialization/a5cf7d52a15c448f9385f0251b69bef8/results/Matrix.JsonSerialization.Benchmarks.SerializeCollection-report-github.md
  tmp/dotnet-matrix/JsonSerialization/a5cf7d52a15c448f9385f0251b69bef8/results/Matrix.JsonSerialization.Benchmarks.SerializeCollection-report.html
  tmp/dotnet-matrix/JsonSerialization/a5cf7d52a15c448f9385f0251b69bef8/results/Matrix.JsonSerialization.Benchmarks.SerializeCollection-report-full.json

// * Detailed results *
SerializeCollection.SystemTextJson: Quick(MaxRelativeError=0.05, Arguments=/p:MatrixMode=Benchmark, IterationTime=250ms, MaxIterationCount=12, MaxWarmupIterationCount=5, MinIterationCount=8, MinWarmupIterationCount=3)
Runtime = .NET 10.0.11 (10.0.11, 10.0.1126.37416), X64 RyuJIT x86-64-v3; GC = Concurrent Workstation
Mean = 472.234 ns, StdErr = 0.213 ns (0.05%), N = 7, StdDev = 0.564 ns
Min = 471.380 ns, Q1 = 471.915 ns, Median = 472.118 ns, Q3 = 472.695 ns, Max = 472.921 ns
IQR = 0.780 ns, LowerFence = 470.746 ns, UpperFence = 473.864 ns
ConfidenceInterval = [470.964 ns; 473.505 ns] (CI 99.9%), Margin = 1.270 ns (0.27% of Mean)
Skewness = -0.07, Kurtosis = 1.34, MValue = 2
-------------------- Histogram --------------------
[470.993 ns ; 473.308 ns) | @@@@@@@
---------------------------------------------------

SerializeCollection.ServiceStackText: Quick(MaxRelativeError=0.05, Arguments=/p:MatrixMode=Benchmark, IterationTime=250ms, MaxIterationCount=12, MaxWarmupIterationCount=5, MinIterationCount=8, MinWarmupIterationCount=3)
Runtime = .NET 10.0.11 (10.0.11, 10.0.1126.37416), X64 RyuJIT x86-64-v3; GC = Concurrent Workstation
Mean = 805.016 ns, StdErr = 0.558 ns (0.07%), N = 8, StdDev = 1.577 ns
Min = 803.051 ns, Q1 = 803.461 ns, Median = 805.238 ns, Q3 = 806.158 ns, Max = 807.257 ns
IQR = 2.698 ns, LowerFence = 799.415 ns, UpperFence = 810.205 ns
ConfidenceInterval = [802.001 ns; 808.031 ns] (CI 99.9%), Margin = 3.015 ns (0.37% of Mean)
Skewness = -0.02, Kurtosis = 1.21, MValue = 2
-------------------- Histogram --------------------
[802.016 ns ; 808.292 ns) | @@@@@@@@
---------------------------------------------------

SerializeCollection.NewtonsoftJson: Quick(MaxRelativeError=0.05, Arguments=/p:MatrixMode=Benchmark, IterationTime=250ms, MaxIterationCount=12, MaxWarmupIterationCount=5, MinIterationCount=8, MinWarmupIterationCount=3)
Runtime = .NET 10.0.11 (10.0.11, 10.0.1126.37416), X64 RyuJIT x86-64-v3; GC = Concurrent Workstation
Mean = 881.983 ns, StdErr = 1.251 ns (0.14%), N = 8, StdDev = 3.538 ns
Min = 876.624 ns, Q1 = 879.542 ns, Median = 882.507 ns, Q3 = 885.140 ns, Max = 885.608 ns
IQR = 5.598 ns, LowerFence = 871.145 ns, UpperFence = 893.537 ns
ConfidenceInterval = [875.218 ns; 888.748 ns] (CI 99.9%), Margin = 6.765 ns (0.77% of Mean)
Skewness = -0.24, Kurtosis = 1.14, MValue = 2
-------------------- Histogram --------------------
[874.302 ns ; 887.930 ns) | @@@@@@@@
---------------------------------------------------

// * Summary *

BenchmarkDotNet v0.15.8, Linux Ubuntu 24.04.4 LTS (Noble Numbat)
AMD EPYC 9V74 2.60GHz, 1 CPU, 4 logical and 2 physical cores
.NET SDK 10.0.400
  [Host] : .NET 10.0.11 (10.0.11, 10.0.1126.37416), X64 RyuJIT x86-64-v3
  Quick  : .NET 10.0.11 (10.0.11, 10.0.1126.37416), X64 RyuJIT x86-64-v3

Job=Quick  MaxRelativeError=0.05  Arguments=/p:MatrixMode=Benchmark  
IterationTime=250ms  MaxIterationCount=12  MaxWarmupIterationCount=5  
MinIterationCount=8  MinWarmupIterationCount=3  

| Method           | Mean     | Error   | StdDev  | Gen0   | Allocated |
|----------------- |---------:|--------:|--------:|-------:|----------:|
| SystemTextJson   | 472.2 ns | 1.27 ns | 0.56 ns | 0.0320 |     560 B |
| ServiceStackText | 805.0 ns | 3.02 ns | 1.58 ns | 0.0577 |    1000 B |
| NewtonsoftJson   | 882.0 ns | 6.76 ns | 3.54 ns | 0.1092 |    1872 B |

// * Hints *
Outliers
  SerializeCollection.SystemTextJson: Quick -> 1 outlier  was  removed (476.50 ns)

// * Legends *
  Mean      : Arithmetic mean of all measurements
  Error     : Half of 99.9% confidence interval
  StdDev    : Standard deviation of all measurements
  Gen0      : GC Generation 0 collects per 1000 operations
  Allocated : Allocated memory per single operation (managed only, inclusive, 1KB = 1024B)
  1 ns      : 1 Nanosecond (0.000000001 sec)

// * Diagnostic Output - MemoryDiagnoser *


// ***** BenchmarkRunner: End *****
Run time: 00:00:17 (17.52 sec), executed benchmarks: 3

// Found 3 benchmarks:
//   SerializeDictionary.NewtonsoftJson: Quick(MaxRelativeError=0.05, Arguments=/p:MatrixMode=Benchmark, IterationTime=250ms, MaxIterationCount=12, MaxWarmupIterationCount=5, MinIterationCount=8, MinWarmupIterationCount=3)
//   SerializeDictionary.ServiceStackText: Quick(MaxRelativeError=0.05, Arguments=/p:MatrixMode=Benchmark, IterationTime=250ms, MaxIterationCount=12, MaxWarmupIterationCount=5, MinIterationCount=8, MinWarmupIterationCount=3)
//   SerializeDictionary.SystemTextJson: Quick(MaxRelativeError=0.05, Arguments=/p:MatrixMode=Benchmark, IterationTime=250ms, MaxIterationCount=12, MaxWarmupIterationCount=5, MinIterationCount=8, MinWarmupIterationCount=3)

// **************************
// Benchmark: SerializeDictionary.NewtonsoftJson: Quick(MaxRelativeError=0.05, Arguments=/p:MatrixMode=Benchmark, IterationTime=250ms, MaxIterationCount=12, MaxWarmupIterationCount=5, MinIterationCount=8, MinWarmupIterationCount=3)
// *** Execute ***
// Launch: 1 / 1
// Execute: dotnet Matrix.JsonSerialization-Quick-1.dll --anonymousPipes 127 128 --benchmarkName Matrix.JsonSerialization.Benchmarks.SerializeDictionary.NewtonsoftJson --job Quick --benchmarkId 25 in /home/runner/work/dotnet-matrix/dotnet-matrix/src/Matrix.JsonSerialization/bin/Benchmark/Release/net10.0/Matrix.JsonSerialization-Quick-1/bin/Release/net10.0
// Failed to set up high priority (Permission denied). In order to run benchmarks with high priority, make sure you have the right permissions.
// BeforeAnythingElse

// Benchmark Process Environment Information:
// BenchmarkDotNet v0.15.8
// Runtime=.NET 10.0.11 (10.0.11, 10.0.1126.37416), X64 RyuJIT x86-64-v3
// GC=Concurrent Workstation
// HardwareIntrinsics=AVX2+BMI1+BMI2+F16C+FMA+LZCNT+MOVBE,AVX,SSE3+SSSE3+SSE4.1+SSE4.2+POPCNT,X86Base+SSE+SSE2,AES+PCLMUL VectorSize=256
// Job: Quick(MaxRelativeError=0.05, IterationTime=250ms, MaxIterationCount=12, MaxWarmupIterationCount=5, MinIterationCount=8, MinWarmupIterationCount=3)

OverheadJitting  1: 1 op, 253963.00 ns, 253.9630 us/op
WorkloadJitting  1: 1 op, 41578410.00 ns, 41.5784 ms/op

WorkloadPilot    1: 4 op, 80041.00 ns, 20.0103 us/op
WorkloadPilot    2: 12494 op, 44196389.00 ns, 3.5374 us/op
WorkloadPilot    3: 70673 op, 243774335.00 ns, 3.4493 us/op
WorkloadPilot    4: 72478 op, 41992304.00 ns, 579.3800 ns/op
WorkloadPilot    5: 431496 op, 151249615.00 ns, 350.5238 ns/op
WorkloadPilot    6: 713218 op, 252333386.00 ns, 353.7956 ns/op
WorkloadPilot    7: 706623 op, 247743582.00 ns, 350.6022 ns/op
WorkloadPilot    8: 713059 op, 249674525.00 ns, 350.1457 ns/op
WorkloadPilot    9: 713989 op, 250202691.00 ns, 350.4293 ns/op
WorkloadPilot   10: 713411 op, 249727675.00 ns, 350.0474 ns/op
WorkloadPilot   11: 714189 op, 250566010.00 ns, 350.8399 ns/op

WorkloadWarmup   1: 714189 op, 250590676.00 ns, 350.8745 ns/op
WorkloadWarmup   2: 714189 op, 251536103.00 ns, 352.1982 ns/op
WorkloadWarmup   3: 714189 op, 251502392.00 ns, 352.1510 ns/op
WorkloadWarmup   4: 714189 op, 251420489.00 ns, 352.0364 ns/op
WorkloadWarmup   5: 714189 op, 251027645.00 ns, 351.4863 ns/op

// BeforeActualRun
WorkloadActual   1: 714189 op, 250277154.00 ns, 350.4355 ns/op
WorkloadActual   2: 714189 op, 250630827.00 ns, 350.9307 ns/op
WorkloadActual   3: 714189 op, 255465340.00 ns, 357.6999 ns/op
WorkloadActual   4: 714189 op, 250739902.00 ns, 351.0834 ns/op
WorkloadActual   5: 714189 op, 251062018.00 ns, 351.5344 ns/op
WorkloadActual   6: 714189 op, 251146201.00 ns, 351.6523 ns/op
WorkloadActual   7: 714189 op, 252648568.00 ns, 353.7559 ns/op
WorkloadActual   8: 714189 op, 254643036.00 ns, 356.5485 ns/op

// AfterActualRun
WorkloadResult   1: 714189 op, 250277154.00 ns, 350.4355 ns/op
WorkloadResult   2: 714189 op, 250630827.00 ns, 350.9307 ns/op
WorkloadResult   3: 714189 op, 255465340.00 ns, 357.6999 ns/op
WorkloadResult   4: 714189 op, 250739902.00 ns, 351.0834 ns/op
WorkloadResult   5: 714189 op, 251062018.00 ns, 351.5344 ns/op
WorkloadResult   6: 714189 op, 251146201.00 ns, 351.6523 ns/op
WorkloadResult   7: 714189 op, 252648568.00 ns, 353.7559 ns/op
WorkloadResult   8: 714189 op, 254643036.00 ns, 356.5485 ns/op
// GC:  64 0 0 1079853768 714189
// Threading:  0 0 714189

// AfterAll
// Benchmark Process 4036 has exited with code 0.

Mean = 352.955 ns, StdErr = 0.980 ns (0.28%), N = 8, StdDev = 2.771 ns
Min = 350.435 ns, Q1 = 351.045 ns, Median = 351.593 ns, Q3 = 354.454 ns, Max = 357.700 ns
IQR = 3.409 ns, LowerFence = 345.932 ns, UpperFence = 359.567 ns
ConfidenceInterval = [347.658 ns; 358.252 ns] (CI 99.9%), Margin = 5.297 ns (1.50% of Mean)
Skewness = 0.69, Kurtosis = 1.59, MValue = 2

// ** Remained 12 (31.6 %) benchmark(s) to run. Estimated finish 2026-08-28 9:43 (0h 1m from now) **
// **************************
// Benchmark: SerializeDictionary.ServiceStackText: Quick(MaxRelativeError=0.05, Arguments=/p:MatrixMode=Benchmark, IterationTime=250ms, MaxIterationCount=12, MaxWarmupIterationCount=5, MinIterationCount=8, MinWarmupIterationCount=3)
// *** Execute ***
// Launch: 1 / 1
// Execute: dotnet Matrix.JsonSerialization-Quick-1.dll --anonymousPipes 129 130 --benchmarkName Matrix.JsonSerialization.Benchmarks.SerializeDictionary.ServiceStackText --job Quick --benchmarkId 26 in /home/runner/work/dotnet-matrix/dotnet-matrix/src/Matrix.JsonSerialization/bin/Benchmark/Release/net10.0/Matrix.JsonSerialization-Quick-1/bin/Release/net10.0
// Failed to set up high priority (Permission denied). In order to run benchmarks with high priority, make sure you have the right permissions.
// BeforeAnythingElse

// Benchmark Process Environment Information:
// BenchmarkDotNet v0.15.8
// Runtime=.NET 10.0.11 (10.0.11, 10.0.1126.37416), X64 RyuJIT x86-64-v3
// GC=Concurrent Workstation
// HardwareIntrinsics=AVX2+BMI1+BMI2+F16C+FMA+LZCNT+MOVBE,AVX,SSE3+SSSE3+SSE4.1+SSE4.2+POPCNT,X86Base+SSE+SSE2,AES+PCLMUL VectorSize=256
// Job: Quick(MaxRelativeError=0.05, IterationTime=250ms, MaxIterationCount=12, MaxWarmupIterationCount=5, MinIterationCount=8, MinWarmupIterationCount=3)

OverheadJitting  1: 1 op, 227574.00 ns, 227.5740 us/op
WorkloadJitting  1: 1 op, 35717199.00 ns, 35.7172 ms/op

WorkloadPilot    1: 4 op, 73080.00 ns, 18.2700 us/op
WorkloadPilot    2: 13684 op, 23809337.00 ns, 1.7399 us/op
WorkloadPilot    3: 143683 op, 265100375.00 ns, 1.8450 us/op
WorkloadPilot    4: 135499 op, 110400128.00 ns, 814.7671 ns/op
WorkloadPilot    5: 306836 op, 59674669.00 ns, 194.4839 ns/op
WorkloadPilot    6: 1285453 op, 252224057.00 ns, 196.2141 ns/op
WorkloadPilot    7: 1274118 op, 247245587.00 ns, 194.0523 ns/op
WorkloadPilot    8: 1288312 op, 250097059.00 ns, 194.1277 ns/op

WorkloadWarmup   1: 1288312 op, 250552906.00 ns, 194.4815 ns/op
WorkloadWarmup   2: 1288312 op, 251320063.00 ns, 195.0770 ns/op
WorkloadWarmup   3: 1288312 op, 251653698.00 ns, 195.3360 ns/op
WorkloadWarmup   4: 1288312 op, 253004564.00 ns, 196.3845 ns/op
WorkloadWarmup   5: 1288312 op, 251697303.00 ns, 195.3698 ns/op

// BeforeActualRun
WorkloadActual   1: 1288312 op, 251172401.00 ns, 194.9624 ns/op
WorkloadActual   2: 1288312 op, 251081424.00 ns, 194.8918 ns/op
WorkloadActual   3: 1288312 op, 251255466.00 ns, 195.0269 ns/op
WorkloadActual   4: 1288312 op, 251280243.00 ns, 195.0461 ns/op
WorkloadActual   5: 1288312 op, 259883552.00 ns, 201.7241 ns/op
WorkloadActual   6: 1288312 op, 251048795.00 ns, 194.8665 ns/op
WorkloadActual   7: 1288312 op, 251305151.00 ns, 195.0654 ns/op
WorkloadActual   8: 1288312 op, 250970186.00 ns, 194.8054 ns/op

// AfterActualRun
WorkloadResult   1: 1288312 op, 251172401.00 ns, 194.9624 ns/op
WorkloadResult   2: 1288312 op, 251081424.00 ns, 194.8918 ns/op
WorkloadResult   3: 1288312 op, 251255466.00 ns, 195.0269 ns/op
WorkloadResult   4: 1288312 op, 251280243.00 ns, 195.0461 ns/op
WorkloadResult   5: 1288312 op, 251048795.00 ns, 194.8665 ns/op
WorkloadResult   6: 1288312 op, 251305151.00 ns, 195.0654 ns/op
WorkloadResult   7: 1288312 op, 250970186.00 ns, 194.8054 ns/op
// GC:  22 0 0 371033856 1288312
// Threading:  0 0 1288312

// AfterAll
// Benchmark Process 4049 has exited with code 0.

Mean = 194.952 ns, StdErr = 0.038 ns (0.02%), N = 7, StdDev = 0.100 ns
Min = 194.805 ns, Q1 = 194.879 ns, Median = 194.962 ns, Q3 = 195.036 ns, Max = 195.065 ns
IQR = 0.157 ns, LowerFence = 194.643 ns, UpperFence = 195.273 ns
ConfidenceInterval = [194.727 ns; 195.177 ns] (CI 99.9%), Margin = 0.225 ns (0.12% of Mean)
Skewness = -0.19, Kurtosis = 1.15, MValue = 2

// ** Remained 11 (28.9 %) benchmark(s) to run. Estimated finish 2026-08-28 9:43 (0h 0m from now) **
// **************************
// Benchmark: SerializeDictionary.SystemTextJson: Quick(MaxRelativeError=0.05, Arguments=/p:MatrixMode=Benchmark, IterationTime=250ms, MaxIterationCount=12, MaxWarmupIterationCount=5, MinIterationCount=8, MinWarmupIterationCount=3)
// *** Execute ***
// Launch: 1 / 1
// Execute: dotnet Matrix.JsonSerialization-Quick-1.dll --anonymousPipes 127 128 --benchmarkName Matrix.JsonSerialization.Benchmarks.SerializeDictionary.SystemTextJson --job Quick --benchmarkId 27 in /home/runner/work/dotnet-matrix/dotnet-matrix/src/Matrix.JsonSerialization/bin/Benchmark/Release/net10.0/Matrix.JsonSerialization-Quick-1/bin/Release/net10.0
// Failed to set up high priority (Permission denied). In order to run benchmarks with high priority, make sure you have the right permissions.
// BeforeAnythingElse

// Benchmark Process Environment Information:
// BenchmarkDotNet v0.15.8
// Runtime=.NET 10.0.11 (10.0.11, 10.0.1126.37416), X64 RyuJIT x86-64-v3
// GC=Concurrent Workstation
// HardwareIntrinsics=AVX2+BMI1+BMI2+F16C+FMA+LZCNT+MOVBE,AVX,SSE3+SSSE3+SSE4.1+SSE4.2+POPCNT,X86Base+SSE+SSE2,AES+PCLMUL VectorSize=256
// Job: Quick(MaxRelativeError=0.05, IterationTime=250ms, MaxIterationCount=12, MaxWarmupIterationCount=5, MinIterationCount=8, MinWarmupIterationCount=3)

OverheadJitting  1: 1 op, 229026.00 ns, 229.0260 us/op
WorkloadJitting  1: 1 op, 22862207.00 ns, 22.8622 ms/op

WorkloadPilot    1: 4 op, 69645.00 ns, 17.4113 us/op
WorkloadPilot    2: 14359 op, 11212874.00 ns, 780.8952 ns/op
WorkloadPilot    3: 320145 op, 276772238.00 ns, 864.5215 ns/op
WorkloadPilot    4: 289177 op, 225610852.00 ns, 780.1826 ns/op
WorkloadPilot    5: 320438 op, 100129865.00 ns, 312.4781 ns/op
WorkloadPilot    6: 800056 op, 145565414.00 ns, 181.9440 ns/op
WorkloadPilot    7: 1374049 op, 243035827.00 ns, 176.8757 ns/op
WorkloadPilot    8: 1413422 op, 252413743.00 ns, 178.5834 ns/op
WorkloadPilot    9: 1399906 op, 247558349.00 ns, 176.8393 ns/op
WorkloadPilot   10: 1413713 op, 250162698.00 ns, 176.9544 ns/op

WorkloadWarmup   1: 1413713 op, 249883930.00 ns, 176.7572 ns/op
WorkloadWarmup   2: 1413713 op, 249935799.00 ns, 176.7939 ns/op
WorkloadWarmup   3: 1413713 op, 251241859.00 ns, 177.7177 ns/op
WorkloadWarmup   4: 1413713 op, 250114829.00 ns, 176.9205 ns/op
WorkloadWarmup   5: 1413713 op, 249660934.00 ns, 176.5994 ns/op

// BeforeActualRun
WorkloadActual   1: 1413713 op, 249906955.00 ns, 176.7735 ns/op
WorkloadActual   2: 1413713 op, 250265055.00 ns, 177.0268 ns/op
WorkloadActual   3: 1413713 op, 251399577.00 ns, 177.8293 ns/op
WorkloadActual   4: 1413713 op, 253421458.00 ns, 179.2595 ns/op
WorkloadActual   5: 1413713 op, 250052365.00 ns, 176.8763 ns/op
WorkloadActual   6: 1413713 op, 249633272.00 ns, 176.5799 ns/op
WorkloadActual   7: 1413713 op, 251878830.00 ns, 178.1683 ns/op
WorkloadActual   8: 1413713 op, 250394551.00 ns, 177.1184 ns/op

// AfterActualRun
WorkloadResult   1: 1413713 op, 249906955.00 ns, 176.7735 ns/op
WorkloadResult   2: 1413713 op, 250265055.00 ns, 177.0268 ns/op
WorkloadResult   3: 1413713 op, 251399577.00 ns, 177.8293 ns/op
WorkloadResult   4: 1413713 op, 253421458.00 ns, 179.2595 ns/op
WorkloadResult   5: 1413713 op, 250052365.00 ns, 176.8763 ns/op
WorkloadResult   6: 1413713 op, 249633272.00 ns, 176.5799 ns/op
WorkloadResult   7: 1413713 op, 251878830.00 ns, 178.1683 ns/op
WorkloadResult   8: 1413713 op, 250394551.00 ns, 177.1184 ns/op
// GC:  7 0 0 124406744 1413713
// Threading:  0 0 1413713

// AfterAll
// Benchmark Process 4058 has exited with code 0.

Mean = 177.454 ns, StdErr = 0.321 ns (0.18%), N = 8, StdDev = 0.908 ns
Min = 176.580 ns, Q1 = 176.851 ns, Median = 177.073 ns, Q3 = 177.914 ns, Max = 179.259 ns
IQR = 1.063 ns, LowerFence = 175.255 ns, UpperFence = 179.509 ns
ConfidenceInterval = [175.719 ns; 179.189 ns] (CI 99.9%), Margin = 1.735 ns (0.98% of Mean)
Skewness = 0.84, Kurtosis = 2.18, MValue = 2

// ** Remained 10 (26.3 %) benchmark(s) to run. Estimated finish 2026-08-28 9:43 (0h 0m from now) **
// ***** BenchmarkRunner: Finish  *****

// * Export *
  tmp/dotnet-matrix/JsonSerialization/a5cf7d52a15c448f9385f0251b69bef8/results/Matrix.JsonSerialization.Benchmarks.SerializeDictionary-report.csv
  tmp/dotnet-matrix/JsonSerialization/a5cf7d52a15c448f9385f0251b69bef8/results/Matrix.JsonSerialization.Benchmarks.SerializeDictionary-report-github.md
  tmp/dotnet-matrix/JsonSerialization/a5cf7d52a15c448f9385f0251b69bef8/results/Matrix.JsonSerialization.Benchmarks.SerializeDictionary-report.html
  tmp/dotnet-matrix/JsonSerialization/a5cf7d52a15c448f9385f0251b69bef8/results/Matrix.JsonSerialization.Benchmarks.SerializeDictionary-report-full.json

// * Detailed results *
SerializeDictionary.SystemTextJson: Quick(MaxRelativeError=0.05, Arguments=/p:MatrixMode=Benchmark, IterationTime=250ms, MaxIterationCount=12, MaxWarmupIterationCount=5, MinIterationCount=8, MinWarmupIterationCount=3)
Runtime = .NET 10.0.11 (10.0.11, 10.0.1126.37416), X64 RyuJIT x86-64-v3; GC = Concurrent Workstation
Mean = 177.454 ns, StdErr = 0.321 ns (0.18%), N = 8, StdDev = 0.908 ns
Min = 176.580 ns, Q1 = 176.851 ns, Median = 177.073 ns, Q3 = 177.914 ns, Max = 179.259 ns
IQR = 1.063 ns, LowerFence = 175.255 ns, UpperFence = 179.509 ns
ConfidenceInterval = [175.719 ns; 179.189 ns] (CI 99.9%), Margin = 1.735 ns (0.98% of Mean)
Skewness = 0.84, Kurtosis = 2.18, MValue = 2
-------------------- Histogram --------------------
[175.984 ns ; 179.855 ns) | @@@@@@@@
---------------------------------------------------

SerializeDictionary.ServiceStackText: Quick(MaxRelativeError=0.05, Arguments=/p:MatrixMode=Benchmark, IterationTime=250ms, MaxIterationCount=12, MaxWarmupIterationCount=5, MinIterationCount=8, MinWarmupIterationCount=3)
Runtime = .NET 10.0.11 (10.0.11, 10.0.1126.37416), X64 RyuJIT x86-64-v3; GC = Concurrent Workstation
Mean = 194.952 ns, StdErr = 0.038 ns (0.02%), N = 7, StdDev = 0.100 ns
Min = 194.805 ns, Q1 = 194.879 ns, Median = 194.962 ns, Q3 = 195.036 ns, Max = 195.065 ns
IQR = 0.157 ns, LowerFence = 194.643 ns, UpperFence = 195.273 ns
ConfidenceInterval = [194.727 ns; 195.177 ns] (CI 99.9%), Margin = 0.225 ns (0.12% of Mean)
Skewness = -0.19, Kurtosis = 1.15, MValue = 2
-------------------- Histogram --------------------
[194.737 ns ; 195.134 ns) | @@@@@@@
---------------------------------------------------

SerializeDictionary.NewtonsoftJson: Quick(MaxRelativeError=0.05, Arguments=/p:MatrixMode=Benchmark, IterationTime=250ms, MaxIterationCount=12, MaxWarmupIterationCount=5, MinIterationCount=8, MinWarmupIterationCount=3)
Runtime = .NET 10.0.11 (10.0.11, 10.0.1126.37416), X64 RyuJIT x86-64-v3; GC = Concurrent Workstation
Mean = 352.955 ns, StdErr = 0.980 ns (0.28%), N = 8, StdDev = 2.771 ns
Min = 350.435 ns, Q1 = 351.045 ns, Median = 351.593 ns, Q3 = 354.454 ns, Max = 357.700 ns
IQR = 3.409 ns, LowerFence = 345.932 ns, UpperFence = 359.567 ns
ConfidenceInterval = [347.658 ns; 358.252 ns] (CI 99.9%), Margin = 5.297 ns (1.50% of Mean)
Skewness = 0.69, Kurtosis = 1.59, MValue = 2
-------------------- Histogram --------------------
[348.617 ns ; 359.518 ns) | @@@@@@@@
---------------------------------------------------

// * Summary *

BenchmarkDotNet v0.15.8, Linux Ubuntu 24.04.4 LTS (Noble Numbat)
AMD EPYC 9V74 2.60GHz, 1 CPU, 4 logical and 2 physical cores
.NET SDK 10.0.400
  [Host] : .NET 10.0.11 (10.0.11, 10.0.1126.37416), X64 RyuJIT x86-64-v3
  Quick  : .NET 10.0.11 (10.0.11, 10.0.1126.37416), X64 RyuJIT x86-64-v3

Job=Quick  MaxRelativeError=0.05  Arguments=/p:MatrixMode=Benchmark  
IterationTime=250ms  MaxIterationCount=12  MaxWarmupIterationCount=5  
MinIterationCount=8  MinWarmupIterationCount=3  

| Method           | Mean     | Error   | StdDev  | Gen0   | Allocated |
|----------------- |---------:|--------:|--------:|-------:|----------:|
| SystemTextJson   | 177.5 ns | 1.74 ns | 0.91 ns | 0.0050 |      88 B |
| ServiceStackText | 195.0 ns | 0.22 ns | 0.10 ns | 0.0171 |     288 B |
| NewtonsoftJson   | 353.0 ns | 5.30 ns | 2.77 ns | 0.0896 |    1512 B |

// * Hints *
Outliers
  SerializeDictionary.ServiceStackText: Quick -> 1 outlier  was  removed (201.72 ns)

// * Legends *
  Mean      : Arithmetic mean of all measurements
  Error     : Half of 99.9% confidence interval
  StdDev    : Standard deviation of all measurements
  Gen0      : GC Generation 0 collects per 1000 operations
  Allocated : Allocated memory per single operation (managed only, inclusive, 1KB = 1024B)
  1 ns      : 1 Nanosecond (0.000000001 sec)

// * Diagnostic Output - MemoryDiagnoser *


// ***** BenchmarkRunner: End *****
Run time: 00:00:16 (16.21 sec), executed benchmarks: 3

// Found 3 benchmarks:
//   SerializeNestedObject.NewtonsoftJson: Quick(MaxRelativeError=0.05, Arguments=/p:MatrixMode=Benchmark, IterationTime=250ms, MaxIterationCount=12, MaxWarmupIterationCount=5, MinIterationCount=8, MinWarmupIterationCount=3)
//   SerializeNestedObject.ServiceStackText: Quick(MaxRelativeError=0.05, Arguments=/p:MatrixMode=Benchmark, IterationTime=250ms, MaxIterationCount=12, MaxWarmupIterationCount=5, MinIterationCount=8, MinWarmupIterationCount=3)
//   SerializeNestedObject.SystemTextJson: Quick(MaxRelativeError=0.05, Arguments=/p:MatrixMode=Benchmark, IterationTime=250ms, MaxIterationCount=12, MaxWarmupIterationCount=5, MinIterationCount=8, MinWarmupIterationCount=3)

// **************************
// Benchmark: SerializeNestedObject.NewtonsoftJson: Quick(MaxRelativeError=0.05, Arguments=/p:MatrixMode=Benchmark, IterationTime=250ms, MaxIterationCount=12, MaxWarmupIterationCount=5, MinIterationCount=8, MinWarmupIterationCount=3)
// *** Execute ***
// Launch: 1 / 1
// Execute: dotnet Matrix.JsonSerialization-Quick-1.dll --anonymousPipes 125 126 --benchmarkName Matrix.JsonSerialization.Benchmarks.SerializeNestedObject.NewtonsoftJson --job Quick --benchmarkId 28 in /home/runner/work/dotnet-matrix/dotnet-matrix/src/Matrix.JsonSerialization/bin/Benchmark/Release/net10.0/Matrix.JsonSerialization-Quick-1/bin/Release/net10.0
// Failed to set up high priority (Permission denied). In order to run benchmarks with high priority, make sure you have the right permissions.
// BeforeAnythingElse

// Benchmark Process Environment Information:
// BenchmarkDotNet v0.15.8
// Runtime=.NET 10.0.11 (10.0.11, 10.0.1126.37416), X64 RyuJIT x86-64-v3
// GC=Concurrent Workstation
// HardwareIntrinsics=AVX2+BMI1+BMI2+F16C+FMA+LZCNT+MOVBE,AVX,SSE3+SSSE3+SSE4.1+SSE4.2+POPCNT,X86Base+SSE+SSE2,AES+PCLMUL VectorSize=256
// Job: Quick(MaxRelativeError=0.05, IterationTime=250ms, MaxIterationCount=12, MaxWarmupIterationCount=5, MinIterationCount=8, MinWarmupIterationCount=3)

OverheadJitting  1: 1 op, 230498.00 ns, 230.4980 us/op
WorkloadJitting  1: 1 op, 55898864.00 ns, 55.8989 ms/op

WorkloadPilot    1: 4 op, 53862.00 ns, 13.4655 us/op
WorkloadPilot    2: 18566 op, 87307664.00 ns, 4.7026 us/op
WorkloadPilot    3: 53163 op, 230046175.00 ns, 4.3272 us/op
WorkloadPilot    4: 57774 op, 39735942.00 ns, 687.7824 ns/op
WorkloadPilot    5: 363487 op, 219408328.00 ns, 603.6208 ns/op
WorkloadPilot    6: 414167 op, 252958038.00 ns, 610.7634 ns/op
WorkloadPilot    7: 409324 op, 247056085.00 ns, 603.5710 ns/op
WorkloadPilot    8: 414201 op, 250975807.00 ns, 605.9276 ns/op
WorkloadPilot    9: 412591 op, 250363704.00 ns, 606.8084 ns/op

WorkloadWarmup   1: 412591 op, 250325657.00 ns, 606.7162 ns/op
WorkloadWarmup   2: 412591 op, 250382603.00 ns, 606.8543 ns/op
WorkloadWarmup   3: 412591 op, 251306627.00 ns, 609.0938 ns/op
WorkloadWarmup   4: 412591 op, 251988535.00 ns, 610.7466 ns/op
WorkloadWarmup   5: 412591 op, 251753371.00 ns, 610.1766 ns/op

// BeforeActualRun
WorkloadActual   1: 412591 op, 249300120.00 ns, 604.2306 ns/op
WorkloadActual   2: 412591 op, 252560192.00 ns, 612.1321 ns/op
WorkloadActual   3: 412591 op, 249272428.00 ns, 604.1635 ns/op
WorkloadActual   4: 412591 op, 252918789.00 ns, 613.0012 ns/op
WorkloadActual   5: 412591 op, 250303554.00 ns, 606.6627 ns/op
WorkloadActual   6: 412591 op, 250259659.00 ns, 606.5563 ns/op
WorkloadActual   7: 412591 op, 252169714.00 ns, 611.1857 ns/op
WorkloadActual   8: 412591 op, 259338898.00 ns, 628.5617 ns/op

// AfterActualRun
WorkloadResult   1: 412591 op, 249300120.00 ns, 604.2306 ns/op
WorkloadResult   2: 412591 op, 252560192.00 ns, 612.1321 ns/op
WorkloadResult   3: 412591 op, 249272428.00 ns, 604.1635 ns/op
WorkloadResult   4: 412591 op, 252918789.00 ns, 613.0012 ns/op
WorkloadResult   5: 412591 op, 250303554.00 ns, 606.6627 ns/op
WorkloadResult   6: 412591 op, 250259659.00 ns, 606.5563 ns/op
WorkloadResult   7: 412591 op, 252169714.00 ns, 611.1857 ns/op
// GC:  41 0 0 686551424 412591
// Threading:  0 0 412591

// AfterAll
// Benchmark Process 4070 has exited with code 0.

Mean = 608.276 ns, StdErr = 1.418 ns (0.23%), N = 7, StdDev = 3.753 ns
Min = 604.164 ns, Q1 = 605.393 ns, Median = 606.663 ns, Q3 = 611.659 ns, Max = 613.001 ns
IQR = 6.265 ns, LowerFence = 595.995 ns, UpperFence = 621.057 ns
ConfidenceInterval = [599.824 ns; 616.728 ns] (CI 99.9%), Margin = 8.452 ns (1.39% of Mean)
Skewness = 0.11, Kurtosis = 0.98, MValue = 2

// ** Remained 9 (23.7 %) benchmark(s) to run. Estimated finish 2026-08-28 9:43 (0h 0m from now) **
// **************************
// Benchmark: SerializeNestedObject.ServiceStackText: Quick(MaxRelativeError=0.05, Arguments=/p:MatrixMode=Benchmark, IterationTime=250ms, MaxIterationCount=12, MaxWarmupIterationCount=5, MinIterationCount=8, MinWarmupIterationCount=3)
// *** Execute ***
// Launch: 1 / 1
// Execute: dotnet Matrix.JsonSerialization-Quick-1.dll --anonymousPipes 125 126 --benchmarkName Matrix.JsonSerialization.Benchmarks.SerializeNestedObject.ServiceStackText --job Quick --benchmarkId 29 in /home/runner/work/dotnet-matrix/dotnet-matrix/src/Matrix.JsonSerialization/bin/Benchmark/Release/net10.0/Matrix.JsonSerialization-Quick-1/bin/Release/net10.0
// Failed to set up high priority (Permission denied). In order to run benchmarks with high priority, make sure you have the right permissions.
// BeforeAnythingElse

// Benchmark Process Environment Information:
// BenchmarkDotNet v0.15.8
// Runtime=.NET 10.0.11 (10.0.11, 10.0.1126.37416), X64 RyuJIT x86-64-v3
// GC=Concurrent Workstation
// HardwareIntrinsics=AVX2+BMI1+BMI2+F16C+FMA+LZCNT+MOVBE,AVX,SSE3+SSSE3+SSE4.1+SSE4.2+POPCNT,X86Base+SSE+SSE2,AES+PCLMUL VectorSize=256
// Job: Quick(MaxRelativeError=0.05, IterationTime=250ms, MaxIterationCount=12, MaxWarmupIterationCount=5, MinIterationCount=8, MinWarmupIterationCount=3)

OverheadJitting  1: 1 op, 227683.00 ns, 227.6830 us/op
WorkloadJitting  1: 1 op, 51217443.00 ns, 51.2174 ms/op

WorkloadPilot    1: 4 op, 42274.00 ns, 10.5685 us/op
WorkloadPilot    2: 23655 op, 100345073.00 ns, 4.2420 us/op
WorkloadPilot    3: 58934 op, 194112403.00 ns, 3.2937 us/op
WorkloadPilot    4: 75902 op, 46582050.00 ns, 613.7131 ns/op
WorkloadPilot    5: 407356 op, 232629787.00 ns, 571.0724 ns/op
WorkloadPilot    6: 437773 op, 253805501.00 ns, 579.7651 ns/op
WorkloadPilot    7: 431209 op, 246814615.00 ns, 572.3782 ns/op
WorkloadPilot    8: 436774 op, 249297350.00 ns, 570.7697 ns/op
WorkloadPilot    9: 438005 op, 248814572.00 ns, 568.0633 ns/op
WorkloadPilot   10: 440092 op, 252491969.00 ns, 573.7254 ns/op
WorkloadPilot   11: 435749 op, 246577868.00 ns, 565.8713 ns/op
WorkloadPilot   12: 441797 op, 250320794.00 ns, 566.5969 ns/op

WorkloadWarmup   1: 441797 op, 251315716.00 ns, 568.8489 ns/op
WorkloadWarmup   2: 441797 op, 250443529.00 ns, 566.8747 ns/op
WorkloadWarmup   3: 441797 op, 250881460.00 ns, 567.8659 ns/op
WorkloadWarmup   4: 441797 op, 251090956.00 ns, 568.3401 ns/op
WorkloadWarmup   5: 441797 op, 250618674.00 ns, 567.2711 ns/op

// BeforeActualRun
WorkloadActual   1: 441797 op, 254976538.00 ns, 577.1351 ns/op
WorkloadActual   2: 441797 op, 250917154.00 ns, 567.9467 ns/op
WorkloadActual   3: 441797 op, 249505154.00 ns, 564.7507 ns/op
WorkloadActual   4: 441797 op, 252824021.00 ns, 572.2629 ns/op
WorkloadActual   5: 441797 op, 253456595.00 ns, 573.6947 ns/op
WorkloadActual   6: 441797 op, 250167783.00 ns, 566.2505 ns/op
WorkloadActual   7: 441797 op, 250295156.00 ns, 566.5388 ns/op
WorkloadActual   8: 441797 op, 251771553.00 ns, 569.8806 ns/op

// AfterActualRun
WorkloadResult   1: 441797 op, 254976538.00 ns, 577.1351 ns/op
WorkloadResult   2: 441797 op, 250917154.00 ns, 567.9467 ns/op
WorkloadResult   3: 441797 op, 249505154.00 ns, 564.7507 ns/op
WorkloadResult   4: 441797 op, 252824021.00 ns, 572.2629 ns/op
WorkloadResult   5: 441797 op, 253456595.00 ns, 573.6947 ns/op
WorkloadResult   6: 441797 op, 250167783.00 ns, 566.2505 ns/op
WorkloadResult   7: 441797 op, 250295156.00 ns, 566.5388 ns/op
WorkloadResult   8: 441797 op, 251771553.00 ns, 569.8806 ns/op
// GC:  20 0 0 349907760 441797
// Threading:  0 0 441797

// AfterAll
// Benchmark Process 4078 has exited with code 0.

Mean = 569.808 ns, StdErr = 1.507 ns (0.26%), N = 8, StdDev = 4.263 ns
Min = 564.751 ns, Q1 = 566.467 ns, Median = 568.914 ns, Q3 = 572.621 ns, Max = 577.135 ns
IQR = 6.154 ns, LowerFence = 557.236 ns, UpperFence = 581.852 ns
ConfidenceInterval = [561.657 ns; 577.958 ns] (CI 99.9%), Margin = 8.151 ns (1.43% of Mean)
Skewness = 0.41, Kurtosis = 1.55, MValue = 2

// ** Remained 8 (21.1 %) benchmark(s) to run. Estimated finish 2026-08-28 9:43 (0h 0m from now) **
// **************************
// Benchmark: SerializeNestedObject.SystemTextJson: Quick(MaxRelativeError=0.05, Arguments=/p:MatrixMode=Benchmark, IterationTime=250ms, MaxIterationCount=12, MaxWarmupIterationCount=5, MinIterationCount=8, MinWarmupIterationCount=3)
// *** Execute ***
// Launch: 1 / 1
// Execute: dotnet Matrix.JsonSerialization-Quick-1.dll --anonymousPipes 125 126 --benchmarkName Matrix.JsonSerialization.Benchmarks.SerializeNestedObject.SystemTextJson --job Quick --benchmarkId 30 in /home/runner/work/dotnet-matrix/dotnet-matrix/src/Matrix.JsonSerialization/bin/Benchmark/Release/net10.0/Matrix.JsonSerialization-Quick-1/bin/Release/net10.0
// Failed to set up high priority (Permission denied). In order to run benchmarks with high priority, make sure you have the right permissions.
// BeforeAnythingElse

// Benchmark Process Environment Information:
// BenchmarkDotNet v0.15.8
// Runtime=.NET 10.0.11 (10.0.11, 10.0.1126.37416), X64 RyuJIT x86-64-v3
// GC=Concurrent Workstation
// HardwareIntrinsics=AVX2+BMI1+BMI2+F16C+FMA+LZCNT+MOVBE,AVX,SSE3+SSSE3+SSE4.1+SSE4.2+POPCNT,X86Base+SSE+SSE2,AES+PCLMUL VectorSize=256
// Job: Quick(MaxRelativeError=0.05, IterationTime=250ms, MaxIterationCount=12, MaxWarmupIterationCount=5, MinIterationCount=8, MinWarmupIterationCount=3)

OverheadJitting  1: 1 op, 244369.00 ns, 244.3690 us/op
WorkloadJitting  1: 1 op, 23507542.00 ns, 23.5075 ms/op

WorkloadPilot    1: 4 op, 99210.00 ns, 24.8025 us/op
WorkloadPilot    2: 10080 op, 12641450.00 ns, 1.2541 us/op
WorkloadPilot    3: 199344 op, 225816649.00 ns, 1.1328 us/op
WorkloadPilot    4: 220692 op, 320847525.00 ns, 1.4538 us/op
WorkloadPilot    5: 171960 op, 70678349.00 ns, 411.0162 ns/op
WorkloadPilot    6: 608249 op, 211549467.00 ns, 347.8008 ns/op
WorkloadPilot    7: 718802 op, 250448153.00 ns, 348.4244 ns/op
WorkloadPilot    8: 717516 op, 249913796.00 ns, 348.3041 ns/op
WorkloadPilot    9: 717763 op, 250577358.00 ns, 349.1088 ns/op

WorkloadWarmup   1: 717763 op, 255982822.00 ns, 356.6398 ns/op
WorkloadWarmup   2: 717763 op, 253786608.00 ns, 353.5800 ns/op
WorkloadWarmup   3: 717763 op, 249882900.00 ns, 348.1412 ns/op
WorkloadWarmup   4: 717763 op, 253519937.00 ns, 353.2084 ns/op
WorkloadWarmup   5: 717763 op, 263203945.00 ns, 366.7004 ns/op

// BeforeActualRun
WorkloadActual   1: 717763 op, 254322156.00 ns, 354.3261 ns/op
WorkloadActual   2: 717763 op, 251762876.00 ns, 350.7605 ns/op
WorkloadActual   3: 717763 op, 250076412.00 ns, 348.4108 ns/op
WorkloadActual   4: 717763 op, 260167084.00 ns, 362.4693 ns/op
WorkloadActual   5: 717763 op, 252989707.00 ns, 352.4697 ns/op
WorkloadActual   6: 717763 op, 251181389.00 ns, 349.9503 ns/op
WorkloadActual   7: 717763 op, 252374579.00 ns, 351.6127 ns/op
WorkloadActual   8: 717763 op, 257610217.00 ns, 358.9071 ns/op

// AfterActualRun
WorkloadResult   1: 717763 op, 254322156.00 ns, 354.3261 ns/op
WorkloadResult   2: 717763 op, 251762876.00 ns, 350.7605 ns/op
WorkloadResult   3: 717763 op, 250076412.00 ns, 348.4108 ns/op
WorkloadResult   4: 717763 op, 260167084.00 ns, 362.4693 ns/op
WorkloadResult   5: 717763 op, 252989707.00 ns, 352.4697 ns/op
WorkloadResult   6: 717763 op, 251181389.00 ns, 349.9503 ns/op
WorkloadResult   7: 717763 op, 252374579.00 ns, 351.6127 ns/op
WorkloadResult   8: 717763 op, 257610217.00 ns, 358.9071 ns/op
// GC:  21 0 0 361752552 717763
// Threading:  0 0 717763

// AfterAll
// Benchmark Process 4089 has exited with code 0.

Mean = 353.613 ns, StdErr = 1.695 ns (0.48%), N = 8, StdDev = 4.794 ns
Min = 348.411 ns, Q1 = 350.558 ns, Median = 352.041 ns, Q3 = 355.471 ns, Max = 362.469 ns
IQR = 4.913 ns, LowerFence = 343.188 ns, UpperFence = 362.841 ns
ConfidenceInterval = [344.447 ns; 362.780 ns] (CI 99.9%), Margin = 9.166 ns (2.59% of Mean)
Skewness = 0.7, Kurtosis = 1.88, MValue = 2

// ** Remained 7 (18.4 %) benchmark(s) to run. Estimated finish 2026-08-28 9:43 (0h 0m from now) **
// ***** BenchmarkRunner: Finish  *****

// * Export *
  tmp/dotnet-matrix/JsonSerialization/a5cf7d52a15c448f9385f0251b69bef8/results/Matrix.JsonSerialization.Benchmarks.SerializeNestedObject-report.csv
  tmp/dotnet-matrix/JsonSerialization/a5cf7d52a15c448f9385f0251b69bef8/results/Matrix.JsonSerialization.Benchmarks.SerializeNestedObject-report-github.md
  tmp/dotnet-matrix/JsonSerialization/a5cf7d52a15c448f9385f0251b69bef8/results/Matrix.JsonSerialization.Benchmarks.SerializeNestedObject-report.html
  tmp/dotnet-matrix/JsonSerialization/a5cf7d52a15c448f9385f0251b69bef8/results/Matrix.JsonSerialization.Benchmarks.SerializeNestedObject-report-full.json

// * Detailed results *
SerializeNestedObject.SystemTextJson: Quick(MaxRelativeError=0.05, Arguments=/p:MatrixMode=Benchmark, IterationTime=250ms, MaxIterationCount=12, MaxWarmupIterationCount=5, MinIterationCount=8, MinWarmupIterationCount=3)
Runtime = .NET 10.0.11 (10.0.11, 10.0.1126.37416), X64 RyuJIT x86-64-v3; GC = Concurrent Workstation
Mean = 353.613 ns, StdErr = 1.695 ns (0.48%), N = 8, StdDev = 4.794 ns
Min = 348.411 ns, Q1 = 350.558 ns, Median = 352.041 ns, Q3 = 355.471 ns, Max = 362.469 ns
IQR = 4.913 ns, LowerFence = 343.188 ns, UpperFence = 362.841 ns
ConfidenceInterval = [344.447 ns; 362.780 ns] (CI 99.9%), Margin = 9.166 ns (2.59% of Mean)
Skewness = 0.7, Kurtosis = 1.88, MValue = 2
-------------------- Histogram --------------------
[347.855 ns ; 364.295 ns) | @@@@@@@@
---------------------------------------------------

SerializeNestedObject.ServiceStackText: Quick(MaxRelativeError=0.05, Arguments=/p:MatrixMode=Benchmark, IterationTime=250ms, MaxIterationCount=12, MaxWarmupIterationCount=5, MinIterationCount=8, MinWarmupIterationCount=3)
Runtime = .NET 10.0.11 (10.0.11, 10.0.1126.37416), X64 RyuJIT x86-64-v3; GC = Concurrent Workstation
Mean = 569.808 ns, StdErr = 1.507 ns (0.26%), N = 8, StdDev = 4.263 ns
Min = 564.751 ns, Q1 = 566.467 ns, Median = 568.914 ns, Q3 = 572.621 ns, Max = 577.135 ns
IQR = 6.154 ns, LowerFence = 557.236 ns, UpperFence = 581.852 ns
ConfidenceInterval = [561.657 ns; 577.958 ns] (CI 99.9%), Margin = 8.151 ns (1.43% of Mean)
Skewness = 0.41, Kurtosis = 1.55, MValue = 2
-------------------- Histogram --------------------
[561.953 ns ; 579.933 ns) | @@@@@@@@
---------------------------------------------------

SerializeNestedObject.NewtonsoftJson: Quick(MaxRelativeError=0.05, Arguments=/p:MatrixMode=Benchmark, IterationTime=250ms, MaxIterationCount=12, MaxWarmupIterationCount=5, MinIterationCount=8, MinWarmupIterationCount=3)
Runtime = .NET 10.0.11 (10.0.11, 10.0.1126.37416), X64 RyuJIT x86-64-v3; GC = Concurrent Workstation
Mean = 608.276 ns, StdErr = 1.418 ns (0.23%), N = 7, StdDev = 3.753 ns
Min = 604.164 ns, Q1 = 605.393 ns, Median = 606.663 ns, Q3 = 611.659 ns, Max = 613.001 ns
IQR = 6.265 ns, LowerFence = 595.995 ns, UpperFence = 621.057 ns
ConfidenceInterval = [599.824 ns; 616.728 ns] (CI 99.9%), Margin = 8.452 ns (1.39% of Mean)
Skewness = 0.11, Kurtosis = 0.98, MValue = 2
-------------------- Histogram --------------------
[601.589 ns ; 615.576 ns) | @@@@@@@
---------------------------------------------------

// * Summary *

BenchmarkDotNet v0.15.8, Linux Ubuntu 24.04.4 LTS (Noble Numbat)
AMD EPYC 9V74 2.60GHz, 1 CPU, 4 logical and 2 physical cores
.NET SDK 10.0.400
  [Host] : .NET 10.0.11 (10.0.11, 10.0.1126.37416), X64 RyuJIT x86-64-v3
  Quick  : .NET 10.0.11 (10.0.11, 10.0.1126.37416), X64 RyuJIT x86-64-v3

Job=Quick  MaxRelativeError=0.05  Arguments=/p:MatrixMode=Benchmark  
IterationTime=250ms  MaxIterationCount=12  MaxWarmupIterationCount=5  
MinIterationCount=8  MinWarmupIterationCount=3  

| Method           | Mean     | Error   | StdDev  | Gen0   | Allocated |
|----------------- |---------:|--------:|--------:|-------:|----------:|
| SystemTextJson   | 353.6 ns | 9.17 ns | 4.79 ns | 0.0293 |     504 B |
| ServiceStackText | 569.8 ns | 8.15 ns | 4.26 ns | 0.0453 |     792 B |
| NewtonsoftJson   | 608.3 ns | 8.45 ns | 3.75 ns | 0.0994 |    1664 B |

// * Hints *
Outliers
  SerializeNestedObject.NewtonsoftJson: Quick -> 1 outlier  was  removed (628.56 ns)

// * Legends *
  Mean      : Arithmetic mean of all measurements
  Error     : Half of 99.9% confidence interval
  StdDev    : Standard deviation of all measurements
  Gen0      : GC Generation 0 collects per 1000 operations
  Allocated : Allocated memory per single operation (managed only, inclusive, 1KB = 1024B)
  1 ns      : 1 Nanosecond (0.000000001 sec)

// * Diagnostic Output - MemoryDiagnoser *


// ***** BenchmarkRunner: End *****
Run time: 00:00:16 (16.81 sec), executed benchmarks: 3

// Found 3 benchmarks:
//   SerializeSimpleObject.NewtonsoftJson: Quick(MaxRelativeError=0.05, Arguments=/p:MatrixMode=Benchmark, IterationTime=250ms, MaxIterationCount=12, MaxWarmupIterationCount=5, MinIterationCount=8, MinWarmupIterationCount=3)
//   SerializeSimpleObject.ServiceStackText: Quick(MaxRelativeError=0.05, Arguments=/p:MatrixMode=Benchmark, IterationTime=250ms, MaxIterationCount=12, MaxWarmupIterationCount=5, MinIterationCount=8, MinWarmupIterationCount=3)
//   SerializeSimpleObject.SystemTextJson: Quick(MaxRelativeError=0.05, Arguments=/p:MatrixMode=Benchmark, IterationTime=250ms, MaxIterationCount=12, MaxWarmupIterationCount=5, MinIterationCount=8, MinWarmupIterationCount=3)

// **************************
// Benchmark: SerializeSimpleObject.NewtonsoftJson: Quick(MaxRelativeError=0.05, Arguments=/p:MatrixMode=Benchmark, IterationTime=250ms, MaxIterationCount=12, MaxWarmupIterationCount=5, MinIterationCount=8, MinWarmupIterationCount=3)
// *** Execute ***
// Launch: 1 / 1
// Execute: dotnet Matrix.JsonSerialization-Quick-1.dll --anonymousPipes 125 126 --benchmarkName Matrix.JsonSerialization.Benchmarks.SerializeSimpleObject.NewtonsoftJson --job Quick --benchmarkId 31 in /home/runner/work/dotnet-matrix/dotnet-matrix/src/Matrix.JsonSerialization/bin/Benchmark/Release/net10.0/Matrix.JsonSerialization-Quick-1/bin/Release/net10.0
// Failed to set up high priority (Permission denied). In order to run benchmarks with high priority, make sure you have the right permissions.
// BeforeAnythingElse

// Benchmark Process Environment Information:
// BenchmarkDotNet v0.15.8
// Runtime=.NET 10.0.11 (10.0.11, 10.0.1126.37416), X64 RyuJIT x86-64-v3
// GC=Concurrent Workstation
// HardwareIntrinsics=AVX2+BMI1+BMI2+F16C+FMA+LZCNT+MOVBE,AVX,SSE3+SSSE3+SSE4.1+SSE4.2+POPCNT,X86Base+SSE+SSE2,AES+PCLMUL VectorSize=256
// Job: Quick(MaxRelativeError=0.05, IterationTime=250ms, MaxIterationCount=12, MaxWarmupIterationCount=5, MinIterationCount=8, MinWarmupIterationCount=3)

OverheadJitting  1: 1 op, 222676.00 ns, 222.6760 us/op
WorkloadJitting  1: 1 op, 54695028.00 ns, 54.6950 ms/op

WorkloadPilot    1: 4 op, 47892.00 ns, 11.9730 us/op
WorkloadPilot    2: 20880 op, 53330189.00 ns, 2.5541 us/op
WorkloadPilot    3: 97881 op, 250613342.00 ns, 2.5604 us/op
WorkloadPilot    4: 97641 op, 43935327.00 ns, 449.9680 ns/op
WorkloadPilot    5: 555595 op, 194818796.00 ns, 350.6489 ns/op
WorkloadPilot    6: 712964 op, 258446389.00 ns, 362.4957 ns/op
WorkloadPilot    7: 689663 op, 241937194.00 ns, 350.8049 ns/op
WorkloadPilot    8: 712647 op, 251033746.00 ns, 352.2554 ns/op

WorkloadWarmup   1: 712647 op, 250704600.00 ns, 351.7935 ns/op
WorkloadWarmup   2: 712647 op, 252001306.00 ns, 353.6131 ns/op
WorkloadWarmup   3: 712647 op, 252018101.00 ns, 353.6367 ns/op
WorkloadWarmup   4: 712647 op, 252197451.00 ns, 353.8883 ns/op
WorkloadWarmup   5: 712647 op, 252025552.00 ns, 353.6471 ns/op

// BeforeActualRun
WorkloadActual   1: 712647 op, 250942218.00 ns, 352.1270 ns/op
WorkloadActual   2: 712647 op, 252098101.00 ns, 353.7489 ns/op
WorkloadActual   3: 712647 op, 253894702.00 ns, 356.2699 ns/op
WorkloadActual   4: 712647 op, 254183281.00 ns, 356.6749 ns/op
WorkloadActual   5: 712647 op, 261922304.00 ns, 367.5344 ns/op
WorkloadActual   6: 712647 op, 252259368.00 ns, 353.9752 ns/op
WorkloadActual   7: 712647 op, 255071489.00 ns, 357.9212 ns/op
WorkloadActual   8: 712647 op, 253358775.00 ns, 355.5179 ns/op

// AfterActualRun
WorkloadResult   1: 712647 op, 250942218.00 ns, 352.1270 ns/op
WorkloadResult   2: 712647 op, 252098101.00 ns, 353.7489 ns/op
WorkloadResult   3: 712647 op, 253894702.00 ns, 356.2699 ns/op
WorkloadResult   4: 712647 op, 254183281.00 ns, 356.6749 ns/op
WorkloadResult   5: 712647 op, 252259368.00 ns, 353.9752 ns/op
WorkloadResult   6: 712647 op, 255071489.00 ns, 357.9212 ns/op
WorkloadResult   7: 712647 op, 253358775.00 ns, 355.5179 ns/op
// GC:  61 0 0 1026211680 712647
// Threading:  0 0 712647

// AfterAll
// Benchmark Process 4100 has exited with code 0.

Mean = 355.176 ns, StdErr = 0.754 ns (0.21%), N = 7, StdDev = 1.995 ns
Min = 352.127 ns, Q1 = 353.862 ns, Median = 355.518 ns, Q3 = 356.472 ns, Max = 357.921 ns
IQR = 2.610 ns, LowerFence = 349.947 ns, UpperFence = 360.388 ns
ConfidenceInterval = [350.684 ns; 359.669 ns] (CI 99.9%), Margin = 4.492 ns (1.26% of Mean)
Skewness = -0.14, Kurtosis = 1.41, MValue = 2

// ** Remained 6 (15.8 %) benchmark(s) to run. Estimated finish 2026-08-28 9:43 (0h 0m from now) **
// **************************
// Benchmark: SerializeSimpleObject.ServiceStackText: Quick(MaxRelativeError=0.05, Arguments=/p:MatrixMode=Benchmark, IterationTime=250ms, MaxIterationCount=12, MaxWarmupIterationCount=5, MinIterationCount=8, MinWarmupIterationCount=3)
// *** Execute ***
// Launch: 1 / 1
// Execute: dotnet Matrix.JsonSerialization-Quick-1.dll --anonymousPipes 125 126 --benchmarkName Matrix.JsonSerialization.Benchmarks.SerializeSimpleObject.ServiceStackText --job Quick --benchmarkId 32 in /home/runner/work/dotnet-matrix/dotnet-matrix/src/Matrix.JsonSerialization/bin/Benchmark/Release/net10.0/Matrix.JsonSerialization-Quick-1/bin/Release/net10.0
// Failed to set up high priority (Permission denied). In order to run benchmarks with high priority, make sure you have the right permissions.
// BeforeAnythingElse

// Benchmark Process Environment Information:
// BenchmarkDotNet v0.15.8
// Runtime=.NET 10.0.11 (10.0.11, 10.0.1126.37416), X64 RyuJIT x86-64-v3
// GC=Concurrent Workstation
// HardwareIntrinsics=AVX2+BMI1+BMI2+F16C+FMA+LZCNT+MOVBE,AVX,SSE3+SSSE3+SSE4.1+SSE4.2+POPCNT,X86Base+SSE+SSE2,AES+PCLMUL VectorSize=256
// Job: Quick(MaxRelativeError=0.05, IterationTime=250ms, MaxIterationCount=12, MaxWarmupIterationCount=5, MinIterationCount=8, MinWarmupIterationCount=3)

OverheadJitting  1: 1 op, 230308.00 ns, 230.3080 us/op
WorkloadJitting  1: 1 op, 43928448.00 ns, 43.9284 ms/op

WorkloadPilot    1: 4 op, 35083.00 ns, 8.7708 us/op
WorkloadPilot    2: 28504 op, 55441556.00 ns, 1.9450 us/op
WorkloadPilot    3: 128532 op, 251443496.00 ns, 1.9563 us/op
WorkloadPilot    4: 127794 op, 35745404.00 ns, 279.7111 ns/op
WorkloadPilot    5: 893779 op, 241058710.00 ns, 269.7073 ns/op
WorkloadPilot    6: 926931 op, 241588490.00 ns, 260.6327 ns/op
WorkloadPilot    7: 959204 op, 247045272.00 ns, 257.5524 ns/op
WorkloadPilot    8: 970676 op, 250376578.00 ns, 257.9404 ns/op
WorkloadPilot    9: 969216 op, 249628128.00 ns, 257.5568 ns/op
WorkloadPilot   10: 970660 op, 249355166.00 ns, 256.8924 ns/op
WorkloadPilot   11: 973170 op, 250220692.00 ns, 257.1192 ns/op

WorkloadWarmup   1: 973170 op, 251337898.00 ns, 258.2672 ns/op
WorkloadWarmup   2: 973170 op, 251252368.00 ns, 258.1793 ns/op
WorkloadWarmup   3: 973170 op, 251331908.00 ns, 258.2611 ns/op
WorkloadWarmup   4: 973170 op, 251040638.00 ns, 257.9618 ns/op
WorkloadWarmup   5: 973170 op, 252452979.00 ns, 259.4130 ns/op

// BeforeActualRun
WorkloadActual   1: 973170 op, 251378849.00 ns, 258.3093 ns/op
WorkloadActual   2: 973170 op, 252963129.00 ns, 259.9372 ns/op
WorkloadActual   3: 973170 op, 252534763.00 ns, 259.4971 ns/op
WorkloadActual   4: 973170 op, 252500461.00 ns, 259.4618 ns/op
WorkloadActual   5: 973170 op, 254666870.00 ns, 261.6880 ns/op
WorkloadActual   6: 973170 op, 251295543.00 ns, 258.2237 ns/op
WorkloadActual   7: 973170 op, 251180490.00 ns, 258.1055 ns/op
WorkloadActual   8: 973170 op, 251322274.00 ns, 258.2512 ns/op

// AfterActualRun
WorkloadResult   1: 973170 op, 251378849.00 ns, 258.3093 ns/op
WorkloadResult   2: 973170 op, 252963129.00 ns, 259.9372 ns/op
WorkloadResult   3: 973170 op, 252534763.00 ns, 259.4971 ns/op
WorkloadResult   4: 973170 op, 252500461.00 ns, 259.4618 ns/op
WorkloadResult   5: 973170 op, 251295543.00 ns, 258.2237 ns/op
WorkloadResult   6: 973170 op, 251180490.00 ns, 258.1055 ns/op
WorkloadResult   7: 973170 op, 251322274.00 ns, 258.2512 ns/op
// GC:  19 0 0 326993920 973170
// Threading:  0 0 973170

// AfterAll
// Benchmark Process 4111 has exited with code 0.

Mean = 258.827 ns, StdErr = 0.292 ns (0.11%), N = 7, StdDev = 0.771 ns
Min = 258.105 ns, Q1 = 258.237 ns, Median = 258.309 ns, Q3 = 259.479 ns, Max = 259.937 ns
IQR = 1.242 ns, LowerFence = 256.374 ns, UpperFence = 261.342 ns
ConfidenceInterval = [257.090 ns; 260.564 ns] (CI 99.9%), Margin = 1.737 ns (0.67% of Mean)
Skewness = 0.31, Kurtosis = 1, MValue = 2

// ** Remained 5 (13.2 %) benchmark(s) to run. Estimated finish 2026-08-28 9:43 (0h 0m from now) **
// **************************
// Benchmark: SerializeSimpleObject.SystemTextJson: Quick(MaxRelativeError=0.05, Arguments=/p:MatrixMode=Benchmark, IterationTime=250ms, MaxIterationCount=12, MaxWarmupIterationCount=5, MinIterationCount=8, MinWarmupIterationCount=3)
// *** Execute ***
// Launch: 1 / 1
// Execute: dotnet Matrix.JsonSerialization-Quick-1.dll --anonymousPipes 125 126 --benchmarkName Matrix.JsonSerialization.Benchmarks.SerializeSimpleObject.SystemTextJson --job Quick --benchmarkId 33 in /home/runner/work/dotnet-matrix/dotnet-matrix/src/Matrix.JsonSerialization/bin/Benchmark/Release/net10.0/Matrix.JsonSerialization-Quick-1/bin/Release/net10.0
// Failed to set up high priority (Permission denied). In order to run benchmarks with high priority, make sure you have the right permissions.
// BeforeAnythingElse

// Benchmark Process Environment Information:
// BenchmarkDotNet v0.15.8
// Runtime=.NET 10.0.11 (10.0.11, 10.0.1126.37416), X64 RyuJIT x86-64-v3
// GC=Concurrent Workstation
// HardwareIntrinsics=AVX2+BMI1+BMI2+F16C+FMA+LZCNT+MOVBE,AVX,SSE3+SSSE3+SSE4.1+SSE4.2+POPCNT,X86Base+SSE+SSE2,AES+PCLMUL VectorSize=256
// Job: Quick(MaxRelativeError=0.05, IterationTime=250ms, MaxIterationCount=12, MaxWarmupIterationCount=5, MinIterationCount=8, MinWarmupIterationCount=3)

OverheadJitting  1: 1 op, 234163.00 ns, 234.1630 us/op
WorkloadJitting  1: 1 op, 23114480.00 ns, 23.1145 ms/op

WorkloadPilot    1: 4 op, 112409.00 ns, 28.1023 us/op
WorkloadPilot    2: 8896 op, 5225443.00 ns, 587.3924 ns/op
WorkloadPilot    3: 425610 op, 275183294.00 ns, 646.5621 ns/op
WorkloadPilot    4: 386660 op, 284489123.00 ns, 735.7604 ns/op
WorkloadPilot    5: 339785 op, 73936837.00 ns, 217.5989 ns/op
WorkloadPilot    6: 1148903 op, 193876402.00 ns, 168.7491 ns/op
WorkloadPilot    7: 1481489 op, 246638246.00 ns, 166.4800 ns/op
WorkloadPilot    8: 1501682 op, 250217816.00 ns, 166.6250 ns/op

WorkloadWarmup   1: 1501682 op, 252537879.00 ns, 168.1700 ns/op
WorkloadWarmup   2: 1501682 op, 250158016.00 ns, 166.5852 ns/op
WorkloadWarmup   3: 1501682 op, 250435645.00 ns, 166.7701 ns/op
WorkloadWarmup   4: 1501682 op, 250354382.00 ns, 166.7160 ns/op
WorkloadWarmup   5: 1501682 op, 251075990.00 ns, 167.1965 ns/op

// BeforeActualRun
WorkloadActual   1: 1501682 op, 250220119.00 ns, 166.6266 ns/op
WorkloadActual   2: 1501682 op, 250428463.00 ns, 166.7653 ns/op
WorkloadActual   3: 1501682 op, 251010671.00 ns, 167.1530 ns/op
WorkloadActual   4: 1501682 op, 251737458.00 ns, 167.6370 ns/op
WorkloadActual   5: 1501682 op, 251022169.00 ns, 167.1607 ns/op
WorkloadActual   6: 1501682 op, 250844010.00 ns, 167.0420 ns/op
WorkloadActual   7: 1501682 op, 250651179.00 ns, 166.9136 ns/op
WorkloadActual   8: 1501682 op, 251453610.00 ns, 167.4480 ns/op

// AfterActualRun
WorkloadResult   1: 1501682 op, 250220119.00 ns, 166.6266 ns/op
WorkloadResult   2: 1501682 op, 250428463.00 ns, 166.7653 ns/op
WorkloadResult   3: 1501682 op, 251010671.00 ns, 167.1530 ns/op
WorkloadResult   4: 1501682 op, 251737458.00 ns, 167.6370 ns/op
WorkloadResult   5: 1501682 op, 251022169.00 ns, 167.1607 ns/op
WorkloadResult   6: 1501682 op, 250844010.00 ns, 167.0420 ns/op
WorkloadResult   7: 1501682 op, 250651179.00 ns, 166.9136 ns/op
WorkloadResult   8: 1501682 op, 251453610.00 ns, 167.4480 ns/op
// GC:  8 0 0 144161472 1501682
// Threading:  0 0 1501682

// AfterAll
// Benchmark Process 4121 has exited with code 0.

Mean = 167.093 ns, StdErr = 0.119 ns (0.07%), N = 8, StdDev = 0.336 ns
Min = 166.627 ns, Q1 = 166.877 ns, Median = 167.098 ns, Q3 = 167.232 ns, Max = 167.637 ns
IQR = 0.356 ns, LowerFence = 166.343 ns, UpperFence = 167.766 ns
ConfidenceInterval = [166.451 ns; 167.736 ns] (CI 99.9%), Margin = 0.642 ns (0.38% of Mean)
Skewness = 0.21, Kurtosis = 1.6, MValue = 2

// ** Remained 4 (10.5 %) benchmark(s) to run. Estimated finish 2026-08-28 9:43 (0h 0m from now) **
// ***** BenchmarkRunner: Finish  *****

// * Export *
  tmp/dotnet-matrix/JsonSerialization/a5cf7d52a15c448f9385f0251b69bef8/results/Matrix.JsonSerialization.Benchmarks.SerializeSimpleObject-report.csv
  tmp/dotnet-matrix/JsonSerialization/a5cf7d52a15c448f9385f0251b69bef8/results/Matrix.JsonSerialization.Benchmarks.SerializeSimpleObject-report-github.md
  tmp/dotnet-matrix/JsonSerialization/a5cf7d52a15c448f9385f0251b69bef8/results/Matrix.JsonSerialization.Benchmarks.SerializeSimpleObject-report.html
  tmp/dotnet-matrix/JsonSerialization/a5cf7d52a15c448f9385f0251b69bef8/results/Matrix.JsonSerialization.Benchmarks.SerializeSimpleObject-report-full.json

// * Detailed results *
SerializeSimpleObject.SystemTextJson: Quick(MaxRelativeError=0.05, Arguments=/p:MatrixMode=Benchmark, IterationTime=250ms, MaxIterationCount=12, MaxWarmupIterationCount=5, MinIterationCount=8, MinWarmupIterationCount=3)
Runtime = .NET 10.0.11 (10.0.11, 10.0.1126.37416), X64 RyuJIT x86-64-v3; GC = Concurrent Workstation
Mean = 167.093 ns, StdErr = 0.119 ns (0.07%), N = 8, StdDev = 0.336 ns
Min = 166.627 ns, Q1 = 166.877 ns, Median = 167.098 ns, Q3 = 167.232 ns, Max = 167.637 ns
IQR = 0.356 ns, LowerFence = 166.343 ns, UpperFence = 167.766 ns
ConfidenceInterval = [166.451 ns; 167.736 ns] (CI 99.9%), Margin = 0.642 ns (0.38% of Mean)
Skewness = 0.21, Kurtosis = 1.6, MValue = 2
-------------------- Histogram --------------------
[166.406 ns ; 167.858 ns) | @@@@@@@@
---------------------------------------------------

SerializeSimpleObject.ServiceStackText: Quick(MaxRelativeError=0.05, Arguments=/p:MatrixMode=Benchmark, IterationTime=250ms, MaxIterationCount=12, MaxWarmupIterationCount=5, MinIterationCount=8, MinWarmupIterationCount=3)
Runtime = .NET 10.0.11 (10.0.11, 10.0.1126.37416), X64 RyuJIT x86-64-v3; GC = Concurrent Workstation
Mean = 258.827 ns, StdErr = 0.292 ns (0.11%), N = 7, StdDev = 0.771 ns
Min = 258.105 ns, Q1 = 258.237 ns, Median = 258.309 ns, Q3 = 259.479 ns, Max = 259.937 ns
IQR = 1.242 ns, LowerFence = 256.374 ns, UpperFence = 261.342 ns
ConfidenceInterval = [257.090 ns; 260.564 ns] (CI 99.9%), Margin = 1.737 ns (0.67% of Mean)
Skewness = 0.31, Kurtosis = 1, MValue = 2
-------------------- Histogram --------------------
[257.576 ns ; 260.466 ns) | @@@@@@@
---------------------------------------------------

SerializeSimpleObject.NewtonsoftJson: Quick(MaxRelativeError=0.05, Arguments=/p:MatrixMode=Benchmark, IterationTime=250ms, MaxIterationCount=12, MaxWarmupIterationCount=5, MinIterationCount=8, MinWarmupIterationCount=3)
Runtime = .NET 10.0.11 (10.0.11, 10.0.1126.37416), X64 RyuJIT x86-64-v3; GC = Concurrent Workstation
Mean = 355.176 ns, StdErr = 0.754 ns (0.21%), N = 7, StdDev = 1.995 ns
Min = 352.127 ns, Q1 = 353.862 ns, Median = 355.518 ns, Q3 = 356.472 ns, Max = 357.921 ns
IQR = 2.610 ns, LowerFence = 349.947 ns, UpperFence = 360.388 ns
ConfidenceInterval = [350.684 ns; 359.669 ns] (CI 99.9%), Margin = 4.492 ns (1.26% of Mean)
Skewness = -0.14, Kurtosis = 1.41, MValue = 2
-------------------- Histogram --------------------
[350.758 ns ; 359.290 ns) | @@@@@@@
---------------------------------------------------

// * Summary *

BenchmarkDotNet v0.15.8, Linux Ubuntu 24.04.4 LTS (Noble Numbat)
AMD EPYC 9V74 2.60GHz, 1 CPU, 4 logical and 2 physical cores
.NET SDK 10.0.400
  [Host] : .NET 10.0.11 (10.0.11, 10.0.1126.37416), X64 RyuJIT x86-64-v3
  Quick  : .NET 10.0.11 (10.0.11, 10.0.1126.37416), X64 RyuJIT x86-64-v3

Job=Quick  MaxRelativeError=0.05  Arguments=/p:MatrixMode=Benchmark  
IterationTime=250ms  MaxIterationCount=12  MaxWarmupIterationCount=5  
MinIterationCount=8  MinWarmupIterationCount=3  

| Method           | Mean     | Error   | StdDev  | Gen0   | Allocated |
|----------------- |---------:|--------:|--------:|-------:|----------:|
| SystemTextJson   | 167.1 ns | 0.64 ns | 0.34 ns | 0.0053 |      96 B |
| ServiceStackText | 258.8 ns | 1.74 ns | 0.77 ns | 0.0195 |     336 B |
| NewtonsoftJson   | 355.2 ns | 4.49 ns | 1.99 ns | 0.0856 |    1440 B |

// * Hints *
Outliers
  SerializeSimpleObject.ServiceStackText: Quick -> 1 outlier  was  removed (261.69 ns)
  SerializeSimpleObject.NewtonsoftJson: Quick   -> 1 outlier  was  removed (367.53 ns)

// * Legends *
  Mean      : Arithmetic mean of all measurements
  Error     : Half of 99.9% confidence interval
  StdDev    : Standard deviation of all measurements
  Gen0      : GC Generation 0 collects per 1000 operations
  Allocated : Allocated memory per single operation (managed only, inclusive, 1KB = 1024B)
  1 ns      : 1 Nanosecond (0.000000001 sec)

// * Diagnostic Output - MemoryDiagnoser *


// ***** BenchmarkRunner: End *****
Run time: 00:00:15 (15.99 sec), executed benchmarks: 3

// Found 1 benchmarks:
//   SourceGenerationRoundTrip.SystemTextJson: Quick(MaxRelativeError=0.05, Arguments=/p:MatrixMode=Benchmark, IterationTime=250ms, MaxIterationCount=12, MaxWarmupIterationCount=5, MinIterationCount=8, MinWarmupIterationCount=3)

// **************************
// Benchmark: SourceGenerationRoundTrip.SystemTextJson: Quick(MaxRelativeError=0.05, Arguments=/p:MatrixMode=Benchmark, IterationTime=250ms, MaxIterationCount=12, MaxWarmupIterationCount=5, MinIterationCount=8, MinWarmupIterationCount=3)
// *** Execute ***
// Launch: 1 / 1
// Execute: dotnet Matrix.JsonSerialization-Quick-1.dll --anonymousPipes 125 126 --benchmarkName Matrix.JsonSerialization.Benchmarks.SourceGenerationRoundTrip.SystemTextJson --job Quick --benchmarkId 34 in /home/runner/work/dotnet-matrix/dotnet-matrix/src/Matrix.JsonSerialization/bin/Benchmark/Release/net10.0/Matrix.JsonSerialization-Quick-1/bin/Release/net10.0
// Failed to set up high priority (Permission denied). In order to run benchmarks with high priority, make sure you have the right permissions.
// BeforeAnythingElse

// Benchmark Process Environment Information:
// BenchmarkDotNet v0.15.8
// Runtime=.NET 10.0.11 (10.0.11, 10.0.1126.37416), X64 RyuJIT x86-64-v3
// GC=Concurrent Workstation
// HardwareIntrinsics=AVX2+BMI1+BMI2+F16C+FMA+LZCNT+MOVBE,AVX,SSE3+SSSE3+SSE4.1+SSE4.2+POPCNT,X86Base+SSE+SSE2,AES+PCLMUL VectorSize=256
// Job: Quick(MaxRelativeError=0.05, IterationTime=250ms, MaxIterationCount=12, MaxWarmupIterationCount=5, MinIterationCount=8, MinWarmupIterationCount=3)

OverheadJitting  1: 1 op, 249606.00 ns, 249.6060 us/op
WorkloadJitting  1: 1 op, 16474493.00 ns, 16.4745 ms/op

OverheadJitting  2: 16 op, 540525.00 ns, 33.7828 us/op
WorkloadJitting  2: 16 op, 658083.00 ns, 41.1302 us/op

WorkloadPilot    1: 16 op, 55954.00 ns, 3.4971 us/op
WorkloadPilot    2: 71488 op, 102057389.00 ns, 1.4276 us/op
WorkloadPilot    3: 175120 op, 287367788.00 ns, 1.6410 us/op
WorkloadPilot    4: 152352 op, 226841621.00 ns, 1.4889 us/op
WorkloadPilot    5: 167920 op, 76239861.00 ns, 454.0249 ns/op
WorkloadPilot    6: 550640 op, 201164807.00 ns, 365.3291 ns/op
WorkloadPilot    7: 684320 op, 249740676.00 ns, 364.9472 ns/op
WorkloadPilot    8: 685040 op, 250414462.00 ns, 365.5472 ns/op
WorkloadPilot    9: 683920 op, 250022571.00 ns, 365.5728 ns/op

OverheadWarmup   1: 683920 op, 2790850.00 ns, 4.0807 ns/op
OverheadWarmup   2: 683920 op, 2764550.00 ns, 4.0422 ns/op
OverheadWarmup   3: 683920 op, 2777650.00 ns, 4.0614 ns/op
OverheadWarmup   4: 683920 op, 2765933.00 ns, 4.0442 ns/op
OverheadWarmup   5: 683920 op, 2776899.00 ns, 4.0603 ns/op
OverheadWarmup   6: 683920 op, 2767074.00 ns, 4.0459 ns/op

OverheadActual   1: 683920 op, 2776940.00 ns, 4.0603 ns/op
OverheadActual   2: 683920 op, 2760694.00 ns, 4.0366 ns/op
OverheadActual   3: 683920 op, 2785533.00 ns, 4.0729 ns/op
OverheadActual   4: 683920 op, 2785492.00 ns, 4.0728 ns/op
OverheadActual   5: 683920 op, 2764270.00 ns, 4.0418 ns/op
OverheadActual   6: 683920 op, 2775086.00 ns, 4.0576 ns/op
OverheadActual   7: 683920 op, 2756368.00 ns, 4.0302 ns/op
OverheadActual   8: 683920 op, 2775137.00 ns, 4.0577 ns/op

WorkloadWarmup   1: 683920 op, 258622835.00 ns, 378.1478 ns/op
WorkloadWarmup   2: 683920 op, 255936222.00 ns, 374.2195 ns/op
WorkloadWarmup   3: 683920 op, 251511557.00 ns, 367.7500 ns/op
WorkloadWarmup   4: 683920 op, 249608447.00 ns, 364.9673 ns/op
WorkloadWarmup   5: 683920 op, 249540914.00 ns, 364.8686 ns/op

// BeforeActualRun
WorkloadActual   1: 683920 op, 252964188.00 ns, 369.8739 ns/op
WorkloadActual   2: 683920 op, 251261671.00 ns, 367.3846 ns/op
WorkloadActual   3: 683920 op, 251102580.00 ns, 367.1520 ns/op
WorkloadActual   4: 683920 op, 253291111.00 ns, 370.3520 ns/op
WorkloadActual   5: 683920 op, 250013427.00 ns, 365.5595 ns/op
WorkloadActual   6: 683920 op, 250290315.00 ns, 365.9643 ns/op
WorkloadActual   7: 683920 op, 250309724.00 ns, 365.9927 ns/op
WorkloadActual   8: 683920 op, 250357977.00 ns, 366.0632 ns/op

// AfterActualRun
WorkloadResult   1: 683920 op, 250189076.50 ns, 365.8163 ns/op
WorkloadResult   2: 683920 op, 248486559.50 ns, 363.3269 ns/op
WorkloadResult   3: 683920 op, 248327468.50 ns, 363.0943 ns/op
WorkloadResult   4: 683920 op, 250515999.50 ns, 366.2943 ns/op
WorkloadResult   5: 683920 op, 247238315.50 ns, 361.5018 ns/op
WorkloadResult   6: 683920 op, 247515203.50 ns, 361.9067 ns/op
WorkloadResult   7: 683920 op, 247534612.50 ns, 361.9350 ns/op
WorkloadResult   8: 683920 op, 247582865.50 ns, 362.0056 ns/op
// GC:  6 0 0 109427200 683920
// Threading:  0 0 683920

// AfterAll
// Benchmark Process 4131 has exited with code 0.

Mean = 363.235 ns, StdErr = 0.655 ns (0.18%), N = 8, StdDev = 1.852 ns
Min = 361.502 ns, Q1 = 361.928 ns, Median = 362.550 ns, Q3 = 363.949 ns, Max = 366.294 ns
IQR = 2.021 ns, LowerFence = 358.896 ns, UpperFence = 366.981 ns
ConfidenceInterval = [359.693 ns; 366.777 ns] (CI 99.9%), Margin = 3.542 ns (0.98% of Mean)
Skewness = 0.67, Kurtosis = 1.58, MValue = 2

// ** Remained 3 (7.9 %) benchmark(s) to run. Estimated finish 2026-08-28 9:43 (0h 0m from now) **
// ***** BenchmarkRunner: Finish  *****

// * Export *
  tmp/dotnet-matrix/JsonSerialization/a5cf7d52a15c448f9385f0251b69bef8/results/Matrix.JsonSerialization.Benchmarks.SourceGenerationRoundTrip-report.csv
  tmp/dotnet-matrix/JsonSerialization/a5cf7d52a15c448f9385f0251b69bef8/results/Matrix.JsonSerialization.Benchmarks.SourceGenerationRoundTrip-report-github.md
  tmp/dotnet-matrix/JsonSerialization/a5cf7d52a15c448f9385f0251b69bef8/results/Matrix.JsonSerialization.Benchmarks.SourceGenerationRoundTrip-report.html
  tmp/dotnet-matrix/JsonSerialization/a5cf7d52a15c448f9385f0251b69bef8/results/Matrix.JsonSerialization.Benchmarks.SourceGenerationRoundTrip-report-full.json

// * Detailed results *
SourceGenerationRoundTrip.SystemTextJson: Quick(MaxRelativeError=0.05, Arguments=/p:MatrixMode=Benchmark, IterationTime=250ms, MaxIterationCount=12, MaxWarmupIterationCount=5, MinIterationCount=8, MinWarmupIterationCount=3)
Runtime = .NET 10.0.11 (10.0.11, 10.0.1126.37416), X64 RyuJIT x86-64-v3; GC = Concurrent Workstation
Mean = 363.235 ns, StdErr = 0.655 ns (0.18%), N = 8, StdDev = 1.852 ns
Min = 361.502 ns, Q1 = 361.928 ns, Median = 362.550 ns, Q3 = 363.949 ns, Max = 366.294 ns
IQR = 2.021 ns, LowerFence = 358.896 ns, UpperFence = 366.981 ns
ConfidenceInterval = [359.693 ns; 366.777 ns] (CI 99.9%), Margin = 3.542 ns (0.98% of Mean)
Skewness = 0.67, Kurtosis = 1.58, MValue = 2
-------------------- Histogram --------------------
[360.286 ns ; 367.510 ns) | @@@@@@@@
---------------------------------------------------

// * Summary *

BenchmarkDotNet v0.15.8, Linux Ubuntu 24.04.4 LTS (Noble Numbat)
AMD EPYC 9V74 2.60GHz, 1 CPU, 4 logical and 2 physical cores
.NET SDK 10.0.400
  [Host] : .NET 10.0.11 (10.0.11, 10.0.1126.37416), X64 RyuJIT x86-64-v3
  Quick  : .NET 10.0.11 (10.0.11, 10.0.1126.37416), X64 RyuJIT x86-64-v3

Job=Quick  MaxRelativeError=0.05  Arguments=/p:MatrixMode=Benchmark  
IterationTime=250ms  MaxIterationCount=12  MaxWarmupIterationCount=5  
MinIterationCount=8  MinWarmupIterationCount=3  

| Method         | Mean     | Error   | StdDev  | Gen0   | Allocated |
|--------------- |---------:|--------:|--------:|-------:|----------:|
| SystemTextJson | 363.2 ns | 3.54 ns | 1.85 ns | 0.0088 |     160 B |

// * Legends *
  Mean      : Arithmetic mean of all measurements
  Error     : Half of 99.9% confidence interval
  StdDev    : Standard deviation of all measurements
  Gen0      : GC Generation 0 collects per 1000 operations
  Allocated : Allocated memory per single operation (managed only, inclusive, 1KB = 1024B)
  1 ns      : 1 Nanosecond (0.000000001 sec)

// * Diagnostic Output - MemoryDiagnoser *


// ***** BenchmarkRunner: End *****
Run time: 00:00:05 (5.43 sec), executed benchmarks: 1

// Found 3 benchmarks:
//   Utf8StreamRoundTrip.NewtonsoftJson: Quick(MaxRelativeError=0.05, Arguments=/p:MatrixMode=Benchmark, IterationTime=250ms, MaxIterationCount=12, MaxWarmupIterationCount=5, MinIterationCount=8, MinWarmupIterationCount=3)
//   Utf8StreamRoundTrip.ServiceStackText: Quick(MaxRelativeError=0.05, Arguments=/p:MatrixMode=Benchmark, IterationTime=250ms, MaxIterationCount=12, MaxWarmupIterationCount=5, MinIterationCount=8, MinWarmupIterationCount=3)
//   Utf8StreamRoundTrip.SystemTextJson: Quick(MaxRelativeError=0.05, Arguments=/p:MatrixMode=Benchmark, IterationTime=250ms, MaxIterationCount=12, MaxWarmupIterationCount=5, MinIterationCount=8, MinWarmupIterationCount=3)

// **************************
// Benchmark: Utf8StreamRoundTrip.NewtonsoftJson: Quick(MaxRelativeError=0.05, Arguments=/p:MatrixMode=Benchmark, IterationTime=250ms, MaxIterationCount=12, MaxWarmupIterationCount=5, MinIterationCount=8, MinWarmupIterationCount=3)
// *** Execute ***
// Launch: 1 / 1
// Execute: dotnet Matrix.JsonSerialization-Quick-1.dll --anonymousPipes 125 126 --benchmarkName Matrix.JsonSerialization.Benchmarks.Utf8StreamRoundTrip.NewtonsoftJson --job Quick --benchmarkId 35 in /home/runner/work/dotnet-matrix/dotnet-matrix/src/Matrix.JsonSerialization/bin/Benchmark/Release/net10.0/Matrix.JsonSerialization-Quick-1/bin/Release/net10.0
// Failed to set up high priority (Permission denied). In order to run benchmarks with high priority, make sure you have the right permissions.
// BeforeAnythingElse

// Benchmark Process Environment Information:
// BenchmarkDotNet v0.15.8
// Runtime=.NET 10.0.11 (10.0.11, 10.0.1126.37416), X64 RyuJIT x86-64-v3
// GC=Concurrent Workstation
// HardwareIntrinsics=AVX2+BMI1+BMI2+F16C+FMA+LZCNT+MOVBE,AVX,SSE3+SSSE3+SSE4.1+SSE4.2+POPCNT,X86Base+SSE+SSE2,AES+PCLMUL VectorSize=256
// Job: Quick(MaxRelativeError=0.05, IterationTime=250ms, MaxIterationCount=12, MaxWarmupIterationCount=5, MinIterationCount=8, MinWarmupIterationCount=3)

OverheadJitting  1: 1 op, 284829.00 ns, 284.8290 us/op
WorkloadJitting  1: 1 op, 62641697.00 ns, 62.6417 ms/op

WorkloadPilot    1: 4 op, 105169.00 ns, 26.2923 us/op
WorkloadPilot    2: 9509 op, 66940012.00 ns, 7.0396 us/op
WorkloadPilot    3: 35513 op, 272623225.00 ns, 7.6767 us/op
WorkloadPilot    4: 32566 op, 257448603.00 ns, 7.9054 us/op
WorkloadPilot    5: 31624 op, 324784493.00 ns, 10.2702 us/op

WorkloadWarmup   1: 31624 op, 220082495.00 ns, 6.9594 us/op
WorkloadWarmup   2: 31624 op, 97882911.00 ns, 3.0952 us/op
WorkloadWarmup   3: 31624 op, 40554368.00 ns, 1.2824 us/op
WorkloadWarmup   4: 31624 op, 35830212.00 ns, 1.1330 us/op
WorkloadWarmup   5: 31624 op, 35624141.00 ns, 1.1265 us/op

// BeforeActualRun
WorkloadActual   1: 31624 op, 35788278.00 ns, 1.1317 us/op
WorkloadActual   2: 31624 op, 36003543.00 ns, 1.1385 us/op
WorkloadActual   3: 31624 op, 35352360.00 ns, 1.1179 us/op
WorkloadActual   4: 31624 op, 36339720.00 ns, 1.1491 us/op
WorkloadActual   5: 31624 op, 35793376.00 ns, 1.1318 us/op
WorkloadActual   6: 31624 op, 35850292.00 ns, 1.1336 us/op
WorkloadActual   7: 31624 op, 35688478.00 ns, 1.1285 us/op
WorkloadActual   8: 31624 op, 35484580.00 ns, 1.1221 us/op

// AfterActualRun
WorkloadResult   1: 31624 op, 35788278.00 ns, 1.1317 us/op
WorkloadResult   2: 31624 op, 36003543.00 ns, 1.1385 us/op
WorkloadResult   3: 31624 op, 35352360.00 ns, 1.1179 us/op
WorkloadResult   4: 31624 op, 35793376.00 ns, 1.1318 us/op
WorkloadResult   5: 31624 op, 35850292.00 ns, 1.1336 us/op
WorkloadResult   6: 31624 op, 35688478.00 ns, 1.1285 us/op
WorkloadResult   7: 31624 op, 35484580.00 ns, 1.1221 us/op
// GC:  7 0 0 133579776 31624
// Threading:  0 0 31624

// AfterAll
// Benchmark Process 4141 has exited with code 0.

Mean = 1.129 μs, StdErr = 0.003 μs (0.24%), N = 7, StdDev = 0.007 μs
Min = 1.118 μs, Q1 = 1.125 μs, Median = 1.132 μs, Q3 = 1.133 μs, Max = 1.138 μs
IQR = 0.007 μs, LowerFence = 1.114 μs, UpperFence = 1.144 μs
ConfidenceInterval = [1.113 μs; 1.145 μs] (CI 99.9%), Margin = 0.016 μs (1.41% of Mean)
Skewness = -0.35, Kurtosis = 1.55, MValue = 2

// ** Remained 2 (5.3 %) benchmark(s) to run. Estimated finish 2026-08-28 9:43 (0h 0m from now) **
// **************************
// Benchmark: Utf8StreamRoundTrip.ServiceStackText: Quick(MaxRelativeError=0.05, Arguments=/p:MatrixMode=Benchmark, IterationTime=250ms, MaxIterationCount=12, MaxWarmupIterationCount=5, MinIterationCount=8, MinWarmupIterationCount=3)
// *** Execute ***
// Launch: 1 / 1
// Execute: dotnet Matrix.JsonSerialization-Quick-1.dll --anonymousPipes 125 126 --benchmarkName Matrix.JsonSerialization.Benchmarks.Utf8StreamRoundTrip.ServiceStackText --job Quick --benchmarkId 36 in /home/runner/work/dotnet-matrix/dotnet-matrix/src/Matrix.JsonSerialization/bin/Benchmark/Release/net10.0/Matrix.JsonSerialization-Quick-1/bin/Release/net10.0
// Failed to set up high priority (Permission denied). In order to run benchmarks with high priority, make sure you have the right permissions.
// BeforeAnythingElse

// Benchmark Process Environment Information:
// BenchmarkDotNet v0.15.8
// Runtime=.NET 10.0.11 (10.0.11, 10.0.1126.37416), X64 RyuJIT x86-64-v3
// GC=Concurrent Workstation
// HardwareIntrinsics=AVX2+BMI1+BMI2+F16C+FMA+LZCNT+MOVBE,AVX,SSE3+SSSE3+SSE4.1+SSE4.2+POPCNT,X86Base+SSE+SSE2,AES+PCLMUL VectorSize=256
// Job: Quick(MaxRelativeError=0.05, IterationTime=250ms, MaxIterationCount=12, MaxWarmupIterationCount=5, MinIterationCount=8, MinWarmupIterationCount=3)

OverheadJitting  1: 1 op, 269045.00 ns, 269.0450 us/op
WorkloadJitting  1: 1 op, 63467574.00 ns, 63.4676 ms/op

WorkloadPilot    1: 4 op, 210437.00 ns, 52.6093 us/op
WorkloadPilot    2: 4752 op, 30131555.00 ns, 6.3408 us/op
WorkloadPilot    3: 39427 op, 238559508.00 ns, 6.0507 us/op
WorkloadPilot    4: 41318 op, 258558869.00 ns, 6.2578 us/op
WorkloadPilot    5: 39950 op, 251755295.00 ns, 6.3018 us/op
WorkloadPilot    6: 39671 op, 254375277.00 ns, 6.4121 us/op

WorkloadWarmup   1: 39671 op, 209859062.00 ns, 5.2900 us/op
WorkloadWarmup   2: 39671 op, 55262927.00 ns, 1.3930 us/op
WorkloadWarmup   3: 39671 op, 40357531.00 ns, 1.0173 us/op
WorkloadWarmup   4: 39671 op, 40290049.00 ns, 1.0156 us/op
WorkloadWarmup   5: 39671 op, 39106454.00 ns, 985.7693 ns/op

// BeforeActualRun
WorkloadActual   1: 39671 op, 42331118.00 ns, 1.0671 us/op
WorkloadActual   2: 39671 op, 40712326.00 ns, 1.0262 us/op
WorkloadActual   3: 39671 op, 38765500.00 ns, 977.1748 ns/op
WorkloadActual   4: 39671 op, 38659239.00 ns, 974.4962 ns/op
WorkloadActual   5: 39671 op, 38301920.00 ns, 965.4891 ns/op
WorkloadActual   6: 39671 op, 37714935.00 ns, 950.6928 ns/op
WorkloadActual   7: 39671 op, 38501671.00 ns, 970.5243 ns/op
WorkloadActual   8: 39671 op, 37970420.00 ns, 957.1329 ns/op
WorkloadActual   9: 39671 op, 38161699.00 ns, 961.9546 ns/op

// AfterActualRun
WorkloadResult   1: 39671 op, 38765500.00 ns, 977.1748 ns/op
WorkloadResult   2: 39671 op, 38659239.00 ns, 974.4962 ns/op
WorkloadResult   3: 39671 op, 38301920.00 ns, 965.4891 ns/op
WorkloadResult   4: 39671 op, 37714935.00 ns, 950.6928 ns/op
WorkloadResult   5: 39671 op, 38501671.00 ns, 970.5243 ns/op
WorkloadResult   6: 39671 op, 37970420.00 ns, 957.1329 ns/op
WorkloadResult   7: 39671 op, 38161699.00 ns, 961.9546 ns/op
// GC:  6 0 0 113938864 39671
// Threading:  0 0 39671

// AfterAll
// Benchmark Process 4148 has exited with code 0.

Mean = 965.352 ns, StdErr = 3.599 ns (0.37%), N = 7, StdDev = 9.523 ns
Min = 950.693 ns, Q1 = 959.544 ns, Median = 965.489 ns, Q3 = 972.510 ns, Max = 977.175 ns
IQR = 12.967 ns, LowerFence = 940.094 ns, UpperFence = 991.960 ns
ConfidenceInterval = [943.904 ns; 986.801 ns] (CI 99.9%), Margin = 21.448 ns (2.22% of Mean)
Skewness = -0.2, Kurtosis = 1.36, MValue = 2

// ** Remained 1 (2.6 %) benchmark(s) to run. Estimated finish 2026-08-28 9:43 (0h 0m from now) **
// **************************
// Benchmark: Utf8StreamRoundTrip.SystemTextJson: Quick(MaxRelativeError=0.05, Arguments=/p:MatrixMode=Benchmark, IterationTime=250ms, MaxIterationCount=12, MaxWarmupIterationCount=5, MinIterationCount=8, MinWarmupIterationCount=3)
// *** Execute ***
// Launch: 1 / 1
// Execute: dotnet Matrix.JsonSerialization-Quick-1.dll --anonymousPipes 125 126 --benchmarkName Matrix.JsonSerialization.Benchmarks.Utf8StreamRoundTrip.SystemTextJson --job Quick --benchmarkId 37 in /home/runner/work/dotnet-matrix/dotnet-matrix/src/Matrix.JsonSerialization/bin/Benchmark/Release/net10.0/Matrix.JsonSerialization-Quick-1/bin/Release/net10.0
// Failed to set up high priority (Permission denied). In order to run benchmarks with high priority, make sure you have the right permissions.
// BeforeAnythingElse

// Benchmark Process Environment Information:
// BenchmarkDotNet v0.15.8
// Runtime=.NET 10.0.11 (10.0.11, 10.0.1126.37416), X64 RyuJIT x86-64-v3
// GC=Concurrent Workstation
// HardwareIntrinsics=AVX2+BMI1+BMI2+F16C+FMA+LZCNT+MOVBE,AVX,SSE3+SSSE3+SSE4.1+SSE4.2+POPCNT,X86Base+SSE+SSE2,AES+PCLMUL VectorSize=256
// Job: Quick(MaxRelativeError=0.05, IterationTime=250ms, MaxIterationCount=12, MaxWarmupIterationCount=5, MinIterationCount=8, MinWarmupIterationCount=3)

OverheadJitting  1: 1 op, 286442.00 ns, 286.4420 us/op
WorkloadJitting  1: 1 op, 23750499.00 ns, 23.7505 ms/op

WorkloadPilot    1: 4 op, 148324.00 ns, 37.0810 us/op
WorkloadPilot    2: 6742 op, 12422520.00 ns, 1.8426 us/op
WorkloadPilot    3: 135681 op, 250025256.00 ns, 1.8427 us/op
WorkloadPilot    4: 135667 op, 304262875.00 ns, 2.2427 us/op
WorkloadPilot    5: 111472 op, 253347246.00 ns, 2.2727 us/op

WorkloadWarmup   1: 111472 op, 260386085.00 ns, 2.3359 us/op
WorkloadWarmup   2: 111472 op, 188749498.00 ns, 1.6932 us/op
WorkloadWarmup   3: 111472 op, 58844208.00 ns, 527.8833 ns/op
WorkloadWarmup   4: 111472 op, 55963063.00 ns, 502.0370 ns/op
WorkloadWarmup   5: 111472 op, 55665424.00 ns, 499.3669 ns/op

// BeforeActualRun
WorkloadActual   1: 111472 op, 55723952.00 ns, 499.8919 ns/op
WorkloadActual   2: 111472 op, 55552884.00 ns, 498.3573 ns/op
WorkloadActual   3: 111472 op, 55732314.00 ns, 499.9669 ns/op
WorkloadActual   4: 111472 op, 55598153.00 ns, 498.7634 ns/op
WorkloadActual   5: 111472 op, 55669780.00 ns, 499.4059 ns/op
WorkloadActual   6: 111472 op, 55624863.00 ns, 499.0030 ns/op
WorkloadActual   7: 111472 op, 55601407.00 ns, 498.7926 ns/op
WorkloadActual   8: 111472 op, 56008792.00 ns, 502.4472 ns/op

// AfterActualRun
WorkloadResult   1: 111472 op, 55723952.00 ns, 499.8919 ns/op
WorkloadResult   2: 111472 op, 55552884.00 ns, 498.3573 ns/op
WorkloadResult   3: 111472 op, 55732314.00 ns, 499.9669 ns/op
WorkloadResult   4: 111472 op, 55598153.00 ns, 498.7634 ns/op
WorkloadResult   5: 111472 op, 55669780.00 ns, 499.4059 ns/op
WorkloadResult   6: 111472 op, 55624863.00 ns, 499.0030 ns/op
WorkloadResult   7: 111472 op, 55601407.00 ns, 498.7926 ns/op
// GC:  1 0 0 31212160 111472
// Threading:  0 0 111472

// AfterAll
// Benchmark Process 4156 has exited with code 0.

Mean = 499.169 ns, StdErr = 0.229 ns (0.05%), N = 7, StdDev = 0.607 ns
Min = 498.357 ns, Q1 = 498.778 ns, Median = 499.003 ns, Q3 = 499.649 ns, Max = 499.967 ns
IQR = 0.871 ns, LowerFence = 497.472 ns, UpperFence = 500.955 ns
ConfidenceInterval = [497.802 ns; 500.535 ns] (CI 99.9%), Margin = 1.366 ns (0.27% of Mean)
Skewness = 0.15, Kurtosis = 1.23, MValue = 2

// ** Remained 0 (0.0 %) benchmark(s) to run. Estimated finish 2026-08-28 9:43 (0h 0m from now) **
// ***** BenchmarkRunner: Finish  *****

// * Export *
  tmp/dotnet-matrix/JsonSerialization/a5cf7d52a15c448f9385f0251b69bef8/results/Matrix.JsonSerialization.Benchmarks.Utf8StreamRoundTrip-report.csv
  tmp/dotnet-matrix/JsonSerialization/a5cf7d52a15c448f9385f0251b69bef8/results/Matrix.JsonSerialization.Benchmarks.Utf8StreamRoundTrip-report-github.md
  tmp/dotnet-matrix/JsonSerialization/a5cf7d52a15c448f9385f0251b69bef8/results/Matrix.JsonSerialization.Benchmarks.Utf8StreamRoundTrip-report.html
  tmp/dotnet-matrix/JsonSerialization/a5cf7d52a15c448f9385f0251b69bef8/results/Matrix.JsonSerialization.Benchmarks.Utf8StreamRoundTrip-report-full.json

// * Detailed results *
Utf8StreamRoundTrip.SystemTextJson: Quick(MaxRelativeError=0.05, Arguments=/p:MatrixMode=Benchmark, IterationTime=250ms, MaxIterationCount=12, MaxWarmupIterationCount=5, MinIterationCount=8, MinWarmupIterationCount=3)
Runtime = .NET 10.0.11 (10.0.11, 10.0.1126.37416), X64 RyuJIT x86-64-v3; GC = Concurrent Workstation
Mean = 499.169 ns, StdErr = 0.229 ns (0.05%), N = 7, StdDev = 0.607 ns
Min = 498.357 ns, Q1 = 498.778 ns, Median = 499.003 ns, Q3 = 499.649 ns, Max = 499.967 ns
IQR = 0.871 ns, LowerFence = 497.472 ns, UpperFence = 500.955 ns
ConfidenceInterval = [497.802 ns; 500.535 ns] (CI 99.9%), Margin = 1.366 ns (0.27% of Mean)
Skewness = 0.15, Kurtosis = 1.23, MValue = 2
-------------------- Histogram --------------------
[497.941 ns ; 500.383 ns) | @@@@@@@
---------------------------------------------------

Utf8StreamRoundTrip.ServiceStackText: Quick(MaxRelativeError=0.05, Arguments=/p:MatrixMode=Benchmark, IterationTime=250ms, MaxIterationCount=12, MaxWarmupIterationCount=5, MinIterationCount=8, MinWarmupIterationCount=3)
Runtime = .NET 10.0.11 (10.0.11, 10.0.1126.37416), X64 RyuJIT x86-64-v3; GC = Concurrent Workstation
Mean = 965.352 ns, StdErr = 3.599 ns (0.37%), N = 7, StdDev = 9.523 ns
Min = 950.693 ns, Q1 = 959.544 ns, Median = 965.489 ns, Q3 = 972.510 ns, Max = 977.175 ns
IQR = 12.967 ns, LowerFence = 940.094 ns, UpperFence = 991.960 ns
ConfidenceInterval = [943.904 ns; 986.801 ns] (CI 99.9%), Margin = 21.448 ns (2.22% of Mean)
Skewness = -0.2, Kurtosis = 1.36, MValue = 2
-------------------- Histogram --------------------
[944.159 ns ; 981.045 ns) | @@@@@@@
---------------------------------------------------

Utf8StreamRoundTrip.NewtonsoftJson: Quick(MaxRelativeError=0.05, Arguments=/p:MatrixMode=Benchmark, IterationTime=250ms, MaxIterationCount=12, MaxWarmupIterationCount=5, MinIterationCount=8, MinWarmupIterationCount=3)
Runtime = .NET 10.0.11 (10.0.11, 10.0.1126.37416), X64 RyuJIT x86-64-v3; GC = Concurrent Workstation
Mean = 1.129 μs, StdErr = 0.003 μs (0.24%), N = 7, StdDev = 0.007 μs
Min = 1.118 μs, Q1 = 1.125 μs, Median = 1.132 μs, Q3 = 1.133 μs, Max = 1.138 μs
IQR = 0.007 μs, LowerFence = 1.114 μs, UpperFence = 1.144 μs
ConfidenceInterval = [1.113 μs; 1.145 μs] (CI 99.9%), Margin = 0.016 μs (1.41% of Mean)
Skewness = -0.35, Kurtosis = 1.55, MValue = 2
-------------------- Histogram --------------------
[1.113 μs ; 1.143 μs) | @@@@@@@
---------------------------------------------------

// * Summary *

BenchmarkDotNet v0.15.8, Linux Ubuntu 24.04.4 LTS (Noble Numbat)
AMD EPYC 9V74 2.60GHz, 1 CPU, 4 logical and 2 physical cores
.NET SDK 10.0.400
  [Host] : .NET 10.0.11 (10.0.11, 10.0.1126.37416), X64 RyuJIT x86-64-v3
  Quick  : .NET 10.0.11 (10.0.11, 10.0.1126.37416), X64 RyuJIT x86-64-v3

Job=Quick  MaxRelativeError=0.05  Arguments=/p:MatrixMode=Benchmark  
IterationTime=250ms  MaxIterationCount=12  MaxWarmupIterationCount=5  
MinIterationCount=8  MinWarmupIterationCount=3  

| Method           | Mean       | Error    | StdDev  | Gen0   | Allocated |
|----------------- |-----------:|---------:|--------:|-------:|----------:|
| SystemTextJson   |   499.2 ns |  1.37 ns | 0.61 ns | 0.0090 |     280 B |
| ServiceStackText |   965.4 ns | 21.45 ns | 9.52 ns | 0.1512 |    2872 B |
| NewtonsoftJson   | 1,129.2 ns | 15.87 ns | 7.05 ns | 0.2214 |    4224 B |

// * Warnings *
MinIterationTime
  Utf8StreamRoundTrip.SystemTextJson: Quick   -> The minimum observed iteration time is 55.553ms which is very small. It's recommended to increase it to at least 100ms using more operations.
  Utf8StreamRoundTrip.ServiceStackText: Quick -> The minimum observed iteration time is 37.715ms which is very small. It's recommended to increase it to at least 100ms using more operations.
  Utf8StreamRoundTrip.NewtonsoftJson: Quick   -> The minimum observed iteration time is 35.352ms which is very small. It's recommended to increase it to at least 100ms using more operations.

// * Hints *
Outliers
  Utf8StreamRoundTrip.SystemTextJson: Quick   -> 1 outlier  was  removed (502.45 ns)
  Utf8StreamRoundTrip.ServiceStackText: Quick -> 2 outliers were removed (1.03 μs, 1.07 μs)
  Utf8StreamRoundTrip.NewtonsoftJson: Quick   -> 1 outlier  was  removed (1.15 μs)

// * Legends *
  Mean      : Arithmetic mean of all measurements
  Error     : Half of 99.9% confidence interval
  StdDev    : Standard deviation of all measurements
  Gen0      : GC Generation 0 collects per 1000 operations
  Allocated : Allocated memory per single operation (managed only, inclusive, 1KB = 1024B)
  1 ns      : 1 Nanosecond (0.000000001 sec)

// * Diagnostic Output - MemoryDiagnoser *


// ***** BenchmarkRunner: End *****
Run time: 00:00:06 (6.17 sec), executed benchmarks: 3

Global total time: 00:03:25 (205.74 sec), executed benchmarks: 38
// * Artifacts cleanup *
Artifacts cleanup is finished
