// Validating benchmarks:
// ***** BenchmarkRunner: Start   *****
// ***** Found 38 benchmark(s) in total *****
// ***** Building 1 exe(s) in Parallel: Start   *****
// start dotnet  restore /p:MatrixMode=Benchmark --nodeReuse:false /p:UseSharedCompilation=false /p:Deterministic=true /p:Optimize=true /p:ArtifactsPath="/home/runner/work/dotnet-matrix/dotnet-matrix/src/Matrix.ZipArchives/bin/Benchmark/Release/net10.0/Matrix.ZipArchives-Quick-1/" /p:OutDir="/home/runner/work/dotnet-matrix/dotnet-matrix/src/Matrix.ZipArchives/bin/Benchmark/Release/net10.0/Matrix.ZipArchives-Quick-1/bin/Release/net10.0/" /p:OutputPath="/home/runner/work/dotnet-matrix/dotnet-matrix/src/Matrix.ZipArchives/bin/Benchmark/Release/net10.0/Matrix.ZipArchives-Quick-1/bin/Release/net10.0/" /p:PublishDir="/home/runner/work/dotnet-matrix/dotnet-matrix/src/Matrix.ZipArchives/bin/Benchmark/Release/net10.0/Matrix.ZipArchives-Quick-1/publish/" in /home/runner/work/dotnet-matrix/dotnet-matrix/src/Matrix.ZipArchives/bin/Benchmark/Release/net10.0/Matrix.ZipArchives-Quick-1
// command took 1.43 sec and exited with 0
// start dotnet  build -c Release /p:MatrixMode=Benchmark --no-restore --nodeReuse:false /p:UseSharedCompilation=false /p:Deterministic=true /p:Optimize=true /p:ArtifactsPath="/home/runner/work/dotnet-matrix/dotnet-matrix/src/Matrix.ZipArchives/bin/Benchmark/Release/net10.0/Matrix.ZipArchives-Quick-1/" /p:OutDir="/home/runner/work/dotnet-matrix/dotnet-matrix/src/Matrix.ZipArchives/bin/Benchmark/Release/net10.0/Matrix.ZipArchives-Quick-1/bin/Release/net10.0/" /p:OutputPath="/home/runner/work/dotnet-matrix/dotnet-matrix/src/Matrix.ZipArchives/bin/Benchmark/Release/net10.0/Matrix.ZipArchives-Quick-1/bin/Release/net10.0/" /p:PublishDir="/home/runner/work/dotnet-matrix/dotnet-matrix/src/Matrix.ZipArchives/bin/Benchmark/Release/net10.0/Matrix.ZipArchives-Quick-1/publish/" --output "/home/runner/work/dotnet-matrix/dotnet-matrix/src/Matrix.ZipArchives/bin/Benchmark/Release/net10.0/Matrix.ZipArchives-Quick-1/bin/Release/net10.0/" in /home/runner/work/dotnet-matrix/dotnet-matrix/src/Matrix.ZipArchives/bin/Benchmark/Release/net10.0/Matrix.ZipArchives-Quick-1
// command took 11.02 sec and exited with 0
// ***** Done, took 00:00:12 (12.57 sec)   *****
// Found 3 benchmarks:
//   AppendEntry.SharpCompress: Quick(MaxRelativeError=0.05, Arguments=/p:MatrixMode=Benchmark, IterationTime=250ms, MaxIterationCount=12, MaxWarmupIterationCount=5, MinIterationCount=8, MinWarmupIterationCount=3)
//   AppendEntry.SharpZipLib: Quick(MaxRelativeError=0.05, Arguments=/p:MatrixMode=Benchmark, IterationTime=250ms, MaxIterationCount=12, MaxWarmupIterationCount=5, MinIterationCount=8, MinWarmupIterationCount=3)
//   AppendEntry.SystemIOCompression: Quick(MaxRelativeError=0.05, Arguments=/p:MatrixMode=Benchmark, IterationTime=250ms, MaxIterationCount=12, MaxWarmupIterationCount=5, MinIterationCount=8, MinWarmupIterationCount=3)

// **************************
// Benchmark: AppendEntry.SharpCompress: Quick(MaxRelativeError=0.05, Arguments=/p:MatrixMode=Benchmark, IterationTime=250ms, MaxIterationCount=12, MaxWarmupIterationCount=5, MinIterationCount=8, MinWarmupIterationCount=3)
// *** Execute ***
// Launch: 1 / 1
// Execute: dotnet Matrix.ZipArchives-Quick-1.dll --anonymousPipes 123 124 --benchmarkName Matrix.ZipArchives.Benchmarks.AppendEntry.SharpCompress --job Quick --benchmarkId 0 in /home/runner/work/dotnet-matrix/dotnet-matrix/src/Matrix.ZipArchives/bin/Benchmark/Release/net10.0/Matrix.ZipArchives-Quick-1/bin/Release/net10.0
// Failed to set up high priority (Permission denied). In order to run benchmarks with high priority, make sure you have the right permissions.
// BeforeAnythingElse

// Benchmark Process Environment Information:
// BenchmarkDotNet v0.15.8
// Runtime=.NET 10.0.11 (10.0.11, 10.0.1126.37416), X64 RyuJIT x86-64-v3
// GC=Concurrent Workstation
// HardwareIntrinsics=AVX2+BMI1+BMI2+F16C+FMA+LZCNT+MOVBE,AVX,SSE3+SSSE3+SSE4.1+SSE4.2+POPCNT,X86Base+SSE+SSE2,AES+PCLMUL VectorSize=256
// Job: Quick(MaxRelativeError=0.05, IterationTime=250ms, MaxIterationCount=12, MaxWarmupIterationCount=5, MinIterationCount=8, MinWarmupIterationCount=3)

OverheadJitting  1: 1 op, 266531.00 ns, 266.5310 us/op
WorkloadJitting  1: 1 op, 37765874.00 ns, 37.7659 ms/op

WorkloadPilot    1: 4 op, 5234139.00 ns, 1.3085 ms/op
WorkloadPilot    2: 191 op, 236522124.00 ns, 1.2383 ms/op
WorkloadPilot    3: 202 op, 241033208.00 ns, 1.1932 ms/op
WorkloadPilot    4: 210 op, 245675501.00 ns, 1.1699 ms/op
WorkloadPilot    5: 214 op, 253259117.00 ns, 1.1835 ms/op
WorkloadPilot    6: 211 op, 230516334.00 ns, 1.0925 ms/op
WorkloadPilot    7: 229 op, 246057439.00 ns, 1.0745 ms/op
WorkloadPilot    8: 233 op, 247641848.00 ns, 1.0628 ms/op
WorkloadPilot    9: 235 op, 252637739.00 ns, 1.0751 ms/op
WorkloadPilot   10: 233 op, 248882760.00 ns, 1.0682 ms/op

WorkloadWarmup   1: 233 op, 248887700.00 ns, 1.0682 ms/op
WorkloadWarmup   2: 233 op, 248636366.00 ns, 1.0671 ms/op
WorkloadWarmup   3: 233 op, 248648269.00 ns, 1.0672 ms/op
WorkloadWarmup   4: 233 op, 249030828.00 ns, 1.0688 ms/op
WorkloadWarmup   5: 233 op, 247839779.00 ns, 1.0637 ms/op

// BeforeActualRun
WorkloadActual   1: 233 op, 251471453.00 ns, 1.0793 ms/op
WorkloadActual   2: 233 op, 248538483.00 ns, 1.0667 ms/op
WorkloadActual   3: 233 op, 249351557.00 ns, 1.0702 ms/op
WorkloadActual   4: 233 op, 248772100.00 ns, 1.0677 ms/op
WorkloadActual   5: 233 op, 251425315.00 ns, 1.0791 ms/op
WorkloadActual   6: 233 op, 249508734.00 ns, 1.0709 ms/op
WorkloadActual   7: 233 op, 249461805.00 ns, 1.0707 ms/op
WorkloadActual   8: 233 op, 249677230.00 ns, 1.0716 ms/op

// AfterActualRun
WorkloadResult   1: 233 op, 251471453.00 ns, 1.0793 ms/op
WorkloadResult   2: 233 op, 248538483.00 ns, 1.0667 ms/op
WorkloadResult   3: 233 op, 249351557.00 ns, 1.0702 ms/op
WorkloadResult   4: 233 op, 248772100.00 ns, 1.0677 ms/op
WorkloadResult   5: 233 op, 251425315.00 ns, 1.0791 ms/op
WorkloadResult   6: 233 op, 249508734.00 ns, 1.0709 ms/op
WorkloadResult   7: 233 op, 249461805.00 ns, 1.0707 ms/op
WorkloadResult   8: 233 op, 249677230.00 ns, 1.0716 ms/op
// GC:  42 42 42 172135072 233
// Threading:  0 0 233

// AfterAll
// Benchmark Process 3571 has exited with code 0.

Mean = 1.072 ms, StdErr = 0.002 ms (0.16%), N = 8, StdDev = 0.005 ms
Min = 1.067 ms, Q1 = 1.070 ms, Median = 1.071 ms, Q3 = 1.073 ms, Max = 1.079 ms
IQR = 0.004 ms, LowerFence = 1.064 ms, UpperFence = 1.079 ms
ConfidenceInterval = [1.063 ms; 1.081 ms] (CI 99.9%), Margin = 0.009 ms (0.84% of Mean)
Skewness = 0.59, Kurtosis = 1.62, MValue = 2

// ** Remained 37 (97.4 %) benchmark(s) to run. Estimated finish 2026-08-20 12:47 (0h 3m from now) **
// **************************
// Benchmark: AppendEntry.SharpZipLib: Quick(MaxRelativeError=0.05, Arguments=/p:MatrixMode=Benchmark, IterationTime=250ms, MaxIterationCount=12, MaxWarmupIterationCount=5, MinIterationCount=8, MinWarmupIterationCount=3)
// *** Execute ***
// Launch: 1 / 1
// Execute: dotnet Matrix.ZipArchives-Quick-1.dll --anonymousPipes 123 124 --benchmarkName Matrix.ZipArchives.Benchmarks.AppendEntry.SharpZipLib --job Quick --benchmarkId 1 in /home/runner/work/dotnet-matrix/dotnet-matrix/src/Matrix.ZipArchives/bin/Benchmark/Release/net10.0/Matrix.ZipArchives-Quick-1/bin/Release/net10.0
// Failed to set up high priority (Permission denied). In order to run benchmarks with high priority, make sure you have the right permissions.
// BeforeAnythingElse

// Benchmark Process Environment Information:
// BenchmarkDotNet v0.15.8
// Runtime=.NET 10.0.11 (10.0.11, 10.0.1126.37416), X64 RyuJIT x86-64-v3
// GC=Concurrent Workstation
// HardwareIntrinsics=AVX2+BMI1+BMI2+F16C+FMA+LZCNT+MOVBE,AVX,SSE3+SSSE3+SSE4.1+SSE4.2+POPCNT,X86Base+SSE+SSE2,AES+PCLMUL VectorSize=256
// Job: Quick(MaxRelativeError=0.05, IterationTime=250ms, MaxIterationCount=12, MaxWarmupIterationCount=5, MinIterationCount=8, MinWarmupIterationCount=3)

OverheadJitting  1: 1 op, 248406.00 ns, 248.4060 us/op
WorkloadJitting  1: 1 op, 25182972.00 ns, 25.1830 ms/op

WorkloadPilot    1: 4 op, 1409549.00 ns, 352.3873 us/op
WorkloadPilot    2: 709 op, 177862102.00 ns, 250.8633 us/op
WorkloadPilot    3: 997 op, 263969608.00 ns, 264.7639 us/op
WorkloadPilot    4: 944 op, 229398383.00 ns, 243.0068 us/op
WorkloadPilot    5: 1029 op, 237297597.00 ns, 230.6099 us/op
WorkloadPilot    6: 1084 op, 236836180.00 ns, 218.4836 us/op
WorkloadPilot    7: 1144 op, 247908056.00 ns, 216.7028 us/op
WorkloadPilot    8: 1154 op, 243786160.00 ns, 211.2532 us/op
WorkloadPilot    9: 1183 op, 251471162.00 ns, 212.5707 us/op
WorkloadPilot   10: 1176 op, 251470553.00 ns, 213.8355 us/op

WorkloadWarmup   1: 1176 op, 252305379.00 ns, 214.5454 us/op
WorkloadWarmup   2: 1176 op, 252907731.00 ns, 215.0576 us/op
WorkloadWarmup   3: 1176 op, 250633357.00 ns, 213.1236 us/op
WorkloadWarmup   4: 1176 op, 251874870.00 ns, 214.1793 us/op
WorkloadWarmup   5: 1176 op, 251404556.00 ns, 213.7794 us/op

// BeforeActualRun
WorkloadActual   1: 1176 op, 249199843.00 ns, 211.9046 us/op
WorkloadActual   2: 1176 op, 248412494.00 ns, 211.2351 us/op
WorkloadActual   3: 1176 op, 249279683.00 ns, 211.9725 us/op
WorkloadActual   4: 1176 op, 251653714.00 ns, 213.9913 us/op
WorkloadActual   5: 1176 op, 251802504.00 ns, 214.1178 us/op
WorkloadActual   6: 1176 op, 254366142.00 ns, 216.2977 us/op
WorkloadActual   7: 1176 op, 249119312.00 ns, 211.8361 us/op
WorkloadActual   8: 1176 op, 251653324.00 ns, 213.9909 us/op

// AfterActualRun
WorkloadResult   1: 1176 op, 249199843.00 ns, 211.9046 us/op
WorkloadResult   2: 1176 op, 248412494.00 ns, 211.2351 us/op
WorkloadResult   3: 1176 op, 249279683.00 ns, 211.9725 us/op
WorkloadResult   4: 1176 op, 251653714.00 ns, 213.9913 us/op
WorkloadResult   5: 1176 op, 251802504.00 ns, 214.1178 us/op
WorkloadResult   6: 1176 op, 254366142.00 ns, 216.2977 us/op
WorkloadResult   7: 1176 op, 249119312.00 ns, 211.8361 us/op
WorkloadResult   8: 1176 op, 251653324.00 ns, 213.9909 us/op
// GC:  146 146 146 479494848 1176
// Threading:  0 0 1176

// AfterAll
// Benchmark Process 3583 has exited with code 0.

Mean = 213.168 μs, StdErr = 0.606 μs (0.28%), N = 8, StdDev = 1.715 μs
Min = 211.235 μs, Q1 = 211.888 μs, Median = 212.982 μs, Q3 = 214.023 μs, Max = 216.298 μs
IQR = 2.135 μs, LowerFence = 208.684 μs, UpperFence = 217.226 μs
ConfidenceInterval = [209.889 μs; 216.447 μs] (CI 99.9%), Margin = 3.279 μs (1.54% of Mean)
Skewness = 0.48, Kurtosis = 1.72, MValue = 2

// ** Remained 36 (94.7 %) benchmark(s) to run. Estimated finish 2026-08-20 12:47 (0h 3m from now) **
// **************************
// Benchmark: AppendEntry.SystemIOCompression: Quick(MaxRelativeError=0.05, Arguments=/p:MatrixMode=Benchmark, IterationTime=250ms, MaxIterationCount=12, MaxWarmupIterationCount=5, MinIterationCount=8, MinWarmupIterationCount=3)
// *** Execute ***
// Launch: 1 / 1
// Execute: dotnet Matrix.ZipArchives-Quick-1.dll --anonymousPipes 123 124 --benchmarkName Matrix.ZipArchives.Benchmarks.AppendEntry.SystemIOCompression --job Quick --benchmarkId 2 in /home/runner/work/dotnet-matrix/dotnet-matrix/src/Matrix.ZipArchives/bin/Benchmark/Release/net10.0/Matrix.ZipArchives-Quick-1/bin/Release/net10.0
// Failed to set up high priority (Permission denied). In order to run benchmarks with high priority, make sure you have the right permissions.
// BeforeAnythingElse

// Benchmark Process Environment Information:
// BenchmarkDotNet v0.15.8
// Runtime=.NET 10.0.11 (10.0.11, 10.0.1126.37416), X64 RyuJIT x86-64-v3
// GC=Concurrent Workstation
// HardwareIntrinsics=AVX2+BMI1+BMI2+F16C+FMA+LZCNT+MOVBE,AVX,SSE3+SSSE3+SSE4.1+SSE4.2+POPCNT,X86Base+SSE+SSE2,AES+PCLMUL VectorSize=256
// Job: Quick(MaxRelativeError=0.05, IterationTime=250ms, MaxIterationCount=12, MaxWarmupIterationCount=5, MinIterationCount=8, MinWarmupIterationCount=3)

OverheadJitting  1: 1 op, 247906.00 ns, 247.9060 us/op
WorkloadJitting  1: 1 op, 1618871.00 ns, 1.6189 ms/op

OverheadJitting  2: 16 op, 541918.00 ns, 33.8699 us/op
WorkloadJitting  2: 16 op, 4357338.00 ns, 272.3336 us/op

WorkloadPilot    1: 16 op, 3270506.00 ns, 204.4066 us/op
WorkloadPilot    2: 1232 op, 275069836.00 ns, 223.2710 us/op
WorkloadPilot    3: 1120 op, 256148144.00 ns, 228.7037 us/op
WorkloadPilot    4: 1104 op, 242326076.00 ns, 219.4983 us/op
WorkloadPilot    5: 1152 op, 241209004.00 ns, 209.3828 us/op
WorkloadPilot    6: 1200 op, 248763932.00 ns, 207.3033 us/op
WorkloadPilot    7: 1216 op, 244552066.00 ns, 201.1119 us/op
WorkloadPilot    8: 1248 op, 254601304.00 ns, 204.0075 us/op

OverheadWarmup   1: 1248 op, 7143.00 ns, 5.7236 ns/op
OverheadWarmup   2: 1248 op, 9819.00 ns, 7.8678 ns/op
OverheadWarmup   3: 1248 op, 9648.00 ns, 7.7308 ns/op
OverheadWarmup   4: 1248 op, 9569.00 ns, 7.6675 ns/op
OverheadWarmup   5: 1248 op, 9718.00 ns, 7.7869 ns/op
OverheadWarmup   6: 1248 op, 9678.00 ns, 7.7548 ns/op

OverheadActual   1: 1248 op, 9809.00 ns, 7.8598 ns/op
OverheadActual   2: 1248 op, 9629.00 ns, 7.7155 ns/op
OverheadActual   3: 1248 op, 9939.00 ns, 7.9639 ns/op
OverheadActual   4: 1248 op, 9728.00 ns, 7.7949 ns/op
OverheadActual   5: 1248 op, 9928.00 ns, 7.9551 ns/op
OverheadActual   6: 1248 op, 9868.00 ns, 7.9071 ns/op
OverheadActual   7: 1248 op, 9929.00 ns, 7.9559 ns/op
OverheadActual   8: 1248 op, 9868.00 ns, 7.9071 ns/op

WorkloadWarmup   1: 1248 op, 254427250.00 ns, 203.8680 us/op
WorkloadWarmup   2: 1248 op, 255564668.00 ns, 204.7794 us/op
WorkloadWarmup   3: 1248 op, 254739688.00 ns, 204.1183 us/op
WorkloadWarmup   4: 1248 op, 253299872.00 ns, 202.9646 us/op
WorkloadWarmup   5: 1248 op, 254155169.00 ns, 203.6500 us/op

// BeforeActualRun
WorkloadActual   1: 1248 op, 250500329.00 ns, 200.7214 us/op
WorkloadActual   2: 1248 op, 251890224.00 ns, 201.8351 us/op
WorkloadActual   3: 1248 op, 252680872.00 ns, 202.4686 us/op
WorkloadActual   4: 1248 op, 252427333.00 ns, 202.2655 us/op
WorkloadActual   5: 1248 op, 274002836.00 ns, 219.5536 us/op
WorkloadActual   6: 1248 op, 251505954.00 ns, 201.5272 us/op
WorkloadActual   7: 1248 op, 249978372.00 ns, 200.3032 us/op
WorkloadActual   8: 1248 op, 251149592.00 ns, 201.2417 us/op

// AfterActualRun
WorkloadResult   1: 1248 op, 250490461.00 ns, 200.7135 us/op
WorkloadResult   2: 1248 op, 251880356.00 ns, 201.8272 us/op
WorkloadResult   3: 1248 op, 252671004.00 ns, 202.4607 us/op
WorkloadResult   4: 1248 op, 252417465.00 ns, 202.2576 us/op
WorkloadResult   5: 1248 op, 251496086.00 ns, 201.5193 us/op
WorkloadResult   6: 1248 op, 249968504.00 ns, 200.2953 us/op
WorkloadResult   7: 1248 op, 251139724.00 ns, 201.2338 us/op
// GC:  155 155 155 504625632 1248
// Threading:  0 0 1248

// AfterAll
// Benchmark Process 3592 has exited with code 0.

Mean = 201.472 μs, StdErr = 0.298 μs (0.15%), N = 7, StdDev = 0.790 μs
Min = 200.295 μs, Q1 = 200.974 μs, Median = 201.519 μs, Q3 = 202.042 μs, Max = 202.461 μs
IQR = 1.069 μs, LowerFence = 199.370 μs, UpperFence = 203.646 μs
ConfidenceInterval = [199.694 μs; 203.251 μs] (CI 99.9%), Margin = 1.778 μs (0.88% of Mean)
Skewness = -0.17, Kurtosis = 1.33, MValue = 2

// ** Remained 35 (92.1 %) benchmark(s) to run. Estimated finish 2026-08-20 12:47 (0h 3m from now) **
// ***** BenchmarkRunner: Finish  *****

// * Export *
  tmp/dotnet-matrix/ZipArchives/50133ba64e5f404ab4c0b703af394d1a/results/Matrix.ZipArchives.Benchmarks.AppendEntry-report.csv
  tmp/dotnet-matrix/ZipArchives/50133ba64e5f404ab4c0b703af394d1a/results/Matrix.ZipArchives.Benchmarks.AppendEntry-report-github.md
  tmp/dotnet-matrix/ZipArchives/50133ba64e5f404ab4c0b703af394d1a/results/Matrix.ZipArchives.Benchmarks.AppendEntry-report.html
  tmp/dotnet-matrix/ZipArchives/50133ba64e5f404ab4c0b703af394d1a/results/Matrix.ZipArchives.Benchmarks.AppendEntry-report-full.json

// * Detailed results *
AppendEntry.SystemIOCompression: Quick(MaxRelativeError=0.05, Arguments=/p:MatrixMode=Benchmark, IterationTime=250ms, MaxIterationCount=12, MaxWarmupIterationCount=5, MinIterationCount=8, MinWarmupIterationCount=3)
Runtime = .NET 10.0.11 (10.0.11, 10.0.1126.37416), X64 RyuJIT x86-64-v3; GC = Concurrent Workstation
Mean = 201.472 μs, StdErr = 0.298 μs (0.15%), N = 7, StdDev = 0.790 μs
Min = 200.295 μs, Q1 = 200.974 μs, Median = 201.519 μs, Q3 = 202.042 μs, Max = 202.461 μs
IQR = 1.069 μs, LowerFence = 199.370 μs, UpperFence = 203.646 μs
ConfidenceInterval = [199.694 μs; 203.251 μs] (CI 99.9%), Margin = 1.778 μs (0.88% of Mean)
Skewness = -0.17, Kurtosis = 1.33, MValue = 2
-------------------- Histogram --------------------
[199.754 μs ; 203.002 μs) | @@@@@@@
---------------------------------------------------

AppendEntry.SharpZipLib: Quick(MaxRelativeError=0.05, Arguments=/p:MatrixMode=Benchmark, IterationTime=250ms, MaxIterationCount=12, MaxWarmupIterationCount=5, MinIterationCount=8, MinWarmupIterationCount=3)
Runtime = .NET 10.0.11 (10.0.11, 10.0.1126.37416), X64 RyuJIT x86-64-v3; GC = Concurrent Workstation
Mean = 213.168 μs, StdErr = 0.606 μs (0.28%), N = 8, StdDev = 1.715 μs
Min = 211.235 μs, Q1 = 211.888 μs, Median = 212.982 μs, Q3 = 214.023 μs, Max = 216.298 μs
IQR = 2.135 μs, LowerFence = 208.684 μs, UpperFence = 217.226 μs
ConfidenceInterval = [209.889 μs; 216.447 μs] (CI 99.9%), Margin = 3.279 μs (1.54% of Mean)
Skewness = 0.48, Kurtosis = 1.72, MValue = 2
-------------------- Histogram --------------------
[210.785 μs ; 217.423 μs) | @@@@@@@@
---------------------------------------------------

AppendEntry.SharpCompress: Quick(MaxRelativeError=0.05, Arguments=/p:MatrixMode=Benchmark, IterationTime=250ms, MaxIterationCount=12, MaxWarmupIterationCount=5, MinIterationCount=8, MinWarmupIterationCount=3)
Runtime = .NET 10.0.11 (10.0.11, 10.0.1126.37416), X64 RyuJIT x86-64-v3; GC = Concurrent Workstation
Mean = 1.072 ms, StdErr = 0.002 ms (0.16%), N = 8, StdDev = 0.005 ms
Min = 1.067 ms, Q1 = 1.070 ms, Median = 1.071 ms, Q3 = 1.073 ms, Max = 1.079 ms
IQR = 0.004 ms, LowerFence = 1.064 ms, UpperFence = 1.079 ms
ConfidenceInterval = [1.063 ms; 1.081 ms] (CI 99.9%), Margin = 0.009 ms (0.84% of Mean)
Skewness = 0.59, Kurtosis = 1.62, MValue = 2
-------------------- Histogram --------------------
[1.064 ms ; 1.082 ms) | @@@@@@@@
---------------------------------------------------

// * Summary *

BenchmarkDotNet v0.15.8, Linux Ubuntu 24.04.4 LTS (Noble Numbat)
AMD EPYC 7763 2.45GHz, 1 CPU, 4 logical and 2 physical cores
.NET SDK 10.0.400
  [Host] : .NET 10.0.11 (10.0.11, 10.0.1126.37416), X64 RyuJIT x86-64-v3
  Quick  : .NET 10.0.11 (10.0.11, 10.0.1126.37416), X64 RyuJIT x86-64-v3

Job=Quick  MaxRelativeError=0.05  Arguments=/p:MatrixMode=Benchmark  
IterationTime=250ms  MaxIterationCount=12  MaxWarmupIterationCount=5  
MinIterationCount=8  MinWarmupIterationCount=3  

| Method              | Mean       | Error   | StdDev  | Ratio | RatioSD | Gen0     | Gen1     | Gen2     | Allocated | Alloc Ratio |
|-------------------- |-----------:|--------:|--------:|------:|--------:|---------:|---------:|---------:|----------:|------------:|
| SystemIOCompression |   201.5 μs | 1.78 μs | 0.79 μs |  1.00 |    0.01 | 124.1987 | 124.1987 | 124.1987 | 394.87 KB |        1.00 |
| SharpZipLib         |   213.2 μs | 3.28 μs | 1.71 μs |  1.06 |    0.01 | 124.1497 | 124.1497 | 124.1497 | 398.18 KB |        1.01 |
| SharpCompress       | 1,072.0 μs | 9.04 μs | 4.73 μs |  5.32 |    0.03 | 180.2575 | 180.2575 | 180.2575 | 721.46 KB |        1.83 |

// * Hints *
Outliers
  AppendEntry.SystemIOCompression: Quick -> 1 outlier  was  removed (219.55 μs)

// * Legends *
  Mean        : Arithmetic mean of all measurements
  Error       : Half of 99.9% confidence interval
  StdDev      : Standard deviation of all measurements
  Ratio       : Mean of the ratio distribution ([Current]/[Baseline])
  RatioSD     : Standard deviation of the ratio distribution ([Current]/[Baseline])
  Gen0        : GC Generation 0 collects per 1000 operations
  Gen1        : GC Generation 1 collects per 1000 operations
  Gen2        : GC Generation 2 collects per 1000 operations
  Allocated   : Allocated memory per single operation (managed only, inclusive, 1KB = 1024B)
  Alloc Ratio : Allocated memory ratio distribution ([Current]/[Baseline])
  1 μs        : 1 Microsecond (0.000001 sec)

// * Diagnostic Output - MemoryDiagnoser *


// ***** BenchmarkRunner: End *****
Run time: 00:00:17 (17.43 sec), executed benchmarks: 3

// Found 3 benchmarks:
//   CreateDeflateFastArchive.SharpCompress: Quick(MaxRelativeError=0.05, Arguments=/p:MatrixMode=Benchmark, IterationTime=250ms, MaxIterationCount=12, MaxWarmupIterationCount=5, MinIterationCount=8, MinWarmupIterationCount=3)
//   CreateDeflateFastArchive.SharpZipLib: Quick(MaxRelativeError=0.05, Arguments=/p:MatrixMode=Benchmark, IterationTime=250ms, MaxIterationCount=12, MaxWarmupIterationCount=5, MinIterationCount=8, MinWarmupIterationCount=3)
//   CreateDeflateFastArchive.SystemIOCompression: Quick(MaxRelativeError=0.05, Arguments=/p:MatrixMode=Benchmark, IterationTime=250ms, MaxIterationCount=12, MaxWarmupIterationCount=5, MinIterationCount=8, MinWarmupIterationCount=3)

// **************************
// Benchmark: CreateDeflateFastArchive.SharpCompress: Quick(MaxRelativeError=0.05, Arguments=/p:MatrixMode=Benchmark, IterationTime=250ms, MaxIterationCount=12, MaxWarmupIterationCount=5, MinIterationCount=8, MinWarmupIterationCount=3)
// *** Execute ***
// Launch: 1 / 1
// Execute: dotnet Matrix.ZipArchives-Quick-1.dll --anonymousPipes 129 130 --benchmarkName Matrix.ZipArchives.Benchmarks.CreateDeflateFastArchive.SharpCompress --job Quick --benchmarkId 3 in /home/runner/work/dotnet-matrix/dotnet-matrix/src/Matrix.ZipArchives/bin/Benchmark/Release/net10.0/Matrix.ZipArchives-Quick-1/bin/Release/net10.0
// Failed to set up high priority (Permission denied). In order to run benchmarks with high priority, make sure you have the right permissions.
// BeforeAnythingElse

// Benchmark Process Environment Information:
// BenchmarkDotNet v0.15.8
// Runtime=.NET 10.0.11 (10.0.11, 10.0.1126.37416), X64 RyuJIT x86-64-v3
// GC=Concurrent Workstation
// HardwareIntrinsics=AVX2+BMI1+BMI2+F16C+FMA+LZCNT+MOVBE,AVX,SSE3+SSSE3+SSE4.1+SSE4.2+POPCNT,X86Base+SSE+SSE2,AES+PCLMUL VectorSize=256
// Job: Quick(MaxRelativeError=0.05, IterationTime=250ms, MaxIterationCount=12, MaxWarmupIterationCount=5, MinIterationCount=8, MinWarmupIterationCount=3)

OverheadJitting  1: 1 op, 217588.00 ns, 217.5880 us/op
WorkloadJitting  1: 1 op, 39167684.00 ns, 39.1677 ms/op

WorkloadPilot    1: 4 op, 22786514.00 ns, 5.6966 ms/op
WorkloadPilot    2: 44 op, 207125133.00 ns, 4.7074 ms/op
WorkloadPilot    3: 53 op, 200050951.00 ns, 3.7745 ms/op
WorkloadPilot    4: 66 op, 193186424.00 ns, 2.9271 ms/op
WorkloadPilot    5: 85 op, 243962297.00 ns, 2.8701 ms/op
WorkloadPilot    6: 87 op, 247815297.00 ns, 2.8485 ms/op

WorkloadWarmup   1: 87 op, 250633071.00 ns, 2.8808 ms/op
WorkloadWarmup   2: 87 op, 247230809.00 ns, 2.8417 ms/op
WorkloadWarmup   3: 87 op, 246538298.00 ns, 2.8338 ms/op
WorkloadWarmup   4: 87 op, 246546433.00 ns, 2.8339 ms/op
WorkloadWarmup   5: 87 op, 247640969.00 ns, 2.8464 ms/op

// BeforeActualRun
WorkloadActual   1: 87 op, 252110598.00 ns, 2.8978 ms/op
WorkloadActual   2: 87 op, 247779420.00 ns, 2.8480 ms/op
WorkloadActual   3: 87 op, 247638728.00 ns, 2.8464 ms/op
WorkloadActual   4: 87 op, 245928594.00 ns, 2.8268 ms/op
WorkloadActual   5: 87 op, 246368781.00 ns, 2.8318 ms/op
WorkloadActual   6: 87 op, 253167146.00 ns, 2.9100 ms/op
WorkloadActual   7: 87 op, 244744839.00 ns, 2.8132 ms/op
WorkloadActual   8: 87 op, 251285119.00 ns, 2.8883 ms/op

// AfterActualRun
WorkloadResult   1: 87 op, 252110598.00 ns, 2.8978 ms/op
WorkloadResult   2: 87 op, 247779420.00 ns, 2.8480 ms/op
WorkloadResult   3: 87 op, 247638728.00 ns, 2.8464 ms/op
WorkloadResult   4: 87 op, 245928594.00 ns, 2.8268 ms/op
WorkloadResult   5: 87 op, 246368781.00 ns, 2.8318 ms/op
WorkloadResult   6: 87 op, 253167146.00 ns, 2.9100 ms/op
WorkloadResult   7: 87 op, 244744839.00 ns, 2.8132 ms/op
WorkloadResult   8: 87 op, 251285119.00 ns, 2.8883 ms/op
// GC:  3 3 3 30739080 87
// Threading:  0 0 87

// AfterAll
// Benchmark Process 3606 has exited with code 0.

Mean = 2.858 ms, StdErr = 0.013 ms (0.45%), N = 8, StdDev = 0.036 ms
Min = 2.813 ms, Q1 = 2.831 ms, Median = 2.847 ms, Q3 = 2.891 ms, Max = 2.910 ms
IQR = 0.060 ms, LowerFence = 2.740 ms, UpperFence = 2.981 ms
ConfidenceInterval = [2.789 ms; 2.927 ms] (CI 99.9%), Margin = 0.069 ms (2.41% of Mean)
Skewness = 0.26, Kurtosis = 1.2, MValue = 2

// ** Remained 34 (89.5 %) benchmark(s) to run. Estimated finish 2026-08-20 12:47 (0h 3m from now) **
// **************************
// Benchmark: CreateDeflateFastArchive.SharpZipLib: Quick(MaxRelativeError=0.05, Arguments=/p:MatrixMode=Benchmark, IterationTime=250ms, MaxIterationCount=12, MaxWarmupIterationCount=5, MinIterationCount=8, MinWarmupIterationCount=3)
// *** Execute ***
// Launch: 1 / 1
// Execute: dotnet Matrix.ZipArchives-Quick-1.dll --anonymousPipes 129 130 --benchmarkName Matrix.ZipArchives.Benchmarks.CreateDeflateFastArchive.SharpZipLib --job Quick --benchmarkId 4 in /home/runner/work/dotnet-matrix/dotnet-matrix/src/Matrix.ZipArchives/bin/Benchmark/Release/net10.0/Matrix.ZipArchives-Quick-1/bin/Release/net10.0
// Failed to set up high priority (Permission denied). In order to run benchmarks with high priority, make sure you have the right permissions.
// BeforeAnythingElse

// Benchmark Process Environment Information:
// BenchmarkDotNet v0.15.8
// Runtime=.NET 10.0.11 (10.0.11, 10.0.1126.37416), X64 RyuJIT x86-64-v3
// GC=Concurrent Workstation
// HardwareIntrinsics=AVX2+BMI1+BMI2+F16C+FMA+LZCNT+MOVBE,AVX,SSE3+SSSE3+SSE4.1+SSE4.2+POPCNT,X86Base+SSE+SSE2,AES+PCLMUL VectorSize=256
// Job: Quick(MaxRelativeError=0.05, IterationTime=250ms, MaxIterationCount=12, MaxWarmupIterationCount=5, MinIterationCount=8, MinWarmupIterationCount=3)

OverheadJitting  1: 1 op, 216056.00 ns, 216.0560 us/op
WorkloadJitting  1: 1 op, 29620811.00 ns, 29.6208 ms/op

WorkloadPilot    1: 4 op, 20950889.00 ns, 5.2377 ms/op
WorkloadPilot    2: 48 op, 200217773.00 ns, 4.1712 ms/op
WorkloadPilot    3: 60 op, 145566354.00 ns, 2.4261 ms/op
WorkloadPilot    4: 103 op, 232235463.00 ns, 2.2547 ms/op
WorkloadPilot    5: 111 op, 241742538.00 ns, 2.1779 ms/op
WorkloadPilot    6: 115 op, 261641010.00 ns, 2.2751 ms/op
WorkloadPilot    7: 110 op, 241545690.00 ns, 2.1959 ms/op
WorkloadPilot    8: 114 op, 249179884.00 ns, 2.1858 ms/op

WorkloadWarmup   1: 114 op, 249062593.00 ns, 2.1848 ms/op
WorkloadWarmup   2: 114 op, 247604262.00 ns, 2.1720 ms/op
WorkloadWarmup   3: 114 op, 247934683.00 ns, 2.1749 ms/op
WorkloadWarmup   4: 114 op, 246804220.00 ns, 2.1649 ms/op
WorkloadWarmup   5: 114 op, 249582119.00 ns, 2.1893 ms/op

// BeforeActualRun
WorkloadActual   1: 114 op, 247954090.00 ns, 2.1750 ms/op
WorkloadActual   2: 114 op, 248164366.00 ns, 2.1769 ms/op
WorkloadActual   3: 114 op, 248155259.00 ns, 2.1768 ms/op
WorkloadActual   4: 114 op, 247163635.00 ns, 2.1681 ms/op
WorkloadActual   5: 114 op, 244425700.00 ns, 2.1441 ms/op
WorkloadActual   6: 114 op, 246003936.00 ns, 2.1579 ms/op
WorkloadActual   7: 114 op, 246531116.00 ns, 2.1626 ms/op
WorkloadActual   8: 114 op, 247284583.00 ns, 2.1692 ms/op

// AfterActualRun
WorkloadResult   1: 114 op, 247954090.00 ns, 2.1750 ms/op
WorkloadResult   2: 114 op, 248164366.00 ns, 2.1769 ms/op
WorkloadResult   3: 114 op, 248155259.00 ns, 2.1768 ms/op
WorkloadResult   4: 114 op, 247163635.00 ns, 2.1681 ms/op
WorkloadResult   5: 114 op, 244425700.00 ns, 2.1441 ms/op
WorkloadResult   6: 114 op, 246003936.00 ns, 2.1579 ms/op
WorkloadResult   7: 114 op, 246531116.00 ns, 2.1626 ms/op
WorkloadResult   8: 114 op, 247284583.00 ns, 2.1692 ms/op
// GC:  6 5 3 72715776 114
// Threading:  0 0 114

// AfterAll
// Benchmark Process 3616 has exited with code 0.

Mean = 2.166 ms, StdErr = 0.004 ms (0.18%), N = 8, StdDev = 0.011 ms
Min = 2.144 ms, Q1 = 2.161 ms, Median = 2.169 ms, Q3 = 2.175 ms, Max = 2.177 ms
IQR = 0.014 ms, LowerFence = 2.140 ms, UpperFence = 2.197 ms
ConfidenceInterval = [2.145 ms; 2.188 ms] (CI 99.9%), Margin = 0.022 ms (0.99% of Mean)
Skewness = -0.75, Kurtosis = 2.18, MValue = 2

// ** Remained 33 (86.8 %) benchmark(s) to run. Estimated finish 2026-08-20 12:47 (0h 3m from now) **
// **************************
// Benchmark: CreateDeflateFastArchive.SystemIOCompression: Quick(MaxRelativeError=0.05, Arguments=/p:MatrixMode=Benchmark, IterationTime=250ms, MaxIterationCount=12, MaxWarmupIterationCount=5, MinIterationCount=8, MinWarmupIterationCount=3)
// *** Execute ***
// Launch: 1 / 1
// Execute: dotnet Matrix.ZipArchives-Quick-1.dll --anonymousPipes 129 130 --benchmarkName Matrix.ZipArchives.Benchmarks.CreateDeflateFastArchive.SystemIOCompression --job Quick --benchmarkId 5 in /home/runner/work/dotnet-matrix/dotnet-matrix/src/Matrix.ZipArchives/bin/Benchmark/Release/net10.0/Matrix.ZipArchives-Quick-1/bin/Release/net10.0
// Failed to set up high priority (Permission denied). In order to run benchmarks with high priority, make sure you have the right permissions.
// BeforeAnythingElse

// Benchmark Process Environment Information:
// BenchmarkDotNet v0.15.8
// Runtime=.NET 10.0.11 (10.0.11, 10.0.1126.37416), X64 RyuJIT x86-64-v3
// GC=Concurrent Workstation
// HardwareIntrinsics=AVX2+BMI1+BMI2+F16C+FMA+LZCNT+MOVBE,AVX,SSE3+SSSE3+SSE4.1+SSE4.2+POPCNT,X86Base+SSE+SSE2,AES+PCLMUL VectorSize=256
// Job: Quick(MaxRelativeError=0.05, IterationTime=250ms, MaxIterationCount=12, MaxWarmupIterationCount=5, MinIterationCount=8, MinWarmupIterationCount=3)

OverheadJitting  1: 1 op, 217148.00 ns, 217.1480 us/op
WorkloadJitting  1: 1 op, 6734023.00 ns, 6.7340 ms/op

OverheadJitting  2: 16 op, 526340.00 ns, 32.8963 us/op
WorkloadJitting  2: 16 op, 15028590.00 ns, 939.2869 us/op

WorkloadPilot    1: 16 op, 12562357.00 ns, 785.1473 us/op
WorkloadPilot    2: 320 op, 226503940.00 ns, 707.8248 us/op
WorkloadPilot    3: 368 op, 260091071.00 ns, 706.7692 us/op

OverheadWarmup   1: 368 op, 3236.00 ns, 8.7935 ns/op
OverheadWarmup   2: 368 op, 2044.00 ns, 5.5543 ns/op
OverheadWarmup   3: 368 op, 2014.00 ns, 5.4728 ns/op
OverheadWarmup   4: 368 op, 2014.00 ns, 5.4728 ns/op
OverheadWarmup   5: 368 op, 1994.00 ns, 5.4185 ns/op
OverheadWarmup   6: 368 op, 2024.00 ns, 5.5000 ns/op
OverheadWarmup   7: 368 op, 2024.00 ns, 5.5000 ns/op

OverheadActual   1: 368 op, 2064.00 ns, 5.6087 ns/op
OverheadActual   2: 368 op, 2054.00 ns, 5.5815 ns/op
OverheadActual   3: 368 op, 2034.00 ns, 5.5272 ns/op
OverheadActual   4: 368 op, 2064.00 ns, 5.6087 ns/op
OverheadActual   5: 368 op, 2064.00 ns, 5.6087 ns/op
OverheadActual   6: 368 op, 2044.00 ns, 5.5543 ns/op
OverheadActual   7: 368 op, 2034.00 ns, 5.5272 ns/op
OverheadActual   8: 368 op, 2034.00 ns, 5.5272 ns/op

WorkloadWarmup   1: 368 op, 259943570.00 ns, 706.3684 us/op
WorkloadWarmup   2: 368 op, 257883007.00 ns, 700.7690 us/op
WorkloadWarmup   3: 368 op, 254511144.00 ns, 691.6064 us/op
WorkloadWarmup   4: 368 op, 251750127.00 ns, 684.1036 us/op
WorkloadWarmup   5: 368 op, 250177452.00 ns, 679.8300 us/op

// BeforeActualRun
WorkloadActual   1: 368 op, 253201172.00 ns, 688.0467 us/op
WorkloadActual   2: 368 op, 251325689.00 ns, 682.9502 us/op
WorkloadActual   3: 368 op, 249914829.00 ns, 679.1164 us/op
WorkloadActual   4: 368 op, 250310051.00 ns, 680.1904 us/op
WorkloadActual   5: 368 op, 249712900.00 ns, 678.5677 us/op
WorkloadActual   6: 368 op, 251482554.00 ns, 683.3765 us/op
WorkloadActual   7: 368 op, 250389811.00 ns, 680.4071 us/op
WorkloadActual   8: 368 op, 250186409.00 ns, 679.8544 us/op

// AfterActualRun
WorkloadResult   1: 368 op, 253199123.00 ns, 688.0411 us/op
WorkloadResult   2: 368 op, 251323640.00 ns, 682.9447 us/op
WorkloadResult   3: 368 op, 249912780.00 ns, 679.1108 us/op
WorkloadResult   4: 368 op, 250308002.00 ns, 680.1848 us/op
WorkloadResult   5: 368 op, 249710851.00 ns, 678.5621 us/op
WorkloadResult   6: 368 op, 251480505.00 ns, 683.3709 us/op
WorkloadResult   7: 368 op, 250387762.00 ns, 680.4015 us/op
WorkloadResult   8: 368 op, 250184360.00 ns, 679.8488 us/op
// GC:  15 15 15 124238048 368
// Threading:  0 0 368

// AfterAll
// Benchmark Process 3626 has exited with code 0.

Mean = 681.558 μs, StdErr = 1.105 μs (0.16%), N = 8, StdDev = 3.125 μs
Min = 678.562 μs, Q1 = 679.664 μs, Median = 680.293 μs, Q3 = 683.051 μs, Max = 688.041 μs
IQR = 3.387 μs, LowerFence = 674.584 μs, UpperFence = 688.132 μs
ConfidenceInterval = [675.584 μs; 687.533 μs] (CI 99.9%), Margin = 5.974 μs (0.88% of Mean)
Skewness = 0.94, Kurtosis = 2.51, MValue = 2

// ** Remained 32 (84.2 %) benchmark(s) to run. Estimated finish 2026-08-20 12:47 (0h 2m from now) **
// ***** BenchmarkRunner: Finish  *****

// * Export *
  tmp/dotnet-matrix/ZipArchives/50133ba64e5f404ab4c0b703af394d1a/results/Matrix.ZipArchives.Benchmarks.CreateDeflateFastArchive-report.csv
  tmp/dotnet-matrix/ZipArchives/50133ba64e5f404ab4c0b703af394d1a/results/Matrix.ZipArchives.Benchmarks.CreateDeflateFastArchive-report-github.md
  tmp/dotnet-matrix/ZipArchives/50133ba64e5f404ab4c0b703af394d1a/results/Matrix.ZipArchives.Benchmarks.CreateDeflateFastArchive-report.html
  tmp/dotnet-matrix/ZipArchives/50133ba64e5f404ab4c0b703af394d1a/results/Matrix.ZipArchives.Benchmarks.CreateDeflateFastArchive-report-full.json

// * Detailed results *
CreateDeflateFastArchive.SystemIOCompression: Quick(MaxRelativeError=0.05, Arguments=/p:MatrixMode=Benchmark, IterationTime=250ms, MaxIterationCount=12, MaxWarmupIterationCount=5, MinIterationCount=8, MinWarmupIterationCount=3)
Runtime = .NET 10.0.11 (10.0.11, 10.0.1126.37416), X64 RyuJIT x86-64-v3; GC = Concurrent Workstation
Mean = 681.558 μs, StdErr = 1.105 μs (0.16%), N = 8, StdDev = 3.125 μs
Min = 678.562 μs, Q1 = 679.664 μs, Median = 680.293 μs, Q3 = 683.051 μs, Max = 688.041 μs
IQR = 3.387 μs, LowerFence = 674.584 μs, UpperFence = 688.132 μs
ConfidenceInterval = [675.584 μs; 687.533 μs] (CI 99.9%), Margin = 5.974 μs (0.88% of Mean)
Skewness = 0.94, Kurtosis = 2.51, MValue = 2
-------------------- Histogram --------------------
[676.511 μs ; 690.092 μs) | @@@@@@@@
---------------------------------------------------

CreateDeflateFastArchive.SharpZipLib: Quick(MaxRelativeError=0.05, Arguments=/p:MatrixMode=Benchmark, IterationTime=250ms, MaxIterationCount=12, MaxWarmupIterationCount=5, MinIterationCount=8, MinWarmupIterationCount=3)
Runtime = .NET 10.0.11 (10.0.11, 10.0.1126.37416), X64 RyuJIT x86-64-v3; GC = Concurrent Workstation
Mean = 2.166 ms, StdErr = 0.004 ms (0.18%), N = 8, StdDev = 0.011 ms
Min = 2.144 ms, Q1 = 2.161 ms, Median = 2.169 ms, Q3 = 2.175 ms, Max = 2.177 ms
IQR = 0.014 ms, LowerFence = 2.140 ms, UpperFence = 2.197 ms
ConfidenceInterval = [2.145 ms; 2.188 ms] (CI 99.9%), Margin = 0.022 ms (0.99% of Mean)
Skewness = -0.75, Kurtosis = 2.18, MValue = 2
-------------------- Histogram --------------------
[2.137 ms ; 2.184 ms) | @@@@@@@@
---------------------------------------------------

CreateDeflateFastArchive.SharpCompress: Quick(MaxRelativeError=0.05, Arguments=/p:MatrixMode=Benchmark, IterationTime=250ms, MaxIterationCount=12, MaxWarmupIterationCount=5, MinIterationCount=8, MinWarmupIterationCount=3)
Runtime = .NET 10.0.11 (10.0.11, 10.0.1126.37416), X64 RyuJIT x86-64-v3; GC = Concurrent Workstation
Mean = 2.858 ms, StdErr = 0.013 ms (0.45%), N = 8, StdDev = 0.036 ms
Min = 2.813 ms, Q1 = 2.831 ms, Median = 2.847 ms, Q3 = 2.891 ms, Max = 2.910 ms
IQR = 0.060 ms, LowerFence = 2.740 ms, UpperFence = 2.981 ms
ConfidenceInterval = [2.789 ms; 2.927 ms] (CI 99.9%), Margin = 0.069 ms (2.41% of Mean)
Skewness = 0.26, Kurtosis = 1.2, MValue = 2
-------------------- Histogram --------------------
[2.802 ms ; 2.928 ms) | @@@@@@@@
---------------------------------------------------

// * Summary *

BenchmarkDotNet v0.15.8, Linux Ubuntu 24.04.4 LTS (Noble Numbat)
AMD EPYC 7763 2.45GHz, 1 CPU, 4 logical and 2 physical cores
.NET SDK 10.0.400
  [Host] : .NET 10.0.11 (10.0.11, 10.0.1126.37416), X64 RyuJIT x86-64-v3
  Quick  : .NET 10.0.11 (10.0.11, 10.0.1126.37416), X64 RyuJIT x86-64-v3

Job=Quick  MaxRelativeError=0.05  Arguments=/p:MatrixMode=Benchmark  
IterationTime=250ms  MaxIterationCount=12  MaxWarmupIterationCount=5  
MinIterationCount=8  MinWarmupIterationCount=3  

| Method              | Mean       | Error    | StdDev   | Ratio | RatioSD | Gen0    | Gen1    | Gen2    | Allocated | Alloc Ratio |
|-------------------- |-----------:|---------:|---------:|------:|--------:|--------:|--------:|--------:|----------:|------------:|
| SystemIOCompression |   681.6 μs |  5.97 μs |  3.12 μs |  1.00 |    0.01 | 40.7609 | 40.7609 | 40.7609 | 329.69 KB |        1.00 |
| SharpZipLib         | 2,166.3 μs | 21.53 μs | 11.26 μs |  3.18 |    0.02 | 52.6316 | 43.8596 | 26.3158 | 622.91 KB |        1.89 |
| SharpCompress       | 2,857.8 μs | 68.98 μs | 36.08 μs |  4.19 |    0.05 | 34.4828 | 34.4828 | 34.4828 | 345.04 KB |        1.05 |

// * Legends *
  Mean        : Arithmetic mean of all measurements
  Error       : Half of 99.9% confidence interval
  StdDev      : Standard deviation of all measurements
  Ratio       : Mean of the ratio distribution ([Current]/[Baseline])
  RatioSD     : Standard deviation of the ratio distribution ([Current]/[Baseline])
  Gen0        : GC Generation 0 collects per 1000 operations
  Gen1        : GC Generation 1 collects per 1000 operations
  Gen2        : GC Generation 2 collects per 1000 operations
  Allocated   : Allocated memory per single operation (managed only, inclusive, 1KB = 1024B)
  Alloc Ratio : Allocated memory ratio distribution ([Current]/[Baseline])
  1 μs        : 1 Microsecond (0.000001 sec)

// * Diagnostic Output - MemoryDiagnoser *


// ***** BenchmarkRunner: End *****
Run time: 00:00:14 (14.35 sec), executed benchmarks: 3

// Found 3 benchmarks:
//   CreateDeflateOptimalArchive.SharpCompress: Quick(MaxRelativeError=0.05, Arguments=/p:MatrixMode=Benchmark, IterationTime=250ms, MaxIterationCount=12, MaxWarmupIterationCount=5, MinIterationCount=8, MinWarmupIterationCount=3)
//   CreateDeflateOptimalArchive.SharpZipLib: Quick(MaxRelativeError=0.05, Arguments=/p:MatrixMode=Benchmark, IterationTime=250ms, MaxIterationCount=12, MaxWarmupIterationCount=5, MinIterationCount=8, MinWarmupIterationCount=3)
//   CreateDeflateOptimalArchive.SystemIOCompression: Quick(MaxRelativeError=0.05, Arguments=/p:MatrixMode=Benchmark, IterationTime=250ms, MaxIterationCount=12, MaxWarmupIterationCount=5, MinIterationCount=8, MinWarmupIterationCount=3)

// **************************
// Benchmark: CreateDeflateOptimalArchive.SharpCompress: Quick(MaxRelativeError=0.05, Arguments=/p:MatrixMode=Benchmark, IterationTime=250ms, MaxIterationCount=12, MaxWarmupIterationCount=5, MinIterationCount=8, MinWarmupIterationCount=3)
// *** Execute ***
// Launch: 1 / 1
// Execute: dotnet Matrix.ZipArchives-Quick-1.dll --anonymousPipes 129 130 --benchmarkName Matrix.ZipArchives.Benchmarks.CreateDeflateOptimalArchive.SharpCompress --job Quick --benchmarkId 6 in /home/runner/work/dotnet-matrix/dotnet-matrix/src/Matrix.ZipArchives/bin/Benchmark/Release/net10.0/Matrix.ZipArchives-Quick-1/bin/Release/net10.0
// Failed to set up high priority (Permission denied). In order to run benchmarks with high priority, make sure you have the right permissions.
// BeforeAnythingElse

// Benchmark Process Environment Information:
// BenchmarkDotNet v0.15.8
// Runtime=.NET 10.0.11 (10.0.11, 10.0.1126.37416), X64 RyuJIT x86-64-v3
// GC=Concurrent Workstation
// HardwareIntrinsics=AVX2+BMI1+BMI2+F16C+FMA+LZCNT+MOVBE,AVX,SSE3+SSSE3+SSE4.1+SSE4.2+POPCNT,X86Base+SSE+SSE2,AES+PCLMUL VectorSize=256
// Job: Quick(MaxRelativeError=0.05, IterationTime=250ms, MaxIterationCount=12, MaxWarmupIterationCount=5, MinIterationCount=8, MinWarmupIterationCount=3)

OverheadJitting  1: 1 op, 214042.00 ns, 214.0420 us/op
WorkloadJitting  1: 1 op, 41812404.00 ns, 41.8124 ms/op

WorkloadPilot    1: 4 op, 24814074.00 ns, 6.2035 ms/op
WorkloadPilot    2: 40 op, 214542110.00 ns, 5.3636 ms/op
WorkloadPilot    3: 47 op, 208379673.00 ns, 4.4336 ms/op
WorkloadPilot    4: 56 op, 196849602.00 ns, 3.5152 ms/op
WorkloadPilot    5: 71 op, 242708862.00 ns, 3.4184 ms/op
WorkloadPilot    6: 73 op, 251063166.00 ns, 3.4392 ms/op

WorkloadWarmup   1: 73 op, 252044489.00 ns, 3.4527 ms/op
WorkloadWarmup   2: 73 op, 249470485.00 ns, 3.4174 ms/op
WorkloadWarmup   3: 73 op, 249747996.00 ns, 3.4212 ms/op
WorkloadWarmup   4: 73 op, 249516481.00 ns, 3.4180 ms/op
WorkloadWarmup   5: 73 op, 248628693.00 ns, 3.4059 ms/op

// BeforeActualRun
WorkloadActual   1: 73 op, 252278219.00 ns, 3.4559 ms/op
WorkloadActual   2: 73 op, 250373491.00 ns, 3.4298 ms/op
WorkloadActual   3: 73 op, 254545037.00 ns, 3.4869 ms/op
WorkloadActual   4: 73 op, 248478180.00 ns, 3.4038 ms/op
WorkloadActual   5: 73 op, 248636127.00 ns, 3.4060 ms/op
WorkloadActual   6: 73 op, 250799491.00 ns, 3.4356 ms/op
WorkloadActual   7: 73 op, 251090898.00 ns, 3.4396 ms/op
WorkloadActual   8: 73 op, 252687404.00 ns, 3.4615 ms/op

// AfterActualRun
WorkloadResult   1: 73 op, 252278219.00 ns, 3.4559 ms/op
WorkloadResult   2: 73 op, 250373491.00 ns, 3.4298 ms/op
WorkloadResult   3: 73 op, 254545037.00 ns, 3.4869 ms/op
WorkloadResult   4: 73 op, 248478180.00 ns, 3.4038 ms/op
WorkloadResult   5: 73 op, 248636127.00 ns, 3.4060 ms/op
WorkloadResult   6: 73 op, 250799491.00 ns, 3.4356 ms/op
WorkloadResult   7: 73 op, 251090898.00 ns, 3.4396 ms/op
WorkloadResult   8: 73 op, 252687404.00 ns, 3.4615 ms/op
// GC:  3 3 3 25758752 73
// Threading:  0 0 73

// AfterAll
// Benchmark Process 3635 has exited with code 0.

Mean = 3.440 ms, StdErr = 0.010 ms (0.29%), N = 8, StdDev = 0.028 ms
Min = 3.404 ms, Q1 = 3.424 ms, Median = 3.438 ms, Q3 = 3.457 ms, Max = 3.487 ms
IQR = 0.033 ms, LowerFence = 3.374 ms, UpperFence = 3.507 ms
ConfidenceInterval = [3.386 ms; 3.493 ms] (CI 99.9%), Margin = 0.054 ms (1.56% of Mean)
Skewness = 0.18, Kurtosis = 1.66, MValue = 2

// ** Remained 31 (81.6 %) benchmark(s) to run. Estimated finish 2026-08-20 12:47 (0h 2m from now) **
// **************************
// Benchmark: CreateDeflateOptimalArchive.SharpZipLib: Quick(MaxRelativeError=0.05, Arguments=/p:MatrixMode=Benchmark, IterationTime=250ms, MaxIterationCount=12, MaxWarmupIterationCount=5, MinIterationCount=8, MinWarmupIterationCount=3)
// *** Execute ***
// Launch: 1 / 1
// Execute: dotnet Matrix.ZipArchives-Quick-1.dll --anonymousPipes 129 130 --benchmarkName Matrix.ZipArchives.Benchmarks.CreateDeflateOptimalArchive.SharpZipLib --job Quick --benchmarkId 7 in /home/runner/work/dotnet-matrix/dotnet-matrix/src/Matrix.ZipArchives/bin/Benchmark/Release/net10.0/Matrix.ZipArchives-Quick-1/bin/Release/net10.0
// Failed to set up high priority (Permission denied). In order to run benchmarks with high priority, make sure you have the right permissions.
// BeforeAnythingElse

// Benchmark Process Environment Information:
// BenchmarkDotNet v0.15.8
// Runtime=.NET 10.0.11 (10.0.11, 10.0.1126.37416), X64 RyuJIT x86-64-v3
// GC=Concurrent Workstation
// HardwareIntrinsics=AVX2+BMI1+BMI2+F16C+FMA+LZCNT+MOVBE,AVX,SSE3+SSSE3+SSE4.1+SSE4.2+POPCNT,X86Base+SSE+SSE2,AES+PCLMUL VectorSize=256
// Job: Quick(MaxRelativeError=0.05, IterationTime=250ms, MaxIterationCount=12, MaxWarmupIterationCount=5, MinIterationCount=8, MinWarmupIterationCount=3)

OverheadJitting  1: 1 op, 217058.00 ns, 217.0580 us/op
WorkloadJitting  1: 1 op, 34119033.00 ns, 34.1190 ms/op

WorkloadPilot    1: 4 op, 23412187.00 ns, 5.8530 ms/op
WorkloadPilot    2: 43 op, 203329540.00 ns, 4.7286 ms/op
WorkloadPilot    3: 53 op, 157777417.00 ns, 2.9769 ms/op
WorkloadPilot    4: 84 op, 222234400.00 ns, 2.6456 ms/op
WorkloadPilot    5: 94 op, 245161987.00 ns, 2.6081 ms/op
WorkloadPilot    6: 96 op, 247495575.00 ns, 2.5781 ms/op

WorkloadWarmup   1: 96 op, 250411408.00 ns, 2.6085 ms/op
WorkloadWarmup   2: 96 op, 246106833.00 ns, 2.5636 ms/op
WorkloadWarmup   3: 96 op, 247162338.00 ns, 2.5746 ms/op
WorkloadWarmup   4: 96 op, 246833189.00 ns, 2.5712 ms/op
WorkloadWarmup   5: 96 op, 253892395.00 ns, 2.6447 ms/op

// BeforeActualRun
WorkloadActual   1: 96 op, 258123521.00 ns, 2.6888 ms/op
WorkloadActual   2: 96 op, 248028378.00 ns, 2.5836 ms/op
WorkloadActual   3: 96 op, 247864829.00 ns, 2.5819 ms/op
WorkloadActual   4: 96 op, 251842940.00 ns, 2.6234 ms/op
WorkloadActual   5: 96 op, 245294386.00 ns, 2.5551 ms/op
WorkloadActual   6: 96 op, 248870190.00 ns, 2.5924 ms/op
WorkloadActual   7: 96 op, 246745224.00 ns, 2.5703 ms/op
WorkloadActual   8: 96 op, 248684601.00 ns, 2.5905 ms/op

// AfterActualRun
WorkloadResult   1: 96 op, 248028378.00 ns, 2.5836 ms/op
WorkloadResult   2: 96 op, 247864829.00 ns, 2.5819 ms/op
WorkloadResult   3: 96 op, 251842940.00 ns, 2.6234 ms/op
WorkloadResult   4: 96 op, 245294386.00 ns, 2.5551 ms/op
WorkloadResult   5: 96 op, 248870190.00 ns, 2.5924 ms/op
WorkloadResult   6: 96 op, 246745224.00 ns, 2.5703 ms/op
WorkloadResult   7: 96 op, 248684601.00 ns, 2.5905 ms/op
// GC:  4 3 2 61073472 96
// Threading:  0 0 96

// AfterAll
// Benchmark Process 3646 has exited with code 0.

Mean = 2.585 ms, StdErr = 0.008 ms (0.31%), N = 7, StdDev = 0.021 ms
Min = 2.555 ms, Q1 = 2.576 ms, Median = 2.584 ms, Q3 = 2.591 ms, Max = 2.623 ms
IQR = 0.015 ms, LowerFence = 2.553 ms, UpperFence = 2.614 ms
ConfidenceInterval = [2.538 ms; 2.633 ms] (CI 99.9%), Margin = 0.048 ms (1.84% of Mean)
Skewness = 0.37, Kurtosis = 2.14, MValue = 2

// ** Remained 30 (78.9 %) benchmark(s) to run. Estimated finish 2026-08-20 12:47 (0h 2m from now) **
// **************************
// Benchmark: CreateDeflateOptimalArchive.SystemIOCompression: Quick(MaxRelativeError=0.05, Arguments=/p:MatrixMode=Benchmark, IterationTime=250ms, MaxIterationCount=12, MaxWarmupIterationCount=5, MinIterationCount=8, MinWarmupIterationCount=3)
// *** Execute ***
// Launch: 1 / 1
// Execute: dotnet Matrix.ZipArchives-Quick-1.dll --anonymousPipes 129 130 --benchmarkName Matrix.ZipArchives.Benchmarks.CreateDeflateOptimalArchive.SystemIOCompression --job Quick --benchmarkId 8 in /home/runner/work/dotnet-matrix/dotnet-matrix/src/Matrix.ZipArchives/bin/Benchmark/Release/net10.0/Matrix.ZipArchives-Quick-1/bin/Release/net10.0
// Failed to set up high priority (Permission denied). In order to run benchmarks with high priority, make sure you have the right permissions.
// BeforeAnythingElse

// Benchmark Process Environment Information:
// BenchmarkDotNet v0.15.8
// Runtime=.NET 10.0.11 (10.0.11, 10.0.1126.37416), X64 RyuJIT x86-64-v3
// GC=Concurrent Workstation
// HardwareIntrinsics=AVX2+BMI1+BMI2+F16C+FMA+LZCNT+MOVBE,AVX,SSE3+SSSE3+SSE4.1+SSE4.2+POPCNT,X86Base+SSE+SSE2,AES+PCLMUL VectorSize=256
// Job: Quick(MaxRelativeError=0.05, IterationTime=250ms, MaxIterationCount=12, MaxWarmupIterationCount=5, MinIterationCount=8, MinWarmupIterationCount=3)

OverheadJitting  1: 1 op, 233970.00 ns, 233.9700 us/op
WorkloadJitting  1: 1 op, 7369429.00 ns, 7.3694 ms/op

OverheadJitting  2: 16 op, 513385.00 ns, 32.0866 us/op
WorkloadJitting  2: 16 op, 22566638.00 ns, 1.4104 ms/op

WorkloadPilot    1: 16 op, 22384104.00 ns, 1.3990 ms/op
WorkloadPilot    2: 192 op, 258758659.00 ns, 1.3477 ms/op

OverheadWarmup   1: 192 op, 2244.00 ns, 11.6875 ns/op
OverheadWarmup   2: 192 op, 2294.00 ns, 11.9479 ns/op
OverheadWarmup   3: 192 op, 1943.00 ns, 10.1198 ns/op
OverheadWarmup   4: 192 op, 2294.00 ns, 11.9479 ns/op
OverheadWarmup   5: 192 op, 2194.00 ns, 11.4271 ns/op

OverheadActual   1: 192 op, 2124.00 ns, 11.0625 ns/op
OverheadActual   2: 192 op, 1914.00 ns, 9.9688 ns/op
OverheadActual   3: 192 op, 2174.00 ns, 11.3229 ns/op
OverheadActual   4: 192 op, 1944.00 ns, 10.1250 ns/op
OverheadActual   5: 192 op, 1954.00 ns, 10.1771 ns/op
OverheadActual   6: 192 op, 2224.00 ns, 11.5833 ns/op
OverheadActual   7: 192 op, 2034.00 ns, 10.5938 ns/op
OverheadActual   8: 192 op, 2255.00 ns, 11.7448 ns/op
OverheadActual   9: 192 op, 2214.00 ns, 11.5313 ns/op
OverheadActual  10: 192 op, 1904.00 ns, 9.9167 ns/op
OverheadActual  11: 192 op, 2155.00 ns, 11.2240 ns/op
OverheadActual  12: 192 op, 2244.00 ns, 11.6875 ns/op

WorkloadWarmup   1: 192 op, 245819153.00 ns, 1.2803 ms/op
WorkloadWarmup   2: 192 op, 244668479.00 ns, 1.2743 ms/op
WorkloadWarmup   3: 192 op, 234910388.00 ns, 1.2235 ms/op
WorkloadWarmup   4: 192 op, 232521089.00 ns, 1.2110 ms/op
WorkloadWarmup   5: 192 op, 232930546.00 ns, 1.2132 ms/op

// BeforeActualRun
WorkloadActual   1: 192 op, 235940983.00 ns, 1.2289 ms/op
WorkloadActual   2: 192 op, 235032336.00 ns, 1.2241 ms/op
WorkloadActual   3: 192 op, 233706354.00 ns, 1.2172 ms/op
WorkloadActual   4: 192 op, 234764702.00 ns, 1.2227 ms/op
WorkloadActual   5: 192 op, 236072287.00 ns, 1.2295 ms/op
WorkloadActual   6: 192 op, 235225342.00 ns, 1.2251 ms/op
WorkloadActual   7: 192 op, 233780407.00 ns, 1.2176 ms/op
WorkloadActual   8: 192 op, 233914188.00 ns, 1.2183 ms/op

// AfterActualRun
WorkloadResult   1: 192 op, 235938843.50 ns, 1.2288 ms/op
WorkloadResult   2: 192 op, 235030196.50 ns, 1.2241 ms/op
WorkloadResult   3: 192 op, 233704214.50 ns, 1.2172 ms/op
WorkloadResult   4: 192 op, 234762562.50 ns, 1.2227 ms/op
WorkloadResult   5: 192 op, 236070147.50 ns, 1.2295 ms/op
WorkloadResult   6: 192 op, 235223202.50 ns, 1.2251 ms/op
WorkloadResult   7: 192 op, 233778267.50 ns, 1.2176 ms/op
WorkloadResult   8: 192 op, 233912048.50 ns, 1.2183 ms/op
// GC:  2 0 0 38077440 192
// Threading:  0 0 192

// AfterAll
// Benchmark Process 3654 has exited with code 0.

Mean = 1.223 ms, StdErr = 0.002 ms (0.14%), N = 8, StdDev = 0.005 ms
Min = 1.217 ms, Q1 = 1.218 ms, Median = 1.223 ms, Q3 = 1.226 ms, Max = 1.230 ms
IQR = 0.008 ms, LowerFence = 1.206 ms, UpperFence = 1.238 ms
ConfidenceInterval = [1.214 ms; 1.232 ms] (CI 99.9%), Margin = 0.009 ms (0.76% of Mean)
Skewness = 0.07, Kurtosis = 1.2, MValue = 2

// ** Remained 29 (76.3 %) benchmark(s) to run. Estimated finish 2026-08-20 12:46 (0h 2m from now) **
// ***** BenchmarkRunner: Finish  *****

// * Export *
  tmp/dotnet-matrix/ZipArchives/50133ba64e5f404ab4c0b703af394d1a/results/Matrix.ZipArchives.Benchmarks.CreateDeflateOptimalArchive-report.csv
  tmp/dotnet-matrix/ZipArchives/50133ba64e5f404ab4c0b703af394d1a/results/Matrix.ZipArchives.Benchmarks.CreateDeflateOptimalArchive-report-github.md
  tmp/dotnet-matrix/ZipArchives/50133ba64e5f404ab4c0b703af394d1a/results/Matrix.ZipArchives.Benchmarks.CreateDeflateOptimalArchive-report.html
  tmp/dotnet-matrix/ZipArchives/50133ba64e5f404ab4c0b703af394d1a/results/Matrix.ZipArchives.Benchmarks.CreateDeflateOptimalArchive-report-full.json

// * Detailed results *
CreateDeflateOptimalArchive.SystemIOCompression: Quick(MaxRelativeError=0.05, Arguments=/p:MatrixMode=Benchmark, IterationTime=250ms, MaxIterationCount=12, MaxWarmupIterationCount=5, MinIterationCount=8, MinWarmupIterationCount=3)
Runtime = .NET 10.0.11 (10.0.11, 10.0.1126.37416), X64 RyuJIT x86-64-v3; GC = Concurrent Workstation
Mean = 1.223 ms, StdErr = 0.002 ms (0.14%), N = 8, StdDev = 0.005 ms
Min = 1.217 ms, Q1 = 1.218 ms, Median = 1.223 ms, Q3 = 1.226 ms, Max = 1.230 ms
IQR = 0.008 ms, LowerFence = 1.206 ms, UpperFence = 1.238 ms
ConfidenceInterval = [1.214 ms; 1.232 ms] (CI 99.9%), Margin = 0.009 ms (0.76% of Mean)
Skewness = 0.07, Kurtosis = 1.2, MValue = 2
-------------------- Histogram --------------------
[1.214 ms ; 1.233 ms) | @@@@@@@@
---------------------------------------------------

CreateDeflateOptimalArchive.SharpZipLib: Quick(MaxRelativeError=0.05, Arguments=/p:MatrixMode=Benchmark, IterationTime=250ms, MaxIterationCount=12, MaxWarmupIterationCount=5, MinIterationCount=8, MinWarmupIterationCount=3)
Runtime = .NET 10.0.11 (10.0.11, 10.0.1126.37416), X64 RyuJIT x86-64-v3; GC = Concurrent Workstation
Mean = 2.585 ms, StdErr = 0.008 ms (0.31%), N = 7, StdDev = 0.021 ms
Min = 2.555 ms, Q1 = 2.576 ms, Median = 2.584 ms, Q3 = 2.591 ms, Max = 2.623 ms
IQR = 0.015 ms, LowerFence = 2.553 ms, UpperFence = 2.614 ms
ConfidenceInterval = [2.538 ms; 2.633 ms] (CI 99.9%), Margin = 0.048 ms (1.84% of Mean)
Skewness = 0.37, Kurtosis = 2.14, MValue = 2
-------------------- Histogram --------------------
[2.541 ms ; 2.638 ms) | @@@@@@@
---------------------------------------------------

CreateDeflateOptimalArchive.SharpCompress: Quick(MaxRelativeError=0.05, Arguments=/p:MatrixMode=Benchmark, IterationTime=250ms, MaxIterationCount=12, MaxWarmupIterationCount=5, MinIterationCount=8, MinWarmupIterationCount=3)
Runtime = .NET 10.0.11 (10.0.11, 10.0.1126.37416), X64 RyuJIT x86-64-v3; GC = Concurrent Workstation
Mean = 3.440 ms, StdErr = 0.010 ms (0.29%), N = 8, StdDev = 0.028 ms
Min = 3.404 ms, Q1 = 3.424 ms, Median = 3.438 ms, Q3 = 3.457 ms, Max = 3.487 ms
IQR = 0.033 ms, LowerFence = 3.374 ms, UpperFence = 3.507 ms
ConfidenceInterval = [3.386 ms; 3.493 ms] (CI 99.9%), Margin = 0.054 ms (1.56% of Mean)
Skewness = 0.18, Kurtosis = 1.66, MValue = 2
-------------------- Histogram --------------------
[3.385 ms ; 3.505 ms) | @@@@@@@@
---------------------------------------------------

// * Summary *

BenchmarkDotNet v0.15.8, Linux Ubuntu 24.04.4 LTS (Noble Numbat)
AMD EPYC 7763 2.45GHz, 1 CPU, 4 logical and 2 physical cores
.NET SDK 10.0.400
  [Host] : .NET 10.0.11 (10.0.11, 10.0.1126.37416), X64 RyuJIT x86-64-v3
  Quick  : .NET 10.0.11 (10.0.11, 10.0.1126.37416), X64 RyuJIT x86-64-v3

Job=Quick  MaxRelativeError=0.05  Arguments=/p:MatrixMode=Benchmark  
IterationTime=250ms  MaxIterationCount=12  MaxWarmupIterationCount=5  
MinIterationCount=8  MinWarmupIterationCount=3  

| Method              | Mean     | Error     | StdDev    | Ratio | RatioSD | Gen0    | Gen1    | Gen2    | Allocated | Alloc Ratio |
|-------------------- |---------:|----------:|----------:|------:|--------:|--------:|--------:|--------:|----------:|------------:|
| SystemIOCompression | 1.223 ms | 0.0094 ms | 0.0049 ms |  1.00 |    0.01 | 10.4167 |       - |       - | 193.67 KB |        1.00 |
| SharpZipLib         | 2.585 ms | 0.0476 ms | 0.0211 ms |  2.11 |    0.02 | 41.6667 | 31.2500 | 20.8333 | 621.27 KB |        3.21 |
| SharpCompress       | 3.440 ms | 0.0536 ms | 0.0280 ms |  2.81 |    0.02 | 41.0959 | 41.0959 | 41.0959 | 344.59 KB |        1.78 |

// * Hints *
Outliers
  CreateDeflateOptimalArchive.SharpZipLib: Quick -> 1 outlier  was  removed (2.69 ms)

// * Legends *
  Mean        : Arithmetic mean of all measurements
  Error       : Half of 99.9% confidence interval
  StdDev      : Standard deviation of all measurements
  Ratio       : Mean of the ratio distribution ([Current]/[Baseline])
  RatioSD     : Standard deviation of the ratio distribution ([Current]/[Baseline])
  Gen0        : GC Generation 0 collects per 1000 operations
  Gen1        : GC Generation 1 collects per 1000 operations
  Gen2        : GC Generation 2 collects per 1000 operations
  Allocated   : Allocated memory per single operation (managed only, inclusive, 1KB = 1024B)
  Alloc Ratio : Allocated memory ratio distribution ([Current]/[Baseline])
  1 ms        : 1 Millisecond (0.001 sec)

// * Diagnostic Output - MemoryDiagnoser *


// ***** BenchmarkRunner: End *****
Run time: 00:00:13 (13.5 sec), executed benchmarks: 3

// Found 3 benchmarks:
//   CreateManySmallEntries.SharpCompress: Quick(MaxRelativeError=0.05, Arguments=/p:MatrixMode=Benchmark, IterationTime=250ms, MaxIterationCount=12, MaxWarmupIterationCount=5, MinIterationCount=8, MinWarmupIterationCount=3)
//   CreateManySmallEntries.SharpZipLib: Quick(MaxRelativeError=0.05, Arguments=/p:MatrixMode=Benchmark, IterationTime=250ms, MaxIterationCount=12, MaxWarmupIterationCount=5, MinIterationCount=8, MinWarmupIterationCount=3)
//   CreateManySmallEntries.SystemIOCompression: Quick(MaxRelativeError=0.05, Arguments=/p:MatrixMode=Benchmark, IterationTime=250ms, MaxIterationCount=12, MaxWarmupIterationCount=5, MinIterationCount=8, MinWarmupIterationCount=3)

// **************************
// Benchmark: CreateManySmallEntries.SharpCompress: Quick(MaxRelativeError=0.05, Arguments=/p:MatrixMode=Benchmark, IterationTime=250ms, MaxIterationCount=12, MaxWarmupIterationCount=5, MinIterationCount=8, MinWarmupIterationCount=3)
// *** Execute ***
// Launch: 1 / 1
// Execute: dotnet Matrix.ZipArchives-Quick-1.dll --anonymousPipes 129 130 --benchmarkName Matrix.ZipArchives.Benchmarks.CreateManySmallEntries.SharpCompress --job Quick --benchmarkId 9 in /home/runner/work/dotnet-matrix/dotnet-matrix/src/Matrix.ZipArchives/bin/Benchmark/Release/net10.0/Matrix.ZipArchives-Quick-1/bin/Release/net10.0
// Failed to set up high priority (Permission denied). In order to run benchmarks with high priority, make sure you have the right permissions.
// BeforeAnythingElse

// Benchmark Process Environment Information:
// BenchmarkDotNet v0.15.8
// Runtime=.NET 10.0.11 (10.0.11, 10.0.1126.37416), X64 RyuJIT x86-64-v3
// GC=Concurrent Workstation
// HardwareIntrinsics=AVX2+BMI1+BMI2+F16C+FMA+LZCNT+MOVBE,AVX,SSE3+SSSE3+SSE4.1+SSE4.2+POPCNT,X86Base+SSE+SSE2,AES+PCLMUL VectorSize=256
// Job: Quick(MaxRelativeError=0.05, IterationTime=250ms, MaxIterationCount=12, MaxWarmupIterationCount=5, MinIterationCount=8, MinWarmupIterationCount=3)

OverheadJitting  1: 1 op, 217719.00 ns, 217.7190 us/op
WorkloadJitting  1: 1 op, 64883349.00 ns, 64.8833 ms/op

WorkloadPilot    1: 4 op, 118712971.00 ns, 29.6782 ms/op
WorkloadPilot    2: 8 op, 229204633.00 ns, 28.6506 ms/op

WorkloadWarmup   1: 8 op, 168470357.00 ns, 21.0588 ms/op
WorkloadWarmup   2: 8 op, 173104223.00 ns, 21.6380 ms/op
WorkloadWarmup   3: 8 op, 167753018.00 ns, 20.9691 ms/op
WorkloadWarmup   4: 8 op, 170399862.00 ns, 21.3000 ms/op
WorkloadWarmup   5: 8 op, 175899984.00 ns, 21.9875 ms/op

// BeforeActualRun
WorkloadActual   1: 8 op, 167769289.00 ns, 20.9712 ms/op
WorkloadActual   2: 8 op, 169861210.00 ns, 21.2327 ms/op
WorkloadActual   3: 8 op, 167816355.00 ns, 20.9770 ms/op
WorkloadActual   4: 8 op, 171119594.00 ns, 21.3899 ms/op
WorkloadActual   5: 8 op, 169371179.00 ns, 21.1714 ms/op
WorkloadActual   6: 8 op, 169980584.00 ns, 21.2476 ms/op
WorkloadActual   7: 8 op, 172245680.00 ns, 21.5307 ms/op
WorkloadActual   8: 8 op, 171955986.00 ns, 21.4945 ms/op

// AfterActualRun
WorkloadResult   1: 8 op, 167769289.00 ns, 20.9712 ms/op
WorkloadResult   2: 8 op, 169861210.00 ns, 21.2327 ms/op
WorkloadResult   3: 8 op, 167816355.00 ns, 20.9770 ms/op
WorkloadResult   4: 8 op, 171119594.00 ns, 21.3899 ms/op
WorkloadResult   5: 8 op, 169371179.00 ns, 21.1714 ms/op
WorkloadResult   6: 8 op, 169980584.00 ns, 21.2476 ms/op
WorkloadResult   7: 8 op, 172245680.00 ns, 21.5307 ms/op
WorkloadResult   8: 8 op, 171955986.00 ns, 21.4945 ms/op
// GC:  7 7 7 106408520 8
// Threading:  0 0 8

// AfterAll
// Benchmark Process 3663 has exited with code 0.

Mean = 21.252 ms, StdErr = 0.075 ms (0.35%), N = 8, StdDev = 0.213 ms
Min = 20.971 ms, Q1 = 21.123 ms, Median = 21.240 ms, Q3 = 21.416 ms, Max = 21.531 ms
IQR = 0.293 ms, LowerFence = 20.683 ms, UpperFence = 21.856 ms
ConfidenceInterval = [20.845 ms; 21.659 ms] (CI 99.9%), Margin = 0.407 ms (1.91% of Mean)
Skewness = -0.06, Kurtosis = 1.33, MValue = 2

// ** Remained 28 (73.7 %) benchmark(s) to run. Estimated finish 2026-08-20 12:46 (0h 2m from now) **
// **************************
// Benchmark: CreateManySmallEntries.SharpZipLib: Quick(MaxRelativeError=0.05, Arguments=/p:MatrixMode=Benchmark, IterationTime=250ms, MaxIterationCount=12, MaxWarmupIterationCount=5, MinIterationCount=8, MinWarmupIterationCount=3)
// *** Execute ***
// Launch: 1 / 1
// Execute: dotnet Matrix.ZipArchives-Quick-1.dll --anonymousPipes 129 130 --benchmarkName Matrix.ZipArchives.Benchmarks.CreateManySmallEntries.SharpZipLib --job Quick --benchmarkId 10 in /home/runner/work/dotnet-matrix/dotnet-matrix/src/Matrix.ZipArchives/bin/Benchmark/Release/net10.0/Matrix.ZipArchives-Quick-1/bin/Release/net10.0
// Failed to set up high priority (Permission denied). In order to run benchmarks with high priority, make sure you have the right permissions.
// BeforeAnythingElse

// Benchmark Process Environment Information:
// BenchmarkDotNet v0.15.8
// Runtime=.NET 10.0.11 (10.0.11, 10.0.1126.37416), X64 RyuJIT x86-64-v3
// GC=Concurrent Workstation
// HardwareIntrinsics=AVX2+BMI1+BMI2+F16C+FMA+LZCNT+MOVBE,AVX,SSE3+SSSE3+SSE4.1+SSE4.2+POPCNT,X86Base+SSE+SSE2,AES+PCLMUL VectorSize=256
// Job: Quick(MaxRelativeError=0.05, IterationTime=250ms, MaxIterationCount=12, MaxWarmupIterationCount=5, MinIterationCount=8, MinWarmupIterationCount=3)

OverheadJitting  1: 1 op, 214333.00 ns, 214.3330 us/op
WorkloadJitting  1: 1 op, 59798024.00 ns, 59.7980 ms/op

WorkloadPilot    1: 4 op, 75450894.00 ns, 18.8627 ms/op
WorkloadPilot    2: 13 op, 294184519.00 ns, 22.6296 ms/op
WorkloadPilot    3: 11 op, 107194039.00 ns, 9.7449 ms/op
WorkloadPilot    4: 26 op, 178182846.00 ns, 6.8532 ms/op
WorkloadPilot    5: 36 op, 260706889.00 ns, 7.2419 ms/op

WorkloadWarmup   1: 36 op, 227455924.00 ns, 6.3182 ms/op
WorkloadWarmup   2: 36 op, 219056021.00 ns, 6.0849 ms/op
WorkloadWarmup   3: 36 op, 246015581.00 ns, 6.8338 ms/op
WorkloadWarmup   4: 36 op, 221993160.00 ns, 6.1665 ms/op
WorkloadWarmup   5: 36 op, 254984910.00 ns, 7.0829 ms/op

// BeforeActualRun
WorkloadActual   1: 36 op, 249755089.00 ns, 6.9376 ms/op
WorkloadActual   2: 36 op, 248705462.00 ns, 6.9085 ms/op
WorkloadActual   3: 36 op, 247889627.00 ns, 6.8858 ms/op
WorkloadActual   4: 36 op, 249111930.00 ns, 6.9198 ms/op
WorkloadActual   5: 36 op, 244672685.00 ns, 6.7965 ms/op
WorkloadActual   6: 36 op, 219689151.00 ns, 6.1025 ms/op
WorkloadActual   7: 36 op, 250007457.00 ns, 6.9447 ms/op
WorkloadActual   8: 36 op, 224754159.00 ns, 6.2432 ms/op
WorkloadActual   9: 36 op, 222909142.00 ns, 6.1919 ms/op
WorkloadActual  10: 36 op, 221188329.00 ns, 6.1441 ms/op
WorkloadActual  11: 36 op, 246981000.00 ns, 6.8606 ms/op
WorkloadActual  12: 36 op, 218942417.00 ns, 6.0817 ms/op

// AfterActualRun
WorkloadResult   1: 36 op, 249755089.00 ns, 6.9376 ms/op
WorkloadResult   2: 36 op, 248705462.00 ns, 6.9085 ms/op
WorkloadResult   3: 36 op, 247889627.00 ns, 6.8858 ms/op
WorkloadResult   4: 36 op, 249111930.00 ns, 6.9198 ms/op
WorkloadResult   5: 36 op, 244672685.00 ns, 6.7965 ms/op
WorkloadResult   6: 36 op, 219689151.00 ns, 6.1025 ms/op
WorkloadResult   7: 36 op, 250007457.00 ns, 6.9447 ms/op
WorkloadResult   8: 36 op, 224754159.00 ns, 6.2432 ms/op
WorkloadResult   9: 36 op, 222909142.00 ns, 6.1919 ms/op
WorkloadResult  10: 36 op, 221188329.00 ns, 6.1441 ms/op
WorkloadResult  11: 36 op, 246981000.00 ns, 6.8606 ms/op
WorkloadResult  12: 36 op, 218942417.00 ns, 6.0817 ms/op
// GC:  41 39 37 528193176 36
// Threading:  0 0 36

// AfterAll
// Benchmark Process 3674 has exited with code 0.

Mean = 6.585 ms, StdErr = 0.111 ms (1.69%), N = 12, StdDev = 0.385 ms
Min = 6.082 ms, Q1 = 6.180 ms, Median = 6.829 ms, Q3 = 6.911 ms, Max = 6.945 ms
IQR = 0.731 ms, LowerFence = 5.083 ms, UpperFence = 8.008 ms
ConfidenceInterval = [6.091 ms; 7.078 ms] (CI 99.9%), Margin = 0.494 ms (7.50% of Mean)
Skewness = -0.3, Kurtosis = 1, MValue = 3.43

// ** Remained 27 (71.1 %) benchmark(s) to run. Estimated finish 2026-08-20 12:46 (0h 2m from now) **
// **************************
// Benchmark: CreateManySmallEntries.SystemIOCompression: Quick(MaxRelativeError=0.05, Arguments=/p:MatrixMode=Benchmark, IterationTime=250ms, MaxIterationCount=12, MaxWarmupIterationCount=5, MinIterationCount=8, MinWarmupIterationCount=3)
// *** Execute ***
// Launch: 1 / 1
// Execute: dotnet Matrix.ZipArchives-Quick-1.dll --anonymousPipes 129 130 --benchmarkName Matrix.ZipArchives.Benchmarks.CreateManySmallEntries.SystemIOCompression --job Quick --benchmarkId 11 in /home/runner/work/dotnet-matrix/dotnet-matrix/src/Matrix.ZipArchives/bin/Benchmark/Release/net10.0/Matrix.ZipArchives-Quick-1/bin/Release/net10.0
// Failed to set up high priority (Permission denied). In order to run benchmarks with high priority, make sure you have the right permissions.
// BeforeAnythingElse

// Benchmark Process Environment Information:
// BenchmarkDotNet v0.15.8
// Runtime=.NET 10.0.11 (10.0.11, 10.0.1126.37416), X64 RyuJIT x86-64-v3
// GC=Concurrent Workstation
// HardwareIntrinsics=AVX2+BMI1+BMI2+F16C+FMA+LZCNT+MOVBE,AVX,SSE3+SSSE3+SSE4.1+SSE4.2+POPCNT,X86Base+SSE+SSE2,AES+PCLMUL VectorSize=256
// Job: Quick(MaxRelativeError=0.05, IterationTime=250ms, MaxIterationCount=12, MaxWarmupIterationCount=5, MinIterationCount=8, MinWarmupIterationCount=3)

OverheadJitting  1: 1 op, 218250.00 ns, 218.2500 us/op
WorkloadJitting  1: 1 op, 36479015.00 ns, 36.4790 ms/op

WorkloadPilot    1: 4 op, 21350554.00 ns, 5.3376 ms/op
WorkloadPilot    2: 47 op, 255828550.00 ns, 5.4432 ms/op

WorkloadWarmup   1: 47 op, 248343370.00 ns, 5.2839 ms/op
WorkloadWarmup   2: 47 op, 298616128.00 ns, 6.3535 ms/op
WorkloadWarmup   3: 47 op, 238856876.00 ns, 5.0821 ms/op
WorkloadWarmup   4: 47 op, 222233893.00 ns, 4.7284 ms/op
WorkloadWarmup   5: 47 op, 218177780.00 ns, 4.6421 ms/op

// BeforeActualRun
WorkloadActual   1: 47 op, 209549586.00 ns, 4.4585 ms/op
WorkloadActual   2: 47 op, 218842119.00 ns, 4.6562 ms/op
WorkloadActual   3: 47 op, 223763715.00 ns, 4.7609 ms/op
WorkloadActual   4: 47 op, 221688819.00 ns, 4.7168 ms/op
WorkloadActual   5: 47 op, 220041282.00 ns, 4.6817 ms/op
WorkloadActual   6: 47 op, 209057280.00 ns, 4.4480 ms/op
WorkloadActual   7: 47 op, 223399237.00 ns, 4.7532 ms/op
WorkloadActual   8: 47 op, 218126595.00 ns, 4.6410 ms/op
WorkloadActual   9: 47 op, 222541100.00 ns, 4.7349 ms/op

// AfterActualRun
WorkloadResult   1: 47 op, 209549586.00 ns, 4.4585 ms/op
WorkloadResult   2: 47 op, 218842119.00 ns, 4.6562 ms/op
WorkloadResult   3: 47 op, 223763715.00 ns, 4.7609 ms/op
WorkloadResult   4: 47 op, 221688819.00 ns, 4.7168 ms/op
WorkloadResult   5: 47 op, 220041282.00 ns, 4.6817 ms/op
WorkloadResult   6: 47 op, 209057280.00 ns, 4.4480 ms/op
WorkloadResult   7: 47 op, 223399237.00 ns, 4.7532 ms/op
WorkloadResult   8: 47 op, 218126595.00 ns, 4.6410 ms/op
WorkloadResult   9: 47 op, 222541100.00 ns, 4.7349 ms/op
// GC:  41 39 39 623944264 47
// Threading:  0 0 47

// AfterAll
// Benchmark Process 3685 has exited with code 0.

Mean = 4.650 ms, StdErr = 0.040 ms (0.85%), N = 9, StdDev = 0.119 ms
Min = 4.448 ms, Q1 = 4.641 ms, Median = 4.682 ms, Q3 = 4.735 ms, Max = 4.761 ms
IQR = 0.094 ms, LowerFence = 4.500 ms, UpperFence = 4.876 ms
ConfidenceInterval = [4.450 ms; 4.850 ms] (CI 99.9%), Margin = 0.200 ms (4.30% of Mean)
Skewness = -0.79, Kurtosis = 1.86, MValue = 2

// ** Remained 26 (68.4 %) benchmark(s) to run. Estimated finish 2026-08-20 12:46 (0h 2m from now) **
// ***** BenchmarkRunner: Finish  *****

// * Export *
  tmp/dotnet-matrix/ZipArchives/50133ba64e5f404ab4c0b703af394d1a/results/Matrix.ZipArchives.Benchmarks.CreateManySmallEntries-report.csv
  tmp/dotnet-matrix/ZipArchives/50133ba64e5f404ab4c0b703af394d1a/results/Matrix.ZipArchives.Benchmarks.CreateManySmallEntries-report-github.md
  tmp/dotnet-matrix/ZipArchives/50133ba64e5f404ab4c0b703af394d1a/results/Matrix.ZipArchives.Benchmarks.CreateManySmallEntries-report.html
  tmp/dotnet-matrix/ZipArchives/50133ba64e5f404ab4c0b703af394d1a/results/Matrix.ZipArchives.Benchmarks.CreateManySmallEntries-report-full.json

// * Detailed results *
CreateManySmallEntries.SystemIOCompression: Quick(MaxRelativeError=0.05, Arguments=/p:MatrixMode=Benchmark, IterationTime=250ms, MaxIterationCount=12, MaxWarmupIterationCount=5, MinIterationCount=8, MinWarmupIterationCount=3)
Runtime = .NET 10.0.11 (10.0.11, 10.0.1126.37416), X64 RyuJIT x86-64-v3; GC = Concurrent Workstation
Mean = 4.650 ms, StdErr = 0.040 ms (0.85%), N = 9, StdDev = 0.119 ms
Min = 4.448 ms, Q1 = 4.641 ms, Median = 4.682 ms, Q3 = 4.735 ms, Max = 4.761 ms
IQR = 0.094 ms, LowerFence = 4.500 ms, UpperFence = 4.876 ms
ConfidenceInterval = [4.450 ms; 4.850 ms] (CI 99.9%), Margin = 0.200 ms (4.30% of Mean)
Skewness = -0.79, Kurtosis = 1.86, MValue = 2
-------------------- Histogram --------------------
[4.373 ms ; 4.528 ms) | @@
[4.528 ms ; 4.626 ms) | 
[4.626 ms ; 4.776 ms) | @@@@@@@
---------------------------------------------------

CreateManySmallEntries.SharpZipLib: Quick(MaxRelativeError=0.05, Arguments=/p:MatrixMode=Benchmark, IterationTime=250ms, MaxIterationCount=12, MaxWarmupIterationCount=5, MinIterationCount=8, MinWarmupIterationCount=3)
Runtime = .NET 10.0.11 (10.0.11, 10.0.1126.37416), X64 RyuJIT x86-64-v3; GC = Concurrent Workstation
Mean = 6.585 ms, StdErr = 0.111 ms (1.69%), N = 12, StdDev = 0.385 ms
Min = 6.082 ms, Q1 = 6.180 ms, Median = 6.829 ms, Q3 = 6.911 ms, Max = 6.945 ms
IQR = 0.731 ms, LowerFence = 5.083 ms, UpperFence = 8.008 ms
ConfidenceInterval = [6.091 ms; 7.078 ms] (CI 99.9%), Margin = 0.494 ms (7.50% of Mean)
Skewness = -0.3, Kurtosis = 1, MValue = 3.43
-------------------- Histogram --------------------
[5.942 ms ; 6.383 ms) | @@@@@
[6.383 ms ; 6.650 ms) | 
[6.650 ms ; 7.166 ms) | @@@@@@@
---------------------------------------------------

CreateManySmallEntries.SharpCompress: Quick(MaxRelativeError=0.05, Arguments=/p:MatrixMode=Benchmark, IterationTime=250ms, MaxIterationCount=12, MaxWarmupIterationCount=5, MinIterationCount=8, MinWarmupIterationCount=3)
Runtime = .NET 10.0.11 (10.0.11, 10.0.1126.37416), X64 RyuJIT x86-64-v3; GC = Concurrent Workstation
Mean = 21.252 ms, StdErr = 0.075 ms (0.35%), N = 8, StdDev = 0.213 ms
Min = 20.971 ms, Q1 = 21.123 ms, Median = 21.240 ms, Q3 = 21.416 ms, Max = 21.531 ms
IQR = 0.293 ms, LowerFence = 20.683 ms, UpperFence = 21.856 ms
ConfidenceInterval = [20.845 ms; 21.659 ms] (CI 99.9%), Margin = 0.407 ms (1.91% of Mean)
Skewness = -0.06, Kurtosis = 1.33, MValue = 2
-------------------- Histogram --------------------
[20.898 ms ; 21.670 ms) | @@@@@@@@
---------------------------------------------------

// * Summary *

BenchmarkDotNet v0.15.8, Linux Ubuntu 24.04.4 LTS (Noble Numbat)
AMD EPYC 7763 2.45GHz, 1 CPU, 4 logical and 2 physical cores
.NET SDK 10.0.400
  [Host] : .NET 10.0.11 (10.0.11, 10.0.1126.37416), X64 RyuJIT x86-64-v3
  Quick  : .NET 10.0.11 (10.0.11, 10.0.1126.37416), X64 RyuJIT x86-64-v3

Job=Quick  MaxRelativeError=0.05  Arguments=/p:MatrixMode=Benchmark  
IterationTime=250ms  MaxIterationCount=12  MaxWarmupIterationCount=5  
MinIterationCount=8  MinWarmupIterationCount=3  

| Method              | Mean      | Error     | StdDev    | Ratio | RatioSD | Gen0      | Gen1      | Gen2      | Allocated | Alloc Ratio |
|-------------------- |----------:|----------:|----------:|------:|--------:|----------:|----------:|----------:|----------:|------------:|
| SystemIOCompression |  4.650 ms | 0.1999 ms | 0.1190 ms |  1.00 |    0.03 |  872.3404 |  829.7872 |  829.7872 |  12.66 MB |        1.00 |
| SharpZipLib         |  6.585 ms | 0.4936 ms | 0.3853 ms |  1.42 |    0.09 | 1138.8889 | 1083.3333 | 1027.7778 |  13.99 MB |        1.11 |
| SharpCompress       | 21.252 ms | 0.4068 ms | 0.2128 ms |  4.57 |    0.12 |  875.0000 |  875.0000 |  875.0000 |  12.68 MB |        1.00 |

// * Hints *
Outliers
  CreateManySmallEntries.SystemIOCompression: Quick -> 2 outliers were detected (4.45 ms, 4.46 ms)

// * Legends *
  Mean        : Arithmetic mean of all measurements
  Error       : Half of 99.9% confidence interval
  StdDev      : Standard deviation of all measurements
  Ratio       : Mean of the ratio distribution ([Current]/[Baseline])
  RatioSD     : Standard deviation of the ratio distribution ([Current]/[Baseline])
  Gen0        : GC Generation 0 collects per 1000 operations
  Gen1        : GC Generation 1 collects per 1000 operations
  Gen2        : GC Generation 2 collects per 1000 operations
  Allocated   : Allocated memory per single operation (managed only, inclusive, 1KB = 1024B)
  Alloc Ratio : Allocated memory ratio distribution ([Current]/[Baseline])
  1 ms        : 1 Millisecond (0.001 sec)

// * Diagnostic Output - MemoryDiagnoser *


// ***** BenchmarkRunner: End *****
Run time: 00:00:12 (12.4 sec), executed benchmarks: 3

// Found 3 benchmarks:
//   CreateStoredArchive.SharpCompress: Quick(MaxRelativeError=0.05, Arguments=/p:MatrixMode=Benchmark, IterationTime=250ms, MaxIterationCount=12, MaxWarmupIterationCount=5, MinIterationCount=8, MinWarmupIterationCount=3)
//   CreateStoredArchive.SharpZipLib: Quick(MaxRelativeError=0.05, Arguments=/p:MatrixMode=Benchmark, IterationTime=250ms, MaxIterationCount=12, MaxWarmupIterationCount=5, MinIterationCount=8, MinWarmupIterationCount=3)
//   CreateStoredArchive.SystemIOCompression: Quick(MaxRelativeError=0.05, Arguments=/p:MatrixMode=Benchmark, IterationTime=250ms, MaxIterationCount=12, MaxWarmupIterationCount=5, MinIterationCount=8, MinWarmupIterationCount=3)

// **************************
// Benchmark: CreateStoredArchive.SharpCompress: Quick(MaxRelativeError=0.05, Arguments=/p:MatrixMode=Benchmark, IterationTime=250ms, MaxIterationCount=12, MaxWarmupIterationCount=5, MinIterationCount=8, MinWarmupIterationCount=3)
// *** Execute ***
// Launch: 1 / 1
// Execute: dotnet Matrix.ZipArchives-Quick-1.dll --anonymousPipes 129 130 --benchmarkName Matrix.ZipArchives.Benchmarks.CreateStoredArchive.SharpCompress --job Quick --benchmarkId 12 in /home/runner/work/dotnet-matrix/dotnet-matrix/src/Matrix.ZipArchives/bin/Benchmark/Release/net10.0/Matrix.ZipArchives-Quick-1/bin/Release/net10.0
// Failed to set up high priority (Permission denied). In order to run benchmarks with high priority, make sure you have the right permissions.
// BeforeAnythingElse

// Benchmark Process Environment Information:
// BenchmarkDotNet v0.15.8
// Runtime=.NET 10.0.11 (10.0.11, 10.0.1126.37416), X64 RyuJIT x86-64-v3
// GC=Concurrent Workstation
// HardwareIntrinsics=AVX2+BMI1+BMI2+F16C+FMA+LZCNT+MOVBE,AVX,SSE3+SSSE3+SSE4.1+SSE4.2+POPCNT,X86Base+SSE+SSE2,AES+PCLMUL VectorSize=256
// Job: Quick(MaxRelativeError=0.05, IterationTime=250ms, MaxIterationCount=12, MaxWarmupIterationCount=5, MinIterationCount=8, MinWarmupIterationCount=3)

OverheadJitting  1: 1 op, 220574.00 ns, 220.5740 us/op
WorkloadJitting  1: 1 op, 16567705.00 ns, 16.5677 ms/op

OverheadJitting  2: 16 op, 496774.00 ns, 31.0484 us/op
WorkloadJitting  2: 16 op, 18539501.00 ns, 1.1587 ms/op

WorkloadPilot    1: 16 op, 17062275.00 ns, 1.0664 ms/op
WorkloadPilot    2: 240 op, 262956039.00 ns, 1.0957 ms/op

OverheadWarmup   1: 240 op, 4138.00 ns, 17.2417 ns/op
OverheadWarmup   2: 240 op, 2776.00 ns, 11.5667 ns/op
OverheadWarmup   3: 240 op, 2775.00 ns, 11.5625 ns/op
OverheadWarmup   4: 240 op, 2725.00 ns, 11.3542 ns/op
OverheadWarmup   5: 240 op, 2715.00 ns, 11.3125 ns/op
OverheadWarmup   6: 240 op, 2665.00 ns, 11.1042 ns/op
OverheadWarmup   7: 240 op, 2544.00 ns, 10.6000 ns/op
OverheadWarmup   8: 240 op, 2696.00 ns, 11.2333 ns/op
OverheadWarmup   9: 240 op, 2705.00 ns, 11.2708 ns/op
OverheadWarmup  10: 240 op, 2565.00 ns, 10.6875 ns/op

OverheadActual   1: 240 op, 2736.00 ns, 11.4000 ns/op
OverheadActual   2: 240 op, 2605.00 ns, 10.8542 ns/op
OverheadActual   3: 240 op, 2634.00 ns, 10.9750 ns/op
OverheadActual   4: 240 op, 2645.00 ns, 11.0208 ns/op
OverheadActual   5: 240 op, 2715.00 ns, 11.3125 ns/op
OverheadActual   6: 240 op, 2645.00 ns, 11.0208 ns/op
OverheadActual   7: 240 op, 2655.00 ns, 11.0625 ns/op
OverheadActual   8: 240 op, 2665.00 ns, 11.1042 ns/op

WorkloadWarmup   1: 240 op, 251235616.00 ns, 1.0468 ms/op
WorkloadWarmup   2: 240 op, 248210941.00 ns, 1.0342 ms/op
WorkloadWarmup   3: 240 op, 249268690.00 ns, 1.0386 ms/op
WorkloadWarmup   4: 240 op, 248662670.00 ns, 1.0361 ms/op
WorkloadWarmup   5: 240 op, 247625070.00 ns, 1.0318 ms/op

// BeforeActualRun
WorkloadActual   1: 240 op, 248853279.00 ns, 1.0369 ms/op
WorkloadActual   2: 240 op, 249975067.00 ns, 1.0416 ms/op
WorkloadActual   3: 240 op, 248488373.00 ns, 1.0354 ms/op
WorkloadActual   4: 240 op, 248957834.00 ns, 1.0373 ms/op
WorkloadActual   5: 240 op, 249673038.00 ns, 1.0403 ms/op
WorkloadActual   6: 240 op, 247847448.00 ns, 1.0327 ms/op
WorkloadActual   7: 240 op, 248822570.00 ns, 1.0368 ms/op
WorkloadActual   8: 240 op, 248519770.00 ns, 1.0355 ms/op

// AfterActualRun
WorkloadResult   1: 240 op, 248850629.00 ns, 1.0369 ms/op
WorkloadResult   2: 240 op, 249972417.00 ns, 1.0416 ms/op
WorkloadResult   3: 240 op, 248485723.00 ns, 1.0354 ms/op
WorkloadResult   4: 240 op, 248955184.00 ns, 1.0373 ms/op
WorkloadResult   5: 240 op, 249670388.00 ns, 1.0403 ms/op
WorkloadResult   6: 240 op, 247844798.00 ns, 1.0327 ms/op
WorkloadResult   7: 240 op, 248819920.00 ns, 1.0367 ms/op
WorkloadResult   8: 240 op, 248517120.00 ns, 1.0355 ms/op
// GC:  43 43 43 158825328 240
// Threading:  0 0 240

// AfterAll
// Benchmark Process 3697 has exited with code 0.

Mean = 1.037 ms, StdErr = 0.001 ms (0.10%), N = 8, StdDev = 0.003 ms
Min = 1.033 ms, Q1 = 1.035 ms, Median = 1.037 ms, Q3 = 1.038 ms, Max = 1.042 ms
IQR = 0.003 ms, LowerFence = 1.032 ms, UpperFence = 1.042 ms
ConfidenceInterval = [1.032 ms; 1.042 ms] (CI 99.9%), Margin = 0.005 ms (0.52% of Mean)
Skewness = 0.2, Kurtosis = 1.8, MValue = 2

// ** Remained 25 (65.8 %) benchmark(s) to run. Estimated finish 2026-08-20 12:46 (0h 1m from now) **
// **************************
// Benchmark: CreateStoredArchive.SharpZipLib: Quick(MaxRelativeError=0.05, Arguments=/p:MatrixMode=Benchmark, IterationTime=250ms, MaxIterationCount=12, MaxWarmupIterationCount=5, MinIterationCount=8, MinWarmupIterationCount=3)
// *** Execute ***
// Launch: 1 / 1
// Execute: dotnet Matrix.ZipArchives-Quick-1.dll --anonymousPipes 129 130 --benchmarkName Matrix.ZipArchives.Benchmarks.CreateStoredArchive.SharpZipLib --job Quick --benchmarkId 13 in /home/runner/work/dotnet-matrix/dotnet-matrix/src/Matrix.ZipArchives/bin/Benchmark/Release/net10.0/Matrix.ZipArchives-Quick-1/bin/Release/net10.0
// Failed to set up high priority (Permission denied). In order to run benchmarks with high priority, make sure you have the right permissions.
// BeforeAnythingElse

// Benchmark Process Environment Information:
// BenchmarkDotNet v0.15.8
// Runtime=.NET 10.0.11 (10.0.11, 10.0.1126.37416), X64 RyuJIT x86-64-v3
// GC=Concurrent Workstation
// HardwareIntrinsics=AVX2+BMI1+BMI2+F16C+FMA+LZCNT+MOVBE,AVX,SSE3+SSSE3+SSE4.1+SSE4.2+POPCNT,X86Base+SSE+SSE2,AES+PCLMUL VectorSize=256
// Job: Quick(MaxRelativeError=0.05, IterationTime=250ms, MaxIterationCount=12, MaxWarmupIterationCount=5, MinIterationCount=8, MinWarmupIterationCount=3)

OverheadJitting  1: 1 op, 212820.00 ns, 212.8200 us/op
WorkloadJitting  1: 1 op, 19476102.00 ns, 19.4761 ms/op

WorkloadPilot    1: 4 op, 3021167.00 ns, 755.2918 us/op
WorkloadPilot    2: 331 op, 156525046.00 ns, 472.8853 us/op
WorkloadPilot    3: 529 op, 223718772.00 ns, 422.9088 us/op
WorkloadPilot    4: 591 op, 220376822.00 ns, 372.8880 us/op
WorkloadPilot    5: 670 op, 236392370.00 ns, 352.8244 us/op
WorkloadPilot    6: 709 op, 248684941.00 ns, 350.7545 us/op
WorkloadPilot    7: 713 op, 247361434.00 ns, 346.9305 us/op
WorkloadPilot    8: 721 op, 255256851.00 ns, 354.0317 us/op
WorkloadPilot    9: 706 op, 246684872.00 ns, 349.4120 us/op
WorkloadPilot   10: 715 op, 249090683.00 ns, 348.3786 us/op
WorkloadPilot   11: 718 op, 254047939.00 ns, 353.8272 us/op
WorkloadPilot   12: 707 op, 244561295.00 ns, 345.9141 us/op
WorkloadPilot   13: 723 op, 253024245.00 ns, 349.9644 us/op

WorkloadWarmup   1: 723 op, 254634392.00 ns, 352.1914 us/op
WorkloadWarmup   2: 723 op, 252695378.00 ns, 349.5095 us/op
WorkloadWarmup   3: 723 op, 253218571.00 ns, 350.2332 us/op
WorkloadWarmup   4: 723 op, 252821835.00 ns, 349.6844 us/op
WorkloadWarmup   5: 723 op, 250096123.00 ns, 345.9144 us/op

// BeforeActualRun
WorkloadActual   1: 723 op, 255391975.00 ns, 353.2392 us/op
WorkloadActual   2: 723 op, 252712309.00 ns, 349.5329 us/op
WorkloadActual   3: 723 op, 255637306.00 ns, 353.5786 us/op
WorkloadActual   4: 723 op, 251250272.00 ns, 347.5107 us/op
WorkloadActual   5: 723 op, 250984252.00 ns, 347.1428 us/op
WorkloadActual   6: 723 op, 251404912.00 ns, 347.7246 us/op
WorkloadActual   7: 723 op, 249039177.00 ns, 344.4525 us/op
WorkloadActual   8: 723 op, 247623326.00 ns, 342.4942 us/op

// AfterActualRun
WorkloadResult   1: 723 op, 255391975.00 ns, 353.2392 us/op
WorkloadResult   2: 723 op, 252712309.00 ns, 349.5329 us/op
WorkloadResult   3: 723 op, 255637306.00 ns, 353.5786 us/op
WorkloadResult   4: 723 op, 251250272.00 ns, 347.5107 us/op
WorkloadResult   5: 723 op, 250984252.00 ns, 347.1428 us/op
WorkloadResult   6: 723 op, 251404912.00 ns, 347.7246 us/op
WorkloadResult   7: 723 op, 249039177.00 ns, 344.4525 us/op
WorkloadResult   8: 723 op, 247623326.00 ns, 342.4942 us/op
// GC:  131 131 131 709032912 723
// Threading:  0 0 723

// AfterAll
// Benchmark Process 3705 has exited with code 0.

Mean = 348.209 μs, StdErr = 1.366 μs (0.39%), N = 8, StdDev = 3.864 μs
Min = 342.494 μs, Q1 = 346.470 μs, Median = 347.618 μs, Q3 = 350.460 μs, Max = 353.579 μs
IQR = 3.989 μs, LowerFence = 340.486 μs, UpperFence = 356.443 μs
ConfidenceInterval = [340.821 μs; 355.597 μs] (CI 99.9%), Margin = 7.388 μs (2.12% of Mean)
Skewness = 0.09, Kurtosis = 1.54, MValue = 2

// ** Remained 24 (63.2 %) benchmark(s) to run. Estimated finish 2026-08-20 12:46 (0h 1m from now) **
// **************************
// Benchmark: CreateStoredArchive.SystemIOCompression: Quick(MaxRelativeError=0.05, Arguments=/p:MatrixMode=Benchmark, IterationTime=250ms, MaxIterationCount=12, MaxWarmupIterationCount=5, MinIterationCount=8, MinWarmupIterationCount=3)
// *** Execute ***
// Launch: 1 / 1
// Execute: dotnet Matrix.ZipArchives-Quick-1.dll --anonymousPipes 131 132 --benchmarkName Matrix.ZipArchives.Benchmarks.CreateStoredArchive.SystemIOCompression --job Quick --benchmarkId 14 in /home/runner/work/dotnet-matrix/dotnet-matrix/src/Matrix.ZipArchives/bin/Benchmark/Release/net10.0/Matrix.ZipArchives-Quick-1/bin/Release/net10.0
// Failed to set up high priority (Permission denied). In order to run benchmarks with high priority, make sure you have the right permissions.
// BeforeAnythingElse

// Benchmark Process Environment Information:
// BenchmarkDotNet v0.15.8
// Runtime=.NET 10.0.11 (10.0.11, 10.0.1126.37416), X64 RyuJIT x86-64-v3
// GC=Concurrent Workstation
// HardwareIntrinsics=AVX2+BMI1+BMI2+F16C+FMA+LZCNT+MOVBE,AVX,SSE3+SSSE3+SSE4.1+SSE4.2+POPCNT,X86Base+SSE+SSE2,AES+PCLMUL VectorSize=256
// Job: Quick(MaxRelativeError=0.05, IterationTime=250ms, MaxIterationCount=12, MaxWarmupIterationCount=5, MinIterationCount=8, MinWarmupIterationCount=3)

OverheadJitting  1: 1 op, 216517.00 ns, 216.5170 us/op
WorkloadJitting  1: 1 op, 5481842.00 ns, 5.4818 ms/op

OverheadJitting  2: 16 op, 529776.00 ns, 33.1110 us/op
WorkloadJitting  2: 16 op, 5039391.00 ns, 314.9619 us/op

WorkloadPilot    1: 16 op, 3930426.00 ns, 245.6516 us/op
WorkloadPilot    2: 1024 op, 237902744.00 ns, 232.3269 us/op
WorkloadPilot    3: 1088 op, 245888942.00 ns, 226.0009 us/op
WorkloadPilot    4: 1120 op, 249941156.00 ns, 223.1617 us/op

OverheadWarmup   1: 1120 op, 6702.00 ns, 5.9839 ns/op
OverheadWarmup   2: 1120 op, 8957.00 ns, 7.9973 ns/op
OverheadWarmup   3: 1120 op, 8847.00 ns, 7.8991 ns/op
OverheadWarmup   4: 1120 op, 8837.00 ns, 7.8902 ns/op
OverheadWarmup   5: 1120 op, 8957.00 ns, 7.9973 ns/op
OverheadWarmup   6: 1120 op, 5630.00 ns, 5.0268 ns/op

OverheadActual   1: 1120 op, 5019.00 ns, 4.4813 ns/op
OverheadActual   2: 1120 op, 5620.00 ns, 5.0179 ns/op
OverheadActual   3: 1120 op, 5150.00 ns, 4.5982 ns/op
OverheadActual   4: 1120 op, 5130.00 ns, 4.5804 ns/op
OverheadActual   5: 1120 op, 5140.00 ns, 4.5893 ns/op
OverheadActual   6: 1120 op, 5140.00 ns, 4.5893 ns/op
OverheadActual   7: 1120 op, 5030.00 ns, 4.4911 ns/op
OverheadActual   8: 1120 op, 5150.00 ns, 4.5982 ns/op

WorkloadWarmup   1: 1120 op, 252933349.00 ns, 225.8333 us/op
WorkloadWarmup   2: 1120 op, 245451189.00 ns, 219.1528 us/op
WorkloadWarmup   3: 1120 op, 240757838.00 ns, 214.9624 us/op
WorkloadWarmup   4: 1120 op, 239656238.00 ns, 213.9788 us/op
WorkloadWarmup   5: 1120 op, 239993261.00 ns, 214.2797 us/op

// BeforeActualRun
WorkloadActual   1: 1120 op, 240330155.00 ns, 214.5805 us/op
WorkloadActual   2: 1120 op, 240073974.00 ns, 214.3518 us/op
WorkloadActual   3: 1120 op, 243539426.00 ns, 217.4459 us/op
WorkloadActual   4: 1120 op, 244103746.00 ns, 217.9498 us/op
WorkloadActual   5: 1120 op, 239864620.00 ns, 214.1648 us/op
WorkloadActual   6: 1120 op, 238980830.00 ns, 213.3757 us/op
WorkloadActual   7: 1120 op, 239753280.00 ns, 214.0654 us/op
WorkloadActual   8: 1120 op, 240010103.00 ns, 214.2947 us/op

// AfterActualRun
WorkloadResult   1: 1120 op, 240325015.00 ns, 214.5759 us/op
WorkloadResult   2: 1120 op, 240068834.00 ns, 214.3472 us/op
WorkloadResult   3: 1120 op, 239859480.00 ns, 214.1603 us/op
WorkloadResult   4: 1120 op, 238975690.00 ns, 213.3712 us/op
WorkloadResult   5: 1120 op, 239748140.00 ns, 214.0608 us/op
WorkloadResult   6: 1120 op, 240004963.00 ns, 214.2901 us/op
// GC:  203 203 203 740728688 1120
// Threading:  0 0 1120

// AfterAll
// Benchmark Process 3717 has exited with code 0.

Mean = 214.134 μs, StdErr = 0.169 μs (0.08%), N = 6, StdDev = 0.413 μs
Min = 213.371 μs, Q1 = 214.086 μs, Median = 214.225 μs, Q3 = 214.333 μs, Max = 214.576 μs
IQR = 0.247 μs, LowerFence = 213.715 μs, UpperFence = 214.704 μs
ConfidenceInterval = [212.976 μs; 215.293 μs] (CI 99.9%), Margin = 1.158 μs (0.54% of Mean)
Skewness = -0.82, Kurtosis = 2.17, MValue = 2

// ** Remained 23 (60.5 %) benchmark(s) to run. Estimated finish 2026-08-20 12:46 (0h 1m from now) **
// ***** BenchmarkRunner: Finish  *****

// * Export *
  tmp/dotnet-matrix/ZipArchives/50133ba64e5f404ab4c0b703af394d1a/results/Matrix.ZipArchives.Benchmarks.CreateStoredArchive-report.csv
  tmp/dotnet-matrix/ZipArchives/50133ba64e5f404ab4c0b703af394d1a/results/Matrix.ZipArchives.Benchmarks.CreateStoredArchive-report-github.md
  tmp/dotnet-matrix/ZipArchives/50133ba64e5f404ab4c0b703af394d1a/results/Matrix.ZipArchives.Benchmarks.CreateStoredArchive-report.html
  tmp/dotnet-matrix/ZipArchives/50133ba64e5f404ab4c0b703af394d1a/results/Matrix.ZipArchives.Benchmarks.CreateStoredArchive-report-full.json

// * Detailed results *
CreateStoredArchive.SystemIOCompression: Quick(MaxRelativeError=0.05, Arguments=/p:MatrixMode=Benchmark, IterationTime=250ms, MaxIterationCount=12, MaxWarmupIterationCount=5, MinIterationCount=8, MinWarmupIterationCount=3)
Runtime = .NET 10.0.11 (10.0.11, 10.0.1126.37416), X64 RyuJIT x86-64-v3; GC = Concurrent Workstation
Mean = 214.134 μs, StdErr = 0.169 μs (0.08%), N = 6, StdDev = 0.413 μs
Min = 213.371 μs, Q1 = 214.086 μs, Median = 214.225 μs, Q3 = 214.333 μs, Max = 214.576 μs
IQR = 0.247 μs, LowerFence = 213.715 μs, UpperFence = 214.704 μs
ConfidenceInterval = [212.976 μs; 215.293 μs] (CI 99.9%), Margin = 1.158 μs (0.54% of Mean)
Skewness = -0.82, Kurtosis = 2.17, MValue = 2
-------------------- Histogram --------------------
[213.073 μs ; 214.874 μs) | @@@@@@
---------------------------------------------------

CreateStoredArchive.SharpZipLib: Quick(MaxRelativeError=0.05, Arguments=/p:MatrixMode=Benchmark, IterationTime=250ms, MaxIterationCount=12, MaxWarmupIterationCount=5, MinIterationCount=8, MinWarmupIterationCount=3)
Runtime = .NET 10.0.11 (10.0.11, 10.0.1126.37416), X64 RyuJIT x86-64-v3; GC = Concurrent Workstation
Mean = 348.209 μs, StdErr = 1.366 μs (0.39%), N = 8, StdDev = 3.864 μs
Min = 342.494 μs, Q1 = 346.470 μs, Median = 347.618 μs, Q3 = 350.460 μs, Max = 353.579 μs
IQR = 3.989 μs, LowerFence = 340.486 μs, UpperFence = 356.443 μs
ConfidenceInterval = [340.821 μs; 355.597 μs] (CI 99.9%), Margin = 7.388 μs (2.12% of Mean)
Skewness = 0.09, Kurtosis = 1.54, MValue = 2
-------------------- Histogram --------------------
[339.958 μs ; 356.114 μs) | @@@@@@@@
---------------------------------------------------

CreateStoredArchive.SharpCompress: Quick(MaxRelativeError=0.05, Arguments=/p:MatrixMode=Benchmark, IterationTime=250ms, MaxIterationCount=12, MaxWarmupIterationCount=5, MinIterationCount=8, MinWarmupIterationCount=3)
Runtime = .NET 10.0.11 (10.0.11, 10.0.1126.37416), X64 RyuJIT x86-64-v3; GC = Concurrent Workstation
Mean = 1.037 ms, StdErr = 0.001 ms (0.10%), N = 8, StdDev = 0.003 ms
Min = 1.033 ms, Q1 = 1.035 ms, Median = 1.037 ms, Q3 = 1.038 ms, Max = 1.042 ms
IQR = 0.003 ms, LowerFence = 1.032 ms, UpperFence = 1.042 ms
ConfidenceInterval = [1.032 ms; 1.042 ms] (CI 99.9%), Margin = 0.005 ms (0.52% of Mean)
Skewness = 0.2, Kurtosis = 1.8, MValue = 2
-------------------- Histogram --------------------
[1.031 ms ; 1.043 ms) | @@@@@@@@
---------------------------------------------------

// * Summary *

BenchmarkDotNet v0.15.8, Linux Ubuntu 24.04.4 LTS (Noble Numbat)
AMD EPYC 7763 2.45GHz, 1 CPU, 4 logical and 2 physical cores
.NET SDK 10.0.400
  [Host] : .NET 10.0.11 (10.0.11, 10.0.1126.37416), X64 RyuJIT x86-64-v3
  Quick  : .NET 10.0.11 (10.0.11, 10.0.1126.37416), X64 RyuJIT x86-64-v3

Job=Quick  MaxRelativeError=0.05  Arguments=/p:MatrixMode=Benchmark  
IterationTime=250ms  MaxIterationCount=12  MaxWarmupIterationCount=5  
MinIterationCount=8  MinWarmupIterationCount=3  

| Method              | Mean       | Error   | StdDev  | Ratio | RatioSD | Gen0     | Gen1     | Gen2     | Allocated | Alloc Ratio |
|-------------------- |-----------:|--------:|--------:|------:|--------:|---------:|---------:|---------:|----------:|------------:|
| SystemIOCompression |   214.1 μs | 1.16 μs | 0.41 μs |  1.00 |    0.00 | 181.2500 | 181.2500 | 181.2500 | 645.86 KB |        1.00 |
| SharpZipLib         |   348.2 μs | 7.39 μs | 3.86 μs |  1.63 |    0.02 | 181.1895 | 181.1895 | 181.1895 |  957.7 KB |        1.48 |
| SharpCompress       | 1,037.0 μs | 5.37 μs | 2.81 μs |  4.84 |    0.02 | 179.1667 | 179.1667 | 179.1667 | 646.26 KB |        1.00 |

// * Hints *
Outliers
  CreateStoredArchive.SystemIOCompression: Quick -> 2 outliers were removed (217.45 μs, 217.95 μs)

// * Legends *
  Mean        : Arithmetic mean of all measurements
  Error       : Half of 99.9% confidence interval
  StdDev      : Standard deviation of all measurements
  Ratio       : Mean of the ratio distribution ([Current]/[Baseline])
  RatioSD     : Standard deviation of the ratio distribution ([Current]/[Baseline])
  Gen0        : GC Generation 0 collects per 1000 operations
  Gen1        : GC Generation 1 collects per 1000 operations
  Gen2        : GC Generation 2 collects per 1000 operations
  Allocated   : Allocated memory per single operation (managed only, inclusive, 1KB = 1024B)
  Alloc Ratio : Allocated memory ratio distribution ([Current]/[Baseline])
  1 μs        : 1 Microsecond (0.000001 sec)

// * Diagnostic Output - MemoryDiagnoser *


// ***** BenchmarkRunner: End *****
Run time: 00:00:14 (14.92 sec), executed benchmarks: 3

// Found 3 benchmarks:
//   DecompressEntry.SharpCompress: Quick(MaxRelativeError=0.05, Arguments=/p:MatrixMode=Benchmark, IterationTime=250ms, MaxIterationCount=12, MaxWarmupIterationCount=5, MinIterationCount=8, MinWarmupIterationCount=3)
//   DecompressEntry.SharpZipLib: Quick(MaxRelativeError=0.05, Arguments=/p:MatrixMode=Benchmark, IterationTime=250ms, MaxIterationCount=12, MaxWarmupIterationCount=5, MinIterationCount=8, MinWarmupIterationCount=3)
//   DecompressEntry.SystemIOCompression: Quick(MaxRelativeError=0.05, Arguments=/p:MatrixMode=Benchmark, IterationTime=250ms, MaxIterationCount=12, MaxWarmupIterationCount=5, MinIterationCount=8, MinWarmupIterationCount=3)

// **************************
// Benchmark: DecompressEntry.SharpCompress: Quick(MaxRelativeError=0.05, Arguments=/p:MatrixMode=Benchmark, IterationTime=250ms, MaxIterationCount=12, MaxWarmupIterationCount=5, MinIterationCount=8, MinWarmupIterationCount=3)
// *** Execute ***
// Launch: 1 / 1
// Execute: dotnet Matrix.ZipArchives-Quick-1.dll --anonymousPipes 129 130 --benchmarkName Matrix.ZipArchives.Benchmarks.DecompressEntry.SharpCompress --job Quick --benchmarkId 15 in /home/runner/work/dotnet-matrix/dotnet-matrix/src/Matrix.ZipArchives/bin/Benchmark/Release/net10.0/Matrix.ZipArchives-Quick-1/bin/Release/net10.0
// Failed to set up high priority (Permission denied). In order to run benchmarks with high priority, make sure you have the right permissions.
// BeforeAnythingElse

// Benchmark Process Environment Information:
// BenchmarkDotNet v0.15.8
// Runtime=.NET 10.0.11 (10.0.11, 10.0.1126.37416), X64 RyuJIT x86-64-v3
// GC=Concurrent Workstation
// HardwareIntrinsics=AVX2+BMI1+BMI2+F16C+FMA+LZCNT+MOVBE,AVX,SSE3+SSSE3+SSE4.1+SSE4.2+POPCNT,X86Base+SSE+SSE2,AES+PCLMUL VectorSize=256
// Job: Quick(MaxRelativeError=0.05, IterationTime=250ms, MaxIterationCount=12, MaxWarmupIterationCount=5, MinIterationCount=8, MinWarmupIterationCount=3)

OverheadJitting  1: 1 op, 195688.00 ns, 195.6880 us/op
WorkloadJitting  1: 1 op, 66407174.00 ns, 66.4072 ms/op

WorkloadPilot    1: 4 op, 82216012.00 ns, 20.5540 ms/op
WorkloadPilot    2: 12 op, 242762927.00 ns, 20.2302 ms/op

WorkloadWarmup   1: 12 op, 200944581.00 ns, 16.7454 ms/op
WorkloadWarmup   2: 12 op, 192623623.00 ns, 16.0520 ms/op
WorkloadWarmup   3: 12 op, 178705639.00 ns, 14.8921 ms/op
WorkloadWarmup   4: 12 op, 178617653.00 ns, 14.8848 ms/op
WorkloadWarmup   5: 12 op, 178552180.00 ns, 14.8793 ms/op

// BeforeActualRun
WorkloadActual   1: 12 op, 178534457.00 ns, 14.8779 ms/op
WorkloadActual   2: 12 op, 178793894.00 ns, 14.8995 ms/op
WorkloadActual   3: 12 op, 177796781.00 ns, 14.8164 ms/op
WorkloadActual   4: 12 op, 177495786.00 ns, 14.7913 ms/op
WorkloadActual   5: 12 op, 178142180.00 ns, 14.8452 ms/op
WorkloadActual   6: 12 op, 177708295.00 ns, 14.8090 ms/op
WorkloadActual   7: 12 op, 178128464.00 ns, 14.8440 ms/op
WorkloadActual   8: 12 op, 177544807.00 ns, 14.7954 ms/op

// AfterActualRun
WorkloadResult   1: 12 op, 178534457.00 ns, 14.8779 ms/op
WorkloadResult   2: 12 op, 178793894.00 ns, 14.8995 ms/op
WorkloadResult   3: 12 op, 177796781.00 ns, 14.8164 ms/op
WorkloadResult   4: 12 op, 177495786.00 ns, 14.7913 ms/op
WorkloadResult   5: 12 op, 178142180.00 ns, 14.8452 ms/op
WorkloadResult   6: 12 op, 177708295.00 ns, 14.8090 ms/op
WorkloadResult   7: 12 op, 178128464.00 ns, 14.8440 ms/op
WorkloadResult   8: 12 op, 177544807.00 ns, 14.7954 ms/op
// GC:  0 0 0 412416 12
// Threading:  0 0 12

// AfterAll
// Benchmark Process 3726 has exited with code 0.

Mean = 14.835 ms, StdErr = 0.014 ms (0.09%), N = 8, StdDev = 0.039 ms
Min = 14.791 ms, Q1 = 14.806 ms, Median = 14.830 ms, Q3 = 14.853 ms, Max = 14.899 ms
IQR = 0.048 ms, LowerFence = 14.734 ms, UpperFence = 14.925 ms
ConfidenceInterval = [14.760 ms; 14.910 ms] (CI 99.9%), Margin = 0.075 ms (0.50% of Mean)
Skewness = 0.39, Kurtosis = 1.48, MValue = 2

// ** Remained 22 (57.9 %) benchmark(s) to run. Estimated finish 2026-08-20 12:46 (0h 1m from now) **
// **************************
// Benchmark: DecompressEntry.SharpZipLib: Quick(MaxRelativeError=0.05, Arguments=/p:MatrixMode=Benchmark, IterationTime=250ms, MaxIterationCount=12, MaxWarmupIterationCount=5, MinIterationCount=8, MinWarmupIterationCount=3)
// *** Execute ***
// Launch: 1 / 1
// Execute: dotnet Matrix.ZipArchives-Quick-1.dll --anonymousPipes 129 130 --benchmarkName Matrix.ZipArchives.Benchmarks.DecompressEntry.SharpZipLib --job Quick --benchmarkId 16 in /home/runner/work/dotnet-matrix/dotnet-matrix/src/Matrix.ZipArchives/bin/Benchmark/Release/net10.0/Matrix.ZipArchives-Quick-1/bin/Release/net10.0
// Failed to set up high priority (Permission denied). In order to run benchmarks with high priority, make sure you have the right permissions.
// BeforeAnythingElse

// Benchmark Process Environment Information:
// BenchmarkDotNet v0.15.8
// Runtime=.NET 10.0.11 (10.0.11, 10.0.1126.37416), X64 RyuJIT x86-64-v3
// GC=Concurrent Workstation
// HardwareIntrinsics=AVX2+BMI1+BMI2+F16C+FMA+LZCNT+MOVBE,AVX,SSE3+SSSE3+SSE4.1+SSE4.2+POPCNT,X86Base+SSE+SSE2,AES+PCLMUL VectorSize=256
// Job: Quick(MaxRelativeError=0.05, IterationTime=250ms, MaxIterationCount=12, MaxWarmupIterationCount=5, MinIterationCount=8, MinWarmupIterationCount=3)

OverheadJitting  1: 1 op, 197041.00 ns, 197.0410 us/op
WorkloadJitting  1: 1 op, 32864429.00 ns, 32.8644 ms/op

WorkloadPilot    1: 4 op, 70136573.00 ns, 17.5341 ms/op
WorkloadPilot    2: 14 op, 241033437.00 ns, 17.2167 ms/op

WorkloadWarmup   1: 14 op, 203844607.00 ns, 14.5603 ms/op
WorkloadWarmup   2: 14 op, 206693423.00 ns, 14.7638 ms/op
WorkloadWarmup   3: 14 op, 202584839.00 ns, 14.4703 ms/op
WorkloadWarmup   4: 14 op, 200847714.00 ns, 14.3463 ms/op
WorkloadWarmup   5: 14 op, 202548970.00 ns, 14.4678 ms/op

// BeforeActualRun
WorkloadActual   1: 14 op, 200614385.00 ns, 14.3296 ms/op
WorkloadActual   2: 14 op, 199712630.00 ns, 14.2652 ms/op
WorkloadActual   3: 14 op, 200362641.00 ns, 14.3116 ms/op
WorkloadActual   4: 14 op, 200174127.00 ns, 14.2982 ms/op
WorkloadActual   5: 14 op, 200250711.00 ns, 14.3036 ms/op
WorkloadActual   6: 14 op, 200035357.00 ns, 14.2882 ms/op
WorkloadActual   7: 14 op, 200225233.00 ns, 14.3018 ms/op
WorkloadActual   8: 14 op, 200301006.00 ns, 14.3072 ms/op

// AfterActualRun
WorkloadResult   1: 14 op, 199712630.00 ns, 14.2652 ms/op
WorkloadResult   2: 14 op, 200362641.00 ns, 14.3116 ms/op
WorkloadResult   3: 14 op, 200174127.00 ns, 14.2982 ms/op
WorkloadResult   4: 14 op, 200250711.00 ns, 14.3036 ms/op
WorkloadResult   5: 14 op, 200035357.00 ns, 14.2882 ms/op
WorkloadResult   6: 14 op, 200225233.00 ns, 14.3018 ms/op
WorkloadResult   7: 14 op, 200301006.00 ns, 14.3072 ms/op
// GC:  0 0 0 588560 14
// Threading:  0 0 14

// AfterAll
// Benchmark Process 3739 has exited with code 0.

Mean = 14.297 ms, StdErr = 0.006 ms (0.04%), N = 7, StdDev = 0.016 ms
Min = 14.265 ms, Q1 = 14.293 ms, Median = 14.302 ms, Q3 = 14.305 ms, Max = 14.312 ms
IQR = 0.012 ms, LowerFence = 14.275 ms, UpperFence = 14.324 ms
ConfidenceInterval = [14.261 ms; 14.332 ms] (CI 99.9%), Margin = 0.035 ms (0.25% of Mean)
Skewness = -0.98, Kurtosis = 2.46, MValue = 2

// ** Remained 21 (55.3 %) benchmark(s) to run. Estimated finish 2026-08-20 12:46 (0h 1m from now) **
// **************************
// Benchmark: DecompressEntry.SystemIOCompression: Quick(MaxRelativeError=0.05, Arguments=/p:MatrixMode=Benchmark, IterationTime=250ms, MaxIterationCount=12, MaxWarmupIterationCount=5, MinIterationCount=8, MinWarmupIterationCount=3)
// *** Execute ***
// Launch: 1 / 1
// Execute: dotnet Matrix.ZipArchives-Quick-1.dll --anonymousPipes 129 130 --benchmarkName Matrix.ZipArchives.Benchmarks.DecompressEntry.SystemIOCompression --job Quick --benchmarkId 17 in /home/runner/work/dotnet-matrix/dotnet-matrix/src/Matrix.ZipArchives/bin/Benchmark/Release/net10.0/Matrix.ZipArchives-Quick-1/bin/Release/net10.0
// Failed to set up high priority (Permission denied). In order to run benchmarks with high priority, make sure you have the right permissions.
// BeforeAnythingElse

// Benchmark Process Environment Information:
// BenchmarkDotNet v0.15.8
// Runtime=.NET 10.0.11 (10.0.11, 10.0.1126.37416), X64 RyuJIT x86-64-v3
// GC=Concurrent Workstation
// HardwareIntrinsics=AVX2+BMI1+BMI2+F16C+FMA+LZCNT+MOVBE,AVX,SSE3+SSSE3+SSE4.1+SSE4.2+POPCNT,X86Base+SSE+SSE2,AES+PCLMUL VectorSize=256
// Job: Quick(MaxRelativeError=0.05, IterationTime=250ms, MaxIterationCount=12, MaxWarmupIterationCount=5, MinIterationCount=8, MinWarmupIterationCount=3)

OverheadJitting  1: 1 op, 195207.00 ns, 195.2070 us/op
WorkloadJitting  1: 1 op, 16695507.00 ns, 16.6955 ms/op

WorkloadPilot    1: 4 op, 57423984.00 ns, 14.3560 ms/op
WorkloadPilot    2: 17 op, 242805703.00 ns, 14.2827 ms/op

WorkloadWarmup   1: 17 op, 241118811.00 ns, 14.1835 ms/op
WorkloadWarmup   2: 17 op, 242050841.00 ns, 14.2383 ms/op
WorkloadWarmup   3: 17 op, 241285858.00 ns, 14.1933 ms/op
WorkloadWarmup   4: 17 op, 241303498.00 ns, 14.1943 ms/op
WorkloadWarmup   5: 17 op, 241585749.00 ns, 14.2109 ms/op

// BeforeActualRun
WorkloadActual   1: 17 op, 241215663.00 ns, 14.1892 ms/op
WorkloadActual   2: 17 op, 241340728.00 ns, 14.1965 ms/op
WorkloadActual   3: 17 op, 241144159.00 ns, 14.1850 ms/op
WorkloadActual   4: 17 op, 240982254.00 ns, 14.1754 ms/op
WorkloadActual   5: 17 op, 241413616.00 ns, 14.2008 ms/op
WorkloadActual   6: 17 op, 240998626.00 ns, 14.1764 ms/op
WorkloadActual   7: 17 op, 241205935.00 ns, 14.1886 ms/op
WorkloadActual   8: 17 op, 241201106.00 ns, 14.1883 ms/op

// AfterActualRun
WorkloadResult   1: 17 op, 241215663.00 ns, 14.1892 ms/op
WorkloadResult   2: 17 op, 241340728.00 ns, 14.1965 ms/op
WorkloadResult   3: 17 op, 241144159.00 ns, 14.1850 ms/op
WorkloadResult   4: 17 op, 240982254.00 ns, 14.1754 ms/op
WorkloadResult   5: 17 op, 241413616.00 ns, 14.2008 ms/op
WorkloadResult   6: 17 op, 240998626.00 ns, 14.1764 ms/op
WorkloadResult   7: 17 op, 241205935.00 ns, 14.1886 ms/op
WorkloadResult   8: 17 op, 241201106.00 ns, 14.1883 ms/op
// GC:  0 0 0 93728 17
// Threading:  0 0 17

// AfterAll
// Benchmark Process 3749 has exited with code 0.

Mean = 14.188 ms, StdErr = 0.003 ms (0.02%), N = 8, StdDev = 0.009 ms
Min = 14.175 ms, Q1 = 14.183 ms, Median = 14.188 ms, Q3 = 14.191 ms, Max = 14.201 ms
IQR = 0.008 ms, LowerFence = 14.171 ms, UpperFence = 14.203 ms
ConfidenceInterval = [14.171 ms; 14.204 ms] (CI 99.9%), Margin = 0.017 ms (0.12% of Mean)
Skewness = -0.01, Kurtosis = 1.57, MValue = 2

// ** Remained 20 (52.6 %) benchmark(s) to run. Estimated finish 2026-08-20 12:46 (0h 1m from now) **
// ***** BenchmarkRunner: Finish  *****

// * Export *
  tmp/dotnet-matrix/ZipArchives/50133ba64e5f404ab4c0b703af394d1a/results/Matrix.ZipArchives.Benchmarks.DecompressEntry-report.csv
  tmp/dotnet-matrix/ZipArchives/50133ba64e5f404ab4c0b703af394d1a/results/Matrix.ZipArchives.Benchmarks.DecompressEntry-report-github.md
  tmp/dotnet-matrix/ZipArchives/50133ba64e5f404ab4c0b703af394d1a/results/Matrix.ZipArchives.Benchmarks.DecompressEntry-report.html
  tmp/dotnet-matrix/ZipArchives/50133ba64e5f404ab4c0b703af394d1a/results/Matrix.ZipArchives.Benchmarks.DecompressEntry-report-full.json

// * Detailed results *
DecompressEntry.SystemIOCompression: Quick(MaxRelativeError=0.05, Arguments=/p:MatrixMode=Benchmark, IterationTime=250ms, MaxIterationCount=12, MaxWarmupIterationCount=5, MinIterationCount=8, MinWarmupIterationCount=3)
Runtime = .NET 10.0.11 (10.0.11, 10.0.1126.37416), X64 RyuJIT x86-64-v3; GC = Concurrent Workstation
Mean = 14.188 ms, StdErr = 0.003 ms (0.02%), N = 8, StdDev = 0.009 ms
Min = 14.175 ms, Q1 = 14.183 ms, Median = 14.188 ms, Q3 = 14.191 ms, Max = 14.201 ms
IQR = 0.008 ms, LowerFence = 14.171 ms, UpperFence = 14.203 ms
ConfidenceInterval = [14.171 ms; 14.204 ms] (CI 99.9%), Margin = 0.017 ms (0.12% of Mean)
Skewness = -0.01, Kurtosis = 1.57, MValue = 2
-------------------- Histogram --------------------
[14.170 ms ; 14.207 ms) | @@@@@@@@
---------------------------------------------------

DecompressEntry.SharpZipLib: Quick(MaxRelativeError=0.05, Arguments=/p:MatrixMode=Benchmark, IterationTime=250ms, MaxIterationCount=12, MaxWarmupIterationCount=5, MinIterationCount=8, MinWarmupIterationCount=3)
Runtime = .NET 10.0.11 (10.0.11, 10.0.1126.37416), X64 RyuJIT x86-64-v3; GC = Concurrent Workstation
Mean = 14.297 ms, StdErr = 0.006 ms (0.04%), N = 7, StdDev = 0.016 ms
Min = 14.265 ms, Q1 = 14.293 ms, Median = 14.302 ms, Q3 = 14.305 ms, Max = 14.312 ms
IQR = 0.012 ms, LowerFence = 14.275 ms, UpperFence = 14.324 ms
ConfidenceInterval = [14.261 ms; 14.332 ms] (CI 99.9%), Margin = 0.035 ms (0.25% of Mean)
Skewness = -0.98, Kurtosis = 2.46, MValue = 2
-------------------- Histogram --------------------
[14.254 ms ; 14.322 ms) | @@@@@@@
---------------------------------------------------

DecompressEntry.SharpCompress: Quick(MaxRelativeError=0.05, Arguments=/p:MatrixMode=Benchmark, IterationTime=250ms, MaxIterationCount=12, MaxWarmupIterationCount=5, MinIterationCount=8, MinWarmupIterationCount=3)
Runtime = .NET 10.0.11 (10.0.11, 10.0.1126.37416), X64 RyuJIT x86-64-v3; GC = Concurrent Workstation
Mean = 14.835 ms, StdErr = 0.014 ms (0.09%), N = 8, StdDev = 0.039 ms
Min = 14.791 ms, Q1 = 14.806 ms, Median = 14.830 ms, Q3 = 14.853 ms, Max = 14.899 ms
IQR = 0.048 ms, LowerFence = 14.734 ms, UpperFence = 14.925 ms
ConfidenceInterval = [14.760 ms; 14.910 ms] (CI 99.9%), Margin = 0.075 ms (0.50% of Mean)
Skewness = 0.39, Kurtosis = 1.48, MValue = 2
-------------------- Histogram --------------------
[14.766 ms ; 14.925 ms) | @@@@@@@@
---------------------------------------------------

// * Summary *

BenchmarkDotNet v0.15.8, Linux Ubuntu 24.04.4 LTS (Noble Numbat)
AMD EPYC 7763 2.45GHz, 1 CPU, 4 logical and 2 physical cores
.NET SDK 10.0.400
  [Host] : .NET 10.0.11 (10.0.11, 10.0.1126.37416), X64 RyuJIT x86-64-v3
  Quick  : .NET 10.0.11 (10.0.11, 10.0.1126.37416), X64 RyuJIT x86-64-v3

Job=Quick  MaxRelativeError=0.05  Arguments=/p:MatrixMode=Benchmark  
IterationTime=250ms  MaxIterationCount=12  MaxWarmupIterationCount=5  
MinIterationCount=8  MinWarmupIterationCount=3  

| Method              | Mean     | Error    | StdDev   | Ratio | Allocated | Alloc Ratio |
|-------------------- |---------:|---------:|---------:|------:|----------:|------------:|
| SystemIOCompression | 14.19 ms | 0.017 ms | 0.009 ms |  1.00 |   5.38 KB |        1.00 |
| SharpZipLib         | 14.30 ms | 0.035 ms | 0.016 ms |  1.01 |  41.05 KB |        7.63 |
| SharpCompress       | 14.83 ms | 0.075 ms | 0.039 ms |  1.05 |  33.56 KB |        6.23 |

// * Hints *
Outliers
  DecompressEntry.SharpZipLib: Quick -> 1 outlier  was  removed, 2 outliers were detected (14.27 ms, 14.33 ms)

// * Legends *
  Mean        : Arithmetic mean of all measurements
  Error       : Half of 99.9% confidence interval
  StdDev      : Standard deviation of all measurements
  Ratio       : Mean of the ratio distribution ([Current]/[Baseline])
  Allocated   : Allocated memory per single operation (managed only, inclusive, 1KB = 1024B)
  Alloc Ratio : Allocated memory ratio distribution ([Current]/[Baseline])
  1 ms        : 1 Millisecond (0.001 sec)

// * Diagnostic Output - MemoryDiagnoser *


// ***** BenchmarkRunner: End *****
Run time: 00:00:10 (10.33 sec), executed benchmarks: 3

// Found 3 benchmarks:
//   ExtractManySmallEntries.SharpCompress: Quick(MaxRelativeError=0.05, Arguments=/p:MatrixMode=Benchmark, IterationTime=250ms, MaxIterationCount=12, MaxWarmupIterationCount=5, MinIterationCount=8, MinWarmupIterationCount=3)
//   ExtractManySmallEntries.SharpZipLib: Quick(MaxRelativeError=0.05, Arguments=/p:MatrixMode=Benchmark, IterationTime=250ms, MaxIterationCount=12, MaxWarmupIterationCount=5, MinIterationCount=8, MinWarmupIterationCount=3)
//   ExtractManySmallEntries.SystemIOCompression: Quick(MaxRelativeError=0.05, Arguments=/p:MatrixMode=Benchmark, IterationTime=250ms, MaxIterationCount=12, MaxWarmupIterationCount=5, MinIterationCount=8, MinWarmupIterationCount=3)

// **************************
// Benchmark: ExtractManySmallEntries.SharpCompress: Quick(MaxRelativeError=0.05, Arguments=/p:MatrixMode=Benchmark, IterationTime=250ms, MaxIterationCount=12, MaxWarmupIterationCount=5, MinIterationCount=8, MinWarmupIterationCount=3)
// *** Execute ***
// Launch: 1 / 1
// Execute: dotnet Matrix.ZipArchives-Quick-1.dll --anonymousPipes 127 128 --benchmarkName Matrix.ZipArchives.Benchmarks.ExtractManySmallEntries.SharpCompress --job Quick --benchmarkId 18 in /home/runner/work/dotnet-matrix/dotnet-matrix/src/Matrix.ZipArchives/bin/Benchmark/Release/net10.0/Matrix.ZipArchives-Quick-1/bin/Release/net10.0
// Failed to set up high priority (Permission denied). In order to run benchmarks with high priority, make sure you have the right permissions.
// BeforeAnythingElse

// Benchmark Process Environment Information:
// BenchmarkDotNet v0.15.8
// Runtime=.NET 10.0.11 (10.0.11, 10.0.1126.37416), X64 RyuJIT x86-64-v3
// GC=Concurrent Workstation
// HardwareIntrinsics=AVX2+BMI1+BMI2+F16C+FMA+LZCNT+MOVBE,AVX,SSE3+SSSE3+SSE4.1+SSE4.2+POPCNT,X86Base+SSE+SSE2,AES+PCLMUL VectorSize=256
// Job: Quick(MaxRelativeError=0.05, IterationTime=250ms, MaxIterationCount=12, MaxWarmupIterationCount=5, MinIterationCount=8, MinWarmupIterationCount=3)

OverheadJitting  1: 1 op, 213552.00 ns, 213.5520 us/op
WorkloadJitting  1: 1 op, 71158875.00 ns, 71.1589 ms/op

WorkloadPilot    1: 4 op, 142519349.00 ns, 35.6298 ms/op
WorkloadPilot    2: 7 op, 246742513.00 ns, 35.2489 ms/op

WorkloadWarmup   1: 7 op, 222105487.00 ns, 31.7294 ms/op
WorkloadWarmup   2: 7 op, 207995070.00 ns, 29.7136 ms/op
WorkloadWarmup   3: 7 op, 155093107.00 ns, 22.1562 ms/op
WorkloadWarmup   4: 7 op, 125463559.00 ns, 17.9234 ms/op
WorkloadWarmup   5: 7 op, 124122233.00 ns, 17.7317 ms/op

// BeforeActualRun
WorkloadActual   1: 7 op, 136742951.00 ns, 19.5347 ms/op
WorkloadActual   2: 7 op, 124543404.00 ns, 17.7919 ms/op
WorkloadActual   3: 7 op, 124235896.00 ns, 17.7480 ms/op
WorkloadActual   4: 7 op, 122774700.00 ns, 17.5392 ms/op
WorkloadActual   5: 7 op, 122087920.00 ns, 17.4411 ms/op
WorkloadActual   6: 7 op, 121921517.00 ns, 17.4174 ms/op
WorkloadActual   7: 7 op, 128371668.00 ns, 18.3388 ms/op
WorkloadActual   8: 7 op, 122869669.00 ns, 17.5528 ms/op

// AfterActualRun
WorkloadResult   1: 7 op, 124543404.00 ns, 17.7919 ms/op
WorkloadResult   2: 7 op, 124235896.00 ns, 17.7480 ms/op
WorkloadResult   3: 7 op, 122774700.00 ns, 17.5392 ms/op
WorkloadResult   4: 7 op, 122087920.00 ns, 17.4411 ms/op
WorkloadResult   5: 7 op, 121921517.00 ns, 17.4174 ms/op
WorkloadResult   6: 7 op, 128371668.00 ns, 18.3388 ms/op
WorkloadResult   7: 7 op, 122869669.00 ns, 17.5528 ms/op
// GC:  0 0 0 16664032 7
// Threading:  0 0 7

// AfterAll
// Benchmark Process 3760 has exited with code 0.

Mean = 17.690 ms, StdErr = 0.121 ms (0.68%), N = 7, StdDev = 0.320 ms
Min = 17.417 ms, Q1 = 17.490 ms, Median = 17.553 ms, Q3 = 17.770 ms, Max = 18.339 ms
IQR = 0.280 ms, LowerFence = 17.071 ms, UpperFence = 18.190 ms
ConfidenceInterval = [16.970 ms; 18.410 ms] (CI 99.9%), Margin = 0.720 ms (4.07% of Mean)
Skewness = 1.02, Kurtosis = 2.57, MValue = 2

// ** Remained 19 (50.0 %) benchmark(s) to run. Estimated finish 2026-08-20 12:46 (0h 1m from now) **
// **************************
// Benchmark: ExtractManySmallEntries.SharpZipLib: Quick(MaxRelativeError=0.05, Arguments=/p:MatrixMode=Benchmark, IterationTime=250ms, MaxIterationCount=12, MaxWarmupIterationCount=5, MinIterationCount=8, MinWarmupIterationCount=3)
// *** Execute ***
// Launch: 1 / 1
// Execute: dotnet Matrix.ZipArchives-Quick-1.dll --anonymousPipes 127 128 --benchmarkName Matrix.ZipArchives.Benchmarks.ExtractManySmallEntries.SharpZipLib --job Quick --benchmarkId 19 in /home/runner/work/dotnet-matrix/dotnet-matrix/src/Matrix.ZipArchives/bin/Benchmark/Release/net10.0/Matrix.ZipArchives-Quick-1/bin/Release/net10.0
// Failed to set up high priority (Permission denied). In order to run benchmarks with high priority, make sure you have the right permissions.
// BeforeAnythingElse

// Benchmark Process Environment Information:
// BenchmarkDotNet v0.15.8
// Runtime=.NET 10.0.11 (10.0.11, 10.0.1126.37416), X64 RyuJIT x86-64-v3
// GC=Concurrent Workstation
// HardwareIntrinsics=AVX2+BMI1+BMI2+F16C+FMA+LZCNT+MOVBE,AVX,SSE3+SSSE3+SSE4.1+SSE4.2+POPCNT,X86Base+SSE+SSE2,AES+PCLMUL VectorSize=256
// Job: Quick(MaxRelativeError=0.05, IterationTime=250ms, MaxIterationCount=12, MaxWarmupIterationCount=5, MinIterationCount=8, MinWarmupIterationCount=3)

OverheadJitting  1: 1 op, 215284.00 ns, 215.2840 us/op
WorkloadJitting  1: 1 op, 47519944.00 ns, 47.5199 ms/op

WorkloadPilot    1: 4 op, 109251626.00 ns, 27.3129 ms/op
WorkloadPilot    2: 9 op, 233111646.00 ns, 25.9013 ms/op

WorkloadWarmup   1: 9 op, 154931753.00 ns, 17.2146 ms/op
WorkloadWarmup   2: 9 op, 152072990.00 ns, 16.8970 ms/op
WorkloadWarmup   3: 9 op, 148037687.00 ns, 16.4486 ms/op
WorkloadWarmup   4: 9 op, 164629969.00 ns, 18.2922 ms/op
WorkloadWarmup   5: 9 op, 147383718.00 ns, 16.3760 ms/op

// BeforeActualRun
WorkloadActual   1: 9 op, 148740428.00 ns, 16.5267 ms/op
WorkloadActual   2: 9 op, 147609482.00 ns, 16.4011 ms/op
WorkloadActual   3: 9 op, 147540152.00 ns, 16.3934 ms/op
WorkloadActual   4: 9 op, 148088843.00 ns, 16.4543 ms/op
WorkloadActual   5: 9 op, 145737694.00 ns, 16.1931 ms/op
WorkloadActual   6: 9 op, 145028442.00 ns, 16.1143 ms/op
WorkloadActual   7: 9 op, 144606849.00 ns, 16.0674 ms/op
WorkloadActual   8: 9 op, 144189525.00 ns, 16.0211 ms/op

// AfterActualRun
WorkloadResult   1: 9 op, 148740428.00 ns, 16.5267 ms/op
WorkloadResult   2: 9 op, 147609482.00 ns, 16.4011 ms/op
WorkloadResult   3: 9 op, 147540152.00 ns, 16.3934 ms/op
WorkloadResult   4: 9 op, 148088843.00 ns, 16.4543 ms/op
WorkloadResult   5: 9 op, 145737694.00 ns, 16.1931 ms/op
WorkloadResult   6: 9 op, 145028442.00 ns, 16.1143 ms/op
WorkloadResult   7: 9 op, 144606849.00 ns, 16.0674 ms/op
WorkloadResult   8: 9 op, 144189525.00 ns, 16.0211 ms/op
// GC:  20 3 0 339558264 9
// Threading:  0 0 9

// AfterAll
// Benchmark Process 3770 has exited with code 0.

Mean = 16.271 ms, StdErr = 0.069 ms (0.42%), N = 8, StdDev = 0.195 ms
Min = 16.021 ms, Q1 = 16.103 ms, Median = 16.293 ms, Q3 = 16.414 ms, Max = 16.527 ms
IQR = 0.312 ms, LowerFence = 15.635 ms, UpperFence = 16.882 ms
ConfidenceInterval = [15.899 ms; 16.644 ms] (CI 99.9%), Margin = 0.372 ms (2.29% of Mean)
Skewness = -0.03, Kurtosis = 1.06, MValue = 2

// ** Remained 18 (47.4 %) benchmark(s) to run. Estimated finish 2026-08-20 12:46 (0h 1m from now) **
// **************************
// Benchmark: ExtractManySmallEntries.SystemIOCompression: Quick(MaxRelativeError=0.05, Arguments=/p:MatrixMode=Benchmark, IterationTime=250ms, MaxIterationCount=12, MaxWarmupIterationCount=5, MinIterationCount=8, MinWarmupIterationCount=3)
// *** Execute ***
// Launch: 1 / 1
// Execute: dotnet Matrix.ZipArchives-Quick-1.dll --anonymousPipes 127 128 --benchmarkName Matrix.ZipArchives.Benchmarks.ExtractManySmallEntries.SystemIOCompression --job Quick --benchmarkId 20 in /home/runner/work/dotnet-matrix/dotnet-matrix/src/Matrix.ZipArchives/bin/Benchmark/Release/net10.0/Matrix.ZipArchives-Quick-1/bin/Release/net10.0
// Failed to set up high priority (Permission denied). In order to run benchmarks with high priority, make sure you have the right permissions.
// BeforeAnythingElse

// Benchmark Process Environment Information:
// BenchmarkDotNet v0.15.8
// Runtime=.NET 10.0.11 (10.0.11, 10.0.1126.37416), X64 RyuJIT x86-64-v3
// GC=Concurrent Workstation
// HardwareIntrinsics=AVX2+BMI1+BMI2+F16C+FMA+LZCNT+MOVBE,AVX,SSE3+SSSE3+SSE4.1+SSE4.2+POPCNT,X86Base+SSE+SSE2,AES+PCLMUL VectorSize=256
// Job: Quick(MaxRelativeError=0.05, IterationTime=250ms, MaxIterationCount=12, MaxWarmupIterationCount=5, MinIterationCount=8, MinWarmupIterationCount=3)

OverheadJitting  1: 1 op, 207340.00 ns, 207.3400 us/op
WorkloadJitting  1: 1 op, 26760401.00 ns, 26.7604 ms/op

WorkloadPilot    1: 4 op, 101267539.00 ns, 25.3169 ms/op
WorkloadPilot    2: 10 op, 245224611.00 ns, 24.5225 ms/op

WorkloadWarmup   1: 10 op, 217074217.00 ns, 21.7074 ms/op
WorkloadWarmup   2: 10 op, 152099160.00 ns, 15.2099 ms/op
WorkloadWarmup   3: 10 op, 151446884.00 ns, 15.1447 ms/op
WorkloadWarmup   4: 10 op, 156624384.00 ns, 15.6624 ms/op
WorkloadWarmup   5: 10 op, 151659644.00 ns, 15.1660 ms/op

// BeforeActualRun
WorkloadActual   1: 10 op, 153673599.00 ns, 15.3674 ms/op
WorkloadActual   2: 10 op, 151868766.00 ns, 15.1869 ms/op
WorkloadActual   3: 10 op, 151122745.00 ns, 15.1123 ms/op
WorkloadActual   4: 10 op, 150032757.00 ns, 15.0033 ms/op
WorkloadActual   5: 10 op, 150950521.00 ns, 15.0951 ms/op
WorkloadActual   6: 10 op, 150599462.00 ns, 15.0599 ms/op
WorkloadActual   7: 10 op, 150665165.00 ns, 15.0665 ms/op
WorkloadActual   8: 10 op, 151286332.00 ns, 15.1286 ms/op

// AfterActualRun
WorkloadResult   1: 10 op, 151868766.00 ns, 15.1869 ms/op
WorkloadResult   2: 10 op, 151122745.00 ns, 15.1123 ms/op
WorkloadResult   3: 10 op, 150032757.00 ns, 15.0033 ms/op
WorkloadResult   4: 10 op, 150950521.00 ns, 15.0951 ms/op
WorkloadResult   5: 10 op, 150599462.00 ns, 15.0599 ms/op
WorkloadResult   6: 10 op, 150665165.00 ns, 15.0665 ms/op
WorkloadResult   7: 10 op, 151286332.00 ns, 15.1286 ms/op
// GC:  0 0 0 10112320 10
// Threading:  0 0 10

// AfterAll
// Benchmark Process 3779 has exited with code 0.

Mean = 15.093 ms, StdErr = 0.022 ms (0.15%), N = 7, StdDev = 0.058 ms
Min = 15.003 ms, Q1 = 15.063 ms, Median = 15.095 ms, Q3 = 15.120 ms, Max = 15.187 ms
IQR = 0.057 ms, LowerFence = 14.977 ms, UpperFence = 15.206 ms
ConfidenceInterval = [14.962 ms; 15.224 ms] (CI 99.9%), Margin = 0.131 ms (0.87% of Mean)
Skewness = 0.06, Kurtosis = 1.82, MValue = 2

// ** Remained 17 (44.7 %) benchmark(s) to run. Estimated finish 2026-08-20 12:46 (0h 1m from now) **
// ***** BenchmarkRunner: Finish  *****

// * Export *
  tmp/dotnet-matrix/ZipArchives/50133ba64e5f404ab4c0b703af394d1a/results/Matrix.ZipArchives.Benchmarks.ExtractManySmallEntries-report.csv
  tmp/dotnet-matrix/ZipArchives/50133ba64e5f404ab4c0b703af394d1a/results/Matrix.ZipArchives.Benchmarks.ExtractManySmallEntries-report-github.md
  tmp/dotnet-matrix/ZipArchives/50133ba64e5f404ab4c0b703af394d1a/results/Matrix.ZipArchives.Benchmarks.ExtractManySmallEntries-report.html
  tmp/dotnet-matrix/ZipArchives/50133ba64e5f404ab4c0b703af394d1a/results/Matrix.ZipArchives.Benchmarks.ExtractManySmallEntries-report-full.json

// * Detailed results *
ExtractManySmallEntries.SystemIOCompression: Quick(MaxRelativeError=0.05, Arguments=/p:MatrixMode=Benchmark, IterationTime=250ms, MaxIterationCount=12, MaxWarmupIterationCount=5, MinIterationCount=8, MinWarmupIterationCount=3)
Runtime = .NET 10.0.11 (10.0.11, 10.0.1126.37416), X64 RyuJIT x86-64-v3; GC = Concurrent Workstation
Mean = 15.093 ms, StdErr = 0.022 ms (0.15%), N = 7, StdDev = 0.058 ms
Min = 15.003 ms, Q1 = 15.063 ms, Median = 15.095 ms, Q3 = 15.120 ms, Max = 15.187 ms
IQR = 0.057 ms, LowerFence = 14.977 ms, UpperFence = 15.206 ms
ConfidenceInterval = [14.962 ms; 15.224 ms] (CI 99.9%), Margin = 0.131 ms (0.87% of Mean)
Skewness = 0.06, Kurtosis = 1.82, MValue = 2
-------------------- Histogram --------------------
[14.963 ms ; 15.227 ms) | @@@@@@@
---------------------------------------------------

ExtractManySmallEntries.SharpZipLib: Quick(MaxRelativeError=0.05, Arguments=/p:MatrixMode=Benchmark, IterationTime=250ms, MaxIterationCount=12, MaxWarmupIterationCount=5, MinIterationCount=8, MinWarmupIterationCount=3)
Runtime = .NET 10.0.11 (10.0.11, 10.0.1126.37416), X64 RyuJIT x86-64-v3; GC = Concurrent Workstation
Mean = 16.271 ms, StdErr = 0.069 ms (0.42%), N = 8, StdDev = 0.195 ms
Min = 16.021 ms, Q1 = 16.103 ms, Median = 16.293 ms, Q3 = 16.414 ms, Max = 16.527 ms
IQR = 0.312 ms, LowerFence = 15.635 ms, UpperFence = 16.882 ms
ConfidenceInterval = [15.899 ms; 16.644 ms] (CI 99.9%), Margin = 0.372 ms (2.29% of Mean)
Skewness = -0.03, Kurtosis = 1.06, MValue = 2
-------------------- Histogram --------------------
[15.946 ms ; 16.625 ms) | @@@@@@@@
---------------------------------------------------

ExtractManySmallEntries.SharpCompress: Quick(MaxRelativeError=0.05, Arguments=/p:MatrixMode=Benchmark, IterationTime=250ms, MaxIterationCount=12, MaxWarmupIterationCount=5, MinIterationCount=8, MinWarmupIterationCount=3)
Runtime = .NET 10.0.11 (10.0.11, 10.0.1126.37416), X64 RyuJIT x86-64-v3; GC = Concurrent Workstation
Mean = 17.690 ms, StdErr = 0.121 ms (0.68%), N = 7, StdDev = 0.320 ms
Min = 17.417 ms, Q1 = 17.490 ms, Median = 17.553 ms, Q3 = 17.770 ms, Max = 18.339 ms
IQR = 0.280 ms, LowerFence = 17.071 ms, UpperFence = 18.190 ms
ConfidenceInterval = [16.970 ms; 18.410 ms] (CI 99.9%), Margin = 0.720 ms (4.07% of Mean)
Skewness = 1.02, Kurtosis = 2.57, MValue = 2
-------------------- Histogram --------------------
[17.385 ms ; 18.120 ms) | @@@@@@
[18.120 ms ; 18.558 ms) | @
---------------------------------------------------

// * Summary *

BenchmarkDotNet v0.15.8, Linux Ubuntu 24.04.4 LTS (Noble Numbat)
AMD EPYC 7763 2.45GHz, 1 CPU, 4 logical and 2 physical cores
.NET SDK 10.0.400
  [Host] : .NET 10.0.11 (10.0.11, 10.0.1126.37416), X64 RyuJIT x86-64-v3
  Quick  : .NET 10.0.11 (10.0.11, 10.0.1126.37416), X64 RyuJIT x86-64-v3

Job=Quick  MaxRelativeError=0.05  Arguments=/p:MatrixMode=Benchmark  
IterationTime=250ms  MaxIterationCount=12  MaxWarmupIterationCount=5  
MinIterationCount=8  MinWarmupIterationCount=3  

| Method              | Mean     | Error    | StdDev   | Ratio | RatioSD | Gen0      | Gen1     | Allocated   | Alloc Ratio |
|-------------------- |---------:|---------:|---------:|------:|--------:|----------:|---------:|------------:|------------:|
| SystemIOCompression | 15.09 ms | 0.131 ms | 0.058 ms |  1.00 |    0.01 |         - |        - |   987.53 KB |        1.00 |
| SharpZipLib         | 16.27 ms | 0.372 ms | 0.195 ms |  1.08 |    0.01 | 2222.2222 | 333.3333 | 36844.43 KB |       37.31 |
| SharpCompress       | 17.69 ms | 0.720 ms | 0.320 ms |  1.17 |    0.02 |         - |        - |  2324.78 KB |        2.35 |

// * Hints *
Outliers
  ExtractManySmallEntries.SystemIOCompression: Quick -> 1 outlier  was  removed (15.37 ms)
  ExtractManySmallEntries.SharpCompress: Quick       -> 1 outlier  was  removed (19.53 ms)

// * Legends *
  Mean        : Arithmetic mean of all measurements
  Error       : Half of 99.9% confidence interval
  StdDev      : Standard deviation of all measurements
  Ratio       : Mean of the ratio distribution ([Current]/[Baseline])
  RatioSD     : Standard deviation of the ratio distribution ([Current]/[Baseline])
  Gen0        : GC Generation 0 collects per 1000 operations
  Gen1        : GC Generation 1 collects per 1000 operations
  Allocated   : Allocated memory per single operation (managed only, inclusive, 1KB = 1024B)
  Alloc Ratio : Allocated memory ratio distribution ([Current]/[Baseline])
  1 ms        : 1 Millisecond (0.001 sec)

// * Diagnostic Output - MemoryDiagnoser *


// ***** BenchmarkRunner: End *****
Run time: 00:00:08 (8.37 sec), executed benchmarks: 3

// Found 3 benchmarks:
//   FindEntryByName.SharpCompress: Quick(MaxRelativeError=0.05, Arguments=/p:MatrixMode=Benchmark, IterationTime=250ms, MaxIterationCount=12, MaxWarmupIterationCount=5, MinIterationCount=8, MinWarmupIterationCount=3)
//   FindEntryByName.SharpZipLib: Quick(MaxRelativeError=0.05, Arguments=/p:MatrixMode=Benchmark, IterationTime=250ms, MaxIterationCount=12, MaxWarmupIterationCount=5, MinIterationCount=8, MinWarmupIterationCount=3)
//   FindEntryByName.SystemIOCompression: Quick(MaxRelativeError=0.05, Arguments=/p:MatrixMode=Benchmark, IterationTime=250ms, MaxIterationCount=12, MaxWarmupIterationCount=5, MinIterationCount=8, MinWarmupIterationCount=3)

// **************************
// Benchmark: FindEntryByName.SharpCompress: Quick(MaxRelativeError=0.05, Arguments=/p:MatrixMode=Benchmark, IterationTime=250ms, MaxIterationCount=12, MaxWarmupIterationCount=5, MinIterationCount=8, MinWarmupIterationCount=3)
// *** Execute ***
// Launch: 1 / 1
// Execute: dotnet Matrix.ZipArchives-Quick-1.dll --anonymousPipes 127 128 --benchmarkName Matrix.ZipArchives.Benchmarks.FindEntryByName.SharpCompress --job Quick --benchmarkId 21 in /home/runner/work/dotnet-matrix/dotnet-matrix/src/Matrix.ZipArchives/bin/Benchmark/Release/net10.0/Matrix.ZipArchives-Quick-1/bin/Release/net10.0
// Failed to set up high priority (Permission denied). In order to run benchmarks with high priority, make sure you have the right permissions.
// BeforeAnythingElse

// Benchmark Process Environment Information:
// BenchmarkDotNet v0.15.8
// Runtime=.NET 10.0.11 (10.0.11, 10.0.1126.37416), X64 RyuJIT x86-64-v3
// GC=Concurrent Workstation
// HardwareIntrinsics=AVX2+BMI1+BMI2+F16C+FMA+LZCNT+MOVBE,AVX,SSE3+SSSE3+SSE4.1+SSE4.2+POPCNT,X86Base+SSE+SSE2,AES+PCLMUL VectorSize=256
// Job: Quick(MaxRelativeError=0.05, IterationTime=250ms, MaxIterationCount=12, MaxWarmupIterationCount=5, MinIterationCount=8, MinWarmupIterationCount=3)

OverheadJitting  1: 1 op, 213902.00 ns, 213.9020 us/op
WorkloadJitting  1: 1 op, 26369075.00 ns, 26.3691 ms/op

WorkloadPilot    1: 4 op, 19617728.00 ns, 4.9044 ms/op
WorkloadPilot    2: 51 op, 212215256.00 ns, 4.1611 ms/op
WorkloadPilot    3: 60 op, 186053740.00 ns, 3.1009 ms/op
WorkloadPilot    4: 81 op, 208988722.00 ns, 2.5801 ms/op
WorkloadPilot    5: 97 op, 120531384.00 ns, 1.2426 ms/op
WorkloadPilot    6: 201 op, 192325388.00 ns, 956.8427 us/op
WorkloadPilot    7: 261 op, 246563178.00 ns, 944.6865 us/op
WorkloadPilot    8: 265 op, 251420636.00 ns, 948.7571 us/op

WorkloadWarmup   1: 265 op, 247398337.00 ns, 933.5786 us/op
WorkloadWarmup   2: 265 op, 252351485.00 ns, 952.2698 us/op
WorkloadWarmup   3: 265 op, 249336439.00 ns, 940.8922 us/op
WorkloadWarmup   4: 265 op, 250628057.00 ns, 945.7663 us/op
WorkloadWarmup   5: 265 op, 248561293.00 ns, 937.9671 us/op

// BeforeActualRun
WorkloadActual   1: 265 op, 252558184.00 ns, 953.0498 us/op
WorkloadActual   2: 265 op, 252188499.00 ns, 951.6547 us/op
WorkloadActual   3: 265 op, 256233481.00 ns, 966.9188 us/op
WorkloadActual   4: 265 op, 258907536.00 ns, 977.0096 us/op
WorkloadActual   5: 265 op, 256122993.00 ns, 966.5019 us/op
WorkloadActual   6: 265 op, 252066931.00 ns, 951.1960 us/op
WorkloadActual   7: 265 op, 249615464.00 ns, 941.9451 us/op
WorkloadActual   8: 265 op, 254407178.00 ns, 960.0271 us/op

// AfterActualRun
WorkloadResult   1: 265 op, 252558184.00 ns, 953.0498 us/op
WorkloadResult   2: 265 op, 252188499.00 ns, 951.6547 us/op
WorkloadResult   3: 265 op, 256233481.00 ns, 966.9188 us/op
WorkloadResult   4: 265 op, 258907536.00 ns, 977.0096 us/op
WorkloadResult   5: 265 op, 256122993.00 ns, 966.5019 us/op
WorkloadResult   6: 265 op, 252066931.00 ns, 951.1960 us/op
WorkloadResult   7: 265 op, 249615464.00 ns, 941.9451 us/op
WorkloadResult   8: 265 op, 254407178.00 ns, 960.0271 us/op
// GC:  10 3 0 179246000 265
// Threading:  0 0 265

// AfterAll
// Benchmark Process 3788 has exited with code 0.

Mean = 958.538 μs, StdErr = 3.973 μs (0.41%), N = 8, StdDev = 11.236 μs
Min = 941.945 μs, Q1 = 951.540 μs, Median = 956.538 μs, Q3 = 966.606 μs, Max = 977.010 μs
IQR = 15.066 μs, LowerFence = 928.941 μs, UpperFence = 989.205 μs
ConfidenceInterval = [937.054 μs; 980.022 μs] (CI 99.9%), Margin = 21.484 μs (2.24% of Mean)
Skewness = 0.17, Kurtosis = 1.63, MValue = 2

// ** Remained 16 (42.1 %) benchmark(s) to run. Estimated finish 2026-08-20 12:46 (0h 1m from now) **
// **************************
// Benchmark: FindEntryByName.SharpZipLib: Quick(MaxRelativeError=0.05, Arguments=/p:MatrixMode=Benchmark, IterationTime=250ms, MaxIterationCount=12, MaxWarmupIterationCount=5, MinIterationCount=8, MinWarmupIterationCount=3)
// *** Execute ***
// Launch: 1 / 1
// Execute: dotnet Matrix.ZipArchives-Quick-1.dll --anonymousPipes 127 128 --benchmarkName Matrix.ZipArchives.Benchmarks.FindEntryByName.SharpZipLib --job Quick --benchmarkId 22 in /home/runner/work/dotnet-matrix/dotnet-matrix/src/Matrix.ZipArchives/bin/Benchmark/Release/net10.0/Matrix.ZipArchives-Quick-1/bin/Release/net10.0
// Failed to set up high priority (Permission denied). In order to run benchmarks with high priority, make sure you have the right permissions.
// BeforeAnythingElse

// Benchmark Process Environment Information:
// BenchmarkDotNet v0.15.8
// Runtime=.NET 10.0.11 (10.0.11, 10.0.1126.37416), X64 RyuJIT x86-64-v3
// GC=Concurrent Workstation
// HardwareIntrinsics=AVX2+BMI1+BMI2+F16C+FMA+LZCNT+MOVBE,AVX,SSE3+SSSE3+SSE4.1+SSE4.2+POPCNT,X86Base+SSE+SSE2,AES+PCLMUL VectorSize=256
// Job: Quick(MaxRelativeError=0.05, IterationTime=250ms, MaxIterationCount=12, MaxWarmupIterationCount=5, MinIterationCount=8, MinWarmupIterationCount=3)

OverheadJitting  1: 1 op, 218972.00 ns, 218.9720 us/op
WorkloadJitting  1: 1 op, 7715811.00 ns, 7.7158 ms/op

OverheadJitting  2: 16 op, 250731.00 ns, 15.6707 us/op
WorkloadJitting  2: 16 op, 26173669.00 ns, 1.6359 ms/op

WorkloadPilot    1: 16 op, 13333067.00 ns, 833.3167 us/op
WorkloadPilot    2: 304 op, 296219647.00 ns, 974.4067 us/op
WorkloadPilot    3: 272 op, 121827423.00 ns, 447.8949 us/op
WorkloadPilot    4: 560 op, 128570874.00 ns, 229.5908 us/op
WorkloadPilot    5: 1104 op, 252421126.00 ns, 228.6423 us/op

OverheadWarmup   1: 1104 op, 7905.00 ns, 7.1603 ns/op
OverheadWarmup   2: 1104 op, 4839.00 ns, 4.3832 ns/op
OverheadWarmup   3: 1104 op, 4879.00 ns, 4.4194 ns/op
OverheadWarmup   4: 1104 op, 4960.00 ns, 4.4928 ns/op
OverheadWarmup   5: 1104 op, 4880.00 ns, 4.4203 ns/op
OverheadWarmup   6: 1104 op, 4829.00 ns, 4.3741 ns/op
OverheadWarmup   7: 1104 op, 4849.00 ns, 4.3922 ns/op
OverheadWarmup   8: 1104 op, 4970.00 ns, 4.5018 ns/op
OverheadWarmup   9: 1104 op, 4910.00 ns, 4.4475 ns/op

OverheadActual   1: 1104 op, 4930.00 ns, 4.4656 ns/op
OverheadActual   2: 1104 op, 4960.00 ns, 4.4928 ns/op
OverheadActual   3: 1104 op, 4949.00 ns, 4.4828 ns/op
OverheadActual   4: 1104 op, 4819.00 ns, 4.3650 ns/op
OverheadActual   5: 1104 op, 4849.00 ns, 4.3922 ns/op
OverheadActual   6: 1104 op, 4869.00 ns, 4.4103 ns/op
OverheadActual   7: 1104 op, 5240.00 ns, 4.7464 ns/op
OverheadActual   8: 1104 op, 4778.00 ns, 4.3279 ns/op

WorkloadWarmup   1: 1104 op, 264053367.00 ns, 239.1788 us/op
WorkloadWarmup   2: 1104 op, 262307756.00 ns, 237.5976 us/op
WorkloadWarmup   3: 1104 op, 248841259.00 ns, 225.3997 us/op
WorkloadWarmup   4: 1104 op, 250873989.00 ns, 227.2409 us/op
WorkloadWarmup   5: 1104 op, 256660153.00 ns, 232.4820 us/op

// BeforeActualRun
WorkloadActual   1: 1104 op, 262065341.00 ns, 237.3780 us/op
WorkloadActual   2: 1104 op, 253810277.00 ns, 229.9006 us/op
WorkloadActual   3: 1104 op, 251038298.00 ns, 227.3898 us/op
WorkloadActual   4: 1104 op, 251148405.00 ns, 227.4895 us/op
WorkloadActual   5: 1104 op, 255182216.00 ns, 231.1433 us/op
WorkloadActual   6: 1104 op, 250606231.00 ns, 226.9984 us/op
WorkloadActual   7: 1104 op, 250357835.00 ns, 226.7734 us/op
WorkloadActual   8: 1104 op, 250507025.00 ns, 226.9085 us/op

// AfterActualRun
WorkloadResult   1: 1104 op, 253805377.50 ns, 229.8962 us/op
WorkloadResult   2: 1104 op, 251033398.50 ns, 227.3853 us/op
WorkloadResult   3: 1104 op, 251143505.50 ns, 227.4851 us/op
WorkloadResult   4: 1104 op, 255177316.50 ns, 231.1389 us/op
WorkloadResult   5: 1104 op, 250601331.50 ns, 226.9940 us/op
WorkloadResult   6: 1104 op, 250352935.50 ns, 226.7690 us/op
WorkloadResult   7: 1104 op, 250502125.50 ns, 226.9041 us/op
// GC:  20 5 0 345062112 1104
// Threading:  0 0 1104

// AfterAll
// Benchmark Process 3800 has exited with code 0.

Mean = 228.082 μs, StdErr = 0.651 μs (0.29%), N = 7, StdDev = 1.721 μs
Min = 226.769 μs, Q1 = 226.949 μs, Median = 227.385 μs, Q3 = 228.691 μs, Max = 231.139 μs
IQR = 1.742 μs, LowerFence = 224.337 μs, UpperFence = 231.303 μs
ConfidenceInterval = [224.206 μs; 231.958 μs] (CI 99.9%), Margin = 3.876 μs (1.70% of Mean)
Skewness = 0.81, Kurtosis = 1.71, MValue = 2

// ** Remained 15 (39.5 %) benchmark(s) to run. Estimated finish 2026-08-20 12:46 (0h 1m from now) **
// **************************
// Benchmark: FindEntryByName.SystemIOCompression: Quick(MaxRelativeError=0.05, Arguments=/p:MatrixMode=Benchmark, IterationTime=250ms, MaxIterationCount=12, MaxWarmupIterationCount=5, MinIterationCount=8, MinWarmupIterationCount=3)
// *** Execute ***
// Launch: 1 / 1
// Execute: dotnet Matrix.ZipArchives-Quick-1.dll --anonymousPipes 127 128 --benchmarkName Matrix.ZipArchives.Benchmarks.FindEntryByName.SystemIOCompression --job Quick --benchmarkId 23 in /home/runner/work/dotnet-matrix/dotnet-matrix/src/Matrix.ZipArchives/bin/Benchmark/Release/net10.0/Matrix.ZipArchives-Quick-1/bin/Release/net10.0
// Failed to set up high priority (Permission denied). In order to run benchmarks with high priority, make sure you have the right permissions.
// BeforeAnythingElse

// Benchmark Process Environment Information:
// BenchmarkDotNet v0.15.8
// Runtime=.NET 10.0.11 (10.0.11, 10.0.1126.37416), X64 RyuJIT x86-64-v3
// GC=Concurrent Workstation
// HardwareIntrinsics=AVX2+BMI1+BMI2+F16C+FMA+LZCNT+MOVBE,AVX,SSE3+SSSE3+SSE4.1+SSE4.2+POPCNT,X86Base+SSE+SSE2,AES+PCLMUL VectorSize=256
// Job: Quick(MaxRelativeError=0.05, IterationTime=250ms, MaxIterationCount=12, MaxWarmupIterationCount=5, MinIterationCount=8, MinWarmupIterationCount=3)

OverheadJitting  1: 1 op, 212519.00 ns, 212.5190 us/op
WorkloadJitting  1: 1 op, 1494288.00 ns, 1.4943 ms/op

OverheadJitting  2: 16 op, 227878.00 ns, 14.2424 us/op
WorkloadJitting  2: 16 op, 11420543.00 ns, 713.7839 us/op

WorkloadPilot    1: 16 op, 8111945.00 ns, 506.9966 us/op
WorkloadPilot    2: 496 op, 190233441.00 ns, 383.5352 us/op
WorkloadPilot    3: 656 op, 207881361.00 ns, 316.8923 us/op
WorkloadPilot    4: 800 op, 151137927.00 ns, 188.9224 us/op
WorkloadPilot    5: 1328 op, 252290516.00 ns, 189.9778 us/op

OverheadWarmup   1: 1328 op, 5671.00 ns, 4.2703 ns/op
OverheadWarmup   2: 1328 op, 3486.00 ns, 2.6250 ns/op
OverheadWarmup   3: 1328 op, 3487.00 ns, 2.6258 ns/op
OverheadWarmup   4: 1328 op, 3467.00 ns, 2.6107 ns/op
OverheadWarmup   5: 1328 op, 3497.00 ns, 2.6333 ns/op
OverheadWarmup   6: 1328 op, 3487.00 ns, 2.6258 ns/op

OverheadActual   1: 1328 op, 3527.00 ns, 2.6559 ns/op
OverheadActual   2: 1328 op, 3507.00 ns, 2.6408 ns/op
OverheadActual   3: 1328 op, 3517.00 ns, 2.6483 ns/op
OverheadActual   4: 1328 op, 3857.00 ns, 2.9044 ns/op
OverheadActual   5: 1328 op, 3867.00 ns, 2.9119 ns/op
OverheadActual   6: 1328 op, 3626.00 ns, 2.7304 ns/op
OverheadActual   7: 1328 op, 3637.00 ns, 2.7387 ns/op
OverheadActual   8: 1328 op, 3847.00 ns, 2.8968 ns/op
OverheadActual   9: 1328 op, 3848.00 ns, 2.8976 ns/op
OverheadActual  10: 1328 op, 3877.00 ns, 2.9194 ns/op
OverheadActual  11: 1328 op, 3898.00 ns, 2.9352 ns/op
OverheadActual  12: 1328 op, 3868.00 ns, 2.9127 ns/op

WorkloadWarmup   1: 1328 op, 263148923.00 ns, 198.1543 us/op
WorkloadWarmup   2: 1328 op, 263974175.00 ns, 198.7757 us/op
WorkloadWarmup   3: 1328 op, 249396226.00 ns, 187.7984 us/op
WorkloadWarmup   4: 1328 op, 247549637.00 ns, 186.4079 us/op
WorkloadWarmup   5: 1328 op, 246168691.00 ns, 185.3680 us/op

// BeforeActualRun
WorkloadActual   1: 1328 op, 250465827.00 ns, 188.6038 us/op
WorkloadActual   2: 1328 op, 252215906.00 ns, 189.9216 us/op
WorkloadActual   3: 1328 op, 250440209.00 ns, 188.5845 us/op
WorkloadActual   4: 1328 op, 250309814.00 ns, 188.4863 us/op
WorkloadActual   5: 1328 op, 250062960.00 ns, 188.3004 us/op
WorkloadActual   6: 1328 op, 249199457.00 ns, 187.6502 us/op
WorkloadActual   7: 1328 op, 249993309.00 ns, 188.2480 us/op
WorkloadActual   8: 1328 op, 249915653.00 ns, 188.1895 us/op

// AfterActualRun
WorkloadResult   1: 1328 op, 250461979.50 ns, 188.6009 us/op
WorkloadResult   2: 1328 op, 250436361.50 ns, 188.5816 us/op
WorkloadResult   3: 1328 op, 250305966.50 ns, 188.4834 us/op
WorkloadResult   4: 1328 op, 250059112.50 ns, 188.2975 us/op
WorkloadResult   5: 1328 op, 249195609.50 ns, 187.6473 us/op
WorkloadResult   6: 1328 op, 249989461.50 ns, 188.2451 us/op
WorkloadResult   7: 1328 op, 249911805.50 ns, 188.1866 us/op
// GC:  53 18 0 896654976 1328
// Threading:  0 0 1328

// AfterAll
// Benchmark Process 3810 has exited with code 0.

Mean = 188.292 μs, StdErr = 0.124 μs (0.07%), N = 7, StdDev = 0.328 μs
Min = 187.647 μs, Q1 = 188.216 μs, Median = 188.298 μs, Q3 = 188.533 μs, Max = 188.601 μs
IQR = 0.317 μs, LowerFence = 187.741 μs, UpperFence = 189.007 μs
ConfidenceInterval = [187.553 μs; 189.030 μs] (CI 99.9%), Margin = 0.738 μs (0.39% of Mean)
Skewness = -0.84, Kurtosis = 2.35, MValue = 2

// ** Remained 14 (36.8 %) benchmark(s) to run. Estimated finish 2026-08-20 12:46 (0h 1m from now) **
// ***** BenchmarkRunner: Finish  *****

// * Export *
  tmp/dotnet-matrix/ZipArchives/50133ba64e5f404ab4c0b703af394d1a/results/Matrix.ZipArchives.Benchmarks.FindEntryByName-report.csv
  tmp/dotnet-matrix/ZipArchives/50133ba64e5f404ab4c0b703af394d1a/results/Matrix.ZipArchives.Benchmarks.FindEntryByName-report-github.md
  tmp/dotnet-matrix/ZipArchives/50133ba64e5f404ab4c0b703af394d1a/results/Matrix.ZipArchives.Benchmarks.FindEntryByName-report.html
  tmp/dotnet-matrix/ZipArchives/50133ba64e5f404ab4c0b703af394d1a/results/Matrix.ZipArchives.Benchmarks.FindEntryByName-report-full.json

// * Detailed results *
FindEntryByName.SystemIOCompression: Quick(MaxRelativeError=0.05, Arguments=/p:MatrixMode=Benchmark, IterationTime=250ms, MaxIterationCount=12, MaxWarmupIterationCount=5, MinIterationCount=8, MinWarmupIterationCount=3)
Runtime = .NET 10.0.11 (10.0.11, 10.0.1126.37416), X64 RyuJIT x86-64-v3; GC = Concurrent Workstation
Mean = 188.292 μs, StdErr = 0.124 μs (0.07%), N = 7, StdDev = 0.328 μs
Min = 187.647 μs, Q1 = 188.216 μs, Median = 188.298 μs, Q3 = 188.533 μs, Max = 188.601 μs
IQR = 0.317 μs, LowerFence = 187.741 μs, UpperFence = 189.007 μs
ConfidenceInterval = [187.553 μs; 189.030 μs] (CI 99.9%), Margin = 0.738 μs (0.39% of Mean)
Skewness = -0.84, Kurtosis = 2.35, MValue = 2
-------------------- Histogram --------------------
[187.422 μs ; 188.826 μs) | @@@@@@@
---------------------------------------------------

FindEntryByName.SharpZipLib: Quick(MaxRelativeError=0.05, Arguments=/p:MatrixMode=Benchmark, IterationTime=250ms, MaxIterationCount=12, MaxWarmupIterationCount=5, MinIterationCount=8, MinWarmupIterationCount=3)
Runtime = .NET 10.0.11 (10.0.11, 10.0.1126.37416), X64 RyuJIT x86-64-v3; GC = Concurrent Workstation
Mean = 228.082 μs, StdErr = 0.651 μs (0.29%), N = 7, StdDev = 1.721 μs
Min = 226.769 μs, Q1 = 226.949 μs, Median = 227.385 μs, Q3 = 228.691 μs, Max = 231.139 μs
IQR = 1.742 μs, LowerFence = 224.337 μs, UpperFence = 231.303 μs
ConfidenceInterval = [224.206 μs; 231.958 μs] (CI 99.9%), Margin = 3.876 μs (1.70% of Mean)
Skewness = 0.81, Kurtosis = 1.71, MValue = 2
-------------------- Histogram --------------------
[225.588 μs ; 232.320 μs) | @@@@@@@
---------------------------------------------------

FindEntryByName.SharpCompress: Quick(MaxRelativeError=0.05, Arguments=/p:MatrixMode=Benchmark, IterationTime=250ms, MaxIterationCount=12, MaxWarmupIterationCount=5, MinIterationCount=8, MinWarmupIterationCount=3)
Runtime = .NET 10.0.11 (10.0.11, 10.0.1126.37416), X64 RyuJIT x86-64-v3; GC = Concurrent Workstation
Mean = 958.538 μs, StdErr = 3.973 μs (0.41%), N = 8, StdDev = 11.236 μs
Min = 941.945 μs, Q1 = 951.540 μs, Median = 956.538 μs, Q3 = 966.606 μs, Max = 977.010 μs
IQR = 15.066 μs, LowerFence = 928.941 μs, UpperFence = 989.205 μs
ConfidenceInterval = [937.054 μs; 980.022 μs] (CI 99.9%), Margin = 21.484 μs (2.24% of Mean)
Skewness = 0.17, Kurtosis = 1.63, MValue = 2
-------------------- Histogram --------------------
[934.571 μs ; 984.383 μs) | @@@@@@@@
---------------------------------------------------

// * Summary *

BenchmarkDotNet v0.15.8, Linux Ubuntu 24.04.4 LTS (Noble Numbat)
AMD EPYC 7763 2.45GHz, 1 CPU, 4 logical and 2 physical cores
.NET SDK 10.0.400
  [Host] : .NET 10.0.11 (10.0.11, 10.0.1126.37416), X64 RyuJIT x86-64-v3
  Quick  : .NET 10.0.11 (10.0.11, 10.0.1126.37416), X64 RyuJIT x86-64-v3

Job=Quick  MaxRelativeError=0.05  Arguments=/p:MatrixMode=Benchmark  
IterationTime=250ms  MaxIterationCount=12  MaxWarmupIterationCount=5  
MinIterationCount=8  MinWarmupIterationCount=3  

| Method              | Mean     | Error    | StdDev   | Ratio | RatioSD | Gen0    | Gen1    | Allocated | Alloc Ratio |
|-------------------- |---------:|---------:|---------:|------:|--------:|--------:|--------:|----------:|------------:|
| SystemIOCompression | 188.3 μs |  0.74 μs |  0.33 μs |  1.00 |    0.00 | 39.9096 | 13.5542 | 659.37 KB |        1.00 |
| SharpZipLib         | 228.1 μs |  3.88 μs |  1.72 μs |  1.21 |    0.01 | 18.1159 |  4.5290 | 305.23 KB |        0.46 |
| SharpCompress       | 958.5 μs | 21.48 μs | 11.24 μs |  5.09 |    0.06 | 37.7358 | 11.3208 | 660.55 KB |        1.00 |

// * Hints *
Outliers
  FindEntryByName.SystemIOCompression: Quick -> 1 outlier  was  removed, 2 outliers were detected (187.65 μs, 189.92 μs)
  FindEntryByName.SharpZipLib: Quick         -> 1 outlier  was  removed (237.38 μs)

// * Legends *
  Mean        : Arithmetic mean of all measurements
  Error       : Half of 99.9% confidence interval
  StdDev      : Standard deviation of all measurements
  Ratio       : Mean of the ratio distribution ([Current]/[Baseline])
  RatioSD     : Standard deviation of the ratio distribution ([Current]/[Baseline])
  Gen0        : GC Generation 0 collects per 1000 operations
  Gen1        : GC Generation 1 collects per 1000 operations
  Allocated   : Allocated memory per single operation (managed only, inclusive, 1KB = 1024B)
  Alloc Ratio : Allocated memory ratio distribution ([Current]/[Baseline])
  1 μs        : 1 Microsecond (0.000001 sec)

// * Diagnostic Output - MemoryDiagnoser *


// ***** BenchmarkRunner: End *****
Run time: 00:00:14 (14.76 sec), executed benchmarks: 3

// Found 3 benchmarks:
//   ListEntries.SharpCompress: Quick(MaxRelativeError=0.05, Arguments=/p:MatrixMode=Benchmark, IterationTime=250ms, MaxIterationCount=12, MaxWarmupIterationCount=5, MinIterationCount=8, MinWarmupIterationCount=3)
//   ListEntries.SharpZipLib: Quick(MaxRelativeError=0.05, Arguments=/p:MatrixMode=Benchmark, IterationTime=250ms, MaxIterationCount=12, MaxWarmupIterationCount=5, MinIterationCount=8, MinWarmupIterationCount=3)
//   ListEntries.SystemIOCompression: Quick(MaxRelativeError=0.05, Arguments=/p:MatrixMode=Benchmark, IterationTime=250ms, MaxIterationCount=12, MaxWarmupIterationCount=5, MinIterationCount=8, MinWarmupIterationCount=3)

// **************************
// Benchmark: ListEntries.SharpCompress: Quick(MaxRelativeError=0.05, Arguments=/p:MatrixMode=Benchmark, IterationTime=250ms, MaxIterationCount=12, MaxWarmupIterationCount=5, MinIterationCount=8, MinWarmupIterationCount=3)
// *** Execute ***
// Launch: 1 / 1
// Execute: dotnet Matrix.ZipArchives-Quick-1.dll --anonymousPipes 127 128 --benchmarkName Matrix.ZipArchives.Benchmarks.ListEntries.SharpCompress --job Quick --benchmarkId 24 in /home/runner/work/dotnet-matrix/dotnet-matrix/src/Matrix.ZipArchives/bin/Benchmark/Release/net10.0/Matrix.ZipArchives-Quick-1/bin/Release/net10.0
// Failed to set up high priority (Permission denied). In order to run benchmarks with high priority, make sure you have the right permissions.
// BeforeAnythingElse

// Benchmark Process Environment Information:
// BenchmarkDotNet v0.15.8
// Runtime=.NET 10.0.11 (10.0.11, 10.0.1126.37416), X64 RyuJIT x86-64-v3
// GC=Concurrent Workstation
// HardwareIntrinsics=AVX2+BMI1+BMI2+F16C+FMA+LZCNT+MOVBE,AVX,SSE3+SSSE3+SSE4.1+SSE4.2+POPCNT,X86Base+SSE+SSE2,AES+PCLMUL VectorSize=256
// Job: Quick(MaxRelativeError=0.05, IterationTime=250ms, MaxIterationCount=12, MaxWarmupIterationCount=5, MinIterationCount=8, MinWarmupIterationCount=3)

OverheadJitting  1: 1 op, 218440.00 ns, 218.4400 us/op
WorkloadJitting  1: 1 op, 26614708.00 ns, 26.6147 ms/op

WorkloadPilot    1: 4 op, 20344694.00 ns, 5.0862 ms/op
WorkloadPilot    2: 49 op, 225765908.00 ns, 4.6075 ms/op
WorkloadPilot    3: 54 op, 190946972.00 ns, 3.5361 ms/op
WorkloadPilot    4: 71 op, 221632300.00 ns, 3.1216 ms/op
WorkloadPilot    5: 80 op, 139738484.00 ns, 1.7467 ms/op
WorkloadPilot    6: 143 op, 137380833.00 ns, 960.7051 us/op
WorkloadPilot    7: 260 op, 226758924.00 ns, 872.1497 us/op
WorkloadPilot    8: 287 op, 251778595.00 ns, 877.2773 us/op
WorkloadPilot    9: 285 op, 253634392.00 ns, 889.9452 us/op
WorkloadPilot   10: 281 op, 247869308.00 ns, 882.0972 us/op
WorkloadPilot   11: 283 op, 245789147.00 ns, 868.5129 us/op
WorkloadPilot   12: 288 op, 252450245.00 ns, 876.5634 us/op

WorkloadWarmup   1: 288 op, 253741371.00 ns, 881.0464 us/op
WorkloadWarmup   2: 288 op, 252105688.00 ns, 875.3670 us/op
WorkloadWarmup   3: 288 op, 249341994.00 ns, 865.7708 us/op
WorkloadWarmup   4: 288 op, 251948021.00 ns, 874.8195 us/op
WorkloadWarmup   5: 288 op, 253131605.00 ns, 878.9292 us/op

// BeforeActualRun
WorkloadActual   1: 288 op, 253814529.00 ns, 881.3004 us/op
WorkloadActual   2: 288 op, 247507806.00 ns, 859.4021 us/op
WorkloadActual   3: 288 op, 250623481.00 ns, 870.2204 us/op
WorkloadActual   4: 288 op, 247928477.00 ns, 860.8628 us/op
WorkloadActual   5: 288 op, 248538974.00 ns, 862.9825 us/op
WorkloadActual   6: 288 op, 248783063.00 ns, 863.8301 us/op
WorkloadActual   7: 288 op, 251318778.00 ns, 872.6346 us/op
WorkloadActual   8: 288 op, 248024648.00 ns, 861.1967 us/op

// AfterActualRun
WorkloadResult   1: 288 op, 253814529.00 ns, 881.3004 us/op
WorkloadResult   2: 288 op, 247507806.00 ns, 859.4021 us/op
WorkloadResult   3: 288 op, 250623481.00 ns, 870.2204 us/op
WorkloadResult   4: 288 op, 247928477.00 ns, 860.8628 us/op
WorkloadResult   5: 288 op, 248538974.00 ns, 862.9825 us/op
WorkloadResult   6: 288 op, 248783063.00 ns, 863.8301 us/op
WorkloadResult   7: 288 op, 251318778.00 ns, 872.6346 us/op
WorkloadResult   8: 288 op, 248024648.00 ns, 861.1967 us/op
// GC:  11 4 0 194844672 288
// Threading:  0 0 288

// AfterAll
// Benchmark Process 3823 has exited with code 0.

Mean = 866.554 μs, StdErr = 2.674 μs (0.31%), N = 8, StdDev = 7.562 μs
Min = 859.402 μs, Q1 = 861.113 μs, Median = 863.406 μs, Q3 = 870.824 μs, Max = 881.300 μs
IQR = 9.711 μs, LowerFence = 846.547 μs, UpperFence = 885.390 μs
ConfidenceInterval = [852.095 μs; 881.012 μs] (CI 99.9%), Margin = 14.458 μs (1.67% of Mean)
Skewness = 0.78, Kurtosis = 2.05, MValue = 2

// ** Remained 13 (34.2 %) benchmark(s) to run. Estimated finish 2026-08-20 12:46 (0h 0m from now) **
// **************************
// Benchmark: ListEntries.SharpZipLib: Quick(MaxRelativeError=0.05, Arguments=/p:MatrixMode=Benchmark, IterationTime=250ms, MaxIterationCount=12, MaxWarmupIterationCount=5, MinIterationCount=8, MinWarmupIterationCount=3)
// *** Execute ***
// Launch: 1 / 1
// Execute: dotnet Matrix.ZipArchives-Quick-1.dll --anonymousPipes 127 128 --benchmarkName Matrix.ZipArchives.Benchmarks.ListEntries.SharpZipLib --job Quick --benchmarkId 25 in /home/runner/work/dotnet-matrix/dotnet-matrix/src/Matrix.ZipArchives/bin/Benchmark/Release/net10.0/Matrix.ZipArchives-Quick-1/bin/Release/net10.0
// Failed to set up high priority (Permission denied). In order to run benchmarks with high priority, make sure you have the right permissions.
// BeforeAnythingElse

// Benchmark Process Environment Information:
// BenchmarkDotNet v0.15.8
// Runtime=.NET 10.0.11 (10.0.11, 10.0.1126.37416), X64 RyuJIT x86-64-v3
// GC=Concurrent Workstation
// HardwareIntrinsics=AVX2+BMI1+BMI2+F16C+FMA+LZCNT+MOVBE,AVX,SSE3+SSSE3+SSE4.1+SSE4.2+POPCNT,X86Base+SSE+SSE2,AES+PCLMUL VectorSize=256
// Job: Quick(MaxRelativeError=0.05, IterationTime=250ms, MaxIterationCount=12, MaxWarmupIterationCount=5, MinIterationCount=8, MinWarmupIterationCount=3)

OverheadJitting  1: 1 op, 234751.00 ns, 234.7510 us/op
WorkloadJitting  1: 1 op, 6558596.00 ns, 6.5586 ms/op

OverheadJitting  2: 16 op, 222118.00 ns, 13.8824 us/op
WorkloadJitting  2: 16 op, 27911715.00 ns, 1.7445 ms/op

WorkloadPilot    1: 16 op, 13761532.00 ns, 860.0958 us/op
WorkloadPilot    2: 304 op, 309053320.00 ns, 1.0166 ms/op
WorkloadPilot    3: 256 op, 133676775.00 ns, 522.1749 us/op
WorkloadPilot    4: 480 op, 113046671.00 ns, 235.5139 us/op
WorkloadPilot    5: 1072 op, 244286322.00 ns, 227.8790 us/op
WorkloadPilot    6: 1104 op, 253500369.00 ns, 229.6199 us/op

OverheadWarmup   1: 1104 op, 5400.00 ns, 4.8913 ns/op
OverheadWarmup   2: 1104 op, 3226.00 ns, 2.9221 ns/op
OverheadWarmup   3: 1104 op, 3486.00 ns, 3.1576 ns/op
OverheadWarmup   4: 1104 op, 3477.00 ns, 3.1495 ns/op
OverheadWarmup   5: 1104 op, 3496.00 ns, 3.1667 ns/op
OverheadWarmup   6: 1104 op, 3517.00 ns, 3.1857 ns/op
OverheadWarmup   7: 1104 op, 3537.00 ns, 3.2038 ns/op
OverheadWarmup   8: 1104 op, 3477.00 ns, 3.1495 ns/op

OverheadActual   1: 1104 op, 3056.00 ns, 2.7681 ns/op
OverheadActual   2: 1104 op, 3297.00 ns, 2.9864 ns/op
OverheadActual   3: 1104 op, 3036.00 ns, 2.7500 ns/op
OverheadActual   4: 1104 op, 3065.00 ns, 2.7763 ns/op
OverheadActual   5: 1104 op, 3076.00 ns, 2.7862 ns/op
OverheadActual   6: 1104 op, 3056.00 ns, 2.7681 ns/op
OverheadActual   7: 1104 op, 3026.00 ns, 2.7409 ns/op
OverheadActual   8: 1104 op, 3016.00 ns, 2.7319 ns/op

WorkloadWarmup   1: 1104 op, 264114275.00 ns, 239.2339 us/op
WorkloadWarmup   2: 1104 op, 257086407.00 ns, 232.8681 us/op
WorkloadWarmup   3: 1104 op, 250544082.00 ns, 226.9421 us/op
WorkloadWarmup   4: 1104 op, 250004679.00 ns, 226.4535 us/op
WorkloadWarmup   5: 1104 op, 250419258.00 ns, 226.8290 us/op

// BeforeActualRun
WorkloadActual   1: 1104 op, 255275935.00 ns, 231.2282 us/op
WorkloadActual   2: 1104 op, 251282070.00 ns, 227.6106 us/op
WorkloadActual   3: 1104 op, 249606140.00 ns, 226.0925 us/op
WorkloadActual   4: 1104 op, 250481685.00 ns, 226.8856 us/op
WorkloadActual   5: 1104 op, 250857581.00 ns, 227.2261 us/op
WorkloadActual   6: 1104 op, 248600974.00 ns, 225.1820 us/op
WorkloadActual   7: 1104 op, 250171336.00 ns, 226.6045 us/op
WorkloadActual   8: 1104 op, 249725458.00 ns, 226.2006 us/op

// AfterActualRun
WorkloadResult   1: 1104 op, 251279014.00 ns, 227.6078 us/op
WorkloadResult   2: 1104 op, 249603084.00 ns, 226.0898 us/op
WorkloadResult   3: 1104 op, 250478629.00 ns, 226.8828 us/op
WorkloadResult   4: 1104 op, 250854525.00 ns, 227.2233 us/op
WorkloadResult   5: 1104 op, 248597918.00 ns, 225.1793 us/op
WorkloadResult   6: 1104 op, 250168280.00 ns, 226.6017 us/op
WorkloadResult   7: 1104 op, 249722402.00 ns, 226.1978 us/op
// GC:  20 5 0 344973792 1104
// Threading:  0 0 1104

// AfterAll
// Benchmark Process 3836 has exited with code 0.

Mean = 226.540 μs, StdErr = 0.305 μs (0.13%), N = 7, StdDev = 0.806 μs
Min = 225.179 μs, Q1 = 226.144 μs, Median = 226.602 μs, Q3 = 227.053 μs, Max = 227.608 μs
IQR = 0.909 μs, LowerFence = 224.780 μs, UpperFence = 228.417 μs
ConfidenceInterval = [224.725 μs; 228.356 μs] (CI 99.9%), Margin = 1.816 μs (0.80% of Mean)
Skewness = -0.29, Kurtosis = 1.7, MValue = 2

// ** Remained 12 (31.6 %) benchmark(s) to run. Estimated finish 2026-08-20 12:46 (0h 0m from now) **
// **************************
// Benchmark: ListEntries.SystemIOCompression: Quick(MaxRelativeError=0.05, Arguments=/p:MatrixMode=Benchmark, IterationTime=250ms, MaxIterationCount=12, MaxWarmupIterationCount=5, MinIterationCount=8, MinWarmupIterationCount=3)
// *** Execute ***
// Launch: 1 / 1
// Execute: dotnet Matrix.ZipArchives-Quick-1.dll --anonymousPipes 127 128 --benchmarkName Matrix.ZipArchives.Benchmarks.ListEntries.SystemIOCompression --job Quick --benchmarkId 26 in /home/runner/work/dotnet-matrix/dotnet-matrix/src/Matrix.ZipArchives/bin/Benchmark/Release/net10.0/Matrix.ZipArchives-Quick-1/bin/Release/net10.0
// Failed to set up high priority (Permission denied). In order to run benchmarks with high priority, make sure you have the right permissions.
// BeforeAnythingElse

// Benchmark Process Environment Information:
// BenchmarkDotNet v0.15.8
// Runtime=.NET 10.0.11 (10.0.11, 10.0.1126.37416), X64 RyuJIT x86-64-v3
// GC=Concurrent Workstation
// HardwareIntrinsics=AVX2+BMI1+BMI2+F16C+FMA+LZCNT+MOVBE,AVX,SSE3+SSSE3+SSE4.1+SSE4.2+POPCNT,X86Base+SSE+SSE2,AES+PCLMUL VectorSize=256
// Job: Quick(MaxRelativeError=0.05, IterationTime=250ms, MaxIterationCount=12, MaxWarmupIterationCount=5, MinIterationCount=8, MinWarmupIterationCount=3)

OverheadJitting  1: 1 op, 241423.00 ns, 241.4230 us/op
WorkloadJitting  1: 1 op, 1812216.00 ns, 1.8122 ms/op

OverheadJitting  2: 16 op, 209584.00 ns, 13.0990 us/op
WorkloadJitting  2: 16 op, 14987156.00 ns, 936.6973 us/op

WorkloadPilot    1: 16 op, 8085836.00 ns, 505.3648 us/op
WorkloadPilot    2: 496 op, 219889960.00 ns, 443.3265 us/op
WorkloadPilot    3: 576 op, 174331467.00 ns, 302.6588 us/op
WorkloadPilot    4: 832 op, 160435452.00 ns, 192.8311 us/op
WorkloadPilot    5: 1296 op, 243957458.00 ns, 188.2388 us/op
WorkloadPilot    6: 1328 op, 249631120.00 ns, 187.9752 us/op
WorkloadPilot    7: 1344 op, 253856842.00 ns, 188.8816 us/op
WorkloadPilot    8: 1328 op, 248932978.00 ns, 187.4495 us/op
WorkloadPilot    9: 1344 op, 251506906.00 ns, 187.1331 us/op

OverheadWarmup   1: 1344 op, 5140.00 ns, 3.8244 ns/op
OverheadWarmup   2: 1344 op, 5901.00 ns, 4.3906 ns/op
OverheadWarmup   3: 1344 op, 6062.00 ns, 4.5104 ns/op
OverheadWarmup   4: 1344 op, 6141.00 ns, 4.5692 ns/op
OverheadWarmup   5: 1344 op, 6002.00 ns, 4.4658 ns/op
OverheadWarmup   6: 1344 op, 6032.00 ns, 4.4881 ns/op
OverheadWarmup   7: 1344 op, 6612.00 ns, 4.9196 ns/op
OverheadWarmup   8: 1344 op, 6602.00 ns, 4.9122 ns/op

OverheadActual   1: 1344 op, 5751.00 ns, 4.2790 ns/op
OverheadActual   2: 1344 op, 5741.00 ns, 4.2716 ns/op
OverheadActual   3: 1344 op, 5600.00 ns, 4.1667 ns/op
OverheadActual   4: 1344 op, 5661.00 ns, 4.2121 ns/op
OverheadActual   5: 1344 op, 5711.00 ns, 4.2493 ns/op
OverheadActual   6: 1344 op, 5801.00 ns, 4.3162 ns/op
OverheadActual   7: 1344 op, 6312.00 ns, 4.6964 ns/op
OverheadActual   8: 1344 op, 5922.00 ns, 4.4063 ns/op

WorkloadWarmup   1: 1344 op, 279011837.00 ns, 207.5981 us/op
WorkloadWarmup   2: 1344 op, 254125046.00 ns, 189.0811 us/op
WorkloadWarmup   3: 1344 op, 250190512.00 ns, 186.1537 us/op
WorkloadWarmup   4: 1344 op, 256773774.00 ns, 191.0519 us/op
WorkloadWarmup   5: 1344 op, 251277795.00 ns, 186.9626 us/op

// BeforeActualRun
WorkloadActual   1: 1344 op, 254522814.00 ns, 189.3771 us/op
WorkloadActual   2: 1344 op, 253576074.00 ns, 188.6727 us/op
WorkloadActual   3: 1344 op, 253893301.00 ns, 188.9087 us/op
WorkloadActual   4: 1344 op, 252024949.00 ns, 187.5186 us/op
WorkloadActual   5: 1344 op, 257195847.00 ns, 191.3660 us/op
WorkloadActual   6: 1344 op, 252357675.00 ns, 187.7661 us/op
WorkloadActual   7: 1344 op, 252745073.00 ns, 188.0544 us/op
WorkloadActual   8: 1344 op, 252855621.00 ns, 188.1366 us/op

// AfterActualRun
WorkloadResult   1: 1344 op, 254517068.00 ns, 189.3728 us/op
WorkloadResult   2: 1344 op, 253570328.00 ns, 188.6684 us/op
WorkloadResult   3: 1344 op, 253887555.00 ns, 188.9044 us/op
WorkloadResult   4: 1344 op, 252019203.00 ns, 187.5143 us/op
WorkloadResult   5: 1344 op, 252351929.00 ns, 187.7619 us/op
WorkloadResult   6: 1344 op, 252739327.00 ns, 188.0501 us/op
WorkloadResult   7: 1344 op, 252849875.00 ns, 188.1323 us/op
// GC:  54 18 0 907511808 1344
// Threading:  0 0 1344

// AfterAll
// Benchmark Process 3848 has exited with code 0.

Mean = 188.343 μs, StdErr = 0.251 μs (0.13%), N = 7, StdDev = 0.663 μs
Min = 187.514 μs, Q1 = 187.906 μs, Median = 188.132 μs, Q3 = 188.786 μs, Max = 189.373 μs
IQR = 0.880 μs, LowerFence = 186.585 μs, UpperFence = 190.107 μs
ConfidenceInterval = [186.851 μs; 189.836 μs] (CI 99.9%), Margin = 1.493 μs (0.79% of Mean)
Skewness = 0.25, Kurtosis = 1.35, MValue = 2

// ** Remained 11 (28.9 %) benchmark(s) to run. Estimated finish 2026-08-20 12:46 (0h 0m from now) **
// ***** BenchmarkRunner: Finish  *****

// * Export *
  tmp/dotnet-matrix/ZipArchives/50133ba64e5f404ab4c0b703af394d1a/results/Matrix.ZipArchives.Benchmarks.ListEntries-report.csv
  tmp/dotnet-matrix/ZipArchives/50133ba64e5f404ab4c0b703af394d1a/results/Matrix.ZipArchives.Benchmarks.ListEntries-report-github.md
  tmp/dotnet-matrix/ZipArchives/50133ba64e5f404ab4c0b703af394d1a/results/Matrix.ZipArchives.Benchmarks.ListEntries-report.html
  tmp/dotnet-matrix/ZipArchives/50133ba64e5f404ab4c0b703af394d1a/results/Matrix.ZipArchives.Benchmarks.ListEntries-report-full.json

// * Detailed results *
ListEntries.SystemIOCompression: Quick(MaxRelativeError=0.05, Arguments=/p:MatrixMode=Benchmark, IterationTime=250ms, MaxIterationCount=12, MaxWarmupIterationCount=5, MinIterationCount=8, MinWarmupIterationCount=3)
Runtime = .NET 10.0.11 (10.0.11, 10.0.1126.37416), X64 RyuJIT x86-64-v3; GC = Concurrent Workstation
Mean = 188.343 μs, StdErr = 0.251 μs (0.13%), N = 7, StdDev = 0.663 μs
Min = 187.514 μs, Q1 = 187.906 μs, Median = 188.132 μs, Q3 = 188.786 μs, Max = 189.373 μs
IQR = 0.880 μs, LowerFence = 186.585 μs, UpperFence = 190.107 μs
ConfidenceInterval = [186.851 μs; 189.836 μs] (CI 99.9%), Margin = 1.493 μs (0.79% of Mean)
Skewness = 0.25, Kurtosis = 1.35, MValue = 2
-------------------- Histogram --------------------
[187.059 μs ; 189.828 μs) | @@@@@@@
---------------------------------------------------

ListEntries.SharpZipLib: Quick(MaxRelativeError=0.05, Arguments=/p:MatrixMode=Benchmark, IterationTime=250ms, MaxIterationCount=12, MaxWarmupIterationCount=5, MinIterationCount=8, MinWarmupIterationCount=3)
Runtime = .NET 10.0.11 (10.0.11, 10.0.1126.37416), X64 RyuJIT x86-64-v3; GC = Concurrent Workstation
Mean = 226.540 μs, StdErr = 0.305 μs (0.13%), N = 7, StdDev = 0.806 μs
Min = 225.179 μs, Q1 = 226.144 μs, Median = 226.602 μs, Q3 = 227.053 μs, Max = 227.608 μs
IQR = 0.909 μs, LowerFence = 224.780 μs, UpperFence = 228.417 μs
ConfidenceInterval = [224.725 μs; 228.356 μs] (CI 99.9%), Margin = 1.816 μs (0.80% of Mean)
Skewness = -0.29, Kurtosis = 1.7, MValue = 2
-------------------- Histogram --------------------
[224.626 μs ; 228.161 μs) | @@@@@@@
---------------------------------------------------

ListEntries.SharpCompress: Quick(MaxRelativeError=0.05, Arguments=/p:MatrixMode=Benchmark, IterationTime=250ms, MaxIterationCount=12, MaxWarmupIterationCount=5, MinIterationCount=8, MinWarmupIterationCount=3)
Runtime = .NET 10.0.11 (10.0.11, 10.0.1126.37416), X64 RyuJIT x86-64-v3; GC = Concurrent Workstation
Mean = 866.554 μs, StdErr = 2.674 μs (0.31%), N = 8, StdDev = 7.562 μs
Min = 859.402 μs, Q1 = 861.113 μs, Median = 863.406 μs, Q3 = 870.824 μs, Max = 881.300 μs
IQR = 9.711 μs, LowerFence = 846.547 μs, UpperFence = 885.390 μs
ConfidenceInterval = [852.095 μs; 881.012 μs] (CI 99.9%), Margin = 14.458 μs (1.67% of Mean)
Skewness = 0.78, Kurtosis = 2.05, MValue = 2
-------------------- Histogram --------------------
[854.440 μs ; 886.263 μs) | @@@@@@@@
---------------------------------------------------

// * Summary *

BenchmarkDotNet v0.15.8, Linux Ubuntu 24.04.4 LTS (Noble Numbat)
AMD EPYC 7763 2.45GHz, 1 CPU, 4 logical and 2 physical cores
.NET SDK 10.0.400
  [Host] : .NET 10.0.11 (10.0.11, 10.0.1126.37416), X64 RyuJIT x86-64-v3
  Quick  : .NET 10.0.11 (10.0.11, 10.0.1126.37416), X64 RyuJIT x86-64-v3

Job=Quick  MaxRelativeError=0.05  Arguments=/p:MatrixMode=Benchmark  
IterationTime=250ms  MaxIterationCount=12  MaxWarmupIterationCount=5  
MinIterationCount=8  MinWarmupIterationCount=3  

| Method              | Mean     | Error    | StdDev  | Ratio | RatioSD | Gen0    | Gen1    | Allocated | Alloc Ratio |
|-------------------- |---------:|---------:|--------:|------:|--------:|--------:|--------:|----------:|------------:|
| SystemIOCompression | 188.3 μs |  1.49 μs | 0.66 μs |  1.00 |    0.00 | 40.1786 | 13.3929 | 659.41 KB |        1.00 |
| SharpZipLib         | 226.5 μs |  1.82 μs | 0.81 μs |  1.20 |    0.01 | 18.1159 |  4.5290 | 305.15 KB |        0.46 |
| SharpCompress       | 866.6 μs | 14.46 μs | 7.56 μs |  4.60 |    0.04 | 38.1944 | 13.8889 | 660.69 KB |        1.00 |

// * Hints *
Outliers
  ListEntries.SystemIOCompression: Quick -> 1 outlier  was  removed (191.37 μs)
  ListEntries.SharpZipLib: Quick         -> 1 outlier  was  removed (231.23 μs)

// * Legends *
  Mean        : Arithmetic mean of all measurements
  Error       : Half of 99.9% confidence interval
  StdDev      : Standard deviation of all measurements
  Ratio       : Mean of the ratio distribution ([Current]/[Baseline])
  RatioSD     : Standard deviation of the ratio distribution ([Current]/[Baseline])
  Gen0        : GC Generation 0 collects per 1000 operations
  Gen1        : GC Generation 1 collects per 1000 operations
  Allocated   : Allocated memory per single operation (managed only, inclusive, 1KB = 1024B)
  Alloc Ratio : Allocated memory ratio distribution ([Current]/[Baseline])
  1 μs        : 1 Microsecond (0.000001 sec)

// * Diagnostic Output - MemoryDiagnoser *


// ***** BenchmarkRunner: End *****
Run time: 00:00:16 (16.99 sec), executed benchmarks: 3

// Found 2 benchmarks:
//   ReadAesEncryptedEntry.SharpCompress: Quick(MaxRelativeError=0.05, Arguments=/p:MatrixMode=Benchmark, IterationTime=250ms, MaxIterationCount=12, MaxWarmupIterationCount=5, MinIterationCount=8, MinWarmupIterationCount=3)
//   ReadAesEncryptedEntry.SharpZipLib: Quick(MaxRelativeError=0.05, Arguments=/p:MatrixMode=Benchmark, IterationTime=250ms, MaxIterationCount=12, MaxWarmupIterationCount=5, MinIterationCount=8, MinWarmupIterationCount=3)

// **************************
// Benchmark: ReadAesEncryptedEntry.SharpCompress: Quick(MaxRelativeError=0.05, Arguments=/p:MatrixMode=Benchmark, IterationTime=250ms, MaxIterationCount=12, MaxWarmupIterationCount=5, MinIterationCount=8, MinWarmupIterationCount=3)
// *** Execute ***
// Launch: 1 / 1
// Execute: dotnet Matrix.ZipArchives-Quick-1.dll --anonymousPipes 127 128 --benchmarkName Matrix.ZipArchives.Benchmarks.ReadAesEncryptedEntry.SharpCompress --job Quick --benchmarkId 27 in /home/runner/work/dotnet-matrix/dotnet-matrix/src/Matrix.ZipArchives/bin/Benchmark/Release/net10.0/Matrix.ZipArchives-Quick-1/bin/Release/net10.0
// Failed to set up high priority (Permission denied). In order to run benchmarks with high priority, make sure you have the right permissions.
// BeforeAnythingElse

// Benchmark Process Environment Information:
// BenchmarkDotNet v0.15.8
// Runtime=.NET 10.0.11 (10.0.11, 10.0.1126.37416), X64 RyuJIT x86-64-v3
// GC=Concurrent Workstation
// HardwareIntrinsics=AVX2+BMI1+BMI2+F16C+FMA+LZCNT+MOVBE,AVX,SSE3+SSSE3+SSE4.1+SSE4.2+POPCNT,X86Base+SSE+SSE2,AES+PCLMUL VectorSize=256
// Job: Quick(MaxRelativeError=0.05, IterationTime=250ms, MaxIterationCount=12, MaxWarmupIterationCount=5, MinIterationCount=8, MinWarmupIterationCount=3)

OverheadJitting  1: 1 op, 225324.00 ns, 225.3240 us/op
WorkloadJitting  1: 1 op, 50114612.00 ns, 50.1146 ms/op

WorkloadPilot    1: 4 op, 8570808.00 ns, 2.1427 ms/op
WorkloadPilot    2: 117 op, 254487176.00 ns, 2.1751 ms/op
WorkloadPilot    3: 115 op, 242627040.00 ns, 2.1098 ms/op
WorkloadPilot    4: 118 op, 233446805.00 ns, 1.9784 ms/op
WorkloadPilot    5: 126 op, 263704108.00 ns, 2.0929 ms/op
WorkloadPilot    6: 119 op, 224350719.00 ns, 1.8853 ms/op
WorkloadPilot    7: 133 op, 233062070.00 ns, 1.7523 ms/op
WorkloadPilot    8: 143 op, 250576946.00 ns, 1.7523 ms/op

WorkloadWarmup   1: 143 op, 247174281.00 ns, 1.7285 ms/op
WorkloadWarmup   2: 143 op, 250435541.00 ns, 1.7513 ms/op
WorkloadWarmup   3: 143 op, 246474516.00 ns, 1.7236 ms/op
WorkloadWarmup   4: 143 op, 245178721.00 ns, 1.7145 ms/op
WorkloadWarmup   5: 143 op, 246886401.00 ns, 1.7265 ms/op

// BeforeActualRun
WorkloadActual   1: 143 op, 244543938.00 ns, 1.7101 ms/op
WorkloadActual   2: 143 op, 248787494.00 ns, 1.7398 ms/op
WorkloadActual   3: 143 op, 243787357.00 ns, 1.7048 ms/op
WorkloadActual   4: 143 op, 246609901.00 ns, 1.7245 ms/op
WorkloadActual   5: 143 op, 247291151.00 ns, 1.7293 ms/op
WorkloadActual   6: 143 op, 243697818.00 ns, 1.7042 ms/op
WorkloadActual   7: 143 op, 252200852.00 ns, 1.7636 ms/op
WorkloadActual   8: 143 op, 248435172.00 ns, 1.7373 ms/op

// AfterActualRun
WorkloadResult   1: 143 op, 244543938.00 ns, 1.7101 ms/op
WorkloadResult   2: 143 op, 248787494.00 ns, 1.7398 ms/op
WorkloadResult   3: 143 op, 243787357.00 ns, 1.7048 ms/op
WorkloadResult   4: 143 op, 246609901.00 ns, 1.7245 ms/op
WorkloadResult   5: 143 op, 247291151.00 ns, 1.7293 ms/op
WorkloadResult   6: 143 op, 243697818.00 ns, 1.7042 ms/op
WorkloadResult   7: 143 op, 252200852.00 ns, 1.7636 ms/op
WorkloadResult   8: 143 op, 248435172.00 ns, 1.7373 ms/op
// GC:  0 0 0 13148464 143
// Threading:  0 0 143

// AfterAll
// Benchmark Process 3859 has exited with code 0.

Mean = 1.727 ms, StdErr = 0.007 ms (0.42%), N = 8, StdDev = 0.020 ms
Min = 1.704 ms, Q1 = 1.709 ms, Median = 1.727 ms, Q3 = 1.738 ms, Max = 1.764 ms
IQR = 0.029 ms, LowerFence = 1.665 ms, UpperFence = 1.782 ms
ConfidenceInterval = [1.688 ms; 1.766 ms] (CI 99.9%), Margin = 0.039 ms (2.26% of Mean)
Skewness = 0.4, Kurtosis = 1.77, MValue = 2

// ** Remained 10 (26.3 %) benchmark(s) to run. Estimated finish 2026-08-20 12:46 (0h 0m from now) **
// **************************
// Benchmark: ReadAesEncryptedEntry.SharpZipLib: Quick(MaxRelativeError=0.05, Arguments=/p:MatrixMode=Benchmark, IterationTime=250ms, MaxIterationCount=12, MaxWarmupIterationCount=5, MinIterationCount=8, MinWarmupIterationCount=3)
// *** Execute ***
// Launch: 1 / 1
// Execute: dotnet Matrix.ZipArchives-Quick-1.dll --anonymousPipes 127 128 --benchmarkName Matrix.ZipArchives.Benchmarks.ReadAesEncryptedEntry.SharpZipLib --job Quick --benchmarkId 28 in /home/runner/work/dotnet-matrix/dotnet-matrix/src/Matrix.ZipArchives/bin/Benchmark/Release/net10.0/Matrix.ZipArchives-Quick-1/bin/Release/net10.0
// Failed to set up high priority (Permission denied). In order to run benchmarks with high priority, make sure you have the right permissions.
// BeforeAnythingElse

// Benchmark Process Environment Information:
// BenchmarkDotNet v0.15.8
// Runtime=.NET 10.0.11 (10.0.11, 10.0.1126.37416), X64 RyuJIT x86-64-v3
// GC=Concurrent Workstation
// HardwareIntrinsics=AVX2+BMI1+BMI2+F16C+FMA+LZCNT+MOVBE,AVX,SSE3+SSSE3+SSE4.1+SSE4.2+POPCNT,X86Base+SSE+SSE2,AES+PCLMUL VectorSize=256
// Job: Quick(MaxRelativeError=0.05, IterationTime=250ms, MaxIterationCount=12, MaxWarmupIterationCount=5, MinIterationCount=8, MinWarmupIterationCount=3)

OverheadJitting  1: 1 op, 229632.00 ns, 229.6320 us/op
WorkloadJitting  1: 1 op, 18626336.00 ns, 18.6263 ms/op

WorkloadPilot    1: 4 op, 16617079.00 ns, 4.1543 ms/op
WorkloadPilot    2: 60 op, 238713582.00 ns, 3.9786 ms/op
WorkloadPilot    3: 63 op, 218034588.00 ns, 3.4609 ms/op
WorkloadPilot    4: 72 op, 228227574.00 ns, 3.1698 ms/op
WorkloadPilot    5: 79 op, 237106032.00 ns, 3.0013 ms/op
WorkloadPilot    6: 83 op, 247882012.00 ns, 2.9865 ms/op

WorkloadWarmup   1: 83 op, 249767145.00 ns, 3.0092 ms/op
WorkloadWarmup   2: 83 op, 251582487.00 ns, 3.0311 ms/op
WorkloadWarmup   3: 83 op, 244957766.00 ns, 2.9513 ms/op
WorkloadWarmup   4: 83 op, 245908804.00 ns, 2.9628 ms/op
WorkloadWarmup   5: 83 op, 245136141.00 ns, 2.9534 ms/op

// BeforeActualRun
WorkloadActual   1: 83 op, 246108128.00 ns, 2.9652 ms/op
WorkloadActual   2: 83 op, 244720300.00 ns, 2.9484 ms/op
WorkloadActual   3: 83 op, 244789320.00 ns, 2.9493 ms/op
WorkloadActual   4: 83 op, 245339133.00 ns, 2.9559 ms/op
WorkloadActual   5: 83 op, 244299849.00 ns, 2.9434 ms/op
WorkloadActual   6: 83 op, 248042071.00 ns, 2.9885 ms/op
WorkloadActual   7: 83 op, 244625389.00 ns, 2.9473 ms/op
WorkloadActual   8: 83 op, 245562170.00 ns, 2.9586 ms/op

// AfterActualRun
WorkloadResult   1: 83 op, 246108128.00 ns, 2.9652 ms/op
WorkloadResult   2: 83 op, 244720300.00 ns, 2.9484 ms/op
WorkloadResult   3: 83 op, 244789320.00 ns, 2.9493 ms/op
WorkloadResult   4: 83 op, 245339133.00 ns, 2.9559 ms/op
WorkloadResult   5: 83 op, 244299849.00 ns, 2.9434 ms/op
WorkloadResult   6: 83 op, 244625389.00 ns, 2.9473 ms/op
WorkloadResult   7: 83 op, 245562170.00 ns, 2.9586 ms/op
// GC:  0 0 0 3733680 83
// Threading:  0 0 83

// AfterAll
// Benchmark Process 3876 has exited with code 0.

Mean = 2.953 ms, StdErr = 0.003 ms (0.10%), N = 7, StdDev = 0.008 ms
Min = 2.943 ms, Q1 = 2.948 ms, Median = 2.949 ms, Q3 = 2.957 ms, Max = 2.965 ms
IQR = 0.009 ms, LowerFence = 2.934 ms, UpperFence = 2.971 ms
ConfidenceInterval = [2.935 ms; 2.970 ms] (CI 99.9%), Margin = 0.017 ms (0.58% of Mean)
Skewness = 0.4, Kurtosis = 1.5, MValue = 2

// ** Remained 9 (23.7 %) benchmark(s) to run. Estimated finish 2026-08-20 12:46 (0h 0m from now) **
// ***** BenchmarkRunner: Finish  *****

// * Export *
  tmp/dotnet-matrix/ZipArchives/50133ba64e5f404ab4c0b703af394d1a/results/Matrix.ZipArchives.Benchmarks.ReadAesEncryptedEntry-report.csv
  tmp/dotnet-matrix/ZipArchives/50133ba64e5f404ab4c0b703af394d1a/results/Matrix.ZipArchives.Benchmarks.ReadAesEncryptedEntry-report-github.md
  tmp/dotnet-matrix/ZipArchives/50133ba64e5f404ab4c0b703af394d1a/results/Matrix.ZipArchives.Benchmarks.ReadAesEncryptedEntry-report.html
  tmp/dotnet-matrix/ZipArchives/50133ba64e5f404ab4c0b703af394d1a/results/Matrix.ZipArchives.Benchmarks.ReadAesEncryptedEntry-report-full.json

// * Detailed results *
ReadAesEncryptedEntry.SharpCompress: Quick(MaxRelativeError=0.05, Arguments=/p:MatrixMode=Benchmark, IterationTime=250ms, MaxIterationCount=12, MaxWarmupIterationCount=5, MinIterationCount=8, MinWarmupIterationCount=3)
Runtime = .NET 10.0.11 (10.0.11, 10.0.1126.37416), X64 RyuJIT x86-64-v3; GC = Concurrent Workstation
Mean = 1.727 ms, StdErr = 0.007 ms (0.42%), N = 8, StdDev = 0.020 ms
Min = 1.704 ms, Q1 = 1.709 ms, Median = 1.727 ms, Q3 = 1.738 ms, Max = 1.764 ms
IQR = 0.029 ms, LowerFence = 1.665 ms, UpperFence = 1.782 ms
ConfidenceInterval = [1.688 ms; 1.766 ms] (CI 99.9%), Margin = 0.039 ms (2.26% of Mean)
Skewness = 0.4, Kurtosis = 1.77, MValue = 2
-------------------- Histogram --------------------
[1.700 ms ; 1.768 ms) | @@@@@@@@
---------------------------------------------------

ReadAesEncryptedEntry.SharpZipLib: Quick(MaxRelativeError=0.05, Arguments=/p:MatrixMode=Benchmark, IterationTime=250ms, MaxIterationCount=12, MaxWarmupIterationCount=5, MinIterationCount=8, MinWarmupIterationCount=3)
Runtime = .NET 10.0.11 (10.0.11, 10.0.1126.37416), X64 RyuJIT x86-64-v3; GC = Concurrent Workstation
Mean = 2.953 ms, StdErr = 0.003 ms (0.10%), N = 7, StdDev = 0.008 ms
Min = 2.943 ms, Q1 = 2.948 ms, Median = 2.949 ms, Q3 = 2.957 ms, Max = 2.965 ms
IQR = 0.009 ms, LowerFence = 2.934 ms, UpperFence = 2.971 ms
ConfidenceInterval = [2.935 ms; 2.970 ms] (CI 99.9%), Margin = 0.017 ms (0.58% of Mean)
Skewness = 0.4, Kurtosis = 1.5, MValue = 2
-------------------- Histogram --------------------
[2.938 ms ; 2.970 ms) | @@@@@@@
---------------------------------------------------

// * Summary *

BenchmarkDotNet v0.15.8, Linux Ubuntu 24.04.4 LTS (Noble Numbat)
AMD EPYC 7763 2.45GHz, 1 CPU, 4 logical and 2 physical cores
.NET SDK 10.0.400
  [Host] : .NET 10.0.11 (10.0.11, 10.0.1126.37416), X64 RyuJIT x86-64-v3
  Quick  : .NET 10.0.11 (10.0.11, 10.0.1126.37416), X64 RyuJIT x86-64-v3

Job=Quick  MaxRelativeError=0.05  Arguments=/p:MatrixMode=Benchmark  
IterationTime=250ms  MaxIterationCount=12  MaxWarmupIterationCount=5  
MinIterationCount=8  MinWarmupIterationCount=3  

| Method        | Mean     | Error     | StdDev    | Allocated |
|-------------- |---------:|----------:|----------:|----------:|
| SharpCompress | 1.727 ms | 0.0391 ms | 0.0204 ms |  89.79 KB |
| SharpZipLib   | 2.953 ms | 0.0171 ms | 0.0076 ms |  43.93 KB |

// * Hints *
Outliers
  ReadAesEncryptedEntry.SharpZipLib: Quick -> 1 outlier  was  removed (2.99 ms)

// * Legends *
  Mean      : Arithmetic mean of all measurements
  Error     : Half of 99.9% confidence interval
  StdDev    : Standard deviation of all measurements
  Allocated : Allocated memory per single operation (managed only, inclusive, 1KB = 1024B)
  1 ms      : 1 Millisecond (0.001 sec)

// * Diagnostic Output - MemoryDiagnoser *


// ***** BenchmarkRunner: End *****
Run time: 00:00:10 (10.31 sec), executed benchmarks: 2

// Found 3 benchmarks:
//   ReadStoredEntry.SharpCompress: Quick(MaxRelativeError=0.05, Arguments=/p:MatrixMode=Benchmark, IterationTime=250ms, MaxIterationCount=12, MaxWarmupIterationCount=5, MinIterationCount=8, MinWarmupIterationCount=3)
//   ReadStoredEntry.SharpZipLib: Quick(MaxRelativeError=0.05, Arguments=/p:MatrixMode=Benchmark, IterationTime=250ms, MaxIterationCount=12, MaxWarmupIterationCount=5, MinIterationCount=8, MinWarmupIterationCount=3)
//   ReadStoredEntry.SystemIOCompression: Quick(MaxRelativeError=0.05, Arguments=/p:MatrixMode=Benchmark, IterationTime=250ms, MaxIterationCount=12, MaxWarmupIterationCount=5, MinIterationCount=8, MinWarmupIterationCount=3)

// **************************
// Benchmark: ReadStoredEntry.SharpCompress: Quick(MaxRelativeError=0.05, Arguments=/p:MatrixMode=Benchmark, IterationTime=250ms, MaxIterationCount=12, MaxWarmupIterationCount=5, MinIterationCount=8, MinWarmupIterationCount=3)
// *** Execute ***
// Launch: 1 / 1
// Execute: dotnet Matrix.ZipArchives-Quick-1.dll --anonymousPipes 127 128 --benchmarkName Matrix.ZipArchives.Benchmarks.ReadStoredEntry.SharpCompress --job Quick --benchmarkId 29 in /home/runner/work/dotnet-matrix/dotnet-matrix/src/Matrix.ZipArchives/bin/Benchmark/Release/net10.0/Matrix.ZipArchives-Quick-1/bin/Release/net10.0
// Failed to set up high priority (Permission denied). In order to run benchmarks with high priority, make sure you have the right permissions.
// BeforeAnythingElse

// Benchmark Process Environment Information:
// BenchmarkDotNet v0.15.8
// Runtime=.NET 10.0.11 (10.0.11, 10.0.1126.37416), X64 RyuJIT x86-64-v3
// GC=Concurrent Workstation
// HardwareIntrinsics=AVX2+BMI1+BMI2+F16C+FMA+LZCNT+MOVBE,AVX,SSE3+SSSE3+SSE4.1+SSE4.2+POPCNT,X86Base+SSE+SSE2,AES+PCLMUL VectorSize=256
// Job: Quick(MaxRelativeError=0.05, IterationTime=250ms, MaxIterationCount=12, MaxWarmupIterationCount=5, MinIterationCount=8, MinWarmupIterationCount=3)

OverheadJitting  1: 1 op, 210656.00 ns, 210.6560 us/op
WorkloadJitting  1: 1 op, 39965338.00 ns, 39.9653 ms/op

WorkloadPilot    1: 4 op, 56582534.00 ns, 14.1456 ms/op
WorkloadPilot    2: 18 op, 255027868.00 ns, 14.1682 ms/op

WorkloadWarmup   1: 18 op, 251501823.00 ns, 13.9723 ms/op
WorkloadWarmup   2: 18 op, 249668958.00 ns, 13.8705 ms/op
WorkloadWarmup   3: 18 op, 249548231.00 ns, 13.8638 ms/op
WorkloadWarmup   4: 18 op, 249532281.00 ns, 13.8629 ms/op
WorkloadWarmup   5: 18 op, 247947473.00 ns, 13.7749 ms/op

// BeforeActualRun
WorkloadActual   1: 18 op, 248420261.00 ns, 13.8011 ms/op
WorkloadActual   2: 18 op, 247843778.00 ns, 13.7691 ms/op
WorkloadActual   3: 18 op, 248124285.00 ns, 13.7847 ms/op
WorkloadActual   4: 18 op, 252042298.00 ns, 14.0023 ms/op
WorkloadActual   5: 18 op, 248615317.00 ns, 13.8120 ms/op
WorkloadActual   6: 18 op, 247961419.00 ns, 13.7756 ms/op
WorkloadActual   7: 18 op, 247969986.00 ns, 13.7761 ms/op
WorkloadActual   8: 18 op, 247622882.00 ns, 13.7568 ms/op

// AfterActualRun
WorkloadResult   1: 18 op, 248420261.00 ns, 13.8011 ms/op
WorkloadResult   2: 18 op, 247843778.00 ns, 13.7691 ms/op
WorkloadResult   3: 18 op, 248124285.00 ns, 13.7847 ms/op
WorkloadResult   4: 18 op, 248615317.00 ns, 13.8120 ms/op
WorkloadResult   5: 18 op, 247961419.00 ns, 13.7756 ms/op
WorkloadResult   6: 18 op, 247969986.00 ns, 13.7761 ms/op
WorkloadResult   7: 18 op, 247622882.00 ns, 13.7568 ms/op
// GC:  0 0 0 1250088 18
// Threading:  0 0 18

// AfterAll
// Benchmark Process 3886 has exited with code 0.

Mean = 13.782 ms, StdErr = 0.007 ms (0.05%), N = 7, StdDev = 0.019 ms
Min = 13.757 ms, Q1 = 13.772 ms, Median = 13.776 ms, Q3 = 13.793 ms, Max = 13.812 ms
IQR = 0.021 ms, LowerFence = 13.742 ms, UpperFence = 13.824 ms
ConfidenceInterval = [13.740 ms; 13.825 ms] (CI 99.9%), Margin = 0.043 ms (0.31% of Mean)
Skewness = 0.3, Kurtosis = 1.52, MValue = 2

// ** Remained 8 (21.1 %) benchmark(s) to run. Estimated finish 2026-08-20 12:46 (0h 0m from now) **
// **************************
// Benchmark: ReadStoredEntry.SharpZipLib: Quick(MaxRelativeError=0.05, Arguments=/p:MatrixMode=Benchmark, IterationTime=250ms, MaxIterationCount=12, MaxWarmupIterationCount=5, MinIterationCount=8, MinWarmupIterationCount=3)
// *** Execute ***
// Launch: 1 / 1
// Execute: dotnet Matrix.ZipArchives-Quick-1.dll --anonymousPipes 127 128 --benchmarkName Matrix.ZipArchives.Benchmarks.ReadStoredEntry.SharpZipLib --job Quick --benchmarkId 30 in /home/runner/work/dotnet-matrix/dotnet-matrix/src/Matrix.ZipArchives/bin/Benchmark/Release/net10.0/Matrix.ZipArchives-Quick-1/bin/Release/net10.0
// Failed to set up high priority (Permission denied). In order to run benchmarks with high priority, make sure you have the right permissions.
// BeforeAnythingElse

// Benchmark Process Environment Information:
// BenchmarkDotNet v0.15.8
// Runtime=.NET 10.0.11 (10.0.11, 10.0.1126.37416), X64 RyuJIT x86-64-v3
// GC=Concurrent Workstation
// HardwareIntrinsics=AVX2+BMI1+BMI2+F16C+FMA+LZCNT+MOVBE,AVX,SSE3+SSSE3+SSE4.1+SSE4.2+POPCNT,X86Base+SSE+SSE2,AES+PCLMUL VectorSize=256
// Job: Quick(MaxRelativeError=0.05, IterationTime=250ms, MaxIterationCount=12, MaxWarmupIterationCount=5, MinIterationCount=8, MinWarmupIterationCount=3)

OverheadJitting  1: 1 op, 200708.00 ns, 200.7080 us/op
WorkloadJitting  1: 1 op, 23876622.00 ns, 23.8766 ms/op

WorkloadPilot    1: 4 op, 55972190.00 ns, 13.9930 ms/op
WorkloadPilot    2: 18 op, 252101750.00 ns, 14.0057 ms/op

WorkloadWarmup   1: 18 op, 248394342.00 ns, 13.7997 ms/op
WorkloadWarmup   2: 18 op, 248759559.00 ns, 13.8200 ms/op
WorkloadWarmup   3: 18 op, 247273967.00 ns, 13.7374 ms/op
WorkloadWarmup   4: 18 op, 247978341.00 ns, 13.7766 ms/op
WorkloadWarmup   5: 18 op, 246963383.00 ns, 13.7202 ms/op

// BeforeActualRun
WorkloadActual   1: 18 op, 247599358.00 ns, 13.7555 ms/op
WorkloadActual   2: 18 op, 247424971.00 ns, 13.7458 ms/op
WorkloadActual   3: 18 op, 248075964.00 ns, 13.7820 ms/op
WorkloadActual   4: 18 op, 247956620.00 ns, 13.7754 ms/op
WorkloadActual   5: 18 op, 247318720.00 ns, 13.7399 ms/op
WorkloadActual   6: 18 op, 247406977.00 ns, 13.7448 ms/op
WorkloadActual   7: 18 op, 247675110.00 ns, 13.7597 ms/op
WorkloadActual   8: 18 op, 247215397.00 ns, 13.7342 ms/op

// AfterActualRun
WorkloadResult   1: 18 op, 247599358.00 ns, 13.7555 ms/op
WorkloadResult   2: 18 op, 247424971.00 ns, 13.7458 ms/op
WorkloadResult   3: 18 op, 248075964.00 ns, 13.7820 ms/op
WorkloadResult   4: 18 op, 247956620.00 ns, 13.7754 ms/op
WorkloadResult   5: 18 op, 247318720.00 ns, 13.7399 ms/op
WorkloadResult   6: 18 op, 247406977.00 ns, 13.7448 ms/op
WorkloadResult   7: 18 op, 247675110.00 ns, 13.7597 ms/op
WorkloadResult   8: 18 op, 247215397.00 ns, 13.7342 ms/op
// GC:  0 0 0 18800 18
// Threading:  0 0 18

// AfterAll
// Benchmark Process 3900 has exited with code 0.

Mean = 13.755 ms, StdErr = 0.006 ms (0.04%), N = 8, StdDev = 0.017 ms
Min = 13.734 ms, Q1 = 13.744 ms, Median = 13.751 ms, Q3 = 13.764 ms, Max = 13.782 ms
IQR = 0.020 ms, LowerFence = 13.714 ms, UpperFence = 13.794 ms
ConfidenceInterval = [13.722 ms; 13.787 ms] (CI 99.9%), Margin = 0.032 ms (0.24% of Mean)
Skewness = 0.41, Kurtosis = 1.48, MValue = 2

// ** Remained 7 (18.4 %) benchmark(s) to run. Estimated finish 2026-08-20 12:46 (0h 0m from now) **
// **************************
// Benchmark: ReadStoredEntry.SystemIOCompression: Quick(MaxRelativeError=0.05, Arguments=/p:MatrixMode=Benchmark, IterationTime=250ms, MaxIterationCount=12, MaxWarmupIterationCount=5, MinIterationCount=8, MinWarmupIterationCount=3)
// *** Execute ***
// Launch: 1 / 1
// Execute: dotnet Matrix.ZipArchives-Quick-1.dll --anonymousPipes 127 128 --benchmarkName Matrix.ZipArchives.Benchmarks.ReadStoredEntry.SystemIOCompression --job Quick --benchmarkId 31 in /home/runner/work/dotnet-matrix/dotnet-matrix/src/Matrix.ZipArchives/bin/Benchmark/Release/net10.0/Matrix.ZipArchives-Quick-1/bin/Release/net10.0
// Failed to set up high priority (Permission denied). In order to run benchmarks with high priority, make sure you have the right permissions.
// BeforeAnythingElse

// Benchmark Process Environment Information:
// BenchmarkDotNet v0.15.8
// Runtime=.NET 10.0.11 (10.0.11, 10.0.1126.37416), X64 RyuJIT x86-64-v3
// GC=Concurrent Workstation
// HardwareIntrinsics=AVX2+BMI1+BMI2+F16C+FMA+LZCNT+MOVBE,AVX,SSE3+SSSE3+SSE4.1+SSE4.2+POPCNT,X86Base+SSE+SSE2,AES+PCLMUL VectorSize=256
// Job: Quick(MaxRelativeError=0.05, IterationTime=250ms, MaxIterationCount=12, MaxWarmupIterationCount=5, MinIterationCount=8, MinWarmupIterationCount=3)

OverheadJitting  1: 1 op, 203682.00 ns, 203.6820 us/op
WorkloadJitting  1: 1 op, 15795585.00 ns, 15.7956 ms/op

OverheadJitting  2: 16 op, 257974.00 ns, 16.1234 us/op
WorkloadJitting  2: 16 op, 225229858.00 ns, 14.0769 ms/op

WorkloadPilot    1: 16 op, 220546097.00 ns, 13.7841 ms/op
WorkloadPilot    2: 32 op, 441519717.00 ns, 13.7975 ms/op

OverheadWarmup   1: 32 op, 1823.00 ns, 56.9688 ns/op
OverheadWarmup   2: 32 op, 561.00 ns, 17.5313 ns/op
OverheadWarmup   3: 32 op, 561.00 ns, 17.5313 ns/op
OverheadWarmup   4: 32 op, 521.00 ns, 16.2813 ns/op
OverheadWarmup   5: 32 op, 571.00 ns, 17.8438 ns/op
OverheadWarmup   6: 32 op, 641.00 ns, 20.0313 ns/op
OverheadWarmup   7: 32 op, 681.00 ns, 21.2813 ns/op
OverheadWarmup   8: 32 op, 671.00 ns, 20.9688 ns/op

OverheadActual   1: 32 op, 731.00 ns, 22.8438 ns/op
OverheadActual   2: 32 op, 671.00 ns, 20.9688 ns/op
OverheadActual   3: 32 op, 691.00 ns, 21.5938 ns/op
OverheadActual   4: 32 op, 671.00 ns, 20.9688 ns/op
OverheadActual   5: 32 op, 681.00 ns, 21.2813 ns/op
OverheadActual   6: 32 op, 671.00 ns, 20.9688 ns/op
OverheadActual   7: 32 op, 602.00 ns, 18.8125 ns/op
OverheadActual   8: 32 op, 691.00 ns, 21.5938 ns/op
OverheadActual   9: 32 op, 701.00 ns, 21.9063 ns/op
OverheadActual  10: 32 op, 621.00 ns, 19.4063 ns/op
OverheadActual  11: 32 op, 722.00 ns, 22.5625 ns/op
OverheadActual  12: 32 op, 621.00 ns, 19.4063 ns/op

WorkloadWarmup   1: 32 op, 441779174.00 ns, 13.8056 ms/op
WorkloadWarmup   2: 32 op, 441411844.00 ns, 13.7941 ms/op
WorkloadWarmup   3: 32 op, 441608874.00 ns, 13.8003 ms/op
WorkloadWarmup   4: 32 op, 441737846.00 ns, 13.8043 ms/op
WorkloadWarmup   5: 32 op, 441628922.00 ns, 13.8009 ms/op

// BeforeActualRun
WorkloadActual   1: 32 op, 445136313.00 ns, 13.9105 ms/op
WorkloadActual   2: 32 op, 444170097.00 ns, 13.8803 ms/op
WorkloadActual   3: 32 op, 444459452.00 ns, 13.8894 ms/op
WorkloadActual   4: 32 op, 444520612.00 ns, 13.8913 ms/op
WorkloadActual   5: 32 op, 444033851.00 ns, 13.8761 ms/op
WorkloadActual   6: 32 op, 443406493.00 ns, 13.8565 ms/op
WorkloadActual   7: 32 op, 441449173.00 ns, 13.7953 ms/op
WorkloadActual   8: 32 op, 441293722.00 ns, 13.7904 ms/op

// AfterActualRun
WorkloadResult   1: 32 op, 445135637.00 ns, 13.9105 ms/op
WorkloadResult   2: 32 op, 444169421.00 ns, 13.8803 ms/op
WorkloadResult   3: 32 op, 444458776.00 ns, 13.8893 ms/op
WorkloadResult   4: 32 op, 444519936.00 ns, 13.8912 ms/op
WorkloadResult   5: 32 op, 444033175.00 ns, 13.8760 ms/op
WorkloadResult   6: 32 op, 443405817.00 ns, 13.8564 ms/op
WorkloadResult   7: 32 op, 441448497.00 ns, 13.7953 ms/op
WorkloadResult   8: 32 op, 441293046.00 ns, 13.7904 ms/op
// GC:  0 0 0 167680 32
// Threading:  0 0 32

// AfterAll
// Benchmark Process 3908 has exited with code 0.

Mean = 13.861 ms, StdErr = 0.016 ms (0.11%), N = 8, StdDev = 0.045 ms
Min = 13.790 ms, Q1 = 13.841 ms, Median = 13.878 ms, Q3 = 13.890 ms, Max = 13.910 ms
IQR = 0.049 ms, LowerFence = 13.768 ms, UpperFence = 13.963 ms
ConfidenceInterval = [13.775 ms; 13.947 ms] (CI 99.9%), Margin = 0.086 ms (0.62% of Mean)
Skewness = -0.64, Kurtosis = 1.59, MValue = 2

// ** Remained 6 (15.8 %) benchmark(s) to run. Estimated finish 2026-08-20 12:46 (0h 0m from now) **
// ***** BenchmarkRunner: Finish  *****

// * Export *
  tmp/dotnet-matrix/ZipArchives/50133ba64e5f404ab4c0b703af394d1a/results/Matrix.ZipArchives.Benchmarks.ReadStoredEntry-report.csv
  tmp/dotnet-matrix/ZipArchives/50133ba64e5f404ab4c0b703af394d1a/results/Matrix.ZipArchives.Benchmarks.ReadStoredEntry-report-github.md
  tmp/dotnet-matrix/ZipArchives/50133ba64e5f404ab4c0b703af394d1a/results/Matrix.ZipArchives.Benchmarks.ReadStoredEntry-report.html
  tmp/dotnet-matrix/ZipArchives/50133ba64e5f404ab4c0b703af394d1a/results/Matrix.ZipArchives.Benchmarks.ReadStoredEntry-report-full.json

// * Detailed results *
ReadStoredEntry.SharpZipLib: Quick(MaxRelativeError=0.05, Arguments=/p:MatrixMode=Benchmark, IterationTime=250ms, MaxIterationCount=12, MaxWarmupIterationCount=5, MinIterationCount=8, MinWarmupIterationCount=3)
Runtime = .NET 10.0.11 (10.0.11, 10.0.1126.37416), X64 RyuJIT x86-64-v3; GC = Concurrent Workstation
Mean = 13.755 ms, StdErr = 0.006 ms (0.04%), N = 8, StdDev = 0.017 ms
Min = 13.734 ms, Q1 = 13.744 ms, Median = 13.751 ms, Q3 = 13.764 ms, Max = 13.782 ms
IQR = 0.020 ms, LowerFence = 13.714 ms, UpperFence = 13.794 ms
ConfidenceInterval = [13.722 ms; 13.787 ms] (CI 99.9%), Margin = 0.032 ms (0.24% of Mean)
Skewness = 0.41, Kurtosis = 1.48, MValue = 2
-------------------- Histogram --------------------
[13.723 ms ; 13.793 ms) | @@@@@@@@
---------------------------------------------------

ReadStoredEntry.SharpCompress: Quick(MaxRelativeError=0.05, Arguments=/p:MatrixMode=Benchmark, IterationTime=250ms, MaxIterationCount=12, MaxWarmupIterationCount=5, MinIterationCount=8, MinWarmupIterationCount=3)
Runtime = .NET 10.0.11 (10.0.11, 10.0.1126.37416), X64 RyuJIT x86-64-v3; GC = Concurrent Workstation
Mean = 13.782 ms, StdErr = 0.007 ms (0.05%), N = 7, StdDev = 0.019 ms
Min = 13.757 ms, Q1 = 13.772 ms, Median = 13.776 ms, Q3 = 13.793 ms, Max = 13.812 ms
IQR = 0.021 ms, LowerFence = 13.742 ms, UpperFence = 13.824 ms
ConfidenceInterval = [13.740 ms; 13.825 ms] (CI 99.9%), Margin = 0.043 ms (0.31% of Mean)
Skewness = 0.3, Kurtosis = 1.52, MValue = 2
-------------------- Histogram --------------------
[13.744 ms ; 13.825 ms) | @@@@@@@
---------------------------------------------------

ReadStoredEntry.SystemIOCompression: Quick(MaxRelativeError=0.05, Arguments=/p:MatrixMode=Benchmark, IterationTime=250ms, MaxIterationCount=12, MaxWarmupIterationCount=5, MinIterationCount=8, MinWarmupIterationCount=3)
Runtime = .NET 10.0.11 (10.0.11, 10.0.1126.37416), X64 RyuJIT x86-64-v3; GC = Concurrent Workstation
Mean = 13.861 ms, StdErr = 0.016 ms (0.11%), N = 8, StdDev = 0.045 ms
Min = 13.790 ms, Q1 = 13.841 ms, Median = 13.878 ms, Q3 = 13.890 ms, Max = 13.910 ms
IQR = 0.049 ms, LowerFence = 13.768 ms, UpperFence = 13.963 ms
ConfidenceInterval = [13.775 ms; 13.947 ms] (CI 99.9%), Margin = 0.086 ms (0.62% of Mean)
Skewness = -0.64, Kurtosis = 1.59, MValue = 2
-------------------- Histogram --------------------
[13.761 ms ; 13.940 ms) | @@@@@@@@
---------------------------------------------------

// * Summary *

BenchmarkDotNet v0.15.8, Linux Ubuntu 24.04.4 LTS (Noble Numbat)
AMD EPYC 7763 2.45GHz, 1 CPU, 4 logical and 2 physical cores
.NET SDK 10.0.400
  [Host] : .NET 10.0.11 (10.0.11, 10.0.1126.37416), X64 RyuJIT x86-64-v3
  Quick  : .NET 10.0.11 (10.0.11, 10.0.1126.37416), X64 RyuJIT x86-64-v3

Job=Quick  MaxRelativeError=0.05  Arguments=/p:MatrixMode=Benchmark  
IterationTime=250ms  MaxIterationCount=12  MaxWarmupIterationCount=5  
MinIterationCount=8  MinWarmupIterationCount=3  

| Method              | Mean     | Error    | StdDev   | Ratio | Allocated | Alloc Ratio |
|-------------------- |---------:|---------:|---------:|------:|----------:|------------:|
| SharpZipLib         | 13.75 ms | 0.032 ms | 0.017 ms |  0.99 |   1.02 KB |        0.20 |
| SharpCompress       | 13.78 ms | 0.043 ms | 0.019 ms |  0.99 |  67.82 KB |       13.25 |
| SystemIOCompression | 13.86 ms | 0.086 ms | 0.045 ms |  1.00 |   5.12 KB |        1.00 |

// * Hints *
Outliers
  ReadStoredEntry.SharpCompress: Quick -> 1 outlier  was  removed (14.00 ms)

// * Legends *
  Mean        : Arithmetic mean of all measurements
  Error       : Half of 99.9% confidence interval
  StdDev      : Standard deviation of all measurements
  Ratio       : Mean of the ratio distribution ([Current]/[Baseline])
  Allocated   : Allocated memory per single operation (managed only, inclusive, 1KB = 1024B)
  Alloc Ratio : Allocated memory ratio distribution ([Current]/[Baseline])
  1 ms        : 1 Millisecond (0.001 sec)

// * Diagnostic Output - MemoryDiagnoser *


// ***** BenchmarkRunner: End *****
Run time: 00:00:15 (15.36 sec), executed benchmarks: 3

// Found 3 benchmarks:
//   ReadZip64Archive.SharpCompress: Quick(MaxRelativeError=0.05, Arguments=/p:MatrixMode=Benchmark, IterationTime=250ms, MaxIterationCount=12, MaxWarmupIterationCount=5, MinIterationCount=8, MinWarmupIterationCount=3)
//   ReadZip64Archive.SharpZipLib: Quick(MaxRelativeError=0.05, Arguments=/p:MatrixMode=Benchmark, IterationTime=250ms, MaxIterationCount=12, MaxWarmupIterationCount=5, MinIterationCount=8, MinWarmupIterationCount=3)
//   ReadZip64Archive.SystemIOCompression: Quick(MaxRelativeError=0.05, Arguments=/p:MatrixMode=Benchmark, IterationTime=250ms, MaxIterationCount=12, MaxWarmupIterationCount=5, MinIterationCount=8, MinWarmupIterationCount=3)

// **************************
// Benchmark: ReadZip64Archive.SharpCompress: Quick(MaxRelativeError=0.05, Arguments=/p:MatrixMode=Benchmark, IterationTime=250ms, MaxIterationCount=12, MaxWarmupIterationCount=5, MinIterationCount=8, MinWarmupIterationCount=3)
// *** Execute ***
// Launch: 1 / 1
// Execute: dotnet Matrix.ZipArchives-Quick-1.dll --anonymousPipes 127 128 --benchmarkName Matrix.ZipArchives.Benchmarks.ReadZip64Archive.SharpCompress --job Quick --benchmarkId 32 in /home/runner/work/dotnet-matrix/dotnet-matrix/src/Matrix.ZipArchives/bin/Benchmark/Release/net10.0/Matrix.ZipArchives-Quick-1/bin/Release/net10.0
// Failed to set up high priority (Permission denied). In order to run benchmarks with high priority, make sure you have the right permissions.
// BeforeAnythingElse

// Benchmark Process Environment Information:
// BenchmarkDotNet v0.15.8
// Runtime=.NET 10.0.11 (10.0.11, 10.0.1126.37416), X64 RyuJIT x86-64-v3
// GC=Concurrent Workstation
// HardwareIntrinsics=AVX2+BMI1+BMI2+F16C+FMA+LZCNT+MOVBE,AVX,SSE3+SSSE3+SSE4.1+SSE4.2+POPCNT,X86Base+SSE+SSE2,AES+PCLMUL VectorSize=256
// Job: Quick(MaxRelativeError=0.05, IterationTime=250ms, MaxIterationCount=12, MaxWarmupIterationCount=5, MinIterationCount=8, MinWarmupIterationCount=3)

OverheadJitting  1: 1 op, 196339.00 ns, 196.3390 us/op
WorkloadJitting  1: 1 op, 347676423.00 ns, 347.6764 ms/op

OverheadJitting  2: 1 op, 621.00 ns, 621.0000 ns/op
WorkloadJitting  2: 1 op, 225021197.00 ns, 225.0212 ms/op

WorkloadWarmup   1: 1 op, 219894823.00 ns, 219.8948 ms/op
WorkloadWarmup   2: 1 op, 104379452.00 ns, 104.3795 ms/op
WorkloadWarmup   3: 1 op, 79094373.00 ns, 79.0944 ms/op
WorkloadWarmup   4: 1 op, 78613890.00 ns, 78.6139 ms/op
WorkloadWarmup   5: 1 op, 100288844.00 ns, 100.2888 ms/op

// BeforeActualRun
WorkloadActual   1: 1 op, 105186359.00 ns, 105.1864 ms/op
WorkloadActual   2: 1 op, 88716477.00 ns, 88.7165 ms/op
WorkloadActual   3: 1 op, 90787819.00 ns, 90.7878 ms/op
WorkloadActual   4: 1 op, 83622033.00 ns, 83.6220 ms/op
WorkloadActual   5: 1 op, 81591306.00 ns, 81.5913 ms/op
WorkloadActual   6: 1 op, 85964174.00 ns, 85.9642 ms/op
WorkloadActual   7: 1 op, 94449501.00 ns, 94.4495 ms/op
WorkloadActual   8: 1 op, 109985137.00 ns, 109.9851 ms/op
WorkloadActual   9: 1 op, 90540585.00 ns, 90.5406 ms/op
WorkloadActual  10: 1 op, 92029403.00 ns, 92.0294 ms/op
WorkloadActual  11: 1 op, 93511308.00 ns, 93.5113 ms/op
WorkloadActual  12: 1 op, 101686241.00 ns, 101.6862 ms/op

// AfterActualRun
WorkloadResult   1: 1 op, 105186359.00 ns, 105.1864 ms/op
WorkloadResult   2: 1 op, 88716477.00 ns, 88.7165 ms/op
WorkloadResult   3: 1 op, 90787819.00 ns, 90.7878 ms/op
WorkloadResult   4: 1 op, 83622033.00 ns, 83.6220 ms/op
WorkloadResult   5: 1 op, 81591306.00 ns, 81.5913 ms/op
WorkloadResult   6: 1 op, 85964174.00 ns, 85.9642 ms/op
WorkloadResult   7: 1 op, 94449501.00 ns, 94.4495 ms/op
WorkloadResult   8: 1 op, 90540585.00 ns, 90.5406 ms/op
WorkloadResult   9: 1 op, 92029403.00 ns, 92.0294 ms/op
WorkloadResult  10: 1 op, 93511308.00 ns, 93.5113 ms/op
WorkloadResult  11: 1 op, 101686241.00 ns, 101.6862 ms/op
// GC:  2 1 0 39914552 1
// Threading:  0 0 1

// AfterAll
// Benchmark Process 3922 has exited with code 0.

Mean = 91.644 ms, StdErr = 2.140 ms (2.34%), N = 11, StdDev = 7.099 ms
Min = 81.591 ms, Q1 = 87.340 ms, Median = 90.788 ms, Q3 = 93.980 ms, Max = 105.186 ms
IQR = 6.640 ms, LowerFence = 77.380 ms, UpperFence = 103.941 ms
ConfidenceInterval = [81.826 ms; 101.462 ms] (CI 99.9%), Margin = 9.818 ms (10.71% of Mean)
Skewness = 0.45, Kurtosis = 2.12, MValue = 2.33

// ** Remained 5 (13.2 %) benchmark(s) to run. Estimated finish 2026-08-20 12:46 (0h 0m from now) **
// **************************
// Benchmark: ReadZip64Archive.SharpZipLib: Quick(MaxRelativeError=0.05, Arguments=/p:MatrixMode=Benchmark, IterationTime=250ms, MaxIterationCount=12, MaxWarmupIterationCount=5, MinIterationCount=8, MinWarmupIterationCount=3)
// *** Execute ***
// Launch: 1 / 1
// Execute: dotnet Matrix.ZipArchives-Quick-1.dll --anonymousPipes 127 128 --benchmarkName Matrix.ZipArchives.Benchmarks.ReadZip64Archive.SharpZipLib --job Quick --benchmarkId 33 in /home/runner/work/dotnet-matrix/dotnet-matrix/src/Matrix.ZipArchives/bin/Benchmark/Release/net10.0/Matrix.ZipArchives-Quick-1/bin/Release/net10.0
// Failed to set up high priority (Permission denied). In order to run benchmarks with high priority, make sure you have the right permissions.
// BeforeAnythingElse

// Benchmark Process Environment Information:
// BenchmarkDotNet v0.15.8
// Runtime=.NET 10.0.11 (10.0.11, 10.0.1126.37416), X64 RyuJIT x86-64-v3
// GC=Concurrent Workstation
// HardwareIntrinsics=AVX2+BMI1+BMI2+F16C+FMA+LZCNT+MOVBE,AVX,SSE3+SSSE3+SSE4.1+SSE4.2+POPCNT,X86Base+SSE+SSE2,AES+PCLMUL VectorSize=256
// Job: Quick(MaxRelativeError=0.05, IterationTime=250ms, MaxIterationCount=12, MaxWarmupIterationCount=5, MinIterationCount=8, MinWarmupIterationCount=3)

OverheadJitting  1: 1 op, 214162.00 ns, 214.1620 us/op
WorkloadJitting  1: 1 op, 61051716.00 ns, 61.0517 ms/op

WorkloadPilot    1: 4 op, 206733960.00 ns, 51.6835 ms/op

WorkloadWarmup   1: 4 op, 253725948.00 ns, 63.4315 ms/op
WorkloadWarmup   2: 4 op, 133269336.00 ns, 33.3173 ms/op
WorkloadWarmup   3: 4 op, 110762367.00 ns, 27.6906 ms/op
WorkloadWarmup   4: 4 op, 110620762.00 ns, 27.6552 ms/op
WorkloadWarmup   5: 4 op, 108763432.00 ns, 27.1909 ms/op

// BeforeActualRun
WorkloadActual   1: 4 op, 109667671.00 ns, 27.4169 ms/op
WorkloadActual   2: 4 op, 114201832.00 ns, 28.5505 ms/op
WorkloadActual   3: 4 op, 115608536.00 ns, 28.9021 ms/op
WorkloadActual   4: 4 op, 123388697.00 ns, 30.8472 ms/op
WorkloadActual   5: 4 op, 107876334.00 ns, 26.9691 ms/op
WorkloadActual   6: 4 op, 110721140.00 ns, 27.6803 ms/op
WorkloadActual   7: 4 op, 107970672.00 ns, 26.9927 ms/op
WorkloadActual   8: 4 op, 119194676.00 ns, 29.7987 ms/op
WorkloadActual   9: 4 op, 107261950.00 ns, 26.8155 ms/op
WorkloadActual  10: 4 op, 107222269.00 ns, 26.8056 ms/op
WorkloadActual  11: 4 op, 110586387.00 ns, 27.6466 ms/op
WorkloadActual  12: 4 op, 108023521.00 ns, 27.0059 ms/op

// AfterActualRun
WorkloadResult   1: 4 op, 109667671.00 ns, 27.4169 ms/op
WorkloadResult   2: 4 op, 114201832.00 ns, 28.5505 ms/op
WorkloadResult   3: 4 op, 115608536.00 ns, 28.9021 ms/op
WorkloadResult   4: 4 op, 123388697.00 ns, 30.8472 ms/op
WorkloadResult   5: 4 op, 107876334.00 ns, 26.9691 ms/op
WorkloadResult   6: 4 op, 110721140.00 ns, 27.6803 ms/op
WorkloadResult   7: 4 op, 107970672.00 ns, 26.9927 ms/op
WorkloadResult   8: 4 op, 119194676.00 ns, 29.7987 ms/op
WorkloadResult   9: 4 op, 107261950.00 ns, 26.8155 ms/op
WorkloadResult  10: 4 op, 107222269.00 ns, 26.8056 ms/op
WorkloadResult  11: 4 op, 110586387.00 ns, 27.6466 ms/op
WorkloadResult  12: 4 op, 108023521.00 ns, 27.0059 ms/op
// GC:  5 4 1 81792536 4
// Threading:  0 0 4

// AfterAll
// Benchmark Process 3930 has exited with code 0.

Mean = 27.953 ms, StdErr = 0.378 ms (1.35%), N = 12, StdDev = 1.311 ms
Min = 26.806 ms, Q1 = 26.987 ms, Median = 27.532 ms, Q3 = 28.638 ms, Max = 30.847 ms
IQR = 1.652 ms, LowerFence = 24.509 ms, UpperFence = 31.116 ms
ConfidenceInterval = [26.274 ms; 29.631 ms] (CI 99.9%), Margin = 1.679 ms (6.01% of Mean)
Skewness = 0.95, Kurtosis = 2.51, MValue = 2

// ** Remained 4 (10.5 %) benchmark(s) to run. Estimated finish 2026-08-20 12:46 (0h 0m from now) **
// **************************
// Benchmark: ReadZip64Archive.SystemIOCompression: Quick(MaxRelativeError=0.05, Arguments=/p:MatrixMode=Benchmark, IterationTime=250ms, MaxIterationCount=12, MaxWarmupIterationCount=5, MinIterationCount=8, MinWarmupIterationCount=3)
// *** Execute ***
// Launch: 1 / 1
// Execute: dotnet Matrix.ZipArchives-Quick-1.dll --anonymousPipes 127 128 --benchmarkName Matrix.ZipArchives.Benchmarks.ReadZip64Archive.SystemIOCompression --job Quick --benchmarkId 34 in /home/runner/work/dotnet-matrix/dotnet-matrix/src/Matrix.ZipArchives/bin/Benchmark/Release/net10.0/Matrix.ZipArchives-Quick-1/bin/Release/net10.0
// Failed to set up high priority (Permission denied). In order to run benchmarks with high priority, make sure you have the right permissions.
// BeforeAnythingElse

// Benchmark Process Environment Information:
// BenchmarkDotNet v0.15.8
// Runtime=.NET 10.0.11 (10.0.11, 10.0.1126.37416), X64 RyuJIT x86-64-v3
// GC=Concurrent Workstation
// HardwareIntrinsics=AVX2+BMI1+BMI2+F16C+FMA+LZCNT+MOVBE,AVX,SSE3+SSSE3+SSE4.1+SSE4.2+POPCNT,X86Base+SSE+SSE2,AES+PCLMUL VectorSize=256
// Job: Quick(MaxRelativeError=0.05, IterationTime=250ms, MaxIterationCount=12, MaxWarmupIterationCount=5, MinIterationCount=8, MinWarmupIterationCount=3)

OverheadJitting  1: 1 op, 204404.00 ns, 204.4040 us/op
WorkloadJitting  1: 1 op, 64244035.00 ns, 64.2440 ms/op

WorkloadPilot    1: 4 op, 257740464.00 ns, 64.4351 ms/op

WorkloadWarmup   1: 4 op, 211944151.00 ns, 52.9860 ms/op
WorkloadWarmup   2: 4 op, 199390482.00 ns, 49.8476 ms/op
WorkloadWarmup   3: 4 op, 200028839.00 ns, 50.0072 ms/op
WorkloadWarmup   4: 4 op, 209988733.00 ns, 52.4972 ms/op
WorkloadWarmup   5: 4 op, 211131914.00 ns, 52.7830 ms/op

// BeforeActualRun
WorkloadActual   1: 4 op, 213574385.00 ns, 53.3936 ms/op
WorkloadActual   2: 4 op, 208293169.00 ns, 52.0733 ms/op
WorkloadActual   3: 4 op, 216844667.00 ns, 54.2112 ms/op
WorkloadActual   4: 4 op, 219665611.00 ns, 54.9164 ms/op
WorkloadActual   5: 4 op, 209269363.00 ns, 52.3173 ms/op
WorkloadActual   6: 4 op, 210142974.00 ns, 52.5357 ms/op
WorkloadActual   7: 4 op, 214655602.00 ns, 53.6639 ms/op
WorkloadActual   8: 4 op, 213827489.00 ns, 53.4569 ms/op

// AfterActualRun
WorkloadResult   1: 4 op, 213574385.00 ns, 53.3936 ms/op
WorkloadResult   2: 4 op, 208293169.00 ns, 52.0733 ms/op
WorkloadResult   3: 4 op, 216844667.00 ns, 54.2112 ms/op
WorkloadResult   4: 4 op, 219665611.00 ns, 54.9164 ms/op
WorkloadResult   5: 4 op, 209269363.00 ns, 52.3173 ms/op
WorkloadResult   6: 4 op, 210142974.00 ns, 52.5357 ms/op
WorkloadResult   7: 4 op, 214655602.00 ns, 53.6639 ms/op
WorkloadResult   8: 4 op, 213827489.00 ns, 53.4569 ms/op
// GC:  11 10 3 165207912 4
// Threading:  0 0 4

// AfterAll
// Benchmark Process 3939 has exited with code 0.

Mean = 53.321 ms, StdErr = 0.345 ms (0.65%), N = 8, StdDev = 0.975 ms
Min = 52.073 ms, Q1 = 52.481 ms, Median = 53.425 ms, Q3 = 53.801 ms, Max = 54.916 ms
IQR = 1.320 ms, LowerFence = 50.502 ms, UpperFence = 55.780 ms
ConfidenceInterval = [51.456 ms; 55.186 ms] (CI 99.9%), Margin = 1.865 ms (3.50% of Mean)
Skewness = 0.18, Kurtosis = 1.51, MValue = 2

// ** Remained 3 (7.9 %) benchmark(s) to run. Estimated finish 2026-08-20 12:46 (0h 0m from now) **
// ***** BenchmarkRunner: Finish  *****

// * Export *
  tmp/dotnet-matrix/ZipArchives/50133ba64e5f404ab4c0b703af394d1a/results/Matrix.ZipArchives.Benchmarks.ReadZip64Archive-report.csv
  tmp/dotnet-matrix/ZipArchives/50133ba64e5f404ab4c0b703af394d1a/results/Matrix.ZipArchives.Benchmarks.ReadZip64Archive-report-github.md
  tmp/dotnet-matrix/ZipArchives/50133ba64e5f404ab4c0b703af394d1a/results/Matrix.ZipArchives.Benchmarks.ReadZip64Archive-report.html
  tmp/dotnet-matrix/ZipArchives/50133ba64e5f404ab4c0b703af394d1a/results/Matrix.ZipArchives.Benchmarks.ReadZip64Archive-report-full.json

// * Detailed results *
ReadZip64Archive.SharpZipLib: Quick(MaxRelativeError=0.05, Arguments=/p:MatrixMode=Benchmark, IterationTime=250ms, MaxIterationCount=12, MaxWarmupIterationCount=5, MinIterationCount=8, MinWarmupIterationCount=3)
Runtime = .NET 10.0.11 (10.0.11, 10.0.1126.37416), X64 RyuJIT x86-64-v3; GC = Concurrent Workstation
Mean = 27.953 ms, StdErr = 0.378 ms (1.35%), N = 12, StdDev = 1.311 ms
Min = 26.806 ms, Q1 = 26.987 ms, Median = 27.532 ms, Q3 = 28.638 ms, Max = 30.847 ms
IQR = 1.652 ms, LowerFence = 24.509 ms, UpperFence = 31.116 ms
ConfidenceInterval = [26.274 ms; 29.631 ms] (CI 99.9%), Margin = 1.679 ms (6.01% of Mean)
Skewness = 0.95, Kurtosis = 2.51, MValue = 2
-------------------- Histogram --------------------
[26.492 ms ; 27.994 ms) | @@@@@@@@
[27.994 ms ; 29.926 ms) | @@@
[29.926 ms ; 31.599 ms) | @
---------------------------------------------------

ReadZip64Archive.SystemIOCompression: Quick(MaxRelativeError=0.05, Arguments=/p:MatrixMode=Benchmark, IterationTime=250ms, MaxIterationCount=12, MaxWarmupIterationCount=5, MinIterationCount=8, MinWarmupIterationCount=3)
Runtime = .NET 10.0.11 (10.0.11, 10.0.1126.37416), X64 RyuJIT x86-64-v3; GC = Concurrent Workstation
Mean = 53.321 ms, StdErr = 0.345 ms (0.65%), N = 8, StdDev = 0.975 ms
Min = 52.073 ms, Q1 = 52.481 ms, Median = 53.425 ms, Q3 = 53.801 ms, Max = 54.916 ms
IQR = 1.320 ms, LowerFence = 50.502 ms, UpperFence = 55.780 ms
ConfidenceInterval = [51.456 ms; 55.186 ms] (CI 99.9%), Margin = 1.865 ms (3.50% of Mean)
Skewness = 0.18, Kurtosis = 1.51, MValue = 2
-------------------- Histogram --------------------
[51.664 ms ; 53.162 ms) | @@@
[53.162 ms ; 54.442 ms) | @@@@
[54.442 ms ; 55.557 ms) | @
---------------------------------------------------

ReadZip64Archive.SharpCompress: Quick(MaxRelativeError=0.05, Arguments=/p:MatrixMode=Benchmark, IterationTime=250ms, MaxIterationCount=12, MaxWarmupIterationCount=5, MinIterationCount=8, MinWarmupIterationCount=3)
Runtime = .NET 10.0.11 (10.0.11, 10.0.1126.37416), X64 RyuJIT x86-64-v3; GC = Concurrent Workstation
Mean = 91.644 ms, StdErr = 2.140 ms (2.34%), N = 11, StdDev = 7.099 ms
Min = 81.591 ms, Q1 = 87.340 ms, Median = 90.788 ms, Q3 = 93.980 ms, Max = 105.186 ms
IQR = 6.640 ms, LowerFence = 77.380 ms, UpperFence = 103.941 ms
ConfidenceInterval = [81.826 ms; 101.462 ms] (CI 99.9%), Margin = 9.818 ms (10.71% of Mean)
Skewness = 0.45, Kurtosis = 2.12, MValue = 2.33
-------------------- Histogram --------------------
[77.402 ms ;  87.394 ms) | @@@
[87.394 ms ;  95.772 ms) | @@@@@@
[95.772 ms ;  99.247 ms) | 
[99.247 ms ; 107.626 ms) | @@
---------------------------------------------------

// * Summary *

BenchmarkDotNet v0.15.8, Linux Ubuntu 24.04.4 LTS (Noble Numbat)
AMD EPYC 7763 2.45GHz, 1 CPU, 4 logical and 2 physical cores
.NET SDK 10.0.400
  [Host] : .NET 10.0.11 (10.0.11, 10.0.1126.37416), X64 RyuJIT x86-64-v3
  Quick  : .NET 10.0.11 (10.0.11, 10.0.1126.37416), X64 RyuJIT x86-64-v3

Job=Quick  MaxRelativeError=0.05  Arguments=/p:MatrixMode=Benchmark  
IterationTime=250ms  MaxIterationCount=12  MaxWarmupIterationCount=5  
MinIterationCount=8  MinWarmupIterationCount=3  

| Method              | Mean     | Error    | StdDev   | Ratio | RatioSD | Gen0      | Gen1      | Gen2     | Allocated | Alloc Ratio |
|-------------------- |---------:|---------:|---------:|------:|--------:|----------:|----------:|---------:|----------:|------------:|
| SharpZipLib         | 27.95 ms | 1.679 ms | 1.311 ms |  0.52 |    0.03 | 1250.0000 | 1000.0000 | 250.0000 |   19.5 MB |        0.50 |
| SystemIOCompression | 53.32 ms | 1.865 ms | 0.975 ms |  1.00 |    0.02 | 2750.0000 | 2500.0000 | 750.0000 |  39.39 MB |        1.00 |
| SharpCompress       | 91.64 ms | 9.818 ms | 7.099 ms |  1.72 |    0.13 | 2000.0000 | 1000.0000 |        - |  38.07 MB |        0.97 |

// * Warnings *
MinIterationTime
  ReadZip64Archive.SharpCompress: Quick -> The minimum observed iteration time is 81.591ms which is very small. It's recommended to increase it to at least 100ms using more operations.

// * Hints *
Outliers
  ReadZip64Archive.SharpCompress: Quick -> 1 outlier  was  removed (109.99 ms)

// * Legends *
  Mean        : Arithmetic mean of all measurements
  Error       : Half of 99.9% confidence interval
  StdDev      : Standard deviation of all measurements
  Ratio       : Mean of the ratio distribution ([Current]/[Baseline])
  RatioSD     : Standard deviation of the ratio distribution ([Current]/[Baseline])
  Gen0        : GC Generation 0 collects per 1000 operations
  Gen1        : GC Generation 1 collects per 1000 operations
  Gen2        : GC Generation 2 collects per 1000 operations
  Allocated   : Allocated memory per single operation (managed only, inclusive, 1KB = 1024B)
  Alloc Ratio : Allocated memory ratio distribution ([Current]/[Baseline])
  1 ms        : 1 Millisecond (0.001 sec)

// * Diagnostic Output - MemoryDiagnoser *


// ***** BenchmarkRunner: End *****
Run time: 00:00:09 (9.01 sec), executed benchmarks: 3

// Found 3 benchmarks:
//   SequentialNonSeekableRead.SharpCompress: Quick(MaxRelativeError=0.05, Arguments=/p:MatrixMode=Benchmark, IterationTime=250ms, MaxIterationCount=12, MaxWarmupIterationCount=5, MinIterationCount=8, MinWarmupIterationCount=3)
//   SequentialNonSeekableRead.SharpZipLib: Quick(MaxRelativeError=0.05, Arguments=/p:MatrixMode=Benchmark, IterationTime=250ms, MaxIterationCount=12, MaxWarmupIterationCount=5, MinIterationCount=8, MinWarmupIterationCount=3)
//   SequentialNonSeekableRead.SystemIOCompression: Quick(MaxRelativeError=0.05, Arguments=/p:MatrixMode=Benchmark, IterationTime=250ms, MaxIterationCount=12, MaxWarmupIterationCount=5, MinIterationCount=8, MinWarmupIterationCount=3)

// **************************
// Benchmark: SequentialNonSeekableRead.SharpCompress: Quick(MaxRelativeError=0.05, Arguments=/p:MatrixMode=Benchmark, IterationTime=250ms, MaxIterationCount=12, MaxWarmupIterationCount=5, MinIterationCount=8, MinWarmupIterationCount=3)
// *** Execute ***
// Launch: 1 / 1
// Execute: dotnet Matrix.ZipArchives-Quick-1.dll --anonymousPipes 127 128 --benchmarkName Matrix.ZipArchives.Benchmarks.SequentialNonSeekableRead.SharpCompress --job Quick --benchmarkId 35 in /home/runner/work/dotnet-matrix/dotnet-matrix/src/Matrix.ZipArchives/bin/Benchmark/Release/net10.0/Matrix.ZipArchives-Quick-1/bin/Release/net10.0
// Failed to set up high priority (Permission denied). In order to run benchmarks with high priority, make sure you have the right permissions.
// BeforeAnythingElse

// Benchmark Process Environment Information:
// BenchmarkDotNet v0.15.8
// Runtime=.NET 10.0.11 (10.0.11, 10.0.1126.37416), X64 RyuJIT x86-64-v3
// GC=Concurrent Workstation
// HardwareIntrinsics=AVX2+BMI1+BMI2+F16C+FMA+LZCNT+MOVBE,AVX,SSE3+SSSE3+SSE4.1+SSE4.2+POPCNT,X86Base+SSE+SSE2,AES+PCLMUL VectorSize=256
// Job: Quick(MaxRelativeError=0.05, IterationTime=250ms, MaxIterationCount=12, MaxWarmupIterationCount=5, MinIterationCount=8, MinWarmupIterationCount=3)

OverheadJitting  1: 1 op, 212349.00 ns, 212.3490 us/op
WorkloadJitting  1: 1 op, 68158194.00 ns, 68.1582 ms/op

WorkloadPilot    1: 4 op, 136151828.00 ns, 34.0380 ms/op
WorkloadPilot    2: 7 op, 259847678.00 ns, 37.1211 ms/op

WorkloadWarmup   1: 7 op, 243037475.00 ns, 34.7196 ms/op
WorkloadWarmup   2: 7 op, 197326639.00 ns, 28.1895 ms/op
WorkloadWarmup   3: 7 op, 140965906.00 ns, 20.1380 ms/op
WorkloadWarmup   4: 7 op, 128922442.00 ns, 18.4175 ms/op
WorkloadWarmup   5: 7 op, 126247425.00 ns, 18.0353 ms/op

// BeforeActualRun
WorkloadActual   1: 7 op, 138119206.00 ns, 19.7313 ms/op
WorkloadActual   2: 7 op, 124588968.00 ns, 17.7984 ms/op
WorkloadActual   3: 7 op, 124668787.00 ns, 17.8098 ms/op
WorkloadActual   4: 7 op, 122883372.00 ns, 17.5548 ms/op
WorkloadActual   5: 7 op, 121812681.00 ns, 17.4018 ms/op
WorkloadActual   6: 7 op, 122767896.00 ns, 17.5383 ms/op
WorkloadActual   7: 7 op, 126722077.00 ns, 18.1032 ms/op
WorkloadActual   8: 7 op, 122786380.00 ns, 17.5409 ms/op

// AfterActualRun
WorkloadResult   1: 7 op, 124588968.00 ns, 17.7984 ms/op
WorkloadResult   2: 7 op, 124668787.00 ns, 17.8098 ms/op
WorkloadResult   3: 7 op, 122883372.00 ns, 17.5548 ms/op
WorkloadResult   4: 7 op, 121812681.00 ns, 17.4018 ms/op
WorkloadResult   5: 7 op, 122767896.00 ns, 17.5383 ms/op
WorkloadResult   6: 7 op, 126722077.00 ns, 18.1032 ms/op
WorkloadResult   7: 7 op, 122786380.00 ns, 17.5409 ms/op
// GC:  0 0 0 16722424 7
// Threading:  0 0 7

// AfterAll
// Benchmark Process 3949 has exited with code 0.

Mean = 17.678 ms, StdErr = 0.090 ms (0.51%), N = 7, StdDev = 0.239 ms
Min = 17.402 ms, Q1 = 17.540 ms, Median = 17.555 ms, Q3 = 17.804 ms, Max = 18.103 ms
IQR = 0.265 ms, LowerFence = 17.143 ms, UpperFence = 18.201 ms
ConfidenceInterval = [17.140 ms; 18.216 ms] (CI 99.9%), Margin = 0.538 ms (3.04% of Mean)
Skewness = 0.55, Kurtosis = 1.75, MValue = 2

// ** Remained 2 (5.3 %) benchmark(s) to run. Estimated finish 2026-08-20 12:46 (0h 0m from now) **
// **************************
// Benchmark: SequentialNonSeekableRead.SharpZipLib: Quick(MaxRelativeError=0.05, Arguments=/p:MatrixMode=Benchmark, IterationTime=250ms, MaxIterationCount=12, MaxWarmupIterationCount=5, MinIterationCount=8, MinWarmupIterationCount=3)
// *** Execute ***
// Launch: 1 / 1
// Execute: dotnet Matrix.ZipArchives-Quick-1.dll --anonymousPipes 127 128 --benchmarkName Matrix.ZipArchives.Benchmarks.SequentialNonSeekableRead.SharpZipLib --job Quick --benchmarkId 36 in /home/runner/work/dotnet-matrix/dotnet-matrix/src/Matrix.ZipArchives/bin/Benchmark/Release/net10.0/Matrix.ZipArchives-Quick-1/bin/Release/net10.0
// Failed to set up high priority (Permission denied). In order to run benchmarks with high priority, make sure you have the right permissions.
// BeforeAnythingElse

// Benchmark Process Environment Information:
// BenchmarkDotNet v0.15.8
// Runtime=.NET 10.0.11 (10.0.11, 10.0.1126.37416), X64 RyuJIT x86-64-v3
// GC=Concurrent Workstation
// HardwareIntrinsics=AVX2+BMI1+BMI2+F16C+FMA+LZCNT+MOVBE,AVX,SSE3+SSSE3+SSE4.1+SSE4.2+POPCNT,X86Base+SSE+SSE2,AES+PCLMUL VectorSize=256
// Job: Quick(MaxRelativeError=0.05, IterationTime=250ms, MaxIterationCount=12, MaxWarmupIterationCount=5, MinIterationCount=8, MinWarmupIterationCount=3)

OverheadJitting  1: 1 op, 240842.00 ns, 240.8420 us/op
WorkloadJitting  1: 1 op, 42843568.00 ns, 42.8436 ms/op

WorkloadPilot    1: 4 op, 131636032.00 ns, 32.9090 ms/op
WorkloadPilot    2: 8 op, 211229947.00 ns, 26.4037 ms/op

WorkloadWarmup   1: 8 op, 132479907.00 ns, 16.5600 ms/op
WorkloadWarmup   2: 8 op, 128481814.00 ns, 16.0602 ms/op
WorkloadWarmup   3: 8 op, 128783160.00 ns, 16.0979 ms/op
WorkloadWarmup   4: 8 op, 128494447.00 ns, 16.0618 ms/op
WorkloadWarmup   5: 8 op, 129396433.00 ns, 16.1746 ms/op

// BeforeActualRun
WorkloadActual   1: 8 op, 133129439.00 ns, 16.6412 ms/op
WorkloadActual   2: 8 op, 128117479.00 ns, 16.0147 ms/op
WorkloadActual   3: 8 op, 128389810.00 ns, 16.0487 ms/op
WorkloadActual   4: 8 op, 128452889.00 ns, 16.0566 ms/op
WorkloadActual   5: 8 op, 129537588.00 ns, 16.1922 ms/op
WorkloadActual   6: 8 op, 128748555.00 ns, 16.0936 ms/op
WorkloadActual   7: 8 op, 131010245.00 ns, 16.3763 ms/op
WorkloadActual   8: 8 op, 130190846.00 ns, 16.2739 ms/op

// AfterActualRun
WorkloadResult   1: 8 op, 133129439.00 ns, 16.6412 ms/op
WorkloadResult   2: 8 op, 128117479.00 ns, 16.0147 ms/op
WorkloadResult   3: 8 op, 128389810.00 ns, 16.0487 ms/op
WorkloadResult   4: 8 op, 128452889.00 ns, 16.0566 ms/op
WorkloadResult   5: 8 op, 129537588.00 ns, 16.1922 ms/op
WorkloadResult   6: 8 op, 128748555.00 ns, 16.0936 ms/op
WorkloadResult   7: 8 op, 131010245.00 ns, 16.3763 ms/op
WorkloadResult   8: 8 op, 130190846.00 ns, 16.2739 ms/op
// GC:  0 0 0 3757408 8
// Threading:  0 0 8

// AfterAll
// Benchmark Process 3958 has exited with code 0.

Mean = 16.212 ms, StdErr = 0.075 ms (0.47%), N = 8, StdDev = 0.214 ms
Min = 16.015 ms, Q1 = 16.055 ms, Median = 16.143 ms, Q3 = 16.299 ms, Max = 16.641 ms
IQR = 0.245 ms, LowerFence = 15.687 ms, UpperFence = 16.667 ms
ConfidenceInterval = [15.804 ms; 16.620 ms] (CI 99.9%), Margin = 0.408 ms (2.52% of Mean)
Skewness = 0.85, Kurtosis = 2.26, MValue = 2

// ** Remained 1 (2.6 %) benchmark(s) to run. Estimated finish 2026-08-20 12:46 (0h 0m from now) **
// **************************
// Benchmark: SequentialNonSeekableRead.SystemIOCompression: Quick(MaxRelativeError=0.05, Arguments=/p:MatrixMode=Benchmark, IterationTime=250ms, MaxIterationCount=12, MaxWarmupIterationCount=5, MinIterationCount=8, MinWarmupIterationCount=3)
// *** Execute ***
// Launch: 1 / 1
// Execute: dotnet Matrix.ZipArchives-Quick-1.dll --anonymousPipes 127 128 --benchmarkName Matrix.ZipArchives.Benchmarks.SequentialNonSeekableRead.SystemIOCompression --job Quick --benchmarkId 37 in /home/runner/work/dotnet-matrix/dotnet-matrix/src/Matrix.ZipArchives/bin/Benchmark/Release/net10.0/Matrix.ZipArchives-Quick-1/bin/Release/net10.0
// Failed to set up high priority (Permission denied). In order to run benchmarks with high priority, make sure you have the right permissions.
// BeforeAnythingElse

// Benchmark Process Environment Information:
// BenchmarkDotNet v0.15.8
// Runtime=.NET 10.0.11 (10.0.11, 10.0.1126.37416), X64 RyuJIT x86-64-v3
// GC=Concurrent Workstation
// HardwareIntrinsics=AVX2+BMI1+BMI2+F16C+FMA+LZCNT+MOVBE,AVX,SSE3+SSSE3+SSE4.1+SSE4.2+POPCNT,X86Base+SSE+SSE2,AES+PCLMUL VectorSize=256
// Job: Quick(MaxRelativeError=0.05, IterationTime=250ms, MaxIterationCount=12, MaxWarmupIterationCount=5, MinIterationCount=8, MinWarmupIterationCount=3)

OverheadJitting  1: 1 op, 211868.00 ns, 211.8680 us/op
WorkloadJitting  1: 1 op, 30292600.00 ns, 30.2926 ms/op

WorkloadPilot    1: 4 op, 108233801.00 ns, 27.0585 ms/op
WorkloadPilot    2: 9 op, 252968289.00 ns, 28.1076 ms/op

WorkloadWarmup   1: 9 op, 229710399.00 ns, 25.5234 ms/op
WorkloadWarmup   2: 9 op, 164910246.00 ns, 18.3234 ms/op
WorkloadWarmup   3: 9 op, 163209489.00 ns, 18.1344 ms/op
WorkloadWarmup   4: 9 op, 168431584.00 ns, 18.7146 ms/op
WorkloadWarmup   5: 9 op, 165596375.00 ns, 18.3996 ms/op

// BeforeActualRun
WorkloadActual   1: 9 op, 164922970.00 ns, 18.3248 ms/op
WorkloadActual   2: 9 op, 166544106.00 ns, 18.5049 ms/op
WorkloadActual   3: 9 op, 166358687.00 ns, 18.4843 ms/op
WorkloadActual   4: 9 op, 164267167.00 ns, 18.2519 ms/op
WorkloadActual   5: 9 op, 164061020.00 ns, 18.2290 ms/op
WorkloadActual   6: 9 op, 164540381.00 ns, 18.2823 ms/op
WorkloadActual   7: 9 op, 165827850.00 ns, 18.4253 ms/op
WorkloadActual   8: 9 op, 165281493.00 ns, 18.3646 ms/op

// AfterActualRun
WorkloadResult   1: 9 op, 164922970.00 ns, 18.3248 ms/op
WorkloadResult   2: 9 op, 166544106.00 ns, 18.5049 ms/op
WorkloadResult   3: 9 op, 166358687.00 ns, 18.4843 ms/op
WorkloadResult   4: 9 op, 164267167.00 ns, 18.2519 ms/op
WorkloadResult   5: 9 op, 164061020.00 ns, 18.2290 ms/op
WorkloadResult   6: 9 op, 164540381.00 ns, 18.2823 ms/op
WorkloadResult   7: 9 op, 165827850.00 ns, 18.4253 ms/op
WorkloadResult   8: 9 op, 165281493.00 ns, 18.3646 ms/op
// GC:  5 5 5 158921832 9
// Threading:  0 0 9

// AfterAll
// Benchmark Process 3966 has exited with code 0.

Mean = 18.358 ms, StdErr = 0.037 ms (0.20%), N = 8, StdDev = 0.105 ms
Min = 18.229 ms, Q1 = 18.275 ms, Median = 18.345 ms, Q3 = 18.440 ms, Max = 18.505 ms
IQR = 0.165 ms, LowerFence = 18.027 ms, UpperFence = 18.688 ms
ConfidenceInterval = [18.158 ms; 18.559 ms] (CI 99.9%), Margin = 0.200 ms (1.09% of Mean)
Skewness = 0.17, Kurtosis = 1.22, MValue = 2

// ** Remained 0 (0.0 %) benchmark(s) to run. Estimated finish 2026-08-20 12:46 (0h 0m from now) **
// ***** BenchmarkRunner: Finish  *****

// * Export *
  tmp/dotnet-matrix/ZipArchives/50133ba64e5f404ab4c0b703af394d1a/results/Matrix.ZipArchives.Benchmarks.SequentialNonSeekableRead-report.csv
  tmp/dotnet-matrix/ZipArchives/50133ba64e5f404ab4c0b703af394d1a/results/Matrix.ZipArchives.Benchmarks.SequentialNonSeekableRead-report-github.md
  tmp/dotnet-matrix/ZipArchives/50133ba64e5f404ab4c0b703af394d1a/results/Matrix.ZipArchives.Benchmarks.SequentialNonSeekableRead-report.html
  tmp/dotnet-matrix/ZipArchives/50133ba64e5f404ab4c0b703af394d1a/results/Matrix.ZipArchives.Benchmarks.SequentialNonSeekableRead-report-full.json

// * Detailed results *
SequentialNonSeekableRead.SharpZipLib: Quick(MaxRelativeError=0.05, Arguments=/p:MatrixMode=Benchmark, IterationTime=250ms, MaxIterationCount=12, MaxWarmupIterationCount=5, MinIterationCount=8, MinWarmupIterationCount=3)
Runtime = .NET 10.0.11 (10.0.11, 10.0.1126.37416), X64 RyuJIT x86-64-v3; GC = Concurrent Workstation
Mean = 16.212 ms, StdErr = 0.075 ms (0.47%), N = 8, StdDev = 0.214 ms
Min = 16.015 ms, Q1 = 16.055 ms, Median = 16.143 ms, Q3 = 16.299 ms, Max = 16.641 ms
IQR = 0.245 ms, LowerFence = 15.687 ms, UpperFence = 16.667 ms
ConfidenceInterval = [15.804 ms; 16.620 ms] (CI 99.9%), Margin = 0.408 ms (2.52% of Mean)
Skewness = 0.85, Kurtosis = 2.26, MValue = 2
-------------------- Histogram --------------------
[15.983 ms ; 16.674 ms) | @@@@@@@@
---------------------------------------------------

SequentialNonSeekableRead.SharpCompress: Quick(MaxRelativeError=0.05, Arguments=/p:MatrixMode=Benchmark, IterationTime=250ms, MaxIterationCount=12, MaxWarmupIterationCount=5, MinIterationCount=8, MinWarmupIterationCount=3)
Runtime = .NET 10.0.11 (10.0.11, 10.0.1126.37416), X64 RyuJIT x86-64-v3; GC = Concurrent Workstation
Mean = 17.678 ms, StdErr = 0.090 ms (0.51%), N = 7, StdDev = 0.239 ms
Min = 17.402 ms, Q1 = 17.540 ms, Median = 17.555 ms, Q3 = 17.804 ms, Max = 18.103 ms
IQR = 0.265 ms, LowerFence = 17.143 ms, UpperFence = 18.201 ms
ConfidenceInterval = [17.140 ms; 18.216 ms] (CI 99.9%), Margin = 0.538 ms (3.04% of Mean)
Skewness = 0.55, Kurtosis = 1.75, MValue = 2
-------------------- Histogram --------------------
[17.238 ms ; 17.851 ms) | @@@@@@
[17.851 ms ; 18.267 ms) | @
---------------------------------------------------

SequentialNonSeekableRead.SystemIOCompression: Quick(MaxRelativeError=0.05, Arguments=/p:MatrixMode=Benchmark, IterationTime=250ms, MaxIterationCount=12, MaxWarmupIterationCount=5, MinIterationCount=8, MinWarmupIterationCount=3)
Runtime = .NET 10.0.11 (10.0.11, 10.0.1126.37416), X64 RyuJIT x86-64-v3; GC = Concurrent Workstation
Mean = 18.358 ms, StdErr = 0.037 ms (0.20%), N = 8, StdDev = 0.105 ms
Min = 18.229 ms, Q1 = 18.275 ms, Median = 18.345 ms, Q3 = 18.440 ms, Max = 18.505 ms
IQR = 0.165 ms, LowerFence = 18.027 ms, UpperFence = 18.688 ms
ConfidenceInterval = [18.158 ms; 18.559 ms] (CI 99.9%), Margin = 0.200 ms (1.09% of Mean)
Skewness = 0.17, Kurtosis = 1.22, MValue = 2
-------------------- Histogram --------------------
[18.160 ms ; 18.574 ms) | @@@@@@@@
---------------------------------------------------

// * Summary *

BenchmarkDotNet v0.15.8, Linux Ubuntu 24.04.4 LTS (Noble Numbat)
AMD EPYC 7763 2.45GHz, 1 CPU, 4 logical and 2 physical cores
.NET SDK 10.0.400
  [Host] : .NET 10.0.11 (10.0.11, 10.0.1126.37416), X64 RyuJIT x86-64-v3
  Quick  : .NET 10.0.11 (10.0.11, 10.0.1126.37416), X64 RyuJIT x86-64-v3

Job=Quick  MaxRelativeError=0.05  Arguments=/p:MatrixMode=Benchmark  
IterationTime=250ms  MaxIterationCount=12  MaxWarmupIterationCount=5  
MinIterationCount=8  MinWarmupIterationCount=3  

| Method              | Mean     | Error    | StdDev   | Ratio | Gen0     | Gen1     | Gen2     | Allocated   | Alloc Ratio |
|-------------------- |---------:|---------:|---------:|------:|---------:|---------:|---------:|------------:|------------:|
| SharpZipLib         | 16.21 ms | 0.408 ms | 0.214 ms |  0.88 |        - |        - |        - |   458.67 KB |        0.03 |
| SharpCompress       | 17.68 ms | 0.538 ms | 0.239 ms |  0.96 |        - |        - |        - |  2332.93 KB |        0.14 |
| SystemIOCompression | 18.36 ms | 0.200 ms | 0.105 ms |  1.00 | 555.5556 | 555.5556 | 555.5556 | 17244.12 KB |        1.00 |

// * Hints *
Outliers
  SequentialNonSeekableRead.SharpCompress: Quick -> 1 outlier  was  removed (19.73 ms)

// * Legends *
  Mean        : Arithmetic mean of all measurements
  Error       : Half of 99.9% confidence interval
  StdDev      : Standard deviation of all measurements
  Ratio       : Mean of the ratio distribution ([Current]/[Baseline])
  Gen0        : GC Generation 0 collects per 1000 operations
  Gen1        : GC Generation 1 collects per 1000 operations
  Gen2        : GC Generation 2 collects per 1000 operations
  Allocated   : Allocated memory per single operation (managed only, inclusive, 1KB = 1024B)
  Alloc Ratio : Allocated memory ratio distribution ([Current]/[Baseline])
  1 ms        : 1 Millisecond (0.001 sec)

// * Diagnostic Output - MemoryDiagnoser *


// ***** BenchmarkRunner: End *****
Run time: 00:00:08 (8.32 sec), executed benchmarks: 3

Global total time: 00:02:58 (178.91 sec), executed benchmarks: 38
// * Artifacts cleanup *
Artifacts cleanup is finished
