// Validating benchmarks:
// ***** BenchmarkRunner: Start   *****
// ***** Found 38 benchmark(s) in total *****
// ***** Building 1 exe(s) in Parallel: Start   *****
// start dotnet  restore /p:MatrixMode=Benchmark --nodeReuse:false /p:UseSharedCompilation=false /p:Deterministic=true /p:Optimize=true /p:ArtifactsPath="/home/runner/work/dotnet-matrix/dotnet-matrix/src/Matrix.JsonSerialization/bin/Benchmark/Release/net10.0/Matrix.JsonSerialization-Quick-1/" /p:OutDir="/home/runner/work/dotnet-matrix/dotnet-matrix/src/Matrix.JsonSerialization/bin/Benchmark/Release/net10.0/Matrix.JsonSerialization-Quick-1/bin/Release/net10.0/" /p:OutputPath="/home/runner/work/dotnet-matrix/dotnet-matrix/src/Matrix.JsonSerialization/bin/Benchmark/Release/net10.0/Matrix.JsonSerialization-Quick-1/bin/Release/net10.0/" /p:PublishDir="/home/runner/work/dotnet-matrix/dotnet-matrix/src/Matrix.JsonSerialization/bin/Benchmark/Release/net10.0/Matrix.JsonSerialization-Quick-1/publish/" in /home/runner/work/dotnet-matrix/dotnet-matrix/src/Matrix.JsonSerialization/bin/Benchmark/Release/net10.0/Matrix.JsonSerialization-Quick-1
// command took 1.39 sec and exited with 0
// start dotnet  build -c Release /p:MatrixMode=Benchmark --no-restore --nodeReuse:false /p:UseSharedCompilation=false /p:Deterministic=true /p:Optimize=true /p:ArtifactsPath="/home/runner/work/dotnet-matrix/dotnet-matrix/src/Matrix.JsonSerialization/bin/Benchmark/Release/net10.0/Matrix.JsonSerialization-Quick-1/" /p:OutDir="/home/runner/work/dotnet-matrix/dotnet-matrix/src/Matrix.JsonSerialization/bin/Benchmark/Release/net10.0/Matrix.JsonSerialization-Quick-1/bin/Release/net10.0/" /p:OutputPath="/home/runner/work/dotnet-matrix/dotnet-matrix/src/Matrix.JsonSerialization/bin/Benchmark/Release/net10.0/Matrix.JsonSerialization-Quick-1/bin/Release/net10.0/" /p:PublishDir="/home/runner/work/dotnet-matrix/dotnet-matrix/src/Matrix.JsonSerialization/bin/Benchmark/Release/net10.0/Matrix.JsonSerialization-Quick-1/publish/" --output "/home/runner/work/dotnet-matrix/dotnet-matrix/src/Matrix.JsonSerialization/bin/Benchmark/Release/net10.0/Matrix.JsonSerialization-Quick-1/bin/Release/net10.0/" in /home/runner/work/dotnet-matrix/dotnet-matrix/src/Matrix.JsonSerialization/bin/Benchmark/Release/net10.0/Matrix.JsonSerialization-Quick-1
// command took 11.35 sec and exited with 0
// ***** Done, took 00:00:12 (12.85 sec)   *****
// Found 3 benchmarks:
//   CustomConverterRoundTrip.NewtonsoftJson: Quick(MaxRelativeError=0.05, Arguments=/p:MatrixMode=Benchmark, IterationTime=250ms, MaxIterationCount=12, MaxWarmupIterationCount=5, MinIterationCount=8, MinWarmupIterationCount=3)
//   CustomConverterRoundTrip.ServiceStackText: Quick(MaxRelativeError=0.05, Arguments=/p:MatrixMode=Benchmark, IterationTime=250ms, MaxIterationCount=12, MaxWarmupIterationCount=5, MinIterationCount=8, MinWarmupIterationCount=3)
//   CustomConverterRoundTrip.SystemTextJson: Quick(MaxRelativeError=0.05, Arguments=/p:MatrixMode=Benchmark, IterationTime=250ms, MaxIterationCount=12, MaxWarmupIterationCount=5, MinIterationCount=8, MinWarmupIterationCount=3)

// **************************
// Benchmark: CustomConverterRoundTrip.NewtonsoftJson: Quick(MaxRelativeError=0.05, Arguments=/p:MatrixMode=Benchmark, IterationTime=250ms, MaxIterationCount=12, MaxWarmupIterationCount=5, MinIterationCount=8, MinWarmupIterationCount=3)
// *** Execute ***
// Launch: 1 / 1
// Execute: dotnet Matrix.JsonSerialization-Quick-1.dll --anonymousPipes 125 126 --benchmarkName Matrix.JsonSerialization.Benchmarks.CustomConverterRoundTrip.NewtonsoftJson --job Quick --benchmarkId 0 in /home/runner/work/dotnet-matrix/dotnet-matrix/src/Matrix.JsonSerialization/bin/Benchmark/Release/net10.0/Matrix.JsonSerialization-Quick-1/bin/Release/net10.0
// Failed to set up high priority (Permission denied). In order to run benchmarks with high priority, make sure you have the right permissions.
// BeforeAnythingElse

// Benchmark Process Environment Information:
// BenchmarkDotNet v0.15.8
// Runtime=.NET 10.0.10 (10.0.10, 10.0.1026.32716), X64 RyuJIT x86-64-v3
// GC=Concurrent Workstation
// HardwareIntrinsics=AVX2+BMI1+BMI2+F16C+FMA+LZCNT+MOVBE,AVX,SSE3+SSSE3+SSE4.1+SSE4.2+POPCNT,X86Base+SSE+SSE2,AES+PCLMUL VectorSize=256
// Job: Quick(MaxRelativeError=0.05, IterationTime=250ms, MaxIterationCount=12, MaxWarmupIterationCount=5, MinIterationCount=8, MinWarmupIterationCount=3)

OverheadJitting  1: 1 op, 228560.00 ns, 228.5600 us/op
WorkloadJitting  1: 1 op, 66815369.00 ns, 66.8154 ms/op

WorkloadPilot    1: 4 op, 123894.00 ns, 30.9735 us/op
WorkloadPilot    2: 8071 op, 57444936.00 ns, 7.1174 us/op
WorkloadPilot    3: 35125 op, 273913297.00 ns, 7.7982 us/op
WorkloadPilot    4: 32059 op, 131354919.00 ns, 4.0973 us/op
WorkloadPilot    5: 61016 op, 67965392.00 ns, 1.1139 us/op
WorkloadPilot    6: 224438 op, 207237421.00 ns, 923.3616 ns/op
WorkloadPilot    7: 270750 op, 240800582.00 ns, 889.3835 ns/op
WorkloadPilot    8: 281094 op, 249216951.00 ns, 886.5965 ns/op
WorkloadPilot    9: 281977 op, 254460813.00 ns, 902.4169 ns/op
WorkloadPilot   10: 277034 op, 248659753.00 ns, 897.5785 ns/op
WorkloadPilot   11: 278527 op, 249269681.00 ns, 894.9570 ns/op
WorkloadPilot   12: 279343 op, 249722081.00 ns, 893.9622 ns/op
WorkloadPilot   13: 279654 op, 256038771.00 ns, 915.5555 ns/op

WorkloadWarmup   1: 279654 op, 248183608.00 ns, 887.4667 ns/op
WorkloadWarmup   2: 279654 op, 251887905.00 ns, 900.7127 ns/op
WorkloadWarmup   3: 279654 op, 248211410.00 ns, 887.5661 ns/op
WorkloadWarmup   4: 279654 op, 254482774.00 ns, 909.9915 ns/op
WorkloadWarmup   5: 279654 op, 257206818.00 ns, 919.7323 ns/op

// BeforeActualRun
WorkloadActual   1: 279654 op, 249793546.00 ns, 893.2236 ns/op
WorkloadActual   2: 279654 op, 251817352.00 ns, 900.4604 ns/op
WorkloadActual   3: 279654 op, 248317710.00 ns, 887.9462 ns/op
WorkloadActual   4: 279654 op, 255940446.00 ns, 915.2040 ns/op
WorkloadActual   5: 279654 op, 256777851.00 ns, 918.1984 ns/op
WorkloadActual   6: 279654 op, 252994235.00 ns, 904.6688 ns/op
WorkloadActual   7: 279654 op, 249054325.00 ns, 890.5802 ns/op
WorkloadActual   8: 279654 op, 251542986.00 ns, 899.4793 ns/op

// AfterActualRun
WorkloadResult   1: 279654 op, 249793546.00 ns, 893.2236 ns/op
WorkloadResult   2: 279654 op, 251817352.00 ns, 900.4604 ns/op
WorkloadResult   3: 279654 op, 248317710.00 ns, 887.9462 ns/op
WorkloadResult   4: 279654 op, 255940446.00 ns, 915.2040 ns/op
WorkloadResult   5: 279654 op, 256777851.00 ns, 918.1984 ns/op
WorkloadResult   6: 279654 op, 252994235.00 ns, 904.6688 ns/op
WorkloadResult   7: 279654 op, 249054325.00 ns, 890.5802 ns/op
WorkloadResult   8: 279654 op, 251542986.00 ns, 899.4793 ns/op
// GC:  80 0 0 1340101968 279654
// Threading:  0 0 279654

// AfterAll
// Benchmark Process 3415 has exited with code 0.

Mean = 901.220 ns, StdErr = 3.902 ns (0.43%), N = 8, StdDev = 11.037 ns
Min = 887.946 ns, Q1 = 892.563 ns, Median = 899.970 ns, Q3 = 907.303 ns, Max = 918.198 ns
IQR = 14.740 ns, LowerFence = 870.453 ns, UpperFence = 929.412 ns
ConfidenceInterval = [880.118 ns; 922.322 ns] (CI 99.9%), Margin = 21.102 ns (2.34% of Mean)
Skewness = 0.34, Kurtosis = 1.43, MValue = 2

// ** Remained 37 (97.4 %) benchmark(s) to run. Estimated finish 2026-08-04 6:44 (0h 3m from now) **
// **************************
// Benchmark: CustomConverterRoundTrip.ServiceStackText: Quick(MaxRelativeError=0.05, Arguments=/p:MatrixMode=Benchmark, IterationTime=250ms, MaxIterationCount=12, MaxWarmupIterationCount=5, MinIterationCount=8, MinWarmupIterationCount=3)
// *** Execute ***
// Launch: 1 / 1
// Execute: dotnet Matrix.JsonSerialization-Quick-1.dll --anonymousPipes 125 126 --benchmarkName Matrix.JsonSerialization.Benchmarks.CustomConverterRoundTrip.ServiceStackText --job Quick --benchmarkId 1 in /home/runner/work/dotnet-matrix/dotnet-matrix/src/Matrix.JsonSerialization/bin/Benchmark/Release/net10.0/Matrix.JsonSerialization-Quick-1/bin/Release/net10.0
// Failed to set up high priority (Permission denied). In order to run benchmarks with high priority, make sure you have the right permissions.
// BeforeAnythingElse

// Benchmark Process Environment Information:
// BenchmarkDotNet v0.15.8
// Runtime=.NET 10.0.10 (10.0.10, 10.0.1026.32716), X64 RyuJIT x86-64-v3
// GC=Concurrent Workstation
// HardwareIntrinsics=AVX2+BMI1+BMI2+F16C+FMA+LZCNT+MOVBE,AVX,SSE3+SSSE3+SSE4.1+SSE4.2+POPCNT,X86Base+SSE+SSE2,AES+PCLMUL VectorSize=256
// Job: Quick(MaxRelativeError=0.05, IterationTime=250ms, MaxIterationCount=12, MaxWarmupIterationCount=5, MinIterationCount=8, MinWarmupIterationCount=3)

OverheadJitting  1: 1 op, 215595.00 ns, 215.5950 us/op
WorkloadJitting  1: 1 op, 59097845.00 ns, 59.0978 ms/op

WorkloadPilot    1: 4 op, 85581.00 ns, 21.3953 us/op
WorkloadPilot    2: 11685 op, 29720475.00 ns, 2.5435 us/op
WorkloadPilot    3: 98291 op, 262430301.00 ns, 2.6699 us/op
WorkloadPilot    4: 93635 op, 42080000.00 ns, 449.4046 ns/op
WorkloadPilot    5: 556292 op, 165762909.00 ns, 297.9782 ns/op
WorkloadPilot    6: 838987 op, 252786726.00 ns, 301.2999 ns/op
WorkloadPilot    7: 829738 op, 250040404.00 ns, 301.3486 ns/op

WorkloadWarmup   1: 829738 op, 249149768.00 ns, 300.2752 ns/op
WorkloadWarmup   2: 829738 op, 250138218.00 ns, 301.4665 ns/op
WorkloadWarmup   3: 829738 op, 248153445.00 ns, 299.0745 ns/op
WorkloadWarmup   4: 829738 op, 251568858.00 ns, 303.1907 ns/op
WorkloadWarmup   5: 829738 op, 247402173.00 ns, 298.1690 ns/op

// BeforeActualRun
WorkloadActual   1: 829738 op, 249607730.00 ns, 300.8272 ns/op
WorkloadActual   2: 829738 op, 251807538.00 ns, 303.4784 ns/op
WorkloadActual   3: 829738 op, 247356547.00 ns, 298.1140 ns/op
WorkloadActual   4: 829738 op, 249460954.00 ns, 300.6503 ns/op
WorkloadActual   5: 829738 op, 247939172.00 ns, 298.8162 ns/op
WorkloadActual   6: 829738 op, 250405751.00 ns, 301.7889 ns/op
WorkloadActual   7: 829738 op, 247823214.00 ns, 298.6765 ns/op
WorkloadActual   8: 829738 op, 249198741.00 ns, 300.3343 ns/op

// AfterActualRun
WorkloadResult   1: 829738 op, 249607730.00 ns, 300.8272 ns/op
WorkloadResult   2: 829738 op, 251807538.00 ns, 303.4784 ns/op
WorkloadResult   3: 829738 op, 247356547.00 ns, 298.1140 ns/op
WorkloadResult   4: 829738 op, 249460954.00 ns, 300.6503 ns/op
WorkloadResult   5: 829738 op, 247939172.00 ns, 298.8162 ns/op
WorkloadResult   6: 829738 op, 250405751.00 ns, 301.7889 ns/op
WorkloadResult   7: 829738 op, 247823214.00 ns, 298.6765 ns/op
WorkloadResult   8: 829738 op, 249198741.00 ns, 300.3343 ns/op
// GC:  19 0 0 331900800 829738
// Threading:  0 0 829738

// AfterAll
// Benchmark Process 3425 has exited with code 0.

Mean = 300.336 ns, StdErr = 0.631 ns (0.21%), N = 8, StdDev = 1.786 ns
Min = 298.114 ns, Q1 = 298.781 ns, Median = 300.492 ns, Q3 = 301.068 ns, Max = 303.478 ns
IQR = 2.286 ns, LowerFence = 295.352 ns, UpperFence = 304.497 ns
ConfidenceInterval = [296.921 ns; 303.750 ns] (CI 99.9%), Margin = 3.415 ns (1.14% of Mean)
Skewness = 0.33, Kurtosis = 1.71, MValue = 2

// ** Remained 36 (94.7 %) benchmark(s) to run. Estimated finish 2026-08-04 6:43 (0h 3m from now) **
// **************************
// Benchmark: CustomConverterRoundTrip.SystemTextJson: Quick(MaxRelativeError=0.05, Arguments=/p:MatrixMode=Benchmark, IterationTime=250ms, MaxIterationCount=12, MaxWarmupIterationCount=5, MinIterationCount=8, MinWarmupIterationCount=3)
// *** Execute ***
// Launch: 1 / 1
// Execute: dotnet Matrix.JsonSerialization-Quick-1.dll --anonymousPipes 125 126 --benchmarkName Matrix.JsonSerialization.Benchmarks.CustomConverterRoundTrip.SystemTextJson --job Quick --benchmarkId 2 in /home/runner/work/dotnet-matrix/dotnet-matrix/src/Matrix.JsonSerialization/bin/Benchmark/Release/net10.0/Matrix.JsonSerialization-Quick-1/bin/Release/net10.0
// Failed to set up high priority (Permission denied). In order to run benchmarks with high priority, make sure you have the right permissions.
// BeforeAnythingElse

// Benchmark Process Environment Information:
// BenchmarkDotNet v0.15.8
// Runtime=.NET 10.0.10 (10.0.10, 10.0.1026.32716), X64 RyuJIT x86-64-v3
// GC=Concurrent Workstation
// HardwareIntrinsics=AVX2+BMI1+BMI2+F16C+FMA+LZCNT+MOVBE,AVX,SSE3+SSSE3+SSE4.1+SSE4.2+POPCNT,X86Base+SSE+SSE2,AES+PCLMUL VectorSize=256
// Job: Quick(MaxRelativeError=0.05, IterationTime=250ms, MaxIterationCount=12, MaxWarmupIterationCount=5, MinIterationCount=8, MinWarmupIterationCount=3)

OverheadJitting  1: 1 op, 220374.00 ns, 220.3740 us/op
WorkloadJitting  1: 1 op, 29523486.00 ns, 29.5235 ms/op

WorkloadPilot    1: 4 op, 117291.00 ns, 29.3228 us/op
WorkloadPilot    2: 8526 op, 10932892.00 ns, 1.2823 us/op
WorkloadPilot    3: 194962 op, 277695284.00 ns, 1.4244 us/op
WorkloadPilot    4: 175518 op, 256453886.00 ns, 1.4611 us/op
WorkloadPilot    5: 171101 op, 166473639.00 ns, 972.9554 ns/op
WorkloadPilot    6: 256949 op, 92953489.00 ns, 361.7585 ns/op
WorkloadPilot    7: 691069 op, 231566419.00 ns, 335.0844 ns/op
WorkloadPilot    8: 746081 op, 249938772.00 ns, 335.0022 ns/op
WorkloadPilot    9: 746264 op, 251932132.00 ns, 337.5912 ns/op

WorkloadWarmup   1: 746264 op, 249519524.00 ns, 334.3582 ns/op
WorkloadWarmup   2: 746264 op, 250485511.00 ns, 335.6527 ns/op
WorkloadWarmup   3: 746264 op, 249390922.00 ns, 334.1859 ns/op
WorkloadWarmup   4: 746264 op, 249883048.00 ns, 334.8454 ns/op
WorkloadWarmup   5: 746264 op, 250947800.00 ns, 336.2722 ns/op

// BeforeActualRun
WorkloadActual   1: 746264 op, 250108773.00 ns, 335.1478 ns/op
WorkloadActual   2: 746264 op, 251073306.00 ns, 336.4403 ns/op
WorkloadActual   3: 746264 op, 250492244.00 ns, 335.6617 ns/op
WorkloadActual   4: 746264 op, 250315739.00 ns, 335.4252 ns/op
WorkloadActual   5: 746264 op, 250951367.00 ns, 336.2769 ns/op
WorkloadActual   6: 746264 op, 250667222.00 ns, 335.8962 ns/op
WorkloadActual   7: 746264 op, 250441197.00 ns, 335.5933 ns/op
WorkloadActual   8: 746264 op, 272171815.00 ns, 364.7125 ns/op

// AfterActualRun
WorkloadResult   1: 746264 op, 250108773.00 ns, 335.1478 ns/op
WorkloadResult   2: 746264 op, 251073306.00 ns, 336.4403 ns/op
WorkloadResult   3: 746264 op, 250492244.00 ns, 335.6617 ns/op
WorkloadResult   4: 746264 op, 250315739.00 ns, 335.4252 ns/op
WorkloadResult   5: 746264 op, 250951367.00 ns, 336.2769 ns/op
WorkloadResult   6: 746264 op, 250667222.00 ns, 335.8962 ns/op
WorkloadResult   7: 746264 op, 250441197.00 ns, 335.5933 ns/op
// GC:  5 0 0 89551680 746264
// Threading:  0 0 746264

// AfterAll
// Benchmark Process 3437 has exited with code 0.

Mean = 335.777 ns, StdErr = 0.174 ns (0.05%), N = 7, StdDev = 0.460 ns
Min = 335.148 ns, Q1 = 335.509 ns, Median = 335.662 ns, Q3 = 336.087 ns, Max = 336.440 ns
IQR = 0.577 ns, LowerFence = 334.643 ns, UpperFence = 336.953 ns
ConfidenceInterval = [334.741 ns; 336.814 ns] (CI 99.9%), Margin = 1.037 ns (0.31% of Mean)
Skewness = 0.17, Kurtosis = 1.37, MValue = 2

// ** Remained 35 (92.1 %) benchmark(s) to run. Estimated finish 2026-08-04 6:43 (0h 3m from now) **
// ***** BenchmarkRunner: Finish  *****

// * Export *
  tmp/dotnet-matrix/JsonSerialization/fcd578694c2d4ca285574943569cdd34/results/Matrix.JsonSerialization.Benchmarks.CustomConverterRoundTrip-report.csv
  tmp/dotnet-matrix/JsonSerialization/fcd578694c2d4ca285574943569cdd34/results/Matrix.JsonSerialization.Benchmarks.CustomConverterRoundTrip-report-github.md
  tmp/dotnet-matrix/JsonSerialization/fcd578694c2d4ca285574943569cdd34/results/Matrix.JsonSerialization.Benchmarks.CustomConverterRoundTrip-report.html
  tmp/dotnet-matrix/JsonSerialization/fcd578694c2d4ca285574943569cdd34/results/Matrix.JsonSerialization.Benchmarks.CustomConverterRoundTrip-report-full.json

// * Detailed results *
CustomConverterRoundTrip.ServiceStackText: Quick(MaxRelativeError=0.05, Arguments=/p:MatrixMode=Benchmark, IterationTime=250ms, MaxIterationCount=12, MaxWarmupIterationCount=5, MinIterationCount=8, MinWarmupIterationCount=3)
Runtime = .NET 10.0.10 (10.0.10, 10.0.1026.32716), X64 RyuJIT x86-64-v3; GC = Concurrent Workstation
Mean = 300.336 ns, StdErr = 0.631 ns (0.21%), N = 8, StdDev = 1.786 ns
Min = 298.114 ns, Q1 = 298.781 ns, Median = 300.492 ns, Q3 = 301.068 ns, Max = 303.478 ns
IQR = 2.286 ns, LowerFence = 295.352 ns, UpperFence = 304.497 ns
ConfidenceInterval = [296.921 ns; 303.750 ns] (CI 99.9%), Margin = 3.415 ns (1.14% of Mean)
Skewness = 0.33, Kurtosis = 1.71, MValue = 2
-------------------- Histogram --------------------
[296.942 ns ; 304.651 ns) | @@@@@@@@
---------------------------------------------------

CustomConverterRoundTrip.SystemTextJson: Quick(MaxRelativeError=0.05, Arguments=/p:MatrixMode=Benchmark, IterationTime=250ms, MaxIterationCount=12, MaxWarmupIterationCount=5, MinIterationCount=8, MinWarmupIterationCount=3)
Runtime = .NET 10.0.10 (10.0.10, 10.0.1026.32716), X64 RyuJIT x86-64-v3; GC = Concurrent Workstation
Mean = 335.777 ns, StdErr = 0.174 ns (0.05%), N = 7, StdDev = 0.460 ns
Min = 335.148 ns, Q1 = 335.509 ns, Median = 335.662 ns, Q3 = 336.087 ns, Max = 336.440 ns
IQR = 0.577 ns, LowerFence = 334.643 ns, UpperFence = 336.953 ns
ConfidenceInterval = [334.741 ns; 336.814 ns] (CI 99.9%), Margin = 1.037 ns (0.31% of Mean)
Skewness = 0.17, Kurtosis = 1.37, MValue = 2
-------------------- Histogram --------------------
[334.832 ns ; 336.756 ns) | @@@@@@@
---------------------------------------------------

CustomConverterRoundTrip.NewtonsoftJson: Quick(MaxRelativeError=0.05, Arguments=/p:MatrixMode=Benchmark, IterationTime=250ms, MaxIterationCount=12, MaxWarmupIterationCount=5, MinIterationCount=8, MinWarmupIterationCount=3)
Runtime = .NET 10.0.10 (10.0.10, 10.0.1026.32716), X64 RyuJIT x86-64-v3; GC = Concurrent Workstation
Mean = 901.220 ns, StdErr = 3.902 ns (0.43%), N = 8, StdDev = 11.037 ns
Min = 887.946 ns, Q1 = 892.563 ns, Median = 899.970 ns, Q3 = 907.303 ns, Max = 918.198 ns
IQR = 14.740 ns, LowerFence = 870.453 ns, UpperFence = 929.412 ns
ConfidenceInterval = [880.118 ns; 922.322 ns] (CI 99.9%), Margin = 21.102 ns (2.34% of Mean)
Skewness = 0.34, Kurtosis = 1.43, MValue = 2
-------------------- Histogram --------------------
[885.261 ns ; 920.548 ns) | @@@@@@@@
---------------------------------------------------

// * Summary *

BenchmarkDotNet v0.15.8, Linux Ubuntu 24.04.4 LTS (Noble Numbat)
AMD EPYC 7763 2.45GHz, 1 CPU, 4 logical and 2 physical cores
.NET SDK 10.0.302
  [Host] : .NET 10.0.10 (10.0.10, 10.0.1026.32716), X64 RyuJIT x86-64-v3
  Quick  : .NET 10.0.10 (10.0.10, 10.0.1026.32716), X64 RyuJIT x86-64-v3

Job=Quick  MaxRelativeError=0.05  Arguments=/p:MatrixMode=Benchmark  
IterationTime=250ms  MaxIterationCount=12  MaxWarmupIterationCount=5  
MinIterationCount=8  MinWarmupIterationCount=3  

| Method           | Mean     | Error    | StdDev   | Gen0   | Allocated |
|----------------- |---------:|---------:|---------:|-------:|----------:|
| ServiceStackText | 300.3 ns |  3.41 ns |  1.79 ns | 0.0229 |     400 B |
| SystemTextJson   | 335.8 ns |  1.04 ns |  0.46 ns | 0.0067 |     120 B |
| NewtonsoftJson   | 901.2 ns | 21.10 ns | 11.04 ns | 0.2861 |    4792 B |

// * Hints *
Outliers
  CustomConverterRoundTrip.SystemTextJson: Quick -> 1 outlier  was  removed (364.71 ns)

// * Legends *
  Mean      : Arithmetic mean of all measurements
  Error     : Half of 99.9% confidence interval
  StdDev    : Standard deviation of all measurements
  Gen0      : GC Generation 0 collects per 1000 operations
  Allocated : Allocated memory per single operation (managed only, inclusive, 1KB = 1024B)
  1 ns      : 1 Nanosecond (0.000000001 sec)

// * Diagnostic Output - MemoryDiagnoser *


// ***** BenchmarkRunner: End *****
Run time: 00:00:16 (16.41 sec), executed benchmarks: 3

// Found 3 benchmarks:
//   DeserializeCollection.NewtonsoftJson: Quick(MaxRelativeError=0.05, Arguments=/p:MatrixMode=Benchmark, IterationTime=250ms, MaxIterationCount=12, MaxWarmupIterationCount=5, MinIterationCount=8, MinWarmupIterationCount=3)
//   DeserializeCollection.ServiceStackText: Quick(MaxRelativeError=0.05, Arguments=/p:MatrixMode=Benchmark, IterationTime=250ms, MaxIterationCount=12, MaxWarmupIterationCount=5, MinIterationCount=8, MinWarmupIterationCount=3)
//   DeserializeCollection.SystemTextJson: Quick(MaxRelativeError=0.05, Arguments=/p:MatrixMode=Benchmark, IterationTime=250ms, MaxIterationCount=12, MaxWarmupIterationCount=5, MinIterationCount=8, MinWarmupIterationCount=3)

// **************************
// Benchmark: DeserializeCollection.NewtonsoftJson: Quick(MaxRelativeError=0.05, Arguments=/p:MatrixMode=Benchmark, IterationTime=250ms, MaxIterationCount=12, MaxWarmupIterationCount=5, MinIterationCount=8, MinWarmupIterationCount=3)
// *** Execute ***
// Launch: 1 / 1
// Execute: dotnet Matrix.JsonSerialization-Quick-1.dll --anonymousPipes 131 132 --benchmarkName Matrix.JsonSerialization.Benchmarks.DeserializeCollection.NewtonsoftJson --job Quick --benchmarkId 3 in /home/runner/work/dotnet-matrix/dotnet-matrix/src/Matrix.JsonSerialization/bin/Benchmark/Release/net10.0/Matrix.JsonSerialization-Quick-1/bin/Release/net10.0
// Failed to set up high priority (Permission denied). In order to run benchmarks with high priority, make sure you have the right permissions.
// BeforeAnythingElse

// Benchmark Process Environment Information:
// BenchmarkDotNet v0.15.8
// Runtime=.NET 10.0.10 (10.0.10, 10.0.1026.32716), X64 RyuJIT x86-64-v3
// GC=Concurrent Workstation
// HardwareIntrinsics=AVX2+BMI1+BMI2+F16C+FMA+LZCNT+MOVBE,AVX,SSE3+SSSE3+SSE4.1+SSE4.2+POPCNT,X86Base+SSE+SSE2,AES+PCLMUL VectorSize=256
// Job: Quick(MaxRelativeError=0.05, IterationTime=250ms, MaxIterationCount=12, MaxWarmupIterationCount=5, MinIterationCount=8, MinWarmupIterationCount=3)

OverheadJitting  1: 1 op, 242496.00 ns, 242.4960 us/op
WorkloadJitting  1: 1 op, 63081418.00 ns, 63.0814 ms/op

WorkloadPilot    1: 4 op, 166744.00 ns, 41.6860 us/op
WorkloadPilot    2: 5997 op, 87180271.00 ns, 14.5373 us/op
WorkloadPilot    3: 17197 op, 317986059.00 ns, 18.4908 us/op
WorkloadPilot    4: 13520 op, 58206109.00 ns, 4.3052 us/op
WorkloadPilot    5: 58070 op, 97584949.00 ns, 1.6805 us/op
WorkloadPilot    6: 148768 op, 239602753.00 ns, 1.6106 us/op
WorkloadPilot    7: 155224 op, 244651087.00 ns, 1.5761 us/op
WorkloadPilot    8: 158618 op, 250930357.00 ns, 1.5820 us/op
WorkloadPilot    9: 158030 op, 260950411.00 ns, 1.6513 us/op

WorkloadWarmup   1: 158030 op, 252197610.00 ns, 1.5959 us/op
WorkloadWarmup   2: 158030 op, 250482074.00 ns, 1.5850 us/op
WorkloadWarmup   3: 158030 op, 251659848.00 ns, 1.5925 us/op
WorkloadWarmup   4: 158030 op, 251648858.00 ns, 1.5924 us/op
WorkloadWarmup   5: 158030 op, 253797919.00 ns, 1.6060 us/op

// BeforeActualRun
WorkloadActual   1: 158030 op, 249239707.00 ns, 1.5772 us/op
WorkloadActual   2: 158030 op, 253184036.00 ns, 1.6021 us/op
WorkloadActual   3: 158030 op, 251207578.00 ns, 1.5896 us/op
WorkloadActual   4: 158030 op, 264668124.00 ns, 1.6748 us/op
WorkloadActual   5: 158030 op, 254814672.00 ns, 1.6124 us/op
WorkloadActual   6: 158030 op, 253986545.00 ns, 1.6072 us/op
WorkloadActual   7: 158030 op, 256487498.00 ns, 1.6230 us/op
WorkloadActual   8: 158030 op, 256674500.00 ns, 1.6242 us/op

// AfterActualRun
WorkloadResult   1: 158030 op, 249239707.00 ns, 1.5772 us/op
WorkloadResult   2: 158030 op, 253184036.00 ns, 1.6021 us/op
WorkloadResult   3: 158030 op, 251207578.00 ns, 1.5896 us/op
WorkloadResult   4: 158030 op, 254814672.00 ns, 1.6124 us/op
WorkloadResult   5: 158030 op, 253986545.00 ns, 1.6072 us/op
WorkloadResult   6: 158030 op, 256487498.00 ns, 1.6230 us/op
WorkloadResult   7: 158030 op, 256674500.00 ns, 1.6242 us/op
// GC:  28 0 0 484203920 158030
// Threading:  0 0 158030

// AfterAll
// Benchmark Process 3453 has exited with code 0.

Mean = 1.605 μs, StdErr = 0.006 μs (0.40%), N = 7, StdDev = 0.017 μs
Min = 1.577 μs, Q1 = 1.596 μs, Median = 1.607 μs, Q3 = 1.618 μs, Max = 1.624 μs
IQR = 0.022 μs, LowerFence = 1.563 μs, UpperFence = 1.651 μs
ConfidenceInterval = [1.566 μs; 1.644 μs] (CI 99.9%), Margin = 0.039 μs (2.41% of Mean)
Skewness = -0.35, Kurtosis = 1.48, MValue = 2

// ** Remained 34 (89.5 %) benchmark(s) to run. Estimated finish 2026-08-04 6:43 (0h 3m from now) **
// **************************
// Benchmark: DeserializeCollection.ServiceStackText: Quick(MaxRelativeError=0.05, Arguments=/p:MatrixMode=Benchmark, IterationTime=250ms, MaxIterationCount=12, MaxWarmupIterationCount=5, MinIterationCount=8, MinWarmupIterationCount=3)
// *** Execute ***
// Launch: 1 / 1
// Execute: dotnet Matrix.JsonSerialization-Quick-1.dll --anonymousPipes 131 132 --benchmarkName Matrix.JsonSerialization.Benchmarks.DeserializeCollection.ServiceStackText --job Quick --benchmarkId 4 in /home/runner/work/dotnet-matrix/dotnet-matrix/src/Matrix.JsonSerialization/bin/Benchmark/Release/net10.0/Matrix.JsonSerialization-Quick-1/bin/Release/net10.0
// Failed to set up high priority (Permission denied). In order to run benchmarks with high priority, make sure you have the right permissions.
// BeforeAnythingElse

// Benchmark Process Environment Information:
// BenchmarkDotNet v0.15.8
// Runtime=.NET 10.0.10 (10.0.10, 10.0.1026.32716), X64 RyuJIT x86-64-v3
// GC=Concurrent Workstation
// HardwareIntrinsics=AVX2+BMI1+BMI2+F16C+FMA+LZCNT+MOVBE,AVX,SSE3+SSSE3+SSE4.1+SSE4.2+POPCNT,X86Base+SSE+SSE2,AES+PCLMUL VectorSize=256
// Job: Quick(MaxRelativeError=0.05, IterationTime=250ms, MaxIterationCount=12, MaxWarmupIterationCount=5, MinIterationCount=8, MinWarmupIterationCount=3)

OverheadJitting  1: 1 op, 223350.00 ns, 223.3500 us/op
WorkloadJitting  1: 1 op, 51157291.00 ns, 51.1573 ms/op

WorkloadPilot    1: 4 op, 36669.00 ns, 9.1673 us/op
WorkloadPilot    2: 27271 op, 176902201.00 ns, 6.4868 us/op
WorkloadPilot    3: 38540 op, 46384075.00 ns, 1.2035 us/op
WorkloadPilot    4: 207722 op, 164393677.00 ns, 791.4120 ns/op
WorkloadPilot    5: 315891 op, 316669062.00 ns, 1.0025 us/op
WorkloadPilot    6: 249386 op, 194244297.00 ns, 778.8901 ns/op
WorkloadPilot    7: 320970 op, 246986409.00 ns, 769.5000 ns/op
WorkloadPilot    8: 324886 op, 250060087.00 ns, 769.6856 ns/op
WorkloadPilot    9: 324808 op, 250890827.00 ns, 772.4281 ns/op

WorkloadWarmup   1: 324808 op, 249990204.00 ns, 769.6553 ns/op
WorkloadWarmup   2: 324808 op, 249684470.00 ns, 768.7140 ns/op
WorkloadWarmup   3: 324808 op, 251063261.00 ns, 772.9590 ns/op
WorkloadWarmup   4: 324808 op, 248973471.00 ns, 766.5251 ns/op
WorkloadWarmup   5: 324808 op, 249293003.00 ns, 767.5088 ns/op

// BeforeActualRun
WorkloadActual   1: 324808 op, 248753358.00 ns, 765.8474 ns/op
WorkloadActual   2: 324808 op, 249732669.00 ns, 768.8624 ns/op
WorkloadActual   3: 324808 op, 253583532.00 ns, 780.7182 ns/op
WorkloadActual   4: 324808 op, 249133062.00 ns, 767.0164 ns/op
WorkloadActual   5: 324808 op, 249025187.00 ns, 766.6843 ns/op
WorkloadActual   6: 324808 op, 248661675.00 ns, 765.5651 ns/op
WorkloadActual   7: 324808 op, 247776440.00 ns, 762.8397 ns/op
WorkloadActual   8: 324808 op, 249443615.00 ns, 767.9725 ns/op

// AfterActualRun
WorkloadResult   1: 324808 op, 248753358.00 ns, 765.8474 ns/op
WorkloadResult   2: 324808 op, 249732669.00 ns, 768.8624 ns/op
WorkloadResult   3: 324808 op, 249133062.00 ns, 767.0164 ns/op
WorkloadResult   4: 324808 op, 249025187.00 ns, 766.6843 ns/op
WorkloadResult   5: 324808 op, 248661675.00 ns, 765.5651 ns/op
WorkloadResult   6: 324808 op, 247776440.00 ns, 762.8397 ns/op
WorkloadResult   7: 324808 op, 249443615.00 ns, 767.9725 ns/op
// GC:  9 0 0 153309376 324808
// Threading:  0 0 324808

// AfterAll
// Benchmark Process 3462 has exited with code 0.

Mean = 766.398 ns, StdErr = 0.735 ns (0.10%), N = 7, StdDev = 1.944 ns
Min = 762.840 ns, Q1 = 765.706 ns, Median = 766.684 ns, Q3 = 767.494 ns, Max = 768.862 ns
IQR = 1.788 ns, LowerFence = 763.024 ns, UpperFence = 770.177 ns
ConfidenceInterval = [762.020 ns; 770.777 ns] (CI 99.9%), Margin = 4.378 ns (0.57% of Mean)
Skewness = -0.52, Kurtosis = 2.04, MValue = 2

// ** Remained 33 (86.8 %) benchmark(s) to run. Estimated finish 2026-08-04 6:43 (0h 3m from now) **
// **************************
// Benchmark: DeserializeCollection.SystemTextJson: Quick(MaxRelativeError=0.05, Arguments=/p:MatrixMode=Benchmark, IterationTime=250ms, MaxIterationCount=12, MaxWarmupIterationCount=5, MinIterationCount=8, MinWarmupIterationCount=3)
// *** Execute ***
// Launch: 1 / 1
// Execute: dotnet Matrix.JsonSerialization-Quick-1.dll --anonymousPipes 131 132 --benchmarkName Matrix.JsonSerialization.Benchmarks.DeserializeCollection.SystemTextJson --job Quick --benchmarkId 5 in /home/runner/work/dotnet-matrix/dotnet-matrix/src/Matrix.JsonSerialization/bin/Benchmark/Release/net10.0/Matrix.JsonSerialization-Quick-1/bin/Release/net10.0
// Failed to set up high priority (Permission denied). In order to run benchmarks with high priority, make sure you have the right permissions.
// BeforeAnythingElse

// Benchmark Process Environment Information:
// BenchmarkDotNet v0.15.8
// Runtime=.NET 10.0.10 (10.0.10, 10.0.1026.32716), X64 RyuJIT x86-64-v3
// GC=Concurrent Workstation
// HardwareIntrinsics=AVX2+BMI1+BMI2+F16C+FMA+LZCNT+MOVBE,AVX,SSE3+SSSE3+SSE4.1+SSE4.2+POPCNT,X86Base+SSE+SSE2,AES+PCLMUL VectorSize=256
// Job: Quick(MaxRelativeError=0.05, IterationTime=250ms, MaxIterationCount=12, MaxWarmupIterationCount=5, MinIterationCount=8, MinWarmupIterationCount=3)

OverheadJitting  1: 1 op, 252836.00 ns, 252.8360 us/op
WorkloadJitting  1: 1 op, 30218240.00 ns, 30.2182 ms/op

WorkloadPilot    1: 4 op, 64201.00 ns, 16.0503 us/op
WorkloadPilot    2: 15576 op, 90106308.00 ns, 5.7849 us/op
WorkloadPilot    3: 43216 op, 231091622.00 ns, 5.3474 us/op
WorkloadPilot    4: 46752 op, 183983558.00 ns, 3.9353 us/op
WorkloadPilot    5: 63527 op, 176817501.00 ns, 2.7833 us/op
WorkloadPilot    6: 89820 op, 82373224.00 ns, 917.0922 ns/op
WorkloadPilot    7: 272601 op, 231513625.00 ns, 849.2765 ns/op
WorkloadPilot    8: 294368 op, 248097664.00 ns, 842.8147 ns/op
WorkloadPilot    9: 296625 op, 253224386.00 ns, 853.6852 ns/op
WorkloadPilot   10: 292848 op, 250172206.00 ns, 854.2732 ns/op
WorkloadPilot   11: 292646 op, 256619231.00 ns, 876.8930 ns/op

WorkloadWarmup   1: 292646 op, 249785719.00 ns, 853.5422 ns/op
WorkloadWarmup   2: 292646 op, 247782491.00 ns, 846.6970 ns/op
WorkloadWarmup   3: 292646 op, 247691490.00 ns, 846.3860 ns/op
WorkloadWarmup   4: 292646 op, 249333208.00 ns, 851.9960 ns/op
WorkloadWarmup   5: 292646 op, 248620588.00 ns, 849.5609 ns/op

// BeforeActualRun
WorkloadActual   1: 292646 op, 249129134.00 ns, 851.2986 ns/op
WorkloadActual   2: 292646 op, 249329390.00 ns, 851.9829 ns/op
WorkloadActual   3: 292646 op, 249276482.00 ns, 851.8021 ns/op
WorkloadActual   4: 292646 op, 249844971.00 ns, 853.7447 ns/op
WorkloadActual   5: 292646 op, 248106943.00 ns, 847.8057 ns/op
WorkloadActual   6: 292646 op, 248680251.00 ns, 849.7647 ns/op
WorkloadActual   7: 292646 op, 248059885.00 ns, 847.6449 ns/op
WorkloadActual   8: 292646 op, 246697553.00 ns, 842.9897 ns/op

// AfterActualRun
WorkloadResult   1: 292646 op, 249129134.00 ns, 851.2986 ns/op
WorkloadResult   2: 292646 op, 249329390.00 ns, 851.9829 ns/op
WorkloadResult   3: 292646 op, 249276482.00 ns, 851.8021 ns/op
WorkloadResult   4: 292646 op, 249844971.00 ns, 853.7447 ns/op
WorkloadResult   5: 292646 op, 248106943.00 ns, 847.8057 ns/op
WorkloadResult   6: 292646 op, 248680251.00 ns, 849.7647 ns/op
WorkloadResult   7: 292646 op, 248059885.00 ns, 847.6449 ns/op
WorkloadResult   8: 292646 op, 246697553.00 ns, 842.9897 ns/op
// GC:  13 0 0 234116800 292646
// Threading:  0 0 292646

// AfterAll
// Benchmark Process 3472 has exited with code 0.

Mean = 849.629 ns, StdErr = 1.205 ns (0.14%), N = 8, StdDev = 3.409 ns
Min = 842.990 ns, Q1 = 847.765 ns, Median = 850.532 ns, Q3 = 851.847 ns, Max = 853.745 ns
IQR = 4.082 ns, LowerFence = 841.643 ns, UpperFence = 857.970 ns
ConfidenceInterval = [843.111 ns; 856.147 ns] (CI 99.9%), Margin = 6.518 ns (0.77% of Mean)
Skewness = -0.66, Kurtosis = 2.14, MValue = 2

// ** Remained 32 (84.2 %) benchmark(s) to run. Estimated finish 2026-08-04 6:43 (0h 2m from now) **
// ***** BenchmarkRunner: Finish  *****

// * Export *
  tmp/dotnet-matrix/JsonSerialization/fcd578694c2d4ca285574943569cdd34/results/Matrix.JsonSerialization.Benchmarks.DeserializeCollection-report.csv
  tmp/dotnet-matrix/JsonSerialization/fcd578694c2d4ca285574943569cdd34/results/Matrix.JsonSerialization.Benchmarks.DeserializeCollection-report-github.md
  tmp/dotnet-matrix/JsonSerialization/fcd578694c2d4ca285574943569cdd34/results/Matrix.JsonSerialization.Benchmarks.DeserializeCollection-report.html
  tmp/dotnet-matrix/JsonSerialization/fcd578694c2d4ca285574943569cdd34/results/Matrix.JsonSerialization.Benchmarks.DeserializeCollection-report-full.json

// * Detailed results *
DeserializeCollection.ServiceStackText: Quick(MaxRelativeError=0.05, Arguments=/p:MatrixMode=Benchmark, IterationTime=250ms, MaxIterationCount=12, MaxWarmupIterationCount=5, MinIterationCount=8, MinWarmupIterationCount=3)
Runtime = .NET 10.0.10 (10.0.10, 10.0.1026.32716), X64 RyuJIT x86-64-v3; GC = Concurrent Workstation
Mean = 766.398 ns, StdErr = 0.735 ns (0.10%), N = 7, StdDev = 1.944 ns
Min = 762.840 ns, Q1 = 765.706 ns, Median = 766.684 ns, Q3 = 767.494 ns, Max = 768.862 ns
IQR = 1.788 ns, LowerFence = 763.024 ns, UpperFence = 770.177 ns
ConfidenceInterval = [762.020 ns; 770.777 ns] (CI 99.9%), Margin = 4.378 ns (0.57% of Mean)
Skewness = -0.52, Kurtosis = 2.04, MValue = 2
-------------------- Histogram --------------------
[761.506 ns ; 770.196 ns) | @@@@@@@
---------------------------------------------------

DeserializeCollection.SystemTextJson: Quick(MaxRelativeError=0.05, Arguments=/p:MatrixMode=Benchmark, IterationTime=250ms, MaxIterationCount=12, MaxWarmupIterationCount=5, MinIterationCount=8, MinWarmupIterationCount=3)
Runtime = .NET 10.0.10 (10.0.10, 10.0.1026.32716), X64 RyuJIT x86-64-v3; GC = Concurrent Workstation
Mean = 849.629 ns, StdErr = 1.205 ns (0.14%), N = 8, StdDev = 3.409 ns
Min = 842.990 ns, Q1 = 847.765 ns, Median = 850.532 ns, Q3 = 851.847 ns, Max = 853.745 ns
IQR = 4.082 ns, LowerFence = 841.643 ns, UpperFence = 857.970 ns
ConfidenceInterval = [843.111 ns; 856.147 ns] (CI 99.9%), Margin = 6.518 ns (0.77% of Mean)
Skewness = -0.66, Kurtosis = 2.14, MValue = 2
-------------------- Histogram --------------------
[840.752 ns ; 855.982 ns) | @@@@@@@@
---------------------------------------------------

DeserializeCollection.NewtonsoftJson: Quick(MaxRelativeError=0.05, Arguments=/p:MatrixMode=Benchmark, IterationTime=250ms, MaxIterationCount=12, MaxWarmupIterationCount=5, MinIterationCount=8, MinWarmupIterationCount=3)
Runtime = .NET 10.0.10 (10.0.10, 10.0.1026.32716), X64 RyuJIT x86-64-v3; GC = Concurrent Workstation
Mean = 1.605 μs, StdErr = 0.006 μs (0.40%), N = 7, StdDev = 0.017 μs
Min = 1.577 μs, Q1 = 1.596 μs, Median = 1.607 μs, Q3 = 1.618 μs, Max = 1.624 μs
IQR = 0.022 μs, LowerFence = 1.563 μs, UpperFence = 1.651 μs
ConfidenceInterval = [1.566 μs; 1.644 μs] (CI 99.9%), Margin = 0.039 μs (2.41% of Mean)
Skewness = -0.35, Kurtosis = 1.48, MValue = 2
-------------------- Histogram --------------------
[1.565 μs ; 1.629 μs) | @@@@@@@
---------------------------------------------------

// * Summary *

BenchmarkDotNet v0.15.8, Linux Ubuntu 24.04.4 LTS (Noble Numbat)
AMD EPYC 7763 2.45GHz, 1 CPU, 4 logical and 2 physical cores
.NET SDK 10.0.302
  [Host] : .NET 10.0.10 (10.0.10, 10.0.1026.32716), X64 RyuJIT x86-64-v3
  Quick  : .NET 10.0.10 (10.0.10, 10.0.1026.32716), X64 RyuJIT x86-64-v3

Job=Quick  MaxRelativeError=0.05  Arguments=/p:MatrixMode=Benchmark  
IterationTime=250ms  MaxIterationCount=12  MaxWarmupIterationCount=5  
MinIterationCount=8  MinWarmupIterationCount=3  

| Method           | Mean       | Error    | StdDev   | Gen0   | Allocated |
|----------------- |-----------:|---------:|---------:|-------:|----------:|
| ServiceStackText |   766.4 ns |  4.38 ns |  1.94 ns | 0.0277 |     472 B |
| SystemTextJson   |   849.6 ns |  6.52 ns |  3.41 ns | 0.0444 |     800 B |
| NewtonsoftJson   | 1,605.1 ns | 38.73 ns | 17.19 ns | 0.1772 |    3064 B |

// * Hints *
Outliers
  DeserializeCollection.ServiceStackText: Quick -> 1 outlier  was  removed (780.72 ns)
  DeserializeCollection.NewtonsoftJson: Quick   -> 1 outlier  was  removed (1.67 μs)

// * Legends *
  Mean      : Arithmetic mean of all measurements
  Error     : Half of 99.9% confidence interval
  StdDev    : Standard deviation of all measurements
  Gen0      : GC Generation 0 collects per 1000 operations
  Allocated : Allocated memory per single operation (managed only, inclusive, 1KB = 1024B)
  1 ns      : 1 Nanosecond (0.000000001 sec)

// * Diagnostic Output - MemoryDiagnoser *


// ***** BenchmarkRunner: End *****
Run time: 00:00:16 (16.48 sec), executed benchmarks: 3

// Found 3 benchmarks:
//   DeserializeDictionary.NewtonsoftJson: Quick(MaxRelativeError=0.05, Arguments=/p:MatrixMode=Benchmark, IterationTime=250ms, MaxIterationCount=12, MaxWarmupIterationCount=5, MinIterationCount=8, MinWarmupIterationCount=3)
//   DeserializeDictionary.ServiceStackText: Quick(MaxRelativeError=0.05, Arguments=/p:MatrixMode=Benchmark, IterationTime=250ms, MaxIterationCount=12, MaxWarmupIterationCount=5, MinIterationCount=8, MinWarmupIterationCount=3)
//   DeserializeDictionary.SystemTextJson: Quick(MaxRelativeError=0.05, Arguments=/p:MatrixMode=Benchmark, IterationTime=250ms, MaxIterationCount=12, MaxWarmupIterationCount=5, MinIterationCount=8, MinWarmupIterationCount=3)

// **************************
// Benchmark: DeserializeDictionary.NewtonsoftJson: Quick(MaxRelativeError=0.05, Arguments=/p:MatrixMode=Benchmark, IterationTime=250ms, MaxIterationCount=12, MaxWarmupIterationCount=5, MinIterationCount=8, MinWarmupIterationCount=3)
// *** Execute ***
// Launch: 1 / 1
// Execute: dotnet Matrix.JsonSerialization-Quick-1.dll --anonymousPipes 131 132 --benchmarkName Matrix.JsonSerialization.Benchmarks.DeserializeDictionary.NewtonsoftJson --job Quick --benchmarkId 6 in /home/runner/work/dotnet-matrix/dotnet-matrix/src/Matrix.JsonSerialization/bin/Benchmark/Release/net10.0/Matrix.JsonSerialization-Quick-1/bin/Release/net10.0
// Failed to set up high priority (Permission denied). In order to run benchmarks with high priority, make sure you have the right permissions.
// BeforeAnythingElse

// Benchmark Process Environment Information:
// BenchmarkDotNet v0.15.8
// Runtime=.NET 10.0.10 (10.0.10, 10.0.1026.32716), X64 RyuJIT x86-64-v3
// GC=Concurrent Workstation
// HardwareIntrinsics=AVX2+BMI1+BMI2+F16C+FMA+LZCNT+MOVBE,AVX,SSE3+SSSE3+SSE4.1+SSE4.2+POPCNT,X86Base+SSE+SSE2,AES+PCLMUL VectorSize=256
// Job: Quick(MaxRelativeError=0.05, IterationTime=250ms, MaxIterationCount=12, MaxWarmupIterationCount=5, MinIterationCount=8, MinWarmupIterationCount=3)

OverheadJitting  1: 1 op, 243398.00 ns, 243.3980 us/op
WorkloadJitting  1: 1 op, 41599995.00 ns, 41.6000 ms/op

WorkloadPilot    1: 4 op, 67817.00 ns, 16.9543 us/op
WorkloadPilot    2: 14746 op, 66903242.00 ns, 4.5370 us/op
WorkloadPilot    3: 55102 op, 299467294.00 ns, 5.4348 us/op
WorkloadPilot    4: 46000 op, 94056297.00 ns, 2.0447 us/op
WorkloadPilot    5: 122267 op, 70307894.00 ns, 575.0357 ns/op
WorkloadPilot    6: 434756 op, 255416111.00 ns, 587.4930 ns/op
WorkloadPilot    7: 425537 op, 246296748.00 ns, 578.7904 ns/op
WorkloadPilot    8: 431935 op, 252958957.00 ns, 585.6413 ns/op

WorkloadWarmup   1: 431935 op, 249476198.00 ns, 577.5781 ns/op
WorkloadWarmup   2: 431935 op, 253707907.00 ns, 587.3752 ns/op
WorkloadWarmup   3: 431935 op, 254564868.00 ns, 589.3592 ns/op
WorkloadWarmup   4: 431935 op, 254010426.00 ns, 588.0756 ns/op
WorkloadWarmup   5: 431935 op, 251803825.00 ns, 582.9669 ns/op

// BeforeActualRun
WorkloadActual   1: 431935 op, 250861524.00 ns, 580.7854 ns/op
WorkloadActual   2: 431935 op, 251417109.00 ns, 582.0716 ns/op
WorkloadActual   3: 431935 op, 251417809.00 ns, 582.0732 ns/op
WorkloadActual   4: 431935 op, 250799046.00 ns, 580.6407 ns/op
WorkloadActual   5: 431935 op, 259437961.00 ns, 600.6412 ns/op
WorkloadActual   6: 431935 op, 252791824.00 ns, 585.2543 ns/op
WorkloadActual   7: 431935 op, 252515955.00 ns, 584.6156 ns/op
WorkloadActual   8: 431935 op, 251011184.00 ns, 581.1318 ns/op

// AfterActualRun
WorkloadResult   1: 431935 op, 250861524.00 ns, 580.7854 ns/op
WorkloadResult   2: 431935 op, 251417109.00 ns, 582.0716 ns/op
WorkloadResult   3: 431935 op, 251417809.00 ns, 582.0732 ns/op
WorkloadResult   4: 431935 op, 250799046.00 ns, 580.6407 ns/op
WorkloadResult   5: 431935 op, 252791824.00 ns, 585.2543 ns/op
WorkloadResult   6: 431935 op, 252515955.00 ns, 584.6156 ns/op
WorkloadResult   7: 431935 op, 251011184.00 ns, 581.1318 ns/op
// GC:  74 0 0 1250883760 431935
// Threading:  0 0 431935

// AfterAll
// Benchmark Process 3483 has exited with code 0.

Mean = 582.368 ns, StdErr = 0.700 ns (0.12%), N = 7, StdDev = 1.852 ns
Min = 580.641 ns, Q1 = 580.959 ns, Median = 582.072 ns, Q3 = 583.344 ns, Max = 585.254 ns
IQR = 2.386 ns, LowerFence = 577.380 ns, UpperFence = 586.923 ns
ConfidenceInterval = [578.197 ns; 586.538 ns] (CI 99.9%), Margin = 4.171 ns (0.72% of Mean)
Skewness = 0.55, Kurtosis = 1.37, MValue = 2

// ** Remained 31 (81.6 %) benchmark(s) to run. Estimated finish 2026-08-04 6:43 (0h 2m from now) **
// **************************
// Benchmark: DeserializeDictionary.ServiceStackText: Quick(MaxRelativeError=0.05, Arguments=/p:MatrixMode=Benchmark, IterationTime=250ms, MaxIterationCount=12, MaxWarmupIterationCount=5, MinIterationCount=8, MinWarmupIterationCount=3)
// *** Execute ***
// Launch: 1 / 1
// Execute: dotnet Matrix.JsonSerialization-Quick-1.dll --anonymousPipes 131 132 --benchmarkName Matrix.JsonSerialization.Benchmarks.DeserializeDictionary.ServiceStackText --job Quick --benchmarkId 7 in /home/runner/work/dotnet-matrix/dotnet-matrix/src/Matrix.JsonSerialization/bin/Benchmark/Release/net10.0/Matrix.JsonSerialization-Quick-1/bin/Release/net10.0
// Failed to set up high priority (Permission denied). In order to run benchmarks with high priority, make sure you have the right permissions.
// BeforeAnythingElse

// Benchmark Process Environment Information:
// BenchmarkDotNet v0.15.8
// Runtime=.NET 10.0.10 (10.0.10, 10.0.1026.32716), X64 RyuJIT x86-64-v3
// GC=Concurrent Workstation
// HardwareIntrinsics=AVX2+BMI1+BMI2+F16C+FMA+LZCNT+MOVBE,AVX,SSE3+SSSE3+SSE4.1+SSE4.2+POPCNT,X86Base+SSE+SSE2,AES+PCLMUL VectorSize=256
// Job: Quick(MaxRelativeError=0.05, IterationTime=250ms, MaxIterationCount=12, MaxWarmupIterationCount=5, MinIterationCount=8, MinWarmupIterationCount=3)

OverheadJitting  1: 1 op, 220165.00 ns, 220.1650 us/op
WorkloadJitting  1: 1 op, 44998837.00 ns, 44.9988 ms/op

WorkloadPilot    1: 4 op, 464263.00 ns, 116.0658 us/op
WorkloadPilot    2: 2154 op, 5644987.00 ns, 2.6207 us/op
WorkloadPilot    3: 95394 op, 195147525.00 ns, 2.0457 us/op
WorkloadPilot    4: 122208 op, 35024720.00 ns, 286.5992 ns/op
WorkloadPilot    5: 872298 op, 231168518.00 ns, 265.0109 ns/op
WorkloadPilot    6: 943357 op, 253844153.00 ns, 269.0860 ns/op
WorkloadPilot    7: 929071 op, 247145194.00 ns, 266.0132 ns/op
WorkloadPilot    8: 939803 op, 254297432.00 ns, 270.5859 ns/op
WorkloadPilot    9: 923921 op, 247701553.00 ns, 268.0982 ns/op
WorkloadPilot   10: 932494 op, 249642091.00 ns, 267.7144 ns/op
WorkloadPilot   11: 933831 op, 249325807.00 ns, 266.9924 ns/op
WorkloadPilot   12: 936356 op, 249656228.00 ns, 266.6253 ns/op
WorkloadPilot   13: 937645 op, 252075938.00 ns, 268.8394 ns/op

WorkloadWarmup   1: 937645 op, 250416798.00 ns, 267.0699 ns/op
WorkloadWarmup   2: 937645 op, 250550640.00 ns, 267.2127 ns/op
WorkloadWarmup   3: 937645 op, 251393224.00 ns, 268.1113 ns/op
WorkloadWarmup   4: 937645 op, 250290771.00 ns, 266.9355 ns/op
WorkloadWarmup   5: 937645 op, 256891742.00 ns, 273.9755 ns/op

// BeforeActualRun
WorkloadActual   1: 937645 op, 252990237.00 ns, 269.8145 ns/op
WorkloadActual   2: 937645 op, 251956242.00 ns, 268.7118 ns/op
WorkloadActual   3: 937645 op, 250968946.00 ns, 267.6588 ns/op
WorkloadActual   4: 937645 op, 251425735.00 ns, 268.1460 ns/op
WorkloadActual   5: 937645 op, 251854040.00 ns, 268.6028 ns/op
WorkloadActual   6: 937645 op, 251350664.00 ns, 268.0659 ns/op
WorkloadActual   7: 937645 op, 251022005.00 ns, 267.7154 ns/op
WorkloadActual   8: 937645 op, 251561079.00 ns, 268.2903 ns/op

// AfterActualRun
WorkloadResult   1: 937645 op, 251956242.00 ns, 268.7118 ns/op
WorkloadResult   2: 937645 op, 250968946.00 ns, 267.6588 ns/op
WorkloadResult   3: 937645 op, 251425735.00 ns, 268.1460 ns/op
WorkloadResult   4: 937645 op, 251854040.00 ns, 268.6028 ns/op
WorkloadResult   5: 937645 op, 251350664.00 ns, 268.0659 ns/op
WorkloadResult   6: 937645 op, 251022005.00 ns, 267.7154 ns/op
WorkloadResult   7: 937645 op, 251561079.00 ns, 268.2903 ns/op
// GC:  23 0 0 397561480 937645
// Threading:  0 0 937645

// AfterAll
// Benchmark Process 3493 has exited with code 0.

Mean = 268.170 ns, StdErr = 0.152 ns (0.06%), N = 7, StdDev = 0.403 ns
Min = 267.659 ns, Q1 = 267.891 ns, Median = 268.146 ns, Q3 = 268.447 ns, Max = 268.712 ns
IQR = 0.556 ns, LowerFence = 267.057 ns, UpperFence = 269.280 ns
ConfidenceInterval = [267.262 ns; 269.078 ns] (CI 99.9%), Margin = 0.908 ns (0.34% of Mean)
Skewness = 0.03, Kurtosis = 1.26, MValue = 2

// ** Remained 30 (78.9 %) benchmark(s) to run. Estimated finish 2026-08-04 6:43 (0h 2m from now) **
// **************************
// Benchmark: DeserializeDictionary.SystemTextJson: Quick(MaxRelativeError=0.05, Arguments=/p:MatrixMode=Benchmark, IterationTime=250ms, MaxIterationCount=12, MaxWarmupIterationCount=5, MinIterationCount=8, MinWarmupIterationCount=3)
// *** Execute ***
// Launch: 1 / 1
// Execute: dotnet Matrix.JsonSerialization-Quick-1.dll --anonymousPipes 131 132 --benchmarkName Matrix.JsonSerialization.Benchmarks.DeserializeDictionary.SystemTextJson --job Quick --benchmarkId 8 in /home/runner/work/dotnet-matrix/dotnet-matrix/src/Matrix.JsonSerialization/bin/Benchmark/Release/net10.0/Matrix.JsonSerialization-Quick-1/bin/Release/net10.0
// Failed to set up high priority (Permission denied). In order to run benchmarks with high priority, make sure you have the right permissions.
// BeforeAnythingElse

// Benchmark Process Environment Information:
// BenchmarkDotNet v0.15.8
// Runtime=.NET 10.0.10 (10.0.10, 10.0.1026.32716), X64 RyuJIT x86-64-v3
// GC=Concurrent Workstation
// HardwareIntrinsics=AVX2+BMI1+BMI2+F16C+FMA+LZCNT+MOVBE,AVX,SSE3+SSSE3+SSE4.1+SSE4.2+POPCNT,X86Base+SSE+SSE2,AES+PCLMUL VectorSize=256
// Job: Quick(MaxRelativeError=0.05, IterationTime=250ms, MaxIterationCount=12, MaxWarmupIterationCount=5, MinIterationCount=8, MinWarmupIterationCount=3)

OverheadJitting  1: 1 op, 223641.00 ns, 223.6410 us/op
WorkloadJitting  1: 1 op, 25048938.00 ns, 25.0489 ms/op

WorkloadPilot    1: 4 op, 60714.00 ns, 15.1785 us/op
WorkloadPilot    2: 16471 op, 31757933.00 ns, 1.9281 us/op
WorkloadPilot    3: 129661 op, 258146222.00 ns, 1.9909 us/op
WorkloadPilot    4: 125569 op, 185006691.00 ns, 1.4733 us/op
WorkloadPilot    5: 169682 op, 59811461.00 ns, 352.4915 ns/op
WorkloadPilot    6: 709237 op, 235559582.00 ns, 332.1310 ns/op
WorkloadPilot    7: 752715 op, 247530241.00 ns, 328.8499 ns/op
WorkloadPilot    8: 760225 op, 249181095.00 ns, 327.7728 ns/op
WorkloadPilot    9: 762723 op, 250874058.00 ns, 328.9190 ns/op
WorkloadPilot   10: 760066 op, 252615222.00 ns, 332.3596 ns/op

WorkloadWarmup   1: 760066 op, 252003481.00 ns, 331.5547 ns/op
WorkloadWarmup   2: 760066 op, 247690652.00 ns, 325.8805 ns/op
WorkloadWarmup   3: 760066 op, 249684331.00 ns, 328.5035 ns/op
WorkloadWarmup   4: 760066 op, 248187216.00 ns, 326.5338 ns/op
WorkloadWarmup   5: 760066 op, 248793113.00 ns, 327.3309 ns/op

// BeforeActualRun
WorkloadActual   1: 760066 op, 247917875.00 ns, 326.1794 ns/op
WorkloadActual   2: 760066 op, 249156584.00 ns, 327.8091 ns/op
WorkloadActual   3: 760066 op, 247948152.00 ns, 326.2192 ns/op
WorkloadActual   4: 760066 op, 249577676.00 ns, 328.3632 ns/op
WorkloadActual   5: 760066 op, 248527331.00 ns, 326.9813 ns/op
WorkloadActual   6: 760066 op, 248421772.00 ns, 326.8424 ns/op
WorkloadActual   7: 760066 op, 252828310.00 ns, 332.6399 ns/op
WorkloadActual   8: 760066 op, 251492919.00 ns, 330.8830 ns/op

// AfterActualRun
WorkloadResult   1: 760066 op, 247917875.00 ns, 326.1794 ns/op
WorkloadResult   2: 760066 op, 249156584.00 ns, 327.8091 ns/op
WorkloadResult   3: 760066 op, 247948152.00 ns, 326.2192 ns/op
WorkloadResult   4: 760066 op, 249577676.00 ns, 328.3632 ns/op
WorkloadResult   5: 760066 op, 248527331.00 ns, 326.9813 ns/op
WorkloadResult   6: 760066 op, 248421772.00 ns, 326.8424 ns/op
WorkloadResult   7: 760066 op, 251492919.00 ns, 330.8830 ns/op
// GC:  14 0 0 237140592 760066
// Threading:  0 0 760066

// AfterAll
// Benchmark Process 3505 has exited with code 0.

Mean = 327.611 ns, StdErr = 0.623 ns (0.19%), N = 7, StdDev = 1.647 ns
Min = 326.179 ns, Q1 = 326.531 ns, Median = 326.981 ns, Q3 = 328.086 ns, Max = 330.883 ns
IQR = 1.555 ns, LowerFence = 324.198 ns, UpperFence = 330.419 ns
ConfidenceInterval = [323.901 ns; 331.322 ns] (CI 99.9%), Margin = 3.710 ns (1.13% of Mean)
Skewness = 0.93, Kurtosis = 2.39, MValue = 2

// ** Remained 29 (76.3 %) benchmark(s) to run. Estimated finish 2026-08-04 6:43 (0h 2m from now) **
// ***** BenchmarkRunner: Finish  *****

// * Export *
  tmp/dotnet-matrix/JsonSerialization/fcd578694c2d4ca285574943569cdd34/results/Matrix.JsonSerialization.Benchmarks.DeserializeDictionary-report.csv
  tmp/dotnet-matrix/JsonSerialization/fcd578694c2d4ca285574943569cdd34/results/Matrix.JsonSerialization.Benchmarks.DeserializeDictionary-report-github.md
  tmp/dotnet-matrix/JsonSerialization/fcd578694c2d4ca285574943569cdd34/results/Matrix.JsonSerialization.Benchmarks.DeserializeDictionary-report.html
  tmp/dotnet-matrix/JsonSerialization/fcd578694c2d4ca285574943569cdd34/results/Matrix.JsonSerialization.Benchmarks.DeserializeDictionary-report-full.json

// * Detailed results *
DeserializeDictionary.ServiceStackText: Quick(MaxRelativeError=0.05, Arguments=/p:MatrixMode=Benchmark, IterationTime=250ms, MaxIterationCount=12, MaxWarmupIterationCount=5, MinIterationCount=8, MinWarmupIterationCount=3)
Runtime = .NET 10.0.10 (10.0.10, 10.0.1026.32716), X64 RyuJIT x86-64-v3; GC = Concurrent Workstation
Mean = 268.170 ns, StdErr = 0.152 ns (0.06%), N = 7, StdDev = 0.403 ns
Min = 267.659 ns, Q1 = 267.891 ns, Median = 268.146 ns, Q3 = 268.447 ns, Max = 268.712 ns
IQR = 0.556 ns, LowerFence = 267.057 ns, UpperFence = 269.280 ns
ConfidenceInterval = [267.262 ns; 269.078 ns] (CI 99.9%), Margin = 0.908 ns (0.34% of Mean)
Skewness = 0.03, Kurtosis = 1.26, MValue = 2
-------------------- Histogram --------------------
[267.382 ns ; 268.988 ns) | @@@@@@@
---------------------------------------------------

DeserializeDictionary.SystemTextJson: Quick(MaxRelativeError=0.05, Arguments=/p:MatrixMode=Benchmark, IterationTime=250ms, MaxIterationCount=12, MaxWarmupIterationCount=5, MinIterationCount=8, MinWarmupIterationCount=3)
Runtime = .NET 10.0.10 (10.0.10, 10.0.1026.32716), X64 RyuJIT x86-64-v3; GC = Concurrent Workstation
Mean = 327.611 ns, StdErr = 0.623 ns (0.19%), N = 7, StdDev = 1.647 ns
Min = 326.179 ns, Q1 = 326.531 ns, Median = 326.981 ns, Q3 = 328.086 ns, Max = 330.883 ns
IQR = 1.555 ns, LowerFence = 324.198 ns, UpperFence = 330.419 ns
ConfidenceInterval = [323.901 ns; 331.322 ns] (CI 99.9%), Margin = 3.710 ns (1.13% of Mean)
Skewness = 0.93, Kurtosis = 2.39, MValue = 2
-------------------- Histogram --------------------
[325.049 ns ; 332.014 ns) | @@@@@@@
---------------------------------------------------

DeserializeDictionary.NewtonsoftJson: Quick(MaxRelativeError=0.05, Arguments=/p:MatrixMode=Benchmark, IterationTime=250ms, MaxIterationCount=12, MaxWarmupIterationCount=5, MinIterationCount=8, MinWarmupIterationCount=3)
Runtime = .NET 10.0.10 (10.0.10, 10.0.1026.32716), X64 RyuJIT x86-64-v3; GC = Concurrent Workstation
Mean = 582.368 ns, StdErr = 0.700 ns (0.12%), N = 7, StdDev = 1.852 ns
Min = 580.641 ns, Q1 = 580.959 ns, Median = 582.072 ns, Q3 = 583.344 ns, Max = 585.254 ns
IQR = 2.386 ns, LowerFence = 577.380 ns, UpperFence = 586.923 ns
ConfidenceInterval = [578.197 ns; 586.538 ns] (CI 99.9%), Margin = 4.171 ns (0.72% of Mean)
Skewness = 0.55, Kurtosis = 1.37, MValue = 2
-------------------- Histogram --------------------
[579.370 ns ; 586.525 ns) | @@@@@@@
---------------------------------------------------

// * Summary *

BenchmarkDotNet v0.15.8, Linux Ubuntu 24.04.4 LTS (Noble Numbat)
AMD EPYC 7763 2.45GHz, 1 CPU, 4 logical and 2 physical cores
.NET SDK 10.0.302
  [Host] : .NET 10.0.10 (10.0.10, 10.0.1026.32716), X64 RyuJIT x86-64-v3
  Quick  : .NET 10.0.10 (10.0.10, 10.0.1026.32716), X64 RyuJIT x86-64-v3

Job=Quick  MaxRelativeError=0.05  Arguments=/p:MatrixMode=Benchmark  
IterationTime=250ms  MaxIterationCount=12  MaxWarmupIterationCount=5  
MinIterationCount=8  MinWarmupIterationCount=3  

| Method           | Mean     | Error   | StdDev  | Gen0   | Allocated |
|----------------- |---------:|--------:|--------:|-------:|----------:|
| ServiceStackText | 268.2 ns | 0.91 ns | 0.40 ns | 0.0245 |     424 B |
| SystemTextJson   | 327.6 ns | 3.71 ns | 1.65 ns | 0.0184 |     312 B |
| NewtonsoftJson   | 582.4 ns | 4.17 ns | 1.85 ns | 0.1713 |    2896 B |

// * Hints *
Outliers
  DeserializeDictionary.ServiceStackText: Quick -> 1 outlier  was  removed (269.81 ns)
  DeserializeDictionary.SystemTextJson: Quick   -> 1 outlier  was  removed (332.64 ns)
  DeserializeDictionary.NewtonsoftJson: Quick   -> 1 outlier  was  removed (600.64 ns)

// * Legends *
  Mean      : Arithmetic mean of all measurements
  Error     : Half of 99.9% confidence interval
  StdDev    : Standard deviation of all measurements
  Gen0      : GC Generation 0 collects per 1000 operations
  Allocated : Allocated memory per single operation (managed only, inclusive, 1KB = 1024B)
  1 ns      : 1 Nanosecond (0.000000001 sec)

// * Diagnostic Output - MemoryDiagnoser *


// ***** BenchmarkRunner: End *****
Run time: 00:00:16 (16.78 sec), executed benchmarks: 3

// Found 3 benchmarks:
//   DeserializeNestedObject.NewtonsoftJson: Quick(MaxRelativeError=0.05, Arguments=/p:MatrixMode=Benchmark, IterationTime=250ms, MaxIterationCount=12, MaxWarmupIterationCount=5, MinIterationCount=8, MinWarmupIterationCount=3)
//   DeserializeNestedObject.ServiceStackText: Quick(MaxRelativeError=0.05, Arguments=/p:MatrixMode=Benchmark, IterationTime=250ms, MaxIterationCount=12, MaxWarmupIterationCount=5, MinIterationCount=8, MinWarmupIterationCount=3)
//   DeserializeNestedObject.SystemTextJson: Quick(MaxRelativeError=0.05, Arguments=/p:MatrixMode=Benchmark, IterationTime=250ms, MaxIterationCount=12, MaxWarmupIterationCount=5, MinIterationCount=8, MinWarmupIterationCount=3)

// **************************
// Benchmark: DeserializeNestedObject.NewtonsoftJson: Quick(MaxRelativeError=0.05, Arguments=/p:MatrixMode=Benchmark, IterationTime=250ms, MaxIterationCount=12, MaxWarmupIterationCount=5, MinIterationCount=8, MinWarmupIterationCount=3)
// *** Execute ***
// Launch: 1 / 1
// Execute: dotnet Matrix.JsonSerialization-Quick-1.dll --anonymousPipes 131 132 --benchmarkName Matrix.JsonSerialization.Benchmarks.DeserializeNestedObject.NewtonsoftJson --job Quick --benchmarkId 9 in /home/runner/work/dotnet-matrix/dotnet-matrix/src/Matrix.JsonSerialization/bin/Benchmark/Release/net10.0/Matrix.JsonSerialization-Quick-1/bin/Release/net10.0
// Failed to set up high priority (Permission denied). In order to run benchmarks with high priority, make sure you have the right permissions.
// BeforeAnythingElse

// Benchmark Process Environment Information:
// BenchmarkDotNet v0.15.8
// Runtime=.NET 10.0.10 (10.0.10, 10.0.1026.32716), X64 RyuJIT x86-64-v3
// GC=Concurrent Workstation
// HardwareIntrinsics=AVX2+BMI1+BMI2+F16C+FMA+LZCNT+MOVBE,AVX,SSE3+SSSE3+SSE4.1+SSE4.2+POPCNT,X86Base+SSE+SSE2,AES+PCLMUL VectorSize=256
// Job: Quick(MaxRelativeError=0.05, IterationTime=250ms, MaxIterationCount=12, MaxWarmupIterationCount=5, MinIterationCount=8, MinWarmupIterationCount=3)

OverheadJitting  1: 1 op, 215756.00 ns, 215.7560 us/op
WorkloadJitting  1: 1 op, 59932121.00 ns, 59.9321 ms/op

WorkloadPilot    1: 4 op, 64531.00 ns, 16.1328 us/op
WorkloadPilot    2: 15496 op, 199357802.00 ns, 12.8651 us/op
WorkloadPilot    3: 19432 op, 220831385.00 ns, 11.3643 us/op
WorkloadPilot    4: 21999 op, 49510702.00 ns, 2.2506 us/op
WorkloadPilot    5: 111082 op, 123422113.00 ns, 1.1111 us/op
WorkloadPilot    6: 225004 op, 250036028.00 ns, 1.1113 us/op
WorkloadPilot    7: 224972 op, 249579870.00 ns, 1.1094 us/op
WorkloadPilot    8: 225351 op, 247906163.00 ns, 1.1001 us/op
WorkloadPilot    9: 227254 op, 253241276.00 ns, 1.1144 us/op
WorkloadPilot   10: 224345 op, 247628340.00 ns, 1.1038 us/op
WorkloadPilot   11: 226494 op, 250898911.00 ns, 1.1078 us/op

WorkloadWarmup   1: 226494 op, 248971165.00 ns, 1.0992 us/op
WorkloadWarmup   2: 226494 op, 251831725.00 ns, 1.1119 us/op
WorkloadWarmup   3: 226494 op, 253543785.00 ns, 1.1194 us/op
WorkloadWarmup   4: 226494 op, 253296229.00 ns, 1.1183 us/op
WorkloadWarmup   5: 226494 op, 252369887.00 ns, 1.1142 us/op

// BeforeActualRun
WorkloadActual   1: 226494 op, 259683562.00 ns, 1.1465 us/op
WorkloadActual   2: 226494 op, 253807741.00 ns, 1.1206 us/op
WorkloadActual   3: 226494 op, 250071435.00 ns, 1.1041 us/op
WorkloadActual   4: 226494 op, 252259450.00 ns, 1.1138 us/op
WorkloadActual   5: 226494 op, 253304345.00 ns, 1.1184 us/op
WorkloadActual   6: 226494 op, 252251615.00 ns, 1.1137 us/op
WorkloadActual   7: 226494 op, 251465267.00 ns, 1.1103 us/op
WorkloadActual   8: 226494 op, 250670421.00 ns, 1.1067 us/op

// AfterActualRun
WorkloadResult   1: 226494 op, 253807741.00 ns, 1.1206 us/op
WorkloadResult   2: 226494 op, 250071435.00 ns, 1.1041 us/op
WorkloadResult   3: 226494 op, 252259450.00 ns, 1.1138 us/op
WorkloadResult   4: 226494 op, 253304345.00 ns, 1.1184 us/op
WorkloadResult   5: 226494 op, 252251615.00 ns, 1.1137 us/op
WorkloadResult   6: 226494 op, 251465267.00 ns, 1.1103 us/op
WorkloadResult   7: 226494 op, 250670421.00 ns, 1.1067 us/op
// GC:  40 0 0 670422240 226494
// Threading:  0 0 226494

// AfterAll
// Benchmark Process 3515 has exited with code 0.

Mean = 1.113 μs, StdErr = 0.002 μs (0.20%), N = 7, StdDev = 0.006 μs
Min = 1.104 μs, Q1 = 1.108 μs, Median = 1.114 μs, Q3 = 1.116 μs, Max = 1.121 μs
IQR = 0.008 μs, LowerFence = 1.097 μs, UpperFence = 1.127 μs
ConfidenceInterval = [1.099 μs; 1.126 μs] (CI 99.9%), Margin = 0.013 μs (1.20% of Mean)
Skewness = -0.04, Kurtosis = 1.33, MValue = 2

// ** Remained 28 (73.7 %) benchmark(s) to run. Estimated finish 2026-08-04 6:43 (0h 2m from now) **
// **************************
// Benchmark: DeserializeNestedObject.ServiceStackText: Quick(MaxRelativeError=0.05, Arguments=/p:MatrixMode=Benchmark, IterationTime=250ms, MaxIterationCount=12, MaxWarmupIterationCount=5, MinIterationCount=8, MinWarmupIterationCount=3)
// *** Execute ***
// Launch: 1 / 1
// Execute: dotnet Matrix.JsonSerialization-Quick-1.dll --anonymousPipes 131 132 --benchmarkName Matrix.JsonSerialization.Benchmarks.DeserializeNestedObject.ServiceStackText --job Quick --benchmarkId 10 in /home/runner/work/dotnet-matrix/dotnet-matrix/src/Matrix.JsonSerialization/bin/Benchmark/Release/net10.0/Matrix.JsonSerialization-Quick-1/bin/Release/net10.0
// Failed to set up high priority (Permission denied). In order to run benchmarks with high priority, make sure you have the right permissions.
// BeforeAnythingElse

// Benchmark Process Environment Information:
// BenchmarkDotNet v0.15.8
// Runtime=.NET 10.0.10 (10.0.10, 10.0.1026.32716), X64 RyuJIT x86-64-v3
// GC=Concurrent Workstation
// HardwareIntrinsics=AVX2+BMI1+BMI2+F16C+FMA+LZCNT+MOVBE,AVX,SSE3+SSSE3+SSE4.1+SSE4.2+POPCNT,X86Base+SSE+SSE2,AES+PCLMUL VectorSize=256
// Job: Quick(MaxRelativeError=0.05, IterationTime=250ms, MaxIterationCount=12, MaxWarmupIterationCount=5, MinIterationCount=8, MinWarmupIterationCount=3)

OverheadJitting  1: 1 op, 242836.00 ns, 242.8360 us/op
WorkloadJitting  1: 1 op, 46859055.00 ns, 46.8591 ms/op

WorkloadPilot    1: 4 op, 56306.00 ns, 14.0765 us/op
WorkloadPilot    2: 17760 op, 78501243.00 ns, 4.4201 us/op
WorkloadPilot    3: 56560 op, 129080624.00 ns, 2.2822 us/op
WorkloadPilot    4: 109544 op, 64461759.00 ns, 588.4554 ns/op
WorkloadPilot    5: 424841 op, 240242319.00 ns, 565.4876 ns/op
WorkloadPilot    6: 442096 op, 252089410.00 ns, 570.2142 ns/op
WorkloadPilot    7: 438432 op, 247572485.00 ns, 564.6770 ns/op
WorkloadPilot    8: 442731 op, 248914930.00 ns, 562.2261 ns/op
WorkloadPilot    9: 444661 op, 252024407.00 ns, 566.7788 ns/op
WorkloadPilot   10: 441089 op, 249612041.00 ns, 565.8995 ns/op
WorkloadPilot   11: 441775 op, 249437914.00 ns, 564.6266 ns/op
WorkloadPilot   12: 442771 op, 250362272.00 ns, 565.4442 ns/op

WorkloadWarmup   1: 442771 op, 248566564.00 ns, 561.3885 ns/op
WorkloadWarmup   2: 442771 op, 250600439.00 ns, 565.9821 ns/op
WorkloadWarmup   3: 442771 op, 250626469.00 ns, 566.0408 ns/op
WorkloadWarmup   4: 442771 op, 250891707.00 ns, 566.6399 ns/op
WorkloadWarmup   5: 442771 op, 252032983.00 ns, 569.2175 ns/op

// BeforeActualRun
WorkloadActual   1: 442771 op, 249970004.00 ns, 564.5582 ns/op
WorkloadActual   2: 442771 op, 251325162.00 ns, 567.6188 ns/op
WorkloadActual   3: 442771 op, 249451359.00 ns, 563.3869 ns/op
WorkloadActual   4: 442771 op, 250248307.00 ns, 565.1868 ns/op
WorkloadActual   5: 442771 op, 262343875.00 ns, 592.5046 ns/op
WorkloadActual   6: 442771 op, 250800556.00 ns, 566.4340 ns/op
WorkloadActual   7: 442771 op, 252314573.00 ns, 569.8534 ns/op
WorkloadActual   8: 442771 op, 249387428.00 ns, 563.2425 ns/op

// AfterActualRun
WorkloadResult   1: 442771 op, 249970004.00 ns, 564.5582 ns/op
WorkloadResult   2: 442771 op, 251325162.00 ns, 567.6188 ns/op
WorkloadResult   3: 442771 op, 249451359.00 ns, 563.3869 ns/op
WorkloadResult   4: 442771 op, 250248307.00 ns, 565.1868 ns/op
WorkloadResult   5: 442771 op, 250800556.00 ns, 566.4340 ns/op
WorkloadResult   6: 442771 op, 252314573.00 ns, 569.8534 ns/op
WorkloadResult   7: 442771 op, 249387428.00 ns, 563.2425 ns/op
// GC:  8 0 0 141686720 442771
// Threading:  0 0 442771

// AfterAll
// Benchmark Process 3525 has exited with code 0.

Mean = 565.754 ns, StdErr = 0.905 ns (0.16%), N = 7, StdDev = 2.395 ns
Min = 563.242 ns, Q1 = 563.973 ns, Median = 565.187 ns, Q3 = 567.026 ns, Max = 569.853 ns
IQR = 3.054 ns, LowerFence = 559.392 ns, UpperFence = 571.607 ns
ConfidenceInterval = [560.361 ns; 571.148 ns] (CI 99.9%), Margin = 5.393 ns (0.95% of Mean)
Skewness = 0.46, Kurtosis = 1.6, MValue = 2

// ** Remained 27 (71.1 %) benchmark(s) to run. Estimated finish 2026-08-04 6:43 (0h 2m from now) **
// **************************
// Benchmark: DeserializeNestedObject.SystemTextJson: Quick(MaxRelativeError=0.05, Arguments=/p:MatrixMode=Benchmark, IterationTime=250ms, MaxIterationCount=12, MaxWarmupIterationCount=5, MinIterationCount=8, MinWarmupIterationCount=3)
// *** Execute ***
// Launch: 1 / 1
// Execute: dotnet Matrix.JsonSerialization-Quick-1.dll --anonymousPipes 131 132 --benchmarkName Matrix.JsonSerialization.Benchmarks.DeserializeNestedObject.SystemTextJson --job Quick --benchmarkId 11 in /home/runner/work/dotnet-matrix/dotnet-matrix/src/Matrix.JsonSerialization/bin/Benchmark/Release/net10.0/Matrix.JsonSerialization-Quick-1/bin/Release/net10.0
// Failed to set up high priority (Permission denied). In order to run benchmarks with high priority, make sure you have the right permissions.
// BeforeAnythingElse

// Benchmark Process Environment Information:
// BenchmarkDotNet v0.15.8
// Runtime=.NET 10.0.10 (10.0.10, 10.0.1026.32716), X64 RyuJIT x86-64-v3
// GC=Concurrent Workstation
// HardwareIntrinsics=AVX2+BMI1+BMI2+F16C+FMA+LZCNT+MOVBE,AVX,SSE3+SSSE3+SSE4.1+SSE4.2+POPCNT,X86Base+SSE+SSE2,AES+PCLMUL VectorSize=256
// Job: Quick(MaxRelativeError=0.05, IterationTime=250ms, MaxIterationCount=12, MaxWarmupIterationCount=5, MinIterationCount=8, MinWarmupIterationCount=3)

OverheadJitting  1: 1 op, 216627.00 ns, 216.6270 us/op
WorkloadJitting  1: 1 op, 27570049.00 ns, 27.5700 ms/op

WorkloadPilot    1: 4 op, 95359.00 ns, 23.8398 us/op
WorkloadPilot    2: 10487 op, 42370463.00 ns, 4.0403 us/op
WorkloadPilot    3: 61877 op, 255437166.00 ns, 4.1281 us/op
WorkloadPilot    4: 60560 op, 146031402.00 ns, 2.4114 us/op
WorkloadPilot    5: 103676 op, 79640265.00 ns, 768.1649 ns/op
WorkloadPilot    6: 325451 op, 199851299.00 ns, 614.0749 ns/op
WorkloadPilot    7: 407116 op, 246046315.00 ns, 604.3641 ns/op
WorkloadPilot    8: 413658 op, 251072457.00 ns, 606.9566 ns/op
WorkloadPilot    9: 411891 op, 250714795.00 ns, 608.6921 ns/op

WorkloadWarmup   1: 411891 op, 248707689.00 ns, 603.8192 ns/op
WorkloadWarmup   2: 411891 op, 249451498.00 ns, 605.6250 ns/op
WorkloadWarmup   3: 411891 op, 252968432.00 ns, 614.1635 ns/op
WorkloadWarmup   4: 411891 op, 249790677.00 ns, 606.4485 ns/op
WorkloadWarmup   5: 411891 op, 251085651.00 ns, 609.5925 ns/op

// BeforeActualRun
WorkloadActual   1: 411891 op, 249772201.00 ns, 606.4036 ns/op
WorkloadActual   2: 411891 op, 250683265.00 ns, 608.6155 ns/op
WorkloadActual   3: 411891 op, 249390384.00 ns, 605.4767 ns/op
WorkloadActual   4: 411891 op, 251041048.00 ns, 609.4842 ns/op
WorkloadActual   5: 411891 op, 249520888.00 ns, 605.7935 ns/op
WorkloadActual   6: 411891 op, 251232397.00 ns, 609.9487 ns/op
WorkloadActual   7: 411891 op, 249747414.00 ns, 606.3435 ns/op
WorkloadActual   8: 411891 op, 250557107.00 ns, 608.3093 ns/op

// AfterActualRun
WorkloadResult   1: 411891 op, 249772201.00 ns, 606.4036 ns/op
WorkloadResult   2: 411891 op, 250683265.00 ns, 608.6155 ns/op
WorkloadResult   3: 411891 op, 249390384.00 ns, 605.4767 ns/op
WorkloadResult   4: 411891 op, 251041048.00 ns, 609.4842 ns/op
WorkloadResult   5: 411891 op, 249520888.00 ns, 605.7935 ns/op
WorkloadResult   6: 411891 op, 251232397.00 ns, 609.9487 ns/op
WorkloadResult   7: 411891 op, 249747414.00 ns, 606.3435 ns/op
WorkloadResult   8: 411891 op, 250557107.00 ns, 608.3093 ns/op
// GC:  18 0 0 316332288 411891
// Threading:  0 0 411891

// AfterAll
// Benchmark Process 3537 has exited with code 0.

Mean = 607.547 ns, StdErr = 0.618 ns (0.10%), N = 8, StdDev = 1.747 ns
Min = 605.477 ns, Q1 = 606.206 ns, Median = 607.356 ns, Q3 = 608.833 ns, Max = 609.949 ns
IQR = 2.627 ns, LowerFence = 602.266 ns, UpperFence = 612.773 ns
ConfidenceInterval = [604.207 ns; 610.887 ns] (CI 99.9%), Margin = 3.340 ns (0.55% of Mean)
Skewness = 0.12, Kurtosis = 1.08, MValue = 2

// ** Remained 26 (68.4 %) benchmark(s) to run. Estimated finish 2026-08-04 6:43 (0h 2m from now) **
// ***** BenchmarkRunner: Finish  *****

// * Export *
  tmp/dotnet-matrix/JsonSerialization/fcd578694c2d4ca285574943569cdd34/results/Matrix.JsonSerialization.Benchmarks.DeserializeNestedObject-report.csv
  tmp/dotnet-matrix/JsonSerialization/fcd578694c2d4ca285574943569cdd34/results/Matrix.JsonSerialization.Benchmarks.DeserializeNestedObject-report-github.md
  tmp/dotnet-matrix/JsonSerialization/fcd578694c2d4ca285574943569cdd34/results/Matrix.JsonSerialization.Benchmarks.DeserializeNestedObject-report.html
  tmp/dotnet-matrix/JsonSerialization/fcd578694c2d4ca285574943569cdd34/results/Matrix.JsonSerialization.Benchmarks.DeserializeNestedObject-report-full.json

// * Detailed results *
DeserializeNestedObject.ServiceStackText: Quick(MaxRelativeError=0.05, Arguments=/p:MatrixMode=Benchmark, IterationTime=250ms, MaxIterationCount=12, MaxWarmupIterationCount=5, MinIterationCount=8, MinWarmupIterationCount=3)
Runtime = .NET 10.0.10 (10.0.10, 10.0.1026.32716), X64 RyuJIT x86-64-v3; GC = Concurrent Workstation
Mean = 565.754 ns, StdErr = 0.905 ns (0.16%), N = 7, StdDev = 2.395 ns
Min = 563.242 ns, Q1 = 563.973 ns, Median = 565.187 ns, Q3 = 567.026 ns, Max = 569.853 ns
IQR = 3.054 ns, LowerFence = 559.392 ns, UpperFence = 571.607 ns
ConfidenceInterval = [560.361 ns; 571.148 ns] (CI 99.9%), Margin = 5.393 ns (0.95% of Mean)
Skewness = 0.46, Kurtosis = 1.6, MValue = 2
-------------------- Histogram --------------------
[561.599 ns ; 571.497 ns) | @@@@@@@
---------------------------------------------------

DeserializeNestedObject.SystemTextJson: Quick(MaxRelativeError=0.05, Arguments=/p:MatrixMode=Benchmark, IterationTime=250ms, MaxIterationCount=12, MaxWarmupIterationCount=5, MinIterationCount=8, MinWarmupIterationCount=3)
Runtime = .NET 10.0.10 (10.0.10, 10.0.1026.32716), X64 RyuJIT x86-64-v3; GC = Concurrent Workstation
Mean = 607.547 ns, StdErr = 0.618 ns (0.10%), N = 8, StdDev = 1.747 ns
Min = 605.477 ns, Q1 = 606.206 ns, Median = 607.356 ns, Q3 = 608.833 ns, Max = 609.949 ns
IQR = 2.627 ns, LowerFence = 602.266 ns, UpperFence = 612.773 ns
ConfidenceInterval = [604.207 ns; 610.887 ns] (CI 99.9%), Margin = 3.340 ns (0.55% of Mean)
Skewness = 0.12, Kurtosis = 1.08, MValue = 2
-------------------- Histogram --------------------
[604.330 ns ; 611.095 ns) | @@@@@@@@
---------------------------------------------------

DeserializeNestedObject.NewtonsoftJson: Quick(MaxRelativeError=0.05, Arguments=/p:MatrixMode=Benchmark, IterationTime=250ms, MaxIterationCount=12, MaxWarmupIterationCount=5, MinIterationCount=8, MinWarmupIterationCount=3)
Runtime = .NET 10.0.10 (10.0.10, 10.0.1026.32716), X64 RyuJIT x86-64-v3; GC = Concurrent Workstation
Mean = 1.113 μs, StdErr = 0.002 μs (0.20%), N = 7, StdDev = 0.006 μs
Min = 1.104 μs, Q1 = 1.108 μs, Median = 1.114 μs, Q3 = 1.116 μs, Max = 1.121 μs
IQR = 0.008 μs, LowerFence = 1.097 μs, UpperFence = 1.127 μs
ConfidenceInterval = [1.099 μs; 1.126 μs] (CI 99.9%), Margin = 0.013 μs (1.20% of Mean)
Skewness = -0.04, Kurtosis = 1.33, MValue = 2
-------------------- Histogram --------------------
[1.100 μs ; 1.125 μs) | @@@@@@@
---------------------------------------------------

// * Summary *

BenchmarkDotNet v0.15.8, Linux Ubuntu 24.04.4 LTS (Noble Numbat)
AMD EPYC 7763 2.45GHz, 1 CPU, 4 logical and 2 physical cores
.NET SDK 10.0.302
  [Host] : .NET 10.0.10 (10.0.10, 10.0.1026.32716), X64 RyuJIT x86-64-v3
  Quick  : .NET 10.0.10 (10.0.10, 10.0.1026.32716), X64 RyuJIT x86-64-v3

Job=Quick  MaxRelativeError=0.05  Arguments=/p:MatrixMode=Benchmark  
IterationTime=250ms  MaxIterationCount=12  MaxWarmupIterationCount=5  
MinIterationCount=8  MinWarmupIterationCount=3  

| Method           | Mean       | Error    | StdDev  | Gen0   | Allocated |
|----------------- |-----------:|---------:|--------:|-------:|----------:|
| ServiceStackText |   565.8 ns |  5.39 ns | 2.39 ns | 0.0181 |     320 B |
| SystemTextJson   |   607.5 ns |  3.34 ns | 1.75 ns | 0.0437 |     768 B |
| NewtonsoftJson   | 1,112.5 ns | 13.38 ns | 5.94 ns | 0.1766 |    2960 B |

// * Hints *
Outliers
  DeserializeNestedObject.ServiceStackText: Quick -> 1 outlier  was  removed (592.50 ns)
  DeserializeNestedObject.NewtonsoftJson: Quick   -> 1 outlier  was  removed (1.15 μs)

// * Legends *
  Mean      : Arithmetic mean of all measurements
  Error     : Half of 99.9% confidence interval
  StdDev    : Standard deviation of all measurements
  Gen0      : GC Generation 0 collects per 1000 operations
  Allocated : Allocated memory per single operation (managed only, inclusive, 1KB = 1024B)
  1 ns      : 1 Nanosecond (0.000000001 sec)

// * Diagnostic Output - MemoryDiagnoser *


// ***** BenchmarkRunner: End *****
Run time: 00:00:17 (17.11 sec), executed benchmarks: 3

// Found 3 benchmarks:
//   DeserializeSimpleObject.NewtonsoftJson: Quick(MaxRelativeError=0.05, Arguments=/p:MatrixMode=Benchmark, IterationTime=250ms, MaxIterationCount=12, MaxWarmupIterationCount=5, MinIterationCount=8, MinWarmupIterationCount=3)
//   DeserializeSimpleObject.ServiceStackText: Quick(MaxRelativeError=0.05, Arguments=/p:MatrixMode=Benchmark, IterationTime=250ms, MaxIterationCount=12, MaxWarmupIterationCount=5, MinIterationCount=8, MinWarmupIterationCount=3)
//   DeserializeSimpleObject.SystemTextJson: Quick(MaxRelativeError=0.05, Arguments=/p:MatrixMode=Benchmark, IterationTime=250ms, MaxIterationCount=12, MaxWarmupIterationCount=5, MinIterationCount=8, MinWarmupIterationCount=3)

// **************************
// Benchmark: DeserializeSimpleObject.NewtonsoftJson: Quick(MaxRelativeError=0.05, Arguments=/p:MatrixMode=Benchmark, IterationTime=250ms, MaxIterationCount=12, MaxWarmupIterationCount=5, MinIterationCount=8, MinWarmupIterationCount=3)
// *** Execute ***
// Launch: 1 / 1
// Execute: dotnet Matrix.JsonSerialization-Quick-1.dll --anonymousPipes 131 132 --benchmarkName Matrix.JsonSerialization.Benchmarks.DeserializeSimpleObject.NewtonsoftJson --job Quick --benchmarkId 12 in /home/runner/work/dotnet-matrix/dotnet-matrix/src/Matrix.JsonSerialization/bin/Benchmark/Release/net10.0/Matrix.JsonSerialization-Quick-1/bin/Release/net10.0
// Failed to set up high priority (Permission denied). In order to run benchmarks with high priority, make sure you have the right permissions.
// BeforeAnythingElse

// Benchmark Process Environment Information:
// BenchmarkDotNet v0.15.8
// Runtime=.NET 10.0.10 (10.0.10, 10.0.1026.32716), X64 RyuJIT x86-64-v3
// GC=Concurrent Workstation
// HardwareIntrinsics=AVX2+BMI1+BMI2+F16C+FMA+LZCNT+MOVBE,AVX,SSE3+SSSE3+SSE4.1+SSE4.2+POPCNT,X86Base+SSE+SSE2,AES+PCLMUL VectorSize=256
// Job: Quick(MaxRelativeError=0.05, IterationTime=250ms, MaxIterationCount=12, MaxWarmupIterationCount=5, MinIterationCount=8, MinWarmupIterationCount=3)

OverheadJitting  1: 1 op, 285286.00 ns, 285.2860 us/op
WorkloadJitting  1: 1 op, 62330641.00 ns, 62.3306 ms/op

WorkloadPilot    1: 4 op, 86864.00 ns, 21.7160 us/op
WorkloadPilot    2: 11512 op, 59587292.00 ns, 5.1761 us/op
WorkloadPilot    3: 48299 op, 297342554.00 ns, 6.1563 us/op
WorkloadPilot    4: 40609 op, 89563296.00 ns, 2.2055 us/op
WorkloadPilot    5: 113353 op, 74127437.00 ns, 653.9521 ns/op
WorkloadPilot    6: 382291 op, 219934016.00 ns, 575.3052 ns/op
WorkloadPilot    7: 434552 op, 247611929.00 ns, 569.8097 ns/op
WorkloadPilot    8: 438743 op, 249448783.00 ns, 568.5533 ns/op
WorkloadPilot    9: 439713 op, 252335332.00 ns, 573.8637 ns/op
WorkloadPilot   10: 435644 op, 247374793.00 ns, 567.8370 ns/op
WorkloadPilot   11: 440267 op, 251825834.00 ns, 571.9844 ns/op

WorkloadWarmup   1: 440267 op, 258966503.00 ns, 588.2033 ns/op
WorkloadWarmup   2: 440267 op, 254577028.00 ns, 578.2333 ns/op
WorkloadWarmup   3: 440267 op, 255164162.00 ns, 579.5669 ns/op
WorkloadWarmup   4: 440267 op, 256067801.00 ns, 581.6193 ns/op
WorkloadWarmup   5: 440267 op, 254877543.00 ns, 578.9158 ns/op

// BeforeActualRun
WorkloadActual   1: 440267 op, 250036738.00 ns, 567.9207 ns/op
WorkloadActual   2: 440267 op, 273254072.00 ns, 620.6554 ns/op
WorkloadActual   3: 440267 op, 261960473.00 ns, 595.0037 ns/op
WorkloadActual   4: 440267 op, 250486556.00 ns, 568.9424 ns/op
WorkloadActual   5: 440267 op, 251755132.00 ns, 571.8238 ns/op
WorkloadActual   6: 440267 op, 253836245.00 ns, 576.5507 ns/op
WorkloadActual   7: 440267 op, 252870269.00 ns, 574.3566 ns/op
WorkloadActual   8: 440267 op, 252406827.00 ns, 573.3040 ns/op

// AfterActualRun
WorkloadResult   1: 440267 op, 250036738.00 ns, 567.9207 ns/op
WorkloadResult   2: 440267 op, 261960473.00 ns, 595.0037 ns/op
WorkloadResult   3: 440267 op, 250486556.00 ns, 568.9424 ns/op
WorkloadResult   4: 440267 op, 251755132.00 ns, 571.8238 ns/op
WorkloadResult   5: 440267 op, 253836245.00 ns, 576.5507 ns/op
WorkloadResult   6: 440267 op, 252870269.00 ns, 574.3566 ns/op
WorkloadResult   7: 440267 op, 252406827.00 ns, 573.3040 ns/op
// GC:  70 0 0 1176393424 440267
// Threading:  0 0 440267

// AfterAll
// Benchmark Process 3548 has exited with code 0.

Mean = 575.415 ns, StdErr = 3.456 ns (0.60%), N = 7, StdDev = 9.143 ns
Min = 567.921 ns, Q1 = 570.383 ns, Median = 573.304 ns, Q3 = 575.454 ns, Max = 595.004 ns
IQR = 5.071 ns, LowerFence = 562.777 ns, UpperFence = 583.060 ns
ConfidenceInterval = [554.823 ns; 596.006 ns] (CI 99.9%), Margin = 20.591 ns (3.58% of Mean)
Skewness = 1.27, Kurtosis = 3.11, MValue = 2

// ** Remained 25 (65.8 %) benchmark(s) to run. Estimated finish 2026-08-04 6:43 (0h 2m from now) **
// **************************
// Benchmark: DeserializeSimpleObject.ServiceStackText: Quick(MaxRelativeError=0.05, Arguments=/p:MatrixMode=Benchmark, IterationTime=250ms, MaxIterationCount=12, MaxWarmupIterationCount=5, MinIterationCount=8, MinWarmupIterationCount=3)
// *** Execute ***
// Launch: 1 / 1
// Execute: dotnet Matrix.JsonSerialization-Quick-1.dll --anonymousPipes 131 132 --benchmarkName Matrix.JsonSerialization.Benchmarks.DeserializeSimpleObject.ServiceStackText --job Quick --benchmarkId 13 in /home/runner/work/dotnet-matrix/dotnet-matrix/src/Matrix.JsonSerialization/bin/Benchmark/Release/net10.0/Matrix.JsonSerialization-Quick-1/bin/Release/net10.0
// Failed to set up high priority (Permission denied). In order to run benchmarks with high priority, make sure you have the right permissions.
// BeforeAnythingElse

// Benchmark Process Environment Information:
// BenchmarkDotNet v0.15.8
// Runtime=.NET 10.0.10 (10.0.10, 10.0.1026.32716), X64 RyuJIT x86-64-v3
// GC=Concurrent Workstation
// HardwareIntrinsics=AVX2+BMI1+BMI2+F16C+FMA+LZCNT+MOVBE,AVX,SSE3+SSSE3+SSE4.1+SSE4.2+POPCNT,X86Base+SSE+SSE2,AES+PCLMUL VectorSize=256
// Job: Quick(MaxRelativeError=0.05, IterationTime=250ms, MaxIterationCount=12, MaxWarmupIterationCount=5, MinIterationCount=8, MinWarmupIterationCount=3)

OverheadJitting  1: 1 op, 216818.00 ns, 216.8180 us/op
WorkloadJitting  1: 1 op, 49181252.00 ns, 49.1813 ms/op

WorkloadPilot    1: 4 op, 17393.00 ns, 4.3483 us/op
WorkloadPilot    2: 57494 op, 92770929.00 ns, 1.6136 us/op
WorkloadPilot    3: 154935 op, 121191417.00 ns, 782.2081 ns/op
WorkloadPilot    4: 319608 op, 70322532.00 ns, 220.0274 ns/op
WorkloadPilot    5: 1136222 op, 240464257.00 ns, 211.6349 ns/op
WorkloadPilot    6: 1181280 op, 253238501.00 ns, 214.3764 ns/op
WorkloadPilot    7: 1166173 op, 248537040.00 ns, 213.1219 ns/op
WorkloadPilot    8: 1173037 op, 250076925.00 ns, 213.1876 ns/op
WorkloadPilot    9: 1172676 op, 251347836.00 ns, 214.3370 ns/op

WorkloadWarmup   1: 1172676 op, 254481679.00 ns, 217.0094 ns/op
WorkloadWarmup   2: 1172676 op, 249960406.00 ns, 213.1539 ns/op
WorkloadWarmup   3: 1172676 op, 249357141.00 ns, 212.6394 ns/op
WorkloadWarmup   4: 1172676 op, 250228741.00 ns, 213.3827 ns/op
WorkloadWarmup   5: 1172676 op, 249019287.00 ns, 212.3513 ns/op

// BeforeActualRun
WorkloadActual   1: 1172676 op, 249719353.00 ns, 212.9483 ns/op
WorkloadActual   2: 1172676 op, 255852747.00 ns, 218.1785 ns/op
WorkloadActual   3: 1172676 op, 251243089.00 ns, 214.2477 ns/op
WorkloadActual   4: 1172676 op, 252173929.00 ns, 215.0414 ns/op
WorkloadActual   5: 1172676 op, 249354627.00 ns, 212.6373 ns/op
WorkloadActual   6: 1172676 op, 249621940.00 ns, 212.8652 ns/op
WorkloadActual   7: 1172676 op, 250599929.00 ns, 213.6992 ns/op
WorkloadActual   8: 1172676 op, 249073118.00 ns, 212.3972 ns/op

// AfterActualRun
WorkloadResult   1: 1172676 op, 249719353.00 ns, 212.9483 ns/op
WorkloadResult   2: 1172676 op, 251243089.00 ns, 214.2477 ns/op
WorkloadResult   3: 1172676 op, 252173929.00 ns, 215.0414 ns/op
WorkloadResult   4: 1172676 op, 249354627.00 ns, 212.6373 ns/op
WorkloadResult   5: 1172676 op, 249621940.00 ns, 212.8652 ns/op
WorkloadResult   6: 1172676 op, 250599929.00 ns, 213.6992 ns/op
WorkloadResult   7: 1172676 op, 249073118.00 ns, 212.3972 ns/op
// GC:  7 0 0 131339712 1172676
// Threading:  0 0 1172676

// AfterAll
// Benchmark Process 3581 has exited with code 0.

Mean = 213.405 ns, StdErr = 0.364 ns (0.17%), N = 7, StdDev = 0.964 ns
Min = 212.397 ns, Q1 = 212.751 ns, Median = 212.948 ns, Q3 = 213.973 ns, Max = 215.041 ns
IQR = 1.222 ns, LowerFence = 210.918 ns, UpperFence = 215.807 ns
ConfidenceInterval = [211.233 ns; 215.577 ns] (CI 99.9%), Margin = 2.172 ns (1.02% of Mean)
Skewness = 0.52, Kurtosis = 1.52, MValue = 2

// ** Remained 24 (63.2 %) benchmark(s) to run. Estimated finish 2026-08-04 6:43 (0h 2m from now) **
// **************************
// Benchmark: DeserializeSimpleObject.SystemTextJson: Quick(MaxRelativeError=0.05, Arguments=/p:MatrixMode=Benchmark, IterationTime=250ms, MaxIterationCount=12, MaxWarmupIterationCount=5, MinIterationCount=8, MinWarmupIterationCount=3)
// *** Execute ***
// Launch: 1 / 1
// Execute: dotnet Matrix.JsonSerialization-Quick-1.dll --anonymousPipes 131 132 --benchmarkName Matrix.JsonSerialization.Benchmarks.DeserializeSimpleObject.SystemTextJson --job Quick --benchmarkId 14 in /home/runner/work/dotnet-matrix/dotnet-matrix/src/Matrix.JsonSerialization/bin/Benchmark/Release/net10.0/Matrix.JsonSerialization-Quick-1/bin/Release/net10.0
// Failed to set up high priority (Permission denied). In order to run benchmarks with high priority, make sure you have the right permissions.
// BeforeAnythingElse

// Benchmark Process Environment Information:
// BenchmarkDotNet v0.15.8
// Runtime=.NET 10.0.10 (10.0.10, 10.0.1026.32716), X64 RyuJIT x86-64-v3
// GC=Concurrent Workstation
// HardwareIntrinsics=AVX2+BMI1+BMI2+F16C+FMA+LZCNT+MOVBE,AVX,SSE3+SSSE3+SSE4.1+SSE4.2+POPCNT,X86Base+SSE+SSE2,AES+PCLMUL VectorSize=256
// Job: Quick(MaxRelativeError=0.05, IterationTime=250ms, MaxIterationCount=12, MaxWarmupIterationCount=5, MinIterationCount=8, MinWarmupIterationCount=3)

OverheadJitting  1: 1 op, 228369.00 ns, 228.3690 us/op
WorkloadJitting  1: 1 op, 26490309.00 ns, 26.4903 ms/op

WorkloadPilot    1: 4 op, 73619.00 ns, 18.4048 us/op
WorkloadPilot    2: 13583 op, 20869558.00 ns, 1.5364 us/op
WorkloadPilot    3: 162713 op, 268782584.00 ns, 1.6519 us/op
WorkloadPilot    4: 151343 op, 170869224.00 ns, 1.1290 us/op
WorkloadPilot    5: 221431 op, 138858994.00 ns, 627.0983 ns/op
WorkloadPilot    6: 398662 op, 94059230.00 ns, 235.9373 ns/op
WorkloadPilot    7: 1059604 op, 242824707.00 ns, 229.1655 ns/op
WorkloadPilot    8: 1090915 op, 248654297.00 ns, 227.9319 ns/op
WorkloadPilot    9: 1096819 op, 249616573.00 ns, 227.5823 ns/op
WorkloadPilot   10: 1098504 op, 251650387.00 ns, 229.0846 ns/op
WorkloadPilot   11: 1091300 op, 251332850.00 ns, 230.3059 ns/op

WorkloadWarmup   1: 1091300 op, 246645175.00 ns, 226.0104 ns/op
WorkloadWarmup   2: 1091300 op, 247926735.00 ns, 227.1848 ns/op
WorkloadWarmup   3: 1091300 op, 248462774.00 ns, 227.6760 ns/op
WorkloadWarmup   4: 1091300 op, 247856193.00 ns, 227.1201 ns/op
WorkloadWarmup   5: 1091300 op, 247468884.00 ns, 226.7652 ns/op

// BeforeActualRun
WorkloadActual   1: 1091300 op, 247695871.00 ns, 226.9732 ns/op
WorkloadActual   2: 1091300 op, 247152129.00 ns, 226.4750 ns/op
WorkloadActual   3: 1091300 op, 248014150.00 ns, 227.2649 ns/op
WorkloadActual   4: 1091300 op, 246992949.00 ns, 226.3291 ns/op
WorkloadActual   5: 1091300 op, 247017205.00 ns, 226.3513 ns/op
WorkloadActual   6: 1091300 op, 247539307.00 ns, 226.8298 ns/op
WorkloadActual   7: 1091300 op, 248080174.00 ns, 227.3254 ns/op
WorkloadActual   8: 1091300 op, 247074373.00 ns, 226.4037 ns/op

// AfterActualRun
WorkloadResult   1: 1091300 op, 247695871.00 ns, 226.9732 ns/op
WorkloadResult   2: 1091300 op, 247152129.00 ns, 226.4750 ns/op
WorkloadResult   3: 1091300 op, 248014150.00 ns, 227.2649 ns/op
WorkloadResult   4: 1091300 op, 246992949.00 ns, 226.3291 ns/op
WorkloadResult   5: 1091300 op, 247017205.00 ns, 226.3513 ns/op
WorkloadResult   6: 1091300 op, 247539307.00 ns, 226.8298 ns/op
WorkloadResult   7: 1091300 op, 248080174.00 ns, 227.3254 ns/op
WorkloadResult   8: 1091300 op, 247074373.00 ns, 226.4037 ns/op
// GC:  4 0 0 69843200 1091300
// Threading:  0 0 1091300

// AfterAll
// Benchmark Process 3600 has exited with code 0.

Mean = 226.744 ns, StdErr = 0.145 ns (0.06%), N = 8, StdDev = 0.411 ns
Min = 226.329 ns, Q1 = 226.391 ns, Median = 226.652 ns, Q3 = 227.046 ns, Max = 227.325 ns
IQR = 0.656 ns, LowerFence = 225.407 ns, UpperFence = 228.029 ns
ConfidenceInterval = [225.958 ns; 227.530 ns] (CI 99.9%), Margin = 0.786 ns (0.35% of Mean)
Skewness = 0.29, Kurtosis = 1.15, MValue = 2

// ** Remained 23 (60.5 %) benchmark(s) to run. Estimated finish 2026-08-04 6:43 (0h 2m from now) **
// ***** BenchmarkRunner: Finish  *****

// * Export *
  tmp/dotnet-matrix/JsonSerialization/fcd578694c2d4ca285574943569cdd34/results/Matrix.JsonSerialization.Benchmarks.DeserializeSimpleObject-report.csv
  tmp/dotnet-matrix/JsonSerialization/fcd578694c2d4ca285574943569cdd34/results/Matrix.JsonSerialization.Benchmarks.DeserializeSimpleObject-report-github.md
  tmp/dotnet-matrix/JsonSerialization/fcd578694c2d4ca285574943569cdd34/results/Matrix.JsonSerialization.Benchmarks.DeserializeSimpleObject-report.html
  tmp/dotnet-matrix/JsonSerialization/fcd578694c2d4ca285574943569cdd34/results/Matrix.JsonSerialization.Benchmarks.DeserializeSimpleObject-report-full.json

// * Detailed results *
DeserializeSimpleObject.ServiceStackText: Quick(MaxRelativeError=0.05, Arguments=/p:MatrixMode=Benchmark, IterationTime=250ms, MaxIterationCount=12, MaxWarmupIterationCount=5, MinIterationCount=8, MinWarmupIterationCount=3)
Runtime = .NET 10.0.10 (10.0.10, 10.0.1026.32716), X64 RyuJIT x86-64-v3; GC = Concurrent Workstation
Mean = 213.405 ns, StdErr = 0.364 ns (0.17%), N = 7, StdDev = 0.964 ns
Min = 212.397 ns, Q1 = 212.751 ns, Median = 212.948 ns, Q3 = 213.973 ns, Max = 215.041 ns
IQR = 1.222 ns, LowerFence = 210.918 ns, UpperFence = 215.807 ns
ConfidenceInterval = [211.233 ns; 215.577 ns] (CI 99.9%), Margin = 2.172 ns (1.02% of Mean)
Skewness = 0.52, Kurtosis = 1.52, MValue = 2
-------------------- Histogram --------------------
[211.736 ns ; 215.703 ns) | @@@@@@@
---------------------------------------------------

DeserializeSimpleObject.SystemTextJson: Quick(MaxRelativeError=0.05, Arguments=/p:MatrixMode=Benchmark, IterationTime=250ms, MaxIterationCount=12, MaxWarmupIterationCount=5, MinIterationCount=8, MinWarmupIterationCount=3)
Runtime = .NET 10.0.10 (10.0.10, 10.0.1026.32716), X64 RyuJIT x86-64-v3; GC = Concurrent Workstation
Mean = 226.744 ns, StdErr = 0.145 ns (0.06%), N = 8, StdDev = 0.411 ns
Min = 226.329 ns, Q1 = 226.391 ns, Median = 226.652 ns, Q3 = 227.046 ns, Max = 227.325 ns
IQR = 0.656 ns, LowerFence = 225.407 ns, UpperFence = 228.029 ns
ConfidenceInterval = [225.958 ns; 227.530 ns] (CI 99.9%), Margin = 0.786 ns (0.35% of Mean)
Skewness = 0.29, Kurtosis = 1.15, MValue = 2
-------------------- Histogram --------------------
[226.059 ns ; 227.595 ns) | @@@@@@@@
---------------------------------------------------

DeserializeSimpleObject.NewtonsoftJson: Quick(MaxRelativeError=0.05, Arguments=/p:MatrixMode=Benchmark, IterationTime=250ms, MaxIterationCount=12, MaxWarmupIterationCount=5, MinIterationCount=8, MinWarmupIterationCount=3)
Runtime = .NET 10.0.10 (10.0.10, 10.0.1026.32716), X64 RyuJIT x86-64-v3; GC = Concurrent Workstation
Mean = 575.415 ns, StdErr = 3.456 ns (0.60%), N = 7, StdDev = 9.143 ns
Min = 567.921 ns, Q1 = 570.383 ns, Median = 573.304 ns, Q3 = 575.454 ns, Max = 595.004 ns
IQR = 5.071 ns, LowerFence = 562.777 ns, UpperFence = 583.060 ns
ConfidenceInterval = [554.823 ns; 596.006 ns] (CI 99.9%), Margin = 20.591 ns (3.58% of Mean)
Skewness = 1.27, Kurtosis = 3.11, MValue = 2
-------------------- Histogram --------------------
[565.963 ns ; 588.731 ns) | @@@@@@
[588.731 ns ; 601.277 ns) | @
---------------------------------------------------

// * Summary *

BenchmarkDotNet v0.15.8, Linux Ubuntu 24.04.4 LTS (Noble Numbat)
AMD EPYC 7763 2.45GHz, 1 CPU, 4 logical and 2 physical cores
.NET SDK 10.0.302
  [Host] : .NET 10.0.10 (10.0.10, 10.0.1026.32716), X64 RyuJIT x86-64-v3
  Quick  : .NET 10.0.10 (10.0.10, 10.0.1026.32716), X64 RyuJIT x86-64-v3

Job=Quick  MaxRelativeError=0.05  Arguments=/p:MatrixMode=Benchmark  
IterationTime=250ms  MaxIterationCount=12  MaxWarmupIterationCount=5  
MinIterationCount=8  MinWarmupIterationCount=3  

| Method           | Mean     | Error    | StdDev  | Gen0   | Allocated |
|----------------- |---------:|---------:|--------:|-------:|----------:|
| ServiceStackText | 213.4 ns |  2.17 ns | 0.96 ns | 0.0060 |     112 B |
| SystemTextJson   | 226.7 ns |  0.79 ns | 0.41 ns | 0.0037 |      64 B |
| NewtonsoftJson   | 575.4 ns | 20.59 ns | 9.14 ns | 0.1590 |    2672 B |

// * Hints *
Outliers
  DeserializeSimpleObject.ServiceStackText: Quick -> 1 outlier  was  removed (218.18 ns)
  DeserializeSimpleObject.NewtonsoftJson: Quick   -> 1 outlier  was  removed (620.66 ns)

// * Legends *
  Mean      : Arithmetic mean of all measurements
  Error     : Half of 99.9% confidence interval
  StdDev    : Standard deviation of all measurements
  Gen0      : GC Generation 0 collects per 1000 operations
  Allocated : Allocated memory per single operation (managed only, inclusive, 1KB = 1024B)
  1 ns      : 1 Nanosecond (0.000000001 sec)

// * Diagnostic Output - MemoryDiagnoser *


// ***** BenchmarkRunner: End *****
Run time: 00:00:16 (16.75 sec), executed benchmarks: 3

// Found 3 benchmarks:
//   EnumRoundTrip.NewtonsoftJson: Quick(MaxRelativeError=0.05, Arguments=/p:MatrixMode=Benchmark, IterationTime=250ms, MaxIterationCount=12, MaxWarmupIterationCount=5, MinIterationCount=8, MinWarmupIterationCount=3)
//   EnumRoundTrip.ServiceStackText: Quick(MaxRelativeError=0.05, Arguments=/p:MatrixMode=Benchmark, IterationTime=250ms, MaxIterationCount=12, MaxWarmupIterationCount=5, MinIterationCount=8, MinWarmupIterationCount=3)
//   EnumRoundTrip.SystemTextJson: Quick(MaxRelativeError=0.05, Arguments=/p:MatrixMode=Benchmark, IterationTime=250ms, MaxIterationCount=12, MaxWarmupIterationCount=5, MinIterationCount=8, MinWarmupIterationCount=3)

// **************************
// Benchmark: EnumRoundTrip.NewtonsoftJson: Quick(MaxRelativeError=0.05, Arguments=/p:MatrixMode=Benchmark, IterationTime=250ms, MaxIterationCount=12, MaxWarmupIterationCount=5, MinIterationCount=8, MinWarmupIterationCount=3)
// *** Execute ***
// Launch: 1 / 1
// Execute: dotnet Matrix.JsonSerialization-Quick-1.dll --anonymousPipes 131 132 --benchmarkName Matrix.JsonSerialization.Benchmarks.EnumRoundTrip.NewtonsoftJson --job Quick --benchmarkId 15 in /home/runner/work/dotnet-matrix/dotnet-matrix/src/Matrix.JsonSerialization/bin/Benchmark/Release/net10.0/Matrix.JsonSerialization-Quick-1/bin/Release/net10.0
// Failed to set up high priority (Permission denied). In order to run benchmarks with high priority, make sure you have the right permissions.
// BeforeAnythingElse

// Benchmark Process Environment Information:
// BenchmarkDotNet v0.15.8
// Runtime=.NET 10.0.10 (10.0.10, 10.0.1026.32716), X64 RyuJIT x86-64-v3
// GC=Concurrent Workstation
// HardwareIntrinsics=AVX2+BMI1+BMI2+F16C+FMA+LZCNT+MOVBE,AVX,SSE3+SSSE3+SSE4.1+SSE4.2+POPCNT,X86Base+SSE+SSE2,AES+PCLMUL VectorSize=256
// Job: Quick(MaxRelativeError=0.05, IterationTime=250ms, MaxIterationCount=12, MaxWarmupIterationCount=5, MinIterationCount=8, MinWarmupIterationCount=3)

OverheadJitting  1: 1 op, 216717.00 ns, 216.7170 us/op
WorkloadJitting  1: 1 op, 67736671.00 ns, 67.7367 ms/op

WorkloadPilot    1: 4 op, 146986.00 ns, 36.7465 us/op
WorkloadPilot    2: 6803 op, 56428617.00 ns, 8.2947 us/op
WorkloadPilot    3: 30140 op, 261345706.00 ns, 8.6711 us/op
WorkloadPilot    4: 28832 op, 234872508.00 ns, 8.1462 us/op
WorkloadPilot    5: 30689 op, 69352428.00 ns, 2.2598 us/op
WorkloadPilot    6: 110627 op, 109512535.00 ns, 989.9259 ns/op
WorkloadPilot    7: 252544 op, 241238078.00 ns, 955.2319 ns/op
WorkloadPilot    8: 261717 op, 249810618.00 ns, 954.5067 ns/op
WorkloadPilot    9: 261915 op, 250614359.00 ns, 956.8538 ns/op
WorkloadPilot   10: 261273 op, 248493391.00 ns, 951.0871 ns/op
WorkloadPilot   11: 262857 op, 254569005.00 ns, 968.4696 ns/op

WorkloadWarmup   1: 262857 op, 250534719.00 ns, 953.1217 ns/op
WorkloadWarmup   2: 262857 op, 252879749.00 ns, 962.0430 ns/op
WorkloadWarmup   3: 262857 op, 252885219.00 ns, 962.0639 ns/op
WorkloadWarmup   4: 262857 op, 256510496.00 ns, 975.8557 ns/op
WorkloadWarmup   5: 262857 op, 254295381.00 ns, 967.4286 ns/op

// BeforeActualRun
WorkloadActual   1: 262857 op, 249000404.00 ns, 947.2847 ns/op
WorkloadActual   2: 262857 op, 254521411.00 ns, 968.2885 ns/op
WorkloadActual   3: 262857 op, 253031670.00 ns, 962.6210 ns/op
WorkloadActual   4: 262857 op, 252772712.00 ns, 961.6358 ns/op
WorkloadActual   5: 262857 op, 252513384.00 ns, 960.6493 ns/op
WorkloadActual   6: 262857 op, 252605227.00 ns, 960.9987 ns/op
WorkloadActual   7: 262857 op, 255823630.00 ns, 973.2426 ns/op
WorkloadActual   8: 262857 op, 252367350.00 ns, 960.0937 ns/op

// AfterActualRun
WorkloadResult   1: 262857 op, 249000404.00 ns, 947.2847 ns/op
WorkloadResult   2: 262857 op, 254521411.00 ns, 968.2885 ns/op
WorkloadResult   3: 262857 op, 253031670.00 ns, 962.6210 ns/op
WorkloadResult   4: 262857 op, 252772712.00 ns, 961.6358 ns/op
WorkloadResult   5: 262857 op, 252513384.00 ns, 960.6493 ns/op
WorkloadResult   6: 262857 op, 252605227.00 ns, 960.9987 ns/op
WorkloadResult   7: 262857 op, 252367350.00 ns, 960.0937 ns/op
// GC:  75 0 0 1259627160 262857
// Threading:  0 0 262857

// AfterAll
// Benchmark Process 3608 has exited with code 0.

Mean = 960.225 ns, StdErr = 2.395 ns (0.25%), N = 7, StdDev = 6.338 ns
Min = 947.285 ns, Q1 = 960.371 ns, Median = 960.999 ns, Q3 = 962.128 ns, Max = 968.289 ns
IQR = 1.757 ns, LowerFence = 957.736 ns, UpperFence = 964.764 ns
ConfidenceInterval = [945.951 ns; 974.498 ns] (CI 99.9%), Margin = 14.274 ns (1.49% of Mean)
Skewness = -0.91, Kurtosis = 2.86, MValue = 2

// ** Remained 22 (57.9 %) benchmark(s) to run. Estimated finish 2026-08-04 6:43 (0h 2m from now) **
// **************************
// Benchmark: EnumRoundTrip.ServiceStackText: Quick(MaxRelativeError=0.05, Arguments=/p:MatrixMode=Benchmark, IterationTime=250ms, MaxIterationCount=12, MaxWarmupIterationCount=5, MinIterationCount=8, MinWarmupIterationCount=3)
// *** Execute ***
// Launch: 1 / 1
// Execute: dotnet Matrix.JsonSerialization-Quick-1.dll --anonymousPipes 131 132 --benchmarkName Matrix.JsonSerialization.Benchmarks.EnumRoundTrip.ServiceStackText --job Quick --benchmarkId 16 in /home/runner/work/dotnet-matrix/dotnet-matrix/src/Matrix.JsonSerialization/bin/Benchmark/Release/net10.0/Matrix.JsonSerialization-Quick-1/bin/Release/net10.0
// Failed to set up high priority (Permission denied). In order to run benchmarks with high priority, make sure you have the right permissions.
// BeforeAnythingElse

// Benchmark Process Environment Information:
// BenchmarkDotNet v0.15.8
// Runtime=.NET 10.0.10 (10.0.10, 10.0.1026.32716), X64 RyuJIT x86-64-v3
// GC=Concurrent Workstation
// HardwareIntrinsics=AVX2+BMI1+BMI2+F16C+FMA+LZCNT+MOVBE,AVX,SSE3+SSSE3+SSE4.1+SSE4.2+POPCNT,X86Base+SSE+SSE2,AES+PCLMUL VectorSize=256
// Job: Quick(MaxRelativeError=0.05, IterationTime=250ms, MaxIterationCount=12, MaxWarmupIterationCount=5, MinIterationCount=8, MinWarmupIterationCount=3)

OverheadJitting  1: 1 op, 220254.00 ns, 220.2540 us/op
WorkloadJitting  1: 1 op, 56259844.00 ns, 56.2598 ms/op

WorkloadPilot    1: 4 op, 66796.00 ns, 16.6990 us/op
WorkloadPilot    2: 14971 op, 38615622.00 ns, 2.5794 us/op
WorkloadPilot    3: 96923 op, 293834404.00 ns, 3.0316 us/op
WorkloadPilot    4: 82464 op, 107884021.00 ns, 1.3083 us/op
WorkloadPilot    5: 191094 op, 64846803.00 ns, 339.3451 ns/op
WorkloadPilot    6: 736713 op, 250036285.00 ns, 339.3944 ns/op
WorkloadPilot    7: 736606 op, 256946601.00 ns, 348.8250 ns/op

WorkloadWarmup   1: 736606 op, 255375287.00 ns, 346.6918 ns/op
WorkloadWarmup   2: 736606 op, 251953632.00 ns, 342.0467 ns/op
WorkloadWarmup   3: 736606 op, 247995419.00 ns, 336.6731 ns/op
WorkloadWarmup   4: 736606 op, 248330859.00 ns, 337.1285 ns/op
WorkloadWarmup   5: 736606 op, 249498504.00 ns, 338.7136 ns/op

// BeforeActualRun
WorkloadActual   1: 736606 op, 248711174.00 ns, 337.6448 ns/op
WorkloadActual   2: 736606 op, 249025105.00 ns, 338.0710 ns/op
WorkloadActual   3: 736606 op, 247565940.00 ns, 336.0900 ns/op
WorkloadActual   4: 736606 op, 249514955.00 ns, 338.7360 ns/op
WorkloadActual   5: 736606 op, 248738876.00 ns, 337.6824 ns/op
WorkloadActual   6: 736606 op, 249601749.00 ns, 338.8538 ns/op
WorkloadActual   7: 736606 op, 248945054.00 ns, 337.9623 ns/op
WorkloadActual   8: 736606 op, 248973427.00 ns, 338.0008 ns/op

// AfterActualRun
WorkloadResult   1: 736606 op, 248711174.00 ns, 337.6448 ns/op
WorkloadResult   2: 736606 op, 249025105.00 ns, 338.0710 ns/op
WorkloadResult   3: 736606 op, 247565940.00 ns, 336.0900 ns/op
WorkloadResult   4: 736606 op, 249514955.00 ns, 338.7360 ns/op
WorkloadResult   5: 736606 op, 248738876.00 ns, 337.6824 ns/op
WorkloadResult   6: 736606 op, 249601749.00 ns, 338.8538 ns/op
WorkloadResult   7: 736606 op, 248945054.00 ns, 337.9623 ns/op
WorkloadResult   8: 736606 op, 248973427.00 ns, 338.0008 ns/op
// GC:  14 0 0 247507536 736606
// Threading:  0 0 736606

// AfterAll
// Benchmark Process 3620 has exited with code 0.

Mean = 337.880 ns, StdErr = 0.300 ns (0.09%), N = 8, StdDev = 0.848 ns
Min = 336.090 ns, Q1 = 337.673 ns, Median = 337.982 ns, Q3 = 338.237 ns, Max = 338.854 ns
IQR = 0.564 ns, LowerFence = 336.827 ns, UpperFence = 339.084 ns
ConfidenceInterval = [336.258 ns; 339.502 ns] (CI 99.9%), Margin = 1.622 ns (0.48% of Mean)
Skewness = -0.86, Kurtosis = 2.83, MValue = 2

// ** Remained 21 (55.3 %) benchmark(s) to run. Estimated finish 2026-08-04 6:43 (0h 1m from now) **
// **************************
// Benchmark: EnumRoundTrip.SystemTextJson: Quick(MaxRelativeError=0.05, Arguments=/p:MatrixMode=Benchmark, IterationTime=250ms, MaxIterationCount=12, MaxWarmupIterationCount=5, MinIterationCount=8, MinWarmupIterationCount=3)
// *** Execute ***
// Launch: 1 / 1
// Execute: dotnet Matrix.JsonSerialization-Quick-1.dll --anonymousPipes 131 132 --benchmarkName Matrix.JsonSerialization.Benchmarks.EnumRoundTrip.SystemTextJson --job Quick --benchmarkId 17 in /home/runner/work/dotnet-matrix/dotnet-matrix/src/Matrix.JsonSerialization/bin/Benchmark/Release/net10.0/Matrix.JsonSerialization-Quick-1/bin/Release/net10.0
// Failed to set up high priority (Permission denied). In order to run benchmarks with high priority, make sure you have the right permissions.
// BeforeAnythingElse

// Benchmark Process Environment Information:
// BenchmarkDotNet v0.15.8
// Runtime=.NET 10.0.10 (10.0.10, 10.0.1026.32716), X64 RyuJIT x86-64-v3
// GC=Concurrent Workstation
// HardwareIntrinsics=AVX2+BMI1+BMI2+F16C+FMA+LZCNT+MOVBE,AVX,SSE3+SSSE3+SSE4.1+SSE4.2+POPCNT,X86Base+SSE+SSE2,AES+PCLMUL VectorSize=256
// Job: Quick(MaxRelativeError=0.05, IterationTime=250ms, MaxIterationCount=12, MaxWarmupIterationCount=5, MinIterationCount=8, MinWarmupIterationCount=3)

OverheadJitting  1: 1 op, 218731.00 ns, 218.7310 us/op
WorkloadJitting  1: 1 op, 36421165.00 ns, 36.4212 ms/op

WorkloadPilot    1: 4 op, 83627.00 ns, 20.9068 us/op
WorkloadPilot    2: 11958 op, 17201230.00 ns, 1.4385 us/op
WorkloadPilot    3: 173796 op, 276002639.00 ns, 1.5881 us/op
WorkloadPilot    4: 157422 op, 248314527.00 ns, 1.5774 us/op
WorkloadPilot    5: 158491 op, 186892756.00 ns, 1.1792 us/op
WorkloadPilot    6: 212008 op, 76118651.00 ns, 359.0367 ns/op
WorkloadPilot    7: 696308 op, 232178213.00 ns, 333.4418 ns/op
WorkloadPilot    8: 749756 op, 249684867.00 ns, 333.0215 ns/op
WorkloadPilot    9: 750702 op, 250293301.00 ns, 333.4123 ns/op
WorkloadPilot   10: 749822 op, 249399700.00 ns, 332.6119 ns/op
WorkloadPilot   11: 751627 op, 250049533.00 ns, 332.6777 ns/op

WorkloadWarmup   1: 751627 op, 249433644.00 ns, 331.8583 ns/op
WorkloadWarmup   2: 751627 op, 251404661.00 ns, 334.4806 ns/op
WorkloadWarmup   3: 751627 op, 250293461.00 ns, 333.0022 ns/op
WorkloadWarmup   4: 751627 op, 266085611.00 ns, 354.0128 ns/op
WorkloadWarmup   5: 751627 op, 250682283.00 ns, 333.5195 ns/op

// BeforeActualRun
WorkloadActual   1: 751627 op, 250848165.00 ns, 333.7402 ns/op
WorkloadActual   2: 751627 op, 250485252.00 ns, 333.2574 ns/op
WorkloadActual   3: 751627 op, 252937424.00 ns, 336.5199 ns/op
WorkloadActual   4: 751627 op, 250830933.00 ns, 333.7173 ns/op
WorkloadActual   5: 751627 op, 250847083.00 ns, 333.7388 ns/op
WorkloadActual   6: 751627 op, 249942482.00 ns, 332.5353 ns/op
WorkloadActual   7: 751627 op, 251244511.00 ns, 334.2675 ns/op
WorkloadActual   8: 751627 op, 249538102.00 ns, 331.9973 ns/op

// AfterActualRun
WorkloadResult   1: 751627 op, 250848165.00 ns, 333.7402 ns/op
WorkloadResult   2: 751627 op, 250485252.00 ns, 333.2574 ns/op
WorkloadResult   3: 751627 op, 250830933.00 ns, 333.7173 ns/op
WorkloadResult   4: 751627 op, 250847083.00 ns, 333.7388 ns/op
WorkloadResult   5: 751627 op, 249942482.00 ns, 332.5353 ns/op
WorkloadResult   6: 751627 op, 251244511.00 ns, 334.2675 ns/op
WorkloadResult   7: 751627 op, 249538102.00 ns, 331.9973 ns/op
// GC:  3 0 0 66143176 751627
// Threading:  0 0 751627

// AfterAll
// Benchmark Process 3631 has exited with code 0.

Mean = 333.322 ns, StdErr = 0.300 ns (0.09%), N = 7, StdDev = 0.793 ns
Min = 331.997 ns, Q1 = 332.896 ns, Median = 333.717 ns, Q3 = 333.740 ns, Max = 334.268 ns
IQR = 0.843 ns, LowerFence = 331.632 ns, UpperFence = 335.004 ns
ConfidenceInterval = [331.535 ns; 335.109 ns] (CI 99.9%), Margin = 1.787 ns (0.54% of Mean)
Skewness = -0.5, Kurtosis = 1.57, MValue = 2

// ** Remained 20 (52.6 %) benchmark(s) to run. Estimated finish 2026-08-04 6:43 (0h 1m from now) **
// ***** BenchmarkRunner: Finish  *****

// * Export *
  tmp/dotnet-matrix/JsonSerialization/fcd578694c2d4ca285574943569cdd34/results/Matrix.JsonSerialization.Benchmarks.EnumRoundTrip-report.csv
  tmp/dotnet-matrix/JsonSerialization/fcd578694c2d4ca285574943569cdd34/results/Matrix.JsonSerialization.Benchmarks.EnumRoundTrip-report-github.md
  tmp/dotnet-matrix/JsonSerialization/fcd578694c2d4ca285574943569cdd34/results/Matrix.JsonSerialization.Benchmarks.EnumRoundTrip-report.html
  tmp/dotnet-matrix/JsonSerialization/fcd578694c2d4ca285574943569cdd34/results/Matrix.JsonSerialization.Benchmarks.EnumRoundTrip-report-full.json

// * Detailed results *
EnumRoundTrip.SystemTextJson: Quick(MaxRelativeError=0.05, Arguments=/p:MatrixMode=Benchmark, IterationTime=250ms, MaxIterationCount=12, MaxWarmupIterationCount=5, MinIterationCount=8, MinWarmupIterationCount=3)
Runtime = .NET 10.0.10 (10.0.10, 10.0.1026.32716), X64 RyuJIT x86-64-v3; GC = Concurrent Workstation
Mean = 333.322 ns, StdErr = 0.300 ns (0.09%), N = 7, StdDev = 0.793 ns
Min = 331.997 ns, Q1 = 332.896 ns, Median = 333.717 ns, Q3 = 333.740 ns, Max = 334.268 ns
IQR = 0.843 ns, LowerFence = 331.632 ns, UpperFence = 335.004 ns
ConfidenceInterval = [331.535 ns; 335.109 ns] (CI 99.9%), Margin = 1.787 ns (0.54% of Mean)
Skewness = -0.5, Kurtosis = 1.57, MValue = 2
-------------------- Histogram --------------------
[331.453 ns ; 334.812 ns) | @@@@@@@
---------------------------------------------------

EnumRoundTrip.ServiceStackText: Quick(MaxRelativeError=0.05, Arguments=/p:MatrixMode=Benchmark, IterationTime=250ms, MaxIterationCount=12, MaxWarmupIterationCount=5, MinIterationCount=8, MinWarmupIterationCount=3)
Runtime = .NET 10.0.10 (10.0.10, 10.0.1026.32716), X64 RyuJIT x86-64-v3; GC = Concurrent Workstation
Mean = 337.880 ns, StdErr = 0.300 ns (0.09%), N = 8, StdDev = 0.848 ns
Min = 336.090 ns, Q1 = 337.673 ns, Median = 337.982 ns, Q3 = 338.237 ns, Max = 338.854 ns
IQR = 0.564 ns, LowerFence = 336.827 ns, UpperFence = 339.084 ns
ConfidenceInterval = [336.258 ns; 339.502 ns] (CI 99.9%), Margin = 1.622 ns (0.48% of Mean)
Skewness = -0.86, Kurtosis = 2.83, MValue = 2
-------------------- Histogram --------------------
[335.533 ns ; 339.411 ns) | @@@@@@@@
---------------------------------------------------

EnumRoundTrip.NewtonsoftJson: Quick(MaxRelativeError=0.05, Arguments=/p:MatrixMode=Benchmark, IterationTime=250ms, MaxIterationCount=12, MaxWarmupIterationCount=5, MinIterationCount=8, MinWarmupIterationCount=3)
Runtime = .NET 10.0.10 (10.0.10, 10.0.1026.32716), X64 RyuJIT x86-64-v3; GC = Concurrent Workstation
Mean = 960.225 ns, StdErr = 2.395 ns (0.25%), N = 7, StdDev = 6.338 ns
Min = 947.285 ns, Q1 = 960.371 ns, Median = 960.999 ns, Q3 = 962.128 ns, Max = 968.289 ns
IQR = 1.757 ns, LowerFence = 957.736 ns, UpperFence = 964.764 ns
ConfidenceInterval = [945.951 ns; 974.498 ns] (CI 99.9%), Margin = 14.274 ns (1.49% of Mean)
Skewness = -0.91, Kurtosis = 2.86, MValue = 2
-------------------- Histogram --------------------
[942.936 ns ; 972.637 ns) | @@@@@@@
---------------------------------------------------

// * Summary *

BenchmarkDotNet v0.15.8, Linux Ubuntu 24.04.4 LTS (Noble Numbat)
AMD EPYC 7763 2.45GHz, 1 CPU, 4 logical and 2 physical cores
.NET SDK 10.0.302
  [Host] : .NET 10.0.10 (10.0.10, 10.0.1026.32716), X64 RyuJIT x86-64-v3
  Quick  : .NET 10.0.10 (10.0.10, 10.0.1026.32716), X64 RyuJIT x86-64-v3

Job=Quick  MaxRelativeError=0.05  Arguments=/p:MatrixMode=Benchmark  
IterationTime=250ms  MaxIterationCount=12  MaxWarmupIterationCount=5  
MinIterationCount=8  MinWarmupIterationCount=3  

| Method           | Mean     | Error    | StdDev  | Gen0   | Allocated |
|----------------- |---------:|---------:|--------:|-------:|----------:|
| SystemTextJson   | 333.3 ns |  1.79 ns | 0.79 ns | 0.0040 |      88 B |
| ServiceStackText | 337.9 ns |  1.62 ns | 0.85 ns | 0.0190 |     336 B |
| NewtonsoftJson   | 960.2 ns | 14.27 ns | 6.34 ns | 0.2853 |    4792 B |

// * Hints *
Outliers
  EnumRoundTrip.SystemTextJson: Quick   -> 1 outlier  was  removed (336.52 ns)
  EnumRoundTrip.ServiceStackText: Quick -> 1 outlier  was  detected (336.09 ns)
  EnumRoundTrip.NewtonsoftJson: Quick   -> 1 outlier  was  removed, 2 outliers were detected (947.28 ns, 973.24 ns)

// * Legends *
  Mean      : Arithmetic mean of all measurements
  Error     : Half of 99.9% confidence interval
  StdDev    : Standard deviation of all measurements
  Gen0      : GC Generation 0 collects per 1000 operations
  Allocated : Allocated memory per single operation (managed only, inclusive, 1KB = 1024B)
  1 ns      : 1 Nanosecond (0.000000001 sec)

// * Diagnostic Output - MemoryDiagnoser *


// ***** BenchmarkRunner: End *****
Run time: 00:00:16 (16.37 sec), executed benchmarks: 3

// Found 2 benchmarks:
//   PolymorphicRoundTrip.NewtonsoftJson: Quick(MaxRelativeError=0.05, Arguments=/p:MatrixMode=Benchmark, IterationTime=250ms, MaxIterationCount=12, MaxWarmupIterationCount=5, MinIterationCount=8, MinWarmupIterationCount=3)
//   PolymorphicRoundTrip.SystemTextJson: Quick(MaxRelativeError=0.05, Arguments=/p:MatrixMode=Benchmark, IterationTime=250ms, MaxIterationCount=12, MaxWarmupIterationCount=5, MinIterationCount=8, MinWarmupIterationCount=3)

// **************************
// Benchmark: PolymorphicRoundTrip.NewtonsoftJson: Quick(MaxRelativeError=0.05, Arguments=/p:MatrixMode=Benchmark, IterationTime=250ms, MaxIterationCount=12, MaxWarmupIterationCount=5, MinIterationCount=8, MinWarmupIterationCount=3)
// *** Execute ***
// Launch: 1 / 1
// Execute: dotnet Matrix.JsonSerialization-Quick-1.dll --anonymousPipes 131 132 --benchmarkName Matrix.JsonSerialization.Benchmarks.PolymorphicRoundTrip.NewtonsoftJson --job Quick --benchmarkId 18 in /home/runner/work/dotnet-matrix/dotnet-matrix/src/Matrix.JsonSerialization/bin/Benchmark/Release/net10.0/Matrix.JsonSerialization-Quick-1/bin/Release/net10.0
// Failed to set up high priority (Permission denied). In order to run benchmarks with high priority, make sure you have the right permissions.
// BeforeAnythingElse

// Benchmark Process Environment Information:
// BenchmarkDotNet v0.15.8
// Runtime=.NET 10.0.10 (10.0.10, 10.0.1026.32716), X64 RyuJIT x86-64-v3
// GC=Concurrent Workstation
// HardwareIntrinsics=AVX2+BMI1+BMI2+F16C+FMA+LZCNT+MOVBE,AVX,SSE3+SSSE3+SSE4.1+SSE4.2+POPCNT,X86Base+SSE+SSE2,AES+PCLMUL VectorSize=256
// Job: Quick(MaxRelativeError=0.05, IterationTime=250ms, MaxIterationCount=12, MaxWarmupIterationCount=5, MinIterationCount=8, MinWarmupIterationCount=3)

OverheadJitting  1: 1 op, 219022.00 ns, 219.0220 us/op
WorkloadJitting  1: 1 op, 80653982.00 ns, 80.6540 ms/op

WorkloadPilot    1: 4 op, 209364.00 ns, 52.3410 us/op
WorkloadPilot    2: 4776 op, 133528880.00 ns, 27.9583 us/op
WorkloadPilot    3: 8942 op, 342858092.00 ns, 38.3424 us/op
WorkloadPilot    4: 6520 op, 143279467.00 ns, 21.9754 us/op
WorkloadPilot    5: 11376 op, 133823685.00 ns, 11.7637 us/op
WorkloadPilot    6: 21252 op, 104794130.00 ns, 4.9310 us/op
WorkloadPilot    7: 50699 op, 190126148.00 ns, 3.7501 us/op
WorkloadPilot    8: 66665 op, 254567419.00 ns, 3.8186 us/op
WorkloadPilot    9: 65469 op, 249588446.00 ns, 3.8123 us/op
WorkloadPilot   10: 65577 op, 248371467.00 ns, 3.7875 us/op
WorkloadPilot   11: 66007 op, 248707749.00 ns, 3.7679 us/op
WorkloadPilot   12: 66350 op, 251431482.00 ns, 3.7895 us/op

WorkloadWarmup   1: 66350 op, 250262223.00 ns, 3.7718 us/op
WorkloadWarmup   2: 66350 op, 253549344.00 ns, 3.8214 us/op
WorkloadWarmup   3: 66350 op, 251846452.00 ns, 3.7957 us/op
WorkloadWarmup   4: 66350 op, 252103230.00 ns, 3.7996 us/op
WorkloadWarmup   5: 66350 op, 252187338.00 ns, 3.8009 us/op

// BeforeActualRun
WorkloadActual   1: 66350 op, 253366325.00 ns, 3.8186 us/op
WorkloadActual   2: 66350 op, 252322212.00 ns, 3.8029 us/op
WorkloadActual   3: 66350 op, 250753181.00 ns, 3.7792 us/op
WorkloadActual   4: 66350 op, 251749044.00 ns, 3.7943 us/op
WorkloadActual   5: 66350 op, 252729878.00 ns, 3.8090 us/op
WorkloadActual   6: 66350 op, 250192406.00 ns, 3.7708 us/op
WorkloadActual   7: 66350 op, 251088071.00 ns, 3.7843 us/op
WorkloadActual   8: 66350 op, 250923230.00 ns, 3.7818 us/op

// AfterActualRun
WorkloadResult   1: 66350 op, 253366325.00 ns, 3.8186 us/op
WorkloadResult   2: 66350 op, 252322212.00 ns, 3.8029 us/op
WorkloadResult   3: 66350 op, 250753181.00 ns, 3.7792 us/op
WorkloadResult   4: 66350 op, 251749044.00 ns, 3.7943 us/op
WorkloadResult   5: 66350 op, 252729878.00 ns, 3.8090 us/op
WorkloadResult   6: 66350 op, 250192406.00 ns, 3.7708 us/op
WorkloadResult   7: 66350 op, 251088071.00 ns, 3.7843 us/op
WorkloadResult   8: 66350 op, 250923230.00 ns, 3.7818 us/op
// GC:  31 0 0 529207600 66350
// Threading:  0 0 66350

// AfterAll
// Benchmark Process 3641 has exited with code 0.

Mean = 3.793 μs, StdErr = 0.006 μs (0.15%), N = 8, StdDev = 0.016 μs
Min = 3.771 μs, Q1 = 3.781 μs, Median = 3.789 μs, Q3 = 3.804 μs, Max = 3.819 μs
IQR = 0.023 μs, LowerFence = 3.746 μs, UpperFence = 3.839 μs
ConfidenceInterval = [3.761 μs; 3.824 μs] (CI 99.9%), Margin = 0.031 μs (0.83% of Mean)
Skewness = 0.24, Kurtosis = 1.4, MValue = 2

// ** Remained 19 (50.0 %) benchmark(s) to run. Estimated finish 2026-08-04 6:43 (0h 1m from now) **
// **************************
// Benchmark: PolymorphicRoundTrip.SystemTextJson: Quick(MaxRelativeError=0.05, Arguments=/p:MatrixMode=Benchmark, IterationTime=250ms, MaxIterationCount=12, MaxWarmupIterationCount=5, MinIterationCount=8, MinWarmupIterationCount=3)
// *** Execute ***
// Launch: 1 / 1
// Execute: dotnet Matrix.JsonSerialization-Quick-1.dll --anonymousPipes 131 132 --benchmarkName Matrix.JsonSerialization.Benchmarks.PolymorphicRoundTrip.SystemTextJson --job Quick --benchmarkId 19 in /home/runner/work/dotnet-matrix/dotnet-matrix/src/Matrix.JsonSerialization/bin/Benchmark/Release/net10.0/Matrix.JsonSerialization-Quick-1/bin/Release/net10.0
// Failed to set up high priority (Permission denied). In order to run benchmarks with high priority, make sure you have the right permissions.
// BeforeAnythingElse

// Benchmark Process Environment Information:
// BenchmarkDotNet v0.15.8
// Runtime=.NET 10.0.10 (10.0.10, 10.0.1026.32716), X64 RyuJIT x86-64-v3
// GC=Concurrent Workstation
// HardwareIntrinsics=AVX2+BMI1+BMI2+F16C+FMA+LZCNT+MOVBE,AVX,SSE3+SSSE3+SSE4.1+SSE4.2+POPCNT,X86Base+SSE+SSE2,AES+PCLMUL VectorSize=256
// Job: Quick(MaxRelativeError=0.05, IterationTime=250ms, MaxIterationCount=12, MaxWarmupIterationCount=5, MinIterationCount=8, MinWarmupIterationCount=3)

OverheadJitting  1: 1 op, 220544.00 ns, 220.5440 us/op
WorkloadJitting  1: 1 op, 37481519.00 ns, 37.4815 ms/op

WorkloadPilot    1: 4 op, 184667.00 ns, 46.1668 us/op
WorkloadPilot    2: 5415 op, 42694643.00 ns, 7.8845 us/op
WorkloadPilot    3: 31708 op, 248439399.00 ns, 7.8352 us/op
WorkloadPilot    4: 31907 op, 213008727.00 ns, 6.6759 us/op
WorkloadPilot    5: 37448 op, 259436020.00 ns, 6.9279 us/op
WorkloadPilot    6: 36086 op, 273197811.00 ns, 7.5707 us/op
WorkloadPilot    7: 33022 op, 149548774.00 ns, 4.5288 us/op
WorkloadPilot    8: 55203 op, 108220852.00 ns, 1.9604 us/op
WorkloadPilot    9: 127524 op, 228937474.00 ns, 1.7953 us/op
WorkloadPilot   10: 139256 op, 252996941.00 ns, 1.8168 us/op

WorkloadWarmup   1: 139256 op, 249786002.00 ns, 1.7937 us/op
WorkloadWarmup   2: 139256 op, 252370994.00 ns, 1.8123 us/op
WorkloadWarmup   3: 139256 op, 252738876.00 ns, 1.8149 us/op
WorkloadWarmup   4: 139256 op, 253435335.00 ns, 1.8199 us/op
WorkloadWarmup   5: 139256 op, 256573436.00 ns, 1.8425 us/op

// BeforeActualRun
WorkloadActual   1: 139256 op, 251787496.00 ns, 1.8081 us/op
WorkloadActual   2: 139256 op, 253151210.00 ns, 1.8179 us/op
WorkloadActual   3: 139256 op, 257730442.00 ns, 1.8508 us/op
WorkloadActual   4: 139256 op, 266558645.00 ns, 1.9142 us/op
WorkloadActual   5: 139256 op, 255547307.00 ns, 1.8351 us/op
WorkloadActual   6: 139256 op, 251458357.00 ns, 1.8057 us/op
WorkloadActual   7: 139256 op, 252245938.00 ns, 1.8114 us/op
WorkloadActual   8: 139256 op, 251817756.00 ns, 1.8083 us/op

// AfterActualRun
WorkloadResult   1: 139256 op, 251787496.00 ns, 1.8081 us/op
WorkloadResult   2: 139256 op, 253151210.00 ns, 1.8179 us/op
WorkloadResult   3: 139256 op, 257730442.00 ns, 1.8508 us/op
WorkloadResult   4: 139256 op, 255547307.00 ns, 1.8351 us/op
WorkloadResult   5: 139256 op, 251458357.00 ns, 1.8057 us/op
WorkloadResult   6: 139256 op, 252245938.00 ns, 1.8114 us/op
WorkloadResult   7: 139256 op, 251817756.00 ns, 1.8083 us/op
// GC:  11 0 0 188274112 139256
// Threading:  0 0 139256

// AfterAll
// Benchmark Process 3655 has exited with code 0.

Mean = 1.820 μs, StdErr = 0.006 μs (0.35%), N = 7, StdDev = 0.017 μs
Min = 1.806 μs, Q1 = 1.808 μs, Median = 1.811 μs, Q3 = 1.826 μs, Max = 1.851 μs
IQR = 0.018 μs, LowerFence = 1.781 μs, UpperFence = 1.854 μs
ConfidenceInterval = [1.781 μs; 1.858 μs] (CI 99.9%), Margin = 0.038 μs (2.10% of Mean)
Skewness = 0.81, Kurtosis = 1.84, MValue = 2

// ** Remained 18 (47.4 %) benchmark(s) to run. Estimated finish 2026-08-04 6:43 (0h 1m from now) **
// ***** BenchmarkRunner: Finish  *****

// * Export *
  tmp/dotnet-matrix/JsonSerialization/fcd578694c2d4ca285574943569cdd34/results/Matrix.JsonSerialization.Benchmarks.PolymorphicRoundTrip-report.csv
  tmp/dotnet-matrix/JsonSerialization/fcd578694c2d4ca285574943569cdd34/results/Matrix.JsonSerialization.Benchmarks.PolymorphicRoundTrip-report-github.md
  tmp/dotnet-matrix/JsonSerialization/fcd578694c2d4ca285574943569cdd34/results/Matrix.JsonSerialization.Benchmarks.PolymorphicRoundTrip-report.html
  tmp/dotnet-matrix/JsonSerialization/fcd578694c2d4ca285574943569cdd34/results/Matrix.JsonSerialization.Benchmarks.PolymorphicRoundTrip-report-full.json

// * Detailed results *
PolymorphicRoundTrip.SystemTextJson: Quick(MaxRelativeError=0.05, Arguments=/p:MatrixMode=Benchmark, IterationTime=250ms, MaxIterationCount=12, MaxWarmupIterationCount=5, MinIterationCount=8, MinWarmupIterationCount=3)
Runtime = .NET 10.0.10 (10.0.10, 10.0.1026.32716), X64 RyuJIT x86-64-v3; GC = Concurrent Workstation
Mean = 1.820 μs, StdErr = 0.006 μs (0.35%), N = 7, StdDev = 0.017 μs
Min = 1.806 μs, Q1 = 1.808 μs, Median = 1.811 μs, Q3 = 1.826 μs, Max = 1.851 μs
IQR = 0.018 μs, LowerFence = 1.781 μs, UpperFence = 1.854 μs
ConfidenceInterval = [1.781 μs; 1.858 μs] (CI 99.9%), Margin = 0.038 μs (2.10% of Mean)
Skewness = 0.81, Kurtosis = 1.84, MValue = 2
-------------------- Histogram --------------------
[1.794 μs ; 1.862 μs) | @@@@@@@
---------------------------------------------------

PolymorphicRoundTrip.NewtonsoftJson: Quick(MaxRelativeError=0.05, Arguments=/p:MatrixMode=Benchmark, IterationTime=250ms, MaxIterationCount=12, MaxWarmupIterationCount=5, MinIterationCount=8, MinWarmupIterationCount=3)
Runtime = .NET 10.0.10 (10.0.10, 10.0.1026.32716), X64 RyuJIT x86-64-v3; GC = Concurrent Workstation
Mean = 3.793 μs, StdErr = 0.006 μs (0.15%), N = 8, StdDev = 0.016 μs
Min = 3.771 μs, Q1 = 3.781 μs, Median = 3.789 μs, Q3 = 3.804 μs, Max = 3.819 μs
IQR = 0.023 μs, LowerFence = 3.746 μs, UpperFence = 3.839 μs
ConfidenceInterval = [3.761 μs; 3.824 μs] (CI 99.9%), Margin = 0.031 μs (0.83% of Mean)
Skewness = 0.24, Kurtosis = 1.4, MValue = 2
-------------------- Histogram --------------------
[3.760 μs ; 3.829 μs) | @@@@@@@@
---------------------------------------------------

// * Summary *

BenchmarkDotNet v0.15.8, Linux Ubuntu 24.04.4 LTS (Noble Numbat)
AMD EPYC 7763 2.45GHz, 1 CPU, 4 logical and 2 physical cores
.NET SDK 10.0.302
  [Host] : .NET 10.0.10 (10.0.10, 10.0.1026.32716), X64 RyuJIT x86-64-v3
  Quick  : .NET 10.0.10 (10.0.10, 10.0.1026.32716), X64 RyuJIT x86-64-v3

Job=Quick  MaxRelativeError=0.05  Arguments=/p:MatrixMode=Benchmark  
IterationTime=250ms  MaxIterationCount=12  MaxWarmupIterationCount=5  
MinIterationCount=8  MinWarmupIterationCount=3  

| Method         | Mean     | Error     | StdDev    | Gen0   | Allocated |
|--------------- |---------:|----------:|----------:|-------:|----------:|
| SystemTextJson | 1.820 μs | 0.0383 μs | 0.0170 μs | 0.0790 |   1.32 KB |
| NewtonsoftJson | 3.793 μs | 0.0315 μs | 0.0165 μs | 0.4672 |   7.79 KB |

// * Hints *
Outliers
  PolymorphicRoundTrip.SystemTextJson: Quick -> 1 outlier  was  removed (1.91 μs)

// * Legends *
  Mean      : Arithmetic mean of all measurements
  Error     : Half of 99.9% confidence interval
  StdDev    : Standard deviation of all measurements
  Gen0      : GC Generation 0 collects per 1000 operations
  Allocated : Allocated memory per single operation (managed only, inclusive, 1KB = 1024B)
  1 μs      : 1 Microsecond (0.000001 sec)

// * Diagnostic Output - MemoryDiagnoser *


// ***** BenchmarkRunner: End *****
Run time: 00:00:11 (11.7 sec), executed benchmarks: 2

// Found 2 benchmarks:
//   PrepareSerializer.NewtonsoftJson: Quick(MaxRelativeError=0.05, Arguments=/p:MatrixMode=Benchmark, IterationTime=250ms, MaxIterationCount=12, MaxWarmupIterationCount=5, MinIterationCount=8, MinWarmupIterationCount=3)
//   PrepareSerializer.SystemTextJson: Quick(MaxRelativeError=0.05, Arguments=/p:MatrixMode=Benchmark, IterationTime=250ms, MaxIterationCount=12, MaxWarmupIterationCount=5, MinIterationCount=8, MinWarmupIterationCount=3)

// **************************
// Benchmark: PrepareSerializer.NewtonsoftJson: Quick(MaxRelativeError=0.05, Arguments=/p:MatrixMode=Benchmark, IterationTime=250ms, MaxIterationCount=12, MaxWarmupIterationCount=5, MinIterationCount=8, MinWarmupIterationCount=3)
// *** Execute ***
// Launch: 1 / 1
// Execute: dotnet Matrix.JsonSerialization-Quick-1.dll --anonymousPipes 131 132 --benchmarkName Matrix.JsonSerialization.Benchmarks.PrepareSerializer.NewtonsoftJson --job Quick --benchmarkId 20 in /home/runner/work/dotnet-matrix/dotnet-matrix/src/Matrix.JsonSerialization/bin/Benchmark/Release/net10.0/Matrix.JsonSerialization-Quick-1/bin/Release/net10.0
// Failed to set up high priority (Permission denied). In order to run benchmarks with high priority, make sure you have the right permissions.
// BeforeAnythingElse

// Benchmark Process Environment Information:
// BenchmarkDotNet v0.15.8
// Runtime=.NET 10.0.10 (10.0.10, 10.0.1026.32716), X64 RyuJIT x86-64-v3
// GC=Concurrent Workstation
// HardwareIntrinsics=AVX2+BMI1+BMI2+F16C+FMA+LZCNT+MOVBE,AVX,SSE3+SSSE3+SSE4.1+SSE4.2+POPCNT,X86Base+SSE+SSE2,AES+PCLMUL VectorSize=256
// Job: Quick(MaxRelativeError=0.05, IterationTime=250ms, MaxIterationCount=12, MaxWarmupIterationCount=5, MinIterationCount=8, MinWarmupIterationCount=3)

OverheadJitting  1: 1 op, 221757.00 ns, 221.7570 us/op
WorkloadJitting  1: 1 op, 32786610.00 ns, 32.7866 ms/op

WorkloadPilot    1: 4 op, 623533.00 ns, 155.8833 us/op
WorkloadPilot    2: 1604 op, 152606241.00 ns, 95.1410 us/op
WorkloadPilot    3: 2628 op, 274155962.00 ns, 104.3211 us/op
WorkloadPilot    4: 2396 op, 255537266.00 ns, 106.6516 us/op
WorkloadPilot    5: 2344 op, 260069069.00 ns, 110.9510 us/op

WorkloadWarmup   1: 2344 op, 265900637.00 ns, 113.4388 us/op
WorkloadWarmup   2: 2344 op, 247825152.00 ns, 105.7275 us/op
WorkloadWarmup   3: 2344 op, 243749468.00 ns, 103.9887 us/op
WorkloadWarmup   4: 2344 op, 239192077.00 ns, 102.0444 us/op
WorkloadWarmup   5: 2344 op, 232098927.00 ns, 99.0183 us/op

// BeforeActualRun
WorkloadActual   1: 2344 op, 233691723.00 ns, 99.6978 us/op
WorkloadActual   2: 2344 op, 228077855.00 ns, 97.3028 us/op
WorkloadActual   3: 2344 op, 216096923.00 ns, 92.1915 us/op
WorkloadActual   4: 2344 op, 155293803.00 ns, 66.2516 us/op
WorkloadActual   5: 2344 op, 115785873.00 ns, 49.3967 us/op
WorkloadActual   6: 2344 op, 114336467.00 ns, 48.7784 us/op
WorkloadActual   7: 2344 op, 107380175.00 ns, 45.8107 us/op
WorkloadActual   8: 2344 op, 93682364.00 ns, 39.9669 us/op
WorkloadActual   9: 2344 op, 77046658.00 ns, 32.8697 us/op
WorkloadActual  10: 2344 op, 73463349.00 ns, 31.3410 us/op
WorkloadActual  11: 2344 op, 72713178.00 ns, 31.0210 us/op
WorkloadActual  12: 2344 op, 72717016.00 ns, 31.0226 us/op

// AfterActualRun
WorkloadResult   1: 2344 op, 233691723.00 ns, 99.6978 us/op
WorkloadResult   2: 2344 op, 228077855.00 ns, 97.3028 us/op
WorkloadResult   3: 2344 op, 216096923.00 ns, 92.1915 us/op
WorkloadResult   4: 2344 op, 155293803.00 ns, 66.2516 us/op
WorkloadResult   5: 2344 op, 115785873.00 ns, 49.3967 us/op
WorkloadResult   6: 2344 op, 114336467.00 ns, 48.7784 us/op
WorkloadResult   7: 2344 op, 107380175.00 ns, 45.8107 us/op
WorkloadResult   8: 2344 op, 93682364.00 ns, 39.9669 us/op
WorkloadResult   9: 2344 op, 77046658.00 ns, 32.8697 us/op
WorkloadResult  10: 2344 op, 73463349.00 ns, 31.3410 us/op
WorkloadResult  11: 2344 op, 72713178.00 ns, 31.0210 us/op
WorkloadResult  12: 2344 op, 72717016.00 ns, 31.0226 us/op
// GC:  1 0 0 27756792 2344
// Threading:  0 0 2344

// AfterAll
// Benchmark Process 3667 has exited with code 0.

Mean = 55.471 μs, StdErr = 7.724 μs (13.92%), N = 12, StdDev = 26.756 μs
Min = 31.021 μs, Q1 = 32.488 μs, Median = 47.295 μs, Q3 = 72.737 μs, Max = 99.698 μs
IQR = 40.249 μs, LowerFence = -27.886 μs, UpperFence = 133.110 μs
ConfidenceInterval = [21.201 μs; 89.741 μs] (CI 99.9%), Margin = 34.270 μs (61.78% of Mean)
Skewness = 0.65, Kurtosis = 1.64, MValue = 2.5

// ** Remained 17 (44.7 %) benchmark(s) to run. Estimated finish 2026-08-04 6:43 (0h 1m from now) **
// **************************
// Benchmark: PrepareSerializer.SystemTextJson: Quick(MaxRelativeError=0.05, Arguments=/p:MatrixMode=Benchmark, IterationTime=250ms, MaxIterationCount=12, MaxWarmupIterationCount=5, MinIterationCount=8, MinWarmupIterationCount=3)
// *** Execute ***
// Launch: 1 / 1
// Execute: dotnet Matrix.JsonSerialization-Quick-1.dll --anonymousPipes 131 132 --benchmarkName Matrix.JsonSerialization.Benchmarks.PrepareSerializer.SystemTextJson --job Quick --benchmarkId 21 in /home/runner/work/dotnet-matrix/dotnet-matrix/src/Matrix.JsonSerialization/bin/Benchmark/Release/net10.0/Matrix.JsonSerialization-Quick-1/bin/Release/net10.0
// Failed to set up high priority (Permission denied). In order to run benchmarks with high priority, make sure you have the right permissions.
// BeforeAnythingElse

// Benchmark Process Environment Information:
// BenchmarkDotNet v0.15.8
// Runtime=.NET 10.0.10 (10.0.10, 10.0.1026.32716), X64 RyuJIT x86-64-v3
// GC=Concurrent Workstation
// HardwareIntrinsics=AVX2+BMI1+BMI2+F16C+FMA+LZCNT+MOVBE,AVX,SSE3+SSSE3+SSE4.1+SSE4.2+POPCNT,X86Base+SSE+SSE2,AES+PCLMUL VectorSize=256
// Job: Quick(MaxRelativeError=0.05, IterationTime=250ms, MaxIterationCount=12, MaxWarmupIterationCount=5, MinIterationCount=8, MinWarmupIterationCount=3)

OverheadJitting  1: 1 op, 224462.00 ns, 224.4620 us/op
WorkloadJitting  1: 1 op, 15196289.00 ns, 15.1963 ms/op

OverheadJitting  2: 16 op, 473680.00 ns, 29.6050 us/op
WorkloadJitting  2: 16 op, 2376129.00 ns, 148.5081 us/op

WorkloadPilot    1: 16 op, 1392519.00 ns, 87.0324 us/op
WorkloadPilot    2: 2880 op, 119151353.00 ns, 41.3720 us/op
WorkloadPilot    3: 6048 op, 252208606.00 ns, 41.7012 us/op
WorkloadPilot    4: 6000 op, 268569155.00 ns, 44.7615 us/op
WorkloadPilot    5: 5600 op, 273458540.00 ns, 48.8319 us/op

OverheadWarmup   1: 5600 op, 37661.00 ns, 6.7252 ns/op
OverheadWarmup   2: 5600 op, 33764.00 ns, 6.0293 ns/op
OverheadWarmup   3: 5600 op, 35216.00 ns, 6.2886 ns/op
OverheadWarmup   4: 5600 op, 32561.00 ns, 5.8145 ns/op
OverheadWarmup   5: 5600 op, 35557.00 ns, 6.3495 ns/op
OverheadWarmup   6: 5600 op, 35066.00 ns, 6.2618 ns/op

OverheadActual   1: 5600 op, 41318.00 ns, 7.3782 ns/op
OverheadActual   2: 5600 op, 39334.00 ns, 7.0239 ns/op
OverheadActual   3: 5600 op, 38953.00 ns, 6.9559 ns/op
OverheadActual   4: 5600 op, 39184.00 ns, 6.9971 ns/op
OverheadActual   5: 5600 op, 39214.00 ns, 7.0025 ns/op
OverheadActual   6: 5600 op, 40887.00 ns, 7.3013 ns/op
OverheadActual   7: 5600 op, 38953.00 ns, 6.9559 ns/op
OverheadActual   8: 5600 op, 41518.00 ns, 7.4139 ns/op
OverheadActual   9: 5600 op, 38983.00 ns, 6.9613 ns/op

WorkloadWarmup   1: 5600 op, 300511547.00 ns, 53.6628 us/op
WorkloadWarmup   2: 5600 op, 287273792.00 ns, 51.2989 us/op
WorkloadWarmup   3: 5600 op, 280798114.00 ns, 50.1425 us/op
WorkloadWarmup   4: 5600 op, 278406345.00 ns, 49.7154 us/op
WorkloadWarmup   5: 5600 op, 257541065.00 ns, 45.9895 us/op

// BeforeActualRun
WorkloadActual   1: 5600 op, 202735385.00 ns, 36.2027 us/op
WorkloadActual   2: 5600 op, 156671605.00 ns, 27.9771 us/op
WorkloadActual   3: 5600 op, 147834555.00 ns, 26.3990 us/op
WorkloadActual   4: 5600 op, 141343587.00 ns, 25.2399 us/op
WorkloadActual   5: 5600 op, 123728670.00 ns, 22.0944 us/op
WorkloadActual   6: 5600 op, 111063922.00 ns, 19.8328 us/op
WorkloadActual   7: 5600 op, 108019207.00 ns, 19.2891 us/op
WorkloadActual   8: 5600 op, 105950702.00 ns, 18.9198 us/op
WorkloadActual   9: 5600 op, 93415251.00 ns, 16.6813 us/op
WorkloadActual  10: 5600 op, 90309201.00 ns, 16.1266 us/op
WorkloadActual  11: 5600 op, 89482427.00 ns, 15.9790 us/op
WorkloadActual  12: 5600 op, 90327596.00 ns, 16.1299 us/op

// AfterActualRun
WorkloadResult   1: 5600 op, 202696171.00 ns, 36.1957 us/op
WorkloadResult   2: 5600 op, 156632391.00 ns, 27.9701 us/op
WorkloadResult   3: 5600 op, 147795341.00 ns, 26.3920 us/op
WorkloadResult   4: 5600 op, 141304373.00 ns, 25.2329 us/op
WorkloadResult   5: 5600 op, 123689456.00 ns, 22.0874 us/op
WorkloadResult   6: 5600 op, 111024708.00 ns, 19.8258 us/op
WorkloadResult   7: 5600 op, 107979993.00 ns, 19.2821 us/op
WorkloadResult   8: 5600 op, 105911488.00 ns, 18.9128 us/op
WorkloadResult   9: 5600 op, 93376037.00 ns, 16.6743 us/op
WorkloadResult  10: 5600 op, 90269987.00 ns, 16.1196 us/op
WorkloadResult  11: 5600 op, 89443213.00 ns, 15.9720 us/op
WorkloadResult  12: 5600 op, 90288382.00 ns, 16.1229 us/op
// GC:  2 0 0 42708168 5600
// Threading:  0 0 5600

// AfterAll
// Benchmark Process 3677 has exited with code 0.

Mean = 21.732 μs, StdErr = 1.787 μs (8.22%), N = 12, StdDev = 6.190 μs
Min = 15.972 μs, Q1 = 16.536 μs, Median = 19.554 μs, Q3 = 25.523 μs, Max = 36.196 μs
IQR = 8.986 μs, LowerFence = 3.057 μs, UpperFence = 39.002 μs
ConfidenceInterval = [13.804 μs; 29.661 μs] (CI 99.9%), Margin = 7.929 μs (36.48% of Mean)
Skewness = 0.95, Kurtosis = 2.82, MValue = 2.25

// ** Remained 16 (42.1 %) benchmark(s) to run. Estimated finish 2026-08-04 6:43 (0h 1m from now) **
// ***** BenchmarkRunner: Finish  *****

// * Export *
  tmp/dotnet-matrix/JsonSerialization/fcd578694c2d4ca285574943569cdd34/results/Matrix.JsonSerialization.Benchmarks.PrepareSerializer-report.csv
  tmp/dotnet-matrix/JsonSerialization/fcd578694c2d4ca285574943569cdd34/results/Matrix.JsonSerialization.Benchmarks.PrepareSerializer-report-github.md
  tmp/dotnet-matrix/JsonSerialization/fcd578694c2d4ca285574943569cdd34/results/Matrix.JsonSerialization.Benchmarks.PrepareSerializer-report.html
  tmp/dotnet-matrix/JsonSerialization/fcd578694c2d4ca285574943569cdd34/results/Matrix.JsonSerialization.Benchmarks.PrepareSerializer-report-full.json

// * Detailed results *
PrepareSerializer.SystemTextJson: Quick(MaxRelativeError=0.05, Arguments=/p:MatrixMode=Benchmark, IterationTime=250ms, MaxIterationCount=12, MaxWarmupIterationCount=5, MinIterationCount=8, MinWarmupIterationCount=3)
Runtime = .NET 10.0.10 (10.0.10, 10.0.1026.32716), X64 RyuJIT x86-64-v3; GC = Concurrent Workstation
Mean = 21.732 μs, StdErr = 1.787 μs (8.22%), N = 12, StdDev = 6.190 μs
Min = 15.972 μs, Q1 = 16.536 μs, Median = 19.554 μs, Q3 = 25.523 μs, Max = 36.196 μs
IQR = 8.986 μs, LowerFence = 3.057 μs, UpperFence = 39.002 μs
ConfidenceInterval = [13.804 μs; 29.661 μs] (CI 99.9%), Margin = 7.929 μs (36.48% of Mean)
Skewness = 0.95, Kurtosis = 2.82, MValue = 2.25
-------------------- Histogram --------------------
[15.481 μs ; 22.579 μs) | @@@@@@@@
[22.579 μs ; 30.150 μs) | @@@
[30.150 μs ; 32.647 μs) | 
[32.647 μs ; 39.745 μs) | @
---------------------------------------------------

PrepareSerializer.NewtonsoftJson: Quick(MaxRelativeError=0.05, Arguments=/p:MatrixMode=Benchmark, IterationTime=250ms, MaxIterationCount=12, MaxWarmupIterationCount=5, MinIterationCount=8, MinWarmupIterationCount=3)
Runtime = .NET 10.0.10 (10.0.10, 10.0.1026.32716), X64 RyuJIT x86-64-v3; GC = Concurrent Workstation
Mean = 55.471 μs, StdErr = 7.724 μs (13.92%), N = 12, StdDev = 26.756 μs
Min = 31.021 μs, Q1 = 32.488 μs, Median = 47.295 μs, Q3 = 72.737 μs, Max = 99.698 μs
IQR = 40.249 μs, LowerFence = -27.886 μs, UpperFence = 133.110 μs
ConfidenceInterval = [21.201 μs; 89.741 μs] (CI 99.9%), Margin = 34.270 μs (61.78% of Mean)
Skewness = 0.65, Kurtosis = 1.64, MValue = 2.5
-------------------- Histogram --------------------
[24.870 μs ;  55.548 μs) | @@@@@@@@
[55.548 μs ;  80.606 μs) | @
[80.606 μs ; 115.037 μs) | @@@
---------------------------------------------------

// * Summary *

BenchmarkDotNet v0.15.8, Linux Ubuntu 24.04.4 LTS (Noble Numbat)
AMD EPYC 7763 2.45GHz, 1 CPU, 4 logical and 2 physical cores
.NET SDK 10.0.302
  [Host] : .NET 10.0.10 (10.0.10, 10.0.1026.32716), X64 RyuJIT x86-64-v3
  Quick  : .NET 10.0.10 (10.0.10, 10.0.1026.32716), X64 RyuJIT x86-64-v3

Job=Quick  MaxRelativeError=0.05  Arguments=/p:MatrixMode=Benchmark  
IterationTime=250ms  MaxIterationCount=12  MaxWarmupIterationCount=5  
MinIterationCount=8  MinWarmupIterationCount=3  

| Method         | Mean     | Error     | StdDev    | Gen0   | Allocated |
|--------------- |---------:|----------:|----------:|-------:|----------:|
| SystemTextJson | 21.73 μs |  7.929 μs |  6.190 μs | 0.3571 |   7.45 KB |
| NewtonsoftJson | 55.47 μs | 34.270 μs | 26.756 μs | 0.4266 |  11.56 KB |

// * Warnings *
MinIterationTime
  PrepareSerializer.SystemTextJson: Quick -> The minimum observed iteration time is 89.482ms which is very small. It's recommended to increase it to at least 100ms using more operations.
  PrepareSerializer.NewtonsoftJson: Quick -> The minimum observed iteration time is 72.713ms which is very small. It's recommended to increase it to at least 100ms using more operations.

// * Legends *
  Mean      : Arithmetic mean of all measurements
  Error     : Half of 99.9% confidence interval
  StdDev    : Standard deviation of all measurements
  Gen0      : GC Generation 0 collects per 1000 operations
  Allocated : Allocated memory per single operation (managed only, inclusive, 1KB = 1024B)
  1 μs      : 1 Microsecond (0.000001 sec)

// * Diagnostic Output - MemoryDiagnoser *


// ***** BenchmarkRunner: End *****
Run time: 00:00:08 (8.21 sec), executed benchmarks: 2

// Found 3 benchmarks:
//   SerializeCollection.NewtonsoftJson: Quick(MaxRelativeError=0.05, Arguments=/p:MatrixMode=Benchmark, IterationTime=250ms, MaxIterationCount=12, MaxWarmupIterationCount=5, MinIterationCount=8, MinWarmupIterationCount=3)
//   SerializeCollection.ServiceStackText: Quick(MaxRelativeError=0.05, Arguments=/p:MatrixMode=Benchmark, IterationTime=250ms, MaxIterationCount=12, MaxWarmupIterationCount=5, MinIterationCount=8, MinWarmupIterationCount=3)
//   SerializeCollection.SystemTextJson: Quick(MaxRelativeError=0.05, Arguments=/p:MatrixMode=Benchmark, IterationTime=250ms, MaxIterationCount=12, MaxWarmupIterationCount=5, MinIterationCount=8, MinWarmupIterationCount=3)

// **************************
// Benchmark: SerializeCollection.NewtonsoftJson: Quick(MaxRelativeError=0.05, Arguments=/p:MatrixMode=Benchmark, IterationTime=250ms, MaxIterationCount=12, MaxWarmupIterationCount=5, MinIterationCount=8, MinWarmupIterationCount=3)
// *** Execute ***
// Launch: 1 / 1
// Execute: dotnet Matrix.JsonSerialization-Quick-1.dll --anonymousPipes 131 132 --benchmarkName Matrix.JsonSerialization.Benchmarks.SerializeCollection.NewtonsoftJson --job Quick --benchmarkId 22 in /home/runner/work/dotnet-matrix/dotnet-matrix/src/Matrix.JsonSerialization/bin/Benchmark/Release/net10.0/Matrix.JsonSerialization-Quick-1/bin/Release/net10.0
// Failed to set up high priority (Permission denied). In order to run benchmarks with high priority, make sure you have the right permissions.
// BeforeAnythingElse

// Benchmark Process Environment Information:
// BenchmarkDotNet v0.15.8
// Runtime=.NET 10.0.10 (10.0.10, 10.0.1026.32716), X64 RyuJIT x86-64-v3
// GC=Concurrent Workstation
// HardwareIntrinsics=AVX2+BMI1+BMI2+F16C+FMA+LZCNT+MOVBE,AVX,SSE3+SSSE3+SSE4.1+SSE4.2+POPCNT,X86Base+SSE+SSE2,AES+PCLMUL VectorSize=256
// Job: Quick(MaxRelativeError=0.05, IterationTime=250ms, MaxIterationCount=12, MaxWarmupIterationCount=5, MinIterationCount=8, MinWarmupIterationCount=3)

OverheadJitting  1: 1 op, 210766.00 ns, 210.7660 us/op
WorkloadJitting  1: 1 op, 58314648.00 ns, 58.3146 ms/op

WorkloadPilot    1: 4 op, 59742.00 ns, 14.9355 us/op
WorkloadPilot    2: 16739 op, 124790700.00 ns, 7.4551 us/op
WorkloadPilot    3: 33534 op, 204443246.00 ns, 6.0966 us/op
WorkloadPilot    4: 41006 op, 39360132.00 ns, 959.8628 ns/op
WorkloadPilot    5: 260454 op, 233483865.00 ns, 896.4495 ns/op
WorkloadPilot    6: 278878 op, 256639771.00 ns, 920.2582 ns/op
WorkloadPilot    7: 271663 op, 246187079.00 ns, 906.2223 ns/op
WorkloadPilot    8: 275870 op, 249806002.00 ns, 905.5207 ns/op
WorkloadPilot    9: 276084 op, 250588805.00 ns, 907.6542 ns/op
WorkloadPilot   10: 275435 op, 249394890.00 ns, 905.4582 ns/op
WorkloadPilot   11: 276103 op, 248342662.00 ns, 899.4566 ns/op
WorkloadPilot   12: 277946 op, 251125474.00 ns, 903.5045 ns/op

WorkloadWarmup   1: 277946 op, 251566372.00 ns, 905.0908 ns/op
WorkloadWarmup   2: 277946 op, 254794802.00 ns, 916.7061 ns/op
WorkloadWarmup   3: 277946 op, 251748094.00 ns, 905.7446 ns/op
WorkloadWarmup   4: 277946 op, 253179556.00 ns, 910.8948 ns/op
WorkloadWarmup   5: 277946 op, 250638959.00 ns, 901.7542 ns/op

// BeforeActualRun
WorkloadActual   1: 277946 op, 254331281.00 ns, 915.0385 ns/op
WorkloadActual   2: 277946 op, 256884873.00 ns, 924.2258 ns/op
WorkloadActual   3: 277946 op, 251900371.00 ns, 906.2925 ns/op
WorkloadActual   4: 277946 op, 254225172.00 ns, 914.6567 ns/op
WorkloadActual   5: 277946 op, 255287800.00 ns, 918.4798 ns/op
WorkloadActual   6: 277946 op, 253418765.00 ns, 911.7554 ns/op
WorkloadActual   7: 277946 op, 257420869.00 ns, 926.1542 ns/op
WorkloadActual   8: 277946 op, 252306965.00 ns, 907.7553 ns/op

// AfterActualRun
WorkloadResult   1: 277946 op, 254331281.00 ns, 915.0385 ns/op
WorkloadResult   2: 277946 op, 256884873.00 ns, 924.2258 ns/op
WorkloadResult   3: 277946 op, 251900371.00 ns, 906.2925 ns/op
WorkloadResult   4: 277946 op, 254225172.00 ns, 914.6567 ns/op
WorkloadResult   5: 277946 op, 255287800.00 ns, 918.4798 ns/op
WorkloadResult   6: 277946 op, 253418765.00 ns, 911.7554 ns/op
WorkloadResult   7: 277946 op, 257420869.00 ns, 926.1542 ns/op
WorkloadResult   8: 277946 op, 252306965.00 ns, 907.7553 ns/op
// GC:  31 0 0 520314912 277946
// Threading:  0 0 277946

// AfterAll
// Benchmark Process 3684 has exited with code 0.

Mean = 915.545 ns, StdErr = 2.529 ns (0.28%), N = 8, StdDev = 7.154 ns
Min = 906.292 ns, Q1 = 910.755 ns, Median = 914.848 ns, Q3 = 919.916 ns, Max = 926.154 ns
IQR = 9.161 ns, LowerFence = 897.014 ns, UpperFence = 933.658 ns
ConfidenceInterval = [901.867 ns; 929.222 ns] (CI 99.9%), Margin = 13.678 ns (1.49% of Mean)
Skewness = 0.19, Kurtosis = 1.41, MValue = 2

// ** Remained 15 (39.5 %) benchmark(s) to run. Estimated finish 2026-08-04 6:43 (0h 1m from now) **
// **************************
// Benchmark: SerializeCollection.ServiceStackText: Quick(MaxRelativeError=0.05, Arguments=/p:MatrixMode=Benchmark, IterationTime=250ms, MaxIterationCount=12, MaxWarmupIterationCount=5, MinIterationCount=8, MinWarmupIterationCount=3)
// *** Execute ***
// Launch: 1 / 1
// Execute: dotnet Matrix.JsonSerialization-Quick-1.dll --anonymousPipes 131 132 --benchmarkName Matrix.JsonSerialization.Benchmarks.SerializeCollection.ServiceStackText --job Quick --benchmarkId 23 in /home/runner/work/dotnet-matrix/dotnet-matrix/src/Matrix.JsonSerialization/bin/Benchmark/Release/net10.0/Matrix.JsonSerialization-Quick-1/bin/Release/net10.0
// Failed to set up high priority (Permission denied). In order to run benchmarks with high priority, make sure you have the right permissions.
// BeforeAnythingElse

// Benchmark Process Environment Information:
// BenchmarkDotNet v0.15.8
// Runtime=.NET 10.0.10 (10.0.10, 10.0.1026.32716), X64 RyuJIT x86-64-v3
// GC=Concurrent Workstation
// HardwareIntrinsics=AVX2+BMI1+BMI2+F16C+FMA+LZCNT+MOVBE,AVX,SSE3+SSSE3+SSE4.1+SSE4.2+POPCNT,X86Base+SSE+SSE2,AES+PCLMUL VectorSize=256
// Job: Quick(MaxRelativeError=0.05, IterationTime=250ms, MaxIterationCount=12, MaxWarmupIterationCount=5, MinIterationCount=8, MinWarmupIterationCount=3)

OverheadJitting  1: 1 op, 237396.00 ns, 237.3960 us/op
WorkloadJitting  1: 1 op, 46787937.00 ns, 46.7879 ms/op

WorkloadPilot    1: 4 op, 103164.00 ns, 25.7910 us/op
WorkloadPilot    2: 9693 op, 65825930.00 ns, 6.7911 us/op
WorkloadPilot    3: 36813 op, 238307384.00 ns, 6.4735 us/op
WorkloadPilot    4: 38619 op, 37331467.00 ns, 966.6606 ns/op
WorkloadPilot    5: 258622 op, 244880943.00 ns, 946.8682 ns/op
WorkloadPilot    6: 264028 op, 255411182.00 ns, 967.3640 ns/op
WorkloadPilot    7: 258434 op, 243319076.00 ns, 941.5134 ns/op
WorkloadPilot    8: 265530 op, 250238536.00 ns, 942.4115 ns/op
WorkloadPilot    9: 265277 op, 251682903.00 ns, 948.7551 ns/op

WorkloadWarmup   1: 265277 op, 251896655.00 ns, 949.5609 ns/op
WorkloadWarmup   2: 265277 op, 249539923.00 ns, 940.6768 ns/op
WorkloadWarmup   3: 265277 op, 249902374.00 ns, 942.0431 ns/op
WorkloadWarmup   4: 265277 op, 251938363.00 ns, 949.7181 ns/op
WorkloadWarmup   5: 265277 op, 253051807.00 ns, 953.9154 ns/op

// BeforeActualRun
WorkloadActual   1: 265277 op, 252214632.00 ns, 950.7595 ns/op
WorkloadActual   2: 265277 op, 249832914.00 ns, 941.7813 ns/op
WorkloadActual   3: 265277 op, 249904228.00 ns, 942.0501 ns/op
WorkloadActual   4: 265277 op, 266173565.00 ns, 1.0034 us/op
WorkloadActual   5: 265277 op, 251999138.00 ns, 949.9472 ns/op
WorkloadActual   6: 265277 op, 250903917.00 ns, 945.8186 ns/op
WorkloadActual   7: 265277 op, 251509667.00 ns, 948.1020 ns/op
WorkloadActual   8: 265277 op, 254554353.00 ns, 959.5794 ns/op

// AfterActualRun
WorkloadResult   1: 265277 op, 252214632.00 ns, 950.7595 ns/op
WorkloadResult   2: 265277 op, 249832914.00 ns, 941.7813 ns/op
WorkloadResult   3: 265277 op, 249904228.00 ns, 942.0501 ns/op
WorkloadResult   4: 265277 op, 251999138.00 ns, 949.9472 ns/op
WorkloadResult   5: 265277 op, 250903917.00 ns, 945.8186 ns/op
WorkloadResult   6: 265277 op, 251509667.00 ns, 948.1020 ns/op
WorkloadResult   7: 265277 op, 254554353.00 ns, 959.5794 ns/op
// GC:  15 0 0 265284040 265277
// Threading:  0 0 265277

// AfterAll
// Benchmark Process 3694 has exited with code 0.

Mean = 948.291 ns, StdErr = 2.308 ns (0.24%), N = 7, StdDev = 6.107 ns
Min = 941.781 ns, Q1 = 943.934 ns, Median = 948.102 ns, Q3 = 950.353 ns, Max = 959.579 ns
IQR = 6.419 ns, LowerFence = 934.306 ns, UpperFence = 959.982 ns
ConfidenceInterval = [934.538 ns; 962.044 ns] (CI 99.9%), Margin = 13.753 ns (1.45% of Mean)
Skewness = 0.58, Kurtosis = 2.02, MValue = 2

// ** Remained 14 (36.8 %) benchmark(s) to run. Estimated finish 2026-08-04 6:43 (0h 1m from now) **
// **************************
// Benchmark: SerializeCollection.SystemTextJson: Quick(MaxRelativeError=0.05, Arguments=/p:MatrixMode=Benchmark, IterationTime=250ms, MaxIterationCount=12, MaxWarmupIterationCount=5, MinIterationCount=8, MinWarmupIterationCount=3)
// *** Execute ***
// Launch: 1 / 1
// Execute: dotnet Matrix.JsonSerialization-Quick-1.dll --anonymousPipes 131 132 --benchmarkName Matrix.JsonSerialization.Benchmarks.SerializeCollection.SystemTextJson --job Quick --benchmarkId 24 in /home/runner/work/dotnet-matrix/dotnet-matrix/src/Matrix.JsonSerialization/bin/Benchmark/Release/net10.0/Matrix.JsonSerialization-Quick-1/bin/Release/net10.0
// Failed to set up high priority (Permission denied). In order to run benchmarks with high priority, make sure you have the right permissions.
// BeforeAnythingElse

// Benchmark Process Environment Information:
// BenchmarkDotNet v0.15.8
// Runtime=.NET 10.0.10 (10.0.10, 10.0.1026.32716), X64 RyuJIT x86-64-v3
// GC=Concurrent Workstation
// HardwareIntrinsics=AVX2+BMI1+BMI2+F16C+FMA+LZCNT+MOVBE,AVX,SSE3+SSSE3+SSE4.1+SSE4.2+POPCNT,X86Base+SSE+SSE2,AES+PCLMUL VectorSize=256
// Job: Quick(MaxRelativeError=0.05, IterationTime=250ms, MaxIterationCount=12, MaxWarmupIterationCount=5, MinIterationCount=8, MinWarmupIterationCount=3)

OverheadJitting  1: 1 op, 212589.00 ns, 212.5890 us/op
WorkloadJitting  1: 1 op, 26933675.00 ns, 26.9337 ms/op

WorkloadPilot    1: 4 op, 104997.00 ns, 26.2493 us/op
WorkloadPilot    2: 9524 op, 15434207.00 ns, 1.6206 us/op
WorkloadPilot    3: 154268 op, 249474178.00 ns, 1.6171 us/op
WorkloadPilot    4: 154593 op, 327679540.00 ns, 2.1196 us/op
WorkloadPilot    5: 117945 op, 72646880.00 ns, 615.9386 ns/op
WorkloadPilot    6: 405885 op, 232435554.00 ns, 572.6636 ns/op
WorkloadPilot    7: 436556 op, 246314987.00 ns, 564.2231 ns/op
WorkloadPilot    8: 443087 op, 251338334.00 ns, 567.2438 ns/op
WorkloadPilot    9: 440728 op, 252364244.00 ns, 572.6077 ns/op

WorkloadWarmup   1: 440728 op, 249645320.00 ns, 566.4385 ns/op
WorkloadWarmup   2: 440728 op, 249807796.00 ns, 566.8072 ns/op
WorkloadWarmup   3: 440728 op, 249291295.00 ns, 565.6353 ns/op
WorkloadWarmup   4: 440728 op, 253453022.00 ns, 575.0781 ns/op
WorkloadWarmup   5: 440728 op, 250223317.00 ns, 567.7500 ns/op

// BeforeActualRun
WorkloadActual   1: 440728 op, 251943473.00 ns, 571.6530 ns/op
WorkloadActual   2: 440728 op, 249984057.00 ns, 567.2071 ns/op
WorkloadActual   3: 440728 op, 248532820.00 ns, 563.9143 ns/op
WorkloadActual   4: 440728 op, 250662764.00 ns, 568.7471 ns/op
WorkloadActual   5: 440728 op, 249946041.00 ns, 567.1209 ns/op
WorkloadActual   6: 440728 op, 249753930.00 ns, 566.6850 ns/op
WorkloadActual   7: 440728 op, 257029763.00 ns, 583.1936 ns/op
WorkloadActual   8: 440728 op, 252505365.00 ns, 572.9279 ns/op

// AfterActualRun
WorkloadResult   1: 440728 op, 251943473.00 ns, 571.6530 ns/op
WorkloadResult   2: 440728 op, 249984057.00 ns, 567.2071 ns/op
WorkloadResult   3: 440728 op, 248532820.00 ns, 563.9143 ns/op
WorkloadResult   4: 440728 op, 250662764.00 ns, 568.7471 ns/op
WorkloadResult   5: 440728 op, 249946041.00 ns, 567.1209 ns/op
WorkloadResult   6: 440728 op, 249753930.00 ns, 566.6850 ns/op
WorkloadResult   7: 440728 op, 252505365.00 ns, 572.9279 ns/op
// GC:  14 0 0 246807680 440728
// Threading:  0 0 440728

// AfterAll
// Benchmark Process 3702 has exited with code 0.

Mean = 568.322 ns, StdErr = 1.168 ns (0.21%), N = 7, StdDev = 3.090 ns
Min = 563.914 ns, Q1 = 566.903 ns, Median = 567.207 ns, Q3 = 570.200 ns, Max = 572.928 ns
IQR = 3.297 ns, LowerFence = 561.957 ns, UpperFence = 575.146 ns
ConfidenceInterval = [561.363 ns; 575.281 ns] (CI 99.9%), Margin = 6.959 ns (1.22% of Mean)
Skewness = 0.2, Kurtosis = 1.51, MValue = 2

// ** Remained 13 (34.2 %) benchmark(s) to run. Estimated finish 2026-08-04 6:43 (0h 1m from now) **
// ***** BenchmarkRunner: Finish  *****

// * Export *
  tmp/dotnet-matrix/JsonSerialization/fcd578694c2d4ca285574943569cdd34/results/Matrix.JsonSerialization.Benchmarks.SerializeCollection-report.csv
  tmp/dotnet-matrix/JsonSerialization/fcd578694c2d4ca285574943569cdd34/results/Matrix.JsonSerialization.Benchmarks.SerializeCollection-report-github.md
  tmp/dotnet-matrix/JsonSerialization/fcd578694c2d4ca285574943569cdd34/results/Matrix.JsonSerialization.Benchmarks.SerializeCollection-report.html
  tmp/dotnet-matrix/JsonSerialization/fcd578694c2d4ca285574943569cdd34/results/Matrix.JsonSerialization.Benchmarks.SerializeCollection-report-full.json

// * Detailed results *
SerializeCollection.SystemTextJson: Quick(MaxRelativeError=0.05, Arguments=/p:MatrixMode=Benchmark, IterationTime=250ms, MaxIterationCount=12, MaxWarmupIterationCount=5, MinIterationCount=8, MinWarmupIterationCount=3)
Runtime = .NET 10.0.10 (10.0.10, 10.0.1026.32716), X64 RyuJIT x86-64-v3; GC = Concurrent Workstation
Mean = 568.322 ns, StdErr = 1.168 ns (0.21%), N = 7, StdDev = 3.090 ns
Min = 563.914 ns, Q1 = 566.903 ns, Median = 567.207 ns, Q3 = 570.200 ns, Max = 572.928 ns
IQR = 3.297 ns, LowerFence = 561.957 ns, UpperFence = 575.146 ns
ConfidenceInterval = [561.363 ns; 575.281 ns] (CI 99.9%), Margin = 6.959 ns (1.22% of Mean)
Skewness = 0.2, Kurtosis = 1.51, MValue = 2
-------------------- Histogram --------------------
[561.794 ns ; 573.393 ns) | @@@@@@@
---------------------------------------------------

SerializeCollection.NewtonsoftJson: Quick(MaxRelativeError=0.05, Arguments=/p:MatrixMode=Benchmark, IterationTime=250ms, MaxIterationCount=12, MaxWarmupIterationCount=5, MinIterationCount=8, MinWarmupIterationCount=3)
Runtime = .NET 10.0.10 (10.0.10, 10.0.1026.32716), X64 RyuJIT x86-64-v3; GC = Concurrent Workstation
Mean = 915.545 ns, StdErr = 2.529 ns (0.28%), N = 8, StdDev = 7.154 ns
Min = 906.292 ns, Q1 = 910.755 ns, Median = 914.848 ns, Q3 = 919.916 ns, Max = 926.154 ns
IQR = 9.161 ns, LowerFence = 897.014 ns, UpperFence = 933.658 ns
ConfidenceInterval = [901.867 ns; 929.222 ns] (CI 99.9%), Margin = 13.678 ns (1.49% of Mean)
Skewness = 0.19, Kurtosis = 1.41, MValue = 2
-------------------- Histogram --------------------
[901.598 ns ; 930.849 ns) | @@@@@@@@
---------------------------------------------------

SerializeCollection.ServiceStackText: Quick(MaxRelativeError=0.05, Arguments=/p:MatrixMode=Benchmark, IterationTime=250ms, MaxIterationCount=12, MaxWarmupIterationCount=5, MinIterationCount=8, MinWarmupIterationCount=3)
Runtime = .NET 10.0.10 (10.0.10, 10.0.1026.32716), X64 RyuJIT x86-64-v3; GC = Concurrent Workstation
Mean = 948.291 ns, StdErr = 2.308 ns (0.24%), N = 7, StdDev = 6.107 ns
Min = 941.781 ns, Q1 = 943.934 ns, Median = 948.102 ns, Q3 = 950.353 ns, Max = 959.579 ns
IQR = 6.419 ns, LowerFence = 934.306 ns, UpperFence = 959.982 ns
ConfidenceInterval = [934.538 ns; 962.044 ns] (CI 99.9%), Margin = 13.753 ns (1.45% of Mean)
Skewness = 0.58, Kurtosis = 2.02, MValue = 2
-------------------- Histogram --------------------
[937.591 ns ; 963.769 ns) | @@@@@@@
---------------------------------------------------

// * Summary *

BenchmarkDotNet v0.15.8, Linux Ubuntu 24.04.4 LTS (Noble Numbat)
AMD EPYC 7763 2.45GHz, 1 CPU, 4 logical and 2 physical cores
.NET SDK 10.0.302
  [Host] : .NET 10.0.10 (10.0.10, 10.0.1026.32716), X64 RyuJIT x86-64-v3
  Quick  : .NET 10.0.10 (10.0.10, 10.0.1026.32716), X64 RyuJIT x86-64-v3

Job=Quick  MaxRelativeError=0.05  Arguments=/p:MatrixMode=Benchmark  
IterationTime=250ms  MaxIterationCount=12  MaxWarmupIterationCount=5  
MinIterationCount=8  MinWarmupIterationCount=3  

| Method           | Mean     | Error    | StdDev  | Gen0   | Allocated |
|----------------- |---------:|---------:|--------:|-------:|----------:|
| SystemTextJson   | 568.3 ns |  6.96 ns | 3.09 ns | 0.0318 |     560 B |
| NewtonsoftJson   | 915.5 ns | 13.68 ns | 7.15 ns | 0.1115 |    1872 B |
| ServiceStackText | 948.3 ns | 13.75 ns | 6.11 ns | 0.0565 |    1000 B |

// * Hints *
Outliers
  SerializeCollection.SystemTextJson: Quick   -> 1 outlier  was  removed (583.19 ns)
  SerializeCollection.ServiceStackText: Quick -> 1 outlier  was  removed (1.00 μs)

// * Legends *
  Mean      : Arithmetic mean of all measurements
  Error     : Half of 99.9% confidence interval
  StdDev    : Standard deviation of all measurements
  Gen0      : GC Generation 0 collects per 1000 operations
  Allocated : Allocated memory per single operation (managed only, inclusive, 1KB = 1024B)
  1 ns      : 1 Nanosecond (0.000000001 sec)

// * Diagnostic Output - MemoryDiagnoser *


// ***** BenchmarkRunner: End *****
Run time: 00:00:16 (16.91 sec), executed benchmarks: 3

// Found 3 benchmarks:
//   SerializeDictionary.NewtonsoftJson: Quick(MaxRelativeError=0.05, Arguments=/p:MatrixMode=Benchmark, IterationTime=250ms, MaxIterationCount=12, MaxWarmupIterationCount=5, MinIterationCount=8, MinWarmupIterationCount=3)
//   SerializeDictionary.ServiceStackText: Quick(MaxRelativeError=0.05, Arguments=/p:MatrixMode=Benchmark, IterationTime=250ms, MaxIterationCount=12, MaxWarmupIterationCount=5, MinIterationCount=8, MinWarmupIterationCount=3)
//   SerializeDictionary.SystemTextJson: Quick(MaxRelativeError=0.05, Arguments=/p:MatrixMode=Benchmark, IterationTime=250ms, MaxIterationCount=12, MaxWarmupIterationCount=5, MinIterationCount=8, MinWarmupIterationCount=3)

// **************************
// Benchmark: SerializeDictionary.NewtonsoftJson: Quick(MaxRelativeError=0.05, Arguments=/p:MatrixMode=Benchmark, IterationTime=250ms, MaxIterationCount=12, MaxWarmupIterationCount=5, MinIterationCount=8, MinWarmupIterationCount=3)
// *** Execute ***
// Launch: 1 / 1
// Execute: dotnet Matrix.JsonSerialization-Quick-1.dll --anonymousPipes 131 132 --benchmarkName Matrix.JsonSerialization.Benchmarks.SerializeDictionary.NewtonsoftJson --job Quick --benchmarkId 25 in /home/runner/work/dotnet-matrix/dotnet-matrix/src/Matrix.JsonSerialization/bin/Benchmark/Release/net10.0/Matrix.JsonSerialization-Quick-1/bin/Release/net10.0
// Failed to set up high priority (Permission denied). In order to run benchmarks with high priority, make sure you have the right permissions.
// BeforeAnythingElse

// Benchmark Process Environment Information:
// BenchmarkDotNet v0.15.8
// Runtime=.NET 10.0.10 (10.0.10, 10.0.1026.32716), X64 RyuJIT x86-64-v3
// GC=Concurrent Workstation
// HardwareIntrinsics=AVX2+BMI1+BMI2+F16C+FMA+LZCNT+MOVBE,AVX,SSE3+SSSE3+SSE4.1+SSE4.2+POPCNT,X86Base+SSE+SSE2,AES+PCLMUL VectorSize=256
// Job: Quick(MaxRelativeError=0.05, IterationTime=250ms, MaxIterationCount=12, MaxWarmupIterationCount=5, MinIterationCount=8, MinWarmupIterationCount=3)

OverheadJitting  1: 1 op, 235002.00 ns, 235.0020 us/op
WorkloadJitting  1: 1 op, 42482145.00 ns, 42.4821 ms/op

WorkloadPilot    1: 4 op, 103665.00 ns, 25.9163 us/op
WorkloadPilot    2: 9646 op, 36680503.00 ns, 3.8027 us/op
WorkloadPilot    3: 65743 op, 246257193.00 ns, 3.7458 us/op
WorkloadPilot    4: 66742 op, 44591080.00 ns, 668.1112 ns/op
WorkloadPilot    5: 374189 op, 138226936.00 ns, 369.4041 ns/op
WorkloadPilot    6: 676766 op, 250248700.00 ns, 369.7714 ns/op
WorkloadPilot    7: 676093 op, 251155114.00 ns, 371.4801 ns/op
WorkloadPilot    8: 672984 op, 252980598.00 ns, 375.9088 ns/op

WorkloadWarmup   1: 672984 op, 250194128.00 ns, 371.7683 ns/op
WorkloadWarmup   2: 672984 op, 251735626.00 ns, 374.0589 ns/op
WorkloadWarmup   3: 672984 op, 254667770.00 ns, 378.4158 ns/op
WorkloadWarmup   4: 672984 op, 256209210.00 ns, 380.7062 ns/op
WorkloadWarmup   5: 672984 op, 254625111.00 ns, 378.3524 ns/op

// BeforeActualRun
WorkloadActual   1: 672984 op, 248583829.00 ns, 369.3755 ns/op
WorkloadActual   2: 672984 op, 252423380.00 ns, 375.0808 ns/op
WorkloadActual   3: 672984 op, 247240252.00 ns, 367.3791 ns/op
WorkloadActual   4: 672984 op, 252455160.00 ns, 375.1280 ns/op
WorkloadActual   5: 672984 op, 251552712.00 ns, 373.7871 ns/op
WorkloadActual   6: 672984 op, 252194970.00 ns, 374.7414 ns/op
WorkloadActual   7: 672984 op, 249950839.00 ns, 371.4068 ns/op
WorkloadActual   8: 672984 op, 248640536.00 ns, 369.4598 ns/op

// AfterActualRun
WorkloadResult   1: 672984 op, 248583829.00 ns, 369.3755 ns/op
WorkloadResult   2: 672984 op, 252423380.00 ns, 375.0808 ns/op
WorkloadResult   3: 672984 op, 247240252.00 ns, 367.3791 ns/op
WorkloadResult   4: 672984 op, 252455160.00 ns, 375.1280 ns/op
WorkloadResult   5: 672984 op, 251552712.00 ns, 373.7871 ns/op
WorkloadResult   6: 672984 op, 252194970.00 ns, 374.7414 ns/op
WorkloadResult   7: 672984 op, 249950839.00 ns, 371.4068 ns/op
WorkloadResult   8: 672984 op, 248640536.00 ns, 369.4598 ns/op
// GC:  60 0 0 1017551808 672984
// Threading:  0 0 672984

// AfterAll
// Benchmark Process 3716 has exited with code 0.

Mean = 372.045 ns, StdErr = 1.077 ns (0.29%), N = 8, StdDev = 3.048 ns
Min = 367.379 ns, Q1 = 369.439 ns, Median = 372.597 ns, Q3 = 374.826 ns, Max = 375.128 ns
IQR = 5.388 ns, LowerFence = 361.357 ns, UpperFence = 382.908 ns
ConfidenceInterval = [366.218 ns; 377.872 ns] (CI 99.9%), Margin = 5.827 ns (1.57% of Mean)
Skewness = -0.25, Kurtosis = 1.17, MValue = 2

// ** Remained 12 (31.6 %) benchmark(s) to run. Estimated finish 2026-08-04 6:43 (0h 1m from now) **
// **************************
// Benchmark: SerializeDictionary.ServiceStackText: Quick(MaxRelativeError=0.05, Arguments=/p:MatrixMode=Benchmark, IterationTime=250ms, MaxIterationCount=12, MaxWarmupIterationCount=5, MinIterationCount=8, MinWarmupIterationCount=3)
// *** Execute ***
// Launch: 1 / 1
// Execute: dotnet Matrix.JsonSerialization-Quick-1.dll --anonymousPipes 131 132 --benchmarkName Matrix.JsonSerialization.Benchmarks.SerializeDictionary.ServiceStackText --job Quick --benchmarkId 26 in /home/runner/work/dotnet-matrix/dotnet-matrix/src/Matrix.JsonSerialization/bin/Benchmark/Release/net10.0/Matrix.JsonSerialization-Quick-1/bin/Release/net10.0
// Failed to set up high priority (Permission denied). In order to run benchmarks with high priority, make sure you have the right permissions.
// BeforeAnythingElse

// Benchmark Process Environment Information:
// BenchmarkDotNet v0.15.8
// Runtime=.NET 10.0.10 (10.0.10, 10.0.1026.32716), X64 RyuJIT x86-64-v3
// GC=Concurrent Workstation
// HardwareIntrinsics=AVX2+BMI1+BMI2+F16C+FMA+LZCNT+MOVBE,AVX,SSE3+SSSE3+SSE4.1+SSE4.2+POPCNT,X86Base+SSE+SSE2,AES+PCLMUL VectorSize=256
// Job: Quick(MaxRelativeError=0.05, IterationTime=250ms, MaxIterationCount=12, MaxWarmupIterationCount=5, MinIterationCount=8, MinWarmupIterationCount=3)

OverheadJitting  1: 1 op, 212109.00 ns, 212.1090 us/op
WorkloadJitting  1: 1 op, 36514972.00 ns, 36.5150 ms/op

WorkloadPilot    1: 4 op, 88466.00 ns, 22.1165 us/op
WorkloadPilot    2: 11304 op, 22680484.00 ns, 2.0064 us/op
WorkloadPilot    3: 124601 op, 266268707.00 ns, 2.1370 us/op
WorkloadPilot    4: 116988 op, 113825125.00 ns, 972.9641 ns/op
WorkloadPilot    5: 256947 op, 50886720.00 ns, 198.0436 ns/op
WorkloadPilot    6: 1262348 op, 251749192.00 ns, 199.4293 ns/op
WorkloadPilot    7: 1253577 op, 249962552.00 ns, 199.3994 ns/op
WorkloadPilot    8: 1253765 op, 248754640.00 ns, 198.4061 ns/op
WorkloadPilot    9: 1260042 op, 249512858.00 ns, 198.0195 ns/op
WorkloadPilot   10: 1262502 op, 250958180.00 ns, 198.7784 ns/op

WorkloadWarmup   1: 1262502 op, 252442041.00 ns, 199.9538 ns/op
WorkloadWarmup   2: 1262502 op, 250659258.00 ns, 198.5417 ns/op
WorkloadWarmup   3: 1262502 op, 251668346.00 ns, 199.3409 ns/op
WorkloadWarmup   4: 1262502 op, 248930006.00 ns, 197.1720 ns/op
WorkloadWarmup   5: 1262502 op, 249839176.00 ns, 197.8921 ns/op

// BeforeActualRun
WorkloadActual   1: 1262502 op, 248657303.00 ns, 196.9560 ns/op
WorkloadActual   2: 1262502 op, 250071342.00 ns, 198.0760 ns/op
WorkloadActual   3: 1262502 op, 248949082.00 ns, 197.1871 ns/op
WorkloadActual   4: 1262502 op, 250302137.00 ns, 198.2588 ns/op
WorkloadActual   5: 1262502 op, 250438203.00 ns, 198.3666 ns/op
WorkloadActual   6: 1262502 op, 249187590.00 ns, 197.3760 ns/op
WorkloadActual   7: 1262502 op, 248670968.00 ns, 196.9668 ns/op
WorkloadActual   8: 1262502 op, 251228038.00 ns, 198.9922 ns/op

// AfterActualRun
WorkloadResult   1: 1262502 op, 248657303.00 ns, 196.9560 ns/op
WorkloadResult   2: 1262502 op, 250071342.00 ns, 198.0760 ns/op
WorkloadResult   3: 1262502 op, 248949082.00 ns, 197.1871 ns/op
WorkloadResult   4: 1262502 op, 250302137.00 ns, 198.2588 ns/op
WorkloadResult   5: 1262502 op, 250438203.00 ns, 198.3666 ns/op
WorkloadResult   6: 1262502 op, 249187590.00 ns, 197.3760 ns/op
WorkloadResult   7: 1262502 op, 248670968.00 ns, 196.9668 ns/op
WorkloadResult   8: 1262502 op, 251228038.00 ns, 198.9922 ns/op
// GC:  21 0 0 363600576 1262502
// Threading:  0 0 1262502

// AfterAll
// Benchmark Process 3724 has exited with code 0.

Mean = 197.772 ns, StdErr = 0.267 ns (0.13%), N = 8, StdDev = 0.755 ns
Min = 196.956 ns, Q1 = 197.132 ns, Median = 197.726 ns, Q3 = 198.286 ns, Max = 198.992 ns
IQR = 1.154 ns, LowerFence = 195.401 ns, UpperFence = 200.016 ns
ConfidenceInterval = [196.330 ns; 199.215 ns] (CI 99.9%), Margin = 1.443 ns (0.73% of Mean)
Skewness = 0.24, Kurtosis = 1.32, MValue = 2

// ** Remained 11 (28.9 %) benchmark(s) to run. Estimated finish 2026-08-04 6:43 (0h 1m from now) **
// **************************
// Benchmark: SerializeDictionary.SystemTextJson: Quick(MaxRelativeError=0.05, Arguments=/p:MatrixMode=Benchmark, IterationTime=250ms, MaxIterationCount=12, MaxWarmupIterationCount=5, MinIterationCount=8, MinWarmupIterationCount=3)
// *** Execute ***
// Launch: 1 / 1
// Execute: dotnet Matrix.JsonSerialization-Quick-1.dll --anonymousPipes 131 132 --benchmarkName Matrix.JsonSerialization.Benchmarks.SerializeDictionary.SystemTextJson --job Quick --benchmarkId 27 in /home/runner/work/dotnet-matrix/dotnet-matrix/src/Matrix.JsonSerialization/bin/Benchmark/Release/net10.0/Matrix.JsonSerialization-Quick-1/bin/Release/net10.0
// Failed to set up high priority (Permission denied). In order to run benchmarks with high priority, make sure you have the right permissions.
// BeforeAnythingElse

// Benchmark Process Environment Information:
// BenchmarkDotNet v0.15.8
// Runtime=.NET 10.0.10 (10.0.10, 10.0.1026.32716), X64 RyuJIT x86-64-v3
// GC=Concurrent Workstation
// HardwareIntrinsics=AVX2+BMI1+BMI2+F16C+FMA+LZCNT+MOVBE,AVX,SSE3+SSSE3+SSE4.1+SSE4.2+POPCNT,X86Base+SSE+SSE2,AES+PCLMUL VectorSize=256
// Job: Quick(MaxRelativeError=0.05, IterationTime=250ms, MaxIterationCount=12, MaxWarmupIterationCount=5, MinIterationCount=8, MinWarmupIterationCount=3)

OverheadJitting  1: 1 op, 218381.00 ns, 218.3810 us/op
WorkloadJitting  1: 1 op, 23648973.00 ns, 23.6490 ms/op

WorkloadPilot    1: 4 op, 74891.00 ns, 18.7228 us/op
WorkloadPilot    2: 13353 op, 13042437.00 ns, 976.7421 ns/op
WorkloadPilot    3: 255953 op, 257499010.00 ns, 1.0060 us/op
WorkloadPilot    4: 248499 op, 225259853.00 ns, 906.4819 ns/op
WorkloadPilot    5: 275791 op, 109785056.00 ns, 398.0734 ns/op
WorkloadPilot    6: 628025 op, 122405430.00 ns, 194.9053 ns/op
WorkloadPilot    7: 1282674 op, 246293488.00 ns, 192.0157 ns/op
WorkloadPilot    8: 1301977 op, 251820071.00 ns, 193.4136 ns/op
WorkloadPilot    9: 1292567 op, 315628667.00 ns, 244.1875 ns/op

WorkloadWarmup   1: 1292567 op, 329090842.00 ns, 254.6025 ns/op
WorkloadWarmup   2: 1292567 op, 248541966.00 ns, 192.2856 ns/op
WorkloadWarmup   3: 1292567 op, 246089594.00 ns, 190.3883 ns/op
WorkloadWarmup   4: 1292567 op, 247853223.00 ns, 191.7527 ns/op
WorkloadWarmup   5: 1292567 op, 246750538.00 ns, 190.8996 ns/op

// BeforeActualRun
WorkloadActual   1: 1292567 op, 247404488.00 ns, 191.4055 ns/op
WorkloadActual   2: 1292567 op, 257470256.00 ns, 199.1930 ns/op
WorkloadActual   3: 1292567 op, 247483886.00 ns, 191.4670 ns/op
WorkloadActual   4: 1292567 op, 247221503.00 ns, 191.2640 ns/op
WorkloadActual   5: 1292567 op, 246724608.00 ns, 190.8796 ns/op
WorkloadActual   6: 1292567 op, 246927404.00 ns, 191.0364 ns/op
WorkloadActual   7: 1292567 op, 246451648.00 ns, 190.6684 ns/op
WorkloadActual   8: 1292567 op, 246436049.00 ns, 190.6563 ns/op

// AfterActualRun
WorkloadResult   1: 1292567 op, 247404488.00 ns, 191.4055 ns/op
WorkloadResult   2: 1292567 op, 247483886.00 ns, 191.4670 ns/op
WorkloadResult   3: 1292567 op, 247221503.00 ns, 191.2640 ns/op
WorkloadResult   4: 1292567 op, 246724608.00 ns, 190.8796 ns/op
WorkloadResult   5: 1292567 op, 246927404.00 ns, 191.0364 ns/op
WorkloadResult   6: 1292567 op, 246451648.00 ns, 190.6684 ns/op
WorkloadResult   7: 1292567 op, 246436049.00 ns, 190.6563 ns/op
// GC:  6 0 0 113745896 1292567
// Threading:  0 0 1292567

// AfterAll
// Benchmark Process 3734 has exited with code 0.

Mean = 191.054 ns, StdErr = 0.127 ns (0.07%), N = 7, StdDev = 0.336 ns
Min = 190.656 ns, Q1 = 190.774 ns, Median = 191.036 ns, Q3 = 191.335 ns, Max = 191.467 ns
IQR = 0.561 ns, LowerFence = 189.933 ns, UpperFence = 192.176 ns
ConfidenceInterval = [190.298 ns; 191.810 ns] (CI 99.9%), Margin = 0.756 ns (0.40% of Mean)
Skewness = -0.01, Kurtosis = 1.06, MValue = 2

// ** Remained 10 (26.3 %) benchmark(s) to run. Estimated finish 2026-08-04 6:43 (0h 0m from now) **
// ***** BenchmarkRunner: Finish  *****

// * Export *
  tmp/dotnet-matrix/JsonSerialization/fcd578694c2d4ca285574943569cdd34/results/Matrix.JsonSerialization.Benchmarks.SerializeDictionary-report.csv
  tmp/dotnet-matrix/JsonSerialization/fcd578694c2d4ca285574943569cdd34/results/Matrix.JsonSerialization.Benchmarks.SerializeDictionary-report-github.md
  tmp/dotnet-matrix/JsonSerialization/fcd578694c2d4ca285574943569cdd34/results/Matrix.JsonSerialization.Benchmarks.SerializeDictionary-report.html
  tmp/dotnet-matrix/JsonSerialization/fcd578694c2d4ca285574943569cdd34/results/Matrix.JsonSerialization.Benchmarks.SerializeDictionary-report-full.json

// * Detailed results *
SerializeDictionary.SystemTextJson: Quick(MaxRelativeError=0.05, Arguments=/p:MatrixMode=Benchmark, IterationTime=250ms, MaxIterationCount=12, MaxWarmupIterationCount=5, MinIterationCount=8, MinWarmupIterationCount=3)
Runtime = .NET 10.0.10 (10.0.10, 10.0.1026.32716), X64 RyuJIT x86-64-v3; GC = Concurrent Workstation
Mean = 191.054 ns, StdErr = 0.127 ns (0.07%), N = 7, StdDev = 0.336 ns
Min = 190.656 ns, Q1 = 190.774 ns, Median = 191.036 ns, Q3 = 191.335 ns, Max = 191.467 ns
IQR = 0.561 ns, LowerFence = 189.933 ns, UpperFence = 192.176 ns
ConfidenceInterval = [190.298 ns; 191.810 ns] (CI 99.9%), Margin = 0.756 ns (0.40% of Mean)
Skewness = -0.01, Kurtosis = 1.06, MValue = 2
-------------------- Histogram --------------------
[190.426 ns ; 191.697 ns) | @@@@@@@
---------------------------------------------------

SerializeDictionary.ServiceStackText: Quick(MaxRelativeError=0.05, Arguments=/p:MatrixMode=Benchmark, IterationTime=250ms, MaxIterationCount=12, MaxWarmupIterationCount=5, MinIterationCount=8, MinWarmupIterationCount=3)
Runtime = .NET 10.0.10 (10.0.10, 10.0.1026.32716), X64 RyuJIT x86-64-v3; GC = Concurrent Workstation
Mean = 197.772 ns, StdErr = 0.267 ns (0.13%), N = 8, StdDev = 0.755 ns
Min = 196.956 ns, Q1 = 197.132 ns, Median = 197.726 ns, Q3 = 198.286 ns, Max = 198.992 ns
IQR = 1.154 ns, LowerFence = 195.401 ns, UpperFence = 200.016 ns
ConfidenceInterval = [196.330 ns; 199.215 ns] (CI 99.9%), Margin = 1.443 ns (0.73% of Mean)
Skewness = 0.24, Kurtosis = 1.32, MValue = 2
-------------------- Histogram --------------------
[196.461 ns ; 199.487 ns) | @@@@@@@@
---------------------------------------------------

SerializeDictionary.NewtonsoftJson: Quick(MaxRelativeError=0.05, Arguments=/p:MatrixMode=Benchmark, IterationTime=250ms, MaxIterationCount=12, MaxWarmupIterationCount=5, MinIterationCount=8, MinWarmupIterationCount=3)
Runtime = .NET 10.0.10 (10.0.10, 10.0.1026.32716), X64 RyuJIT x86-64-v3; GC = Concurrent Workstation
Mean = 372.045 ns, StdErr = 1.077 ns (0.29%), N = 8, StdDev = 3.048 ns
Min = 367.379 ns, Q1 = 369.439 ns, Median = 372.597 ns, Q3 = 374.826 ns, Max = 375.128 ns
IQR = 5.388 ns, LowerFence = 361.357 ns, UpperFence = 382.908 ns
ConfidenceInterval = [366.218 ns; 377.872 ns] (CI 99.9%), Margin = 5.827 ns (1.57% of Mean)
Skewness = -0.25, Kurtosis = 1.17, MValue = 2
-------------------- Histogram --------------------
[365.379 ns ; 377.128 ns) | @@@@@@@@
---------------------------------------------------

// * Summary *

BenchmarkDotNet v0.15.8, Linux Ubuntu 24.04.4 LTS (Noble Numbat)
AMD EPYC 7763 2.45GHz, 1 CPU, 4 logical and 2 physical cores
.NET SDK 10.0.302
  [Host] : .NET 10.0.10 (10.0.10, 10.0.1026.32716), X64 RyuJIT x86-64-v3
  Quick  : .NET 10.0.10 (10.0.10, 10.0.1026.32716), X64 RyuJIT x86-64-v3

Job=Quick  MaxRelativeError=0.05  Arguments=/p:MatrixMode=Benchmark  
IterationTime=250ms  MaxIterationCount=12  MaxWarmupIterationCount=5  
MinIterationCount=8  MinWarmupIterationCount=3  

| Method           | Mean     | Error   | StdDev  | Gen0   | Allocated |
|----------------- |---------:|--------:|--------:|-------:|----------:|
| SystemTextJson   | 191.1 ns | 0.76 ns | 0.34 ns | 0.0046 |      88 B |
| ServiceStackText | 197.8 ns | 1.44 ns | 0.75 ns | 0.0166 |     288 B |
| NewtonsoftJson   | 372.0 ns | 5.83 ns | 3.05 ns | 0.0892 |    1512 B |

// * Hints *
Outliers
  SerializeDictionary.SystemTextJson: Quick -> 1 outlier  was  removed (199.19 ns)

// * Legends *
  Mean      : Arithmetic mean of all measurements
  Error     : Half of 99.9% confidence interval
  StdDev    : Standard deviation of all measurements
  Gen0      : GC Generation 0 collects per 1000 operations
  Allocated : Allocated memory per single operation (managed only, inclusive, 1KB = 1024B)
  1 ns      : 1 Nanosecond (0.000000001 sec)

// * Diagnostic Output - MemoryDiagnoser *


// ***** BenchmarkRunner: End *****
Run time: 00:00:15 (15.76 sec), executed benchmarks: 3

// Found 3 benchmarks:
//   SerializeNestedObject.NewtonsoftJson: Quick(MaxRelativeError=0.05, Arguments=/p:MatrixMode=Benchmark, IterationTime=250ms, MaxIterationCount=12, MaxWarmupIterationCount=5, MinIterationCount=8, MinWarmupIterationCount=3)
//   SerializeNestedObject.ServiceStackText: Quick(MaxRelativeError=0.05, Arguments=/p:MatrixMode=Benchmark, IterationTime=250ms, MaxIterationCount=12, MaxWarmupIterationCount=5, MinIterationCount=8, MinWarmupIterationCount=3)
//   SerializeNestedObject.SystemTextJson: Quick(MaxRelativeError=0.05, Arguments=/p:MatrixMode=Benchmark, IterationTime=250ms, MaxIterationCount=12, MaxWarmupIterationCount=5, MinIterationCount=8, MinWarmupIterationCount=3)

// **************************
// Benchmark: SerializeNestedObject.NewtonsoftJson: Quick(MaxRelativeError=0.05, Arguments=/p:MatrixMode=Benchmark, IterationTime=250ms, MaxIterationCount=12, MaxWarmupIterationCount=5, MinIterationCount=8, MinWarmupIterationCount=3)
// *** Execute ***
// Launch: 1 / 1
// Execute: dotnet Matrix.JsonSerialization-Quick-1.dll --anonymousPipes 129 130 --benchmarkName Matrix.JsonSerialization.Benchmarks.SerializeNestedObject.NewtonsoftJson --job Quick --benchmarkId 28 in /home/runner/work/dotnet-matrix/dotnet-matrix/src/Matrix.JsonSerialization/bin/Benchmark/Release/net10.0/Matrix.JsonSerialization-Quick-1/bin/Release/net10.0
// Failed to set up high priority (Permission denied). In order to run benchmarks with high priority, make sure you have the right permissions.
// BeforeAnythingElse

// Benchmark Process Environment Information:
// BenchmarkDotNet v0.15.8
// Runtime=.NET 10.0.10 (10.0.10, 10.0.1026.32716), X64 RyuJIT x86-64-v3
// GC=Concurrent Workstation
// HardwareIntrinsics=AVX2+BMI1+BMI2+F16C+FMA+LZCNT+MOVBE,AVX,SSE3+SSSE3+SSE4.1+SSE4.2+POPCNT,X86Base+SSE+SSE2,AES+PCLMUL VectorSize=256
// Job: Quick(MaxRelativeError=0.05, IterationTime=250ms, MaxIterationCount=12, MaxWarmupIterationCount=5, MinIterationCount=8, MinWarmupIterationCount=3)

OverheadJitting  1: 1 op, 209764.00 ns, 209.7640 us/op
WorkloadJitting  1: 1 op, 56543466.00 ns, 56.5435 ms/op

WorkloadPilot    1: 4 op, 43572.00 ns, 10.8930 us/op
WorkloadPilot    2: 22951 op, 112112902.00 ns, 4.8849 us/op
WorkloadPilot    3: 51178 op, 207354722.00 ns, 4.0516 us/op
WorkloadPilot    4: 61703 op, 42216232.00 ns, 684.1844 ns/op
WorkloadPilot    5: 365399 op, 260155350.00 ns, 711.9761 ns/op
WorkloadPilot    6: 351135 op, 225820179.00 ns, 643.1150 ns/op
WorkloadPilot    7: 388733 op, 246468050.00 ns, 634.0291 ns/op
WorkloadPilot    8: 394304 op, 252995054.00 ns, 641.6244 ns/op
WorkloadPilot    9: 389636 op, 250974114.00 ns, 644.1246 ns/op

WorkloadWarmup   1: 389636 op, 247100369.00 ns, 634.1826 ns/op
WorkloadWarmup   2: 389636 op, 250578790.00 ns, 643.1100 ns/op
WorkloadWarmup   3: 389636 op, 249492627.00 ns, 640.3223 ns/op
WorkloadWarmup   4: 389636 op, 250206470.00 ns, 642.1544 ns/op
WorkloadWarmup   5: 389636 op, 248855390.00 ns, 638.6869 ns/op

// BeforeActualRun
WorkloadActual   1: 389636 op, 247498307.00 ns, 635.2039 ns/op
WorkloadActual   2: 389636 op, 250533174.00 ns, 642.9929 ns/op
WorkloadActual   3: 389636 op, 248888682.00 ns, 638.7723 ns/op
WorkloadActual   4: 389636 op, 258645641.00 ns, 663.8135 ns/op
WorkloadActual   5: 389636 op, 250818672.00 ns, 643.7256 ns/op
WorkloadActual   6: 389636 op, 251854039.00 ns, 646.3829 ns/op
WorkloadActual   7: 389636 op, 250503058.00 ns, 642.9156 ns/op
WorkloadActual   8: 389636 op, 269666205.00 ns, 692.0978 ns/op

// AfterActualRun
WorkloadResult   1: 389636 op, 247498307.00 ns, 635.2039 ns/op
WorkloadResult   2: 389636 op, 250533174.00 ns, 642.9929 ns/op
WorkloadResult   3: 389636 op, 248888682.00 ns, 638.7723 ns/op
WorkloadResult   4: 389636 op, 258645641.00 ns, 663.8135 ns/op
WorkloadResult   5: 389636 op, 250818672.00 ns, 643.7256 ns/op
WorkloadResult   6: 389636 op, 251854039.00 ns, 646.3829 ns/op
WorkloadResult   7: 389636 op, 250503058.00 ns, 642.9156 ns/op
// GC:  38 0 0 648354304 389636
// Threading:  0 0 389636

// AfterAll
// Benchmark Process 3745 has exited with code 0.

Mean = 644.830 ns, StdErr = 3.452 ns (0.54%), N = 7, StdDev = 9.132 ns
Min = 635.204 ns, Q1 = 640.844 ns, Median = 642.993 ns, Q3 = 645.054 ns, Max = 663.814 ns
IQR = 4.210 ns, LowerFence = 634.528 ns, UpperFence = 651.370 ns
ConfidenceInterval = [624.261 ns; 665.398 ns] (CI 99.9%), Margin = 20.568 ns (3.19% of Mean)
Skewness = 1.07, Kurtosis = 2.87, MValue = 2

// ** Remained 9 (23.7 %) benchmark(s) to run. Estimated finish 2026-08-04 6:43 (0h 0m from now) **
// **************************
// Benchmark: SerializeNestedObject.ServiceStackText: Quick(MaxRelativeError=0.05, Arguments=/p:MatrixMode=Benchmark, IterationTime=250ms, MaxIterationCount=12, MaxWarmupIterationCount=5, MinIterationCount=8, MinWarmupIterationCount=3)
// *** Execute ***
// Launch: 1 / 1
// Execute: dotnet Matrix.JsonSerialization-Quick-1.dll --anonymousPipes 129 130 --benchmarkName Matrix.JsonSerialization.Benchmarks.SerializeNestedObject.ServiceStackText --job Quick --benchmarkId 29 in /home/runner/work/dotnet-matrix/dotnet-matrix/src/Matrix.JsonSerialization/bin/Benchmark/Release/net10.0/Matrix.JsonSerialization-Quick-1/bin/Release/net10.0
// Failed to set up high priority (Permission denied). In order to run benchmarks with high priority, make sure you have the right permissions.
// BeforeAnythingElse

// Benchmark Process Environment Information:
// BenchmarkDotNet v0.15.8
// Runtime=.NET 10.0.10 (10.0.10, 10.0.1026.32716), X64 RyuJIT x86-64-v3
// GC=Concurrent Workstation
// HardwareIntrinsics=AVX2+BMI1+BMI2+F16C+FMA+LZCNT+MOVBE,AVX,SSE3+SSSE3+SSE4.1+SSE4.2+POPCNT,X86Base+SSE+SSE2,AES+PCLMUL VectorSize=256
// Job: Quick(MaxRelativeError=0.05, IterationTime=250ms, MaxIterationCount=12, MaxWarmupIterationCount=5, MinIterationCount=8, MinWarmupIterationCount=3)

OverheadJitting  1: 1 op, 215095.00 ns, 215.0950 us/op
WorkloadJitting  1: 1 op, 51281100.00 ns, 51.2811 ms/op

WorkloadPilot    1: 4 op, 52349.00 ns, 13.0873 us/op
WorkloadPilot    2: 19103 op, 95174406.00 ns, 4.9822 us/op
WorkloadPilot    3: 50179 op, 191318736.00 ns, 3.8127 us/op
WorkloadPilot    4: 65570 op, 42188811.00 ns, 643.4164 ns/op
WorkloadPilot    5: 388551 op, 231758306.00 ns, 596.4682 ns/op
WorkloadPilot    6: 419134 op, 251384736.00 ns, 599.7718 ns/op
WorkloadPilot    7: 416825 op, 250246896.00 ns, 600.3644 ns/op
WorkloadPilot    8: 416414 op, 250113565.00 ns, 600.6368 ns/op

WorkloadWarmup   1: 416414 op, 248515510.00 ns, 596.7991 ns/op
WorkloadWarmup   2: 416414 op, 247033623.00 ns, 593.2404 ns/op
WorkloadWarmup   3: 416414 op, 249340030.00 ns, 598.7792 ns/op
WorkloadWarmup   4: 416414 op, 248110739.00 ns, 595.8271 ns/op
WorkloadWarmup   5: 416414 op, 250453905.00 ns, 601.4541 ns/op

// BeforeActualRun
WorkloadActual   1: 416414 op, 245913796.00 ns, 590.5512 ns/op
WorkloadActual   2: 416414 op, 247500059.00 ns, 594.3606 ns/op
WorkloadActual   3: 416414 op, 247208221.00 ns, 593.6597 ns/op
WorkloadActual   4: 416414 op, 247166673.00 ns, 593.5599 ns/op
WorkloadActual   5: 416414 op, 264705716.00 ns, 635.6792 ns/op
WorkloadActual   6: 416414 op, 247825692.00 ns, 595.1426 ns/op
WorkloadActual   7: 416414 op, 246716747.00 ns, 592.4795 ns/op
WorkloadActual   8: 416414 op, 246238206.00 ns, 591.3303 ns/op

// AfterActualRun
WorkloadResult   1: 416414 op, 245913796.00 ns, 590.5512 ns/op
WorkloadResult   2: 416414 op, 247500059.00 ns, 594.3606 ns/op
WorkloadResult   3: 416414 op, 247208221.00 ns, 593.6597 ns/op
WorkloadResult   4: 416414 op, 247166673.00 ns, 593.5599 ns/op
WorkloadResult   5: 416414 op, 247825692.00 ns, 595.1426 ns/op
WorkloadResult   6: 416414 op, 246716747.00 ns, 592.4795 ns/op
WorkloadResult   7: 416414 op, 246238206.00 ns, 591.3303 ns/op
// GC:  19 0 0 329804208 416414
// Threading:  0 0 416414

// AfterAll
// Benchmark Process 3776 has exited with code 0.

Mean = 593.012 ns, StdErr = 0.622 ns (0.10%), N = 7, StdDev = 1.645 ns
Min = 590.551 ns, Q1 = 591.905 ns, Median = 593.560 ns, Q3 = 594.010 ns, Max = 595.143 ns
IQR = 2.105 ns, LowerFence = 588.747 ns, UpperFence = 597.168 ns
ConfidenceInterval = [589.306 ns; 596.718 ns] (CI 99.9%), Margin = 3.706 ns (0.62% of Mean)
Skewness = -0.23, Kurtosis = 1.34, MValue = 2

// ** Remained 8 (21.1 %) benchmark(s) to run. Estimated finish 2026-08-04 6:43 (0h 0m from now) **
// **************************
// Benchmark: SerializeNestedObject.SystemTextJson: Quick(MaxRelativeError=0.05, Arguments=/p:MatrixMode=Benchmark, IterationTime=250ms, MaxIterationCount=12, MaxWarmupIterationCount=5, MinIterationCount=8, MinWarmupIterationCount=3)
// *** Execute ***
// Launch: 1 / 1
// Execute: dotnet Matrix.JsonSerialization-Quick-1.dll --anonymousPipes 129 130 --benchmarkName Matrix.JsonSerialization.Benchmarks.SerializeNestedObject.SystemTextJson --job Quick --benchmarkId 30 in /home/runner/work/dotnet-matrix/dotnet-matrix/src/Matrix.JsonSerialization/bin/Benchmark/Release/net10.0/Matrix.JsonSerialization-Quick-1/bin/Release/net10.0
// Failed to set up high priority (Permission denied). In order to run benchmarks with high priority, make sure you have the right permissions.
// BeforeAnythingElse

// Benchmark Process Environment Information:
// BenchmarkDotNet v0.15.8
// Runtime=.NET 10.0.10 (10.0.10, 10.0.1026.32716), X64 RyuJIT x86-64-v3
// GC=Concurrent Workstation
// HardwareIntrinsics=AVX2+BMI1+BMI2+F16C+FMA+LZCNT+MOVBE,AVX,SSE3+SSSE3+SSE4.1+SSE4.2+POPCNT,X86Base+SSE+SSE2,AES+PCLMUL VectorSize=256
// Job: Quick(MaxRelativeError=0.05, IterationTime=250ms, MaxIterationCount=12, MaxWarmupIterationCount=5, MinIterationCount=8, MinWarmupIterationCount=3)

OverheadJitting  1: 1 op, 229241.00 ns, 229.2410 us/op
WorkloadJitting  1: 1 op, 24509272.00 ns, 24.5093 ms/op

WorkloadPilot    1: 4 op, 78077.00 ns, 19.5193 us/op
WorkloadPilot    2: 12808 op, 15791538.00 ns, 1.2329 us/op
WorkloadPilot    3: 202767 op, 259040503.00 ns, 1.2775 us/op
WorkloadPilot    4: 195690 op, 289008010.00 ns, 1.4769 us/op
WorkloadPilot    5: 169277 op, 76901522.00 ns, 454.2940 ns/op
WorkloadPilot    6: 550304 op, 240797155.00 ns, 437.5712 ns/op
WorkloadPilot    7: 571336 op, 248157105.00 ns, 434.3453 ns/op
WorkloadPilot    8: 575579 op, 250017364.00 ns, 434.3754 ns/op

WorkloadWarmup   1: 575579 op, 249414440.00 ns, 433.3279 ns/op
WorkloadWarmup   2: 575579 op, 251041430.00 ns, 436.1546 ns/op
WorkloadWarmup   3: 575579 op, 250862633.00 ns, 435.8440 ns/op
WorkloadWarmup   4: 575579 op, 249514368.00 ns, 433.5015 ns/op
WorkloadWarmup   5: 575579 op, 249773705.00 ns, 433.9521 ns/op

// BeforeActualRun
WorkloadActual   1: 575579 op, 248369245.00 ns, 431.5120 ns/op
WorkloadActual   2: 575579 op, 257334795.00 ns, 447.0886 ns/op
WorkloadActual   3: 575579 op, 247951639.00 ns, 430.7865 ns/op
WorkloadActual   4: 575579 op, 250645525.00 ns, 435.4668 ns/op
WorkloadActual   5: 575579 op, 251650155.00 ns, 437.2122 ns/op
WorkloadActual   6: 575579 op, 252669582.00 ns, 438.9833 ns/op
WorkloadActual   7: 575579 op, 249492161.00 ns, 433.4629 ns/op
WorkloadActual   8: 575579 op, 249424746.00 ns, 433.3458 ns/op

// AfterActualRun
WorkloadResult   1: 575579 op, 248369245.00 ns, 431.5120 ns/op
WorkloadResult   2: 575579 op, 247951639.00 ns, 430.7865 ns/op
WorkloadResult   3: 575579 op, 250645525.00 ns, 435.4668 ns/op
WorkloadResult   4: 575579 op, 251650155.00 ns, 437.2122 ns/op
WorkloadResult   5: 575579 op, 252669582.00 ns, 438.9833 ns/op
WorkloadResult   6: 575579 op, 249492161.00 ns, 433.4629 ns/op
WorkloadResult   7: 575579 op, 249424746.00 ns, 433.3458 ns/op
// GC:  17 0 0 290091816 575579
// Threading:  0 0 575579

// AfterAll
// Benchmark Process 3785 has exited with code 0.

Mean = 434.396 ns, StdErr = 1.128 ns (0.26%), N = 7, StdDev = 2.984 ns
Min = 430.786 ns, Q1 = 432.429 ns, Median = 433.463 ns, Q3 = 436.339 ns, Max = 438.983 ns
IQR = 3.911 ns, LowerFence = 426.563 ns, UpperFence = 442.205 ns
ConfidenceInterval = [427.674 ns; 441.117 ns] (CI 99.9%), Margin = 6.722 ns (1.55% of Mean)
Skewness = 0.25, Kurtosis = 1.35, MValue = 2

// ** Remained 7 (18.4 %) benchmark(s) to run. Estimated finish 2026-08-04 6:43 (0h 0m from now) **
// ***** BenchmarkRunner: Finish  *****

// * Export *
  tmp/dotnet-matrix/JsonSerialization/fcd578694c2d4ca285574943569cdd34/results/Matrix.JsonSerialization.Benchmarks.SerializeNestedObject-report.csv
  tmp/dotnet-matrix/JsonSerialization/fcd578694c2d4ca285574943569cdd34/results/Matrix.JsonSerialization.Benchmarks.SerializeNestedObject-report-github.md
  tmp/dotnet-matrix/JsonSerialization/fcd578694c2d4ca285574943569cdd34/results/Matrix.JsonSerialization.Benchmarks.SerializeNestedObject-report.html
  tmp/dotnet-matrix/JsonSerialization/fcd578694c2d4ca285574943569cdd34/results/Matrix.JsonSerialization.Benchmarks.SerializeNestedObject-report-full.json

// * Detailed results *
SerializeNestedObject.SystemTextJson: Quick(MaxRelativeError=0.05, Arguments=/p:MatrixMode=Benchmark, IterationTime=250ms, MaxIterationCount=12, MaxWarmupIterationCount=5, MinIterationCount=8, MinWarmupIterationCount=3)
Runtime = .NET 10.0.10 (10.0.10, 10.0.1026.32716), X64 RyuJIT x86-64-v3; GC = Concurrent Workstation
Mean = 434.396 ns, StdErr = 1.128 ns (0.26%), N = 7, StdDev = 2.984 ns
Min = 430.786 ns, Q1 = 432.429 ns, Median = 433.463 ns, Q3 = 436.339 ns, Max = 438.983 ns
IQR = 3.911 ns, LowerFence = 426.563 ns, UpperFence = 442.205 ns
ConfidenceInterval = [427.674 ns; 441.117 ns] (CI 99.9%), Margin = 6.722 ns (1.55% of Mean)
Skewness = 0.25, Kurtosis = 1.35, MValue = 2
-------------------- Histogram --------------------
[428.739 ns ; 441.031 ns) | @@@@@@@
---------------------------------------------------

SerializeNestedObject.ServiceStackText: Quick(MaxRelativeError=0.05, Arguments=/p:MatrixMode=Benchmark, IterationTime=250ms, MaxIterationCount=12, MaxWarmupIterationCount=5, MinIterationCount=8, MinWarmupIterationCount=3)
Runtime = .NET 10.0.10 (10.0.10, 10.0.1026.32716), X64 RyuJIT x86-64-v3; GC = Concurrent Workstation
Mean = 593.012 ns, StdErr = 0.622 ns (0.10%), N = 7, StdDev = 1.645 ns
Min = 590.551 ns, Q1 = 591.905 ns, Median = 593.560 ns, Q3 = 594.010 ns, Max = 595.143 ns
IQR = 2.105 ns, LowerFence = 588.747 ns, UpperFence = 597.168 ns
ConfidenceInterval = [589.306 ns; 596.718 ns] (CI 99.9%), Margin = 3.706 ns (0.62% of Mean)
Skewness = -0.23, Kurtosis = 1.34, MValue = 2
-------------------- Histogram --------------------
[589.422 ns ; 596.272 ns) | @@@@@@@
---------------------------------------------------

SerializeNestedObject.NewtonsoftJson: Quick(MaxRelativeError=0.05, Arguments=/p:MatrixMode=Benchmark, IterationTime=250ms, MaxIterationCount=12, MaxWarmupIterationCount=5, MinIterationCount=8, MinWarmupIterationCount=3)
Runtime = .NET 10.0.10 (10.0.10, 10.0.1026.32716), X64 RyuJIT x86-64-v3; GC = Concurrent Workstation
Mean = 644.830 ns, StdErr = 3.452 ns (0.54%), N = 7, StdDev = 9.132 ns
Min = 635.204 ns, Q1 = 640.844 ns, Median = 642.993 ns, Q3 = 645.054 ns, Max = 663.814 ns
IQR = 4.210 ns, LowerFence = 634.528 ns, UpperFence = 651.370 ns
ConfidenceInterval = [624.261 ns; 665.398 ns] (CI 99.9%), Margin = 20.568 ns (3.19% of Mean)
Skewness = 1.07, Kurtosis = 2.87, MValue = 2
-------------------- Histogram --------------------
[634.385 ns ; 670.080 ns) | @@@@@@@
---------------------------------------------------

// * Summary *

BenchmarkDotNet v0.15.8, Linux Ubuntu 24.04.4 LTS (Noble Numbat)
AMD EPYC 7763 2.45GHz, 1 CPU, 4 logical and 2 physical cores
.NET SDK 10.0.302
  [Host] : .NET 10.0.10 (10.0.10, 10.0.1026.32716), X64 RyuJIT x86-64-v3
  Quick  : .NET 10.0.10 (10.0.10, 10.0.1026.32716), X64 RyuJIT x86-64-v3

Job=Quick  MaxRelativeError=0.05  Arguments=/p:MatrixMode=Benchmark  
IterationTime=250ms  MaxIterationCount=12  MaxWarmupIterationCount=5  
MinIterationCount=8  MinWarmupIterationCount=3  

| Method           | Mean     | Error    | StdDev  | Gen0   | Allocated |
|----------------- |---------:|---------:|--------:|-------:|----------:|
| SystemTextJson   | 434.4 ns |  6.72 ns | 2.98 ns | 0.0295 |     504 B |
| ServiceStackText | 593.0 ns |  3.71 ns | 1.65 ns | 0.0456 |     792 B |
| NewtonsoftJson   | 644.8 ns | 20.57 ns | 9.13 ns | 0.0975 |    1664 B |

// * Hints *
Outliers
  SerializeNestedObject.SystemTextJson: Quick   -> 1 outlier  was  removed (447.09 ns)
  SerializeNestedObject.ServiceStackText: Quick -> 1 outlier  was  removed (635.68 ns)
  SerializeNestedObject.NewtonsoftJson: Quick   -> 1 outlier  was  removed (692.10 ns)

// * Legends *
  Mean      : Arithmetic mean of all measurements
  Error     : Half of 99.9% confidence interval
  StdDev    : Standard deviation of all measurements
  Gen0      : GC Generation 0 collects per 1000 operations
  Allocated : Allocated memory per single operation (managed only, inclusive, 1KB = 1024B)
  1 ns      : 1 Nanosecond (0.000000001 sec)

// * Diagnostic Output - MemoryDiagnoser *


// ***** BenchmarkRunner: End *****
Run time: 00:00:15 (15.54 sec), executed benchmarks: 3

// Found 3 benchmarks:
//   SerializeSimpleObject.NewtonsoftJson: Quick(MaxRelativeError=0.05, Arguments=/p:MatrixMode=Benchmark, IterationTime=250ms, MaxIterationCount=12, MaxWarmupIterationCount=5, MinIterationCount=8, MinWarmupIterationCount=3)
//   SerializeSimpleObject.ServiceStackText: Quick(MaxRelativeError=0.05, Arguments=/p:MatrixMode=Benchmark, IterationTime=250ms, MaxIterationCount=12, MaxWarmupIterationCount=5, MinIterationCount=8, MinWarmupIterationCount=3)
//   SerializeSimpleObject.SystemTextJson: Quick(MaxRelativeError=0.05, Arguments=/p:MatrixMode=Benchmark, IterationTime=250ms, MaxIterationCount=12, MaxWarmupIterationCount=5, MinIterationCount=8, MinWarmupIterationCount=3)

// **************************
// Benchmark: SerializeSimpleObject.NewtonsoftJson: Quick(MaxRelativeError=0.05, Arguments=/p:MatrixMode=Benchmark, IterationTime=250ms, MaxIterationCount=12, MaxWarmupIterationCount=5, MinIterationCount=8, MinWarmupIterationCount=3)
// *** Execute ***
// Launch: 1 / 1
// Execute: dotnet Matrix.JsonSerialization-Quick-1.dll --anonymousPipes 129 130 --benchmarkName Matrix.JsonSerialization.Benchmarks.SerializeSimpleObject.NewtonsoftJson --job Quick --benchmarkId 31 in /home/runner/work/dotnet-matrix/dotnet-matrix/src/Matrix.JsonSerialization/bin/Benchmark/Release/net10.0/Matrix.JsonSerialization-Quick-1/bin/Release/net10.0
// Failed to set up high priority (Permission denied). In order to run benchmarks with high priority, make sure you have the right permissions.
// BeforeAnythingElse

// Benchmark Process Environment Information:
// BenchmarkDotNet v0.15.8
// Runtime=.NET 10.0.10 (10.0.10, 10.0.1026.32716), X64 RyuJIT x86-64-v3
// GC=Concurrent Workstation
// HardwareIntrinsics=AVX2+BMI1+BMI2+F16C+FMA+LZCNT+MOVBE,AVX,SSE3+SSSE3+SSE4.1+SSE4.2+POPCNT,X86Base+SSE+SSE2,AES+PCLMUL VectorSize=256
// Job: Quick(MaxRelativeError=0.05, IterationTime=250ms, MaxIterationCount=12, MaxWarmupIterationCount=5, MinIterationCount=8, MinWarmupIterationCount=3)

OverheadJitting  1: 1 op, 235543.00 ns, 235.5430 us/op
WorkloadJitting  1: 1 op, 55214859.00 ns, 55.2149 ms/op

WorkloadPilot    1: 4 op, 40316.00 ns, 10.0790 us/op
WorkloadPilot    2: 24804 op, 70328252.00 ns, 2.8354 us/op
WorkloadPilot    3: 88172 op, 225016844.00 ns, 2.5520 us/op
WorkloadPilot    4: 97962 op, 47042710.00 ns, 480.2139 ns/op
WorkloadPilot    5: 520601 op, 192677887.00 ns, 370.1066 ns/op
WorkloadPilot    6: 675481 op, 246530414.00 ns, 364.9702 ns/op
WorkloadPilot    7: 684987 op, 247386133.00 ns, 361.1545 ns/op
WorkloadPilot    8: 692225 op, 248993867.00 ns, 359.7008 ns/op
WorkloadPilot    9: 695022 op, 250842742.00 ns, 360.9134 ns/op
WorkloadPilot   10: 692687 op, 250150040.00 ns, 361.1300 ns/op
WorkloadPilot   11: 692272 op, 253375247.00 ns, 366.0053 ns/op

WorkloadWarmup   1: 692272 op, 247753243.00 ns, 357.8842 ns/op
WorkloadWarmup   2: 692272 op, 249468359.00 ns, 360.3618 ns/op
WorkloadWarmup   3: 692272 op, 251411153.00 ns, 363.1682 ns/op
WorkloadWarmup   4: 692272 op, 250911252.00 ns, 362.4461 ns/op
WorkloadWarmup   5: 692272 op, 249390072.00 ns, 360.2487 ns/op

// BeforeActualRun
WorkloadActual   1: 692272 op, 248277129.00 ns, 358.6410 ns/op
WorkloadActual   2: 692272 op, 250261901.00 ns, 361.5081 ns/op
WorkloadActual   3: 692272 op, 248819639.00 ns, 359.4247 ns/op
WorkloadActual   4: 692272 op, 248669386.00 ns, 359.2076 ns/op
WorkloadActual   5: 692272 op, 252932384.00 ns, 365.3656 ns/op
WorkloadActual   6: 692272 op, 250479661.00 ns, 361.8226 ns/op
WorkloadActual   7: 692272 op, 251845299.00 ns, 363.7953 ns/op
WorkloadActual   8: 692272 op, 249303479.00 ns, 360.1236 ns/op

// AfterActualRun
WorkloadResult   1: 692272 op, 248277129.00 ns, 358.6410 ns/op
WorkloadResult   2: 692272 op, 250261901.00 ns, 361.5081 ns/op
WorkloadResult   3: 692272 op, 248819639.00 ns, 359.4247 ns/op
WorkloadResult   4: 692272 op, 248669386.00 ns, 359.2076 ns/op
WorkloadResult   5: 692272 op, 252932384.00 ns, 365.3656 ns/op
WorkloadResult   6: 692272 op, 250479661.00 ns, 361.8226 ns/op
WorkloadResult   7: 692272 op, 251845299.00 ns, 363.7953 ns/op
WorkloadResult   8: 692272 op, 249303479.00 ns, 360.1236 ns/op
// GC:  59 0 0 996871680 692272
// Threading:  0 0 692272

// AfterAll
// Benchmark Process 3798 has exited with code 0.

Mean = 361.236 ns, StdErr = 0.839 ns (0.23%), N = 8, StdDev = 2.372 ns
Min = 358.641 ns, Q1 = 359.370 ns, Median = 360.816 ns, Q3 = 362.316 ns, Max = 365.366 ns
IQR = 2.945 ns, LowerFence = 354.952 ns, UpperFence = 366.734 ns
ConfidenceInterval = [356.701 ns; 365.771 ns] (CI 99.9%), Margin = 4.535 ns (1.26% of Mean)
Skewness = 0.51, Kurtosis = 1.61, MValue = 2

// ** Remained 6 (15.8 %) benchmark(s) to run. Estimated finish 2026-08-04 6:43 (0h 0m from now) **
// **************************
// Benchmark: SerializeSimpleObject.ServiceStackText: Quick(MaxRelativeError=0.05, Arguments=/p:MatrixMode=Benchmark, IterationTime=250ms, MaxIterationCount=12, MaxWarmupIterationCount=5, MinIterationCount=8, MinWarmupIterationCount=3)
// *** Execute ***
// Launch: 1 / 1
// Execute: dotnet Matrix.JsonSerialization-Quick-1.dll --anonymousPipes 129 130 --benchmarkName Matrix.JsonSerialization.Benchmarks.SerializeSimpleObject.ServiceStackText --job Quick --benchmarkId 32 in /home/runner/work/dotnet-matrix/dotnet-matrix/src/Matrix.JsonSerialization/bin/Benchmark/Release/net10.0/Matrix.JsonSerialization-Quick-1/bin/Release/net10.0
// Failed to set up high priority (Permission denied). In order to run benchmarks with high priority, make sure you have the right permissions.
// BeforeAnythingElse

// Benchmark Process Environment Information:
// BenchmarkDotNet v0.15.8
// Runtime=.NET 10.0.10 (10.0.10, 10.0.1026.32716), X64 RyuJIT x86-64-v3
// GC=Concurrent Workstation
// HardwareIntrinsics=AVX2+BMI1+BMI2+F16C+FMA+LZCNT+MOVBE,AVX,SSE3+SSSE3+SSE4.1+SSE4.2+POPCNT,X86Base+SSE+SSE2,AES+PCLMUL VectorSize=256
// Job: Quick(MaxRelativeError=0.05, IterationTime=250ms, MaxIterationCount=12, MaxWarmupIterationCount=5, MinIterationCount=8, MinWarmupIterationCount=3)

OverheadJitting  1: 1 op, 241624.00 ns, 241.6240 us/op
WorkloadJitting  1: 1 op, 45015689.00 ns, 45.0157 ms/op

WorkloadPilot    1: 4 op, 28995.00 ns, 7.2488 us/op
WorkloadPilot    2: 34489 op, 73339053.00 ns, 2.1264 us/op
WorkloadPilot    3: 117567 op, 222779628.00 ns, 1.8949 us/op
WorkloadPilot    4: 131932 op, 40955893.00 ns, 310.4318 ns/op
WorkloadPilot    5: 805330 op, 231185014.00 ns, 287.0687 ns/op
WorkloadPilot    6: 870872 op, 253002996.00 ns, 290.5169 ns/op
WorkloadPilot    7: 860535 op, 248617769.00 ns, 288.9107 ns/op
WorkloadPilot    8: 865319 op, 250450726.00 ns, 289.4317 ns/op
WorkloadPilot    9: 863762 op, 248897084.00 ns, 288.1547 ns/op
WorkloadPilot   10: 867590 op, 249931450.00 ns, 288.0755 ns/op
WorkloadPilot   11: 867828 op, 252442732.00 ns, 290.8903 ns/op

WorkloadWarmup   1: 867828 op, 251011952.00 ns, 289.2416 ns/op
WorkloadWarmup   2: 867828 op, 255437685.00 ns, 294.3414 ns/op
WorkloadWarmup   3: 867828 op, 255282062.00 ns, 294.1620 ns/op
WorkloadWarmup   4: 867828 op, 255402578.00 ns, 294.3009 ns/op
WorkloadWarmup   5: 867828 op, 256664832.00 ns, 295.7554 ns/op

// BeforeActualRun
WorkloadActual   1: 867828 op, 254168698.00 ns, 292.8791 ns/op
WorkloadActual   2: 867828 op, 271687255.00 ns, 313.0658 ns/op
WorkloadActual   3: 867828 op, 258132513.00 ns, 297.4466 ns/op
WorkloadActual   4: 867828 op, 255856251.00 ns, 294.8237 ns/op
WorkloadActual   5: 867828 op, 256201561.00 ns, 295.2216 ns/op
WorkloadActual   6: 867828 op, 255469755.00 ns, 294.3783 ns/op
WorkloadActual   7: 867828 op, 258503159.00 ns, 297.8737 ns/op
WorkloadActual   8: 867828 op, 257932296.00 ns, 297.2159 ns/op

// AfterActualRun
WorkloadResult   1: 867828 op, 254168698.00 ns, 292.8791 ns/op
WorkloadResult   2: 867828 op, 258132513.00 ns, 297.4466 ns/op
WorkloadResult   3: 867828 op, 255856251.00 ns, 294.8237 ns/op
WorkloadResult   4: 867828 op, 256201561.00 ns, 295.2216 ns/op
WorkloadResult   5: 867828 op, 255469755.00 ns, 294.3783 ns/op
WorkloadResult   6: 867828 op, 258503159.00 ns, 297.8737 ns/op
WorkloadResult   7: 867828 op, 257932296.00 ns, 297.2159 ns/op
// GC:  17 0 0 291598128 867828
// Threading:  0 0 867828

// AfterAll
// Benchmark Process 3809 has exited with code 0.

Mean = 295.691 ns, StdErr = 0.703 ns (0.24%), N = 7, StdDev = 1.861 ns
Min = 292.879 ns, Q1 = 294.601 ns, Median = 295.222 ns, Q3 = 297.331 ns, Max = 297.874 ns
IQR = 2.730 ns, LowerFence = 290.506 ns, UpperFence = 301.427 ns
ConfidenceInterval = [291.500 ns; 299.882 ns] (CI 99.9%), Margin = 4.191 ns (1.42% of Mean)
Skewness = -0.13, Kurtosis = 1.24, MValue = 2

// ** Remained 5 (13.2 %) benchmark(s) to run. Estimated finish 2026-08-04 6:43 (0h 0m from now) **
// **************************
// Benchmark: SerializeSimpleObject.SystemTextJson: Quick(MaxRelativeError=0.05, Arguments=/p:MatrixMode=Benchmark, IterationTime=250ms, MaxIterationCount=12, MaxWarmupIterationCount=5, MinIterationCount=8, MinWarmupIterationCount=3)
// *** Execute ***
// Launch: 1 / 1
// Execute: dotnet Matrix.JsonSerialization-Quick-1.dll --anonymousPipes 129 130 --benchmarkName Matrix.JsonSerialization.Benchmarks.SerializeSimpleObject.SystemTextJson --job Quick --benchmarkId 33 in /home/runner/work/dotnet-matrix/dotnet-matrix/src/Matrix.JsonSerialization/bin/Benchmark/Release/net10.0/Matrix.JsonSerialization-Quick-1/bin/Release/net10.0
// Failed to set up high priority (Permission denied). In order to run benchmarks with high priority, make sure you have the right permissions.
// BeforeAnythingElse

// Benchmark Process Environment Information:
// BenchmarkDotNet v0.15.8
// Runtime=.NET 10.0.10 (10.0.10, 10.0.1026.32716), X64 RyuJIT x86-64-v3
// GC=Concurrent Workstation
// HardwareIntrinsics=AVX2+BMI1+BMI2+F16C+FMA+LZCNT+MOVBE,AVX,SSE3+SSSE3+SSE4.1+SSE4.2+POPCNT,X86Base+SSE+SSE2,AES+PCLMUL VectorSize=256
// Job: Quick(MaxRelativeError=0.05, IterationTime=250ms, MaxIterationCount=12, MaxWarmupIterationCount=5, MinIterationCount=8, MinWarmupIterationCount=3)

OverheadJitting  1: 1 op, 210105.00 ns, 210.1050 us/op
WorkloadJitting  1: 1 op, 23901690.00 ns, 23.9017 ms/op

WorkloadPilot    1: 4 op, 141026.00 ns, 35.2565 us/op
WorkloadPilot    2: 7091 op, 4237168.00 ns, 597.5417 ns/op
WorkloadPilot    3: 418381 op, 279531847.00 ns, 668.1275 ns/op
WorkloadPilot    4: 374180 op, 293782267.00 ns, 785.1362 ns/op
WorkloadPilot    5: 318416 op, 68678198.00 ns, 215.6870 ns/op
WorkloadPilot    6: 1159087 op, 220783944.00 ns, 190.4809 ns/op
WorkloadPilot    7: 1312467 op, 247451255.00 ns, 188.5390 ns/op
WorkloadPilot    8: 1325985 op, 248755678.00 ns, 187.6007 ns/op
WorkloadPilot    9: 1332618 op, 250486474.00 ns, 187.9657 ns/op

WorkloadWarmup   1: 1332618 op, 249340598.00 ns, 187.1058 ns/op
WorkloadWarmup   2: 1332618 op, 249758043.00 ns, 187.4191 ns/op
WorkloadWarmup   3: 1332618 op, 249717868.00 ns, 187.3889 ns/op
WorkloadWarmup   4: 1332618 op, 250886626.00 ns, 188.2660 ns/op
WorkloadWarmup   5: 1332618 op, 249614273.00 ns, 187.3112 ns/op

// BeforeActualRun
WorkloadActual   1: 1332618 op, 250064550.00 ns, 187.6491 ns/op
WorkloadActual   2: 1332618 op, 251092744.00 ns, 188.4206 ns/op
WorkloadActual   3: 1332618 op, 250637208.00 ns, 188.0788 ns/op
WorkloadActual   4: 1332618 op, 271223703.00 ns, 203.5270 ns/op
WorkloadActual   5: 1332618 op, 253023936.00 ns, 189.8698 ns/op
WorkloadActual   6: 1332618 op, 250785947.00 ns, 188.1904 ns/op
WorkloadActual   7: 1332618 op, 250894421.00 ns, 188.2718 ns/op
WorkloadActual   8: 1332618 op, 250609415.00 ns, 188.0580 ns/op

// AfterActualRun
WorkloadResult   1: 1332618 op, 250064550.00 ns, 187.6491 ns/op
WorkloadResult   2: 1332618 op, 251092744.00 ns, 188.4206 ns/op
WorkloadResult   3: 1332618 op, 250637208.00 ns, 188.0788 ns/op
WorkloadResult   4: 1332618 op, 250785947.00 ns, 188.1904 ns/op
WorkloadResult   5: 1332618 op, 250894421.00 ns, 188.2718 ns/op
WorkloadResult   6: 1332618 op, 250609415.00 ns, 188.0580 ns/op
// GC:  7 0 0 127931328 1332618
// Threading:  0 0 1332618

// AfterAll
// Benchmark Process 3818 has exited with code 0.

Mean = 188.111 ns, StdErr = 0.107 ns (0.06%), N = 6, StdDev = 0.263 ns
Min = 187.649 ns, Q1 = 188.063 ns, Median = 188.135 ns, Q3 = 188.251 ns, Max = 188.421 ns
IQR = 0.188 ns, LowerFence = 187.781 ns, UpperFence = 188.534 ns
ConfidenceInterval = [187.375 ns; 188.848 ns] (CI 99.9%), Margin = 0.737 ns (0.39% of Mean)
Skewness = -0.6, Kurtosis = 1.94, MValue = 2

// ** Remained 4 (10.5 %) benchmark(s) to run. Estimated finish 2026-08-04 6:43 (0h 0m from now) **
// ***** BenchmarkRunner: Finish  *****

// * Export *
  tmp/dotnet-matrix/JsonSerialization/fcd578694c2d4ca285574943569cdd34/results/Matrix.JsonSerialization.Benchmarks.SerializeSimpleObject-report.csv
  tmp/dotnet-matrix/JsonSerialization/fcd578694c2d4ca285574943569cdd34/results/Matrix.JsonSerialization.Benchmarks.SerializeSimpleObject-report-github.md
  tmp/dotnet-matrix/JsonSerialization/fcd578694c2d4ca285574943569cdd34/results/Matrix.JsonSerialization.Benchmarks.SerializeSimpleObject-report.html
  tmp/dotnet-matrix/JsonSerialization/fcd578694c2d4ca285574943569cdd34/results/Matrix.JsonSerialization.Benchmarks.SerializeSimpleObject-report-full.json

// * Detailed results *
SerializeSimpleObject.SystemTextJson: Quick(MaxRelativeError=0.05, Arguments=/p:MatrixMode=Benchmark, IterationTime=250ms, MaxIterationCount=12, MaxWarmupIterationCount=5, MinIterationCount=8, MinWarmupIterationCount=3)
Runtime = .NET 10.0.10 (10.0.10, 10.0.1026.32716), X64 RyuJIT x86-64-v3; GC = Concurrent Workstation
Mean = 188.111 ns, StdErr = 0.107 ns (0.06%), N = 6, StdDev = 0.263 ns
Min = 187.649 ns, Q1 = 188.063 ns, Median = 188.135 ns, Q3 = 188.251 ns, Max = 188.421 ns
IQR = 0.188 ns, LowerFence = 187.781 ns, UpperFence = 188.534 ns
ConfidenceInterval = [187.375 ns; 188.848 ns] (CI 99.9%), Margin = 0.737 ns (0.39% of Mean)
Skewness = -0.6, Kurtosis = 1.94, MValue = 2
-------------------- Histogram --------------------
[187.459 ns ; 188.611 ns) | @@@@@@
---------------------------------------------------

SerializeSimpleObject.ServiceStackText: Quick(MaxRelativeError=0.05, Arguments=/p:MatrixMode=Benchmark, IterationTime=250ms, MaxIterationCount=12, MaxWarmupIterationCount=5, MinIterationCount=8, MinWarmupIterationCount=3)
Runtime = .NET 10.0.10 (10.0.10, 10.0.1026.32716), X64 RyuJIT x86-64-v3; GC = Concurrent Workstation
Mean = 295.691 ns, StdErr = 0.703 ns (0.24%), N = 7, StdDev = 1.861 ns
Min = 292.879 ns, Q1 = 294.601 ns, Median = 295.222 ns, Q3 = 297.331 ns, Max = 297.874 ns
IQR = 2.730 ns, LowerFence = 290.506 ns, UpperFence = 301.427 ns
ConfidenceInterval = [291.500 ns; 299.882 ns] (CI 99.9%), Margin = 4.191 ns (1.42% of Mean)
Skewness = -0.13, Kurtosis = 1.24, MValue = 2
-------------------- Histogram --------------------
[291.602 ns ; 299.151 ns) | @@@@@@@
---------------------------------------------------

SerializeSimpleObject.NewtonsoftJson: Quick(MaxRelativeError=0.05, Arguments=/p:MatrixMode=Benchmark, IterationTime=250ms, MaxIterationCount=12, MaxWarmupIterationCount=5, MinIterationCount=8, MinWarmupIterationCount=3)
Runtime = .NET 10.0.10 (10.0.10, 10.0.1026.32716), X64 RyuJIT x86-64-v3; GC = Concurrent Workstation
Mean = 361.236 ns, StdErr = 0.839 ns (0.23%), N = 8, StdDev = 2.372 ns
Min = 358.641 ns, Q1 = 359.370 ns, Median = 360.816 ns, Q3 = 362.316 ns, Max = 365.366 ns
IQR = 2.945 ns, LowerFence = 354.952 ns, UpperFence = 366.734 ns
ConfidenceInterval = [356.701 ns; 365.771 ns] (CI 99.9%), Margin = 4.535 ns (1.26% of Mean)
Skewness = 0.51, Kurtosis = 1.61, MValue = 2
-------------------- Histogram --------------------
[357.084 ns ; 366.922 ns) | @@@@@@@@
---------------------------------------------------

// * Summary *

BenchmarkDotNet v0.15.8, Linux Ubuntu 24.04.4 LTS (Noble Numbat)
AMD EPYC 7763 2.45GHz, 1 CPU, 4 logical and 2 physical cores
.NET SDK 10.0.302
  [Host] : .NET 10.0.10 (10.0.10, 10.0.1026.32716), X64 RyuJIT x86-64-v3
  Quick  : .NET 10.0.10 (10.0.10, 10.0.1026.32716), X64 RyuJIT x86-64-v3

Job=Quick  MaxRelativeError=0.05  Arguments=/p:MatrixMode=Benchmark  
IterationTime=250ms  MaxIterationCount=12  MaxWarmupIterationCount=5  
MinIterationCount=8  MinWarmupIterationCount=3  

| Method           | Mean     | Error   | StdDev  | Gen0   | Allocated |
|----------------- |---------:|--------:|--------:|-------:|----------:|
| SystemTextJson   | 188.1 ns | 0.74 ns | 0.26 ns | 0.0053 |      96 B |
| ServiceStackText | 295.7 ns | 4.19 ns | 1.86 ns | 0.0196 |     336 B |
| NewtonsoftJson   | 361.2 ns | 4.54 ns | 2.37 ns | 0.0852 |    1440 B |

// * Hints *
Outliers
  SerializeSimpleObject.SystemTextJson: Quick   -> 2 outliers were removed (189.87 ns, 203.53 ns)
  SerializeSimpleObject.ServiceStackText: Quick -> 1 outlier  was  removed (313.07 ns)

// * Legends *
  Mean      : Arithmetic mean of all measurements
  Error     : Half of 99.9% confidence interval
  StdDev    : Standard deviation of all measurements
  Gen0      : GC Generation 0 collects per 1000 operations
  Allocated : Allocated memory per single operation (managed only, inclusive, 1KB = 1024B)
  1 ns      : 1 Nanosecond (0.000000001 sec)

// * Diagnostic Output - MemoryDiagnoser *


// ***** BenchmarkRunner: End *****
Run time: 00:00:17 (17.07 sec), executed benchmarks: 3

// Found 1 benchmarks:
//   SourceGenerationRoundTrip.SystemTextJson: Quick(MaxRelativeError=0.05, Arguments=/p:MatrixMode=Benchmark, IterationTime=250ms, MaxIterationCount=12, MaxWarmupIterationCount=5, MinIterationCount=8, MinWarmupIterationCount=3)

// **************************
// Benchmark: SourceGenerationRoundTrip.SystemTextJson: Quick(MaxRelativeError=0.05, Arguments=/p:MatrixMode=Benchmark, IterationTime=250ms, MaxIterationCount=12, MaxWarmupIterationCount=5, MinIterationCount=8, MinWarmupIterationCount=3)
// *** Execute ***
// Launch: 1 / 1
// Execute: dotnet Matrix.JsonSerialization-Quick-1.dll --anonymousPipes 129 130 --benchmarkName Matrix.JsonSerialization.Benchmarks.SourceGenerationRoundTrip.SystemTextJson --job Quick --benchmarkId 34 in /home/runner/work/dotnet-matrix/dotnet-matrix/src/Matrix.JsonSerialization/bin/Benchmark/Release/net10.0/Matrix.JsonSerialization-Quick-1/bin/Release/net10.0
// Failed to set up high priority (Permission denied). In order to run benchmarks with high priority, make sure you have the right permissions.
// BeforeAnythingElse

// Benchmark Process Environment Information:
// BenchmarkDotNet v0.15.8
// Runtime=.NET 10.0.10 (10.0.10, 10.0.1026.32716), X64 RyuJIT x86-64-v3
// GC=Concurrent Workstation
// HardwareIntrinsics=AVX2+BMI1+BMI2+F16C+FMA+LZCNT+MOVBE,AVX,SSE3+SSSE3+SSE4.1+SSE4.2+POPCNT,X86Base+SSE+SSE2,AES+PCLMUL VectorSize=256
// Job: Quick(MaxRelativeError=0.05, IterationTime=250ms, MaxIterationCount=12, MaxWarmupIterationCount=5, MinIterationCount=8, MinWarmupIterationCount=3)

OverheadJitting  1: 1 op, 232277.00 ns, 232.2770 us/op
WorkloadJitting  1: 1 op, 17324601.00 ns, 17.3246 ms/op

WorkloadPilot    1: 4 op, 153659.00 ns, 38.4148 us/op
WorkloadPilot    2: 6508 op, 14144160.00 ns, 2.1733 us/op
WorkloadPilot    3: 115030 op, 262706355.00 ns, 2.2838 us/op
WorkloadPilot    4: 109466 op, 202835840.00 ns, 1.8530 us/op
WorkloadPilot    5: 134919 op, 162553015.00 ns, 1.2048 us/op
WorkloadPilot    6: 207500 op, 89943732.00 ns, 433.4638 ns/op
WorkloadPilot    7: 576749 op, 239832037.00 ns, 415.8343 ns/op
WorkloadPilot    8: 601201 op, 250646826.00 ns, 416.9102 ns/op
WorkloadPilot    9: 599650 op, 249377248.00 ns, 415.8713 ns/op
WorkloadPilot   10: 601147 op, 250288792.00 ns, 416.3521 ns/op

WorkloadWarmup   1: 601147 op, 250809781.00 ns, 417.2187 ns/op
WorkloadWarmup   2: 601147 op, 253465376.00 ns, 421.6363 ns/op
WorkloadWarmup   3: 601147 op, 250975784.00 ns, 417.4949 ns/op
WorkloadWarmup   4: 601147 op, 250311645.00 ns, 416.3901 ns/op
WorkloadWarmup   5: 601147 op, 250329247.00 ns, 416.4194 ns/op

// BeforeActualRun
WorkloadActual   1: 601147 op, 249626606.00 ns, 415.2505 ns/op
WorkloadActual   2: 601147 op, 250299251.00 ns, 416.3695 ns/op
WorkloadActual   3: 601147 op, 251180419.00 ns, 417.8353 ns/op
WorkloadActual   4: 601147 op, 252272042.00 ns, 419.6512 ns/op
WorkloadActual   5: 601147 op, 254122572.00 ns, 422.7295 ns/op
WorkloadActual   6: 601147 op, 251434586.00 ns, 418.2581 ns/op
WorkloadActual   7: 601147 op, 254341684.00 ns, 423.0940 ns/op
WorkloadActual   8: 601147 op, 251051486.00 ns, 417.6208 ns/op

// AfterActualRun
WorkloadResult   1: 601147 op, 249626606.00 ns, 415.2505 ns/op
WorkloadResult   2: 601147 op, 250299251.00 ns, 416.3695 ns/op
WorkloadResult   3: 601147 op, 251180419.00 ns, 417.8353 ns/op
WorkloadResult   4: 601147 op, 252272042.00 ns, 419.6512 ns/op
WorkloadResult   5: 601147 op, 254122572.00 ns, 422.7295 ns/op
WorkloadResult   6: 601147 op, 251434586.00 ns, 418.2581 ns/op
WorkloadResult   7: 601147 op, 254341684.00 ns, 423.0940 ns/op
WorkloadResult   8: 601147 op, 251051486.00 ns, 417.6208 ns/op
// GC:  5 0 0 96183520 601147
// Threading:  0 0 601147

// AfterAll
// Benchmark Process 3830 has exited with code 0.

Mean = 418.851 ns, StdErr = 0.997 ns (0.24%), N = 8, StdDev = 2.821 ns
Min = 415.251 ns, Q1 = 417.308 ns, Median = 418.047 ns, Q3 = 420.421 ns, Max = 423.094 ns
IQR = 3.113 ns, LowerFence = 412.639 ns, UpperFence = 425.090 ns
ConfidenceInterval = [413.458 ns; 424.245 ns] (CI 99.9%), Margin = 5.394 ns (1.29% of Mean)
Skewness = 0.39, Kurtosis = 1.5, MValue = 2

// ** Remained 3 (7.9 %) benchmark(s) to run. Estimated finish 2026-08-04 6:43 (0h 0m from now) **
// ***** BenchmarkRunner: Finish  *****

// * Export *
  tmp/dotnet-matrix/JsonSerialization/fcd578694c2d4ca285574943569cdd34/results/Matrix.JsonSerialization.Benchmarks.SourceGenerationRoundTrip-report.csv
  tmp/dotnet-matrix/JsonSerialization/fcd578694c2d4ca285574943569cdd34/results/Matrix.JsonSerialization.Benchmarks.SourceGenerationRoundTrip-report-github.md
  tmp/dotnet-matrix/JsonSerialization/fcd578694c2d4ca285574943569cdd34/results/Matrix.JsonSerialization.Benchmarks.SourceGenerationRoundTrip-report.html
  tmp/dotnet-matrix/JsonSerialization/fcd578694c2d4ca285574943569cdd34/results/Matrix.JsonSerialization.Benchmarks.SourceGenerationRoundTrip-report-full.json

// * Detailed results *
SourceGenerationRoundTrip.SystemTextJson: Quick(MaxRelativeError=0.05, Arguments=/p:MatrixMode=Benchmark, IterationTime=250ms, MaxIterationCount=12, MaxWarmupIterationCount=5, MinIterationCount=8, MinWarmupIterationCount=3)
Runtime = .NET 10.0.10 (10.0.10, 10.0.1026.32716), X64 RyuJIT x86-64-v3; GC = Concurrent Workstation
Mean = 418.851 ns, StdErr = 0.997 ns (0.24%), N = 8, StdDev = 2.821 ns
Min = 415.251 ns, Q1 = 417.308 ns, Median = 418.047 ns, Q3 = 420.421 ns, Max = 423.094 ns
IQR = 3.113 ns, LowerFence = 412.639 ns, UpperFence = 425.090 ns
ConfidenceInterval = [413.458 ns; 424.245 ns] (CI 99.9%), Margin = 5.394 ns (1.29% of Mean)
Skewness = 0.39, Kurtosis = 1.5, MValue = 2
-------------------- Histogram --------------------
[413.399 ns ; 424.945 ns) | @@@@@@@@
---------------------------------------------------

// * Summary *

BenchmarkDotNet v0.15.8, Linux Ubuntu 24.04.4 LTS (Noble Numbat)
AMD EPYC 7763 2.45GHz, 1 CPU, 4 logical and 2 physical cores
.NET SDK 10.0.302
  [Host] : .NET 10.0.10 (10.0.10, 10.0.1026.32716), X64 RyuJIT x86-64-v3
  Quick  : .NET 10.0.10 (10.0.10, 10.0.1026.32716), X64 RyuJIT x86-64-v3

Job=Quick  MaxRelativeError=0.05  Arguments=/p:MatrixMode=Benchmark  
IterationTime=250ms  MaxIterationCount=12  MaxWarmupIterationCount=5  
MinIterationCount=8  MinWarmupIterationCount=3  

| Method         | Mean     | Error   | StdDev  | Gen0   | Allocated |
|--------------- |---------:|--------:|--------:|-------:|----------:|
| SystemTextJson | 418.9 ns | 5.39 ns | 2.82 ns | 0.0083 |     160 B |

// * Legends *
  Mean      : Arithmetic mean of all measurements
  Error     : Half of 99.9% confidence interval
  StdDev    : Standard deviation of all measurements
  Gen0      : GC Generation 0 collects per 1000 operations
  Allocated : Allocated memory per single operation (managed only, inclusive, 1KB = 1024B)
  1 ns      : 1 Nanosecond (0.000000001 sec)

// * Diagnostic Output - MemoryDiagnoser *


// ***** BenchmarkRunner: End *****
Run time: 00:00:05 (5.47 sec), executed benchmarks: 1

// Found 3 benchmarks:
//   Utf8StreamRoundTrip.NewtonsoftJson: Quick(MaxRelativeError=0.05, Arguments=/p:MatrixMode=Benchmark, IterationTime=250ms, MaxIterationCount=12, MaxWarmupIterationCount=5, MinIterationCount=8, MinWarmupIterationCount=3)
//   Utf8StreamRoundTrip.ServiceStackText: Quick(MaxRelativeError=0.05, Arguments=/p:MatrixMode=Benchmark, IterationTime=250ms, MaxIterationCount=12, MaxWarmupIterationCount=5, MinIterationCount=8, MinWarmupIterationCount=3)
//   Utf8StreamRoundTrip.SystemTextJson: Quick(MaxRelativeError=0.05, Arguments=/p:MatrixMode=Benchmark, IterationTime=250ms, MaxIterationCount=12, MaxWarmupIterationCount=5, MinIterationCount=8, MinWarmupIterationCount=3)

// **************************
// Benchmark: Utf8StreamRoundTrip.NewtonsoftJson: Quick(MaxRelativeError=0.05, Arguments=/p:MatrixMode=Benchmark, IterationTime=250ms, MaxIterationCount=12, MaxWarmupIterationCount=5, MinIterationCount=8, MinWarmupIterationCount=3)
// *** Execute ***
// Launch: 1 / 1
// Execute: dotnet Matrix.JsonSerialization-Quick-1.dll --anonymousPipes 129 130 --benchmarkName Matrix.JsonSerialization.Benchmarks.Utf8StreamRoundTrip.NewtonsoftJson --job Quick --benchmarkId 35 in /home/runner/work/dotnet-matrix/dotnet-matrix/src/Matrix.JsonSerialization/bin/Benchmark/Release/net10.0/Matrix.JsonSerialization-Quick-1/bin/Release/net10.0
// Failed to set up high priority (Permission denied). In order to run benchmarks with high priority, make sure you have the right permissions.
// BeforeAnythingElse

// Benchmark Process Environment Information:
// BenchmarkDotNet v0.15.8
// Runtime=.NET 10.0.10 (10.0.10, 10.0.1026.32716), X64 RyuJIT x86-64-v3
// GC=Concurrent Workstation
// HardwareIntrinsics=AVX2+BMI1+BMI2+F16C+FMA+LZCNT+MOVBE,AVX,SSE3+SSSE3+SSE4.1+SSE4.2+POPCNT,X86Base+SSE+SSE2,AES+PCLMUL VectorSize=256
// Job: Quick(MaxRelativeError=0.05, IterationTime=250ms, MaxIterationCount=12, MaxWarmupIterationCount=5, MinIterationCount=8, MinWarmupIterationCount=3)

OverheadJitting  1: 1 op, 253236.00 ns, 253.2360 us/op
WorkloadJitting  1: 1 op, 64585562.00 ns, 64.5856 ms/op

WorkloadPilot    1: 4 op, 153529.00 ns, 38.3823 us/op
WorkloadPilot    2: 6513 op, 56466102.00 ns, 8.6698 us/op
WorkloadPilot    3: 28836 op, 258055939.00 ns, 8.9491 us/op
WorkloadPilot    4: 27936 op, 244836899.00 ns, 8.7642 us/op
WorkloadPilot    5: 28525 op, 317190780.00 ns, 11.1197 us/op
WorkloadPilot    6: 22483 op, 128049350.00 ns, 5.6954 us/op
WorkloadPilot    7: 43895 op, 72155716.00 ns, 1.6438 us/op
WorkloadPilot    8: 152084 op, 178277279.00 ns, 1.1722 us/op
WorkloadPilot    9: 213269 op, 255923441.00 ns, 1.2000 us/op

WorkloadWarmup   1: 213269 op, 249772483.00 ns, 1.1712 us/op
WorkloadWarmup   2: 213269 op, 252640937.00 ns, 1.1846 us/op
WorkloadWarmup   3: 213269 op, 250985344.00 ns, 1.1768 us/op
WorkloadWarmup   4: 213269 op, 247881897.00 ns, 1.1623 us/op
WorkloadWarmup   5: 213269 op, 245377878.00 ns, 1.1506 us/op

// BeforeActualRun
WorkloadActual   1: 213269 op, 249849648.00 ns, 1.1715 us/op
WorkloadActual   2: 213269 op, 256274751.00 ns, 1.2017 us/op
WorkloadActual   3: 213269 op, 254605673.00 ns, 1.1938 us/op
WorkloadActual   4: 213269 op, 255720889.00 ns, 1.1991 us/op
WorkloadActual   5: 213269 op, 254907841.00 ns, 1.1952 us/op
WorkloadActual   6: 213269 op, 257690964.00 ns, 1.2083 us/op
WorkloadActual   7: 213269 op, 245172853.00 ns, 1.1496 us/op
WorkloadActual   8: 213269 op, 244615775.00 ns, 1.1470 us/op

// AfterActualRun
WorkloadResult   1: 213269 op, 249849648.00 ns, 1.1715 us/op
WorkloadResult   2: 213269 op, 256274751.00 ns, 1.2017 us/op
WorkloadResult   3: 213269 op, 254605673.00 ns, 1.1938 us/op
WorkloadResult   4: 213269 op, 255720889.00 ns, 1.1991 us/op
WorkloadResult   5: 213269 op, 254907841.00 ns, 1.1952 us/op
WorkloadResult   6: 213269 op, 257690964.00 ns, 1.2083 us/op
WorkloadResult   7: 213269 op, 245172853.00 ns, 1.1496 us/op
WorkloadResult   8: 213269 op, 244615775.00 ns, 1.1470 us/op
// GC:  53 0 0 900848256 213269
// Threading:  0 0 213269

// AfterAll
// Benchmark Process 3839 has exited with code 0.

Mean = 1.183 μs, StdErr = 0.009 μs (0.72%), N = 8, StdDev = 0.024 μs
Min = 1.147 μs, Q1 = 1.166 μs, Median = 1.195 μs, Q3 = 1.200 μs, Max = 1.208 μs
IQR = 0.034 μs, LowerFence = 1.116 μs, UpperFence = 1.250 μs
ConfidenceInterval = [1.137 μs; 1.229 μs] (CI 99.9%), Margin = 0.046 μs (3.89% of Mean)
Skewness = -0.53, Kurtosis = 1.35, MValue = 2

// ** Remained 2 (5.3 %) benchmark(s) to run. Estimated finish 2026-08-04 6:43 (0h 0m from now) **
// **************************
// Benchmark: Utf8StreamRoundTrip.ServiceStackText: Quick(MaxRelativeError=0.05, Arguments=/p:MatrixMode=Benchmark, IterationTime=250ms, MaxIterationCount=12, MaxWarmupIterationCount=5, MinIterationCount=8, MinWarmupIterationCount=3)
// *** Execute ***
// Launch: 1 / 1
// Execute: dotnet Matrix.JsonSerialization-Quick-1.dll --anonymousPipes 129 130 --benchmarkName Matrix.JsonSerialization.Benchmarks.Utf8StreamRoundTrip.ServiceStackText --job Quick --benchmarkId 36 in /home/runner/work/dotnet-matrix/dotnet-matrix/src/Matrix.JsonSerialization/bin/Benchmark/Release/net10.0/Matrix.JsonSerialization-Quick-1/bin/Release/net10.0
// Failed to set up high priority (Permission denied). In order to run benchmarks with high priority, make sure you have the right permissions.
// BeforeAnythingElse

// Benchmark Process Environment Information:
// BenchmarkDotNet v0.15.8
// Runtime=.NET 10.0.10 (10.0.10, 10.0.1026.32716), X64 RyuJIT x86-64-v3
// GC=Concurrent Workstation
// HardwareIntrinsics=AVX2+BMI1+BMI2+F16C+FMA+LZCNT+MOVBE,AVX,SSE3+SSSE3+SSE4.1+SSE4.2+POPCNT,X86Base+SSE+SSE2,AES+PCLMUL VectorSize=256
// Job: Quick(MaxRelativeError=0.05, IterationTime=250ms, MaxIterationCount=12, MaxWarmupIterationCount=5, MinIterationCount=8, MinWarmupIterationCount=3)

OverheadJitting  1: 1 op, 314492.00 ns, 314.4920 us/op
WorkloadJitting  1: 1 op, 65409389.00 ns, 65.4094 ms/op

WorkloadPilot    1: 4 op, 163728.00 ns, 40.9320 us/op
WorkloadPilot    2: 6108 op, 42182339.00 ns, 6.9061 us/op
WorkloadPilot    3: 36200 op, 242870763.00 ns, 6.7091 us/op
WorkloadPilot    4: 37263 op, 264376738.00 ns, 7.0949 us/op
WorkloadPilot    5: 35237 op, 251428317.00 ns, 7.1353 us/op
WorkloadPilot    6: 35037 op, 254092798.00 ns, 7.2521 us/op

WorkloadWarmup   1: 35037 op, 183109336.00 ns, 5.2262 us/op
WorkloadWarmup   2: 35037 op, 43662192.00 ns, 1.2462 us/op
WorkloadWarmup   3: 35037 op, 35369988.00 ns, 1.0095 us/op
WorkloadWarmup   4: 35037 op, 34865980.00 ns, 995.1189 ns/op
WorkloadWarmup   5: 35037 op, 34915061.00 ns, 996.5197 ns/op

// BeforeActualRun
WorkloadActual   1: 35037 op, 35101703.00 ns, 1.0018 us/op
WorkloadActual   2: 35037 op, 35240955.00 ns, 1.0058 us/op
WorkloadActual   3: 35037 op, 35190910.00 ns, 1.0044 us/op
WorkloadActual   4: 35037 op, 35343006.00 ns, 1.0087 us/op
WorkloadActual   5: 35037 op, 35171534.00 ns, 1.0038 us/op
WorkloadActual   6: 35037 op, 35046177.00 ns, 1.0003 us/op
WorkloadActual   7: 35037 op, 35118274.00 ns, 1.0023 us/op
WorkloadActual   8: 35037 op, 34810104.00 ns, 993.5241 ns/op

// AfterActualRun
WorkloadResult   1: 35037 op, 35101703.00 ns, 1.0018 us/op
WorkloadResult   2: 35037 op, 35240955.00 ns, 1.0058 us/op
WorkloadResult   3: 35037 op, 35190910.00 ns, 1.0044 us/op
WorkloadResult   4: 35037 op, 35343006.00 ns, 1.0087 us/op
WorkloadResult   5: 35037 op, 35171534.00 ns, 1.0038 us/op
WorkloadResult   6: 35037 op, 35046177.00 ns, 1.0003 us/op
WorkloadResult   7: 35037 op, 35118274.00 ns, 1.0023 us/op
WorkloadResult   8: 35037 op, 34810104.00 ns, 993.5241 ns/op
// GC:  6 0 0 100630016 35037
// Threading:  0 0 35037

// AfterAll
// Benchmark Process 3849 has exited with code 0.

Mean = 1.003 μs, StdErr = 0.002 μs (0.16%), N = 8, StdDev = 0.004 μs
Min = 0.994 μs, Q1 = 1.001 μs, Median = 1.003 μs, Q3 = 1.005 μs, Max = 1.009 μs
IQR = 0.003 μs, LowerFence = 0.997 μs, UpperFence = 1.010 μs
ConfidenceInterval = [0.994 μs; 1.011 μs] (CI 99.9%), Margin = 0.009 μs (0.86% of Mean)
Skewness = -0.67, Kurtosis = 2.56, MValue = 2

// ** Remained 1 (2.6 %) benchmark(s) to run. Estimated finish 2026-08-04 6:43 (0h 0m from now) **
// **************************
// Benchmark: Utf8StreamRoundTrip.SystemTextJson: Quick(MaxRelativeError=0.05, Arguments=/p:MatrixMode=Benchmark, IterationTime=250ms, MaxIterationCount=12, MaxWarmupIterationCount=5, MinIterationCount=8, MinWarmupIterationCount=3)
// *** Execute ***
// Launch: 1 / 1
// Execute: dotnet Matrix.JsonSerialization-Quick-1.dll --anonymousPipes 129 130 --benchmarkName Matrix.JsonSerialization.Benchmarks.Utf8StreamRoundTrip.SystemTextJson --job Quick --benchmarkId 37 in /home/runner/work/dotnet-matrix/dotnet-matrix/src/Matrix.JsonSerialization/bin/Benchmark/Release/net10.0/Matrix.JsonSerialization-Quick-1/bin/Release/net10.0
// Failed to set up high priority (Permission denied). In order to run benchmarks with high priority, make sure you have the right permissions.
// BeforeAnythingElse

// Benchmark Process Environment Information:
// BenchmarkDotNet v0.15.8
// Runtime=.NET 10.0.10 (10.0.10, 10.0.1026.32716), X64 RyuJIT x86-64-v3
// GC=Concurrent Workstation
// HardwareIntrinsics=AVX2+BMI1+BMI2+F16C+FMA+LZCNT+MOVBE,AVX,SSE3+SSSE3+SSE4.1+SSE4.2+POPCNT,X86Base+SSE+SSE2,AES+PCLMUL VectorSize=256
// Job: Quick(MaxRelativeError=0.05, IterationTime=250ms, MaxIterationCount=12, MaxWarmupIterationCount=5, MinIterationCount=8, MinWarmupIterationCount=3)

OverheadJitting  1: 1 op, 267673.00 ns, 267.6730 us/op
WorkloadJitting  1: 1 op, 24421116.00 ns, 24.4211 ms/op

WorkloadPilot    1: 4 op, 131226.00 ns, 32.8065 us/op
WorkloadPilot    2: 7620 op, 19760852.00 ns, 2.5933 us/op
WorkloadPilot    3: 96403 op, 267891035.00 ns, 2.7789 us/op
WorkloadPilot    4: 89965 op, 216561527.00 ns, 2.4072 us/op
WorkloadPilot    5: 103856 op, 247009208.00 ns, 2.3784 us/op
WorkloadPilot    6: 105113 op, 256197165.00 ns, 2.4373 us/op
WorkloadPilot    7: 102570 op, 92612988.00 ns, 902.9247 ns/op
WorkloadPilot    8: 276878 op, 154857816.00 ns, 559.2998 ns/op
WorkloadPilot    9: 446987 op, 252725025.00 ns, 565.3968 ns/op

WorkloadWarmup   1: 446987 op, 252595067.00 ns, 565.1061 ns/op
WorkloadWarmup   2: 446987 op, 251795343.00 ns, 563.3169 ns/op
WorkloadWarmup   3: 446987 op, 250723346.00 ns, 560.9187 ns/op
WorkloadWarmup   4: 446987 op, 251215823.00 ns, 562.0204 ns/op
WorkloadWarmup   5: 446987 op, 250857389.00 ns, 561.2185 ns/op

// BeforeActualRun
WorkloadActual   1: 446987 op, 251652444.00 ns, 562.9972 ns/op
WorkloadActual   2: 446987 op, 251034211.00 ns, 561.6141 ns/op
WorkloadActual   3: 446987 op, 250757210.00 ns, 560.9944 ns/op
WorkloadActual   4: 446987 op, 250815409.00 ns, 561.1246 ns/op
WorkloadActual   5: 446987 op, 252002212.00 ns, 563.7797 ns/op
WorkloadActual   6: 446987 op, 250596759.00 ns, 560.6355 ns/op
WorkloadActual   7: 446987 op, 250385291.00 ns, 560.1624 ns/op
WorkloadActual   8: 446987 op, 250859322.00 ns, 561.2229 ns/op

// AfterActualRun
WorkloadResult   1: 446987 op, 251652444.00 ns, 562.9972 ns/op
WorkloadResult   2: 446987 op, 251034211.00 ns, 561.6141 ns/op
WorkloadResult   3: 446987 op, 250757210.00 ns, 560.9944 ns/op
WorkloadResult   4: 446987 op, 250815409.00 ns, 561.1246 ns/op
WorkloadResult   5: 446987 op, 250596759.00 ns, 560.6355 ns/op
WorkloadResult   6: 446987 op, 250385291.00 ns, 560.1624 ns/op
WorkloadResult   7: 446987 op, 250859322.00 ns, 561.2229 ns/op
// GC:  7 0 0 125156360 446987
// Threading:  0 0 446987

// AfterAll
// Benchmark Process 3860 has exited with code 0.

Mean = 561.250 ns, StdErr = 0.339 ns (0.06%), N = 7, StdDev = 0.897 ns
Min = 560.162 ns, Q1 = 560.815 ns, Median = 561.125 ns, Q3 = 561.418 ns, Max = 562.997 ns
IQR = 0.604 ns, LowerFence = 559.910 ns, UpperFence = 562.324 ns
ConfidenceInterval = [559.230 ns; 563.270 ns] (CI 99.9%), Margin = 2.020 ns (0.36% of Mean)
Skewness = 0.76, Kurtosis = 2.4, MValue = 2

// ** Remained 0 (0.0 %) benchmark(s) to run. Estimated finish 2026-08-04 6:43 (0h 0m from now) **
// ***** BenchmarkRunner: Finish  *****

// * Export *
  tmp/dotnet-matrix/JsonSerialization/fcd578694c2d4ca285574943569cdd34/results/Matrix.JsonSerialization.Benchmarks.Utf8StreamRoundTrip-report.csv
  tmp/dotnet-matrix/JsonSerialization/fcd578694c2d4ca285574943569cdd34/results/Matrix.JsonSerialization.Benchmarks.Utf8StreamRoundTrip-report-github.md
  tmp/dotnet-matrix/JsonSerialization/fcd578694c2d4ca285574943569cdd34/results/Matrix.JsonSerialization.Benchmarks.Utf8StreamRoundTrip-report.html
  tmp/dotnet-matrix/JsonSerialization/fcd578694c2d4ca285574943569cdd34/results/Matrix.JsonSerialization.Benchmarks.Utf8StreamRoundTrip-report-full.json

// * Detailed results *
Utf8StreamRoundTrip.SystemTextJson: Quick(MaxRelativeError=0.05, Arguments=/p:MatrixMode=Benchmark, IterationTime=250ms, MaxIterationCount=12, MaxWarmupIterationCount=5, MinIterationCount=8, MinWarmupIterationCount=3)
Runtime = .NET 10.0.10 (10.0.10, 10.0.1026.32716), X64 RyuJIT x86-64-v3; GC = Concurrent Workstation
Mean = 561.250 ns, StdErr = 0.339 ns (0.06%), N = 7, StdDev = 0.897 ns
Min = 560.162 ns, Q1 = 560.815 ns, Median = 561.125 ns, Q3 = 561.418 ns, Max = 562.997 ns
IQR = 0.604 ns, LowerFence = 559.910 ns, UpperFence = 562.324 ns
ConfidenceInterval = [559.230 ns; 563.270 ns] (CI 99.9%), Margin = 2.020 ns (0.36% of Mean)
Skewness = 0.76, Kurtosis = 2.4, MValue = 2
-------------------- Histogram --------------------
[559.547 ns ; 563.613 ns) | @@@@@@@
---------------------------------------------------

Utf8StreamRoundTrip.ServiceStackText: Quick(MaxRelativeError=0.05, Arguments=/p:MatrixMode=Benchmark, IterationTime=250ms, MaxIterationCount=12, MaxWarmupIterationCount=5, MinIterationCount=8, MinWarmupIterationCount=3)
Runtime = .NET 10.0.10 (10.0.10, 10.0.1026.32716), X64 RyuJIT x86-64-v3; GC = Concurrent Workstation
Mean = 1.003 μs, StdErr = 0.002 μs (0.16%), N = 8, StdDev = 0.004 μs
Min = 0.994 μs, Q1 = 1.001 μs, Median = 1.003 μs, Q3 = 1.005 μs, Max = 1.009 μs
IQR = 0.003 μs, LowerFence = 0.997 μs, UpperFence = 1.010 μs
ConfidenceInterval = [0.994 μs; 1.011 μs] (CI 99.9%), Margin = 0.009 μs (0.86% of Mean)
Skewness = -0.67, Kurtosis = 2.56, MValue = 2
-------------------- Histogram --------------------
[0.993 μs ; 1.012 μs) | @@@@@@@@
---------------------------------------------------

Utf8StreamRoundTrip.NewtonsoftJson: Quick(MaxRelativeError=0.05, Arguments=/p:MatrixMode=Benchmark, IterationTime=250ms, MaxIterationCount=12, MaxWarmupIterationCount=5, MinIterationCount=8, MinWarmupIterationCount=3)
Runtime = .NET 10.0.10 (10.0.10, 10.0.1026.32716), X64 RyuJIT x86-64-v3; GC = Concurrent Workstation
Mean = 1.183 μs, StdErr = 0.009 μs (0.72%), N = 8, StdDev = 0.024 μs
Min = 1.147 μs, Q1 = 1.166 μs, Median = 1.195 μs, Q3 = 1.200 μs, Max = 1.208 μs
IQR = 0.034 μs, LowerFence = 1.116 μs, UpperFence = 1.250 μs
ConfidenceInterval = [1.137 μs; 1.229 μs] (CI 99.9%), Margin = 0.046 μs (3.89% of Mean)
Skewness = -0.53, Kurtosis = 1.35, MValue = 2
-------------------- Histogram --------------------
[1.143 μs ; 1.175 μs) | @@@
[1.175 μs ; 1.217 μs) | @@@@@
---------------------------------------------------

// * Summary *

BenchmarkDotNet v0.15.8, Linux Ubuntu 24.04.4 LTS (Noble Numbat)
AMD EPYC 7763 2.45GHz, 1 CPU, 4 logical and 2 physical cores
.NET SDK 10.0.302
  [Host] : .NET 10.0.10 (10.0.10, 10.0.1026.32716), X64 RyuJIT x86-64-v3
  Quick  : .NET 10.0.10 (10.0.10, 10.0.1026.32716), X64 RyuJIT x86-64-v3

Job=Quick  MaxRelativeError=0.05  Arguments=/p:MatrixMode=Benchmark  
IterationTime=250ms  MaxIterationCount=12  MaxWarmupIterationCount=5  
MinIterationCount=8  MinWarmupIterationCount=3  

| Method           | Mean       | Error    | StdDev   | Gen0   | Allocated |
|----------------- |-----------:|---------:|---------:|-------:|----------:|
| SystemTextJson   |   561.3 ns |  2.02 ns |  0.90 ns | 0.0157 |     280 B |
| ServiceStackText | 1,002.6 ns |  8.59 ns |  4.49 ns | 0.1712 |    2872 B |
| NewtonsoftJson   | 1,183.3 ns | 46.03 ns | 24.07 ns | 0.2485 |    4224 B |

// * Warnings *
MinIterationTime
  Utf8StreamRoundTrip.ServiceStackText: Quick -> The minimum observed iteration time is 34.81ms which is very small. It's recommended to increase it to at least 100ms using more operations.

// * Hints *
Outliers
  Utf8StreamRoundTrip.SystemTextJson: Quick   -> 1 outlier  was  removed (563.78 ns)
  Utf8StreamRoundTrip.ServiceStackText: Quick -> 1 outlier  was  detected (993.52 ns)

// * Legends *
  Mean      : Arithmetic mean of all measurements
  Error     : Half of 99.9% confidence interval
  StdDev    : Standard deviation of all measurements
  Gen0      : GC Generation 0 collects per 1000 operations
  Allocated : Allocated memory per single operation (managed only, inclusive, 1KB = 1024B)
  1 ns      : 1 Nanosecond (0.000000001 sec)

// * Diagnostic Output - MemoryDiagnoser *


// ***** BenchmarkRunner: End *****
Run time: 00:00:12 (12.52 sec), executed benchmarks: 3

Global total time: 00:03:36 (216.15 sec), executed benchmarks: 38
// * Artifacts cleanup *
Artifacts cleanup is finished
