// Validating benchmarks:
// ***** BenchmarkRunner: Start   *****
// ***** Found 38 benchmark(s) in total *****
// ***** Building 1 exe(s) in Parallel: Start   *****
// start dotnet  restore /p:MatrixMode=Benchmark --nodeReuse:false /p:UseSharedCompilation=false /p:Deterministic=true /p:Optimize=true /p:ArtifactsPath="/home/runner/work/dotnet-matrix/dotnet-matrix/src/Matrix.JsonSerialization/bin/Benchmark/Release/net10.0/Matrix.JsonSerialization-Quick-1/" /p:OutDir="/home/runner/work/dotnet-matrix/dotnet-matrix/src/Matrix.JsonSerialization/bin/Benchmark/Release/net10.0/Matrix.JsonSerialization-Quick-1/bin/Release/net10.0/" /p:OutputPath="/home/runner/work/dotnet-matrix/dotnet-matrix/src/Matrix.JsonSerialization/bin/Benchmark/Release/net10.0/Matrix.JsonSerialization-Quick-1/bin/Release/net10.0/" /p:PublishDir="/home/runner/work/dotnet-matrix/dotnet-matrix/src/Matrix.JsonSerialization/bin/Benchmark/Release/net10.0/Matrix.JsonSerialization-Quick-1/publish/" in /home/runner/work/dotnet-matrix/dotnet-matrix/src/Matrix.JsonSerialization/bin/Benchmark/Release/net10.0/Matrix.JsonSerialization-Quick-1
// command took 1.26 sec and exited with 0
// start dotnet  build -c Release /p:MatrixMode=Benchmark --no-restore --nodeReuse:false /p:UseSharedCompilation=false /p:Deterministic=true /p:Optimize=true /p:ArtifactsPath="/home/runner/work/dotnet-matrix/dotnet-matrix/src/Matrix.JsonSerialization/bin/Benchmark/Release/net10.0/Matrix.JsonSerialization-Quick-1/" /p:OutDir="/home/runner/work/dotnet-matrix/dotnet-matrix/src/Matrix.JsonSerialization/bin/Benchmark/Release/net10.0/Matrix.JsonSerialization-Quick-1/bin/Release/net10.0/" /p:OutputPath="/home/runner/work/dotnet-matrix/dotnet-matrix/src/Matrix.JsonSerialization/bin/Benchmark/Release/net10.0/Matrix.JsonSerialization-Quick-1/bin/Release/net10.0/" /p:PublishDir="/home/runner/work/dotnet-matrix/dotnet-matrix/src/Matrix.JsonSerialization/bin/Benchmark/Release/net10.0/Matrix.JsonSerialization-Quick-1/publish/" --output "/home/runner/work/dotnet-matrix/dotnet-matrix/src/Matrix.JsonSerialization/bin/Benchmark/Release/net10.0/Matrix.JsonSerialization-Quick-1/bin/Release/net10.0/" in /home/runner/work/dotnet-matrix/dotnet-matrix/src/Matrix.JsonSerialization/bin/Benchmark/Release/net10.0/Matrix.JsonSerialization-Quick-1
// command took 9.94 sec and exited with 0
// ***** Done, took 00:00:11 (11.31 sec)   *****
// Found 3 benchmarks:
//   CustomConverterRoundTrip.NewtonsoftJson: Quick(MaxRelativeError=0.05, Arguments=/p:MatrixMode=Benchmark, IterationTime=250ms, MaxIterationCount=12, MaxWarmupIterationCount=5, MinIterationCount=8, MinWarmupIterationCount=3)
//   CustomConverterRoundTrip.ServiceStackText: Quick(MaxRelativeError=0.05, Arguments=/p:MatrixMode=Benchmark, IterationTime=250ms, MaxIterationCount=12, MaxWarmupIterationCount=5, MinIterationCount=8, MinWarmupIterationCount=3)
//   CustomConverterRoundTrip.SystemTextJson: Quick(MaxRelativeError=0.05, Arguments=/p:MatrixMode=Benchmark, IterationTime=250ms, MaxIterationCount=12, MaxWarmupIterationCount=5, MinIterationCount=8, MinWarmupIterationCount=3)

// **************************
// Benchmark: CustomConverterRoundTrip.NewtonsoftJson: Quick(MaxRelativeError=0.05, Arguments=/p:MatrixMode=Benchmark, IterationTime=250ms, MaxIterationCount=12, MaxWarmupIterationCount=5, MinIterationCount=8, MinWarmupIterationCount=3)
// *** Execute ***
// Launch: 1 / 1
// Execute: dotnet Matrix.JsonSerialization-Quick-1.dll --anonymousPipes 180 181 --benchmarkName Matrix.JsonSerialization.Benchmarks.CustomConverterRoundTrip.NewtonsoftJson --job Quick --benchmarkId 0 in /home/runner/work/dotnet-matrix/dotnet-matrix/src/Matrix.JsonSerialization/bin/Benchmark/Release/net10.0/Matrix.JsonSerialization-Quick-1/bin/Release/net10.0
// Failed to set up high priority (Permission denied). In order to run benchmarks with high priority, make sure you have the right permissions.
// BeforeAnythingElse

// Benchmark Process Environment Information:
// BenchmarkDotNet v0.15.8
// Runtime=.NET 10.0.10 (10.0.10, 10.0.1026.32716), X64 RyuJIT x86-64-v4
// GC=Concurrent Workstation
// HardwareIntrinsics=AVX512 BITALG+VBMI2+VNNI+VPOPCNTDQ,AVX512 IFMA+VBMI,AVX512 F+BW+CD+DQ+VL,AVX2+BMI1+BMI2+F16C+FMA+LZCNT+MOVBE,AVX,SSE3+SSSE3+SSE4.1+SSE4.2+POPCNT,X86Base+SSE+SSE2,AES+PCLMUL VectorSize=256
// Job: Quick(MaxRelativeError=0.05, IterationTime=250ms, MaxIterationCount=12, MaxWarmupIterationCount=5, MinIterationCount=8, MinWarmupIterationCount=3)

OverheadJitting  1: 1 op, 262018.00 ns, 262.0180 us/op
WorkloadJitting  1: 1 op, 59347556.00 ns, 59.3476 ms/op

WorkloadPilot    1: 4 op, 149073.00 ns, 37.2683 us/op
WorkloadPilot    2: 6708 op, 41145169.00 ns, 6.1337 us/op
WorkloadPilot    3: 40758 op, 245945587.00 ns, 6.0343 us/op
WorkloadPilot    4: 41430 op, 191931212.00 ns, 4.6327 us/op
WorkloadPilot    5: 53965 op, 63870746.00 ns, 1.1836 us/op
WorkloadPilot    6: 211227 op, 217884394.00 ns, 1.0315 us/op
WorkloadPilot    7: 242361 op, 248601617.00 ns, 1.0257 us/op
WorkloadPilot    8: 243724 op, 249197948.00 ns, 1.0225 us/op
WorkloadPilot    9: 244508 op, 251205442.00 ns, 1.0274 us/op
WorkloadPilot   10: 243335 op, 250384941.00 ns, 1.0290 us/op
WorkloadPilot   11: 242961 op, 251324936.00 ns, 1.0344 us/op

WorkloadWarmup   1: 242961 op, 247419018.00 ns, 1.0183 us/op
WorkloadWarmup   2: 242961 op, 248221366.00 ns, 1.0217 us/op
WorkloadWarmup   3: 242961 op, 248694390.00 ns, 1.0236 us/op
WorkloadWarmup   4: 242961 op, 248132782.00 ns, 1.0213 us/op
WorkloadWarmup   5: 242961 op, 251176711.00 ns, 1.0338 us/op

// BeforeActualRun
WorkloadActual   1: 242961 op, 248735879.00 ns, 1.0238 us/op
WorkloadActual   2: 242961 op, 249561471.00 ns, 1.0272 us/op
WorkloadActual   3: 242961 op, 249020444.00 ns, 1.0249 us/op
WorkloadActual   4: 242961 op, 248253757.00 ns, 1.0218 us/op
WorkloadActual   5: 242961 op, 248645498.00 ns, 1.0234 us/op
WorkloadActual   6: 242961 op, 248684530.00 ns, 1.0236 us/op
WorkloadActual   7: 242961 op, 249032759.00 ns, 1.0250 us/op
WorkloadActual   8: 242961 op, 249402084.00 ns, 1.0265 us/op

// AfterActualRun
WorkloadResult   1: 242961 op, 248735879.00 ns, 1.0238 us/op
WorkloadResult   2: 242961 op, 249561471.00 ns, 1.0272 us/op
WorkloadResult   3: 242961 op, 249020444.00 ns, 1.0249 us/op
WorkloadResult   4: 242961 op, 248253757.00 ns, 1.0218 us/op
WorkloadResult   5: 242961 op, 248645498.00 ns, 1.0234 us/op
WorkloadResult   6: 242961 op, 248684530.00 ns, 1.0236 us/op
WorkloadResult   7: 242961 op, 249032759.00 ns, 1.0250 us/op
WorkloadResult   8: 242961 op, 249402084.00 ns, 1.0265 us/op
// GC:  13 0 0 1164269112 242961
// Threading:  0 0 242961

// AfterAll
// Benchmark Process 3458 has exited with code 0.

Mean = 1.025 μs, StdErr = 0.001 μs (0.06%), N = 8, StdDev = 0.002 μs
Min = 1.022 μs, Q1 = 1.024 μs, Median = 1.024 μs, Q3 = 1.025 μs, Max = 1.027 μs
IQR = 0.002 μs, LowerFence = 1.021 μs, UpperFence = 1.028 μs
ConfidenceInterval = [1.021 μs; 1.028 μs] (CI 99.9%), Margin = 0.003 μs (0.33% of Mean)
Skewness = 0.09, Kurtosis = 1.62, MValue = 2

// ** Remained 37 (97.4 %) benchmark(s) to run. Estimated finish 2026-08-06 10:34 (0h 3m from now) **
// **************************
// Benchmark: CustomConverterRoundTrip.ServiceStackText: Quick(MaxRelativeError=0.05, Arguments=/p:MatrixMode=Benchmark, IterationTime=250ms, MaxIterationCount=12, MaxWarmupIterationCount=5, MinIterationCount=8, MinWarmupIterationCount=3)
// *** Execute ***
// Launch: 1 / 1
// Execute: dotnet Matrix.JsonSerialization-Quick-1.dll --anonymousPipes 180 181 --benchmarkName Matrix.JsonSerialization.Benchmarks.CustomConverterRoundTrip.ServiceStackText --job Quick --benchmarkId 1 in /home/runner/work/dotnet-matrix/dotnet-matrix/src/Matrix.JsonSerialization/bin/Benchmark/Release/net10.0/Matrix.JsonSerialization-Quick-1/bin/Release/net10.0
// Failed to set up high priority (Permission denied). In order to run benchmarks with high priority, make sure you have the right permissions.
// BeforeAnythingElse

// Benchmark Process Environment Information:
// BenchmarkDotNet v0.15.8
// Runtime=.NET 10.0.10 (10.0.10, 10.0.1026.32716), X64 RyuJIT x86-64-v4
// GC=Concurrent Workstation
// HardwareIntrinsics=AVX512 BITALG+VBMI2+VNNI+VPOPCNTDQ,AVX512 IFMA+VBMI,AVX512 F+BW+CD+DQ+VL,AVX2+BMI1+BMI2+F16C+FMA+LZCNT+MOVBE,AVX,SSE3+SSSE3+SSE4.1+SSE4.2+POPCNT,X86Base+SSE+SSE2,AES+PCLMUL VectorSize=256
// Job: Quick(MaxRelativeError=0.05, IterationTime=250ms, MaxIterationCount=12, MaxWarmupIterationCount=5, MinIterationCount=8, MinWarmupIterationCount=3)

OverheadJitting  1: 1 op, 306902.00 ns, 306.9020 us/op
WorkloadJitting  1: 1 op, 52276887.00 ns, 52.2769 ms/op

WorkloadPilot    1: 4 op, 393029.00 ns, 98.2573 us/op
WorkloadPilot    2: 2544 op, 4703333.00 ns, 1.8488 us/op
WorkloadPilot    3: 135223 op, 286023181.00 ns, 2.1152 us/op
WorkloadPilot    4: 118192 op, 69072711.00 ns, 584.4111 ns/op
WorkloadPilot    5: 427781 op, 137974922.00 ns, 322.5363 ns/op
WorkloadPilot    6: 775106 op, 225193929.00 ns, 290.5331 ns/op
WorkloadPilot    7: 860487 op, 248981417.00 ns, 289.3494 ns/op
WorkloadPilot    8: 864007 op, 251299952.00 ns, 290.8541 ns/op
WorkloadPilot    9: 859538 op, 249883430.00 ns, 290.7183 ns/op
WorkloadPilot   10: 859939 op, 250267294.00 ns, 291.0291 ns/op

WorkloadWarmup   1: 859939 op, 253079932.00 ns, 294.2999 ns/op
WorkloadWarmup   2: 859939 op, 248985261.00 ns, 289.5383 ns/op
WorkloadWarmup   3: 859939 op, 251308451.00 ns, 292.2399 ns/op
WorkloadWarmup   4: 859939 op, 249888897.00 ns, 290.5891 ns/op
WorkloadWarmup   5: 859939 op, 248582480.00 ns, 289.0699 ns/op

// BeforeActualRun
WorkloadActual   1: 859939 op, 247906336.00 ns, 288.2836 ns/op
WorkloadActual   2: 859939 op, 248257527.00 ns, 288.6920 ns/op
WorkloadActual   3: 859939 op, 253661071.00 ns, 294.9757 ns/op
WorkloadActual   4: 859939 op, 247940816.00 ns, 288.3237 ns/op
WorkloadActual   5: 859939 op, 248822533.00 ns, 289.3491 ns/op
WorkloadActual   6: 859939 op, 248325593.00 ns, 288.7712 ns/op
WorkloadActual   7: 859939 op, 247846071.00 ns, 288.2135 ns/op
WorkloadActual   8: 859939 op, 247873801.00 ns, 288.2458 ns/op

// AfterActualRun
WorkloadResult   1: 859939 op, 247906336.00 ns, 288.2836 ns/op
WorkloadResult   2: 859939 op, 248257527.00 ns, 288.6920 ns/op
WorkloadResult   3: 859939 op, 247940816.00 ns, 288.3237 ns/op
WorkloadResult   4: 859939 op, 248822533.00 ns, 289.3491 ns/op
WorkloadResult   5: 859939 op, 248325593.00 ns, 288.7712 ns/op
WorkloadResult   6: 859939 op, 247846071.00 ns, 288.2135 ns/op
WorkloadResult   7: 859939 op, 247873801.00 ns, 288.2458 ns/op
// GC:  4 0 0 337096088 859939
// Threading:  0 0 859939

// AfterAll
// Benchmark Process 3472 has exited with code 0.

Mean = 288.554 ns, StdErr = 0.157 ns (0.05%), N = 7, StdDev = 0.415 ns
Min = 288.214 ns, Q1 = 288.265 ns, Median = 288.324 ns, Q3 = 288.732 ns, Max = 289.349 ns
IQR = 0.467 ns, LowerFence = 287.564 ns, UpperFence = 289.432 ns
ConfidenceInterval = [287.619 ns; 289.490 ns] (CI 99.9%), Margin = 0.936 ns (0.32% of Mean)
Skewness = 0.83, Kurtosis = 2.08, MValue = 2

// ** Remained 36 (94.7 %) benchmark(s) to run. Estimated finish 2026-08-06 10:33 (0h 3m from now) **
// **************************
// Benchmark: CustomConverterRoundTrip.SystemTextJson: Quick(MaxRelativeError=0.05, Arguments=/p:MatrixMode=Benchmark, IterationTime=250ms, MaxIterationCount=12, MaxWarmupIterationCount=5, MinIterationCount=8, MinWarmupIterationCount=3)
// *** Execute ***
// Launch: 1 / 1
// Execute: dotnet Matrix.JsonSerialization-Quick-1.dll --anonymousPipes 180 181 --benchmarkName Matrix.JsonSerialization.Benchmarks.CustomConverterRoundTrip.SystemTextJson --job Quick --benchmarkId 2 in /home/runner/work/dotnet-matrix/dotnet-matrix/src/Matrix.JsonSerialization/bin/Benchmark/Release/net10.0/Matrix.JsonSerialization-Quick-1/bin/Release/net10.0
// Failed to set up high priority (Permission denied). In order to run benchmarks with high priority, make sure you have the right permissions.
// BeforeAnythingElse

// Benchmark Process Environment Information:
// BenchmarkDotNet v0.15.8
// Runtime=.NET 10.0.10 (10.0.10, 10.0.1026.32716), X64 RyuJIT x86-64-v4
// GC=Concurrent Workstation
// HardwareIntrinsics=AVX512 BITALG+VBMI2+VNNI+VPOPCNTDQ,AVX512 IFMA+VBMI,AVX512 F+BW+CD+DQ+VL,AVX2+BMI1+BMI2+F16C+FMA+LZCNT+MOVBE,AVX,SSE3+SSSE3+SSE4.1+SSE4.2+POPCNT,X86Base+SSE+SSE2,AES+PCLMUL VectorSize=256
// Job: Quick(MaxRelativeError=0.05, IterationTime=250ms, MaxIterationCount=12, MaxWarmupIterationCount=5, MinIterationCount=8, MinWarmupIterationCount=3)

OverheadJitting  1: 1 op, 259528.00 ns, 259.5280 us/op
WorkloadJitting  1: 1 op, 25463146.00 ns, 25.4631 ms/op

WorkloadPilot    1: 4 op, 148050.00 ns, 37.0125 us/op
WorkloadPilot    2: 6754 op, 5708062.00 ns, 845.1380 ns/op
WorkloadPilot    3: 295810 op, 268898125.00 ns, 909.0231 ns/op
WorkloadPilot    4: 275021 op, 324826220.00 ns, 1.1811 us/op
WorkloadPilot    5: 211668 op, 84251785.00 ns, 398.0374 ns/op
WorkloadPilot    6: 628082 op, 198981873.00 ns, 316.8087 ns/op
WorkloadPilot    7: 789120 op, 224629070.00 ns, 284.6577 ns/op
WorkloadPilot    8: 878248 op, 247987526.00 ns, 282.3662 ns/op
WorkloadPilot    9: 885375 op, 251370835.00 ns, 283.9145 ns/op

WorkloadWarmup   1: 885375 op, 247490448.00 ns, 279.5318 ns/op
WorkloadWarmup   2: 885375 op, 251318367.00 ns, 283.8553 ns/op
WorkloadWarmup   3: 885375 op, 246491751.00 ns, 278.4038 ns/op
WorkloadWarmup   4: 885375 op, 246589410.00 ns, 278.5141 ns/op
WorkloadWarmup   5: 885375 op, 247151747.00 ns, 279.1492 ns/op

// BeforeActualRun
WorkloadActual   1: 885375 op, 247333414.00 ns, 279.3544 ns/op
WorkloadActual   2: 885375 op, 246041798.00 ns, 277.8956 ns/op
WorkloadActual   3: 885375 op, 247151051.00 ns, 279.1484 ns/op
WorkloadActual   4: 885375 op, 246358772.00 ns, 278.2536 ns/op
WorkloadActual   5: 885375 op, 252700305.00 ns, 285.4161 ns/op
WorkloadActual   6: 885375 op, 247367560.00 ns, 279.3930 ns/op
WorkloadActual   7: 885375 op, 247854870.00 ns, 279.9434 ns/op
WorkloadActual   8: 885375 op, 247686631.00 ns, 279.7534 ns/op

// AfterActualRun
WorkloadResult   1: 885375 op, 247333414.00 ns, 279.3544 ns/op
WorkloadResult   2: 885375 op, 246041798.00 ns, 277.8956 ns/op
WorkloadResult   3: 885375 op, 247151051.00 ns, 279.1484 ns/op
WorkloadResult   4: 885375 op, 246358772.00 ns, 278.2536 ns/op
WorkloadResult   5: 885375 op, 247367560.00 ns, 279.3930 ns/op
WorkloadResult   6: 885375 op, 247854870.00 ns, 279.9434 ns/op
WorkloadResult   7: 885375 op, 247686631.00 ns, 279.7534 ns/op
// GC:  1 0 0 106245000 885375
// Threading:  0 0 885375

// AfterAll
// Benchmark Process 3484 has exited with code 0.

Mean = 279.106 ns, StdErr = 0.287 ns (0.10%), N = 7, StdDev = 0.759 ns
Min = 277.896 ns, Q1 = 278.701 ns, Median = 279.354 ns, Q3 = 279.573 ns, Max = 279.943 ns
IQR = 0.872 ns, LowerFence = 277.393 ns, UpperFence = 280.881 ns
ConfidenceInterval = [277.396 ns; 280.816 ns] (CI 99.9%), Margin = 1.710 ns (0.61% of Mean)
Skewness = -0.49, Kurtosis = 1.44, MValue = 2

// ** Remained 35 (92.1 %) benchmark(s) to run. Estimated finish 2026-08-06 10:33 (0h 3m from now) **
// ***** BenchmarkRunner: Finish  *****

// * Export *
  tmp/dotnet-matrix/JsonSerialization/6a20c96a9b2040c3afe6893cda53c8bf/results/Matrix.JsonSerialization.Benchmarks.CustomConverterRoundTrip-report.csv
  tmp/dotnet-matrix/JsonSerialization/6a20c96a9b2040c3afe6893cda53c8bf/results/Matrix.JsonSerialization.Benchmarks.CustomConverterRoundTrip-report-github.md
  tmp/dotnet-matrix/JsonSerialization/6a20c96a9b2040c3afe6893cda53c8bf/results/Matrix.JsonSerialization.Benchmarks.CustomConverterRoundTrip-report.html
  tmp/dotnet-matrix/JsonSerialization/6a20c96a9b2040c3afe6893cda53c8bf/results/Matrix.JsonSerialization.Benchmarks.CustomConverterRoundTrip-report-full.json

// * Detailed results *
CustomConverterRoundTrip.SystemTextJson: Quick(MaxRelativeError=0.05, Arguments=/p:MatrixMode=Benchmark, IterationTime=250ms, MaxIterationCount=12, MaxWarmupIterationCount=5, MinIterationCount=8, MinWarmupIterationCount=3)
Runtime = .NET 10.0.10 (10.0.10, 10.0.1026.32716), X64 RyuJIT x86-64-v4; GC = Concurrent Workstation
Mean = 279.106 ns, StdErr = 0.287 ns (0.10%), N = 7, StdDev = 0.759 ns
Min = 277.896 ns, Q1 = 278.701 ns, Median = 279.354 ns, Q3 = 279.573 ns, Max = 279.943 ns
IQR = 0.872 ns, LowerFence = 277.393 ns, UpperFence = 280.881 ns
ConfidenceInterval = [277.396 ns; 280.816 ns] (CI 99.9%), Margin = 1.710 ns (0.61% of Mean)
Skewness = -0.49, Kurtosis = 1.44, MValue = 2
-------------------- Histogram --------------------
[277.375 ns ; 280.464 ns) | @@@@@@@
---------------------------------------------------

CustomConverterRoundTrip.ServiceStackText: Quick(MaxRelativeError=0.05, Arguments=/p:MatrixMode=Benchmark, IterationTime=250ms, MaxIterationCount=12, MaxWarmupIterationCount=5, MinIterationCount=8, MinWarmupIterationCount=3)
Runtime = .NET 10.0.10 (10.0.10, 10.0.1026.32716), X64 RyuJIT x86-64-v4; GC = Concurrent Workstation
Mean = 288.554 ns, StdErr = 0.157 ns (0.05%), N = 7, StdDev = 0.415 ns
Min = 288.214 ns, Q1 = 288.265 ns, Median = 288.324 ns, Q3 = 288.732 ns, Max = 289.349 ns
IQR = 0.467 ns, LowerFence = 287.564 ns, UpperFence = 289.432 ns
ConfidenceInterval = [287.619 ns; 289.490 ns] (CI 99.9%), Margin = 0.936 ns (0.32% of Mean)
Skewness = 0.83, Kurtosis = 2.08, MValue = 2
-------------------- Histogram --------------------
[287.928 ns ; 289.634 ns) | @@@@@@@
---------------------------------------------------

CustomConverterRoundTrip.NewtonsoftJson: Quick(MaxRelativeError=0.05, Arguments=/p:MatrixMode=Benchmark, IterationTime=250ms, MaxIterationCount=12, MaxWarmupIterationCount=5, MinIterationCount=8, MinWarmupIterationCount=3)
Runtime = .NET 10.0.10 (10.0.10, 10.0.1026.32716), X64 RyuJIT x86-64-v4; GC = Concurrent Workstation
Mean = 1.025 μs, StdErr = 0.001 μs (0.06%), N = 8, StdDev = 0.002 μs
Min = 1.022 μs, Q1 = 1.024 μs, Median = 1.024 μs, Q3 = 1.025 μs, Max = 1.027 μs
IQR = 0.002 μs, LowerFence = 1.021 μs, UpperFence = 1.028 μs
ConfidenceInterval = [1.021 μs; 1.028 μs] (CI 99.9%), Margin = 0.003 μs (0.33% of Mean)
Skewness = 0.09, Kurtosis = 1.62, MValue = 2
-------------------- Histogram --------------------
[1.021 μs ; 1.028 μs) | @@@@@@@@
---------------------------------------------------

// * Summary *

BenchmarkDotNet v0.15.8, Linux Ubuntu 24.04.4 LTS (Noble Numbat)
INTEL XEON PLATINUM 8573C 3.06GHz, 1 CPU, 4 logical and 2 physical cores
.NET SDK 10.0.302
  [Host] : .NET 10.0.10 (10.0.10, 10.0.1026.32716), X64 RyuJIT x86-64-v4
  Quick  : .NET 10.0.10 (10.0.10, 10.0.1026.32716), X64 RyuJIT x86-64-v4

Job=Quick  MaxRelativeError=0.05  Arguments=/p:MatrixMode=Benchmark  
IterationTime=250ms  MaxIterationCount=12  MaxWarmupIterationCount=5  
MinIterationCount=8  MinWarmupIterationCount=3  

| Method           | Mean       | Error   | StdDev  | Gen0   | Allocated |
|----------------- |-----------:|--------:|--------:|-------:|----------:|
| SystemTextJson   |   279.1 ns | 1.71 ns | 0.76 ns | 0.0011 |     120 B |
| ServiceStackText |   288.6 ns | 0.94 ns | 0.42 ns | 0.0047 |     392 B |
| NewtonsoftJson   | 1,024.5 ns | 3.36 ns | 1.76 ns | 0.0535 |    4792 B |

// * Hints *
Outliers
  CustomConverterRoundTrip.SystemTextJson: Quick   -> 1 outlier  was  removed (285.42 ns)
  CustomConverterRoundTrip.ServiceStackText: Quick -> 1 outlier  was  removed (294.98 ns)

// * Legends *
  Mean      : Arithmetic mean of all measurements
  Error     : Half of 99.9% confidence interval
  StdDev    : Standard deviation of all measurements
  Gen0      : GC Generation 0 collects per 1000 operations
  Allocated : Allocated memory per single operation (managed only, inclusive, 1KB = 1024B)
  1 ns      : 1 Nanosecond (0.000000001 sec)

// * Diagnostic Output - MemoryDiagnoser *


// ***** BenchmarkRunner: End *****
Run time: 00:00:16 (16.67 sec), executed benchmarks: 3

// Found 3 benchmarks:
//   DeserializeCollection.NewtonsoftJson: Quick(MaxRelativeError=0.05, Arguments=/p:MatrixMode=Benchmark, IterationTime=250ms, MaxIterationCount=12, MaxWarmupIterationCount=5, MinIterationCount=8, MinWarmupIterationCount=3)
//   DeserializeCollection.ServiceStackText: Quick(MaxRelativeError=0.05, Arguments=/p:MatrixMode=Benchmark, IterationTime=250ms, MaxIterationCount=12, MaxWarmupIterationCount=5, MinIterationCount=8, MinWarmupIterationCount=3)
//   DeserializeCollection.SystemTextJson: Quick(MaxRelativeError=0.05, Arguments=/p:MatrixMode=Benchmark, IterationTime=250ms, MaxIterationCount=12, MaxWarmupIterationCount=5, MinIterationCount=8, MinWarmupIterationCount=3)

// **************************
// Benchmark: DeserializeCollection.NewtonsoftJson: Quick(MaxRelativeError=0.05, Arguments=/p:MatrixMode=Benchmark, IterationTime=250ms, MaxIterationCount=12, MaxWarmupIterationCount=5, MinIterationCount=8, MinWarmupIterationCount=3)
// *** Execute ***
// Launch: 1 / 1
// Execute: dotnet Matrix.JsonSerialization-Quick-1.dll --anonymousPipes 186 187 --benchmarkName Matrix.JsonSerialization.Benchmarks.DeserializeCollection.NewtonsoftJson --job Quick --benchmarkId 3 in /home/runner/work/dotnet-matrix/dotnet-matrix/src/Matrix.JsonSerialization/bin/Benchmark/Release/net10.0/Matrix.JsonSerialization-Quick-1/bin/Release/net10.0
// Failed to set up high priority (Permission denied). In order to run benchmarks with high priority, make sure you have the right permissions.
// BeforeAnythingElse

// Benchmark Process Environment Information:
// BenchmarkDotNet v0.15.8
// Runtime=.NET 10.0.10 (10.0.10, 10.0.1026.32716), X64 RyuJIT x86-64-v4
// GC=Concurrent Workstation
// HardwareIntrinsics=AVX512 BITALG+VBMI2+VNNI+VPOPCNTDQ,AVX512 IFMA+VBMI,AVX512 F+BW+CD+DQ+VL,AVX2+BMI1+BMI2+F16C+FMA+LZCNT+MOVBE,AVX,SSE3+SSSE3+SSE4.1+SSE4.2+POPCNT,X86Base+SSE+SSE2,AES+PCLMUL VectorSize=256
// Job: Quick(MaxRelativeError=0.05, IterationTime=250ms, MaxIterationCount=12, MaxWarmupIterationCount=5, MinIterationCount=8, MinWarmupIterationCount=3)

OverheadJitting  1: 1 op, 259566.00 ns, 259.5660 us/op
WorkloadJitting  1: 1 op, 66213410.00 ns, 66.2134 ms/op

WorkloadPilot    1: 4 op, 180771.00 ns, 45.1928 us/op
WorkloadPilot    2: 5532 op, 61666983.00 ns, 11.1473 us/op
WorkloadPilot    3: 22427 op, 342242753.00 ns, 15.2603 us/op
WorkloadPilot    4: 16382 op, 61789918.00 ns, 3.7718 us/op
WorkloadPilot    5: 66281 op, 107975986.00 ns, 1.6291 us/op
WorkloadPilot    6: 153462 op, 255184082.00 ns, 1.6628 us/op
WorkloadPilot    7: 150344 op, 227540164.00 ns, 1.5135 us/op
WorkloadPilot    8: 165184 op, 245953351.00 ns, 1.4890 us/op
WorkloadPilot    9: 167902 op, 250388606.00 ns, 1.4913 us/op

WorkloadWarmup   1: 167902 op, 248657298.00 ns, 1.4810 us/op
WorkloadWarmup   2: 167902 op, 253592108.00 ns, 1.5104 us/op
WorkloadWarmup   3: 167902 op, 248550096.00 ns, 1.4803 us/op
WorkloadWarmup   4: 167902 op, 249229928.00 ns, 1.4844 us/op
WorkloadWarmup   5: 167902 op, 249172238.00 ns, 1.4840 us/op

// BeforeActualRun
WorkloadActual   1: 167902 op, 249423864.00 ns, 1.4855 us/op
WorkloadActual   2: 167902 op, 248776877.00 ns, 1.4817 us/op
WorkloadActual   3: 167902 op, 248799631.00 ns, 1.4818 us/op
WorkloadActual   4: 167902 op, 254355167.00 ns, 1.5149 us/op
WorkloadActual   5: 167902 op, 250042682.00 ns, 1.4892 us/op
WorkloadActual   6: 167902 op, 248922958.00 ns, 1.4825 us/op
WorkloadActual   7: 167902 op, 249744496.00 ns, 1.4874 us/op
WorkloadActual   8: 167902 op, 249510830.00 ns, 1.4861 us/op

// AfterActualRun
WorkloadResult   1: 167902 op, 249423864.00 ns, 1.4855 us/op
WorkloadResult   2: 167902 op, 248776877.00 ns, 1.4817 us/op
WorkloadResult   3: 167902 op, 248799631.00 ns, 1.4818 us/op
WorkloadResult   4: 167902 op, 250042682.00 ns, 1.4892 us/op
WorkloadResult   5: 167902 op, 248922958.00 ns, 1.4825 us/op
WorkloadResult   6: 167902 op, 249744496.00 ns, 1.4874 us/op
WorkloadResult   7: 167902 op, 249510830.00 ns, 1.4861 us/op
// GC:  6 0 0 514451728 167902
// Threading:  0 0 167902

// AfterAll
// Benchmark Process 3498 has exited with code 0.

Mean = 1.485 μs, StdErr = 0.001 μs (0.08%), N = 7, StdDev = 0.003 μs
Min = 1.482 μs, Q1 = 1.482 μs, Median = 1.486 μs, Q3 = 1.487 μs, Max = 1.489 μs
IQR = 0.005 μs, LowerFence = 1.475 μs, UpperFence = 1.494 μs
ConfidenceInterval = [1.478 μs; 1.492 μs] (CI 99.9%), Margin = 0.007 μs (0.45% of Mean)
Skewness = 0.13, Kurtosis = 1.17, MValue = 2

// ** Remained 34 (89.5 %) benchmark(s) to run. Estimated finish 2026-08-06 10:33 (0h 3m from now) **
// **************************
// Benchmark: DeserializeCollection.ServiceStackText: Quick(MaxRelativeError=0.05, Arguments=/p:MatrixMode=Benchmark, IterationTime=250ms, MaxIterationCount=12, MaxWarmupIterationCount=5, MinIterationCount=8, MinWarmupIterationCount=3)
// *** Execute ***
// Launch: 1 / 1
// Execute: dotnet Matrix.JsonSerialization-Quick-1.dll --anonymousPipes 186 187 --benchmarkName Matrix.JsonSerialization.Benchmarks.DeserializeCollection.ServiceStackText --job Quick --benchmarkId 4 in /home/runner/work/dotnet-matrix/dotnet-matrix/src/Matrix.JsonSerialization/bin/Benchmark/Release/net10.0/Matrix.JsonSerialization-Quick-1/bin/Release/net10.0
// Failed to set up high priority (Permission denied). In order to run benchmarks with high priority, make sure you have the right permissions.
// BeforeAnythingElse

// Benchmark Process Environment Information:
// BenchmarkDotNet v0.15.8
// Runtime=.NET 10.0.10 (10.0.10, 10.0.1026.32716), X64 RyuJIT x86-64-v4
// GC=Concurrent Workstation
// HardwareIntrinsics=AVX512 BITALG+VBMI2+VNNI+VPOPCNTDQ,AVX512 IFMA+VBMI,AVX512 F+BW+CD+DQ+VL,AVX2+BMI1+BMI2+F16C+FMA+LZCNT+MOVBE,AVX,SSE3+SSSE3+SSE4.1+SSE4.2+POPCNT,X86Base+SSE+SSE2,AES+PCLMUL VectorSize=256
// Job: Quick(MaxRelativeError=0.05, IterationTime=250ms, MaxIterationCount=12, MaxWarmupIterationCount=5, MinIterationCount=8, MinWarmupIterationCount=3)

OverheadJitting  1: 1 op, 256086.00 ns, 256.0860 us/op
WorkloadJitting  1: 1 op, 46272575.00 ns, 46.2726 ms/op

WorkloadPilot    1: 4 op, 45747.00 ns, 11.4368 us/op
WorkloadPilot    2: 21859 op, 113594439.00 ns, 5.1967 us/op
WorkloadPilot    3: 48108 op, 125671794.00 ns, 2.6123 us/op
WorkloadPilot    4: 95702 op, 88055407.00 ns, 920.1000 ns/op
WorkloadPilot    5: 271710 op, 241635961.00 ns, 889.3157 ns/op
WorkloadPilot    6: 281115 op, 236966465.00 ns, 842.9520 ns/op
WorkloadPilot    7: 296577 op, 259247160.00 ns, 874.1310 ns/op
WorkloadPilot    8: 285998 op, 236230996.00 ns, 825.9883 ns/op
WorkloadPilot    9: 302668 op, 250775350.00 ns, 828.5493 ns/op
WorkloadPilot   10: 301732 op, 250469045.00 ns, 830.1043 ns/op

WorkloadWarmup   1: 301732 op, 249179596.00 ns, 825.8309 ns/op
WorkloadWarmup   2: 301732 op, 248915320.00 ns, 824.9550 ns/op
WorkloadWarmup   3: 301732 op, 250660652.00 ns, 830.7394 ns/op
WorkloadWarmup   4: 301732 op, 251385238.00 ns, 833.1408 ns/op
WorkloadWarmup   5: 301732 op, 250377297.00 ns, 829.8003 ns/op

// BeforeActualRun
WorkloadActual   1: 301732 op, 249521033.00 ns, 826.9624 ns/op
WorkloadActual   2: 301732 op, 249890348.00 ns, 828.1864 ns/op
WorkloadActual   3: 301732 op, 251475572.00 ns, 833.4402 ns/op
WorkloadActual   4: 301732 op, 250178066.00 ns, 829.1400 ns/op
WorkloadActual   5: 301732 op, 249991859.00 ns, 828.5229 ns/op
WorkloadActual   6: 301732 op, 254726942.00 ns, 844.2159 ns/op
WorkloadActual   7: 301732 op, 249163552.00 ns, 825.7777 ns/op
WorkloadActual   8: 301732 op, 250613745.00 ns, 830.5839 ns/op

// AfterActualRun
WorkloadResult   1: 301732 op, 249521033.00 ns, 826.9624 ns/op
WorkloadResult   2: 301732 op, 249890348.00 ns, 828.1864 ns/op
WorkloadResult   3: 301732 op, 251475572.00 ns, 833.4402 ns/op
WorkloadResult   4: 301732 op, 250178066.00 ns, 829.1400 ns/op
WorkloadResult   5: 301732 op, 249991859.00 ns, 828.5229 ns/op
WorkloadResult   6: 301732 op, 249163552.00 ns, 825.7777 ns/op
WorkloadResult   7: 301732 op, 250613745.00 ns, 830.5839 ns/op
// GC:  1 0 0 142417504 301732
// Threading:  0 0 301732

// AfterAll
// Benchmark Process 3508 has exited with code 0.

Mean = 828.945 ns, StdErr = 0.947 ns (0.11%), N = 7, StdDev = 2.505 ns
Min = 825.778 ns, Q1 = 827.574 ns, Median = 828.523 ns, Q3 = 829.862 ns, Max = 833.440 ns
IQR = 2.288 ns, LowerFence = 824.143 ns, UpperFence = 833.293 ns
ConfidenceInterval = [823.303 ns; 834.586 ns] (CI 99.9%), Margin = 5.642 ns (0.68% of Mean)
Skewness = 0.5, Kurtosis = 1.93, MValue = 2

// ** Remained 33 (86.8 %) benchmark(s) to run. Estimated finish 2026-08-06 10:33 (0h 3m from now) **
// **************************
// Benchmark: DeserializeCollection.SystemTextJson: Quick(MaxRelativeError=0.05, Arguments=/p:MatrixMode=Benchmark, IterationTime=250ms, MaxIterationCount=12, MaxWarmupIterationCount=5, MinIterationCount=8, MinWarmupIterationCount=3)
// *** Execute ***
// Launch: 1 / 1
// Execute: dotnet Matrix.JsonSerialization-Quick-1.dll --anonymousPipes 186 187 --benchmarkName Matrix.JsonSerialization.Benchmarks.DeserializeCollection.SystemTextJson --job Quick --benchmarkId 5 in /home/runner/work/dotnet-matrix/dotnet-matrix/src/Matrix.JsonSerialization/bin/Benchmark/Release/net10.0/Matrix.JsonSerialization-Quick-1/bin/Release/net10.0
// Failed to set up high priority (Permission denied). In order to run benchmarks with high priority, make sure you have the right permissions.
// BeforeAnythingElse

// Benchmark Process Environment Information:
// BenchmarkDotNet v0.15.8
// Runtime=.NET 10.0.10 (10.0.10, 10.0.1026.32716), X64 RyuJIT x86-64-v4
// GC=Concurrent Workstation
// HardwareIntrinsics=AVX512 BITALG+VBMI2+VNNI+VPOPCNTDQ,AVX512 IFMA+VBMI,AVX512 F+BW+CD+DQ+VL,AVX2+BMI1+BMI2+F16C+FMA+LZCNT+MOVBE,AVX,SSE3+SSSE3+SSE4.1+SSE4.2+POPCNT,X86Base+SSE+SSE2,AES+PCLMUL VectorSize=256
// Job: Quick(MaxRelativeError=0.05, IterationTime=250ms, MaxIterationCount=12, MaxWarmupIterationCount=5, MinIterationCount=8, MinWarmupIterationCount=3)

OverheadJitting  1: 1 op, 255317.00 ns, 255.3170 us/op
WorkloadJitting  1: 1 op, 26179120.00 ns, 26.1791 ms/op

WorkloadPilot    1: 4 op, 96378.00 ns, 24.0945 us/op
WorkloadPilot    2: 10376 op, 63321438.00 ns, 6.1027 us/op
WorkloadPilot    3: 40966 op, 250937581.00 ns, 6.1255 us/op
WorkloadPilot    4: 40813 op, 143176570.00 ns, 3.5081 us/op
WorkloadPilot    5: 71263 op, 228431865.00 ns, 3.2055 us/op
WorkloadPilot    6: 77992 op, 85545581.00 ns, 1.0969 us/op
WorkloadPilot    7: 227925 op, 196387190.00 ns, 861.6308 ns/op
WorkloadPilot    8: 290147 op, 237466817.00 ns, 818.4362 ns/op
WorkloadPilot    9: 305461 op, 249301735.00 ns, 816.1491 ns/op
WorkloadPilot   10: 306317 op, 250318969.00 ns, 817.1893 ns/op
WorkloadPilot   11: 305927 op, 250003174.00 ns, 817.1988 ns/op

WorkloadWarmup   1: 305927 op, 250791926.00 ns, 819.7770 ns/op
WorkloadWarmup   2: 305927 op, 250614812.00 ns, 819.1981 ns/op
WorkloadWarmup   3: 305927 op, 249524787.00 ns, 815.6351 ns/op
WorkloadWarmup   4: 305927 op, 249603031.00 ns, 815.8908 ns/op
WorkloadWarmup   5: 305927 op, 252868227.00 ns, 826.5639 ns/op

// BeforeActualRun
WorkloadActual   1: 305927 op, 249845638.00 ns, 816.6838 ns/op
WorkloadActual   2: 305927 op, 251059798.00 ns, 820.6526 ns/op
WorkloadActual   3: 305927 op, 252450544.00 ns, 825.1986 ns/op
WorkloadActual   4: 305927 op, 250151546.00 ns, 817.6838 ns/op
WorkloadActual   5: 305927 op, 249862412.00 ns, 816.7387 ns/op
WorkloadActual   6: 305927 op, 249662918.00 ns, 816.0866 ns/op
WorkloadActual   7: 305927 op, 249375308.00 ns, 815.1464 ns/op
WorkloadActual   8: 305927 op, 250912848.00 ns, 820.1723 ns/op

// AfterActualRun
WorkloadResult   1: 305927 op, 249845638.00 ns, 816.6838 ns/op
WorkloadResult   2: 305927 op, 251059798.00 ns, 820.6526 ns/op
WorkloadResult   3: 305927 op, 252450544.00 ns, 825.1986 ns/op
WorkloadResult   4: 305927 op, 250151546.00 ns, 817.6838 ns/op
WorkloadResult   5: 305927 op, 249862412.00 ns, 816.7387 ns/op
WorkloadResult   6: 305927 op, 249662918.00 ns, 816.0866 ns/op
WorkloadResult   7: 305927 op, 249375308.00 ns, 815.1464 ns/op
WorkloadResult   8: 305927 op, 250912848.00 ns, 820.1723 ns/op
// GC:  2 0 0 244741600 305927
// Threading:  0 0 305927

// AfterAll
// Benchmark Process 3519 has exited with code 0.

Mean = 818.545 ns, StdErr = 1.168 ns (0.14%), N = 8, StdDev = 3.304 ns
Min = 815.146 ns, Q1 = 816.535 ns, Median = 817.211 ns, Q3 = 820.292 ns, Max = 825.199 ns
IQR = 3.758 ns, LowerFence = 810.898 ns, UpperFence = 825.929 ns
ConfidenceInterval = [812.228 ns; 824.863 ns] (CI 99.9%), Margin = 6.318 ns (0.77% of Mean)
Skewness = 0.84, Kurtosis = 2.29, MValue = 2

// ** Remained 32 (84.2 %) benchmark(s) to run. Estimated finish 2026-08-06 10:33 (0h 2m from now) **
// ***** BenchmarkRunner: Finish  *****

// * Export *
  tmp/dotnet-matrix/JsonSerialization/6a20c96a9b2040c3afe6893cda53c8bf/results/Matrix.JsonSerialization.Benchmarks.DeserializeCollection-report.csv
  tmp/dotnet-matrix/JsonSerialization/6a20c96a9b2040c3afe6893cda53c8bf/results/Matrix.JsonSerialization.Benchmarks.DeserializeCollection-report-github.md
  tmp/dotnet-matrix/JsonSerialization/6a20c96a9b2040c3afe6893cda53c8bf/results/Matrix.JsonSerialization.Benchmarks.DeserializeCollection-report.html
  tmp/dotnet-matrix/JsonSerialization/6a20c96a9b2040c3afe6893cda53c8bf/results/Matrix.JsonSerialization.Benchmarks.DeserializeCollection-report-full.json

// * Detailed results *
DeserializeCollection.SystemTextJson: Quick(MaxRelativeError=0.05, Arguments=/p:MatrixMode=Benchmark, IterationTime=250ms, MaxIterationCount=12, MaxWarmupIterationCount=5, MinIterationCount=8, MinWarmupIterationCount=3)
Runtime = .NET 10.0.10 (10.0.10, 10.0.1026.32716), X64 RyuJIT x86-64-v4; GC = Concurrent Workstation
Mean = 818.545 ns, StdErr = 1.168 ns (0.14%), N = 8, StdDev = 3.304 ns
Min = 815.146 ns, Q1 = 816.535 ns, Median = 817.211 ns, Q3 = 820.292 ns, Max = 825.199 ns
IQR = 3.758 ns, LowerFence = 810.898 ns, UpperFence = 825.929 ns
ConfidenceInterval = [812.228 ns; 824.863 ns] (CI 99.9%), Margin = 6.318 ns (0.77% of Mean)
Skewness = 0.84, Kurtosis = 2.29, MValue = 2
-------------------- Histogram --------------------
[812.978 ns ; 827.367 ns) | @@@@@@@@
---------------------------------------------------

DeserializeCollection.ServiceStackText: Quick(MaxRelativeError=0.05, Arguments=/p:MatrixMode=Benchmark, IterationTime=250ms, MaxIterationCount=12, MaxWarmupIterationCount=5, MinIterationCount=8, MinWarmupIterationCount=3)
Runtime = .NET 10.0.10 (10.0.10, 10.0.1026.32716), X64 RyuJIT x86-64-v4; GC = Concurrent Workstation
Mean = 828.945 ns, StdErr = 0.947 ns (0.11%), N = 7, StdDev = 2.505 ns
Min = 825.778 ns, Q1 = 827.574 ns, Median = 828.523 ns, Q3 = 829.862 ns, Max = 833.440 ns
IQR = 2.288 ns, LowerFence = 824.143 ns, UpperFence = 833.293 ns
ConfidenceInterval = [823.303 ns; 834.586 ns] (CI 99.9%), Margin = 5.642 ns (0.68% of Mean)
Skewness = 0.5, Kurtosis = 1.93, MValue = 2
-------------------- Histogram --------------------
[824.059 ns ; 835.159 ns) | @@@@@@@
---------------------------------------------------

DeserializeCollection.NewtonsoftJson: Quick(MaxRelativeError=0.05, Arguments=/p:MatrixMode=Benchmark, IterationTime=250ms, MaxIterationCount=12, MaxWarmupIterationCount=5, MinIterationCount=8, MinWarmupIterationCount=3)
Runtime = .NET 10.0.10 (10.0.10, 10.0.1026.32716), X64 RyuJIT x86-64-v4; GC = Concurrent Workstation
Mean = 1.485 μs, StdErr = 0.001 μs (0.08%), N = 7, StdDev = 0.003 μs
Min = 1.482 μs, Q1 = 1.482 μs, Median = 1.486 μs, Q3 = 1.487 μs, Max = 1.489 μs
IQR = 0.005 μs, LowerFence = 1.475 μs, UpperFence = 1.494 μs
ConfidenceInterval = [1.478 μs; 1.492 μs] (CI 99.9%), Margin = 0.007 μs (0.45% of Mean)
Skewness = 0.13, Kurtosis = 1.17, MValue = 2
-------------------- Histogram --------------------
[1.480 μs ; 1.491 μs) | @@@@@@@
---------------------------------------------------

// * Summary *

BenchmarkDotNet v0.15.8, Linux Ubuntu 24.04.4 LTS (Noble Numbat)
INTEL XEON PLATINUM 8573C 3.06GHz, 1 CPU, 4 logical and 2 physical cores
.NET SDK 10.0.302
  [Host] : .NET 10.0.10 (10.0.10, 10.0.1026.32716), X64 RyuJIT x86-64-v4
  Quick  : .NET 10.0.10 (10.0.10, 10.0.1026.32716), X64 RyuJIT x86-64-v4

Job=Quick  MaxRelativeError=0.05  Arguments=/p:MatrixMode=Benchmark  
IterationTime=250ms  MaxIterationCount=12  MaxWarmupIterationCount=5  
MinIterationCount=8  MinWarmupIterationCount=3  

| Method           | Mean       | Error   | StdDev  | Gen0   | Allocated |
|----------------- |-----------:|--------:|--------:|-------:|----------:|
| SystemTextJson   |   818.5 ns | 6.32 ns | 3.30 ns | 0.0065 |     800 B |
| ServiceStackText |   828.9 ns | 5.64 ns | 2.50 ns | 0.0033 |     472 B |
| NewtonsoftJson   | 1,484.9 ns | 6.65 ns | 2.95 ns | 0.0357 |    3064 B |

// * Hints *
Outliers
  DeserializeCollection.ServiceStackText: Quick -> 1 outlier  was  removed (844.22 ns)
  DeserializeCollection.NewtonsoftJson: Quick   -> 1 outlier  was  removed (1.51 μs)

// * Legends *
  Mean      : Arithmetic mean of all measurements
  Error     : Half of 99.9% confidence interval
  StdDev    : Standard deviation of all measurements
  Gen0      : GC Generation 0 collects per 1000 operations
  Allocated : Allocated memory per single operation (managed only, inclusive, 1KB = 1024B)
  1 ns      : 1 Nanosecond (0.000000001 sec)

// * Diagnostic Output - MemoryDiagnoser *


// ***** BenchmarkRunner: End *****
Run time: 00:00:16 (16.7 sec), executed benchmarks: 3

// Found 3 benchmarks:
//   DeserializeDictionary.NewtonsoftJson: Quick(MaxRelativeError=0.05, Arguments=/p:MatrixMode=Benchmark, IterationTime=250ms, MaxIterationCount=12, MaxWarmupIterationCount=5, MinIterationCount=8, MinWarmupIterationCount=3)
//   DeserializeDictionary.ServiceStackText: Quick(MaxRelativeError=0.05, Arguments=/p:MatrixMode=Benchmark, IterationTime=250ms, MaxIterationCount=12, MaxWarmupIterationCount=5, MinIterationCount=8, MinWarmupIterationCount=3)
//   DeserializeDictionary.SystemTextJson: Quick(MaxRelativeError=0.05, Arguments=/p:MatrixMode=Benchmark, IterationTime=250ms, MaxIterationCount=12, MaxWarmupIterationCount=5, MinIterationCount=8, MinWarmupIterationCount=3)

// **************************
// Benchmark: DeserializeDictionary.NewtonsoftJson: Quick(MaxRelativeError=0.05, Arguments=/p:MatrixMode=Benchmark, IterationTime=250ms, MaxIterationCount=12, MaxWarmupIterationCount=5, MinIterationCount=8, MinWarmupIterationCount=3)
// *** Execute ***
// Launch: 1 / 1
// Execute: dotnet Matrix.JsonSerialization-Quick-1.dll --anonymousPipes 186 187 --benchmarkName Matrix.JsonSerialization.Benchmarks.DeserializeDictionary.NewtonsoftJson --job Quick --benchmarkId 6 in /home/runner/work/dotnet-matrix/dotnet-matrix/src/Matrix.JsonSerialization/bin/Benchmark/Release/net10.0/Matrix.JsonSerialization-Quick-1/bin/Release/net10.0
// Failed to set up high priority (Permission denied). In order to run benchmarks with high priority, make sure you have the right permissions.
// BeforeAnythingElse

// Benchmark Process Environment Information:
// BenchmarkDotNet v0.15.8
// Runtime=.NET 10.0.10 (10.0.10, 10.0.1026.32716), X64 RyuJIT x86-64-v4
// GC=Concurrent Workstation
// HardwareIntrinsics=AVX512 BITALG+VBMI2+VNNI+VPOPCNTDQ,AVX512 IFMA+VBMI,AVX512 F+BW+CD+DQ+VL,AVX2+BMI1+BMI2+F16C+FMA+LZCNT+MOVBE,AVX,SSE3+SSSE3+SSE4.1+SSE4.2+POPCNT,X86Base+SSE+SSE2,AES+PCLMUL VectorSize=256
// Job: Quick(MaxRelativeError=0.05, IterationTime=250ms, MaxIterationCount=12, MaxWarmupIterationCount=5, MinIterationCount=8, MinWarmupIterationCount=3)

OverheadJitting  1: 1 op, 240298.00 ns, 240.2980 us/op
WorkloadJitting  1: 1 op, 36887139.00 ns, 36.8871 ms/op

WorkloadPilot    1: 4 op, 69823.00 ns, 17.4558 us/op
WorkloadPilot    2: 14322 op, 70179244.00 ns, 4.9001 us/op
WorkloadPilot    3: 51019 op, 244588945.00 ns, 4.7941 us/op
WorkloadPilot    4: 52148 op, 152119734.00 ns, 2.9171 us/op
WorkloadPilot    5: 85702 op, 56680498.00 ns, 661.3673 ns/op
WorkloadPilot    6: 378005 op, 247939888.00 ns, 655.9170 ns/op
WorkloadPilot    7: 381146 op, 249473726.00 ns, 654.5359 ns/op
WorkloadPilot    8: 381950 op, 251425745.00 ns, 658.2687 ns/op
WorkloadPilot    9: 379784 op, 250350819.00 ns, 659.1926 ns/op
WorkloadPilot   10: 379252 op, 248294885.00 ns, 654.6963 ns/op
WorkloadPilot   11: 381856 op, 251995505.00 ns, 659.9229 ns/op

WorkloadWarmup   1: 381856 op, 252003848.00 ns, 659.9447 ns/op
WorkloadWarmup   2: 381856 op, 252488647.00 ns, 661.2143 ns/op
WorkloadWarmup   3: 381856 op, 252191954.00 ns, 660.4373 ns/op
WorkloadWarmup   4: 381856 op, 250752333.00 ns, 656.6673 ns/op
WorkloadWarmup   5: 381856 op, 251234055.00 ns, 657.9288 ns/op

// BeforeActualRun
WorkloadActual   1: 381856 op, 251723991.00 ns, 659.2118 ns/op
WorkloadActual   2: 381856 op, 251595263.00 ns, 658.8747 ns/op
WorkloadActual   3: 381856 op, 250791971.00 ns, 656.7711 ns/op
WorkloadActual   4: 381856 op, 250601530.00 ns, 656.2723 ns/op
WorkloadActual   5: 381856 op, 249922671.00 ns, 654.4946 ns/op
WorkloadActual   6: 381856 op, 303671231.00 ns, 795.2506 ns/op
WorkloadActual   7: 381856 op, 247418882.00 ns, 647.9377 ns/op
WorkloadActual   8: 381856 op, 249241418.00 ns, 652.7105 ns/op

// AfterActualRun
WorkloadResult   1: 381856 op, 251723991.00 ns, 659.2118 ns/op
WorkloadResult   2: 381856 op, 251595263.00 ns, 658.8747 ns/op
WorkloadResult   3: 381856 op, 250791971.00 ns, 656.7711 ns/op
WorkloadResult   4: 381856 op, 250601530.00 ns, 656.2723 ns/op
WorkloadResult   5: 381856 op, 249922671.00 ns, 654.4946 ns/op
WorkloadResult   6: 381856 op, 247418882.00 ns, 647.9377 ns/op
WorkloadResult   7: 381856 op, 249241418.00 ns, 652.7105 ns/op
// GC:  13 0 0 1105854976 381856
// Threading:  0 0 381856

// AfterAll
// Benchmark Process 3529 has exited with code 0.

Mean = 655.182 ns, StdErr = 1.485 ns (0.23%), N = 7, StdDev = 3.930 ns
Min = 647.938 ns, Q1 = 653.603 ns, Median = 656.272 ns, Q3 = 657.823 ns, Max = 659.212 ns
IQR = 4.220 ns, LowerFence = 647.272 ns, UpperFence = 664.153 ns
ConfidenceInterval = [646.331 ns; 664.032 ns] (CI 99.9%), Margin = 8.850 ns (1.35% of Mean)
Skewness = -0.65, Kurtosis = 1.95, MValue = 2

// ** Remained 31 (81.6 %) benchmark(s) to run. Estimated finish 2026-08-06 10:33 (0h 2m from now) **
// **************************
// Benchmark: DeserializeDictionary.ServiceStackText: Quick(MaxRelativeError=0.05, Arguments=/p:MatrixMode=Benchmark, IterationTime=250ms, MaxIterationCount=12, MaxWarmupIterationCount=5, MinIterationCount=8, MinWarmupIterationCount=3)
// *** Execute ***
// Launch: 1 / 1
// Execute: dotnet Matrix.JsonSerialization-Quick-1.dll --anonymousPipes 186 187 --benchmarkName Matrix.JsonSerialization.Benchmarks.DeserializeDictionary.ServiceStackText --job Quick --benchmarkId 7 in /home/runner/work/dotnet-matrix/dotnet-matrix/src/Matrix.JsonSerialization/bin/Benchmark/Release/net10.0/Matrix.JsonSerialization-Quick-1/bin/Release/net10.0
// Failed to set up high priority (Permission denied). In order to run benchmarks with high priority, make sure you have the right permissions.
// BeforeAnythingElse

// Benchmark Process Environment Information:
// BenchmarkDotNet v0.15.8
// Runtime=.NET 10.0.10 (10.0.10, 10.0.1026.32716), X64 RyuJIT x86-64-v4
// GC=Concurrent Workstation
// HardwareIntrinsics=AVX512 BITALG+VBMI2+VNNI+VPOPCNTDQ,AVX512 IFMA+VBMI,AVX512 F+BW+CD+DQ+VL,AVX2+BMI1+BMI2+F16C+FMA+LZCNT+MOVBE,AVX,SSE3+SSSE3+SSE4.1+SSE4.2+POPCNT,X86Base+SSE+SSE2,AES+PCLMUL VectorSize=256
// Job: Quick(MaxRelativeError=0.05, IterationTime=250ms, MaxIterationCount=12, MaxWarmupIterationCount=5, MinIterationCount=8, MinWarmupIterationCount=3)

OverheadJitting  1: 1 op, 246671.00 ns, 246.6710 us/op
WorkloadJitting  1: 1 op, 38906982.00 ns, 38.9070 ms/op

WorkloadPilot    1: 4 op, 420682.00 ns, 105.1705 us/op
WorkloadPilot    2: 2377 op, 4855066.00 ns, 2.0425 us/op
WorkloadPilot    3: 122398 op, 215585637.00 ns, 1.7613 us/op
WorkloadPilot    4: 141937 op, 36914599.00 ns, 260.0774 ns/op
WorkloadPilot    5: 961252 op, 225267935.00 ns, 234.3485 ns/op
WorkloadPilot    6: 1066787 op, 241300314.00 ns, 226.1935 ns/op
WorkloadPilot    7: 1105248 op, 248287525.00 ns, 224.6442 ns/op
WorkloadPilot    8: 1112871 op, 250608083.00 ns, 225.1906 ns/op
WorkloadPilot    9: 1110171 op, 248610540.00 ns, 223.9390 ns/op
WorkloadPilot   10: 1116376 op, 254764193.00 ns, 228.2064 ns/op
WorkloadPilot   11: 1095499 op, 251043790.00 ns, 229.1593 ns/op

WorkloadWarmup   1: 1095499 op, 246250349.00 ns, 224.7837 ns/op
WorkloadWarmup   2: 1095499 op, 247460090.00 ns, 225.8880 ns/op
WorkloadWarmup   3: 1095499 op, 246680550.00 ns, 225.1764 ns/op
WorkloadWarmup   4: 1095499 op, 246151360.00 ns, 224.6934 ns/op
WorkloadWarmup   5: 1095499 op, 247729678.00 ns, 226.1341 ns/op

// BeforeActualRun
WorkloadActual   1: 1095499 op, 249404568.00 ns, 227.6630 ns/op
WorkloadActual   2: 1095499 op, 246815666.00 ns, 225.2998 ns/op
WorkloadActual   3: 1095499 op, 245727423.00 ns, 224.3064 ns/op
WorkloadActual   4: 1095499 op, 246254299.00 ns, 224.7873 ns/op
WorkloadActual   5: 1095499 op, 246334958.00 ns, 224.8610 ns/op
WorkloadActual   6: 1095499 op, 246719715.00 ns, 225.2122 ns/op
WorkloadActual   7: 1095499 op, 245957413.00 ns, 224.5163 ns/op
WorkloadActual   8: 1095499 op, 246357386.00 ns, 224.8814 ns/op

// AfterActualRun
WorkloadResult   1: 1095499 op, 246815666.00 ns, 225.2998 ns/op
WorkloadResult   2: 1095499 op, 245727423.00 ns, 224.3064 ns/op
WorkloadResult   3: 1095499 op, 246254299.00 ns, 224.7873 ns/op
WorkloadResult   4: 1095499 op, 246334958.00 ns, 224.8610 ns/op
WorkloadResult   5: 1095499 op, 246719715.00 ns, 225.2122 ns/op
WorkloadResult   6: 1095499 op, 245957413.00 ns, 224.5163 ns/op
WorkloadResult   7: 1095499 op, 246357386.00 ns, 224.8814 ns/op
// GC:  5 0 0 464491576 1095499
// Threading:  0 0 1095499

// AfterAll
// Benchmark Process 3539 has exited with code 0.

Mean = 224.838 ns, StdErr = 0.133 ns (0.06%), N = 7, StdDev = 0.352 ns
Min = 224.306 ns, Q1 = 224.652 ns, Median = 224.861 ns, Q3 = 225.047 ns, Max = 225.300 ns
IQR = 0.395 ns, LowerFence = 224.059 ns, UpperFence = 225.639 ns
ConfidenceInterval = [224.045 ns; 225.631 ns] (CI 99.9%), Margin = 0.793 ns (0.35% of Mean)
Skewness = -0.11, Kurtosis = 1.44, MValue = 2

// ** Remained 30 (78.9 %) benchmark(s) to run. Estimated finish 2026-08-06 10:33 (0h 2m from now) **
// **************************
// Benchmark: DeserializeDictionary.SystemTextJson: Quick(MaxRelativeError=0.05, Arguments=/p:MatrixMode=Benchmark, IterationTime=250ms, MaxIterationCount=12, MaxWarmupIterationCount=5, MinIterationCount=8, MinWarmupIterationCount=3)
// *** Execute ***
// Launch: 1 / 1
// Execute: dotnet Matrix.JsonSerialization-Quick-1.dll --anonymousPipes 186 187 --benchmarkName Matrix.JsonSerialization.Benchmarks.DeserializeDictionary.SystemTextJson --job Quick --benchmarkId 8 in /home/runner/work/dotnet-matrix/dotnet-matrix/src/Matrix.JsonSerialization/bin/Benchmark/Release/net10.0/Matrix.JsonSerialization-Quick-1/bin/Release/net10.0
// Failed to set up high priority (Permission denied). In order to run benchmarks with high priority, make sure you have the right permissions.
// BeforeAnythingElse

// Benchmark Process Environment Information:
// BenchmarkDotNet v0.15.8
// Runtime=.NET 10.0.10 (10.0.10, 10.0.1026.32716), X64 RyuJIT x86-64-v4
// GC=Concurrent Workstation
// HardwareIntrinsics=AVX512 BITALG+VBMI2+VNNI+VPOPCNTDQ,AVX512 IFMA+VBMI,AVX512 F+BW+CD+DQ+VL,AVX2+BMI1+BMI2+F16C+FMA+LZCNT+MOVBE,AVX,SSE3+SSSE3+SSE4.1+SSE4.2+POPCNT,X86Base+SSE+SSE2,AES+PCLMUL VectorSize=256
// Job: Quick(MaxRelativeError=0.05, IterationTime=250ms, MaxIterationCount=12, MaxWarmupIterationCount=5, MinIterationCount=8, MinWarmupIterationCount=3)

OverheadJitting  1: 1 op, 245223.00 ns, 245.2230 us/op
WorkloadJitting  1: 1 op, 21941475.00 ns, 21.9415 ms/op

WorkloadPilot    1: 4 op, 69751.00 ns, 17.4378 us/op
WorkloadPilot    2: 14337 op, 29024487.00 ns, 2.0244 us/op
WorkloadPilot    3: 123491 op, 267013230.00 ns, 2.1622 us/op
WorkloadPilot    4: 115623 op, 189759190.00 ns, 1.6412 us/op
WorkloadPilot    5: 152329 op, 52104316.00 ns, 342.0512 ns/op
WorkloadPilot    6: 730885 op, 211482261.00 ns, 289.3509 ns/op
WorkloadPilot    7: 864003 op, 229764313.00 ns, 265.9300 ns/op
WorkloadPilot    8: 940097 op, 251109040.00 ns, 267.1097 ns/op
WorkloadPilot    9: 935945 op, 248724142.00 ns, 265.7465 ns/op
WorkloadPilot   10: 940746 op, 250685095.00 ns, 266.4748 ns/op

WorkloadWarmup   1: 940746 op, 250189322.00 ns, 265.9478 ns/op
WorkloadWarmup   2: 940746 op, 249675324.00 ns, 265.4014 ns/op
WorkloadWarmup   3: 940746 op, 249804817.00 ns, 265.5391 ns/op
WorkloadWarmup   4: 940746 op, 254257764.00 ns, 270.2725 ns/op
WorkloadWarmup   5: 940746 op, 249636031.00 ns, 265.3597 ns/op

// BeforeActualRun
WorkloadActual   1: 940746 op, 249786966.00 ns, 265.5201 ns/op
WorkloadActual   2: 940746 op, 250069987.00 ns, 265.8209 ns/op
WorkloadActual   3: 940746 op, 249383560.00 ns, 265.0913 ns/op
WorkloadActual   4: 940746 op, 250482741.00 ns, 266.2597 ns/op
WorkloadActual   5: 940746 op, 249235476.00 ns, 264.9339 ns/op
WorkloadActual   6: 940746 op, 249453377.00 ns, 265.1655 ns/op
WorkloadActual   7: 940746 op, 250011712.00 ns, 265.7590 ns/op
WorkloadActual   8: 940746 op, 250972280.00 ns, 266.7801 ns/op

// AfterActualRun
WorkloadResult   1: 940746 op, 249786966.00 ns, 265.5201 ns/op
WorkloadResult   2: 940746 op, 250069987.00 ns, 265.8209 ns/op
WorkloadResult   3: 940746 op, 249383560.00 ns, 265.0913 ns/op
WorkloadResult   4: 940746 op, 250482741.00 ns, 266.2597 ns/op
WorkloadResult   5: 940746 op, 249235476.00 ns, 264.9339 ns/op
WorkloadResult   6: 940746 op, 249453377.00 ns, 265.1655 ns/op
WorkloadResult   7: 940746 op, 250011712.00 ns, 265.7590 ns/op
WorkloadResult   8: 940746 op, 250972280.00 ns, 266.7801 ns/op
// GC:  3 0 0 293512752 940746
// Threading:  0 0 940746

// AfterAll
// Benchmark Process 3548 has exited with code 0.

Mean = 265.666 ns, StdErr = 0.222 ns (0.08%), N = 8, StdDev = 0.628 ns
Min = 264.934 ns, Q1 = 265.147 ns, Median = 265.640 ns, Q3 = 265.931 ns, Max = 266.780 ns
IQR = 0.784 ns, LowerFence = 263.971 ns, UpperFence = 267.106 ns
ConfidenceInterval = [264.465 ns; 266.868 ns] (CI 99.9%), Margin = 1.202 ns (0.45% of Mean)
Skewness = 0.44, Kurtosis = 1.7, MValue = 2

// ** Remained 29 (76.3 %) benchmark(s) to run. Estimated finish 2026-08-06 10:33 (0h 2m from now) **
// ***** BenchmarkRunner: Finish  *****

// * Export *
  tmp/dotnet-matrix/JsonSerialization/6a20c96a9b2040c3afe6893cda53c8bf/results/Matrix.JsonSerialization.Benchmarks.DeserializeDictionary-report.csv
  tmp/dotnet-matrix/JsonSerialization/6a20c96a9b2040c3afe6893cda53c8bf/results/Matrix.JsonSerialization.Benchmarks.DeserializeDictionary-report-github.md
  tmp/dotnet-matrix/JsonSerialization/6a20c96a9b2040c3afe6893cda53c8bf/results/Matrix.JsonSerialization.Benchmarks.DeserializeDictionary-report.html
  tmp/dotnet-matrix/JsonSerialization/6a20c96a9b2040c3afe6893cda53c8bf/results/Matrix.JsonSerialization.Benchmarks.DeserializeDictionary-report-full.json

// * Detailed results *
DeserializeDictionary.ServiceStackText: Quick(MaxRelativeError=0.05, Arguments=/p:MatrixMode=Benchmark, IterationTime=250ms, MaxIterationCount=12, MaxWarmupIterationCount=5, MinIterationCount=8, MinWarmupIterationCount=3)
Runtime = .NET 10.0.10 (10.0.10, 10.0.1026.32716), X64 RyuJIT x86-64-v4; GC = Concurrent Workstation
Mean = 224.838 ns, StdErr = 0.133 ns (0.06%), N = 7, StdDev = 0.352 ns
Min = 224.306 ns, Q1 = 224.652 ns, Median = 224.861 ns, Q3 = 225.047 ns, Max = 225.300 ns
IQR = 0.395 ns, LowerFence = 224.059 ns, UpperFence = 225.639 ns
ConfidenceInterval = [224.045 ns; 225.631 ns] (CI 99.9%), Margin = 0.793 ns (0.35% of Mean)
Skewness = -0.11, Kurtosis = 1.44, MValue = 2
-------------------- Histogram --------------------
[224.065 ns ; 225.542 ns) | @@@@@@@
---------------------------------------------------

DeserializeDictionary.SystemTextJson: Quick(MaxRelativeError=0.05, Arguments=/p:MatrixMode=Benchmark, IterationTime=250ms, MaxIterationCount=12, MaxWarmupIterationCount=5, MinIterationCount=8, MinWarmupIterationCount=3)
Runtime = .NET 10.0.10 (10.0.10, 10.0.1026.32716), X64 RyuJIT x86-64-v4; GC = Concurrent Workstation
Mean = 265.666 ns, StdErr = 0.222 ns (0.08%), N = 8, StdDev = 0.628 ns
Min = 264.934 ns, Q1 = 265.147 ns, Median = 265.640 ns, Q3 = 265.931 ns, Max = 266.780 ns
IQR = 0.784 ns, LowerFence = 263.971 ns, UpperFence = 267.106 ns
ConfidenceInterval = [264.465 ns; 266.868 ns] (CI 99.9%), Margin = 1.202 ns (0.45% of Mean)
Skewness = 0.44, Kurtosis = 1.7, MValue = 2
-------------------- Histogram --------------------
[264.521 ns ; 267.193 ns) | @@@@@@@@
---------------------------------------------------

DeserializeDictionary.NewtonsoftJson: Quick(MaxRelativeError=0.05, Arguments=/p:MatrixMode=Benchmark, IterationTime=250ms, MaxIterationCount=12, MaxWarmupIterationCount=5, MinIterationCount=8, MinWarmupIterationCount=3)
Runtime = .NET 10.0.10 (10.0.10, 10.0.1026.32716), X64 RyuJIT x86-64-v4; GC = Concurrent Workstation
Mean = 655.182 ns, StdErr = 1.485 ns (0.23%), N = 7, StdDev = 3.930 ns
Min = 647.938 ns, Q1 = 653.603 ns, Median = 656.272 ns, Q3 = 657.823 ns, Max = 659.212 ns
IQR = 4.220 ns, LowerFence = 647.272 ns, UpperFence = 664.153 ns
ConfidenceInterval = [646.331 ns; 664.032 ns] (CI 99.9%), Margin = 8.850 ns (1.35% of Mean)
Skewness = -0.65, Kurtosis = 1.95, MValue = 2
-------------------- Histogram --------------------
[645.241 ns ; 661.908 ns) | @@@@@@@
---------------------------------------------------

// * Summary *

BenchmarkDotNet v0.15.8, Linux Ubuntu 24.04.4 LTS (Noble Numbat)
INTEL XEON PLATINUM 8573C 3.06GHz, 1 CPU, 4 logical and 2 physical cores
.NET SDK 10.0.302
  [Host] : .NET 10.0.10 (10.0.10, 10.0.1026.32716), X64 RyuJIT x86-64-v4
  Quick  : .NET 10.0.10 (10.0.10, 10.0.1026.32716), X64 RyuJIT x86-64-v4

Job=Quick  MaxRelativeError=0.05  Arguments=/p:MatrixMode=Benchmark  
IterationTime=250ms  MaxIterationCount=12  MaxWarmupIterationCount=5  
MinIterationCount=8  MinWarmupIterationCount=3  

| Method           | Mean     | Error   | StdDev  | Gen0   | Allocated |
|----------------- |---------:|--------:|--------:|-------:|----------:|
| ServiceStackText | 224.8 ns | 0.79 ns | 0.35 ns | 0.0046 |     424 B |
| SystemTextJson   | 265.7 ns | 1.20 ns | 0.63 ns | 0.0032 |     312 B |
| NewtonsoftJson   | 655.2 ns | 8.85 ns | 3.93 ns | 0.0340 |    2896 B |

// * Hints *
Outliers
  DeserializeDictionary.ServiceStackText: Quick -> 1 outlier  was  removed (227.66 ns)
  DeserializeDictionary.NewtonsoftJson: Quick   -> 1 outlier  was  removed (795.25 ns)

// * Legends *
  Mean      : Arithmetic mean of all measurements
  Error     : Half of 99.9% confidence interval
  StdDev    : Standard deviation of all measurements
  Gen0      : GC Generation 0 collects per 1000 operations
  Allocated : Allocated memory per single operation (managed only, inclusive, 1KB = 1024B)
  1 ns      : 1 Nanosecond (0.000000001 sec)

// * Diagnostic Output - MemoryDiagnoser *


// ***** BenchmarkRunner: End *****
Run time: 00:00:16 (16.99 sec), executed benchmarks: 3

// Found 3 benchmarks:
//   DeserializeNestedObject.NewtonsoftJson: Quick(MaxRelativeError=0.05, Arguments=/p:MatrixMode=Benchmark, IterationTime=250ms, MaxIterationCount=12, MaxWarmupIterationCount=5, MinIterationCount=8, MinWarmupIterationCount=3)
//   DeserializeNestedObject.ServiceStackText: Quick(MaxRelativeError=0.05, Arguments=/p:MatrixMode=Benchmark, IterationTime=250ms, MaxIterationCount=12, MaxWarmupIterationCount=5, MinIterationCount=8, MinWarmupIterationCount=3)
//   DeserializeNestedObject.SystemTextJson: Quick(MaxRelativeError=0.05, Arguments=/p:MatrixMode=Benchmark, IterationTime=250ms, MaxIterationCount=12, MaxWarmupIterationCount=5, MinIterationCount=8, MinWarmupIterationCount=3)

// **************************
// Benchmark: DeserializeNestedObject.NewtonsoftJson: Quick(MaxRelativeError=0.05, Arguments=/p:MatrixMode=Benchmark, IterationTime=250ms, MaxIterationCount=12, MaxWarmupIterationCount=5, MinIterationCount=8, MinWarmupIterationCount=3)
// *** Execute ***
// Launch: 1 / 1
// Execute: dotnet Matrix.JsonSerialization-Quick-1.dll --anonymousPipes 186 187 --benchmarkName Matrix.JsonSerialization.Benchmarks.DeserializeNestedObject.NewtonsoftJson --job Quick --benchmarkId 9 in /home/runner/work/dotnet-matrix/dotnet-matrix/src/Matrix.JsonSerialization/bin/Benchmark/Release/net10.0/Matrix.JsonSerialization-Quick-1/bin/Release/net10.0
// Failed to set up high priority (Permission denied). In order to run benchmarks with high priority, make sure you have the right permissions.
// BeforeAnythingElse

// Benchmark Process Environment Information:
// BenchmarkDotNet v0.15.8
// Runtime=.NET 10.0.10 (10.0.10, 10.0.1026.32716), X64 RyuJIT x86-64-v4
// GC=Concurrent Workstation
// HardwareIntrinsics=AVX512 BITALG+VBMI2+VNNI+VPOPCNTDQ,AVX512 IFMA+VBMI,AVX512 F+BW+CD+DQ+VL,AVX2+BMI1+BMI2+F16C+FMA+LZCNT+MOVBE,AVX,SSE3+SSSE3+SSE4.1+SSE4.2+POPCNT,X86Base+SSE+SSE2,AES+PCLMUL VectorSize=256
// Job: Quick(MaxRelativeError=0.05, IterationTime=250ms, MaxIterationCount=12, MaxWarmupIterationCount=5, MinIterationCount=8, MinWarmupIterationCount=3)

OverheadJitting  1: 1 op, 272952.00 ns, 272.9520 us/op
WorkloadJitting  1: 1 op, 52774395.00 ns, 52.7744 ms/op

WorkloadPilot    1: 4 op, 88439.00 ns, 22.1098 us/op
WorkloadPilot    2: 11307 op, 87949673.00 ns, 7.7783 us/op
WorkloadPilot    3: 32141 op, 308906522.00 ns, 9.6110 us/op
WorkloadPilot    4: 26012 op, 63222946.00 ns, 2.4305 us/op
WorkloadPilot    5: 102858 op, 108374132.00 ns, 1.0536 us/op
WorkloadPilot    6: 237275 op, 249650172.00 ns, 1.0522 us/op
WorkloadPilot    7: 237607 op, 248646631.00 ns, 1.0465 us/op
WorkloadPilot    8: 238900 op, 251335501.00 ns, 1.0521 us/op
WorkloadPilot    9: 237631 op, 249739088.00 ns, 1.0510 us/op
WorkloadPilot   10: 237879 op, 249396982.00 ns, 1.0484 us/op
WorkloadPilot   11: 238454 op, 249528278.00 ns, 1.0464 us/op
WorkloadPilot   12: 238905 op, 250058272.00 ns, 1.0467 us/op

WorkloadWarmup   1: 238905 op, 251383408.00 ns, 1.0522 us/op
WorkloadWarmup   2: 238905 op, 251108955.00 ns, 1.0511 us/op
WorkloadWarmup   3: 238905 op, 251298555.00 ns, 1.0519 us/op
WorkloadWarmup   4: 238905 op, 266923071.00 ns, 1.1173 us/op
WorkloadWarmup   5: 238905 op, 250603630.00 ns, 1.0490 us/op

// BeforeActualRun
WorkloadActual   1: 238905 op, 251674644.00 ns, 1.0535 us/op
WorkloadActual   2: 238905 op, 251244770.00 ns, 1.0517 us/op
WorkloadActual   3: 238905 op, 250757069.00 ns, 1.0496 us/op
WorkloadActual   4: 238905 op, 251849413.00 ns, 1.0542 us/op
WorkloadActual   5: 238905 op, 250490351.00 ns, 1.0485 us/op
WorkloadActual   6: 238905 op, 250395788.00 ns, 1.0481 us/op
WorkloadActual   7: 238905 op, 250955958.00 ns, 1.0504 us/op
WorkloadActual   8: 238905 op, 250519403.00 ns, 1.0486 us/op

// AfterActualRun
WorkloadResult   1: 238905 op, 251674644.00 ns, 1.0535 us/op
WorkloadResult   2: 238905 op, 251244770.00 ns, 1.0517 us/op
WorkloadResult   3: 238905 op, 250757069.00 ns, 1.0496 us/op
WorkloadResult   4: 238905 op, 251849413.00 ns, 1.0542 us/op
WorkloadResult   5: 238905 op, 250490351.00 ns, 1.0485 us/op
WorkloadResult   6: 238905 op, 250395788.00 ns, 1.0481 us/op
WorkloadResult   7: 238905 op, 250955958.00 ns, 1.0504 us/op
WorkloadResult   8: 238905 op, 250519403.00 ns, 1.0486 us/op
// GC:  8 0 0 707158800 238905
// Threading:  0 0 238905

// AfterAll
// Benchmark Process 3559 has exited with code 0.

Mean = 1.051 μs, StdErr = 0.001 μs (0.08%), N = 8, StdDev = 0.002 μs
Min = 1.048 μs, Q1 = 1.049 μs, Median = 1.050 μs, Q3 = 1.052 μs, Max = 1.054 μs
IQR = 0.004 μs, LowerFence = 1.043 μs, UpperFence = 1.057 μs
ConfidenceInterval = [1.046 μs; 1.055 μs] (CI 99.9%), Margin = 0.004 μs (0.42% of Mean)
Skewness = 0.4, Kurtosis = 1.35, MValue = 2

// ** Remained 28 (73.7 %) benchmark(s) to run. Estimated finish 2026-08-06 10:33 (0h 2m from now) **
// **************************
// Benchmark: DeserializeNestedObject.ServiceStackText: Quick(MaxRelativeError=0.05, Arguments=/p:MatrixMode=Benchmark, IterationTime=250ms, MaxIterationCount=12, MaxWarmupIterationCount=5, MinIterationCount=8, MinWarmupIterationCount=3)
// *** Execute ***
// Launch: 1 / 1
// Execute: dotnet Matrix.JsonSerialization-Quick-1.dll --anonymousPipes 186 187 --benchmarkName Matrix.JsonSerialization.Benchmarks.DeserializeNestedObject.ServiceStackText --job Quick --benchmarkId 10 in /home/runner/work/dotnet-matrix/dotnet-matrix/src/Matrix.JsonSerialization/bin/Benchmark/Release/net10.0/Matrix.JsonSerialization-Quick-1/bin/Release/net10.0
// Failed to set up high priority (Permission denied). In order to run benchmarks with high priority, make sure you have the right permissions.
// BeforeAnythingElse

// Benchmark Process Environment Information:
// BenchmarkDotNet v0.15.8
// Runtime=.NET 10.0.10 (10.0.10, 10.0.1026.32716), X64 RyuJIT x86-64-v4
// GC=Concurrent Workstation
// HardwareIntrinsics=AVX512 BITALG+VBMI2+VNNI+VPOPCNTDQ,AVX512 IFMA+VBMI,AVX512 F+BW+CD+DQ+VL,AVX2+BMI1+BMI2+F16C+FMA+LZCNT+MOVBE,AVX,SSE3+SSSE3+SSE4.1+SSE4.2+POPCNT,X86Base+SSE+SSE2,AES+PCLMUL VectorSize=256
// Job: Quick(MaxRelativeError=0.05, IterationTime=250ms, MaxIterationCount=12, MaxWarmupIterationCount=5, MinIterationCount=8, MinWarmupIterationCount=3)

OverheadJitting  1: 1 op, 251450.00 ns, 251.4500 us/op
WorkloadJitting  1: 1 op, 41469106.00 ns, 41.4691 ms/op

WorkloadPilot    1: 4 op, 56947.00 ns, 14.2368 us/op
WorkloadPilot    2: 17560 op, 60892891.00 ns, 3.4677 us/op
WorkloadPilot    3: 72094 op, 152978959.00 ns, 2.1219 us/op
WorkloadPilot    4: 117817 op, 60496908.00 ns, 513.4820 ns/op
WorkloadPilot    5: 486872 op, 242668396.00 ns, 498.4234 ns/op
WorkloadPilot    6: 501582 op, 230077046.00 ns, 458.7028 ns/op
WorkloadPilot    7: 545015 op, 248458264.00 ns, 455.8742 ns/op
WorkloadPilot    8: 548397 op, 249366124.00 ns, 454.7182 ns/op
WorkloadPilot    9: 549791 op, 250914096.00 ns, 456.3809 ns/op
WorkloadPilot   10: 547788 op, 249080920.00 ns, 454.7031 ns/op
WorkloadPilot   11: 549809 op, 248149604.00 ns, 451.3378 ns/op
WorkloadPilot   12: 553909 op, 251041210.00 ns, 453.2174 ns/op
WorkloadPilot   13: 551612 op, 252660163.00 ns, 458.0396 ns/op

WorkloadWarmup   1: 551612 op, 252898382.00 ns, 458.4715 ns/op
WorkloadWarmup   2: 551612 op, 248539822.00 ns, 450.5700 ns/op
WorkloadWarmup   3: 551612 op, 250848218.00 ns, 454.7548 ns/op
WorkloadWarmup   4: 551612 op, 248862022.00 ns, 451.1541 ns/op
WorkloadWarmup   5: 551612 op, 249039928.00 ns, 451.4766 ns/op

// BeforeActualRun
WorkloadActual   1: 551612 op, 249974716.00 ns, 453.1713 ns/op
WorkloadActual   2: 551612 op, 251447050.00 ns, 455.8404 ns/op
WorkloadActual   3: 551612 op, 253085996.00 ns, 458.8116 ns/op
WorkloadActual   4: 551612 op, 252401291.00 ns, 457.5703 ns/op
WorkloadActual   5: 551612 op, 248539560.00 ns, 450.5695 ns/op
WorkloadActual   6: 551612 op, 251303393.00 ns, 455.5800 ns/op
WorkloadActual   7: 551612 op, 250598508.00 ns, 454.3021 ns/op
WorkloadActual   8: 551612 op, 250618190.00 ns, 454.3378 ns/op

// AfterActualRun
WorkloadResult   1: 551612 op, 249974716.00 ns, 453.1713 ns/op
WorkloadResult   2: 551612 op, 251447050.00 ns, 455.8404 ns/op
WorkloadResult   3: 551612 op, 253085996.00 ns, 458.8116 ns/op
WorkloadResult   4: 551612 op, 252401291.00 ns, 457.5703 ns/op
WorkloadResult   5: 551612 op, 248539560.00 ns, 450.5695 ns/op
WorkloadResult   6: 551612 op, 251303393.00 ns, 455.5800 ns/op
WorkloadResult   7: 551612 op, 250598508.00 ns, 454.3021 ns/op
WorkloadResult   8: 551612 op, 250618190.00 ns, 454.3378 ns/op
// GC:  2 0 0 176515840 551612
// Threading:  0 0 551612

// AfterAll
// Benchmark Process 3571 has exited with code 0.

Mean = 455.023 ns, StdErr = 0.907 ns (0.20%), N = 8, StdDev = 2.565 ns
Min = 450.570 ns, Q1 = 454.019 ns, Median = 454.959 ns, Q3 = 456.273 ns, Max = 458.812 ns
IQR = 2.253 ns, LowerFence = 450.639 ns, UpperFence = 459.653 ns
ConfidenceInterval = [450.118 ns; 459.928 ns] (CI 99.9%), Margin = 4.905 ns (1.08% of Mean)
Skewness = -0.18, Kurtosis = 1.89, MValue = 2

// ** Remained 27 (71.1 %) benchmark(s) to run. Estimated finish 2026-08-06 10:33 (0h 2m from now) **
// **************************
// Benchmark: DeserializeNestedObject.SystemTextJson: Quick(MaxRelativeError=0.05, Arguments=/p:MatrixMode=Benchmark, IterationTime=250ms, MaxIterationCount=12, MaxWarmupIterationCount=5, MinIterationCount=8, MinWarmupIterationCount=3)
// *** Execute ***
// Launch: 1 / 1
// Execute: dotnet Matrix.JsonSerialization-Quick-1.dll --anonymousPipes 186 187 --benchmarkName Matrix.JsonSerialization.Benchmarks.DeserializeNestedObject.SystemTextJson --job Quick --benchmarkId 11 in /home/runner/work/dotnet-matrix/dotnet-matrix/src/Matrix.JsonSerialization/bin/Benchmark/Release/net10.0/Matrix.JsonSerialization-Quick-1/bin/Release/net10.0
// Failed to set up high priority (Permission denied). In order to run benchmarks with high priority, make sure you have the right permissions.
// BeforeAnythingElse

// Benchmark Process Environment Information:
// BenchmarkDotNet v0.15.8
// Runtime=.NET 10.0.10 (10.0.10, 10.0.1026.32716), X64 RyuJIT x86-64-v4
// GC=Concurrent Workstation
// HardwareIntrinsics=AVX512 BITALG+VBMI2+VNNI+VPOPCNTDQ,AVX512 IFMA+VBMI,AVX512 F+BW+CD+DQ+VL,AVX2+BMI1+BMI2+F16C+FMA+LZCNT+MOVBE,AVX,SSE3+SSSE3+SSE4.1+SSE4.2+POPCNT,X86Base+SSE+SSE2,AES+PCLMUL VectorSize=256
// Job: Quick(MaxRelativeError=0.05, IterationTime=250ms, MaxIterationCount=12, MaxWarmupIterationCount=5, MinIterationCount=8, MinWarmupIterationCount=3)

OverheadJitting  1: 1 op, 243700.00 ns, 243.7000 us/op
WorkloadJitting  1: 1 op, 24160540.00 ns, 24.1605 ms/op

WorkloadPilot    1: 4 op, 108993.00 ns, 27.2483 us/op
WorkloadPilot    2: 9175 op, 40293045.00 ns, 4.3916 us/op
WorkloadPilot    3: 56927 op, 248299913.00 ns, 4.3617 us/op
WorkloadPilot    4: 57317 op, 134225851.00 ns, 2.3418 us/op
WorkloadPilot    5: 106755 op, 114483850.00 ns, 1.0724 us/op
WorkloadPilot    6: 233122 op, 126501227.00 ns, 542.6396 ns/op
WorkloadPilot    7: 460711 op, 244476317.00 ns, 530.6501 ns/op
WorkloadPilot    8: 471120 op, 254197387.00 ns, 539.5597 ns/op
WorkloadPilot    9: 463341 op, 246083253.00 ns, 531.1061 ns/op
WorkloadPilot   10: 470716 op, 250640159.00 ns, 532.4658 ns/op
WorkloadPilot   11: 469514 op, 249034041.00 ns, 530.4081 ns/op
WorkloadPilot   12: 471335 op, 250399776.00 ns, 531.2565 ns/op

WorkloadWarmup   1: 471335 op, 250525708.00 ns, 531.5237 ns/op
WorkloadWarmup   2: 471335 op, 250235037.00 ns, 530.9070 ns/op
WorkloadWarmup   3: 471335 op, 250935357.00 ns, 532.3928 ns/op
WorkloadWarmup   4: 471335 op, 250632638.00 ns, 531.7505 ns/op
WorkloadWarmup   5: 471335 op, 250442097.00 ns, 531.3463 ns/op

// BeforeActualRun
WorkloadActual   1: 471335 op, 251053395.00 ns, 532.6432 ns/op
WorkloadActual   2: 471335 op, 251236204.00 ns, 533.0311 ns/op
WorkloadActual   3: 471335 op, 253012010.00 ns, 536.7987 ns/op
WorkloadActual   4: 471335 op, 251299726.00 ns, 533.1659 ns/op
WorkloadActual   5: 471335 op, 251031057.00 ns, 532.5958 ns/op
WorkloadActual   6: 471335 op, 250807340.00 ns, 532.1212 ns/op
WorkloadActual   7: 471335 op, 251076892.00 ns, 532.6931 ns/op
WorkloadActual   8: 471335 op, 251035544.00 ns, 532.6054 ns/op

// AfterActualRun
WorkloadResult   1: 471335 op, 251053395.00 ns, 532.6432 ns/op
WorkloadResult   2: 471335 op, 251236204.00 ns, 533.0311 ns/op
WorkloadResult   3: 471335 op, 251299726.00 ns, 533.1659 ns/op
WorkloadResult   4: 471335 op, 251031057.00 ns, 532.5958 ns/op
WorkloadResult   5: 471335 op, 250807340.00 ns, 532.1212 ns/op
WorkloadResult   6: 471335 op, 251076892.00 ns, 532.6931 ns/op
WorkloadResult   7: 471335 op, 251035544.00 ns, 532.6054 ns/op
// GC:  4 0 0 361985280 471335
// Threading:  0 0 471335

// AfterAll
// Benchmark Process 3580 has exited with code 0.

Mean = 532.694 ns, StdErr = 0.128 ns (0.02%), N = 7, StdDev = 0.338 ns
Min = 532.121 ns, Q1 = 532.601 ns, Median = 532.643 ns, Q3 = 532.862 ns, Max = 533.166 ns
IQR = 0.261 ns, LowerFence = 532.208 ns, UpperFence = 533.254 ns
ConfidenceInterval = [531.933 ns; 533.454 ns] (CI 99.9%), Margin = 0.761 ns (0.14% of Mean)
Skewness = -0.17, Kurtosis = 1.87, MValue = 2

// ** Remained 26 (68.4 %) benchmark(s) to run. Estimated finish 2026-08-06 10:33 (0h 2m from now) **
// ***** BenchmarkRunner: Finish  *****

// * Export *
  tmp/dotnet-matrix/JsonSerialization/6a20c96a9b2040c3afe6893cda53c8bf/results/Matrix.JsonSerialization.Benchmarks.DeserializeNestedObject-report.csv
  tmp/dotnet-matrix/JsonSerialization/6a20c96a9b2040c3afe6893cda53c8bf/results/Matrix.JsonSerialization.Benchmarks.DeserializeNestedObject-report-github.md
  tmp/dotnet-matrix/JsonSerialization/6a20c96a9b2040c3afe6893cda53c8bf/results/Matrix.JsonSerialization.Benchmarks.DeserializeNestedObject-report.html
  tmp/dotnet-matrix/JsonSerialization/6a20c96a9b2040c3afe6893cda53c8bf/results/Matrix.JsonSerialization.Benchmarks.DeserializeNestedObject-report-full.json

// * Detailed results *
DeserializeNestedObject.ServiceStackText: Quick(MaxRelativeError=0.05, Arguments=/p:MatrixMode=Benchmark, IterationTime=250ms, MaxIterationCount=12, MaxWarmupIterationCount=5, MinIterationCount=8, MinWarmupIterationCount=3)
Runtime = .NET 10.0.10 (10.0.10, 10.0.1026.32716), X64 RyuJIT x86-64-v4; GC = Concurrent Workstation
Mean = 455.023 ns, StdErr = 0.907 ns (0.20%), N = 8, StdDev = 2.565 ns
Min = 450.570 ns, Q1 = 454.019 ns, Median = 454.959 ns, Q3 = 456.273 ns, Max = 458.812 ns
IQR = 2.253 ns, LowerFence = 450.639 ns, UpperFence = 459.653 ns
ConfidenceInterval = [450.118 ns; 459.928 ns] (CI 99.9%), Margin = 4.905 ns (1.08% of Mean)
Skewness = -0.18, Kurtosis = 1.89, MValue = 2
-------------------- Histogram --------------------
[449.961 ns ; 459.051 ns) | @@@@@@@@
---------------------------------------------------

DeserializeNestedObject.SystemTextJson: Quick(MaxRelativeError=0.05, Arguments=/p:MatrixMode=Benchmark, IterationTime=250ms, MaxIterationCount=12, MaxWarmupIterationCount=5, MinIterationCount=8, MinWarmupIterationCount=3)
Runtime = .NET 10.0.10 (10.0.10, 10.0.1026.32716), X64 RyuJIT x86-64-v4; GC = Concurrent Workstation
Mean = 532.694 ns, StdErr = 0.128 ns (0.02%), N = 7, StdDev = 0.338 ns
Min = 532.121 ns, Q1 = 532.601 ns, Median = 532.643 ns, Q3 = 532.862 ns, Max = 533.166 ns
IQR = 0.261 ns, LowerFence = 532.208 ns, UpperFence = 533.254 ns
ConfidenceInterval = [531.933 ns; 533.454 ns] (CI 99.9%), Margin = 0.761 ns (0.14% of Mean)
Skewness = -0.17, Kurtosis = 1.87, MValue = 2
-------------------- Histogram --------------------
[531.889 ns ; 533.398 ns) | @@@@@@@
---------------------------------------------------

DeserializeNestedObject.NewtonsoftJson: Quick(MaxRelativeError=0.05, Arguments=/p:MatrixMode=Benchmark, IterationTime=250ms, MaxIterationCount=12, MaxWarmupIterationCount=5, MinIterationCount=8, MinWarmupIterationCount=3)
Runtime = .NET 10.0.10 (10.0.10, 10.0.1026.32716), X64 RyuJIT x86-64-v4; GC = Concurrent Workstation
Mean = 1.051 μs, StdErr = 0.001 μs (0.08%), N = 8, StdDev = 0.002 μs
Min = 1.048 μs, Q1 = 1.049 μs, Median = 1.050 μs, Q3 = 1.052 μs, Max = 1.054 μs
IQR = 0.004 μs, LowerFence = 1.043 μs, UpperFence = 1.057 μs
ConfidenceInterval = [1.046 μs; 1.055 μs] (CI 99.9%), Margin = 0.004 μs (0.42% of Mean)
Skewness = 0.4, Kurtosis = 1.35, MValue = 2
-------------------- Histogram --------------------
[1.047 μs ; 1.056 μs) | @@@@@@@@
---------------------------------------------------

// * Summary *

BenchmarkDotNet v0.15.8, Linux Ubuntu 24.04.4 LTS (Noble Numbat)
INTEL XEON PLATINUM 8573C 3.06GHz, 1 CPU, 4 logical and 2 physical cores
.NET SDK 10.0.302
  [Host] : .NET 10.0.10 (10.0.10, 10.0.1026.32716), X64 RyuJIT x86-64-v4
  Quick  : .NET 10.0.10 (10.0.10, 10.0.1026.32716), X64 RyuJIT x86-64-v4

Job=Quick  MaxRelativeError=0.05  Arguments=/p:MatrixMode=Benchmark  
IterationTime=250ms  MaxIterationCount=12  MaxWarmupIterationCount=5  
MinIterationCount=8  MinWarmupIterationCount=3  

| Method           | Mean       | Error   | StdDev  | Gen0   | Allocated |
|----------------- |-----------:|--------:|--------:|-------:|----------:|
| ServiceStackText |   455.0 ns | 4.91 ns | 2.57 ns | 0.0036 |     320 B |
| SystemTextJson   |   532.7 ns | 0.76 ns | 0.34 ns | 0.0085 |     768 B |
| NewtonsoftJson   | 1,050.6 ns | 4.44 ns | 2.32 ns | 0.0335 |    2960 B |

// * Hints *
Outliers
  DeserializeNestedObject.ServiceStackText: Quick -> 1 outlier  was  detected (450.57 ns)
  DeserializeNestedObject.SystemTextJson: Quick   -> 1 outlier  was  removed (536.80 ns)

// * Legends *
  Mean      : Arithmetic mean of all measurements
  Error     : Half of 99.9% confidence interval
  StdDev    : Standard deviation of all measurements
  Gen0      : GC Generation 0 collects per 1000 operations
  Allocated : Allocated memory per single operation (managed only, inclusive, 1KB = 1024B)
  1 ns      : 1 Nanosecond (0.000000001 sec)

// * Diagnostic Output - MemoryDiagnoser *


// ***** BenchmarkRunner: End *****
Run time: 00:00:18 (18.28 sec), executed benchmarks: 3

// Found 3 benchmarks:
//   DeserializeSimpleObject.NewtonsoftJson: Quick(MaxRelativeError=0.05, Arguments=/p:MatrixMode=Benchmark, IterationTime=250ms, MaxIterationCount=12, MaxWarmupIterationCount=5, MinIterationCount=8, MinWarmupIterationCount=3)
//   DeserializeSimpleObject.ServiceStackText: Quick(MaxRelativeError=0.05, Arguments=/p:MatrixMode=Benchmark, IterationTime=250ms, MaxIterationCount=12, MaxWarmupIterationCount=5, MinIterationCount=8, MinWarmupIterationCount=3)
//   DeserializeSimpleObject.SystemTextJson: Quick(MaxRelativeError=0.05, Arguments=/p:MatrixMode=Benchmark, IterationTime=250ms, MaxIterationCount=12, MaxWarmupIterationCount=5, MinIterationCount=8, MinWarmupIterationCount=3)

// **************************
// Benchmark: DeserializeSimpleObject.NewtonsoftJson: Quick(MaxRelativeError=0.05, Arguments=/p:MatrixMode=Benchmark, IterationTime=250ms, MaxIterationCount=12, MaxWarmupIterationCount=5, MinIterationCount=8, MinWarmupIterationCount=3)
// *** Execute ***
// Launch: 1 / 1
// Execute: dotnet Matrix.JsonSerialization-Quick-1.dll --anonymousPipes 186 187 --benchmarkName Matrix.JsonSerialization.Benchmarks.DeserializeSimpleObject.NewtonsoftJson --job Quick --benchmarkId 12 in /home/runner/work/dotnet-matrix/dotnet-matrix/src/Matrix.JsonSerialization/bin/Benchmark/Release/net10.0/Matrix.JsonSerialization-Quick-1/bin/Release/net10.0
// Failed to set up high priority (Permission denied). In order to run benchmarks with high priority, make sure you have the right permissions.
// BeforeAnythingElse

// Benchmark Process Environment Information:
// BenchmarkDotNet v0.15.8
// Runtime=.NET 10.0.10 (10.0.10, 10.0.1026.32716), X64 RyuJIT x86-64-v4
// GC=Concurrent Workstation
// HardwareIntrinsics=AVX512 BITALG+VBMI2+VNNI+VPOPCNTDQ,AVX512 IFMA+VBMI,AVX512 F+BW+CD+DQ+VL,AVX2+BMI1+BMI2+F16C+FMA+LZCNT+MOVBE,AVX,SSE3+SSSE3+SSE4.1+SSE4.2+POPCNT,X86Base+SSE+SSE2,AES+PCLMUL VectorSize=256
// Job: Quick(MaxRelativeError=0.05, IterationTime=250ms, MaxIterationCount=12, MaxWarmupIterationCount=5, MinIterationCount=8, MinWarmupIterationCount=3)

OverheadJitting  1: 1 op, 313078.00 ns, 313.0780 us/op
WorkloadJitting  1: 1 op, 52477345.00 ns, 52.4773 ms/op

WorkloadPilot    1: 4 op, 77767.00 ns, 19.4418 us/op
WorkloadPilot    2: 12859 op, 58973850.00 ns, 4.5862 us/op
WorkloadPilot    3: 54511 op, 280889830.00 ns, 5.1529 us/op
WorkloadPilot    4: 48516 op, 118402784.00 ns, 2.4405 us/op
WorkloadPilot    5: 102438 op, 64417794.00 ns, 628.8467 ns/op
WorkloadPilot    6: 397553 op, 243757417.00 ns, 613.1445 ns/op
WorkloadPilot    7: 407734 op, 248448563.00 ns, 609.3398 ns/op
WorkloadPilot    8: 410280 op, 248915001.00 ns, 606.6954 ns/op
WorkloadPilot    9: 412068 op, 249278090.00 ns, 604.9441 ns/op
WorkloadPilot   10: 413261 op, 251907341.00 ns, 609.5599 ns/op
WorkloadPilot   11: 410132 op, 249657715.00 ns, 608.7253 ns/op
WorkloadPilot   12: 410694 op, 250406487.00 ns, 609.7155 ns/op

WorkloadWarmup   1: 410694 op, 251752227.00 ns, 612.9922 ns/op
WorkloadWarmup   2: 410694 op, 251037604.00 ns, 611.2522 ns/op
WorkloadWarmup   3: 410694 op, 251060065.00 ns, 611.3069 ns/op
WorkloadWarmup   4: 410694 op, 251938381.00 ns, 613.4455 ns/op
WorkloadWarmup   5: 410694 op, 253061227.00 ns, 616.1795 ns/op

// BeforeActualRun
WorkloadActual   1: 410694 op, 251705455.00 ns, 612.8783 ns/op
WorkloadActual   2: 410694 op, 250019785.00 ns, 608.7739 ns/op
WorkloadActual   3: 410694 op, 248648286.00 ns, 605.4344 ns/op
WorkloadActual   4: 410694 op, 246899681.00 ns, 601.1767 ns/op
WorkloadActual   5: 410694 op, 250130640.00 ns, 609.0438 ns/op
WorkloadActual   6: 410694 op, 251016064.00 ns, 611.1997 ns/op
WorkloadActual   7: 410694 op, 252378070.00 ns, 614.5161 ns/op
WorkloadActual   8: 410694 op, 253767996.00 ns, 617.9004 ns/op

// AfterActualRun
WorkloadResult   1: 410694 op, 251705455.00 ns, 612.8783 ns/op
WorkloadResult   2: 410694 op, 250019785.00 ns, 608.7739 ns/op
WorkloadResult   3: 410694 op, 248648286.00 ns, 605.4344 ns/op
WorkloadResult   4: 410694 op, 246899681.00 ns, 601.1767 ns/op
WorkloadResult   5: 410694 op, 250130640.00 ns, 609.0438 ns/op
WorkloadResult   6: 410694 op, 251016064.00 ns, 611.1997 ns/op
WorkloadResult   7: 410694 op, 252378070.00 ns, 614.5161 ns/op
WorkloadResult   8: 410694 op, 253767996.00 ns, 617.9004 ns/op
// GC:  13 0 0 1097374368 410694
// Threading:  0 0 410694

// AfterAll
// Benchmark Process 3593 has exited with code 0.

Mean = 610.115 ns, StdErr = 1.859 ns (0.30%), N = 8, StdDev = 5.258 ns
Min = 601.177 ns, Q1 = 607.939 ns, Median = 610.122 ns, Q3 = 613.288 ns, Max = 617.900 ns
IQR = 5.349 ns, LowerFence = 599.916 ns, UpperFence = 621.311 ns
ConfidenceInterval = [600.062 ns; 620.169 ns] (CI 99.9%), Margin = 10.054 ns (1.65% of Mean)
Skewness = -0.21, Kurtosis = 1.79, MValue = 2

// ** Remained 25 (65.8 %) benchmark(s) to run. Estimated finish 2026-08-06 10:33 (0h 2m from now) **
// **************************
// Benchmark: DeserializeSimpleObject.ServiceStackText: Quick(MaxRelativeError=0.05, Arguments=/p:MatrixMode=Benchmark, IterationTime=250ms, MaxIterationCount=12, MaxWarmupIterationCount=5, MinIterationCount=8, MinWarmupIterationCount=3)
// *** Execute ***
// Launch: 1 / 1
// Execute: dotnet Matrix.JsonSerialization-Quick-1.dll --anonymousPipes 186 187 --benchmarkName Matrix.JsonSerialization.Benchmarks.DeserializeSimpleObject.ServiceStackText --job Quick --benchmarkId 13 in /home/runner/work/dotnet-matrix/dotnet-matrix/src/Matrix.JsonSerialization/bin/Benchmark/Release/net10.0/Matrix.JsonSerialization-Quick-1/bin/Release/net10.0
// Failed to set up high priority (Permission denied). In order to run benchmarks with high priority, make sure you have the right permissions.
// BeforeAnythingElse

// Benchmark Process Environment Information:
// BenchmarkDotNet v0.15.8
// Runtime=.NET 10.0.10 (10.0.10, 10.0.1026.32716), X64 RyuJIT x86-64-v4
// GC=Concurrent Workstation
// HardwareIntrinsics=AVX512 BITALG+VBMI2+VNNI+VPOPCNTDQ,AVX512 IFMA+VBMI,AVX512 F+BW+CD+DQ+VL,AVX2+BMI1+BMI2+F16C+FMA+LZCNT+MOVBE,AVX,SSE3+SSSE3+SSE4.1+SSE4.2+POPCNT,X86Base+SSE+SSE2,AES+PCLMUL VectorSize=256
// Job: Quick(MaxRelativeError=0.05, IterationTime=250ms, MaxIterationCount=12, MaxWarmupIterationCount=5, MinIterationCount=8, MinWarmupIterationCount=3)

OverheadJitting  1: 1 op, 238934.00 ns, 238.9340 us/op
WorkloadJitting  1: 1 op, 41974743.00 ns, 41.9747 ms/op

WorkloadPilot    1: 4 op, 63882.00 ns, 15.9705 us/op
WorkloadPilot    2: 15654 op, 20446849.00 ns, 1.3062 us/op
WorkloadPilot    3: 191399 op, 199793362.00 ns, 1.0439 us/op
WorkloadPilot    4: 239496 op, 39625380.00 ns, 165.4532 ns/op
WorkloadPilot    5: 1511001 op, 254056757.00 ns, 168.1380 ns/op
WorkloadPilot    6: 1486873 op, 226194342.00 ns, 152.1275 ns/op
WorkloadPilot    7: 1643358 op, 248763096.00 ns, 151.3749 ns/op
WorkloadPilot    8: 1651529 op, 253272222.00 ns, 153.3562 ns/op
WorkloadPilot    9: 1630192 op, 246254237.00 ns, 151.0584 ns/op
WorkloadPilot   10: 1654989 op, 250244075.00 ns, 151.2059 ns/op

WorkloadWarmup   1: 1654989 op, 253587330.00 ns, 153.2260 ns/op
WorkloadWarmup   2: 1654989 op, 249986788.00 ns, 151.0504 ns/op
WorkloadWarmup   3: 1654989 op, 249486400.00 ns, 150.7481 ns/op
WorkloadWarmup   4: 1654989 op, 249959741.00 ns, 151.0341 ns/op
WorkloadWarmup   5: 1654989 op, 257160104.00 ns, 155.3848 ns/op

// BeforeActualRun
WorkloadActual   1: 1654989 op, 250698673.00 ns, 151.4806 ns/op
WorkloadActual   2: 1654989 op, 250657857.00 ns, 151.4559 ns/op
WorkloadActual   3: 1654989 op, 250197655.00 ns, 151.1778 ns/op
WorkloadActual   4: 1654989 op, 250480326.00 ns, 151.3486 ns/op
WorkloadActual   5: 1654989 op, 251260158.00 ns, 151.8198 ns/op
WorkloadActual   6: 1654989 op, 250728258.00 ns, 151.4984 ns/op
WorkloadActual   7: 1654989 op, 250460003.00 ns, 151.3364 ns/op
WorkloadActual   8: 1654989 op, 250009607.00 ns, 151.0642 ns/op

// AfterActualRun
WorkloadResult   1: 1654989 op, 250698673.00 ns, 151.4806 ns/op
WorkloadResult   2: 1654989 op, 250657857.00 ns, 151.4559 ns/op
WorkloadResult   3: 1654989 op, 250197655.00 ns, 151.1778 ns/op
WorkloadResult   4: 1654989 op, 250480326.00 ns, 151.3486 ns/op
WorkloadResult   5: 1654989 op, 250728258.00 ns, 151.4984 ns/op
WorkloadResult   6: 1654989 op, 250460003.00 ns, 151.3364 ns/op
WorkloadResult   7: 1654989 op, 250009607.00 ns, 151.0642 ns/op
// GC:  2 0 0 185358768 1654989
// Threading:  0 0 1654989

// AfterAll
// Benchmark Process 3603 has exited with code 0.

Mean = 151.337 ns, StdErr = 0.062 ns (0.04%), N = 7, StdDev = 0.164 ns
Min = 151.064 ns, Q1 = 151.257 ns, Median = 151.349 ns, Q3 = 151.468 ns, Max = 151.498 ns
IQR = 0.211 ns, LowerFence = 150.940 ns, UpperFence = 151.785 ns
ConfidenceInterval = [150.969 ns; 151.706 ns] (CI 99.9%), Margin = 0.369 ns (0.24% of Mean)
Skewness = -0.51, Kurtosis = 1.5, MValue = 2

// ** Remained 24 (63.2 %) benchmark(s) to run. Estimated finish 2026-08-06 10:33 (0h 2m from now) **
// **************************
// Benchmark: DeserializeSimpleObject.SystemTextJson: Quick(MaxRelativeError=0.05, Arguments=/p:MatrixMode=Benchmark, IterationTime=250ms, MaxIterationCount=12, MaxWarmupIterationCount=5, MinIterationCount=8, MinWarmupIterationCount=3)
// *** Execute ***
// Launch: 1 / 1
// Execute: dotnet Matrix.JsonSerialization-Quick-1.dll --anonymousPipes 186 187 --benchmarkName Matrix.JsonSerialization.Benchmarks.DeserializeSimpleObject.SystemTextJson --job Quick --benchmarkId 14 in /home/runner/work/dotnet-matrix/dotnet-matrix/src/Matrix.JsonSerialization/bin/Benchmark/Release/net10.0/Matrix.JsonSerialization-Quick-1/bin/Release/net10.0
// Failed to set up high priority (Permission denied). In order to run benchmarks with high priority, make sure you have the right permissions.
// BeforeAnythingElse

// Benchmark Process Environment Information:
// BenchmarkDotNet v0.15.8
// Runtime=.NET 10.0.10 (10.0.10, 10.0.1026.32716), X64 RyuJIT x86-64-v4
// GC=Concurrent Workstation
// HardwareIntrinsics=AVX512 BITALG+VBMI2+VNNI+VPOPCNTDQ,AVX512 IFMA+VBMI,AVX512 F+BW+CD+DQ+VL,AVX2+BMI1+BMI2+F16C+FMA+LZCNT+MOVBE,AVX,SSE3+SSSE3+SSE4.1+SSE4.2+POPCNT,X86Base+SSE+SSE2,AES+PCLMUL VectorSize=256
// Job: Quick(MaxRelativeError=0.05, IterationTime=250ms, MaxIterationCount=12, MaxWarmupIterationCount=5, MinIterationCount=8, MinWarmupIterationCount=3)

OverheadJitting  1: 1 op, 254908.00 ns, 254.9080 us/op
WorkloadJitting  1: 1 op, 23095570.00 ns, 23.0956 ms/op

WorkloadPilot    1: 4 op, 79769.00 ns, 19.9423 us/op
WorkloadPilot    2: 12536 op, 22623664.00 ns, 1.8047 us/op
WorkloadPilot    3: 138528 op, 258331029.00 ns, 1.8648 us/op
WorkloadPilot    4: 134061 op, 123975442.00 ns, 924.7689 ns/op
WorkloadPilot    5: 270338 op, 190318798.00 ns, 704.0031 ns/op
WorkloadPilot    6: 355112 op, 78555225.00 ns, 221.2125 ns/op
WorkloadPilot    7: 1130135 op, 245390607.00 ns, 217.1339 ns/op
WorkloadPilot    8: 1151363 op, 229521694.00 ns, 199.3478 ns/op
WorkloadPilot    9: 1254090 op, 250032005.00 ns, 199.3733 ns/op
WorkloadPilot   10: 1253929 op, 250475119.00 ns, 199.7522 ns/op

WorkloadWarmup   1: 1253929 op, 249174254.00 ns, 198.7148 ns/op
WorkloadWarmup   2: 1253929 op, 256007444.00 ns, 204.1642 ns/op
WorkloadWarmup   3: 1253929 op, 250907987.00 ns, 200.0974 ns/op
WorkloadWarmup   4: 1253929 op, 251875748.00 ns, 200.8692 ns/op
WorkloadWarmup   5: 1253929 op, 252568584.00 ns, 201.4218 ns/op

// BeforeActualRun
WorkloadActual   1: 1253929 op, 250077150.00 ns, 199.4349 ns/op
WorkloadActual   2: 1253929 op, 251190123.00 ns, 200.3224 ns/op
WorkloadActual   3: 1253929 op, 283030348.00 ns, 225.7148 ns/op
WorkloadActual   4: 1253929 op, 256232799.00 ns, 204.3439 ns/op
WorkloadActual   5: 1253929 op, 250830531.00 ns, 200.0357 ns/op
WorkloadActual   6: 1253929 op, 249953184.00 ns, 199.3360 ns/op
WorkloadActual   7: 1253929 op, 249543651.00 ns, 199.0094 ns/op
WorkloadActual   8: 1253929 op, 249588355.00 ns, 199.0450 ns/op

// AfterActualRun
WorkloadResult   1: 1253929 op, 250077150.00 ns, 199.4349 ns/op
WorkloadResult   2: 1253929 op, 251190123.00 ns, 200.3224 ns/op
WorkloadResult   3: 1253929 op, 256232799.00 ns, 204.3439 ns/op
WorkloadResult   4: 1253929 op, 250830531.00 ns, 200.0357 ns/op
WorkloadResult   5: 1253929 op, 249953184.00 ns, 199.3360 ns/op
WorkloadResult   6: 1253929 op, 249543651.00 ns, 199.0094 ns/op
WorkloadResult   7: 1253929 op, 249588355.00 ns, 199.0450 ns/op
// GC:  0 0 0 80251456 1253929
// Threading:  0 0 1253929

// AfterAll
// Benchmark Process 3617 has exited with code 0.

Mean = 200.218 ns, StdErr = 0.712 ns (0.36%), N = 7, StdDev = 1.884 ns
Min = 199.009 ns, Q1 = 199.191 ns, Median = 199.435 ns, Q3 = 200.179 ns, Max = 204.344 ns
IQR = 0.989 ns, LowerFence = 197.708 ns, UpperFence = 201.662 ns
ConfidenceInterval = [195.975 ns; 204.461 ns] (CI 99.9%), Margin = 4.243 ns (2.12% of Mean)
Skewness = 1.4, Kurtosis = 3.34, MValue = 2

// ** Remained 23 (60.5 %) benchmark(s) to run. Estimated finish 2026-08-06 10:33 (0h 2m from now) **
// ***** BenchmarkRunner: Finish  *****

// * Export *
  tmp/dotnet-matrix/JsonSerialization/6a20c96a9b2040c3afe6893cda53c8bf/results/Matrix.JsonSerialization.Benchmarks.DeserializeSimpleObject-report.csv
  tmp/dotnet-matrix/JsonSerialization/6a20c96a9b2040c3afe6893cda53c8bf/results/Matrix.JsonSerialization.Benchmarks.DeserializeSimpleObject-report-github.md
  tmp/dotnet-matrix/JsonSerialization/6a20c96a9b2040c3afe6893cda53c8bf/results/Matrix.JsonSerialization.Benchmarks.DeserializeSimpleObject-report.html
  tmp/dotnet-matrix/JsonSerialization/6a20c96a9b2040c3afe6893cda53c8bf/results/Matrix.JsonSerialization.Benchmarks.DeserializeSimpleObject-report-full.json

// * Detailed results *
DeserializeSimpleObject.ServiceStackText: Quick(MaxRelativeError=0.05, Arguments=/p:MatrixMode=Benchmark, IterationTime=250ms, MaxIterationCount=12, MaxWarmupIterationCount=5, MinIterationCount=8, MinWarmupIterationCount=3)
Runtime = .NET 10.0.10 (10.0.10, 10.0.1026.32716), X64 RyuJIT x86-64-v4; GC = Concurrent Workstation
Mean = 151.337 ns, StdErr = 0.062 ns (0.04%), N = 7, StdDev = 0.164 ns
Min = 151.064 ns, Q1 = 151.257 ns, Median = 151.349 ns, Q3 = 151.468 ns, Max = 151.498 ns
IQR = 0.211 ns, LowerFence = 150.940 ns, UpperFence = 151.785 ns
ConfidenceInterval = [150.969 ns; 151.706 ns] (CI 99.9%), Margin = 0.369 ns (0.24% of Mean)
Skewness = -0.51, Kurtosis = 1.5, MValue = 2
-------------------- Histogram --------------------
[150.952 ns ; 151.611 ns) | @@@@@@@
---------------------------------------------------

DeserializeSimpleObject.SystemTextJson: Quick(MaxRelativeError=0.05, Arguments=/p:MatrixMode=Benchmark, IterationTime=250ms, MaxIterationCount=12, MaxWarmupIterationCount=5, MinIterationCount=8, MinWarmupIterationCount=3)
Runtime = .NET 10.0.10 (10.0.10, 10.0.1026.32716), X64 RyuJIT x86-64-v4; GC = Concurrent Workstation
Mean = 200.218 ns, StdErr = 0.712 ns (0.36%), N = 7, StdDev = 1.884 ns
Min = 199.009 ns, Q1 = 199.191 ns, Median = 199.435 ns, Q3 = 200.179 ns, Max = 204.344 ns
IQR = 0.989 ns, LowerFence = 197.708 ns, UpperFence = 201.662 ns
ConfidenceInterval = [195.975 ns; 204.461 ns] (CI 99.9%), Margin = 4.243 ns (2.12% of Mean)
Skewness = 1.4, Kurtosis = 3.34, MValue = 2
-------------------- Histogram --------------------
[197.717 ns ; 205.637 ns) | @@@@@@@
---------------------------------------------------

DeserializeSimpleObject.NewtonsoftJson: Quick(MaxRelativeError=0.05, Arguments=/p:MatrixMode=Benchmark, IterationTime=250ms, MaxIterationCount=12, MaxWarmupIterationCount=5, MinIterationCount=8, MinWarmupIterationCount=3)
Runtime = .NET 10.0.10 (10.0.10, 10.0.1026.32716), X64 RyuJIT x86-64-v4; GC = Concurrent Workstation
Mean = 610.115 ns, StdErr = 1.859 ns (0.30%), N = 8, StdDev = 5.258 ns
Min = 601.177 ns, Q1 = 607.939 ns, Median = 610.122 ns, Q3 = 613.288 ns, Max = 617.900 ns
IQR = 5.349 ns, LowerFence = 599.916 ns, UpperFence = 621.311 ns
ConfidenceInterval = [600.062 ns; 620.169 ns] (CI 99.9%), Margin = 10.054 ns (1.65% of Mean)
Skewness = -0.21, Kurtosis = 1.79, MValue = 2
-------------------- Histogram --------------------
[597.726 ns ; 621.351 ns) | @@@@@@@@
---------------------------------------------------

// * Summary *

BenchmarkDotNet v0.15.8, Linux Ubuntu 24.04.4 LTS (Noble Numbat)
INTEL XEON PLATINUM 8573C 3.06GHz, 1 CPU, 4 logical and 2 physical cores
.NET SDK 10.0.302
  [Host] : .NET 10.0.10 (10.0.10, 10.0.1026.32716), X64 RyuJIT x86-64-v4
  Quick  : .NET 10.0.10 (10.0.10, 10.0.1026.32716), X64 RyuJIT x86-64-v4

Job=Quick  MaxRelativeError=0.05  Arguments=/p:MatrixMode=Benchmark  
IterationTime=250ms  MaxIterationCount=12  MaxWarmupIterationCount=5  
MinIterationCount=8  MinWarmupIterationCount=3  

| Method           | Mean     | Error    | StdDev  | Gen0   | Allocated |
|----------------- |---------:|---------:|--------:|-------:|----------:|
| ServiceStackText | 151.3 ns |  0.37 ns | 0.16 ns | 0.0012 |     112 B |
| SystemTextJson   | 200.2 ns |  4.24 ns | 1.88 ns |      - |      64 B |
| NewtonsoftJson   | 610.1 ns | 10.05 ns | 5.26 ns | 0.0317 |    2672 B |

// * Hints *
Outliers
  DeserializeSimpleObject.ServiceStackText: Quick -> 1 outlier  was  removed (151.82 ns)
  DeserializeSimpleObject.SystemTextJson: Quick   -> 1 outlier  was  removed (225.71 ns)

// * Legends *
  Mean      : Arithmetic mean of all measurements
  Error     : Half of 99.9% confidence interval
  StdDev    : Standard deviation of all measurements
  Gen0      : GC Generation 0 collects per 1000 operations
  Allocated : Allocated memory per single operation (managed only, inclusive, 1KB = 1024B)
  1 ns      : 1 Nanosecond (0.000000001 sec)

// * Diagnostic Output - MemoryDiagnoser *


// ***** BenchmarkRunner: End *****
Run time: 00:00:17 (17.07 sec), executed benchmarks: 3

// Found 3 benchmarks:
//   EnumRoundTrip.NewtonsoftJson: Quick(MaxRelativeError=0.05, Arguments=/p:MatrixMode=Benchmark, IterationTime=250ms, MaxIterationCount=12, MaxWarmupIterationCount=5, MinIterationCount=8, MinWarmupIterationCount=3)
//   EnumRoundTrip.ServiceStackText: Quick(MaxRelativeError=0.05, Arguments=/p:MatrixMode=Benchmark, IterationTime=250ms, MaxIterationCount=12, MaxWarmupIterationCount=5, MinIterationCount=8, MinWarmupIterationCount=3)
//   EnumRoundTrip.SystemTextJson: Quick(MaxRelativeError=0.05, Arguments=/p:MatrixMode=Benchmark, IterationTime=250ms, MaxIterationCount=12, MaxWarmupIterationCount=5, MinIterationCount=8, MinWarmupIterationCount=3)

// **************************
// Benchmark: EnumRoundTrip.NewtonsoftJson: Quick(MaxRelativeError=0.05, Arguments=/p:MatrixMode=Benchmark, IterationTime=250ms, MaxIterationCount=12, MaxWarmupIterationCount=5, MinIterationCount=8, MinWarmupIterationCount=3)
// *** Execute ***
// Launch: 1 / 1
// Execute: dotnet Matrix.JsonSerialization-Quick-1.dll --anonymousPipes 186 187 --benchmarkName Matrix.JsonSerialization.Benchmarks.EnumRoundTrip.NewtonsoftJson --job Quick --benchmarkId 15 in /home/runner/work/dotnet-matrix/dotnet-matrix/src/Matrix.JsonSerialization/bin/Benchmark/Release/net10.0/Matrix.JsonSerialization-Quick-1/bin/Release/net10.0
// Failed to set up high priority (Permission denied). In order to run benchmarks with high priority, make sure you have the right permissions.
// BeforeAnythingElse

// Benchmark Process Environment Information:
// BenchmarkDotNet v0.15.8
// Runtime=.NET 10.0.10 (10.0.10, 10.0.1026.32716), X64 RyuJIT x86-64-v4
// GC=Concurrent Workstation
// HardwareIntrinsics=AVX512 BITALG+VBMI2+VNNI+VPOPCNTDQ,AVX512 IFMA+VBMI,AVX512 F+BW+CD+DQ+VL,AVX2+BMI1+BMI2+F16C+FMA+LZCNT+MOVBE,AVX,SSE3+SSSE3+SSE4.1+SSE4.2+POPCNT,X86Base+SSE+SSE2,AES+PCLMUL VectorSize=256
// Job: Quick(MaxRelativeError=0.05, IterationTime=250ms, MaxIterationCount=12, MaxWarmupIterationCount=5, MinIterationCount=8, MinWarmupIterationCount=3)

OverheadJitting  1: 1 op, 244918.00 ns, 244.9180 us/op
WorkloadJitting  1: 1 op, 59688435.00 ns, 59.6884 ms/op

WorkloadPilot    1: 4 op, 154535.00 ns, 38.6338 us/op
WorkloadPilot    2: 6471 op, 43657364.00 ns, 6.7466 us/op
WorkloadPilot    3: 37056 op, 238656796.00 ns, 6.4404 us/op
WorkloadPilot    4: 38817 op, 261868103.00 ns, 6.7462 us/op
WorkloadPilot    5: 37058 op, 87929105.00 ns, 2.3727 us/op
WorkloadPilot    6: 105363 op, 112863912.00 ns, 1.0712 us/op
WorkloadPilot    7: 233385 op, 247207342.00 ns, 1.0592 us/op
WorkloadPilot    8: 236022 op, 250374901.00 ns, 1.0608 us/op
WorkloadPilot    9: 235669 op, 248065739.00 ns, 1.0526 us/op
WorkloadPilot   10: 237507 op, 248481764.00 ns, 1.0462 us/op
WorkloadPilot   11: 238958 op, 251960323.00 ns, 1.0544 us/op

WorkloadWarmup   1: 238958 op, 255659387.00 ns, 1.0699 us/op
WorkloadWarmup   2: 238958 op, 257024915.00 ns, 1.0756 us/op
WorkloadWarmup   3: 238958 op, 259111805.00 ns, 1.0843 us/op
WorkloadWarmup   4: 238958 op, 254601306.00 ns, 1.0655 us/op
WorkloadWarmup   5: 238958 op, 253825938.00 ns, 1.0622 us/op

// BeforeActualRun
WorkloadActual   1: 238958 op, 255503451.00 ns, 1.0692 us/op
WorkloadActual   2: 238958 op, 258699997.00 ns, 1.0826 us/op
WorkloadActual   3: 238958 op, 255896568.00 ns, 1.0709 us/op
WorkloadActual   4: 238958 op, 257056125.00 ns, 1.0757 us/op
WorkloadActual   5: 238958 op, 258641479.00 ns, 1.0824 us/op
WorkloadActual   6: 238958 op, 257216601.00 ns, 1.0764 us/op
WorkloadActual   7: 238958 op, 256788490.00 ns, 1.0746 us/op
WorkloadActual   8: 238958 op, 258083984.00 ns, 1.0800 us/op

// AfterActualRun
WorkloadResult   1: 238958 op, 255503451.00 ns, 1.0692 us/op
WorkloadResult   2: 238958 op, 258699997.00 ns, 1.0826 us/op
WorkloadResult   3: 238958 op, 255896568.00 ns, 1.0709 us/op
WorkloadResult   4: 238958 op, 257056125.00 ns, 1.0757 us/op
WorkloadResult   5: 238958 op, 258641479.00 ns, 1.0824 us/op
WorkloadResult   6: 238958 op, 257216601.00 ns, 1.0764 us/op
WorkloadResult   7: 238958 op, 256788490.00 ns, 1.0746 us/op
WorkloadResult   8: 238958 op, 258083984.00 ns, 1.0800 us/op
// GC:  13 0 0 1145089760 238958
// Threading:  0 0 238958

// AfterAll
// Benchmark Process 3626 has exited with code 0.

Mean = 1.076 μs, StdErr = 0.002 μs (0.16%), N = 8, StdDev = 0.005 μs
Min = 1.069 μs, Q1 = 1.074 μs, Median = 1.076 μs, Q3 = 1.081 μs, Max = 1.083 μs
IQR = 0.007 μs, LowerFence = 1.063 μs, UpperFence = 1.091 μs
ConfidenceInterval = [1.067 μs; 1.086 μs] (CI 99.9%), Margin = 0.009 μs (0.88% of Mean)
Skewness = -0.09, Kurtosis = 1.34, MValue = 2

// ** Remained 22 (57.9 %) benchmark(s) to run. Estimated finish 2026-08-06 10:33 (0h 2m from now) **
// **************************
// Benchmark: EnumRoundTrip.ServiceStackText: Quick(MaxRelativeError=0.05, Arguments=/p:MatrixMode=Benchmark, IterationTime=250ms, MaxIterationCount=12, MaxWarmupIterationCount=5, MinIterationCount=8, MinWarmupIterationCount=3)
// *** Execute ***
// Launch: 1 / 1
// Execute: dotnet Matrix.JsonSerialization-Quick-1.dll --anonymousPipes 186 187 --benchmarkName Matrix.JsonSerialization.Benchmarks.EnumRoundTrip.ServiceStackText --job Quick --benchmarkId 16 in /home/runner/work/dotnet-matrix/dotnet-matrix/src/Matrix.JsonSerialization/bin/Benchmark/Release/net10.0/Matrix.JsonSerialization-Quick-1/bin/Release/net10.0
// Failed to set up high priority (Permission denied). In order to run benchmarks with high priority, make sure you have the right permissions.
// BeforeAnythingElse

// Benchmark Process Environment Information:
// BenchmarkDotNet v0.15.8
// Runtime=.NET 10.0.10 (10.0.10, 10.0.1026.32716), X64 RyuJIT x86-64-v4
// GC=Concurrent Workstation
// HardwareIntrinsics=AVX512 BITALG+VBMI2+VNNI+VPOPCNTDQ,AVX512 IFMA+VBMI,AVX512 F+BW+CD+DQ+VL,AVX2+BMI1+BMI2+F16C+FMA+LZCNT+MOVBE,AVX,SSE3+SSSE3+SSE4.1+SSE4.2+POPCNT,X86Base+SSE+SSE2,AES+PCLMUL VectorSize=256
// Job: Quick(MaxRelativeError=0.05, IterationTime=250ms, MaxIterationCount=12, MaxWarmupIterationCount=5, MinIterationCount=8, MinWarmupIterationCount=3)

OverheadJitting  1: 1 op, 258810.00 ns, 258.8100 us/op
WorkloadJitting  1: 1 op, 51603784.00 ns, 51.6038 ms/op

WorkloadPilot    1: 4 op, 96585.00 ns, 24.1463 us/op
WorkloadPilot    2: 10354 op, 18477864.00 ns, 1.7846 us/op
WorkloadPilot    3: 140087 op, 323600906.00 ns, 2.3100 us/op
WorkloadPilot    4: 108225 op, 111376410.00 ns, 1.0291 us/op
WorkloadPilot    5: 242926 op, 88706920.00 ns, 365.1603 ns/op
WorkloadPilot    6: 684631 op, 207997436.00 ns, 303.8095 ns/op
WorkloadPilot    7: 822884 op, 246182958.00 ns, 299.1709 ns/op
WorkloadPilot    8: 835643 op, 249801170.00 ns, 298.9329 ns/op
WorkloadPilot    9: 836308 op, 250029389.00 ns, 298.9681 ns/op
WorkloadPilot   10: 836210 op, 250171628.00 ns, 299.1732 ns/op

WorkloadWarmup   1: 836210 op, 250423159.00 ns, 299.4740 ns/op
WorkloadWarmup   2: 836210 op, 250078184.00 ns, 299.0615 ns/op
WorkloadWarmup   3: 836210 op, 250502142.00 ns, 299.5685 ns/op
WorkloadWarmup   4: 836210 op, 250710236.00 ns, 299.8173 ns/op
WorkloadWarmup   5: 836210 op, 252547777.00 ns, 302.0148 ns/op

// BeforeActualRun
WorkloadActual   1: 836210 op, 251257677.00 ns, 300.4720 ns/op
WorkloadActual   2: 836210 op, 250568517.00 ns, 299.6478 ns/op
WorkloadActual   3: 836210 op, 254290568.00 ns, 304.0989 ns/op
WorkloadActual   4: 836210 op, 250238367.00 ns, 299.2530 ns/op
WorkloadActual   5: 836210 op, 250723779.00 ns, 299.8335 ns/op
WorkloadActual   6: 836210 op, 249599768.00 ns, 298.4893 ns/op
WorkloadActual   7: 836210 op, 250886211.00 ns, 300.0278 ns/op
WorkloadActual   8: 836210 op, 250337288.00 ns, 299.3713 ns/op

// AfterActualRun
WorkloadResult   1: 836210 op, 251257677.00 ns, 300.4720 ns/op
WorkloadResult   2: 836210 op, 250568517.00 ns, 299.6478 ns/op
WorkloadResult   3: 836210 op, 250238367.00 ns, 299.2530 ns/op
WorkloadResult   4: 836210 op, 250723779.00 ns, 299.8335 ns/op
WorkloadResult   5: 836210 op, 249599768.00 ns, 298.4893 ns/op
WorkloadResult   6: 836210 op, 250886211.00 ns, 300.0278 ns/op
WorkloadResult   7: 836210 op, 250337288.00 ns, 299.3713 ns/op
// GC:  3 0 0 280968672 836210
// Threading:  0 0 836210

// AfterAll
// Benchmark Process 3637 has exited with code 0.

Mean = 299.585 ns, StdErr = 0.239 ns (0.08%), N = 7, StdDev = 0.633 ns
Min = 298.489 ns, Q1 = 299.312 ns, Median = 299.648 ns, Q3 = 299.931 ns, Max = 300.472 ns
IQR = 0.618 ns, LowerFence = 298.384 ns, UpperFence = 300.858 ns
ConfidenceInterval = [298.159 ns; 301.011 ns] (CI 99.9%), Margin = 1.426 ns (0.48% of Mean)
Skewness = -0.32, Kurtosis = 1.88, MValue = 2

// ** Remained 21 (55.3 %) benchmark(s) to run. Estimated finish 2026-08-06 10:33 (0h 2m from now) **
// **************************
// Benchmark: EnumRoundTrip.SystemTextJson: Quick(MaxRelativeError=0.05, Arguments=/p:MatrixMode=Benchmark, IterationTime=250ms, MaxIterationCount=12, MaxWarmupIterationCount=5, MinIterationCount=8, MinWarmupIterationCount=3)
// *** Execute ***
// Launch: 1 / 1
// Execute: dotnet Matrix.JsonSerialization-Quick-1.dll --anonymousPipes 186 187 --benchmarkName Matrix.JsonSerialization.Benchmarks.EnumRoundTrip.SystemTextJson --job Quick --benchmarkId 17 in /home/runner/work/dotnet-matrix/dotnet-matrix/src/Matrix.JsonSerialization/bin/Benchmark/Release/net10.0/Matrix.JsonSerialization-Quick-1/bin/Release/net10.0
// Failed to set up high priority (Permission denied). In order to run benchmarks with high priority, make sure you have the right permissions.
// BeforeAnythingElse

// Benchmark Process Environment Information:
// BenchmarkDotNet v0.15.8
// Runtime=.NET 10.0.10 (10.0.10, 10.0.1026.32716), X64 RyuJIT x86-64-v4
// GC=Concurrent Workstation
// HardwareIntrinsics=AVX512 BITALG+VBMI2+VNNI+VPOPCNTDQ,AVX512 IFMA+VBMI,AVX512 F+BW+CD+DQ+VL,AVX2+BMI1+BMI2+F16C+FMA+LZCNT+MOVBE,AVX,SSE3+SSSE3+SSE4.1+SSE4.2+POPCNT,X86Base+SSE+SSE2,AES+PCLMUL VectorSize=256
// Job: Quick(MaxRelativeError=0.05, IterationTime=250ms, MaxIterationCount=12, MaxWarmupIterationCount=5, MinIterationCount=8, MinWarmupIterationCount=3)

OverheadJitting  1: 1 op, 277024.00 ns, 277.0240 us/op
WorkloadJitting  1: 1 op, 32479302.00 ns, 32.4793 ms/op

WorkloadPilot    1: 4 op, 145762.00 ns, 36.4405 us/op
WorkloadPilot    2: 6860 op, 6572654.00 ns, 958.1128 ns/op
WorkloadPilot    3: 260930 op, 266960232.00 ns, 1.0231 us/op
WorkloadPilot    4: 244353 op, 342179673.00 ns, 1.4003 us/op
WorkloadPilot    5: 178527 op, 71686384.00 ns, 401.5437 ns/op
WorkloadPilot    6: 622597 op, 194265234.00 ns, 312.0240 ns/op
WorkloadPilot    7: 801220 op, 233764356.00 ns, 291.7605 ns/op
WorkloadPilot    8: 856867 op, 244896322.00 ns, 285.8044 ns/op
WorkloadPilot    9: 874724 op, 246628460.00 ns, 281.9500 ns/op
WorkloadPilot   10: 886682 op, 250764855.00 ns, 282.8126 ns/op

WorkloadWarmup   1: 886682 op, 246585974.00 ns, 278.0997 ns/op
WorkloadWarmup   2: 886682 op, 248699902.00 ns, 280.4838 ns/op
WorkloadWarmup   3: 886682 op, 247911862.00 ns, 279.5950 ns/op
WorkloadWarmup   4: 886682 op, 245173258.00 ns, 276.5064 ns/op
WorkloadWarmup   5: 886682 op, 244807246.00 ns, 276.0936 ns/op

// BeforeActualRun
WorkloadActual   1: 886682 op, 246094982.00 ns, 277.5459 ns/op
WorkloadActual   2: 886682 op, 245512675.00 ns, 276.8892 ns/op
WorkloadActual   3: 886682 op, 246505676.00 ns, 278.0091 ns/op
WorkloadActual   4: 886682 op, 246239997.00 ns, 277.7095 ns/op
WorkloadActual   5: 886682 op, 244748110.00 ns, 276.0269 ns/op
WorkloadActual   6: 886682 op, 245837107.00 ns, 277.2551 ns/op
WorkloadActual   7: 886682 op, 246960126.00 ns, 278.5216 ns/op
WorkloadActual   8: 886682 op, 244380762.00 ns, 275.6126 ns/op

// AfterActualRun
WorkloadResult   1: 886682 op, 246094982.00 ns, 277.5459 ns/op
WorkloadResult   2: 886682 op, 245512675.00 ns, 276.8892 ns/op
WorkloadResult   3: 886682 op, 246505676.00 ns, 278.0091 ns/op
WorkloadResult   4: 886682 op, 246239997.00 ns, 277.7095 ns/op
WorkloadResult   5: 886682 op, 244748110.00 ns, 276.0269 ns/op
WorkloadResult   6: 886682 op, 245837107.00 ns, 277.2551 ns/op
WorkloadResult   7: 886682 op, 246960126.00 ns, 278.5216 ns/op
WorkloadResult   8: 886682 op, 244380762.00 ns, 275.6126 ns/op
// GC:  0 0 0 78028016 886682
// Threading:  0 0 886682

// AfterAll
// Benchmark Process 3648 has exited with code 0.

Mean = 277.196 ns, StdErr = 0.348 ns (0.13%), N = 8, StdDev = 0.984 ns
Min = 275.613 ns, Q1 = 276.674 ns, Median = 277.401 ns, Q3 = 277.784 ns, Max = 278.522 ns
IQR = 1.111 ns, LowerFence = 275.008 ns, UpperFence = 279.451 ns
ConfidenceInterval = [275.315 ns; 279.077 ns] (CI 99.9%), Margin = 1.881 ns (0.68% of Mean)
Skewness = -0.34, Kurtosis = 1.57, MValue = 2

// ** Remained 20 (52.6 %) benchmark(s) to run. Estimated finish 2026-08-06 10:33 (0h 1m from now) **
// ***** BenchmarkRunner: Finish  *****

// * Export *
  tmp/dotnet-matrix/JsonSerialization/6a20c96a9b2040c3afe6893cda53c8bf/results/Matrix.JsonSerialization.Benchmarks.EnumRoundTrip-report.csv
  tmp/dotnet-matrix/JsonSerialization/6a20c96a9b2040c3afe6893cda53c8bf/results/Matrix.JsonSerialization.Benchmarks.EnumRoundTrip-report-github.md
  tmp/dotnet-matrix/JsonSerialization/6a20c96a9b2040c3afe6893cda53c8bf/results/Matrix.JsonSerialization.Benchmarks.EnumRoundTrip-report.html
  tmp/dotnet-matrix/JsonSerialization/6a20c96a9b2040c3afe6893cda53c8bf/results/Matrix.JsonSerialization.Benchmarks.EnumRoundTrip-report-full.json

// * Detailed results *
EnumRoundTrip.SystemTextJson: Quick(MaxRelativeError=0.05, Arguments=/p:MatrixMode=Benchmark, IterationTime=250ms, MaxIterationCount=12, MaxWarmupIterationCount=5, MinIterationCount=8, MinWarmupIterationCount=3)
Runtime = .NET 10.0.10 (10.0.10, 10.0.1026.32716), X64 RyuJIT x86-64-v4; GC = Concurrent Workstation
Mean = 277.196 ns, StdErr = 0.348 ns (0.13%), N = 8, StdDev = 0.984 ns
Min = 275.613 ns, Q1 = 276.674 ns, Median = 277.401 ns, Q3 = 277.784 ns, Max = 278.522 ns
IQR = 1.111 ns, LowerFence = 275.008 ns, UpperFence = 279.451 ns
ConfidenceInterval = [275.315 ns; 279.077 ns] (CI 99.9%), Margin = 1.881 ns (0.68% of Mean)
Skewness = -0.34, Kurtosis = 1.57, MValue = 2
-------------------- Histogram --------------------
[274.967 ns ; 279.167 ns) | @@@@@@@@
---------------------------------------------------

EnumRoundTrip.ServiceStackText: Quick(MaxRelativeError=0.05, Arguments=/p:MatrixMode=Benchmark, IterationTime=250ms, MaxIterationCount=12, MaxWarmupIterationCount=5, MinIterationCount=8, MinWarmupIterationCount=3)
Runtime = .NET 10.0.10 (10.0.10, 10.0.1026.32716), X64 RyuJIT x86-64-v4; GC = Concurrent Workstation
Mean = 299.585 ns, StdErr = 0.239 ns (0.08%), N = 7, StdDev = 0.633 ns
Min = 298.489 ns, Q1 = 299.312 ns, Median = 299.648 ns, Q3 = 299.931 ns, Max = 300.472 ns
IQR = 0.618 ns, LowerFence = 298.384 ns, UpperFence = 300.858 ns
ConfidenceInterval = [298.159 ns; 301.011 ns] (CI 99.9%), Margin = 1.426 ns (0.48% of Mean)
Skewness = -0.32, Kurtosis = 1.88, MValue = 2
-------------------- Histogram --------------------
[298.055 ns ; 300.906 ns) | @@@@@@@
---------------------------------------------------

EnumRoundTrip.NewtonsoftJson: Quick(MaxRelativeError=0.05, Arguments=/p:MatrixMode=Benchmark, IterationTime=250ms, MaxIterationCount=12, MaxWarmupIterationCount=5, MinIterationCount=8, MinWarmupIterationCount=3)
Runtime = .NET 10.0.10 (10.0.10, 10.0.1026.32716), X64 RyuJIT x86-64-v4; GC = Concurrent Workstation
Mean = 1.076 μs, StdErr = 0.002 μs (0.16%), N = 8, StdDev = 0.005 μs
Min = 1.069 μs, Q1 = 1.074 μs, Median = 1.076 μs, Q3 = 1.081 μs, Max = 1.083 μs
IQR = 0.007 μs, LowerFence = 1.063 μs, UpperFence = 1.091 μs
ConfidenceInterval = [1.067 μs; 1.086 μs] (CI 99.9%), Margin = 0.009 μs (0.88% of Mean)
Skewness = -0.09, Kurtosis = 1.34, MValue = 2
-------------------- Histogram --------------------
[1.066 μs ; 1.086 μs) | @@@@@@@@
---------------------------------------------------

// * Summary *

BenchmarkDotNet v0.15.8, Linux Ubuntu 24.04.4 LTS (Noble Numbat)
INTEL XEON PLATINUM 8573C 3.06GHz, 1 CPU, 4 logical and 2 physical cores
.NET SDK 10.0.302
  [Host] : .NET 10.0.10 (10.0.10, 10.0.1026.32716), X64 RyuJIT x86-64-v4
  Quick  : .NET 10.0.10 (10.0.10, 10.0.1026.32716), X64 RyuJIT x86-64-v4

Job=Quick  MaxRelativeError=0.05  Arguments=/p:MatrixMode=Benchmark  
IterationTime=250ms  MaxIterationCount=12  MaxWarmupIterationCount=5  
MinIterationCount=8  MinWarmupIterationCount=3  

| Method           | Mean       | Error   | StdDev  | Gen0   | Allocated |
|----------------- |-----------:|--------:|--------:|-------:|----------:|
| SystemTextJson   |   277.2 ns | 1.88 ns | 0.98 ns |      - |      88 B |
| ServiceStackText |   299.6 ns | 1.43 ns | 0.63 ns | 0.0036 |     336 B |
| NewtonsoftJson   | 1,076.5 ns | 9.50 ns | 4.97 ns | 0.0544 |    4792 B |

// * Hints *
Outliers
  EnumRoundTrip.ServiceStackText: Quick -> 1 outlier  was  removed (304.10 ns)

// * Legends *
  Mean      : Arithmetic mean of all measurements
  Error     : Half of 99.9% confidence interval
  StdDev    : Standard deviation of all measurements
  Gen0      : GC Generation 0 collects per 1000 operations
  Allocated : Allocated memory per single operation (managed only, inclusive, 1KB = 1024B)
  1 ns      : 1 Nanosecond (0.000000001 sec)

// * Diagnostic Output - MemoryDiagnoser *


// ***** BenchmarkRunner: End *****
Run time: 00:00:17 (17.05 sec), executed benchmarks: 3

// Found 2 benchmarks:
//   PolymorphicRoundTrip.NewtonsoftJson: Quick(MaxRelativeError=0.05, Arguments=/p:MatrixMode=Benchmark, IterationTime=250ms, MaxIterationCount=12, MaxWarmupIterationCount=5, MinIterationCount=8, MinWarmupIterationCount=3)
//   PolymorphicRoundTrip.SystemTextJson: Quick(MaxRelativeError=0.05, Arguments=/p:MatrixMode=Benchmark, IterationTime=250ms, MaxIterationCount=12, MaxWarmupIterationCount=5, MinIterationCount=8, MinWarmupIterationCount=3)

// **************************
// Benchmark: PolymorphicRoundTrip.NewtonsoftJson: Quick(MaxRelativeError=0.05, Arguments=/p:MatrixMode=Benchmark, IterationTime=250ms, MaxIterationCount=12, MaxWarmupIterationCount=5, MinIterationCount=8, MinWarmupIterationCount=3)
// *** Execute ***
// Launch: 1 / 1
// Execute: dotnet Matrix.JsonSerialization-Quick-1.dll --anonymousPipes 186 187 --benchmarkName Matrix.JsonSerialization.Benchmarks.PolymorphicRoundTrip.NewtonsoftJson --job Quick --benchmarkId 18 in /home/runner/work/dotnet-matrix/dotnet-matrix/src/Matrix.JsonSerialization/bin/Benchmark/Release/net10.0/Matrix.JsonSerialization-Quick-1/bin/Release/net10.0
// Failed to set up high priority (Permission denied). In order to run benchmarks with high priority, make sure you have the right permissions.
// BeforeAnythingElse

// Benchmark Process Environment Information:
// BenchmarkDotNet v0.15.8
// Runtime=.NET 10.0.10 (10.0.10, 10.0.1026.32716), X64 RyuJIT x86-64-v4
// GC=Concurrent Workstation
// HardwareIntrinsics=AVX512 BITALG+VBMI2+VNNI+VPOPCNTDQ,AVX512 IFMA+VBMI,AVX512 F+BW+CD+DQ+VL,AVX2+BMI1+BMI2+F16C+FMA+LZCNT+MOVBE,AVX,SSE3+SSSE3+SSE4.1+SSE4.2+POPCNT,X86Base+SSE+SSE2,AES+PCLMUL VectorSize=256
// Job: Quick(MaxRelativeError=0.05, IterationTime=250ms, MaxIterationCount=12, MaxWarmupIterationCount=5, MinIterationCount=8, MinWarmupIterationCount=3)

OverheadJitting  1: 1 op, 236018.00 ns, 236.0180 us/op
WorkloadJitting  1: 1 op, 71528839.00 ns, 71.5288 ms/op

WorkloadPilot    1: 4 op, 175074.00 ns, 43.7685 us/op
WorkloadPilot    2: 5712 op, 126786276.00 ns, 22.1965 us/op
WorkloadPilot    3: 11263 op, 338474141.00 ns, 30.0519 us/op
WorkloadPilot    4: 8319 op, 88304224.00 ns, 10.6148 us/op
WorkloadPilot    5: 23552 op, 154290377.00 ns, 6.5511 us/op
WorkloadPilot    6: 38162 op, 132490215.00 ns, 3.4718 us/op
WorkloadPilot    7: 72009 op, 242170273.00 ns, 3.3631 us/op
WorkloadPilot    8: 74337 op, 249246972.00 ns, 3.3529 us/op
WorkloadPilot    9: 74562 op, 250181306.00 ns, 3.3553 us/op
WorkloadPilot   10: 74508 op, 249101806.00 ns, 3.3433 us/op
WorkloadPilot   11: 74777 op, 253779849.00 ns, 3.3938 us/op

WorkloadWarmup   1: 74777 op, 251448767.00 ns, 3.3626 us/op
WorkloadWarmup   2: 74777 op, 251796515.00 ns, 3.3673 us/op
WorkloadWarmup   3: 74777 op, 250009775.00 ns, 3.3434 us/op
WorkloadWarmup   4: 74777 op, 250789876.00 ns, 3.3538 us/op
WorkloadWarmup   5: 74777 op, 249287067.00 ns, 3.3337 us/op

// BeforeActualRun
WorkloadActual   1: 74777 op, 260893876.00 ns, 3.4890 us/op
WorkloadActual   2: 74777 op, 251176866.00 ns, 3.3590 us/op
WorkloadActual   3: 74777 op, 250561309.00 ns, 3.3508 us/op
WorkloadActual   4: 74777 op, 250141802.00 ns, 3.3452 us/op
WorkloadActual   5: 74777 op, 251404887.00 ns, 3.3621 us/op
WorkloadActual   6: 74777 op, 253266267.00 ns, 3.3870 us/op
WorkloadActual   7: 74777 op, 252016380.00 ns, 3.3702 us/op
WorkloadActual   8: 74777 op, 250246574.00 ns, 3.3466 us/op

// AfterActualRun
WorkloadResult   1: 74777 op, 251176866.00 ns, 3.3590 us/op
WorkloadResult   2: 74777 op, 250561309.00 ns, 3.3508 us/op
WorkloadResult   3: 74777 op, 250141802.00 ns, 3.3452 us/op
WorkloadResult   4: 74777 op, 251404887.00 ns, 3.3621 us/op
WorkloadResult   5: 74777 op, 253266267.00 ns, 3.3870 us/op
WorkloadResult   6: 74777 op, 252016380.00 ns, 3.3702 us/op
WorkloadResult   7: 74777 op, 250246574.00 ns, 3.3466 us/op
// GC:  7 0 0 596421352 74777
// Threading:  0 0 74777

// AfterAll
// Benchmark Process 3657 has exited with code 0.

Mean = 3.360 μs, StdErr = 0.006 μs (0.17%), N = 7, StdDev = 0.015 μs
Min = 3.345 μs, Q1 = 3.349 μs, Median = 3.359 μs, Q3 = 3.366 μs, Max = 3.387 μs
IQR = 0.017 μs, LowerFence = 3.322 μs, UpperFence = 3.392 μs
ConfidenceInterval = [3.327 μs; 3.394 μs] (CI 99.9%), Margin = 0.033 μs (0.99% of Mean)
Skewness = 0.6, Kurtosis = 1.83, MValue = 2

// ** Remained 19 (50.0 %) benchmark(s) to run. Estimated finish 2026-08-06 10:33 (0h 1m from now) **
// **************************
// Benchmark: PolymorphicRoundTrip.SystemTextJson: Quick(MaxRelativeError=0.05, Arguments=/p:MatrixMode=Benchmark, IterationTime=250ms, MaxIterationCount=12, MaxWarmupIterationCount=5, MinIterationCount=8, MinWarmupIterationCount=3)
// *** Execute ***
// Launch: 1 / 1
// Execute: dotnet Matrix.JsonSerialization-Quick-1.dll --anonymousPipes 186 187 --benchmarkName Matrix.JsonSerialization.Benchmarks.PolymorphicRoundTrip.SystemTextJson --job Quick --benchmarkId 19 in /home/runner/work/dotnet-matrix/dotnet-matrix/src/Matrix.JsonSerialization/bin/Benchmark/Release/net10.0/Matrix.JsonSerialization-Quick-1/bin/Release/net10.0
// Failed to set up high priority (Permission denied). In order to run benchmarks with high priority, make sure you have the right permissions.
// BeforeAnythingElse

// Benchmark Process Environment Information:
// BenchmarkDotNet v0.15.8
// Runtime=.NET 10.0.10 (10.0.10, 10.0.1026.32716), X64 RyuJIT x86-64-v4
// GC=Concurrent Workstation
// HardwareIntrinsics=AVX512 BITALG+VBMI2+VNNI+VPOPCNTDQ,AVX512 IFMA+VBMI,AVX512 F+BW+CD+DQ+VL,AVX2+BMI1+BMI2+F16C+FMA+LZCNT+MOVBE,AVX,SSE3+SSSE3+SSE4.1+SSE4.2+POPCNT,X86Base+SSE+SSE2,AES+PCLMUL VectorSize=256
// Job: Quick(MaxRelativeError=0.05, IterationTime=250ms, MaxIterationCount=12, MaxWarmupIterationCount=5, MinIterationCount=8, MinWarmupIterationCount=3)

OverheadJitting  1: 1 op, 235269.00 ns, 235.2690 us/op
WorkloadJitting  1: 1 op, 32672496.00 ns, 32.6725 ms/op

WorkloadPilot    1: 4 op, 199825.00 ns, 49.9563 us/op
WorkloadPilot    2: 5004 op, 35077446.00 ns, 7.0099 us/op
WorkloadPilot    3: 35664 op, 259131862.00 ns, 7.2659 us/op
WorkloadPilot    4: 34407 op, 174450941.00 ns, 5.0702 us/op
WorkloadPilot    5: 49308 op, 274183625.00 ns, 5.5606 us/op
WorkloadPilot    6: 44959 op, 288217051.00 ns, 6.4107 us/op

WorkloadWarmup   1: 44959 op, 237125572.00 ns, 5.2743 us/op
WorkloadWarmup   2: 44959 op, 82877245.00 ns, 1.8434 us/op
WorkloadWarmup   3: 44959 op, 68218886.00 ns, 1.5174 us/op
WorkloadWarmup   4: 44959 op, 68144235.00 ns, 1.5157 us/op
WorkloadWarmup   5: 44959 op, 69456237.00 ns, 1.5449 us/op

// BeforeActualRun
WorkloadActual   1: 44959 op, 68291517.00 ns, 1.5190 us/op
WorkloadActual   2: 44959 op, 68483334.00 ns, 1.5232 us/op
WorkloadActual   3: 44959 op, 68602086.00 ns, 1.5259 us/op
WorkloadActual   4: 44959 op, 68766801.00 ns, 1.5295 us/op
WorkloadActual   5: 44959 op, 67898620.00 ns, 1.5102 us/op
WorkloadActual   6: 44959 op, 68057306.00 ns, 1.5138 us/op
WorkloadActual   7: 44959 op, 68444916.00 ns, 1.5224 us/op
WorkloadActual   8: 44959 op, 69433487.00 ns, 1.5444 us/op

// AfterActualRun
WorkloadResult   1: 44959 op, 68291517.00 ns, 1.5190 us/op
WorkloadResult   2: 44959 op, 68483334.00 ns, 1.5232 us/op
WorkloadResult   3: 44959 op, 68602086.00 ns, 1.5259 us/op
WorkloadResult   4: 44959 op, 68766801.00 ns, 1.5295 us/op
WorkloadResult   5: 44959 op, 67898620.00 ns, 1.5102 us/op
WorkloadResult   6: 44959 op, 68057306.00 ns, 1.5138 us/op
WorkloadResult   7: 44959 op, 68444916.00 ns, 1.5224 us/op
// GC:  0 0 0 60784568 44959
// Threading:  0 0 44959

// AfterAll
// Benchmark Process 3671 has exited with code 0.

Mean = 1.521 μs, StdErr = 0.003 μs (0.17%), N = 7, StdDev = 0.007 μs
Min = 1.510 μs, Q1 = 1.516 μs, Median = 1.522 μs, Q3 = 1.525 μs, Max = 1.530 μs
IQR = 0.008 μs, LowerFence = 1.504 μs, UpperFence = 1.537 μs
ConfidenceInterval = [1.505 μs; 1.536 μs] (CI 99.9%), Margin = 0.015 μs (1.00% of Mean)
Skewness = -0.24, Kurtosis = 1.42, MValue = 2

// ** Remained 18 (47.4 %) benchmark(s) to run. Estimated finish 2026-08-06 10:33 (0h 1m from now) **
// ***** BenchmarkRunner: Finish  *****

// * Export *
  tmp/dotnet-matrix/JsonSerialization/6a20c96a9b2040c3afe6893cda53c8bf/results/Matrix.JsonSerialization.Benchmarks.PolymorphicRoundTrip-report.csv
  tmp/dotnet-matrix/JsonSerialization/6a20c96a9b2040c3afe6893cda53c8bf/results/Matrix.JsonSerialization.Benchmarks.PolymorphicRoundTrip-report-github.md
  tmp/dotnet-matrix/JsonSerialization/6a20c96a9b2040c3afe6893cda53c8bf/results/Matrix.JsonSerialization.Benchmarks.PolymorphicRoundTrip-report.html
  tmp/dotnet-matrix/JsonSerialization/6a20c96a9b2040c3afe6893cda53c8bf/results/Matrix.JsonSerialization.Benchmarks.PolymorphicRoundTrip-report-full.json

// * Detailed results *
PolymorphicRoundTrip.SystemTextJson: Quick(MaxRelativeError=0.05, Arguments=/p:MatrixMode=Benchmark, IterationTime=250ms, MaxIterationCount=12, MaxWarmupIterationCount=5, MinIterationCount=8, MinWarmupIterationCount=3)
Runtime = .NET 10.0.10 (10.0.10, 10.0.1026.32716), X64 RyuJIT x86-64-v4; GC = Concurrent Workstation
Mean = 1.521 μs, StdErr = 0.003 μs (0.17%), N = 7, StdDev = 0.007 μs
Min = 1.510 μs, Q1 = 1.516 μs, Median = 1.522 μs, Q3 = 1.525 μs, Max = 1.530 μs
IQR = 0.008 μs, LowerFence = 1.504 μs, UpperFence = 1.537 μs
ConfidenceInterval = [1.505 μs; 1.536 μs] (CI 99.9%), Margin = 0.015 μs (1.00% of Mean)
Skewness = -0.24, Kurtosis = 1.42, MValue = 2
-------------------- Histogram --------------------
[1.506 μs ; 1.534 μs) | @@@@@@@
---------------------------------------------------

PolymorphicRoundTrip.NewtonsoftJson: Quick(MaxRelativeError=0.05, Arguments=/p:MatrixMode=Benchmark, IterationTime=250ms, MaxIterationCount=12, MaxWarmupIterationCount=5, MinIterationCount=8, MinWarmupIterationCount=3)
Runtime = .NET 10.0.10 (10.0.10, 10.0.1026.32716), X64 RyuJIT x86-64-v4; GC = Concurrent Workstation
Mean = 3.360 μs, StdErr = 0.006 μs (0.17%), N = 7, StdDev = 0.015 μs
Min = 3.345 μs, Q1 = 3.349 μs, Median = 3.359 μs, Q3 = 3.366 μs, Max = 3.387 μs
IQR = 0.017 μs, LowerFence = 3.322 μs, UpperFence = 3.392 μs
ConfidenceInterval = [3.327 μs; 3.394 μs] (CI 99.9%), Margin = 0.033 μs (0.99% of Mean)
Skewness = 0.6, Kurtosis = 1.83, MValue = 2
-------------------- Histogram --------------------
[3.335 μs ; 3.397 μs) | @@@@@@@
---------------------------------------------------

// * Summary *

BenchmarkDotNet v0.15.8, Linux Ubuntu 24.04.4 LTS (Noble Numbat)
INTEL XEON PLATINUM 8573C 3.06GHz, 1 CPU, 4 logical and 2 physical cores
.NET SDK 10.0.302
  [Host] : .NET 10.0.10 (10.0.10, 10.0.1026.32716), X64 RyuJIT x86-64-v4
  Quick  : .NET 10.0.10 (10.0.10, 10.0.1026.32716), X64 RyuJIT x86-64-v4

Job=Quick  MaxRelativeError=0.05  Arguments=/p:MatrixMode=Benchmark  
IterationTime=250ms  MaxIterationCount=12  MaxWarmupIterationCount=5  
MinIterationCount=8  MinWarmupIterationCount=3  

| Method         | Mean     | Error     | StdDev    | Gen0   | Allocated |
|--------------- |---------:|----------:|----------:|-------:|----------:|
| SystemTextJson | 1.521 μs | 0.0152 μs | 0.0068 μs |      - |   1.32 KB |
| NewtonsoftJson | 3.360 μs | 0.0334 μs | 0.0148 μs | 0.0936 |   7.79 KB |

// * Warnings *
MinIterationTime
  PolymorphicRoundTrip.SystemTextJson: Quick -> The minimum observed iteration time is 67.899ms which is very small. It's recommended to increase it to at least 100ms using more operations.

// * Hints *
Outliers
  PolymorphicRoundTrip.SystemTextJson: Quick -> 1 outlier  was  removed (1.54 μs)
  PolymorphicRoundTrip.NewtonsoftJson: Quick -> 1 outlier  was  removed (3.49 μs)

// * Legends *
  Mean      : Arithmetic mean of all measurements
  Error     : Half of 99.9% confidence interval
  StdDev    : Standard deviation of all measurements
  Gen0      : GC Generation 0 collects per 1000 operations
  Allocated : Allocated memory per single operation (managed only, inclusive, 1KB = 1024B)
  1 μs      : 1 Microsecond (0.000001 sec)

// * Diagnostic Output - MemoryDiagnoser *


// ***** BenchmarkRunner: End *****
Run time: 00:00:08 (8.36 sec), executed benchmarks: 2

// Found 2 benchmarks:
//   PrepareSerializer.NewtonsoftJson: Quick(MaxRelativeError=0.05, Arguments=/p:MatrixMode=Benchmark, IterationTime=250ms, MaxIterationCount=12, MaxWarmupIterationCount=5, MinIterationCount=8, MinWarmupIterationCount=3)
//   PrepareSerializer.SystemTextJson: Quick(MaxRelativeError=0.05, Arguments=/p:MatrixMode=Benchmark, IterationTime=250ms, MaxIterationCount=12, MaxWarmupIterationCount=5, MinIterationCount=8, MinWarmupIterationCount=3)

// **************************
// Benchmark: PrepareSerializer.NewtonsoftJson: Quick(MaxRelativeError=0.05, Arguments=/p:MatrixMode=Benchmark, IterationTime=250ms, MaxIterationCount=12, MaxWarmupIterationCount=5, MinIterationCount=8, MinWarmupIterationCount=3)
// *** Execute ***
// Launch: 1 / 1
// Execute: dotnet Matrix.JsonSerialization-Quick-1.dll --anonymousPipes 186 187 --benchmarkName Matrix.JsonSerialization.Benchmarks.PrepareSerializer.NewtonsoftJson --job Quick --benchmarkId 20 in /home/runner/work/dotnet-matrix/dotnet-matrix/src/Matrix.JsonSerialization/bin/Benchmark/Release/net10.0/Matrix.JsonSerialization-Quick-1/bin/Release/net10.0
// Failed to set up high priority (Permission denied). In order to run benchmarks with high priority, make sure you have the right permissions.
// BeforeAnythingElse

// Benchmark Process Environment Information:
// BenchmarkDotNet v0.15.8
// Runtime=.NET 10.0.10 (10.0.10, 10.0.1026.32716), X64 RyuJIT x86-64-v4
// GC=Concurrent Workstation
// HardwareIntrinsics=AVX512 BITALG+VBMI2+VNNI+VPOPCNTDQ,AVX512 IFMA+VBMI,AVX512 F+BW+CD+DQ+VL,AVX2+BMI1+BMI2+F16C+FMA+LZCNT+MOVBE,AVX,SSE3+SSSE3+SSE4.1+SSE4.2+POPCNT,X86Base+SSE+SSE2,AES+PCLMUL VectorSize=256
// Job: Quick(MaxRelativeError=0.05, IterationTime=250ms, MaxIterationCount=12, MaxWarmupIterationCount=5, MinIterationCount=8, MinWarmupIterationCount=3)

OverheadJitting  1: 1 op, 278371.00 ns, 278.3710 us/op
WorkloadJitting  1: 1 op, 28828242.00 ns, 28.8282 ms/op

WorkloadPilot    1: 4 op, 512219.00 ns, 128.0548 us/op
WorkloadPilot    2: 1952 op, 106133184.00 ns, 54.3715 us/op
WorkloadPilot    3: 4598 op, 286217993.00 ns, 62.2484 us/op
WorkloadPilot    4: 4016 op, 273242393.00 ns, 68.0384 us/op
WorkloadPilot    5: 3674 op, 282513462.00 ns, 76.8953 us/op

WorkloadWarmup   1: 3674 op, 276891526.00 ns, 75.3651 us/op
WorkloadWarmup   2: 3674 op, 276960091.00 ns, 75.3838 us/op
WorkloadWarmup   3: 3674 op, 269373016.00 ns, 73.3187 us/op
WorkloadWarmup   4: 3674 op, 270387166.00 ns, 73.5948 us/op
WorkloadWarmup   5: 3674 op, 269327432.00 ns, 73.3063 us/op

// BeforeActualRun
WorkloadActual   1: 3674 op, 266165336.00 ns, 72.4457 us/op
WorkloadActual   2: 3674 op, 263120766.00 ns, 71.6170 us/op
WorkloadActual   3: 3674 op, 238626659.00 ns, 64.9501 us/op
WorkloadActual   4: 3674 op, 176619792.00 ns, 48.0729 us/op
WorkloadActual   5: 3674 op, 128767596.00 ns, 35.0483 us/op
WorkloadActual   6: 3674 op, 126437905.00 ns, 34.4142 us/op
WorkloadActual   7: 3674 op, 116672223.00 ns, 31.7562 us/op
WorkloadActual   8: 3674 op, 111078607.00 ns, 30.2337 us/op
WorkloadActual   9: 3674 op, 109842696.00 ns, 29.8973 us/op
WorkloadActual  10: 3674 op, 100236718.00 ns, 27.2827 us/op
WorkloadActual  11: 3674 op, 94960987.00 ns, 25.8468 us/op
WorkloadActual  12: 3674 op, 87504380.00 ns, 23.8172 us/op

// AfterActualRun
WorkloadResult   1: 3674 op, 266165336.00 ns, 72.4457 us/op
WorkloadResult   2: 3674 op, 263120766.00 ns, 71.6170 us/op
WorkloadResult   3: 3674 op, 238626659.00 ns, 64.9501 us/op
WorkloadResult   4: 3674 op, 176619792.00 ns, 48.0729 us/op
WorkloadResult   5: 3674 op, 128767596.00 ns, 35.0483 us/op
WorkloadResult   6: 3674 op, 126437905.00 ns, 34.4142 us/op
WorkloadResult   7: 3674 op, 116672223.00 ns, 31.7562 us/op
WorkloadResult   8: 3674 op, 111078607.00 ns, 30.2337 us/op
WorkloadResult   9: 3674 op, 109842696.00 ns, 29.8973 us/op
WorkloadResult  10: 3674 op, 100236718.00 ns, 27.2827 us/op
WorkloadResult  11: 3674 op, 94960987.00 ns, 25.8468 us/op
WorkloadResult  12: 3674 op, 87504380.00 ns, 23.8172 us/op
// GC:  0 0 0 43445088 3674
// Threading:  0 0 3674

// AfterAll
// Benchmark Process 3679 has exited with code 0.

Mean = 41.282 μs, StdErr = 5.270 μs (12.76%), N = 12, StdDev = 18.254 μs
Min = 23.817 μs, Q1 = 29.244 μs, Median = 33.085 μs, Q3 = 52.292 μs, Max = 72.446 μs
IQR = 23.049 μs, LowerFence = -5.329 μs, UpperFence = 86.865 μs
ConfidenceInterval = [17.901 μs; 64.663 μs] (CI 99.9%), Margin = 23.381 μs (56.64% of Mean)
Skewness = 0.76, Kurtosis = 1.75, MValue = 2.5

// ** Remained 17 (44.7 %) benchmark(s) to run. Estimated finish 2026-08-06 10:33 (0h 1m from now) **
// **************************
// Benchmark: PrepareSerializer.SystemTextJson: Quick(MaxRelativeError=0.05, Arguments=/p:MatrixMode=Benchmark, IterationTime=250ms, MaxIterationCount=12, MaxWarmupIterationCount=5, MinIterationCount=8, MinWarmupIterationCount=3)
// *** Execute ***
// Launch: 1 / 1
// Execute: dotnet Matrix.JsonSerialization-Quick-1.dll --anonymousPipes 186 187 --benchmarkName Matrix.JsonSerialization.Benchmarks.PrepareSerializer.SystemTextJson --job Quick --benchmarkId 21 in /home/runner/work/dotnet-matrix/dotnet-matrix/src/Matrix.JsonSerialization/bin/Benchmark/Release/net10.0/Matrix.JsonSerialization-Quick-1/bin/Release/net10.0
// Failed to set up high priority (Permission denied). In order to run benchmarks with high priority, make sure you have the right permissions.
// BeforeAnythingElse

// Benchmark Process Environment Information:
// BenchmarkDotNet v0.15.8
// Runtime=.NET 10.0.10 (10.0.10, 10.0.1026.32716), X64 RyuJIT x86-64-v4
// GC=Concurrent Workstation
// HardwareIntrinsics=AVX512 BITALG+VBMI2+VNNI+VPOPCNTDQ,AVX512 IFMA+VBMI,AVX512 F+BW+CD+DQ+VL,AVX2+BMI1+BMI2+F16C+FMA+LZCNT+MOVBE,AVX,SSE3+SSSE3+SSE4.1+SSE4.2+POPCNT,X86Base+SSE+SSE2,AES+PCLMUL VectorSize=256
// Job: Quick(MaxRelativeError=0.05, IterationTime=250ms, MaxIterationCount=12, MaxWarmupIterationCount=5, MinIterationCount=8, MinWarmupIterationCount=3)

OverheadJitting  1: 1 op, 256445.00 ns, 256.4450 us/op
WorkloadJitting  1: 1 op, 12577330.00 ns, 12.5773 ms/op

OverheadJitting  2: 16 op, 541986.00 ns, 33.8741 us/op
WorkloadJitting  2: 16 op, 2150873.00 ns, 134.4296 us/op

WorkloadPilot    1: 16 op, 1148710.00 ns, 71.7944 us/op
WorkloadPilot    2: 3488 op, 94488218.00 ns, 27.0895 us/op
WorkloadPilot    3: 9232 op, 229903215.00 ns, 24.9029 us/op
WorkloadPilot    4: 10048 op, 308021353.00 ns, 30.6550 us/op
WorkloadPilot    5: 8160 op, 274078245.00 ns, 33.5880 us/op
WorkloadPilot    6: 7456 op, 252848555.00 ns, 33.9121 us/op

OverheadWarmup   1: 7456 op, 48656.00 ns, 6.5258 ns/op
OverheadWarmup   2: 7456 op, 51904.00 ns, 6.9614 ns/op
OverheadWarmup   3: 7456 op, 47274.00 ns, 6.3404 ns/op
OverheadWarmup   4: 7456 op, 55361.00 ns, 7.4250 ns/op
OverheadWarmup   5: 7456 op, 56643.00 ns, 7.5970 ns/op
OverheadWarmup   6: 7456 op, 46967.00 ns, 6.2992 ns/op

OverheadActual   1: 7456 op, 62563.00 ns, 8.3910 ns/op
OverheadActual   2: 7456 op, 45603.00 ns, 6.1163 ns/op
OverheadActual   3: 7456 op, 51293.00 ns, 6.8794 ns/op
OverheadActual   4: 7456 op, 51616.00 ns, 6.9227 ns/op
OverheadActual   5: 7456 op, 54333.00 ns, 7.2872 ns/op
OverheadActual   6: 7456 op, 57314.00 ns, 7.6870 ns/op
OverheadActual   7: 7456 op, 47057.00 ns, 6.3113 ns/op
OverheadActual   8: 7456 op, 47304.00 ns, 6.3444 ns/op
OverheadActual   9: 7456 op, 47206.00 ns, 6.3313 ns/op
OverheadActual  10: 7456 op, 49658.00 ns, 6.6601 ns/op
OverheadActual  11: 7456 op, 50654.00 ns, 6.7937 ns/op
OverheadActual  12: 7456 op, 51691.00 ns, 6.9328 ns/op

WorkloadWarmup   1: 7456 op, 254680631.00 ns, 34.1578 us/op
WorkloadWarmup   2: 7456 op, 257246325.00 ns, 34.5019 us/op
WorkloadWarmup   3: 7456 op, 260116368.00 ns, 34.8869 us/op
WorkloadWarmup   4: 7456 op, 248540376.00 ns, 33.3343 us/op
WorkloadWarmup   5: 7456 op, 246665681.00 ns, 33.0828 us/op

// BeforeActualRun
WorkloadActual   1: 7456 op, 216173178.00 ns, 28.9932 us/op
WorkloadActual   2: 7456 op, 148364418.00 ns, 19.8987 us/op
WorkloadActual   3: 7456 op, 147680162.00 ns, 19.8069 us/op
WorkloadActual   4: 7456 op, 142471117.00 ns, 19.1083 us/op
WorkloadActual   5: 7456 op, 137935080.00 ns, 18.4999 us/op
WorkloadActual   6: 7456 op, 119055661.00 ns, 15.9678 us/op
WorkloadActual   7: 7456 op, 116699647.00 ns, 15.6518 us/op
WorkloadActual   8: 7456 op, 109330985.00 ns, 14.6635 us/op
WorkloadActual   9: 7456 op, 101305520.00 ns, 13.5871 us/op
WorkloadActual  10: 7456 op, 99940323.00 ns, 13.4040 us/op
WorkloadActual  11: 7456 op, 97791427.00 ns, 13.1158 us/op
WorkloadActual  12: 7456 op, 95563272.00 ns, 12.8170 us/op

// AfterActualRun
WorkloadResult   1: 7456 op, 148313444.50 ns, 19.8918 us/op
WorkloadResult   2: 7456 op, 147629188.50 ns, 19.8001 us/op
WorkloadResult   3: 7456 op, 142420143.50 ns, 19.1014 us/op
WorkloadResult   4: 7456 op, 137884106.50 ns, 18.4930 us/op
WorkloadResult   5: 7456 op, 119004687.50 ns, 15.9609 us/op
WorkloadResult   6: 7456 op, 116648673.50 ns, 15.6449 us/op
WorkloadResult   7: 7456 op, 109280011.50 ns, 14.6567 us/op
WorkloadResult   8: 7456 op, 101254546.50 ns, 13.5803 us/op
WorkloadResult   9: 7456 op, 99889349.50 ns, 13.3972 us/op
WorkloadResult  10: 7456 op, 97740453.50 ns, 13.1090 us/op
WorkloadResult  11: 7456 op, 95512298.50 ns, 12.8101 us/op
// GC:  0 0 0 56621072 7456
// Threading:  0 0 7456

// AfterAll
// Benchmark Process 3687 has exited with code 0.

Mean = 16.040 μs, StdErr = 0.845 μs (5.27%), N = 11, StdDev = 2.802 μs
Min = 12.810 μs, Q1 = 13.489 μs, Median = 15.645 μs, Q3 = 18.797 μs, Max = 19.892 μs
IQR = 5.309 μs, LowerFence = 5.526 μs, UpperFence = 26.760 μs
ConfidenceInterval = [12.166 μs; 19.915 μs] (CI 99.9%), Margin = 3.875 μs (24.16% of Mean)
Skewness = 0.24, Kurtosis = 1.2, MValue = 3.14

// ** Remained 16 (42.1 %) benchmark(s) to run. Estimated finish 2026-08-06 10:33 (0h 1m from now) **
// ***** BenchmarkRunner: Finish  *****

// * Export *
  tmp/dotnet-matrix/JsonSerialization/6a20c96a9b2040c3afe6893cda53c8bf/results/Matrix.JsonSerialization.Benchmarks.PrepareSerializer-report.csv
  tmp/dotnet-matrix/JsonSerialization/6a20c96a9b2040c3afe6893cda53c8bf/results/Matrix.JsonSerialization.Benchmarks.PrepareSerializer-report-github.md
  tmp/dotnet-matrix/JsonSerialization/6a20c96a9b2040c3afe6893cda53c8bf/results/Matrix.JsonSerialization.Benchmarks.PrepareSerializer-report.html
  tmp/dotnet-matrix/JsonSerialization/6a20c96a9b2040c3afe6893cda53c8bf/results/Matrix.JsonSerialization.Benchmarks.PrepareSerializer-report-full.json

// * Detailed results *
PrepareSerializer.SystemTextJson: Quick(MaxRelativeError=0.05, Arguments=/p:MatrixMode=Benchmark, IterationTime=250ms, MaxIterationCount=12, MaxWarmupIterationCount=5, MinIterationCount=8, MinWarmupIterationCount=3)
Runtime = .NET 10.0.10 (10.0.10, 10.0.1026.32716), X64 RyuJIT x86-64-v4; GC = Concurrent Workstation
Mean = 16.040 μs, StdErr = 0.845 μs (5.27%), N = 11, StdDev = 2.802 μs
Min = 12.810 μs, Q1 = 13.489 μs, Median = 15.645 μs, Q3 = 18.797 μs, Max = 19.892 μs
IQR = 5.309 μs, LowerFence = 5.526 μs, UpperFence = 26.760 μs
ConfidenceInterval = [12.166 μs; 19.915 μs] (CI 99.9%), Margin = 3.875 μs (24.16% of Mean)
Skewness = 0.24, Kurtosis = 1.2, MValue = 3.14
-------------------- Histogram --------------------
[12.732 μs ; 16.039 μs) | @@@@@@@
[16.039 μs ; 17.539 μs) | 
[17.539 μs ; 20.846 μs) | @@@@
---------------------------------------------------

PrepareSerializer.NewtonsoftJson: Quick(MaxRelativeError=0.05, Arguments=/p:MatrixMode=Benchmark, IterationTime=250ms, MaxIterationCount=12, MaxWarmupIterationCount=5, MinIterationCount=8, MinWarmupIterationCount=3)
Runtime = .NET 10.0.10 (10.0.10, 10.0.1026.32716), X64 RyuJIT x86-64-v4; GC = Concurrent Workstation
Mean = 41.282 μs, StdErr = 5.270 μs (12.76%), N = 12, StdDev = 18.254 μs
Min = 23.817 μs, Q1 = 29.244 μs, Median = 33.085 μs, Q3 = 52.292 μs, Max = 72.446 μs
IQR = 23.049 μs, LowerFence = -5.329 μs, UpperFence = 86.865 μs
ConfidenceInterval = [17.901 μs; 64.663 μs] (CI 99.9%), Margin = 23.381 μs (56.64% of Mean)
Skewness = 0.76, Kurtosis = 1.75, MValue = 2.5
-------------------- Histogram --------------------
[18.968 μs ; 39.898 μs) | @@@@@@@@
[39.898 μs ; 58.233 μs) | @
[58.233 μs ; 82.911 μs) | @@@
---------------------------------------------------

// * Summary *

BenchmarkDotNet v0.15.8, Linux Ubuntu 24.04.4 LTS (Noble Numbat)
INTEL XEON PLATINUM 8573C 3.06GHz, 1 CPU, 4 logical and 2 physical cores
.NET SDK 10.0.302
  [Host] : .NET 10.0.10 (10.0.10, 10.0.1026.32716), X64 RyuJIT x86-64-v4
  Quick  : .NET 10.0.10 (10.0.10, 10.0.1026.32716), X64 RyuJIT x86-64-v4

Job=Quick  MaxRelativeError=0.05  Arguments=/p:MatrixMode=Benchmark  
IterationTime=250ms  MaxIterationCount=12  MaxWarmupIterationCount=5  
MinIterationCount=8  MinWarmupIterationCount=3  

| Method         | Mean     | Error     | StdDev    | Allocated |
|--------------- |---------:|----------:|----------:|----------:|
| SystemTextJson | 16.04 μs |  3.875 μs |  2.802 μs |   7.42 KB |
| NewtonsoftJson | 41.28 μs | 23.381 μs | 18.254 μs |  11.55 KB |

// * Warnings *
MinIterationTime
  PrepareSerializer.SystemTextJson: Quick -> The minimum observed iteration time is 95.563ms which is very small. It's recommended to increase it to at least 100ms using more operations.
  PrepareSerializer.NewtonsoftJson: Quick -> The minimum observed iteration time is 87.504ms which is very small. It's recommended to increase it to at least 100ms using more operations.

// * Hints *
Outliers
  PrepareSerializer.SystemTextJson: Quick -> 1 outlier  was  removed (28.99 μs)

// * Legends *
  Mean      : Arithmetic mean of all measurements
  Error     : Half of 99.9% confidence interval
  StdDev    : Standard deviation of all measurements
  Allocated : Allocated memory per single operation (managed only, inclusive, 1KB = 1024B)
  1 μs      : 1 Microsecond (0.000001 sec)

// * Diagnostic Output - MemoryDiagnoser *


// ***** BenchmarkRunner: End *****
Run time: 00:00:09 (9.17 sec), executed benchmarks: 2

// Found 3 benchmarks:
//   SerializeCollection.NewtonsoftJson: Quick(MaxRelativeError=0.05, Arguments=/p:MatrixMode=Benchmark, IterationTime=250ms, MaxIterationCount=12, MaxWarmupIterationCount=5, MinIterationCount=8, MinWarmupIterationCount=3)
//   SerializeCollection.ServiceStackText: Quick(MaxRelativeError=0.05, Arguments=/p:MatrixMode=Benchmark, IterationTime=250ms, MaxIterationCount=12, MaxWarmupIterationCount=5, MinIterationCount=8, MinWarmupIterationCount=3)
//   SerializeCollection.SystemTextJson: Quick(MaxRelativeError=0.05, Arguments=/p:MatrixMode=Benchmark, IterationTime=250ms, MaxIterationCount=12, MaxWarmupIterationCount=5, MinIterationCount=8, MinWarmupIterationCount=3)

// **************************
// Benchmark: SerializeCollection.NewtonsoftJson: Quick(MaxRelativeError=0.05, Arguments=/p:MatrixMode=Benchmark, IterationTime=250ms, MaxIterationCount=12, MaxWarmupIterationCount=5, MinIterationCount=8, MinWarmupIterationCount=3)
// *** Execute ***
// Launch: 1 / 1
// Execute: dotnet Matrix.JsonSerialization-Quick-1.dll --anonymousPipes 186 187 --benchmarkName Matrix.JsonSerialization.Benchmarks.SerializeCollection.NewtonsoftJson --job Quick --benchmarkId 22 in /home/runner/work/dotnet-matrix/dotnet-matrix/src/Matrix.JsonSerialization/bin/Benchmark/Release/net10.0/Matrix.JsonSerialization-Quick-1/bin/Release/net10.0
// Failed to set up high priority (Permission denied). In order to run benchmarks with high priority, make sure you have the right permissions.
// BeforeAnythingElse

// Benchmark Process Environment Information:
// BenchmarkDotNet v0.15.8
// Runtime=.NET 10.0.10 (10.0.10, 10.0.1026.32716), X64 RyuJIT x86-64-v4
// GC=Concurrent Workstation
// HardwareIntrinsics=AVX512 BITALG+VBMI2+VNNI+VPOPCNTDQ,AVX512 IFMA+VBMI,AVX512 F+BW+CD+DQ+VL,AVX2+BMI1+BMI2+F16C+FMA+LZCNT+MOVBE,AVX,SSE3+SSSE3+SSE4.1+SSE4.2+POPCNT,X86Base+SSE+SSE2,AES+PCLMUL VectorSize=256
// Job: Quick(MaxRelativeError=0.05, IterationTime=250ms, MaxIterationCount=12, MaxWarmupIterationCount=5, MinIterationCount=8, MinWarmupIterationCount=3)

OverheadJitting  1: 1 op, 291414.00 ns, 291.4140 us/op
WorkloadJitting  1: 1 op, 62020629.00 ns, 62.0206 ms/op

WorkloadPilot    1: 4 op, 70474.00 ns, 17.6185 us/op
WorkloadPilot    2: 14190 op, 81943502.00 ns, 5.7747 us/op
WorkloadPilot    3: 43292 op, 253141722.00 ns, 5.8473 us/op
WorkloadPilot    4: 42755 op, 35421009.00 ns, 828.4647 ns/op
WorkloadPilot    5: 301763 op, 243119212.00 ns, 805.6628 ns/op
WorkloadPilot    6: 310304 op, 254056255.00 ns, 818.7334 ns/op
WorkloadPilot    7: 305350 op, 246253867.00 ns, 806.4643 ns/op
WorkloadPilot    8: 309995 op, 251393184.00 ns, 810.9588 ns/op

WorkloadWarmup   1: 309995 op, 249834863.00 ns, 805.9319 ns/op
WorkloadWarmup   2: 309995 op, 250773920.00 ns, 808.9612 ns/op
WorkloadWarmup   3: 309995 op, 251049532.00 ns, 809.8503 ns/op
WorkloadWarmup   4: 309995 op, 249830946.00 ns, 805.9193 ns/op
WorkloadWarmup   5: 309995 op, 249903501.00 ns, 806.1533 ns/op

// BeforeActualRun
WorkloadActual   1: 309995 op, 250283950.00 ns, 807.3806 ns/op
WorkloadActual   2: 309995 op, 250572199.00 ns, 808.3105 ns/op
WorkloadActual   3: 309995 op, 255149292.00 ns, 823.0755 ns/op
WorkloadActual   4: 309995 op, 250910334.00 ns, 809.4012 ns/op
WorkloadActual   5: 309995 op, 251625532.00 ns, 811.7084 ns/op
WorkloadActual   6: 309995 op, 251279746.00 ns, 810.5929 ns/op
WorkloadActual   7: 309995 op, 250621835.00 ns, 808.4706 ns/op
WorkloadActual   8: 309995 op, 250941911.00 ns, 809.5031 ns/op

// AfterActualRun
WorkloadResult   1: 309995 op, 250283950.00 ns, 807.3806 ns/op
WorkloadResult   2: 309995 op, 250572199.00 ns, 808.3105 ns/op
WorkloadResult   3: 309995 op, 250910334.00 ns, 809.4012 ns/op
WorkloadResult   4: 309995 op, 251625532.00 ns, 811.7084 ns/op
WorkloadResult   5: 309995 op, 251279746.00 ns, 810.5929 ns/op
WorkloadResult   6: 309995 op, 250621835.00 ns, 808.4706 ns/op
WorkloadResult   7: 309995 op, 250941911.00 ns, 809.5031 ns/op
// GC:  6 0 0 580310640 309995
// Threading:  0 0 309995

// AfterAll
// Benchmark Process 3699 has exited with code 0.

Mean = 809.338 ns, StdErr = 0.553 ns (0.07%), N = 7, StdDev = 1.464 ns
Min = 807.381 ns, Q1 = 808.391 ns, Median = 809.401 ns, Q3 = 810.048 ns, Max = 811.708 ns
IQR = 1.657 ns, LowerFence = 805.904 ns, UpperFence = 812.534 ns
ConfidenceInterval = [806.040 ns; 812.636 ns] (CI 99.9%), Margin = 3.298 ns (0.41% of Mean)
Skewness = 0.28, Kurtosis = 1.57, MValue = 2

// ** Remained 15 (39.5 %) benchmark(s) to run. Estimated finish 2026-08-06 10:33 (0h 1m from now) **
// **************************
// Benchmark: SerializeCollection.ServiceStackText: Quick(MaxRelativeError=0.05, Arguments=/p:MatrixMode=Benchmark, IterationTime=250ms, MaxIterationCount=12, MaxWarmupIterationCount=5, MinIterationCount=8, MinWarmupIterationCount=3)
// *** Execute ***
// Launch: 1 / 1
// Execute: dotnet Matrix.JsonSerialization-Quick-1.dll --anonymousPipes 186 187 --benchmarkName Matrix.JsonSerialization.Benchmarks.SerializeCollection.ServiceStackText --job Quick --benchmarkId 23 in /home/runner/work/dotnet-matrix/dotnet-matrix/src/Matrix.JsonSerialization/bin/Benchmark/Release/net10.0/Matrix.JsonSerialization-Quick-1/bin/Release/net10.0
// Failed to set up high priority (Permission denied). In order to run benchmarks with high priority, make sure you have the right permissions.
// BeforeAnythingElse

// Benchmark Process Environment Information:
// BenchmarkDotNet v0.15.8
// Runtime=.NET 10.0.10 (10.0.10, 10.0.1026.32716), X64 RyuJIT x86-64-v4
// GC=Concurrent Workstation
// HardwareIntrinsics=AVX512 BITALG+VBMI2+VNNI+VPOPCNTDQ,AVX512 IFMA+VBMI,AVX512 F+BW+CD+DQ+VL,AVX2+BMI1+BMI2+F16C+FMA+LZCNT+MOVBE,AVX,SSE3+SSSE3+SSE4.1+SSE4.2+POPCNT,X86Base+SSE+SSE2,AES+PCLMUL VectorSize=256
// Job: Quick(MaxRelativeError=0.05, IterationTime=250ms, MaxIterationCount=12, MaxWarmupIterationCount=5, MinIterationCount=8, MinWarmupIterationCount=3)

OverheadJitting  1: 1 op, 220883.00 ns, 220.8830 us/op
WorkloadJitting  1: 1 op, 39798802.00 ns, 39.7988 ms/op

WorkloadPilot    1: 4 op, 111854.00 ns, 27.9635 us/op
WorkloadPilot    2: 8940 op, 49439113.00 ns, 5.5301 us/op
WorkloadPilot    3: 45207 op, 262984800.00 ns, 5.8173 us/op
WorkloadPilot    4: 42975 op, 37834636.00 ns, 880.3871 ns/op
WorkloadPilot    5: 283966 op, 252527544.00 ns, 889.2880 ns/op
WorkloadPilot    6: 281124 op, 235870812.00 ns, 839.0277 ns/op
WorkloadPilot    7: 297964 op, 248140422.00 ns, 832.7866 ns/op
WorkloadPilot    8: 300197 op, 249420559.00 ns, 830.8563 ns/op
WorkloadPilot    9: 300894 op, 250530682.00 ns, 832.6211 ns/op

WorkloadWarmup   1: 300894 op, 249879391.00 ns, 830.4565 ns/op
WorkloadWarmup   2: 300894 op, 251820597.00 ns, 836.9080 ns/op
WorkloadWarmup   3: 300894 op, 250237622.00 ns, 831.6471 ns/op
WorkloadWarmup   4: 300894 op, 252810277.00 ns, 840.1971 ns/op
WorkloadWarmup   5: 300894 op, 250349631.00 ns, 832.0194 ns/op

// BeforeActualRun
WorkloadActual   1: 300894 op, 249377671.00 ns, 828.7891 ns/op
WorkloadActual   2: 300894 op, 250779802.00 ns, 833.4490 ns/op
WorkloadActual   3: 300894 op, 249791343.00 ns, 830.1639 ns/op
WorkloadActual   4: 300894 op, 256478550.00 ns, 852.3884 ns/op
WorkloadActual   5: 300894 op, 249221653.00 ns, 828.2706 ns/op
WorkloadActual   6: 300894 op, 251060584.00 ns, 834.3822 ns/op
WorkloadActual   7: 300894 op, 249515719.00 ns, 829.2479 ns/op
WorkloadActual   8: 300894 op, 250215210.00 ns, 831.5726 ns/op

// AfterActualRun
WorkloadResult   1: 300894 op, 249377671.00 ns, 828.7891 ns/op
WorkloadResult   2: 300894 op, 250779802.00 ns, 833.4490 ns/op
WorkloadResult   3: 300894 op, 249791343.00 ns, 830.1639 ns/op
WorkloadResult   4: 300894 op, 249221653.00 ns, 828.2706 ns/op
WorkloadResult   5: 300894 op, 251060584.00 ns, 834.3822 ns/op
WorkloadResult   6: 300894 op, 249515719.00 ns, 829.2479 ns/op
WorkloadResult   7: 300894 op, 250215210.00 ns, 831.5726 ns/op
// GC:  3 0 0 300895760 300894
// Threading:  0 0 300894

// AfterAll
// Benchmark Process 3707 has exited with code 0.

Mean = 830.839 ns, StdErr = 0.896 ns (0.11%), N = 7, StdDev = 2.370 ns
Min = 828.271 ns, Q1 = 829.019 ns, Median = 830.164 ns, Q3 = 832.511 ns, Max = 834.382 ns
IQR = 3.492 ns, LowerFence = 823.780 ns, UpperFence = 837.749 ns
ConfidenceInterval = [825.502 ns; 836.176 ns] (CI 99.9%), Margin = 5.337 ns (0.64% of Mean)
Skewness = 0.35, Kurtosis = 1.23, MValue = 2

// ** Remained 14 (36.8 %) benchmark(s) to run. Estimated finish 2026-08-06 10:33 (0h 1m from now) **
// **************************
// Benchmark: SerializeCollection.SystemTextJson: Quick(MaxRelativeError=0.05, Arguments=/p:MatrixMode=Benchmark, IterationTime=250ms, MaxIterationCount=12, MaxWarmupIterationCount=5, MinIterationCount=8, MinWarmupIterationCount=3)
// *** Execute ***
// Launch: 1 / 1
// Execute: dotnet Matrix.JsonSerialization-Quick-1.dll --anonymousPipes 186 187 --benchmarkName Matrix.JsonSerialization.Benchmarks.SerializeCollection.SystemTextJson --job Quick --benchmarkId 24 in /home/runner/work/dotnet-matrix/dotnet-matrix/src/Matrix.JsonSerialization/bin/Benchmark/Release/net10.0/Matrix.JsonSerialization-Quick-1/bin/Release/net10.0
// Failed to set up high priority (Permission denied). In order to run benchmarks with high priority, make sure you have the right permissions.
// BeforeAnythingElse

// Benchmark Process Environment Information:
// BenchmarkDotNet v0.15.8
// Runtime=.NET 10.0.10 (10.0.10, 10.0.1026.32716), X64 RyuJIT x86-64-v4
// GC=Concurrent Workstation
// HardwareIntrinsics=AVX512 BITALG+VBMI2+VNNI+VPOPCNTDQ,AVX512 IFMA+VBMI,AVX512 F+BW+CD+DQ+VL,AVX2+BMI1+BMI2+F16C+FMA+LZCNT+MOVBE,AVX,SSE3+SSSE3+SSE4.1+SSE4.2+POPCNT,X86Base+SSE+SSE2,AES+PCLMUL VectorSize=256
// Job: Quick(MaxRelativeError=0.05, IterationTime=250ms, MaxIterationCount=12, MaxWarmupIterationCount=5, MinIterationCount=8, MinWarmupIterationCount=3)

OverheadJitting  1: 1 op, 249110.00 ns, 249.1100 us/op
WorkloadJitting  1: 1 op, 22774573.00 ns, 22.7746 ms/op

WorkloadPilot    1: 4 op, 119197.00 ns, 29.7993 us/op
WorkloadPilot    2: 8389 op, 11835983.00 ns, 1.4109 us/op
WorkloadPilot    3: 177193 op, 282070086.00 ns, 1.5919 us/op
WorkloadPilot    4: 157047 op, 293644224.00 ns, 1.8698 us/op
WorkloadPilot    5: 133705 op, 70123714.00 ns, 524.4659 ns/op
WorkloadPilot    6: 476675 op, 211751070.00 ns, 444.2252 ns/op
WorkloadPilot    7: 562778 op, 249002033.00 ns, 442.4516 ns/op
WorkloadPilot    8: 565034 op, 248981116.00 ns, 440.6480 ns/op
WorkloadPilot    9: 567346 op, 249547832.00 ns, 439.8512 ns/op
WorkloadPilot   10: 568374 op, 251456080.00 ns, 442.4131 ns/op

WorkloadWarmup   1: 568374 op, 254593461.00 ns, 447.9330 ns/op
WorkloadWarmup   2: 568374 op, 252287423.00 ns, 443.8757 ns/op
WorkloadWarmup   3: 568374 op, 252220289.00 ns, 443.7576 ns/op
WorkloadWarmup   4: 568374 op, 252221622.00 ns, 443.7600 ns/op
WorkloadWarmup   5: 568374 op, 250534604.00 ns, 440.7918 ns/op

// BeforeActualRun
WorkloadActual   1: 568374 op, 250603835.00 ns, 440.9136 ns/op
WorkloadActual   2: 568374 op, 251538647.00 ns, 442.5583 ns/op
WorkloadActual   3: 568374 op, 257643524.00 ns, 453.2993 ns/op
WorkloadActual   4: 568374 op, 250992000.00 ns, 441.5966 ns/op
WorkloadActual   5: 568374 op, 250717343.00 ns, 441.1133 ns/op
WorkloadActual   6: 568374 op, 250693620.00 ns, 441.0716 ns/op
WorkloadActual   7: 568374 op, 251251337.00 ns, 442.0528 ns/op
WorkloadActual   8: 568374 op, 251834202.00 ns, 443.0783 ns/op

// AfterActualRun
WorkloadResult   1: 568374 op, 250603835.00 ns, 440.9136 ns/op
WorkloadResult   2: 568374 op, 251538647.00 ns, 442.5583 ns/op
WorkloadResult   3: 568374 op, 250992000.00 ns, 441.5966 ns/op
WorkloadResult   4: 568374 op, 250717343.00 ns, 441.1133 ns/op
WorkloadResult   5: 568374 op, 250693620.00 ns, 441.0716 ns/op
WorkloadResult   6: 568374 op, 251251337.00 ns, 442.0528 ns/op
WorkloadResult   7: 568374 op, 251834202.00 ns, 443.0783 ns/op
// GC:  3 0 0 318289440 568374
// Threading:  0 0 568374

// AfterAll
// Benchmark Process 3717 has exited with code 0.

Mean = 441.769 ns, StdErr = 0.312 ns (0.07%), N = 7, StdDev = 0.826 ns
Min = 440.914 ns, Q1 = 441.092 ns, Median = 441.597 ns, Q3 = 442.306 ns, Max = 443.078 ns
IQR = 1.213 ns, LowerFence = 439.273 ns, UpperFence = 444.125 ns
ConfidenceInterval = [439.908 ns; 443.630 ns] (CI 99.9%), Margin = 1.861 ns (0.42% of Mean)
Skewness = 0.38, Kurtosis = 1.32, MValue = 2

// ** Remained 13 (34.2 %) benchmark(s) to run. Estimated finish 2026-08-06 10:33 (0h 1m from now) **
// ***** BenchmarkRunner: Finish  *****

// * Export *
  tmp/dotnet-matrix/JsonSerialization/6a20c96a9b2040c3afe6893cda53c8bf/results/Matrix.JsonSerialization.Benchmarks.SerializeCollection-report.csv
  tmp/dotnet-matrix/JsonSerialization/6a20c96a9b2040c3afe6893cda53c8bf/results/Matrix.JsonSerialization.Benchmarks.SerializeCollection-report-github.md
  tmp/dotnet-matrix/JsonSerialization/6a20c96a9b2040c3afe6893cda53c8bf/results/Matrix.JsonSerialization.Benchmarks.SerializeCollection-report.html
  tmp/dotnet-matrix/JsonSerialization/6a20c96a9b2040c3afe6893cda53c8bf/results/Matrix.JsonSerialization.Benchmarks.SerializeCollection-report-full.json

// * Detailed results *
SerializeCollection.SystemTextJson: Quick(MaxRelativeError=0.05, Arguments=/p:MatrixMode=Benchmark, IterationTime=250ms, MaxIterationCount=12, MaxWarmupIterationCount=5, MinIterationCount=8, MinWarmupIterationCount=3)
Runtime = .NET 10.0.10 (10.0.10, 10.0.1026.32716), X64 RyuJIT x86-64-v4; GC = Concurrent Workstation
Mean = 441.769 ns, StdErr = 0.312 ns (0.07%), N = 7, StdDev = 0.826 ns
Min = 440.914 ns, Q1 = 441.092 ns, Median = 441.597 ns, Q3 = 442.306 ns, Max = 443.078 ns
IQR = 1.213 ns, LowerFence = 439.273 ns, UpperFence = 444.125 ns
ConfidenceInterval = [439.908 ns; 443.630 ns] (CI 99.9%), Margin = 1.861 ns (0.42% of Mean)
Skewness = 0.38, Kurtosis = 1.32, MValue = 2
-------------------- Histogram --------------------
[440.347 ns ; 443.645 ns) | @@@@@@@
---------------------------------------------------

SerializeCollection.NewtonsoftJson: Quick(MaxRelativeError=0.05, Arguments=/p:MatrixMode=Benchmark, IterationTime=250ms, MaxIterationCount=12, MaxWarmupIterationCount=5, MinIterationCount=8, MinWarmupIterationCount=3)
Runtime = .NET 10.0.10 (10.0.10, 10.0.1026.32716), X64 RyuJIT x86-64-v4; GC = Concurrent Workstation
Mean = 809.338 ns, StdErr = 0.553 ns (0.07%), N = 7, StdDev = 1.464 ns
Min = 807.381 ns, Q1 = 808.391 ns, Median = 809.401 ns, Q3 = 810.048 ns, Max = 811.708 ns
IQR = 1.657 ns, LowerFence = 805.904 ns, UpperFence = 812.534 ns
ConfidenceInterval = [806.040 ns; 812.636 ns] (CI 99.9%), Margin = 3.298 ns (0.41% of Mean)
Skewness = 0.28, Kurtosis = 1.57, MValue = 2
-------------------- Histogram --------------------
[806.376 ns ; 812.713 ns) | @@@@@@@
---------------------------------------------------

SerializeCollection.ServiceStackText: Quick(MaxRelativeError=0.05, Arguments=/p:MatrixMode=Benchmark, IterationTime=250ms, MaxIterationCount=12, MaxWarmupIterationCount=5, MinIterationCount=8, MinWarmupIterationCount=3)
Runtime = .NET 10.0.10 (10.0.10, 10.0.1026.32716), X64 RyuJIT x86-64-v4; GC = Concurrent Workstation
Mean = 830.839 ns, StdErr = 0.896 ns (0.11%), N = 7, StdDev = 2.370 ns
Min = 828.271 ns, Q1 = 829.019 ns, Median = 830.164 ns, Q3 = 832.511 ns, Max = 834.382 ns
IQR = 3.492 ns, LowerFence = 823.780 ns, UpperFence = 837.749 ns
ConfidenceInterval = [825.502 ns; 836.176 ns] (CI 99.9%), Margin = 5.337 ns (0.64% of Mean)
Skewness = 0.35, Kurtosis = 1.23, MValue = 2
-------------------- Histogram --------------------
[826.645 ns ; 836.008 ns) | @@@@@@@
---------------------------------------------------

// * Summary *

BenchmarkDotNet v0.15.8, Linux Ubuntu 24.04.4 LTS (Noble Numbat)
INTEL XEON PLATINUM 8573C 3.06GHz, 1 CPU, 4 logical and 2 physical cores
.NET SDK 10.0.302
  [Host] : .NET 10.0.10 (10.0.10, 10.0.1026.32716), X64 RyuJIT x86-64-v4
  Quick  : .NET 10.0.10 (10.0.10, 10.0.1026.32716), X64 RyuJIT x86-64-v4

Job=Quick  MaxRelativeError=0.05  Arguments=/p:MatrixMode=Benchmark  
IterationTime=250ms  MaxIterationCount=12  MaxWarmupIterationCount=5  
MinIterationCount=8  MinWarmupIterationCount=3  

| Method           | Mean     | Error   | StdDev  | Gen0   | Allocated |
|----------------- |---------:|--------:|--------:|-------:|----------:|
| SystemTextJson   | 441.8 ns | 1.86 ns | 0.83 ns | 0.0053 |     560 B |
| NewtonsoftJson   | 809.3 ns | 3.30 ns | 1.46 ns | 0.0194 |    1872 B |
| ServiceStackText | 830.8 ns | 5.34 ns | 2.37 ns | 0.0100 |    1000 B |

// * Hints *
Outliers
  SerializeCollection.SystemTextJson: Quick   -> 1 outlier  was  removed (453.30 ns)
  SerializeCollection.NewtonsoftJson: Quick   -> 1 outlier  was  removed (823.08 ns)
  SerializeCollection.ServiceStackText: Quick -> 1 outlier  was  removed (852.39 ns)

// * Legends *
  Mean      : Arithmetic mean of all measurements
  Error     : Half of 99.9% confidence interval
  StdDev    : Standard deviation of all measurements
  Gen0      : GC Generation 0 collects per 1000 operations
  Allocated : Allocated memory per single operation (managed only, inclusive, 1KB = 1024B)
  1 ns      : 1 Nanosecond (0.000000001 sec)

// * Diagnostic Output - MemoryDiagnoser *


// ***** BenchmarkRunner: End *****
Run time: 00:00:16 (16.3 sec), executed benchmarks: 3

// Found 3 benchmarks:
//   SerializeDictionary.NewtonsoftJson: Quick(MaxRelativeError=0.05, Arguments=/p:MatrixMode=Benchmark, IterationTime=250ms, MaxIterationCount=12, MaxWarmupIterationCount=5, MinIterationCount=8, MinWarmupIterationCount=3)
//   SerializeDictionary.ServiceStackText: Quick(MaxRelativeError=0.05, Arguments=/p:MatrixMode=Benchmark, IterationTime=250ms, MaxIterationCount=12, MaxWarmupIterationCount=5, MinIterationCount=8, MinWarmupIterationCount=3)
//   SerializeDictionary.SystemTextJson: Quick(MaxRelativeError=0.05, Arguments=/p:MatrixMode=Benchmark, IterationTime=250ms, MaxIterationCount=12, MaxWarmupIterationCount=5, MinIterationCount=8, MinWarmupIterationCount=3)

// **************************
// Benchmark: SerializeDictionary.NewtonsoftJson: Quick(MaxRelativeError=0.05, Arguments=/p:MatrixMode=Benchmark, IterationTime=250ms, MaxIterationCount=12, MaxWarmupIterationCount=5, MinIterationCount=8, MinWarmupIterationCount=3)
// *** Execute ***
// Launch: 1 / 1
// Execute: dotnet Matrix.JsonSerialization-Quick-1.dll --anonymousPipes 186 187 --benchmarkName Matrix.JsonSerialization.Benchmarks.SerializeDictionary.NewtonsoftJson --job Quick --benchmarkId 25 in /home/runner/work/dotnet-matrix/dotnet-matrix/src/Matrix.JsonSerialization/bin/Benchmark/Release/net10.0/Matrix.JsonSerialization-Quick-1/bin/Release/net10.0
// Failed to set up high priority (Permission denied). In order to run benchmarks with high priority, make sure you have the right permissions.
// BeforeAnythingElse

// Benchmark Process Environment Information:
// BenchmarkDotNet v0.15.8
// Runtime=.NET 10.0.10 (10.0.10, 10.0.1026.32716), X64 RyuJIT x86-64-v4
// GC=Concurrent Workstation
// HardwareIntrinsics=AVX512 BITALG+VBMI2+VNNI+VPOPCNTDQ,AVX512 IFMA+VBMI,AVX512 F+BW+CD+DQ+VL,AVX2+BMI1+BMI2+F16C+FMA+LZCNT+MOVBE,AVX,SSE3+SSSE3+SSE4.1+SSE4.2+POPCNT,X86Base+SSE+SSE2,AES+PCLMUL VectorSize=256
// Job: Quick(MaxRelativeError=0.05, IterationTime=250ms, MaxIterationCount=12, MaxWarmupIterationCount=5, MinIterationCount=8, MinWarmupIterationCount=3)

OverheadJitting  1: 1 op, 223196.00 ns, 223.1960 us/op
WorkloadJitting  1: 1 op, 36781144.00 ns, 36.7811 ms/op

WorkloadPilot    1: 4 op, 88364.00 ns, 22.0910 us/op
WorkloadPilot    2: 11317 op, 33226843.00 ns, 2.9360 us/op
WorkloadPilot    3: 85150 op, 277966139.00 ns, 3.2644 us/op
WorkloadPilot    4: 76583 op, 48146121.00 ns, 628.6790 ns/op
WorkloadPilot    5: 397659 op, 150806348.00 ns, 379.2353 ns/op
WorkloadPilot    6: 659221 op, 249902654.00 ns, 379.0878 ns/op
WorkloadPilot    7: 659478 op, 254239908.00 ns, 385.5169 ns/op
WorkloadPilot    8: 648480 op, 243308193.00 ns, 375.1977 ns/op
WorkloadPilot    9: 666315 op, 250081234.00 ns, 375.3198 ns/op

WorkloadWarmup   1: 666315 op, 252824947.00 ns, 379.4376 ns/op
WorkloadWarmup   2: 666315 op, 253876457.00 ns, 381.0157 ns/op
WorkloadWarmup   3: 666315 op, 252741105.00 ns, 379.3117 ns/op
WorkloadWarmup   4: 666315 op, 250864680.00 ns, 376.4956 ns/op
WorkloadWarmup   5: 666315 op, 250844529.00 ns, 376.4654 ns/op

// BeforeActualRun
WorkloadActual   1: 666315 op, 247931051.00 ns, 372.0929 ns/op
WorkloadActual   2: 666315 op, 250235117.00 ns, 375.5508 ns/op
WorkloadActual   3: 666315 op, 250643440.00 ns, 376.1636 ns/op
WorkloadActual   4: 666315 op, 250900955.00 ns, 376.5501 ns/op
WorkloadActual   5: 666315 op, 251632807.00 ns, 377.6484 ns/op
WorkloadActual   6: 666315 op, 247300114.00 ns, 371.1460 ns/op
WorkloadActual   7: 666315 op, 247354025.00 ns, 371.2269 ns/op
WorkloadActual   8: 666315 op, 251675497.00 ns, 377.7125 ns/op

// AfterActualRun
WorkloadResult   1: 666315 op, 247931051.00 ns, 372.0929 ns/op
WorkloadResult   2: 666315 op, 250235117.00 ns, 375.5508 ns/op
WorkloadResult   3: 666315 op, 250643440.00 ns, 376.1636 ns/op
WorkloadResult   4: 666315 op, 250900955.00 ns, 376.5501 ns/op
WorkloadResult   5: 666315 op, 251632807.00 ns, 377.6484 ns/op
WorkloadResult   6: 666315 op, 247300114.00 ns, 371.1460 ns/op
WorkloadResult   7: 666315 op, 247354025.00 ns, 371.2269 ns/op
WorkloadResult   8: 666315 op, 251675497.00 ns, 377.7125 ns/op
// GC:  12 0 0 1007468280 666315
// Threading:  0 0 666315

// AfterAll
// Benchmark Process 3727 has exited with code 0.

Mean = 374.761 ns, StdErr = 0.996 ns (0.27%), N = 8, StdDev = 2.816 ns
Min = 371.146 ns, Q1 = 371.876 ns, Median = 375.857 ns, Q3 = 376.825 ns, Max = 377.712 ns
IQR = 4.948 ns, LowerFence = 364.454 ns, UpperFence = 384.247 ns
ConfidenceInterval = [369.377 ns; 380.146 ns] (CI 99.9%), Margin = 5.385 ns (1.44% of Mean)
Skewness = -0.29, Kurtosis = 1.07, MValue = 2

// ** Remained 12 (31.6 %) benchmark(s) to run. Estimated finish 2026-08-06 10:33 (0h 1m from now) **
// **************************
// Benchmark: SerializeDictionary.ServiceStackText: Quick(MaxRelativeError=0.05, Arguments=/p:MatrixMode=Benchmark, IterationTime=250ms, MaxIterationCount=12, MaxWarmupIterationCount=5, MinIterationCount=8, MinWarmupIterationCount=3)
// *** Execute ***
// Launch: 1 / 1
// Execute: dotnet Matrix.JsonSerialization-Quick-1.dll --anonymousPipes 186 187 --benchmarkName Matrix.JsonSerialization.Benchmarks.SerializeDictionary.ServiceStackText --job Quick --benchmarkId 26 in /home/runner/work/dotnet-matrix/dotnet-matrix/src/Matrix.JsonSerialization/bin/Benchmark/Release/net10.0/Matrix.JsonSerialization-Quick-1/bin/Release/net10.0
// Failed to set up high priority (Permission denied). In order to run benchmarks with high priority, make sure you have the right permissions.
// BeforeAnythingElse

// Benchmark Process Environment Information:
// BenchmarkDotNet v0.15.8
// Runtime=.NET 10.0.10 (10.0.10, 10.0.1026.32716), X64 RyuJIT x86-64-v4
// GC=Concurrent Workstation
// HardwareIntrinsics=AVX512 BITALG+VBMI2+VNNI+VPOPCNTDQ,AVX512 IFMA+VBMI,AVX512 F+BW+CD+DQ+VL,AVX2+BMI1+BMI2+F16C+FMA+LZCNT+MOVBE,AVX,SSE3+SSSE3+SSE4.1+SSE4.2+POPCNT,X86Base+SSE+SSE2,AES+PCLMUL VectorSize=256
// Job: Quick(MaxRelativeError=0.05, IterationTime=250ms, MaxIterationCount=12, MaxWarmupIterationCount=5, MinIterationCount=8, MinWarmupIterationCount=3)

OverheadJitting  1: 1 op, 220528.00 ns, 220.5280 us/op
WorkloadJitting  1: 1 op, 31213019.00 ns, 31.2130 ms/op

WorkloadPilot    1: 4 op, 69329.00 ns, 17.3323 us/op
WorkloadPilot    2: 14424 op, 22833025.00 ns, 1.5830 us/op
WorkloadPilot    3: 157929 op, 278839248.00 ns, 1.7656 us/op
WorkloadPilot    4: 141595 op, 109653152.00 ns, 774.4140 ns/op
WorkloadPilot    5: 322825 op, 78333591.00 ns, 242.6503 ns/op
WorkloadPilot    6: 1030289 op, 197485212.00 ns, 191.6794 ns/op
WorkloadPilot    7: 1304261 op, 248072293.00 ns, 190.2014 ns/op
WorkloadPilot    8: 1314396 op, 249354106.00 ns, 189.7100 ns/op
WorkloadPilot    9: 1317801 op, 250225513.00 ns, 189.8811 ns/op
WorkloadPilot   10: 1316613 op, 250046316.00 ns, 189.9163 ns/op

WorkloadWarmup   1: 1316613 op, 249791203.00 ns, 189.7226 ns/op
WorkloadWarmup   2: 1316613 op, 251105287.00 ns, 190.7206 ns/op
WorkloadWarmup   3: 1316613 op, 249993394.00 ns, 189.8761 ns/op
WorkloadWarmup   4: 1316613 op, 250593010.00 ns, 190.3316 ns/op
WorkloadWarmup   5: 1316613 op, 250792081.00 ns, 190.4828 ns/op

// BeforeActualRun
WorkloadActual   1: 1316613 op, 250779069.00 ns, 190.4729 ns/op
WorkloadActual   2: 1316613 op, 251518373.00 ns, 191.0344 ns/op
WorkloadActual   3: 1316613 op, 251353162.00 ns, 190.9089 ns/op
WorkloadActual   4: 1316613 op, 251513626.00 ns, 191.0308 ns/op
WorkloadActual   5: 1316613 op, 249701552.00 ns, 189.6545 ns/op
WorkloadActual   6: 1316613 op, 250985296.00 ns, 190.6295 ns/op
WorkloadActual   7: 1316613 op, 250186882.00 ns, 190.0231 ns/op
WorkloadActual   8: 1316613 op, 250434186.00 ns, 190.2109 ns/op

// AfterActualRun
WorkloadResult   1: 1316613 op, 250779069.00 ns, 190.4729 ns/op
WorkloadResult   2: 1316613 op, 251518373.00 ns, 191.0344 ns/op
WorkloadResult   3: 1316613 op, 251353162.00 ns, 190.9089 ns/op
WorkloadResult   4: 1316613 op, 251513626.00 ns, 191.0308 ns/op
WorkloadResult   5: 1316613 op, 249701552.00 ns, 189.6545 ns/op
WorkloadResult   6: 1316613 op, 250985296.00 ns, 190.6295 ns/op
WorkloadResult   7: 1316613 op, 250186882.00 ns, 190.0231 ns/op
WorkloadResult   8: 1316613 op, 250434186.00 ns, 190.2109 ns/op
// GC:  4 0 0 379184544 1316613
// Threading:  0 0 1316613

// AfterAll
// Benchmark Process 3737 has exited with code 0.

Mean = 190.496 ns, StdErr = 0.178 ns (0.09%), N = 8, StdDev = 0.504 ns
Min = 189.654 ns, Q1 = 190.164 ns, Median = 190.551 ns, Q3 = 190.939 ns, Max = 191.034 ns
IQR = 0.775 ns, LowerFence = 189.001 ns, UpperFence = 192.103 ns
ConfidenceInterval = [189.532 ns; 191.459 ns] (CI 99.9%), Margin = 0.964 ns (0.51% of Mean)
Skewness = -0.33, Kurtosis = 1.46, MValue = 2

// ** Remained 11 (28.9 %) benchmark(s) to run. Estimated finish 2026-08-06 10:33 (0h 1m from now) **
// **************************
// Benchmark: SerializeDictionary.SystemTextJson: Quick(MaxRelativeError=0.05, Arguments=/p:MatrixMode=Benchmark, IterationTime=250ms, MaxIterationCount=12, MaxWarmupIterationCount=5, MinIterationCount=8, MinWarmupIterationCount=3)
// *** Execute ***
// Launch: 1 / 1
// Execute: dotnet Matrix.JsonSerialization-Quick-1.dll --anonymousPipes 186 187 --benchmarkName Matrix.JsonSerialization.Benchmarks.SerializeDictionary.SystemTextJson --job Quick --benchmarkId 27 in /home/runner/work/dotnet-matrix/dotnet-matrix/src/Matrix.JsonSerialization/bin/Benchmark/Release/net10.0/Matrix.JsonSerialization-Quick-1/bin/Release/net10.0
// Failed to set up high priority (Permission denied). In order to run benchmarks with high priority, make sure you have the right permissions.
// BeforeAnythingElse

// Benchmark Process Environment Information:
// BenchmarkDotNet v0.15.8
// Runtime=.NET 10.0.10 (10.0.10, 10.0.1026.32716), X64 RyuJIT x86-64-v4
// GC=Concurrent Workstation
// HardwareIntrinsics=AVX512 BITALG+VBMI2+VNNI+VPOPCNTDQ,AVX512 IFMA+VBMI,AVX512 F+BW+CD+DQ+VL,AVX2+BMI1+BMI2+F16C+FMA+LZCNT+MOVBE,AVX,SSE3+SSSE3+SSE4.1+SSE4.2+POPCNT,X86Base+SSE+SSE2,AES+PCLMUL VectorSize=256
// Job: Quick(MaxRelativeError=0.05, IterationTime=250ms, MaxIterationCount=12, MaxWarmupIterationCount=5, MinIterationCount=8, MinWarmupIterationCount=3)

OverheadJitting  1: 1 op, 251608.00 ns, 251.6080 us/op
WorkloadJitting  1: 1 op, 20945965.00 ns, 20.9460 ms/op

WorkloadPilot    1: 4 op, 110580.00 ns, 27.6450 us/op
WorkloadPilot    2: 9043 op, 6228700.00 ns, 688.7869 ns/op
WorkloadPilot    3: 362957 op, 278553427.00 ns, 767.4557 ns/op
WorkloadPilot    4: 325752 op, 228086088.00 ns, 700.1832 ns/op
WorkloadPilot    5: 357049 op, 109895091.00 ns, 307.7871 ns/op
WorkloadPilot    6: 812250 op, 136113909.00 ns, 167.5764 ns/op
WorkloadPilot    7: 1491857 op, 221278463.00 ns, 148.3242 ns/op
WorkloadPilot    8: 1685497 op, 243762114.00 ns, 144.6233 ns/op
WorkloadPilot    9: 1728629 op, 250430592.00 ns, 144.8724 ns/op
WorkloadPilot   10: 1725657 op, 249087423.00 ns, 144.3435 ns/op
WorkloadPilot   11: 1731979 op, 249479131.00 ns, 144.0428 ns/op
WorkloadPilot   12: 1735595 op, 251233338.00 ns, 144.7534 ns/op

WorkloadWarmup   1: 1735595 op, 251025378.00 ns, 144.6336 ns/op
WorkloadWarmup   2: 1735595 op, 250877280.00 ns, 144.5483 ns/op
WorkloadWarmup   3: 1735595 op, 250688575.00 ns, 144.4396 ns/op
WorkloadWarmup   4: 1735595 op, 250260129.00 ns, 144.1927 ns/op
WorkloadWarmup   5: 1735595 op, 250368016.00 ns, 144.2549 ns/op

// BeforeActualRun
WorkloadActual   1: 1735595 op, 250737203.00 ns, 144.4676 ns/op
WorkloadActual   2: 1735595 op, 253554663.00 ns, 146.0909 ns/op
WorkloadActual   3: 1735595 op, 251802184.00 ns, 145.0812 ns/op
WorkloadActual   4: 1735595 op, 250992061.00 ns, 144.6144 ns/op
WorkloadActual   5: 1735595 op, 251014333.00 ns, 144.6273 ns/op
WorkloadActual   6: 1735595 op, 250211599.00 ns, 144.1647 ns/op
WorkloadActual   7: 1735595 op, 250162014.00 ns, 144.1362 ns/op
WorkloadActual   8: 1735595 op, 251494802.00 ns, 144.9041 ns/op

// AfterActualRun
WorkloadResult   1: 1735595 op, 250737203.00 ns, 144.4676 ns/op
WorkloadResult   2: 1735595 op, 251802184.00 ns, 145.0812 ns/op
WorkloadResult   3: 1735595 op, 250992061.00 ns, 144.6144 ns/op
WorkloadResult   4: 1735595 op, 251014333.00 ns, 144.6273 ns/op
WorkloadResult   5: 1735595 op, 250211599.00 ns, 144.1647 ns/op
WorkloadResult   6: 1735595 op, 250162014.00 ns, 144.1362 ns/op
WorkloadResult   7: 1735595 op, 251494802.00 ns, 144.9041 ns/op
// GC:  1 0 0 152732360 1735595
// Threading:  0 0 1735595

// AfterAll
// Benchmark Process 3749 has exited with code 0.

Mean = 144.571 ns, StdErr = 0.133 ns (0.09%), N = 7, StdDev = 0.351 ns
Min = 144.136 ns, Q1 = 144.316 ns, Median = 144.614 ns, Q3 = 144.766 ns, Max = 145.081 ns
IQR = 0.450 ns, LowerFence = 143.642 ns, UpperFence = 145.440 ns
ConfidenceInterval = [143.779 ns; 145.362 ns] (CI 99.9%), Margin = 0.792 ns (0.55% of Mean)
Skewness = 0.07, Kurtosis = 1.34, MValue = 2

// ** Remained 10 (26.3 %) benchmark(s) to run. Estimated finish 2026-08-06 10:33 (0h 0m from now) **
// ***** BenchmarkRunner: Finish  *****

// * Export *
  tmp/dotnet-matrix/JsonSerialization/6a20c96a9b2040c3afe6893cda53c8bf/results/Matrix.JsonSerialization.Benchmarks.SerializeDictionary-report.csv
  tmp/dotnet-matrix/JsonSerialization/6a20c96a9b2040c3afe6893cda53c8bf/results/Matrix.JsonSerialization.Benchmarks.SerializeDictionary-report-github.md
  tmp/dotnet-matrix/JsonSerialization/6a20c96a9b2040c3afe6893cda53c8bf/results/Matrix.JsonSerialization.Benchmarks.SerializeDictionary-report.html
  tmp/dotnet-matrix/JsonSerialization/6a20c96a9b2040c3afe6893cda53c8bf/results/Matrix.JsonSerialization.Benchmarks.SerializeDictionary-report-full.json

// * Detailed results *
SerializeDictionary.SystemTextJson: Quick(MaxRelativeError=0.05, Arguments=/p:MatrixMode=Benchmark, IterationTime=250ms, MaxIterationCount=12, MaxWarmupIterationCount=5, MinIterationCount=8, MinWarmupIterationCount=3)
Runtime = .NET 10.0.10 (10.0.10, 10.0.1026.32716), X64 RyuJIT x86-64-v4; GC = Concurrent Workstation
Mean = 144.571 ns, StdErr = 0.133 ns (0.09%), N = 7, StdDev = 0.351 ns
Min = 144.136 ns, Q1 = 144.316 ns, Median = 144.614 ns, Q3 = 144.766 ns, Max = 145.081 ns
IQR = 0.450 ns, LowerFence = 143.642 ns, UpperFence = 145.440 ns
ConfidenceInterval = [143.779 ns; 145.362 ns] (CI 99.9%), Margin = 0.792 ns (0.55% of Mean)
Skewness = 0.07, Kurtosis = 1.34, MValue = 2
-------------------- Histogram --------------------
[143.895 ns ; 145.322 ns) | @@@@@@@
---------------------------------------------------

SerializeDictionary.ServiceStackText: Quick(MaxRelativeError=0.05, Arguments=/p:MatrixMode=Benchmark, IterationTime=250ms, MaxIterationCount=12, MaxWarmupIterationCount=5, MinIterationCount=8, MinWarmupIterationCount=3)
Runtime = .NET 10.0.10 (10.0.10, 10.0.1026.32716), X64 RyuJIT x86-64-v4; GC = Concurrent Workstation
Mean = 190.496 ns, StdErr = 0.178 ns (0.09%), N = 8, StdDev = 0.504 ns
Min = 189.654 ns, Q1 = 190.164 ns, Median = 190.551 ns, Q3 = 190.939 ns, Max = 191.034 ns
IQR = 0.775 ns, LowerFence = 189.001 ns, UpperFence = 192.103 ns
ConfidenceInterval = [189.532 ns; 191.459 ns] (CI 99.9%), Margin = 0.964 ns (0.51% of Mean)
Skewness = -0.33, Kurtosis = 1.46, MValue = 2
-------------------- Histogram --------------------
[189.324 ns ; 191.365 ns) | @@@@@@@@
---------------------------------------------------

SerializeDictionary.NewtonsoftJson: Quick(MaxRelativeError=0.05, Arguments=/p:MatrixMode=Benchmark, IterationTime=250ms, MaxIterationCount=12, MaxWarmupIterationCount=5, MinIterationCount=8, MinWarmupIterationCount=3)
Runtime = .NET 10.0.10 (10.0.10, 10.0.1026.32716), X64 RyuJIT x86-64-v4; GC = Concurrent Workstation
Mean = 374.761 ns, StdErr = 0.996 ns (0.27%), N = 8, StdDev = 2.816 ns
Min = 371.146 ns, Q1 = 371.876 ns, Median = 375.857 ns, Q3 = 376.825 ns, Max = 377.712 ns
IQR = 4.948 ns, LowerFence = 364.454 ns, UpperFence = 384.247 ns
ConfidenceInterval = [369.377 ns; 380.146 ns] (CI 99.9%), Margin = 5.385 ns (1.44% of Mean)
Skewness = -0.29, Kurtosis = 1.07, MValue = 2
-------------------- Histogram --------------------
[369.298 ns ; 379.561 ns) | @@@@@@@@
---------------------------------------------------

// * Summary *

BenchmarkDotNet v0.15.8, Linux Ubuntu 24.04.4 LTS (Noble Numbat)
INTEL XEON PLATINUM 8573C 3.06GHz, 1 CPU, 4 logical and 2 physical cores
.NET SDK 10.0.302
  [Host] : .NET 10.0.10 (10.0.10, 10.0.1026.32716), X64 RyuJIT x86-64-v4
  Quick  : .NET 10.0.10 (10.0.10, 10.0.1026.32716), X64 RyuJIT x86-64-v4

Job=Quick  MaxRelativeError=0.05  Arguments=/p:MatrixMode=Benchmark  
IterationTime=250ms  MaxIterationCount=12  MaxWarmupIterationCount=5  
MinIterationCount=8  MinWarmupIterationCount=3  

| Method           | Mean     | Error   | StdDev  | Gen0   | Allocated |
|----------------- |---------:|--------:|--------:|-------:|----------:|
| SystemTextJson   | 144.6 ns | 0.79 ns | 0.35 ns | 0.0006 |      88 B |
| ServiceStackText | 190.5 ns | 0.96 ns | 0.50 ns | 0.0030 |     288 B |
| NewtonsoftJson   | 374.8 ns | 5.38 ns | 2.82 ns | 0.0180 |    1512 B |

// * Hints *
Outliers
  SerializeDictionary.SystemTextJson: Quick -> 1 outlier  was  removed (146.09 ns)

// * Legends *
  Mean      : Arithmetic mean of all measurements
  Error     : Half of 99.9% confidence interval
  StdDev    : Standard deviation of all measurements
  Gen0      : GC Generation 0 collects per 1000 operations
  Allocated : Allocated memory per single operation (managed only, inclusive, 1KB = 1024B)
  1 ns      : 1 Nanosecond (0.000000001 sec)

// * Diagnostic Output - MemoryDiagnoser *


// ***** BenchmarkRunner: End *****
Run time: 00:00:16 (16.74 sec), executed benchmarks: 3

// Found 3 benchmarks:
//   SerializeNestedObject.NewtonsoftJson: Quick(MaxRelativeError=0.05, Arguments=/p:MatrixMode=Benchmark, IterationTime=250ms, MaxIterationCount=12, MaxWarmupIterationCount=5, MinIterationCount=8, MinWarmupIterationCount=3)
//   SerializeNestedObject.ServiceStackText: Quick(MaxRelativeError=0.05, Arguments=/p:MatrixMode=Benchmark, IterationTime=250ms, MaxIterationCount=12, MaxWarmupIterationCount=5, MinIterationCount=8, MinWarmupIterationCount=3)
//   SerializeNestedObject.SystemTextJson: Quick(MaxRelativeError=0.05, Arguments=/p:MatrixMode=Benchmark, IterationTime=250ms, MaxIterationCount=12, MaxWarmupIterationCount=5, MinIterationCount=8, MinWarmupIterationCount=3)

// **************************
// Benchmark: SerializeNestedObject.NewtonsoftJson: Quick(MaxRelativeError=0.05, Arguments=/p:MatrixMode=Benchmark, IterationTime=250ms, MaxIterationCount=12, MaxWarmupIterationCount=5, MinIterationCount=8, MinWarmupIterationCount=3)
// *** Execute ***
// Launch: 1 / 1
// Execute: dotnet Matrix.JsonSerialization-Quick-1.dll --anonymousPipes 186 187 --benchmarkName Matrix.JsonSerialization.Benchmarks.SerializeNestedObject.NewtonsoftJson --job Quick --benchmarkId 28 in /home/runner/work/dotnet-matrix/dotnet-matrix/src/Matrix.JsonSerialization/bin/Benchmark/Release/net10.0/Matrix.JsonSerialization-Quick-1/bin/Release/net10.0
// Failed to set up high priority (Permission denied). In order to run benchmarks with high priority, make sure you have the right permissions.
// BeforeAnythingElse

// Benchmark Process Environment Information:
// BenchmarkDotNet v0.15.8
// Runtime=.NET 10.0.10 (10.0.10, 10.0.1026.32716), X64 RyuJIT x86-64-v4
// GC=Concurrent Workstation
// HardwareIntrinsics=AVX512 BITALG+VBMI2+VNNI+VPOPCNTDQ,AVX512 IFMA+VBMI,AVX512 F+BW+CD+DQ+VL,AVX2+BMI1+BMI2+F16C+FMA+LZCNT+MOVBE,AVX,SSE3+SSSE3+SSE4.1+SSE4.2+POPCNT,X86Base+SSE+SSE2,AES+PCLMUL VectorSize=256
// Job: Quick(MaxRelativeError=0.05, IterationTime=250ms, MaxIterationCount=12, MaxWarmupIterationCount=5, MinIterationCount=8, MinWarmupIterationCount=3)

OverheadJitting  1: 1 op, 237497.00 ns, 237.4970 us/op
WorkloadJitting  1: 1 op, 50258986.00 ns, 50.2590 ms/op

WorkloadPilot    1: 4 op, 55876.00 ns, 13.9690 us/op
WorkloadPilot    2: 17897 op, 69178795.00 ns, 3.8654 us/op
WorkloadPilot    3: 64677 op, 262120150.00 ns, 4.0528 us/op
WorkloadPilot    4: 61686 op, 38257469.00 ns, 620.1969 ns/op
WorkloadPilot    5: 403098 op, 235956770.00 ns, 585.3583 ns/op
WorkloadPilot    6: 427089 op, 249905605.00 ns, 585.1371 ns/op
WorkloadPilot    7: 427250 op, 251303433.00 ns, 588.1883 ns/op
WorkloadPilot    8: 425034 op, 249558761.00 ns, 587.1501 ns/op
WorkloadPilot    9: 425785 op, 249420902.00 ns, 585.7907 ns/op
WorkloadPilot   10: 426774 op, 255070145.00 ns, 597.6703 ns/op

WorkloadWarmup   1: 426774 op, 251726456.00 ns, 589.8355 ns/op
WorkloadWarmup   2: 426774 op, 250589309.00 ns, 587.1710 ns/op
WorkloadWarmup   3: 426774 op, 252540525.00 ns, 591.7430 ns/op
WorkloadWarmup   4: 426774 op, 250129256.00 ns, 586.0930 ns/op
WorkloadWarmup   5: 426774 op, 251644330.00 ns, 589.6431 ns/op

// BeforeActualRun
WorkloadActual   1: 426774 op, 250999477.00 ns, 588.1321 ns/op
WorkloadActual   2: 426774 op, 251019350.00 ns, 588.1786 ns/op
WorkloadActual   3: 426774 op, 250531468.00 ns, 587.0355 ns/op
WorkloadActual   4: 426774 op, 251086083.00 ns, 588.3350 ns/op
WorkloadActual   5: 426774 op, 252030516.00 ns, 590.5480 ns/op
WorkloadActual   6: 426774 op, 249969646.00 ns, 585.7190 ns/op
WorkloadActual   7: 426774 op, 263964487.00 ns, 618.5112 ns/op
WorkloadActual   8: 426774 op, 250956987.00 ns, 588.0325 ns/op

// AfterActualRun
WorkloadResult   1: 426774 op, 250999477.00 ns, 588.1321 ns/op
WorkloadResult   2: 426774 op, 251019350.00 ns, 588.1786 ns/op
WorkloadResult   3: 426774 op, 250531468.00 ns, 587.0355 ns/op
WorkloadResult   4: 426774 op, 251086083.00 ns, 588.3350 ns/op
WorkloadResult   5: 426774 op, 249969646.00 ns, 585.7190 ns/op
WorkloadResult   6: 426774 op, 250956987.00 ns, 588.0325 ns/op
// GC:  8 0 0 710151936 426774
// Threading:  0 0 426774

// AfterAll
// Benchmark Process 3758 has exited with code 0.

Mean = 587.572 ns, StdErr = 0.416 ns (0.07%), N = 6, StdDev = 1.020 ns
Min = 585.719 ns, Q1 = 587.285 ns, Median = 588.082 ns, Q3 = 588.167 ns, Max = 588.335 ns
IQR = 0.882 ns, LowerFence = 585.961 ns, UpperFence = 589.490 ns
ConfidenceInterval = [584.713 ns; 590.431 ns] (CI 99.9%), Margin = 2.859 ns (0.49% of Mean)
Skewness = -0.88, Kurtosis = 1.93, MValue = 2

// ** Remained 9 (23.7 %) benchmark(s) to run. Estimated finish 2026-08-06 10:33 (0h 0m from now) **
// **************************
// Benchmark: SerializeNestedObject.ServiceStackText: Quick(MaxRelativeError=0.05, Arguments=/p:MatrixMode=Benchmark, IterationTime=250ms, MaxIterationCount=12, MaxWarmupIterationCount=5, MinIterationCount=8, MinWarmupIterationCount=3)
// *** Execute ***
// Launch: 1 / 1
// Execute: dotnet Matrix.JsonSerialization-Quick-1.dll --anonymousPipes 186 187 --benchmarkName Matrix.JsonSerialization.Benchmarks.SerializeNestedObject.ServiceStackText --job Quick --benchmarkId 29 in /home/runner/work/dotnet-matrix/dotnet-matrix/src/Matrix.JsonSerialization/bin/Benchmark/Release/net10.0/Matrix.JsonSerialization-Quick-1/bin/Release/net10.0
// Failed to set up high priority (Permission denied). In order to run benchmarks with high priority, make sure you have the right permissions.
// BeforeAnythingElse

// Benchmark Process Environment Information:
// BenchmarkDotNet v0.15.8
// Runtime=.NET 10.0.10 (10.0.10, 10.0.1026.32716), X64 RyuJIT x86-64-v4
// GC=Concurrent Workstation
// HardwareIntrinsics=AVX512 BITALG+VBMI2+VNNI+VPOPCNTDQ,AVX512 IFMA+VBMI,AVX512 F+BW+CD+DQ+VL,AVX2+BMI1+BMI2+F16C+FMA+LZCNT+MOVBE,AVX,SSE3+SSSE3+SSE4.1+SSE4.2+POPCNT,X86Base+SSE+SSE2,AES+PCLMUL VectorSize=256
// Job: Quick(MaxRelativeError=0.05, IterationTime=250ms, MaxIterationCount=12, MaxWarmupIterationCount=5, MinIterationCount=8, MinWarmupIterationCount=3)

OverheadJitting  1: 1 op, 222148.00 ns, 222.1480 us/op
WorkloadJitting  1: 1 op, 46828047.00 ns, 46.8280 ms/op

WorkloadPilot    1: 4 op, 55295.00 ns, 13.8238 us/op
WorkloadPilot    2: 18085 op, 73066470.00 ns, 4.0402 us/op
WorkloadPilot    3: 61879 op, 248185656.00 ns, 4.0108 us/op
WorkloadPilot    4: 62331 op, 33086141.00 ns, 530.8136 ns/op
WorkloadPilot    5: 470975 op, 262169942.00 ns, 556.6536 ns/op
WorkloadPilot    6: 449112 op, 237888910.00 ns, 529.6873 ns/op
WorkloadPilot    7: 471977 op, 248446393.00 ns, 526.3951 ns/op
WorkloadPilot    8: 474928 op, 249264288.00 ns, 524.8465 ns/op
WorkloadPilot    9: 476330 op, 250003798.00 ns, 524.8542 ns/op
WorkloadPilot   10: 476323 op, 250406965.00 ns, 525.7083 ns/op

WorkloadWarmup   1: 476323 op, 249865462.00 ns, 524.5715 ns/op
WorkloadWarmup   2: 476323 op, 250799488.00 ns, 526.5324 ns/op
WorkloadWarmup   3: 476323 op, 250563737.00 ns, 526.0375 ns/op
WorkloadWarmup   4: 476323 op, 250676120.00 ns, 526.2734 ns/op
WorkloadWarmup   5: 476323 op, 250413808.00 ns, 525.7227 ns/op

// BeforeActualRun
WorkloadActual   1: 476323 op, 250404796.00 ns, 525.7038 ns/op
WorkloadActual   2: 476323 op, 251264044.00 ns, 527.5077 ns/op
WorkloadActual   3: 476323 op, 255550149.00 ns, 536.5060 ns/op
WorkloadActual   4: 476323 op, 260147659.00 ns, 546.1581 ns/op
WorkloadActual   5: 476323 op, 249905339.00 ns, 524.6552 ns/op
WorkloadActual   6: 476323 op, 249982868.00 ns, 524.8180 ns/op
WorkloadActual   7: 476323 op, 251230093.00 ns, 527.4364 ns/op
WorkloadActual   8: 476323 op, 249950619.00 ns, 524.7503 ns/op

// AfterActualRun
WorkloadResult   1: 476323 op, 250404796.00 ns, 525.7038 ns/op
WorkloadResult   2: 476323 op, 251264044.00 ns, 527.5077 ns/op
WorkloadResult   3: 476323 op, 255550149.00 ns, 536.5060 ns/op
WorkloadResult   4: 476323 op, 249905339.00 ns, 524.6552 ns/op
WorkloadResult   5: 476323 op, 249982868.00 ns, 524.8180 ns/op
WorkloadResult   6: 476323 op, 251230093.00 ns, 527.4364 ns/op
WorkloadResult   7: 476323 op, 249950619.00 ns, 524.7503 ns/op
// GC:  4 0 0 377248896 476323
// Threading:  0 0 476323

// AfterAll
// Benchmark Process 3789 has exited with code 0.

Mean = 527.340 ns, StdErr = 1.596 ns (0.30%), N = 7, StdDev = 4.223 ns
Min = 524.655 ns, Q1 = 524.784 ns, Median = 525.704 ns, Q3 = 527.472 ns, Max = 536.506 ns
IQR = 2.688 ns, LowerFence = 520.752 ns, UpperFence = 531.504 ns
ConfidenceInterval = [517.828 ns; 536.851 ns] (CI 99.9%), Margin = 9.511 ns (1.80% of Mean)
Skewness = 1.35, Kurtosis = 3.24, MValue = 2

// ** Remained 8 (21.1 %) benchmark(s) to run. Estimated finish 2026-08-06 10:33 (0h 0m from now) **
// **************************
// Benchmark: SerializeNestedObject.SystemTextJson: Quick(MaxRelativeError=0.05, Arguments=/p:MatrixMode=Benchmark, IterationTime=250ms, MaxIterationCount=12, MaxWarmupIterationCount=5, MinIterationCount=8, MinWarmupIterationCount=3)
// *** Execute ***
// Launch: 1 / 1
// Execute: dotnet Matrix.JsonSerialization-Quick-1.dll --anonymousPipes 186 187 --benchmarkName Matrix.JsonSerialization.Benchmarks.SerializeNestedObject.SystemTextJson --job Quick --benchmarkId 30 in /home/runner/work/dotnet-matrix/dotnet-matrix/src/Matrix.JsonSerialization/bin/Benchmark/Release/net10.0/Matrix.JsonSerialization-Quick-1/bin/Release/net10.0
// Failed to set up high priority (Permission denied). In order to run benchmarks with high priority, make sure you have the right permissions.
// BeforeAnythingElse

// Benchmark Process Environment Information:
// BenchmarkDotNet v0.15.8
// Runtime=.NET 10.0.10 (10.0.10, 10.0.1026.32716), X64 RyuJIT x86-64-v4
// GC=Concurrent Workstation
// HardwareIntrinsics=AVX512 BITALG+VBMI2+VNNI+VPOPCNTDQ,AVX512 IFMA+VBMI,AVX512 F+BW+CD+DQ+VL,AVX2+BMI1+BMI2+F16C+FMA+LZCNT+MOVBE,AVX,SSE3+SSSE3+SSE4.1+SSE4.2+POPCNT,X86Base+SSE+SSE2,AES+PCLMUL VectorSize=256
// Job: Quick(MaxRelativeError=0.05, IterationTime=250ms, MaxIterationCount=12, MaxWarmupIterationCount=5, MinIterationCount=8, MinWarmupIterationCount=3)

OverheadJitting  1: 1 op, 232171.00 ns, 232.1710 us/op
WorkloadJitting  1: 1 op, 21036360.00 ns, 21.0364 ms/op

WorkloadPilot    1: 4 op, 123631.00 ns, 30.9078 us/op
WorkloadPilot    2: 8089 op, 8486134.00 ns, 1.0491 us/op
WorkloadPilot    3: 238301 op, 273654511.00 ns, 1.1484 us/op
WorkloadPilot    4: 217702 op, 296083745.00 ns, 1.3600 us/op
WorkloadPilot    5: 183818 op, 71260634.00 ns, 387.6695 ns/op
WorkloadPilot    6: 644879 op, 223524371.00 ns, 346.6144 ns/op
WorkloadPilot    7: 721263 op, 248674218.00 ns, 344.7761 ns/op
WorkloadPilot    8: 725108 op, 249101160.00 ns, 343.5366 ns/op
WorkloadPilot    9: 727724 op, 252138792.00 ns, 346.4759 ns/op

WorkloadWarmup   1: 727724 op, 250669966.00 ns, 344.4575 ns/op
WorkloadWarmup   2: 727724 op, 250058817.00 ns, 343.6177 ns/op
WorkloadWarmup   3: 727724 op, 250583102.00 ns, 344.3381 ns/op
WorkloadWarmup   4: 727724 op, 250528597.00 ns, 344.2632 ns/op
WorkloadWarmup   5: 727724 op, 252947174.00 ns, 347.5867 ns/op

// BeforeActualRun
WorkloadActual   1: 727724 op, 250898155.00 ns, 344.7710 ns/op
WorkloadActual   2: 727724 op, 251112134.00 ns, 345.0651 ns/op
WorkloadActual   3: 727724 op, 250195572.00 ns, 343.8056 ns/op
WorkloadActual   4: 727724 op, 250892915.00 ns, 344.7638 ns/op
WorkloadActual   5: 727724 op, 250142689.00 ns, 343.7329 ns/op
WorkloadActual   6: 727724 op, 249827130.00 ns, 343.2993 ns/op
WorkloadActual   7: 727724 op, 251548992.00 ns, 345.6654 ns/op
WorkloadActual   8: 727724 op, 249475953.00 ns, 342.8167 ns/op

// AfterActualRun
WorkloadResult   1: 727724 op, 250898155.00 ns, 344.7710 ns/op
WorkloadResult   2: 727724 op, 251112134.00 ns, 345.0651 ns/op
WorkloadResult   3: 727724 op, 250195572.00 ns, 343.8056 ns/op
WorkloadResult   4: 727724 op, 250892915.00 ns, 344.7638 ns/op
WorkloadResult   5: 727724 op, 250142689.00 ns, 343.7329 ns/op
WorkloadResult   6: 727724 op, 249827130.00 ns, 343.2993 ns/op
WorkloadResult   7: 727724 op, 251548992.00 ns, 345.6654 ns/op
WorkloadResult   8: 727724 op, 249475953.00 ns, 342.8167 ns/op
// GC:  4 0 0 366772896 727724
// Threading:  0 0 727724

// AfterAll
// Benchmark Process 3799 has exited with code 0.

Mean = 344.240 ns, StdErr = 0.344 ns (0.10%), N = 8, StdDev = 0.973 ns
Min = 342.817 ns, Q1 = 343.625 ns, Median = 344.285 ns, Q3 = 344.845 ns, Max = 345.665 ns
IQR = 1.220 ns, LowerFence = 341.794 ns, UpperFence = 346.675 ns
ConfidenceInterval = [342.380 ns; 346.100 ns] (CI 99.9%), Margin = 1.860 ns (0.54% of Mean)
Skewness = -0.02, Kurtosis = 1.36, MValue = 2

// ** Remained 7 (18.4 %) benchmark(s) to run. Estimated finish 2026-08-06 10:33 (0h 0m from now) **
// ***** BenchmarkRunner: Finish  *****

// * Export *
  tmp/dotnet-matrix/JsonSerialization/6a20c96a9b2040c3afe6893cda53c8bf/results/Matrix.JsonSerialization.Benchmarks.SerializeNestedObject-report.csv
  tmp/dotnet-matrix/JsonSerialization/6a20c96a9b2040c3afe6893cda53c8bf/results/Matrix.JsonSerialization.Benchmarks.SerializeNestedObject-report-github.md
  tmp/dotnet-matrix/JsonSerialization/6a20c96a9b2040c3afe6893cda53c8bf/results/Matrix.JsonSerialization.Benchmarks.SerializeNestedObject-report.html
  tmp/dotnet-matrix/JsonSerialization/6a20c96a9b2040c3afe6893cda53c8bf/results/Matrix.JsonSerialization.Benchmarks.SerializeNestedObject-report-full.json

// * Detailed results *
SerializeNestedObject.SystemTextJson: Quick(MaxRelativeError=0.05, Arguments=/p:MatrixMode=Benchmark, IterationTime=250ms, MaxIterationCount=12, MaxWarmupIterationCount=5, MinIterationCount=8, MinWarmupIterationCount=3)
Runtime = .NET 10.0.10 (10.0.10, 10.0.1026.32716), X64 RyuJIT x86-64-v4; GC = Concurrent Workstation
Mean = 344.240 ns, StdErr = 0.344 ns (0.10%), N = 8, StdDev = 0.973 ns
Min = 342.817 ns, Q1 = 343.625 ns, Median = 344.285 ns, Q3 = 344.845 ns, Max = 345.665 ns
IQR = 1.220 ns, LowerFence = 341.794 ns, UpperFence = 346.675 ns
ConfidenceInterval = [342.380 ns; 346.100 ns] (CI 99.9%), Margin = 1.860 ns (0.54% of Mean)
Skewness = -0.02, Kurtosis = 1.36, MValue = 2
-------------------- Histogram --------------------
[342.178 ns ; 346.304 ns) | @@@@@@@@
---------------------------------------------------

SerializeNestedObject.ServiceStackText: Quick(MaxRelativeError=0.05, Arguments=/p:MatrixMode=Benchmark, IterationTime=250ms, MaxIterationCount=12, MaxWarmupIterationCount=5, MinIterationCount=8, MinWarmupIterationCount=3)
Runtime = .NET 10.0.10 (10.0.10, 10.0.1026.32716), X64 RyuJIT x86-64-v4; GC = Concurrent Workstation
Mean = 527.340 ns, StdErr = 1.596 ns (0.30%), N = 7, StdDev = 4.223 ns
Min = 524.655 ns, Q1 = 524.784 ns, Median = 525.704 ns, Q3 = 527.472 ns, Max = 536.506 ns
IQR = 2.688 ns, LowerFence = 520.752 ns, UpperFence = 531.504 ns
ConfidenceInterval = [517.828 ns; 536.851 ns] (CI 99.9%), Margin = 9.511 ns (1.80% of Mean)
Skewness = 1.35, Kurtosis = 3.24, MValue = 2
-------------------- Histogram --------------------
[521.758 ns ; 539.404 ns) | @@@@@@@
---------------------------------------------------

SerializeNestedObject.NewtonsoftJson: Quick(MaxRelativeError=0.05, Arguments=/p:MatrixMode=Benchmark, IterationTime=250ms, MaxIterationCount=12, MaxWarmupIterationCount=5, MinIterationCount=8, MinWarmupIterationCount=3)
Runtime = .NET 10.0.10 (10.0.10, 10.0.1026.32716), X64 RyuJIT x86-64-v4; GC = Concurrent Workstation
Mean = 587.572 ns, StdErr = 0.416 ns (0.07%), N = 6, StdDev = 1.020 ns
Min = 585.719 ns, Q1 = 587.285 ns, Median = 588.082 ns, Q3 = 588.167 ns, Max = 588.335 ns
IQR = 0.882 ns, LowerFence = 585.961 ns, UpperFence = 589.490 ns
ConfidenceInterval = [584.713 ns; 590.431 ns] (CI 99.9%), Margin = 2.859 ns (0.49% of Mean)
Skewness = -0.88, Kurtosis = 1.93, MValue = 2
-------------------- Histogram --------------------
[584.983 ns ; 589.072 ns) | @@@@@@
---------------------------------------------------

// * Summary *

BenchmarkDotNet v0.15.8, Linux Ubuntu 24.04.4 LTS (Noble Numbat)
INTEL XEON PLATINUM 8573C 3.06GHz, 1 CPU, 4 logical and 2 physical cores
.NET SDK 10.0.302
  [Host] : .NET 10.0.10 (10.0.10, 10.0.1026.32716), X64 RyuJIT x86-64-v4
  Quick  : .NET 10.0.10 (10.0.10, 10.0.1026.32716), X64 RyuJIT x86-64-v4

Job=Quick  MaxRelativeError=0.05  Arguments=/p:MatrixMode=Benchmark  
IterationTime=250ms  MaxIterationCount=12  MaxWarmupIterationCount=5  
MinIterationCount=8  MinWarmupIterationCount=3  

| Method           | Mean     | Error   | StdDev  | Gen0   | Allocated |
|----------------- |---------:|--------:|--------:|-------:|----------:|
| SystemTextJson   | 344.2 ns | 1.86 ns | 0.97 ns | 0.0055 |     504 B |
| ServiceStackText | 527.3 ns | 9.51 ns | 4.22 ns | 0.0084 |     792 B |
| NewtonsoftJson   | 587.6 ns | 2.86 ns | 1.02 ns | 0.0187 |    1664 B |

// * Hints *
Outliers
  SerializeNestedObject.ServiceStackText: Quick -> 1 outlier  was  removed (546.16 ns)
  SerializeNestedObject.NewtonsoftJson: Quick   -> 2 outliers were removed, 3 outliers were detected (585.72 ns, 590.55 ns, 618.51 ns)

// * Legends *
  Mean      : Arithmetic mean of all measurements
  Error     : Half of 99.9% confidence interval
  StdDev    : Standard deviation of all measurements
  Gen0      : GC Generation 0 collects per 1000 operations
  Allocated : Allocated memory per single operation (managed only, inclusive, 1KB = 1024B)
  1 ns      : 1 Nanosecond (0.000000001 sec)

// * Diagnostic Output - MemoryDiagnoser *


// ***** BenchmarkRunner: End *****
Run time: 00:00:16 (16.68 sec), executed benchmarks: 3

// Found 3 benchmarks:
//   SerializeSimpleObject.NewtonsoftJson: Quick(MaxRelativeError=0.05, Arguments=/p:MatrixMode=Benchmark, IterationTime=250ms, MaxIterationCount=12, MaxWarmupIterationCount=5, MinIterationCount=8, MinWarmupIterationCount=3)
//   SerializeSimpleObject.ServiceStackText: Quick(MaxRelativeError=0.05, Arguments=/p:MatrixMode=Benchmark, IterationTime=250ms, MaxIterationCount=12, MaxWarmupIterationCount=5, MinIterationCount=8, MinWarmupIterationCount=3)
//   SerializeSimpleObject.SystemTextJson: Quick(MaxRelativeError=0.05, Arguments=/p:MatrixMode=Benchmark, IterationTime=250ms, MaxIterationCount=12, MaxWarmupIterationCount=5, MinIterationCount=8, MinWarmupIterationCount=3)

// **************************
// Benchmark: SerializeSimpleObject.NewtonsoftJson: Quick(MaxRelativeError=0.05, Arguments=/p:MatrixMode=Benchmark, IterationTime=250ms, MaxIterationCount=12, MaxWarmupIterationCount=5, MinIterationCount=8, MinWarmupIterationCount=3)
// *** Execute ***
// Launch: 1 / 1
// Execute: dotnet Matrix.JsonSerialization-Quick-1.dll --anonymousPipes 186 187 --benchmarkName Matrix.JsonSerialization.Benchmarks.SerializeSimpleObject.NewtonsoftJson --job Quick --benchmarkId 31 in /home/runner/work/dotnet-matrix/dotnet-matrix/src/Matrix.JsonSerialization/bin/Benchmark/Release/net10.0/Matrix.JsonSerialization-Quick-1/bin/Release/net10.0
// Failed to set up high priority (Permission denied). In order to run benchmarks with high priority, make sure you have the right permissions.
// BeforeAnythingElse

// Benchmark Process Environment Information:
// BenchmarkDotNet v0.15.8
// Runtime=.NET 10.0.10 (10.0.10, 10.0.1026.32716), X64 RyuJIT x86-64-v4
// GC=Concurrent Workstation
// HardwareIntrinsics=AVX512 BITALG+VBMI2+VNNI+VPOPCNTDQ,AVX512 IFMA+VBMI,AVX512 F+BW+CD+DQ+VL,AVX2+BMI1+BMI2+F16C+FMA+LZCNT+MOVBE,AVX,SSE3+SSSE3+SSE4.1+SSE4.2+POPCNT,X86Base+SSE+SSE2,AES+PCLMUL VectorSize=256
// Job: Quick(MaxRelativeError=0.05, IterationTime=250ms, MaxIterationCount=12, MaxWarmupIterationCount=5, MinIterationCount=8, MinWarmupIterationCount=3)

OverheadJitting  1: 1 op, 220421.00 ns, 220.4210 us/op
WorkloadJitting  1: 1 op, 48846829.00 ns, 48.8468 ms/op

WorkloadPilot    1: 4 op, 68150.00 ns, 17.0375 us/op
WorkloadPilot    2: 14674 op, 33739721.00 ns, 2.2993 us/op
WorkloadPilot    3: 108729 op, 266967741.00 ns, 2.4553 us/op
WorkloadPilot    4: 101818 op, 46965197.00 ns, 461.2662 ns/op
WorkloadPilot    5: 541986 op, 199581188.00 ns, 368.2405 ns/op
WorkloadPilot    6: 678904 op, 247534094.00 ns, 364.6084 ns/op
WorkloadPilot    7: 685667 op, 246327229.00 ns, 359.2520 ns/op
WorkloadPilot    8: 695890 op, 251559308.00 ns, 361.4929 ns/op
WorkloadPilot    9: 691576 op, 252627531.00 ns, 365.2925 ns/op

WorkloadWarmup   1: 691576 op, 253352967.00 ns, 366.3415 ns/op
WorkloadWarmup   2: 691576 op, 254853686.00 ns, 368.5115 ns/op
WorkloadWarmup   3: 691576 op, 255161336.00 ns, 368.9563 ns/op
WorkloadWarmup   4: 691576 op, 253076488.00 ns, 365.9417 ns/op
WorkloadWarmup   5: 691576 op, 253448898.00 ns, 366.4802 ns/op

// BeforeActualRun
WorkloadActual   1: 691576 op, 248567644.00 ns, 359.4220 ns/op
WorkloadActual   2: 691576 op, 252299245.00 ns, 364.8178 ns/op
WorkloadActual   3: 691576 op, 251609959.00 ns, 363.8211 ns/op
WorkloadActual   4: 691576 op, 254614814.00 ns, 368.1661 ns/op
WorkloadActual   5: 691576 op, 252627870.00 ns, 365.2930 ns/op
WorkloadActual   6: 691576 op, 255228637.00 ns, 369.0536 ns/op
WorkloadActual   7: 691576 op, 256208783.00 ns, 370.4709 ns/op
WorkloadActual   8: 691576 op, 252835467.00 ns, 365.5932 ns/op

// AfterActualRun
WorkloadResult   1: 691576 op, 248567644.00 ns, 359.4220 ns/op
WorkloadResult   2: 691576 op, 252299245.00 ns, 364.8178 ns/op
WorkloadResult   3: 691576 op, 251609959.00 ns, 363.8211 ns/op
WorkloadResult   4: 691576 op, 254614814.00 ns, 368.1661 ns/op
WorkloadResult   5: 691576 op, 252627870.00 ns, 365.2930 ns/op
WorkloadResult   6: 691576 op, 255228637.00 ns, 369.0536 ns/op
WorkloadResult   7: 691576 op, 256208783.00 ns, 370.4709 ns/op
WorkloadResult   8: 691576 op, 252835467.00 ns, 365.5932 ns/op
// GC:  11 0 0 995869440 691576
// Threading:  0 0 691576

// AfterAll
// Benchmark Process 3811 has exited with code 0.

Mean = 365.830 ns, StdErr = 1.224 ns (0.33%), N = 8, StdDev = 3.461 ns
Min = 359.422 ns, Q1 = 364.569 ns, Median = 365.443 ns, Q3 = 368.388 ns, Max = 370.471 ns
IQR = 3.819 ns, LowerFence = 358.840 ns, UpperFence = 374.117 ns
ConfidenceInterval = [359.212 ns; 372.447 ns] (CI 99.9%), Margin = 6.618 ns (1.81% of Mean)
Skewness = -0.38, Kurtosis = 2.01, MValue = 2

// ** Remained 6 (15.8 %) benchmark(s) to run. Estimated finish 2026-08-06 10:33 (0h 0m from now) **
// **************************
// Benchmark: SerializeSimpleObject.ServiceStackText: Quick(MaxRelativeError=0.05, Arguments=/p:MatrixMode=Benchmark, IterationTime=250ms, MaxIterationCount=12, MaxWarmupIterationCount=5, MinIterationCount=8, MinWarmupIterationCount=3)
// *** Execute ***
// Launch: 1 / 1
// Execute: dotnet Matrix.JsonSerialization-Quick-1.dll --anonymousPipes 186 187 --benchmarkName Matrix.JsonSerialization.Benchmarks.SerializeSimpleObject.ServiceStackText --job Quick --benchmarkId 32 in /home/runner/work/dotnet-matrix/dotnet-matrix/src/Matrix.JsonSerialization/bin/Benchmark/Release/net10.0/Matrix.JsonSerialization-Quick-1/bin/Release/net10.0
// Failed to set up high priority (Permission denied). In order to run benchmarks with high priority, make sure you have the right permissions.
// BeforeAnythingElse

// Benchmark Process Environment Information:
// BenchmarkDotNet v0.15.8
// Runtime=.NET 10.0.10 (10.0.10, 10.0.1026.32716), X64 RyuJIT x86-64-v4
// GC=Concurrent Workstation
// HardwareIntrinsics=AVX512 BITALG+VBMI2+VNNI+VPOPCNTDQ,AVX512 IFMA+VBMI,AVX512 F+BW+CD+DQ+VL,AVX2+BMI1+BMI2+F16C+FMA+LZCNT+MOVBE,AVX,SSE3+SSSE3+SSE4.1+SSE4.2+POPCNT,X86Base+SSE+SSE2,AES+PCLMUL VectorSize=256
// Job: Quick(MaxRelativeError=0.05, IterationTime=250ms, MaxIterationCount=12, MaxWarmupIterationCount=5, MinIterationCount=8, MinWarmupIterationCount=3)

OverheadJitting  1: 1 op, 283303.00 ns, 283.3030 us/op
WorkloadJitting  1: 1 op, 38779480.00 ns, 38.7795 ms/op

WorkloadPilot    1: 4 op, 42716.00 ns, 10.6790 us/op
WorkloadPilot    2: 23410 op, 41088079.00 ns, 1.7552 us/op
WorkloadPilot    3: 142438 op, 263156370.00 ns, 1.8475 us/op
WorkloadPilot    4: 135317 op, 35940517.00 ns, 265.6024 ns/op
WorkloadPilot    5: 941257 op, 259582720.00 ns, 275.7830 ns/op
WorkloadPilot    6: 906510 op, 235598843.00 ns, 259.8966 ns/op
WorkloadPilot    7: 961921 op, 249400853.00 ns, 259.2737 ns/op
WorkloadPilot    8: 964232 op, 248910436.00 ns, 258.1437 ns/op
WorkloadPilot    9: 968453 op, 250600467.00 ns, 258.7637 ns/op

WorkloadWarmup   1: 968453 op, 250041390.00 ns, 258.1864 ns/op
WorkloadWarmup   2: 968453 op, 250037204.00 ns, 258.1821 ns/op
WorkloadWarmup   3: 968453 op, 250499642.00 ns, 258.6596 ns/op
WorkloadWarmup   4: 968453 op, 250089741.00 ns, 258.2363 ns/op
WorkloadWarmup   5: 968453 op, 250174407.00 ns, 258.3237 ns/op

// BeforeActualRun
WorkloadActual   1: 968453 op, 249771083.00 ns, 257.9073 ns/op
WorkloadActual   2: 968453 op, 250618001.00 ns, 258.7818 ns/op
WorkloadActual   3: 968453 op, 249833567.00 ns, 257.9718 ns/op
WorkloadActual   4: 968453 op, 250158288.00 ns, 258.3071 ns/op
WorkloadActual   5: 968453 op, 250466995.00 ns, 258.6259 ns/op
WorkloadActual   6: 968453 op, 251770007.00 ns, 259.9713 ns/op
WorkloadActual   7: 968453 op, 251032226.00 ns, 259.2095 ns/op
WorkloadActual   8: 968453 op, 250318722.00 ns, 258.4728 ns/op

// AfterActualRun
WorkloadResult   1: 968453 op, 249771083.00 ns, 257.9073 ns/op
WorkloadResult   2: 968453 op, 250618001.00 ns, 258.7818 ns/op
WorkloadResult   3: 968453 op, 249833567.00 ns, 257.9718 ns/op
WorkloadResult   4: 968453 op, 250158288.00 ns, 258.3071 ns/op
WorkloadResult   5: 968453 op, 250466995.00 ns, 258.6259 ns/op
WorkloadResult   6: 968453 op, 251032226.00 ns, 259.2095 ns/op
WorkloadResult   7: 968453 op, 250318722.00 ns, 258.4728 ns/op
// GC:  3 0 0 325401968 968453
// Threading:  0 0 968453

// AfterAll
// Benchmark Process 3820 has exited with code 0.

Mean = 258.468 ns, StdErr = 0.173 ns (0.07%), N = 7, StdDev = 0.458 ns
Min = 257.907 ns, Q1 = 258.139 ns, Median = 258.473 ns, Q3 = 258.704 ns, Max = 259.210 ns
IQR = 0.564 ns, LowerFence = 257.293 ns, UpperFence = 259.550 ns
ConfidenceInterval = [257.436 ns; 259.500 ns] (CI 99.9%), Margin = 1.032 ns (0.40% of Mean)
Skewness = 0.21, Kurtosis = 1.53, MValue = 2

// ** Remained 5 (13.2 %) benchmark(s) to run. Estimated finish 2026-08-06 10:33 (0h 0m from now) **
// **************************
// Benchmark: SerializeSimpleObject.SystemTextJson: Quick(MaxRelativeError=0.05, Arguments=/p:MatrixMode=Benchmark, IterationTime=250ms, MaxIterationCount=12, MaxWarmupIterationCount=5, MinIterationCount=8, MinWarmupIterationCount=3)
// *** Execute ***
// Launch: 1 / 1
// Execute: dotnet Matrix.JsonSerialization-Quick-1.dll --anonymousPipes 186 187 --benchmarkName Matrix.JsonSerialization.Benchmarks.SerializeSimpleObject.SystemTextJson --job Quick --benchmarkId 33 in /home/runner/work/dotnet-matrix/dotnet-matrix/src/Matrix.JsonSerialization/bin/Benchmark/Release/net10.0/Matrix.JsonSerialization-Quick-1/bin/Release/net10.0
// Failed to set up high priority (Permission denied). In order to run benchmarks with high priority, make sure you have the right permissions.
// BeforeAnythingElse

// Benchmark Process Environment Information:
// BenchmarkDotNet v0.15.8
// Runtime=.NET 10.0.10 (10.0.10, 10.0.1026.32716), X64 RyuJIT x86-64-v4
// GC=Concurrent Workstation
// HardwareIntrinsics=AVX512 BITALG+VBMI2+VNNI+VPOPCNTDQ,AVX512 IFMA+VBMI,AVX512 F+BW+CD+DQ+VL,AVX2+BMI1+BMI2+F16C+FMA+LZCNT+MOVBE,AVX,SSE3+SSSE3+SSE4.1+SSE4.2+POPCNT,X86Base+SSE+SSE2,AES+PCLMUL VectorSize=256
// Job: Quick(MaxRelativeError=0.05, IterationTime=250ms, MaxIterationCount=12, MaxWarmupIterationCount=5, MinIterationCount=8, MinWarmupIterationCount=3)

OverheadJitting  1: 1 op, 222634.00 ns, 222.6340 us/op
WorkloadJitting  1: 1 op, 20301099.00 ns, 20.3011 ms/op

WorkloadPilot    1: 4 op, 119647.00 ns, 29.9118 us/op
WorkloadPilot    2: 8358 op, 4054118.00 ns, 485.0584 ns/op
WorkloadPilot    3: 515402 op, 285916961.00 ns, 554.7455 ns/op
WorkloadPilot    4: 450657 op, 298250281.00 ns, 661.8122 ns/op
WorkloadPilot    5: 377751 op, 71475113.00 ns, 189.2122 ns/op
WorkloadPilot    6: 1321268 op, 207875301.00 ns, 157.3302 ns/op
WorkloadPilot    7: 1589015 op, 228183674.00 ns, 143.6007 ns/op
WorkloadPilot    8: 1740939 op, 249010004.00 ns, 143.0320 ns/op
WorkloadPilot    9: 1747860 op, 250286888.00 ns, 143.1962 ns/op

WorkloadWarmup   1: 1747860 op, 250138590.00 ns, 143.1113 ns/op
WorkloadWarmup   2: 1747860 op, 250227262.00 ns, 143.1621 ns/op
WorkloadWarmup   3: 1747860 op, 250511822.00 ns, 143.3249 ns/op
WorkloadWarmup   4: 1747860 op, 250124609.00 ns, 143.1033 ns/op
WorkloadWarmup   5: 1747860 op, 250338625.00 ns, 143.2258 ns/op

// BeforeActualRun
WorkloadActual   1: 1747860 op, 250760279.00 ns, 143.4670 ns/op
WorkloadActual   2: 1747860 op, 250374244.00 ns, 143.2462 ns/op
WorkloadActual   3: 1747860 op, 250719400.00 ns, 143.4436 ns/op
WorkloadActual   4: 1747860 op, 250815998.00 ns, 143.4989 ns/op
WorkloadActual   5: 1747860 op, 250726751.00 ns, 143.4478 ns/op
WorkloadActual   6: 1747860 op, 249672693.00 ns, 142.8448 ns/op
WorkloadActual   7: 1747860 op, 250882040.00 ns, 143.5367 ns/op
WorkloadActual   8: 1747860 op, 250475401.00 ns, 143.3040 ns/op

// AfterActualRun
WorkloadResult   1: 1747860 op, 250760279.00 ns, 143.4670 ns/op
WorkloadResult   2: 1747860 op, 250374244.00 ns, 143.2462 ns/op
WorkloadResult   3: 1747860 op, 250719400.00 ns, 143.4436 ns/op
WorkloadResult   4: 1747860 op, 250815998.00 ns, 143.4989 ns/op
WorkloadResult   5: 1747860 op, 250726751.00 ns, 143.4478 ns/op
WorkloadResult   6: 1747860 op, 249672693.00 ns, 142.8448 ns/op
WorkloadResult   7: 1747860 op, 250882040.00 ns, 143.5367 ns/op
WorkloadResult   8: 1747860 op, 250475401.00 ns, 143.3040 ns/op
// GC:  2 0 0 167794560 1747860
// Threading:  0 0 1747860

// AfterAll
// Benchmark Process 3832 has exited with code 0.

Mean = 143.349 ns, StdErr = 0.080 ns (0.06%), N = 8, StdDev = 0.226 ns
Min = 142.845 ns, Q1 = 143.290 ns, Median = 143.446 ns, Q3 = 143.475 ns, Max = 143.537 ns
IQR = 0.185 ns, LowerFence = 143.011 ns, UpperFence = 143.753 ns
ConfidenceInterval = [142.917 ns; 143.781 ns] (CI 99.9%), Margin = 0.432 ns (0.30% of Mean)
Skewness = -1.25, Kurtosis = 3.2, MValue = 2

// ** Remained 4 (10.5 %) benchmark(s) to run. Estimated finish 2026-08-06 10:33 (0h 0m from now) **
// ***** BenchmarkRunner: Finish  *****

// * Export *
  tmp/dotnet-matrix/JsonSerialization/6a20c96a9b2040c3afe6893cda53c8bf/results/Matrix.JsonSerialization.Benchmarks.SerializeSimpleObject-report.csv
  tmp/dotnet-matrix/JsonSerialization/6a20c96a9b2040c3afe6893cda53c8bf/results/Matrix.JsonSerialization.Benchmarks.SerializeSimpleObject-report-github.md
  tmp/dotnet-matrix/JsonSerialization/6a20c96a9b2040c3afe6893cda53c8bf/results/Matrix.JsonSerialization.Benchmarks.SerializeSimpleObject-report.html
  tmp/dotnet-matrix/JsonSerialization/6a20c96a9b2040c3afe6893cda53c8bf/results/Matrix.JsonSerialization.Benchmarks.SerializeSimpleObject-report-full.json

// * Detailed results *
SerializeSimpleObject.SystemTextJson: Quick(MaxRelativeError=0.05, Arguments=/p:MatrixMode=Benchmark, IterationTime=250ms, MaxIterationCount=12, MaxWarmupIterationCount=5, MinIterationCount=8, MinWarmupIterationCount=3)
Runtime = .NET 10.0.10 (10.0.10, 10.0.1026.32716), X64 RyuJIT x86-64-v4; GC = Concurrent Workstation
Mean = 143.349 ns, StdErr = 0.080 ns (0.06%), N = 8, StdDev = 0.226 ns
Min = 142.845 ns, Q1 = 143.290 ns, Median = 143.446 ns, Q3 = 143.475 ns, Max = 143.537 ns
IQR = 0.185 ns, LowerFence = 143.011 ns, UpperFence = 143.753 ns
ConfidenceInterval = [142.917 ns; 143.781 ns] (CI 99.9%), Margin = 0.432 ns (0.30% of Mean)
Skewness = -1.25, Kurtosis = 3.2, MValue = 2
-------------------- Histogram --------------------
[142.697 ns ; 143.685 ns) | @@@@@@@@
---------------------------------------------------

SerializeSimpleObject.ServiceStackText: Quick(MaxRelativeError=0.05, Arguments=/p:MatrixMode=Benchmark, IterationTime=250ms, MaxIterationCount=12, MaxWarmupIterationCount=5, MinIterationCount=8, MinWarmupIterationCount=3)
Runtime = .NET 10.0.10 (10.0.10, 10.0.1026.32716), X64 RyuJIT x86-64-v4; GC = Concurrent Workstation
Mean = 258.468 ns, StdErr = 0.173 ns (0.07%), N = 7, StdDev = 0.458 ns
Min = 257.907 ns, Q1 = 258.139 ns, Median = 258.473 ns, Q3 = 258.704 ns, Max = 259.210 ns
IQR = 0.564 ns, LowerFence = 257.293 ns, UpperFence = 259.550 ns
ConfidenceInterval = [257.436 ns; 259.500 ns] (CI 99.9%), Margin = 1.032 ns (0.40% of Mean)
Skewness = 0.21, Kurtosis = 1.53, MValue = 2
-------------------- Histogram --------------------
[257.593 ns ; 259.524 ns) | @@@@@@@
---------------------------------------------------

SerializeSimpleObject.NewtonsoftJson: Quick(MaxRelativeError=0.05, Arguments=/p:MatrixMode=Benchmark, IterationTime=250ms, MaxIterationCount=12, MaxWarmupIterationCount=5, MinIterationCount=8, MinWarmupIterationCount=3)
Runtime = .NET 10.0.10 (10.0.10, 10.0.1026.32716), X64 RyuJIT x86-64-v4; GC = Concurrent Workstation
Mean = 365.830 ns, StdErr = 1.224 ns (0.33%), N = 8, StdDev = 3.461 ns
Min = 359.422 ns, Q1 = 364.569 ns, Median = 365.443 ns, Q3 = 368.388 ns, Max = 370.471 ns
IQR = 3.819 ns, LowerFence = 358.840 ns, UpperFence = 374.117 ns
ConfidenceInterval = [359.212 ns; 372.447 ns] (CI 99.9%), Margin = 6.618 ns (1.81% of Mean)
Skewness = -0.38, Kurtosis = 2.01, MValue = 2
-------------------- Histogram --------------------
[357.151 ns ; 370.605 ns) | @@@@@@@@
---------------------------------------------------

// * Summary *

BenchmarkDotNet v0.15.8, Linux Ubuntu 24.04.4 LTS (Noble Numbat)
INTEL XEON PLATINUM 8573C 3.06GHz, 1 CPU, 4 logical and 2 physical cores
.NET SDK 10.0.302
  [Host] : .NET 10.0.10 (10.0.10, 10.0.1026.32716), X64 RyuJIT x86-64-v4
  Quick  : .NET 10.0.10 (10.0.10, 10.0.1026.32716), X64 RyuJIT x86-64-v4

Job=Quick  MaxRelativeError=0.05  Arguments=/p:MatrixMode=Benchmark  
IterationTime=250ms  MaxIterationCount=12  MaxWarmupIterationCount=5  
MinIterationCount=8  MinWarmupIterationCount=3  

| Method           | Mean     | Error   | StdDev  | Gen0   | Allocated |
|----------------- |---------:|--------:|--------:|-------:|----------:|
| SystemTextJson   | 143.3 ns | 0.43 ns | 0.23 ns | 0.0011 |      96 B |
| ServiceStackText | 258.5 ns | 1.03 ns | 0.46 ns | 0.0031 |     336 B |
| NewtonsoftJson   | 365.8 ns | 6.62 ns | 3.46 ns | 0.0159 |    1440 B |

// * Hints *
Outliers
  SerializeSimpleObject.SystemTextJson: Quick   -> 1 outlier  was  detected (142.84 ns)
  SerializeSimpleObject.ServiceStackText: Quick -> 1 outlier  was  removed (259.97 ns)

// * Legends *
  Mean      : Arithmetic mean of all measurements
  Error     : Half of 99.9% confidence interval
  StdDev    : Standard deviation of all measurements
  Gen0      : GC Generation 0 collects per 1000 operations
  Allocated : Allocated memory per single operation (managed only, inclusive, 1KB = 1024B)
  1 ns      : 1 Nanosecond (0.000000001 sec)

// * Diagnostic Output - MemoryDiagnoser *


// ***** BenchmarkRunner: End *****
Run time: 00:00:16 (16.11 sec), executed benchmarks: 3

// Found 1 benchmarks:
//   SourceGenerationRoundTrip.SystemTextJson: Quick(MaxRelativeError=0.05, Arguments=/p:MatrixMode=Benchmark, IterationTime=250ms, MaxIterationCount=12, MaxWarmupIterationCount=5, MinIterationCount=8, MinWarmupIterationCount=3)

// **************************
// Benchmark: SourceGenerationRoundTrip.SystemTextJson: Quick(MaxRelativeError=0.05, Arguments=/p:MatrixMode=Benchmark, IterationTime=250ms, MaxIterationCount=12, MaxWarmupIterationCount=5, MinIterationCount=8, MinWarmupIterationCount=3)
// *** Execute ***
// Launch: 1 / 1
// Execute: dotnet Matrix.JsonSerialization-Quick-1.dll --anonymousPipes 186 187 --benchmarkName Matrix.JsonSerialization.Benchmarks.SourceGenerationRoundTrip.SystemTextJson --job Quick --benchmarkId 34 in /home/runner/work/dotnet-matrix/dotnet-matrix/src/Matrix.JsonSerialization/bin/Benchmark/Release/net10.0/Matrix.JsonSerialization-Quick-1/bin/Release/net10.0
// Failed to set up high priority (Permission denied). In order to run benchmarks with high priority, make sure you have the right permissions.
// BeforeAnythingElse

// Benchmark Process Environment Information:
// BenchmarkDotNet v0.15.8
// Runtime=.NET 10.0.10 (10.0.10, 10.0.1026.32716), X64 RyuJIT x86-64-v4
// GC=Concurrent Workstation
// HardwareIntrinsics=AVX512 BITALG+VBMI2+VNNI+VPOPCNTDQ,AVX512 IFMA+VBMI,AVX512 F+BW+CD+DQ+VL,AVX2+BMI1+BMI2+F16C+FMA+LZCNT+MOVBE,AVX,SSE3+SSSE3+SSE4.1+SSE4.2+POPCNT,X86Base+SSE+SSE2,AES+PCLMUL VectorSize=256
// Job: Quick(MaxRelativeError=0.05, IterationTime=250ms, MaxIterationCount=12, MaxWarmupIterationCount=5, MinIterationCount=8, MinWarmupIterationCount=3)

OverheadJitting  1: 1 op, 231707.00 ns, 231.7070 us/op
WorkloadJitting  1: 1 op, 14273312.00 ns, 14.2733 ms/op

OverheadJitting  2: 16 op, 491159.00 ns, 30.6974 us/op
WorkloadJitting  2: 16 op, 674931.00 ns, 42.1832 us/op

WorkloadPilot    1: 16 op, 82770.00 ns, 5.1731 us/op
WorkloadPilot    2: 48336 op, 108647130.00 ns, 2.2477 us/op
WorkloadPilot    3: 111232 op, 238090786.00 ns, 2.1405 us/op
WorkloadPilot    4: 116800 op, 172856150.00 ns, 1.4799 us/op
WorkloadPilot    5: 168928 op, 151785923.00 ns, 898.5244 ns/op
WorkloadPilot    6: 278240 op, 104385112.00 ns, 375.1621 ns/op
WorkloadPilot    7: 666384 op, 248485071.00 ns, 372.8857 ns/op
WorkloadPilot    8: 670448 op, 233105465.00 ns, 347.6861 ns/op
WorkloadPilot    9: 719040 op, 250059343.00 ns, 347.7683 ns/op
WorkloadPilot   10: 718880 op, 250515038.00 ns, 348.4796 ns/op
WorkloadPilot   11: 717408 op, 249778250.00 ns, 348.1676 ns/op
WorkloadPilot   12: 718048 op, 260486397.00 ns, 362.7702 ns/op

OverheadWarmup   1: 718048 op, 4260236.00 ns, 5.9331 ns/op
OverheadWarmup   2: 718048 op, 4217746.00 ns, 5.8739 ns/op
OverheadWarmup   3: 718048 op, 4219391.00 ns, 5.8762 ns/op
OverheadWarmup   4: 718048 op, 4240160.00 ns, 5.9051 ns/op
OverheadWarmup   5: 718048 op, 4218161.00 ns, 5.8745 ns/op
OverheadWarmup   6: 718048 op, 4234612.00 ns, 5.8974 ns/op
OverheadWarmup   7: 718048 op, 4219269.00 ns, 5.8760 ns/op

OverheadActual   1: 718048 op, 4193152.00 ns, 5.8397 ns/op
OverheadActual   2: 718048 op, 4240323.00 ns, 5.9053 ns/op
OverheadActual   3: 718048 op, 4231289.00 ns, 5.8928 ns/op
OverheadActual   4: 718048 op, 4253297.00 ns, 5.9234 ns/op
OverheadActual   5: 718048 op, 4227917.00 ns, 5.8881 ns/op
OverheadActual   6: 718048 op, 4210331.00 ns, 5.8636 ns/op
OverheadActual   7: 718048 op, 4222690.00 ns, 5.8808 ns/op
OverheadActual   8: 718048 op, 4198312.00 ns, 5.8468 ns/op

WorkloadWarmup   1: 718048 op, 261759609.00 ns, 364.5433 ns/op
WorkloadWarmup   2: 718048 op, 251753588.00 ns, 350.6083 ns/op
WorkloadWarmup   3: 718048 op, 252987342.00 ns, 352.3265 ns/op
WorkloadWarmup   4: 718048 op, 249074725.00 ns, 346.8775 ns/op
WorkloadWarmup   5: 718048 op, 249668511.00 ns, 347.7045 ns/op

// BeforeActualRun
WorkloadActual   1: 718048 op, 252261649.00 ns, 351.3159 ns/op
WorkloadActual   2: 718048 op, 249442641.00 ns, 347.3899 ns/op
WorkloadActual   3: 718048 op, 249498205.00 ns, 347.4673 ns/op
WorkloadActual   4: 718048 op, 249919081.00 ns, 348.0534 ns/op
WorkloadActual   5: 718048 op, 249852949.00 ns, 347.9613 ns/op
WorkloadActual   6: 718048 op, 250185045.00 ns, 348.4238 ns/op
WorkloadActual   7: 718048 op, 249258410.00 ns, 347.1334 ns/op
WorkloadActual   8: 718048 op, 249468149.00 ns, 347.4254 ns/op

// AfterActualRun
WorkloadResult   1: 718048 op, 245217337.50 ns, 341.5055 ns/op
WorkloadResult   2: 718048 op, 245272901.50 ns, 341.5829 ns/op
WorkloadResult   3: 718048 op, 245693777.50 ns, 342.1690 ns/op
WorkloadResult   4: 718048 op, 245627645.50 ns, 342.0769 ns/op
WorkloadResult   5: 718048 op, 245959741.50 ns, 342.5394 ns/op
WorkloadResult   6: 718048 op, 245033106.50 ns, 341.2489 ns/op
WorkloadResult   7: 718048 op, 245242845.50 ns, 341.5410 ns/op
// GC:  1 0 0 114887680 718048
// Threading:  0 0 718048

// AfterAll
// Benchmark Process 3842 has exited with code 0.

Mean = 341.809 ns, StdErr = 0.173 ns (0.05%), N = 7, StdDev = 0.459 ns
Min = 341.249 ns, Q1 = 341.523 ns, Median = 341.583 ns, Q3 = 342.123 ns, Max = 342.539 ns
IQR = 0.600 ns, LowerFence = 340.624 ns, UpperFence = 343.023 ns
ConfidenceInterval = [340.776 ns; 342.843 ns] (CI 99.9%), Margin = 1.034 ns (0.30% of Mean)
Skewness = 0.33, Kurtosis = 1.36, MValue = 2

// ** Remained 3 (7.9 %) benchmark(s) to run. Estimated finish 2026-08-06 10:33 (0h 0m from now) **
// ***** BenchmarkRunner: Finish  *****

// * Export *
  tmp/dotnet-matrix/JsonSerialization/6a20c96a9b2040c3afe6893cda53c8bf/results/Matrix.JsonSerialization.Benchmarks.SourceGenerationRoundTrip-report.csv
  tmp/dotnet-matrix/JsonSerialization/6a20c96a9b2040c3afe6893cda53c8bf/results/Matrix.JsonSerialization.Benchmarks.SourceGenerationRoundTrip-report-github.md
  tmp/dotnet-matrix/JsonSerialization/6a20c96a9b2040c3afe6893cda53c8bf/results/Matrix.JsonSerialization.Benchmarks.SourceGenerationRoundTrip-report.html
  tmp/dotnet-matrix/JsonSerialization/6a20c96a9b2040c3afe6893cda53c8bf/results/Matrix.JsonSerialization.Benchmarks.SourceGenerationRoundTrip-report-full.json

// * Detailed results *
SourceGenerationRoundTrip.SystemTextJson: Quick(MaxRelativeError=0.05, Arguments=/p:MatrixMode=Benchmark, IterationTime=250ms, MaxIterationCount=12, MaxWarmupIterationCount=5, MinIterationCount=8, MinWarmupIterationCount=3)
Runtime = .NET 10.0.10 (10.0.10, 10.0.1026.32716), X64 RyuJIT x86-64-v4; GC = Concurrent Workstation
Mean = 341.809 ns, StdErr = 0.173 ns (0.05%), N = 7, StdDev = 0.459 ns
Min = 341.249 ns, Q1 = 341.523 ns, Median = 341.583 ns, Q3 = 342.123 ns, Max = 342.539 ns
IQR = 0.600 ns, LowerFence = 340.624 ns, UpperFence = 343.023 ns
ConfidenceInterval = [340.776 ns; 342.843 ns] (CI 99.9%), Margin = 1.034 ns (0.30% of Mean)
Skewness = 0.33, Kurtosis = 1.36, MValue = 2
-------------------- Histogram --------------------
[340.934 ns ; 342.854 ns) | @@@@@@@
---------------------------------------------------

// * Summary *

BenchmarkDotNet v0.15.8, Linux Ubuntu 24.04.4 LTS (Noble Numbat)
INTEL XEON PLATINUM 8573C 3.06GHz, 1 CPU, 4 logical and 2 physical cores
.NET SDK 10.0.302
  [Host] : .NET 10.0.10 (10.0.10, 10.0.1026.32716), X64 RyuJIT x86-64-v4
  Quick  : .NET 10.0.10 (10.0.10, 10.0.1026.32716), X64 RyuJIT x86-64-v4

Job=Quick  MaxRelativeError=0.05  Arguments=/p:MatrixMode=Benchmark  
IterationTime=250ms  MaxIterationCount=12  MaxWarmupIterationCount=5  
MinIterationCount=8  MinWarmupIterationCount=3  

| Method         | Mean     | Error   | StdDev  | Gen0   | Allocated |
|--------------- |---------:|--------:|--------:|-------:|----------:|
| SystemTextJson | 341.8 ns | 1.03 ns | 0.46 ns | 0.0014 |     160 B |

// * Hints *
Outliers
  SourceGenerationRoundTrip.SystemTextJson: Quick -> 1 outlier  was  removed (351.32 ns)

// * Legends *
  Mean      : Arithmetic mean of all measurements
  Error     : Half of 99.9% confidence interval
  StdDev    : Standard deviation of all measurements
  Gen0      : GC Generation 0 collects per 1000 operations
  Allocated : Allocated memory per single operation (managed only, inclusive, 1KB = 1024B)
  1 ns      : 1 Nanosecond (0.000000001 sec)

// * Diagnostic Output - MemoryDiagnoser *


// ***** BenchmarkRunner: End *****
Run time: 00:00:06 (6.09 sec), executed benchmarks: 1

// Found 3 benchmarks:
//   Utf8StreamRoundTrip.NewtonsoftJson: Quick(MaxRelativeError=0.05, Arguments=/p:MatrixMode=Benchmark, IterationTime=250ms, MaxIterationCount=12, MaxWarmupIterationCount=5, MinIterationCount=8, MinWarmupIterationCount=3)
//   Utf8StreamRoundTrip.ServiceStackText: Quick(MaxRelativeError=0.05, Arguments=/p:MatrixMode=Benchmark, IterationTime=250ms, MaxIterationCount=12, MaxWarmupIterationCount=5, MinIterationCount=8, MinWarmupIterationCount=3)
//   Utf8StreamRoundTrip.SystemTextJson: Quick(MaxRelativeError=0.05, Arguments=/p:MatrixMode=Benchmark, IterationTime=250ms, MaxIterationCount=12, MaxWarmupIterationCount=5, MinIterationCount=8, MinWarmupIterationCount=3)

// **************************
// Benchmark: Utf8StreamRoundTrip.NewtonsoftJson: Quick(MaxRelativeError=0.05, Arguments=/p:MatrixMode=Benchmark, IterationTime=250ms, MaxIterationCount=12, MaxWarmupIterationCount=5, MinIterationCount=8, MinWarmupIterationCount=3)
// *** Execute ***
// Launch: 1 / 1
// Execute: dotnet Matrix.JsonSerialization-Quick-1.dll --anonymousPipes 186 187 --benchmarkName Matrix.JsonSerialization.Benchmarks.Utf8StreamRoundTrip.NewtonsoftJson --job Quick --benchmarkId 35 in /home/runner/work/dotnet-matrix/dotnet-matrix/src/Matrix.JsonSerialization/bin/Benchmark/Release/net10.0/Matrix.JsonSerialization-Quick-1/bin/Release/net10.0
// Failed to set up high priority (Permission denied). In order to run benchmarks with high priority, make sure you have the right permissions.
// BeforeAnythingElse

// Benchmark Process Environment Information:
// BenchmarkDotNet v0.15.8
// Runtime=.NET 10.0.10 (10.0.10, 10.0.1026.32716), X64 RyuJIT x86-64-v4
// GC=Concurrent Workstation
// HardwareIntrinsics=AVX512 BITALG+VBMI2+VNNI+VPOPCNTDQ,AVX512 IFMA+VBMI,AVX512 F+BW+CD+DQ+VL,AVX2+BMI1+BMI2+F16C+FMA+LZCNT+MOVBE,AVX,SSE3+SSSE3+SSE4.1+SSE4.2+POPCNT,X86Base+SSE+SSE2,AES+PCLMUL VectorSize=256
// Job: Quick(MaxRelativeError=0.05, IterationTime=250ms, MaxIterationCount=12, MaxWarmupIterationCount=5, MinIterationCount=8, MinWarmupIterationCount=3)

OverheadJitting  1: 1 op, 254292.00 ns, 254.2920 us/op
WorkloadJitting  1: 1 op, 56921619.00 ns, 56.9216 ms/op

WorkloadPilot    1: 4 op, 102350.00 ns, 25.5875 us/op
WorkloadPilot    2: 9770 op, 69586977.00 ns, 7.1225 us/op
WorkloadPilot    3: 35100 op, 279449206.00 ns, 7.9615 us/op
WorkloadPilot    4: 31401 op, 238638228.00 ns, 7.5997 us/op
WorkloadPilot    5: 32896 op, 312779300.00 ns, 9.5081 us/op
WorkloadPilot    6: 26293 op, 118211819.00 ns, 4.4959 us/op
WorkloadPilot    7: 55606 op, 91089993.00 ns, 1.6381 us/op
WorkloadPilot    8: 152613 op, 179246950.00 ns, 1.1745 us/op
WorkloadPilot    9: 212853 op, 252187369.00 ns, 1.1848 us/op

WorkloadWarmup   1: 212853 op, 249369390.00 ns, 1.1716 us/op
WorkloadWarmup   2: 212853 op, 255162827.00 ns, 1.1988 us/op
WorkloadWarmup   3: 212853 op, 253549790.00 ns, 1.1912 us/op
WorkloadWarmup   4: 212853 op, 254467049.00 ns, 1.1955 us/op
WorkloadWarmup   5: 212853 op, 253707764.00 ns, 1.1919 us/op

// BeforeActualRun
WorkloadActual   1: 212853 op, 252781116.00 ns, 1.1876 us/op
WorkloadActual   2: 212853 op, 250616207.00 ns, 1.1774 us/op
WorkloadActual   3: 212853 op, 250205418.00 ns, 1.1755 us/op
WorkloadActual   4: 212853 op, 252043843.00 ns, 1.1841 us/op
WorkloadActual   5: 212853 op, 252959220.00 ns, 1.1884 us/op
WorkloadActual   6: 212853 op, 252606915.00 ns, 1.1868 us/op
WorkloadActual   7: 212853 op, 253108534.00 ns, 1.1891 us/op
WorkloadActual   8: 212853 op, 251951123.00 ns, 1.1837 us/op

// AfterActualRun
WorkloadResult   1: 212853 op, 252781116.00 ns, 1.1876 us/op
WorkloadResult   2: 212853 op, 250616207.00 ns, 1.1774 us/op
WorkloadResult   3: 212853 op, 250205418.00 ns, 1.1755 us/op
WorkloadResult   4: 212853 op, 252043843.00 ns, 1.1841 us/op
WorkloadResult   5: 212853 op, 252959220.00 ns, 1.1884 us/op
WorkloadResult   6: 212853 op, 252606915.00 ns, 1.1868 us/op
WorkloadResult   7: 212853 op, 253108534.00 ns, 1.1891 us/op
WorkloadResult   8: 212853 op, 251951123.00 ns, 1.1837 us/op
// GC:  10 0 0 899091072 212853
// Threading:  0 0 212853

// AfterAll
// Benchmark Process 3861 has exited with code 0.

Mean = 1.184 μs, StdErr = 0.002 μs (0.15%), N = 8, StdDev = 0.005 μs
Min = 1.175 μs, Q1 = 1.182 μs, Median = 1.185 μs, Q3 = 1.188 μs, Max = 1.189 μs
IQR = 0.006 μs, LowerFence = 1.174 μs, UpperFence = 1.196 μs
ConfidenceInterval = [1.174 μs; 1.194 μs] (CI 99.9%), Margin = 0.010 μs (0.82% of Mean)
Skewness = -0.62, Kurtosis = 1.59, MValue = 2

// ** Remained 2 (5.3 %) benchmark(s) to run. Estimated finish 2026-08-06 10:33 (0h 0m from now) **
// **************************
// Benchmark: Utf8StreamRoundTrip.ServiceStackText: Quick(MaxRelativeError=0.05, Arguments=/p:MatrixMode=Benchmark, IterationTime=250ms, MaxIterationCount=12, MaxWarmupIterationCount=5, MinIterationCount=8, MinWarmupIterationCount=3)
// *** Execute ***
// Launch: 1 / 1
// Execute: dotnet Matrix.JsonSerialization-Quick-1.dll --anonymousPipes 186 187 --benchmarkName Matrix.JsonSerialization.Benchmarks.Utf8StreamRoundTrip.ServiceStackText --job Quick --benchmarkId 36 in /home/runner/work/dotnet-matrix/dotnet-matrix/src/Matrix.JsonSerialization/bin/Benchmark/Release/net10.0/Matrix.JsonSerialization-Quick-1/bin/Release/net10.0
// Failed to set up high priority (Permission denied). In order to run benchmarks with high priority, make sure you have the right permissions.
// BeforeAnythingElse

// Benchmark Process Environment Information:
// BenchmarkDotNet v0.15.8
// Runtime=.NET 10.0.10 (10.0.10, 10.0.1026.32716), X64 RyuJIT x86-64-v4
// GC=Concurrent Workstation
// HardwareIntrinsics=AVX512 BITALG+VBMI2+VNNI+VPOPCNTDQ,AVX512 IFMA+VBMI,AVX512 F+BW+CD+DQ+VL,AVX2+BMI1+BMI2+F16C+FMA+LZCNT+MOVBE,AVX,SSE3+SSSE3+SSE4.1+SSE4.2+POPCNT,X86Base+SSE+SSE2,AES+PCLMUL VectorSize=256
// Job: Quick(MaxRelativeError=0.05, IterationTime=250ms, MaxIterationCount=12, MaxWarmupIterationCount=5, MinIterationCount=8, MinWarmupIterationCount=3)

OverheadJitting  1: 1 op, 254078.00 ns, 254.0780 us/op
WorkloadJitting  1: 1 op, 57471422.00 ns, 57.4714 ms/op

WorkloadPilot    1: 4 op, 244268.00 ns, 61.0670 us/op
WorkloadPilot    2: 4094 op, 21593534.00 ns, 5.2744 us/op
WorkloadPilot    3: 47398 op, 283638819.00 ns, 5.9842 us/op
WorkloadPilot    4: 41777 op, 243956705.00 ns, 5.8395 us/op
WorkloadPilot    5: 42812 op, 250923311.00 ns, 5.8611 us/op
WorkloadPilot    6: 42654 op, 254205891.00 ns, 5.9597 us/op

WorkloadWarmup   1: 42654 op, 207663999.00 ns, 4.8686 us/op
WorkloadWarmup   2: 42654 op, 49586882.00 ns, 1.1625 us/op
WorkloadWarmup   3: 42654 op, 45746583.00 ns, 1.0725 us/op
WorkloadWarmup   4: 42654 op, 42587351.00 ns, 998.4375 ns/op
WorkloadWarmup   5: 42654 op, 44399846.00 ns, 1.0409 us/op

// BeforeActualRun
WorkloadActual   1: 42654 op, 43985518.00 ns, 1.0312 us/op
WorkloadActual   2: 42654 op, 43432897.00 ns, 1.0183 us/op
WorkloadActual   3: 42654 op, 42499768.00 ns, 996.3841 ns/op
WorkloadActual   4: 42654 op, 44667791.00 ns, 1.0472 us/op
WorkloadActual   5: 42654 op, 43099061.00 ns, 1.0104 us/op
WorkloadActual   6: 42654 op, 42671762.00 ns, 1.0004 us/op
WorkloadActual   7: 42654 op, 42460632.00 ns, 995.4666 ns/op
WorkloadActual   8: 42654 op, 44541979.00 ns, 1.0443 us/op

// AfterActualRun
WorkloadResult   1: 42654 op, 43985518.00 ns, 1.0312 us/op
WorkloadResult   2: 42654 op, 43432897.00 ns, 1.0183 us/op
WorkloadResult   3: 42654 op, 42499768.00 ns, 996.3841 ns/op
WorkloadResult   4: 42654 op, 44667791.00 ns, 1.0472 us/op
WorkloadResult   5: 42654 op, 43099061.00 ns, 1.0104 us/op
WorkloadResult   6: 42654 op, 42671762.00 ns, 1.0004 us/op
WorkloadResult   7: 42654 op, 42460632.00 ns, 995.4666 ns/op
WorkloadResult   8: 42654 op, 44541979.00 ns, 1.0443 us/op
// GC:  1 0 0 122503360 42654
// Threading:  0 0 42654

// AfterAll
// Benchmark Process 3888 has exited with code 0.

Mean = 1.018 μs, StdErr = 0.007 μs (0.73%), N = 8, StdDev = 0.021 μs
Min = 0.995 μs, Q1 = 0.999 μs, Median = 1.014 μs, Q3 = 1.034 μs, Max = 1.047 μs
IQR = 0.035 μs, LowerFence = 0.947 μs, UpperFence = 1.087 μs
ConfidenceInterval = [0.978 μs; 1.058 μs] (CI 99.9%), Margin = 0.040 μs (3.93% of Mean)
Skewness = 0.25, Kurtosis = 1.19, MValue = 2

// ** Remained 1 (2.6 %) benchmark(s) to run. Estimated finish 2026-08-06 10:33 (0h 0m from now) **
// **************************
// Benchmark: Utf8StreamRoundTrip.SystemTextJson: Quick(MaxRelativeError=0.05, Arguments=/p:MatrixMode=Benchmark, IterationTime=250ms, MaxIterationCount=12, MaxWarmupIterationCount=5, MinIterationCount=8, MinWarmupIterationCount=3)
// *** Execute ***
// Launch: 1 / 1
// Execute: dotnet Matrix.JsonSerialization-Quick-1.dll --anonymousPipes 186 187 --benchmarkName Matrix.JsonSerialization.Benchmarks.Utf8StreamRoundTrip.SystemTextJson --job Quick --benchmarkId 37 in /home/runner/work/dotnet-matrix/dotnet-matrix/src/Matrix.JsonSerialization/bin/Benchmark/Release/net10.0/Matrix.JsonSerialization-Quick-1/bin/Release/net10.0
// Failed to set up high priority (Permission denied). In order to run benchmarks with high priority, make sure you have the right permissions.
// BeforeAnythingElse

// Benchmark Process Environment Information:
// BenchmarkDotNet v0.15.8
// Runtime=.NET 10.0.10 (10.0.10, 10.0.1026.32716), X64 RyuJIT x86-64-v4
// GC=Concurrent Workstation
// HardwareIntrinsics=AVX512 BITALG+VBMI2+VNNI+VPOPCNTDQ,AVX512 IFMA+VBMI,AVX512 F+BW+CD+DQ+VL,AVX2+BMI1+BMI2+F16C+FMA+LZCNT+MOVBE,AVX,SSE3+SSSE3+SSE4.1+SSE4.2+POPCNT,X86Base+SSE+SSE2,AES+PCLMUL VectorSize=256
// Job: Quick(MaxRelativeError=0.05, IterationTime=250ms, MaxIterationCount=12, MaxWarmupIterationCount=5, MinIterationCount=8, MinWarmupIterationCount=3)

OverheadJitting  1: 1 op, 248805.00 ns, 248.8050 us/op
WorkloadJitting  1: 1 op, 21719077.00 ns, 21.7191 ms/op

WorkloadPilot    1: 4 op, 180464.00 ns, 45.1160 us/op
WorkloadPilot    2: 5541 op, 14537313.00 ns, 2.6236 us/op
WorkloadPilot    3: 95289 op, 267775059.00 ns, 2.8101 us/op
WorkloadPilot    4: 88964 op, 188533632.00 ns, 2.1192 us/op
WorkloadPilot    5: 117968 op, 224309432.00 ns, 1.9014 us/op
WorkloadPilot    6: 131479 op, 251794600.00 ns, 1.9151 us/op
WorkloadPilot    7: 130542 op, 169381694.00 ns, 1.2975 us/op
WorkloadPilot    8: 192674 op, 101678235.00 ns, 527.7216 ns/op
WorkloadPilot    9: 473735 op, 238196055.00 ns, 502.8044 ns/op
WorkloadPilot   10: 497211 op, 237542180.00 ns, 477.7492 ns/op
WorkloadPilot   11: 523287 op, 248070117.00 ns, 474.0613 ns/op
WorkloadPilot   12: 527358 op, 256238357.00 ns, 485.8907 ns/op

WorkloadWarmup   1: 527358 op, 252559392.00 ns, 478.9145 ns/op
WorkloadWarmup   2: 527358 op, 250620591.00 ns, 475.2381 ns/op
WorkloadWarmup   3: 527358 op, 249665103.00 ns, 473.4262 ns/op
WorkloadWarmup   4: 527358 op, 249969550.00 ns, 474.0035 ns/op
WorkloadWarmup   5: 527358 op, 252484855.00 ns, 478.7732 ns/op

// BeforeActualRun
WorkloadActual   1: 527358 op, 254379144.00 ns, 482.3652 ns/op
WorkloadActual   2: 527358 op, 253572020.00 ns, 480.8347 ns/op
WorkloadActual   3: 527358 op, 252850485.00 ns, 479.4665 ns/op
WorkloadActual   4: 527358 op, 249484845.00 ns, 473.0844 ns/op
WorkloadActual   5: 527358 op, 250112777.00 ns, 474.2751 ns/op
WorkloadActual   6: 527358 op, 249633223.00 ns, 473.3658 ns/op
WorkloadActual   7: 527358 op, 250644413.00 ns, 475.2832 ns/op
WorkloadActual   8: 527358 op, 249238820.00 ns, 472.6179 ns/op

// AfterActualRun
WorkloadResult   1: 527358 op, 254379144.00 ns, 482.3652 ns/op
WorkloadResult   2: 527358 op, 253572020.00 ns, 480.8347 ns/op
WorkloadResult   3: 527358 op, 252850485.00 ns, 479.4665 ns/op
WorkloadResult   4: 527358 op, 249484845.00 ns, 473.0844 ns/op
WorkloadResult   5: 527358 op, 250112777.00 ns, 474.2751 ns/op
WorkloadResult   6: 527358 op, 249633223.00 ns, 473.3658 ns/op
WorkloadResult   7: 527358 op, 250644413.00 ns, 475.2832 ns/op
WorkloadResult   8: 527358 op, 249238820.00 ns, 472.6179 ns/op
// GC:  1 0 0 147660240 527358
// Threading:  0 0 527358

// AfterAll
// Benchmark Process 3898 has exited with code 0.

Mean = 476.412 ns, StdErr = 1.369 ns (0.29%), N = 8, StdDev = 3.871 ns
Min = 472.618 ns, Q1 = 473.295 ns, Median = 474.779 ns, Q3 = 479.809 ns, Max = 482.365 ns
IQR = 6.513 ns, LowerFence = 463.526 ns, UpperFence = 489.578 ns
ConfidenceInterval = [469.009 ns; 483.814 ns] (CI 99.9%), Margin = 7.402 ns (1.55% of Mean)
Skewness = 0.42, Kurtosis = 1.2, MValue = 2

// ** Remained 0 (0.0 %) benchmark(s) to run. Estimated finish 2026-08-06 10:33 (0h 0m from now) **
// ***** BenchmarkRunner: Finish  *****

// * Export *
  tmp/dotnet-matrix/JsonSerialization/6a20c96a9b2040c3afe6893cda53c8bf/results/Matrix.JsonSerialization.Benchmarks.Utf8StreamRoundTrip-report.csv
  tmp/dotnet-matrix/JsonSerialization/6a20c96a9b2040c3afe6893cda53c8bf/results/Matrix.JsonSerialization.Benchmarks.Utf8StreamRoundTrip-report-github.md
  tmp/dotnet-matrix/JsonSerialization/6a20c96a9b2040c3afe6893cda53c8bf/results/Matrix.JsonSerialization.Benchmarks.Utf8StreamRoundTrip-report.html
  tmp/dotnet-matrix/JsonSerialization/6a20c96a9b2040c3afe6893cda53c8bf/results/Matrix.JsonSerialization.Benchmarks.Utf8StreamRoundTrip-report-full.json

// * Detailed results *
Utf8StreamRoundTrip.SystemTextJson: Quick(MaxRelativeError=0.05, Arguments=/p:MatrixMode=Benchmark, IterationTime=250ms, MaxIterationCount=12, MaxWarmupIterationCount=5, MinIterationCount=8, MinWarmupIterationCount=3)
Runtime = .NET 10.0.10 (10.0.10, 10.0.1026.32716), X64 RyuJIT x86-64-v4; GC = Concurrent Workstation
Mean = 476.412 ns, StdErr = 1.369 ns (0.29%), N = 8, StdDev = 3.871 ns
Min = 472.618 ns, Q1 = 473.295 ns, Median = 474.779 ns, Q3 = 479.809 ns, Max = 482.365 ns
IQR = 6.513 ns, LowerFence = 463.526 ns, UpperFence = 489.578 ns
ConfidenceInterval = [469.009 ns; 483.814 ns] (CI 99.9%), Margin = 7.402 ns (1.55% of Mean)
Skewness = 0.42, Kurtosis = 1.2, MValue = 2
-------------------- Histogram --------------------
[470.077 ns ; 484.906 ns) | @@@@@@@@
---------------------------------------------------

Utf8StreamRoundTrip.ServiceStackText: Quick(MaxRelativeError=0.05, Arguments=/p:MatrixMode=Benchmark, IterationTime=250ms, MaxIterationCount=12, MaxWarmupIterationCount=5, MinIterationCount=8, MinWarmupIterationCount=3)
Runtime = .NET 10.0.10 (10.0.10, 10.0.1026.32716), X64 RyuJIT x86-64-v4; GC = Concurrent Workstation
Mean = 1.018 μs, StdErr = 0.007 μs (0.73%), N = 8, StdDev = 0.021 μs
Min = 0.995 μs, Q1 = 0.999 μs, Median = 1.014 μs, Q3 = 1.034 μs, Max = 1.047 μs
IQR = 0.035 μs, LowerFence = 0.947 μs, UpperFence = 1.087 μs
ConfidenceInterval = [0.978 μs; 1.058 μs] (CI 99.9%), Margin = 0.040 μs (3.93% of Mean)
Skewness = 0.25, Kurtosis = 1.19, MValue = 2
-------------------- Histogram --------------------
[0.993 μs ; 1.021 μs) | @@@@@
[1.021 μs ; 1.053 μs) | @@@
---------------------------------------------------

Utf8StreamRoundTrip.NewtonsoftJson: Quick(MaxRelativeError=0.05, Arguments=/p:MatrixMode=Benchmark, IterationTime=250ms, MaxIterationCount=12, MaxWarmupIterationCount=5, MinIterationCount=8, MinWarmupIterationCount=3)
Runtime = .NET 10.0.10 (10.0.10, 10.0.1026.32716), X64 RyuJIT x86-64-v4; GC = Concurrent Workstation
Mean = 1.184 μs, StdErr = 0.002 μs (0.15%), N = 8, StdDev = 0.005 μs
Min = 1.175 μs, Q1 = 1.182 μs, Median = 1.185 μs, Q3 = 1.188 μs, Max = 1.189 μs
IQR = 0.006 μs, LowerFence = 1.174 μs, UpperFence = 1.196 μs
ConfidenceInterval = [1.174 μs; 1.194 μs] (CI 99.9%), Margin = 0.010 μs (0.82% of Mean)
Skewness = -0.62, Kurtosis = 1.59, MValue = 2
-------------------- Histogram --------------------
[1.172 μs ; 1.192 μs) | @@@@@@@@
---------------------------------------------------

// * Summary *

BenchmarkDotNet v0.15.8, Linux Ubuntu 24.04.4 LTS (Noble Numbat)
INTEL XEON PLATINUM 8573C 3.06GHz, 1 CPU, 4 logical and 2 physical cores
.NET SDK 10.0.302
  [Host] : .NET 10.0.10 (10.0.10, 10.0.1026.32716), X64 RyuJIT x86-64-v4
  Quick  : .NET 10.0.10 (10.0.10, 10.0.1026.32716), X64 RyuJIT x86-64-v4

Job=Quick  MaxRelativeError=0.05  Arguments=/p:MatrixMode=Benchmark  
IterationTime=250ms  MaxIterationCount=12  MaxWarmupIterationCount=5  
MinIterationCount=8  MinWarmupIterationCount=3  

| Method           | Mean       | Error    | StdDev   | Gen0   | Allocated |
|----------------- |-----------:|---------:|---------:|-------:|----------:|
| SystemTextJson   |   476.4 ns |  7.40 ns |  3.87 ns | 0.0019 |     280 B |
| ServiceStackText | 1,018.0 ns | 39.97 ns | 20.91 ns | 0.0234 |    2872 B |
| NewtonsoftJson   | 1,184.1 ns |  9.76 ns |  5.10 ns | 0.0470 |    4224 B |

// * Warnings *
MinIterationTime
  Utf8StreamRoundTrip.ServiceStackText: Quick -> The minimum observed iteration time is 42.461ms which is very small. It's recommended to increase it to at least 100ms using more operations.

// * Legends *
  Mean      : Arithmetic mean of all measurements
  Error     : Half of 99.9% confidence interval
  StdDev    : Standard deviation of all measurements
  Gen0      : GC Generation 0 collects per 1000 operations
  Allocated : Allocated memory per single operation (managed only, inclusive, 1KB = 1024B)
  1 ns      : 1 Nanosecond (0.000000001 sec)

// * Diagnostic Output - MemoryDiagnoser *


// ***** BenchmarkRunner: End *****
Run time: 00:00:13 (13.51 sec), executed benchmarks: 3

Global total time: 00:03:37 (217.27 sec), executed benchmarks: 38
// * Artifacts cleanup *
Artifacts cleanup is finished
