// Validating benchmarks:
// ***** BenchmarkRunner: Start   *****
// ***** Found 38 benchmark(s) in total *****
// ***** Building 1 exe(s) in Parallel: Start   *****
// start dotnet  restore /p:MatrixMode=Benchmark --nodeReuse:false /p:UseSharedCompilation=false /p:Deterministic=true /p:Optimize=true /p:ArtifactsPath="/home/runner/work/dotnet-matrix/dotnet-matrix/src/Matrix.CsvProcessing/bin/Benchmark/Release/net10.0/Matrix.CsvProcessing-Quick-1/" /p:OutDir="/home/runner/work/dotnet-matrix/dotnet-matrix/src/Matrix.CsvProcessing/bin/Benchmark/Release/net10.0/Matrix.CsvProcessing-Quick-1/bin/Release/net10.0/" /p:OutputPath="/home/runner/work/dotnet-matrix/dotnet-matrix/src/Matrix.CsvProcessing/bin/Benchmark/Release/net10.0/Matrix.CsvProcessing-Quick-1/bin/Release/net10.0/" /p:PublishDir="/home/runner/work/dotnet-matrix/dotnet-matrix/src/Matrix.CsvProcessing/bin/Benchmark/Release/net10.0/Matrix.CsvProcessing-Quick-1/publish/" in /home/runner/work/dotnet-matrix/dotnet-matrix/src/Matrix.CsvProcessing/bin/Benchmark/Release/net10.0/Matrix.CsvProcessing-Quick-1
// command took 1.43 sec and exited with 0
// start dotnet  build -c Release /p:MatrixMode=Benchmark --no-restore --nodeReuse:false /p:UseSharedCompilation=false /p:Deterministic=true /p:Optimize=true /p:ArtifactsPath="/home/runner/work/dotnet-matrix/dotnet-matrix/src/Matrix.CsvProcessing/bin/Benchmark/Release/net10.0/Matrix.CsvProcessing-Quick-1/" /p:OutDir="/home/runner/work/dotnet-matrix/dotnet-matrix/src/Matrix.CsvProcessing/bin/Benchmark/Release/net10.0/Matrix.CsvProcessing-Quick-1/bin/Release/net10.0/" /p:OutputPath="/home/runner/work/dotnet-matrix/dotnet-matrix/src/Matrix.CsvProcessing/bin/Benchmark/Release/net10.0/Matrix.CsvProcessing-Quick-1/bin/Release/net10.0/" /p:PublishDir="/home/runner/work/dotnet-matrix/dotnet-matrix/src/Matrix.CsvProcessing/bin/Benchmark/Release/net10.0/Matrix.CsvProcessing-Quick-1/publish/" --output "/home/runner/work/dotnet-matrix/dotnet-matrix/src/Matrix.CsvProcessing/bin/Benchmark/Release/net10.0/Matrix.CsvProcessing-Quick-1/bin/Release/net10.0/" in /home/runner/work/dotnet-matrix/dotnet-matrix/src/Matrix.CsvProcessing/bin/Benchmark/Release/net10.0/Matrix.CsvProcessing-Quick-1
// command took 11.55 sec and exited with 0
// ***** Done, took 00:00:13 (13.13 sec)   *****
// Found 4 benchmarks:
//   AsyncRead.CsvHelper: Quick(MaxRelativeError=0.05, Arguments=/p:MatrixMode=Benchmark, IterationTime=250ms, MaxIterationCount=12, MaxWarmupIterationCount=5, MinIterationCount=8, MinWarmupIterationCount=3)
//   AsyncRead.Sep: Quick(MaxRelativeError=0.05, Arguments=/p:MatrixMode=Benchmark, IterationTime=250ms, MaxIterationCount=12, MaxWarmupIterationCount=5, MinIterationCount=8, MinWarmupIterationCount=3)
//   AsyncRead.Sylvan: Quick(MaxRelativeError=0.05, Arguments=/p:MatrixMode=Benchmark, IterationTime=250ms, MaxIterationCount=12, MaxWarmupIterationCount=5, MinIterationCount=8, MinWarmupIterationCount=3)
//   AsyncRead.TinyCsvParser: Quick(MaxRelativeError=0.05, Arguments=/p:MatrixMode=Benchmark, IterationTime=250ms, MaxIterationCount=12, MaxWarmupIterationCount=5, MinIterationCount=8, MinWarmupIterationCount=3)

// **************************
// Benchmark: AsyncRead.CsvHelper: Quick(MaxRelativeError=0.05, Arguments=/p:MatrixMode=Benchmark, IterationTime=250ms, MaxIterationCount=12, MaxWarmupIterationCount=5, MinIterationCount=8, MinWarmupIterationCount=3)
// *** Execute ***
// Launch: 1 / 1
// Execute: dotnet Matrix.CsvProcessing-Quick-1.dll --anonymousPipes 131 132 --benchmarkName Matrix.CsvProcessing.Benchmarks.AsyncRead.CsvHelper --job Quick --benchmarkId 0 in /home/runner/work/dotnet-matrix/dotnet-matrix/src/Matrix.CsvProcessing/bin/Benchmark/Release/net10.0/Matrix.CsvProcessing-Quick-1/bin/Release/net10.0
// Failed to set up high priority (Permission denied). In order to run benchmarks with high priority, make sure you have the right permissions.
// BeforeAnythingElse

// Benchmark Process Environment Information:
// BenchmarkDotNet v0.15.8
// Runtime=.NET 10.0.10 (10.0.10, 10.0.1026.32716), X64 RyuJIT x86-64-v3
// GC=Concurrent Workstation
// HardwareIntrinsics=AVX2+BMI1+BMI2+F16C+FMA+LZCNT+MOVBE,AVX,SSE3+SSSE3+SSE4.1+SSE4.2+POPCNT,X86Base+SSE+SSE2,AES+PCLMUL VectorSize=256
// Job: Quick(MaxRelativeError=0.05, IterationTime=250ms, MaxIterationCount=12, MaxWarmupIterationCount=5, MinIterationCount=8, MinWarmupIterationCount=3)

OverheadJitting  1: 1 op, 249789.00 ns, 249.7890 us/op
WorkloadJitting  1: 1 op, 45333843.00 ns, 45.3338 ms/op

WorkloadPilot    1: 4 op, 69881776.00 ns, 17.4704 ms/op
WorkloadPilot    2: 14 op, 286560917.00 ns, 20.4686 ms/op
WorkloadPilot    3: 12 op, 146155982.00 ns, 12.1797 ms/op
WorkloadPilot    4: 21 op, 95665468.00 ns, 4.5555 ms/op
WorkloadPilot    5: 55 op, 256040573.00 ns, 4.6553 ms/op

WorkloadWarmup   1: 55 op, 246375510.00 ns, 4.4796 ms/op
WorkloadWarmup   2: 55 op, 245289260.00 ns, 4.4598 ms/op
WorkloadWarmup   3: 55 op, 250235085.00 ns, 4.5497 ms/op
WorkloadWarmup   4: 55 op, 246191684.00 ns, 4.4762 ms/op
WorkloadWarmup   5: 55 op, 245573744.00 ns, 4.4650 ms/op

// BeforeActualRun
WorkloadActual   1: 55 op, 246145497.00 ns, 4.4754 ms/op
WorkloadActual   2: 55 op, 246411898.00 ns, 4.4802 ms/op
WorkloadActual   3: 55 op, 246110031.00 ns, 4.4747 ms/op
WorkloadActual   4: 55 op, 245737782.00 ns, 4.4680 ms/op
WorkloadActual   5: 55 op, 246325396.00 ns, 4.4786 ms/op
WorkloadActual   6: 55 op, 246592662.00 ns, 4.4835 ms/op
WorkloadActual   7: 55 op, 247039938.00 ns, 4.4916 ms/op
WorkloadActual   8: 55 op, 249059120.00 ns, 4.5283 ms/op

// AfterActualRun
WorkloadResult   1: 55 op, 246145497.00 ns, 4.4754 ms/op
WorkloadResult   2: 55 op, 246411898.00 ns, 4.4802 ms/op
WorkloadResult   3: 55 op, 246110031.00 ns, 4.4747 ms/op
WorkloadResult   4: 55 op, 245737782.00 ns, 4.4680 ms/op
WorkloadResult   5: 55 op, 246325396.00 ns, 4.4786 ms/op
WorkloadResult   6: 55 op, 246592662.00 ns, 4.4835 ms/op
WorkloadResult   7: 55 op, 247039938.00 ns, 4.4916 ms/op
// GC:  7 0 0 120333400 55
// Threading:  0 0 55

// AfterAll
// Benchmark Process 3422 has exited with code 0.

Mean = 4.479 ms, StdErr = 0.003 ms (0.06%), N = 7, StdDev = 0.007 ms
Min = 4.468 ms, Q1 = 4.475 ms, Median = 4.479 ms, Q3 = 4.482 ms, Max = 4.492 ms
IQR = 0.007 ms, LowerFence = 4.465 ms, UpperFence = 4.492 ms
ConfidenceInterval = [4.462 ms; 4.496 ms] (CI 99.9%), Margin = 0.017 ms (0.38% of Mean)
Skewness = 0.27, Kurtosis = 1.91, MValue = 2

// ** Remained 37 (97.4 %) benchmark(s) to run. Estimated finish 2026-08-11 9:30 (0h 2m from now) **
// **************************
// Benchmark: AsyncRead.Sep: Quick(MaxRelativeError=0.05, Arguments=/p:MatrixMode=Benchmark, IterationTime=250ms, MaxIterationCount=12, MaxWarmupIterationCount=5, MinIterationCount=8, MinWarmupIterationCount=3)
// *** Execute ***
// Launch: 1 / 1
// Execute: dotnet Matrix.CsvProcessing-Quick-1.dll --anonymousPipes 131 132 --benchmarkName Matrix.CsvProcessing.Benchmarks.AsyncRead.Sep --job Quick --benchmarkId 1 in /home/runner/work/dotnet-matrix/dotnet-matrix/src/Matrix.CsvProcessing/bin/Benchmark/Release/net10.0/Matrix.CsvProcessing-Quick-1/bin/Release/net10.0
// Failed to set up high priority (Permission denied). In order to run benchmarks with high priority, make sure you have the right permissions.
// BeforeAnythingElse

// Benchmark Process Environment Information:
// BenchmarkDotNet v0.15.8
// Runtime=.NET 10.0.10 (10.0.10, 10.0.1026.32716), X64 RyuJIT x86-64-v3
// GC=Concurrent Workstation
// HardwareIntrinsics=AVX2+BMI1+BMI2+F16C+FMA+LZCNT+MOVBE,AVX,SSE3+SSSE3+SSE4.1+SSE4.2+POPCNT,X86Base+SSE+SSE2,AES+PCLMUL VectorSize=256
// Job: Quick(MaxRelativeError=0.05, IterationTime=250ms, MaxIterationCount=12, MaxWarmupIterationCount=5, MinIterationCount=8, MinWarmupIterationCount=3)

OverheadJitting  1: 1 op, 251713.00 ns, 251.7130 us/op
WorkloadJitting  1: 1 op, 44247129.00 ns, 44.2471 ms/op

WorkloadPilot    1: 4 op, 5501433.00 ns, 1.3754 ms/op
WorkloadPilot    2: 182 op, 287054432.00 ns, 1.5772 ms/op
WorkloadPilot    3: 159 op, 150591980.00 ns, 947.1194 us/op
WorkloadPilot    4: 264 op, 223263171.00 ns, 845.6938 us/op
WorkloadPilot    5: 296 op, 251800460.00 ns, 850.6772 us/op
WorkloadPilot    6: 294 op, 247207703.00 ns, 840.8425 us/op
WorkloadPilot    7: 297 op, 249955164.00 ns, 841.5999 us/op

WorkloadWarmup   1: 297 op, 250054029.00 ns, 841.9328 us/op
WorkloadWarmup   2: 297 op, 253381690.00 ns, 853.1370 us/op
WorkloadWarmup   3: 297 op, 250205464.00 ns, 842.4426 us/op
WorkloadWarmup   4: 297 op, 250066212.00 ns, 841.9738 us/op
WorkloadWarmup   5: 297 op, 250605545.00 ns, 843.7897 us/op

// BeforeActualRun
WorkloadActual   1: 297 op, 250700854.00 ns, 844.1106 us/op
WorkloadActual   2: 297 op, 248724452.00 ns, 837.4561 us/op
WorkloadActual   3: 297 op, 249614604.00 ns, 840.4532 us/op
WorkloadActual   4: 297 op, 259397108.00 ns, 873.3909 us/op
WorkloadActual   5: 297 op, 251721441.00 ns, 847.5469 us/op
WorkloadActual   6: 297 op, 249006992.00 ns, 838.4074 us/op
WorkloadActual   7: 297 op, 249805312.00 ns, 841.0953 us/op
WorkloadActual   8: 297 op, 249713650.00 ns, 840.7867 us/op

// AfterActualRun
WorkloadResult   1: 297 op, 250700854.00 ns, 844.1106 us/op
WorkloadResult   2: 297 op, 248724452.00 ns, 837.4561 us/op
WorkloadResult   3: 297 op, 249614604.00 ns, 840.4532 us/op
WorkloadResult   4: 297 op, 251721441.00 ns, 847.5469 us/op
WorkloadResult   5: 297 op, 249006992.00 ns, 838.4074 us/op
WorkloadResult   6: 297 op, 249805312.00 ns, 841.0953 us/op
WorkloadResult   7: 297 op, 249713650.00 ns, 840.7867 us/op
// GC:  0 0 0 437184 297
// Threading:  0 0 297

// AfterAll
// Benchmark Process 3432 has exited with code 0.

Mean = 841.408 μs, StdErr = 1.300 μs (0.15%), N = 7, StdDev = 3.440 μs
Min = 837.456 μs, Q1 = 839.430 μs, Median = 840.787 μs, Q3 = 842.603 μs, Max = 847.547 μs
IQR = 3.173 μs, LowerFence = 834.671 μs, UpperFence = 847.362 μs
ConfidenceInterval = [833.660 μs; 849.156 μs] (CI 99.9%), Margin = 7.748 μs (0.92% of Mean)
Skewness = 0.57, Kurtosis = 1.84, MValue = 2

// ** Remained 36 (94.7 %) benchmark(s) to run. Estimated finish 2026-08-11 9:31 (0h 2m from now) **
// **************************
// Benchmark: AsyncRead.Sylvan: Quick(MaxRelativeError=0.05, Arguments=/p:MatrixMode=Benchmark, IterationTime=250ms, MaxIterationCount=12, MaxWarmupIterationCount=5, MinIterationCount=8, MinWarmupIterationCount=3)
// *** Execute ***
// Launch: 1 / 1
// Execute: dotnet Matrix.CsvProcessing-Quick-1.dll --anonymousPipes 131 132 --benchmarkName Matrix.CsvProcessing.Benchmarks.AsyncRead.Sylvan --job Quick --benchmarkId 2 in /home/runner/work/dotnet-matrix/dotnet-matrix/src/Matrix.CsvProcessing/bin/Benchmark/Release/net10.0/Matrix.CsvProcessing-Quick-1/bin/Release/net10.0
// Failed to set up high priority (Permission denied). In order to run benchmarks with high priority, make sure you have the right permissions.
// BeforeAnythingElse

// Benchmark Process Environment Information:
// BenchmarkDotNet v0.15.8
// Runtime=.NET 10.0.10 (10.0.10, 10.0.1026.32716), X64 RyuJIT x86-64-v3
// GC=Concurrent Workstation
// HardwareIntrinsics=AVX2+BMI1+BMI2+F16C+FMA+LZCNT+MOVBE,AVX,SSE3+SSSE3+SSE4.1+SSE4.2+POPCNT,X86Base+SSE+SSE2,AES+PCLMUL VectorSize=256
// Job: Quick(MaxRelativeError=0.05, IterationTime=250ms, MaxIterationCount=12, MaxWarmupIterationCount=5, MinIterationCount=8, MinWarmupIterationCount=3)

OverheadJitting  1: 1 op, 250080.00 ns, 250.0800 us/op
WorkloadJitting  1: 1 op, 36842668.00 ns, 36.8427 ms/op

WorkloadPilot    1: 4 op, 16008868.00 ns, 4.0022 ms/op
WorkloadPilot    2: 62 op, 226231456.00 ns, 3.6489 ms/op
WorkloadPilot    3: 69 op, 109839740.00 ns, 1.5919 ms/op
WorkloadPilot    4: 157 op, 201858198.00 ns, 1.2857 ms/op
WorkloadPilot    5: 194 op, 221345459.00 ns, 1.1410 ms/op
WorkloadPilot    6: 219 op, 245565819.00 ns, 1.1213 ms/op
WorkloadPilot    7: 223 op, 250760646.00 ns, 1.1245 ms/op

WorkloadWarmup   1: 223 op, 248468692.00 ns, 1.1142 ms/op
WorkloadWarmup   2: 223 op, 249594189.00 ns, 1.1193 ms/op
WorkloadWarmup   3: 223 op, 248411173.00 ns, 1.1140 ms/op
WorkloadWarmup   4: 223 op, 248596464.00 ns, 1.1148 ms/op
WorkloadWarmup   5: 223 op, 248869115.00 ns, 1.1160 ms/op

// BeforeActualRun
WorkloadActual   1: 223 op, 248860930.00 ns, 1.1160 ms/op
WorkloadActual   2: 223 op, 249839887.00 ns, 1.1204 ms/op
WorkloadActual   3: 223 op, 250995095.00 ns, 1.1255 ms/op
WorkloadActual   4: 223 op, 248675111.00 ns, 1.1151 ms/op
WorkloadActual   5: 223 op, 250586877.00 ns, 1.1237 ms/op
WorkloadActual   6: 223 op, 248599018.00 ns, 1.1148 ms/op
WorkloadActual   7: 223 op, 248207453.00 ns, 1.1130 ms/op
WorkloadActual   8: 223 op, 248189209.00 ns, 1.1130 ms/op

// AfterActualRun
WorkloadResult   1: 223 op, 248860930.00 ns, 1.1160 ms/op
WorkloadResult   2: 223 op, 249839887.00 ns, 1.1204 ms/op
WorkloadResult   3: 223 op, 250995095.00 ns, 1.1255 ms/op
WorkloadResult   4: 223 op, 248675111.00 ns, 1.1151 ms/op
WorkloadResult   5: 223 op, 250586877.00 ns, 1.1237 ms/op
WorkloadResult   6: 223 op, 248599018.00 ns, 1.1148 ms/op
WorkloadResult   7: 223 op, 248207453.00 ns, 1.1130 ms/op
WorkloadResult   8: 223 op, 248189209.00 ns, 1.1130 ms/op
// GC:  0 0 0 8231584 223
// Threading:  0 0 223

// AfterAll
// Benchmark Process 3444 has exited with code 0.

Mean = 1.118 ms, StdErr = 0.002 ms (0.15%), N = 8, StdDev = 0.005 ms
Min = 1.113 ms, Q1 = 1.114 ms, Median = 1.116 ms, Q3 = 1.121 ms, Max = 1.126 ms
IQR = 0.007 ms, LowerFence = 1.104 ms, UpperFence = 1.131 ms
ConfidenceInterval = [1.108 ms; 1.127 ms] (CI 99.9%), Margin = 0.009 ms (0.84% of Mean)
Skewness = 0.5, Kurtosis = 1.38, MValue = 2

// ** Remained 35 (92.1 %) benchmark(s) to run. Estimated finish 2026-08-11 9:31 (0h 2m from now) **
// **************************
// Benchmark: AsyncRead.TinyCsvParser: Quick(MaxRelativeError=0.05, Arguments=/p:MatrixMode=Benchmark, IterationTime=250ms, MaxIterationCount=12, MaxWarmupIterationCount=5, MinIterationCount=8, MinWarmupIterationCount=3)
// *** Execute ***
// Launch: 1 / 1
// Execute: dotnet Matrix.CsvProcessing-Quick-1.dll --anonymousPipes 131 132 --benchmarkName Matrix.CsvProcessing.Benchmarks.AsyncRead.TinyCsvParser --job Quick --benchmarkId 3 in /home/runner/work/dotnet-matrix/dotnet-matrix/src/Matrix.CsvProcessing/bin/Benchmark/Release/net10.0/Matrix.CsvProcessing-Quick-1/bin/Release/net10.0
// Failed to set up high priority (Permission denied). In order to run benchmarks with high priority, make sure you have the right permissions.
// BeforeAnythingElse

// Benchmark Process Environment Information:
// BenchmarkDotNet v0.15.8
// Runtime=.NET 10.0.10 (10.0.10, 10.0.1026.32716), X64 RyuJIT x86-64-v3
// GC=Concurrent Workstation
// HardwareIntrinsics=AVX2+BMI1+BMI2+F16C+FMA+LZCNT+MOVBE,AVX,SSE3+SSSE3+SSE4.1+SSE4.2+POPCNT,X86Base+SSE+SSE2,AES+PCLMUL VectorSize=256
// Job: Quick(MaxRelativeError=0.05, IterationTime=250ms, MaxIterationCount=12, MaxWarmupIterationCount=5, MinIterationCount=8, MinWarmupIterationCount=3)

OverheadJitting  1: 1 op, 222227.00 ns, 222.2270 us/op
WorkloadJitting  1: 1 op, 76396494.00 ns, 76.3965 ms/op

WorkloadPilot    1: 4 op, 118695226.00 ns, 29.6738 ms/op
WorkloadPilot    2: 8 op, 278760102.00 ns, 34.8450 ms/op

WorkloadWarmup   1: 8 op, 287973936.00 ns, 35.9967 ms/op
WorkloadWarmup   2: 8 op, 99647917.00 ns, 12.4560 ms/op
WorkloadWarmup   3: 8 op, 69636958.00 ns, 8.7046 ms/op
WorkloadWarmup   4: 8 op, 33802718.00 ns, 4.2253 ms/op
WorkloadWarmup   5: 8 op, 33460255.00 ns, 4.1825 ms/op

// BeforeActualRun
WorkloadActual   1: 8 op, 34434575.00 ns, 4.3043 ms/op
WorkloadActual   2: 8 op, 34366947.00 ns, 4.2959 ms/op
WorkloadActual   3: 8 op, 33498106.00 ns, 4.1873 ms/op
WorkloadActual   4: 8 op, 33592023.00 ns, 4.1990 ms/op
WorkloadActual   5: 8 op, 33880744.00 ns, 4.2351 ms/op
WorkloadActual   6: 8 op, 33758585.00 ns, 4.2198 ms/op
WorkloadActual   7: 8 op, 33915028.00 ns, 4.2394 ms/op
WorkloadActual   8: 8 op, 33938953.00 ns, 4.2424 ms/op

// AfterActualRun
WorkloadResult   1: 8 op, 34434575.00 ns, 4.3043 ms/op
WorkloadResult   2: 8 op, 34366947.00 ns, 4.2959 ms/op
WorkloadResult   3: 8 op, 33498106.00 ns, 4.1873 ms/op
WorkloadResult   4: 8 op, 33592023.00 ns, 4.1990 ms/op
WorkloadResult   5: 8 op, 33880744.00 ns, 4.2351 ms/op
WorkloadResult   6: 8 op, 33758585.00 ns, 4.2198 ms/op
WorkloadResult   7: 8 op, 33915028.00 ns, 4.2394 ms/op
WorkloadResult   8: 8 op, 33938953.00 ns, 4.2424 ms/op
// GC:  0 0 0 11622464 8
// Threading:  0 0 8

// AfterAll
// Benchmark Process 3453 has exited with code 0.

Mean = 4.240 ms, StdErr = 0.015 ms (0.35%), N = 8, StdDev = 0.042 ms
Min = 4.187 ms, Q1 = 4.215 ms, Median = 4.237 ms, Q3 = 4.256 ms, Max = 4.304 ms
IQR = 0.041 ms, LowerFence = 4.153 ms, UpperFence = 4.317 ms
ConfidenceInterval = [4.161 ms; 4.320 ms] (CI 99.9%), Margin = 0.080 ms (1.88% of Mean)
Skewness = 0.35, Kurtosis = 1.54, MValue = 2

// ** Remained 34 (89.5 %) benchmark(s) to run. Estimated finish 2026-08-11 9:30 (0h 2m from now) **
// ***** BenchmarkRunner: Finish  *****

// * Export *
  tmp/dotnet-matrix/CsvProcessing/7de710fc59af43c49ed6793a18b75839/results/Matrix.CsvProcessing.Benchmarks.AsyncRead-report.csv
  tmp/dotnet-matrix/CsvProcessing/7de710fc59af43c49ed6793a18b75839/results/Matrix.CsvProcessing.Benchmarks.AsyncRead-report-github.md
  tmp/dotnet-matrix/CsvProcessing/7de710fc59af43c49ed6793a18b75839/results/Matrix.CsvProcessing.Benchmarks.AsyncRead-report.html
  tmp/dotnet-matrix/CsvProcessing/7de710fc59af43c49ed6793a18b75839/results/Matrix.CsvProcessing.Benchmarks.AsyncRead-report-full.json

// * Detailed results *
AsyncRead.Sep: Quick(MaxRelativeError=0.05, Arguments=/p:MatrixMode=Benchmark, IterationTime=250ms, MaxIterationCount=12, MaxWarmupIterationCount=5, MinIterationCount=8, MinWarmupIterationCount=3)
Runtime = .NET 10.0.10 (10.0.10, 10.0.1026.32716), X64 RyuJIT x86-64-v3; GC = Concurrent Workstation
Mean = 841.408 μs, StdErr = 1.300 μs (0.15%), N = 7, StdDev = 3.440 μs
Min = 837.456 μs, Q1 = 839.430 μs, Median = 840.787 μs, Q3 = 842.603 μs, Max = 847.547 μs
IQR = 3.173 μs, LowerFence = 834.671 μs, UpperFence = 847.362 μs
ConfidenceInterval = [833.660 μs; 849.156 μs] (CI 99.9%), Margin = 7.748 μs (0.92% of Mean)
Skewness = 0.57, Kurtosis = 1.84, MValue = 2
-------------------- Histogram --------------------
[835.096 μs ; 849.907 μs) | @@@@@@@
---------------------------------------------------

AsyncRead.Sylvan: Quick(MaxRelativeError=0.05, Arguments=/p:MatrixMode=Benchmark, IterationTime=250ms, MaxIterationCount=12, MaxWarmupIterationCount=5, MinIterationCount=8, MinWarmupIterationCount=3)
Runtime = .NET 10.0.10 (10.0.10, 10.0.1026.32716), X64 RyuJIT x86-64-v3; GC = Concurrent Workstation
Mean = 1.118 ms, StdErr = 0.002 ms (0.15%), N = 8, StdDev = 0.005 ms
Min = 1.113 ms, Q1 = 1.114 ms, Median = 1.116 ms, Q3 = 1.121 ms, Max = 1.126 ms
IQR = 0.007 ms, LowerFence = 1.104 ms, UpperFence = 1.131 ms
ConfidenceInterval = [1.108 ms; 1.127 ms] (CI 99.9%), Margin = 0.009 ms (0.84% of Mean)
Skewness = 0.5, Kurtosis = 1.38, MValue = 2
-------------------- Histogram --------------------
[1.110 ms ; 1.129 ms) | @@@@@@@@
---------------------------------------------------

AsyncRead.TinyCsvParser: Quick(MaxRelativeError=0.05, Arguments=/p:MatrixMode=Benchmark, IterationTime=250ms, MaxIterationCount=12, MaxWarmupIterationCount=5, MinIterationCount=8, MinWarmupIterationCount=3)
Runtime = .NET 10.0.10 (10.0.10, 10.0.1026.32716), X64 RyuJIT x86-64-v3; GC = Concurrent Workstation
Mean = 4.240 ms, StdErr = 0.015 ms (0.35%), N = 8, StdDev = 0.042 ms
Min = 4.187 ms, Q1 = 4.215 ms, Median = 4.237 ms, Q3 = 4.256 ms, Max = 4.304 ms
IQR = 0.041 ms, LowerFence = 4.153 ms, UpperFence = 4.317 ms
ConfidenceInterval = [4.161 ms; 4.320 ms] (CI 99.9%), Margin = 0.080 ms (1.88% of Mean)
Skewness = 0.35, Kurtosis = 1.54, MValue = 2
-------------------- Histogram --------------------
[4.178 ms ; 4.332 ms) | @@@@@@@@
---------------------------------------------------

AsyncRead.CsvHelper: Quick(MaxRelativeError=0.05, Arguments=/p:MatrixMode=Benchmark, IterationTime=250ms, MaxIterationCount=12, MaxWarmupIterationCount=5, MinIterationCount=8, MinWarmupIterationCount=3)
Runtime = .NET 10.0.10 (10.0.10, 10.0.1026.32716), X64 RyuJIT x86-64-v3; GC = Concurrent Workstation
Mean = 4.479 ms, StdErr = 0.003 ms (0.06%), N = 7, StdDev = 0.007 ms
Min = 4.468 ms, Q1 = 4.475 ms, Median = 4.479 ms, Q3 = 4.482 ms, Max = 4.492 ms
IQR = 0.007 ms, LowerFence = 4.465 ms, UpperFence = 4.492 ms
ConfidenceInterval = [4.462 ms; 4.496 ms] (CI 99.9%), Margin = 0.017 ms (0.38% of Mean)
Skewness = 0.27, Kurtosis = 1.91, MValue = 2
-------------------- Histogram --------------------
[4.463 ms ; 4.497 ms) | @@@@@@@
---------------------------------------------------

// * Summary *

BenchmarkDotNet v0.15.8, Linux Ubuntu 24.04.4 LTS (Noble Numbat)
AMD EPYC 7763 2.45GHz, 1 CPU, 4 logical and 2 physical cores
.NET SDK 10.0.302
  [Host] : .NET 10.0.10 (10.0.10, 10.0.1026.32716), X64 RyuJIT x86-64-v3
  Quick  : .NET 10.0.10 (10.0.10, 10.0.1026.32716), X64 RyuJIT x86-64-v3

Job=Quick  MaxRelativeError=0.05  Arguments=/p:MatrixMode=Benchmark  
IterationTime=250ms  MaxIterationCount=12  MaxWarmupIterationCount=5  
MinIterationCount=8  MinWarmupIterationCount=3  

| Method        | Mean       | Error    | StdDev   | Gen0     | Allocated  |
|-------------- |-----------:|---------:|---------:|---------:|-----------:|
| Sep           |   841.4 μs |  7.75 μs |  3.44 μs |        - |    1.44 KB |
| Sylvan        | 1,117.7 μs |  9.34 μs |  4.88 μs |        - |   36.05 KB |
| TinyCsvParser | 4,240.4 μs | 79.68 μs | 41.67 μs |        - | 1418.76 KB |
| CsvHelper     | 4,478.9 μs | 16.82 μs |  7.47 μs | 127.2727 |  2136.6 KB |

// * Warnings *
MinIterationTime
  AsyncRead.TinyCsvParser: Quick -> The minimum observed iteration time is 33.498ms which is very small. It's recommended to increase it to at least 100ms using more operations.

// * Hints *
Outliers
  AsyncRead.Sep: Quick       -> 1 outlier  was  removed (873.39 μs)
  AsyncRead.CsvHelper: Quick -> 1 outlier  was  removed (4.53 ms)

// * Legends *
  Mean      : Arithmetic mean of all measurements
  Error     : Half of 99.9% confidence interval
  StdDev    : Standard deviation of all measurements
  Gen0      : GC Generation 0 collects per 1000 operations
  Allocated : Allocated memory per single operation (managed only, inclusive, 1KB = 1024B)
  1 μs      : 1 Microsecond (0.000001 sec)

// * Diagnostic Output - MemoryDiagnoser *


// ***** BenchmarkRunner: End *****
Run time: 00:00:16 (16.37 sec), executed benchmarks: 4

// Found 3 benchmarks:
//   CustomConversion.CsvHelper: Quick(MaxRelativeError=0.05, Arguments=/p:MatrixMode=Benchmark, IterationTime=250ms, MaxIterationCount=12, MaxWarmupIterationCount=5, MinIterationCount=8, MinWarmupIterationCount=3)
//   CustomConversion.Sep: Quick(MaxRelativeError=0.05, Arguments=/p:MatrixMode=Benchmark, IterationTime=250ms, MaxIterationCount=12, MaxWarmupIterationCount=5, MinIterationCount=8, MinWarmupIterationCount=3)
//   CustomConversion.TinyCsvParser: Quick(MaxRelativeError=0.05, Arguments=/p:MatrixMode=Benchmark, IterationTime=250ms, MaxIterationCount=12, MaxWarmupIterationCount=5, MinIterationCount=8, MinWarmupIterationCount=3)

// **************************
// Benchmark: CustomConversion.CsvHelper: Quick(MaxRelativeError=0.05, Arguments=/p:MatrixMode=Benchmark, IterationTime=250ms, MaxIterationCount=12, MaxWarmupIterationCount=5, MinIterationCount=8, MinWarmupIterationCount=3)
// *** Execute ***
// Launch: 1 / 1
// Execute: dotnet Matrix.CsvProcessing-Quick-1.dll --anonymousPipes 137 138 --benchmarkName Matrix.CsvProcessing.Benchmarks.CustomConversion.CsvHelper --job Quick --benchmarkId 4 in /home/runner/work/dotnet-matrix/dotnet-matrix/src/Matrix.CsvProcessing/bin/Benchmark/Release/net10.0/Matrix.CsvProcessing-Quick-1/bin/Release/net10.0
// Failed to set up high priority (Permission denied). In order to run benchmarks with high priority, make sure you have the right permissions.
// BeforeAnythingElse

// Benchmark Process Environment Information:
// BenchmarkDotNet v0.15.8
// Runtime=.NET 10.0.10 (10.0.10, 10.0.1026.32716), X64 RyuJIT x86-64-v3
// GC=Concurrent Workstation
// HardwareIntrinsics=AVX2+BMI1+BMI2+F16C+FMA+LZCNT+MOVBE,AVX,SSE3+SSSE3+SSE4.1+SSE4.2+POPCNT,X86Base+SSE+SSE2,AES+PCLMUL VectorSize=256
// Job: Quick(MaxRelativeError=0.05, IterationTime=250ms, MaxIterationCount=12, MaxWarmupIterationCount=5, MinIterationCount=8, MinWarmupIterationCount=3)

OverheadJitting  1: 1 op, 242305.00 ns, 242.3050 us/op
WorkloadJitting  1: 1 op, 17414121.00 ns, 17.4141 ms/op

WorkloadPilot    1: 4 op, 317136.00 ns, 79.2840 us/op
WorkloadPilot    2: 3153 op, 39578487.00 ns, 12.5526 us/op
WorkloadPilot    3: 19916 op, 212890785.00 ns, 10.6894 us/op
WorkloadPilot    4: 23388 op, 305763999.00 ns, 13.0735 us/op
WorkloadPilot    5: 19123 op, 102600181.00 ns, 5.3653 us/op
WorkloadPilot    6: 46596 op, 159078113.00 ns, 3.4140 us/op
WorkloadPilot    7: 73228 op, 240002535.00 ns, 3.2775 us/op
WorkloadPilot    8: 76278 op, 254921704.00 ns, 3.3420 us/op
WorkloadPilot    9: 74805 op, 258970121.00 ns, 3.4619 us/op

WorkloadWarmup   1: 74805 op, 251237109.00 ns, 3.3586 us/op
WorkloadWarmup   2: 74805 op, 260256746.00 ns, 3.4791 us/op
WorkloadWarmup   3: 74805 op, 257951269.00 ns, 3.4483 us/op
WorkloadWarmup   4: 74805 op, 260550987.00 ns, 3.4831 us/op
WorkloadWarmup   5: 74805 op, 260256651.00 ns, 3.4791 us/op

// BeforeActualRun
WorkloadActual   1: 74805 op, 253625176.00 ns, 3.3905 us/op
WorkloadActual   2: 74805 op, 257619097.00 ns, 3.4439 us/op
WorkloadActual   3: 74805 op, 245244428.00 ns, 3.2784 us/op
WorkloadActual   4: 74805 op, 272291498.00 ns, 3.6400 us/op
WorkloadActual   5: 74805 op, 255917949.00 ns, 3.4211 us/op
WorkloadActual   6: 74805 op, 247237449.00 ns, 3.3051 us/op
WorkloadActual   7: 74805 op, 250202546.00 ns, 3.3447 us/op
WorkloadActual   8: 74805 op, 248604585.00 ns, 3.3234 us/op

// AfterActualRun
WorkloadResult   1: 74805 op, 253625176.00 ns, 3.3905 us/op
WorkloadResult   2: 74805 op, 257619097.00 ns, 3.4439 us/op
WorkloadResult   3: 74805 op, 245244428.00 ns, 3.2784 us/op
WorkloadResult   4: 74805 op, 255917949.00 ns, 3.4211 us/op
WorkloadResult   5: 74805 op, 247237449.00 ns, 3.3051 us/op
WorkloadResult   6: 74805 op, 250202546.00 ns, 3.3447 us/op
WorkloadResult   7: 74805 op, 248604585.00 ns, 3.3234 us/op
// GC:  100 7 0 1681017960 74805
// Threading:  0 0 74805

// AfterAll
// Benchmark Process 3465 has exited with code 0.

Mean = 3.358 μs, StdErr = 0.023 μs (0.70%), N = 7, StdDev = 0.062 μs
Min = 3.278 μs, Q1 = 3.314 μs, Median = 3.345 μs, Q3 = 3.406 μs, Max = 3.444 μs
IQR = 0.092 μs, LowerFence = 3.177 μs, UpperFence = 3.543 μs
ConfidenceInterval = [3.219 μs; 3.497 μs] (CI 99.9%), Margin = 0.139 μs (4.15% of Mean)
Skewness = 0.13, Kurtosis = 1.18, MValue = 2

// ** Remained 33 (86.8 %) benchmark(s) to run. Estimated finish 2026-08-11 9:30 (0h 2m from now) **
// **************************
// Benchmark: CustomConversion.Sep: Quick(MaxRelativeError=0.05, Arguments=/p:MatrixMode=Benchmark, IterationTime=250ms, MaxIterationCount=12, MaxWarmupIterationCount=5, MinIterationCount=8, MinWarmupIterationCount=3)
// *** Execute ***
// Launch: 1 / 1
// Execute: dotnet Matrix.CsvProcessing-Quick-1.dll --anonymousPipes 137 138 --benchmarkName Matrix.CsvProcessing.Benchmarks.CustomConversion.Sep --job Quick --benchmarkId 5 in /home/runner/work/dotnet-matrix/dotnet-matrix/src/Matrix.CsvProcessing/bin/Benchmark/Release/net10.0/Matrix.CsvProcessing-Quick-1/bin/Release/net10.0
// Failed to set up high priority (Permission denied). In order to run benchmarks with high priority, make sure you have the right permissions.
// BeforeAnythingElse

// Benchmark Process Environment Information:
// BenchmarkDotNet v0.15.8
// Runtime=.NET 10.0.10 (10.0.10, 10.0.1026.32716), X64 RyuJIT x86-64-v3
// GC=Concurrent Workstation
// HardwareIntrinsics=AVX2+BMI1+BMI2+F16C+FMA+LZCNT+MOVBE,AVX,SSE3+SSSE3+SSE4.1+SSE4.2+POPCNT,X86Base+SSE+SSE2,AES+PCLMUL VectorSize=256
// Job: Quick(MaxRelativeError=0.05, IterationTime=250ms, MaxIterationCount=12, MaxWarmupIterationCount=5, MinIterationCount=8, MinWarmupIterationCount=3)

OverheadJitting  1: 1 op, 244590.00 ns, 244.5900 us/op
WorkloadJitting  1: 1 op, 19502064.00 ns, 19.5021 ms/op

WorkloadPilot    1: 4 op, 74750.00 ns, 18.6875 us/op
WorkloadPilot    2: 13378 op, 41084053.00 ns, 3.0710 us/op
WorkloadPilot    3: 81406 op, 196111135.00 ns, 2.4091 us/op
WorkloadPilot    4: 103775 op, 51852356.00 ns, 499.6613 ns/op
WorkloadPilot    5: 500339 op, 228772252.00 ns, 457.2345 ns/op
WorkloadPilot    6: 546765 op, 252025851.00 ns, 460.9400 ns/op
WorkloadPilot    7: 542370 op, 249431598.00 ns, 459.8920 ns/op
WorkloadPilot    8: 543606 op, 250567571.00 ns, 460.9360 ns/op
WorkloadPilot    9: 542375 op, 250699670.00 ns, 462.2257 ns/op

WorkloadWarmup   1: 542375 op, 253608863.00 ns, 467.5895 ns/op
WorkloadWarmup   2: 542375 op, 249235681.00 ns, 459.5265 ns/op
WorkloadWarmup   3: 542375 op, 249952226.00 ns, 460.8476 ns/op
WorkloadWarmup   4: 542375 op, 248686098.00 ns, 458.5132 ns/op
WorkloadWarmup   5: 542375 op, 248472747.00 ns, 458.1198 ns/op

// BeforeActualRun
WorkloadActual   1: 542375 op, 245251519.00 ns, 452.1807 ns/op
WorkloadActual   2: 542375 op, 245473305.00 ns, 452.5896 ns/op
WorkloadActual   3: 542375 op, 243342975.00 ns, 448.6619 ns/op
WorkloadActual   4: 542375 op, 250210882.00 ns, 461.3245 ns/op
WorkloadActual   5: 542375 op, 247959062.00 ns, 457.1727 ns/op
WorkloadActual   6: 542375 op, 248625114.00 ns, 458.4008 ns/op
WorkloadActual   7: 542375 op, 249435606.00 ns, 459.8951 ns/op
WorkloadActual   8: 542375 op, 247871639.00 ns, 457.0115 ns/op

// AfterActualRun
WorkloadResult   1: 542375 op, 245251519.00 ns, 452.1807 ns/op
WorkloadResult   2: 542375 op, 245473305.00 ns, 452.5896 ns/op
WorkloadResult   3: 542375 op, 243342975.00 ns, 448.6619 ns/op
WorkloadResult   4: 542375 op, 250210882.00 ns, 461.3245 ns/op
WorkloadResult   5: 542375 op, 247959062.00 ns, 457.1727 ns/op
WorkloadResult   6: 542375 op, 248625114.00 ns, 458.4008 ns/op
WorkloadResult   7: 542375 op, 249435606.00 ns, 459.8951 ns/op
WorkloadResult   8: 542375 op, 247871639.00 ns, 457.0115 ns/op
// GC:  36 0 0 616138000 542375
// Threading:  0 0 542375

// AfterAll
// Benchmark Process 3475 has exited with code 0.

Mean = 455.905 ns, StdErr = 1.533 ns (0.34%), N = 8, StdDev = 4.337 ns
Min = 448.662 ns, Q1 = 452.487 ns, Median = 457.092 ns, Q3 = 458.774 ns, Max = 461.325 ns
IQR = 6.287 ns, LowerFence = 443.057 ns, UpperFence = 468.205 ns
ConfidenceInterval = [447.612 ns; 464.197 ns] (CI 99.9%), Margin = 8.293 ns (1.82% of Mean)
Skewness = -0.35, Kurtosis = 1.49, MValue = 2

// ** Remained 32 (84.2 %) benchmark(s) to run. Estimated finish 2026-08-11 9:30 (0h 2m from now) **
// **************************
// Benchmark: CustomConversion.TinyCsvParser: Quick(MaxRelativeError=0.05, Arguments=/p:MatrixMode=Benchmark, IterationTime=250ms, MaxIterationCount=12, MaxWarmupIterationCount=5, MinIterationCount=8, MinWarmupIterationCount=3)
// *** Execute ***
// Launch: 1 / 1
// Execute: dotnet Matrix.CsvProcessing-Quick-1.dll --anonymousPipes 137 138 --benchmarkName Matrix.CsvProcessing.Benchmarks.CustomConversion.TinyCsvParser --job Quick --benchmarkId 6 in /home/runner/work/dotnet-matrix/dotnet-matrix/src/Matrix.CsvProcessing/bin/Benchmark/Release/net10.0/Matrix.CsvProcessing-Quick-1/bin/Release/net10.0
// Failed to set up high priority (Permission denied). In order to run benchmarks with high priority, make sure you have the right permissions.
// BeforeAnythingElse

// Benchmark Process Environment Information:
// BenchmarkDotNet v0.15.8
// Runtime=.NET 10.0.10 (10.0.10, 10.0.1026.32716), X64 RyuJIT x86-64-v3
// GC=Concurrent Workstation
// HardwareIntrinsics=AVX2+BMI1+BMI2+F16C+FMA+LZCNT+MOVBE,AVX,SSE3+SSSE3+SSE4.1+SSE4.2+POPCNT,X86Base+SSE+SSE2,AES+PCLMUL VectorSize=256
// Job: Quick(MaxRelativeError=0.05, IterationTime=250ms, MaxIterationCount=12, MaxWarmupIterationCount=5, MinIterationCount=8, MinWarmupIterationCount=3)

OverheadJitting  1: 1 op, 249408.00 ns, 249.4080 us/op
WorkloadJitting  1: 1 op, 32945860.00 ns, 32.9459 ms/op

WorkloadPilot    1: 4 op, 163518.00 ns, 40.8795 us/op
WorkloadPilot    2: 6116 op, 34831752.00 ns, 5.6952 us/op
WorkloadPilot    3: 43897 op, 191953108.00 ns, 4.3728 us/op
WorkloadPilot    4: 57172 op, 74063768.00 ns, 1.2955 us/op
WorkloadPilot    5: 192982 op, 188165865.00 ns, 975.0436 ns/op
WorkloadPilot    6: 256399 op, 242995442.00 ns, 947.7238 ns/op
WorkloadPilot    7: 263790 op, 256987127.00 ns, 974.2110 ns/op
WorkloadPilot    8: 256618 op, 252882848.00 ns, 985.4447 ns/op
WorkloadPilot    9: 253693 op, 247051527.00 ns, 973.8208 ns/op
WorkloadPilot   10: 256721 op, 244813673.00 ns, 953.6176 ns/op
WorkloadPilot   11: 262160 op, 263795262.00 ns, 1.0062 us/op

WorkloadWarmup   1: 262160 op, 250045530.00 ns, 953.7898 ns/op
WorkloadWarmup   2: 262160 op, 250160886.00 ns, 954.2298 ns/op
WorkloadWarmup   3: 262160 op, 249122605.00 ns, 950.2693 ns/op
WorkloadWarmup   4: 262160 op, 250887320.00 ns, 957.0008 ns/op
WorkloadWarmup   5: 262160 op, 246893309.00 ns, 941.7657 ns/op

// BeforeActualRun
WorkloadActual   1: 262160 op, 244311089.00 ns, 931.9160 ns/op
WorkloadActual   2: 262160 op, 253177711.00 ns, 965.7374 ns/op
WorkloadActual   3: 262160 op, 245872653.00 ns, 937.8725 ns/op
WorkloadActual   4: 262160 op, 252614865.00 ns, 963.5904 ns/op
WorkloadActual   5: 262160 op, 252373611.00 ns, 962.6702 ns/op
WorkloadActual   6: 262160 op, 249287125.00 ns, 950.8969 ns/op
WorkloadActual   7: 262160 op, 253822463.00 ns, 968.1968 ns/op
WorkloadActual   8: 262160 op, 249967061.00 ns, 953.4905 ns/op

// AfterActualRun
WorkloadResult   1: 262160 op, 244311089.00 ns, 931.9160 ns/op
WorkloadResult   2: 262160 op, 253177711.00 ns, 965.7374 ns/op
WorkloadResult   3: 262160 op, 245872653.00 ns, 937.8725 ns/op
WorkloadResult   4: 262160 op, 252614865.00 ns, 963.5904 ns/op
WorkloadResult   5: 262160 op, 252373611.00 ns, 962.6702 ns/op
WorkloadResult   6: 262160 op, 249287125.00 ns, 950.8969 ns/op
WorkloadResult   7: 262160 op, 253822463.00 ns, 968.1968 ns/op
WorkloadResult   8: 262160 op, 249967061.00 ns, 953.4905 ns/op
// GC:  69 0 0 1159795840 262160
// Threading:  0 0 262160

// AfterAll
// Benchmark Process 3484 has exited with code 0.

Mean = 954.296 ns, StdErr = 4.750 ns (0.50%), N = 8, StdDev = 13.435 ns
Min = 931.916 ns, Q1 = 947.641 ns, Median = 958.080 ns, Q3 = 964.127 ns, Max = 968.197 ns
IQR = 16.486 ns, LowerFence = 922.911 ns, UpperFence = 988.857 ns
ConfidenceInterval = [928.609 ns; 979.983 ns] (CI 99.9%), Margin = 25.687 ns (2.69% of Mean)
Skewness = -0.52, Kurtosis = 1.5, MValue = 2

// ** Remained 31 (81.6 %) benchmark(s) to run. Estimated finish 2026-08-11 9:30 (0h 2m from now) **
// ***** BenchmarkRunner: Finish  *****

// * Export *
  tmp/dotnet-matrix/CsvProcessing/7de710fc59af43c49ed6793a18b75839/results/Matrix.CsvProcessing.Benchmarks.CustomConversion-report.csv
  tmp/dotnet-matrix/CsvProcessing/7de710fc59af43c49ed6793a18b75839/results/Matrix.CsvProcessing.Benchmarks.CustomConversion-report-github.md
  tmp/dotnet-matrix/CsvProcessing/7de710fc59af43c49ed6793a18b75839/results/Matrix.CsvProcessing.Benchmarks.CustomConversion-report.html
  tmp/dotnet-matrix/CsvProcessing/7de710fc59af43c49ed6793a18b75839/results/Matrix.CsvProcessing.Benchmarks.CustomConversion-report-full.json

// * Detailed results *
CustomConversion.Sep: Quick(MaxRelativeError=0.05, Arguments=/p:MatrixMode=Benchmark, IterationTime=250ms, MaxIterationCount=12, MaxWarmupIterationCount=5, MinIterationCount=8, MinWarmupIterationCount=3)
Runtime = .NET 10.0.10 (10.0.10, 10.0.1026.32716), X64 RyuJIT x86-64-v3; GC = Concurrent Workstation
Mean = 455.905 ns, StdErr = 1.533 ns (0.34%), N = 8, StdDev = 4.337 ns
Min = 448.662 ns, Q1 = 452.487 ns, Median = 457.092 ns, Q3 = 458.774 ns, Max = 461.325 ns
IQR = 6.287 ns, LowerFence = 443.057 ns, UpperFence = 468.205 ns
ConfidenceInterval = [447.612 ns; 464.197 ns] (CI 99.9%), Margin = 8.293 ns (1.82% of Mean)
Skewness = -0.35, Kurtosis = 1.49, MValue = 2
-------------------- Histogram --------------------
[445.816 ns ; 464.171 ns) | @@@@@@@@
---------------------------------------------------

CustomConversion.TinyCsvParser: Quick(MaxRelativeError=0.05, Arguments=/p:MatrixMode=Benchmark, IterationTime=250ms, MaxIterationCount=12, MaxWarmupIterationCount=5, MinIterationCount=8, MinWarmupIterationCount=3)
Runtime = .NET 10.0.10 (10.0.10, 10.0.1026.32716), X64 RyuJIT x86-64-v3; GC = Concurrent Workstation
Mean = 954.296 ns, StdErr = 4.750 ns (0.50%), N = 8, StdDev = 13.435 ns
Min = 931.916 ns, Q1 = 947.641 ns, Median = 958.080 ns, Q3 = 964.127 ns, Max = 968.197 ns
IQR = 16.486 ns, LowerFence = 922.911 ns, UpperFence = 988.857 ns
ConfidenceInterval = [928.609 ns; 979.983 ns] (CI 99.9%), Margin = 25.687 ns (2.69% of Mean)
Skewness = -0.52, Kurtosis = 1.5, MValue = 2
-------------------- Histogram --------------------
[925.545 ns ; 969.142 ns) | @@@@@@@@
---------------------------------------------------

CustomConversion.CsvHelper: Quick(MaxRelativeError=0.05, Arguments=/p:MatrixMode=Benchmark, IterationTime=250ms, MaxIterationCount=12, MaxWarmupIterationCount=5, MinIterationCount=8, MinWarmupIterationCount=3)
Runtime = .NET 10.0.10 (10.0.10, 10.0.1026.32716), X64 RyuJIT x86-64-v3; GC = Concurrent Workstation
Mean = 3.358 μs, StdErr = 0.023 μs (0.70%), N = 7, StdDev = 0.062 μs
Min = 3.278 μs, Q1 = 3.314 μs, Median = 3.345 μs, Q3 = 3.406 μs, Max = 3.444 μs
IQR = 0.092 μs, LowerFence = 3.177 μs, UpperFence = 3.543 μs
ConfidenceInterval = [3.219 μs; 3.497 μs] (CI 99.9%), Margin = 0.139 μs (4.15% of Mean)
Skewness = 0.13, Kurtosis = 1.18, MValue = 2
-------------------- Histogram --------------------
[3.269 μs ; 3.354 μs) | @@@@
[3.354 μs ; 3.460 μs) | @@@
---------------------------------------------------

// * Summary *

BenchmarkDotNet v0.15.8, Linux Ubuntu 24.04.4 LTS (Noble Numbat)
AMD EPYC 7763 2.45GHz, 1 CPU, 4 logical and 2 physical cores
.NET SDK 10.0.302
  [Host] : .NET 10.0.10 (10.0.10, 10.0.1026.32716), X64 RyuJIT x86-64-v3
  Quick  : .NET 10.0.10 (10.0.10, 10.0.1026.32716), X64 RyuJIT x86-64-v3

Job=Quick  MaxRelativeError=0.05  Arguments=/p:MatrixMode=Benchmark  
IterationTime=250ms  MaxIterationCount=12  MaxWarmupIterationCount=5  
MinIterationCount=8  MinWarmupIterationCount=3  

| Method        | Mean       | Error     | StdDev   | Gen0   | Gen1   | Allocated |
|-------------- |-----------:|----------:|---------:|-------:|-------:|----------:|
| Sep           |   455.9 ns |   8.29 ns |  4.34 ns | 0.0664 |      - |   1.11 KB |
| TinyCsvParser |   954.3 ns |  25.69 ns | 13.43 ns | 0.2632 |      - |   4.32 KB |
| CsvHelper     | 3,358.2 ns | 139.20 ns | 61.80 ns | 1.3368 | 0.0936 |  21.95 KB |

// * Hints *
Outliers
  CustomConversion.CsvHelper: Quick -> 1 outlier  was  removed (3.64 μs)

// * Legends *
  Mean      : Arithmetic mean of all measurements
  Error     : Half of 99.9% confidence interval
  StdDev    : Standard deviation of all measurements
  Gen0      : GC Generation 0 collects per 1000 operations
  Gen1      : GC Generation 1 collects per 1000 operations
  Allocated : Allocated memory per single operation (managed only, inclusive, 1KB = 1024B)
  1 ns      : 1 Nanosecond (0.000000001 sec)

// * Diagnostic Output - MemoryDiagnoser *


// ***** BenchmarkRunner: End *****
Run time: 00:00:16 (16.33 sec), executed benchmarks: 3

// Found 4 benchmarks:
//   EscapedDelimiters.CsvHelper: Quick(MaxRelativeError=0.05, Arguments=/p:MatrixMode=Benchmark, IterationTime=250ms, MaxIterationCount=12, MaxWarmupIterationCount=5, MinIterationCount=8, MinWarmupIterationCount=3)
//   EscapedDelimiters.Sep: Quick(MaxRelativeError=0.05, Arguments=/p:MatrixMode=Benchmark, IterationTime=250ms, MaxIterationCount=12, MaxWarmupIterationCount=5, MinIterationCount=8, MinWarmupIterationCount=3)
//   EscapedDelimiters.Sylvan: Quick(MaxRelativeError=0.05, Arguments=/p:MatrixMode=Benchmark, IterationTime=250ms, MaxIterationCount=12, MaxWarmupIterationCount=5, MinIterationCount=8, MinWarmupIterationCount=3)
//   EscapedDelimiters.TinyCsvParser: Quick(MaxRelativeError=0.05, Arguments=/p:MatrixMode=Benchmark, IterationTime=250ms, MaxIterationCount=12, MaxWarmupIterationCount=5, MinIterationCount=8, MinWarmupIterationCount=3)

// **************************
// Benchmark: EscapedDelimiters.CsvHelper: Quick(MaxRelativeError=0.05, Arguments=/p:MatrixMode=Benchmark, IterationTime=250ms, MaxIterationCount=12, MaxWarmupIterationCount=5, MinIterationCount=8, MinWarmupIterationCount=3)
// *** Execute ***
// Launch: 1 / 1
// Execute: dotnet Matrix.CsvProcessing-Quick-1.dll --anonymousPipes 137 138 --benchmarkName Matrix.CsvProcessing.Benchmarks.EscapedDelimiters.CsvHelper --job Quick --benchmarkId 7 in /home/runner/work/dotnet-matrix/dotnet-matrix/src/Matrix.CsvProcessing/bin/Benchmark/Release/net10.0/Matrix.CsvProcessing-Quick-1/bin/Release/net10.0
// Failed to set up high priority (Permission denied). In order to run benchmarks with high priority, make sure you have the right permissions.
// BeforeAnythingElse

// Benchmark Process Environment Information:
// BenchmarkDotNet v0.15.8
// Runtime=.NET 10.0.10 (10.0.10, 10.0.1026.32716), X64 RyuJIT x86-64-v3
// GC=Concurrent Workstation
// HardwareIntrinsics=AVX2+BMI1+BMI2+F16C+FMA+LZCNT+MOVBE,AVX,SSE3+SSSE3+SSE4.1+SSE4.2+POPCNT,X86Base+SSE+SSE2,AES+PCLMUL VectorSize=256
// Job: Quick(MaxRelativeError=0.05, IterationTime=250ms, MaxIterationCount=12, MaxWarmupIterationCount=5, MinIterationCount=8, MinWarmupIterationCount=3)

OverheadJitting  1: 1 op, 247184.00 ns, 247.1840 us/op
WorkloadJitting  1: 1 op, 56678004.00 ns, 56.6780 ms/op

WorkloadPilot    1: 4 op, 3601384.00 ns, 900.3460 us/op
WorkloadPilot    2: 278 op, 186802535.00 ns, 671.9516 us/op
WorkloadPilot    3: 372 op, 251751142.00 ns, 676.7504 us/op
WorkloadPilot    4: 369 op, 239230458.00 ns, 648.3210 us/op
WorkloadPilot    5: 386 op, 244278378.00 ns, 632.8455 us/op
WorkloadPilot    6: 395 op, 254273509.00 ns, 643.7304 us/op
WorkloadPilot    7: 388 op, 245440120.00 ns, 632.5776 us/op
WorkloadPilot    8: 395 op, 251643500.00 ns, 637.0722 us/op

WorkloadWarmup   1: 395 op, 256339319.00 ns, 648.9603 us/op
WorkloadWarmup   2: 395 op, 251280839.00 ns, 636.1540 us/op
WorkloadWarmup   3: 395 op, 252731594.00 ns, 639.8268 us/op
WorkloadWarmup   4: 395 op, 249093190.00 ns, 630.6157 us/op
WorkloadWarmup   5: 395 op, 248494005.00 ns, 629.0987 us/op

// BeforeActualRun
WorkloadActual   1: 395 op, 249599846.00 ns, 631.8983 us/op
WorkloadActual   2: 395 op, 244463296.00 ns, 618.8944 us/op
WorkloadActual   3: 395 op, 241777079.00 ns, 612.0939 us/op
WorkloadActual   4: 395 op, 227155432.00 ns, 575.0770 us/op
WorkloadActual   5: 395 op, 219682278.00 ns, 556.1577 us/op
WorkloadActual   6: 395 op, 212123713.00 ns, 537.0221 us/op
WorkloadActual   7: 395 op, 206738028.00 ns, 523.3874 us/op
WorkloadActual   8: 395 op, 199199421.00 ns, 504.3023 us/op
WorkloadActual   9: 395 op, 195092649.00 ns, 493.9054 us/op
WorkloadActual  10: 395 op, 195910395.00 ns, 495.9757 us/op
WorkloadActual  11: 395 op, 193133039.00 ns, 488.9444 us/op
WorkloadActual  12: 395 op, 192403639.00 ns, 487.0978 us/op

// AfterActualRun
WorkloadResult   1: 395 op, 249599846.00 ns, 631.8983 us/op
WorkloadResult   2: 395 op, 244463296.00 ns, 618.8944 us/op
WorkloadResult   3: 395 op, 241777079.00 ns, 612.0939 us/op
WorkloadResult   4: 395 op, 227155432.00 ns, 575.0770 us/op
WorkloadResult   5: 395 op, 219682278.00 ns, 556.1577 us/op
WorkloadResult   6: 395 op, 212123713.00 ns, 537.0221 us/op
WorkloadResult   7: 395 op, 206738028.00 ns, 523.3874 us/op
WorkloadResult   8: 395 op, 199199421.00 ns, 504.3023 us/op
WorkloadResult   9: 395 op, 195092649.00 ns, 493.9054 us/op
WorkloadResult  10: 395 op, 195910395.00 ns, 495.9757 us/op
WorkloadResult  11: 395 op, 193133039.00 ns, 488.9444 us/op
WorkloadResult  12: 395 op, 192403639.00 ns, 487.0978 us/op
// GC:  0 0 0 16521904 395
// Threading:  0 0 395

// AfterAll
// Benchmark Process 3495 has exited with code 0.

Mean = 543.730 μs, StdErr = 15.623 μs (2.87%), N = 12, StdDev = 54.120 μs
Min = 487.098 μs, Q1 = 495.458 μs, Median = 530.205 μs, Q3 = 584.331 μs, Max = 631.898 μs
IQR = 88.873 μs, LowerFence = 362.148 μs, UpperFence = 717.641 μs
ConfidenceInterval = [474.410 μs; 613.049 μs] (CI 99.9%), Margin = 69.320 μs (12.75% of Mean)
Skewness = 0.43, Kurtosis = 1.44, MValue = 2.86

// ** Remained 30 (78.9 %) benchmark(s) to run. Estimated finish 2026-08-11 9:31 (0h 2m from now) **
// **************************
// Benchmark: EscapedDelimiters.Sep: Quick(MaxRelativeError=0.05, Arguments=/p:MatrixMode=Benchmark, IterationTime=250ms, MaxIterationCount=12, MaxWarmupIterationCount=5, MinIterationCount=8, MinWarmupIterationCount=3)
// *** Execute ***
// Launch: 1 / 1
// Execute: dotnet Matrix.CsvProcessing-Quick-1.dll --anonymousPipes 137 138 --benchmarkName Matrix.CsvProcessing.Benchmarks.EscapedDelimiters.Sep --job Quick --benchmarkId 8 in /home/runner/work/dotnet-matrix/dotnet-matrix/src/Matrix.CsvProcessing/bin/Benchmark/Release/net10.0/Matrix.CsvProcessing-Quick-1/bin/Release/net10.0
// Failed to set up high priority (Permission denied). In order to run benchmarks with high priority, make sure you have the right permissions.
// BeforeAnythingElse

// Benchmark Process Environment Information:
// BenchmarkDotNet v0.15.8
// Runtime=.NET 10.0.10 (10.0.10, 10.0.1026.32716), X64 RyuJIT x86-64-v3
// GC=Concurrent Workstation
// HardwareIntrinsics=AVX2+BMI1+BMI2+F16C+FMA+LZCNT+MOVBE,AVX,SSE3+SSSE3+SSE4.1+SSE4.2+POPCNT,X86Base+SSE+SSE2,AES+PCLMUL VectorSize=256
// Job: Quick(MaxRelativeError=0.05, IterationTime=250ms, MaxIterationCount=12, MaxWarmupIterationCount=5, MinIterationCount=8, MinWarmupIterationCount=3)

OverheadJitting  1: 1 op, 256703.00 ns, 256.7030 us/op
WorkloadJitting  1: 1 op, 19716958.00 ns, 19.7170 ms/op

WorkloadPilot    1: 4 op, 87133.00 ns, 21.7833 us/op
WorkloadPilot    2: 11477 op, 41769613.00 ns, 3.6394 us/op
WorkloadPilot    3: 68692 op, 186794685.00 ns, 2.7193 us/op
WorkloadPilot    4: 91935 op, 56077161.00 ns, 609.9653 ns/op
WorkloadPilot    5: 409859 op, 231796649.00 ns, 565.5522 ns/op
WorkloadPilot    6: 442046 op, 251790145.00 ns, 569.6017 ns/op
WorkloadPilot    7: 438903 op, 248679745.00 ns, 566.5939 ns/op
WorkloadPilot    8: 441233 op, 246857733.00 ns, 559.4725 ns/op
WorkloadPilot    9: 446849 op, 251395144.00 ns, 562.5953 ns/op
WorkloadPilot   10: 444369 op, 246307850.00 ns, 554.2868 ns/op
WorkloadPilot   11: 451030 op, 253157473.00 ns, 561.2874 ns/op

WorkloadWarmup   1: 451030 op, 250735115.00 ns, 555.9167 ns/op
WorkloadWarmup   2: 451030 op, 255720837.00 ns, 566.9708 ns/op
WorkloadWarmup   3: 451030 op, 256837525.00 ns, 569.4467 ns/op
WorkloadWarmup   4: 451030 op, 255714335.00 ns, 566.9564 ns/op
WorkloadWarmup   5: 451030 op, 258854162.00 ns, 573.9178 ns/op

// BeforeActualRun
WorkloadActual   1: 451030 op, 254312764.00 ns, 563.8489 ns/op
WorkloadActual   2: 451030 op, 254070489.00 ns, 563.3117 ns/op
WorkloadActual   3: 451030 op, 256392499.00 ns, 568.4600 ns/op
WorkloadActual   4: 451030 op, 254702746.00 ns, 564.7135 ns/op
WorkloadActual   5: 451030 op, 253971282.00 ns, 563.0918 ns/op
WorkloadActual   6: 451030 op, 255541120.00 ns, 566.5723 ns/op
WorkloadActual   7: 451030 op, 259181037.00 ns, 574.6426 ns/op
WorkloadActual   8: 451030 op, 257343527.00 ns, 570.5685 ns/op

// AfterActualRun
WorkloadResult   1: 451030 op, 254312764.00 ns, 563.8489 ns/op
WorkloadResult   2: 451030 op, 254070489.00 ns, 563.3117 ns/op
WorkloadResult   3: 451030 op, 256392499.00 ns, 568.4600 ns/op
WorkloadResult   4: 451030 op, 254702746.00 ns, 564.7135 ns/op
WorkloadResult   5: 451030 op, 253971282.00 ns, 563.0918 ns/op
WorkloadResult   6: 451030 op, 255541120.00 ns, 566.5723 ns/op
WorkloadResult   7: 451030 op, 259181037.00 ns, 574.6426 ns/op
WorkloadResult   8: 451030 op, 257343527.00 ns, 570.5685 ns/op
// GC:  37 0 0 624225520 451030
// Threading:  0 0 451030

// AfterAll
// Benchmark Process 3503 has exited with code 0.

Mean = 566.901 ns, StdErr = 1.448 ns (0.26%), N = 8, StdDev = 4.096 ns
Min = 563.092 ns, Q1 = 563.715 ns, Median = 565.643 ns, Q3 = 568.987 ns, Max = 574.643 ns
IQR = 5.273 ns, LowerFence = 555.806 ns, UpperFence = 576.896 ns
ConfidenceInterval = [559.071 ns; 574.732 ns] (CI 99.9%), Margin = 7.831 ns (1.38% of Mean)
Skewness = 0.69, Kurtosis = 1.89, MValue = 2

// ** Remained 29 (76.3 %) benchmark(s) to run. Estimated finish 2026-08-11 9:31 (0h 2m from now) **
// **************************
// Benchmark: EscapedDelimiters.Sylvan: Quick(MaxRelativeError=0.05, Arguments=/p:MatrixMode=Benchmark, IterationTime=250ms, MaxIterationCount=12, MaxWarmupIterationCount=5, MinIterationCount=8, MinWarmupIterationCount=3)
// *** Execute ***
// Launch: 1 / 1
// Execute: dotnet Matrix.CsvProcessing-Quick-1.dll --anonymousPipes 137 138 --benchmarkName Matrix.CsvProcessing.Benchmarks.EscapedDelimiters.Sylvan --job Quick --benchmarkId 9 in /home/runner/work/dotnet-matrix/dotnet-matrix/src/Matrix.CsvProcessing/bin/Benchmark/Release/net10.0/Matrix.CsvProcessing-Quick-1/bin/Release/net10.0
// Failed to set up high priority (Permission denied). In order to run benchmarks with high priority, make sure you have the right permissions.
// BeforeAnythingElse

// Benchmark Process Environment Information:
// BenchmarkDotNet v0.15.8
// Runtime=.NET 10.0.10 (10.0.10, 10.0.1026.32716), X64 RyuJIT x86-64-v3
// GC=Concurrent Workstation
// HardwareIntrinsics=AVX2+BMI1+BMI2+F16C+FMA+LZCNT+MOVBE,AVX,SSE3+SSSE3+SSE4.1+SSE4.2+POPCNT,X86Base+SSE+SSE2,AES+PCLMUL VectorSize=256
// Job: Quick(MaxRelativeError=0.05, IterationTime=250ms, MaxIterationCount=12, MaxWarmupIterationCount=5, MinIterationCount=8, MinWarmupIterationCount=3)

OverheadJitting  1: 1 op, 270568.00 ns, 270.5680 us/op
WorkloadJitting  1: 1 op, 13463626.00 ns, 13.4636 ms/op

OverheadJitting  2: 16 op, 546777.00 ns, 34.1736 us/op
WorkloadJitting  2: 16 op, 974610.00 ns, 60.9131 us/op

WorkloadPilot    1: 16 op, 296156.00 ns, 18.5098 us/op
WorkloadPilot    2: 13520 op, 89546962.00 ns, 6.6233 us/op
WorkloadPilot    3: 37760 op, 243922674.00 ns, 6.4598 us/op
WorkloadPilot    4: 38704 op, 80366940.00 ns, 2.0765 us/op
WorkloadPilot    5: 120400 op, 248771604.00 ns, 2.0662 us/op
WorkloadPilot    6: 121008 op, 251057882.00 ns, 2.0747 us/op
WorkloadPilot    7: 120512 op, 245005394.00 ns, 2.0330 us/op
WorkloadPilot    8: 122976 op, 238655068.00 ns, 1.9407 us/op
WorkloadPilot    9: 128832 op, 266986608.00 ns, 2.0724 us/op
WorkloadPilot   10: 120640 op, 226470183.00 ns, 1.8772 us/op
WorkloadPilot   11: 133184 op, 245754832.00 ns, 1.8452 us/op
WorkloadPilot   12: 135488 op, 255206403.00 ns, 1.8836 us/op

OverheadWarmup   1: 135488 op, 524615.00 ns, 3.8720 ns/op
OverheadWarmup   2: 135488 op, 522431.00 ns, 3.8559 ns/op
OverheadWarmup   3: 135488 op, 522270.00 ns, 3.8547 ns/op
OverheadWarmup   4: 135488 op, 540866.00 ns, 3.9920 ns/op
OverheadWarmup   5: 135488 op, 508535.00 ns, 3.7534 ns/op
OverheadWarmup   6: 135488 op, 509808.00 ns, 3.7628 ns/op
OverheadWarmup   7: 135488 op, 511099.00 ns, 3.7723 ns/op
OverheadWarmup   8: 135488 op, 512483.00 ns, 3.7825 ns/op
OverheadWarmup   9: 135488 op, 516710.00 ns, 3.8137 ns/op
OverheadWarmup  10: 135488 op, 515297.00 ns, 3.8033 ns/op

OverheadActual   1: 135488 op, 592363.00 ns, 4.3721 ns/op
OverheadActual   2: 135488 op, 518224.00 ns, 3.8249 ns/op
OverheadActual   3: 135488 op, 519667.00 ns, 3.8355 ns/op
OverheadActual   4: 135488 op, 537820.00 ns, 3.9695 ns/op
OverheadActual   5: 135488 op, 522271.00 ns, 3.8547 ns/op
OverheadActual   6: 135488 op, 503276.00 ns, 3.7145 ns/op
OverheadActual   7: 135488 op, 522150.00 ns, 3.8538 ns/op
OverheadActual   8: 135488 op, 522992.00 ns, 3.8601 ns/op

WorkloadWarmup   1: 135488 op, 262044336.00 ns, 1.9341 us/op
WorkloadWarmup   2: 135488 op, 257083499.00 ns, 1.8975 us/op
WorkloadWarmup   3: 135488 op, 251890466.00 ns, 1.8591 us/op
WorkloadWarmup   4: 135488 op, 261135800.00 ns, 1.9274 us/op
WorkloadWarmup   5: 135488 op, 267042102.00 ns, 1.9710 us/op

// BeforeActualRun
WorkloadActual   1: 135488 op, 272095042.00 ns, 2.0083 us/op
WorkloadActual   2: 135488 op, 291655891.00 ns, 2.1526 us/op
WorkloadActual   3: 135488 op, 290077957.00 ns, 2.1410 us/op
WorkloadActual   4: 135488 op, 292151551.00 ns, 2.1563 us/op
WorkloadActual   5: 135488 op, 285643137.00 ns, 2.1083 us/op
WorkloadActual   6: 135488 op, 298593409.00 ns, 2.2038 us/op
WorkloadActual   7: 135488 op, 298368217.00 ns, 2.2022 us/op
WorkloadActual   8: 135488 op, 288882993.00 ns, 2.1322 us/op
WorkloadActual   9: 135488 op, 290674287.00 ns, 2.1454 us/op

// AfterActualRun
WorkloadResult   1: 135488 op, 271572831.50 ns, 2.0044 us/op
WorkloadResult   2: 135488 op, 291133680.50 ns, 2.1488 us/op
WorkloadResult   3: 135488 op, 289555746.50 ns, 2.1371 us/op
WorkloadResult   4: 135488 op, 291629340.50 ns, 2.1524 us/op
WorkloadResult   5: 135488 op, 285120926.50 ns, 2.1044 us/op
WorkloadResult   6: 135488 op, 288360782.50 ns, 2.1283 us/op
WorkloadResult   7: 135488 op, 290152076.50 ns, 2.1415 us/op
// GC:  284 35 0 4758397840 135488
// Threading:  0 0 135488

// AfterAll
// Benchmark Process 3515 has exited with code 0.

Mean = 2.117 μs, StdErr = 0.020 μs (0.93%), N = 7, StdDev = 0.052 μs
Min = 2.004 μs, Q1 = 2.116 μs, Median = 2.137 μs, Q3 = 2.145 μs, Max = 2.152 μs
IQR = 0.029 μs, LowerFence = 2.073 μs, UpperFence = 2.188 μs
ConfidenceInterval = [2.000 μs; 2.234 μs] (CI 99.9%), Margin = 0.117 μs (5.54% of Mean)
Skewness = -1.33, Kurtosis = 3.17, MValue = 2

// ** Remained 28 (73.7 %) benchmark(s) to run. Estimated finish 2026-08-11 9:31 (0h 2m from now) **
// **************************
// Benchmark: EscapedDelimiters.TinyCsvParser: Quick(MaxRelativeError=0.05, Arguments=/p:MatrixMode=Benchmark, IterationTime=250ms, MaxIterationCount=12, MaxWarmupIterationCount=5, MinIterationCount=8, MinWarmupIterationCount=3)
// *** Execute ***
// Launch: 1 / 1
// Execute: dotnet Matrix.CsvProcessing-Quick-1.dll --anonymousPipes 137 138 --benchmarkName Matrix.CsvProcessing.Benchmarks.EscapedDelimiters.TinyCsvParser --job Quick --benchmarkId 10 in /home/runner/work/dotnet-matrix/dotnet-matrix/src/Matrix.CsvProcessing/bin/Benchmark/Release/net10.0/Matrix.CsvProcessing-Quick-1/bin/Release/net10.0
// Failed to set up high priority (Permission denied). In order to run benchmarks with high priority, make sure you have the right permissions.
// BeforeAnythingElse

// Benchmark Process Environment Information:
// BenchmarkDotNet v0.15.8
// Runtime=.NET 10.0.10 (10.0.10, 10.0.1026.32716), X64 RyuJIT x86-64-v3
// GC=Concurrent Workstation
// HardwareIntrinsics=AVX2+BMI1+BMI2+F16C+FMA+LZCNT+MOVBE,AVX,SSE3+SSSE3+SSE4.1+SSE4.2+POPCNT,X86Base+SSE+SSE2,AES+PCLMUL VectorSize=256
// Job: Quick(MaxRelativeError=0.05, IterationTime=250ms, MaxIterationCount=12, MaxWarmupIterationCount=5, MinIterationCount=8, MinWarmupIterationCount=3)

OverheadJitting  1: 1 op, 249549.00 ns, 249.5490 us/op
WorkloadJitting  1: 1 op, 33216936.00 ns, 33.2169 ms/op

WorkloadPilot    1: 4 op, 78728.00 ns, 19.6820 us/op
WorkloadPilot    2: 12702 op, 82093864.00 ns, 6.4631 us/op
WorkloadPilot    3: 38681 op, 251902634.00 ns, 6.5123 us/op
WorkloadPilot    4: 38389 op, 66784588.00 ns, 1.7397 us/op
WorkloadPilot    5: 143705 op, 204136967.00 ns, 1.4205 us/op
WorkloadPilot    6: 175991 op, 249416198.00 ns, 1.4172 us/op
WorkloadPilot    7: 176403 op, 253238053.00 ns, 1.4356 us/op
WorkloadPilot    8: 174147 op, 245181217.00 ns, 1.4079 us/op
WorkloadPilot    9: 177570 op, 250675432.00 ns, 1.4117 us/op

WorkloadWarmup   1: 177570 op, 247715525.00 ns, 1.3950 us/op
WorkloadWarmup   2: 177570 op, 251309002.00 ns, 1.4153 us/op
WorkloadWarmup   3: 177570 op, 251167747.00 ns, 1.4145 us/op
WorkloadWarmup   4: 177570 op, 252536025.00 ns, 1.4222 us/op
WorkloadWarmup   5: 177570 op, 250511384.00 ns, 1.4108 us/op

// BeforeActualRun
WorkloadActual   1: 177570 op, 249684002.00 ns, 1.4061 us/op
WorkloadActual   2: 177570 op, 253534680.00 ns, 1.4278 us/op
WorkloadActual   3: 177570 op, 252300173.00 ns, 1.4208 us/op
WorkloadActual   4: 177570 op, 260040766.00 ns, 1.4644 us/op
WorkloadActual   5: 177570 op, 257394146.00 ns, 1.4495 us/op
WorkloadActual   6: 177570 op, 255695688.00 ns, 1.4400 us/op
WorkloadActual   7: 177570 op, 260914646.00 ns, 1.4694 us/op
WorkloadActual   8: 177570 op, 257186857.00 ns, 1.4484 us/op

// AfterActualRun
WorkloadResult   1: 177570 op, 249684002.00 ns, 1.4061 us/op
WorkloadResult   2: 177570 op, 253534680.00 ns, 1.4278 us/op
WorkloadResult   3: 177570 op, 252300173.00 ns, 1.4208 us/op
WorkloadResult   4: 177570 op, 260040766.00 ns, 1.4644 us/op
WorkloadResult   5: 177570 op, 257394146.00 ns, 1.4495 us/op
WorkloadResult   6: 177570 op, 255695688.00 ns, 1.4400 us/op
WorkloadResult   7: 177570 op, 260914646.00 ns, 1.4694 us/op
WorkloadResult   8: 177570 op, 257186857.00 ns, 1.4484 us/op
// GC:  54 0 0 904896720 177570
// Threading:  0 0 177570

// AfterAll
// Benchmark Process 3528 has exited with code 0.

Mean = 1.441 μs, StdErr = 0.008 μs (0.53%), N = 8, StdDev = 0.022 μs
Min = 1.406 μs, Q1 = 1.426 μs, Median = 1.444 μs, Q3 = 1.453 μs, Max = 1.469 μs
IQR = 0.027 μs, LowerFence = 1.385 μs, UpperFence = 1.494 μs
ConfidenceInterval = [1.399 μs; 1.482 μs] (CI 99.9%), Margin = 0.041 μs (2.87% of Mean)
Skewness = -0.18, Kurtosis = 1.49, MValue = 2

// ** Remained 27 (71.1 %) benchmark(s) to run. Estimated finish 2026-08-11 9:31 (0h 2m from now) **
// ***** BenchmarkRunner: Finish  *****

// * Export *
  tmp/dotnet-matrix/CsvProcessing/7de710fc59af43c49ed6793a18b75839/results/Matrix.CsvProcessing.Benchmarks.EscapedDelimiters-report.csv
  tmp/dotnet-matrix/CsvProcessing/7de710fc59af43c49ed6793a18b75839/results/Matrix.CsvProcessing.Benchmarks.EscapedDelimiters-report-github.md
  tmp/dotnet-matrix/CsvProcessing/7de710fc59af43c49ed6793a18b75839/results/Matrix.CsvProcessing.Benchmarks.EscapedDelimiters-report.html
  tmp/dotnet-matrix/CsvProcessing/7de710fc59af43c49ed6793a18b75839/results/Matrix.CsvProcessing.Benchmarks.EscapedDelimiters-report-full.json

// * Detailed results *
EscapedDelimiters.Sep: Quick(MaxRelativeError=0.05, Arguments=/p:MatrixMode=Benchmark, IterationTime=250ms, MaxIterationCount=12, MaxWarmupIterationCount=5, MinIterationCount=8, MinWarmupIterationCount=3)
Runtime = .NET 10.0.10 (10.0.10, 10.0.1026.32716), X64 RyuJIT x86-64-v3; GC = Concurrent Workstation
Mean = 566.901 ns, StdErr = 1.448 ns (0.26%), N = 8, StdDev = 4.096 ns
Min = 563.092 ns, Q1 = 563.715 ns, Median = 565.643 ns, Q3 = 568.987 ns, Max = 574.643 ns
IQR = 5.273 ns, LowerFence = 555.806 ns, UpperFence = 576.896 ns
ConfidenceInterval = [559.071 ns; 574.732 ns] (CI 99.9%), Margin = 7.831 ns (1.38% of Mean)
Skewness = 0.69, Kurtosis = 1.89, MValue = 2
-------------------- Histogram --------------------
[560.404 ns ; 577.330 ns) | @@@@@@@@
---------------------------------------------------

EscapedDelimiters.TinyCsvParser: Quick(MaxRelativeError=0.05, Arguments=/p:MatrixMode=Benchmark, IterationTime=250ms, MaxIterationCount=12, MaxWarmupIterationCount=5, MinIterationCount=8, MinWarmupIterationCount=3)
Runtime = .NET 10.0.10 (10.0.10, 10.0.1026.32716), X64 RyuJIT x86-64-v3; GC = Concurrent Workstation
Mean = 1.441 μs, StdErr = 0.008 μs (0.53%), N = 8, StdDev = 0.022 μs
Min = 1.406 μs, Q1 = 1.426 μs, Median = 1.444 μs, Q3 = 1.453 μs, Max = 1.469 μs
IQR = 0.027 μs, LowerFence = 1.385 μs, UpperFence = 1.494 μs
ConfidenceInterval = [1.399 μs; 1.482 μs] (CI 99.9%), Margin = 0.041 μs (2.87% of Mean)
Skewness = -0.18, Kurtosis = 1.49, MValue = 2
-------------------- Histogram --------------------
[1.392 μs ; 1.473 μs) | @@@@@@@@
---------------------------------------------------

EscapedDelimiters.Sylvan: Quick(MaxRelativeError=0.05, Arguments=/p:MatrixMode=Benchmark, IterationTime=250ms, MaxIterationCount=12, MaxWarmupIterationCount=5, MinIterationCount=8, MinWarmupIterationCount=3)
Runtime = .NET 10.0.10 (10.0.10, 10.0.1026.32716), X64 RyuJIT x86-64-v3; GC = Concurrent Workstation
Mean = 2.117 μs, StdErr = 0.020 μs (0.93%), N = 7, StdDev = 0.052 μs
Min = 2.004 μs, Q1 = 2.116 μs, Median = 2.137 μs, Q3 = 2.145 μs, Max = 2.152 μs
IQR = 0.029 μs, LowerFence = 2.073 μs, UpperFence = 2.188 μs
ConfidenceInterval = [2.000 μs; 2.234 μs] (CI 99.9%), Margin = 0.117 μs (5.54% of Mean)
Skewness = -1.33, Kurtosis = 3.17, MValue = 2
-------------------- Histogram --------------------
[1.969 μs ; 2.040 μs) | @
[2.040 μs ; 2.093 μs) | 
[2.093 μs ; 2.164 μs) | @@@@@@
---------------------------------------------------

EscapedDelimiters.CsvHelper: Quick(MaxRelativeError=0.05, Arguments=/p:MatrixMode=Benchmark, IterationTime=250ms, MaxIterationCount=12, MaxWarmupIterationCount=5, MinIterationCount=8, MinWarmupIterationCount=3)
Runtime = .NET 10.0.10 (10.0.10, 10.0.1026.32716), X64 RyuJIT x86-64-v3; GC = Concurrent Workstation
Mean = 543.730 μs, StdErr = 15.623 μs (2.87%), N = 12, StdDev = 54.120 μs
Min = 487.098 μs, Q1 = 495.458 μs, Median = 530.205 μs, Q3 = 584.331 μs, Max = 631.898 μs
IQR = 88.873 μs, LowerFence = 362.148 μs, UpperFence = 717.641 μs
ConfidenceInterval = [474.410 μs; 613.049 μs] (CI 99.9%), Margin = 69.320 μs (12.75% of Mean)
Skewness = 0.43, Kurtosis = 1.44, MValue = 2.86
-------------------- Histogram --------------------
[481.033 μs ; 543.086 μs) | @@@@@@@
[543.086 μs ; 572.461 μs) | @
[572.461 μs ; 634.514 μs) | @@@@
---------------------------------------------------

// * Summary *

BenchmarkDotNet v0.15.8, Linux Ubuntu 24.04.4 LTS (Noble Numbat)
AMD EPYC 7763 2.45GHz, 1 CPU, 4 logical and 2 physical cores
.NET SDK 10.0.302
  [Host] : .NET 10.0.10 (10.0.10, 10.0.1026.32716), X64 RyuJIT x86-64-v3
  Quick  : .NET 10.0.10 (10.0.10, 10.0.1026.32716), X64 RyuJIT x86-64-v3

Job=Quick  MaxRelativeError=0.05  Arguments=/p:MatrixMode=Benchmark  
IterationTime=250ms  MaxIterationCount=12  MaxWarmupIterationCount=5  
MinIterationCount=8  MinWarmupIterationCount=3  

| Method        | Mean         | Error        | StdDev       | Gen0   | Gen1   | Allocated |
|-------------- |-------------:|-------------:|-------------:|-------:|-------:|----------:|
| Sep           |     566.9 ns |      7.83 ns |      4.10 ns | 0.0820 |      - |   1.35 KB |
| TinyCsvParser |   1,440.8 ns |     41.38 ns |     21.64 ns | 0.3041 |      - |   4.98 KB |
| Sylvan        |   2,116.7 ns |    117.16 ns |     52.02 ns | 2.0961 | 0.2583 |   34.3 KB |
| CsvHelper     | 543,729.7 ns | 69,319.71 ns | 54,120.27 ns |      - |      - |  40.85 KB |

// * Hints *
Outliers
  EscapedDelimiters.Sylvan: Quick -> 2 outliers were removed, 3 outliers were detected (2.01 μs, 2.20 μs, 2.20 μs)

// * Legends *
  Mean      : Arithmetic mean of all measurements
  Error     : Half of 99.9% confidence interval
  StdDev    : Standard deviation of all measurements
  Gen0      : GC Generation 0 collects per 1000 operations
  Gen1      : GC Generation 1 collects per 1000 operations
  Allocated : Allocated memory per single operation (managed only, inclusive, 1KB = 1024B)
  1 ns      : 1 Nanosecond (0.000000001 sec)

// * Diagnostic Output - MemoryDiagnoser *


// ***** BenchmarkRunner: End *****
Run time: 00:00:24 (24.17 sec), executed benchmarks: 4

// Found 4 benchmarks:
//   HeaderMapping.CsvHelper: Quick(MaxRelativeError=0.05, Arguments=/p:MatrixMode=Benchmark, IterationTime=250ms, MaxIterationCount=12, MaxWarmupIterationCount=5, MinIterationCount=8, MinWarmupIterationCount=3)
//   HeaderMapping.Sep: Quick(MaxRelativeError=0.05, Arguments=/p:MatrixMode=Benchmark, IterationTime=250ms, MaxIterationCount=12, MaxWarmupIterationCount=5, MinIterationCount=8, MinWarmupIterationCount=3)
//   HeaderMapping.Sylvan: Quick(MaxRelativeError=0.05, Arguments=/p:MatrixMode=Benchmark, IterationTime=250ms, MaxIterationCount=12, MaxWarmupIterationCount=5, MinIterationCount=8, MinWarmupIterationCount=3)
//   HeaderMapping.TinyCsvParser: Quick(MaxRelativeError=0.05, Arguments=/p:MatrixMode=Benchmark, IterationTime=250ms, MaxIterationCount=12, MaxWarmupIterationCount=5, MinIterationCount=8, MinWarmupIterationCount=3)

// **************************
// Benchmark: HeaderMapping.CsvHelper: Quick(MaxRelativeError=0.05, Arguments=/p:MatrixMode=Benchmark, IterationTime=250ms, MaxIterationCount=12, MaxWarmupIterationCount=5, MinIterationCount=8, MinWarmupIterationCount=3)
// *** Execute ***
// Launch: 1 / 1
// Execute: dotnet Matrix.CsvProcessing-Quick-1.dll --anonymousPipes 137 138 --benchmarkName Matrix.CsvProcessing.Benchmarks.HeaderMapping.CsvHelper --job Quick --benchmarkId 11 in /home/runner/work/dotnet-matrix/dotnet-matrix/src/Matrix.CsvProcessing/bin/Benchmark/Release/net10.0/Matrix.CsvProcessing-Quick-1/bin/Release/net10.0
// Failed to set up high priority (Permission denied). In order to run benchmarks with high priority, make sure you have the right permissions.
// BeforeAnythingElse

// Benchmark Process Environment Information:
// BenchmarkDotNet v0.15.8
// Runtime=.NET 10.0.10 (10.0.10, 10.0.1026.32716), X64 RyuJIT x86-64-v3
// GC=Concurrent Workstation
// HardwareIntrinsics=AVX2+BMI1+BMI2+F16C+FMA+LZCNT+MOVBE,AVX,SSE3+SSSE3+SSE4.1+SSE4.2+POPCNT,X86Base+SSE+SSE2,AES+PCLMUL VectorSize=256
// Job: Quick(MaxRelativeError=0.05, IterationTime=250ms, MaxIterationCount=12, MaxWarmupIterationCount=5, MinIterationCount=8, MinWarmupIterationCount=3)

OverheadJitting  1: 1 op, 246032.00 ns, 246.0320 us/op
WorkloadJitting  1: 1 op, 58517677.00 ns, 58.5177 ms/op

WorkloadPilot    1: 4 op, 4535957.00 ns, 1.1340 ms/op
WorkloadPilot    2: 220 op, 203490452.00 ns, 924.9566 us/op
WorkloadPilot    3: 270 op, 263205220.00 ns, 974.8341 us/op
WorkloadPilot    4: 256 op, 236164678.00 ns, 922.5183 us/op
WorkloadPilot    5: 271 op, 251517984.00 ns, 928.1106 us/op
WorkloadPilot    6: 269 op, 254035471.00 ns, 944.3698 us/op

WorkloadWarmup   1: 269 op, 255361450.00 ns, 949.2991 us/op
WorkloadWarmup   2: 269 op, 252326682.00 ns, 938.0174 us/op
WorkloadWarmup   3: 269 op, 248094708.00 ns, 922.2852 us/op
WorkloadWarmup   4: 269 op, 249709028.00 ns, 928.2863 us/op
WorkloadWarmup   5: 269 op, 250807841.00 ns, 932.3712 us/op

// BeforeActualRun
WorkloadActual   1: 269 op, 250493303.00 ns, 931.2019 us/op
WorkloadActual   2: 269 op, 246688736.00 ns, 917.0585 us/op
WorkloadActual   3: 269 op, 248380722.00 ns, 923.3484 us/op
WorkloadActual   4: 269 op, 245169408.00 ns, 911.4104 us/op
WorkloadActual   5: 269 op, 248122778.00 ns, 922.3895 us/op
WorkloadActual   6: 269 op, 239194363.00 ns, 889.1984 us/op
WorkloadActual   7: 269 op, 222610460.00 ns, 827.5482 us/op
WorkloadActual   8: 269 op, 210928915.00 ns, 784.1224 us/op
WorkloadActual   9: 269 op, 210175269.00 ns, 781.3207 us/op
WorkloadActual  10: 269 op, 202228330.00 ns, 751.7782 us/op
WorkloadActual  11: 269 op, 199189412.00 ns, 740.4811 us/op
WorkloadActual  12: 269 op, 194398251.00 ns, 722.6701 us/op

// AfterActualRun
WorkloadResult   1: 269 op, 250493303.00 ns, 931.2019 us/op
WorkloadResult   2: 269 op, 246688736.00 ns, 917.0585 us/op
WorkloadResult   3: 269 op, 248380722.00 ns, 923.3484 us/op
WorkloadResult   4: 269 op, 245169408.00 ns, 911.4104 us/op
WorkloadResult   5: 269 op, 248122778.00 ns, 922.3895 us/op
WorkloadResult   6: 269 op, 239194363.00 ns, 889.1984 us/op
WorkloadResult   7: 269 op, 222610460.00 ns, 827.5482 us/op
WorkloadResult   8: 269 op, 210928915.00 ns, 784.1224 us/op
WorkloadResult   9: 269 op, 210175269.00 ns, 781.3207 us/op
WorkloadResult  10: 269 op, 202228330.00 ns, 751.7782 us/op
WorkloadResult  11: 269 op, 199189412.00 ns, 740.4811 us/op
WorkloadResult  12: 269 op, 194398251.00 ns, 722.6701 us/op
// GC:  0 0 0 14743496 269
// Threading:  0 0 269

// AfterAll
// Benchmark Process 3540 has exited with code 0.

Mean = 841.877 μs, StdErr = 23.620 μs (2.81%), N = 12, StdDev = 81.822 μs
Min = 722.670 μs, Q1 = 773.935 μs, Median = 858.373 μs, Q3 = 918.391 μs, Max = 931.202 μs
IQR = 144.456 μs, LowerFence = 557.251 μs, UpperFence = 1,135.076 μs
ConfidenceInterval = [737.077 μs; 946.678 μs] (CI 99.9%), Margin = 104.801 μs (12.45% of Mean)
Skewness = -0.19, Kurtosis = 1.13, MValue = 3.33

// ** Remained 26 (68.4 %) benchmark(s) to run. Estimated finish 2026-08-11 9:31 (0h 2m from now) **
// **************************
// Benchmark: HeaderMapping.Sep: Quick(MaxRelativeError=0.05, Arguments=/p:MatrixMode=Benchmark, IterationTime=250ms, MaxIterationCount=12, MaxWarmupIterationCount=5, MinIterationCount=8, MinWarmupIterationCount=3)
// *** Execute ***
// Launch: 1 / 1
// Execute: dotnet Matrix.CsvProcessing-Quick-1.dll --anonymousPipes 137 138 --benchmarkName Matrix.CsvProcessing.Benchmarks.HeaderMapping.Sep --job Quick --benchmarkId 12 in /home/runner/work/dotnet-matrix/dotnet-matrix/src/Matrix.CsvProcessing/bin/Benchmark/Release/net10.0/Matrix.CsvProcessing-Quick-1/bin/Release/net10.0
// Failed to set up high priority (Permission denied). In order to run benchmarks with high priority, make sure you have the right permissions.
// BeforeAnythingElse

// Benchmark Process Environment Information:
// BenchmarkDotNet v0.15.8
// Runtime=.NET 10.0.10 (10.0.10, 10.0.1026.32716), X64 RyuJIT x86-64-v3
// GC=Concurrent Workstation
// HardwareIntrinsics=AVX2+BMI1+BMI2+F16C+FMA+LZCNT+MOVBE,AVX,SSE3+SSSE3+SSE4.1+SSE4.2+POPCNT,X86Base+SSE+SSE2,AES+PCLMUL VectorSize=256
// Job: Quick(MaxRelativeError=0.05, IterationTime=250ms, MaxIterationCount=12, MaxWarmupIterationCount=5, MinIterationCount=8, MinWarmupIterationCount=3)

OverheadJitting  1: 1 op, 243417.00 ns, 243.4170 us/op
WorkloadJitting  1: 1 op, 19771072.00 ns, 19.7711 ms/op

WorkloadPilot    1: 4 op, 61385.00 ns, 15.3463 us/op
WorkloadPilot    2: 16291 op, 76228611.00 ns, 4.6792 us/op
WorkloadPilot    3: 53428 op, 194144675.00 ns, 3.6338 us/op
WorkloadPilot    4: 68799 op, 65568335.00 ns, 953.0420 ns/op
WorkloadPilot    5: 262318 op, 243848406.00 ns, 929.5908 ns/op
WorkloadPilot    6: 268936 op, 251842224.00 ns, 936.4392 ns/op
WorkloadPilot    7: 266969 op, 248868788.00 ns, 932.2011 ns/op
WorkloadPilot    8: 268182 op, 250830242.00 ns, 935.2986 ns/op
WorkloadPilot    9: 267294 op, 248796361.00 ns, 930.7967 ns/op
WorkloadPilot   10: 268587 op, 250503930.00 ns, 932.6733 ns/op

WorkloadWarmup   1: 268587 op, 249563764.00 ns, 929.1729 ns/op
WorkloadWarmup   2: 268587 op, 254164967.00 ns, 946.3041 ns/op
WorkloadWarmup   3: 268587 op, 255828021.00 ns, 952.4959 ns/op
WorkloadWarmup   4: 268587 op, 254701996.00 ns, 948.3035 ns/op
WorkloadWarmup   5: 268587 op, 254700794.00 ns, 948.2990 ns/op

// BeforeActualRun
WorkloadActual   1: 268587 op, 253469050.00 ns, 943.7130 ns/op
WorkloadActual   2: 268587 op, 254041645.00 ns, 945.8449 ns/op
WorkloadActual   3: 268587 op, 252030958.00 ns, 938.3587 ns/op
WorkloadActual   4: 268587 op, 251090622.00 ns, 934.8577 ns/op
WorkloadActual   5: 268587 op, 250096915.00 ns, 931.1579 ns/op
WorkloadActual   6: 268587 op, 252322115.00 ns, 939.4428 ns/op
WorkloadActual   7: 268587 op, 249593540.00 ns, 929.2838 ns/op
WorkloadActual   8: 268587 op, 250941993.00 ns, 934.3043 ns/op

// AfterActualRun
WorkloadResult   1: 268587 op, 253469050.00 ns, 943.7130 ns/op
WorkloadResult   2: 268587 op, 254041645.00 ns, 945.8449 ns/op
WorkloadResult   3: 268587 op, 252030958.00 ns, 938.3587 ns/op
WorkloadResult   4: 268587 op, 251090622.00 ns, 934.8577 ns/op
WorkloadResult   5: 268587 op, 250096915.00 ns, 931.1579 ns/op
WorkloadResult   6: 268587 op, 252322115.00 ns, 939.4428 ns/op
WorkloadResult   7: 268587 op, 249593540.00 ns, 929.2838 ns/op
WorkloadResult   8: 268587 op, 250941993.00 ns, 934.3043 ns/op
// GC:  27 0 0 466267032 268587
// Threading:  0 0 268587

// AfterAll
// Benchmark Process 3553 has exited with code 0.

Mean = 937.120 ns, StdErr = 2.055 ns (0.22%), N = 8, StdDev = 5.813 ns
Min = 929.284 ns, Q1 = 933.518 ns, Median = 936.608 ns, Q3 = 940.510 ns, Max = 945.845 ns
IQR = 6.993 ns, LowerFence = 923.029 ns, UpperFence = 950.999 ns
ConfidenceInterval = [926.006 ns; 948.234 ns] (CI 99.9%), Margin = 11.114 ns (1.19% of Mean)
Skewness = 0.15, Kurtosis = 1.41, MValue = 2

// ** Remained 25 (65.8 %) benchmark(s) to run. Estimated finish 2026-08-11 9:31 (0h 2m from now) **
// **************************
// Benchmark: HeaderMapping.Sylvan: Quick(MaxRelativeError=0.05, Arguments=/p:MatrixMode=Benchmark, IterationTime=250ms, MaxIterationCount=12, MaxWarmupIterationCount=5, MinIterationCount=8, MinWarmupIterationCount=3)
// *** Execute ***
// Launch: 1 / 1
// Execute: dotnet Matrix.CsvProcessing-Quick-1.dll --anonymousPipes 137 138 --benchmarkName Matrix.CsvProcessing.Benchmarks.HeaderMapping.Sylvan --job Quick --benchmarkId 13 in /home/runner/work/dotnet-matrix/dotnet-matrix/src/Matrix.CsvProcessing/bin/Benchmark/Release/net10.0/Matrix.CsvProcessing-Quick-1/bin/Release/net10.0
// Failed to set up high priority (Permission denied). In order to run benchmarks with high priority, make sure you have the right permissions.
// BeforeAnythingElse

// Benchmark Process Environment Information:
// BenchmarkDotNet v0.15.8
// Runtime=.NET 10.0.10 (10.0.10, 10.0.1026.32716), X64 RyuJIT x86-64-v3
// GC=Concurrent Workstation
// HardwareIntrinsics=AVX2+BMI1+BMI2+F16C+FMA+LZCNT+MOVBE,AVX,SSE3+SSSE3+SSE4.1+SSE4.2+POPCNT,X86Base+SSE+SSE2,AES+PCLMUL VectorSize=256
// Job: Quick(MaxRelativeError=0.05, IterationTime=250ms, MaxIterationCount=12, MaxWarmupIterationCount=5, MinIterationCount=8, MinWarmupIterationCount=3)

OverheadJitting  1: 1 op, 243958.00 ns, 243.9580 us/op
WorkloadJitting  1: 1 op, 13891802.00 ns, 13.8918 ms/op

OverheadJitting  2: 16 op, 527040.00 ns, 32.9400 us/op
WorkloadJitting  2: 16 op, 994037.00 ns, 62.1273 us/op

WorkloadPilot    1: 16 op, 368481.00 ns, 23.0301 us/op
WorkloadPilot    2: 10864 op, 103346093.00 ns, 9.5127 us/op
WorkloadPilot    3: 26288 op, 294733804.00 ns, 11.2117 us/op
WorkloadPilot    4: 22304 op, 94558919.00 ns, 4.2395 us/op
WorkloadPilot    5: 58976 op, 150184123.00 ns, 2.5465 us/op
WorkloadPilot    6: 98176 op, 260298147.00 ns, 2.6513 us/op
WorkloadPilot    7: 94304 op, 239955540.00 ns, 2.5445 us/op
WorkloadPilot    8: 98256 op, 248768332.00 ns, 2.5318 us/op
WorkloadPilot    9: 98752 op, 268473552.00 ns, 2.7187 us/op

OverheadWarmup   1: 98752 op, 383220.00 ns, 3.8806 ns/op
OverheadWarmup   2: 98752 op, 389672.00 ns, 3.9460 ns/op
OverheadWarmup   3: 98752 op, 379252.00 ns, 3.8404 ns/op
OverheadWarmup   4: 98752 op, 388860.00 ns, 3.9377 ns/op
OverheadWarmup   5: 98752 op, 378821.00 ns, 3.8361 ns/op

OverheadActual   1: 98752 op, 372529.00 ns, 3.7724 ns/op
OverheadActual   2: 98752 op, 362461.00 ns, 3.6704 ns/op
OverheadActual   3: 98752 op, 391245.00 ns, 3.9619 ns/op
OverheadActual   4: 98752 op, 362661.00 ns, 3.6724 ns/op
OverheadActual   5: 98752 op, 394741.00 ns, 3.9973 ns/op
OverheadActual   6: 98752 op, 383791.00 ns, 3.8864 ns/op
OverheadActual   7: 98752 op, 417334.00 ns, 4.2261 ns/op
OverheadActual   8: 98752 op, 378180.00 ns, 3.8296 ns/op
OverheadActual   9: 98752 op, 391696.00 ns, 3.9665 ns/op
OverheadActual  10: 98752 op, 363372.00 ns, 3.6796 ns/op
OverheadActual  11: 98752 op, 373621.00 ns, 3.7834 ns/op
OverheadActual  12: 98752 op, 380054.00 ns, 3.8486 ns/op

WorkloadWarmup   1: 98752 op, 282181929.00 ns, 2.8575 us/op
WorkloadWarmup   2: 98752 op, 261165286.00 ns, 2.6447 us/op
WorkloadWarmup   3: 98752 op, 251265282.00 ns, 2.5444 us/op
WorkloadWarmup   4: 98752 op, 264721816.00 ns, 2.6807 us/op
WorkloadWarmup   5: 98752 op, 263090552.00 ns, 2.6642 us/op

// BeforeActualRun
WorkloadActual   1: 98752 op, 265149820.00 ns, 2.6850 us/op
WorkloadActual   2: 98752 op, 274547360.00 ns, 2.7802 us/op
WorkloadActual   3: 98752 op, 278086657.00 ns, 2.8160 us/op
WorkloadActual   4: 98752 op, 285474533.00 ns, 2.8908 us/op
WorkloadActual   5: 98752 op, 277566801.00 ns, 2.8107 us/op
WorkloadActual   6: 98752 op, 278099952.00 ns, 2.8161 us/op
WorkloadActual   7: 98752 op, 267763970.00 ns, 2.7115 us/op
WorkloadActual   8: 98752 op, 268723632.00 ns, 2.7212 us/op

// AfterActualRun
WorkloadResult   1: 98752 op, 264770703.00 ns, 2.6812 us/op
WorkloadResult   2: 98752 op, 274168243.00 ns, 2.7763 us/op
WorkloadResult   3: 98752 op, 277707540.00 ns, 2.8122 us/op
WorkloadResult   4: 98752 op, 285095416.00 ns, 2.8870 us/op
WorkloadResult   5: 98752 op, 277187684.00 ns, 2.8069 us/op
WorkloadResult   6: 98752 op, 277720835.00 ns, 2.8123 us/op
WorkloadResult   7: 98752 op, 267384853.00 ns, 2.7076 us/op
WorkloadResult   8: 98752 op, 268344515.00 ns, 2.7174 us/op
// GC:  211 23 0 3550376000 98752
// Threading:  0 0 98752

// AfterAll
// Benchmark Process 3563 has exited with code 0.

Mean = 2.775 μs, StdErr = 0.024 μs (0.87%), N = 8, StdDev = 0.069 μs
Min = 2.681 μs, Q1 = 2.715 μs, Median = 2.792 μs, Q3 = 2.812 μs, Max = 2.887 μs
IQR = 0.097 μs, LowerFence = 2.569 μs, UpperFence = 2.958 μs
ConfidenceInterval = [2.644 μs; 2.906 μs] (CI 99.9%), Margin = 0.131 μs (4.73% of Mean)
Skewness = 0.08, Kurtosis = 1.53, MValue = 2

// ** Remained 24 (63.2 %) benchmark(s) to run. Estimated finish 2026-08-11 9:31 (0h 2m from now) **
// **************************
// Benchmark: HeaderMapping.TinyCsvParser: Quick(MaxRelativeError=0.05, Arguments=/p:MatrixMode=Benchmark, IterationTime=250ms, MaxIterationCount=12, MaxWarmupIterationCount=5, MinIterationCount=8, MinWarmupIterationCount=3)
// *** Execute ***
// Launch: 1 / 1
// Execute: dotnet Matrix.CsvProcessing-Quick-1.dll --anonymousPipes 137 138 --benchmarkName Matrix.CsvProcessing.Benchmarks.HeaderMapping.TinyCsvParser --job Quick --benchmarkId 14 in /home/runner/work/dotnet-matrix/dotnet-matrix/src/Matrix.CsvProcessing/bin/Benchmark/Release/net10.0/Matrix.CsvProcessing-Quick-1/bin/Release/net10.0
// Failed to set up high priority (Permission denied). In order to run benchmarks with high priority, make sure you have the right permissions.
// BeforeAnythingElse

// Benchmark Process Environment Information:
// BenchmarkDotNet v0.15.8
// Runtime=.NET 10.0.10 (10.0.10, 10.0.1026.32716), X64 RyuJIT x86-64-v3
// GC=Concurrent Workstation
// HardwareIntrinsics=AVX2+BMI1+BMI2+F16C+FMA+LZCNT+MOVBE,AVX,SSE3+SSSE3+SSE4.1+SSE4.2+POPCNT,X86Base+SSE+SSE2,AES+PCLMUL VectorSize=256
// Job: Quick(MaxRelativeError=0.05, IterationTime=250ms, MaxIterationCount=12, MaxWarmupIterationCount=5, MinIterationCount=8, MinWarmupIterationCount=3)

OverheadJitting  1: 1 op, 261752.00 ns, 261.7520 us/op
WorkloadJitting  1: 1 op, 32635325.00 ns, 32.6353 ms/op

WorkloadPilot    1: 4 op, 79730.00 ns, 19.9325 us/op
WorkloadPilot    2: 12542 op, 116358953.00 ns, 9.2775 us/op
WorkloadPilot    3: 26947 op, 250866483.00 ns, 9.3096 us/op
WorkloadPilot    4: 26854 op, 57723304.00 ns, 2.1495 us/op
WorkloadPilot    5: 116305 op, 211058166.00 ns, 1.8147 us/op
WorkloadPilot    6: 137764 op, 255374349.00 ns, 1.8537 us/op
WorkloadPilot    7: 134865 op, 251265211.00 ns, 1.8631 us/op

WorkloadWarmup   1: 134865 op, 262200140.00 ns, 1.9442 us/op
WorkloadWarmup   2: 134865 op, 250331779.00 ns, 1.8562 us/op
WorkloadWarmup   3: 134865 op, 249664746.00 ns, 1.8512 us/op
WorkloadWarmup   4: 134865 op, 246604961.00 ns, 1.8285 us/op
WorkloadWarmup   5: 134865 op, 249781628.00 ns, 1.8521 us/op

// BeforeActualRun
WorkloadActual   1: 134865 op, 255041476.00 ns, 1.8911 us/op
WorkloadActual   2: 134865 op, 248291629.00 ns, 1.8410 us/op
WorkloadActual   3: 134865 op, 248891766.00 ns, 1.8455 us/op
WorkloadActual   4: 134865 op, 250372928.00 ns, 1.8565 us/op
WorkloadActual   5: 134865 op, 251493913.00 ns, 1.8648 us/op
WorkloadActual   6: 134865 op, 248316937.00 ns, 1.8412 us/op
WorkloadActual   7: 134865 op, 248491364.00 ns, 1.8425 us/op
WorkloadActual   8: 134865 op, 246057202.00 ns, 1.8245 us/op

// AfterActualRun
WorkloadResult   1: 134865 op, 248291629.00 ns, 1.8410 us/op
WorkloadResult   2: 134865 op, 248891766.00 ns, 1.8455 us/op
WorkloadResult   3: 134865 op, 250372928.00 ns, 1.8565 us/op
WorkloadResult   4: 134865 op, 251493913.00 ns, 1.8648 us/op
WorkloadResult   5: 134865 op, 248316937.00 ns, 1.8412 us/op
WorkloadResult   6: 134865 op, 248491364.00 ns, 1.8425 us/op
WorkloadResult   7: 134865 op, 246057202.00 ns, 1.8245 us/op
// GC:  43 0 0 731507760 134865
// Threading:  0 0 134865

// AfterAll
// Benchmark Process 3577 has exited with code 0.

Mean = 1.845 μs, StdErr = 0.005 μs (0.26%), N = 7, StdDev = 0.013 μs
Min = 1.824 μs, Q1 = 1.841 μs, Median = 1.843 μs, Q3 = 1.851 μs, Max = 1.865 μs
IQR = 0.010 μs, LowerFence = 1.826 μs, UpperFence = 1.866 μs
ConfidenceInterval = [1.816 μs; 1.874 μs] (CI 99.9%), Margin = 0.029 μs (1.56% of Mean)
Skewness = 0, Kurtosis = 1.86, MValue = 2

// ** Remained 23 (60.5 %) benchmark(s) to run. Estimated finish 2026-08-11 9:31 (0h 2m from now) **
// ***** BenchmarkRunner: Finish  *****

// * Export *
  tmp/dotnet-matrix/CsvProcessing/7de710fc59af43c49ed6793a18b75839/results/Matrix.CsvProcessing.Benchmarks.HeaderMapping-report.csv
  tmp/dotnet-matrix/CsvProcessing/7de710fc59af43c49ed6793a18b75839/results/Matrix.CsvProcessing.Benchmarks.HeaderMapping-report-github.md
  tmp/dotnet-matrix/CsvProcessing/7de710fc59af43c49ed6793a18b75839/results/Matrix.CsvProcessing.Benchmarks.HeaderMapping-report.html
  tmp/dotnet-matrix/CsvProcessing/7de710fc59af43c49ed6793a18b75839/results/Matrix.CsvProcessing.Benchmarks.HeaderMapping-report-full.json

// * Detailed results *
HeaderMapping.Sep: Quick(MaxRelativeError=0.05, Arguments=/p:MatrixMode=Benchmark, IterationTime=250ms, MaxIterationCount=12, MaxWarmupIterationCount=5, MinIterationCount=8, MinWarmupIterationCount=3)
Runtime = .NET 10.0.10 (10.0.10, 10.0.1026.32716), X64 RyuJIT x86-64-v3; GC = Concurrent Workstation
Mean = 937.120 ns, StdErr = 2.055 ns (0.22%), N = 8, StdDev = 5.813 ns
Min = 929.284 ns, Q1 = 933.518 ns, Median = 936.608 ns, Q3 = 940.510 ns, Max = 945.845 ns
IQR = 6.993 ns, LowerFence = 923.029 ns, UpperFence = 950.999 ns
ConfidenceInterval = [926.006 ns; 948.234 ns] (CI 99.9%), Margin = 11.114 ns (1.19% of Mean)
Skewness = 0.15, Kurtosis = 1.41, MValue = 2
-------------------- Histogram --------------------
[927.505 ns ; 946.242 ns) | @@@@@@@@
---------------------------------------------------

HeaderMapping.TinyCsvParser: Quick(MaxRelativeError=0.05, Arguments=/p:MatrixMode=Benchmark, IterationTime=250ms, MaxIterationCount=12, MaxWarmupIterationCount=5, MinIterationCount=8, MinWarmupIterationCount=3)
Runtime = .NET 10.0.10 (10.0.10, 10.0.1026.32716), X64 RyuJIT x86-64-v3; GC = Concurrent Workstation
Mean = 1.845 μs, StdErr = 0.005 μs (0.26%), N = 7, StdDev = 0.013 μs
Min = 1.824 μs, Q1 = 1.841 μs, Median = 1.843 μs, Q3 = 1.851 μs, Max = 1.865 μs
IQR = 0.010 μs, LowerFence = 1.826 μs, UpperFence = 1.866 μs
ConfidenceInterval = [1.816 μs; 1.874 μs] (CI 99.9%), Margin = 0.029 μs (1.56% of Mean)
Skewness = 0, Kurtosis = 1.86, MValue = 2
-------------------- Histogram --------------------
[1.816 μs ; 1.867 μs) | @@@@@@@
---------------------------------------------------

HeaderMapping.Sylvan: Quick(MaxRelativeError=0.05, Arguments=/p:MatrixMode=Benchmark, IterationTime=250ms, MaxIterationCount=12, MaxWarmupIterationCount=5, MinIterationCount=8, MinWarmupIterationCount=3)
Runtime = .NET 10.0.10 (10.0.10, 10.0.1026.32716), X64 RyuJIT x86-64-v3; GC = Concurrent Workstation
Mean = 2.775 μs, StdErr = 0.024 μs (0.87%), N = 8, StdDev = 0.069 μs
Min = 2.681 μs, Q1 = 2.715 μs, Median = 2.792 μs, Q3 = 2.812 μs, Max = 2.887 μs
IQR = 0.097 μs, LowerFence = 2.569 μs, UpperFence = 2.958 μs
ConfidenceInterval = [2.644 μs; 2.906 μs] (CI 99.9%), Margin = 0.131 μs (4.73% of Mean)
Skewness = 0.08, Kurtosis = 1.53, MValue = 2
-------------------- Histogram --------------------
[2.654 μs ; 2.749 μs) | @@@
[2.749 μs ; 2.839 μs) | @@@@
[2.839 μs ; 2.932 μs) | @
---------------------------------------------------

HeaderMapping.CsvHelper: Quick(MaxRelativeError=0.05, Arguments=/p:MatrixMode=Benchmark, IterationTime=250ms, MaxIterationCount=12, MaxWarmupIterationCount=5, MinIterationCount=8, MinWarmupIterationCount=3)
Runtime = .NET 10.0.10 (10.0.10, 10.0.1026.32716), X64 RyuJIT x86-64-v3; GC = Concurrent Workstation
Mean = 841.877 μs, StdErr = 23.620 μs (2.81%), N = 12, StdDev = 81.822 μs
Min = 722.670 μs, Q1 = 773.935 μs, Median = 858.373 μs, Q3 = 918.391 μs, Max = 931.202 μs
IQR = 144.456 μs, LowerFence = 557.251 μs, UpperFence = 1,135.076 μs
ConfidenceInterval = [737.077 μs; 946.678 μs] (CI 99.9%), Margin = 104.801 μs (12.45% of Mean)
Skewness = -0.19, Kurtosis = 1.13, MValue = 3.33
-------------------- Histogram --------------------
[706.489 μs ; 800.303 μs) | @@@@@
[800.303 μs ; 863.293 μs) | @
[863.293 μs ; 957.107 μs) | @@@@@@
---------------------------------------------------

// * Summary *

BenchmarkDotNet v0.15.8, Linux Ubuntu 24.04.4 LTS (Noble Numbat)
AMD EPYC 7763 2.45GHz, 1 CPU, 4 logical and 2 physical cores
.NET SDK 10.0.302
  [Host] : .NET 10.0.10 (10.0.10, 10.0.1026.32716), X64 RyuJIT x86-64-v3
  Quick  : .NET 10.0.10 (10.0.10, 10.0.1026.32716), X64 RyuJIT x86-64-v3

Job=Quick  MaxRelativeError=0.05  Arguments=/p:MatrixMode=Benchmark  
IterationTime=250ms  MaxIterationCount=12  MaxWarmupIterationCount=5  
MinIterationCount=8  MinWarmupIterationCount=3  

| Method        | Mean         | Error         | StdDev       | Gen0   | Gen1   | Allocated |
|-------------- |-------------:|--------------:|-------------:|-------:|-------:|----------:|
| Sep           |     937.1 ns |      11.11 ns |      5.81 ns | 0.1005 |      - |    1.7 KB |
| TinyCsvParser |   1,845.1 ns |      28.79 ns |     12.78 ns | 0.3188 |      - |    5.3 KB |
| Sylvan        |   2,775.1 ns |     131.27 ns |     68.66 ns | 2.1367 | 0.2329 |  35.11 KB |
| CsvHelper     | 841,877.3 ns | 104,800.79 ns | 81,821.57 ns |      - |      - |  53.52 KB |

// * Hints *
Outliers
  HeaderMapping.TinyCsvParser: Quick -> 1 outlier  was  removed (1.89 μs)

// * Legends *
  Mean      : Arithmetic mean of all measurements
  Error     : Half of 99.9% confidence interval
  StdDev    : Standard deviation of all measurements
  Gen0      : GC Generation 0 collects per 1000 operations
  Gen1      : GC Generation 1 collects per 1000 operations
  Allocated : Allocated memory per single operation (managed only, inclusive, 1KB = 1024B)
  1 ns      : 1 Nanosecond (0.000000001 sec)

// * Diagnostic Output - MemoryDiagnoser *


// ***** BenchmarkRunner: End *****
Run time: 00:00:21 (21.93 sec), executed benchmarks: 4

// Found 4 benchmarks:
//   QuotedFields.CsvHelper: Quick(MaxRelativeError=0.05, Arguments=/p:MatrixMode=Benchmark, IterationTime=250ms, MaxIterationCount=12, MaxWarmupIterationCount=5, MinIterationCount=8, MinWarmupIterationCount=3)
//   QuotedFields.Sep: Quick(MaxRelativeError=0.05, Arguments=/p:MatrixMode=Benchmark, IterationTime=250ms, MaxIterationCount=12, MaxWarmupIterationCount=5, MinIterationCount=8, MinWarmupIterationCount=3)
//   QuotedFields.Sylvan: Quick(MaxRelativeError=0.05, Arguments=/p:MatrixMode=Benchmark, IterationTime=250ms, MaxIterationCount=12, MaxWarmupIterationCount=5, MinIterationCount=8, MinWarmupIterationCount=3)
//   QuotedFields.TinyCsvParser: Quick(MaxRelativeError=0.05, Arguments=/p:MatrixMode=Benchmark, IterationTime=250ms, MaxIterationCount=12, MaxWarmupIterationCount=5, MinIterationCount=8, MinWarmupIterationCount=3)

// **************************
// Benchmark: QuotedFields.CsvHelper: Quick(MaxRelativeError=0.05, Arguments=/p:MatrixMode=Benchmark, IterationTime=250ms, MaxIterationCount=12, MaxWarmupIterationCount=5, MinIterationCount=8, MinWarmupIterationCount=3)
// *** Execute ***
// Launch: 1 / 1
// Execute: dotnet Matrix.CsvProcessing-Quick-1.dll --anonymousPipes 137 138 --benchmarkName Matrix.CsvProcessing.Benchmarks.QuotedFields.CsvHelper --job Quick --benchmarkId 15 in /home/runner/work/dotnet-matrix/dotnet-matrix/src/Matrix.CsvProcessing/bin/Benchmark/Release/net10.0/Matrix.CsvProcessing-Quick-1/bin/Release/net10.0
// Failed to set up high priority (Permission denied). In order to run benchmarks with high priority, make sure you have the right permissions.
// BeforeAnythingElse

// Benchmark Process Environment Information:
// BenchmarkDotNet v0.15.8
// Runtime=.NET 10.0.10 (10.0.10, 10.0.1026.32716), X64 RyuJIT x86-64-v3
// GC=Concurrent Workstation
// HardwareIntrinsics=AVX2+BMI1+BMI2+F16C+FMA+LZCNT+MOVBE,AVX,SSE3+SSSE3+SSE4.1+SSE4.2+POPCNT,X86Base+SSE+SSE2,AES+PCLMUL VectorSize=256
// Job: Quick(MaxRelativeError=0.05, IterationTime=250ms, MaxIterationCount=12, MaxWarmupIterationCount=5, MinIterationCount=8, MinWarmupIterationCount=3)

OverheadJitting  1: 1 op, 265087.00 ns, 265.0870 us/op
WorkloadJitting  1: 1 op, 56643585.00 ns, 56.6436 ms/op

WorkloadPilot    1: 4 op, 3552251.00 ns, 888.0628 us/op
WorkloadPilot    2: 282 op, 189856840.00 ns, 673.2512 us/op
WorkloadPilot    3: 371 op, 244135723.00 ns, 658.0478 us/op
WorkloadPilot    4: 380 op, 242214171.00 ns, 637.4057 us/op
WorkloadPilot    5: 392 op, 249639460.00 ns, 636.8354 us/op

WorkloadWarmup   1: 392 op, 251881100.00 ns, 642.5538 us/op
WorkloadWarmup   2: 392 op, 248071796.00 ns, 632.8362 us/op
WorkloadWarmup   3: 392 op, 250111397.00 ns, 638.0393 us/op
WorkloadWarmup   4: 392 op, 249932662.00 ns, 637.5833 us/op
WorkloadWarmup   5: 392 op, 248639593.00 ns, 634.2847 us/op

// BeforeActualRun
WorkloadActual   1: 392 op, 265229706.00 ns, 676.6064 us/op
WorkloadActual   2: 392 op, 249428591.00 ns, 636.2974 us/op
WorkloadActual   3: 392 op, 251459649.00 ns, 641.4787 us/op
WorkloadActual   4: 392 op, 252796680.00 ns, 644.8895 us/op
WorkloadActual   5: 392 op, 247819572.00 ns, 632.1928 us/op
WorkloadActual   6: 392 op, 246000506.00 ns, 627.5523 us/op
WorkloadActual   7: 392 op, 241717912.00 ns, 616.6273 us/op
WorkloadActual   8: 392 op, 234409025.00 ns, 597.9822 us/op
WorkloadActual   9: 392 op, 222181871.00 ns, 566.7905 us/op
WorkloadActual  10: 392 op, 215110489.00 ns, 548.7512 us/op
WorkloadActual  11: 392 op, 207757640.00 ns, 529.9940 us/op
WorkloadActual  12: 392 op, 205350014.00 ns, 523.8521 us/op

// AfterActualRun
WorkloadResult   1: 392 op, 265229706.00 ns, 676.6064 us/op
WorkloadResult   2: 392 op, 249428591.00 ns, 636.2974 us/op
WorkloadResult   3: 392 op, 251459649.00 ns, 641.4787 us/op
WorkloadResult   4: 392 op, 252796680.00 ns, 644.8895 us/op
WorkloadResult   5: 392 op, 247819572.00 ns, 632.1928 us/op
WorkloadResult   6: 392 op, 246000506.00 ns, 627.5523 us/op
WorkloadResult   7: 392 op, 241717912.00 ns, 616.6273 us/op
WorkloadResult   8: 392 op, 234409025.00 ns, 597.9822 us/op
WorkloadResult   9: 392 op, 222181871.00 ns, 566.7905 us/op
WorkloadResult  10: 392 op, 215110489.00 ns, 548.7512 us/op
WorkloadResult  11: 392 op, 207757640.00 ns, 529.9940 us/op
WorkloadResult  12: 392 op, 205350014.00 ns, 523.8521 us/op
// GC:  0 0 0 16604120 392
// Threading:  0 0 392

// AfterAll
// Benchmark Process 3590 has exited with code 0.

Mean = 603.585 μs, StdErr = 14.374 μs (2.38%), N = 12, StdDev = 49.792 μs
Min = 523.852 μs, Q1 = 562.281 μs, Median = 622.090 μs, Q3 = 637.593 μs, Max = 676.606 μs
IQR = 75.312 μs, LowerFence = 449.313 μs, UpperFence = 750.561 μs
ConfidenceInterval = [539.808 μs; 667.361 μs] (CI 99.9%), Margin = 63.776 μs (10.57% of Mean)
Skewness = -0.36, Kurtosis = 1.58, MValue = 2

// ** Remained 22 (57.9 %) benchmark(s) to run. Estimated finish 2026-08-11 9:31 (0h 1m from now) **
// **************************
// Benchmark: QuotedFields.Sep: Quick(MaxRelativeError=0.05, Arguments=/p:MatrixMode=Benchmark, IterationTime=250ms, MaxIterationCount=12, MaxWarmupIterationCount=5, MinIterationCount=8, MinWarmupIterationCount=3)
// *** Execute ***
// Launch: 1 / 1
// Execute: dotnet Matrix.CsvProcessing-Quick-1.dll --anonymousPipes 137 138 --benchmarkName Matrix.CsvProcessing.Benchmarks.QuotedFields.Sep --job Quick --benchmarkId 16 in /home/runner/work/dotnet-matrix/dotnet-matrix/src/Matrix.CsvProcessing/bin/Benchmark/Release/net10.0/Matrix.CsvProcessing-Quick-1/bin/Release/net10.0
// Failed to set up high priority (Permission denied). In order to run benchmarks with high priority, make sure you have the right permissions.
// BeforeAnythingElse

// Benchmark Process Environment Information:
// BenchmarkDotNet v0.15.8
// Runtime=.NET 10.0.10 (10.0.10, 10.0.1026.32716), X64 RyuJIT x86-64-v3
// GC=Concurrent Workstation
// HardwareIntrinsics=AVX2+BMI1+BMI2+F16C+FMA+LZCNT+MOVBE,AVX,SSE3+SSSE3+SSE4.1+SSE4.2+POPCNT,X86Base+SSE+SSE2,AES+PCLMUL VectorSize=256
// Job: Quick(MaxRelativeError=0.05, IterationTime=250ms, MaxIterationCount=12, MaxWarmupIterationCount=5, MinIterationCount=8, MinWarmupIterationCount=3)

OverheadJitting  1: 1 op, 242776.00 ns, 242.7760 us/op
WorkloadJitting  1: 1 op, 19864832.00 ns, 19.8648 ms/op

WorkloadPilot    1: 4 op, 57799.00 ns, 14.4498 us/op
WorkloadPilot    2: 17301 op, 67028079.00 ns, 3.8742 us/op
WorkloadPilot    3: 64529 op, 176723842.00 ns, 2.7387 us/op
WorkloadPilot    4: 91285 op, 60447378.00 ns, 662.1830 ns/op
WorkloadPilot    5: 377539 op, 236287460.00 ns, 625.8624 ns/op
WorkloadPilot    6: 399449 op, 257728233.00 ns, 645.2094 ns/op
WorkloadPilot    7: 387471 op, 246581827.00 ns, 636.3878 ns/op
WorkloadPilot    8: 392842 op, 248481405.00 ns, 632.5225 ns/op
WorkloadPilot    9: 395243 op, 253039306.00 ns, 640.2120 ns/op
WorkloadPilot   10: 390496 op, 248586812.00 ns, 636.5925 ns/op
WorkloadPilot   11: 392716 op, 259481146.00 ns, 660.7348 ns/op

WorkloadWarmup   1: 392716 op, 256156881.00 ns, 652.2700 ns/op
WorkloadWarmup   2: 392716 op, 257470007.00 ns, 655.6137 ns/op
WorkloadWarmup   3: 392716 op, 251941603.00 ns, 641.5364 ns/op
WorkloadWarmup   4: 392716 op, 253531730.00 ns, 645.5854 ns/op
WorkloadWarmup   5: 392716 op, 251607607.00 ns, 640.6859 ns/op

// BeforeActualRun
WorkloadActual   1: 392716 op, 249646943.00 ns, 635.6933 ns/op
WorkloadActual   2: 392716 op, 257929601.00 ns, 656.7840 ns/op
WorkloadActual   3: 392716 op, 250086309.00 ns, 636.8121 ns/op
WorkloadActual   4: 392716 op, 250594814.00 ns, 638.1070 ns/op
WorkloadActual   5: 392716 op, 252746445.00 ns, 643.5858 ns/op
WorkloadActual   6: 392716 op, 248955194.00 ns, 633.9319 ns/op
WorkloadActual   7: 392716 op, 250341799.00 ns, 637.4627 ns/op
WorkloadActual   8: 392716 op, 248986853.00 ns, 634.0125 ns/op

// AfterActualRun
WorkloadResult   1: 392716 op, 249646943.00 ns, 635.6933 ns/op
WorkloadResult   2: 392716 op, 250086309.00 ns, 636.8121 ns/op
WorkloadResult   3: 392716 op, 250594814.00 ns, 638.1070 ns/op
WorkloadResult   4: 392716 op, 252746445.00 ns, 643.5858 ns/op
WorkloadResult   5: 392716 op, 248955194.00 ns, 633.9319 ns/op
WorkloadResult   6: 392716 op, 250341799.00 ns, 637.4627 ns/op
WorkloadResult   7: 392716 op, 248986853.00 ns, 634.0125 ns/op
// GC:  32 0 0 540377216 392716
// Threading:  0 0 392716

// AfterAll
// Benchmark Process 3601 has exited with code 0.

Mean = 637.086 ns, StdErr = 1.243 ns (0.20%), N = 7, StdDev = 3.287 ns
Min = 633.932 ns, Q1 = 634.853 ns, Median = 636.812 ns, Q3 = 637.785 ns, Max = 643.586 ns
IQR = 2.932 ns, LowerFence = 630.455 ns, UpperFence = 642.183 ns
ConfidenceInterval = [629.683 ns; 644.490 ns] (CI 99.9%), Margin = 7.404 ns (1.16% of Mean)
Skewness = 0.85, Kurtosis = 2.42, MValue = 2

// ** Remained 21 (55.3 %) benchmark(s) to run. Estimated finish 2026-08-11 9:31 (0h 1m from now) **
// **************************
// Benchmark: QuotedFields.Sylvan: Quick(MaxRelativeError=0.05, Arguments=/p:MatrixMode=Benchmark, IterationTime=250ms, MaxIterationCount=12, MaxWarmupIterationCount=5, MinIterationCount=8, MinWarmupIterationCount=3)
// *** Execute ***
// Launch: 1 / 1
// Execute: dotnet Matrix.CsvProcessing-Quick-1.dll --anonymousPipes 137 138 --benchmarkName Matrix.CsvProcessing.Benchmarks.QuotedFields.Sylvan --job Quick --benchmarkId 17 in /home/runner/work/dotnet-matrix/dotnet-matrix/src/Matrix.CsvProcessing/bin/Benchmark/Release/net10.0/Matrix.CsvProcessing-Quick-1/bin/Release/net10.0
// Failed to set up high priority (Permission denied). In order to run benchmarks with high priority, make sure you have the right permissions.
// BeforeAnythingElse

// Benchmark Process Environment Information:
// BenchmarkDotNet v0.15.8
// Runtime=.NET 10.0.10 (10.0.10, 10.0.1026.32716), X64 RyuJIT x86-64-v3
// GC=Concurrent Workstation
// HardwareIntrinsics=AVX2+BMI1+BMI2+F16C+FMA+LZCNT+MOVBE,AVX,SSE3+SSSE3+SSE4.1+SSE4.2+POPCNT,X86Base+SSE+SSE2,AES+PCLMUL VectorSize=256
// Job: Quick(MaxRelativeError=0.05, IterationTime=250ms, MaxIterationCount=12, MaxWarmupIterationCount=5, MinIterationCount=8, MinWarmupIterationCount=3)

OverheadJitting  1: 1 op, 244860.00 ns, 244.8600 us/op
WorkloadJitting  1: 1 op, 13389089.00 ns, 13.3891 ms/op

OverheadJitting  2: 16 op, 537509.00 ns, 33.5943 us/op
WorkloadJitting  2: 16 op, 930597.00 ns, 58.1623 us/op

WorkloadPilot    1: 16 op, 331773.00 ns, 20.7358 us/op
WorkloadPilot    2: 12064 op, 82969392.00 ns, 6.8774 us/op
WorkloadPilot    3: 36352 op, 246238828.00 ns, 6.7737 us/op
WorkloadPilot    4: 36912 op, 76747315.00 ns, 2.0792 us/op
WorkloadPilot    5: 120240 op, 229969033.00 ns, 1.9126 us/op
WorkloadPilot    6: 130720 op, 247311497.00 ns, 1.8919 us/op
WorkloadPilot    7: 132144 op, 259371980.00 ns, 1.9628 us/op
WorkloadPilot    8: 127376 op, 248898578.00 ns, 1.9540 us/op
WorkloadPilot    9: 127952 op, 275373271.00 ns, 2.1522 us/op
WorkloadPilot   10: 116176 op, 222749140.00 ns, 1.9173 us/op
WorkloadPilot   11: 130400 op, 246844416.00 ns, 1.8930 us/op
WorkloadPilot   12: 132080 op, 271447716.00 ns, 2.0552 us/op

OverheadWarmup   1: 132080 op, 516189.00 ns, 3.9082 ns/op
OverheadWarmup   2: 132080 op, 512683.00 ns, 3.8816 ns/op
OverheadWarmup   3: 132080 op, 513344.00 ns, 3.8866 ns/op
OverheadWarmup   4: 132080 op, 513054.00 ns, 3.8844 ns/op
OverheadWarmup   5: 132080 op, 513314.00 ns, 3.8864 ns/op
OverheadWarmup   6: 132080 op, 528642.00 ns, 4.0024 ns/op
OverheadWarmup   7: 132080 op, 528493.00 ns, 4.0013 ns/op

OverheadActual   1: 132080 op, 529564.00 ns, 4.0094 ns/op
OverheadActual   2: 132080 op, 515548.00 ns, 3.9033 ns/op
OverheadActual   3: 132080 op, 517923.00 ns, 3.9213 ns/op
OverheadActual   4: 132080 op, 527922.00 ns, 3.9970 ns/op
OverheadActual   5: 132080 op, 530617.00 ns, 4.0174 ns/op
OverheadActual   6: 132080 op, 534053.00 ns, 4.0434 ns/op
OverheadActual   7: 132080 op, 510408.00 ns, 3.8644 ns/op
OverheadActual   8: 132080 op, 510840.00 ns, 3.8677 ns/op

WorkloadWarmup   1: 132080 op, 278672896.00 ns, 2.1099 us/op
WorkloadWarmup   2: 132080 op, 273691380.00 ns, 2.0722 us/op
WorkloadWarmup   3: 132080 op, 273220787.00 ns, 2.0686 us/op
WorkloadWarmup   4: 132080 op, 261110691.00 ns, 1.9769 us/op
WorkloadWarmup   5: 132080 op, 264630712.00 ns, 2.0036 us/op

// BeforeActualRun
WorkloadActual   1: 132080 op, 266491457.00 ns, 2.0177 us/op
WorkloadActual   2: 132080 op, 279385024.00 ns, 2.1153 us/op
WorkloadActual   3: 132080 op, 277630288.00 ns, 2.1020 us/op
WorkloadActual   4: 132080 op, 281784725.00 ns, 2.1334 us/op
WorkloadActual   5: 132080 op, 281797535.00 ns, 2.1335 us/op
WorkloadActual   6: 132080 op, 278841480.00 ns, 2.1112 us/op
WorkloadActual   7: 132080 op, 278366201.00 ns, 2.1076 us/op
WorkloadActual   8: 132080 op, 277853066.00 ns, 2.1037 us/op

// AfterActualRun
WorkloadResult   1: 132080 op, 265968534.50 ns, 2.0137 us/op
WorkloadResult   2: 132080 op, 278862101.50 ns, 2.1113 us/op
WorkloadResult   3: 132080 op, 277107365.50 ns, 2.0980 us/op
WorkloadResult   4: 132080 op, 281261802.50 ns, 2.1295 us/op
WorkloadResult   5: 132080 op, 281274612.50 ns, 2.1296 us/op
WorkloadResult   6: 132080 op, 278318557.50 ns, 2.1072 us/op
WorkloadResult   7: 132080 op, 277843278.50 ns, 2.1036 us/op
WorkloadResult   8: 132080 op, 277330143.50 ns, 2.0997 us/op
// GC:  276 34 0 4645047056 132080
// Threading:  0 0 132080

// AfterAll
// Benchmark Process 3612 has exited with code 0.

Mean = 2.099 μs, StdErr = 0.013 μs (0.62%), N = 8, StdDev = 0.037 μs
Min = 2.014 μs, Q1 = 2.099 μs, Median = 2.105 μs, Q3 = 2.116 μs, Max = 2.130 μs
IQR = 0.017 μs, LowerFence = 2.074 μs, UpperFence = 2.141 μs
ConfidenceInterval = [2.029 μs; 2.169 μs] (CI 99.9%), Margin = 0.070 μs (3.33% of Mean)
Skewness = -1.44, Kurtosis = 3.82, MValue = 2

// ** Remained 20 (52.6 %) benchmark(s) to run. Estimated finish 2026-08-11 9:31 (0h 1m from now) **
// **************************
// Benchmark: QuotedFields.TinyCsvParser: Quick(MaxRelativeError=0.05, Arguments=/p:MatrixMode=Benchmark, IterationTime=250ms, MaxIterationCount=12, MaxWarmupIterationCount=5, MinIterationCount=8, MinWarmupIterationCount=3)
// *** Execute ***
// Launch: 1 / 1
// Execute: dotnet Matrix.CsvProcessing-Quick-1.dll --anonymousPipes 137 138 --benchmarkName Matrix.CsvProcessing.Benchmarks.QuotedFields.TinyCsvParser --job Quick --benchmarkId 18 in /home/runner/work/dotnet-matrix/dotnet-matrix/src/Matrix.CsvProcessing/bin/Benchmark/Release/net10.0/Matrix.CsvProcessing-Quick-1/bin/Release/net10.0
// Failed to set up high priority (Permission denied). In order to run benchmarks with high priority, make sure you have the right permissions.
// BeforeAnythingElse

// Benchmark Process Environment Information:
// BenchmarkDotNet v0.15.8
// Runtime=.NET 10.0.10 (10.0.10, 10.0.1026.32716), X64 RyuJIT x86-64-v3
// GC=Concurrent Workstation
// HardwareIntrinsics=AVX2+BMI1+BMI2+F16C+FMA+LZCNT+MOVBE,AVX,SSE3+SSSE3+SSE4.1+SSE4.2+POPCNT,X86Base+SSE+SSE2,AES+PCLMUL VectorSize=256
// Job: Quick(MaxRelativeError=0.05, IterationTime=250ms, MaxIterationCount=12, MaxWarmupIterationCount=5, MinIterationCount=8, MinWarmupIterationCount=3)

OverheadJitting  1: 1 op, 241444.00 ns, 241.4440 us/op
WorkloadJitting  1: 1 op, 32566517.00 ns, 32.5665 ms/op

WorkloadPilot    1: 4 op, 75913.00 ns, 18.9783 us/op
WorkloadPilot    2: 13173 op, 84161032.00 ns, 6.3889 us/op
WorkloadPilot    3: 39130 op, 259686096.00 ns, 6.6365 us/op
WorkloadPilot    4: 37670 op, 77286922.00 ns, 2.0517 us/op
WorkloadPilot    5: 121851 op, 163822727.00 ns, 1.3445 us/op
WorkloadPilot    6: 185949 op, 254541703.00 ns, 1.3689 us/op
WorkloadPilot    7: 182631 op, 249629106.00 ns, 1.3668 us/op
WorkloadPilot    8: 182902 op, 249639145.00 ns, 1.3649 us/op
WorkloadPilot    9: 183166 op, 247489288.00 ns, 1.3512 us/op
WorkloadPilot   10: 185024 op, 245406155.00 ns, 1.3263 us/op
WorkloadPilot   11: 188488 op, 255319360.00 ns, 1.3546 us/op

WorkloadWarmup   1: 188488 op, 253286926.00 ns, 1.3438 us/op
WorkloadWarmup   2: 188488 op, 258337963.00 ns, 1.3706 us/op
WorkloadWarmup   3: 188488 op, 254792304.00 ns, 1.3518 us/op
WorkloadWarmup   4: 188488 op, 255800647.00 ns, 1.3571 us/op
WorkloadWarmup   5: 188488 op, 257999698.00 ns, 1.3688 us/op

// BeforeActualRun
WorkloadActual   1: 188488 op, 250937324.00 ns, 1.3313 us/op
WorkloadActual   2: 188488 op, 258560030.00 ns, 1.3718 us/op
WorkloadActual   3: 188488 op, 253097461.00 ns, 1.3428 us/op
WorkloadActual   4: 188488 op, 253456826.00 ns, 1.3447 us/op
WorkloadActual   5: 188488 op, 254167732.00 ns, 1.3485 us/op
WorkloadActual   6: 188488 op, 255699499.00 ns, 1.3566 us/op
WorkloadActual   7: 188488 op, 255504392.00 ns, 1.3555 us/op
WorkloadActual   8: 188488 op, 256986004.00 ns, 1.3634 us/op

// AfterActualRun
WorkloadResult   1: 188488 op, 250937324.00 ns, 1.3313 us/op
WorkloadResult   2: 188488 op, 258560030.00 ns, 1.3718 us/op
WorkloadResult   3: 188488 op, 253097461.00 ns, 1.3428 us/op
WorkloadResult   4: 188488 op, 253456826.00 ns, 1.3447 us/op
WorkloadResult   5: 188488 op, 254167732.00 ns, 1.3485 us/op
WorkloadResult   6: 188488 op, 255699499.00 ns, 1.3566 us/op
WorkloadResult   7: 188488 op, 255504392.00 ns, 1.3555 us/op
WorkloadResult   8: 188488 op, 256986004.00 ns, 1.3634 us/op
// GC:  56 0 0 939424192 188488
// Threading:  0 0 188488

// AfterAll
// Benchmark Process 3622 has exited with code 0.

Mean = 1.352 μs, StdErr = 0.004 μs (0.33%), N = 8, StdDev = 0.013 μs
Min = 1.331 μs, Q1 = 1.344 μs, Median = 1.352 μs, Q3 = 1.358 μs, Max = 1.372 μs
IQR = 0.014 μs, LowerFence = 1.323 μs, UpperFence = 1.379 μs
ConfidenceInterval = [1.327 μs; 1.376 μs] (CI 99.9%), Margin = 0.024 μs (1.80% of Mean)
Skewness = -0.01, Kurtosis = 1.73, MValue = 2

// ** Remained 19 (50.0 %) benchmark(s) to run. Estimated finish 2026-08-11 9:31 (0h 1m from now) **
// ***** BenchmarkRunner: Finish  *****

// * Export *
  tmp/dotnet-matrix/CsvProcessing/7de710fc59af43c49ed6793a18b75839/results/Matrix.CsvProcessing.Benchmarks.QuotedFields-report.csv
  tmp/dotnet-matrix/CsvProcessing/7de710fc59af43c49ed6793a18b75839/results/Matrix.CsvProcessing.Benchmarks.QuotedFields-report-github.md
  tmp/dotnet-matrix/CsvProcessing/7de710fc59af43c49ed6793a18b75839/results/Matrix.CsvProcessing.Benchmarks.QuotedFields-report.html
  tmp/dotnet-matrix/CsvProcessing/7de710fc59af43c49ed6793a18b75839/results/Matrix.CsvProcessing.Benchmarks.QuotedFields-report-full.json

// * Detailed results *
QuotedFields.Sep: Quick(MaxRelativeError=0.05, Arguments=/p:MatrixMode=Benchmark, IterationTime=250ms, MaxIterationCount=12, MaxWarmupIterationCount=5, MinIterationCount=8, MinWarmupIterationCount=3)
Runtime = .NET 10.0.10 (10.0.10, 10.0.1026.32716), X64 RyuJIT x86-64-v3; GC = Concurrent Workstation
Mean = 637.086 ns, StdErr = 1.243 ns (0.20%), N = 7, StdDev = 3.287 ns
Min = 633.932 ns, Q1 = 634.853 ns, Median = 636.812 ns, Q3 = 637.785 ns, Max = 643.586 ns
IQR = 2.932 ns, LowerFence = 630.455 ns, UpperFence = 642.183 ns
ConfidenceInterval = [629.683 ns; 644.490 ns] (CI 99.9%), Margin = 7.404 ns (1.16% of Mean)
Skewness = 0.85, Kurtosis = 2.42, MValue = 2
-------------------- Histogram --------------------
[631.676 ns ; 645.841 ns) | @@@@@@@
---------------------------------------------------

QuotedFields.TinyCsvParser: Quick(MaxRelativeError=0.05, Arguments=/p:MatrixMode=Benchmark, IterationTime=250ms, MaxIterationCount=12, MaxWarmupIterationCount=5, MinIterationCount=8, MinWarmupIterationCount=3)
Runtime = .NET 10.0.10 (10.0.10, 10.0.1026.32716), X64 RyuJIT x86-64-v3; GC = Concurrent Workstation
Mean = 1.352 μs, StdErr = 0.004 μs (0.33%), N = 8, StdDev = 0.013 μs
Min = 1.331 μs, Q1 = 1.344 μs, Median = 1.352 μs, Q3 = 1.358 μs, Max = 1.372 μs
IQR = 0.014 μs, LowerFence = 1.323 μs, UpperFence = 1.379 μs
ConfidenceInterval = [1.327 μs; 1.376 μs] (CI 99.9%), Margin = 0.024 μs (1.80% of Mean)
Skewness = -0.01, Kurtosis = 1.73, MValue = 2
-------------------- Histogram --------------------
[1.323 μs ; 1.380 μs) | @@@@@@@@
---------------------------------------------------

QuotedFields.Sylvan: Quick(MaxRelativeError=0.05, Arguments=/p:MatrixMode=Benchmark, IterationTime=250ms, MaxIterationCount=12, MaxWarmupIterationCount=5, MinIterationCount=8, MinWarmupIterationCount=3)
Runtime = .NET 10.0.10 (10.0.10, 10.0.1026.32716), X64 RyuJIT x86-64-v3; GC = Concurrent Workstation
Mean = 2.099 μs, StdErr = 0.013 μs (0.62%), N = 8, StdDev = 0.037 μs
Min = 2.014 μs, Q1 = 2.099 μs, Median = 2.105 μs, Q3 = 2.116 μs, Max = 2.130 μs
IQR = 0.017 μs, LowerFence = 2.074 μs, UpperFence = 2.141 μs
ConfidenceInterval = [2.029 μs; 2.169 μs] (CI 99.9%), Margin = 0.070 μs (3.33% of Mean)
Skewness = -1.44, Kurtosis = 3.82, MValue = 2
-------------------- Histogram --------------------
[1.990 μs ; 2.038 μs) | @
[2.038 μs ; 2.090 μs) | 
[2.090 μs ; 2.138 μs) | @@@@@@@
---------------------------------------------------

QuotedFields.CsvHelper: Quick(MaxRelativeError=0.05, Arguments=/p:MatrixMode=Benchmark, IterationTime=250ms, MaxIterationCount=12, MaxWarmupIterationCount=5, MinIterationCount=8, MinWarmupIterationCount=3)
Runtime = .NET 10.0.10 (10.0.10, 10.0.1026.32716), X64 RyuJIT x86-64-v3; GC = Concurrent Workstation
Mean = 603.585 μs, StdErr = 14.374 μs (2.38%), N = 12, StdDev = 49.792 μs
Min = 523.852 μs, Q1 = 562.281 μs, Median = 622.090 μs, Q3 = 637.593 μs, Max = 676.606 μs
IQR = 75.312 μs, LowerFence = 449.313 μs, UpperFence = 750.561 μs
ConfidenceInterval = [539.808 μs; 667.361 μs] (CI 99.9%), Margin = 63.776 μs (10.57% of Mean)
Skewness = -0.36, Kurtosis = 1.58, MValue = 2
-------------------- Histogram --------------------
[516.776 μs ; 592.891 μs) | @@@@
[592.891 μs ; 649.981 μs) | @@@@@@@
[649.981 μs ; 705.152 μs) | @
---------------------------------------------------

// * Summary *

BenchmarkDotNet v0.15.8, Linux Ubuntu 24.04.4 LTS (Noble Numbat)
AMD EPYC 7763 2.45GHz, 1 CPU, 4 logical and 2 physical cores
.NET SDK 10.0.302
  [Host] : .NET 10.0.10 (10.0.10, 10.0.1026.32716), X64 RyuJIT x86-64-v3
  Quick  : .NET 10.0.10 (10.0.10, 10.0.1026.32716), X64 RyuJIT x86-64-v3

Job=Quick  MaxRelativeError=0.05  Arguments=/p:MatrixMode=Benchmark  
IterationTime=250ms  MaxIterationCount=12  MaxWarmupIterationCount=5  
MinIterationCount=8  MinWarmupIterationCount=3  

| Method        | Mean         | Error        | StdDev       | Gen0   | Gen1   | Allocated |
|-------------- |-------------:|-------------:|-------------:|-------:|-------:|----------:|
| Sep           |     637.1 ns |      7.40 ns |      3.29 ns | 0.0815 |      - |   1.34 KB |
| TinyCsvParser |   1,351.8 ns |     24.32 ns |     12.72 ns | 0.2971 |      - |   4.87 KB |
| Sylvan        |   2,099.1 ns |     70.00 ns |     36.61 ns | 2.0896 | 0.2574 |  34.34 KB |
| CsvHelper     | 603,584.5 ns | 63,776.37 ns | 49,792.39 ns |      - |      - |  41.36 KB |

// * Hints *
Outliers
  QuotedFields.Sep: Quick    -> 1 outlier  was  removed (656.78 ns)
  QuotedFields.Sylvan: Quick -> 1 outlier  was  detected (2.02 μs)

// * Legends *
  Mean      : Arithmetic mean of all measurements
  Error     : Half of 99.9% confidence interval
  StdDev    : Standard deviation of all measurements
  Gen0      : GC Generation 0 collects per 1000 operations
  Gen1      : GC Generation 1 collects per 1000 operations
  Allocated : Allocated memory per single operation (managed only, inclusive, 1KB = 1024B)
  1 ns      : 1 Nanosecond (0.000000001 sec)

// * Diagnostic Output - MemoryDiagnoser *


// ***** BenchmarkRunner: End *****
Run time: 00:00:23 (23.8 sec), executed benchmarks: 4

// Found 4 benchmarks:
//   ReadLargeDataset.CsvHelper: Quick(MaxRelativeError=0.05, Arguments=/p:MatrixMode=Benchmark, IterationTime=250ms, MaxIterationCount=12, MaxWarmupIterationCount=5, MinIterationCount=8, MinWarmupIterationCount=3)
//   ReadLargeDataset.Sep: Quick(MaxRelativeError=0.05, Arguments=/p:MatrixMode=Benchmark, IterationTime=250ms, MaxIterationCount=12, MaxWarmupIterationCount=5, MinIterationCount=8, MinWarmupIterationCount=3)
//   ReadLargeDataset.Sylvan: Quick(MaxRelativeError=0.05, Arguments=/p:MatrixMode=Benchmark, IterationTime=250ms, MaxIterationCount=12, MaxWarmupIterationCount=5, MinIterationCount=8, MinWarmupIterationCount=3)
//   ReadLargeDataset.TinyCsvParser: Quick(MaxRelativeError=0.05, Arguments=/p:MatrixMode=Benchmark, IterationTime=250ms, MaxIterationCount=12, MaxWarmupIterationCount=5, MinIterationCount=8, MinWarmupIterationCount=3)

// **************************
// Benchmark: ReadLargeDataset.CsvHelper: Quick(MaxRelativeError=0.05, Arguments=/p:MatrixMode=Benchmark, IterationTime=250ms, MaxIterationCount=12, MaxWarmupIterationCount=5, MinIterationCount=8, MinWarmupIterationCount=3)
// *** Execute ***
// Launch: 1 / 1
// Execute: dotnet Matrix.CsvProcessing-Quick-1.dll --anonymousPipes 137 138 --benchmarkName Matrix.CsvProcessing.Benchmarks.ReadLargeDataset.CsvHelper --job Quick --benchmarkId 19 in /home/runner/work/dotnet-matrix/dotnet-matrix/src/Matrix.CsvProcessing/bin/Benchmark/Release/net10.0/Matrix.CsvProcessing-Quick-1/bin/Release/net10.0
// Failed to set up high priority (Permission denied). In order to run benchmarks with high priority, make sure you have the right permissions.
// BeforeAnythingElse

// Benchmark Process Environment Information:
// BenchmarkDotNet v0.15.8
// Runtime=.NET 10.0.10 (10.0.10, 10.0.1026.32716), X64 RyuJIT x86-64-v3
// GC=Concurrent Workstation
// HardwareIntrinsics=AVX2+BMI1+BMI2+F16C+FMA+LZCNT+MOVBE,AVX,SSE3+SSSE3+SSE4.1+SSE4.2+POPCNT,X86Base+SSE+SSE2,AES+PCLMUL VectorSize=256
// Job: Quick(MaxRelativeError=0.05, IterationTime=250ms, MaxIterationCount=12, MaxWarmupIterationCount=5, MinIterationCount=8, MinWarmupIterationCount=3)

OverheadJitting  1: 1 op, 265038.00 ns, 265.0380 us/op
WorkloadJitting  1: 1 op, 80791491.00 ns, 80.7915 ms/op

WorkloadPilot    1: 4 op, 80491437.00 ns, 20.1229 ms/op
WorkloadPilot    2: 12 op, 229446421.00 ns, 19.1205 ms/op

WorkloadWarmup   1: 12 op, 189432327.00 ns, 15.7860 ms/op
WorkloadWarmup   2: 12 op, 166628428.00 ns, 13.8857 ms/op
WorkloadWarmup   3: 12 op, 58960839.00 ns, 4.9134 ms/op
WorkloadWarmup   4: 12 op, 58487349.00 ns, 4.8739 ms/op
WorkloadWarmup   5: 12 op, 57091738.00 ns, 4.7576 ms/op

// BeforeActualRun
WorkloadActual   1: 12 op, 57707565.00 ns, 4.8090 ms/op
WorkloadActual   2: 12 op, 58761545.00 ns, 4.8968 ms/op
WorkloadActual   3: 12 op, 57288207.00 ns, 4.7740 ms/op
WorkloadActual   4: 12 op, 57905436.00 ns, 4.8255 ms/op
WorkloadActual   5: 12 op, 57338773.00 ns, 4.7782 ms/op
WorkloadActual   6: 12 op, 58105071.00 ns, 4.8421 ms/op
WorkloadActual   7: 12 op, 57873376.00 ns, 4.8228 ms/op
WorkloadActual   8: 12 op, 58083651.00 ns, 4.8403 ms/op

// AfterActualRun
WorkloadResult   1: 12 op, 57707565.00 ns, 4.8090 ms/op
WorkloadResult   2: 12 op, 58761545.00 ns, 4.8968 ms/op
WorkloadResult   3: 12 op, 57288207.00 ns, 4.7740 ms/op
WorkloadResult   4: 12 op, 57905436.00 ns, 4.8255 ms/op
WorkloadResult   5: 12 op, 57338773.00 ns, 4.7782 ms/op
WorkloadResult   6: 12 op, 58105071.00 ns, 4.8421 ms/op
WorkloadResult   7: 12 op, 57873376.00 ns, 4.8228 ms/op
WorkloadResult   8: 12 op, 58083651.00 ns, 4.8403 ms/op
// GC:  1 0 0 33300912 12
// Threading:  0 0 12

// AfterAll
// Benchmark Process 3632 has exited with code 0.

Mean = 4.824 ms, StdErr = 0.014 ms (0.29%), N = 8, StdDev = 0.039 ms
Min = 4.774 ms, Q1 = 4.801 ms, Median = 4.824 ms, Q3 = 4.841 ms, Max = 4.897 ms
IQR = 0.039 ms, LowerFence = 4.742 ms, UpperFence = 4.900 ms
ConfidenceInterval = [4.749 ms; 4.898 ms] (CI 99.9%), Margin = 0.075 ms (1.55% of Mean)
Skewness = 0.39, Kurtosis = 2.09, MValue = 2

// ** Remained 18 (47.4 %) benchmark(s) to run. Estimated finish 2026-08-11 9:31 (0h 1m from now) **
// **************************
// Benchmark: ReadLargeDataset.Sep: Quick(MaxRelativeError=0.05, Arguments=/p:MatrixMode=Benchmark, IterationTime=250ms, MaxIterationCount=12, MaxWarmupIterationCount=5, MinIterationCount=8, MinWarmupIterationCount=3)
// *** Execute ***
// Launch: 1 / 1
// Execute: dotnet Matrix.CsvProcessing-Quick-1.dll --anonymousPipes 137 138 --benchmarkName Matrix.CsvProcessing.Benchmarks.ReadLargeDataset.Sep --job Quick --benchmarkId 20 in /home/runner/work/dotnet-matrix/dotnet-matrix/src/Matrix.CsvProcessing/bin/Benchmark/Release/net10.0/Matrix.CsvProcessing-Quick-1/bin/Release/net10.0
// Failed to set up high priority (Permission denied). In order to run benchmarks with high priority, make sure you have the right permissions.
// BeforeAnythingElse

// Benchmark Process Environment Information:
// BenchmarkDotNet v0.15.8
// Runtime=.NET 10.0.10 (10.0.10, 10.0.1026.32716), X64 RyuJIT x86-64-v3
// GC=Concurrent Workstation
// HardwareIntrinsics=AVX2+BMI1+BMI2+F16C+FMA+LZCNT+MOVBE,AVX,SSE3+SSSE3+SSE4.1+SSE4.2+POPCNT,X86Base+SSE+SSE2,AES+PCLMUL VectorSize=256
// Job: Quick(MaxRelativeError=0.05, IterationTime=250ms, MaxIterationCount=12, MaxWarmupIterationCount=5, MinIterationCount=8, MinWarmupIterationCount=3)

OverheadJitting  1: 1 op, 237335.00 ns, 237.3350 us/op
WorkloadJitting  1: 1 op, 32696639.00 ns, 32.6966 ms/op

WorkloadPilot    1: 4 op, 8473144.00 ns, 2.1183 ms/op
WorkloadPilot    2: 118 op, 235192112.00 ns, 1.9932 ms/op
WorkloadPilot    3: 125 op, 153494419.00 ns, 1.2280 ms/op
WorkloadPilot    4: 204 op, 207039336.00 ns, 1.0149 ms/op
WorkloadPilot    5: 246 op, 251658418.00 ns, 1.0230 ms/op
WorkloadPilot    6: 244 op, 254025204.00 ns, 1.0411 ms/op
WorkloadPilot    7: 240 op, 242147906.00 ns, 1.0089 ms/op
WorkloadPilot    8: 248 op, 251938905.00 ns, 1.0159 ms/op

WorkloadWarmup   1: 248 op, 250733091.00 ns, 1.0110 ms/op
WorkloadWarmup   2: 248 op, 253643357.00 ns, 1.0228 ms/op
WorkloadWarmup   3: 248 op, 253743865.00 ns, 1.0232 ms/op
WorkloadWarmup   4: 248 op, 253264635.00 ns, 1.0212 ms/op
WorkloadWarmup   5: 248 op, 251272754.00 ns, 1.0132 ms/op

// BeforeActualRun
WorkloadActual   1: 248 op, 255768609.00 ns, 1.0313 ms/op
WorkloadActual   2: 248 op, 252782530.00 ns, 1.0193 ms/op
WorkloadActual   3: 248 op, 252102922.00 ns, 1.0165 ms/op
WorkloadActual   4: 248 op, 257378629.00 ns, 1.0378 ms/op
WorkloadActual   5: 248 op, 252714439.00 ns, 1.0190 ms/op
WorkloadActual   6: 248 op, 252688381.00 ns, 1.0189 ms/op
WorkloadActual   7: 248 op, 254708505.00 ns, 1.0271 ms/op
WorkloadActual   8: 248 op, 252508573.00 ns, 1.0182 ms/op

// AfterActualRun
WorkloadResult   1: 248 op, 255768609.00 ns, 1.0313 ms/op
WorkloadResult   2: 248 op, 252782530.00 ns, 1.0193 ms/op
WorkloadResult   3: 248 op, 252102922.00 ns, 1.0165 ms/op
WorkloadResult   4: 248 op, 257378629.00 ns, 1.0378 ms/op
WorkloadResult   5: 248 op, 252714439.00 ns, 1.0190 ms/op
WorkloadResult   6: 248 op, 252688381.00 ns, 1.0189 ms/op
WorkloadResult   7: 248 op, 254708505.00 ns, 1.0271 ms/op
WorkloadResult   8: 248 op, 252508573.00 ns, 1.0182 ms/op
// GC:  15 11 0 258261248 248
// Threading:  0 0 248

// AfterAll
// Benchmark Process 3642 has exited with code 0.

Mean = 1.024 ms, StdErr = 0.003 ms (0.27%), N = 8, StdDev = 0.008 ms
Min = 1.017 ms, Q1 = 1.019 ms, Median = 1.019 ms, Q3 = 1.028 ms, Max = 1.038 ms
IQR = 0.009 ms, LowerFence = 1.005 ms, UpperFence = 1.042 ms
ConfidenceInterval = [1.009 ms; 1.038 ms] (CI 99.9%), Margin = 0.015 ms (1.44% of Mean)
Skewness = 0.74, Kurtosis = 1.78, MValue = 2

// ** Remained 17 (44.7 %) benchmark(s) to run. Estimated finish 2026-08-11 9:31 (0h 1m from now) **
// **************************
// Benchmark: ReadLargeDataset.Sylvan: Quick(MaxRelativeError=0.05, Arguments=/p:MatrixMode=Benchmark, IterationTime=250ms, MaxIterationCount=12, MaxWarmupIterationCount=5, MinIterationCount=8, MinWarmupIterationCount=3)
// *** Execute ***
// Launch: 1 / 1
// Execute: dotnet Matrix.CsvProcessing-Quick-1.dll --anonymousPipes 137 138 --benchmarkName Matrix.CsvProcessing.Benchmarks.ReadLargeDataset.Sylvan --job Quick --benchmarkId 21 in /home/runner/work/dotnet-matrix/dotnet-matrix/src/Matrix.CsvProcessing/bin/Benchmark/Release/net10.0/Matrix.CsvProcessing-Quick-1/bin/Release/net10.0
// Failed to set up high priority (Permission denied). In order to run benchmarks with high priority, make sure you have the right permissions.
// BeforeAnythingElse

// Benchmark Process Environment Information:
// BenchmarkDotNet v0.15.8
// Runtime=.NET 10.0.10 (10.0.10, 10.0.1026.32716), X64 RyuJIT x86-64-v3
// GC=Concurrent Workstation
// HardwareIntrinsics=AVX2+BMI1+BMI2+F16C+FMA+LZCNT+MOVBE,AVX,SSE3+SSSE3+SSE4.1+SSE4.2+POPCNT,X86Base+SSE+SSE2,AES+PCLMUL VectorSize=256
// Job: Quick(MaxRelativeError=0.05, IterationTime=250ms, MaxIterationCount=12, MaxWarmupIterationCount=5, MinIterationCount=8, MinWarmupIterationCount=3)

OverheadJitting  1: 1 op, 248918.00 ns, 248.9180 us/op
WorkloadJitting  1: 1 op, 31179070.00 ns, 31.1791 ms/op

WorkloadPilot    1: 4 op, 14926644.00 ns, 3.7317 ms/op
WorkloadPilot    2: 67 op, 195663678.00 ns, 2.9204 ms/op
WorkloadPilot    3: 86 op, 120542379.00 ns, 1.4017 ms/op
WorkloadPilot    4: 178 op, 237464627.00 ns, 1.3341 ms/op
WorkloadPilot    5: 187 op, 215894875.00 ns, 1.1545 ms/op
WorkloadPilot    6: 217 op, 248505924.00 ns, 1.1452 ms/op

WorkloadWarmup   1: 217 op, 246061344.00 ns, 1.1339 ms/op
WorkloadWarmup   2: 217 op, 248877844.00 ns, 1.1469 ms/op
WorkloadWarmup   3: 217 op, 247330878.00 ns, 1.1398 ms/op
WorkloadWarmup   4: 217 op, 247442166.00 ns, 1.1403 ms/op
WorkloadWarmup   5: 217 op, 247938810.00 ns, 1.1426 ms/op

// BeforeActualRun
WorkloadActual   1: 217 op, 249041701.00 ns, 1.1477 ms/op
WorkloadActual   2: 217 op, 246544962.00 ns, 1.1362 ms/op
WorkloadActual   3: 217 op, 247332831.00 ns, 1.1398 ms/op
WorkloadActual   4: 217 op, 249931762.00 ns, 1.1518 ms/op
WorkloadActual   5: 217 op, 247315509.00 ns, 1.1397 ms/op
WorkloadActual   6: 217 op, 255331354.00 ns, 1.1766 ms/op
WorkloadActual   7: 217 op, 247973224.00 ns, 1.1427 ms/op
WorkloadActual   8: 217 op, 250689046.00 ns, 1.1552 ms/op

// AfterActualRun
WorkloadResult   1: 217 op, 249041701.00 ns, 1.1477 ms/op
WorkloadResult   2: 217 op, 246544962.00 ns, 1.1362 ms/op
WorkloadResult   3: 217 op, 247332831.00 ns, 1.1398 ms/op
WorkloadResult   4: 217 op, 249931762.00 ns, 1.1518 ms/op
WorkloadResult   5: 217 op, 247315509.00 ns, 1.1397 ms/op
WorkloadResult   6: 217 op, 247973224.00 ns, 1.1427 ms/op
WorkloadResult   7: 217 op, 250689046.00 ns, 1.1552 ms/op
// GC:  13 8 0 233406376 217
// Threading:  0 0 217

// AfterAll
// Benchmark Process 3655 has exited with code 0.

Mean = 1.145 ms, StdErr = 0.003 ms (0.23%), N = 7, StdDev = 0.007 ms
Min = 1.136 ms, Q1 = 1.140 ms, Median = 1.143 ms, Q3 = 1.150 ms, Max = 1.155 ms
IQR = 0.010 ms, LowerFence = 1.125 ms, UpperFence = 1.165 ms
ConfidenceInterval = [1.129 ms; 1.161 ms] (CI 99.9%), Margin = 0.016 ms (1.38% of Mean)
Skewness = 0.27, Kurtosis = 1.26, MValue = 2

// ** Remained 16 (42.1 %) benchmark(s) to run. Estimated finish 2026-08-11 9:31 (0h 1m from now) **
// **************************
// Benchmark: ReadLargeDataset.TinyCsvParser: Quick(MaxRelativeError=0.05, Arguments=/p:MatrixMode=Benchmark, IterationTime=250ms, MaxIterationCount=12, MaxWarmupIterationCount=5, MinIterationCount=8, MinWarmupIterationCount=3)
// *** Execute ***
// Launch: 1 / 1
// Execute: dotnet Matrix.CsvProcessing-Quick-1.dll --anonymousPipes 137 138 --benchmarkName Matrix.CsvProcessing.Benchmarks.ReadLargeDataset.TinyCsvParser --job Quick --benchmarkId 22 in /home/runner/work/dotnet-matrix/dotnet-matrix/src/Matrix.CsvProcessing/bin/Benchmark/Release/net10.0/Matrix.CsvProcessing-Quick-1/bin/Release/net10.0
// Failed to set up high priority (Permission denied). In order to run benchmarks with high priority, make sure you have the right permissions.
// BeforeAnythingElse

// Benchmark Process Environment Information:
// BenchmarkDotNet v0.15.8
// Runtime=.NET 10.0.10 (10.0.10, 10.0.1026.32716), X64 RyuJIT x86-64-v3
// GC=Concurrent Workstation
// HardwareIntrinsics=AVX2+BMI1+BMI2+F16C+FMA+LZCNT+MOVBE,AVX,SSE3+SSSE3+SSE4.1+SSE4.2+POPCNT,X86Base+SSE+SSE2,AES+PCLMUL VectorSize=256
// Job: Quick(MaxRelativeError=0.05, IterationTime=250ms, MaxIterationCount=12, MaxWarmupIterationCount=5, MinIterationCount=8, MinWarmupIterationCount=3)

OverheadJitting  1: 1 op, 278293.00 ns, 278.2930 us/op
WorkloadJitting  1: 1 op, 56092151.00 ns, 56.0922 ms/op

WorkloadPilot    1: 4 op, 73126984.00 ns, 18.2817 ms/op
WorkloadPilot    2: 14 op, 282662457.00 ns, 20.1902 ms/op
WorkloadPilot    3: 12 op, 93389150.00 ns, 7.7824 ms/op
WorkloadPilot    4: 32 op, 106912429.00 ns, 3.3410 ms/op
WorkloadPilot    5: 75 op, 235953390.00 ns, 3.1460 ms/op
WorkloadPilot    6: 79 op, 248094863.00 ns, 3.1404 ms/op

WorkloadWarmup   1: 79 op, 249282283.00 ns, 3.1555 ms/op
WorkloadWarmup   2: 79 op, 244666721.00 ns, 3.0970 ms/op
WorkloadWarmup   3: 79 op, 246769210.00 ns, 3.1237 ms/op
WorkloadWarmup   4: 79 op, 244906822.00 ns, 3.1001 ms/op
WorkloadWarmup   5: 79 op, 244103714.00 ns, 3.0899 ms/op

// BeforeActualRun
WorkloadActual   1: 79 op, 248389633.00 ns, 3.1442 ms/op
WorkloadActual   2: 79 op, 244676609.00 ns, 3.0972 ms/op
WorkloadActual   3: 79 op, 246348569.00 ns, 3.1183 ms/op
WorkloadActual   4: 79 op, 243940076.00 ns, 3.0878 ms/op
WorkloadActual   5: 79 op, 243924998.00 ns, 3.0877 ms/op
WorkloadActual   6: 79 op, 241531762.00 ns, 3.0574 ms/op
WorkloadActual   7: 79 op, 242101814.00 ns, 3.0646 ms/op
WorkloadActual   8: 79 op, 242916865.00 ns, 3.0749 ms/op

// AfterActualRun
WorkloadResult   1: 79 op, 248389633.00 ns, 3.1442 ms/op
WorkloadResult   2: 79 op, 244676609.00 ns, 3.0972 ms/op
WorkloadResult   3: 79 op, 246348569.00 ns, 3.1183 ms/op
WorkloadResult   4: 79 op, 243940076.00 ns, 3.0878 ms/op
WorkloadResult   5: 79 op, 243924998.00 ns, 3.0877 ms/op
WorkloadResult   6: 79 op, 241531762.00 ns, 3.0574 ms/op
WorkloadResult   7: 79 op, 242101814.00 ns, 3.0646 ms/op
WorkloadResult   8: 79 op, 242916865.00 ns, 3.0749 ms/op
// GC:  15 8 6 240759376 79
// Threading:  0 0 79

// AfterAll
// Benchmark Process 3664 has exited with code 0.

Mean = 3.092 ms, StdErr = 0.010 ms (0.33%), N = 8, StdDev = 0.029 ms
Min = 3.057 ms, Q1 = 3.072 ms, Median = 3.088 ms, Q3 = 3.102 ms, Max = 3.144 ms
IQR = 0.030 ms, LowerFence = 3.027 ms, UpperFence = 3.148 ms
ConfidenceInterval = [3.037 ms; 3.146 ms] (CI 99.9%), Margin = 0.055 ms (1.77% of Mean)
Skewness = 0.54, Kurtosis = 1.9, MValue = 2

// ** Remained 15 (39.5 %) benchmark(s) to run. Estimated finish 2026-08-11 9:31 (0h 1m from now) **
// ***** BenchmarkRunner: Finish  *****

// * Export *
  tmp/dotnet-matrix/CsvProcessing/7de710fc59af43c49ed6793a18b75839/results/Matrix.CsvProcessing.Benchmarks.ReadLargeDataset-report.csv
  tmp/dotnet-matrix/CsvProcessing/7de710fc59af43c49ed6793a18b75839/results/Matrix.CsvProcessing.Benchmarks.ReadLargeDataset-report-github.md
  tmp/dotnet-matrix/CsvProcessing/7de710fc59af43c49ed6793a18b75839/results/Matrix.CsvProcessing.Benchmarks.ReadLargeDataset-report.html
  tmp/dotnet-matrix/CsvProcessing/7de710fc59af43c49ed6793a18b75839/results/Matrix.CsvProcessing.Benchmarks.ReadLargeDataset-report-full.json

// * Detailed results *
ReadLargeDataset.Sep: Quick(MaxRelativeError=0.05, Arguments=/p:MatrixMode=Benchmark, IterationTime=250ms, MaxIterationCount=12, MaxWarmupIterationCount=5, MinIterationCount=8, MinWarmupIterationCount=3)
Runtime = .NET 10.0.10 (10.0.10, 10.0.1026.32716), X64 RyuJIT x86-64-v3; GC = Concurrent Workstation
Mean = 1.024 ms, StdErr = 0.003 ms (0.27%), N = 8, StdDev = 0.008 ms
Min = 1.017 ms, Q1 = 1.019 ms, Median = 1.019 ms, Q3 = 1.028 ms, Max = 1.038 ms
IQR = 0.009 ms, LowerFence = 1.005 ms, UpperFence = 1.042 ms
ConfidenceInterval = [1.009 ms; 1.038 ms] (CI 99.9%), Margin = 0.015 ms (1.44% of Mean)
Skewness = 0.74, Kurtosis = 1.78, MValue = 2
-------------------- Histogram --------------------
[1.011 ms ; 1.043 ms) | @@@@@@@@
---------------------------------------------------

ReadLargeDataset.Sylvan: Quick(MaxRelativeError=0.05, Arguments=/p:MatrixMode=Benchmark, IterationTime=250ms, MaxIterationCount=12, MaxWarmupIterationCount=5, MinIterationCount=8, MinWarmupIterationCount=3)
Runtime = .NET 10.0.10 (10.0.10, 10.0.1026.32716), X64 RyuJIT x86-64-v3; GC = Concurrent Workstation
Mean = 1.145 ms, StdErr = 0.003 ms (0.23%), N = 7, StdDev = 0.007 ms
Min = 1.136 ms, Q1 = 1.140 ms, Median = 1.143 ms, Q3 = 1.150 ms, Max = 1.155 ms
IQR = 0.010 ms, LowerFence = 1.125 ms, UpperFence = 1.165 ms
ConfidenceInterval = [1.129 ms; 1.161 ms] (CI 99.9%), Margin = 0.016 ms (1.38% of Mean)
Skewness = 0.27, Kurtosis = 1.26, MValue = 2
-------------------- Histogram --------------------
[1.131 ms ; 1.160 ms) | @@@@@@@
---------------------------------------------------

ReadLargeDataset.TinyCsvParser: Quick(MaxRelativeError=0.05, Arguments=/p:MatrixMode=Benchmark, IterationTime=250ms, MaxIterationCount=12, MaxWarmupIterationCount=5, MinIterationCount=8, MinWarmupIterationCount=3)
Runtime = .NET 10.0.10 (10.0.10, 10.0.1026.32716), X64 RyuJIT x86-64-v3; GC = Concurrent Workstation
Mean = 3.092 ms, StdErr = 0.010 ms (0.33%), N = 8, StdDev = 0.029 ms
Min = 3.057 ms, Q1 = 3.072 ms, Median = 3.088 ms, Q3 = 3.102 ms, Max = 3.144 ms
IQR = 0.030 ms, LowerFence = 3.027 ms, UpperFence = 3.148 ms
ConfidenceInterval = [3.037 ms; 3.146 ms] (CI 99.9%), Margin = 0.055 ms (1.77% of Mean)
Skewness = 0.54, Kurtosis = 1.9, MValue = 2
-------------------- Histogram --------------------
[3.039 ms ; 3.163 ms) | @@@@@@@@
---------------------------------------------------

ReadLargeDataset.CsvHelper: Quick(MaxRelativeError=0.05, Arguments=/p:MatrixMode=Benchmark, IterationTime=250ms, MaxIterationCount=12, MaxWarmupIterationCount=5, MinIterationCount=8, MinWarmupIterationCount=3)
Runtime = .NET 10.0.10 (10.0.10, 10.0.1026.32716), X64 RyuJIT x86-64-v3; GC = Concurrent Workstation
Mean = 4.824 ms, StdErr = 0.014 ms (0.29%), N = 8, StdDev = 0.039 ms
Min = 4.774 ms, Q1 = 4.801 ms, Median = 4.824 ms, Q3 = 4.841 ms, Max = 4.897 ms
IQR = 0.039 ms, LowerFence = 4.742 ms, UpperFence = 4.900 ms
ConfidenceInterval = [4.749 ms; 4.898 ms] (CI 99.9%), Margin = 0.075 ms (1.55% of Mean)
Skewness = 0.39, Kurtosis = 2.09, MValue = 2
-------------------- Histogram --------------------
[4.748 ms ; 4.922 ms) | @@@@@@@@
---------------------------------------------------

// * Summary *

BenchmarkDotNet v0.15.8, Linux Ubuntu 24.04.4 LTS (Noble Numbat)
AMD EPYC 7763 2.45GHz, 1 CPU, 4 logical and 2 physical cores
.NET SDK 10.0.302
  [Host] : .NET 10.0.10 (10.0.10, 10.0.1026.32716), X64 RyuJIT x86-64-v3
  Quick  : .NET 10.0.10 (10.0.10, 10.0.1026.32716), X64 RyuJIT x86-64-v3

Job=Quick  MaxRelativeError=0.05  Arguments=/p:MatrixMode=Benchmark  
IterationTime=250ms  MaxIterationCount=12  MaxWarmupIterationCount=5  
MinIterationCount=8  MinWarmupIterationCount=3  

| Method        | Mean     | Error     | StdDev    | Gen0     | Gen1     | Gen2    | Allocated  |
|-------------- |---------:|----------:|----------:|---------:|---------:|--------:|-----------:|
| Sep           | 1.024 ms | 0.0147 ms | 0.0077 ms |  60.4839 |  44.3548 |       - | 1016.97 KB |
| Sylvan        | 1.145 ms | 0.0158 ms | 0.0070 ms |  59.9078 |  36.8664 |       - |  1050.4 KB |
| TinyCsvParser | 3.092 ms | 0.0547 ms | 0.0286 ms | 189.8734 | 101.2658 | 75.9494 | 2976.16 KB |
| CsvHelper     | 4.824 ms | 0.0748 ms | 0.0391 ms |  83.3333 |        - |       - | 2710.04 KB |

// * Warnings *
MinIterationTime
  ReadLargeDataset.CsvHelper: Quick -> The minimum observed iteration time is 57.288ms which is very small. It's recommended to increase it to at least 100ms using more operations.

// * Hints *
Outliers
  ReadLargeDataset.Sylvan: Quick -> 1 outlier  was  removed (1.18 ms)

// * Legends *
  Mean      : Arithmetic mean of all measurements
  Error     : Half of 99.9% confidence interval
  StdDev    : Standard deviation of all measurements
  Gen0      : GC Generation 0 collects per 1000 operations
  Gen1      : GC Generation 1 collects per 1000 operations
  Gen2      : GC Generation 2 collects per 1000 operations
  Allocated : Allocated memory per single operation (managed only, inclusive, 1KB = 1024B)
  1 ms      : 1 Millisecond (0.001 sec)

// * Diagnostic Output - MemoryDiagnoser *


// ***** BenchmarkRunner: End *****
Run time: 00:00:16 (16.61 sec), executed benchmarks: 4

// Found 4 benchmarks:
//   ReadSimpleRows.CsvHelper: Quick(MaxRelativeError=0.05, Arguments=/p:MatrixMode=Benchmark, IterationTime=250ms, MaxIterationCount=12, MaxWarmupIterationCount=5, MinIterationCount=8, MinWarmupIterationCount=3)
//   ReadSimpleRows.Sep: Quick(MaxRelativeError=0.05, Arguments=/p:MatrixMode=Benchmark, IterationTime=250ms, MaxIterationCount=12, MaxWarmupIterationCount=5, MinIterationCount=8, MinWarmupIterationCount=3)
//   ReadSimpleRows.Sylvan: Quick(MaxRelativeError=0.05, Arguments=/p:MatrixMode=Benchmark, IterationTime=250ms, MaxIterationCount=12, MaxWarmupIterationCount=5, MinIterationCount=8, MinWarmupIterationCount=3)
//   ReadSimpleRows.TinyCsvParser: Quick(MaxRelativeError=0.05, Arguments=/p:MatrixMode=Benchmark, IterationTime=250ms, MaxIterationCount=12, MaxWarmupIterationCount=5, MinIterationCount=8, MinWarmupIterationCount=3)

// **************************
// Benchmark: ReadSimpleRows.CsvHelper: Quick(MaxRelativeError=0.05, Arguments=/p:MatrixMode=Benchmark, IterationTime=250ms, MaxIterationCount=12, MaxWarmupIterationCount=5, MinIterationCount=8, MinWarmupIterationCount=3)
// *** Execute ***
// Launch: 1 / 1
// Execute: dotnet Matrix.CsvProcessing-Quick-1.dll --anonymousPipes 135 136 --benchmarkName Matrix.CsvProcessing.Benchmarks.ReadSimpleRows.CsvHelper --job Quick --benchmarkId 23 in /home/runner/work/dotnet-matrix/dotnet-matrix/src/Matrix.CsvProcessing/bin/Benchmark/Release/net10.0/Matrix.CsvProcessing-Quick-1/bin/Release/net10.0
// Failed to set up high priority (Permission denied). In order to run benchmarks with high priority, make sure you have the right permissions.
// BeforeAnythingElse

// Benchmark Process Environment Information:
// BenchmarkDotNet v0.15.8
// Runtime=.NET 10.0.10 (10.0.10, 10.0.1026.32716), X64 RyuJIT x86-64-v3
// GC=Concurrent Workstation
// HardwareIntrinsics=AVX2+BMI1+BMI2+F16C+FMA+LZCNT+MOVBE,AVX,SSE3+SSSE3+SSE4.1+SSE4.2+POPCNT,X86Base+SSE+SSE2,AES+PCLMUL VectorSize=256
// Job: Quick(MaxRelativeError=0.05, IterationTime=250ms, MaxIterationCount=12, MaxWarmupIterationCount=5, MinIterationCount=8, MinWarmupIterationCount=3)

OverheadJitting  1: 1 op, 247135.00 ns, 247.1350 us/op
WorkloadJitting  1: 1 op, 14153052.00 ns, 14.1531 ms/op

OverheadJitting  2: 16 op, 571814.00 ns, 35.7384 us/op
WorkloadJitting  2: 16 op, 949463.00 ns, 59.3414 us/op

WorkloadPilot    1: 16 op, 314530.00 ns, 19.6581 us/op
WorkloadPilot    2: 12720 op, 150253659.00 ns, 11.8124 us/op
WorkloadPilot    3: 21168 op, 213716752.00 ns, 10.0962 us/op
WorkloadPilot    4: 24768 op, 87605336.00 ns, 3.5370 us/op
WorkloadPilot    5: 70688 op, 249841631.00 ns, 3.5344 us/op
WorkloadPilot    6: 70736 op, 247352224.00 ns, 3.4968 us/op
WorkloadPilot    7: 71504 op, 248481795.00 ns, 3.4751 us/op
WorkloadPilot    8: 71952 op, 252045389.00 ns, 3.5030 us/op
WorkloadPilot    9: 71376 op, 256681246.00 ns, 3.5962 us/op
WorkloadPilot   10: 69520 op, 242913658.00 ns, 3.4942 us/op
WorkloadPilot   11: 71552 op, 247869586.00 ns, 3.4642 us/op
WorkloadPilot   12: 72176 op, 246287054.00 ns, 3.4123 us/op
WorkloadPilot   13: 73264 op, 253809132.00 ns, 3.4643 us/op

OverheadWarmup   1: 73264 op, 288092.00 ns, 3.9322 ns/op
OverheadWarmup   2: 73264 op, 268554.00 ns, 3.6656 ns/op
OverheadWarmup   3: 73264 op, 288733.00 ns, 3.9410 ns/op
OverheadWarmup   4: 73264 op, 290726.00 ns, 3.9682 ns/op
OverheadWarmup   5: 73264 op, 292760.00 ns, 3.9960 ns/op
OverheadWarmup   6: 73264 op, 295835.00 ns, 4.0379 ns/op
OverheadWarmup   7: 73264 op, 297489.00 ns, 4.0605 ns/op
OverheadWarmup   8: 73264 op, 299212.00 ns, 4.0840 ns/op
OverheadWarmup   9: 73264 op, 317466.00 ns, 4.3332 ns/op
OverheadWarmup  10: 73264 op, 300034.00 ns, 4.0952 ns/op

OverheadActual   1: 73264 op, 289313.00 ns, 3.9489 ns/op
OverheadActual   2: 73264 op, 303450.00 ns, 4.1419 ns/op
OverheadActual   3: 73264 op, 310933.00 ns, 4.2440 ns/op
OverheadActual   4: 73264 op, 295394.00 ns, 4.0319 ns/op
OverheadActual   5: 73264 op, 296877.00 ns, 4.0522 ns/op
OverheadActual   6: 73264 op, 302327.00 ns, 4.1265 ns/op
OverheadActual   7: 73264 op, 301586.00 ns, 4.1164 ns/op
OverheadActual   8: 73264 op, 283733.00 ns, 3.8727 ns/op
OverheadActual   9: 73264 op, 285456.00 ns, 3.8963 ns/op
OverheadActual  10: 73264 op, 284154.00 ns, 3.8785 ns/op

WorkloadWarmup   1: 73264 op, 253479172.00 ns, 3.4598 us/op
WorkloadWarmup   2: 73264 op, 255784361.00 ns, 3.4913 us/op
WorkloadWarmup   3: 73264 op, 253841202.00 ns, 3.4647 us/op
WorkloadWarmup   4: 73264 op, 252808493.00 ns, 3.4507 us/op
WorkloadWarmup   5: 73264 op, 255744987.00 ns, 3.4907 us/op

// BeforeActualRun
WorkloadActual   1: 73264 op, 268979333.00 ns, 3.6714 us/op
WorkloadActual   2: 73264 op, 273673219.00 ns, 3.7354 us/op
WorkloadActual   3: 73264 op, 274360530.00 ns, 3.7448 us/op
WorkloadActual   4: 73264 op, 274668377.00 ns, 3.7490 us/op
WorkloadActual   5: 73264 op, 266246670.00 ns, 3.6341 us/op
WorkloadActual   6: 73264 op, 265833495.00 ns, 3.6284 us/op
WorkloadActual   7: 73264 op, 269929848.00 ns, 3.6843 us/op
WorkloadActual   8: 73264 op, 268496395.00 ns, 3.6648 us/op

// AfterActualRun
WorkloadResult   1: 73264 op, 268683197.50 ns, 3.6673 us/op
WorkloadResult   2: 73264 op, 273377083.50 ns, 3.7314 us/op
WorkloadResult   3: 73264 op, 274064394.50 ns, 3.7408 us/op
WorkloadResult   4: 73264 op, 274372241.50 ns, 3.7450 us/op
WorkloadResult   5: 73264 op, 265950534.50 ns, 3.6300 us/op
WorkloadResult   6: 73264 op, 265537359.50 ns, 3.6244 us/op
WorkloadResult   7: 73264 op, 269633712.50 ns, 3.6803 us/op
WorkloadResult   8: 73264 op, 268200259.50 ns, 3.6607 us/op
// GC:  98 7 0 1646974720 73264
// Threading:  0 0 73264

// AfterAll
// Benchmark Process 3675 has exited with code 0.

Mean = 3.685 μs, StdErr = 0.017 μs (0.47%), N = 8, StdDev = 0.049 μs
Min = 3.624 μs, Q1 = 3.653 μs, Median = 3.674 μs, Q3 = 3.734 μs, Max = 3.745 μs
IQR = 0.081 μs, LowerFence = 3.532 μs, UpperFence = 3.855 μs
ConfidenceInterval = [3.592 μs; 3.778 μs] (CI 99.9%), Margin = 0.093 μs (2.52% of Mean)
Skewness = 0.09, Kurtosis = 1.14, MValue = 2

// ** Remained 14 (36.8 %) benchmark(s) to run. Estimated finish 2026-08-11 9:31 (0h 1m from now) **
// **************************
// Benchmark: ReadSimpleRows.Sep: Quick(MaxRelativeError=0.05, Arguments=/p:MatrixMode=Benchmark, IterationTime=250ms, MaxIterationCount=12, MaxWarmupIterationCount=5, MinIterationCount=8, MinWarmupIterationCount=3)
// *** Execute ***
// Launch: 1 / 1
// Execute: dotnet Matrix.CsvProcessing-Quick-1.dll --anonymousPipes 135 136 --benchmarkName Matrix.CsvProcessing.Benchmarks.ReadSimpleRows.Sep --job Quick --benchmarkId 24 in /home/runner/work/dotnet-matrix/dotnet-matrix/src/Matrix.CsvProcessing/bin/Benchmark/Release/net10.0/Matrix.CsvProcessing-Quick-1/bin/Release/net10.0
// Failed to set up high priority (Permission denied). In order to run benchmarks with high priority, make sure you have the right permissions.
// BeforeAnythingElse

// Benchmark Process Environment Information:
// BenchmarkDotNet v0.15.8
// Runtime=.NET 10.0.10 (10.0.10, 10.0.1026.32716), X64 RyuJIT x86-64-v3
// GC=Concurrent Workstation
// HardwareIntrinsics=AVX2+BMI1+BMI2+F16C+FMA+LZCNT+MOVBE,AVX,SSE3+SSSE3+SSE4.1+SSE4.2+POPCNT,X86Base+SSE+SSE2,AES+PCLMUL VectorSize=256
// Job: Quick(MaxRelativeError=0.05, IterationTime=250ms, MaxIterationCount=12, MaxWarmupIterationCount=5, MinIterationCount=8, MinWarmupIterationCount=3)

OverheadJitting  1: 1 op, 252495.00 ns, 252.4950 us/op
WorkloadJitting  1: 1 op, 18844101.00 ns, 18.8441 ms/op

WorkloadPilot    1: 4 op, 78026.00 ns, 19.5065 us/op
WorkloadPilot    2: 12816 op, 58135667.00 ns, 4.5362 us/op
WorkloadPilot    3: 55112 op, 174878434.00 ns, 3.1731 us/op
WorkloadPilot    4: 78786 op, 61256519.00 ns, 777.5051 ns/op
WorkloadPilot    5: 321541 op, 236776562.00 ns, 736.3806 ns/op
WorkloadPilot    6: 339498 op, 250720530.00 ns, 738.5037 ns/op
WorkloadPilot    7: 338522 op, 246775271.00 ns, 728.9785 ns/op
WorkloadPilot    8: 342946 op, 252938516.00 ns, 737.5462 ns/op
WorkloadPilot    9: 338962 op, 250379109.00 ns, 738.6642 ns/op

WorkloadWarmup   1: 338962 op, 247776421.00 ns, 730.9858 ns/op
WorkloadWarmup   2: 338962 op, 249958779.00 ns, 737.4242 ns/op
WorkloadWarmup   3: 338962 op, 250367618.00 ns, 738.6303 ns/op
WorkloadWarmup   4: 338962 op, 256135310.00 ns, 755.6461 ns/op
WorkloadWarmup   5: 338962 op, 260827202.00 ns, 769.4880 ns/op

// BeforeActualRun
WorkloadActual   1: 338962 op, 256422370.00 ns, 756.4930 ns/op
WorkloadActual   2: 338962 op, 259176963.00 ns, 764.6195 ns/op
WorkloadActual   3: 338962 op, 267723845.00 ns, 789.8344 ns/op
WorkloadActual   4: 338962 op, 262397902.00 ns, 774.1219 ns/op
WorkloadActual   5: 338962 op, 262988272.00 ns, 775.8636 ns/op
WorkloadActual   6: 338962 op, 262132434.00 ns, 773.3387 ns/op
WorkloadActual   7: 338962 op, 258988349.00 ns, 764.0631 ns/op
WorkloadActual   8: 338962 op, 254757954.00 ns, 751.5826 ns/op

// AfterActualRun
WorkloadResult   1: 338962 op, 256422370.00 ns, 756.4930 ns/op
WorkloadResult   2: 338962 op, 259176963.00 ns, 764.6195 ns/op
WorkloadResult   3: 338962 op, 267723845.00 ns, 789.8344 ns/op
WorkloadResult   4: 338962 op, 262397902.00 ns, 774.1219 ns/op
WorkloadResult   5: 338962 op, 262988272.00 ns, 775.8636 ns/op
WorkloadResult   6: 338962 op, 262132434.00 ns, 773.3387 ns/op
WorkloadResult   7: 338962 op, 258988349.00 ns, 764.0631 ns/op
WorkloadResult   8: 338962 op, 254757954.00 ns, 751.5826 ns/op
// GC:  39 0 0 656230432 338962
// Threading:  0 0 338962

// AfterAll
// Benchmark Process 3684 has exited with code 0.

Mean = 768.740 ns, StdErr = 4.287 ns (0.56%), N = 8, StdDev = 12.125 ns
Min = 751.583 ns, Q1 = 762.171 ns, Median = 768.979 ns, Q3 = 774.557 ns, Max = 789.834 ns
IQR = 12.387 ns, LowerFence = 743.590 ns, UpperFence = 793.137 ns
ConfidenceInterval = [745.558 ns; 791.922 ns] (CI 99.9%), Margin = 23.182 ns (3.02% of Mean)
Skewness = 0.21, Kurtosis = 1.8, MValue = 2

// ** Remained 13 (34.2 %) benchmark(s) to run. Estimated finish 2026-08-11 9:31 (0h 1m from now) **
// **************************
// Benchmark: ReadSimpleRows.Sylvan: Quick(MaxRelativeError=0.05, Arguments=/p:MatrixMode=Benchmark, IterationTime=250ms, MaxIterationCount=12, MaxWarmupIterationCount=5, MinIterationCount=8, MinWarmupIterationCount=3)
// *** Execute ***
// Launch: 1 / 1
// Execute: dotnet Matrix.CsvProcessing-Quick-1.dll --anonymousPipes 135 136 --benchmarkName Matrix.CsvProcessing.Benchmarks.ReadSimpleRows.Sylvan --job Quick --benchmarkId 25 in /home/runner/work/dotnet-matrix/dotnet-matrix/src/Matrix.CsvProcessing/bin/Benchmark/Release/net10.0/Matrix.CsvProcessing-Quick-1/bin/Release/net10.0
// Failed to set up high priority (Permission denied). In order to run benchmarks with high priority, make sure you have the right permissions.
// BeforeAnythingElse

// Benchmark Process Environment Information:
// BenchmarkDotNet v0.15.8
// Runtime=.NET 10.0.10 (10.0.10, 10.0.1026.32716), X64 RyuJIT x86-64-v3
// GC=Concurrent Workstation
// HardwareIntrinsics=AVX2+BMI1+BMI2+F16C+FMA+LZCNT+MOVBE,AVX,SSE3+SSSE3+SSE4.1+SSE4.2+POPCNT,X86Base+SSE+SSE2,AES+PCLMUL VectorSize=256
// Job: Quick(MaxRelativeError=0.05, IterationTime=250ms, MaxIterationCount=12, MaxWarmupIterationCount=5, MinIterationCount=8, MinWarmupIterationCount=3)

OverheadJitting  1: 1 op, 244579.00 ns, 244.5790 us/op
WorkloadJitting  1: 1 op, 12842500.00 ns, 12.8425 ms/op

OverheadJitting  2: 16 op, 533201.00 ns, 33.3251 us/op
WorkloadJitting  2: 16 op, 951697.00 ns, 59.4811 us/op

WorkloadPilot    1: 16 op, 367119.00 ns, 22.9449 us/op
WorkloadPilot    2: 10896 op, 97337664.00 ns, 8.9333 us/op
WorkloadPilot    3: 28000 op, 299602829.00 ns, 10.7001 us/op
WorkloadPilot    4: 23376 op, 80055426.00 ns, 3.4247 us/op
WorkloadPilot    5: 73008 op, 174099755.00 ns, 2.3847 us/op
WorkloadPilot    6: 104848 op, 238002082.00 ns, 2.2700 us/op
WorkloadPilot    7: 110144 op, 281208280.00 ns, 2.5531 us/op
WorkloadPilot    8: 97920 op, 242484531.00 ns, 2.4764 us/op
WorkloadPilot    9: 100960 op, 248398458.00 ns, 2.4604 us/op
WorkloadPilot   10: 101616 op, 238786385.00 ns, 2.3499 us/op
WorkloadPilot   11: 106400 op, 252430591.00 ns, 2.3725 us/op

OverheadWarmup   1: 106400 op, 433825.00 ns, 4.0773 ns/op
OverheadWarmup   2: 106400 op, 403648.00 ns, 3.7937 ns/op
OverheadWarmup   3: 106400 op, 395784.00 ns, 3.7198 ns/op
OverheadWarmup   4: 106400 op, 408577.00 ns, 3.8400 ns/op
OverheadWarmup   5: 106400 op, 400943.00 ns, 3.7683 ns/op
OverheadWarmup   6: 106400 op, 393458.00 ns, 3.6979 ns/op
OverheadWarmup   7: 106400 op, 406232.00 ns, 3.8180 ns/op
OverheadWarmup   8: 106400 op, 398298.00 ns, 3.7434 ns/op

OverheadActual   1: 106400 op, 411262.00 ns, 3.8652 ns/op
OverheadActual   2: 106400 op, 424107.00 ns, 3.9860 ns/op
OverheadActual   3: 106400 op, 414879.00 ns, 3.8992 ns/op
OverheadActual   4: 106400 op, 499458.00 ns, 4.6942 ns/op
OverheadActual   5: 106400 op, 400893.00 ns, 3.7678 ns/op
OverheadActual   6: 106400 op, 393129.00 ns, 3.6948 ns/op
OverheadActual   7: 106400 op, 405872.00 ns, 3.8146 ns/op
OverheadActual   8: 106400 op, 398057.00 ns, 3.7411 ns/op
OverheadActual   9: 106400 op, 413506.00 ns, 3.8863 ns/op

WorkloadWarmup   1: 106400 op, 272008000.00 ns, 2.5565 us/op
WorkloadWarmup   2: 106400 op, 280237787.00 ns, 2.6338 us/op
WorkloadWarmup   3: 106400 op, 286859033.00 ns, 2.6960 us/op
WorkloadWarmup   4: 106400 op, 292946596.00 ns, 2.7533 us/op
WorkloadWarmup   5: 106400 op, 261548626.00 ns, 2.4582 us/op

// BeforeActualRun
WorkloadActual   1: 106400 op, 265168004.00 ns, 2.4922 us/op
WorkloadActual   2: 106400 op, 291070772.00 ns, 2.7356 us/op
WorkloadActual   3: 106400 op, 272752349.00 ns, 2.5635 us/op
WorkloadActual   4: 106400 op, 273741256.00 ns, 2.5728 us/op
WorkloadActual   5: 106400 op, 269908467.00 ns, 2.5367 us/op
WorkloadActual   6: 106400 op, 258753266.00 ns, 2.4319 us/op
WorkloadActual   7: 106400 op, 269290546.00 ns, 2.5309 us/op
WorkloadActual   8: 106400 op, 266850013.00 ns, 2.5080 us/op

// AfterActualRun
WorkloadResult   1: 106400 op, 264756742.00 ns, 2.4883 us/op
WorkloadResult   2: 106400 op, 272341087.00 ns, 2.5596 us/op
WorkloadResult   3: 106400 op, 273329994.00 ns, 2.5689 us/op
WorkloadResult   4: 106400 op, 269497205.00 ns, 2.5329 us/op
WorkloadResult   5: 106400 op, 258342004.00 ns, 2.4280 us/op
WorkloadResult   6: 106400 op, 268879284.00 ns, 2.5271 us/op
WorkloadResult   7: 106400 op, 266438751.00 ns, 2.5041 us/op
// GC:  230 25 0 3854281648 106400
// Threading:  0 0 106400

// AfterAll
// Benchmark Process 3695 has exited with code 0.

Mean = 2.516 μs, StdErr = 0.018 μs (0.72%), N = 7, StdDev = 0.048 μs
Min = 2.428 μs, Q1 = 2.496 μs, Median = 2.527 μs, Q3 = 2.546 μs, Max = 2.569 μs
IQR = 0.050 μs, LowerFence = 2.421 μs, UpperFence = 2.621 μs
ConfidenceInterval = [2.408 μs; 2.623 μs] (CI 99.9%), Margin = 0.108 μs (4.29% of Mean)
Skewness = -0.58, Kurtosis = 1.94, MValue = 2

// ** Remained 12 (31.6 %) benchmark(s) to run. Estimated finish 2026-08-11 9:31 (0h 1m from now) **
// **************************
// Benchmark: ReadSimpleRows.TinyCsvParser: Quick(MaxRelativeError=0.05, Arguments=/p:MatrixMode=Benchmark, IterationTime=250ms, MaxIterationCount=12, MaxWarmupIterationCount=5, MinIterationCount=8, MinWarmupIterationCount=3)
// *** Execute ***
// Launch: 1 / 1
// Execute: dotnet Matrix.CsvProcessing-Quick-1.dll --anonymousPipes 135 136 --benchmarkName Matrix.CsvProcessing.Benchmarks.ReadSimpleRows.TinyCsvParser --job Quick --benchmarkId 26 in /home/runner/work/dotnet-matrix/dotnet-matrix/src/Matrix.CsvProcessing/bin/Benchmark/Release/net10.0/Matrix.CsvProcessing-Quick-1/bin/Release/net10.0
// Failed to set up high priority (Permission denied). In order to run benchmarks with high priority, make sure you have the right permissions.
// BeforeAnythingElse

// Benchmark Process Environment Information:
// BenchmarkDotNet v0.15.8
// Runtime=.NET 10.0.10 (10.0.10, 10.0.1026.32716), X64 RyuJIT x86-64-v3
// GC=Concurrent Workstation
// HardwareIntrinsics=AVX2+BMI1+BMI2+F16C+FMA+LZCNT+MOVBE,AVX,SSE3+SSSE3+SSE4.1+SSE4.2+POPCNT,X86Base+SSE+SSE2,AES+PCLMUL VectorSize=256
// Job: Quick(MaxRelativeError=0.05, IterationTime=250ms, MaxIterationCount=12, MaxWarmupIterationCount=5, MinIterationCount=8, MinWarmupIterationCount=3)

OverheadJitting  1: 1 op, 266781.00 ns, 266.7810 us/op
WorkloadJitting  1: 1 op, 33149089.00 ns, 33.1491 ms/op

WorkloadPilot    1: 4 op, 86502.00 ns, 21.6255 us/op
WorkloadPilot    2: 11560 op, 102759818.00 ns, 8.8893 us/op
WorkloadPilot    3: 28124 op, 225333488.00 ns, 8.0121 us/op
WorkloadPilot    4: 31203 op, 58915302.00 ns, 1.8881 us/op
WorkloadPilot    5: 132406 op, 218465630.00 ns, 1.6500 us/op
WorkloadPilot    6: 151518 op, 254965502.00 ns, 1.6827 us/op
WorkloadPilot    7: 148567 op, 248356159.00 ns, 1.6717 us/op
WorkloadPilot    8: 149550 op, 253077105.00 ns, 1.6923 us/op
WorkloadPilot    9: 147732 op, 246276683.00 ns, 1.6671 us/op
WorkloadPilot   10: 149965 op, 251034449.00 ns, 1.6740 us/op

WorkloadWarmup   1: 149965 op, 256288156.00 ns, 1.7090 us/op
WorkloadWarmup   2: 149965 op, 256484225.00 ns, 1.7103 us/op
WorkloadWarmup   3: 149965 op, 258659777.00 ns, 1.7248 us/op
WorkloadWarmup   4: 149965 op, 256516771.00 ns, 1.7105 us/op
WorkloadWarmup   5: 149965 op, 260923978.00 ns, 1.7399 us/op

// BeforeActualRun
WorkloadActual   1: 149965 op, 261163238.00 ns, 1.7415 us/op
WorkloadActual   2: 149965 op, 256866447.00 ns, 1.7128 us/op
WorkloadActual   3: 149965 op, 257130905.00 ns, 1.7146 us/op
WorkloadActual   4: 149965 op, 263063476.00 ns, 1.7542 us/op
WorkloadActual   5: 149965 op, 251257814.00 ns, 1.6754 us/op
WorkloadActual   6: 149965 op, 248048758.00 ns, 1.6540 us/op
WorkloadActual   7: 149965 op, 248280743.00 ns, 1.6556 us/op
WorkloadActual   8: 149965 op, 249412839.00 ns, 1.6631 us/op

// AfterActualRun
WorkloadResult   1: 149965 op, 261163238.00 ns, 1.7415 us/op
WorkloadResult   2: 149965 op, 256866447.00 ns, 1.7128 us/op
WorkloadResult   3: 149965 op, 257130905.00 ns, 1.7146 us/op
WorkloadResult   4: 149965 op, 263063476.00 ns, 1.7542 us/op
WorkloadResult   5: 149965 op, 251257814.00 ns, 1.6754 us/op
WorkloadResult   6: 149965 op, 248048758.00 ns, 1.6540 us/op
WorkloadResult   7: 149965 op, 248280743.00 ns, 1.6556 us/op
WorkloadResult   8: 149965 op, 249412839.00 ns, 1.6631 us/op
// GC:  51 0 0 854200640 149965
// Threading:  0 0 149965

// AfterAll
// Benchmark Process 3710 has exited with code 0.

Mean = 1.696 μs, StdErr = 0.014 μs (0.83%), N = 8, StdDev = 0.040 μs
Min = 1.654 μs, Q1 = 1.661 μs, Median = 1.694 μs, Q3 = 1.721 μs, Max = 1.754 μs
IQR = 0.060 μs, LowerFence = 1.571 μs, UpperFence = 1.811 μs
ConfidenceInterval = [1.621 μs; 1.772 μs] (CI 99.9%), Margin = 0.076 μs (4.46% of Mean)
Skewness = 0.21, Kurtosis = 1.16, MValue = 2

// ** Remained 11 (28.9 %) benchmark(s) to run. Estimated finish 2026-08-11 9:31 (0h 0m from now) **
// ***** BenchmarkRunner: Finish  *****

// * Export *
  tmp/dotnet-matrix/CsvProcessing/7de710fc59af43c49ed6793a18b75839/results/Matrix.CsvProcessing.Benchmarks.ReadSimpleRows-report.csv
  tmp/dotnet-matrix/CsvProcessing/7de710fc59af43c49ed6793a18b75839/results/Matrix.CsvProcessing.Benchmarks.ReadSimpleRows-report-github.md
  tmp/dotnet-matrix/CsvProcessing/7de710fc59af43c49ed6793a18b75839/results/Matrix.CsvProcessing.Benchmarks.ReadSimpleRows-report.html
  tmp/dotnet-matrix/CsvProcessing/7de710fc59af43c49ed6793a18b75839/results/Matrix.CsvProcessing.Benchmarks.ReadSimpleRows-report-full.json

// * Detailed results *
ReadSimpleRows.Sep: Quick(MaxRelativeError=0.05, Arguments=/p:MatrixMode=Benchmark, IterationTime=250ms, MaxIterationCount=12, MaxWarmupIterationCount=5, MinIterationCount=8, MinWarmupIterationCount=3)
Runtime = .NET 10.0.10 (10.0.10, 10.0.1026.32716), X64 RyuJIT x86-64-v3; GC = Concurrent Workstation
Mean = 768.740 ns, StdErr = 4.287 ns (0.56%), N = 8, StdDev = 12.125 ns
Min = 751.583 ns, Q1 = 762.171 ns, Median = 768.979 ns, Q3 = 774.557 ns, Max = 789.834 ns
IQR = 12.387 ns, LowerFence = 743.590 ns, UpperFence = 793.137 ns
ConfidenceInterval = [745.558 ns; 791.922 ns] (CI 99.9%), Margin = 23.182 ns (3.02% of Mean)
Skewness = 0.21, Kurtosis = 1.8, MValue = 2
-------------------- Histogram --------------------
[743.626 ns ; 762.007 ns) | @@
[762.007 ns ; 781.878 ns) | @@@@@
[781.878 ns ; 797.791 ns) | @
---------------------------------------------------

ReadSimpleRows.TinyCsvParser: Quick(MaxRelativeError=0.05, Arguments=/p:MatrixMode=Benchmark, IterationTime=250ms, MaxIterationCount=12, MaxWarmupIterationCount=5, MinIterationCount=8, MinWarmupIterationCount=3)
Runtime = .NET 10.0.10 (10.0.10, 10.0.1026.32716), X64 RyuJIT x86-64-v3; GC = Concurrent Workstation
Mean = 1.696 μs, StdErr = 0.014 μs (0.83%), N = 8, StdDev = 0.040 μs
Min = 1.654 μs, Q1 = 1.661 μs, Median = 1.694 μs, Q3 = 1.721 μs, Max = 1.754 μs
IQR = 0.060 μs, LowerFence = 1.571 μs, UpperFence = 1.811 μs
ConfidenceInterval = [1.621 μs; 1.772 μs] (CI 99.9%), Margin = 0.076 μs (4.46% of Mean)
Skewness = 0.21, Kurtosis = 1.16, MValue = 2
-------------------- Histogram --------------------
[1.639 μs ; 1.691 μs) | @@@@
[1.691 μs ; 1.759 μs) | @@@@
---------------------------------------------------

ReadSimpleRows.Sylvan: Quick(MaxRelativeError=0.05, Arguments=/p:MatrixMode=Benchmark, IterationTime=250ms, MaxIterationCount=12, MaxWarmupIterationCount=5, MinIterationCount=8, MinWarmupIterationCount=3)
Runtime = .NET 10.0.10 (10.0.10, 10.0.1026.32716), X64 RyuJIT x86-64-v3; GC = Concurrent Workstation
Mean = 2.516 μs, StdErr = 0.018 μs (0.72%), N = 7, StdDev = 0.048 μs
Min = 2.428 μs, Q1 = 2.496 μs, Median = 2.527 μs, Q3 = 2.546 μs, Max = 2.569 μs
IQR = 0.050 μs, LowerFence = 2.421 μs, UpperFence = 2.621 μs
ConfidenceInterval = [2.408 μs; 2.623 μs] (CI 99.9%), Margin = 0.108 μs (4.29% of Mean)
Skewness = -0.58, Kurtosis = 1.94, MValue = 2
-------------------- Histogram --------------------
[2.425 μs ; 2.504 μs) | @@
[2.504 μs ; 2.569 μs) | @@@@@
---------------------------------------------------

ReadSimpleRows.CsvHelper: Quick(MaxRelativeError=0.05, Arguments=/p:MatrixMode=Benchmark, IterationTime=250ms, MaxIterationCount=12, MaxWarmupIterationCount=5, MinIterationCount=8, MinWarmupIterationCount=3)
Runtime = .NET 10.0.10 (10.0.10, 10.0.1026.32716), X64 RyuJIT x86-64-v3; GC = Concurrent Workstation
Mean = 3.685 μs, StdErr = 0.017 μs (0.47%), N = 8, StdDev = 0.049 μs
Min = 3.624 μs, Q1 = 3.653 μs, Median = 3.674 μs, Q3 = 3.734 μs, Max = 3.745 μs
IQR = 0.081 μs, LowerFence = 3.532 μs, UpperFence = 3.855 μs
ConfidenceInterval = [3.592 μs; 3.778 μs] (CI 99.9%), Margin = 0.093 μs (2.52% of Mean)
Skewness = 0.09, Kurtosis = 1.14, MValue = 2
-------------------- Histogram --------------------
[3.616 μs ; 3.701 μs) | @@@@@
[3.701 μs ; 3.777 μs) | @@@
---------------------------------------------------

// * Summary *

BenchmarkDotNet v0.15.8, Linux Ubuntu 24.04.4 LTS (Noble Numbat)
AMD EPYC 7763 2.45GHz, 1 CPU, 4 logical and 2 physical cores
.NET SDK 10.0.302
  [Host] : .NET 10.0.10 (10.0.10, 10.0.1026.32716), X64 RyuJIT x86-64-v3
  Quick  : .NET 10.0.10 (10.0.10, 10.0.1026.32716), X64 RyuJIT x86-64-v3

Job=Quick  MaxRelativeError=0.05  Arguments=/p:MatrixMode=Benchmark  
IterationTime=250ms  MaxIterationCount=12  MaxWarmupIterationCount=5  
MinIterationCount=8  MinWarmupIterationCount=3  

| Method        | Mean       | Error     | StdDev   | Gen0   | Gen1   | Allocated |
|-------------- |-----------:|----------:|---------:|-------:|-------:|----------:|
| Sep           |   768.7 ns |  23.18 ns | 12.12 ns | 0.1151 |      - |   1.89 KB |
| TinyCsvParser | 1,696.4 ns |  75.71 ns | 39.60 ns | 0.3401 |      - |   5.56 KB |
| Sylvan        | 2,515.6 ns | 107.82 ns | 47.87 ns | 2.1617 | 0.2350 |  35.38 KB |
| CsvHelper     | 3,685.0 ns |  92.77 ns | 48.52 ns | 1.3376 | 0.0955 |  21.95 KB |

// * Hints *
Outliers
  ReadSimpleRows.Sylvan: Quick -> 1 outlier  was  removed (2.74 μs)

// * Legends *
  Mean      : Arithmetic mean of all measurements
  Error     : Half of 99.9% confidence interval
  StdDev    : Standard deviation of all measurements
  Gen0      : GC Generation 0 collects per 1000 operations
  Gen1      : GC Generation 1 collects per 1000 operations
  Allocated : Allocated memory per single operation (managed only, inclusive, 1KB = 1024B)
  1 ns      : 1 Nanosecond (0.000000001 sec)

// * Diagnostic Output - MemoryDiagnoser *


// ***** BenchmarkRunner: End *****
Run time: 00:00:23 (23.91 sec), executed benchmarks: 4

// Found 4 benchmarks:
//   ReadTypedRecords.CsvHelper: Quick(MaxRelativeError=0.05, Arguments=/p:MatrixMode=Benchmark, IterationTime=250ms, MaxIterationCount=12, MaxWarmupIterationCount=5, MinIterationCount=8, MinWarmupIterationCount=3)
//   ReadTypedRecords.Sep: Quick(MaxRelativeError=0.05, Arguments=/p:MatrixMode=Benchmark, IterationTime=250ms, MaxIterationCount=12, MaxWarmupIterationCount=5, MinIterationCount=8, MinWarmupIterationCount=3)
//   ReadTypedRecords.Sylvan: Quick(MaxRelativeError=0.05, Arguments=/p:MatrixMode=Benchmark, IterationTime=250ms, MaxIterationCount=12, MaxWarmupIterationCount=5, MinIterationCount=8, MinWarmupIterationCount=3)
//   ReadTypedRecords.TinyCsvParser: Quick(MaxRelativeError=0.05, Arguments=/p:MatrixMode=Benchmark, IterationTime=250ms, MaxIterationCount=12, MaxWarmupIterationCount=5, MinIterationCount=8, MinWarmupIterationCount=3)

// **************************
// Benchmark: ReadTypedRecords.CsvHelper: Quick(MaxRelativeError=0.05, Arguments=/p:MatrixMode=Benchmark, IterationTime=250ms, MaxIterationCount=12, MaxWarmupIterationCount=5, MinIterationCount=8, MinWarmupIterationCount=3)
// *** Execute ***
// Launch: 1 / 1
// Execute: dotnet Matrix.CsvProcessing-Quick-1.dll --anonymousPipes 135 136 --benchmarkName Matrix.CsvProcessing.Benchmarks.ReadTypedRecords.CsvHelper --job Quick --benchmarkId 27 in /home/runner/work/dotnet-matrix/dotnet-matrix/src/Matrix.CsvProcessing/bin/Benchmark/Release/net10.0/Matrix.CsvProcessing-Quick-1/bin/Release/net10.0
// Failed to set up high priority (Permission denied). In order to run benchmarks with high priority, make sure you have the right permissions.
// BeforeAnythingElse

// Benchmark Process Environment Information:
// BenchmarkDotNet v0.15.8
// Runtime=.NET 10.0.10 (10.0.10, 10.0.1026.32716), X64 RyuJIT x86-64-v3
// GC=Concurrent Workstation
// HardwareIntrinsics=AVX2+BMI1+BMI2+F16C+FMA+LZCNT+MOVBE,AVX,SSE3+SSSE3+SSE4.1+SSE4.2+POPCNT,X86Base+SSE+SSE2,AES+PCLMUL VectorSize=256
// Job: Quick(MaxRelativeError=0.05, IterationTime=250ms, MaxIterationCount=12, MaxWarmupIterationCount=5, MinIterationCount=8, MinWarmupIterationCount=3)

OverheadJitting  1: 1 op, 272672.00 ns, 272.6720 us/op
WorkloadJitting  1: 1 op, 58388080.00 ns, 58.3881 ms/op

WorkloadPilot    1: 4 op, 4688275.00 ns, 1.1721 ms/op
WorkloadPilot    2: 213 op, 191945188.00 ns, 901.1511 us/op
WorkloadPilot    3: 277 op, 272975132.00 ns, 985.4698 us/op
WorkloadPilot    4: 254 op, 231550101.00 ns, 911.6146 us/op
WorkloadPilot    5: 274 op, 257836249.00 ns, 941.0082 us/op
WorkloadPilot    6: 266 op, 247502421.00 ns, 930.4602 us/op
WorkloadPilot    7: 269 op, 246694684.00 ns, 917.0806 us/op
WorkloadPilot    8: 273 op, 251170620.00 ns, 920.0389 us/op

WorkloadWarmup   1: 273 op, 254050900.00 ns, 930.5894 us/op
WorkloadWarmup   2: 273 op, 254218765.00 ns, 931.2043 us/op
WorkloadWarmup   3: 273 op, 255990703.00 ns, 937.6949 us/op
WorkloadWarmup   4: 273 op, 252158576.00 ns, 923.6578 us/op
WorkloadWarmup   5: 273 op, 251328988.00 ns, 920.6190 us/op

// BeforeActualRun
WorkloadActual   1: 273 op, 251489919.00 ns, 921.2085 us/op
WorkloadActual   2: 273 op, 244500553.00 ns, 895.6064 us/op
WorkloadActual   3: 273 op, 233082278.00 ns, 853.7812 us/op
WorkloadActual   4: 273 op, 223024288.00 ns, 816.9388 us/op
WorkloadActual   5: 273 op, 213145304.00 ns, 780.7520 us/op
WorkloadActual   6: 273 op, 208363744.00 ns, 763.2372 us/op
WorkloadActual   7: 273 op, 199766567.00 ns, 731.7457 us/op
WorkloadActual   8: 273 op, 201020282.00 ns, 736.3380 us/op
WorkloadActual   9: 273 op, 199184795.00 ns, 729.6146 us/op
WorkloadActual  10: 273 op, 197186842.00 ns, 722.2961 us/op
WorkloadActual  11: 273 op, 196910423.00 ns, 721.2836 us/op
WorkloadActual  12: 273 op, 195433129.00 ns, 715.8723 us/op

// AfterActualRun
WorkloadResult   1: 273 op, 251489919.00 ns, 921.2085 us/op
WorkloadResult   2: 273 op, 244500553.00 ns, 895.6064 us/op
WorkloadResult   3: 273 op, 233082278.00 ns, 853.7812 us/op
WorkloadResult   4: 273 op, 223024288.00 ns, 816.9388 us/op
WorkloadResult   5: 273 op, 213145304.00 ns, 780.7520 us/op
WorkloadResult   6: 273 op, 208363744.00 ns, 763.2372 us/op
WorkloadResult   7: 273 op, 199766567.00 ns, 731.7457 us/op
WorkloadResult   8: 273 op, 201020282.00 ns, 736.3380 us/op
WorkloadResult   9: 273 op, 199184795.00 ns, 729.6146 us/op
WorkloadResult  10: 273 op, 197186842.00 ns, 722.2961 us/op
WorkloadResult  11: 273 op, 196910423.00 ns, 721.2836 us/op
WorkloadResult  12: 273 op, 195433129.00 ns, 715.8723 us/op
// GC:  0 0 0 14986592 273
// Threading:  0 0 273

// AfterAll
// Benchmark Process 3720 has exited with code 0.

Mean = 782.390 μs, StdErr = 20.960 μs (2.68%), N = 12, StdDev = 72.607 μs
Min = 715.872 μs, Q1 = 727.785 μs, Median = 749.788 μs, Q3 = 826.149 μs, Max = 921.208 μs
IQR = 98.364 μs, LowerFence = 580.238 μs, UpperFence = 973.696 μs
ConfidenceInterval = [689.392 μs; 875.388 μs] (CI 99.9%), Margin = 92.998 μs (11.89% of Mean)
Skewness = 0.74, Kurtosis = 1.88, MValue = 2.5

// ** Remained 10 (26.3 %) benchmark(s) to run. Estimated finish 2026-08-11 9:31 (0h 0m from now) **
// **************************
// Benchmark: ReadTypedRecords.Sep: Quick(MaxRelativeError=0.05, Arguments=/p:MatrixMode=Benchmark, IterationTime=250ms, MaxIterationCount=12, MaxWarmupIterationCount=5, MinIterationCount=8, MinWarmupIterationCount=3)
// *** Execute ***
// Launch: 1 / 1
// Execute: dotnet Matrix.CsvProcessing-Quick-1.dll --anonymousPipes 135 136 --benchmarkName Matrix.CsvProcessing.Benchmarks.ReadTypedRecords.Sep --job Quick --benchmarkId 28 in /home/runner/work/dotnet-matrix/dotnet-matrix/src/Matrix.CsvProcessing/bin/Benchmark/Release/net10.0/Matrix.CsvProcessing-Quick-1/bin/Release/net10.0
// Failed to set up high priority (Permission denied). In order to run benchmarks with high priority, make sure you have the right permissions.
// BeforeAnythingElse

// Benchmark Process Environment Information:
// BenchmarkDotNet v0.15.8
// Runtime=.NET 10.0.10 (10.0.10, 10.0.1026.32716), X64 RyuJIT x86-64-v3
// GC=Concurrent Workstation
// HardwareIntrinsics=AVX2+BMI1+BMI2+F16C+FMA+LZCNT+MOVBE,AVX,SSE3+SSSE3+SSE4.1+SSE4.2+POPCNT,X86Base+SSE+SSE2,AES+PCLMUL VectorSize=256
// Job: Quick(MaxRelativeError=0.05, IterationTime=250ms, MaxIterationCount=12, MaxWarmupIterationCount=5, MinIterationCount=8, MinWarmupIterationCount=3)

OverheadJitting  1: 1 op, 254639.00 ns, 254.6390 us/op
WorkloadJitting  1: 1 op, 19697564.00 ns, 19.6976 ms/op

WorkloadPilot    1: 4 op, 60844.00 ns, 15.2110 us/op
WorkloadPilot    2: 16435 op, 75940736.00 ns, 4.6207 us/op
WorkloadPilot    3: 54105 op, 202129826.00 ns, 3.7359 us/op
WorkloadPilot    4: 66919 op, 58443304.00 ns, 873.3440 ns/op
WorkloadPilot    5: 286256 op, 249053104.00 ns, 870.0363 ns/op
WorkloadPilot    6: 287344 op, 255048463.00 ns, 887.6067 ns/op
WorkloadPilot    7: 281656 op, 246740520.00 ns, 876.0350 ns/op
WorkloadPilot    8: 285377 op, 252624401.00 ns, 885.2304 ns/op
WorkloadPilot    9: 282412 op, 250047571.00 ns, 885.4000 ns/op

WorkloadWarmup   1: 282412 op, 250812128.00 ns, 888.1072 ns/op
WorkloadWarmup   2: 282412 op, 254828079.00 ns, 902.3274 ns/op
WorkloadWarmup   3: 282412 op, 252123009.00 ns, 892.7489 ns/op
WorkloadWarmup   4: 282412 op, 253566861.00 ns, 897.8615 ns/op
WorkloadWarmup   5: 282412 op, 250622641.00 ns, 887.4362 ns/op

// BeforeActualRun
WorkloadActual   1: 282412 op, 245874434.00 ns, 870.6232 ns/op
WorkloadActual   2: 282412 op, 249029048.00 ns, 881.7934 ns/op
WorkloadActual   3: 282412 op, 245181302.00 ns, 868.1689 ns/op
WorkloadActual   4: 282412 op, 265205289.00 ns, 939.0723 ns/op
WorkloadActual   5: 282412 op, 254774840.00 ns, 902.1389 ns/op
WorkloadActual   6: 282412 op, 245138080.00 ns, 868.0158 ns/op
WorkloadActual   7: 282412 op, 245889923.00 ns, 870.6780 ns/op
WorkloadActual   8: 282412 op, 245360959.00 ns, 868.8050 ns/op

// AfterActualRun
WorkloadResult   1: 282412 op, 245874434.00 ns, 870.6232 ns/op
WorkloadResult   2: 282412 op, 249029048.00 ns, 881.7934 ns/op
WorkloadResult   3: 282412 op, 245181302.00 ns, 868.1689 ns/op
WorkloadResult   4: 282412 op, 254774840.00 ns, 902.1389 ns/op
WorkloadResult   5: 282412 op, 245138080.00 ns, 868.0158 ns/op
WorkloadResult   6: 282412 op, 245889923.00 ns, 870.6780 ns/op
WorkloadResult   7: 282412 op, 245360959.00 ns, 868.8050 ns/op
// GC:  29 0 0 490267232 282412
// Threading:  0 0 282412

// AfterAll
// Benchmark Process 3732 has exited with code 0.

Mean = 875.746 ns, StdErr = 4.757 ns (0.54%), N = 7, StdDev = 12.586 ns
Min = 868.016 ns, Q1 = 868.487 ns, Median = 870.623 ns, Q3 = 876.236 ns, Max = 902.139 ns
IQR = 7.749 ns, LowerFence = 856.864 ns, UpperFence = 887.859 ns
ConfidenceInterval = [847.400 ns; 904.092 ns] (CI 99.9%), Margin = 28.346 ns (3.24% of Mean)
Skewness = 1.23, Kurtosis = 2.83, MValue = 2

// ** Remained 9 (23.7 %) benchmark(s) to run. Estimated finish 2026-08-11 9:31 (0h 0m from now) **
// **************************
// Benchmark: ReadTypedRecords.Sylvan: Quick(MaxRelativeError=0.05, Arguments=/p:MatrixMode=Benchmark, IterationTime=250ms, MaxIterationCount=12, MaxWarmupIterationCount=5, MinIterationCount=8, MinWarmupIterationCount=3)
// *** Execute ***
// Launch: 1 / 1
// Execute: dotnet Matrix.CsvProcessing-Quick-1.dll --anonymousPipes 135 136 --benchmarkName Matrix.CsvProcessing.Benchmarks.ReadTypedRecords.Sylvan --job Quick --benchmarkId 29 in /home/runner/work/dotnet-matrix/dotnet-matrix/src/Matrix.CsvProcessing/bin/Benchmark/Release/net10.0/Matrix.CsvProcessing-Quick-1/bin/Release/net10.0
// Failed to set up high priority (Permission denied). In order to run benchmarks with high priority, make sure you have the right permissions.
// BeforeAnythingElse

// Benchmark Process Environment Information:
// BenchmarkDotNet v0.15.8
// Runtime=.NET 10.0.10 (10.0.10, 10.0.1026.32716), X64 RyuJIT x86-64-v3
// GC=Concurrent Workstation
// HardwareIntrinsics=AVX2+BMI1+BMI2+F16C+FMA+LZCNT+MOVBE,AVX,SSE3+SSSE3+SSE4.1+SSE4.2+POPCNT,X86Base+SSE+SSE2,AES+PCLMUL VectorSize=256
// Job: Quick(MaxRelativeError=0.05, IterationTime=250ms, MaxIterationCount=12, MaxWarmupIterationCount=5, MinIterationCount=8, MinWarmupIterationCount=3)

OverheadJitting  1: 1 op, 246643.00 ns, 246.6430 us/op
WorkloadJitting  1: 1 op, 13642002.00 ns, 13.6420 ms/op

OverheadJitting  2: 16 op, 537058.00 ns, 33.5661 us/op
WorkloadJitting  2: 16 op, 969912.00 ns, 60.6195 us/op

WorkloadPilot    1: 16 op, 353514.00 ns, 22.0946 us/op
WorkloadPilot    2: 11328 op, 103708898.00 ns, 9.1551 us/op
WorkloadPilot    3: 27312 op, 296560479.00 ns, 10.8582 us/op
WorkloadPilot    4: 23024 op, 96702941.00 ns, 4.2001 us/op
WorkloadPilot    5: 59536 op, 158437776.00 ns, 2.6612 us/op
WorkloadPilot    6: 93952 op, 247128619.00 ns, 2.6304 us/op
WorkloadPilot    7: 95056 op, 259908982.00 ns, 2.7343 us/op
WorkloadPilot    8: 91440 op, 245971663.00 ns, 2.6900 us/op
WorkloadPilot    9: 92944 op, 262323145.00 ns, 2.8224 us/op

OverheadWarmup   1: 92944 op, 361769.00 ns, 3.8923 ns/op
OverheadWarmup   2: 92944 op, 365737.00 ns, 3.9350 ns/op
OverheadWarmup   3: 92944 op, 373962.00 ns, 4.0235 ns/op
OverheadWarmup   4: 92944 op, 362270.00 ns, 3.8977 ns/op
OverheadWarmup   5: 92944 op, 371327.00 ns, 3.9952 ns/op
OverheadWarmup   6: 92944 op, 357662.00 ns, 3.8481 ns/op

OverheadActual   1: 92944 op, 349567.00 ns, 3.7610 ns/op
OverheadActual   2: 92944 op, 381096.00 ns, 4.1003 ns/op
OverheadActual   3: 92944 op, 368893.00 ns, 3.9690 ns/op
OverheadActual   4: 92944 op, 354796.00 ns, 3.8173 ns/op
OverheadActual   5: 92944 op, 342824.00 ns, 3.6885 ns/op
OverheadActual   6: 92944 op, 351409.00 ns, 3.7809 ns/op
OverheadActual   7: 92944 op, 339568.00 ns, 3.6535 ns/op
OverheadActual   8: 92944 op, 347934.00 ns, 3.7435 ns/op
OverheadActual   9: 92944 op, 356470.00 ns, 3.8353 ns/op

WorkloadWarmup   1: 92944 op, 257187139.00 ns, 2.7671 us/op
WorkloadWarmup   2: 92944 op, 254846363.00 ns, 2.7419 us/op
WorkloadWarmup   3: 92944 op, 255024127.00 ns, 2.7438 us/op
WorkloadWarmup   4: 92944 op, 249446682.00 ns, 2.6838 us/op
WorkloadWarmup   5: 92944 op, 239649502.00 ns, 2.5784 us/op

// BeforeActualRun
WorkloadActual   1: 92944 op, 256529555.00 ns, 2.7600 us/op
WorkloadActual   2: 92944 op, 287864554.00 ns, 3.0972 us/op
WorkloadActual   3: 92944 op, 267842681.00 ns, 2.8818 us/op
WorkloadActual   4: 92944 op, 256561945.00 ns, 2.7604 us/op
WorkloadActual   5: 92944 op, 259290480.00 ns, 2.7897 us/op
WorkloadActual   6: 92944 op, 256814088.00 ns, 2.7631 us/op
WorkloadActual   7: 92944 op, 264481348.00 ns, 2.8456 us/op
WorkloadActual   8: 92944 op, 255472458.00 ns, 2.7487 us/op

// AfterActualRun
WorkloadResult   1: 92944 op, 256178146.00 ns, 2.7563 us/op
WorkloadResult   2: 92944 op, 267491272.00 ns, 2.8780 us/op
WorkloadResult   3: 92944 op, 256210536.00 ns, 2.7566 us/op
WorkloadResult   4: 92944 op, 258939071.00 ns, 2.7860 us/op
WorkloadResult   5: 92944 op, 256462679.00 ns, 2.7593 us/op
WorkloadResult   6: 92944 op, 264129939.00 ns, 2.8418 us/op
WorkloadResult   7: 92944 op, 255121049.00 ns, 2.7449 us/op
// GC:  199 22 0 3341564288 92944
// Threading:  0 0 92944

// AfterAll
// Benchmark Process 3741 has exited with code 0.

Mean = 2.789 μs, StdErr = 0.019 μs (0.69%), N = 7, StdDev = 0.051 μs
Min = 2.745 μs, Q1 = 2.756 μs, Median = 2.759 μs, Q3 = 2.814 μs, Max = 2.878 μs
IQR = 0.057 μs, LowerFence = 2.670 μs, UpperFence = 2.900 μs
ConfidenceInterval = [2.674 μs; 2.904 μs] (CI 99.9%), Margin = 0.115 μs (4.13% of Mean)
Skewness = 0.72, Kurtosis = 1.62, MValue = 2

// ** Remained 8 (21.1 %) benchmark(s) to run. Estimated finish 2026-08-11 9:31 (0h 0m from now) **
// **************************
// Benchmark: ReadTypedRecords.TinyCsvParser: Quick(MaxRelativeError=0.05, Arguments=/p:MatrixMode=Benchmark, IterationTime=250ms, MaxIterationCount=12, MaxWarmupIterationCount=5, MinIterationCount=8, MinWarmupIterationCount=3)
// *** Execute ***
// Launch: 1 / 1
// Execute: dotnet Matrix.CsvProcessing-Quick-1.dll --anonymousPipes 135 136 --benchmarkName Matrix.CsvProcessing.Benchmarks.ReadTypedRecords.TinyCsvParser --job Quick --benchmarkId 30 in /home/runner/work/dotnet-matrix/dotnet-matrix/src/Matrix.CsvProcessing/bin/Benchmark/Release/net10.0/Matrix.CsvProcessing-Quick-1/bin/Release/net10.0
// Failed to set up high priority (Permission denied). In order to run benchmarks with high priority, make sure you have the right permissions.
// BeforeAnythingElse

// Benchmark Process Environment Information:
// BenchmarkDotNet v0.15.8
// Runtime=.NET 10.0.10 (10.0.10, 10.0.1026.32716), X64 RyuJIT x86-64-v3
// GC=Concurrent Workstation
// HardwareIntrinsics=AVX2+BMI1+BMI2+F16C+FMA+LZCNT+MOVBE,AVX,SSE3+SSSE3+SSE4.1+SSE4.2+POPCNT,X86Base+SSE+SSE2,AES+PCLMUL VectorSize=256
// Job: Quick(MaxRelativeError=0.05, IterationTime=250ms, MaxIterationCount=12, MaxWarmupIterationCount=5, MinIterationCount=8, MinWarmupIterationCount=3)

OverheadJitting  1: 1 op, 243458.00 ns, 243.4580 us/op
WorkloadJitting  1: 1 op, 32902704.00 ns, 32.9027 ms/op

WorkloadPilot    1: 4 op, 85591.00 ns, 21.3978 us/op
WorkloadPilot    2: 11683 op, 112376459.00 ns, 9.6188 us/op
WorkloadPilot    3: 25991 op, 255280092.00 ns, 9.8219 us/op
WorkloadPilot    4: 25453 op, 58785864.00 ns, 2.3096 us/op
WorkloadPilot    5: 108245 op, 200264143.00 ns, 1.8501 us/op
WorkloadPilot    6: 135128 op, 253742299.00 ns, 1.8778 us/op
WorkloadPilot    7: 133135 op, 254075445.00 ns, 1.9084 us/op

WorkloadWarmup   1: 133135 op, 253661869.00 ns, 1.9053 us/op
WorkloadWarmup   2: 133135 op, 252881563.00 ns, 1.8994 us/op
WorkloadWarmup   3: 133135 op, 250432002.00 ns, 1.8810 us/op
WorkloadWarmup   4: 133135 op, 247621344.00 ns, 1.8599 us/op
WorkloadWarmup   5: 133135 op, 246099986.00 ns, 1.8485 us/op

// BeforeActualRun
WorkloadActual   1: 133135 op, 245650011.00 ns, 1.8451 us/op
WorkloadActual   2: 133135 op, 247851897.00 ns, 1.8617 us/op
WorkloadActual   3: 133135 op, 248658682.00 ns, 1.8677 us/op
WorkloadActual   4: 133135 op, 249435201.00 ns, 1.8736 us/op
WorkloadActual   5: 133135 op, 248180794.00 ns, 1.8641 us/op
WorkloadActual   6: 133135 op, 247563952.00 ns, 1.8595 us/op
WorkloadActual   7: 133135 op, 244800648.00 ns, 1.8387 us/op
WorkloadActual   8: 133135 op, 246234531.00 ns, 1.8495 us/op

// AfterActualRun
WorkloadResult   1: 133135 op, 245650011.00 ns, 1.8451 us/op
WorkloadResult   2: 133135 op, 247851897.00 ns, 1.8617 us/op
WorkloadResult   3: 133135 op, 248658682.00 ns, 1.8677 us/op
WorkloadResult   4: 133135 op, 249435201.00 ns, 1.8736 us/op
WorkloadResult   5: 133135 op, 248180794.00 ns, 1.8641 us/op
WorkloadResult   6: 133135 op, 247563952.00 ns, 1.8595 us/op
WorkloadResult   7: 133135 op, 244800648.00 ns, 1.8387 us/op
WorkloadResult   8: 133135 op, 246234531.00 ns, 1.8495 us/op
// GC:  43 0 0 722124240 133135
// Threading:  0 0 133135

// AfterAll
// Benchmark Process 3751 has exited with code 0.

Mean = 1.857 μs, StdErr = 0.004 μs (0.23%), N = 8, StdDev = 0.012 μs
Min = 1.839 μs, Q1 = 1.848 μs, Median = 1.861 μs, Q3 = 1.865 μs, Max = 1.874 μs
IQR = 0.017 μs, LowerFence = 1.823 μs, UpperFence = 1.890 μs
ConfidenceInterval = [1.835 μs; 1.880 μs] (CI 99.9%), Margin = 0.023 μs (1.23% of Mean)
Skewness = -0.25, Kurtosis = 1.42, MValue = 2

// ** Remained 7 (18.4 %) benchmark(s) to run. Estimated finish 2026-08-11 9:31 (0h 0m from now) **
// ***** BenchmarkRunner: Finish  *****

// * Export *
  tmp/dotnet-matrix/CsvProcessing/7de710fc59af43c49ed6793a18b75839/results/Matrix.CsvProcessing.Benchmarks.ReadTypedRecords-report.csv
  tmp/dotnet-matrix/CsvProcessing/7de710fc59af43c49ed6793a18b75839/results/Matrix.CsvProcessing.Benchmarks.ReadTypedRecords-report-github.md
  tmp/dotnet-matrix/CsvProcessing/7de710fc59af43c49ed6793a18b75839/results/Matrix.CsvProcessing.Benchmarks.ReadTypedRecords-report.html
  tmp/dotnet-matrix/CsvProcessing/7de710fc59af43c49ed6793a18b75839/results/Matrix.CsvProcessing.Benchmarks.ReadTypedRecords-report-full.json

// * Detailed results *
ReadTypedRecords.Sep: Quick(MaxRelativeError=0.05, Arguments=/p:MatrixMode=Benchmark, IterationTime=250ms, MaxIterationCount=12, MaxWarmupIterationCount=5, MinIterationCount=8, MinWarmupIterationCount=3)
Runtime = .NET 10.0.10 (10.0.10, 10.0.1026.32716), X64 RyuJIT x86-64-v3; GC = Concurrent Workstation
Mean = 875.746 ns, StdErr = 4.757 ns (0.54%), N = 7, StdDev = 12.586 ns
Min = 868.016 ns, Q1 = 868.487 ns, Median = 870.623 ns, Q3 = 876.236 ns, Max = 902.139 ns
IQR = 7.749 ns, LowerFence = 856.864 ns, UpperFence = 887.859 ns
ConfidenceInterval = [847.400 ns; 904.092 ns] (CI 99.9%), Margin = 28.346 ns (3.24% of Mean)
Skewness = 1.23, Kurtosis = 2.83, MValue = 2
-------------------- Histogram --------------------
[866.156 ns ; 910.774 ns) | @@@@@@@
---------------------------------------------------

ReadTypedRecords.TinyCsvParser: Quick(MaxRelativeError=0.05, Arguments=/p:MatrixMode=Benchmark, IterationTime=250ms, MaxIterationCount=12, MaxWarmupIterationCount=5, MinIterationCount=8, MinWarmupIterationCount=3)
Runtime = .NET 10.0.10 (10.0.10, 10.0.1026.32716), X64 RyuJIT x86-64-v3; GC = Concurrent Workstation
Mean = 1.857 μs, StdErr = 0.004 μs (0.23%), N = 8, StdDev = 0.012 μs
Min = 1.839 μs, Q1 = 1.848 μs, Median = 1.861 μs, Q3 = 1.865 μs, Max = 1.874 μs
IQR = 0.017 μs, LowerFence = 1.823 μs, UpperFence = 1.890 μs
ConfidenceInterval = [1.835 μs; 1.880 μs] (CI 99.9%), Margin = 0.023 μs (1.23% of Mean)
Skewness = -0.25, Kurtosis = 1.42, MValue = 2
-------------------- Histogram --------------------
[1.831 μs ; 1.881 μs) | @@@@@@@@
---------------------------------------------------

ReadTypedRecords.Sylvan: Quick(MaxRelativeError=0.05, Arguments=/p:MatrixMode=Benchmark, IterationTime=250ms, MaxIterationCount=12, MaxWarmupIterationCount=5, MinIterationCount=8, MinWarmupIterationCount=3)
Runtime = .NET 10.0.10 (10.0.10, 10.0.1026.32716), X64 RyuJIT x86-64-v3; GC = Concurrent Workstation
Mean = 2.789 μs, StdErr = 0.019 μs (0.69%), N = 7, StdDev = 0.051 μs
Min = 2.745 μs, Q1 = 2.756 μs, Median = 2.759 μs, Q3 = 2.814 μs, Max = 2.878 μs
IQR = 0.057 μs, LowerFence = 2.670 μs, UpperFence = 2.900 μs
ConfidenceInterval = [2.674 μs; 2.904 μs] (CI 99.9%), Margin = 0.115 μs (4.13% of Mean)
Skewness = 0.72, Kurtosis = 1.62, MValue = 2
-------------------- Histogram --------------------
[2.730 μs ; 2.825 μs) | @@@@@
[2.825 μs ; 2.895 μs) | @@
---------------------------------------------------

ReadTypedRecords.CsvHelper: Quick(MaxRelativeError=0.05, Arguments=/p:MatrixMode=Benchmark, IterationTime=250ms, MaxIterationCount=12, MaxWarmupIterationCount=5, MinIterationCount=8, MinWarmupIterationCount=3)
Runtime = .NET 10.0.10 (10.0.10, 10.0.1026.32716), X64 RyuJIT x86-64-v3; GC = Concurrent Workstation
Mean = 782.390 μs, StdErr = 20.960 μs (2.68%), N = 12, StdDev = 72.607 μs
Min = 715.872 μs, Q1 = 727.785 μs, Median = 749.788 μs, Q3 = 826.149 μs, Max = 921.208 μs
IQR = 98.364 μs, LowerFence = 580.238 μs, UpperFence = 973.696 μs
ConfidenceInterval = [689.392 μs; 875.388 μs] (CI 99.9%), Margin = 92.998 μs (11.89% of Mean)
Skewness = 0.74, Kurtosis = 1.88, MValue = 2.5
-------------------- Histogram --------------------
[706.688 μs ; 789.937 μs) | @@@@@@@@
[789.937 μs ; 845.870 μs) | @
[845.870 μs ; 929.119 μs) | @@@
---------------------------------------------------

// * Summary *

BenchmarkDotNet v0.15.8, Linux Ubuntu 24.04.4 LTS (Noble Numbat)
AMD EPYC 7763 2.45GHz, 1 CPU, 4 logical and 2 physical cores
.NET SDK 10.0.302
  [Host] : .NET 10.0.10 (10.0.10, 10.0.1026.32716), X64 RyuJIT x86-64-v3
  Quick  : .NET 10.0.10 (10.0.10, 10.0.1026.32716), X64 RyuJIT x86-64-v3

Job=Quick  MaxRelativeError=0.05  Arguments=/p:MatrixMode=Benchmark  
IterationTime=250ms  MaxIterationCount=12  MaxWarmupIterationCount=5  
MinIterationCount=8  MinWarmupIterationCount=3  

| Method        | Mean         | Error        | StdDev       | Gen0   | Gen1   | Allocated |
|-------------- |-------------:|-------------:|-------------:|-------:|-------:|----------:|
| Sep           |     875.7 ns |     28.35 ns |     12.59 ns | 0.1027 |      - |    1.7 KB |
| TinyCsvParser |   1,857.5 ns |     22.81 ns |     11.93 ns | 0.3230 |      - |    5.3 KB |
| Sylvan        |   2,789.0 ns |    115.08 ns |     51.09 ns | 2.1411 | 0.2367 |  35.11 KB |
| CsvHelper     | 782,389.5 ns | 92,998.02 ns | 72,606.74 ns |      - |      - |  53.61 KB |

// * Hints *
Outliers
  ReadTypedRecords.Sep: Quick    -> 1 outlier  was  removed (939.07 ns)
  ReadTypedRecords.Sylvan: Quick -> 1 outlier  was  removed (3.10 μs)

// * Legends *
  Mean      : Arithmetic mean of all measurements
  Error     : Half of 99.9% confidence interval
  StdDev    : Standard deviation of all measurements
  Gen0      : GC Generation 0 collects per 1000 operations
  Gen1      : GC Generation 1 collects per 1000 operations
  Allocated : Allocated memory per single operation (managed only, inclusive, 1KB = 1024B)
  1 ns      : 1 Nanosecond (0.000000001 sec)

// * Diagnostic Output - MemoryDiagnoser *


// ***** BenchmarkRunner: End *****
Run time: 00:00:21 (21.81 sec), executed benchmarks: 4

// Found 4 benchmarks:
//   StreamingRead.CsvHelper: Quick(MaxRelativeError=0.05, Arguments=/p:MatrixMode=Benchmark, IterationTime=250ms, MaxIterationCount=12, MaxWarmupIterationCount=5, MinIterationCount=8, MinWarmupIterationCount=3)
//   StreamingRead.Sep: Quick(MaxRelativeError=0.05, Arguments=/p:MatrixMode=Benchmark, IterationTime=250ms, MaxIterationCount=12, MaxWarmupIterationCount=5, MinIterationCount=8, MinWarmupIterationCount=3)
//   StreamingRead.Sylvan: Quick(MaxRelativeError=0.05, Arguments=/p:MatrixMode=Benchmark, IterationTime=250ms, MaxIterationCount=12, MaxWarmupIterationCount=5, MinIterationCount=8, MinWarmupIterationCount=3)
//   StreamingRead.TinyCsvParser: Quick(MaxRelativeError=0.05, Arguments=/p:MatrixMode=Benchmark, IterationTime=250ms, MaxIterationCount=12, MaxWarmupIterationCount=5, MinIterationCount=8, MinWarmupIterationCount=3)

// **************************
// Benchmark: StreamingRead.CsvHelper: Quick(MaxRelativeError=0.05, Arguments=/p:MatrixMode=Benchmark, IterationTime=250ms, MaxIterationCount=12, MaxWarmupIterationCount=5, MinIterationCount=8, MinWarmupIterationCount=3)
// *** Execute ***
// Launch: 1 / 1
// Execute: dotnet Matrix.CsvProcessing-Quick-1.dll --anonymousPipes 135 136 --benchmarkName Matrix.CsvProcessing.Benchmarks.StreamingRead.CsvHelper --job Quick --benchmarkId 31 in /home/runner/work/dotnet-matrix/dotnet-matrix/src/Matrix.CsvProcessing/bin/Benchmark/Release/net10.0/Matrix.CsvProcessing-Quick-1/bin/Release/net10.0
// Failed to set up high priority (Permission denied). In order to run benchmarks with high priority, make sure you have the right permissions.
// BeforeAnythingElse

// Benchmark Process Environment Information:
// BenchmarkDotNet v0.15.8
// Runtime=.NET 10.0.10 (10.0.10, 10.0.1026.32716), X64 RyuJIT x86-64-v3
// GC=Concurrent Workstation
// HardwareIntrinsics=AVX2+BMI1+BMI2+F16C+FMA+LZCNT+MOVBE,AVX,SSE3+SSSE3+SSE4.1+SSE4.2+POPCNT,X86Base+SSE+SSE2,AES+PCLMUL VectorSize=256
// Job: Quick(MaxRelativeError=0.05, IterationTime=250ms, MaxIterationCount=12, MaxWarmupIterationCount=5, MinIterationCount=8, MinWarmupIterationCount=3)

OverheadJitting  1: 1 op, 218260.00 ns, 218.2600 us/op
WorkloadJitting  1: 1 op, 38472429.00 ns, 38.4724 ms/op

WorkloadPilot    1: 4 op, 68298931.00 ns, 17.0747 ms/op
WorkloadPilot    2: 15 op, 285485611.00 ns, 19.0324 ms/op
WorkloadPilot    3: 13 op, 211923667.00 ns, 16.3018 ms/op
WorkloadPilot    4: 15 op, 92846208.00 ns, 6.1897 ms/op
WorkloadPilot    5: 40 op, 172547111.00 ns, 4.3137 ms/op
WorkloadPilot    6: 58 op, 246025938.00 ns, 4.2418 ms/op

WorkloadWarmup   1: 58 op, 232834367.00 ns, 4.0144 ms/op
WorkloadWarmup   2: 58 op, 232917081.00 ns, 4.0158 ms/op
WorkloadWarmup   3: 58 op, 232624733.00 ns, 4.0108 ms/op
WorkloadWarmup   4: 58 op, 232579718.00 ns, 4.0100 ms/op
WorkloadWarmup   5: 58 op, 232733076.00 ns, 4.0126 ms/op

// BeforeActualRun
WorkloadActual   1: 58 op, 232923715.00 ns, 4.0159 ms/op
WorkloadActual   2: 58 op, 232842602.00 ns, 4.0145 ms/op
WorkloadActual   3: 58 op, 231408950.00 ns, 3.9898 ms/op
WorkloadActual   4: 58 op, 231778554.00 ns, 3.9962 ms/op
WorkloadActual   5: 58 op, 232387988.00 ns, 4.0067 ms/op
WorkloadActual   6: 58 op, 244761566.00 ns, 4.2200 ms/op
WorkloadActual   7: 58 op, 231265249.00 ns, 3.9873 ms/op
WorkloadActual   8: 58 op, 231640734.00 ns, 3.9938 ms/op

// AfterActualRun
WorkloadResult   1: 58 op, 232923715.00 ns, 4.0159 ms/op
WorkloadResult   2: 58 op, 232842602.00 ns, 4.0145 ms/op
WorkloadResult   3: 58 op, 231408950.00 ns, 3.9898 ms/op
WorkloadResult   4: 58 op, 231778554.00 ns, 3.9962 ms/op
WorkloadResult   5: 58 op, 232387988.00 ns, 4.0067 ms/op
WorkloadResult   6: 58 op, 231265249.00 ns, 3.9873 ms/op
WorkloadResult   7: 58 op, 231640734.00 ns, 3.9938 ms/op
// GC:  7 0 0 131272096 58
// Threading:  0 0 58

// AfterAll
// Benchmark Process 3761 has exited with code 0.

Mean = 4.001 ms, StdErr = 0.004 ms (0.11%), N = 7, StdDev = 0.012 ms
Min = 3.987 ms, Q1 = 3.992 ms, Median = 3.996 ms, Q3 = 4.011 ms, Max = 4.016 ms
IQR = 0.019 ms, LowerFence = 3.964 ms, UpperFence = 4.039 ms
ConfidenceInterval = [3.974 ms; 4.027 ms] (CI 99.9%), Margin = 0.026 ms (0.66% of Mean)
Skewness = 0.22, Kurtosis = 1.07, MValue = 2

// ** Remained 6 (15.8 %) benchmark(s) to run. Estimated finish 2026-08-11 9:31 (0h 0m from now) **
// **************************
// Benchmark: StreamingRead.Sep: Quick(MaxRelativeError=0.05, Arguments=/p:MatrixMode=Benchmark, IterationTime=250ms, MaxIterationCount=12, MaxWarmupIterationCount=5, MinIterationCount=8, MinWarmupIterationCount=3)
// *** Execute ***
// Launch: 1 / 1
// Execute: dotnet Matrix.CsvProcessing-Quick-1.dll --anonymousPipes 135 136 --benchmarkName Matrix.CsvProcessing.Benchmarks.StreamingRead.Sep --job Quick --benchmarkId 32 in /home/runner/work/dotnet-matrix/dotnet-matrix/src/Matrix.CsvProcessing/bin/Benchmark/Release/net10.0/Matrix.CsvProcessing-Quick-1/bin/Release/net10.0
// Failed to set up high priority (Permission denied). In order to run benchmarks with high priority, make sure you have the right permissions.
// BeforeAnythingElse

// Benchmark Process Environment Information:
// BenchmarkDotNet v0.15.8
// Runtime=.NET 10.0.10 (10.0.10, 10.0.1026.32716), X64 RyuJIT x86-64-v3
// GC=Concurrent Workstation
// HardwareIntrinsics=AVX2+BMI1+BMI2+F16C+FMA+LZCNT+MOVBE,AVX,SSE3+SSSE3+SSE4.1+SSE4.2+POPCNT,X86Base+SSE+SSE2,AES+PCLMUL VectorSize=256
// Job: Quick(MaxRelativeError=0.05, IterationTime=250ms, MaxIterationCount=12, MaxWarmupIterationCount=5, MinIterationCount=8, MinWarmupIterationCount=3)

OverheadJitting  1: 1 op, 225183.00 ns, 225.1830 us/op
WorkloadJitting  1: 1 op, 30084256.00 ns, 30.0843 ms/op

WorkloadPilot    1: 4 op, 5187161.00 ns, 1.2968 ms/op
WorkloadPilot    2: 193 op, 280571332.00 ns, 1.4537 ms/op
WorkloadPilot    3: 172 op, 170133959.00 ns, 989.1509 us/op
WorkloadPilot    4: 253 op, 243062474.00 ns, 960.7212 us/op
WorkloadPilot    5: 260 op, 248766005.00 ns, 956.7923 us/op

WorkloadWarmup   1: 260 op, 249747898.00 ns, 960.5688 us/op
WorkloadWarmup   2: 260 op, 248278769.00 ns, 954.9183 us/op
WorkloadWarmup   3: 260 op, 249458275.00 ns, 959.4549 us/op
WorkloadWarmup   4: 260 op, 251480762.00 ns, 967.2337 us/op
WorkloadWarmup   5: 260 op, 248869439.00 ns, 957.1902 us/op

// BeforeActualRun
WorkloadActual   1: 260 op, 249481825.00 ns, 959.5455 us/op
WorkloadActual   2: 260 op, 248680535.00 ns, 956.4636 us/op
WorkloadActual   3: 260 op, 248776747.00 ns, 956.8336 us/op
WorkloadActual   4: 260 op, 248616825.00 ns, 956.2186 us/op
WorkloadActual   5: 260 op, 250554273.00 ns, 963.6703 us/op
WorkloadActual   6: 260 op, 248430095.00 ns, 955.5004 us/op
WorkloadActual   7: 260 op, 249761765.00 ns, 960.6222 us/op
WorkloadActual   8: 260 op, 250202374.00 ns, 962.3168 us/op

// AfterActualRun
WorkloadResult   1: 260 op, 249481825.00 ns, 959.5455 us/op
WorkloadResult   2: 260 op, 248680535.00 ns, 956.4636 us/op
WorkloadResult   3: 260 op, 248776747.00 ns, 956.8336 us/op
WorkloadResult   4: 260 op, 248616825.00 ns, 956.2186 us/op
WorkloadResult   5: 260 op, 250554273.00 ns, 963.6703 us/op
WorkloadResult   6: 260 op, 248430095.00 ns, 955.5004 us/op
WorkloadResult   7: 260 op, 249761765.00 ns, 960.6222 us/op
WorkloadResult   8: 260 op, 250202374.00 ns, 962.3168 us/op
// GC:  0 0 0 355680 260
// Threading:  0 0 260

// AfterAll
// Benchmark Process 3772 has exited with code 0.

Mean = 958.896 μs, StdErr = 1.092 μs (0.11%), N = 8, StdDev = 3.088 μs
Min = 955.500 μs, Q1 = 956.402 μs, Median = 958.190 μs, Q3 = 961.046 μs, Max = 963.670 μs
IQR = 4.643 μs, LowerFence = 949.437 μs, UpperFence = 968.011 μs
ConfidenceInterval = [952.991 μs; 964.801 μs] (CI 99.9%), Margin = 5.905 μs (0.62% of Mean)
Skewness = 0.31, Kurtosis = 1.24, MValue = 2

// ** Remained 5 (13.2 %) benchmark(s) to run. Estimated finish 2026-08-11 9:31 (0h 0m from now) **
// **************************
// Benchmark: StreamingRead.Sylvan: Quick(MaxRelativeError=0.05, Arguments=/p:MatrixMode=Benchmark, IterationTime=250ms, MaxIterationCount=12, MaxWarmupIterationCount=5, MinIterationCount=8, MinWarmupIterationCount=3)
// *** Execute ***
// Launch: 1 / 1
// Execute: dotnet Matrix.CsvProcessing-Quick-1.dll --anonymousPipes 135 136 --benchmarkName Matrix.CsvProcessing.Benchmarks.StreamingRead.Sylvan --job Quick --benchmarkId 33 in /home/runner/work/dotnet-matrix/dotnet-matrix/src/Matrix.CsvProcessing/bin/Benchmark/Release/net10.0/Matrix.CsvProcessing-Quick-1/bin/Release/net10.0
// Failed to set up high priority (Permission denied). In order to run benchmarks with high priority, make sure you have the right permissions.
// BeforeAnythingElse

// Benchmark Process Environment Information:
// BenchmarkDotNet v0.15.8
// Runtime=.NET 10.0.10 (10.0.10, 10.0.1026.32716), X64 RyuJIT x86-64-v3
// GC=Concurrent Workstation
// HardwareIntrinsics=AVX2+BMI1+BMI2+F16C+FMA+LZCNT+MOVBE,AVX,SSE3+SSSE3+SSE4.1+SSE4.2+POPCNT,X86Base+SSE+SSE2,AES+PCLMUL VectorSize=256
// Job: Quick(MaxRelativeError=0.05, IterationTime=250ms, MaxIterationCount=12, MaxWarmupIterationCount=5, MinIterationCount=8, MinWarmupIterationCount=3)

OverheadJitting  1: 1 op, 231324.00 ns, 231.3240 us/op
WorkloadJitting  1: 1 op, 28059954.00 ns, 28.0600 ms/op

WorkloadPilot    1: 4 op, 11593832.00 ns, 2.8985 ms/op
WorkloadPilot    2: 86 op, 250084762.00 ns, 2.9080 ms/op

WorkloadWarmup   1: 86 op, 163245988.00 ns, 1.8982 ms/op
WorkloadWarmup   2: 86 op, 83227552.00 ns, 967.7622 us/op
WorkloadWarmup   3: 86 op, 83152162.00 ns, 966.8856 us/op
WorkloadWarmup   4: 86 op, 83124268.00 ns, 966.5613 us/op
WorkloadWarmup   5: 86 op, 87340476.00 ns, 1.0156 ms/op

// BeforeActualRun
WorkloadActual   1: 86 op, 72153838.00 ns, 838.9981 us/op
WorkloadActual   2: 86 op, 72340788.00 ns, 841.1720 us/op
WorkloadActual   3: 86 op, 72256250.00 ns, 840.1890 us/op
WorkloadActual   4: 86 op, 72246481.00 ns, 840.0754 us/op
WorkloadActual   5: 86 op, 72181269.00 ns, 839.3171 us/op
WorkloadActual   6: 86 op, 72184755.00 ns, 839.3576 us/op
WorkloadActual   7: 86 op, 72990498.00 ns, 848.7267 us/op
WorkloadActual   8: 86 op, 72562425.00 ns, 843.7491 us/op

// AfterActualRun
WorkloadResult   1: 86 op, 72153838.00 ns, 838.9981 us/op
WorkloadResult   2: 86 op, 72340788.00 ns, 841.1720 us/op
WorkloadResult   3: 86 op, 72256250.00 ns, 840.1890 us/op
WorkloadResult   4: 86 op, 72246481.00 ns, 840.0754 us/op
WorkloadResult   5: 86 op, 72181269.00 ns, 839.3171 us/op
WorkloadResult   6: 86 op, 72184755.00 ns, 839.3576 us/op
WorkloadResult   7: 86 op, 72562425.00 ns, 843.7491 us/op
// GC:  0 0 0 3060432 86
// Threading:  0 0 86

// AfterAll
// Benchmark Process 3781 has exited with code 0.

Mean = 840.408 μs, StdErr = 0.621 μs (0.07%), N = 7, StdDev = 1.642 μs
Min = 838.998 μs, Q1 = 839.337 μs, Median = 840.075 μs, Q3 = 840.680 μs, Max = 843.749 μs
IQR = 1.343 μs, LowerFence = 837.323 μs, UpperFence = 842.695 μs
ConfidenceInterval = [836.709 μs; 844.108 μs] (CI 99.9%), Margin = 3.699 μs (0.44% of Mean)
Skewness = 1.05, Kurtosis = 2.58, MValue = 2

// ** Remained 4 (10.5 %) benchmark(s) to run. Estimated finish 2026-08-11 9:31 (0h 0m from now) **
// **************************
// Benchmark: StreamingRead.TinyCsvParser: Quick(MaxRelativeError=0.05, Arguments=/p:MatrixMode=Benchmark, IterationTime=250ms, MaxIterationCount=12, MaxWarmupIterationCount=5, MinIterationCount=8, MinWarmupIterationCount=3)
// *** Execute ***
// Launch: 1 / 1
// Execute: dotnet Matrix.CsvProcessing-Quick-1.dll --anonymousPipes 135 136 --benchmarkName Matrix.CsvProcessing.Benchmarks.StreamingRead.TinyCsvParser --job Quick --benchmarkId 34 in /home/runner/work/dotnet-matrix/dotnet-matrix/src/Matrix.CsvProcessing/bin/Benchmark/Release/net10.0/Matrix.CsvProcessing-Quick-1/bin/Release/net10.0
// Failed to set up high priority (Permission denied). In order to run benchmarks with high priority, make sure you have the right permissions.
// BeforeAnythingElse

// Benchmark Process Environment Information:
// BenchmarkDotNet v0.15.8
// Runtime=.NET 10.0.10 (10.0.10, 10.0.1026.32716), X64 RyuJIT x86-64-v3
// GC=Concurrent Workstation
// HardwareIntrinsics=AVX2+BMI1+BMI2+F16C+FMA+LZCNT+MOVBE,AVX,SSE3+SSSE3+SSE4.1+SSE4.2+POPCNT,X86Base+SSE+SSE2,AES+PCLMUL VectorSize=256
// Job: Quick(MaxRelativeError=0.05, IterationTime=250ms, MaxIterationCount=12, MaxWarmupIterationCount=5, MinIterationCount=8, MinWarmupIterationCount=3)

OverheadJitting  1: 1 op, 219121.00 ns, 219.1210 us/op
WorkloadJitting  1: 1 op, 55186164.00 ns, 55.1862 ms/op

WorkloadPilot    1: 4 op, 77238947.00 ns, 19.3097 ms/op
WorkloadPilot    2: 13 op, 260089740.00 ns, 20.0069 ms/op

WorkloadWarmup   1: 13 op, 165180341.00 ns, 12.7062 ms/op
WorkloadWarmup   2: 13 op, 81986361.00 ns, 6.3066 ms/op
WorkloadWarmup   3: 13 op, 42577526.00 ns, 3.2752 ms/op
WorkloadWarmup   4: 13 op, 42107543.00 ns, 3.2390 ms/op
WorkloadWarmup   5: 13 op, 42432483.00 ns, 3.2640 ms/op

// BeforeActualRun
WorkloadActual   1: 13 op, 44486421.00 ns, 3.4220 ms/op
WorkloadActual   2: 13 op, 40688249.00 ns, 3.1299 ms/op
WorkloadActual   3: 13 op, 42216849.00 ns, 3.2474 ms/op
WorkloadActual   4: 13 op, 40984915.00 ns, 3.1527 ms/op
WorkloadActual   5: 13 op, 40976680.00 ns, 3.1521 ms/op
WorkloadActual   6: 13 op, 40838461.00 ns, 3.1414 ms/op
WorkloadActual   7: 13 op, 42044465.00 ns, 3.2342 ms/op
WorkloadActual   8: 13 op, 42074992.00 ns, 3.2365 ms/op

// AfterActualRun
WorkloadResult   1: 13 op, 40688249.00 ns, 3.1299 ms/op
WorkloadResult   2: 13 op, 42216849.00 ns, 3.2474 ms/op
WorkloadResult   3: 13 op, 40984915.00 ns, 3.1527 ms/op
WorkloadResult   4: 13 op, 40976680.00 ns, 3.1521 ms/op
WorkloadResult   5: 13 op, 40838461.00 ns, 3.1414 ms/op
WorkloadResult   6: 13 op, 42044465.00 ns, 3.2342 ms/op
WorkloadResult   7: 13 op, 42074992.00 ns, 3.2365 ms/op
// GC:  2 1 1 37537600 13
// Threading:  0 0 13

// AfterAll
// Benchmark Process 3789 has exited with code 0.

Mean = 3.185 ms, StdErr = 0.020 ms (0.61%), N = 7, StdDev = 0.052 ms
Min = 3.130 ms, Q1 = 3.147 ms, Median = 3.153 ms, Q3 = 3.235 ms, Max = 3.247 ms
IQR = 0.089 ms, LowerFence = 3.014 ms, UpperFence = 3.368 ms
ConfidenceInterval = [3.068 ms; 3.301 ms] (CI 99.9%), Margin = 0.116 ms (3.66% of Mean)
Skewness = 0.19, Kurtosis = 0.87, MValue = 2

// ** Remained 3 (7.9 %) benchmark(s) to run. Estimated finish 2026-08-11 9:31 (0h 0m from now) **
// ***** BenchmarkRunner: Finish  *****

// * Export *
  tmp/dotnet-matrix/CsvProcessing/7de710fc59af43c49ed6793a18b75839/results/Matrix.CsvProcessing.Benchmarks.StreamingRead-report.csv
  tmp/dotnet-matrix/CsvProcessing/7de710fc59af43c49ed6793a18b75839/results/Matrix.CsvProcessing.Benchmarks.StreamingRead-report-github.md
  tmp/dotnet-matrix/CsvProcessing/7de710fc59af43c49ed6793a18b75839/results/Matrix.CsvProcessing.Benchmarks.StreamingRead-report.html
  tmp/dotnet-matrix/CsvProcessing/7de710fc59af43c49ed6793a18b75839/results/Matrix.CsvProcessing.Benchmarks.StreamingRead-report-full.json

// * Detailed results *
StreamingRead.Sylvan: Quick(MaxRelativeError=0.05, Arguments=/p:MatrixMode=Benchmark, IterationTime=250ms, MaxIterationCount=12, MaxWarmupIterationCount=5, MinIterationCount=8, MinWarmupIterationCount=3)
Runtime = .NET 10.0.10 (10.0.10, 10.0.1026.32716), X64 RyuJIT x86-64-v3; GC = Concurrent Workstation
Mean = 840.408 μs, StdErr = 0.621 μs (0.07%), N = 7, StdDev = 1.642 μs
Min = 838.998 μs, Q1 = 839.337 μs, Median = 840.075 μs, Q3 = 840.680 μs, Max = 843.749 μs
IQR = 1.343 μs, LowerFence = 837.323 μs, UpperFence = 842.695 μs
ConfidenceInterval = [836.709 μs; 844.108 μs] (CI 99.9%), Margin = 3.699 μs (0.44% of Mean)
Skewness = 1.05, Kurtosis = 2.58, MValue = 2
-------------------- Histogram --------------------
[837.871 μs ; 844.876 μs) | @@@@@@@
---------------------------------------------------

StreamingRead.Sep: Quick(MaxRelativeError=0.05, Arguments=/p:MatrixMode=Benchmark, IterationTime=250ms, MaxIterationCount=12, MaxWarmupIterationCount=5, MinIterationCount=8, MinWarmupIterationCount=3)
Runtime = .NET 10.0.10 (10.0.10, 10.0.1026.32716), X64 RyuJIT x86-64-v3; GC = Concurrent Workstation
Mean = 958.896 μs, StdErr = 1.092 μs (0.11%), N = 8, StdDev = 3.088 μs
Min = 955.500 μs, Q1 = 956.402 μs, Median = 958.190 μs, Q3 = 961.046 μs, Max = 963.670 μs
IQR = 4.643 μs, LowerFence = 949.437 μs, UpperFence = 968.011 μs
ConfidenceInterval = [952.991 μs; 964.801 μs] (CI 99.9%), Margin = 5.905 μs (0.62% of Mean)
Skewness = 0.31, Kurtosis = 1.24, MValue = 2
-------------------- Histogram --------------------
[953.474 μs ; 965.697 μs) | @@@@@@@@
---------------------------------------------------

StreamingRead.TinyCsvParser: Quick(MaxRelativeError=0.05, Arguments=/p:MatrixMode=Benchmark, IterationTime=250ms, MaxIterationCount=12, MaxWarmupIterationCount=5, MinIterationCount=8, MinWarmupIterationCount=3)
Runtime = .NET 10.0.10 (10.0.10, 10.0.1026.32716), X64 RyuJIT x86-64-v3; GC = Concurrent Workstation
Mean = 3.185 ms, StdErr = 0.020 ms (0.61%), N = 7, StdDev = 0.052 ms
Min = 3.130 ms, Q1 = 3.147 ms, Median = 3.153 ms, Q3 = 3.235 ms, Max = 3.247 ms
IQR = 0.089 ms, LowerFence = 3.014 ms, UpperFence = 3.368 ms
ConfidenceInterval = [3.068 ms; 3.301 ms] (CI 99.9%), Margin = 0.116 ms (3.66% of Mean)
Skewness = 0.19, Kurtosis = 0.87, MValue = 2
-------------------- Histogram --------------------
[3.106 ms ; 3.205 ms) | @@@@
[3.205 ms ; 3.283 ms) | @@@
---------------------------------------------------

StreamingRead.CsvHelper: Quick(MaxRelativeError=0.05, Arguments=/p:MatrixMode=Benchmark, IterationTime=250ms, MaxIterationCount=12, MaxWarmupIterationCount=5, MinIterationCount=8, MinWarmupIterationCount=3)
Runtime = .NET 10.0.10 (10.0.10, 10.0.1026.32716), X64 RyuJIT x86-64-v3; GC = Concurrent Workstation
Mean = 4.001 ms, StdErr = 0.004 ms (0.11%), N = 7, StdDev = 0.012 ms
Min = 3.987 ms, Q1 = 3.992 ms, Median = 3.996 ms, Q3 = 4.011 ms, Max = 4.016 ms
IQR = 0.019 ms, LowerFence = 3.964 ms, UpperFence = 4.039 ms
ConfidenceInterval = [3.974 ms; 4.027 ms] (CI 99.9%), Margin = 0.026 ms (0.66% of Mean)
Skewness = 0.22, Kurtosis = 1.07, MValue = 2
-------------------- Histogram --------------------
[3.979 ms ; 4.024 ms) | @@@@@@@
---------------------------------------------------

// * Summary *

BenchmarkDotNet v0.15.8, Linux Ubuntu 24.04.4 LTS (Noble Numbat)
AMD EPYC 7763 2.45GHz, 1 CPU, 4 logical and 2 physical cores
.NET SDK 10.0.302
  [Host] : .NET 10.0.10 (10.0.10, 10.0.1026.32716), X64 RyuJIT x86-64-v3
  Quick  : .NET 10.0.10 (10.0.10, 10.0.1026.32716), X64 RyuJIT x86-64-v3

Job=Quick  MaxRelativeError=0.05  Arguments=/p:MatrixMode=Benchmark  
IterationTime=250ms  MaxIterationCount=12  MaxWarmupIterationCount=5  
MinIterationCount=8  MinWarmupIterationCount=3  

| Method        | Mean       | Error     | StdDev   | Gen0     | Gen1    | Gen2    | Allocated  |
|-------------- |-----------:|----------:|---------:|---------:|--------:|--------:|-----------:|
| Sylvan        |   840.4 μs |   3.70 μs |  1.64 μs |        - |       - |       - |   34.75 KB |
| Sep           |   958.9 μs |   5.90 μs |  3.09 μs |        - |       - |       - |    1.34 KB |
| TinyCsvParser | 3,184.9 μs | 116.47 μs | 51.71 μs | 153.8462 | 76.9231 | 76.9231 | 2819.83 KB |
| CsvHelper     | 4,000.6 μs |  26.40 μs | 11.72 μs | 120.6897 |       - |       - | 2210.27 KB |

// * Warnings *
MinIterationTime
  StreamingRead.Sylvan: Quick        -> The minimum observed iteration time is 72.154ms which is very small. It's recommended to increase it to at least 100ms using more operations.
  StreamingRead.TinyCsvParser: Quick -> The minimum observed iteration time is 40.688ms which is very small. It's recommended to increase it to at least 100ms using more operations.

// * Hints *
Outliers
  StreamingRead.Sylvan: Quick        -> 1 outlier  was  removed (848.73 μs)
  StreamingRead.TinyCsvParser: Quick -> 1 outlier  was  removed (3.42 ms)
  StreamingRead.CsvHelper: Quick     -> 1 outlier  was  removed (4.22 ms)

// * Legends *
  Mean      : Arithmetic mean of all measurements
  Error     : Half of 99.9% confidence interval
  StdDev    : Standard deviation of all measurements
  Gen0      : GC Generation 0 collects per 1000 operations
  Gen1      : GC Generation 1 collects per 1000 operations
  Gen2      : GC Generation 2 collects per 1000 operations
  Allocated : Allocated memory per single operation (managed only, inclusive, 1KB = 1024B)
  1 μs      : 1 Microsecond (0.000001 sec)

// * Diagnostic Output - MemoryDiagnoser *


// ***** BenchmarkRunner: End *****
Run time: 00:00:12 (12.29 sec), executed benchmarks: 4

// Found 3 benchmarks:
//   WriteRows.CsvHelper: Quick(MaxRelativeError=0.05, Arguments=/p:MatrixMode=Benchmark, IterationTime=250ms, MaxIterationCount=12, MaxWarmupIterationCount=5, MinIterationCount=8, MinWarmupIterationCount=3)
//   WriteRows.Sep: Quick(MaxRelativeError=0.05, Arguments=/p:MatrixMode=Benchmark, IterationTime=250ms, MaxIterationCount=12, MaxWarmupIterationCount=5, MinIterationCount=8, MinWarmupIterationCount=3)
//   WriteRows.Sylvan: Quick(MaxRelativeError=0.05, Arguments=/p:MatrixMode=Benchmark, IterationTime=250ms, MaxIterationCount=12, MaxWarmupIterationCount=5, MinIterationCount=8, MinWarmupIterationCount=3)

// **************************
// Benchmark: WriteRows.CsvHelper: Quick(MaxRelativeError=0.05, Arguments=/p:MatrixMode=Benchmark, IterationTime=250ms, MaxIterationCount=12, MaxWarmupIterationCount=5, MinIterationCount=8, MinWarmupIterationCount=3)
// *** Execute ***
// Launch: 1 / 1
// Execute: dotnet Matrix.CsvProcessing-Quick-1.dll --anonymousPipes 135 136 --benchmarkName Matrix.CsvProcessing.Benchmarks.WriteRows.CsvHelper --job Quick --benchmarkId 35 in /home/runner/work/dotnet-matrix/dotnet-matrix/src/Matrix.CsvProcessing/bin/Benchmark/Release/net10.0/Matrix.CsvProcessing-Quick-1/bin/Release/net10.0
// Failed to set up high priority (Permission denied). In order to run benchmarks with high priority, make sure you have the right permissions.
// BeforeAnythingElse

// Benchmark Process Environment Information:
// BenchmarkDotNet v0.15.8
// Runtime=.NET 10.0.10 (10.0.10, 10.0.1026.32716), X64 RyuJIT x86-64-v3
// GC=Concurrent Workstation
// HardwareIntrinsics=AVX2+BMI1+BMI2+F16C+FMA+LZCNT+MOVBE,AVX,SSE3+SSSE3+SSE4.1+SSE4.2+POPCNT,X86Base+SSE+SSE2,AES+PCLMUL VectorSize=256
// Job: Quick(MaxRelativeError=0.05, IterationTime=250ms, MaxIterationCount=12, MaxWarmupIterationCount=5, MinIterationCount=8, MinWarmupIterationCount=3)

OverheadJitting  1: 1 op, 261952.00 ns, 261.9520 us/op
WorkloadJitting  1: 1 op, 53461464.00 ns, 53.4615 ms/op

WorkloadPilot    1: 4 op, 4420071.00 ns, 1.1050 ms/op
WorkloadPilot    2: 226 op, 194299714.00 ns, 859.7332 us/op
WorkloadPilot    3: 291 op, 255126230.00 ns, 876.7224 us/op
WorkloadPilot    4: 285 op, 239310229.00 ns, 839.6850 us/op
WorkloadPilot    5: 298 op, 250103557.00 ns, 839.2737 us/op

WorkloadWarmup   1: 298 op, 252305202.00 ns, 846.6618 us/op
WorkloadWarmup   2: 298 op, 248582481.00 ns, 834.1694 us/op
WorkloadWarmup   3: 298 op, 249244224.00 ns, 836.3900 us/op
WorkloadWarmup   4: 298 op, 246457040.00 ns, 827.0370 us/op
WorkloadWarmup   5: 298 op, 246975594.00 ns, 828.7772 us/op

// BeforeActualRun
WorkloadActual   1: 298 op, 248461444.00 ns, 833.7632 us/op
WorkloadActual   2: 298 op, 246532352.00 ns, 827.2898 us/op
WorkloadActual   3: 298 op, 245428134.00 ns, 823.5843 us/op
WorkloadActual   4: 298 op, 244511263.00 ns, 820.5076 us/op
WorkloadActual   5: 298 op, 241424028.00 ns, 810.1477 us/op
WorkloadActual   6: 298 op, 237753429.00 ns, 797.8303 us/op
WorkloadActual   7: 298 op, 235134223.00 ns, 789.0410 us/op
WorkloadActual   8: 298 op, 227026245.00 ns, 761.8330 us/op
WorkloadActual   9: 298 op, 211963264.00 ns, 711.2861 us/op
WorkloadActual  10: 298 op, 208311971.00 ns, 699.0335 us/op
WorkloadActual  11: 298 op, 200478167.00 ns, 672.7455 us/op
WorkloadActual  12: 298 op, 202461579.00 ns, 679.4013 us/op

// AfterActualRun
WorkloadResult   1: 298 op, 248461444.00 ns, 833.7632 us/op
WorkloadResult   2: 298 op, 246532352.00 ns, 827.2898 us/op
WorkloadResult   3: 298 op, 245428134.00 ns, 823.5843 us/op
WorkloadResult   4: 298 op, 244511263.00 ns, 820.5076 us/op
WorkloadResult   5: 298 op, 241424028.00 ns, 810.1477 us/op
WorkloadResult   6: 298 op, 237753429.00 ns, 797.8303 us/op
WorkloadResult   7: 298 op, 235134223.00 ns, 789.0410 us/op
WorkloadResult   8: 298 op, 227026245.00 ns, 761.8330 us/op
WorkloadResult   9: 298 op, 211963264.00 ns, 711.2861 us/op
WorkloadResult  10: 298 op, 208311971.00 ns, 699.0335 us/op
WorkloadResult  11: 298 op, 200478167.00 ns, 672.7455 us/op
WorkloadResult  12: 298 op, 202461579.00 ns, 679.4013 us/op
// GC:  0 0 0 12357896 298
// Threading:  0 0 298

// AfterAll
// Benchmark Process 3798 has exited with code 0.

Mean = 768.872 μs, StdErr = 17.778 μs (2.31%), N = 12, StdDev = 61.586 μs
Min = 672.746 μs, Q1 = 708.223 μs, Median = 793.436 μs, Q3 = 821.277 μs, Max = 833.763 μs
IQR = 113.054 μs, LowerFence = 538.642 μs, UpperFence = 990.858 μs
ConfidenceInterval = [689.990 μs; 847.754 μs] (CI 99.9%), Margin = 78.882 μs (10.26% of Mean)
Skewness = -0.45, Kurtosis = 1.35, MValue = 2.86

// ** Remained 2 (5.3 %) benchmark(s) to run. Estimated finish 2026-08-11 9:31 (0h 0m from now) **
// **************************
// Benchmark: WriteRows.Sep: Quick(MaxRelativeError=0.05, Arguments=/p:MatrixMode=Benchmark, IterationTime=250ms, MaxIterationCount=12, MaxWarmupIterationCount=5, MinIterationCount=8, MinWarmupIterationCount=3)
// *** Execute ***
// Launch: 1 / 1
// Execute: dotnet Matrix.CsvProcessing-Quick-1.dll --anonymousPipes 135 136 --benchmarkName Matrix.CsvProcessing.Benchmarks.WriteRows.Sep --job Quick --benchmarkId 36 in /home/runner/work/dotnet-matrix/dotnet-matrix/src/Matrix.CsvProcessing/bin/Benchmark/Release/net10.0/Matrix.CsvProcessing-Quick-1/bin/Release/net10.0
// Failed to set up high priority (Permission denied). In order to run benchmarks with high priority, make sure you have the right permissions.
// BeforeAnythingElse

// Benchmark Process Environment Information:
// BenchmarkDotNet v0.15.8
// Runtime=.NET 10.0.10 (10.0.10, 10.0.1026.32716), X64 RyuJIT x86-64-v3
// GC=Concurrent Workstation
// HardwareIntrinsics=AVX2+BMI1+BMI2+F16C+FMA+LZCNT+MOVBE,AVX,SSE3+SSSE3+SSE4.1+SSE4.2+POPCNT,X86Base+SSE+SSE2,AES+PCLMUL VectorSize=256
// Job: Quick(MaxRelativeError=0.05, IterationTime=250ms, MaxIterationCount=12, MaxWarmupIterationCount=5, MinIterationCount=8, MinWarmupIterationCount=3)

OverheadJitting  1: 1 op, 253366.00 ns, 253.3660 us/op
WorkloadJitting  1: 1 op, 8155136.00 ns, 8.1551 ms/op

OverheadJitting  2: 16 op, 442851.00 ns, 27.6782 us/op
WorkloadJitting  2: 16 op, 592933.00 ns, 37.0583 us/op

WorkloadPilot    1: 16 op, 95178.00 ns, 5.9486 us/op
WorkloadPilot    2: 42032 op, 141687634.00 ns, 3.3709 us/op
WorkloadPilot    3: 74176 op, 124826587.00 ns, 1.6828 us/op
WorkloadPilot    4: 148560 op, 87408087.00 ns, 588.3689 ns/op
WorkloadPilot    5: 424912 op, 249679243.00 ns, 587.6022 ns/op
WorkloadPilot    6: 425472 op, 248348916.00 ns, 583.7021 ns/op
WorkloadPilot    7: 428304 op, 248658607.00 ns, 580.5657 ns/op
WorkloadPilot    8: 430624 op, 234988078.00 ns, 545.6920 ns/op
WorkloadPilot    9: 458144 op, 250179422.00 ns, 546.0716 ns/op
WorkloadPilot   10: 457824 op, 248635704.00 ns, 543.0814 ns/op
WorkloadPilot   11: 460336 op, 251879212.00 ns, 547.1638 ns/op
WorkloadPilot   12: 456912 op, 250422257.00 ns, 548.0755 ns/op

OverheadWarmup   1: 456912 op, 1805489.00 ns, 3.9515 ns/op
OverheadWarmup   2: 456912 op, 1810969.00 ns, 3.9635 ns/op
OverheadWarmup   3: 456912 op, 1795861.00 ns, 3.9304 ns/op
OverheadWarmup   4: 456912 op, 1788697.00 ns, 3.9148 ns/op
OverheadWarmup   5: 456912 op, 1772837.00 ns, 3.8800 ns/op
OverheadWarmup   6: 456912 op, 1788927.00 ns, 3.9153 ns/op
OverheadWarmup   7: 456912 op, 1793836.00 ns, 3.9260 ns/op
OverheadWarmup   8: 456912 op, 1795600.00 ns, 3.9299 ns/op
OverheadWarmup   9: 456912 op, 1791984.00 ns, 3.9219 ns/op

OverheadActual   1: 456912 op, 1793296.00 ns, 3.9248 ns/op
OverheadActual   2: 456912 op, 1789979.00 ns, 3.9176 ns/op
OverheadActual   3: 456912 op, 1798745.00 ns, 3.9367 ns/op
OverheadActual   4: 456912 op, 1787855.00 ns, 3.9129 ns/op
OverheadActual   5: 456912 op, 1784430.00 ns, 3.9054 ns/op
OverheadActual   6: 456912 op, 1805359.00 ns, 3.9512 ns/op
OverheadActual   7: 456912 op, 1815277.00 ns, 3.9729 ns/op
OverheadActual   8: 456912 op, 1782786.00 ns, 3.9018 ns/op

WorkloadWarmup   1: 456912 op, 255485861.00 ns, 559.1577 ns/op
WorkloadWarmup   2: 456912 op, 249449992.00 ns, 545.9476 ns/op
WorkloadWarmup   3: 456912 op, 244362985.00 ns, 534.8141 ns/op
WorkloadWarmup   4: 456912 op, 245717707.00 ns, 537.7791 ns/op
WorkloadWarmup   5: 456912 op, 245787689.00 ns, 537.9322 ns/op

// BeforeActualRun
WorkloadActual   1: 456912 op, 249040273.00 ns, 545.0508 ns/op
WorkloadActual   2: 456912 op, 251474288.00 ns, 550.3779 ns/op
WorkloadActual   3: 456912 op, 252191345.00 ns, 551.9473 ns/op
WorkloadActual   4: 456912 op, 250734799.00 ns, 548.7595 ns/op
WorkloadActual   5: 456912 op, 249436832.00 ns, 545.9188 ns/op
WorkloadActual   6: 456912 op, 252378797.00 ns, 552.3576 ns/op
WorkloadActual   7: 456912 op, 247717375.00 ns, 542.1555 ns/op
WorkloadActual   8: 456912 op, 248690224.00 ns, 544.2847 ns/op

// AfterActualRun
WorkloadResult   1: 456912 op, 247248635.50 ns, 541.1297 ns/op
WorkloadResult   2: 456912 op, 249682650.50 ns, 546.4568 ns/op
WorkloadResult   3: 456912 op, 250399707.50 ns, 548.0261 ns/op
WorkloadResult   4: 456912 op, 248943161.50 ns, 544.8383 ns/op
WorkloadResult   5: 456912 op, 247645194.50 ns, 541.9976 ns/op
WorkloadResult   6: 456912 op, 250587159.50 ns, 548.4364 ns/op
WorkloadResult   7: 456912 op, 245925737.50 ns, 538.2344 ns/op
WorkloadResult   8: 456912 op, 246898586.50 ns, 540.3635 ns/op
// GC:  52 0 0 884581632 456912
// Threading:  0 0 456912

// AfterAll
// Benchmark Process 3810 has exited with code 0.

Mean = 543.685 ns, StdErr = 1.340 ns (0.25%), N = 8, StdDev = 3.790 ns
Min = 538.234 ns, Q1 = 540.938 ns, Median = 543.418 ns, Q3 = 546.849 ns, Max = 548.436 ns
IQR = 5.911 ns, LowerFence = 532.072 ns, UpperFence = 555.716 ns
ConfidenceInterval = [536.439 ns; 550.932 ns] (CI 99.9%), Margin = 7.247 ns (1.33% of Mean)
Skewness = -0.02, Kurtosis = 1.2, MValue = 2

// ** Remained 1 (2.6 %) benchmark(s) to run. Estimated finish 2026-08-11 9:31 (0h 0m from now) **
// **************************
// Benchmark: WriteRows.Sylvan: Quick(MaxRelativeError=0.05, Arguments=/p:MatrixMode=Benchmark, IterationTime=250ms, MaxIterationCount=12, MaxWarmupIterationCount=5, MinIterationCount=8, MinWarmupIterationCount=3)
// *** Execute ***
// Launch: 1 / 1
// Execute: dotnet Matrix.CsvProcessing-Quick-1.dll --anonymousPipes 135 136 --benchmarkName Matrix.CsvProcessing.Benchmarks.WriteRows.Sylvan --job Quick --benchmarkId 37 in /home/runner/work/dotnet-matrix/dotnet-matrix/src/Matrix.CsvProcessing/bin/Benchmark/Release/net10.0/Matrix.CsvProcessing-Quick-1/bin/Release/net10.0
// Failed to set up high priority (Permission denied). In order to run benchmarks with high priority, make sure you have the right permissions.
// BeforeAnythingElse

// Benchmark Process Environment Information:
// BenchmarkDotNet v0.15.8
// Runtime=.NET 10.0.10 (10.0.10, 10.0.1026.32716), X64 RyuJIT x86-64-v3
// GC=Concurrent Workstation
// HardwareIntrinsics=AVX2+BMI1+BMI2+F16C+FMA+LZCNT+MOVBE,AVX,SSE3+SSSE3+SSE4.1+SSE4.2+POPCNT,X86Base+SSE+SSE2,AES+PCLMUL VectorSize=256
// Job: Quick(MaxRelativeError=0.05, IterationTime=250ms, MaxIterationCount=12, MaxWarmupIterationCount=5, MinIterationCount=8, MinWarmupIterationCount=3)

OverheadJitting  1: 1 op, 231064.00 ns, 231.0640 us/op
WorkloadJitting  1: 1 op, 23103080.00 ns, 23.1031 ms/op

WorkloadPilot    1: 4 op, 134242.00 ns, 33.5605 us/op
WorkloadPilot    2: 7449 op, 41804937.00 ns, 5.6122 us/op
WorkloadPilot    3: 44546 op, 230492961.00 ns, 5.1743 us/op
WorkloadPilot    4: 48316 op, 91507726.00 ns, 1.8939 us/op
WorkloadPilot    5: 132000 op, 205323585.00 ns, 1.5555 us/op
WorkloadPilot    6: 160722 op, 250558873.00 ns, 1.5590 us/op
WorkloadPilot    7: 160364 op, 249669935.00 ns, 1.5569 us/op
WorkloadPilot    8: 160576 op, 243480190.00 ns, 1.5163 us/op
WorkloadPilot    9: 164876 op, 279637673.00 ns, 1.6960 us/op
WorkloadPilot   10: 147401 op, 227591592.00 ns, 1.5440 us/op
WorkloadPilot   11: 161914 op, 249269943.00 ns, 1.5395 us/op
WorkloadPilot   12: 162388 op, 238349877.00 ns, 1.4678 us/op
WorkloadPilot   13: 170325 op, 282936207.00 ns, 1.6612 us/op

WorkloadWarmup   1: 170325 op, 262452479.00 ns, 1.5409 us/op
WorkloadWarmup   2: 170325 op, 291410290.00 ns, 1.7109 us/op
WorkloadWarmup   3: 170325 op, 295123303.00 ns, 1.7327 us/op
WorkloadWarmup   4: 170325 op, 319727058.00 ns, 1.8772 us/op
WorkloadWarmup   5: 170325 op, 323271269.00 ns, 1.8980 us/op

// BeforeActualRun
WorkloadActual   1: 170325 op, 314524006.00 ns, 1.8466 us/op
WorkloadActual   2: 170325 op, 319068170.00 ns, 1.8733 us/op
WorkloadActual   3: 170325 op, 298049679.00 ns, 1.7499 us/op
WorkloadActual   4: 170325 op, 297925536.00 ns, 1.7492 us/op
WorkloadActual   5: 170325 op, 310789183.00 ns, 1.8247 us/op
WorkloadActual   6: 170325 op, 299923267.00 ns, 1.7609 us/op
WorkloadActual   7: 170325 op, 301286236.00 ns, 1.7689 us/op
WorkloadActual   8: 170325 op, 313719946.00 ns, 1.8419 us/op
WorkloadActual   9: 170325 op, 298296862.00 ns, 1.7513 us/op

// AfterActualRun
WorkloadResult   1: 170325 op, 314524006.00 ns, 1.8466 us/op
WorkloadResult   2: 170325 op, 319068170.00 ns, 1.8733 us/op
WorkloadResult   3: 170325 op, 298049679.00 ns, 1.7499 us/op
WorkloadResult   4: 170325 op, 297925536.00 ns, 1.7492 us/op
WorkloadResult   5: 170325 op, 310789183.00 ns, 1.8247 us/op
WorkloadResult   6: 170325 op, 299923267.00 ns, 1.7609 us/op
WorkloadResult   7: 170325 op, 301286236.00 ns, 1.7689 us/op
WorkloadResult   8: 170325 op, 313719946.00 ns, 1.8419 us/op
WorkloadResult   9: 170325 op, 298296862.00 ns, 1.7513 us/op
// GC:  341 37 0 5717469600 170325
// Threading:  0 0 170325

// AfterAll
// Benchmark Process 3822 has exited with code 0.

Mean = 1.796 μs, StdErr = 0.017 μs (0.92%), N = 9, StdDev = 0.050 μs
Min = 1.749 μs, Q1 = 1.751 μs, Median = 1.769 μs, Q3 = 1.842 μs, Max = 1.873 μs
IQR = 0.091 μs, LowerFence = 1.616 μs, UpperFence = 1.978 μs
ConfidenceInterval = [1.713 μs; 1.880 μs] (CI 99.9%), Margin = 0.083 μs (4.65% of Mean)
Skewness = 0.31, Kurtosis = 1.14, MValue = 2

// ** Remained 0 (0.0 %) benchmark(s) to run. Estimated finish 2026-08-11 9:31 (0h 0m from now) **
// ***** BenchmarkRunner: Finish  *****

// * Export *
  tmp/dotnet-matrix/CsvProcessing/7de710fc59af43c49ed6793a18b75839/results/Matrix.CsvProcessing.Benchmarks.WriteRows-report.csv
  tmp/dotnet-matrix/CsvProcessing/7de710fc59af43c49ed6793a18b75839/results/Matrix.CsvProcessing.Benchmarks.WriteRows-report-github.md
  tmp/dotnet-matrix/CsvProcessing/7de710fc59af43c49ed6793a18b75839/results/Matrix.CsvProcessing.Benchmarks.WriteRows-report.html
  tmp/dotnet-matrix/CsvProcessing/7de710fc59af43c49ed6793a18b75839/results/Matrix.CsvProcessing.Benchmarks.WriteRows-report-full.json

// * Detailed results *
WriteRows.Sep: Quick(MaxRelativeError=0.05, Arguments=/p:MatrixMode=Benchmark, IterationTime=250ms, MaxIterationCount=12, MaxWarmupIterationCount=5, MinIterationCount=8, MinWarmupIterationCount=3)
Runtime = .NET 10.0.10 (10.0.10, 10.0.1026.32716), X64 RyuJIT x86-64-v3; GC = Concurrent Workstation
Mean = 543.685 ns, StdErr = 1.340 ns (0.25%), N = 8, StdDev = 3.790 ns
Min = 538.234 ns, Q1 = 540.938 ns, Median = 543.418 ns, Q3 = 546.849 ns, Max = 548.436 ns
IQR = 5.911 ns, LowerFence = 532.072 ns, UpperFence = 555.716 ns
ConfidenceInterval = [536.439 ns; 550.932 ns] (CI 99.9%), Margin = 7.247 ns (1.33% of Mean)
Skewness = -0.02, Kurtosis = 1.2, MValue = 2
-------------------- Histogram --------------------
[535.747 ns ; 550.924 ns) | @@@@@@@@
---------------------------------------------------

WriteRows.Sylvan: Quick(MaxRelativeError=0.05, Arguments=/p:MatrixMode=Benchmark, IterationTime=250ms, MaxIterationCount=12, MaxWarmupIterationCount=5, MinIterationCount=8, MinWarmupIterationCount=3)
Runtime = .NET 10.0.10 (10.0.10, 10.0.1026.32716), X64 RyuJIT x86-64-v3; GC = Concurrent Workstation
Mean = 1.796 μs, StdErr = 0.017 μs (0.92%), N = 9, StdDev = 0.050 μs
Min = 1.749 μs, Q1 = 1.751 μs, Median = 1.769 μs, Q3 = 1.842 μs, Max = 1.873 μs
IQR = 0.091 μs, LowerFence = 1.616 μs, UpperFence = 1.978 μs
ConfidenceInterval = [1.713 μs; 1.880 μs] (CI 99.9%), Margin = 0.083 μs (4.65% of Mean)
Skewness = 0.31, Kurtosis = 1.14, MValue = 2
-------------------- Histogram --------------------
[1.728 μs ; 1.790 μs) | @@@@@
[1.790 μs ; 1.880 μs) | @@@@
---------------------------------------------------

WriteRows.CsvHelper: Quick(MaxRelativeError=0.05, Arguments=/p:MatrixMode=Benchmark, IterationTime=250ms, MaxIterationCount=12, MaxWarmupIterationCount=5, MinIterationCount=8, MinWarmupIterationCount=3)
Runtime = .NET 10.0.10 (10.0.10, 10.0.1026.32716), X64 RyuJIT x86-64-v3; GC = Concurrent Workstation
Mean = 768.872 μs, StdErr = 17.778 μs (2.31%), N = 12, StdDev = 61.586 μs
Min = 672.746 μs, Q1 = 708.223 μs, Median = 793.436 μs, Q3 = 821.277 μs, Max = 833.763 μs
IQR = 113.054 μs, LowerFence = 538.642 μs, UpperFence = 990.858 μs
ConfidenceInterval = [689.990 μs; 847.754 μs] (CI 99.9%), Margin = 78.882 μs (10.26% of Mean)
Skewness = -0.45, Kurtosis = 1.35, MValue = 2.86
-------------------- Histogram --------------------
[656.710 μs ; 727.322 μs) | @@@@
[727.322 μs ; 776.096 μs) | @
[776.096 μs ; 846.708 μs) | @@@@@@@
---------------------------------------------------

// * Summary *

BenchmarkDotNet v0.15.8, Linux Ubuntu 24.04.4 LTS (Noble Numbat)
AMD EPYC 7763 2.45GHz, 1 CPU, 4 logical and 2 physical cores
.NET SDK 10.0.302
  [Host] : .NET 10.0.10 (10.0.10, 10.0.1026.32716), X64 RyuJIT x86-64-v3
  Quick  : .NET 10.0.10 (10.0.10, 10.0.1026.32716), X64 RyuJIT x86-64-v3

Job=Quick  MaxRelativeError=0.05  Arguments=/p:MatrixMode=Benchmark  
IterationTime=250ms  MaxIterationCount=12  MaxWarmupIterationCount=5  
MinIterationCount=8  MinWarmupIterationCount=3  

| Method    | Mean         | Error        | StdDev       | Gen0   | Gen1   | Allocated |
|---------- |-------------:|-------------:|-------------:|-------:|-------:|----------:|
| Sep       |     543.7 ns |      7.25 ns |      3.79 ns | 0.1138 |      - |   1.89 KB |
| Sylvan    |   1,796.3 ns |     83.49 ns |     49.68 ns | 2.0021 | 0.2172 |  32.78 KB |
| CsvHelper | 768,872.0 ns | 78,881.65 ns | 61,585.61 ns |      - |      - |   40.5 KB |

// * Legends *
  Mean      : Arithmetic mean of all measurements
  Error     : Half of 99.9% confidence interval
  StdDev    : Standard deviation of all measurements
  Gen0      : GC Generation 0 collects per 1000 operations
  Gen1      : GC Generation 1 collects per 1000 operations
  Allocated : Allocated memory per single operation (managed only, inclusive, 1KB = 1024B)
  1 ns      : 1 Nanosecond (0.000000001 sec)

// * Diagnostic Output - MemoryDiagnoser *


// ***** BenchmarkRunner: End *****
Run time: 00:00:18 (18.96 sec), executed benchmarks: 3

Global total time: 00:03:29 (209.64 sec), executed benchmarks: 38
// * Artifacts cleanup *
Artifacts cleanup is finished
