// Validating benchmarks:
// ***** BenchmarkRunner: Start   *****
// ***** Found 38 benchmark(s) in total *****
// ***** Building 1 exe(s) in Parallel: Start   *****
// start dotnet  restore /p:MatrixMode=Benchmark --nodeReuse:false /p:UseSharedCompilation=false /p:Deterministic=true /p:Optimize=true /p:ArtifactsPath="/home/runner/work/dotnet-matrix/dotnet-matrix/src/Matrix.ZipArchives/bin/Benchmark/Release/net10.0/Matrix.ZipArchives-Quick-1/" /p:OutDir="/home/runner/work/dotnet-matrix/dotnet-matrix/src/Matrix.ZipArchives/bin/Benchmark/Release/net10.0/Matrix.ZipArchives-Quick-1/bin/Release/net10.0/" /p:OutputPath="/home/runner/work/dotnet-matrix/dotnet-matrix/src/Matrix.ZipArchives/bin/Benchmark/Release/net10.0/Matrix.ZipArchives-Quick-1/bin/Release/net10.0/" /p:PublishDir="/home/runner/work/dotnet-matrix/dotnet-matrix/src/Matrix.ZipArchives/bin/Benchmark/Release/net10.0/Matrix.ZipArchives-Quick-1/publish/" in /home/runner/work/dotnet-matrix/dotnet-matrix/src/Matrix.ZipArchives/bin/Benchmark/Release/net10.0/Matrix.ZipArchives-Quick-1
// command took 1.43 sec and exited with 0
// start dotnet  build -c Release /p:MatrixMode=Benchmark --no-restore --nodeReuse:false /p:UseSharedCompilation=false /p:Deterministic=true /p:Optimize=true /p:ArtifactsPath="/home/runner/work/dotnet-matrix/dotnet-matrix/src/Matrix.ZipArchives/bin/Benchmark/Release/net10.0/Matrix.ZipArchives-Quick-1/" /p:OutDir="/home/runner/work/dotnet-matrix/dotnet-matrix/src/Matrix.ZipArchives/bin/Benchmark/Release/net10.0/Matrix.ZipArchives-Quick-1/bin/Release/net10.0/" /p:OutputPath="/home/runner/work/dotnet-matrix/dotnet-matrix/src/Matrix.ZipArchives/bin/Benchmark/Release/net10.0/Matrix.ZipArchives-Quick-1/bin/Release/net10.0/" /p:PublishDir="/home/runner/work/dotnet-matrix/dotnet-matrix/src/Matrix.ZipArchives/bin/Benchmark/Release/net10.0/Matrix.ZipArchives-Quick-1/publish/" --output "/home/runner/work/dotnet-matrix/dotnet-matrix/src/Matrix.ZipArchives/bin/Benchmark/Release/net10.0/Matrix.ZipArchives-Quick-1/bin/Release/net10.0/" in /home/runner/work/dotnet-matrix/dotnet-matrix/src/Matrix.ZipArchives/bin/Benchmark/Release/net10.0/Matrix.ZipArchives-Quick-1
// command took 11.15 sec and exited with 0
// ***** Done, took 00:00:12 (12.71 sec)   *****
// Found 3 benchmarks:
//   AppendEntry.SharpCompress: Quick(MaxRelativeError=0.05, Arguments=/p:MatrixMode=Benchmark, IterationTime=250ms, MaxIterationCount=12, MaxWarmupIterationCount=5, MinIterationCount=8, MinWarmupIterationCount=3)
//   AppendEntry.SharpZipLib: Quick(MaxRelativeError=0.05, Arguments=/p:MatrixMode=Benchmark, IterationTime=250ms, MaxIterationCount=12, MaxWarmupIterationCount=5, MinIterationCount=8, MinWarmupIterationCount=3)
//   AppendEntry.SystemIOCompression: Quick(MaxRelativeError=0.05, Arguments=/p:MatrixMode=Benchmark, IterationTime=250ms, MaxIterationCount=12, MaxWarmupIterationCount=5, MinIterationCount=8, MinWarmupIterationCount=3)

// **************************
// Benchmark: AppendEntry.SharpCompress: Quick(MaxRelativeError=0.05, Arguments=/p:MatrixMode=Benchmark, IterationTime=250ms, MaxIterationCount=12, MaxWarmupIterationCount=5, MinIterationCount=8, MinWarmupIterationCount=3)
// *** Execute ***
// Launch: 1 / 1
// Execute: dotnet Matrix.ZipArchives-Quick-1.dll --anonymousPipes 123 124 --benchmarkName Matrix.ZipArchives.Benchmarks.AppendEntry.SharpCompress --job Quick --benchmarkId 0 in /home/runner/work/dotnet-matrix/dotnet-matrix/src/Matrix.ZipArchives/bin/Benchmark/Release/net10.0/Matrix.ZipArchives-Quick-1/bin/Release/net10.0
// Failed to set up high priority (Permission denied). In order to run benchmarks with high priority, make sure you have the right permissions.
// BeforeAnythingElse

// Benchmark Process Environment Information:
// BenchmarkDotNet v0.15.8
// Runtime=.NET 10.0.10 (10.0.10, 10.0.1026.32716), X64 RyuJIT x86-64-v3
// GC=Concurrent Workstation
// HardwareIntrinsics=AVX2+BMI1+BMI2+F16C+FMA+LZCNT+MOVBE,AVX,SSE3+SSSE3+SSE4.1+SSE4.2+POPCNT,X86Base+SSE+SSE2,AES+PCLMUL VectorSize=256
// Job: Quick(MaxRelativeError=0.05, IterationTime=250ms, MaxIterationCount=12, MaxWarmupIterationCount=5, MinIterationCount=8, MinWarmupIterationCount=3)

OverheadJitting  1: 1 op, 262549.00 ns, 262.5490 us/op
WorkloadJitting  1: 1 op, 37431862.00 ns, 37.4319 ms/op

WorkloadPilot    1: 4 op, 5242844.00 ns, 1.3107 ms/op
WorkloadPilot    2: 191 op, 232232084.00 ns, 1.2159 ms/op
WorkloadPilot    3: 206 op, 238037786.00 ns, 1.1555 ms/op
WorkloadPilot    4: 216 op, 254545931.00 ns, 1.1785 ms/op
WorkloadPilot    5: 212 op, 248240228.00 ns, 1.1709 ms/op
WorkloadPilot    6: 214 op, 237457086.00 ns, 1.1096 ms/op
WorkloadPilot    7: 225 op, 243874437.00 ns, 1.0839 ms/op
WorkloadPilot    8: 231 op, 243104543.00 ns, 1.0524 ms/op
WorkloadPilot    9: 238 op, 250595925.00 ns, 1.0529 ms/op

WorkloadWarmup   1: 238 op, 251073524.00 ns, 1.0549 ms/op
WorkloadWarmup   2: 238 op, 250169130.00 ns, 1.0511 ms/op
WorkloadWarmup   3: 238 op, 250750272.00 ns, 1.0536 ms/op
WorkloadWarmup   4: 238 op, 250748519.00 ns, 1.0536 ms/op
WorkloadWarmup   5: 238 op, 251814544.00 ns, 1.0580 ms/op

// BeforeActualRun
WorkloadActual   1: 238 op, 251764160.00 ns, 1.0578 ms/op
WorkloadActual   2: 238 op, 250806336.00 ns, 1.0538 ms/op
WorkloadActual   3: 238 op, 250884983.00 ns, 1.0541 ms/op
WorkloadActual   4: 238 op, 250709777.00 ns, 1.0534 ms/op
WorkloadActual   5: 238 op, 252445910.00 ns, 1.0607 ms/op
WorkloadActual   6: 238 op, 251569408.00 ns, 1.0570 ms/op
WorkloadActual   7: 238 op, 250056841.00 ns, 1.0507 ms/op
WorkloadActual   8: 238 op, 251525887.00 ns, 1.0568 ms/op

// AfterActualRun
WorkloadResult   1: 238 op, 251764160.00 ns, 1.0578 ms/op
WorkloadResult   2: 238 op, 250806336.00 ns, 1.0538 ms/op
WorkloadResult   3: 238 op, 250884983.00 ns, 1.0541 ms/op
WorkloadResult   4: 238 op, 250709777.00 ns, 1.0534 ms/op
WorkloadResult   5: 238 op, 252445910.00 ns, 1.0607 ms/op
WorkloadResult   6: 238 op, 251569408.00 ns, 1.0570 ms/op
WorkloadResult   7: 238 op, 250056841.00 ns, 1.0507 ms/op
WorkloadResult   8: 238 op, 251525887.00 ns, 1.0568 ms/op
// GC:  43 43 43 175819504 238
// Threading:  0 0 238

// AfterAll
// Benchmark Process 3406 has exited with code 0.

Mean = 1.056 ms, StdErr = 0.001 ms (0.11%), N = 8, StdDev = 0.003 ms
Min = 1.051 ms, Q1 = 1.054 ms, Median = 1.055 ms, Q3 = 1.057 ms, Max = 1.061 ms
IQR = 0.004 ms, LowerFence = 1.048 ms, UpperFence = 1.062 ms
ConfidenceInterval = [1.050 ms; 1.062 ms] (CI 99.9%), Margin = 0.006 ms (0.57% of Mean)
Skewness = 0.08, Kurtosis = 1.73, MValue = 2

// ** Remained 37 (97.4 %) benchmark(s) to run. Estimated finish 2026-08-11 9:31 (0h 3m from now) **
// **************************
// Benchmark: AppendEntry.SharpZipLib: Quick(MaxRelativeError=0.05, Arguments=/p:MatrixMode=Benchmark, IterationTime=250ms, MaxIterationCount=12, MaxWarmupIterationCount=5, MinIterationCount=8, MinWarmupIterationCount=3)
// *** Execute ***
// Launch: 1 / 1
// Execute: dotnet Matrix.ZipArchives-Quick-1.dll --anonymousPipes 123 124 --benchmarkName Matrix.ZipArchives.Benchmarks.AppendEntry.SharpZipLib --job Quick --benchmarkId 1 in /home/runner/work/dotnet-matrix/dotnet-matrix/src/Matrix.ZipArchives/bin/Benchmark/Release/net10.0/Matrix.ZipArchives-Quick-1/bin/Release/net10.0
// Failed to set up high priority (Permission denied). In order to run benchmarks with high priority, make sure you have the right permissions.
// BeforeAnythingElse

// Benchmark Process Environment Information:
// BenchmarkDotNet v0.15.8
// Runtime=.NET 10.0.10 (10.0.10, 10.0.1026.32716), X64 RyuJIT x86-64-v3
// GC=Concurrent Workstation
// HardwareIntrinsics=AVX2+BMI1+BMI2+F16C+FMA+LZCNT+MOVBE,AVX,SSE3+SSSE3+SSE4.1+SSE4.2+POPCNT,X86Base+SSE+SSE2,AES+PCLMUL VectorSize=256
// Job: Quick(MaxRelativeError=0.05, IterationTime=250ms, MaxIterationCount=12, MaxWarmupIterationCount=5, MinIterationCount=8, MinWarmupIterationCount=3)

OverheadJitting  1: 1 op, 257760.00 ns, 257.7600 us/op
WorkloadJitting  1: 1 op, 24909435.00 ns, 24.9094 ms/op

WorkloadPilot    1: 4 op, 1392894.00 ns, 348.2235 us/op
WorkloadPilot    2: 718 op, 187150700.00 ns, 260.6556 us/op
WorkloadPilot    3: 959 op, 252838774.00 ns, 263.6484 us/op
WorkloadPilot    4: 948 op, 229247613.00 ns, 241.8224 us/op
WorkloadPilot    5: 1034 op, 239786869.00 ns, 231.9022 us/op
WorkloadPilot    6: 1078 op, 232666610.00 ns, 215.8317 us/op
WorkloadPilot    7: 1158 op, 246306580.00 ns, 212.7000 us/op
WorkloadPilot    8: 1175 op, 248781459.00 ns, 211.7289 us/op
WorkloadPilot    9: 1181 op, 251082091.00 ns, 212.6013 us/op
WorkloadPilot   10: 1176 op, 249498426.00 ns, 212.1585 us/op
WorkloadPilot   11: 1178 op, 251595329.00 ns, 213.5784 us/op

WorkloadWarmup   1: 1178 op, 251623531.00 ns, 213.6023 us/op
WorkloadWarmup   2: 1178 op, 247792687.00 ns, 210.3503 us/op
WorkloadWarmup   3: 1178 op, 247862986.00 ns, 210.4100 us/op
WorkloadWarmup   4: 1178 op, 248033636.00 ns, 210.5549 us/op
WorkloadWarmup   5: 1178 op, 247947526.00 ns, 210.4818 us/op

// BeforeActualRun
WorkloadActual   1: 1178 op, 249168459.00 ns, 211.5182 us/op
WorkloadActual   2: 1178 op, 251168794.00 ns, 213.2163 us/op
WorkloadActual   3: 1178 op, 252243656.00 ns, 214.1287 us/op
WorkloadActual   4: 1178 op, 249988764.00 ns, 212.2146 us/op
WorkloadActual   5: 1178 op, 249147069.00 ns, 211.5001 us/op
WorkloadActual   6: 1178 op, 248956817.00 ns, 211.3386 us/op
WorkloadActual   7: 1178 op, 247833052.00 ns, 210.3846 us/op
WorkloadActual   8: 1178 op, 247453906.00 ns, 210.0627 us/op

// AfterActualRun
WorkloadResult   1: 1178 op, 249168459.00 ns, 211.5182 us/op
WorkloadResult   2: 1178 op, 251168794.00 ns, 213.2163 us/op
WorkloadResult   3: 1178 op, 252243656.00 ns, 214.1287 us/op
WorkloadResult   4: 1178 op, 249988764.00 ns, 212.2146 us/op
WorkloadResult   5: 1178 op, 249147069.00 ns, 211.5001 us/op
WorkloadResult   6: 1178 op, 248956817.00 ns, 211.3386 us/op
WorkloadResult   7: 1178 op, 247833052.00 ns, 210.3846 us/op
WorkloadResult   8: 1178 op, 247453906.00 ns, 210.0627 us/op
// GC:  147 147 147 480310736 1178
// Threading:  0 0 1178

// AfterAll
// Benchmark Process 3419 has exited with code 0.

Mean = 211.795 μs, StdErr = 0.482 μs (0.23%), N = 8, StdDev = 1.363 μs
Min = 210.063 μs, Q1 = 211.100 μs, Median = 211.509 μs, Q3 = 212.465 μs, Max = 214.129 μs
IQR = 1.365 μs, LowerFence = 209.053 μs, UpperFence = 214.512 μs
ConfidenceInterval = [209.189 μs; 214.401 μs] (CI 99.9%), Margin = 2.606 μs (1.23% of Mean)
Skewness = 0.37, Kurtosis = 1.69, MValue = 2

// ** Remained 36 (94.7 %) benchmark(s) to run. Estimated finish 2026-08-11 9:31 (0h 3m from now) **
// **************************
// Benchmark: AppendEntry.SystemIOCompression: Quick(MaxRelativeError=0.05, Arguments=/p:MatrixMode=Benchmark, IterationTime=250ms, MaxIterationCount=12, MaxWarmupIterationCount=5, MinIterationCount=8, MinWarmupIterationCount=3)
// *** Execute ***
// Launch: 1 / 1
// Execute: dotnet Matrix.ZipArchives-Quick-1.dll --anonymousPipes 123 124 --benchmarkName Matrix.ZipArchives.Benchmarks.AppendEntry.SystemIOCompression --job Quick --benchmarkId 2 in /home/runner/work/dotnet-matrix/dotnet-matrix/src/Matrix.ZipArchives/bin/Benchmark/Release/net10.0/Matrix.ZipArchives-Quick-1/bin/Release/net10.0
// Failed to set up high priority (Permission denied). In order to run benchmarks with high priority, make sure you have the right permissions.
// BeforeAnythingElse

// Benchmark Process Environment Information:
// BenchmarkDotNet v0.15.8
// Runtime=.NET 10.0.10 (10.0.10, 10.0.1026.32716), X64 RyuJIT x86-64-v3
// GC=Concurrent Workstation
// HardwareIntrinsics=AVX2+BMI1+BMI2+F16C+FMA+LZCNT+MOVBE,AVX,SSE3+SSSE3+SSE4.1+SSE4.2+POPCNT,X86Base+SSE+SSE2,AES+PCLMUL VectorSize=256
// Job: Quick(MaxRelativeError=0.05, IterationTime=250ms, MaxIterationCount=12, MaxWarmupIterationCount=5, MinIterationCount=8, MinWarmupIterationCount=3)

OverheadJitting  1: 1 op, 254534.00 ns, 254.5340 us/op
WorkloadJitting  1: 1 op, 1554375.00 ns, 1.5544 ms/op

OverheadJitting  2: 16 op, 468302.00 ns, 29.2689 us/op
WorkloadJitting  2: 16 op, 4220800.00 ns, 263.8000 us/op

WorkloadPilot    1: 16 op, 3317448.00 ns, 207.3405 us/op
WorkloadPilot    2: 1216 op, 275052519.00 ns, 226.1945 us/op
WorkloadPilot    3: 1120 op, 251517083.00 ns, 224.5688 us/op

OverheadWarmup   1: 1120 op, 9679.00 ns, 8.6420 ns/op
OverheadWarmup   2: 1120 op, 4919.00 ns, 4.3920 ns/op
OverheadWarmup   3: 1120 op, 5080.00 ns, 4.5357 ns/op
OverheadWarmup   4: 1120 op, 4858.00 ns, 4.3375 ns/op
OverheadWarmup   5: 1120 op, 4909.00 ns, 4.3830 ns/op
OverheadWarmup   6: 1120 op, 21831.00 ns, 19.4920 ns/op
OverheadWarmup   7: 1120 op, 4869.00 ns, 4.3473 ns/op

OverheadActual   1: 1120 op, 4929.00 ns, 4.4009 ns/op
OverheadActual   2: 1120 op, 4929.00 ns, 4.4009 ns/op
OverheadActual   3: 1120 op, 4939.00 ns, 4.4098 ns/op
OverheadActual   4: 1120 op, 4919.00 ns, 4.3920 ns/op
OverheadActual   5: 1120 op, 4919.00 ns, 4.3920 ns/op
OverheadActual   6: 1120 op, 4879.00 ns, 4.3563 ns/op
OverheadActual   7: 1120 op, 4859.00 ns, 4.3384 ns/op
OverheadActual   8: 1120 op, 4839.00 ns, 4.3205 ns/op

WorkloadWarmup   1: 1120 op, 248864822.00 ns, 222.2007 us/op
WorkloadWarmup   2: 1120 op, 239183676.00 ns, 213.5569 us/op
WorkloadWarmup   3: 1120 op, 235235814.00 ns, 210.0320 us/op
WorkloadWarmup   4: 1120 op, 229625861.00 ns, 205.0231 us/op
WorkloadWarmup   5: 1120 op, 229022133.00 ns, 204.4840 us/op

// BeforeActualRun
WorkloadActual   1: 1120 op, 226783305.00 ns, 202.4851 us/op
WorkloadActual   2: 1120 op, 226209266.00 ns, 201.9726 us/op
WorkloadActual   3: 1120 op, 226869154.00 ns, 202.5617 us/op
WorkloadActual   4: 1120 op, 228235778.00 ns, 203.7819 us/op
WorkloadActual   5: 1120 op, 227002853.00 ns, 202.6811 us/op
WorkloadActual   6: 1120 op, 226028870.00 ns, 201.8115 us/op
WorkloadActual   7: 1120 op, 225181322.00 ns, 201.0548 us/op
WorkloadActual   8: 1120 op, 226939235.00 ns, 202.6243 us/op

// AfterActualRun
WorkloadResult   1: 1120 op, 226778386.00 ns, 202.4807 us/op
WorkloadResult   2: 1120 op, 226204347.00 ns, 201.9682 us/op
WorkloadResult   3: 1120 op, 226864235.00 ns, 202.5574 us/op
WorkloadResult   4: 1120 op, 226997934.00 ns, 202.6767 us/op
WorkloadResult   5: 1120 op, 226023951.00 ns, 201.8071 us/op
WorkloadResult   6: 1120 op, 225176403.00 ns, 201.0504 us/op
WorkloadResult   7: 1120 op, 226934316.00 ns, 202.6199 us/op
// GC:  139 139 139 452869088 1120
// Threading:  0 0 1120

// AfterAll
// Benchmark Process 3429 has exited with code 0.

Mean = 202.166 μs, StdErr = 0.225 μs (0.11%), N = 7, StdDev = 0.596 μs
Min = 201.050 μs, Q1 = 201.888 μs, Median = 202.481 μs, Q3 = 202.589 μs, Max = 202.677 μs
IQR = 0.701 μs, LowerFence = 200.836 μs, UpperFence = 203.640 μs
ConfidenceInterval = [200.823 μs; 203.508 μs] (CI 99.9%), Margin = 1.342 μs (0.66% of Mean)
Skewness = -0.76, Kurtosis = 1.94, MValue = 2

// ** Remained 35 (92.1 %) benchmark(s) to run. Estimated finish 2026-08-11 9:31 (0h 3m from now) **
// ***** BenchmarkRunner: Finish  *****

// * Export *
  tmp/dotnet-matrix/ZipArchives/6cf630e1fdda4270a6a7ce32a4ac7a8c/results/Matrix.ZipArchives.Benchmarks.AppendEntry-report.csv
  tmp/dotnet-matrix/ZipArchives/6cf630e1fdda4270a6a7ce32a4ac7a8c/results/Matrix.ZipArchives.Benchmarks.AppendEntry-report-github.md
  tmp/dotnet-matrix/ZipArchives/6cf630e1fdda4270a6a7ce32a4ac7a8c/results/Matrix.ZipArchives.Benchmarks.AppendEntry-report.html
  tmp/dotnet-matrix/ZipArchives/6cf630e1fdda4270a6a7ce32a4ac7a8c/results/Matrix.ZipArchives.Benchmarks.AppendEntry-report-full.json

// * Detailed results *
AppendEntry.SystemIOCompression: Quick(MaxRelativeError=0.05, Arguments=/p:MatrixMode=Benchmark, IterationTime=250ms, MaxIterationCount=12, MaxWarmupIterationCount=5, MinIterationCount=8, MinWarmupIterationCount=3)
Runtime = .NET 10.0.10 (10.0.10, 10.0.1026.32716), X64 RyuJIT x86-64-v3; GC = Concurrent Workstation
Mean = 202.166 μs, StdErr = 0.225 μs (0.11%), N = 7, StdDev = 0.596 μs
Min = 201.050 μs, Q1 = 201.888 μs, Median = 202.481 μs, Q3 = 202.589 μs, Max = 202.677 μs
IQR = 0.701 μs, LowerFence = 200.836 μs, UpperFence = 203.640 μs
ConfidenceInterval = [200.823 μs; 203.508 μs] (CI 99.9%), Margin = 1.342 μs (0.66% of Mean)
Skewness = -0.76, Kurtosis = 1.94, MValue = 2
-------------------- Histogram --------------------
[200.641 μs ; 203.086 μs) | @@@@@@@
---------------------------------------------------

AppendEntry.SharpZipLib: Quick(MaxRelativeError=0.05, Arguments=/p:MatrixMode=Benchmark, IterationTime=250ms, MaxIterationCount=12, MaxWarmupIterationCount=5, MinIterationCount=8, MinWarmupIterationCount=3)
Runtime = .NET 10.0.10 (10.0.10, 10.0.1026.32716), X64 RyuJIT x86-64-v3; GC = Concurrent Workstation
Mean = 211.795 μs, StdErr = 0.482 μs (0.23%), N = 8, StdDev = 1.363 μs
Min = 210.063 μs, Q1 = 211.100 μs, Median = 211.509 μs, Q3 = 212.465 μs, Max = 214.129 μs
IQR = 1.365 μs, LowerFence = 209.053 μs, UpperFence = 214.512 μs
ConfidenceInterval = [209.189 μs; 214.401 μs] (CI 99.9%), Margin = 2.606 μs (1.23% of Mean)
Skewness = 0.37, Kurtosis = 1.69, MValue = 2
-------------------- Histogram --------------------
[209.168 μs ; 215.023 μs) | @@@@@@@@
---------------------------------------------------

AppendEntry.SharpCompress: Quick(MaxRelativeError=0.05, Arguments=/p:MatrixMode=Benchmark, IterationTime=250ms, MaxIterationCount=12, MaxWarmupIterationCount=5, MinIterationCount=8, MinWarmupIterationCount=3)
Runtime = .NET 10.0.10 (10.0.10, 10.0.1026.32716), X64 RyuJIT x86-64-v3; GC = Concurrent Workstation
Mean = 1.056 ms, StdErr = 0.001 ms (0.11%), N = 8, StdDev = 0.003 ms
Min = 1.051 ms, Q1 = 1.054 ms, Median = 1.055 ms, Q3 = 1.057 ms, Max = 1.061 ms
IQR = 0.004 ms, LowerFence = 1.048 ms, UpperFence = 1.062 ms
ConfidenceInterval = [1.050 ms; 1.062 ms] (CI 99.9%), Margin = 0.006 ms (0.57% of Mean)
Skewness = 0.08, Kurtosis = 1.73, MValue = 2
-------------------- Histogram --------------------
[1.049 ms ; 1.063 ms) | @@@@@@@@
---------------------------------------------------

// * Summary *

BenchmarkDotNet v0.15.8, Linux Ubuntu 24.04.4 LTS (Noble Numbat)
AMD EPYC 7763 2.45GHz, 1 CPU, 4 logical and 2 physical cores
.NET SDK 10.0.302
  [Host] : .NET 10.0.10 (10.0.10, 10.0.1026.32716), X64 RyuJIT x86-64-v3
  Quick  : .NET 10.0.10 (10.0.10, 10.0.1026.32716), X64 RyuJIT x86-64-v3

Job=Quick  MaxRelativeError=0.05  Arguments=/p:MatrixMode=Benchmark  
IterationTime=250ms  MaxIterationCount=12  MaxWarmupIterationCount=5  
MinIterationCount=8  MinWarmupIterationCount=3  

| Method              | Mean       | Error   | StdDev  | Ratio | RatioSD | Gen0     | Gen1     | Gen2     | Allocated | Alloc Ratio |
|-------------------- |-----------:|--------:|--------:|------:|--------:|---------:|---------:|---------:|----------:|------------:|
| SystemIOCompression |   202.2 μs | 1.34 μs | 0.60 μs |  1.00 |    0.00 | 124.1071 | 124.1071 | 124.1071 | 394.87 KB |        1.00 |
| SharpZipLib         |   211.8 μs | 2.61 μs | 1.36 μs |  1.05 |    0.01 | 124.7878 | 124.7878 | 124.7878 | 398.18 KB |        1.01 |
| SharpCompress       | 1,055.5 μs | 6.01 μs | 3.14 μs |  5.22 |    0.02 | 180.6723 | 180.6723 | 180.6723 | 721.42 KB |        1.83 |

// * Hints *
Outliers
  AppendEntry.SystemIOCompression: Quick -> 1 outlier  was  removed (203.78 μs)

// * Legends *
  Mean        : Arithmetic mean of all measurements
  Error       : Half of 99.9% confidence interval
  StdDev      : Standard deviation of all measurements
  Ratio       : Mean of the ratio distribution ([Current]/[Baseline])
  RatioSD     : Standard deviation of the ratio distribution ([Current]/[Baseline])
  Gen0        : GC Generation 0 collects per 1000 operations
  Gen1        : GC Generation 1 collects per 1000 operations
  Gen2        : GC Generation 2 collects per 1000 operations
  Allocated   : Allocated memory per single operation (managed only, inclusive, 1KB = 1024B)
  Alloc Ratio : Allocated memory ratio distribution ([Current]/[Baseline])
  1 μs        : 1 Microsecond (0.000001 sec)

// * Diagnostic Output - MemoryDiagnoser *


// ***** BenchmarkRunner: End *****
Run time: 00:00:15 (15.83 sec), executed benchmarks: 3

// Found 3 benchmarks:
//   CreateDeflateFastArchive.SharpCompress: Quick(MaxRelativeError=0.05, Arguments=/p:MatrixMode=Benchmark, IterationTime=250ms, MaxIterationCount=12, MaxWarmupIterationCount=5, MinIterationCount=8, MinWarmupIterationCount=3)
//   CreateDeflateFastArchive.SharpZipLib: Quick(MaxRelativeError=0.05, Arguments=/p:MatrixMode=Benchmark, IterationTime=250ms, MaxIterationCount=12, MaxWarmupIterationCount=5, MinIterationCount=8, MinWarmupIterationCount=3)
//   CreateDeflateFastArchive.SystemIOCompression: Quick(MaxRelativeError=0.05, Arguments=/p:MatrixMode=Benchmark, IterationTime=250ms, MaxIterationCount=12, MaxWarmupIterationCount=5, MinIterationCount=8, MinWarmupIterationCount=3)

// **************************
// Benchmark: CreateDeflateFastArchive.SharpCompress: Quick(MaxRelativeError=0.05, Arguments=/p:MatrixMode=Benchmark, IterationTime=250ms, MaxIterationCount=12, MaxWarmupIterationCount=5, MinIterationCount=8, MinWarmupIterationCount=3)
// *** Execute ***
// Launch: 1 / 1
// Execute: dotnet Matrix.ZipArchives-Quick-1.dll --anonymousPipes 129 130 --benchmarkName Matrix.ZipArchives.Benchmarks.CreateDeflateFastArchive.SharpCompress --job Quick --benchmarkId 3 in /home/runner/work/dotnet-matrix/dotnet-matrix/src/Matrix.ZipArchives/bin/Benchmark/Release/net10.0/Matrix.ZipArchives-Quick-1/bin/Release/net10.0
// Failed to set up high priority (Permission denied). In order to run benchmarks with high priority, make sure you have the right permissions.
// BeforeAnythingElse

// Benchmark Process Environment Information:
// BenchmarkDotNet v0.15.8
// Runtime=.NET 10.0.10 (10.0.10, 10.0.1026.32716), X64 RyuJIT x86-64-v3
// GC=Concurrent Workstation
// HardwareIntrinsics=AVX2+BMI1+BMI2+F16C+FMA+LZCNT+MOVBE,AVX,SSE3+SSSE3+SSE4.1+SSE4.2+POPCNT,X86Base+SSE+SSE2,AES+PCLMUL VectorSize=256
// Job: Quick(MaxRelativeError=0.05, IterationTime=250ms, MaxIterationCount=12, MaxWarmupIterationCount=5, MinIterationCount=8, MinWarmupIterationCount=3)

OverheadJitting  1: 1 op, 234146.00 ns, 234.1460 us/op
WorkloadJitting  1: 1 op, 40922430.00 ns, 40.9224 ms/op

WorkloadPilot    1: 4 op, 31934336.00 ns, 7.9836 ms/op
WorkloadPilot    2: 31 op, 163708392.00 ns, 5.2809 ms/op
WorkloadPilot    3: 47 op, 186703284.00 ns, 3.9724 ms/op
WorkloadPilot    4: 63 op, 186145515.00 ns, 2.9547 ms/op
WorkloadPilot    5: 85 op, 245601432.00 ns, 2.8894 ms/op
WorkloadPilot    6: 87 op, 252288841.00 ns, 2.8999 ms/op

WorkloadWarmup   1: 87 op, 254923436.00 ns, 2.9302 ms/op
WorkloadWarmup   2: 87 op, 248381706.00 ns, 2.8550 ms/op
WorkloadWarmup   3: 87 op, 247904098.00 ns, 2.8495 ms/op
WorkloadWarmup   4: 87 op, 249432163.00 ns, 2.8670 ms/op
WorkloadWarmup   5: 87 op, 248464912.00 ns, 2.8559 ms/op

// BeforeActualRun
WorkloadActual   1: 87 op, 254600425.00 ns, 2.9264 ms/op
WorkloadActual   2: 87 op, 255291681.00 ns, 2.9344 ms/op
WorkloadActual   3: 87 op, 250443635.00 ns, 2.8787 ms/op
WorkloadActual   4: 87 op, 247765479.00 ns, 2.8479 ms/op
WorkloadActual   5: 87 op, 248461866.00 ns, 2.8559 ms/op
WorkloadActual   6: 87 op, 252764617.00 ns, 2.9053 ms/op
WorkloadActual   7: 87 op, 248844579.00 ns, 2.8603 ms/op
WorkloadActual   8: 87 op, 250481677.00 ns, 2.8791 ms/op

// AfterActualRun
WorkloadResult   1: 87 op, 254600425.00 ns, 2.9264 ms/op
WorkloadResult   2: 87 op, 255291681.00 ns, 2.9344 ms/op
WorkloadResult   3: 87 op, 250443635.00 ns, 2.8787 ms/op
WorkloadResult   4: 87 op, 247765479.00 ns, 2.8479 ms/op
WorkloadResult   5: 87 op, 248461866.00 ns, 2.8559 ms/op
WorkloadResult   6: 87 op, 252764617.00 ns, 2.9053 ms/op
WorkloadResult   7: 87 op, 248844579.00 ns, 2.8603 ms/op
WorkloadResult   8: 87 op, 250481677.00 ns, 2.8791 ms/op
// GC:  3 3 3 30739080 87
// Threading:  0 0 87

// AfterAll
// Benchmark Process 3441 has exited with code 0.

Mean = 2.886 ms, StdErr = 0.012 ms (0.40%), N = 8, StdDev = 0.033 ms
Min = 2.848 ms, Q1 = 2.859 ms, Median = 2.879 ms, Q3 = 2.911 ms, Max = 2.934 ms
IQR = 0.051 ms, LowerFence = 2.782 ms, UpperFence = 2.988 ms
ConfidenceInterval = [2.824 ms; 2.948 ms] (CI 99.9%), Margin = 0.062 ms (2.16% of Mean)
Skewness = 0.31, Kurtosis = 1.28, MValue = 2

// ** Remained 34 (89.5 %) benchmark(s) to run. Estimated finish 2026-08-11 9:31 (0h 2m from now) **
// **************************
// Benchmark: CreateDeflateFastArchive.SharpZipLib: Quick(MaxRelativeError=0.05, Arguments=/p:MatrixMode=Benchmark, IterationTime=250ms, MaxIterationCount=12, MaxWarmupIterationCount=5, MinIterationCount=8, MinWarmupIterationCount=3)
// *** Execute ***
// Launch: 1 / 1
// Execute: dotnet Matrix.ZipArchives-Quick-1.dll --anonymousPipes 129 130 --benchmarkName Matrix.ZipArchives.Benchmarks.CreateDeflateFastArchive.SharpZipLib --job Quick --benchmarkId 4 in /home/runner/work/dotnet-matrix/dotnet-matrix/src/Matrix.ZipArchives/bin/Benchmark/Release/net10.0/Matrix.ZipArchives-Quick-1/bin/Release/net10.0
// Failed to set up high priority (Permission denied). In order to run benchmarks with high priority, make sure you have the right permissions.
// BeforeAnythingElse

// Benchmark Process Environment Information:
// BenchmarkDotNet v0.15.8
// Runtime=.NET 10.0.10 (10.0.10, 10.0.1026.32716), X64 RyuJIT x86-64-v3
// GC=Concurrent Workstation
// HardwareIntrinsics=AVX2+BMI1+BMI2+F16C+FMA+LZCNT+MOVBE,AVX,SSE3+SSSE3+SSE4.1+SSE4.2+POPCNT,X86Base+SSE+SSE2,AES+PCLMUL VectorSize=256
// Job: Quick(MaxRelativeError=0.05, IterationTime=250ms, MaxIterationCount=12, MaxWarmupIterationCount=5, MinIterationCount=8, MinWarmupIterationCount=3)

OverheadJitting  1: 1 op, 227394.00 ns, 227.3940 us/op
WorkloadJitting  1: 1 op, 29744339.00 ns, 29.7443 ms/op

WorkloadPilot    1: 4 op, 20736065.00 ns, 5.1840 ms/op
WorkloadPilot    2: 48 op, 195748161.00 ns, 4.0781 ms/op
WorkloadPilot    3: 61 op, 146507596.00 ns, 2.4018 ms/op
WorkloadPilot    4: 104 op, 228957627.00 ns, 2.2015 ms/op
WorkloadPilot    5: 114 op, 247196681.00 ns, 2.1684 ms/op

WorkloadWarmup   1: 114 op, 249289687.00 ns, 2.1868 ms/op
WorkloadWarmup   2: 114 op, 245818795.00 ns, 2.1563 ms/op
WorkloadWarmup   3: 114 op, 245135762.00 ns, 2.1503 ms/op
WorkloadWarmup   4: 114 op, 245688843.00 ns, 2.1552 ms/op
WorkloadWarmup   5: 114 op, 245729128.00 ns, 2.1555 ms/op

// BeforeActualRun
WorkloadActual   1: 114 op, 247357691.00 ns, 2.1698 ms/op
WorkloadActual   2: 114 op, 245287675.00 ns, 2.1516 ms/op
WorkloadActual   3: 114 op, 248335672.00 ns, 2.1784 ms/op
WorkloadActual   4: 114 op, 245167631.00 ns, 2.1506 ms/op
WorkloadActual   5: 114 op, 245033092.00 ns, 2.1494 ms/op
WorkloadActual   6: 114 op, 245892662.00 ns, 2.1570 ms/op
WorkloadActual   7: 114 op, 247834549.00 ns, 2.1740 ms/op
WorkloadActual   8: 114 op, 247110540.00 ns, 2.1676 ms/op

// AfterActualRun
WorkloadResult   1: 114 op, 247357691.00 ns, 2.1698 ms/op
WorkloadResult   2: 114 op, 245287675.00 ns, 2.1516 ms/op
WorkloadResult   3: 114 op, 248335672.00 ns, 2.1784 ms/op
WorkloadResult   4: 114 op, 245167631.00 ns, 2.1506 ms/op
WorkloadResult   5: 114 op, 245033092.00 ns, 2.1494 ms/op
WorkloadResult   6: 114 op, 245892662.00 ns, 2.1570 ms/op
WorkloadResult   7: 114 op, 247834549.00 ns, 2.1740 ms/op
WorkloadResult   8: 114 op, 247110540.00 ns, 2.1676 ms/op
// GC:  6 5 3 72715776 114
// Threading:  0 0 114

// AfterAll
// Benchmark Process 3452 has exited with code 0.

Mean = 2.162 ms, StdErr = 0.004 ms (0.19%), N = 8, StdDev = 0.011 ms
Min = 2.149 ms, Q1 = 2.151 ms, Median = 2.162 ms, Q3 = 2.171 ms, Max = 2.178 ms
IQR = 0.019 ms, LowerFence = 2.122 ms, UpperFence = 2.200 ms
ConfidenceInterval = [2.140 ms; 2.184 ms] (CI 99.9%), Margin = 0.022 ms (1.02% of Mean)
Skewness = 0.1, Kurtosis = 1.07, MValue = 2

// ** Remained 33 (86.8 %) benchmark(s) to run. Estimated finish 2026-08-11 9:31 (0h 2m from now) **
// **************************
// Benchmark: CreateDeflateFastArchive.SystemIOCompression: Quick(MaxRelativeError=0.05, Arguments=/p:MatrixMode=Benchmark, IterationTime=250ms, MaxIterationCount=12, MaxWarmupIterationCount=5, MinIterationCount=8, MinWarmupIterationCount=3)
// *** Execute ***
// Launch: 1 / 1
// Execute: dotnet Matrix.ZipArchives-Quick-1.dll --anonymousPipes 129 130 --benchmarkName Matrix.ZipArchives.Benchmarks.CreateDeflateFastArchive.SystemIOCompression --job Quick --benchmarkId 5 in /home/runner/work/dotnet-matrix/dotnet-matrix/src/Matrix.ZipArchives/bin/Benchmark/Release/net10.0/Matrix.ZipArchives-Quick-1/bin/Release/net10.0
// Failed to set up high priority (Permission denied). In order to run benchmarks with high priority, make sure you have the right permissions.
// BeforeAnythingElse

// Benchmark Process Environment Information:
// BenchmarkDotNet v0.15.8
// Runtime=.NET 10.0.10 (10.0.10, 10.0.1026.32716), X64 RyuJIT x86-64-v3
// GC=Concurrent Workstation
// HardwareIntrinsics=AVX2+BMI1+BMI2+F16C+FMA+LZCNT+MOVBE,AVX,SSE3+SSSE3+SSE4.1+SSE4.2+POPCNT,X86Base+SSE+SSE2,AES+PCLMUL VectorSize=256
// Job: Quick(MaxRelativeError=0.05, IterationTime=250ms, MaxIterationCount=12, MaxWarmupIterationCount=5, MinIterationCount=8, MinWarmupIterationCount=3)

OverheadJitting  1: 1 op, 239205.00 ns, 239.2050 us/op
WorkloadJitting  1: 1 op, 6447586.00 ns, 6.4476 ms/op

OverheadJitting  2: 16 op, 519196.00 ns, 32.4498 us/op
WorkloadJitting  2: 16 op, 13250484.00 ns, 828.1553 us/op

WorkloadPilot    1: 16 op, 12545432.00 ns, 784.0895 us/op
WorkloadPilot    2: 320 op, 225196683.00 ns, 703.7396 us/op
WorkloadPilot    3: 368 op, 255672805.00 ns, 694.7631 us/op

OverheadWarmup   1: 368 op, 3977.00 ns, 10.8071 ns/op
OverheadWarmup   2: 368 op, 3697.00 ns, 10.0462 ns/op
OverheadWarmup   3: 368 op, 3767.00 ns, 10.2364 ns/op
OverheadWarmup   4: 368 op, 3546.00 ns, 9.6359 ns/op
OverheadWarmup   5: 368 op, 3587.00 ns, 9.7473 ns/op
OverheadWarmup   6: 368 op, 3537.00 ns, 9.6114 ns/op

OverheadActual   1: 368 op, 3587.00 ns, 9.7473 ns/op
OverheadActual   2: 368 op, 3607.00 ns, 9.8016 ns/op
OverheadActual   3: 368 op, 3246.00 ns, 8.8207 ns/op
OverheadActual   4: 368 op, 3607.00 ns, 9.8016 ns/op
OverheadActual   5: 368 op, 3586.00 ns, 9.7446 ns/op
OverheadActual   6: 368 op, 3557.00 ns, 9.6658 ns/op
OverheadActual   7: 368 op, 3597.00 ns, 9.7745 ns/op
OverheadActual   8: 368 op, 3536.00 ns, 9.6087 ns/op
OverheadActual   9: 368 op, 3517.00 ns, 9.5571 ns/op
OverheadActual  10: 368 op, 3597.00 ns, 9.7745 ns/op

WorkloadWarmup   1: 368 op, 259277347.00 ns, 704.5580 us/op
WorkloadWarmup   2: 368 op, 257386596.00 ns, 699.4201 us/op
WorkloadWarmup   3: 368 op, 253367883.00 ns, 688.4997 us/op
WorkloadWarmup   4: 368 op, 249804937.00 ns, 678.8178 us/op
WorkloadWarmup   5: 368 op, 247121421.00 ns, 671.5256 us/op

// BeforeActualRun
WorkloadActual   1: 368 op, 253005758.00 ns, 687.5156 us/op
WorkloadActual   2: 368 op, 247785677.00 ns, 673.3306 us/op
WorkloadActual   3: 368 op, 251634154.00 ns, 683.7885 us/op
WorkloadActual   4: 368 op, 249374726.00 ns, 677.6487 us/op
WorkloadActual   5: 368 op, 248861841.00 ns, 676.2550 us/op
WorkloadActual   6: 368 op, 249997165.00 ns, 679.3401 us/op
WorkloadActual   7: 368 op, 248341443.00 ns, 674.8409 us/op
WorkloadActual   8: 368 op, 254201566.00 ns, 690.7651 us/op

// AfterActualRun
WorkloadResult   1: 368 op, 253002171.50 ns, 687.5059 us/op
WorkloadResult   2: 368 op, 247782090.50 ns, 673.3209 us/op
WorkloadResult   3: 368 op, 251630567.50 ns, 683.7787 us/op
WorkloadResult   4: 368 op, 249371139.50 ns, 677.6390 us/op
WorkloadResult   5: 368 op, 248858254.50 ns, 676.2453 us/op
WorkloadResult   6: 368 op, 249993578.50 ns, 679.3304 us/op
WorkloadResult   7: 368 op, 248337856.50 ns, 674.8311 us/op
WorkloadResult   8: 368 op, 254197979.50 ns, 690.7554 us/op
// GC:  15 15 15 124238048 368
// Threading:  0 0 368

// AfterAll
// Benchmark Process 3461 has exited with code 0.

Mean = 680.426 μs, StdErr = 2.221 μs (0.33%), N = 8, StdDev = 6.283 μs
Min = 673.321 μs, Q1 = 675.892 μs, Median = 678.485 μs, Q3 = 684.711 μs, Max = 690.755 μs
IQR = 8.819 μs, LowerFence = 662.664 μs, UpperFence = 697.939 μs
ConfidenceInterval = [668.414 μs; 692.438 μs] (CI 99.9%), Margin = 12.012 μs (1.77% of Mean)
Skewness = 0.44, Kurtosis = 1.44, MValue = 2

// ** Remained 32 (84.2 %) benchmark(s) to run. Estimated finish 2026-08-11 9:31 (0h 2m from now) **
// ***** BenchmarkRunner: Finish  *****

// * Export *
  tmp/dotnet-matrix/ZipArchives/6cf630e1fdda4270a6a7ce32a4ac7a8c/results/Matrix.ZipArchives.Benchmarks.CreateDeflateFastArchive-report.csv
  tmp/dotnet-matrix/ZipArchives/6cf630e1fdda4270a6a7ce32a4ac7a8c/results/Matrix.ZipArchives.Benchmarks.CreateDeflateFastArchive-report-github.md
  tmp/dotnet-matrix/ZipArchives/6cf630e1fdda4270a6a7ce32a4ac7a8c/results/Matrix.ZipArchives.Benchmarks.CreateDeflateFastArchive-report.html
  tmp/dotnet-matrix/ZipArchives/6cf630e1fdda4270a6a7ce32a4ac7a8c/results/Matrix.ZipArchives.Benchmarks.CreateDeflateFastArchive-report-full.json

// * Detailed results *
CreateDeflateFastArchive.SystemIOCompression: Quick(MaxRelativeError=0.05, Arguments=/p:MatrixMode=Benchmark, IterationTime=250ms, MaxIterationCount=12, MaxWarmupIterationCount=5, MinIterationCount=8, MinWarmupIterationCount=3)
Runtime = .NET 10.0.10 (10.0.10, 10.0.1026.32716), X64 RyuJIT x86-64-v3; GC = Concurrent Workstation
Mean = 680.426 μs, StdErr = 2.221 μs (0.33%), N = 8, StdDev = 6.283 μs
Min = 673.321 μs, Q1 = 675.892 μs, Median = 678.485 μs, Q3 = 684.711 μs, Max = 690.755 μs
IQR = 8.819 μs, LowerFence = 662.664 μs, UpperFence = 697.939 μs
ConfidenceInterval = [668.414 μs; 692.438 μs] (CI 99.9%), Margin = 12.012 μs (1.77% of Mean)
Skewness = 0.44, Kurtosis = 1.44, MValue = 2
-------------------- Histogram --------------------
[669.198 μs ; 694.878 μs) | @@@@@@@@
---------------------------------------------------

CreateDeflateFastArchive.SharpZipLib: Quick(MaxRelativeError=0.05, Arguments=/p:MatrixMode=Benchmark, IterationTime=250ms, MaxIterationCount=12, MaxWarmupIterationCount=5, MinIterationCount=8, MinWarmupIterationCount=3)
Runtime = .NET 10.0.10 (10.0.10, 10.0.1026.32716), X64 RyuJIT x86-64-v3; GC = Concurrent Workstation
Mean = 2.162 ms, StdErr = 0.004 ms (0.19%), N = 8, StdDev = 0.011 ms
Min = 2.149 ms, Q1 = 2.151 ms, Median = 2.162 ms, Q3 = 2.171 ms, Max = 2.178 ms
IQR = 0.019 ms, LowerFence = 2.122 ms, UpperFence = 2.200 ms
ConfidenceInterval = [2.140 ms; 2.184 ms] (CI 99.9%), Margin = 0.022 ms (1.02% of Mean)
Skewness = 0.1, Kurtosis = 1.07, MValue = 2
-------------------- Histogram --------------------
[2.142 ms ; 2.186 ms) | @@@@@@@@
---------------------------------------------------

CreateDeflateFastArchive.SharpCompress: Quick(MaxRelativeError=0.05, Arguments=/p:MatrixMode=Benchmark, IterationTime=250ms, MaxIterationCount=12, MaxWarmupIterationCount=5, MinIterationCount=8, MinWarmupIterationCount=3)
Runtime = .NET 10.0.10 (10.0.10, 10.0.1026.32716), X64 RyuJIT x86-64-v3; GC = Concurrent Workstation
Mean = 2.886 ms, StdErr = 0.012 ms (0.40%), N = 8, StdDev = 0.033 ms
Min = 2.848 ms, Q1 = 2.859 ms, Median = 2.879 ms, Q3 = 2.911 ms, Max = 2.934 ms
IQR = 0.051 ms, LowerFence = 2.782 ms, UpperFence = 2.988 ms
ConfidenceInterval = [2.824 ms; 2.948 ms] (CI 99.9%), Margin = 0.062 ms (2.16% of Mean)
Skewness = 0.31, Kurtosis = 1.28, MValue = 2
-------------------- Histogram --------------------
[2.835 ms ; 2.949 ms) | @@@@@@@@
---------------------------------------------------

// * Summary *

BenchmarkDotNet v0.15.8, Linux Ubuntu 24.04.4 LTS (Noble Numbat)
AMD EPYC 7763 2.45GHz, 1 CPU, 4 logical and 2 physical cores
.NET SDK 10.0.302
  [Host] : .NET 10.0.10 (10.0.10, 10.0.1026.32716), X64 RyuJIT x86-64-v3
  Quick  : .NET 10.0.10 (10.0.10, 10.0.1026.32716), X64 RyuJIT x86-64-v3

Job=Quick  MaxRelativeError=0.05  Arguments=/p:MatrixMode=Benchmark  
IterationTime=250ms  MaxIterationCount=12  MaxWarmupIterationCount=5  
MinIterationCount=8  MinWarmupIterationCount=3  

| Method              | Mean       | Error    | StdDev   | Ratio | RatioSD | Gen0    | Gen1    | Gen2    | Allocated | Alloc Ratio |
|-------------------- |-----------:|---------:|---------:|------:|--------:|--------:|--------:|--------:|----------:|------------:|
| SystemIOCompression |   680.4 μs | 12.01 μs |  6.28 μs |  1.00 |    0.01 | 40.7609 | 40.7609 | 40.7609 | 329.69 KB |        1.00 |
| SharpZipLib         | 2,162.3 μs | 21.98 μs | 11.50 μs |  3.18 |    0.03 | 52.6316 | 43.8596 | 26.3158 | 622.91 KB |        1.89 |
| SharpCompress       | 2,886.0 μs | 62.48 μs | 32.68 μs |  4.24 |    0.06 | 34.4828 | 34.4828 | 34.4828 | 345.04 KB |        1.05 |

// * Legends *
  Mean        : Arithmetic mean of all measurements
  Error       : Half of 99.9% confidence interval
  StdDev      : Standard deviation of all measurements
  Ratio       : Mean of the ratio distribution ([Current]/[Baseline])
  RatioSD     : Standard deviation of the ratio distribution ([Current]/[Baseline])
  Gen0        : GC Generation 0 collects per 1000 operations
  Gen1        : GC Generation 1 collects per 1000 operations
  Gen2        : GC Generation 2 collects per 1000 operations
  Allocated   : Allocated memory per single operation (managed only, inclusive, 1KB = 1024B)
  Alloc Ratio : Allocated memory ratio distribution ([Current]/[Baseline])
  1 μs        : 1 Microsecond (0.000001 sec)

// * Diagnostic Output - MemoryDiagnoser *


// ***** BenchmarkRunner: End *****
Run time: 00:00:13 (13.56 sec), executed benchmarks: 3

// Found 3 benchmarks:
//   CreateDeflateOptimalArchive.SharpCompress: Quick(MaxRelativeError=0.05, Arguments=/p:MatrixMode=Benchmark, IterationTime=250ms, MaxIterationCount=12, MaxWarmupIterationCount=5, MinIterationCount=8, MinWarmupIterationCount=3)
//   CreateDeflateOptimalArchive.SharpZipLib: Quick(MaxRelativeError=0.05, Arguments=/p:MatrixMode=Benchmark, IterationTime=250ms, MaxIterationCount=12, MaxWarmupIterationCount=5, MinIterationCount=8, MinWarmupIterationCount=3)
//   CreateDeflateOptimalArchive.SystemIOCompression: Quick(MaxRelativeError=0.05, Arguments=/p:MatrixMode=Benchmark, IterationTime=250ms, MaxIterationCount=12, MaxWarmupIterationCount=5, MinIterationCount=8, MinWarmupIterationCount=3)

// **************************
// Benchmark: CreateDeflateOptimalArchive.SharpCompress: Quick(MaxRelativeError=0.05, Arguments=/p:MatrixMode=Benchmark, IterationTime=250ms, MaxIterationCount=12, MaxWarmupIterationCount=5, MinIterationCount=8, MinWarmupIterationCount=3)
// *** Execute ***
// Launch: 1 / 1
// Execute: dotnet Matrix.ZipArchives-Quick-1.dll --anonymousPipes 129 130 --benchmarkName Matrix.ZipArchives.Benchmarks.CreateDeflateOptimalArchive.SharpCompress --job Quick --benchmarkId 6 in /home/runner/work/dotnet-matrix/dotnet-matrix/src/Matrix.ZipArchives/bin/Benchmark/Release/net10.0/Matrix.ZipArchives-Quick-1/bin/Release/net10.0
// Failed to set up high priority (Permission denied). In order to run benchmarks with high priority, make sure you have the right permissions.
// BeforeAnythingElse

// Benchmark Process Environment Information:
// BenchmarkDotNet v0.15.8
// Runtime=.NET 10.0.10 (10.0.10, 10.0.1026.32716), X64 RyuJIT x86-64-v3
// GC=Concurrent Workstation
// HardwareIntrinsics=AVX2+BMI1+BMI2+F16C+FMA+LZCNT+MOVBE,AVX,SSE3+SSSE3+SSE4.1+SSE4.2+POPCNT,X86Base+SSE+SSE2,AES+PCLMUL VectorSize=256
// Job: Quick(MaxRelativeError=0.05, IterationTime=250ms, MaxIterationCount=12, MaxWarmupIterationCount=5, MinIterationCount=8, MinWarmupIterationCount=3)

OverheadJitting  1: 1 op, 222975.00 ns, 222.9750 us/op
WorkloadJitting  1: 1 op, 41091096.00 ns, 41.0911 ms/op

WorkloadPilot    1: 4 op, 24949959.00 ns, 6.2375 ms/op
WorkloadPilot    2: 40 op, 209694051.00 ns, 5.2424 ms/op
WorkloadPilot    3: 48 op, 215641816.00 ns, 4.4925 ms/op
WorkloadPilot    4: 56 op, 191584069.00 ns, 3.4211 ms/op
WorkloadPilot    5: 73 op, 247811450.00 ns, 3.3947 ms/op

WorkloadWarmup   1: 73 op, 251036996.00 ns, 3.4389 ms/op
WorkloadWarmup   2: 73 op, 247214578.00 ns, 3.3865 ms/op
WorkloadWarmup   3: 73 op, 246757657.00 ns, 3.3802 ms/op
WorkloadWarmup   4: 73 op, 246768698.00 ns, 3.3804 ms/op
WorkloadWarmup   5: 73 op, 246791140.00 ns, 3.3807 ms/op

// BeforeActualRun
WorkloadActual   1: 73 op, 249206226.00 ns, 3.4138 ms/op
WorkloadActual   2: 73 op, 246779518.00 ns, 3.3805 ms/op
WorkloadActual   3: 73 op, 249236483.00 ns, 3.4142 ms/op
WorkloadActual   4: 73 op, 247989922.00 ns, 3.3971 ms/op
WorkloadActual   5: 73 op, 246684421.00 ns, 3.3792 ms/op
WorkloadActual   6: 73 op, 247125442.00 ns, 3.3853 ms/op
WorkloadActual   7: 73 op, 250073391.00 ns, 3.4257 ms/op
WorkloadActual   8: 73 op, 249346899.00 ns, 3.4157 ms/op

// AfterActualRun
WorkloadResult   1: 73 op, 249206226.00 ns, 3.4138 ms/op
WorkloadResult   2: 73 op, 246779518.00 ns, 3.3805 ms/op
WorkloadResult   3: 73 op, 249236483.00 ns, 3.4142 ms/op
WorkloadResult   4: 73 op, 247989922.00 ns, 3.3971 ms/op
WorkloadResult   5: 73 op, 246684421.00 ns, 3.3792 ms/op
WorkloadResult   6: 73 op, 247125442.00 ns, 3.3853 ms/op
WorkloadResult   7: 73 op, 250073391.00 ns, 3.4257 ms/op
WorkloadResult   8: 73 op, 249346899.00 ns, 3.4157 ms/op
// GC:  3 3 3 25758752 73
// Threading:  0 0 73

// AfterAll
// Benchmark Process 3472 has exited with code 0.

Mean = 3.401 ms, StdErr = 0.006 ms (0.19%), N = 8, StdDev = 0.018 ms
Min = 3.379 ms, Q1 = 3.384 ms, Median = 3.405 ms, Q3 = 3.415 ms, Max = 3.426 ms
IQR = 0.030 ms, LowerFence = 3.338 ms, UpperFence = 3.460 ms
ConfidenceInterval = [3.367 ms; 3.436 ms] (CI 99.9%), Margin = 0.035 ms (1.02% of Mean)
Skewness = -0.07, Kurtosis = 1.07, MValue = 2

// ** Remained 31 (81.6 %) benchmark(s) to run. Estimated finish 2026-08-11 9:31 (0h 2m from now) **
// **************************
// Benchmark: CreateDeflateOptimalArchive.SharpZipLib: Quick(MaxRelativeError=0.05, Arguments=/p:MatrixMode=Benchmark, IterationTime=250ms, MaxIterationCount=12, MaxWarmupIterationCount=5, MinIterationCount=8, MinWarmupIterationCount=3)
// *** Execute ***
// Launch: 1 / 1
// Execute: dotnet Matrix.ZipArchives-Quick-1.dll --anonymousPipes 129 130 --benchmarkName Matrix.ZipArchives.Benchmarks.CreateDeflateOptimalArchive.SharpZipLib --job Quick --benchmarkId 7 in /home/runner/work/dotnet-matrix/dotnet-matrix/src/Matrix.ZipArchives/bin/Benchmark/Release/net10.0/Matrix.ZipArchives-Quick-1/bin/Release/net10.0
// Failed to set up high priority (Permission denied). In order to run benchmarks with high priority, make sure you have the right permissions.
// BeforeAnythingElse

// Benchmark Process Environment Information:
// BenchmarkDotNet v0.15.8
// Runtime=.NET 10.0.10 (10.0.10, 10.0.1026.32716), X64 RyuJIT x86-64-v3
// GC=Concurrent Workstation
// HardwareIntrinsics=AVX2+BMI1+BMI2+F16C+FMA+LZCNT+MOVBE,AVX,SSE3+SSSE3+SSE4.1+SSE4.2+POPCNT,X86Base+SSE+SSE2,AES+PCLMUL VectorSize=256
// Job: Quick(MaxRelativeError=0.05, IterationTime=250ms, MaxIterationCount=12, MaxWarmupIterationCount=5, MinIterationCount=8, MinWarmupIterationCount=3)

OverheadJitting  1: 1 op, 252179.00 ns, 252.1790 us/op
WorkloadJitting  1: 1 op, 32540994.00 ns, 32.5410 ms/op

WorkloadPilot    1: 4 op, 21934084.00 ns, 5.4835 ms/op
WorkloadPilot    2: 46 op, 204524274.00 ns, 4.4462 ms/op
WorkloadPilot    3: 56 op, 159169870.00 ns, 2.8423 ms/op
WorkloadPilot    4: 88 op, 230874100.00 ns, 2.6236 ms/op
WorkloadPilot    5: 95 op, 245946186.00 ns, 2.5889 ms/op
WorkloadPilot    6: 97 op, 251802731.00 ns, 2.5959 ms/op

WorkloadWarmup   1: 97 op, 251885516.00 ns, 2.5968 ms/op
WorkloadWarmup   2: 97 op, 249866225.00 ns, 2.5759 ms/op
WorkloadWarmup   3: 97 op, 248457563.00 ns, 2.5614 ms/op
WorkloadWarmup   4: 97 op, 248214720.00 ns, 2.5589 ms/op
WorkloadWarmup   5: 97 op, 247538081.00 ns, 2.5519 ms/op

// BeforeActualRun
WorkloadActual   1: 97 op, 249858722.00 ns, 2.5759 ms/op
WorkloadActual   2: 97 op, 249877246.00 ns, 2.5761 ms/op
WorkloadActual   3: 97 op, 253199330.00 ns, 2.6103 ms/op
WorkloadActual   4: 97 op, 248928929.00 ns, 2.5663 ms/op
WorkloadActual   5: 97 op, 248820387.00 ns, 2.5652 ms/op
WorkloadActual   6: 97 op, 249740460.00 ns, 2.5746 ms/op
WorkloadActual   7: 97 op, 249267970.00 ns, 2.5698 ms/op
WorkloadActual   8: 97 op, 250617362.00 ns, 2.5837 ms/op

// AfterActualRun
WorkloadResult   1: 97 op, 249858722.00 ns, 2.5759 ms/op
WorkloadResult   2: 97 op, 249877246.00 ns, 2.5761 ms/op
WorkloadResult   3: 97 op, 248928929.00 ns, 2.5663 ms/op
WorkloadResult   4: 97 op, 248820387.00 ns, 2.5652 ms/op
WorkloadResult   5: 97 op, 249740460.00 ns, 2.5746 ms/op
WorkloadResult   6: 97 op, 249267970.00 ns, 2.5698 ms/op
WorkloadResult   7: 97 op, 250617362.00 ns, 2.5837 ms/op
// GC:  4 3 2 61709640 97
// Threading:  0 0 97

// AfterAll
// Benchmark Process 3481 has exited with code 0.

Mean = 2.573 ms, StdErr = 0.002 ms (0.10%), N = 7, StdDev = 0.006 ms
Min = 2.565 ms, Q1 = 2.568 ms, Median = 2.575 ms, Q3 = 2.576 ms, Max = 2.584 ms
IQR = 0.008 ms, LowerFence = 2.556 ms, UpperFence = 2.588 ms
ConfidenceInterval = [2.558 ms; 2.588 ms] (CI 99.9%), Margin = 0.015 ms (0.57% of Mean)
Skewness = 0.21, Kurtosis = 1.55, MValue = 2

// ** Remained 30 (78.9 %) benchmark(s) to run. Estimated finish 2026-08-11 9:31 (0h 2m from now) **
// **************************
// Benchmark: CreateDeflateOptimalArchive.SystemIOCompression: Quick(MaxRelativeError=0.05, Arguments=/p:MatrixMode=Benchmark, IterationTime=250ms, MaxIterationCount=12, MaxWarmupIterationCount=5, MinIterationCount=8, MinWarmupIterationCount=3)
// *** Execute ***
// Launch: 1 / 1
// Execute: dotnet Matrix.ZipArchives-Quick-1.dll --anonymousPipes 129 130 --benchmarkName Matrix.ZipArchives.Benchmarks.CreateDeflateOptimalArchive.SystemIOCompression --job Quick --benchmarkId 8 in /home/runner/work/dotnet-matrix/dotnet-matrix/src/Matrix.ZipArchives/bin/Benchmark/Release/net10.0/Matrix.ZipArchives-Quick-1/bin/Release/net10.0
// Failed to set up high priority (Permission denied). In order to run benchmarks with high priority, make sure you have the right permissions.
// BeforeAnythingElse

// Benchmark Process Environment Information:
// BenchmarkDotNet v0.15.8
// Runtime=.NET 10.0.10 (10.0.10, 10.0.1026.32716), X64 RyuJIT x86-64-v3
// GC=Concurrent Workstation
// HardwareIntrinsics=AVX2+BMI1+BMI2+F16C+FMA+LZCNT+MOVBE,AVX,SSE3+SSSE3+SSE4.1+SSE4.2+POPCNT,X86Base+SSE+SSE2,AES+PCLMUL VectorSize=256
// Job: Quick(MaxRelativeError=0.05, IterationTime=250ms, MaxIterationCount=12, MaxWarmupIterationCount=5, MinIterationCount=8, MinWarmupIterationCount=3)

OverheadJitting  1: 1 op, 223486.00 ns, 223.4860 us/op
WorkloadJitting  1: 1 op, 6966037.00 ns, 6.9660 ms/op

OverheadJitting  2: 16 op, 479693.00 ns, 29.9808 us/op
WorkloadJitting  2: 16 op, 21684536.00 ns, 1.3553 ms/op

WorkloadPilot    1: 16 op, 20984453.00 ns, 1.3115 ms/op
WorkloadPilot    2: 192 op, 252760291.00 ns, 1.3165 ms/op

OverheadWarmup   1: 192 op, 4348.00 ns, 22.6458 ns/op
OverheadWarmup   2: 192 op, 2395.00 ns, 12.4740 ns/op
OverheadWarmup   3: 192 op, 2265.00 ns, 11.7969 ns/op
OverheadWarmup   4: 192 op, 2515.00 ns, 13.0990 ns/op
OverheadWarmup   5: 192 op, 2224.00 ns, 11.5833 ns/op
OverheadWarmup   6: 192 op, 2355.00 ns, 12.2656 ns/op
OverheadWarmup   7: 192 op, 2184.00 ns, 11.3750 ns/op

OverheadActual   1: 192 op, 2104.00 ns, 10.9583 ns/op
OverheadActual   2: 192 op, 5160.00 ns, 26.8750 ns/op
OverheadActual   3: 192 op, 2274.00 ns, 11.8438 ns/op
OverheadActual   4: 192 op, 2254.00 ns, 11.7396 ns/op
OverheadActual   5: 192 op, 2234.00 ns, 11.6354 ns/op
OverheadActual   6: 192 op, 2244.00 ns, 11.6875 ns/op
OverheadActual   7: 192 op, 2294.00 ns, 11.9479 ns/op
OverheadActual   8: 192 op, 2264.00 ns, 11.7917 ns/op
OverheadActual   9: 192 op, 2184.00 ns, 11.3750 ns/op
OverheadActual  10: 192 op, 4959.00 ns, 25.8281 ns/op
OverheadActual  11: 192 op, 2234.00 ns, 11.6354 ns/op

WorkloadWarmup   1: 192 op, 250003980.00 ns, 1.3021 ms/op
WorkloadWarmup   2: 192 op, 250348241.00 ns, 1.3039 ms/op
WorkloadWarmup   3: 192 op, 249464085.00 ns, 1.2993 ms/op
WorkloadWarmup   4: 192 op, 234593434.00 ns, 1.2218 ms/op
WorkloadWarmup   5: 192 op, 228506633.00 ns, 1.1901 ms/op

// BeforeActualRun
WorkloadActual   1: 192 op, 233568275.00 ns, 1.2165 ms/op
WorkloadActual   2: 192 op, 226662370.00 ns, 1.1805 ms/op
WorkloadActual   3: 192 op, 226704659.00 ns, 1.1808 ms/op
WorkloadActual   4: 192 op, 226389552.00 ns, 1.1791 ms/op
WorkloadActual   5: 192 op, 226864977.00 ns, 1.1816 ms/op
WorkloadActual   6: 192 op, 227155567.00 ns, 1.1831 ms/op
WorkloadActual   7: 192 op, 226767586.00 ns, 1.1811 ms/op
WorkloadActual   8: 192 op, 226957060.00 ns, 1.1821 ms/op

// AfterActualRun
WorkloadResult   1: 192 op, 226660116.00 ns, 1.1805 ms/op
WorkloadResult   2: 192 op, 226702405.00 ns, 1.1807 ms/op
WorkloadResult   3: 192 op, 226387298.00 ns, 1.1791 ms/op
WorkloadResult   4: 192 op, 226862723.00 ns, 1.1816 ms/op
WorkloadResult   5: 192 op, 227153313.00 ns, 1.1831 ms/op
WorkloadResult   6: 192 op, 226765332.00 ns, 1.1811 ms/op
WorkloadResult   7: 192 op, 226954806.00 ns, 1.1821 ms/op
// GC:  2 0 0 38077440 192
// Threading:  0 0 192

// AfterAll
// Benchmark Process 3490 has exited with code 0.

Mean = 1.181 ms, StdErr = 0.000 ms (0.04%), N = 7, StdDev = 0.001 ms
Min = 1.179 ms, Q1 = 1.181 ms, Median = 1.181 ms, Q3 = 1.182 ms, Max = 1.183 ms
IQR = 0.001 ms, LowerFence = 1.179 ms, UpperFence = 1.184 ms
ConfidenceInterval = [1.178 ms; 1.184 ms] (CI 99.9%), Margin = 0.003 ms (0.24% of Mean)
Skewness = -0.09, Kurtosis = 1.85, MValue = 2

// ** Remained 29 (76.3 %) benchmark(s) to run. Estimated finish 2026-08-11 9:31 (0h 2m from now) **
// ***** BenchmarkRunner: Finish  *****

// * Export *
  tmp/dotnet-matrix/ZipArchives/6cf630e1fdda4270a6a7ce32a4ac7a8c/results/Matrix.ZipArchives.Benchmarks.CreateDeflateOptimalArchive-report.csv
  tmp/dotnet-matrix/ZipArchives/6cf630e1fdda4270a6a7ce32a4ac7a8c/results/Matrix.ZipArchives.Benchmarks.CreateDeflateOptimalArchive-report-github.md
  tmp/dotnet-matrix/ZipArchives/6cf630e1fdda4270a6a7ce32a4ac7a8c/results/Matrix.ZipArchives.Benchmarks.CreateDeflateOptimalArchive-report.html
  tmp/dotnet-matrix/ZipArchives/6cf630e1fdda4270a6a7ce32a4ac7a8c/results/Matrix.ZipArchives.Benchmarks.CreateDeflateOptimalArchive-report-full.json

// * Detailed results *
CreateDeflateOptimalArchive.SystemIOCompression: Quick(MaxRelativeError=0.05, Arguments=/p:MatrixMode=Benchmark, IterationTime=250ms, MaxIterationCount=12, MaxWarmupIterationCount=5, MinIterationCount=8, MinWarmupIterationCount=3)
Runtime = .NET 10.0.10 (10.0.10, 10.0.1026.32716), X64 RyuJIT x86-64-v3; GC = Concurrent Workstation
Mean = 1.181 ms, StdErr = 0.000 ms (0.04%), N = 7, StdDev = 0.001 ms
Min = 1.179 ms, Q1 = 1.181 ms, Median = 1.181 ms, Q3 = 1.182 ms, Max = 1.183 ms
IQR = 0.001 ms, LowerFence = 1.179 ms, UpperFence = 1.184 ms
ConfidenceInterval = [1.178 ms; 1.184 ms] (CI 99.9%), Margin = 0.003 ms (0.24% of Mean)
Skewness = -0.09, Kurtosis = 1.85, MValue = 2
-------------------- Histogram --------------------
[1.178 ms ; 1.184 ms) | @@@@@@@
---------------------------------------------------

CreateDeflateOptimalArchive.SharpZipLib: Quick(MaxRelativeError=0.05, Arguments=/p:MatrixMode=Benchmark, IterationTime=250ms, MaxIterationCount=12, MaxWarmupIterationCount=5, MinIterationCount=8, MinWarmupIterationCount=3)
Runtime = .NET 10.0.10 (10.0.10, 10.0.1026.32716), X64 RyuJIT x86-64-v3; GC = Concurrent Workstation
Mean = 2.573 ms, StdErr = 0.002 ms (0.10%), N = 7, StdDev = 0.006 ms
Min = 2.565 ms, Q1 = 2.568 ms, Median = 2.575 ms, Q3 = 2.576 ms, Max = 2.584 ms
IQR = 0.008 ms, LowerFence = 2.556 ms, UpperFence = 2.588 ms
ConfidenceInterval = [2.558 ms; 2.588 ms] (CI 99.9%), Margin = 0.015 ms (0.57% of Mean)
Skewness = 0.21, Kurtosis = 1.55, MValue = 2
-------------------- Histogram --------------------
[2.561 ms ; 2.588 ms) | @@@@@@@
---------------------------------------------------

CreateDeflateOptimalArchive.SharpCompress: Quick(MaxRelativeError=0.05, Arguments=/p:MatrixMode=Benchmark, IterationTime=250ms, MaxIterationCount=12, MaxWarmupIterationCount=5, MinIterationCount=8, MinWarmupIterationCount=3)
Runtime = .NET 10.0.10 (10.0.10, 10.0.1026.32716), X64 RyuJIT x86-64-v3; GC = Concurrent Workstation
Mean = 3.401 ms, StdErr = 0.006 ms (0.19%), N = 8, StdDev = 0.018 ms
Min = 3.379 ms, Q1 = 3.384 ms, Median = 3.405 ms, Q3 = 3.415 ms, Max = 3.426 ms
IQR = 0.030 ms, LowerFence = 3.338 ms, UpperFence = 3.460 ms
ConfidenceInterval = [3.367 ms; 3.436 ms] (CI 99.9%), Margin = 0.035 ms (1.02% of Mean)
Skewness = -0.07, Kurtosis = 1.07, MValue = 2
-------------------- Histogram --------------------
[3.367 ms ; 3.438 ms) | @@@@@@@@
---------------------------------------------------

// * Summary *

BenchmarkDotNet v0.15.8, Linux Ubuntu 24.04.4 LTS (Noble Numbat)
AMD EPYC 7763 2.45GHz, 1 CPU, 4 logical and 2 physical cores
.NET SDK 10.0.302
  [Host] : .NET 10.0.10 (10.0.10, 10.0.1026.32716), X64 RyuJIT x86-64-v3
  Quick  : .NET 10.0.10 (10.0.10, 10.0.1026.32716), X64 RyuJIT x86-64-v3

Job=Quick  MaxRelativeError=0.05  Arguments=/p:MatrixMode=Benchmark  
IterationTime=250ms  MaxIterationCount=12  MaxWarmupIterationCount=5  
MinIterationCount=8  MinWarmupIterationCount=3  

| Method              | Mean     | Error     | StdDev    | Ratio | Gen0    | Gen1    | Gen2    | Allocated | Alloc Ratio |
|-------------------- |---------:|----------:|----------:|------:|--------:|--------:|--------:|----------:|------------:|
| SystemIOCompression | 1.181 ms | 0.0028 ms | 0.0013 ms |  1.00 | 10.4167 |       - |       - | 193.67 KB |        1.00 |
| SharpZipLib         | 2.573 ms | 0.0146 ms | 0.0065 ms |  2.18 | 41.2371 | 30.9278 | 20.6186 | 621.27 KB |        3.21 |
| SharpCompress       | 3.401 ms | 0.0348 ms | 0.0182 ms |  2.88 | 41.0959 | 41.0959 | 41.0959 | 344.59 KB |        1.78 |

// * Hints *
Outliers
  CreateDeflateOptimalArchive.SystemIOCompression: Quick -> 1 outlier  was  removed (1.22 ms)
  CreateDeflateOptimalArchive.SharpZipLib: Quick         -> 1 outlier  was  removed (2.61 ms)

// * Legends *
  Mean        : Arithmetic mean of all measurements
  Error       : Half of 99.9% confidence interval
  StdDev      : Standard deviation of all measurements
  Ratio       : Mean of the ratio distribution ([Current]/[Baseline])
  Gen0        : GC Generation 0 collects per 1000 operations
  Gen1        : GC Generation 1 collects per 1000 operations
  Gen2        : GC Generation 2 collects per 1000 operations
  Allocated   : Allocated memory per single operation (managed only, inclusive, 1KB = 1024B)
  Alloc Ratio : Allocated memory ratio distribution ([Current]/[Baseline])
  1 ms        : 1 Millisecond (0.001 sec)

// * Diagnostic Output - MemoryDiagnoser *


// ***** BenchmarkRunner: End *****
Run time: 00:00:13 (13.2 sec), executed benchmarks: 3

// Found 3 benchmarks:
//   CreateManySmallEntries.SharpCompress: Quick(MaxRelativeError=0.05, Arguments=/p:MatrixMode=Benchmark, IterationTime=250ms, MaxIterationCount=12, MaxWarmupIterationCount=5, MinIterationCount=8, MinWarmupIterationCount=3)
//   CreateManySmallEntries.SharpZipLib: Quick(MaxRelativeError=0.05, Arguments=/p:MatrixMode=Benchmark, IterationTime=250ms, MaxIterationCount=12, MaxWarmupIterationCount=5, MinIterationCount=8, MinWarmupIterationCount=3)
//   CreateManySmallEntries.SystemIOCompression: Quick(MaxRelativeError=0.05, Arguments=/p:MatrixMode=Benchmark, IterationTime=250ms, MaxIterationCount=12, MaxWarmupIterationCount=5, MinIterationCount=8, MinWarmupIterationCount=3)

// **************************
// Benchmark: CreateManySmallEntries.SharpCompress: Quick(MaxRelativeError=0.05, Arguments=/p:MatrixMode=Benchmark, IterationTime=250ms, MaxIterationCount=12, MaxWarmupIterationCount=5, MinIterationCount=8, MinWarmupIterationCount=3)
// *** Execute ***
// Launch: 1 / 1
// Execute: dotnet Matrix.ZipArchives-Quick-1.dll --anonymousPipes 129 130 --benchmarkName Matrix.ZipArchives.Benchmarks.CreateManySmallEntries.SharpCompress --job Quick --benchmarkId 9 in /home/runner/work/dotnet-matrix/dotnet-matrix/src/Matrix.ZipArchives/bin/Benchmark/Release/net10.0/Matrix.ZipArchives-Quick-1/bin/Release/net10.0
// Failed to set up high priority (Permission denied). In order to run benchmarks with high priority, make sure you have the right permissions.
// BeforeAnythingElse

// Benchmark Process Environment Information:
// BenchmarkDotNet v0.15.8
// Runtime=.NET 10.0.10 (10.0.10, 10.0.1026.32716), X64 RyuJIT x86-64-v3
// GC=Concurrent Workstation
// HardwareIntrinsics=AVX2+BMI1+BMI2+F16C+FMA+LZCNT+MOVBE,AVX,SSE3+SSSE3+SSE4.1+SSE4.2+POPCNT,X86Base+SSE+SSE2,AES+PCLMUL VectorSize=256
// Job: Quick(MaxRelativeError=0.05, IterationTime=250ms, MaxIterationCount=12, MaxWarmupIterationCount=5, MinIterationCount=8, MinWarmupIterationCount=3)

OverheadJitting  1: 1 op, 251408.00 ns, 251.4080 us/op
WorkloadJitting  1: 1 op, 61114394.00 ns, 61.1144 ms/op

WorkloadPilot    1: 4 op, 106157623.00 ns, 26.5394 ms/op
WorkloadPilot    2: 9 op, 229783460.00 ns, 25.5315 ms/op

WorkloadWarmup   1: 9 op, 187530076.00 ns, 20.8367 ms/op
WorkloadWarmup   2: 9 op, 186347522.00 ns, 20.7053 ms/op
WorkloadWarmup   3: 9 op, 187575806.00 ns, 20.8418 ms/op
WorkloadWarmup   4: 9 op, 193598319.00 ns, 21.5109 ms/op
WorkloadWarmup   5: 9 op, 186403429.00 ns, 20.7115 ms/op

// BeforeActualRun
WorkloadActual   1: 9 op, 187203870.00 ns, 20.8004 ms/op
WorkloadActual   2: 9 op, 187232233.00 ns, 20.8036 ms/op
WorkloadActual   3: 9 op, 188185758.00 ns, 20.9095 ms/op
WorkloadActual   4: 9 op, 186612820.00 ns, 20.7348 ms/op
WorkloadActual   5: 9 op, 186739465.00 ns, 20.7488 ms/op
WorkloadActual   6: 9 op, 186887504.00 ns, 20.7653 ms/op
WorkloadActual   7: 9 op, 187812153.00 ns, 20.8680 ms/op
WorkloadActual   8: 9 op, 186049652.00 ns, 20.6722 ms/op

// AfterActualRun
WorkloadResult   1: 9 op, 187203870.00 ns, 20.8004 ms/op
WorkloadResult   2: 9 op, 187232233.00 ns, 20.8036 ms/op
WorkloadResult   3: 9 op, 188185758.00 ns, 20.9095 ms/op
WorkloadResult   4: 9 op, 186612820.00 ns, 20.7348 ms/op
WorkloadResult   5: 9 op, 186739465.00 ns, 20.7488 ms/op
WorkloadResult   6: 9 op, 186887504.00 ns, 20.7653 ms/op
WorkloadResult   7: 9 op, 187812153.00 ns, 20.8680 ms/op
WorkloadResult   8: 9 op, 186049652.00 ns, 20.6722 ms/op
// GC:  9 9 9 119715776 9
// Threading:  0 0 9

// AfterAll
// Benchmark Process 3498 has exited with code 0.

Mean = 20.788 ms, StdErr = 0.027 ms (0.13%), N = 8, StdDev = 0.075 ms
Min = 20.672 ms, Q1 = 20.745 ms, Median = 20.783 ms, Q3 = 20.820 ms, Max = 20.910 ms
IQR = 0.074 ms, LowerFence = 20.634 ms, UpperFence = 20.931 ms
ConfidenceInterval = [20.644 ms; 20.932 ms] (CI 99.9%), Margin = 0.144 ms (0.69% of Mean)
Skewness = 0.16, Kurtosis = 1.73, MValue = 2

// ** Remained 28 (73.7 %) benchmark(s) to run. Estimated finish 2026-08-11 9:31 (0h 2m from now) **
// **************************
// Benchmark: CreateManySmallEntries.SharpZipLib: Quick(MaxRelativeError=0.05, Arguments=/p:MatrixMode=Benchmark, IterationTime=250ms, MaxIterationCount=12, MaxWarmupIterationCount=5, MinIterationCount=8, MinWarmupIterationCount=3)
// *** Execute ***
// Launch: 1 / 1
// Execute: dotnet Matrix.ZipArchives-Quick-1.dll --anonymousPipes 129 130 --benchmarkName Matrix.ZipArchives.Benchmarks.CreateManySmallEntries.SharpZipLib --job Quick --benchmarkId 10 in /home/runner/work/dotnet-matrix/dotnet-matrix/src/Matrix.ZipArchives/bin/Benchmark/Release/net10.0/Matrix.ZipArchives-Quick-1/bin/Release/net10.0
// Failed to set up high priority (Permission denied). In order to run benchmarks with high priority, make sure you have the right permissions.
// BeforeAnythingElse

// Benchmark Process Environment Information:
// BenchmarkDotNet v0.15.8
// Runtime=.NET 10.0.10 (10.0.10, 10.0.1026.32716), X64 RyuJIT x86-64-v3
// GC=Concurrent Workstation
// HardwareIntrinsics=AVX2+BMI1+BMI2+F16C+FMA+LZCNT+MOVBE,AVX,SSE3+SSSE3+SSE4.1+SSE4.2+POPCNT,X86Base+SSE+SSE2,AES+PCLMUL VectorSize=256
// Job: Quick(MaxRelativeError=0.05, IterationTime=250ms, MaxIterationCount=12, MaxWarmupIterationCount=5, MinIterationCount=8, MinWarmupIterationCount=3)

OverheadJitting  1: 1 op, 228987.00 ns, 228.9870 us/op
WorkloadJitting  1: 1 op, 55250172.00 ns, 55.2502 ms/op

WorkloadPilot    1: 4 op, 75241254.00 ns, 18.8103 ms/op
WorkloadPilot    2: 13 op, 240568132.00 ns, 18.5052 ms/op

WorkloadWarmup   1: 13 op, 112716621.00 ns, 8.6705 ms/op
WorkloadWarmup   2: 13 op, 111415047.00 ns, 8.5704 ms/op
WorkloadWarmup   3: 13 op, 90964400.00 ns, 6.9973 ms/op
WorkloadWarmup   4: 13 op, 101431319.00 ns, 7.8024 ms/op
WorkloadWarmup   5: 13 op, 84978174.00 ns, 6.5368 ms/op

// BeforeActualRun
WorkloadActual   1: 13 op, 86077020.00 ns, 6.6213 ms/op
WorkloadActual   2: 13 op, 88498709.00 ns, 6.8076 ms/op
WorkloadActual   3: 13 op, 89052630.00 ns, 6.8502 ms/op
WorkloadActual   4: 13 op, 90449981.00 ns, 6.9577 ms/op
WorkloadActual   5: 13 op, 93004278.00 ns, 7.1542 ms/op
WorkloadActual   6: 13 op, 87455948.00 ns, 6.7274 ms/op
WorkloadActual   7: 13 op, 87047657.00 ns, 6.6960 ms/op
WorkloadActual   8: 13 op, 86529542.00 ns, 6.6561 ms/op

// AfterActualRun
WorkloadResult   1: 13 op, 86077020.00 ns, 6.6213 ms/op
WorkloadResult   2: 13 op, 88498709.00 ns, 6.8076 ms/op
WorkloadResult   3: 13 op, 89052630.00 ns, 6.8502 ms/op
WorkloadResult   4: 13 op, 90449981.00 ns, 6.9577 ms/op
WorkloadResult   5: 13 op, 93004278.00 ns, 7.1542 ms/op
WorkloadResult   6: 13 op, 87455948.00 ns, 6.7274 ms/op
WorkloadResult   7: 13 op, 87047657.00 ns, 6.6960 ms/op
WorkloadResult   8: 13 op, 86529542.00 ns, 6.6561 ms/op
// GC:  13 12 12 190731112 13
// Threading:  0 0 13

// AfterAll
// Benchmark Process 3509 has exited with code 0.

Mean = 6.809 ms, StdErr = 0.063 ms (0.92%), N = 8, StdDev = 0.178 ms
Min = 6.621 ms, Q1 = 6.686 ms, Median = 6.767 ms, Q3 = 6.877 ms, Max = 7.154 ms
IQR = 0.191 ms, LowerFence = 6.399 ms, UpperFence = 7.164 ms
ConfidenceInterval = [6.469 ms; 7.149 ms] (CI 99.9%), Margin = 0.340 ms (4.99% of Mean)
Skewness = 0.72, Kurtosis = 2.1, MValue = 2

// ** Remained 27 (71.1 %) benchmark(s) to run. Estimated finish 2026-08-11 9:30 (0h 1m from now) **
// **************************
// Benchmark: CreateManySmallEntries.SystemIOCompression: Quick(MaxRelativeError=0.05, Arguments=/p:MatrixMode=Benchmark, IterationTime=250ms, MaxIterationCount=12, MaxWarmupIterationCount=5, MinIterationCount=8, MinWarmupIterationCount=3)
// *** Execute ***
// Launch: 1 / 1
// Execute: dotnet Matrix.ZipArchives-Quick-1.dll --anonymousPipes 129 130 --benchmarkName Matrix.ZipArchives.Benchmarks.CreateManySmallEntries.SystemIOCompression --job Quick --benchmarkId 11 in /home/runner/work/dotnet-matrix/dotnet-matrix/src/Matrix.ZipArchives/bin/Benchmark/Release/net10.0/Matrix.ZipArchives-Quick-1/bin/Release/net10.0
// Failed to set up high priority (Permission denied). In order to run benchmarks with high priority, make sure you have the right permissions.
// BeforeAnythingElse

// Benchmark Process Environment Information:
// BenchmarkDotNet v0.15.8
// Runtime=.NET 10.0.10 (10.0.10, 10.0.1026.32716), X64 RyuJIT x86-64-v3
// GC=Concurrent Workstation
// HardwareIntrinsics=AVX2+BMI1+BMI2+F16C+FMA+LZCNT+MOVBE,AVX,SSE3+SSSE3+SSE4.1+SSE4.2+POPCNT,X86Base+SSE+SSE2,AES+PCLMUL VectorSize=256
// Job: Quick(MaxRelativeError=0.05, IterationTime=250ms, MaxIterationCount=12, MaxWarmupIterationCount=5, MinIterationCount=8, MinWarmupIterationCount=3)

OverheadJitting  1: 1 op, 226712.00 ns, 226.7120 us/op
WorkloadJitting  1: 1 op, 28288812.00 ns, 28.2888 ms/op

WorkloadPilot    1: 4 op, 21297845.00 ns, 5.3245 ms/op
WorkloadPilot    2: 47 op, 233020980.00 ns, 4.9579 ms/op
WorkloadPilot    3: 50 op, 307383628.00 ns, 6.1477 ms/op
WorkloadPilot    4: 41 op, 213308666.00 ns, 5.2027 ms/op
WorkloadPilot    5: 48 op, 277931550.00 ns, 5.7902 ms/op
WorkloadPilot    6: 43 op, 202386049.00 ns, 4.7067 ms/op
WorkloadPilot    7: 53 op, 237681547.00 ns, 4.4846 ms/op
WorkloadPilot    8: 56 op, 255827804.00 ns, 4.5684 ms/op

WorkloadWarmup   1: 56 op, 262384712.00 ns, 4.6854 ms/op
WorkloadWarmup   2: 56 op, 236343586.00 ns, 4.2204 ms/op
WorkloadWarmup   3: 56 op, 261462486.00 ns, 4.6690 ms/op
WorkloadWarmup   4: 56 op, 239985477.00 ns, 4.2855 ms/op
WorkloadWarmup   5: 56 op, 208056198.00 ns, 3.7153 ms/op

// BeforeActualRun
WorkloadActual   1: 56 op, 193389628.00 ns, 3.4534 ms/op
WorkloadActual   2: 56 op, 194698907.00 ns, 3.4768 ms/op
WorkloadActual   3: 56 op, 194217061.00 ns, 3.4682 ms/op
WorkloadActual   4: 56 op, 210815845.00 ns, 3.7646 ms/op
WorkloadActual   5: 56 op, 196337728.00 ns, 3.5060 ms/op
WorkloadActual   6: 56 op, 194460392.00 ns, 3.4725 ms/op
WorkloadActual   7: 56 op, 192227384.00 ns, 3.4326 ms/op
WorkloadActual   8: 56 op, 191938245.00 ns, 3.4275 ms/op

// AfterActualRun
WorkloadResult   1: 56 op, 193389628.00 ns, 3.4534 ms/op
WorkloadResult   2: 56 op, 194698907.00 ns, 3.4768 ms/op
WorkloadResult   3: 56 op, 194217061.00 ns, 3.4682 ms/op
WorkloadResult   4: 56 op, 196337728.00 ns, 3.5060 ms/op
WorkloadResult   5: 56 op, 194460392.00 ns, 3.4725 ms/op
WorkloadResult   6: 56 op, 192227384.00 ns, 3.4326 ms/op
WorkloadResult   7: 56 op, 191938245.00 ns, 3.4275 ms/op
// GC:  51 49 49 743417936 56
// Threading:  0 0 56

// AfterAll
// Benchmark Process 3520 has exited with code 0.

Mean = 3.462 ms, StdErr = 0.010 ms (0.30%), N = 7, StdDev = 0.027 ms
Min = 3.427 ms, Q1 = 3.443 ms, Median = 3.468 ms, Q3 = 3.475 ms, Max = 3.506 ms
IQR = 0.032 ms, LowerFence = 3.396 ms, UpperFence = 3.522 ms
ConfidenceInterval = [3.401 ms; 3.524 ms] (CI 99.9%), Margin = 0.061 ms (1.77% of Mean)
Skewness = 0.12, Kurtosis = 1.56, MValue = 2

// ** Remained 26 (68.4 %) benchmark(s) to run. Estimated finish 2026-08-11 9:30 (0h 1m from now) **
// ***** BenchmarkRunner: Finish  *****

// * Export *
  tmp/dotnet-matrix/ZipArchives/6cf630e1fdda4270a6a7ce32a4ac7a8c/results/Matrix.ZipArchives.Benchmarks.CreateManySmallEntries-report.csv
  tmp/dotnet-matrix/ZipArchives/6cf630e1fdda4270a6a7ce32a4ac7a8c/results/Matrix.ZipArchives.Benchmarks.CreateManySmallEntries-report-github.md
  tmp/dotnet-matrix/ZipArchives/6cf630e1fdda4270a6a7ce32a4ac7a8c/results/Matrix.ZipArchives.Benchmarks.CreateManySmallEntries-report.html
  tmp/dotnet-matrix/ZipArchives/6cf630e1fdda4270a6a7ce32a4ac7a8c/results/Matrix.ZipArchives.Benchmarks.CreateManySmallEntries-report-full.json

// * Detailed results *
CreateManySmallEntries.SystemIOCompression: Quick(MaxRelativeError=0.05, Arguments=/p:MatrixMode=Benchmark, IterationTime=250ms, MaxIterationCount=12, MaxWarmupIterationCount=5, MinIterationCount=8, MinWarmupIterationCount=3)
Runtime = .NET 10.0.10 (10.0.10, 10.0.1026.32716), X64 RyuJIT x86-64-v3; GC = Concurrent Workstation
Mean = 3.462 ms, StdErr = 0.010 ms (0.30%), N = 7, StdDev = 0.027 ms
Min = 3.427 ms, Q1 = 3.443 ms, Median = 3.468 ms, Q3 = 3.475 ms, Max = 3.506 ms
IQR = 0.032 ms, LowerFence = 3.396 ms, UpperFence = 3.522 ms
ConfidenceInterval = [3.401 ms; 3.524 ms] (CI 99.9%), Margin = 0.061 ms (1.77% of Mean)
Skewness = 0.12, Kurtosis = 1.56, MValue = 2
-------------------- Histogram --------------------
[3.409 ms ; 3.525 ms) | @@@@@@@
---------------------------------------------------

CreateManySmallEntries.SharpZipLib: Quick(MaxRelativeError=0.05, Arguments=/p:MatrixMode=Benchmark, IterationTime=250ms, MaxIterationCount=12, MaxWarmupIterationCount=5, MinIterationCount=8, MinWarmupIterationCount=3)
Runtime = .NET 10.0.10 (10.0.10, 10.0.1026.32716), X64 RyuJIT x86-64-v3; GC = Concurrent Workstation
Mean = 6.809 ms, StdErr = 0.063 ms (0.92%), N = 8, StdDev = 0.178 ms
Min = 6.621 ms, Q1 = 6.686 ms, Median = 6.767 ms, Q3 = 6.877 ms, Max = 7.154 ms
IQR = 0.191 ms, LowerFence = 6.399 ms, UpperFence = 7.164 ms
ConfidenceInterval = [6.469 ms; 7.149 ms] (CI 99.9%), Margin = 0.340 ms (4.99% of Mean)
Skewness = 0.72, Kurtosis = 2.1, MValue = 2
-------------------- Histogram --------------------
[6.619 ms ; 6.852 ms) | @@@@@@
[6.852 ms ; 7.173 ms) | @@
---------------------------------------------------

CreateManySmallEntries.SharpCompress: Quick(MaxRelativeError=0.05, Arguments=/p:MatrixMode=Benchmark, IterationTime=250ms, MaxIterationCount=12, MaxWarmupIterationCount=5, MinIterationCount=8, MinWarmupIterationCount=3)
Runtime = .NET 10.0.10 (10.0.10, 10.0.1026.32716), X64 RyuJIT x86-64-v3; GC = Concurrent Workstation
Mean = 20.788 ms, StdErr = 0.027 ms (0.13%), N = 8, StdDev = 0.075 ms
Min = 20.672 ms, Q1 = 20.745 ms, Median = 20.783 ms, Q3 = 20.820 ms, Max = 20.910 ms
IQR = 0.074 ms, LowerFence = 20.634 ms, UpperFence = 20.931 ms
ConfidenceInterval = [20.644 ms; 20.932 ms] (CI 99.9%), Margin = 0.144 ms (0.69% of Mean)
Skewness = 0.16, Kurtosis = 1.73, MValue = 2
-------------------- Histogram --------------------
[20.623 ms ; 20.959 ms) | @@@@@@@@
---------------------------------------------------

// * Summary *

BenchmarkDotNet v0.15.8, Linux Ubuntu 24.04.4 LTS (Noble Numbat)
AMD EPYC 7763 2.45GHz, 1 CPU, 4 logical and 2 physical cores
.NET SDK 10.0.302
  [Host] : .NET 10.0.10 (10.0.10, 10.0.1026.32716), X64 RyuJIT x86-64-v3
  Quick  : .NET 10.0.10 (10.0.10, 10.0.1026.32716), X64 RyuJIT x86-64-v3

Job=Quick  MaxRelativeError=0.05  Arguments=/p:MatrixMode=Benchmark  
IterationTime=250ms  MaxIterationCount=12  MaxWarmupIterationCount=5  
MinIterationCount=8  MinWarmupIterationCount=3  

| Method              | Mean      | Error     | StdDev    | Ratio | RatioSD | Gen0      | Gen1      | Gen2      | Allocated | Alloc Ratio |
|-------------------- |----------:|----------:|----------:|------:|--------:|----------:|----------:|----------:|----------:|------------:|
| SystemIOCompression |  3.462 ms | 0.0612 ms | 0.0272 ms |  1.00 |    0.01 |  910.7143 |  875.0000 |  875.0000 |  12.66 MB |        1.00 |
| SharpZipLib         |  6.809 ms | 0.3397 ms | 0.1777 ms |  1.97 |    0.05 | 1000.0000 |  923.0769 |  923.0769 |  13.99 MB |        1.11 |
| SharpCompress       | 20.788 ms | 0.1443 ms | 0.0755 ms |  6.00 |    0.05 | 1000.0000 | 1000.0000 | 1000.0000 |  12.69 MB |        1.00 |

// * Warnings *
MinIterationTime
  CreateManySmallEntries.SharpZipLib: Quick -> The minimum observed iteration time is 86.077ms which is very small. It's recommended to increase it to at least 100ms using more operations.

// * Hints *
Outliers
  CreateManySmallEntries.SystemIOCompression: Quick -> 1 outlier  was  removed (3.76 ms)

// * Legends *
  Mean        : Arithmetic mean of all measurements
  Error       : Half of 99.9% confidence interval
  StdDev      : Standard deviation of all measurements
  Ratio       : Mean of the ratio distribution ([Current]/[Baseline])
  RatioSD     : Standard deviation of the ratio distribution ([Current]/[Baseline])
  Gen0        : GC Generation 0 collects per 1000 operations
  Gen1        : GC Generation 1 collects per 1000 operations
  Gen2        : GC Generation 2 collects per 1000 operations
  Allocated   : Allocated memory per single operation (managed only, inclusive, 1KB = 1024B)
  Alloc Ratio : Allocated memory ratio distribution ([Current]/[Baseline])
  1 ms        : 1 Millisecond (0.001 sec)

// * Diagnostic Output - MemoryDiagnoser *


// ***** BenchmarkRunner: End *****
Run time: 00:00:10 (10.13 sec), executed benchmarks: 3

// Found 3 benchmarks:
//   CreateStoredArchive.SharpCompress: Quick(MaxRelativeError=0.05, Arguments=/p:MatrixMode=Benchmark, IterationTime=250ms, MaxIterationCount=12, MaxWarmupIterationCount=5, MinIterationCount=8, MinWarmupIterationCount=3)
//   CreateStoredArchive.SharpZipLib: Quick(MaxRelativeError=0.05, Arguments=/p:MatrixMode=Benchmark, IterationTime=250ms, MaxIterationCount=12, MaxWarmupIterationCount=5, MinIterationCount=8, MinWarmupIterationCount=3)
//   CreateStoredArchive.SystemIOCompression: Quick(MaxRelativeError=0.05, Arguments=/p:MatrixMode=Benchmark, IterationTime=250ms, MaxIterationCount=12, MaxWarmupIterationCount=5, MinIterationCount=8, MinWarmupIterationCount=3)

// **************************
// Benchmark: CreateStoredArchive.SharpCompress: Quick(MaxRelativeError=0.05, Arguments=/p:MatrixMode=Benchmark, IterationTime=250ms, MaxIterationCount=12, MaxWarmupIterationCount=5, MinIterationCount=8, MinWarmupIterationCount=3)
// *** Execute ***
// Launch: 1 / 1
// Execute: dotnet Matrix.ZipArchives-Quick-1.dll --anonymousPipes 129 130 --benchmarkName Matrix.ZipArchives.Benchmarks.CreateStoredArchive.SharpCompress --job Quick --benchmarkId 12 in /home/runner/work/dotnet-matrix/dotnet-matrix/src/Matrix.ZipArchives/bin/Benchmark/Release/net10.0/Matrix.ZipArchives-Quick-1/bin/Release/net10.0
// Failed to set up high priority (Permission denied). In order to run benchmarks with high priority, make sure you have the right permissions.
// BeforeAnythingElse

// Benchmark Process Environment Information:
// BenchmarkDotNet v0.15.8
// Runtime=.NET 10.0.10 (10.0.10, 10.0.1026.32716), X64 RyuJIT x86-64-v3
// GC=Concurrent Workstation
// HardwareIntrinsics=AVX2+BMI1+BMI2+F16C+FMA+LZCNT+MOVBE,AVX,SSE3+SSSE3+SSE4.1+SSE4.2+POPCNT,X86Base+SSE+SSE2,AES+PCLMUL VectorSize=256
// Job: Quick(MaxRelativeError=0.05, IterationTime=250ms, MaxIterationCount=12, MaxWarmupIterationCount=5, MinIterationCount=8, MinWarmupIterationCount=3)

OverheadJitting  1: 1 op, 223847.00 ns, 223.8470 us/op
WorkloadJitting  1: 1 op, 16413020.00 ns, 16.4130 ms/op

OverheadJitting  2: 16 op, 494902.00 ns, 30.9314 us/op
WorkloadJitting  2: 16 op, 18323858.00 ns, 1.1452 ms/op

WorkloadPilot    1: 16 op, 17014851.00 ns, 1.0634 ms/op
WorkloadPilot    2: 240 op, 251518602.00 ns, 1.0480 ms/op

OverheadWarmup   1: 240 op, 4418.00 ns, 18.4083 ns/op
OverheadWarmup   2: 240 op, 2725.00 ns, 11.3542 ns/op
OverheadWarmup   3: 240 op, 2675.00 ns, 11.1458 ns/op
OverheadWarmup   4: 240 op, 2916.00 ns, 12.1500 ns/op
OverheadWarmup   5: 240 op, 2685.00 ns, 11.1875 ns/op
OverheadWarmup   6: 240 op, 2665.00 ns, 11.1042 ns/op
OverheadWarmup   7: 240 op, 2575.00 ns, 10.7292 ns/op
OverheadWarmup   8: 240 op, 2675.00 ns, 11.1458 ns/op
OverheadWarmup   9: 240 op, 2555.00 ns, 10.6458 ns/op

OverheadActual   1: 240 op, 2635.00 ns, 10.9792 ns/op
OverheadActual   2: 240 op, 2655.00 ns, 11.0625 ns/op
OverheadActual   3: 240 op, 2715.00 ns, 11.3125 ns/op
OverheadActual   4: 240 op, 1563.00 ns, 6.5125 ns/op
OverheadActual   5: 240 op, 1553.00 ns, 6.4708 ns/op
OverheadActual   6: 240 op, 2605.00 ns, 10.8542 ns/op
OverheadActual   7: 240 op, 2504.00 ns, 10.4333 ns/op
OverheadActual   8: 240 op, 2584.00 ns, 10.7667 ns/op
OverheadActual   9: 240 op, 2595.00 ns, 10.8125 ns/op
OverheadActual  10: 240 op, 2695.00 ns, 11.2292 ns/op
OverheadActual  11: 240 op, 2585.00 ns, 10.7708 ns/op
OverheadActual  12: 240 op, 2665.00 ns, 11.1042 ns/op

WorkloadWarmup   1: 240 op, 248817620.00 ns, 1.0367 ms/op
WorkloadWarmup   2: 240 op, 245717905.00 ns, 1.0238 ms/op
WorkloadWarmup   3: 240 op, 245767007.00 ns, 1.0240 ms/op
WorkloadWarmup   4: 240 op, 245549471.00 ns, 1.0231 ms/op
WorkloadWarmup   5: 240 op, 244886847.00 ns, 1.0204 ms/op

// BeforeActualRun
WorkloadActual   1: 240 op, 246016391.00 ns, 1.0251 ms/op
WorkloadActual   2: 240 op, 245218054.00 ns, 1.0217 ms/op
WorkloadActual   3: 240 op, 245667651.00 ns, 1.0236 ms/op
WorkloadActual   4: 240 op, 248879061.00 ns, 1.0370 ms/op
WorkloadActual   5: 240 op, 247338032.00 ns, 1.0306 ms/op
WorkloadActual   6: 240 op, 246062126.00 ns, 1.0253 ms/op
WorkloadActual   7: 240 op, 246118561.00 ns, 1.0255 ms/op
WorkloadActual   8: 240 op, 245892710.00 ns, 1.0246 ms/op

// AfterActualRun
WorkloadResult   1: 240 op, 246013791.00 ns, 1.0251 ms/op
WorkloadResult   2: 240 op, 245215454.00 ns, 1.0217 ms/op
WorkloadResult   3: 240 op, 245665051.00 ns, 1.0236 ms/op
WorkloadResult   4: 240 op, 246059526.00 ns, 1.0252 ms/op
WorkloadResult   5: 240 op, 246115961.00 ns, 1.0255 ms/op
WorkloadResult   6: 240 op, 245890110.00 ns, 1.0245 ms/op
// GC:  43 43 43 158825328 240
// Threading:  0 0 240

// AfterAll
// Benchmark Process 3531 has exited with code 0.

Mean = 1.024 ms, StdErr = 0.001 ms (0.06%), N = 6, StdDev = 0.001 ms
Min = 1.022 ms, Q1 = 1.024 ms, Median = 1.025 ms, Q3 = 1.025 ms, Max = 1.025 ms
IQR = 0.001 ms, LowerFence = 1.022 ms, UpperFence = 1.027 ms
ConfidenceInterval = [1.020 ms; 1.028 ms] (CI 99.9%), Margin = 0.004 ms (0.39% of Mean)
Skewness = -0.8, Kurtosis = 1.9, MValue = 2

// ** Remained 25 (65.8 %) benchmark(s) to run. Estimated finish 2026-08-11 9:30 (0h 1m from now) **
// **************************
// Benchmark: CreateStoredArchive.SharpZipLib: Quick(MaxRelativeError=0.05, Arguments=/p:MatrixMode=Benchmark, IterationTime=250ms, MaxIterationCount=12, MaxWarmupIterationCount=5, MinIterationCount=8, MinWarmupIterationCount=3)
// *** Execute ***
// Launch: 1 / 1
// Execute: dotnet Matrix.ZipArchives-Quick-1.dll --anonymousPipes 129 130 --benchmarkName Matrix.ZipArchives.Benchmarks.CreateStoredArchive.SharpZipLib --job Quick --benchmarkId 13 in /home/runner/work/dotnet-matrix/dotnet-matrix/src/Matrix.ZipArchives/bin/Benchmark/Release/net10.0/Matrix.ZipArchives-Quick-1/bin/Release/net10.0
// Failed to set up high priority (Permission denied). In order to run benchmarks with high priority, make sure you have the right permissions.
// BeforeAnythingElse

// Benchmark Process Environment Information:
// BenchmarkDotNet v0.15.8
// Runtime=.NET 10.0.10 (10.0.10, 10.0.1026.32716), X64 RyuJIT x86-64-v3
// GC=Concurrent Workstation
// HardwareIntrinsics=AVX2+BMI1+BMI2+F16C+FMA+LZCNT+MOVBE,AVX,SSE3+SSSE3+SSE4.1+SSE4.2+POPCNT,X86Base+SSE+SSE2,AES+PCLMUL VectorSize=256
// Job: Quick(MaxRelativeError=0.05, IterationTime=250ms, MaxIterationCount=12, MaxWarmupIterationCount=5, MinIterationCount=8, MinWarmupIterationCount=3)

OverheadJitting  1: 1 op, 225730.00 ns, 225.7300 us/op
WorkloadJitting  1: 1 op, 18103785.00 ns, 18.1038 ms/op

WorkloadPilot    1: 4 op, 2754770.00 ns, 688.6925 us/op
WorkloadPilot    2: 363 op, 162468284.00 ns, 447.5710 us/op
WorkloadPilot    3: 559 op, 230441595.00 ns, 412.2390 us/op
WorkloadPilot    4: 606 op, 225167533.00 ns, 371.5636 us/op
WorkloadPilot    5: 673 op, 243256743.00 ns, 361.4513 us/op
WorkloadPilot    6: 692 op, 235450503.00 ns, 340.2464 us/op
WorkloadPilot    7: 735 op, 249267587.00 ns, 339.1396 us/op
WorkloadPilot    8: 737 op, 251732856.00 ns, 341.5643 us/op
WorkloadPilot    9: 732 op, 250415272.00 ns, 342.0974 us/op

WorkloadWarmup   1: 732 op, 251914845.00 ns, 344.1460 us/op
WorkloadWarmup   2: 732 op, 252317205.00 ns, 344.6956 us/op
WorkloadWarmup   3: 732 op, 251334414.00 ns, 343.3530 us/op
WorkloadWarmup   4: 732 op, 250129250.00 ns, 341.7066 us/op
WorkloadWarmup   5: 732 op, 250368686.00 ns, 342.0337 us/op

// BeforeActualRun
WorkloadActual   1: 732 op, 260177062.00 ns, 355.4331 us/op
WorkloadActual   2: 732 op, 247282478.00 ns, 337.8176 us/op
WorkloadActual   3: 732 op, 252214844.00 ns, 344.5558 us/op
WorkloadActual   4: 732 op, 254300308.00 ns, 347.4048 us/op
WorkloadActual   5: 732 op, 249435419.00 ns, 340.7588 us/op
WorkloadActual   6: 732 op, 248289852.00 ns, 339.1938 us/op
WorkloadActual   7: 732 op, 247819465.00 ns, 338.5512 us/op
WorkloadActual   8: 732 op, 248829286.00 ns, 339.9307 us/op

// AfterActualRun
WorkloadResult   1: 732 op, 247282478.00 ns, 337.8176 us/op
WorkloadResult   2: 732 op, 252214844.00 ns, 344.5558 us/op
WorkloadResult   3: 732 op, 254300308.00 ns, 347.4048 us/op
WorkloadResult   4: 732 op, 249435419.00 ns, 340.7588 us/op
WorkloadResult   5: 732 op, 248289852.00 ns, 339.1938 us/op
WorkloadResult   6: 732 op, 247819465.00 ns, 338.5512 us/op
WorkloadResult   7: 732 op, 248829286.00 ns, 339.9307 us/op
// GC:  133 133 133 717858912 732
// Threading:  0 0 732

// AfterAll
// Benchmark Process 3540 has exited with code 0.

Mean = 341.173 μs, StdErr = 1.328 μs (0.39%), N = 7, StdDev = 3.513 μs
Min = 337.818 μs, Q1 = 338.872 μs, Median = 339.931 μs, Q3 = 342.657 μs, Max = 347.405 μs
IQR = 3.785 μs, LowerFence = 333.195 μs, UpperFence = 348.334 μs
ConfidenceInterval = [333.261 μs; 349.085 μs] (CI 99.9%), Margin = 7.912 μs (2.32% of Mean)
Skewness = 0.71, Kurtosis = 1.72, MValue = 2

// ** Remained 24 (63.2 %) benchmark(s) to run. Estimated finish 2026-08-11 9:30 (0h 1m from now) **
// **************************
// Benchmark: CreateStoredArchive.SystemIOCompression: Quick(MaxRelativeError=0.05, Arguments=/p:MatrixMode=Benchmark, IterationTime=250ms, MaxIterationCount=12, MaxWarmupIterationCount=5, MinIterationCount=8, MinWarmupIterationCount=3)
// *** Execute ***
// Launch: 1 / 1
// Execute: dotnet Matrix.ZipArchives-Quick-1.dll --anonymousPipes 129 130 --benchmarkName Matrix.ZipArchives.Benchmarks.CreateStoredArchive.SystemIOCompression --job Quick --benchmarkId 14 in /home/runner/work/dotnet-matrix/dotnet-matrix/src/Matrix.ZipArchives/bin/Benchmark/Release/net10.0/Matrix.ZipArchives-Quick-1/bin/Release/net10.0
// Failed to set up high priority (Permission denied). In order to run benchmarks with high priority, make sure you have the right permissions.
// BeforeAnythingElse

// Benchmark Process Environment Information:
// BenchmarkDotNet v0.15.8
// Runtime=.NET 10.0.10 (10.0.10, 10.0.1026.32716), X64 RyuJIT x86-64-v3
// GC=Concurrent Workstation
// HardwareIntrinsics=AVX2+BMI1+BMI2+F16C+FMA+LZCNT+MOVBE,AVX,SSE3+SSSE3+SSE4.1+SSE4.2+POPCNT,X86Base+SSE+SSE2,AES+PCLMUL VectorSize=256
// Job: Quick(MaxRelativeError=0.05, IterationTime=250ms, MaxIterationCount=12, MaxWarmupIterationCount=5, MinIterationCount=8, MinWarmupIterationCount=3)

OverheadJitting  1: 1 op, 226532.00 ns, 226.5320 us/op
WorkloadJitting  1: 1 op, 5104918.00 ns, 5.1049 ms/op

OverheadJitting  2: 16 op, 484663.00 ns, 30.2914 us/op
WorkloadJitting  2: 16 op, 4762571.00 ns, 297.6607 us/op

WorkloadPilot    1: 16 op, 4001784.00 ns, 250.1115 us/op
WorkloadPilot    2: 1008 op, 237217850.00 ns, 235.3352 us/op
WorkloadPilot    3: 1072 op, 250306938.00 ns, 233.4953 us/op

OverheadWarmup   1: 1072 op, 6391.00 ns, 5.9618 ns/op
OverheadWarmup   2: 1072 op, 8566.00 ns, 7.9907 ns/op
OverheadWarmup   3: 1072 op, 8636.00 ns, 8.0560 ns/op
OverheadWarmup   4: 1072 op, 8566.00 ns, 7.9907 ns/op
OverheadWarmup   5: 1072 op, 8556.00 ns, 7.9813 ns/op
OverheadWarmup   6: 1072 op, 8276.00 ns, 7.7201 ns/op
OverheadWarmup   7: 1072 op, 8295.00 ns, 7.7379 ns/op
OverheadWarmup   8: 1072 op, 8356.00 ns, 7.7948 ns/op
OverheadWarmup   9: 1072 op, 8245.00 ns, 7.6912 ns/op

OverheadActual   1: 1072 op, 8316.00 ns, 7.7575 ns/op
OverheadActual   2: 1072 op, 8406.00 ns, 7.8414 ns/op
OverheadActual   3: 1072 op, 8386.00 ns, 7.8228 ns/op
OverheadActual   4: 1072 op, 8276.00 ns, 7.7201 ns/op
OverheadActual   5: 1072 op, 8255.00 ns, 7.7006 ns/op
OverheadActual   6: 1072 op, 8386.00 ns, 7.8228 ns/op
OverheadActual   7: 1072 op, 8225.00 ns, 7.6726 ns/op
OverheadActual   8: 1072 op, 8195.00 ns, 7.6446 ns/op

WorkloadWarmup   1: 1072 op, 245697924.00 ns, 229.1958 us/op
WorkloadWarmup   2: 1072 op, 275936683.00 ns, 257.4036 us/op
WorkloadWarmup   3: 1072 op, 236634113.00 ns, 220.7408 us/op
WorkloadWarmup   4: 1072 op, 229282500.00 ns, 213.8829 us/op
WorkloadWarmup   5: 1072 op, 228837802.00 ns, 213.4681 us/op

// BeforeActualRun
WorkloadActual   1: 1072 op, 234682557.00 ns, 218.9203 us/op
WorkloadActual   2: 1072 op, 230112125.00 ns, 214.6568 us/op
WorkloadActual   3: 1072 op, 228583619.00 ns, 213.2310 us/op
WorkloadActual   4: 1072 op, 228706609.00 ns, 213.3457 us/op
WorkloadActual   5: 1072 op, 230330412.00 ns, 214.8605 us/op
WorkloadActual   6: 1072 op, 232204903.00 ns, 216.6091 us/op
WorkloadActual   7: 1072 op, 233827354.00 ns, 218.1225 us/op
WorkloadActual   8: 1072 op, 230087920.00 ns, 214.6343 us/op

// AfterActualRun
WorkloadResult   1: 1072 op, 234674261.00 ns, 218.9126 us/op
WorkloadResult   2: 1072 op, 230103829.00 ns, 214.6491 us/op
WorkloadResult   3: 1072 op, 228575323.00 ns, 213.2232 us/op
WorkloadResult   4: 1072 op, 228698313.00 ns, 213.3380 us/op
WorkloadResult   5: 1072 op, 230322116.00 ns, 214.8527 us/op
WorkloadResult   6: 1072 op, 232196607.00 ns, 216.6013 us/op
WorkloadResult   7: 1072 op, 233819058.00 ns, 218.1148 us/op
WorkloadResult   8: 1072 op, 230079624.00 ns, 214.6265 us/op
// GC:  194 194 194 708983072 1072
// Threading:  0 0 1072

// AfterAll
// Benchmark Process 3550 has exited with code 0.

Mean = 215.540 μs, StdErr = 0.749 μs (0.35%), N = 8, StdDev = 2.120 μs
Min = 213.223 μs, Q1 = 214.304 μs, Median = 214.751 μs, Q3 = 216.980 μs, Max = 218.913 μs
IQR = 2.675 μs, LowerFence = 210.291 μs, UpperFence = 220.993 μs
ConfidenceInterval = [211.487 μs; 219.592 μs] (CI 99.9%), Margin = 4.052 μs (1.88% of Mean)
Skewness = 0.42, Kurtosis = 1.42, MValue = 2

// ** Remained 23 (60.5 %) benchmark(s) to run. Estimated finish 2026-08-11 9:30 (0h 1m from now) **
// ***** BenchmarkRunner: Finish  *****

// * Export *
  tmp/dotnet-matrix/ZipArchives/6cf630e1fdda4270a6a7ce32a4ac7a8c/results/Matrix.ZipArchives.Benchmarks.CreateStoredArchive-report.csv
  tmp/dotnet-matrix/ZipArchives/6cf630e1fdda4270a6a7ce32a4ac7a8c/results/Matrix.ZipArchives.Benchmarks.CreateStoredArchive-report-github.md
  tmp/dotnet-matrix/ZipArchives/6cf630e1fdda4270a6a7ce32a4ac7a8c/results/Matrix.ZipArchives.Benchmarks.CreateStoredArchive-report.html
  tmp/dotnet-matrix/ZipArchives/6cf630e1fdda4270a6a7ce32a4ac7a8c/results/Matrix.ZipArchives.Benchmarks.CreateStoredArchive-report-full.json

// * Detailed results *
CreateStoredArchive.SystemIOCompression: Quick(MaxRelativeError=0.05, Arguments=/p:MatrixMode=Benchmark, IterationTime=250ms, MaxIterationCount=12, MaxWarmupIterationCount=5, MinIterationCount=8, MinWarmupIterationCount=3)
Runtime = .NET 10.0.10 (10.0.10, 10.0.1026.32716), X64 RyuJIT x86-64-v3; GC = Concurrent Workstation
Mean = 215.540 μs, StdErr = 0.749 μs (0.35%), N = 8, StdDev = 2.120 μs
Min = 213.223 μs, Q1 = 214.304 μs, Median = 214.751 μs, Q3 = 216.980 μs, Max = 218.913 μs
IQR = 2.675 μs, LowerFence = 210.291 μs, UpperFence = 220.993 μs
ConfidenceInterval = [211.487 μs; 219.592 μs] (CI 99.9%), Margin = 4.052 μs (1.88% of Mean)
Skewness = 0.42, Kurtosis = 1.42, MValue = 2
-------------------- Histogram --------------------
[211.832 μs ; 220.303 μs) | @@@@@@@@
---------------------------------------------------

CreateStoredArchive.SharpZipLib: Quick(MaxRelativeError=0.05, Arguments=/p:MatrixMode=Benchmark, IterationTime=250ms, MaxIterationCount=12, MaxWarmupIterationCount=5, MinIterationCount=8, MinWarmupIterationCount=3)
Runtime = .NET 10.0.10 (10.0.10, 10.0.1026.32716), X64 RyuJIT x86-64-v3; GC = Concurrent Workstation
Mean = 341.173 μs, StdErr = 1.328 μs (0.39%), N = 7, StdDev = 3.513 μs
Min = 337.818 μs, Q1 = 338.872 μs, Median = 339.931 μs, Q3 = 342.657 μs, Max = 347.405 μs
IQR = 3.785 μs, LowerFence = 333.195 μs, UpperFence = 348.334 μs
ConfidenceInterval = [333.261 μs; 349.085 μs] (CI 99.9%), Margin = 7.912 μs (2.32% of Mean)
Skewness = 0.71, Kurtosis = 1.72, MValue = 2
-------------------- Histogram --------------------
[335.895 μs ; 349.815 μs) | @@@@@@@
---------------------------------------------------

CreateStoredArchive.SharpCompress: Quick(MaxRelativeError=0.05, Arguments=/p:MatrixMode=Benchmark, IterationTime=250ms, MaxIterationCount=12, MaxWarmupIterationCount=5, MinIterationCount=8, MinWarmupIterationCount=3)
Runtime = .NET 10.0.10 (10.0.10, 10.0.1026.32716), X64 RyuJIT x86-64-v3; GC = Concurrent Workstation
Mean = 1.024 ms, StdErr = 0.001 ms (0.06%), N = 6, StdDev = 0.001 ms
Min = 1.022 ms, Q1 = 1.024 ms, Median = 1.025 ms, Q3 = 1.025 ms, Max = 1.025 ms
IQR = 0.001 ms, LowerFence = 1.022 ms, UpperFence = 1.027 ms
ConfidenceInterval = [1.020 ms; 1.028 ms] (CI 99.9%), Margin = 0.004 ms (0.39% of Mean)
Skewness = -0.8, Kurtosis = 1.9, MValue = 2
-------------------- Histogram --------------------
[1.021 ms ; 1.027 ms) | @@@@@@
---------------------------------------------------

// * Summary *

BenchmarkDotNet v0.15.8, Linux Ubuntu 24.04.4 LTS (Noble Numbat)
AMD EPYC 7763 2.45GHz, 1 CPU, 4 logical and 2 physical cores
.NET SDK 10.0.302
  [Host] : .NET 10.0.10 (10.0.10, 10.0.1026.32716), X64 RyuJIT x86-64-v3
  Quick  : .NET 10.0.10 (10.0.10, 10.0.1026.32716), X64 RyuJIT x86-64-v3

Job=Quick  MaxRelativeError=0.05  Arguments=/p:MatrixMode=Benchmark  
IterationTime=250ms  MaxIterationCount=12  MaxWarmupIterationCount=5  
MinIterationCount=8  MinWarmupIterationCount=3  

| Method              | Mean       | Error   | StdDev  | Ratio | RatioSD | Gen0     | Gen1     | Gen2     | Allocated | Alloc Ratio |
|-------------------- |-----------:|--------:|--------:|------:|--------:|---------:|---------:|---------:|----------:|------------:|
| SystemIOCompression |   215.5 μs | 4.05 μs | 2.12 μs |  1.00 |    0.01 | 180.9701 | 180.9701 | 180.9701 | 645.86 KB |        1.00 |
| SharpZipLib         |   341.2 μs | 7.91 μs | 3.51 μs |  1.58 |    0.02 | 181.6940 | 181.6940 | 181.6940 |  957.7 KB |        1.48 |
| SharpCompress       | 1,024.3 μs | 3.97 μs | 1.42 μs |  4.75 |    0.04 | 179.1667 | 179.1667 | 179.1667 | 646.26 KB |        1.00 |

// * Hints *
Outliers
  CreateStoredArchive.SharpZipLib: Quick   -> 1 outlier  was  removed (355.43 μs)
  CreateStoredArchive.SharpCompress: Quick -> 2 outliers were removed (1.03 ms, 1.04 ms)

// * Legends *
  Mean        : Arithmetic mean of all measurements
  Error       : Half of 99.9% confidence interval
  StdDev      : Standard deviation of all measurements
  Ratio       : Mean of the ratio distribution ([Current]/[Baseline])
  RatioSD     : Standard deviation of the ratio distribution ([Current]/[Baseline])
  Gen0        : GC Generation 0 collects per 1000 operations
  Gen1        : GC Generation 1 collects per 1000 operations
  Gen2        : GC Generation 2 collects per 1000 operations
  Allocated   : Allocated memory per single operation (managed only, inclusive, 1KB = 1024B)
  Alloc Ratio : Allocated memory ratio distribution ([Current]/[Baseline])
  1 μs        : 1 Microsecond (0.000001 sec)

// * Diagnostic Output - MemoryDiagnoser *


// ***** BenchmarkRunner: End *****
Run time: 00:00:13 (13.52 sec), executed benchmarks: 3

// Found 3 benchmarks:
//   DecompressEntry.SharpCompress: Quick(MaxRelativeError=0.05, Arguments=/p:MatrixMode=Benchmark, IterationTime=250ms, MaxIterationCount=12, MaxWarmupIterationCount=5, MinIterationCount=8, MinWarmupIterationCount=3)
//   DecompressEntry.SharpZipLib: Quick(MaxRelativeError=0.05, Arguments=/p:MatrixMode=Benchmark, IterationTime=250ms, MaxIterationCount=12, MaxWarmupIterationCount=5, MinIterationCount=8, MinWarmupIterationCount=3)
//   DecompressEntry.SystemIOCompression: Quick(MaxRelativeError=0.05, Arguments=/p:MatrixMode=Benchmark, IterationTime=250ms, MaxIterationCount=12, MaxWarmupIterationCount=5, MinIterationCount=8, MinWarmupIterationCount=3)

// **************************
// Benchmark: DecompressEntry.SharpCompress: Quick(MaxRelativeError=0.05, Arguments=/p:MatrixMode=Benchmark, IterationTime=250ms, MaxIterationCount=12, MaxWarmupIterationCount=5, MinIterationCount=8, MinWarmupIterationCount=3)
// *** Execute ***
// Launch: 1 / 1
// Execute: dotnet Matrix.ZipArchives-Quick-1.dll --anonymousPipes 129 130 --benchmarkName Matrix.ZipArchives.Benchmarks.DecompressEntry.SharpCompress --job Quick --benchmarkId 15 in /home/runner/work/dotnet-matrix/dotnet-matrix/src/Matrix.ZipArchives/bin/Benchmark/Release/net10.0/Matrix.ZipArchives-Quick-1/bin/Release/net10.0
// Failed to set up high priority (Permission denied). In order to run benchmarks with high priority, make sure you have the right permissions.
// BeforeAnythingElse

// Benchmark Process Environment Information:
// BenchmarkDotNet v0.15.8
// Runtime=.NET 10.0.10 (10.0.10, 10.0.1026.32716), X64 RyuJIT x86-64-v3
// GC=Concurrent Workstation
// HardwareIntrinsics=AVX2+BMI1+BMI2+F16C+FMA+LZCNT+MOVBE,AVX,SSE3+SSSE3+SSE4.1+SSE4.2+POPCNT,X86Base+SSE+SSE2,AES+PCLMUL VectorSize=256
// Job: Quick(MaxRelativeError=0.05, IterationTime=250ms, MaxIterationCount=12, MaxWarmupIterationCount=5, MinIterationCount=8, MinWarmupIterationCount=3)

OverheadJitting  1: 1 op, 206584.00 ns, 206.5840 us/op
WorkloadJitting  1: 1 op, 64437695.00 ns, 64.4377 ms/op

WorkloadPilot    1: 4 op, 81368329.00 ns, 20.3421 ms/op
WorkloadPilot    2: 12 op, 240936477.00 ns, 20.0780 ms/op

WorkloadWarmup   1: 12 op, 201121388.00 ns, 16.7601 ms/op
WorkloadWarmup   2: 12 op, 191236950.00 ns, 15.9364 ms/op
WorkloadWarmup   3: 12 op, 175323050.00 ns, 14.6103 ms/op
WorkloadWarmup   4: 12 op, 175101858.00 ns, 14.5918 ms/op
WorkloadWarmup   5: 12 op, 174853695.00 ns, 14.5711 ms/op

// BeforeActualRun
WorkloadActual   1: 12 op, 174980493.00 ns, 14.5817 ms/op
WorkloadActual   2: 12 op, 174881397.00 ns, 14.5734 ms/op
WorkloadActual   3: 12 op, 175121565.00 ns, 14.5935 ms/op
WorkloadActual   4: 12 op, 174682106.00 ns, 14.5568 ms/op
WorkloadActual   5: 12 op, 174549650.00 ns, 14.5458 ms/op
WorkloadActual   6: 12 op, 174596297.00 ns, 14.5497 ms/op
WorkloadActual   7: 12 op, 174910722.00 ns, 14.5759 ms/op
WorkloadActual   8: 12 op, 174748179.00 ns, 14.5623 ms/op

// AfterActualRun
WorkloadResult   1: 12 op, 174980493.00 ns, 14.5817 ms/op
WorkloadResult   2: 12 op, 174881397.00 ns, 14.5734 ms/op
WorkloadResult   3: 12 op, 175121565.00 ns, 14.5935 ms/op
WorkloadResult   4: 12 op, 174682106.00 ns, 14.5568 ms/op
WorkloadResult   5: 12 op, 174549650.00 ns, 14.5458 ms/op
WorkloadResult   6: 12 op, 174596297.00 ns, 14.5497 ms/op
WorkloadResult   7: 12 op, 174910722.00 ns, 14.5759 ms/op
WorkloadResult   8: 12 op, 174748179.00 ns, 14.5623 ms/op
// GC:  0 0 0 412032 12
// Threading:  0 0 12

// AfterAll
// Benchmark Process 3560 has exited with code 0.

Mean = 14.567 ms, StdErr = 0.006 ms (0.04%), N = 8, StdDev = 0.017 ms
Min = 14.546 ms, Q1 = 14.555 ms, Median = 14.568 ms, Q3 = 14.577 ms, Max = 14.593 ms
IQR = 0.022 ms, LowerFence = 14.522 ms, UpperFence = 14.611 ms
ConfidenceInterval = [14.536 ms; 14.599 ms] (CI 99.9%), Margin = 0.032 ms (0.22% of Mean)
Skewness = 0.13, Kurtosis = 1.41, MValue = 2

// ** Remained 22 (57.9 %) benchmark(s) to run. Estimated finish 2026-08-11 9:30 (0h 1m from now) **
// **************************
// Benchmark: DecompressEntry.SharpZipLib: Quick(MaxRelativeError=0.05, Arguments=/p:MatrixMode=Benchmark, IterationTime=250ms, MaxIterationCount=12, MaxWarmupIterationCount=5, MinIterationCount=8, MinWarmupIterationCount=3)
// *** Execute ***
// Launch: 1 / 1
// Execute: dotnet Matrix.ZipArchives-Quick-1.dll --anonymousPipes 129 130 --benchmarkName Matrix.ZipArchives.Benchmarks.DecompressEntry.SharpZipLib --job Quick --benchmarkId 16 in /home/runner/work/dotnet-matrix/dotnet-matrix/src/Matrix.ZipArchives/bin/Benchmark/Release/net10.0/Matrix.ZipArchives-Quick-1/bin/Release/net10.0
// Failed to set up high priority (Permission denied). In order to run benchmarks with high priority, make sure you have the right permissions.
// BeforeAnythingElse

// Benchmark Process Environment Information:
// BenchmarkDotNet v0.15.8
// Runtime=.NET 10.0.10 (10.0.10, 10.0.1026.32716), X64 RyuJIT x86-64-v3
// GC=Concurrent Workstation
// HardwareIntrinsics=AVX2+BMI1+BMI2+F16C+FMA+LZCNT+MOVBE,AVX,SSE3+SSSE3+SSE4.1+SSE4.2+POPCNT,X86Base+SSE+SSE2,AES+PCLMUL VectorSize=256
// Job: Quick(MaxRelativeError=0.05, IterationTime=250ms, MaxIterationCount=12, MaxWarmupIterationCount=5, MinIterationCount=8, MinWarmupIterationCount=3)

OverheadJitting  1: 1 op, 210963.00 ns, 210.9630 us/op
WorkloadJitting  1: 1 op, 32143975.00 ns, 32.1440 ms/op

WorkloadPilot    1: 4 op, 66914153.00 ns, 16.7285 ms/op
WorkloadPilot    2: 15 op, 246772026.00 ns, 16.4515 ms/op

WorkloadWarmup   1: 15 op, 218296446.00 ns, 14.5531 ms/op
WorkloadWarmup   2: 15 op, 219701933.00 ns, 14.6468 ms/op
WorkloadWarmup   3: 15 op, 216640371.00 ns, 14.4427 ms/op
WorkloadWarmup   4: 15 op, 216469503.00 ns, 14.4313 ms/op
WorkloadWarmup   5: 15 op, 214684298.00 ns, 14.3123 ms/op

// BeforeActualRun
WorkloadActual   1: 15 op, 215129015.00 ns, 14.3419 ms/op
WorkloadActual   2: 15 op, 214349514.00 ns, 14.2900 ms/op
WorkloadActual   3: 15 op, 214566306.00 ns, 14.3044 ms/op
WorkloadActual   4: 15 op, 214704445.00 ns, 14.3136 ms/op
WorkloadActual   5: 15 op, 214994005.00 ns, 14.3329 ms/op
WorkloadActual   6: 15 op, 214611231.00 ns, 14.3074 ms/op
WorkloadActual   7: 15 op, 214752034.00 ns, 14.3168 ms/op
WorkloadActual   8: 15 op, 214605010.00 ns, 14.3070 ms/op

// AfterActualRun
WorkloadResult   1: 15 op, 215129015.00 ns, 14.3419 ms/op
WorkloadResult   2: 15 op, 214349514.00 ns, 14.2900 ms/op
WorkloadResult   3: 15 op, 214566306.00 ns, 14.3044 ms/op
WorkloadResult   4: 15 op, 214704445.00 ns, 14.3136 ms/op
WorkloadResult   5: 15 op, 214994005.00 ns, 14.3329 ms/op
WorkloadResult   6: 15 op, 214611231.00 ns, 14.3074 ms/op
WorkloadResult   7: 15 op, 214752034.00 ns, 14.3168 ms/op
WorkloadResult   8: 15 op, 214605010.00 ns, 14.3070 ms/op
// GC:  0 0 0 630584 15
// Threading:  0 0 15

// AfterAll
// Benchmark Process 3567 has exited with code 0.

Mean = 14.314 ms, StdErr = 0.006 ms (0.04%), N = 8, StdDev = 0.017 ms
Min = 14.290 ms, Q1 = 14.306 ms, Median = 14.311 ms, Q3 = 14.321 ms, Max = 14.342 ms
IQR = 0.014 ms, LowerFence = 14.285 ms, UpperFence = 14.343 ms
ConfidenceInterval = [14.283 ms; 14.346 ms] (CI 99.9%), Margin = 0.032 ms (0.22% of Mean)
Skewness = 0.33, Kurtosis = 1.8, MValue = 2

// ** Remained 21 (55.3 %) benchmark(s) to run. Estimated finish 2026-08-11 9:30 (0h 1m from now) **
// **************************
// Benchmark: DecompressEntry.SystemIOCompression: Quick(MaxRelativeError=0.05, Arguments=/p:MatrixMode=Benchmark, IterationTime=250ms, MaxIterationCount=12, MaxWarmupIterationCount=5, MinIterationCount=8, MinWarmupIterationCount=3)
// *** Execute ***
// Launch: 1 / 1
// Execute: dotnet Matrix.ZipArchives-Quick-1.dll --anonymousPipes 129 130 --benchmarkName Matrix.ZipArchives.Benchmarks.DecompressEntry.SystemIOCompression --job Quick --benchmarkId 17 in /home/runner/work/dotnet-matrix/dotnet-matrix/src/Matrix.ZipArchives/bin/Benchmark/Release/net10.0/Matrix.ZipArchives-Quick-1/bin/Release/net10.0
// Failed to set up high priority (Permission denied). In order to run benchmarks with high priority, make sure you have the right permissions.
// BeforeAnythingElse

// Benchmark Process Environment Information:
// BenchmarkDotNet v0.15.8
// Runtime=.NET 10.0.10 (10.0.10, 10.0.1026.32716), X64 RyuJIT x86-64-v3
// GC=Concurrent Workstation
// HardwareIntrinsics=AVX2+BMI1+BMI2+F16C+FMA+LZCNT+MOVBE,AVX,SSE3+SSSE3+SSE4.1+SSE4.2+POPCNT,X86Base+SSE+SSE2,AES+PCLMUL VectorSize=256
// Job: Quick(MaxRelativeError=0.05, IterationTime=250ms, MaxIterationCount=12, MaxWarmupIterationCount=5, MinIterationCount=8, MinWarmupIterationCount=3)

OverheadJitting  1: 1 op, 235238.00 ns, 235.2380 us/op
WorkloadJitting  1: 1 op, 16484176.00 ns, 16.4842 ms/op

OverheadJitting  2: 16 op, 231892.00 ns, 14.4933 us/op
WorkloadJitting  2: 16 op, 224598886.00 ns, 14.0374 ms/op

WorkloadPilot    1: 16 op, 224544024.00 ns, 14.0340 ms/op
WorkloadPilot    2: 32 op, 449491499.00 ns, 14.0466 ms/op

OverheadWarmup   1: 32 op, 3026.00 ns, 94.5625 ns/op
OverheadWarmup   2: 32 op, 661.00 ns, 20.6563 ns/op
OverheadWarmup   3: 32 op, 941.00 ns, 29.4063 ns/op
OverheadWarmup   4: 32 op, 952.00 ns, 29.7500 ns/op
OverheadWarmup   5: 32 op, 612.00 ns, 19.1250 ns/op
OverheadWarmup   6: 32 op, 601.00 ns, 18.7813 ns/op
OverheadWarmup   7: 32 op, 611.00 ns, 19.0938 ns/op
OverheadWarmup   8: 32 op, 952.00 ns, 29.7500 ns/op
OverheadWarmup   9: 32 op, 641.00 ns, 20.0313 ns/op

OverheadActual   1: 32 op, 651.00 ns, 20.3438 ns/op
OverheadActual   2: 32 op, 691.00 ns, 21.5938 ns/op
OverheadActual   3: 32 op, 1091.00 ns, 34.0938 ns/op
OverheadActual   4: 32 op, 612.00 ns, 19.1250 ns/op
OverheadActual   5: 32 op, 671.00 ns, 20.9688 ns/op
OverheadActual   6: 32 op, 952.00 ns, 29.7500 ns/op
OverheadActual   7: 32 op, 611.00 ns, 19.0938 ns/op
OverheadActual   8: 32 op, 651.00 ns, 20.3438 ns/op
OverheadActual   9: 32 op, 981.00 ns, 30.6563 ns/op
OverheadActual  10: 32 op, 922.00 ns, 28.8125 ns/op
OverheadActual  11: 32 op, 611.00 ns, 19.0938 ns/op
OverheadActual  12: 32 op, 662.00 ns, 20.6875 ns/op

WorkloadWarmup   1: 32 op, 449520893.00 ns, 14.0475 ms/op
WorkloadWarmup   2: 32 op, 449261349.00 ns, 14.0394 ms/op
WorkloadWarmup   3: 32 op, 449406129.00 ns, 14.0439 ms/op
WorkloadWarmup   4: 32 op, 449271499.00 ns, 14.0397 ms/op
WorkloadWarmup   5: 32 op, 448620365.00 ns, 14.0194 ms/op

// BeforeActualRun
WorkloadActual   1: 32 op, 449846740.00 ns, 14.0577 ms/op
WorkloadActual   2: 32 op, 449715547.00 ns, 14.0536 ms/op
WorkloadActual   3: 32 op, 448667112.00 ns, 14.0208 ms/op
WorkloadActual   4: 32 op, 449291322.00 ns, 14.0404 ms/op
WorkloadActual   5: 32 op, 449404123.00 ns, 14.0439 ms/op
WorkloadActual   6: 32 op, 449872976.00 ns, 14.0585 ms/op
WorkloadActual   7: 32 op, 449638850.00 ns, 14.0512 ms/op
WorkloadActual   8: 32 op, 449673915.00 ns, 14.0523 ms/op

// AfterActualRun
WorkloadResult   1: 32 op, 449846073.50 ns, 14.0577 ms/op
WorkloadResult   2: 32 op, 449714880.50 ns, 14.0536 ms/op
WorkloadResult   3: 32 op, 448666445.50 ns, 14.0208 ms/op
WorkloadResult   4: 32 op, 449290655.50 ns, 14.0403 ms/op
WorkloadResult   5: 32 op, 449403456.50 ns, 14.0439 ms/op
WorkloadResult   6: 32 op, 449872309.50 ns, 14.0585 ms/op
WorkloadResult   7: 32 op, 449638183.50 ns, 14.0512 ms/op
WorkloadResult   8: 32 op, 449673248.50 ns, 14.0523 ms/op
// GC:  0 0 0 176384 32
// Threading:  0 0 32

// AfterAll
// Benchmark Process 3576 has exited with code 0.

Mean = 14.047 ms, StdErr = 0.004 ms (0.03%), N = 8, StdDev = 0.012 ms
Min = 14.021 ms, Q1 = 14.043 ms, Median = 14.052 ms, Q3 = 14.055 ms, Max = 14.059 ms
IQR = 0.012 ms, LowerFence = 14.026 ms, UpperFence = 14.072 ms
ConfidenceInterval = [14.024 ms; 14.071 ms] (CI 99.9%), Margin = 0.024 ms (0.17% of Mean)
Skewness = -1.05, Kurtosis = 2.77, MValue = 2

// ** Remained 20 (52.6 %) benchmark(s) to run. Estimated finish 2026-08-11 9:30 (0h 1m from now) **
// ***** BenchmarkRunner: Finish  *****

// * Export *
  tmp/dotnet-matrix/ZipArchives/6cf630e1fdda4270a6a7ce32a4ac7a8c/results/Matrix.ZipArchives.Benchmarks.DecompressEntry-report.csv
  tmp/dotnet-matrix/ZipArchives/6cf630e1fdda4270a6a7ce32a4ac7a8c/results/Matrix.ZipArchives.Benchmarks.DecompressEntry-report-github.md
  tmp/dotnet-matrix/ZipArchives/6cf630e1fdda4270a6a7ce32a4ac7a8c/results/Matrix.ZipArchives.Benchmarks.DecompressEntry-report.html
  tmp/dotnet-matrix/ZipArchives/6cf630e1fdda4270a6a7ce32a4ac7a8c/results/Matrix.ZipArchives.Benchmarks.DecompressEntry-report-full.json

// * Detailed results *
DecompressEntry.SystemIOCompression: Quick(MaxRelativeError=0.05, Arguments=/p:MatrixMode=Benchmark, IterationTime=250ms, MaxIterationCount=12, MaxWarmupIterationCount=5, MinIterationCount=8, MinWarmupIterationCount=3)
Runtime = .NET 10.0.10 (10.0.10, 10.0.1026.32716), X64 RyuJIT x86-64-v3; GC = Concurrent Workstation
Mean = 14.047 ms, StdErr = 0.004 ms (0.03%), N = 8, StdDev = 0.012 ms
Min = 14.021 ms, Q1 = 14.043 ms, Median = 14.052 ms, Q3 = 14.055 ms, Max = 14.059 ms
IQR = 0.012 ms, LowerFence = 14.026 ms, UpperFence = 14.072 ms
ConfidenceInterval = [14.024 ms; 14.071 ms] (CI 99.9%), Margin = 0.024 ms (0.17% of Mean)
Skewness = -1.05, Kurtosis = 2.77, MValue = 2
-------------------- Histogram --------------------
[14.013 ms ; 14.067 ms) | @@@@@@@@
---------------------------------------------------

DecompressEntry.SharpZipLib: Quick(MaxRelativeError=0.05, Arguments=/p:MatrixMode=Benchmark, IterationTime=250ms, MaxIterationCount=12, MaxWarmupIterationCount=5, MinIterationCount=8, MinWarmupIterationCount=3)
Runtime = .NET 10.0.10 (10.0.10, 10.0.1026.32716), X64 RyuJIT x86-64-v3; GC = Concurrent Workstation
Mean = 14.314 ms, StdErr = 0.006 ms (0.04%), N = 8, StdDev = 0.017 ms
Min = 14.290 ms, Q1 = 14.306 ms, Median = 14.311 ms, Q3 = 14.321 ms, Max = 14.342 ms
IQR = 0.014 ms, LowerFence = 14.285 ms, UpperFence = 14.343 ms
ConfidenceInterval = [14.283 ms; 14.346 ms] (CI 99.9%), Margin = 0.032 ms (0.22% of Mean)
Skewness = 0.33, Kurtosis = 1.8, MValue = 2
-------------------- Histogram --------------------
[14.279 ms ; 14.353 ms) | @@@@@@@@
---------------------------------------------------

DecompressEntry.SharpCompress: Quick(MaxRelativeError=0.05, Arguments=/p:MatrixMode=Benchmark, IterationTime=250ms, MaxIterationCount=12, MaxWarmupIterationCount=5, MinIterationCount=8, MinWarmupIterationCount=3)
Runtime = .NET 10.0.10 (10.0.10, 10.0.1026.32716), X64 RyuJIT x86-64-v3; GC = Concurrent Workstation
Mean = 14.567 ms, StdErr = 0.006 ms (0.04%), N = 8, StdDev = 0.017 ms
Min = 14.546 ms, Q1 = 14.555 ms, Median = 14.568 ms, Q3 = 14.577 ms, Max = 14.593 ms
IQR = 0.022 ms, LowerFence = 14.522 ms, UpperFence = 14.611 ms
ConfidenceInterval = [14.536 ms; 14.599 ms] (CI 99.9%), Margin = 0.032 ms (0.22% of Mean)
Skewness = 0.13, Kurtosis = 1.41, MValue = 2
-------------------- Histogram --------------------
[14.535 ms ; 14.604 ms) | @@@@@@@@
---------------------------------------------------

// * Summary *

BenchmarkDotNet v0.15.8, Linux Ubuntu 24.04.4 LTS (Noble Numbat)
AMD EPYC 7763 2.45GHz, 1 CPU, 4 logical and 2 physical cores
.NET SDK 10.0.302
  [Host] : .NET 10.0.10 (10.0.10, 10.0.1026.32716), X64 RyuJIT x86-64-v3
  Quick  : .NET 10.0.10 (10.0.10, 10.0.1026.32716), X64 RyuJIT x86-64-v3

Job=Quick  MaxRelativeError=0.05  Arguments=/p:MatrixMode=Benchmark  
IterationTime=250ms  MaxIterationCount=12  MaxWarmupIterationCount=5  
MinIterationCount=8  MinWarmupIterationCount=3  

| Method              | Mean     | Error    | StdDev   | Ratio | Allocated | Alloc Ratio |
|-------------------- |---------:|---------:|---------:|------:|----------:|------------:|
| SystemIOCompression | 14.05 ms | 0.024 ms | 0.012 ms |  1.00 |   5.38 KB |        1.00 |
| SharpZipLib         | 14.31 ms | 0.032 ms | 0.017 ms |  1.02 |  41.05 KB |        7.63 |
| SharpCompress       | 14.57 ms | 0.032 ms | 0.017 ms |  1.04 |  33.53 KB |        6.23 |

// * Hints *
Outliers
  DecompressEntry.SystemIOCompression: Quick -> 1 outlier  was  detected (14.02 ms)

// * Legends *
  Mean        : Arithmetic mean of all measurements
  Error       : Half of 99.9% confidence interval
  StdDev      : Standard deviation of all measurements
  Ratio       : Mean of the ratio distribution ([Current]/[Baseline])
  Allocated   : Allocated memory per single operation (managed only, inclusive, 1KB = 1024B)
  Alloc Ratio : Allocated memory ratio distribution ([Current]/[Baseline])
  1 ms        : 1 Millisecond (0.001 sec)

// * Diagnostic Output - MemoryDiagnoser *


// ***** BenchmarkRunner: End *****
Run time: 00:00:14 (14.05 sec), executed benchmarks: 3

// Found 3 benchmarks:
//   ExtractManySmallEntries.SharpCompress: Quick(MaxRelativeError=0.05, Arguments=/p:MatrixMode=Benchmark, IterationTime=250ms, MaxIterationCount=12, MaxWarmupIterationCount=5, MinIterationCount=8, MinWarmupIterationCount=3)
//   ExtractManySmallEntries.SharpZipLib: Quick(MaxRelativeError=0.05, Arguments=/p:MatrixMode=Benchmark, IterationTime=250ms, MaxIterationCount=12, MaxWarmupIterationCount=5, MinIterationCount=8, MinWarmupIterationCount=3)
//   ExtractManySmallEntries.SystemIOCompression: Quick(MaxRelativeError=0.05, Arguments=/p:MatrixMode=Benchmark, IterationTime=250ms, MaxIterationCount=12, MaxWarmupIterationCount=5, MinIterationCount=8, MinWarmupIterationCount=3)

// **************************
// Benchmark: ExtractManySmallEntries.SharpCompress: Quick(MaxRelativeError=0.05, Arguments=/p:MatrixMode=Benchmark, IterationTime=250ms, MaxIterationCount=12, MaxWarmupIterationCount=5, MinIterationCount=8, MinWarmupIterationCount=3)
// *** Execute ***
// Launch: 1 / 1
// Execute: dotnet Matrix.ZipArchives-Quick-1.dll --anonymousPipes 127 128 --benchmarkName Matrix.ZipArchives.Benchmarks.ExtractManySmallEntries.SharpCompress --job Quick --benchmarkId 18 in /home/runner/work/dotnet-matrix/dotnet-matrix/src/Matrix.ZipArchives/bin/Benchmark/Release/net10.0/Matrix.ZipArchives-Quick-1/bin/Release/net10.0
// Failed to set up high priority (Permission denied). In order to run benchmarks with high priority, make sure you have the right permissions.
// BeforeAnythingElse

// Benchmark Process Environment Information:
// BenchmarkDotNet v0.15.8
// Runtime=.NET 10.0.10 (10.0.10, 10.0.1026.32716), X64 RyuJIT x86-64-v3
// GC=Concurrent Workstation
// HardwareIntrinsics=AVX2+BMI1+BMI2+F16C+FMA+LZCNT+MOVBE,AVX,SSE3+SSSE3+SSE4.1+SSE4.2+POPCNT,X86Base+SSE+SSE2,AES+PCLMUL VectorSize=256
// Job: Quick(MaxRelativeError=0.05, IterationTime=250ms, MaxIterationCount=12, MaxWarmupIterationCount=5, MinIterationCount=8, MinWarmupIterationCount=3)

OverheadJitting  1: 1 op, 218657.00 ns, 218.6570 us/op
WorkloadJitting  1: 1 op, 71300676.00 ns, 71.3007 ms/op

WorkloadPilot    1: 4 op, 139623226.00 ns, 34.9058 ms/op
WorkloadPilot    2: 7 op, 238269888.00 ns, 34.0386 ms/op

WorkloadWarmup   1: 7 op, 216966669.00 ns, 30.9952 ms/op
WorkloadWarmup   2: 7 op, 211303029.00 ns, 30.1861 ms/op
WorkloadWarmup   3: 7 op, 155939768.00 ns, 22.2771 ms/op
WorkloadWarmup   4: 7 op, 128070768.00 ns, 18.2958 ms/op
WorkloadWarmup   5: 7 op, 122905618.00 ns, 17.5579 ms/op

// BeforeActualRun
WorkloadActual   1: 7 op, 131714445.00 ns, 18.8163 ms/op
WorkloadActual   2: 7 op, 119470068.00 ns, 17.0672 ms/op
WorkloadActual   3: 7 op, 121442261.00 ns, 17.3489 ms/op
WorkloadActual   4: 7 op, 119688224.00 ns, 17.0983 ms/op
WorkloadActual   5: 7 op, 118586613.00 ns, 16.9409 ms/op
WorkloadActual   6: 7 op, 118892443.00 ns, 16.9846 ms/op
WorkloadActual   7: 7 op, 121494830.00 ns, 17.3564 ms/op
WorkloadActual   8: 7 op, 119152847.00 ns, 17.0218 ms/op

// AfterActualRun
WorkloadResult   1: 7 op, 119470068.00 ns, 17.0672 ms/op
WorkloadResult   2: 7 op, 121442261.00 ns, 17.3489 ms/op
WorkloadResult   3: 7 op, 119688224.00 ns, 17.0983 ms/op
WorkloadResult   4: 7 op, 118586613.00 ns, 16.9409 ms/op
WorkloadResult   5: 7 op, 118892443.00 ns, 16.9846 ms/op
WorkloadResult   6: 7 op, 121494830.00 ns, 17.3564 ms/op
WorkloadResult   7: 7 op, 119152847.00 ns, 17.0218 ms/op
// GC:  0 0 0 16664032 7
// Threading:  0 0 7

// AfterAll
// Benchmark Process 3592 has exited with code 0.

Mean = 17.117 ms, StdErr = 0.064 ms (0.37%), N = 7, StdDev = 0.169 ms
Min = 16.941 ms, Q1 = 17.003 ms, Median = 17.067 ms, Q3 = 17.224 ms, Max = 17.356 ms
IQR = 0.220 ms, LowerFence = 16.673 ms, UpperFence = 17.554 ms
ConfidenceInterval = [16.736 ms; 17.498 ms] (CI 99.9%), Margin = 0.381 ms (2.22% of Mean)
Skewness = 0.52, Kurtosis = 1.32, MValue = 2

// ** Remained 19 (50.0 %) benchmark(s) to run. Estimated finish 2026-08-11 9:30 (0h 1m from now) **
// **************************
// Benchmark: ExtractManySmallEntries.SharpZipLib: Quick(MaxRelativeError=0.05, Arguments=/p:MatrixMode=Benchmark, IterationTime=250ms, MaxIterationCount=12, MaxWarmupIterationCount=5, MinIterationCount=8, MinWarmupIterationCount=3)
// *** Execute ***
// Launch: 1 / 1
// Execute: dotnet Matrix.ZipArchives-Quick-1.dll --anonymousPipes 127 128 --benchmarkName Matrix.ZipArchives.Benchmarks.ExtractManySmallEntries.SharpZipLib --job Quick --benchmarkId 19 in /home/runner/work/dotnet-matrix/dotnet-matrix/src/Matrix.ZipArchives/bin/Benchmark/Release/net10.0/Matrix.ZipArchives-Quick-1/bin/Release/net10.0
// Failed to set up high priority (Permission denied). In order to run benchmarks with high priority, make sure you have the right permissions.
// BeforeAnythingElse

// Benchmark Process Environment Information:
// BenchmarkDotNet v0.15.8
// Runtime=.NET 10.0.10 (10.0.10, 10.0.1026.32716), X64 RyuJIT x86-64-v3
// GC=Concurrent Workstation
// HardwareIntrinsics=AVX2+BMI1+BMI2+F16C+FMA+LZCNT+MOVBE,AVX,SSE3+SSSE3+SSE4.1+SSE4.2+POPCNT,X86Base+SSE+SSE2,AES+PCLMUL VectorSize=256
// Job: Quick(MaxRelativeError=0.05, IterationTime=250ms, MaxIterationCount=12, MaxWarmupIterationCount=5, MinIterationCount=8, MinWarmupIterationCount=3)

OverheadJitting  1: 1 op, 221583.00 ns, 221.5830 us/op
WorkloadJitting  1: 1 op, 45920612.00 ns, 45.9206 ms/op

WorkloadPilot    1: 4 op, 111164168.00 ns, 27.7910 ms/op
WorkloadPilot    2: 9 op, 229417169.00 ns, 25.4908 ms/op

WorkloadWarmup   1: 9 op, 156074578.00 ns, 17.3416 ms/op
WorkloadWarmup   2: 9 op, 154377518.00 ns, 17.1531 ms/op
WorkloadWarmup   3: 9 op, 150429905.00 ns, 16.7144 ms/op
WorkloadWarmup   4: 9 op, 169397174.00 ns, 18.8219 ms/op
WorkloadWarmup   5: 9 op, 150590363.00 ns, 16.7323 ms/op

// BeforeActualRun
WorkloadActual   1: 9 op, 154252856.00 ns, 17.1392 ms/op
WorkloadActual   2: 9 op, 153662777.00 ns, 17.0736 ms/op
WorkloadActual   3: 9 op, 148586662.00 ns, 16.5096 ms/op
WorkloadActual   4: 9 op, 150651608.00 ns, 16.7391 ms/op
WorkloadActual   5: 9 op, 148464524.00 ns, 16.4961 ms/op
WorkloadActual   6: 9 op, 149795498.00 ns, 16.6439 ms/op
WorkloadActual   7: 9 op, 149386422.00 ns, 16.5985 ms/op
WorkloadActual   8: 9 op, 148227965.00 ns, 16.4698 ms/op

// AfterActualRun
WorkloadResult   1: 9 op, 154252856.00 ns, 17.1392 ms/op
WorkloadResult   2: 9 op, 153662777.00 ns, 17.0736 ms/op
WorkloadResult   3: 9 op, 148586662.00 ns, 16.5096 ms/op
WorkloadResult   4: 9 op, 150651608.00 ns, 16.7391 ms/op
WorkloadResult   5: 9 op, 148464524.00 ns, 16.4961 ms/op
WorkloadResult   6: 9 op, 149795498.00 ns, 16.6439 ms/op
WorkloadResult   7: 9 op, 149386422.00 ns, 16.5985 ms/op
WorkloadResult   8: 9 op, 148227965.00 ns, 16.4698 ms/op
// GC:  20 3 0 339558264 9
// Threading:  0 0 9

// AfterAll
// Benchmark Process 3600 has exited with code 0.

Mean = 16.709 ms, StdErr = 0.092 ms (0.55%), N = 8, StdDev = 0.261 ms
Min = 16.470 ms, Q1 = 16.506 ms, Median = 16.621 ms, Q3 = 16.823 ms, Max = 17.139 ms
IQR = 0.316 ms, LowerFence = 16.032 ms, UpperFence = 17.297 ms
ConfidenceInterval = [16.209 ms; 17.208 ms] (CI 99.9%), Margin = 0.499 ms (2.99% of Mean)
Skewness = 0.67, Kurtosis = 1.59, MValue = 2

// ** Remained 18 (47.4 %) benchmark(s) to run. Estimated finish 2026-08-11 9:30 (0h 1m from now) **
// **************************
// Benchmark: ExtractManySmallEntries.SystemIOCompression: Quick(MaxRelativeError=0.05, Arguments=/p:MatrixMode=Benchmark, IterationTime=250ms, MaxIterationCount=12, MaxWarmupIterationCount=5, MinIterationCount=8, MinWarmupIterationCount=3)
// *** Execute ***
// Launch: 1 / 1
// Execute: dotnet Matrix.ZipArchives-Quick-1.dll --anonymousPipes 127 128 --benchmarkName Matrix.ZipArchives.Benchmarks.ExtractManySmallEntries.SystemIOCompression --job Quick --benchmarkId 20 in /home/runner/work/dotnet-matrix/dotnet-matrix/src/Matrix.ZipArchives/bin/Benchmark/Release/net10.0/Matrix.ZipArchives-Quick-1/bin/Release/net10.0
// Failed to set up high priority (Permission denied). In order to run benchmarks with high priority, make sure you have the right permissions.
// BeforeAnythingElse

// Benchmark Process Environment Information:
// BenchmarkDotNet v0.15.8
// Runtime=.NET 10.0.10 (10.0.10, 10.0.1026.32716), X64 RyuJIT x86-64-v3
// GC=Concurrent Workstation
// HardwareIntrinsics=AVX2+BMI1+BMI2+F16C+FMA+LZCNT+MOVBE,AVX,SSE3+SSSE3+SSE4.1+SSE4.2+POPCNT,X86Base+SSE+SSE2,AES+PCLMUL VectorSize=256
// Job: Quick(MaxRelativeError=0.05, IterationTime=250ms, MaxIterationCount=12, MaxWarmupIterationCount=5, MinIterationCount=8, MinWarmupIterationCount=3)

OverheadJitting  1: 1 op, 220461.00 ns, 220.4610 us/op
WorkloadJitting  1: 1 op, 26583234.00 ns, 26.5832 ms/op

WorkloadPilot    1: 4 op, 98213927.00 ns, 24.5535 ms/op
WorkloadPilot    2: 10 op, 246204800.00 ns, 24.6205 ms/op

WorkloadWarmup   1: 10 op, 219519115.00 ns, 21.9519 ms/op
WorkloadWarmup   2: 10 op, 150389199.00 ns, 15.0389 ms/op
WorkloadWarmup   3: 10 op, 149788160.00 ns, 14.9788 ms/op
WorkloadWarmup   4: 10 op, 157196906.00 ns, 15.7197 ms/op
WorkloadWarmup   5: 10 op, 150050338.00 ns, 15.0050 ms/op

// BeforeActualRun
WorkloadActual   1: 10 op, 152939628.00 ns, 15.2940 ms/op
WorkloadActual   2: 10 op, 149674238.00 ns, 14.9674 ms/op
WorkloadActual   3: 10 op, 148805551.00 ns, 14.8806 ms/op
WorkloadActual   4: 10 op, 148993300.00 ns, 14.8993 ms/op
WorkloadActual   5: 10 op, 148470977.00 ns, 14.8471 ms/op
WorkloadActual   6: 10 op, 148621868.00 ns, 14.8622 ms/op
WorkloadActual   7: 10 op, 149345326.00 ns, 14.9345 ms/op
WorkloadActual   8: 10 op, 149546750.00 ns, 14.9547 ms/op

// AfterActualRun
WorkloadResult   1: 10 op, 149674238.00 ns, 14.9674 ms/op
WorkloadResult   2: 10 op, 148805551.00 ns, 14.8806 ms/op
WorkloadResult   3: 10 op, 148993300.00 ns, 14.8993 ms/op
WorkloadResult   4: 10 op, 148470977.00 ns, 14.8471 ms/op
WorkloadResult   5: 10 op, 148621868.00 ns, 14.8622 ms/op
WorkloadResult   6: 10 op, 149345326.00 ns, 14.9345 ms/op
WorkloadResult   7: 10 op, 149546750.00 ns, 14.9547 ms/op
// GC:  0 0 0 10112320 10
// Threading:  0 0 10

// AfterAll
// Benchmark Process 3609 has exited with code 0.

Mean = 14.907 ms, StdErr = 0.018 ms (0.12%), N = 7, StdDev = 0.047 ms
Min = 14.847 ms, Q1 = 14.871 ms, Median = 14.899 ms, Q3 = 14.945 ms, Max = 14.967 ms
IQR = 0.073 ms, LowerFence = 14.762 ms, UpperFence = 15.054 ms
ConfidenceInterval = [14.802 ms; 15.012 ms] (CI 99.9%), Margin = 0.105 ms (0.70% of Mean)
Skewness = 0.06, Kurtosis = 1.11, MValue = 2

// ** Remained 17 (44.7 %) benchmark(s) to run. Estimated finish 2026-08-11 9:30 (0h 1m from now) **
// ***** BenchmarkRunner: Finish  *****

// * Export *
  tmp/dotnet-matrix/ZipArchives/6cf630e1fdda4270a6a7ce32a4ac7a8c/results/Matrix.ZipArchives.Benchmarks.ExtractManySmallEntries-report.csv
  tmp/dotnet-matrix/ZipArchives/6cf630e1fdda4270a6a7ce32a4ac7a8c/results/Matrix.ZipArchives.Benchmarks.ExtractManySmallEntries-report-github.md
  tmp/dotnet-matrix/ZipArchives/6cf630e1fdda4270a6a7ce32a4ac7a8c/results/Matrix.ZipArchives.Benchmarks.ExtractManySmallEntries-report.html
  tmp/dotnet-matrix/ZipArchives/6cf630e1fdda4270a6a7ce32a4ac7a8c/results/Matrix.ZipArchives.Benchmarks.ExtractManySmallEntries-report-full.json

// * Detailed results *
ExtractManySmallEntries.SystemIOCompression: Quick(MaxRelativeError=0.05, Arguments=/p:MatrixMode=Benchmark, IterationTime=250ms, MaxIterationCount=12, MaxWarmupIterationCount=5, MinIterationCount=8, MinWarmupIterationCount=3)
Runtime = .NET 10.0.10 (10.0.10, 10.0.1026.32716), X64 RyuJIT x86-64-v3; GC = Concurrent Workstation
Mean = 14.907 ms, StdErr = 0.018 ms (0.12%), N = 7, StdDev = 0.047 ms
Min = 14.847 ms, Q1 = 14.871 ms, Median = 14.899 ms, Q3 = 14.945 ms, Max = 14.967 ms
IQR = 0.073 ms, LowerFence = 14.762 ms, UpperFence = 15.054 ms
ConfidenceInterval = [14.802 ms; 15.012 ms] (CI 99.9%), Margin = 0.105 ms (0.70% of Mean)
Skewness = 0.06, Kurtosis = 1.11, MValue = 2
-------------------- Histogram --------------------
[14.815 ms ; 14.999 ms) | @@@@@@@
---------------------------------------------------

ExtractManySmallEntries.SharpZipLib: Quick(MaxRelativeError=0.05, Arguments=/p:MatrixMode=Benchmark, IterationTime=250ms, MaxIterationCount=12, MaxWarmupIterationCount=5, MinIterationCount=8, MinWarmupIterationCount=3)
Runtime = .NET 10.0.10 (10.0.10, 10.0.1026.32716), X64 RyuJIT x86-64-v3; GC = Concurrent Workstation
Mean = 16.709 ms, StdErr = 0.092 ms (0.55%), N = 8, StdDev = 0.261 ms
Min = 16.470 ms, Q1 = 16.506 ms, Median = 16.621 ms, Q3 = 16.823 ms, Max = 17.139 ms
IQR = 0.316 ms, LowerFence = 16.032 ms, UpperFence = 17.297 ms
ConfidenceInterval = [16.209 ms; 17.208 ms] (CI 99.9%), Margin = 0.499 ms (2.99% of Mean)
Skewness = 0.67, Kurtosis = 1.59, MValue = 2
-------------------- Histogram --------------------
[16.433 ms ; 16.935 ms) | @@@@@@
[16.935 ms ; 17.311 ms) | @@
---------------------------------------------------

ExtractManySmallEntries.SharpCompress: Quick(MaxRelativeError=0.05, Arguments=/p:MatrixMode=Benchmark, IterationTime=250ms, MaxIterationCount=12, MaxWarmupIterationCount=5, MinIterationCount=8, MinWarmupIterationCount=3)
Runtime = .NET 10.0.10 (10.0.10, 10.0.1026.32716), X64 RyuJIT x86-64-v3; GC = Concurrent Workstation
Mean = 17.117 ms, StdErr = 0.064 ms (0.37%), N = 7, StdDev = 0.169 ms
Min = 16.941 ms, Q1 = 17.003 ms, Median = 17.067 ms, Q3 = 17.224 ms, Max = 17.356 ms
IQR = 0.220 ms, LowerFence = 16.673 ms, UpperFence = 17.554 ms
ConfidenceInterval = [16.736 ms; 17.498 ms] (CI 99.9%), Margin = 0.381 ms (2.22% of Mean)
Skewness = 0.52, Kurtosis = 1.32, MValue = 2
-------------------- Histogram --------------------
[16.849 ms ; 17.472 ms) | @@@@@@@
---------------------------------------------------

// * Summary *

BenchmarkDotNet v0.15.8, Linux Ubuntu 24.04.4 LTS (Noble Numbat)
AMD EPYC 7763 2.45GHz, 1 CPU, 4 logical and 2 physical cores
.NET SDK 10.0.302
  [Host] : .NET 10.0.10 (10.0.10, 10.0.1026.32716), X64 RyuJIT x86-64-v3
  Quick  : .NET 10.0.10 (10.0.10, 10.0.1026.32716), X64 RyuJIT x86-64-v3

Job=Quick  MaxRelativeError=0.05  Arguments=/p:MatrixMode=Benchmark  
IterationTime=250ms  MaxIterationCount=12  MaxWarmupIterationCount=5  
MinIterationCount=8  MinWarmupIterationCount=3  

| Method              | Mean     | Error    | StdDev   | Ratio | RatioSD | Gen0      | Gen1     | Allocated   | Alloc Ratio |
|-------------------- |---------:|---------:|---------:|------:|--------:|----------:|---------:|------------:|------------:|
| SystemIOCompression | 14.91 ms | 0.105 ms | 0.047 ms |  1.00 |    0.00 |         - |        - |   987.53 KB |        1.00 |
| SharpZipLib         | 16.71 ms | 0.499 ms | 0.261 ms |  1.12 |    0.02 | 2222.2222 | 333.3333 | 36844.43 KB |       37.31 |
| SharpCompress       | 17.12 ms | 0.381 ms | 0.169 ms |  1.15 |    0.01 |         - |        - |  2324.78 KB |        2.35 |

// * Hints *
Outliers
  ExtractManySmallEntries.SystemIOCompression: Quick -> 1 outlier  was  removed (15.29 ms)
  ExtractManySmallEntries.SharpCompress: Quick       -> 1 outlier  was  removed (18.82 ms)

// * Legends *
  Mean        : Arithmetic mean of all measurements
  Error       : Half of 99.9% confidence interval
  StdDev      : Standard deviation of all measurements
  Ratio       : Mean of the ratio distribution ([Current]/[Baseline])
  RatioSD     : Standard deviation of the ratio distribution ([Current]/[Baseline])
  Gen0        : GC Generation 0 collects per 1000 operations
  Gen1        : GC Generation 1 collects per 1000 operations
  Allocated   : Allocated memory per single operation (managed only, inclusive, 1KB = 1024B)
  Alloc Ratio : Allocated memory ratio distribution ([Current]/[Baseline])
  1 ms        : 1 Millisecond (0.001 sec)

// * Diagnostic Output - MemoryDiagnoser *


// ***** BenchmarkRunner: End *****
Run time: 00:00:08 (8.35 sec), executed benchmarks: 3

// Found 3 benchmarks:
//   FindEntryByName.SharpCompress: Quick(MaxRelativeError=0.05, Arguments=/p:MatrixMode=Benchmark, IterationTime=250ms, MaxIterationCount=12, MaxWarmupIterationCount=5, MinIterationCount=8, MinWarmupIterationCount=3)
//   FindEntryByName.SharpZipLib: Quick(MaxRelativeError=0.05, Arguments=/p:MatrixMode=Benchmark, IterationTime=250ms, MaxIterationCount=12, MaxWarmupIterationCount=5, MinIterationCount=8, MinWarmupIterationCount=3)
//   FindEntryByName.SystemIOCompression: Quick(MaxRelativeError=0.05, Arguments=/p:MatrixMode=Benchmark, IterationTime=250ms, MaxIterationCount=12, MaxWarmupIterationCount=5, MinIterationCount=8, MinWarmupIterationCount=3)

// **************************
// Benchmark: FindEntryByName.SharpCompress: Quick(MaxRelativeError=0.05, Arguments=/p:MatrixMode=Benchmark, IterationTime=250ms, MaxIterationCount=12, MaxWarmupIterationCount=5, MinIterationCount=8, MinWarmupIterationCount=3)
// *** Execute ***
// Launch: 1 / 1
// Execute: dotnet Matrix.ZipArchives-Quick-1.dll --anonymousPipes 127 128 --benchmarkName Matrix.ZipArchives.Benchmarks.FindEntryByName.SharpCompress --job Quick --benchmarkId 21 in /home/runner/work/dotnet-matrix/dotnet-matrix/src/Matrix.ZipArchives/bin/Benchmark/Release/net10.0/Matrix.ZipArchives-Quick-1/bin/Release/net10.0
// Failed to set up high priority (Permission denied). In order to run benchmarks with high priority, make sure you have the right permissions.
// BeforeAnythingElse

// Benchmark Process Environment Information:
// BenchmarkDotNet v0.15.8
// Runtime=.NET 10.0.10 (10.0.10, 10.0.1026.32716), X64 RyuJIT x86-64-v3
// GC=Concurrent Workstation
// HardwareIntrinsics=AVX2+BMI1+BMI2+F16C+FMA+LZCNT+MOVBE,AVX,SSE3+SSSE3+SSE4.1+SSE4.2+POPCNT,X86Base+SSE+SSE2,AES+PCLMUL VectorSize=256
// Job: Quick(MaxRelativeError=0.05, IterationTime=250ms, MaxIterationCount=12, MaxWarmupIterationCount=5, MinIterationCount=8, MinWarmupIterationCount=3)

OverheadJitting  1: 1 op, 217134.00 ns, 217.1340 us/op
WorkloadJitting  1: 1 op, 26971717.00 ns, 26.9717 ms/op

WorkloadPilot    1: 4 op, 18556185.00 ns, 4.6390 ms/op
WorkloadPilot    2: 54 op, 236711782.00 ns, 4.3836 ms/op
WorkloadPilot    3: 57 op, 198420896.00 ns, 3.4811 ms/op
WorkloadPilot    4: 72 op, 221781648.00 ns, 3.0803 ms/op
WorkloadPilot    5: 81 op, 151959704.00 ns, 1.8760 ms/op
WorkloadPilot    6: 133 op, 144312494.00 ns, 1.0851 ms/op
WorkloadPilot    7: 230 op, 194536321.00 ns, 845.8101 us/op
WorkloadPilot    8: 296 op, 248502008.00 ns, 839.5338 us/op
WorkloadPilot    9: 298 op, 251523455.00 ns, 844.0384 us/op
WorkloadPilot   10: 296 op, 251501915.00 ns, 849.6686 us/op
WorkloadPilot   11: 294 op, 249897466.00 ns, 849.9914 us/op

WorkloadWarmup   1: 294 op, 250735767.00 ns, 852.8427 us/op
WorkloadWarmup   2: 294 op, 244923955.00 ns, 833.0747 us/op
WorkloadWarmup   3: 294 op, 244939974.00 ns, 833.1292 us/op
WorkloadWarmup   4: 294 op, 247831630.00 ns, 842.9647 us/op
WorkloadWarmup   5: 294 op, 245977126.00 ns, 836.6569 us/op

// BeforeActualRun
WorkloadActual   1: 294 op, 266033256.00 ns, 904.8750 us/op
WorkloadActual   2: 294 op, 247569050.00 ns, 842.0716 us/op
WorkloadActual   3: 294 op, 250738192.00 ns, 852.8510 us/op
WorkloadActual   4: 294 op, 249912194.00 ns, 850.0415 us/op
WorkloadActual   5: 294 op, 249475010.00 ns, 848.5545 us/op
WorkloadActual   6: 294 op, 247831199.00 ns, 842.9633 us/op
WorkloadActual   7: 294 op, 246353958.00 ns, 837.9386 us/op
WorkloadActual   8: 294 op, 249090032.00 ns, 847.2450 us/op

// AfterActualRun
WorkloadResult   1: 294 op, 247569050.00 ns, 842.0716 us/op
WorkloadResult   2: 294 op, 250738192.00 ns, 852.8510 us/op
WorkloadResult   3: 294 op, 249912194.00 ns, 850.0415 us/op
WorkloadResult   4: 294 op, 249475010.00 ns, 848.5545 us/op
WorkloadResult   5: 294 op, 247831199.00 ns, 842.9633 us/op
WorkloadResult   6: 294 op, 246353958.00 ns, 837.9386 us/op
WorkloadResult   7: 294 op, 249090032.00 ns, 847.2450 us/op
// GC:  11 4 0 198861600 294
// Threading:  0 0 294

// AfterAll
// Benchmark Process 3618 has exited with code 0.

Mean = 845.952 μs, StdErr = 1.958 μs (0.23%), N = 7, StdDev = 5.180 μs
Min = 837.939 μs, Q1 = 842.517 μs, Median = 847.245 μs, Q3 = 849.298 μs, Max = 852.851 μs
IQR = 6.781 μs, LowerFence = 832.347 μs, UpperFence = 859.469 μs
ConfidenceInterval = [834.287 μs; 857.618 μs] (CI 99.9%), Margin = 11.666 μs (1.38% of Mean)
Skewness = -0.19, Kurtosis = 1.39, MValue = 2

// ** Remained 16 (42.1 %) benchmark(s) to run. Estimated finish 2026-08-11 9:30 (0h 1m from now) **
// **************************
// Benchmark: FindEntryByName.SharpZipLib: Quick(MaxRelativeError=0.05, Arguments=/p:MatrixMode=Benchmark, IterationTime=250ms, MaxIterationCount=12, MaxWarmupIterationCount=5, MinIterationCount=8, MinWarmupIterationCount=3)
// *** Execute ***
// Launch: 1 / 1
// Execute: dotnet Matrix.ZipArchives-Quick-1.dll --anonymousPipes 127 128 --benchmarkName Matrix.ZipArchives.Benchmarks.FindEntryByName.SharpZipLib --job Quick --benchmarkId 22 in /home/runner/work/dotnet-matrix/dotnet-matrix/src/Matrix.ZipArchives/bin/Benchmark/Release/net10.0/Matrix.ZipArchives-Quick-1/bin/Release/net10.0
// Failed to set up high priority (Permission denied). In order to run benchmarks with high priority, make sure you have the right permissions.
// BeforeAnythingElse

// Benchmark Process Environment Information:
// BenchmarkDotNet v0.15.8
// Runtime=.NET 10.0.10 (10.0.10, 10.0.1026.32716), X64 RyuJIT x86-64-v3
// GC=Concurrent Workstation
// HardwareIntrinsics=AVX2+BMI1+BMI2+F16C+FMA+LZCNT+MOVBE,AVX,SSE3+SSSE3+SSE4.1+SSE4.2+POPCNT,X86Base+SSE+SSE2,AES+PCLMUL VectorSize=256
// Job: Quick(MaxRelativeError=0.05, IterationTime=250ms, MaxIterationCount=12, MaxWarmupIterationCount=5, MinIterationCount=8, MinWarmupIterationCount=3)

OverheadJitting  1: 1 op, 247191.00 ns, 247.1910 us/op
WorkloadJitting  1: 1 op, 7918416.00 ns, 7.9184 ms/op

OverheadJitting  2: 16 op, 254264.00 ns, 15.8915 us/op
WorkloadJitting  2: 16 op, 26645350.00 ns, 1.6653 ms/op

WorkloadPilot    1: 16 op, 13796602.00 ns, 862.2876 us/op
WorkloadPilot    2: 304 op, 317200270.00 ns, 1.0434 ms/op
WorkloadPilot    3: 240 op, 122482711.00 ns, 510.3446 us/op
WorkloadPilot    4: 496 op, 116454565.00 ns, 234.7874 us/op
WorkloadPilot    5: 1072 op, 247142116.00 ns, 230.5430 us/op
WorkloadPilot    6: 1088 op, 255848238.00 ns, 235.1546 us/op
WorkloadPilot    7: 1072 op, 254955365.00 ns, 237.8315 us/op

OverheadWarmup   1: 1072 op, 7123.00 ns, 6.6446 ns/op
OverheadWarmup   2: 1072 op, 4799.00 ns, 4.4767 ns/op
OverheadWarmup   3: 1072 op, 4739.00 ns, 4.4207 ns/op
OverheadWarmup   4: 1072 op, 4689.00 ns, 4.3741 ns/op
OverheadWarmup   5: 1072 op, 7814.00 ns, 7.2892 ns/op
OverheadWarmup   6: 1072 op, 4780.00 ns, 4.4590 ns/op
OverheadWarmup   7: 1072 op, 4669.00 ns, 4.3554 ns/op
OverheadWarmup   8: 1072 op, 4628.00 ns, 4.3172 ns/op
OverheadWarmup   9: 1072 op, 4699.00 ns, 4.3834 ns/op
OverheadWarmup  10: 1072 op, 4649.00 ns, 4.3368 ns/op

OverheadActual   1: 1072 op, 7474.00 ns, 6.9720 ns/op
OverheadActual   2: 1072 op, 4779.00 ns, 4.4580 ns/op
OverheadActual   3: 1072 op, 4849.00 ns, 4.5233 ns/op
OverheadActual   4: 1072 op, 4649.00 ns, 4.3368 ns/op
OverheadActual   5: 1072 op, 4819.00 ns, 4.4953 ns/op
OverheadActual   6: 1072 op, 4678.00 ns, 4.3638 ns/op
OverheadActual   7: 1072 op, 4599.00 ns, 4.2901 ns/op
OverheadActual   8: 1072 op, 4718.00 ns, 4.4011 ns/op

WorkloadWarmup   1: 1072 op, 258395061.00 ns, 241.0402 us/op
WorkloadWarmup   2: 1072 op, 249608959.00 ns, 232.8442 us/op
WorkloadWarmup   3: 1072 op, 245784136.00 ns, 229.2762 us/op
WorkloadWarmup   4: 1072 op, 250662872.00 ns, 233.8273 us/op
WorkloadWarmup   5: 1072 op, 250316577.00 ns, 233.5043 us/op

// BeforeActualRun
WorkloadActual   1: 1072 op, 253972224.00 ns, 236.9144 us/op
WorkloadActual   2: 1072 op, 251798927.00 ns, 234.8871 us/op
WorkloadActual   3: 1072 op, 247105317.00 ns, 230.5087 us/op
WorkloadActual   4: 1072 op, 252154139.00 ns, 235.2184 us/op
WorkloadActual   5: 1072 op, 248447026.00 ns, 231.7603 us/op
WorkloadActual   6: 1072 op, 246287163.00 ns, 229.7455 us/op
WorkloadActual   7: 1072 op, 248456283.00 ns, 231.7689 us/op
WorkloadActual   8: 1072 op, 245244021.00 ns, 228.7724 us/op

// AfterActualRun
WorkloadResult   1: 1072 op, 253967475.50 ns, 236.9100 us/op
WorkloadResult   2: 1072 op, 251794178.50 ns, 234.8826 us/op
WorkloadResult   3: 1072 op, 247100568.50 ns, 230.5043 us/op
WorkloadResult   4: 1072 op, 252149390.50 ns, 235.2140 us/op
WorkloadResult   5: 1072 op, 248442277.50 ns, 231.7559 us/op
WorkloadResult   6: 1072 op, 246282414.50 ns, 229.7411 us/op
WorkloadResult   7: 1072 op, 248451534.50 ns, 231.7645 us/op
WorkloadResult   8: 1072 op, 245239272.50 ns, 228.7680 us/op
// GC:  20 5 0 335060448 1072
// Threading:  0 0 1072

// AfterAll
// Benchmark Process 3630 has exited with code 0.

Mean = 232.443 μs, StdErr = 1.027 μs (0.44%), N = 8, StdDev = 2.905 μs
Min = 228.768 μs, Q1 = 230.313 μs, Median = 231.760 μs, Q3 = 234.965 μs, Max = 236.910 μs
IQR = 4.652 μs, LowerFence = 223.335 μs, UpperFence = 241.943 μs
ConfidenceInterval = [226.888 μs; 237.997 μs] (CI 99.9%), Margin = 5.555 μs (2.39% of Mean)
Skewness = 0.24, Kurtosis = 1.3, MValue = 2

// ** Remained 15 (39.5 %) benchmark(s) to run. Estimated finish 2026-08-11 9:30 (0h 1m from now) **
// **************************
// Benchmark: FindEntryByName.SystemIOCompression: Quick(MaxRelativeError=0.05, Arguments=/p:MatrixMode=Benchmark, IterationTime=250ms, MaxIterationCount=12, MaxWarmupIterationCount=5, MinIterationCount=8, MinWarmupIterationCount=3)
// *** Execute ***
// Launch: 1 / 1
// Execute: dotnet Matrix.ZipArchives-Quick-1.dll --anonymousPipes 127 128 --benchmarkName Matrix.ZipArchives.Benchmarks.FindEntryByName.SystemIOCompression --job Quick --benchmarkId 23 in /home/runner/work/dotnet-matrix/dotnet-matrix/src/Matrix.ZipArchives/bin/Benchmark/Release/net10.0/Matrix.ZipArchives-Quick-1/bin/Release/net10.0
// Failed to set up high priority (Permission denied). In order to run benchmarks with high priority, make sure you have the right permissions.
// BeforeAnythingElse

// Benchmark Process Environment Information:
// BenchmarkDotNet v0.15.8
// Runtime=.NET 10.0.10 (10.0.10, 10.0.1026.32716), X64 RyuJIT x86-64-v3
// GC=Concurrent Workstation
// HardwareIntrinsics=AVX2+BMI1+BMI2+F16C+FMA+LZCNT+MOVBE,AVX,SSE3+SSSE3+SSE4.1+SSE4.2+POPCNT,X86Base+SSE+SSE2,AES+PCLMUL VectorSize=256
// Job: Quick(MaxRelativeError=0.05, IterationTime=250ms, MaxIterationCount=12, MaxWarmupIterationCount=5, MinIterationCount=8, MinWarmupIterationCount=3)

OverheadJitting  1: 1 op, 238254.00 ns, 238.2540 us/op
WorkloadJitting  1: 1 op, 1566617.00 ns, 1.5666 ms/op

OverheadJitting  2: 16 op, 255676.00 ns, 15.9798 us/op
WorkloadJitting  2: 16 op, 11350557.00 ns, 709.4098 us/op

WorkloadPilot    1: 16 op, 7685341.00 ns, 480.3338 us/op
WorkloadPilot    2: 528 op, 202181368.00 ns, 382.9193 us/op
WorkloadPilot    3: 656 op, 214317759.00 ns, 326.7039 us/op
WorkloadPilot    4: 768 op, 154029859.00 ns, 200.5597 us/op
WorkloadPilot    5: 1248 op, 251075670.00 ns, 201.1824 us/op

OverheadWarmup   1: 1248 op, 5470.00 ns, 4.3830 ns/op
OverheadWarmup   2: 1248 op, 3296.00 ns, 2.6410 ns/op
OverheadWarmup   3: 1248 op, 3317.00 ns, 2.6579 ns/op
OverheadWarmup   4: 1248 op, 3336.00 ns, 2.6731 ns/op
OverheadWarmup   5: 1248 op, 3416.00 ns, 2.7372 ns/op
OverheadWarmup   6: 1248 op, 3376.00 ns, 2.7051 ns/op
OverheadWarmup   7: 1248 op, 3697.00 ns, 2.9623 ns/op
OverheadWarmup   8: 1248 op, 3326.00 ns, 2.6651 ns/op

OverheadActual   1: 1248 op, 3336.00 ns, 2.6731 ns/op
OverheadActual   2: 1248 op, 3356.00 ns, 2.6891 ns/op
OverheadActual   3: 1248 op, 3386.00 ns, 2.7131 ns/op
OverheadActual   4: 1248 op, 3366.00 ns, 2.6971 ns/op
OverheadActual   5: 1248 op, 3347.00 ns, 2.6819 ns/op
OverheadActual   6: 1248 op, 3326.00 ns, 2.6651 ns/op
OverheadActual   7: 1248 op, 3326.00 ns, 2.6651 ns/op
OverheadActual   8: 1248 op, 3346.00 ns, 2.6811 ns/op

WorkloadWarmup   1: 1248 op, 259057163.00 ns, 207.5779 us/op
WorkloadWarmup   2: 1248 op, 241726852.00 ns, 193.6914 us/op
WorkloadWarmup   3: 1248 op, 239401661.00 ns, 191.8283 us/op
WorkloadWarmup   4: 1248 op, 237721153.00 ns, 190.4817 us/op
WorkloadWarmup   5: 1248 op, 238615738.00 ns, 191.1985 us/op

// BeforeActualRun
WorkloadActual   1: 1248 op, 239919777.00 ns, 192.2434 us/op
WorkloadActual   2: 1248 op, 242499991.00 ns, 194.3109 us/op
WorkloadActual   3: 1248 op, 242955429.00 ns, 194.6758 us/op
WorkloadActual   4: 1248 op, 240912435.00 ns, 193.0388 us/op
WorkloadActual   5: 1248 op, 239231255.00 ns, 191.6917 us/op
WorkloadActual   6: 1248 op, 239351508.00 ns, 191.7881 us/op
WorkloadActual   7: 1248 op, 240602929.00 ns, 192.7908 us/op
WorkloadActual   8: 1248 op, 245456968.00 ns, 196.6803 us/op

// AfterActualRun
WorkloadResult   1: 1248 op, 239916430.50 ns, 192.2407 us/op
WorkloadResult   2: 1248 op, 242496644.50 ns, 194.3082 us/op
WorkloadResult   3: 1248 op, 242952082.50 ns, 194.6731 us/op
WorkloadResult   4: 1248 op, 240909088.50 ns, 193.0361 us/op
WorkloadResult   5: 1248 op, 239227908.50 ns, 191.6890 us/op
WorkloadResult   6: 1248 op, 239348161.50 ns, 191.7854 us/op
WorkloadResult   7: 1248 op, 240599582.50 ns, 192.7881 us/op
WorkloadResult   8: 1248 op, 245453621.50 ns, 196.6776 us/op
// GC:  50 17 0 842639616 1248
// Threading:  0 0 1248

// AfterAll
// Benchmark Process 3641 has exited with code 0.

Mean = 193.400 μs, StdErr = 0.606 μs (0.31%), N = 8, StdDev = 1.714 μs
Min = 191.689 μs, Q1 = 192.127 μs, Median = 192.912 μs, Q3 = 194.399 μs, Max = 196.678 μs
IQR = 2.273 μs, LowerFence = 188.718 μs, UpperFence = 197.808 μs
ConfidenceInterval = [190.122 μs; 196.678 μs] (CI 99.9%), Margin = 3.278 μs (1.69% of Mean)
Skewness = 0.67, Kurtosis = 1.97, MValue = 2

// ** Remained 14 (36.8 %) benchmark(s) to run. Estimated finish 2026-08-11 9:30 (0h 1m from now) **
// ***** BenchmarkRunner: Finish  *****

// * Export *
  tmp/dotnet-matrix/ZipArchives/6cf630e1fdda4270a6a7ce32a4ac7a8c/results/Matrix.ZipArchives.Benchmarks.FindEntryByName-report.csv
  tmp/dotnet-matrix/ZipArchives/6cf630e1fdda4270a6a7ce32a4ac7a8c/results/Matrix.ZipArchives.Benchmarks.FindEntryByName-report-github.md
  tmp/dotnet-matrix/ZipArchives/6cf630e1fdda4270a6a7ce32a4ac7a8c/results/Matrix.ZipArchives.Benchmarks.FindEntryByName-report.html
  tmp/dotnet-matrix/ZipArchives/6cf630e1fdda4270a6a7ce32a4ac7a8c/results/Matrix.ZipArchives.Benchmarks.FindEntryByName-report-full.json

// * Detailed results *
FindEntryByName.SystemIOCompression: Quick(MaxRelativeError=0.05, Arguments=/p:MatrixMode=Benchmark, IterationTime=250ms, MaxIterationCount=12, MaxWarmupIterationCount=5, MinIterationCount=8, MinWarmupIterationCount=3)
Runtime = .NET 10.0.10 (10.0.10, 10.0.1026.32716), X64 RyuJIT x86-64-v3; GC = Concurrent Workstation
Mean = 193.400 μs, StdErr = 0.606 μs (0.31%), N = 8, StdDev = 1.714 μs
Min = 191.689 μs, Q1 = 192.127 μs, Median = 192.912 μs, Q3 = 194.399 μs, Max = 196.678 μs
IQR = 2.273 μs, LowerFence = 188.718 μs, UpperFence = 197.808 μs
ConfidenceInterval = [190.122 μs; 196.678 μs] (CI 99.9%), Margin = 3.278 μs (1.69% of Mean)
Skewness = 0.67, Kurtosis = 1.97, MValue = 2
-------------------- Histogram --------------------
[190.564 μs ; 197.803 μs) | @@@@@@@@
---------------------------------------------------

FindEntryByName.SharpZipLib: Quick(MaxRelativeError=0.05, Arguments=/p:MatrixMode=Benchmark, IterationTime=250ms, MaxIterationCount=12, MaxWarmupIterationCount=5, MinIterationCount=8, MinWarmupIterationCount=3)
Runtime = .NET 10.0.10 (10.0.10, 10.0.1026.32716), X64 RyuJIT x86-64-v3; GC = Concurrent Workstation
Mean = 232.443 μs, StdErr = 1.027 μs (0.44%), N = 8, StdDev = 2.905 μs
Min = 228.768 μs, Q1 = 230.313 μs, Median = 231.760 μs, Q3 = 234.965 μs, Max = 236.910 μs
IQR = 4.652 μs, LowerFence = 223.335 μs, UpperFence = 241.943 μs
ConfidenceInterval = [226.888 μs; 237.997 μs] (CI 99.9%), Margin = 5.555 μs (2.39% of Mean)
Skewness = 0.24, Kurtosis = 1.3, MValue = 2
-------------------- Histogram --------------------
[227.964 μs ; 238.255 μs) | @@@@@@@@
---------------------------------------------------

FindEntryByName.SharpCompress: Quick(MaxRelativeError=0.05, Arguments=/p:MatrixMode=Benchmark, IterationTime=250ms, MaxIterationCount=12, MaxWarmupIterationCount=5, MinIterationCount=8, MinWarmupIterationCount=3)
Runtime = .NET 10.0.10 (10.0.10, 10.0.1026.32716), X64 RyuJIT x86-64-v3; GC = Concurrent Workstation
Mean = 845.952 μs, StdErr = 1.958 μs (0.23%), N = 7, StdDev = 5.180 μs
Min = 837.939 μs, Q1 = 842.517 μs, Median = 847.245 μs, Q3 = 849.298 μs, Max = 852.851 μs
IQR = 6.781 μs, LowerFence = 832.347 μs, UpperFence = 859.469 μs
ConfidenceInterval = [834.287 μs; 857.618 μs] (CI 99.9%), Margin = 11.666 μs (1.38% of Mean)
Skewness = -0.19, Kurtosis = 1.39, MValue = 2
-------------------- Histogram --------------------
[834.385 μs ; 856.405 μs) | @@@@@@@
---------------------------------------------------

// * Summary *

BenchmarkDotNet v0.15.8, Linux Ubuntu 24.04.4 LTS (Noble Numbat)
AMD EPYC 7763 2.45GHz, 1 CPU, 4 logical and 2 physical cores
.NET SDK 10.0.302
  [Host] : .NET 10.0.10 (10.0.10, 10.0.1026.32716), X64 RyuJIT x86-64-v3
  Quick  : .NET 10.0.10 (10.0.10, 10.0.1026.32716), X64 RyuJIT x86-64-v3

Job=Quick  MaxRelativeError=0.05  Arguments=/p:MatrixMode=Benchmark  
IterationTime=250ms  MaxIterationCount=12  MaxWarmupIterationCount=5  
MinIterationCount=8  MinWarmupIterationCount=3  

| Method              | Mean     | Error    | StdDev  | Ratio | RatioSD | Gen0    | Gen1    | Allocated | Alloc Ratio |
|-------------------- |---------:|---------:|--------:|------:|--------:|--------:|--------:|----------:|------------:|
| SystemIOCompression | 193.4 μs |  3.28 μs | 1.71 μs |  1.00 |    0.01 | 40.0641 | 13.6218 | 659.37 KB |        1.00 |
| SharpZipLib         | 232.4 μs |  5.55 μs | 2.91 μs |  1.20 |    0.02 | 18.6567 |  4.6642 | 305.23 KB |        0.46 |
| SharpCompress       | 846.0 μs | 11.67 μs | 5.18 μs |  4.37 |    0.04 | 37.4150 | 13.6054 | 660.55 KB |        1.00 |

// * Hints *
Outliers
  FindEntryByName.SharpCompress: Quick -> 1 outlier  was  removed (904.88 μs)

// * Legends *
  Mean        : Arithmetic mean of all measurements
  Error       : Half of 99.9% confidence interval
  StdDev      : Standard deviation of all measurements
  Ratio       : Mean of the ratio distribution ([Current]/[Baseline])
  RatioSD     : Standard deviation of the ratio distribution ([Current]/[Baseline])
  Gen0        : GC Generation 0 collects per 1000 operations
  Gen1        : GC Generation 1 collects per 1000 operations
  Allocated   : Allocated memory per single operation (managed only, inclusive, 1KB = 1024B)
  Alloc Ratio : Allocated memory ratio distribution ([Current]/[Baseline])
  1 μs        : 1 Microsecond (0.000001 sec)

// * Diagnostic Output - MemoryDiagnoser *


// ***** BenchmarkRunner: End *****
Run time: 00:00:15 (15.75 sec), executed benchmarks: 3

// Found 3 benchmarks:
//   ListEntries.SharpCompress: Quick(MaxRelativeError=0.05, Arguments=/p:MatrixMode=Benchmark, IterationTime=250ms, MaxIterationCount=12, MaxWarmupIterationCount=5, MinIterationCount=8, MinWarmupIterationCount=3)
//   ListEntries.SharpZipLib: Quick(MaxRelativeError=0.05, Arguments=/p:MatrixMode=Benchmark, IterationTime=250ms, MaxIterationCount=12, MaxWarmupIterationCount=5, MinIterationCount=8, MinWarmupIterationCount=3)
//   ListEntries.SystemIOCompression: Quick(MaxRelativeError=0.05, Arguments=/p:MatrixMode=Benchmark, IterationTime=250ms, MaxIterationCount=12, MaxWarmupIterationCount=5, MinIterationCount=8, MinWarmupIterationCount=3)

// **************************
// Benchmark: ListEntries.SharpCompress: Quick(MaxRelativeError=0.05, Arguments=/p:MatrixMode=Benchmark, IterationTime=250ms, MaxIterationCount=12, MaxWarmupIterationCount=5, MinIterationCount=8, MinWarmupIterationCount=3)
// *** Execute ***
// Launch: 1 / 1
// Execute: dotnet Matrix.ZipArchives-Quick-1.dll --anonymousPipes 127 128 --benchmarkName Matrix.ZipArchives.Benchmarks.ListEntries.SharpCompress --job Quick --benchmarkId 24 in /home/runner/work/dotnet-matrix/dotnet-matrix/src/Matrix.ZipArchives/bin/Benchmark/Release/net10.0/Matrix.ZipArchives-Quick-1/bin/Release/net10.0
// Failed to set up high priority (Permission denied). In order to run benchmarks with high priority, make sure you have the right permissions.
// BeforeAnythingElse

// Benchmark Process Environment Information:
// BenchmarkDotNet v0.15.8
// Runtime=.NET 10.0.10 (10.0.10, 10.0.1026.32716), X64 RyuJIT x86-64-v3
// GC=Concurrent Workstation
// HardwareIntrinsics=AVX2+BMI1+BMI2+F16C+FMA+LZCNT+MOVBE,AVX,SSE3+SSSE3+SSE4.1+SSE4.2+POPCNT,X86Base+SSE+SSE2,AES+PCLMUL VectorSize=256
// Job: Quick(MaxRelativeError=0.05, IterationTime=250ms, MaxIterationCount=12, MaxWarmupIterationCount=5, MinIterationCount=8, MinWarmupIterationCount=3)

OverheadJitting  1: 1 op, 223116.00 ns, 223.1160 us/op
WorkloadJitting  1: 1 op, 26730688.00 ns, 26.7307 ms/op

WorkloadPilot    1: 4 op, 19440603.00 ns, 4.8602 ms/op
WorkloadPilot    2: 51 op, 216744208.00 ns, 4.2499 ms/op
WorkloadPilot    3: 59 op, 183233133.00 ns, 3.1056 ms/op
WorkloadPilot    4: 80 op, 225433750.00 ns, 2.8179 ms/op
WorkloadPilot    5: 89 op, 155892819.00 ns, 1.7516 ms/op
WorkloadPilot    6: 143 op, 150038466.00 ns, 1.0492 ms/op
WorkloadPilot    7: 238 op, 232644368.00 ns, 977.4973 us/op
WorkloadPilot    8: 256 op, 256943457.00 ns, 1.0037 ms/op
WorkloadPilot    9: 249 op, 241987176.00 ns, 971.8360 us/op
WorkloadPilot   10: 257 op, 252507598.00 ns, 982.5198 us/op
WorkloadPilot   11: 254 op, 245943664.00 ns, 968.2821 us/op
WorkloadPilot   12: 258 op, 252456293.00 ns, 978.5128 us/op

WorkloadWarmup   1: 258 op, 253100391.00 ns, 981.0093 us/op
WorkloadWarmup   2: 258 op, 249043888.00 ns, 965.2864 us/op
WorkloadWarmup   3: 258 op, 249650197.00 ns, 967.6364 us/op
WorkloadWarmup   4: 258 op, 248367127.00 ns, 962.6633 us/op
WorkloadWarmup   5: 258 op, 264454778.00 ns, 1.0250 ms/op

// BeforeActualRun
WorkloadActual   1: 258 op, 255423478.00 ns, 990.0135 us/op
WorkloadActual   2: 258 op, 250621847.00 ns, 971.4025 us/op
WorkloadActual   3: 258 op, 250805709.00 ns, 972.1152 us/op
WorkloadActual   4: 258 op, 251441789.00 ns, 974.5806 us/op
WorkloadActual   5: 258 op, 249198921.00 ns, 965.8873 us/op
WorkloadActual   6: 258 op, 249511733.00 ns, 967.0997 us/op
WorkloadActual   7: 258 op, 248704551.00 ns, 963.9711 us/op
WorkloadActual   8: 258 op, 249267119.00 ns, 966.1516 us/op

// AfterActualRun
WorkloadResult   1: 258 op, 250621847.00 ns, 971.4025 us/op
WorkloadResult   2: 258 op, 250805709.00 ns, 972.1152 us/op
WorkloadResult   3: 258 op, 251441789.00 ns, 974.5806 us/op
WorkloadResult   4: 258 op, 249198921.00 ns, 965.8873 us/op
WorkloadResult   5: 258 op, 249511733.00 ns, 967.0997 us/op
WorkloadResult   6: 258 op, 248704551.00 ns, 963.9711 us/op
WorkloadResult   7: 258 op, 249267119.00 ns, 966.1516 us/op
// GC:  10 3 0 174548352 258
// Threading:  0 0 258

// AfterAll
// Benchmark Process 3654 has exited with code 0.

Mean = 968.744 μs, StdErr = 1.487 μs (0.15%), N = 7, StdDev = 3.934 μs
Min = 963.971 μs, Q1 = 966.019 μs, Median = 967.100 μs, Q3 = 971.759 μs, Max = 974.581 μs
IQR = 5.739 μs, LowerFence = 957.410 μs, UpperFence = 980.368 μs
ConfidenceInterval = [959.884 μs; 977.604 μs] (CI 99.9%), Margin = 8.860 μs (0.91% of Mean)
Skewness = 0.24, Kurtosis = 1.18, MValue = 2

// ** Remained 13 (34.2 %) benchmark(s) to run. Estimated finish 2026-08-11 9:30 (0h 0m from now) **
// **************************
// Benchmark: ListEntries.SharpZipLib: Quick(MaxRelativeError=0.05, Arguments=/p:MatrixMode=Benchmark, IterationTime=250ms, MaxIterationCount=12, MaxWarmupIterationCount=5, MinIterationCount=8, MinWarmupIterationCount=3)
// *** Execute ***
// Launch: 1 / 1
// Execute: dotnet Matrix.ZipArchives-Quick-1.dll --anonymousPipes 127 128 --benchmarkName Matrix.ZipArchives.Benchmarks.ListEntries.SharpZipLib --job Quick --benchmarkId 25 in /home/runner/work/dotnet-matrix/dotnet-matrix/src/Matrix.ZipArchives/bin/Benchmark/Release/net10.0/Matrix.ZipArchives-Quick-1/bin/Release/net10.0
// Failed to set up high priority (Permission denied). In order to run benchmarks with high priority, make sure you have the right permissions.
// BeforeAnythingElse

// Benchmark Process Environment Information:
// BenchmarkDotNet v0.15.8
// Runtime=.NET 10.0.10 (10.0.10, 10.0.1026.32716), X64 RyuJIT x86-64-v3
// GC=Concurrent Workstation
// HardwareIntrinsics=AVX2+BMI1+BMI2+F16C+FMA+LZCNT+MOVBE,AVX,SSE3+SSSE3+SSE4.1+SSE4.2+POPCNT,X86Base+SSE+SSE2,AES+PCLMUL VectorSize=256
// Job: Quick(MaxRelativeError=0.05, IterationTime=250ms, MaxIterationCount=12, MaxWarmupIterationCount=5, MinIterationCount=8, MinWarmupIterationCount=3)

OverheadJitting  1: 1 op, 220480.00 ns, 220.4800 us/op
WorkloadJitting  1: 1 op, 6794284.00 ns, 6.7943 ms/op

OverheadJitting  2: 16 op, 218857.00 ns, 13.6786 us/op
WorkloadJitting  2: 16 op, 27960759.00 ns, 1.7475 ms/op

WorkloadPilot    1: 16 op, 13927837.00 ns, 870.4898 us/op
WorkloadPilot    2: 288 op, 289944456.00 ns, 1.0068 ms/op
WorkloadPilot    3: 256 op, 127638670.00 ns, 498.5886 us/op
WorkloadPilot    4: 512 op, 114992080.00 ns, 224.5939 us/op
WorkloadPilot    5: 1120 op, 250596855.00 ns, 223.7472 us/op

OverheadWarmup   1: 1120 op, 4469.00 ns, 3.9902 ns/op
OverheadWarmup   2: 1120 op, 2795.00 ns, 2.4955 ns/op
OverheadWarmup   3: 1120 op, 2715.00 ns, 2.4241 ns/op
OverheadWarmup   4: 1120 op, 2845.00 ns, 2.5402 ns/op
OverheadWarmup   5: 1120 op, 2785.00 ns, 2.4866 ns/op
OverheadWarmup   6: 1120 op, 2674.00 ns, 2.3875 ns/op
OverheadWarmup   7: 1120 op, 2735.00 ns, 2.4420 ns/op
OverheadWarmup   8: 1120 op, 2665.00 ns, 2.3795 ns/op

OverheadActual   1: 1120 op, 2735.00 ns, 2.4420 ns/op
OverheadActual   2: 1120 op, 2705.00 ns, 2.4152 ns/op
OverheadActual   3: 1120 op, 2685.00 ns, 2.3973 ns/op
OverheadActual   4: 1120 op, 2785.00 ns, 2.4866 ns/op
OverheadActual   5: 1120 op, 2725.00 ns, 2.4330 ns/op
OverheadActual   6: 1120 op, 2825.00 ns, 2.5223 ns/op
OverheadActual   7: 1120 op, 2695.00 ns, 2.4063 ns/op
OverheadActual   8: 1120 op, 2675.00 ns, 2.3884 ns/op

WorkloadWarmup   1: 1120 op, 261954212.00 ns, 233.8877 us/op
WorkloadWarmup   2: 1120 op, 253463122.00 ns, 226.3064 us/op
WorkloadWarmup   3: 1120 op, 247169993.00 ns, 220.6875 us/op
WorkloadWarmup   4: 1120 op, 244436152.00 ns, 218.2466 us/op
WorkloadWarmup   5: 1120 op, 245214401.00 ns, 218.9414 us/op

// BeforeActualRun
WorkloadActual   1: 1120 op, 249294699.00 ns, 222.5846 us/op
WorkloadActual   2: 1120 op, 245079700.00 ns, 218.8212 us/op
WorkloadActual   3: 1120 op, 245686591.00 ns, 219.3630 us/op
WorkloadActual   4: 1120 op, 250928813.00 ns, 224.0436 us/op
WorkloadActual   5: 1120 op, 249445751.00 ns, 222.7194 us/op
WorkloadActual   6: 1120 op, 251477334.00 ns, 224.5333 us/op
WorkloadActual   7: 1120 op, 250981891.00 ns, 224.0910 us/op
WorkloadActual   8: 1120 op, 270865769.00 ns, 241.8444 us/op

// AfterActualRun
WorkloadResult   1: 1120 op, 249291984.00 ns, 222.5821 us/op
WorkloadResult   2: 1120 op, 245076985.00 ns, 218.8187 us/op
WorkloadResult   3: 1120 op, 245683876.00 ns, 219.3606 us/op
WorkloadResult   4: 1120 op, 250926098.00 ns, 224.0412 us/op
WorkloadResult   5: 1120 op, 249443036.00 ns, 222.7170 us/op
WorkloadResult   6: 1120 op, 251474619.00 ns, 224.5309 us/op
WorkloadResult   7: 1120 op, 250979176.00 ns, 224.0886 us/op
// GC:  20 5 0 349973344 1120
// Threading:  0 0 1120

// AfterAll
// Benchmark Process 3667 has exited with code 0.

Mean = 222.306 μs, StdErr = 0.876 μs (0.39%), N = 7, StdDev = 2.317 μs
Min = 218.819 μs, Q1 = 220.971 μs, Median = 222.717 μs, Q3 = 224.065 μs, Max = 224.531 μs
IQR = 3.093 μs, LowerFence = 216.331 μs, UpperFence = 228.705 μs
ConfidenceInterval = [217.086 μs; 227.525 μs] (CI 99.9%), Margin = 5.219 μs (2.35% of Mean)
Skewness = -0.53, Kurtosis = 1.32, MValue = 2

// ** Remained 12 (31.6 %) benchmark(s) to run. Estimated finish 2026-08-11 9:30 (0h 0m from now) **
// **************************
// Benchmark: ListEntries.SystemIOCompression: Quick(MaxRelativeError=0.05, Arguments=/p:MatrixMode=Benchmark, IterationTime=250ms, MaxIterationCount=12, MaxWarmupIterationCount=5, MinIterationCount=8, MinWarmupIterationCount=3)
// *** Execute ***
// Launch: 1 / 1
// Execute: dotnet Matrix.ZipArchives-Quick-1.dll --anonymousPipes 127 128 --benchmarkName Matrix.ZipArchives.Benchmarks.ListEntries.SystemIOCompression --job Quick --benchmarkId 26 in /home/runner/work/dotnet-matrix/dotnet-matrix/src/Matrix.ZipArchives/bin/Benchmark/Release/net10.0/Matrix.ZipArchives-Quick-1/bin/Release/net10.0
// Failed to set up high priority (Permission denied). In order to run benchmarks with high priority, make sure you have the right permissions.
// BeforeAnythingElse

// Benchmark Process Environment Information:
// BenchmarkDotNet v0.15.8
// Runtime=.NET 10.0.10 (10.0.10, 10.0.1026.32716), X64 RyuJIT x86-64-v3
// GC=Concurrent Workstation
// HardwareIntrinsics=AVX2+BMI1+BMI2+F16C+FMA+LZCNT+MOVBE,AVX,SSE3+SSSE3+SSE4.1+SSE4.2+POPCNT,X86Base+SSE+SSE2,AES+PCLMUL VectorSize=256
// Job: Quick(MaxRelativeError=0.05, IterationTime=250ms, MaxIterationCount=12, MaxWarmupIterationCount=5, MinIterationCount=8, MinWarmupIterationCount=3)

OverheadJitting  1: 1 op, 250186.00 ns, 250.1860 us/op
WorkloadJitting  1: 1 op, 1879320.00 ns, 1.8793 ms/op

OverheadJitting  2: 16 op, 261306.00 ns, 16.3316 us/op
WorkloadJitting  2: 16 op, 15043965.00 ns, 940.2478 us/op

WorkloadPilot    1: 16 op, 8217032.00 ns, 513.5645 us/op
WorkloadPilot    2: 496 op, 220890485.00 ns, 445.3437 us/op
WorkloadPilot    3: 576 op, 192116983.00 ns, 333.5364 us/op
WorkloadPilot    4: 752 op, 146953649.00 ns, 195.4171 us/op
WorkloadPilot    5: 1280 op, 248402518.00 ns, 194.0645 us/op
WorkloadPilot    6: 1296 op, 248638829.00 ns, 191.8509 us/op
WorkloadPilot    7: 1312 op, 251429422.00 ns, 191.6383 us/op

OverheadWarmup   1: 1312 op, 5219.00 ns, 3.9779 ns/op
OverheadWarmup   2: 1312 op, 3166.00 ns, 2.4131 ns/op
OverheadWarmup   3: 1312 op, 3106.00 ns, 2.3674 ns/op
OverheadWarmup   4: 1312 op, 3086.00 ns, 2.3521 ns/op
OverheadWarmup   5: 1312 op, 3046.00 ns, 2.3216 ns/op
OverheadWarmup   6: 1312 op, 3046.00 ns, 2.3216 ns/op
OverheadWarmup   7: 1312 op, 3056.00 ns, 2.3293 ns/op
OverheadWarmup   8: 1312 op, 3025.00 ns, 2.3056 ns/op
OverheadWarmup   9: 1312 op, 3116.00 ns, 2.3750 ns/op

OverheadActual   1: 1312 op, 3477.00 ns, 2.6502 ns/op
OverheadActual   2: 1312 op, 3136.00 ns, 2.3902 ns/op
OverheadActual   3: 1312 op, 3477.00 ns, 2.6502 ns/op
OverheadActual   4: 1312 op, 3176.00 ns, 2.4207 ns/op
OverheadActual   5: 1312 op, 3136.00 ns, 2.3902 ns/op
OverheadActual   6: 1312 op, 3086.00 ns, 2.3521 ns/op
OverheadActual   7: 1312 op, 3126.00 ns, 2.3826 ns/op
OverheadActual   8: 1312 op, 3086.00 ns, 2.3521 ns/op
OverheadActual   9: 1312 op, 3076.00 ns, 2.3445 ns/op

WorkloadWarmup   1: 1312 op, 277866237.00 ns, 211.7883 us/op
WorkloadWarmup   2: 1312 op, 254037406.00 ns, 193.6261 us/op
WorkloadWarmup   3: 1312 op, 266383378.00 ns, 203.0361 us/op
WorkloadWarmup   4: 1312 op, 250568886.00 ns, 190.9824 us/op
WorkloadWarmup   5: 1312 op, 252586864.00 ns, 192.5205 us/op

// BeforeActualRun
WorkloadActual   1: 1312 op, 255337267.00 ns, 194.6168 us/op
WorkloadActual   2: 1312 op, 253727127.00 ns, 193.3896 us/op
WorkloadActual   3: 1312 op, 253241852.00 ns, 193.0197 us/op
WorkloadActual   4: 1312 op, 253506567.00 ns, 193.2215 us/op
WorkloadActual   5: 1312 op, 251182399.00 ns, 191.4500 us/op
WorkloadActual   6: 1312 op, 252598645.00 ns, 192.5295 us/op
WorkloadActual   7: 1312 op, 250794967.00 ns, 191.1547 us/op
WorkloadActual   8: 1312 op, 251137475.00 ns, 191.4158 us/op

// AfterActualRun
WorkloadResult   1: 1312 op, 255334131.00 ns, 194.6144 us/op
WorkloadResult   2: 1312 op, 253723991.00 ns, 193.3872 us/op
WorkloadResult   3: 1312 op, 253238716.00 ns, 193.0173 us/op
WorkloadResult   4: 1312 op, 253503431.00 ns, 193.2191 us/op
WorkloadResult   5: 1312 op, 251179263.00 ns, 191.4476 us/op
WorkloadResult   6: 1312 op, 252595509.00 ns, 192.5271 us/op
WorkloadResult   7: 1312 op, 250791831.00 ns, 191.1523 us/op
WorkloadResult   8: 1312 op, 251134339.00 ns, 191.4134 us/op
// GC:  52 17 0 885904384 1312
// Threading:  0 0 1312

// AfterAll
// Benchmark Process 3676 has exited with code 0.

Mean = 192.597 μs, StdErr = 0.424 μs (0.22%), N = 8, StdDev = 1.200 μs
Min = 191.152 μs, Q1 = 191.439 μs, Median = 192.772 μs, Q3 = 193.261 μs, Max = 194.614 μs
IQR = 1.822 μs, LowerFence = 188.706 μs, UpperFence = 195.994 μs
ConfidenceInterval = [190.304 μs; 194.891 μs] (CI 99.9%), Margin = 2.293 μs (1.19% of Mean)
Skewness = 0.2, Kurtosis = 1.52, MValue = 2

// ** Remained 11 (28.9 %) benchmark(s) to run. Estimated finish 2026-08-11 9:30 (0h 0m from now) **
// ***** BenchmarkRunner: Finish  *****

// * Export *
  tmp/dotnet-matrix/ZipArchives/6cf630e1fdda4270a6a7ce32a4ac7a8c/results/Matrix.ZipArchives.Benchmarks.ListEntries-report.csv
  tmp/dotnet-matrix/ZipArchives/6cf630e1fdda4270a6a7ce32a4ac7a8c/results/Matrix.ZipArchives.Benchmarks.ListEntries-report-github.md
  tmp/dotnet-matrix/ZipArchives/6cf630e1fdda4270a6a7ce32a4ac7a8c/results/Matrix.ZipArchives.Benchmarks.ListEntries-report.html
  tmp/dotnet-matrix/ZipArchives/6cf630e1fdda4270a6a7ce32a4ac7a8c/results/Matrix.ZipArchives.Benchmarks.ListEntries-report-full.json

// * Detailed results *
ListEntries.SystemIOCompression: Quick(MaxRelativeError=0.05, Arguments=/p:MatrixMode=Benchmark, IterationTime=250ms, MaxIterationCount=12, MaxWarmupIterationCount=5, MinIterationCount=8, MinWarmupIterationCount=3)
Runtime = .NET 10.0.10 (10.0.10, 10.0.1026.32716), X64 RyuJIT x86-64-v3; GC = Concurrent Workstation
Mean = 192.597 μs, StdErr = 0.424 μs (0.22%), N = 8, StdDev = 1.200 μs
Min = 191.152 μs, Q1 = 191.439 μs, Median = 192.772 μs, Q3 = 193.261 μs, Max = 194.614 μs
IQR = 1.822 μs, LowerFence = 188.706 μs, UpperFence = 195.994 μs
ConfidenceInterval = [190.304 μs; 194.891 μs] (CI 99.9%), Margin = 2.293 μs (1.19% of Mean)
Skewness = 0.2, Kurtosis = 1.52, MValue = 2
-------------------- Histogram --------------------
[191.028 μs ; 194.887 μs) | @@@@@@@@
---------------------------------------------------

ListEntries.SharpZipLib: Quick(MaxRelativeError=0.05, Arguments=/p:MatrixMode=Benchmark, IterationTime=250ms, MaxIterationCount=12, MaxWarmupIterationCount=5, MinIterationCount=8, MinWarmupIterationCount=3)
Runtime = .NET 10.0.10 (10.0.10, 10.0.1026.32716), X64 RyuJIT x86-64-v3; GC = Concurrent Workstation
Mean = 222.306 μs, StdErr = 0.876 μs (0.39%), N = 7, StdDev = 2.317 μs
Min = 218.819 μs, Q1 = 220.971 μs, Median = 222.717 μs, Q3 = 224.065 μs, Max = 224.531 μs
IQR = 3.093 μs, LowerFence = 216.331 μs, UpperFence = 228.705 μs
ConfidenceInterval = [217.086 μs; 227.525 μs] (CI 99.9%), Margin = 5.219 μs (2.35% of Mean)
Skewness = -0.53, Kurtosis = 1.32, MValue = 2
-------------------- Histogram --------------------
[217.229 μs ; 225.792 μs) | @@@@@@@
---------------------------------------------------

ListEntries.SharpCompress: Quick(MaxRelativeError=0.05, Arguments=/p:MatrixMode=Benchmark, IterationTime=250ms, MaxIterationCount=12, MaxWarmupIterationCount=5, MinIterationCount=8, MinWarmupIterationCount=3)
Runtime = .NET 10.0.10 (10.0.10, 10.0.1026.32716), X64 RyuJIT x86-64-v3; GC = Concurrent Workstation
Mean = 968.744 μs, StdErr = 1.487 μs (0.15%), N = 7, StdDev = 3.934 μs
Min = 963.971 μs, Q1 = 966.019 μs, Median = 967.100 μs, Q3 = 971.759 μs, Max = 974.581 μs
IQR = 5.739 μs, LowerFence = 957.410 μs, UpperFence = 980.368 μs
ConfidenceInterval = [959.884 μs; 977.604 μs] (CI 99.9%), Margin = 8.860 μs (0.91% of Mean)
Skewness = 0.24, Kurtosis = 1.18, MValue = 2
-------------------- Histogram --------------------
[961.272 μs ; 977.280 μs) | @@@@@@@
---------------------------------------------------

// * Summary *

BenchmarkDotNet v0.15.8, Linux Ubuntu 24.04.4 LTS (Noble Numbat)
AMD EPYC 7763 2.45GHz, 1 CPU, 4 logical and 2 physical cores
.NET SDK 10.0.302
  [Host] : .NET 10.0.10 (10.0.10, 10.0.1026.32716), X64 RyuJIT x86-64-v3
  Quick  : .NET 10.0.10 (10.0.10, 10.0.1026.32716), X64 RyuJIT x86-64-v3

Job=Quick  MaxRelativeError=0.05  Arguments=/p:MatrixMode=Benchmark  
IterationTime=250ms  MaxIterationCount=12  MaxWarmupIterationCount=5  
MinIterationCount=8  MinWarmupIterationCount=3  

| Method              | Mean     | Error   | StdDev  | Ratio | RatioSD | Gen0    | Gen1    | Allocated | Alloc Ratio |
|-------------------- |---------:|--------:|--------:|------:|--------:|--------:|--------:|----------:|------------:|
| SystemIOCompression | 192.6 μs | 2.29 μs | 1.20 μs |  1.00 |    0.01 | 39.6341 | 12.9573 | 659.41 KB |        1.00 |
| SharpZipLib         | 222.3 μs | 5.22 μs | 2.32 μs |  1.15 |    0.01 | 17.8571 |  4.4643 | 305.15 KB |        0.46 |
| SharpCompress       | 968.7 μs | 8.86 μs | 3.93 μs |  5.03 |    0.04 | 38.7597 | 11.6279 | 660.69 KB |        1.00 |

// * Hints *
Outliers
  ListEntries.SharpZipLib: Quick   -> 1 outlier  was  removed (241.84 μs)
  ListEntries.SharpCompress: Quick -> 1 outlier  was  removed (990.01 μs)

// * Legends *
  Mean        : Arithmetic mean of all measurements
  Error       : Half of 99.9% confidence interval
  StdDev      : Standard deviation of all measurements
  Ratio       : Mean of the ratio distribution ([Current]/[Baseline])
  RatioSD     : Standard deviation of the ratio distribution ([Current]/[Baseline])
  Gen0        : GC Generation 0 collects per 1000 operations
  Gen1        : GC Generation 1 collects per 1000 operations
  Allocated   : Allocated memory per single operation (managed only, inclusive, 1KB = 1024B)
  Alloc Ratio : Allocated memory ratio distribution ([Current]/[Baseline])
  1 μs        : 1 Microsecond (0.000001 sec)

// * Diagnostic Output - MemoryDiagnoser *


// ***** BenchmarkRunner: End *****
Run time: 00:00:16 (16.26 sec), executed benchmarks: 3

// Found 2 benchmarks:
//   ReadAesEncryptedEntry.SharpCompress: Quick(MaxRelativeError=0.05, Arguments=/p:MatrixMode=Benchmark, IterationTime=250ms, MaxIterationCount=12, MaxWarmupIterationCount=5, MinIterationCount=8, MinWarmupIterationCount=3)
//   ReadAesEncryptedEntry.SharpZipLib: Quick(MaxRelativeError=0.05, Arguments=/p:MatrixMode=Benchmark, IterationTime=250ms, MaxIterationCount=12, MaxWarmupIterationCount=5, MinIterationCount=8, MinWarmupIterationCount=3)

// **************************
// Benchmark: ReadAesEncryptedEntry.SharpCompress: Quick(MaxRelativeError=0.05, Arguments=/p:MatrixMode=Benchmark, IterationTime=250ms, MaxIterationCount=12, MaxWarmupIterationCount=5, MinIterationCount=8, MinWarmupIterationCount=3)
// *** Execute ***
// Launch: 1 / 1
// Execute: dotnet Matrix.ZipArchives-Quick-1.dll --anonymousPipes 127 128 --benchmarkName Matrix.ZipArchives.Benchmarks.ReadAesEncryptedEntry.SharpCompress --job Quick --benchmarkId 27 in /home/runner/work/dotnet-matrix/dotnet-matrix/src/Matrix.ZipArchives/bin/Benchmark/Release/net10.0/Matrix.ZipArchives-Quick-1/bin/Release/net10.0
// Failed to set up high priority (Permission denied). In order to run benchmarks with high priority, make sure you have the right permissions.
// BeforeAnythingElse

// Benchmark Process Environment Information:
// BenchmarkDotNet v0.15.8
// Runtime=.NET 10.0.10 (10.0.10, 10.0.1026.32716), X64 RyuJIT x86-64-v3
// GC=Concurrent Workstation
// HardwareIntrinsics=AVX2+BMI1+BMI2+F16C+FMA+LZCNT+MOVBE,AVX,SSE3+SSSE3+SSE4.1+SSE4.2+POPCNT,X86Base+SSE+SSE2,AES+PCLMUL VectorSize=256
// Job: Quick(MaxRelativeError=0.05, IterationTime=250ms, MaxIterationCount=12, MaxWarmupIterationCount=5, MinIterationCount=8, MinWarmupIterationCount=3)

OverheadJitting  1: 1 op, 214399.00 ns, 214.3990 us/op
WorkloadJitting  1: 1 op, 50885841.00 ns, 50.8858 ms/op

WorkloadPilot    1: 4 op, 7791409.00 ns, 1.9479 ms/op
WorkloadPilot    2: 128 op, 247990895.00 ns, 1.9374 ms/op

WorkloadWarmup   1: 128 op, 235080904.00 ns, 1.8366 ms/op
WorkloadWarmup   2: 128 op, 239559584.00 ns, 1.8716 ms/op
WorkloadWarmup   3: 128 op, 227790026.00 ns, 1.7796 ms/op
WorkloadWarmup   4: 128 op, 207153036.00 ns, 1.6184 ms/op
WorkloadWarmup   5: 128 op, 204259748.00 ns, 1.5958 ms/op

// BeforeActualRun
WorkloadActual   1: 128 op, 203564614.00 ns, 1.5903 ms/op
WorkloadActual   2: 128 op, 202862606.00 ns, 1.5849 ms/op
WorkloadActual   3: 128 op, 203027894.00 ns, 1.5862 ms/op
WorkloadActual   4: 128 op, 202499500.00 ns, 1.5820 ms/op
WorkloadActual   5: 128 op, 202553220.00 ns, 1.5824 ms/op
WorkloadActual   6: 128 op, 202724058.00 ns, 1.5838 ms/op
WorkloadActual   7: 128 op, 202926054.00 ns, 1.5854 ms/op
WorkloadActual   8: 128 op, 203100790.00 ns, 1.5867 ms/op

// AfterActualRun
WorkloadResult   1: 128 op, 203564614.00 ns, 1.5903 ms/op
WorkloadResult   2: 128 op, 202862606.00 ns, 1.5849 ms/op
WorkloadResult   3: 128 op, 203027894.00 ns, 1.5862 ms/op
WorkloadResult   4: 128 op, 202499500.00 ns, 1.5820 ms/op
WorkloadResult   5: 128 op, 202553220.00 ns, 1.5824 ms/op
WorkloadResult   6: 128 op, 202724058.00 ns, 1.5838 ms/op
WorkloadResult   7: 128 op, 202926054.00 ns, 1.5854 ms/op
WorkloadResult   8: 128 op, 203100790.00 ns, 1.5867 ms/op
// GC:  0 0 0 11769304 128
// Threading:  0 0 128

// AfterAll
// Benchmark Process 3690 has exited with code 0.

Mean = 1.585 ms, StdErr = 0.001 ms (0.06%), N = 8, StdDev = 0.003 ms
Min = 1.582 ms, Q1 = 1.583 ms, Median = 1.585 ms, Q3 = 1.586 ms, Max = 1.590 ms
IQR = 0.003 ms, LowerFence = 1.579 ms, UpperFence = 1.591 ms
ConfidenceInterval = [1.580 ms; 1.590 ms] (CI 99.9%), Margin = 0.005 ms (0.32% of Mean)
Skewness = 0.55, Kurtosis = 2.16, MValue = 2

// ** Remained 10 (26.3 %) benchmark(s) to run. Estimated finish 2026-08-11 9:30 (0h 0m from now) **
// **************************
// Benchmark: ReadAesEncryptedEntry.SharpZipLib: Quick(MaxRelativeError=0.05, Arguments=/p:MatrixMode=Benchmark, IterationTime=250ms, MaxIterationCount=12, MaxWarmupIterationCount=5, MinIterationCount=8, MinWarmupIterationCount=3)
// *** Execute ***
// Launch: 1 / 1
// Execute: dotnet Matrix.ZipArchives-Quick-1.dll --anonymousPipes 127 128 --benchmarkName Matrix.ZipArchives.Benchmarks.ReadAesEncryptedEntry.SharpZipLib --job Quick --benchmarkId 28 in /home/runner/work/dotnet-matrix/dotnet-matrix/src/Matrix.ZipArchives/bin/Benchmark/Release/net10.0/Matrix.ZipArchives-Quick-1/bin/Release/net10.0
// Failed to set up high priority (Permission denied). In order to run benchmarks with high priority, make sure you have the right permissions.
// BeforeAnythingElse

// Benchmark Process Environment Information:
// BenchmarkDotNet v0.15.8
// Runtime=.NET 10.0.10 (10.0.10, 10.0.1026.32716), X64 RyuJIT x86-64-v3
// GC=Concurrent Workstation
// HardwareIntrinsics=AVX2+BMI1+BMI2+F16C+FMA+LZCNT+MOVBE,AVX,SSE3+SSSE3+SSE4.1+SSE4.2+POPCNT,X86Base+SSE+SSE2,AES+PCLMUL VectorSize=256
// Job: Quick(MaxRelativeError=0.05, IterationTime=250ms, MaxIterationCount=12, MaxWarmupIterationCount=5, MinIterationCount=8, MinWarmupIterationCount=3)

OverheadJitting  1: 1 op, 218497.00 ns, 218.4970 us/op
WorkloadJitting  1: 1 op, 19026512.00 ns, 19.0265 ms/op

WorkloadPilot    1: 4 op, 15025712.00 ns, 3.7564 ms/op
WorkloadPilot    2: 67 op, 258287248.00 ns, 3.8550 ms/op
WorkloadPilot    3: 65 op, 203884950.00 ns, 3.1367 ms/op
WorkloadPilot    4: 80 op, 236842735.00 ns, 2.9605 ms/op
WorkloadPilot    5: 84 op, 247483390.00 ns, 2.9462 ms/op

WorkloadWarmup   1: 84 op, 246749914.00 ns, 2.9375 ms/op
WorkloadWarmup   2: 84 op, 247559531.00 ns, 2.9471 ms/op
WorkloadWarmup   3: 84 op, 248588458.00 ns, 2.9594 ms/op
WorkloadWarmup   4: 84 op, 246806700.00 ns, 2.9382 ms/op
WorkloadWarmup   5: 84 op, 251055232.00 ns, 2.9888 ms/op

// BeforeActualRun
WorkloadActual   1: 84 op, 247501304.00 ns, 2.9464 ms/op
WorkloadActual   2: 84 op, 250139296.00 ns, 2.9778 ms/op
WorkloadActual   3: 84 op, 249393437.00 ns, 2.9690 ms/op
WorkloadActual   4: 84 op, 247339803.00 ns, 2.9445 ms/op
WorkloadActual   5: 84 op, 247364629.00 ns, 2.9448 ms/op
WorkloadActual   6: 84 op, 247975236.00 ns, 2.9521 ms/op
WorkloadActual   7: 84 op, 247340925.00 ns, 2.9445 ms/op
WorkloadActual   8: 84 op, 247243444.00 ns, 2.9434 ms/op

// AfterActualRun
WorkloadResult   1: 84 op, 247501304.00 ns, 2.9464 ms/op
WorkloadResult   2: 84 op, 249393437.00 ns, 2.9690 ms/op
WorkloadResult   3: 84 op, 247339803.00 ns, 2.9445 ms/op
WorkloadResult   4: 84 op, 247364629.00 ns, 2.9448 ms/op
WorkloadResult   5: 84 op, 247975236.00 ns, 2.9521 ms/op
WorkloadResult   6: 84 op, 247340925.00 ns, 2.9445 ms/op
WorkloadResult   7: 84 op, 247243444.00 ns, 2.9434 ms/op
// GC:  0 0 0 3778656 84
// Threading:  0 0 84

// AfterAll
// Benchmark Process 3697 has exited with code 0.

Mean = 2.949 ms, StdErr = 0.003 ms (0.12%), N = 7, StdDev = 0.009 ms
Min = 2.943 ms, Q1 = 2.945 ms, Median = 2.945 ms, Q3 = 2.949 ms, Max = 2.969 ms
IQR = 0.005 ms, LowerFence = 2.937 ms, UpperFence = 2.956 ms
ConfidenceInterval = [2.929 ms; 2.970 ms] (CI 99.9%), Margin = 0.021 ms (0.70% of Mean)
Skewness = 1.33, Kurtosis = 3.12, MValue = 2

// ** Remained 9 (23.7 %) benchmark(s) to run. Estimated finish 2026-08-11 9:30 (0h 0m from now) **
// ***** BenchmarkRunner: Finish  *****

// * Export *
  tmp/dotnet-matrix/ZipArchives/6cf630e1fdda4270a6a7ce32a4ac7a8c/results/Matrix.ZipArchives.Benchmarks.ReadAesEncryptedEntry-report.csv
  tmp/dotnet-matrix/ZipArchives/6cf630e1fdda4270a6a7ce32a4ac7a8c/results/Matrix.ZipArchives.Benchmarks.ReadAesEncryptedEntry-report-github.md
  tmp/dotnet-matrix/ZipArchives/6cf630e1fdda4270a6a7ce32a4ac7a8c/results/Matrix.ZipArchives.Benchmarks.ReadAesEncryptedEntry-report.html
  tmp/dotnet-matrix/ZipArchives/6cf630e1fdda4270a6a7ce32a4ac7a8c/results/Matrix.ZipArchives.Benchmarks.ReadAesEncryptedEntry-report-full.json

// * Detailed results *
ReadAesEncryptedEntry.SharpCompress: Quick(MaxRelativeError=0.05, Arguments=/p:MatrixMode=Benchmark, IterationTime=250ms, MaxIterationCount=12, MaxWarmupIterationCount=5, MinIterationCount=8, MinWarmupIterationCount=3)
Runtime = .NET 10.0.10 (10.0.10, 10.0.1026.32716), X64 RyuJIT x86-64-v3; GC = Concurrent Workstation
Mean = 1.585 ms, StdErr = 0.001 ms (0.06%), N = 8, StdDev = 0.003 ms
Min = 1.582 ms, Q1 = 1.583 ms, Median = 1.585 ms, Q3 = 1.586 ms, Max = 1.590 ms
IQR = 0.003 ms, LowerFence = 1.579 ms, UpperFence = 1.591 ms
ConfidenceInterval = [1.580 ms; 1.590 ms] (CI 99.9%), Margin = 0.005 ms (0.32% of Mean)
Skewness = 0.55, Kurtosis = 2.16, MValue = 2
-------------------- Histogram --------------------
[1.580 ms ; 1.592 ms) | @@@@@@@@
---------------------------------------------------

ReadAesEncryptedEntry.SharpZipLib: Quick(MaxRelativeError=0.05, Arguments=/p:MatrixMode=Benchmark, IterationTime=250ms, MaxIterationCount=12, MaxWarmupIterationCount=5, MinIterationCount=8, MinWarmupIterationCount=3)
Runtime = .NET 10.0.10 (10.0.10, 10.0.1026.32716), X64 RyuJIT x86-64-v3; GC = Concurrent Workstation
Mean = 2.949 ms, StdErr = 0.003 ms (0.12%), N = 7, StdDev = 0.009 ms
Min = 2.943 ms, Q1 = 2.945 ms, Median = 2.945 ms, Q3 = 2.949 ms, Max = 2.969 ms
IQR = 0.005 ms, LowerFence = 2.937 ms, UpperFence = 2.956 ms
ConfidenceInterval = [2.929 ms; 2.970 ms] (CI 99.9%), Margin = 0.021 ms (0.70% of Mean)
Skewness = 1.33, Kurtosis = 3.12, MValue = 2
-------------------- Histogram --------------------
[2.937 ms ; 2.975 ms) | @@@@@@@
---------------------------------------------------

// * Summary *

BenchmarkDotNet v0.15.8, Linux Ubuntu 24.04.4 LTS (Noble Numbat)
AMD EPYC 7763 2.45GHz, 1 CPU, 4 logical and 2 physical cores
.NET SDK 10.0.302
  [Host] : .NET 10.0.10 (10.0.10, 10.0.1026.32716), X64 RyuJIT x86-64-v3
  Quick  : .NET 10.0.10 (10.0.10, 10.0.1026.32716), X64 RyuJIT x86-64-v3

Job=Quick  MaxRelativeError=0.05  Arguments=/p:MatrixMode=Benchmark  
IterationTime=250ms  MaxIterationCount=12  MaxWarmupIterationCount=5  
MinIterationCount=8  MinWarmupIterationCount=3  

| Method        | Mean     | Error     | StdDev    | Allocated |
|-------------- |---------:|----------:|----------:|----------:|
| SharpCompress | 1.585 ms | 0.0051 ms | 0.0027 ms |  89.79 KB |
| SharpZipLib   | 2.949 ms | 0.0206 ms | 0.0092 ms |  43.93 KB |

// * Hints *
Outliers
  ReadAesEncryptedEntry.SharpZipLib: Quick -> 1 outlier  was  removed (2.98 ms)

// * Legends *
  Mean      : Arithmetic mean of all measurements
  Error     : Half of 99.9% confidence interval
  StdDev    : Standard deviation of all measurements
  Allocated : Allocated memory per single operation (managed only, inclusive, 1KB = 1024B)
  1 ms      : 1 Millisecond (0.001 sec)

// * Diagnostic Output - MemoryDiagnoser *


// ***** BenchmarkRunner: End *****
Run time: 00:00:08 (8.15 sec), executed benchmarks: 2

// Found 3 benchmarks:
//   ReadStoredEntry.SharpCompress: Quick(MaxRelativeError=0.05, Arguments=/p:MatrixMode=Benchmark, IterationTime=250ms, MaxIterationCount=12, MaxWarmupIterationCount=5, MinIterationCount=8, MinWarmupIterationCount=3)
//   ReadStoredEntry.SharpZipLib: Quick(MaxRelativeError=0.05, Arguments=/p:MatrixMode=Benchmark, IterationTime=250ms, MaxIterationCount=12, MaxWarmupIterationCount=5, MinIterationCount=8, MinWarmupIterationCount=3)
//   ReadStoredEntry.SystemIOCompression: Quick(MaxRelativeError=0.05, Arguments=/p:MatrixMode=Benchmark, IterationTime=250ms, MaxIterationCount=12, MaxWarmupIterationCount=5, MinIterationCount=8, MinWarmupIterationCount=3)

// **************************
// Benchmark: ReadStoredEntry.SharpCompress: Quick(MaxRelativeError=0.05, Arguments=/p:MatrixMode=Benchmark, IterationTime=250ms, MaxIterationCount=12, MaxWarmupIterationCount=5, MinIterationCount=8, MinWarmupIterationCount=3)
// *** Execute ***
// Launch: 1 / 1
// Execute: dotnet Matrix.ZipArchives-Quick-1.dll --anonymousPipes 127 128 --benchmarkName Matrix.ZipArchives.Benchmarks.ReadStoredEntry.SharpCompress --job Quick --benchmarkId 29 in /home/runner/work/dotnet-matrix/dotnet-matrix/src/Matrix.ZipArchives/bin/Benchmark/Release/net10.0/Matrix.ZipArchives-Quick-1/bin/Release/net10.0
// Failed to set up high priority (Permission denied). In order to run benchmarks with high priority, make sure you have the right permissions.
// BeforeAnythingElse

// Benchmark Process Environment Information:
// BenchmarkDotNet v0.15.8
// Runtime=.NET 10.0.10 (10.0.10, 10.0.1026.32716), X64 RyuJIT x86-64-v3
// GC=Concurrent Workstation
// HardwareIntrinsics=AVX2+BMI1+BMI2+F16C+FMA+LZCNT+MOVBE,AVX,SSE3+SSSE3+SSE4.1+SSE4.2+POPCNT,X86Base+SSE+SSE2,AES+PCLMUL VectorSize=256
// Job: Quick(MaxRelativeError=0.05, IterationTime=250ms, MaxIterationCount=12, MaxWarmupIterationCount=5, MinIterationCount=8, MinWarmupIterationCount=3)

OverheadJitting  1: 1 op, 207286.00 ns, 207.2860 us/op
WorkloadJitting  1: 1 op, 39921533.00 ns, 39.9215 ms/op

WorkloadPilot    1: 4 op, 55956785.00 ns, 13.9892 ms/op
WorkloadPilot    2: 18 op, 251677931.00 ns, 13.9821 ms/op

WorkloadWarmup   1: 18 op, 250094983.00 ns, 13.8942 ms/op
WorkloadWarmup   2: 18 op, 251665479.00 ns, 13.9814 ms/op
WorkloadWarmup   3: 18 op, 251369407.00 ns, 13.9650 ms/op
WorkloadWarmup   4: 18 op, 250924137.00 ns, 13.9402 ms/op
WorkloadWarmup   5: 18 op, 249752756.00 ns, 13.8752 ms/op

// BeforeActualRun
WorkloadActual   1: 18 op, 250756446.00 ns, 13.9309 ms/op
WorkloadActual   2: 18 op, 249816936.00 ns, 13.8787 ms/op
WorkloadActual   3: 18 op, 249758387.00 ns, 13.8755 ms/op
WorkloadActual   4: 18 op, 249864645.00 ns, 13.8814 ms/op
WorkloadActual   5: 18 op, 250136140.00 ns, 13.8965 ms/op
WorkloadActual   6: 18 op, 249942229.00 ns, 13.8857 ms/op
WorkloadActual   7: 18 op, 249840119.00 ns, 13.8800 ms/op
WorkloadActual   8: 18 op, 250522329.00 ns, 13.9179 ms/op

// AfterActualRun
WorkloadResult   1: 18 op, 250756446.00 ns, 13.9309 ms/op
WorkloadResult   2: 18 op, 249816936.00 ns, 13.8787 ms/op
WorkloadResult   3: 18 op, 249758387.00 ns, 13.8755 ms/op
WorkloadResult   4: 18 op, 249864645.00 ns, 13.8814 ms/op
WorkloadResult   5: 18 op, 250136140.00 ns, 13.8965 ms/op
WorkloadResult   6: 18 op, 249942229.00 ns, 13.8857 ms/op
WorkloadResult   7: 18 op, 249840119.00 ns, 13.8800 ms/op
WorkloadResult   8: 18 op, 250522329.00 ns, 13.9179 ms/op
// GC:  0 0 0 1250088 18
// Threading:  0 0 18

// AfterAll
// Benchmark Process 3706 has exited with code 0.

Mean = 13.893 ms, StdErr = 0.007 ms (0.05%), N = 8, StdDev = 0.020 ms
Min = 13.875 ms, Q1 = 13.880 ms, Median = 13.884 ms, Q3 = 13.902 ms, Max = 13.931 ms
IQR = 0.022 ms, LowerFence = 13.846 ms, UpperFence = 13.935 ms
ConfidenceInterval = [13.854 ms; 13.932 ms] (CI 99.9%), Margin = 0.039 ms (0.28% of Mean)
Skewness = 0.8, Kurtosis = 1.82, MValue = 2

// ** Remained 8 (21.1 %) benchmark(s) to run. Estimated finish 2026-08-11 9:30 (0h 0m from now) **
// **************************
// Benchmark: ReadStoredEntry.SharpZipLib: Quick(MaxRelativeError=0.05, Arguments=/p:MatrixMode=Benchmark, IterationTime=250ms, MaxIterationCount=12, MaxWarmupIterationCount=5, MinIterationCount=8, MinWarmupIterationCount=3)
// *** Execute ***
// Launch: 1 / 1
// Execute: dotnet Matrix.ZipArchives-Quick-1.dll --anonymousPipes 127 128 --benchmarkName Matrix.ZipArchives.Benchmarks.ReadStoredEntry.SharpZipLib --job Quick --benchmarkId 30 in /home/runner/work/dotnet-matrix/dotnet-matrix/src/Matrix.ZipArchives/bin/Benchmark/Release/net10.0/Matrix.ZipArchives-Quick-1/bin/Release/net10.0
// Failed to set up high priority (Permission denied). In order to run benchmarks with high priority, make sure you have the right permissions.
// BeforeAnythingElse

// Benchmark Process Environment Information:
// BenchmarkDotNet v0.15.8
// Runtime=.NET 10.0.10 (10.0.10, 10.0.1026.32716), X64 RyuJIT x86-64-v3
// GC=Concurrent Workstation
// HardwareIntrinsics=AVX2+BMI1+BMI2+F16C+FMA+LZCNT+MOVBE,AVX,SSE3+SSSE3+SSE4.1+SSE4.2+POPCNT,X86Base+SSE+SSE2,AES+PCLMUL VectorSize=256
// Job: Quick(MaxRelativeError=0.05, IterationTime=250ms, MaxIterationCount=12, MaxWarmupIterationCount=5, MinIterationCount=8, MinWarmupIterationCount=3)

OverheadJitting  1: 1 op, 211784.00 ns, 211.7840 us/op
WorkloadJitting  1: 1 op, 23858038.00 ns, 23.8580 ms/op

WorkloadPilot    1: 4 op, 55488162.00 ns, 13.8720 ms/op
WorkloadPilot    2: 18 op, 249366645.00 ns, 13.8537 ms/op

WorkloadWarmup   1: 18 op, 250225578.00 ns, 13.9014 ms/op
WorkloadWarmup   2: 18 op, 250546396.00 ns, 13.9192 ms/op
WorkloadWarmup   3: 18 op, 250033300.00 ns, 13.8907 ms/op
WorkloadWarmup   4: 18 op, 250053497.00 ns, 13.8919 ms/op
WorkloadWarmup   5: 18 op, 250019053.00 ns, 13.8899 ms/op

// BeforeActualRun
WorkloadActual   1: 18 op, 249782212.00 ns, 13.8768 ms/op
WorkloadActual   2: 18 op, 249767625.00 ns, 13.8760 ms/op
WorkloadActual   3: 18 op, 250114881.00 ns, 13.8953 ms/op
WorkloadActual   4: 18 op, 249805736.00 ns, 13.8781 ms/op
WorkloadActual   5: 18 op, 249582200.00 ns, 13.8657 ms/op
WorkloadActual   6: 18 op, 250286752.00 ns, 13.9048 ms/op
WorkloadActual   7: 18 op, 249697044.00 ns, 13.8721 ms/op
WorkloadActual   8: 18 op, 249624318.00 ns, 13.8680 ms/op

// AfterActualRun
WorkloadResult   1: 18 op, 249782212.00 ns, 13.8768 ms/op
WorkloadResult   2: 18 op, 249767625.00 ns, 13.8760 ms/op
WorkloadResult   3: 18 op, 250114881.00 ns, 13.8953 ms/op
WorkloadResult   4: 18 op, 249805736.00 ns, 13.8781 ms/op
WorkloadResult   5: 18 op, 249582200.00 ns, 13.8657 ms/op
WorkloadResult   6: 18 op, 249697044.00 ns, 13.8721 ms/op
WorkloadResult   7: 18 op, 249624318.00 ns, 13.8680 ms/op
// GC:  0 0 0 18800 18
// Threading:  0 0 18

// AfterAll
// Benchmark Process 3719 has exited with code 0.

Mean = 13.876 ms, StdErr = 0.004 ms (0.03%), N = 7, StdDev = 0.010 ms
Min = 13.866 ms, Q1 = 13.870 ms, Median = 13.876 ms, Q3 = 13.877 ms, Max = 13.895 ms
IQR = 0.007 ms, LowerFence = 13.859 ms, UpperFence = 13.889 ms
ConfidenceInterval = [13.854 ms; 13.898 ms] (CI 99.9%), Margin = 0.022 ms (0.16% of Mean)
Skewness = 0.87, Kurtosis = 2.5, MValue = 2

// ** Remained 7 (18.4 %) benchmark(s) to run. Estimated finish 2026-08-11 9:30 (0h 0m from now) **
// **************************
// Benchmark: ReadStoredEntry.SystemIOCompression: Quick(MaxRelativeError=0.05, Arguments=/p:MatrixMode=Benchmark, IterationTime=250ms, MaxIterationCount=12, MaxWarmupIterationCount=5, MinIterationCount=8, MinWarmupIterationCount=3)
// *** Execute ***
// Launch: 1 / 1
// Execute: dotnet Matrix.ZipArchives-Quick-1.dll --anonymousPipes 127 128 --benchmarkName Matrix.ZipArchives.Benchmarks.ReadStoredEntry.SystemIOCompression --job Quick --benchmarkId 31 in /home/runner/work/dotnet-matrix/dotnet-matrix/src/Matrix.ZipArchives/bin/Benchmark/Release/net10.0/Matrix.ZipArchives-Quick-1/bin/Release/net10.0
// Failed to set up high priority (Permission denied). In order to run benchmarks with high priority, make sure you have the right permissions.
// BeforeAnythingElse

// Benchmark Process Environment Information:
// BenchmarkDotNet v0.15.8
// Runtime=.NET 10.0.10 (10.0.10, 10.0.1026.32716), X64 RyuJIT x86-64-v3
// GC=Concurrent Workstation
// HardwareIntrinsics=AVX2+BMI1+BMI2+F16C+FMA+LZCNT+MOVBE,AVX,SSE3+SSSE3+SSE4.1+SSE4.2+POPCNT,X86Base+SSE+SSE2,AES+PCLMUL VectorSize=256
// Job: Quick(MaxRelativeError=0.05, IterationTime=250ms, MaxIterationCount=12, MaxWarmupIterationCount=5, MinIterationCount=8, MinWarmupIterationCount=3)

OverheadJitting  1: 1 op, 256749.00 ns, 256.7490 us/op
WorkloadJitting  1: 1 op, 15746585.00 ns, 15.7466 ms/op

OverheadJitting  2: 16 op, 261167.00 ns, 16.3229 us/op
WorkloadJitting  2: 16 op, 221516293.00 ns, 13.8448 ms/op

WorkloadPilot    1: 16 op, 222433710.00 ns, 13.9021 ms/op
WorkloadPilot    2: 32 op, 444946329.00 ns, 13.9046 ms/op

OverheadWarmup   1: 32 op, 3116.00 ns, 97.3750 ns/op
OverheadWarmup   2: 32 op, 1142.00 ns, 35.6875 ns/op
OverheadWarmup   3: 32 op, 661.00 ns, 20.6563 ns/op
OverheadWarmup   4: 32 op, 3476.00 ns, 108.6250 ns/op
OverheadWarmup   5: 32 op, 641.00 ns, 20.0313 ns/op
OverheadWarmup   6: 32 op, 721.00 ns, 22.5313 ns/op
OverheadWarmup   7: 32 op, 772.00 ns, 24.1250 ns/op
OverheadWarmup   8: 32 op, 662.00 ns, 20.6875 ns/op

OverheadActual   1: 32 op, 3627.00 ns, 113.3438 ns/op
OverheadActual   2: 32 op, 3106.00 ns, 97.0625 ns/op
OverheadActual   3: 32 op, 701.00 ns, 21.9063 ns/op
OverheadActual   4: 32 op, 1022.00 ns, 31.9375 ns/op
OverheadActual   5: 32 op, 671.00 ns, 20.9688 ns/op
OverheadActual   6: 32 op, 661.00 ns, 20.6563 ns/op
OverheadActual   7: 32 op, 612.00 ns, 19.1250 ns/op
OverheadActual   8: 32 op, 931.00 ns, 29.0938 ns/op
OverheadActual   9: 32 op, 1082.00 ns, 33.8125 ns/op
OverheadActual  10: 32 op, 1022.00 ns, 31.9375 ns/op
OverheadActual  11: 32 op, 631.00 ns, 19.7188 ns/op
OverheadActual  12: 32 op, 641.00 ns, 20.0313 ns/op

WorkloadWarmup   1: 32 op, 445783488.00 ns, 13.9307 ms/op
WorkloadWarmup   2: 32 op, 445999880.00 ns, 13.9375 ms/op
WorkloadWarmup   3: 32 op, 445334913.00 ns, 13.9167 ms/op
WorkloadWarmup   4: 32 op, 445332208.00 ns, 13.9166 ms/op
WorkloadWarmup   5: 32 op, 445184422.00 ns, 13.9120 ms/op

// BeforeActualRun
WorkloadActual   1: 32 op, 445236599.00 ns, 13.9136 ms/op
WorkloadActual   2: 32 op, 444936661.00 ns, 13.9043 ms/op
WorkloadActual   3: 32 op, 445155313.00 ns, 13.9111 ms/op
WorkloadActual   4: 32 op, 445094155.00 ns, 13.9092 ms/op
WorkloadActual   5: 32 op, 445267508.00 ns, 13.9146 ms/op
WorkloadActual   6: 32 op, 445086641.00 ns, 13.9090 ms/op
WorkloadActual   7: 32 op, 445304447.00 ns, 13.9158 ms/op
WorkloadActual   8: 32 op, 445440840.00 ns, 13.9200 ms/op

// AfterActualRun
WorkloadResult   1: 32 op, 445235783.00 ns, 13.9136 ms/op
WorkloadResult   2: 32 op, 444935845.00 ns, 13.9042 ms/op
WorkloadResult   3: 32 op, 445154497.00 ns, 13.9111 ms/op
WorkloadResult   4: 32 op, 445093339.00 ns, 13.9092 ms/op
WorkloadResult   5: 32 op, 445266692.00 ns, 13.9146 ms/op
WorkloadResult   6: 32 op, 445085825.00 ns, 13.9089 ms/op
WorkloadResult   7: 32 op, 445303631.00 ns, 13.9157 ms/op
WorkloadResult   8: 32 op, 445440024.00 ns, 13.9200 ms/op
// GC:  0 0 0 167680 32
// Threading:  0 0 32

// AfterAll
// Benchmark Process 3731 has exited with code 0.

Mean = 13.912 ms, StdErr = 0.002 ms (0.01%), N = 8, StdDev = 0.005 ms
Min = 13.904 ms, Q1 = 13.909 ms, Median = 13.912 ms, Q3 = 13.915 ms, Max = 13.920 ms
IQR = 0.006 ms, LowerFence = 13.900 ms, UpperFence = 13.924 ms
ConfidenceInterval = [13.903 ms; 13.921 ms] (CI 99.9%), Margin = 0.009 ms (0.07% of Mean)
Skewness = -0.02, Kurtosis = 1.81, MValue = 2

// ** Remained 6 (15.8 %) benchmark(s) to run. Estimated finish 2026-08-11 9:30 (0h 0m from now) **
// ***** BenchmarkRunner: Finish  *****

// * Export *
  tmp/dotnet-matrix/ZipArchives/6cf630e1fdda4270a6a7ce32a4ac7a8c/results/Matrix.ZipArchives.Benchmarks.ReadStoredEntry-report.csv
  tmp/dotnet-matrix/ZipArchives/6cf630e1fdda4270a6a7ce32a4ac7a8c/results/Matrix.ZipArchives.Benchmarks.ReadStoredEntry-report-github.md
  tmp/dotnet-matrix/ZipArchives/6cf630e1fdda4270a6a7ce32a4ac7a8c/results/Matrix.ZipArchives.Benchmarks.ReadStoredEntry-report.html
  tmp/dotnet-matrix/ZipArchives/6cf630e1fdda4270a6a7ce32a4ac7a8c/results/Matrix.ZipArchives.Benchmarks.ReadStoredEntry-report-full.json

// * Detailed results *
ReadStoredEntry.SharpZipLib: Quick(MaxRelativeError=0.05, Arguments=/p:MatrixMode=Benchmark, IterationTime=250ms, MaxIterationCount=12, MaxWarmupIterationCount=5, MinIterationCount=8, MinWarmupIterationCount=3)
Runtime = .NET 10.0.10 (10.0.10, 10.0.1026.32716), X64 RyuJIT x86-64-v3; GC = Concurrent Workstation
Mean = 13.876 ms, StdErr = 0.004 ms (0.03%), N = 7, StdDev = 0.010 ms
Min = 13.866 ms, Q1 = 13.870 ms, Median = 13.876 ms, Q3 = 13.877 ms, Max = 13.895 ms
IQR = 0.007 ms, LowerFence = 13.859 ms, UpperFence = 13.889 ms
ConfidenceInterval = [13.854 ms; 13.898 ms] (CI 99.9%), Margin = 0.022 ms (0.16% of Mean)
Skewness = 0.87, Kurtosis = 2.5, MValue = 2
-------------------- Histogram --------------------
[13.859 ms ; 13.902 ms) | @@@@@@@
---------------------------------------------------

ReadStoredEntry.SharpCompress: Quick(MaxRelativeError=0.05, Arguments=/p:MatrixMode=Benchmark, IterationTime=250ms, MaxIterationCount=12, MaxWarmupIterationCount=5, MinIterationCount=8, MinWarmupIterationCount=3)
Runtime = .NET 10.0.10 (10.0.10, 10.0.1026.32716), X64 RyuJIT x86-64-v3; GC = Concurrent Workstation
Mean = 13.893 ms, StdErr = 0.007 ms (0.05%), N = 8, StdDev = 0.020 ms
Min = 13.875 ms, Q1 = 13.880 ms, Median = 13.884 ms, Q3 = 13.902 ms, Max = 13.931 ms
IQR = 0.022 ms, LowerFence = 13.846 ms, UpperFence = 13.935 ms
ConfidenceInterval = [13.854 ms; 13.932 ms] (CI 99.9%), Margin = 0.039 ms (0.28% of Mean)
Skewness = 0.8, Kurtosis = 1.82, MValue = 2
-------------------- Histogram --------------------
[13.862 ms ; 13.944 ms) | @@@@@@@@
---------------------------------------------------

ReadStoredEntry.SystemIOCompression: Quick(MaxRelativeError=0.05, Arguments=/p:MatrixMode=Benchmark, IterationTime=250ms, MaxIterationCount=12, MaxWarmupIterationCount=5, MinIterationCount=8, MinWarmupIterationCount=3)
Runtime = .NET 10.0.10 (10.0.10, 10.0.1026.32716), X64 RyuJIT x86-64-v3; GC = Concurrent Workstation
Mean = 13.912 ms, StdErr = 0.002 ms (0.01%), N = 8, StdDev = 0.005 ms
Min = 13.904 ms, Q1 = 13.909 ms, Median = 13.912 ms, Q3 = 13.915 ms, Max = 13.920 ms
IQR = 0.006 ms, LowerFence = 13.900 ms, UpperFence = 13.924 ms
ConfidenceInterval = [13.903 ms; 13.921 ms] (CI 99.9%), Margin = 0.009 ms (0.07% of Mean)
Skewness = -0.02, Kurtosis = 1.81, MValue = 2
-------------------- Histogram --------------------
[13.901 ms ; 13.923 ms) | @@@@@@@@
---------------------------------------------------

// * Summary *

BenchmarkDotNet v0.15.8, Linux Ubuntu 24.04.4 LTS (Noble Numbat)
AMD EPYC 7763 2.45GHz, 1 CPU, 4 logical and 2 physical cores
.NET SDK 10.0.302
  [Host] : .NET 10.0.10 (10.0.10, 10.0.1026.32716), X64 RyuJIT x86-64-v3
  Quick  : .NET 10.0.10 (10.0.10, 10.0.1026.32716), X64 RyuJIT x86-64-v3

Job=Quick  MaxRelativeError=0.05  Arguments=/p:MatrixMode=Benchmark  
IterationTime=250ms  MaxIterationCount=12  MaxWarmupIterationCount=5  
MinIterationCount=8  MinWarmupIterationCount=3  

| Method              | Mean     | Error    | StdDev   | Ratio | Allocated | Alloc Ratio |
|-------------------- |---------:|---------:|---------:|------:|----------:|------------:|
| SharpZipLib         | 13.88 ms | 0.022 ms | 0.010 ms |  1.00 |   1.02 KB |        0.20 |
| SharpCompress       | 13.89 ms | 0.039 ms | 0.020 ms |  1.00 |  67.82 KB |       13.25 |
| SystemIOCompression | 13.91 ms | 0.009 ms | 0.005 ms |  1.00 |   5.12 KB |        1.00 |

// * Hints *
Outliers
  ReadStoredEntry.SharpZipLib: Quick -> 1 outlier  was  removed (13.90 ms)

// * Legends *
  Mean        : Arithmetic mean of all measurements
  Error       : Half of 99.9% confidence interval
  StdDev      : Standard deviation of all measurements
  Ratio       : Mean of the ratio distribution ([Current]/[Baseline])
  Allocated   : Allocated memory per single operation (managed only, inclusive, 1KB = 1024B)
  Alloc Ratio : Allocated memory ratio distribution ([Current]/[Baseline])
  1 ms        : 1 Millisecond (0.001 sec)

// * Diagnostic Output - MemoryDiagnoser *


// ***** BenchmarkRunner: End *****
Run time: 00:00:15 (15.46 sec), executed benchmarks: 3

// Found 3 benchmarks:
//   ReadZip64Archive.SharpCompress: Quick(MaxRelativeError=0.05, Arguments=/p:MatrixMode=Benchmark, IterationTime=250ms, MaxIterationCount=12, MaxWarmupIterationCount=5, MinIterationCount=8, MinWarmupIterationCount=3)
//   ReadZip64Archive.SharpZipLib: Quick(MaxRelativeError=0.05, Arguments=/p:MatrixMode=Benchmark, IterationTime=250ms, MaxIterationCount=12, MaxWarmupIterationCount=5, MinIterationCount=8, MinWarmupIterationCount=3)
//   ReadZip64Archive.SystemIOCompression: Quick(MaxRelativeError=0.05, Arguments=/p:MatrixMode=Benchmark, IterationTime=250ms, MaxIterationCount=12, MaxWarmupIterationCount=5, MinIterationCount=8, MinWarmupIterationCount=3)

// **************************
// Benchmark: ReadZip64Archive.SharpCompress: Quick(MaxRelativeError=0.05, Arguments=/p:MatrixMode=Benchmark, IterationTime=250ms, MaxIterationCount=12, MaxWarmupIterationCount=5, MinIterationCount=8, MinWarmupIterationCount=3)
// *** Execute ***
// Launch: 1 / 1
// Execute: dotnet Matrix.ZipArchives-Quick-1.dll --anonymousPipes 127 128 --benchmarkName Matrix.ZipArchives.Benchmarks.ReadZip64Archive.SharpCompress --job Quick --benchmarkId 32 in /home/runner/work/dotnet-matrix/dotnet-matrix/src/Matrix.ZipArchives/bin/Benchmark/Release/net10.0/Matrix.ZipArchives-Quick-1/bin/Release/net10.0
// Failed to set up high priority (Permission denied). In order to run benchmarks with high priority, make sure you have the right permissions.
// BeforeAnythingElse

// Benchmark Process Environment Information:
// BenchmarkDotNet v0.15.8
// Runtime=.NET 10.0.10 (10.0.10, 10.0.1026.32716), X64 RyuJIT x86-64-v3
// GC=Concurrent Workstation
// HardwareIntrinsics=AVX2+BMI1+BMI2+F16C+FMA+LZCNT+MOVBE,AVX,SSE3+SSSE3+SSE4.1+SSE4.2+POPCNT,X86Base+SSE+SSE2,AES+PCLMUL VectorSize=256
// Job: Quick(MaxRelativeError=0.05, IterationTime=250ms, MaxIterationCount=12, MaxWarmupIterationCount=5, MinIterationCount=8, MinWarmupIterationCount=3)

OverheadJitting  1: 1 op, 205844.00 ns, 205.8440 us/op
WorkloadJitting  1: 1 op, 353918452.00 ns, 353.9185 ms/op

OverheadJitting  2: 1 op, 711.00 ns, 711.0000 ns/op
WorkloadJitting  2: 1 op, 264175198.00 ns, 264.1752 ms/op

WorkloadWarmup   1: 1 op, 240346278.00 ns, 240.3463 ms/op
WorkloadWarmup   2: 1 op, 191010221.00 ns, 191.0102 ms/op
WorkloadWarmup   3: 1 op, 79666426.00 ns, 79.6664 ms/op
WorkloadWarmup   4: 1 op, 77855113.00 ns, 77.8551 ms/op
WorkloadWarmup   5: 1 op, 98638481.00 ns, 98.6385 ms/op

// BeforeActualRun
WorkloadActual   1: 1 op, 97394715.00 ns, 97.3947 ms/op
WorkloadActual   2: 1 op, 85596651.00 ns, 85.5967 ms/op
WorkloadActual   3: 1 op, 90035951.00 ns, 90.0360 ms/op
WorkloadActual   4: 1 op, 81618031.00 ns, 81.6180 ms/op
WorkloadActual   5: 1 op, 80125251.00 ns, 80.1253 ms/op
WorkloadActual   6: 1 op, 84064578.00 ns, 84.0646 ms/op
WorkloadActual   7: 1 op, 93467981.00 ns, 93.4680 ms/op
WorkloadActual   8: 1 op, 90427268.00 ns, 90.4273 ms/op
WorkloadActual   9: 1 op, 79148041.00 ns, 79.1480 ms/op
WorkloadActual  10: 1 op, 97359940.00 ns, 97.3599 ms/op
WorkloadActual  11: 1 op, 97909885.00 ns, 97.9099 ms/op
WorkloadActual  12: 1 op, 98207188.00 ns, 98.2072 ms/op

// AfterActualRun
WorkloadResult   1: 1 op, 97394715.00 ns, 97.3947 ms/op
WorkloadResult   2: 1 op, 85596651.00 ns, 85.5967 ms/op
WorkloadResult   3: 1 op, 90035951.00 ns, 90.0360 ms/op
WorkloadResult   4: 1 op, 81618031.00 ns, 81.6180 ms/op
WorkloadResult   5: 1 op, 80125251.00 ns, 80.1253 ms/op
WorkloadResult   6: 1 op, 84064578.00 ns, 84.0646 ms/op
WorkloadResult   7: 1 op, 93467981.00 ns, 93.4680 ms/op
WorkloadResult   8: 1 op, 90427268.00 ns, 90.4273 ms/op
WorkloadResult   9: 1 op, 79148041.00 ns, 79.1480 ms/op
WorkloadResult  10: 1 op, 97359940.00 ns, 97.3599 ms/op
WorkloadResult  11: 1 op, 97909885.00 ns, 97.9099 ms/op
WorkloadResult  12: 1 op, 98207188.00 ns, 98.2072 ms/op
// GC:  2 1 0 39914552 1
// Threading:  0 0 1

// AfterAll
// Benchmark Process 3743 has exited with code 0.

Mean = 89.613 ms, StdErr = 2.113 ms (2.36%), N = 12, StdDev = 7.320 ms
Min = 79.148 ms, Q1 = 83.453 ms, Median = 90.232 ms, Q3 = 97.369 ms, Max = 98.207 ms
IQR = 13.916 ms, LowerFence = 62.579 ms, UpperFence = 118.242 ms
ConfidenceInterval = [80.238 ms; 98.988 ms] (CI 99.9%), Margin = 9.375 ms (10.46% of Mean)
Skewness = -0.12, Kurtosis = 1.25, MValue = 3.43

// ** Remained 5 (13.2 %) benchmark(s) to run. Estimated finish 2026-08-11 9:30 (0h 0m from now) **
// **************************
// Benchmark: ReadZip64Archive.SharpZipLib: Quick(MaxRelativeError=0.05, Arguments=/p:MatrixMode=Benchmark, IterationTime=250ms, MaxIterationCount=12, MaxWarmupIterationCount=5, MinIterationCount=8, MinWarmupIterationCount=3)
// *** Execute ***
// Launch: 1 / 1
// Execute: dotnet Matrix.ZipArchives-Quick-1.dll --anonymousPipes 127 128 --benchmarkName Matrix.ZipArchives.Benchmarks.ReadZip64Archive.SharpZipLib --job Quick --benchmarkId 33 in /home/runner/work/dotnet-matrix/dotnet-matrix/src/Matrix.ZipArchives/bin/Benchmark/Release/net10.0/Matrix.ZipArchives-Quick-1/bin/Release/net10.0
// Failed to set up high priority (Permission denied). In order to run benchmarks with high priority, make sure you have the right permissions.
// BeforeAnythingElse

// Benchmark Process Environment Information:
// BenchmarkDotNet v0.15.8
// Runtime=.NET 10.0.10 (10.0.10, 10.0.1026.32716), X64 RyuJIT x86-64-v3
// GC=Concurrent Workstation
// HardwareIntrinsics=AVX2+BMI1+BMI2+F16C+FMA+LZCNT+MOVBE,AVX,SSE3+SSSE3+SSE4.1+SSE4.2+POPCNT,X86Base+SSE+SSE2,AES+PCLMUL VectorSize=256
// Job: Quick(MaxRelativeError=0.05, IterationTime=250ms, MaxIterationCount=12, MaxWarmupIterationCount=5, MinIterationCount=8, MinWarmupIterationCount=3)

OverheadJitting  1: 1 op, 207376.00 ns, 207.3760 us/op
WorkloadJitting  1: 1 op, 64331195.00 ns, 64.3312 ms/op

WorkloadPilot    1: 4 op, 206395685.00 ns, 51.5989 ms/op

WorkloadWarmup   1: 4 op, 223449888.00 ns, 55.8625 ms/op
WorkloadWarmup   2: 4 op, 125794338.00 ns, 31.4486 ms/op
WorkloadWarmup   3: 4 op, 118611290.00 ns, 29.6528 ms/op
WorkloadWarmup   4: 4 op, 120410421.00 ns, 30.1026 ms/op
WorkloadWarmup   5: 4 op, 120528060.00 ns, 30.1320 ms/op

// BeforeActualRun
WorkloadActual   1: 4 op, 122548393.00 ns, 30.6371 ms/op
WorkloadActual   2: 4 op, 117602952.00 ns, 29.4007 ms/op
WorkloadActual   3: 4 op, 118622190.00 ns, 29.6555 ms/op
WorkloadActual   4: 4 op, 133188610.00 ns, 33.2972 ms/op
WorkloadActual   5: 4 op, 114493962.00 ns, 28.6235 ms/op
WorkloadActual   6: 4 op, 115481181.00 ns, 28.8703 ms/op
WorkloadActual   7: 4 op, 115084341.00 ns, 28.7711 ms/op
WorkloadActual   8: 4 op, 116868674.00 ns, 29.2172 ms/op
WorkloadActual   9: 4 op, 114128932.00 ns, 28.5322 ms/op

// AfterActualRun
WorkloadResult   1: 4 op, 122548393.00 ns, 30.6371 ms/op
WorkloadResult   2: 4 op, 117602952.00 ns, 29.4007 ms/op
WorkloadResult   3: 4 op, 118622190.00 ns, 29.6555 ms/op
WorkloadResult   4: 4 op, 114493962.00 ns, 28.6235 ms/op
WorkloadResult   5: 4 op, 115481181.00 ns, 28.8703 ms/op
WorkloadResult   6: 4 op, 115084341.00 ns, 28.7711 ms/op
WorkloadResult   7: 4 op, 116868674.00 ns, 29.2172 ms/op
WorkloadResult   8: 4 op, 114128932.00 ns, 28.5322 ms/op
// GC:  5 4 1 81792520 4
// Threading:  0 0 4

// AfterAll
// Benchmark Process 3752 has exited with code 0.

Mean = 29.213 ms, StdErr = 0.246 ms (0.84%), N = 8, StdDev = 0.695 ms
Min = 28.532 ms, Q1 = 28.734 ms, Median = 29.044 ms, Q3 = 29.464 ms, Max = 30.637 ms
IQR = 0.730 ms, LowerFence = 27.639 ms, UpperFence = 30.560 ms
ConfidenceInterval = [27.884 ms; 30.543 ms] (CI 99.9%), Margin = 1.329 ms (4.55% of Mean)
Skewness = 0.87, Kurtosis = 2.43, MValue = 2

// ** Remained 4 (10.5 %) benchmark(s) to run. Estimated finish 2026-08-11 9:30 (0h 0m from now) **
// **************************
// Benchmark: ReadZip64Archive.SystemIOCompression: Quick(MaxRelativeError=0.05, Arguments=/p:MatrixMode=Benchmark, IterationTime=250ms, MaxIterationCount=12, MaxWarmupIterationCount=5, MinIterationCount=8, MinWarmupIterationCount=3)
// *** Execute ***
// Launch: 1 / 1
// Execute: dotnet Matrix.ZipArchives-Quick-1.dll --anonymousPipes 127 128 --benchmarkName Matrix.ZipArchives.Benchmarks.ReadZip64Archive.SystemIOCompression --job Quick --benchmarkId 34 in /home/runner/work/dotnet-matrix/dotnet-matrix/src/Matrix.ZipArchives/bin/Benchmark/Release/net10.0/Matrix.ZipArchives-Quick-1/bin/Release/net10.0
// Failed to set up high priority (Permission denied). In order to run benchmarks with high priority, make sure you have the right permissions.
// BeforeAnythingElse

// Benchmark Process Environment Information:
// BenchmarkDotNet v0.15.8
// Runtime=.NET 10.0.10 (10.0.10, 10.0.1026.32716), X64 RyuJIT x86-64-v3
// GC=Concurrent Workstation
// HardwareIntrinsics=AVX2+BMI1+BMI2+F16C+FMA+LZCNT+MOVBE,AVX,SSE3+SSSE3+SSE4.1+SSE4.2+POPCNT,X86Base+SSE+SSE2,AES+PCLMUL VectorSize=256
// Job: Quick(MaxRelativeError=0.05, IterationTime=250ms, MaxIterationCount=12, MaxWarmupIterationCount=5, MinIterationCount=8, MinWarmupIterationCount=3)

OverheadJitting  1: 1 op, 215481.00 ns, 215.4810 us/op
WorkloadJitting  1: 1 op, 64163683.00 ns, 64.1637 ms/op

WorkloadPilot    1: 4 op, 250839789.00 ns, 62.7099 ms/op

WorkloadWarmup   1: 4 op, 221400722.00 ns, 55.3502 ms/op
WorkloadWarmup   2: 4 op, 220584061.00 ns, 55.1460 ms/op
WorkloadWarmup   3: 4 op, 211163596.00 ns, 52.7909 ms/op
WorkloadWarmup   4: 4 op, 195867497.00 ns, 48.9669 ms/op
WorkloadWarmup   5: 4 op, 195597825.00 ns, 48.8995 ms/op

// BeforeActualRun
WorkloadActual   1: 4 op, 208922712.00 ns, 52.2307 ms/op
WorkloadActual   2: 4 op, 205294455.00 ns, 51.3236 ms/op
WorkloadActual   3: 4 op, 209414088.00 ns, 52.3535 ms/op
WorkloadActual   4: 4 op, 217183758.00 ns, 54.2959 ms/op
WorkloadActual   5: 4 op, 207801645.00 ns, 51.9504 ms/op
WorkloadActual   6: 4 op, 209553978.00 ns, 52.3885 ms/op
WorkloadActual   7: 4 op, 211639123.00 ns, 52.9098 ms/op
WorkloadActual   8: 4 op, 211349422.00 ns, 52.8374 ms/op

// AfterActualRun
WorkloadResult   1: 4 op, 208922712.00 ns, 52.2307 ms/op
WorkloadResult   2: 4 op, 205294455.00 ns, 51.3236 ms/op
WorkloadResult   3: 4 op, 209414088.00 ns, 52.3535 ms/op
WorkloadResult   4: 4 op, 207801645.00 ns, 51.9504 ms/op
WorkloadResult   5: 4 op, 209553978.00 ns, 52.3885 ms/op
WorkloadResult   6: 4 op, 211639123.00 ns, 52.9098 ms/op
WorkloadResult   7: 4 op, 211349422.00 ns, 52.8374 ms/op
// GC:  11 10 3 165208056 4
// Threading:  0 0 4

// AfterAll
// Benchmark Process 3761 has exited with code 0.

Mean = 52.285 ms, StdErr = 0.204 ms (0.39%), N = 7, StdDev = 0.540 ms
Min = 51.324 ms, Q1 = 52.091 ms, Median = 52.354 ms, Q3 = 52.613 ms, Max = 52.910 ms
IQR = 0.522 ms, LowerFence = 51.307 ms, UpperFence = 53.396 ms
ConfidenceInterval = [51.068 ms; 53.501 ms] (CI 99.9%), Margin = 1.216 ms (2.33% of Mean)
Skewness = -0.46, Kurtosis = 1.87, MValue = 2

// ** Remained 3 (7.9 %) benchmark(s) to run. Estimated finish 2026-08-11 9:30 (0h 0m from now) **
// ***** BenchmarkRunner: Finish  *****

// * Export *
  tmp/dotnet-matrix/ZipArchives/6cf630e1fdda4270a6a7ce32a4ac7a8c/results/Matrix.ZipArchives.Benchmarks.ReadZip64Archive-report.csv
  tmp/dotnet-matrix/ZipArchives/6cf630e1fdda4270a6a7ce32a4ac7a8c/results/Matrix.ZipArchives.Benchmarks.ReadZip64Archive-report-github.md
  tmp/dotnet-matrix/ZipArchives/6cf630e1fdda4270a6a7ce32a4ac7a8c/results/Matrix.ZipArchives.Benchmarks.ReadZip64Archive-report.html
  tmp/dotnet-matrix/ZipArchives/6cf630e1fdda4270a6a7ce32a4ac7a8c/results/Matrix.ZipArchives.Benchmarks.ReadZip64Archive-report-full.json

// * Detailed results *
ReadZip64Archive.SharpZipLib: Quick(MaxRelativeError=0.05, Arguments=/p:MatrixMode=Benchmark, IterationTime=250ms, MaxIterationCount=12, MaxWarmupIterationCount=5, MinIterationCount=8, MinWarmupIterationCount=3)
Runtime = .NET 10.0.10 (10.0.10, 10.0.1026.32716), X64 RyuJIT x86-64-v3; GC = Concurrent Workstation
Mean = 29.213 ms, StdErr = 0.246 ms (0.84%), N = 8, StdDev = 0.695 ms
Min = 28.532 ms, Q1 = 28.734 ms, Median = 29.044 ms, Q3 = 29.464 ms, Max = 30.637 ms
IQR = 0.730 ms, LowerFence = 27.639 ms, UpperFence = 30.560 ms
ConfidenceInterval = [27.884 ms; 30.543 ms] (CI 99.9%), Margin = 1.329 ms (4.55% of Mean)
Skewness = 0.87, Kurtosis = 2.43, MValue = 2
-------------------- Histogram --------------------
[28.510 ms ; 29.423 ms) | @@@@@@
[29.423 ms ; 30.112 ms) | @
[30.112 ms ; 31.093 ms) | @
---------------------------------------------------

ReadZip64Archive.SystemIOCompression: Quick(MaxRelativeError=0.05, Arguments=/p:MatrixMode=Benchmark, IterationTime=250ms, MaxIterationCount=12, MaxWarmupIterationCount=5, MinIterationCount=8, MinWarmupIterationCount=3)
Runtime = .NET 10.0.10 (10.0.10, 10.0.1026.32716), X64 RyuJIT x86-64-v3; GC = Concurrent Workstation
Mean = 52.285 ms, StdErr = 0.204 ms (0.39%), N = 7, StdDev = 0.540 ms
Min = 51.324 ms, Q1 = 52.091 ms, Median = 52.354 ms, Q3 = 52.613 ms, Max = 52.910 ms
IQR = 0.522 ms, LowerFence = 51.307 ms, UpperFence = 53.396 ms
ConfidenceInterval = [51.068 ms; 53.501 ms] (CI 99.9%), Margin = 1.216 ms (2.33% of Mean)
Skewness = -0.46, Kurtosis = 1.87, MValue = 2
-------------------- Histogram --------------------
[51.121 ms ; 53.096 ms) | @@@@@@@
---------------------------------------------------

ReadZip64Archive.SharpCompress: Quick(MaxRelativeError=0.05, Arguments=/p:MatrixMode=Benchmark, IterationTime=250ms, MaxIterationCount=12, MaxWarmupIterationCount=5, MinIterationCount=8, MinWarmupIterationCount=3)
Runtime = .NET 10.0.10 (10.0.10, 10.0.1026.32716), X64 RyuJIT x86-64-v3; GC = Concurrent Workstation
Mean = 89.613 ms, StdErr = 2.113 ms (2.36%), N = 12, StdDev = 7.320 ms
Min = 79.148 ms, Q1 = 83.453 ms, Median = 90.232 ms, Q3 = 97.369 ms, Max = 98.207 ms
IQR = 13.916 ms, LowerFence = 62.579 ms, UpperFence = 118.242 ms
ConfidenceInterval = [80.238 ms; 98.988 ms] (CI 99.9%), Margin = 9.375 ms (10.46% of Mean)
Skewness = -0.12, Kurtosis = 1.25, MValue = 3.43
-------------------- Histogram --------------------
[78.176 ms ; 86.569 ms) | @@@@@
[86.569 ms ; 89.925 ms) | 
[89.925 ms ; 98.318 ms) | @@@@@@@
---------------------------------------------------

// * Summary *

BenchmarkDotNet v0.15.8, Linux Ubuntu 24.04.4 LTS (Noble Numbat)
AMD EPYC 7763 2.45GHz, 1 CPU, 4 logical and 2 physical cores
.NET SDK 10.0.302
  [Host] : .NET 10.0.10 (10.0.10, 10.0.1026.32716), X64 RyuJIT x86-64-v3
  Quick  : .NET 10.0.10 (10.0.10, 10.0.1026.32716), X64 RyuJIT x86-64-v3

Job=Quick  MaxRelativeError=0.05  Arguments=/p:MatrixMode=Benchmark  
IterationTime=250ms  MaxIterationCount=12  MaxWarmupIterationCount=5  
MinIterationCount=8  MinWarmupIterationCount=3  

| Method              | Mean     | Error    | StdDev   | Ratio | RatioSD | Gen0      | Gen1      | Gen2     | Allocated | Alloc Ratio |
|-------------------- |---------:|---------:|---------:|------:|--------:|----------:|----------:|---------:|----------:|------------:|
| SharpZipLib         | 29.21 ms | 1.329 ms | 0.695 ms |  0.56 |    0.01 | 1250.0000 | 1000.0000 | 250.0000 |   19.5 MB |        0.50 |
| SystemIOCompression | 52.28 ms | 1.216 ms | 0.540 ms |  1.00 |    0.01 | 2750.0000 | 2500.0000 | 750.0000 |  39.39 MB |        1.00 |
| SharpCompress       | 89.61 ms | 9.375 ms | 7.320 ms |  1.71 |    0.14 | 2000.0000 | 1000.0000 |        - |  38.07 MB |        0.97 |

// * Warnings *
MinIterationTime
  ReadZip64Archive.SharpCompress: Quick -> The minimum observed iteration time is 79.148ms which is very small. It's recommended to increase it to at least 100ms using more operations.

// * Hints *
Outliers
  ReadZip64Archive.SharpZipLib: Quick         -> 1 outlier  was  removed (33.30 ms)
  ReadZip64Archive.SystemIOCompression: Quick -> 1 outlier  was  removed (54.30 ms)

// * Legends *
  Mean        : Arithmetic mean of all measurements
  Error       : Half of 99.9% confidence interval
  StdDev      : Standard deviation of all measurements
  Ratio       : Mean of the ratio distribution ([Current]/[Baseline])
  RatioSD     : Standard deviation of the ratio distribution ([Current]/[Baseline])
  Gen0        : GC Generation 0 collects per 1000 operations
  Gen1        : GC Generation 1 collects per 1000 operations
  Gen2        : GC Generation 2 collects per 1000 operations
  Allocated   : Allocated memory per single operation (managed only, inclusive, 1KB = 1024B)
  Alloc Ratio : Allocated memory ratio distribution ([Current]/[Baseline])
  1 ms        : 1 Millisecond (0.001 sec)

// * Diagnostic Output - MemoryDiagnoser *


// ***** BenchmarkRunner: End *****
Run time: 00:00:08 (8.84 sec), executed benchmarks: 3

// Found 3 benchmarks:
//   SequentialNonSeekableRead.SharpCompress: Quick(MaxRelativeError=0.05, Arguments=/p:MatrixMode=Benchmark, IterationTime=250ms, MaxIterationCount=12, MaxWarmupIterationCount=5, MinIterationCount=8, MinWarmupIterationCount=3)
//   SequentialNonSeekableRead.SharpZipLib: Quick(MaxRelativeError=0.05, Arguments=/p:MatrixMode=Benchmark, IterationTime=250ms, MaxIterationCount=12, MaxWarmupIterationCount=5, MinIterationCount=8, MinWarmupIterationCount=3)
//   SequentialNonSeekableRead.SystemIOCompression: Quick(MaxRelativeError=0.05, Arguments=/p:MatrixMode=Benchmark, IterationTime=250ms, MaxIterationCount=12, MaxWarmupIterationCount=5, MinIterationCount=8, MinWarmupIterationCount=3)

// **************************
// Benchmark: SequentialNonSeekableRead.SharpCompress: Quick(MaxRelativeError=0.05, Arguments=/p:MatrixMode=Benchmark, IterationTime=250ms, MaxIterationCount=12, MaxWarmupIterationCount=5, MinIterationCount=8, MinWarmupIterationCount=3)
// *** Execute ***
// Launch: 1 / 1
// Execute: dotnet Matrix.ZipArchives-Quick-1.dll --anonymousPipes 127 128 --benchmarkName Matrix.ZipArchives.Benchmarks.SequentialNonSeekableRead.SharpCompress --job Quick --benchmarkId 35 in /home/runner/work/dotnet-matrix/dotnet-matrix/src/Matrix.ZipArchives/bin/Benchmark/Release/net10.0/Matrix.ZipArchives-Quick-1/bin/Release/net10.0
// Failed to set up high priority (Permission denied). In order to run benchmarks with high priority, make sure you have the right permissions.
// BeforeAnythingElse

// Benchmark Process Environment Information:
// BenchmarkDotNet v0.15.8
// Runtime=.NET 10.0.10 (10.0.10, 10.0.1026.32716), X64 RyuJIT x86-64-v3
// GC=Concurrent Workstation
// HardwareIntrinsics=AVX2+BMI1+BMI2+F16C+FMA+LZCNT+MOVBE,AVX,SSE3+SSSE3+SSE4.1+SSE4.2+POPCNT,X86Base+SSE+SSE2,AES+PCLMUL VectorSize=256
// Job: Quick(MaxRelativeError=0.05, IterationTime=250ms, MaxIterationCount=12, MaxWarmupIterationCount=5, MinIterationCount=8, MinWarmupIterationCount=3)

OverheadJitting  1: 1 op, 222674.00 ns, 222.6740 us/op
WorkloadJitting  1: 1 op, 65272689.00 ns, 65.2727 ms/op

WorkloadPilot    1: 4 op, 133663374.00 ns, 33.4158 ms/op
WorkloadPilot    2: 7 op, 252293899.00 ns, 36.0420 ms/op

WorkloadWarmup   1: 7 op, 237517680.00 ns, 33.9311 ms/op
WorkloadWarmup   2: 7 op, 230298755.00 ns, 32.8998 ms/op
WorkloadWarmup   3: 7 op, 180831093.00 ns, 25.8330 ms/op
WorkloadWarmup   4: 7 op, 124648254.00 ns, 17.8069 ms/op
WorkloadWarmup   5: 7 op, 127067630.00 ns, 18.1525 ms/op

// BeforeActualRun
WorkloadActual   1: 7 op, 136021065.00 ns, 19.4316 ms/op
WorkloadActual   2: 7 op, 122641947.00 ns, 17.5203 ms/op
WorkloadActual   3: 7 op, 122666283.00 ns, 17.5238 ms/op
WorkloadActual   4: 7 op, 122397452.00 ns, 17.4854 ms/op
WorkloadActual   5: 7 op, 122073659.00 ns, 17.4391 ms/op
WorkloadActual   6: 7 op, 122144611.00 ns, 17.4492 ms/op
WorkloadActual   7: 7 op, 124418786.00 ns, 17.7741 ms/op
WorkloadActual   8: 7 op, 121931214.00 ns, 17.4187 ms/op

// AfterActualRun
WorkloadResult   1: 7 op, 122641947.00 ns, 17.5203 ms/op
WorkloadResult   2: 7 op, 122666283.00 ns, 17.5238 ms/op
WorkloadResult   3: 7 op, 122397452.00 ns, 17.4854 ms/op
WorkloadResult   4: 7 op, 122073659.00 ns, 17.4391 ms/op
WorkloadResult   5: 7 op, 122144611.00 ns, 17.4492 ms/op
WorkloadResult   6: 7 op, 124418786.00 ns, 17.7741 ms/op
WorkloadResult   7: 7 op, 121931214.00 ns, 17.4187 ms/op
// GC:  0 0 0 16722424 7
// Threading:  0 0 7

// AfterAll
// Benchmark Process 3769 has exited with code 0.

Mean = 17.516 ms, StdErr = 0.046 ms (0.26%), N = 7, StdDev = 0.121 ms
Min = 17.419 ms, Q1 = 17.444 ms, Median = 17.485 ms, Q3 = 17.522 ms, Max = 17.774 ms
IQR = 0.078 ms, LowerFence = 17.327 ms, UpperFence = 17.639 ms
ConfidenceInterval = [17.244 ms; 17.788 ms] (CI 99.9%), Margin = 0.272 ms (1.55% of Mean)
Skewness = 1.26, Kurtosis = 3.09, MValue = 2

// ** Remained 2 (5.3 %) benchmark(s) to run. Estimated finish 2026-08-11 9:30 (0h 0m from now) **
// **************************
// Benchmark: SequentialNonSeekableRead.SharpZipLib: Quick(MaxRelativeError=0.05, Arguments=/p:MatrixMode=Benchmark, IterationTime=250ms, MaxIterationCount=12, MaxWarmupIterationCount=5, MinIterationCount=8, MinWarmupIterationCount=3)
// *** Execute ***
// Launch: 1 / 1
// Execute: dotnet Matrix.ZipArchives-Quick-1.dll --anonymousPipes 127 128 --benchmarkName Matrix.ZipArchives.Benchmarks.SequentialNonSeekableRead.SharpZipLib --job Quick --benchmarkId 36 in /home/runner/work/dotnet-matrix/dotnet-matrix/src/Matrix.ZipArchives/bin/Benchmark/Release/net10.0/Matrix.ZipArchives-Quick-1/bin/Release/net10.0
// Failed to set up high priority (Permission denied). In order to run benchmarks with high priority, make sure you have the right permissions.
// BeforeAnythingElse

// Benchmark Process Environment Information:
// BenchmarkDotNet v0.15.8
// Runtime=.NET 10.0.10 (10.0.10, 10.0.1026.32716), X64 RyuJIT x86-64-v3
// GC=Concurrent Workstation
// HardwareIntrinsics=AVX2+BMI1+BMI2+F16C+FMA+LZCNT+MOVBE,AVX,SSE3+SSSE3+SSE4.1+SSE4.2+POPCNT,X86Base+SSE+SSE2,AES+PCLMUL VectorSize=256
// Job: Quick(MaxRelativeError=0.05, IterationTime=250ms, MaxIterationCount=12, MaxWarmupIterationCount=5, MinIterationCount=8, MinWarmupIterationCount=3)

OverheadJitting  1: 1 op, 222104.00 ns, 222.1040 us/op
WorkloadJitting  1: 1 op, 43233061.00 ns, 43.2331 ms/op

WorkloadPilot    1: 4 op, 131614388.00 ns, 32.9036 ms/op
WorkloadPilot    2: 8 op, 212070245.00 ns, 26.5088 ms/op

WorkloadWarmup   1: 8 op, 129517453.00 ns, 16.1897 ms/op
WorkloadWarmup   2: 8 op, 127259296.00 ns, 15.9074 ms/op
WorkloadWarmup   3: 8 op, 127118103.00 ns, 15.8898 ms/op
WorkloadWarmup   4: 8 op, 128322257.00 ns, 16.0403 ms/op
WorkloadWarmup   5: 8 op, 127006426.00 ns, 15.8758 ms/op

// BeforeActualRun
WorkloadActual   1: 8 op, 132697830.00 ns, 16.5872 ms/op
WorkloadActual   2: 8 op, 126877620.00 ns, 15.8597 ms/op
WorkloadActual   3: 8 op, 127333438.00 ns, 15.9167 ms/op
WorkloadActual   4: 8 op, 129820072.00 ns, 16.2275 ms/op
WorkloadActual   5: 8 op, 126726858.00 ns, 15.8409 ms/op
WorkloadActual   6: 8 op, 127946200.00 ns, 15.9933 ms/op
WorkloadActual   7: 8 op, 129413996.00 ns, 16.1767 ms/op
WorkloadActual   8: 8 op, 127243952.00 ns, 15.9055 ms/op

// AfterActualRun
WorkloadResult   1: 8 op, 132697830.00 ns, 16.5872 ms/op
WorkloadResult   2: 8 op, 126877620.00 ns, 15.8597 ms/op
WorkloadResult   3: 8 op, 127333438.00 ns, 15.9167 ms/op
WorkloadResult   4: 8 op, 129820072.00 ns, 16.2275 ms/op
WorkloadResult   5: 8 op, 126726858.00 ns, 15.8409 ms/op
WorkloadResult   6: 8 op, 127946200.00 ns, 15.9933 ms/op
WorkloadResult   7: 8 op, 129413996.00 ns, 16.1767 ms/op
WorkloadResult   8: 8 op, 127243952.00 ns, 15.9055 ms/op
// GC:  0 0 0 3757408 8
// Threading:  0 0 8

// AfterAll
// Benchmark Process 3778 has exited with code 0.

Mean = 16.063 ms, StdErr = 0.090 ms (0.56%), N = 8, StdDev = 0.255 ms
Min = 15.841 ms, Q1 = 15.894 ms, Median = 15.955 ms, Q3 = 16.189 ms, Max = 16.587 ms
IQR = 0.295 ms, LowerFence = 15.451 ms, UpperFence = 16.633 ms
ConfidenceInterval = [15.575 ms; 16.552 ms] (CI 99.9%), Margin = 0.488 ms (3.04% of Mean)
Skewness = 0.92, Kurtosis = 2.39, MValue = 2

// ** Remained 1 (2.6 %) benchmark(s) to run. Estimated finish 2026-08-11 9:30 (0h 0m from now) **
// **************************
// Benchmark: SequentialNonSeekableRead.SystemIOCompression: Quick(MaxRelativeError=0.05, Arguments=/p:MatrixMode=Benchmark, IterationTime=250ms, MaxIterationCount=12, MaxWarmupIterationCount=5, MinIterationCount=8, MinWarmupIterationCount=3)
// *** Execute ***
// Launch: 1 / 1
// Execute: dotnet Matrix.ZipArchives-Quick-1.dll --anonymousPipes 127 128 --benchmarkName Matrix.ZipArchives.Benchmarks.SequentialNonSeekableRead.SystemIOCompression --job Quick --benchmarkId 37 in /home/runner/work/dotnet-matrix/dotnet-matrix/src/Matrix.ZipArchives/bin/Benchmark/Release/net10.0/Matrix.ZipArchives-Quick-1/bin/Release/net10.0
// Failed to set up high priority (Permission denied). In order to run benchmarks with high priority, make sure you have the right permissions.
// BeforeAnythingElse

// Benchmark Process Environment Information:
// BenchmarkDotNet v0.15.8
// Runtime=.NET 10.0.10 (10.0.10, 10.0.1026.32716), X64 RyuJIT x86-64-v3
// GC=Concurrent Workstation
// HardwareIntrinsics=AVX2+BMI1+BMI2+F16C+FMA+LZCNT+MOVBE,AVX,SSE3+SSSE3+SSE4.1+SSE4.2+POPCNT,X86Base+SSE+SSE2,AES+PCLMUL VectorSize=256
// Job: Quick(MaxRelativeError=0.05, IterationTime=250ms, MaxIterationCount=12, MaxWarmupIterationCount=5, MinIterationCount=8, MinWarmupIterationCount=3)

OverheadJitting  1: 1 op, 251369.00 ns, 251.3690 us/op
WorkloadJitting  1: 1 op, 31076063.00 ns, 31.0761 ms/op

WorkloadPilot    1: 4 op, 109532425.00 ns, 27.3831 ms/op
WorkloadPilot    2: 9 op, 260828010.00 ns, 28.9809 ms/op

WorkloadWarmup   1: 9 op, 245239827.00 ns, 27.2489 ms/op
WorkloadWarmup   2: 9 op, 165793413.00 ns, 18.4215 ms/op
WorkloadWarmup   3: 9 op, 163836176.00 ns, 18.2040 ms/op
WorkloadWarmup   4: 9 op, 162196860.00 ns, 18.0219 ms/op
WorkloadWarmup   5: 9 op, 167459227.00 ns, 18.6066 ms/op

// BeforeActualRun
WorkloadActual   1: 9 op, 164635195.00 ns, 18.2928 ms/op
WorkloadActual   2: 9 op, 162222217.00 ns, 18.0247 ms/op
WorkloadActual   3: 9 op, 165444112.00 ns, 18.3827 ms/op
WorkloadActual   4: 9 op, 162428261.00 ns, 18.0476 ms/op
WorkloadActual   5: 9 op, 161466209.00 ns, 17.9407 ms/op
WorkloadActual   6: 9 op, 162281449.00 ns, 18.0313 ms/op
WorkloadActual   7: 9 op, 164238385.00 ns, 18.2487 ms/op
WorkloadActual   8: 9 op, 164264353.00 ns, 18.2516 ms/op

// AfterActualRun
WorkloadResult   1: 9 op, 164635195.00 ns, 18.2928 ms/op
WorkloadResult   2: 9 op, 162222217.00 ns, 18.0247 ms/op
WorkloadResult   3: 9 op, 165444112.00 ns, 18.3827 ms/op
WorkloadResult   4: 9 op, 162428261.00 ns, 18.0476 ms/op
WorkloadResult   5: 9 op, 161466209.00 ns, 17.9407 ms/op
WorkloadResult   6: 9 op, 162281449.00 ns, 18.0313 ms/op
WorkloadResult   7: 9 op, 164238385.00 ns, 18.2487 ms/op
WorkloadResult   8: 9 op, 164264353.00 ns, 18.2516 ms/op
// GC:  5 5 5 158921856 9
// Threading:  0 0 9

// AfterAll
// Benchmark Process 3786 has exited with code 0.

Mean = 18.153 ms, StdErr = 0.056 ms (0.31%), N = 8, StdDev = 0.160 ms
Min = 17.941 ms, Q1 = 18.030 ms, Median = 18.148 ms, Q3 = 18.262 ms, Max = 18.383 ms
IQR = 0.232 ms, LowerFence = 17.681 ms, UpperFence = 18.610 ms
ConfidenceInterval = [17.847 ms; 18.458 ms] (CI 99.9%), Margin = 0.305 ms (1.68% of Mean)
Skewness = 0.07, Kurtosis = 1.15, MValue = 2

// ** Remained 0 (0.0 %) benchmark(s) to run. Estimated finish 2026-08-11 9:30 (0h 0m from now) **
// ***** BenchmarkRunner: Finish  *****

// * Export *
  tmp/dotnet-matrix/ZipArchives/6cf630e1fdda4270a6a7ce32a4ac7a8c/results/Matrix.ZipArchives.Benchmarks.SequentialNonSeekableRead-report.csv
  tmp/dotnet-matrix/ZipArchives/6cf630e1fdda4270a6a7ce32a4ac7a8c/results/Matrix.ZipArchives.Benchmarks.SequentialNonSeekableRead-report-github.md
  tmp/dotnet-matrix/ZipArchives/6cf630e1fdda4270a6a7ce32a4ac7a8c/results/Matrix.ZipArchives.Benchmarks.SequentialNonSeekableRead-report.html
  tmp/dotnet-matrix/ZipArchives/6cf630e1fdda4270a6a7ce32a4ac7a8c/results/Matrix.ZipArchives.Benchmarks.SequentialNonSeekableRead-report-full.json

// * Detailed results *
SequentialNonSeekableRead.SharpZipLib: Quick(MaxRelativeError=0.05, Arguments=/p:MatrixMode=Benchmark, IterationTime=250ms, MaxIterationCount=12, MaxWarmupIterationCount=5, MinIterationCount=8, MinWarmupIterationCount=3)
Runtime = .NET 10.0.10 (10.0.10, 10.0.1026.32716), X64 RyuJIT x86-64-v3; GC = Concurrent Workstation
Mean = 16.063 ms, StdErr = 0.090 ms (0.56%), N = 8, StdDev = 0.255 ms
Min = 15.841 ms, Q1 = 15.894 ms, Median = 15.955 ms, Q3 = 16.189 ms, Max = 16.587 ms
IQR = 0.295 ms, LowerFence = 15.451 ms, UpperFence = 16.633 ms
ConfidenceInterval = [15.575 ms; 16.552 ms] (CI 99.9%), Margin = 0.488 ms (3.04% of Mean)
Skewness = 0.92, Kurtosis = 2.39, MValue = 2
-------------------- Histogram --------------------
[15.749 ms ; 16.370 ms) | @@@@@@@
[16.370 ms ; 16.755 ms) | @
---------------------------------------------------

SequentialNonSeekableRead.SharpCompress: Quick(MaxRelativeError=0.05, Arguments=/p:MatrixMode=Benchmark, IterationTime=250ms, MaxIterationCount=12, MaxWarmupIterationCount=5, MinIterationCount=8, MinWarmupIterationCount=3)
Runtime = .NET 10.0.10 (10.0.10, 10.0.1026.32716), X64 RyuJIT x86-64-v3; GC = Concurrent Workstation
Mean = 17.516 ms, StdErr = 0.046 ms (0.26%), N = 7, StdDev = 0.121 ms
Min = 17.419 ms, Q1 = 17.444 ms, Median = 17.485 ms, Q3 = 17.522 ms, Max = 17.774 ms
IQR = 0.078 ms, LowerFence = 17.327 ms, UpperFence = 17.639 ms
ConfidenceInterval = [17.244 ms; 17.788 ms] (CI 99.9%), Margin = 0.272 ms (1.55% of Mean)
Skewness = 1.26, Kurtosis = 3.09, MValue = 2
-------------------- Histogram --------------------
[17.336 ms ; 17.857 ms) | @@@@@@@
---------------------------------------------------

SequentialNonSeekableRead.SystemIOCompression: Quick(MaxRelativeError=0.05, Arguments=/p:MatrixMode=Benchmark, IterationTime=250ms, MaxIterationCount=12, MaxWarmupIterationCount=5, MinIterationCount=8, MinWarmupIterationCount=3)
Runtime = .NET 10.0.10 (10.0.10, 10.0.1026.32716), X64 RyuJIT x86-64-v3; GC = Concurrent Workstation
Mean = 18.153 ms, StdErr = 0.056 ms (0.31%), N = 8, StdDev = 0.160 ms
Min = 17.941 ms, Q1 = 18.030 ms, Median = 18.148 ms, Q3 = 18.262 ms, Max = 18.383 ms
IQR = 0.232 ms, LowerFence = 17.681 ms, UpperFence = 18.610 ms
ConfidenceInterval = [17.847 ms; 18.458 ms] (CI 99.9%), Margin = 0.305 ms (1.68% of Mean)
Skewness = 0.07, Kurtosis = 1.15, MValue = 2
-------------------- Histogram --------------------
[17.836 ms ; 18.488 ms) | @@@@@@@@
---------------------------------------------------

// * Summary *

BenchmarkDotNet v0.15.8, Linux Ubuntu 24.04.4 LTS (Noble Numbat)
AMD EPYC 7763 2.45GHz, 1 CPU, 4 logical and 2 physical cores
.NET SDK 10.0.302
  [Host] : .NET 10.0.10 (10.0.10, 10.0.1026.32716), X64 RyuJIT x86-64-v3
  Quick  : .NET 10.0.10 (10.0.10, 10.0.1026.32716), X64 RyuJIT x86-64-v3

Job=Quick  MaxRelativeError=0.05  Arguments=/p:MatrixMode=Benchmark  
IterationTime=250ms  MaxIterationCount=12  MaxWarmupIterationCount=5  
MinIterationCount=8  MinWarmupIterationCount=3  

| Method              | Mean     | Error    | StdDev   | Ratio | RatioSD | Gen0     | Gen1     | Gen2     | Allocated   | Alloc Ratio |
|-------------------- |---------:|---------:|---------:|------:|--------:|---------:|---------:|---------:|------------:|------------:|
| SharpZipLib         | 16.06 ms | 0.488 ms | 0.255 ms |  0.88 |    0.02 |        - |        - |        - |   458.67 KB |        0.03 |
| SharpCompress       | 17.52 ms | 0.272 ms | 0.121 ms |  0.96 |    0.01 |        - |        - |        - |  2332.93 KB |        0.14 |
| SystemIOCompression | 18.15 ms | 0.305 ms | 0.160 ms |  1.00 |    0.01 | 555.5556 | 555.5556 | 555.5556 | 17244.13 KB |        1.00 |

// * Hints *
Outliers
  SequentialNonSeekableRead.SharpCompress: Quick -> 1 outlier  was  removed (19.43 ms)

// * Legends *
  Mean        : Arithmetic mean of all measurements
  Error       : Half of 99.9% confidence interval
  StdDev      : Standard deviation of all measurements
  Ratio       : Mean of the ratio distribution ([Current]/[Baseline])
  RatioSD     : Standard deviation of the ratio distribution ([Current]/[Baseline])
  Gen0        : GC Generation 0 collects per 1000 operations
  Gen1        : GC Generation 1 collects per 1000 operations
  Gen2        : GC Generation 2 collects per 1000 operations
  Allocated   : Allocated memory per single operation (managed only, inclusive, 1KB = 1024B)
  Alloc Ratio : Allocated memory ratio distribution ([Current]/[Baseline])
  1 ms        : 1 Millisecond (0.001 sec)

// * Diagnostic Output - MemoryDiagnoser *


// ***** BenchmarkRunner: End *****
Run time: 00:00:08 (8.33 sec), executed benchmarks: 3

Global total time: 00:02:54 (174.43 sec), executed benchmarks: 38
// * Artifacts cleanup *
Artifacts cleanup is finished
